x,y,rho,contact,casualty,pressure
2.62,0.12,0.6876,0.0006,0.00000,0.03252
2.88,0.12,1.0110,0.0008,0.00000,0.05160
3.12,0.12,1.0052,0.0008,0.00000,0.05685
3.38,0.12,1.0192,0.0006,0.00000,0.05613
3.62,0.12,1.1438,0.0011,0.00000,0.05752
3.88,0.12,1.0146,0.0023,0.00000,0.05046
4.12,0.12,0.9609,0.0045,0.00000,0.04942
4.38,0.12,1.0364,0.0071,0.00000,0.05851
4.62,0.12,1.0960,0.0064,0.00000,0.06539
4.88,0.12,1.1007,0.0030,0.00000,0.06738
5.12,0.12,1.0788,0.0008,0.00000,0.06149
5.38,0.12,1.0127,0.0001,0.00000,0.05667
5.62,0.12,1.0535,0.0000,0.00000,0.05840
5.88,0.12,1.1517,0.0001,0.00000,0.05753
6.12,0.12,1.2428,0.0004,0.00000,0.05497
6.38,0.12,1.2428,0.0006,0.00000,0.05739
6.62,0.12,1.1296,0.0005,0.00000,0.05438
6.88,0.12,1.1908,0.0004,0.00000,0.05164
7.12,0.12,0.9916,0.0004,0.00000,0.04393
7.38,0.12,0.5464,0.0003,0.00000,0.02671
2.62,0.38,1.2457,0.0025,0.00000,0.06294
2.88,0.38,1.7675,0.0038,0.00000,0.09324
3.12,0.38,1.6264,0.0035,0.00000,0.09301
3.38,0.38,1.5407,0.0020,0.00000,0.08979
3.62,0.38,1.7475,0.0026,0.00000,0.09755
3.88,0.38,1.6028,0.0052,0.00000,0.08893
4.12,0.38,1.5776,0.0100,0.00000,0.08625
4.38,0.38,1.7095,0.0178,0.00000,0.09873
4.62,0.38,1.7497,0.0198,0.00000,0.10868
4.88,0.38,1.7054,0.0114,0.00000,0.11102
5.12,0.38,1.6671,0.0032,0.00000,0.10473
5.38,0.38,1.5913,0.0004,0.00000,0.10536
5.62,0.38,1.6235,0.0001,0.00000,0.11197
5.88,0.38,1.6593,0.0005,0.00000,0.10534
6.12,0.38,1.7025,0.0017,0.00000,0.09696
6.38,0.38,1.7263,0.0029,0.00000,0.09830
6.62,0.38,1.5983,0.0027,0.00000,0.08830
6.88,0.38,1.8018,0.0028,0.00000,0.08523
7.12,0.38,1.6806,0.0024,0.00000,0.07900
7.38,0.38,1.0205,0.0014,0.00000,0.05102
2.62,0.62,1.5602,0.0056,0.00000,0.08072
2.88,0.62,2.1291,0.0095,0.00000,0.11435
3.12,0.62,1.8177,0.0097,0.00000,0.10462
3.38,0.62,1.7151,0.0055,0.00000,0.09691
3.62,0.62,2.0776,0.0041,0.00000,0.11133
3.88,0.62,1.9274,0.0073,0.00000,0.10790
4.12,0.62,1.8823,0.0154,0.00000,0.10848
4.38,0.62,2.0041,0.0291,0.00000,0.11976
4.62,0.62,2.0034,0.0338,0.00000,0.12360
4.88,0.62,1.9468,0.0206,0.00000,0.12303
5.12,0.62,1.9344,0.0064,0.00000,0.12262
5.38,0.62,1.8533,0.0011,0.00000,0.13104
5.62,0.62,1.8496,0.0004,0.00000,0.13963
5.88,0.62,1.8700,0.0020,0.00000,0.12609
6.12,0.62,1.9543,0.0051,0.00000,0.11365
6.38,0.62,2.0043,0.0070,0.00000,0.11272
6.62,0.62,1.6733,0.0079,0.00000,0.09442
6.88,0.62,1.8444,0.0095,0.00000,0.09296
7.12,0.62,1.9969,0.0074,0.00000,0.09599
7.38,0.62,1.3688,0.0036,0.00000,0.06625
2.62,0.88,1.7397,0.0085,0.00000,0.07750
2.88,0.88,2.2755,0.0184,0.00000,0.10552
3.12,0.88,1.8197,0.0233,0.00000,0.09026
3.38,0.88,1.7504,0.0142,0.00000,0.08370
3.62,0.88,2.2003,0.0066,0.00000,0.10146
3.88,0.88,2.0943,0.0076,0.00000,0.10203
4.12,0.88,2.0696,0.0169,0.00000,0.10507
4.38,0.88,2.0869,0.0307,0.00000,0.11158
4.62,0.88,2.1113,0.0325,0.00000,0.11082
4.88,0.88,2.1126,0.0208,0.00000,0.10977
5.12,0.88,2.0636,0.0081,0.00000,0.10981
5.38,0.88,1.9228,0.0019,0.00000,0.11290
5.62,0.88,1.9785,0.0016,0.00000,0.11832
5.88,0.88,2.1610,0.0067,0.00000,0.10968
6.12,0.88,2.2635,0.0130,0.00000,0.10192
6.38,0.88,2.2629,0.0126,0.00000,0.10064
6.62,0.88,1.6847,0.0121,0.00000,0.07917
6.88,0.88,1.7183,0.0149,0.00000,0.07862
7.12,0.88,2.1407,0.0114,0.00000,0.09045
7.38,0.88,1.6241,0.0053,0.00000,0.06651
2.62,1.12,2.0088,0.0104,0.00000,0.07339
2.88,1.12,2.5909,0.0250,0.00000,0.09737
3.12,1.12,2.0571,0.0345,0.00000,0.08078
3.38,1.12,1.9185,0.0230,0.00000,0.07574
3.62,1.12,2.2428,0.0117,0.00000,0.09092
3.88,1.12,2.2509,0.0106,0.00000,0.09138
4.12,1.12,2.4066,0.0175,0.00000,0.09511
4.38,1.12,2.2931,0.0274,0.00000,0.09753
4.62,1.12,2.2595,0.0258,0.00000,0.09683
4.88,1.12,2.2664,0.0172,0.00000,0.09744
5.12,1.12,2.1781,0.0081,0.00000,0.09430
5.38,1.12,1.9917,0.0024,0.00000,0.08793
5.62,1.12,2.0874,0.0026,0.00000,0.08985
5.88,1.12,2.3934,0.0106,0.00000,0.09094
6.12,1.12,2.4076,0.0195,0.00000,0.08903
6.38,1.12,2.3950,0.0163,0.00000,0.08902
6.62,1.12,1.9135,0.0108,0.00000,0.07001
6.88,1.12,1.9908,0.0113,0.00000,0.06911
7.12,1.12,2.5480,0.0097,0.00000,0.08283
7.38,1.12,1.9879,0.0054,0.00000,0.06274
2.62,1.38,2.0149,0.0079,0.00000,0.06329
2.88,1.38,2.6308,0.0173,0.00000,0.08343
3.12,1.38,2.2344,0.0235,0.00000,0.07043
3.38,1.38,2.1227,0.0184,0.00000,0.06686
3.62,1.38,2.1946,0.0142,0.00000,0.07524
3.88,1.38,2.2139,0.0142,0.00000,0.07606
4.12,1.38,2.5175,0.0174,0.00000,0.08193
4.38,1.38,2.3743,0.0231,0.00000,0.08221
4.62,1.38,2.3072,0.0192,0.00000,0.08081
4.88,1.38,2.3107,0.0109,0.00000,0.08007
5.12,1.38,2.3377,0.0047,0.00000,0.07785
5.38,1.38,2.2152,0.0014,0.00000,0.07297
5.62,1.38,2.1550,0.0017,0.00000,0.07323
5.88,1.38,2.3430,0.0070,0.00000,0.07665
6.12,1.38,2.2181,0.0134,0.00000,0.07453
6.38,1.38,2.2714,0.0127,0.00000,0.07554
6.62,1.38,2.1193,0.0084,0.00000,0.06396
6.88,1.38,2.1971,0.0073,0.00000,0.06327
7.12,1.38,2.6197,0.0074,0.00000,0.07459
7.38,1.38,2.0182,0.0052,0.00000,0.05679
2.62,1.62,2.0172,0.0046,0.00000,0.05103
2.88,1.62,2.6759,0.0078,0.00000,0.06755
3.12,1.62,2.4420,0.0097,0.00000,0.06023
3.38,1.62,2.3732,0.0111,0.00000,0.06016
3.62,1.62,2.1808,0.0130,0.00000,0.06316
3.88,1.62,2.1474,0.0123,0.00000,0.06289
4.12,1.62,2.5215,0.0113,0.00000,0.06861
4.38,1.62,2.4153,0.0132,0.00000,0.06723
4.62,1.62,2.4391,0.0110,0.00000,0.06639
4.88,1.62,2.4704,0.0053,0.00000,0.06539
5.12,1.62,2.5575,0.0018,0.00000,0.06664
5.38,1.62,2.5103,0.0006,0.00000,0.06722
5.62,1.62,2.3958,0.0008,0.00000,0.06451
5.88,1.62,2.5420,0.0027,0.00000,0.06495
6.12,1.62,2.2110,0.0061,0.00000,0.06101
6.38,1.62,2.1613,0.0087,0.00000,0.06300
6.62,1.62,2.2652,0.0082,0.00000,0.05999
6.88,1.62,2.3404,0.0075,0.00000,0.06175
7.12,1.62,2.6034,0.0083,0.00000,0.07149
7.38,1.62,1.9720,0.0063,0.00000,0.05446
2.62,1.88,2.1669,0.0038,0.00000,0.04379
2.88,1.88,2.8887,0.0054,0.00000,0.05838
3.12,1.88,2.6867,0.0066,0.00000,0.05458
3.38,1.88,2.5740,0.0097,0.00000,0.05698
3.62,1.88,2.2422,0.0116,0.00000,0.05779
3.88,1.88,2.2463,0.0092,0.00000,0.05620
4.12,1.88,2.6617,0.0056,0.00000,0.05999
4.38,1.88,2.5428,0.0057,0.00000,0.05759
4.62,1.88,2.5975,0.0064,0.00000,0.05797
4.88,1.88,2.6154,0.0040,0.00000,0.05776
5.12,1.88,2.6398,0.0017,0.00000,0.06095
5.38,1.88,2.5856,0.0008,0.00000,0.06323
5.62,1.88,2.5128,0.0008,0.00000,0.05734
5.88,1.88,2.7220,0.0016,0.00000,0.05480
6.12,1.88,2.3669,0.0029,0.00000,0.04945
6.38,1.88,2.3049,0.0047,0.00000,0.05160
6.62,1.88,2.6021,0.0052,0.00000,0.05430
6.88,1.88,2.6658,0.0061,0.00000,0.05745
7.12,1.88,2.8111,0.0077,0.00000,0.06497
7.38,1.88,2.0989,0.0060,0.00000,0.04925
2.62,2.12,2.1538,0.0043,0.00000,0.03945
2.88,2.12,2.9020,0.0060,0.00000,0.05280
3.12,2.12,2.8087,0.0066,0.00000,0.04993
3.38,2.12,2.7552,0.0079,0.00000,0.05125
3.62,2.12,2.3618,0.0075,0.00000,0.04973
3.88,2.12,2.3233,0.0049,0.00000,0.04732
4.12,2.12,2.6394,0.0024,0.00000,0.04980
4.38,2.12,2.5564,0.0022,0.00000,0.04896
4.62,2.12,2.6159,0.0032,0.00000,0.05081
4.88,2.12,2.5614,0.0028,0.00000,0.05028
5.12,2.12,2.5389,0.0021,0.00000,0.05232
5.38,2.12,2.5383,0.0012,0.00000,0.05380
5.62,2.12,2.4742,0.0010,0.00000,0.04785
5.88,2.12,2.6090,0.0014,0.00000,0.04486
6.12,2.12,2.4168,0.0014,0.00000,0.03899
6.38,2.12,2.5106,0.0014,0.00000,0.03977
6.62,2.12,2.9444,0.0018,0.00000,0.04397
6.88,2.12,2.9304,0.0036,0.00000,0.04612
7.12,2.12,2.9315,0.0056,0.00000,0.05034
7.38,2.12,2.1574,0.0045,0.00000,0.03783
2.62,2.38,2.1259,0.0043,0.00000,0.03904
2.88,2.38,2.8834,0.0059,0.00000,0.05201
3.12,2.38,2.8511,0.0059,0.00000,0.04757
3.38,2.38,2.8326,0.0057,0.00000,0.04504
3.62,2.38,2.4685,0.0038,0.00000,0.04111
3.88,2.38,2.4242,0.0015,0.00000,0.03847
4.12,2.38,2.5816,0.0005,0.00000,0.03964
4.38,2.38,2.5409,0.0005,0.00000,0.04035
4.62,2.38,2.6179,0.0008,0.00000,0.04333
4.88,2.38,2.5565,0.0013,0.00000,0.04229
5.12,2.38,2.5411,0.0016,0.00000,0.04256
5.38,2.38,2.5978,0.0011,0.00000,0.04371
5.62,2.38,2.5628,0.0009,0.00000,0.03998
5.88,2.38,2.5899,0.0012,0.00000,0.03822
6.12,2.38,2.5177,0.0009,0.00000,0.03296
6.38,2.38,2.5898,0.0004,0.00000,0.03205
6.62,2.38,2.9637,0.0008,0.00000,0.03590
6.88,2.38,2.9689,0.0028,0.00000,0.03806
7.12,2.38,2.9753,0.0048,0.00000,0.04117
7.38,2.38,2.1894,0.0039,0.00000,0.03085
2.62,2.62,2.1422,0.0042,0.00000,0.03780
2.88,2.62,2.9183,0.0057,0.00000,0.05003
3.12,2.62,2.9281,0.0053,0.00000,0.04415
3.38,2.62,2.9408,0.0046,0.00000,0.03904
3.62,2.62,2.6229,0.0025,0.00000,0.03475
3.88,2.62,2.6237,0.0006,0.00000,0.03296
4.12,2.62,2.7323,0.0001,0.00000,0.03323
4.38,2.62,2.7352,0.0001,0.00000,0.03381
4.62,2.62,2.7256,0.0002,0.00000,0.03582
4.88,2.62,2.6769,0.0008,0.00000,0.03517
5.12,2.62,2.7352,0.0013,0.00000,0.03502
5.38,2.62,2.7729,0.0009,0.00000,0.03535
5.62,2.62,2.7139,0.0006,0.00000,0.03260
5.88,2.62,2.6865,0.0009,0.00000,0.03156
6.12,2.62,2.7315,0.0010,0.00000,0.02864
6.38,2.62,2.7231,0.0005,0.00000,0.02797
6.62,2.62,2.9658,0.0005,0.00000,0.03147
6.88,2.62,2.9557,0.0017,0.00000,0.03377
7.12,2.62,2.9621,0.0029,0.00000,0.03652
7.38,2.62,2.1795,0.0024,0.00000,0.02736
2.62,2.88,2.2220,0.0039,0.00000,0.03172
2.88,2.88,3.0357,0.0050,0.00000,0.04212
3.12,2.88,3.0819,0.0041,0.00000,0.03776
3.38,2.88,3.1247,0.0028,0.00000,0.03373
3.62,2.88,2.8074,0.0014,0.00000,0.02994
3.88,2.88,2.8126,0.0003,0.00000,0.02870
4.12,2.88,2.9230,0.0000,0.00000,0.02857
4.38,2.88,2.9654,0.0000,0.00000,0.02891
4.62,2.88,2.7965,0.0001,0.00000,0.02977
4.88,2.88,2.6763,0.0006,0.00000,0.02956
5.12,2.88,2.7209,0.0015,0.00000,0.02875
5.38,2.88,2.7528,0.0019,0.00000,0.02811
5.62,2.88,2.7918,0.0012,0.00000,0.02613
5.88,2.88,2.8302,0.0010,0.00000,0.02549
6.12,2.88,3.0158,0.0013,0.00000,0.02517
6.38,2.88,2.9616,0.0008,0.00000,0.02555
6.62,2.88,3.1053,0.0003,0.00000,0.02888
6.88,2.88,3.0594,0.0007,0.00000,0.03150
7.12,2.88,3.0500,0.0011,0.00000,0.03427
7.38,2.88,2.2414,0.0009,0.00000,0.02571
2.62,3.12,2.3880,0.0026,0.00000,0.02437
2.88,3.12,3.2468,0.0033,0.00000,0.03279
3.12,3.12,3.2421,0.0024,0.00000,0.03123
3.38,3.12,3.2485,0.0014,0.00000,0.02980
3.62,3.12,2.9927,0.0007,0.00000,0.02665
3.88,3.12,3.0022,0.0001,0.00000,0.02548
4.12,3.12,2.9096,0.0000,0.00000,0.02457
4.38,3.12,2.8586,0.0000,0.00000,0.02486
4.62,3.12,2.7185,0.0001,0.00000,0.02638
4.88,3.12,2.6684,0.0010,0.00000,0.02737
5.12,3.12,2.6107,0.0043,0.00000,0.02521
5.38,3.12,2.6114,0.0069,0.00000,0.02341
5.62,3.12,2.8103,0.0043,0.00000,0.02251
5.88,3.12,2.9346,0.0017,0.00000,0.02239
6.12,3.12,3.2048,0.0014,0.00000,0.02347
6.38,3.12,3.1546,0.0008,0.00000,0.02423
6.62,3.12,3.2754,0.0004,0.00000,0.02741
6.88,3.12,3.2069,0.0008,0.00000,0.03062
7.12,3.12,3.1814,0.0014,0.00000,0.03380
7.38,3.12,2.3352,0.0012,0.00000,0.02542
2.62,3.38,2.3537,0.0018,0.00000,0.02007
2.88,3.38,3.2126,0.0023,0.00000,0.02723
3.12,3.38,3.2578,0.0018,0.00000,0.02681
3.38,3.38,3.3223,0.0012,0.00000,0.02638
3.62,3.38,3.1025,0.0006,0.00000,0.02362
3.88,3.38,3.0658,0.0001,0.00000,0.02244
4.12,3.38,2.8342,0.0000,0.00000,0.02114
4.38,3.38,2.8021,0.0000,0.00000,0.02158
4.62,3.38,2.7405,0.0001,0.00000,0.02371
4.88,3.38,2.7373,0.0016,0.00000,0.02574
5.12,3.38,2.5925,0.0069,0.00000,0.02302
5.38,3.38,2.6221,0.0114,0.00000,0.02086
5.62,3.38,2.9545,0.0073,0.00000,0.02108
5.88,3.38,2.9963,0.0025,0.00000,0.02123
6.12,3.38,3.1820,0.0014,0.00000,0.02275
6.38,3.38,3.1822,0.0008,0.00000,0.02349
6.62,3.38,3.3586,0.0007,0.00000,0.02618
6.88,3.38,3.2502,0.0019,0.00000,0.02845
7.12,3.38,3.1712,0.0031,0.00000,0.03075
7.38,3.38,2.3174,0.0025,0.00000,0.02303
2.62,3.62,2.3252,0.0015,0.00000,0.01885
2.88,3.62,3.1673,0.0020,0.00000,0.02537
3.12,3.62,3.1889,0.0020,0.00000,0.02431
3.38,3.62,3.2454,0.0019,0.00000,0.02322
3.62,3.62,3.0982,0.0010,0.00000,0.02087
3.88,3.62,3.1083,0.0002,0.00000,0.02006
4.12,3.62,2.8700,0.0000,0.00000,0.01868
4.38,3.62,2.9210,0.0000,0.00000,0.01903
4.62,3.62,2.9171,0.0002,0.00000,0.02009
4.88,3.62,2.9159,0.0014,0.00000,0.02141
5.12,3.62,2.7205,0.0051,0.00000,0.01986
5.38,3.62,2.7717,0.0082,0.00000,0.01946
5.62,3.62,3.1572,0.0059,0.00000,0.02096
5.88,3.62,3.1251,0.0023,0.00000,0.02073
6.12,3.62,3.2271,0.0010,0.00000,0.02179
6.38,3.62,3.1461,0.0007,0.00000,0.02211
6.62,3.62,3.2627,0.0012,0.00000,0.02408
6.88,3.62,3.1869,0.0033,0.00000,0.02549
7.12,3.62,3.1522,0.0053,0.00000,0.02703
7.38,3.62,2.3121,0.0043,0.00000,0.02016
2.62,3.88,2.3069,0.0014,0.00000,0.01735
2.88,3.88,3.1402,0.0020,0.00000,0.02326
3.12,3.88,3.1516,0.0023,0.00000,0.02189
3.38,3.88,3.2141,0.0024,0.00000,0.02068
3.62,3.88,3.1407,0.0014,0.00000,0.01947
3.88,3.88,3.2194,0.0004,0.00000,0.01956
4.12,3.88,2.9906,0.0001,0.00000,0.01765
4.38,3.88,3.0706,0.0001,0.00000,0.01714
4.62,3.88,3.0895,0.0005,0.00000,0.01692
4.88,3.88,3.1085,0.0024,0.00000,0.01750
5.12,3.88,2.9125,0.0049,0.00000,0.01753
5.38,3.88,2.8960,0.0058,0.00000,0.01859
5.62,3.88,3.1731,0.0049,0.00000,0.02055
5.88,3.88,3.1708,0.0024,0.00000,0.01991
6.12,3.88,3.3258,0.0008,0.00000,0.02043
6.38,3.88,3.2025,0.0010,0.00000,0.02035
6.62,3.88,3.2652,0.0023,0.00000,0.02182
6.88,3.88,3.1642,0.0048,0.00000,0.02286
7.12,3.88,3.1176,0.0071,0.00000,0.02405
7.38,3.88,2.2843,0.0056,0.00000,0.01790
2.62,4.12,2.3214,0.0020,0.00000,0.01602
2.88,4.12,3.1747,0.0027,0.00000,0.02152
3.12,4.12,3.2360,0.0024,0.00000,0.02036
3.38,4.12,3.3453,0.0019,0.00000,0.01944
3.62,4.12,3.2470,0.0011,0.00000,0.01890
3.88,4.12,3.3015,0.0004,0.00000,0.01951
4.12,4.12,3.1294,0.0002,0.00000,0.01742
4.38,4.12,3.2612,0.0002,0.00000,0.01641
4.62,4.12,3.2145,0.0010,0.00000,0.01547
4.88,4.12,3.1668,0.0042,0.00000,0.01577
5.12,4.12,2.9966,0.0074,0.00000,0.01643
5.38,4.12,2.9525,0.0066,0.00000,0.01719
5.62,4.12,3.1277,0.0049,0.00000,0.01854
5.88,4.12,3.1638,0.0025,0.00000,0.01816
6.12,4.12,3.3341,0.0009,0.00000,0.01887
6.38,4.12,3.2370,0.0016,0.00000,0.01897
6.62,4.12,3.3459,0.0033,0.00000,0.02045
6.88,4.12,3.2507,0.0056,0.00000,0.02124
7.12,4.12,3.1992,0.0076,0.00000,0.02214
7.38,4.12,2.3413,0.0060,0.00000,0.01644
2.62,4.38,2.4315,0.0054,0.00000,0.01677
2.88,4.38,3.3253,0.0064,0.00000,0.02246
3.12,4.38,3.3809,0.0047,0.00000,0.02088
3.38,4.38,3.4973,0.0026,0.00000,0.01935
3.62,4.38,3.3950,0.0012,0.00000,0.01807
3.88,4.38,3.4170,0.0004,0.00000,0.01814
4.12,4.38,3.2047,0.0002,0.00000,0.01653
4.38,4.38,3.2828,0.0002,0.00000,0.01597
4.62,4.38,3.2471,0.0012,0.00000,0.01511
4.88,4.38,3.2084,0.0048,0.00000,0.01540
5.12,4.38,3.0284,0.0081,0.00000,0.01595
5.38,4.38,2.9393,0.0069,0.00000,0.01587
5.62,4.38,3.0713,0.0046,0.00000,0.01656
5.88,4.38,3.1498,0.0022,0.00000,0.01657
6.12,4.38,3.2955,0.0008,0.00000,0.01758
6.38,4.38,3.2584,0.0016,0.00000,0.01801
6.62,4.38,3.4468,0.0034,0.00000,0.01950
6.88,4.38,3.3694,0.0061,0.00000,0.01963
7.12,4.38,3.3213,0.0086,0.00000,0.01984
7.38,4.38,2.4288,0.0070,0.00000,0.01461
2.62,4.62,2.4755,0.0364,0.00000,0.01734
2.88,4.62,3.3978,0.0282,0.00000,0.02320
3.12,4.62,3.4821,0.0177,0.00000,0.02135
3.38,4.62,3.6339,0.0083,0.00000,0.01931
3.62,4.62,3.5207,0.0030,0.00000,0.01722
3.88,4.62,3.5132,0.0010,0.00000,0.01670
4.12,4.62,3.2899,0.0004,0.00000,0.01558
4.38,4.62,3.2517,0.0003,0.00000,0.01535
4.62,4.62,3.1285,0.0013,0.00000,0.01479
4.88,4.62,3.1111,0.0048,0.00000,0.01529
5.12,4.62,3.0618,0.0082,0.00000,0.01577
5.38,4.62,3.0388,0.0073,0.00000,0.01539
5.62,4.62,3.1214,0.0050,0.00000,0.01581
5.88,4.62,3.1365,0.0024,0.00000,0.01584
6.12,4.62,3.2409,0.0009,0.00000,0.01677
6.38,4.62,3.2974,0.0017,0.00000,0.01742
6.62,4.62,3.5178,0.0042,0.00000,0.01887
6.88,4.62,3.4350,0.0104,0.00000,0.01846
7.12,4.62,3.3928,0.0201,0.00000,0.01804
7.38,4.62,2.4773,0.0255,0.00000,0.01311
2.62,4.88,2.4989,0.3429,0.00000,0.01587
2.88,4.88,3.4333,0.1927,0.00000,0.02139
3.12,4.88,3.4898,0.0843,0.00000,0.01995
3.38,4.88,3.6022,0.0336,0.00000,0.01822
3.62,4.88,3.4999,0.0126,0.00000,0.01626
3.88,4.88,3.5247,0.0052,0.00000,0.01575
4.12,4.88,3.3397,0.0022,0.00000,0.01497
4.38,4.88,3.2665,0.0010,0.00000,0.01479
4.62,4.88,3.1436,0.0012,0.00000,0.01437
4.88,4.88,3.1276,0.0034,0.00000,0.01473
5.12,4.88,3.1074,0.0059,0.00000,0.01496
5.38,4.88,3.1414,0.0059,0.00000,0.01484
5.62,4.88,3.2742,0.0041,0.00000,0.01553
5.88,4.88,3.2959,0.0021,0.00000,0.01565
6.12,4.88,3.3709,0.0011,0.00000,0.01633
6.38,4.88,3.4119,0.0021,0.00000,0.01688
6.62,4.88,3.5570,0.0083,0.00000,0.01822
6.88,4.88,3.4785,0.0380,0.00000,0.01794
7.12,4.88,3.4339,0.1161,0.00000,0.01750
7.38,4.88,2.4863,0.2119,0.00000,0.01263
2.62,5.12,2.3924,1.5424,0.00000,0.01419
2.88,5.12,3.3167,0.7927,0.00000,0.01939
3.12,5.12,3.4046,0.2766,0.00000,0.01859
3.38,5.12,3.5059,0.0936,0.00000,0.01737
3.62,5.12,3.3768,0.0419,0.00000,0.01566
3.88,5.12,3.3925,0.0226,0.00000,0.01505
4.12,5.12,3.3244,0.0128,0.00000,0.01441
4.38,5.12,3.3627,0.0062,0.00000,0.01427
4.62,5.12,3.3281,0.0022,0.00000,0.01403
4.88,5.12,3.2882,0.0022,0.00000,0.01419
5.12,5.12,3.1966,0.0034,0.00000,0.01407
5.38,5.12,3.2194,0.0038,0.00000,0.01412
5.62,5.12,3.3704,0.0034,0.00000,0.01494
5.88,5.12,3.4133,0.0029,0.00000,0.01511
6.12,5.12,3.5007,0.0024,0.00000,0.01573
6.38,5.12,3.5673,0.0043,0.00000,0.01640
6.62,5.12,3.6938,0.0216,0.00000,0.01789
6.88,5.12,3.5731,0.1316,0.00000,0.01803
7.12,5.12,3.4345,0.4803,0.00000,0.01785
7.38,5.12,2.4407,0.9625,0.00000,0.01288
2.62,5.38,2.3627,2.9288,0.00000,0.01444
2.88,5.38,3.2984,1.5165,0.00000,0.02007
3.12,5.38,3.3682,0.5294,0.00000,0.01951
3.38,5.38,3.3955,0.1842,0.00000,0.01784
3.62,5.38,3.2860,0.0931,0.00000,0.01570
3.88,5.38,3.3671,0.0593,0.00000,0.01485
4.12,5.38,3.3833,0.0431,0.00000,0.01423
4.38,5.38,3.4183,0.0235,0.00000,0.01397
4.62,5.38,3.3914,0.0085,0.00000,0.01382
4.88,5.38,3.3974,0.0046,0.00000,0.01407
5.12,5.38,3.3967,0.0032,0.00000,0.01391
5.38,5.38,3.4534,0.0028,0.00000,0.01377
5.62,5.38,3.5173,0.0035,0.00000,0.01422
5.88,5.38,3.5140,0.0043,0.00000,0.01436
6.12,5.38,3.5958,0.0046,0.00000,0.01512
6.38,5.38,3.6544,0.0084,0.00000,0.01596
6.62,5.38,3.7609,0.0389,0.00000,0.01765
6.88,5.38,3.6797,0.2453,0.00000,0.01824
7.12,5.38,3.5586,0.9332,0.00000,0.01839
7.38,5.38,2.5204,1.9108,0.00000,0.01331
2.62,5.62,2.4486,2.9668,0.00000,0.01535
2.88,5.62,3.4275,1.6377,0.00000,0.02180
3.12,5.62,3.5039,0.6729,0.00000,0.02210
3.38,5.62,3.5245,0.2966,0.00000,0.02042
3.62,5.62,3.4650,0.1704,0.00000,0.01718
3.88,5.62,3.5367,0.1071,0.00000,0.01527
4.12,5.62,3.4548,0.0771,0.00000,0.01431
4.38,5.62,3.4263,0.0467,0.00000,0.01415
4.62,5.62,3.4474,0.0245,0.00000,0.01439
4.88,5.62,3.4914,0.0158,0.00000,0.01477
5.12,5.62,3.5272,0.0077,0.00000,0.01417
5.38,5.62,3.6073,0.0034,0.00000,0.01353
5.62,5.62,3.6689,0.0035,0.00000,0.01375
5.88,5.62,3.7033,0.0052,0.00000,0.01408
6.12,5.62,3.7242,0.0078,0.00000,0.01496
6.38,5.62,3.6285,0.0157,0.00000,0.01566
6.62,5.62,3.7083,0.0529,0.00000,0.01730
6.88,5.62,3.7118,0.2755,0.00000,0.01843
7.12,5.62,3.6039,0.9716,0.00000,0.01905
7.38,5.62,2.5368,1.9255,0.00000,0.01385
2.62,5.88,2.5760,2.9258,0.00000,0.01647
2.88,5.88,3.6049,1.6540,0.00000,0.02347
3.12,5.88,3.7263,0.7286,0.00000,0.02484
3.38,5.88,3.7739,0.3899,0.00000,0.02418
3.62,5.88,3.6498,0.2685,0.00000,0.01979
3.88,5.88,3.6265,0.1568,0.00000,0.01622
4.12,5.88,3.5186,0.0924,0.00000,0.01496
4.38,5.88,3.4804,0.0670,0.00000,0.01531
4.62,5.88,3.4961,0.0561,0.00000,0.01591
4.88,5.88,3.5593,0.0409,0.00000,0.01590
5.12,5.88,3.6054,0.0191,0.00000,0.01442
5.38,5.88,3.6590,0.0079,0.00000,0.01323
5.62,5.88,3.7187,0.0065,0.00000,0.01335
5.88,5.88,3.7879,0.0093,0.00000,0.01388
6.12,5.88,3.7998,0.0169,0.00000,0.01501
6.38,5.88,3.6089,0.0323,0.00000,0.01588
6.62,5.88,3.6567,0.0891,0.00000,0.01796
6.88,5.88,3.7465,0.3677,0.00000,0.02108
7.12,5.88,3.6730,1.0828,0.00000,0.02359
7.38,5.88,2.5777,1.9385,0.00000,0.01753
2.62,6.12,2.7244,3.6104,0.00000,0.01959
2.88,6.12,3.8107,1.9938,0.00000,0.02775
3.12,6.12,3.8906,0.8211,0.00000,0.03020
3.38,6.12,3.8413,0.4554,0.00000,0.03088
3.62,6.12,3.6762,0.3520,0.00000,0.02497
3.88,6.12,3.6839,0.2134,0.00000,0.01909
4.12,6.12,3.6292,0.1218,0.00000,0.01675
4.38,6.12,3.5245,0.0933,0.00000,0.01666
4.62,6.12,3.4918,0.0905,0.00000,0.01714
4.88,6.12,3.6217,0.0743,0.00000,0.01689
5.12,6.12,3.6705,0.0406,0.00000,0.01474
5.38,6.12,3.6773,0.0223,0.00000,0.01309
5.62,6.12,3.7146,0.0199,0.00000,0.01318
5.88,6.12,3.7016,0.0219,0.00000,0.01375
6.12,6.12,3.6900,0.0329,0.00000,0.01501
6.38,6.12,3.5996,0.0602,0.00000,0.01621
6.62,6.12,3.7173,0.1672,0.00000,0.01930
6.88,6.12,3.8562,0.6656,0.00000,0.02542
7.12,6.12,3.8082,1.9094,0.00000,0.03051
7.38,6.12,2.6761,3.3805,0.00000,0.02302
2.62,6.38,2.7201,4.0278,0.00000,0.02313
2.88,6.38,3.8205,2.2741,0.00000,0.03272
3.12,6.38,3.9216,0.9491,0.00000,0.03589
3.38,6.38,3.8985,0.5467,0.00000,0.03860
3.62,6.38,3.7494,0.4701,0.00000,0.03417
3.88,6.38,3.7515,0.3280,0.00000,0.02704
4.12,6.38,3.7296,0.1984,0.00000,0.02077
4.38,6.38,3.6304,0.1277,0.00000,0.01745
4.62,6.38,3.5656,0.1091,0.00000,0.01770
4.88,6.38,3.6369,0.1054,0.00000,0.01836
5.12,6.38,3.6429,0.0735,0.00000,0.01581
5.38,6.38,3.6347,0.0568,0.00000,0.01355
5.62,6.38,3.6198,0.0597,0.00000,0.01358
5.88,6.38,3.5177,0.0515,0.00000,0.01409
6.12,6.38,3.5452,0.0536,0.00000,0.01517
6.38,6.38,3.5768,0.0969,0.00000,0.01647
6.62,6.38,3.7384,0.2631,0.00000,0.02026
6.88,6.38,3.8671,0.9783,0.00000,0.02719
7.12,6.38,3.8380,2.8671,0.00000,0.03241
7.38,6.38,2.7133,5.2327,0.00000,0.02430
2.62,6.62,2.7273,3.8490,0.00000,0.02320
2.88,6.62,3.7946,2.2713,0.00000,0.03210
3.12,6.62,3.8783,0.9808,0.00000,0.03286
3.38,6.62,3.8936,0.5692,0.00000,0.03534
3.62,6.62,3.8141,0.5618,0.00000,0.03668
3.88,6.62,3.8367,0.4740,0.00000,0.03359
4.12,6.62,3.7654,0.3378,0.00000,0.02545
4.38,6.62,3.6728,0.2275,0.00000,0.01881
4.62,6.62,3.6446,0.1651,0.00000,0.01815
4.88,6.62,3.6936,0.1503,0.00000,0.01954
5.12,6.62,3.6441,0.1223,0.00000,0.01704
5.38,6.62,3.5620,0.1238,0.00000,0.01471
5.62,6.62,3.5477,0.1359,0.00000,0.01486
5.88,6.62,3.4411,0.1050,0.00000,0.01505
6.12,6.62,3.4996,0.0888,0.00000,0.01583
6.38,6.62,3.5371,0.1526,0.00000,0.01755
6.62,6.62,3.7051,0.3573,0.00000,0.02170
6.88,6.62,3.8418,1.1609,0.00000,0.02667
7.12,6.62,3.7838,3.4439,0.00000,0.02953
7.38,6.62,2.6611,6.4435,0.00000,0.02169
2.62,6.88,2.7870,4.4378,0.00000,0.02187
2.88,6.88,3.7949,2.7167,0.00000,0.02951
3.12,6.88,3.8791,1.2188,0.00000,0.02760
3.38,6.88,3.9181,0.5892,0.00000,0.02695
3.62,6.88,3.8451,0.5234,0.00000,0.02855
3.88,6.88,3.8580,0.5466,0.00000,0.02891
4.12,6.88,3.7456,0.4746,0.00000,0.02471
4.38,6.88,3.6382,0.3504,0.00000,0.01936
4.62,6.88,3.5853,0.2569,0.00000,0.01845
4.88,6.88,3.6929,0.2288,0.00000,0.01998
5.12,6.88,3.7335,0.2215,0.00000,0.01819
5.38,6.88,3.6481,0.2835,0.00000,0.01711
5.62,6.88,3.6491,0.3235,0.00000,0.01809
5.88,6.88,3.5015,0.2473,0.00000,0.01755
6.12,6.88,3.5525,0.1835,0.00000,0.01748
6.38,6.88,3.6194,0.2717,0.00000,0.02015
6.62,6.88,3.7986,0.5328,0.00000,0.02496
6.88,6.88,3.8924,1.4200,0.00000,0.02727
7.12,6.88,3.7578,4.0593,0.00000,0.02763
7.38,6.88,2.6231,7.6284,0.00000,0.02005
2.62,7.12,2.8534,6.0157,0.00000,0.02167
2.88,7.12,3.8221,4.0040,0.00000,0.02911
3.12,7.12,3.8736,2.1924,0.00000,0.02668
3.38,7.12,3.8639,1.0271,0.00000,0.02387
3.62,7.12,3.7817,0.5851,0.00000,0.02232
3.88,7.12,3.7967,0.5712,0.00000,0.02207
4.12,7.12,3.6861,0.4860,0.00000,0.02027
4.38,7.12,3.6743,0.3561,0.00000,0.01806
4.62,7.12,3.6549,0.3073,0.00000,0.01907
4.88,7.12,3.7269,0.3289,0.00000,0.02160
5.12,7.12,3.8189,0.3889,0.00000,0.02107
5.38,7.12,3.7726,0.5838,0.00000,0.02208
5.62,7.12,3.7788,0.7580,0.00000,0.02538
5.88,7.12,3.6459,0.6498,0.00000,0.02445
6.12,7.12,3.7124,0.4435,0.00000,0.02198
6.38,7.12,3.7328,0.5229,0.00000,0.02466
6.62,7.12,3.8373,0.9520,0.00000,0.03048
6.88,7.12,3.8923,2.0738,0.00000,0.03029
7.12,7.12,3.8074,5.1407,0.00000,0.02800
7.38,7.12,2.6992,9.2846,0.00000,0.01997
2.62,7.38,2.6954,6.7593,0.00000,0.02306
2.88,7.38,3.6990,5.1049,0.00000,0.03134
3.12,7.38,3.7828,3.2944,0.00000,0.02964
3.38,7.38,3.7278,1.6526,0.00000,0.02653
3.62,7.38,3.5808,0.7853,0.00000,0.02255
3.88,7.38,3.6284,0.5824,0.00000,0.02026
4.12,7.38,3.6515,0.4571,0.00000,0.01815
4.38,7.38,3.8330,0.3658,0.00000,0.01761
4.62,7.38,3.8961,0.3848,0.00000,0.02085
4.88,7.38,3.9081,0.5073,0.00000,0.02597
5.12,7.38,3.9047,0.6792,0.00000,0.02796
5.38,7.38,3.7891,0.9828,0.00000,0.03025
5.62,7.38,3.8450,1.2922,0.00000,0.03530
5.88,7.38,3.8493,1.1863,0.00000,0.03374
6.12,7.38,3.9117,0.8363,0.00000,0.02826
6.38,7.38,3.7824,0.8801,0.00000,0.03028
6.62,7.38,3.8445,1.5932,0.00000,0.03732
6.88,7.38,3.8710,3.1246,0.00000,0.03409
7.12,7.38,3.8180,6.4542,0.00000,0.02765
7.38,7.38,2.7351,10.7060,0.00000,0.01854
2.62,7.62,2.5742,6.4192,0.00000,0.02458
2.88,7.62,3.5856,5.2715,0.00000,0.03382
3.12,7.62,3.6450,3.4770,0.00000,0.03362
3.38,7.62,3.5974,1.8949,0.00000,0.03198
3.62,7.62,3.5030,1.1024,0.00000,0.02617
3.88,7.62,3.6368,0.7784,0.00000,0.02145
4.12,7.62,3.7135,0.5925,0.00000,0.01859
4.38,7.62,3.9302,0.5460,0.00000,0.01900
4.62,7.62,4.0050,0.6256,0.00000,0.02378
4.88,7.62,4.0421,0.8483,0.00000,0.03146
5.12,7.62,4.0257,1.1539,0.00000,0.03746
5.38,7.62,3.8648,1.5285,0.00000,0.04230
5.62,7.62,3.8923,1.7603,0.00000,0.04677
5.88,7.62,3.8935,1.5102,0.00000,0.04072
6.12,7.62,3.9628,1.1397,0.00000,0.03299
6.38,7.62,3.7962,1.2759,0.00000,0.03579
6.62,7.62,3.8405,2.3457,0.00000,0.04430
6.88,7.62,3.8128,4.2636,0.00000,0.03886
7.12,7.62,3.7710,7.3017,0.00000,0.02856
7.38,7.62,2.7226,10.6787,0.00000,0.01789
2.62,7.88,2.5809,7.0589,0.00000,0.02544
2.88,7.88,3.5895,5.8014,0.00000,0.03593
3.12,7.88,3.6473,3.8539,0.00000,0.03979
3.38,7.88,3.6606,2.4413,0.00000,0.04209
3.62,7.88,3.6514,1.7163,0.00000,0.03397
3.88,7.88,3.8123,1.2341,0.00000,0.02563
4.12,7.88,3.7955,0.9730,0.00000,0.02129
4.38,7.88,3.9619,0.9848,0.00000,0.02230
4.62,7.88,4.0258,1.0839,0.00000,0.02817
4.88,7.88,4.0106,1.3349,0.00000,0.03748
5.12,7.88,4.0070,1.7513,0.00000,0.04827
5.38,7.88,3.9530,2.3009,0.00000,0.06003
5.62,7.88,3.9701,2.4351,0.00000,0.06544
5.88,7.88,3.8490,1.8732,0.00000,0.05091
6.12,7.88,3.8941,1.4694,0.00000,0.03884
6.38,7.88,3.8134,1.8086,0.00000,0.04386
6.62,7.88,3.8752,3.3253,0.00000,0.05578
6.88,7.88,3.7450,5.5110,0.00000,0.04847
7.12,7.88,3.6438,7.6431,0.00000,0.03295
7.38,7.88,2.6296,9.4068,0.00000,0.01917
2.62,8.12,2.6592,9.0614,0.00000,0.02508
2.88,8.12,3.7355,7.3574,0.00000,0.03731
3.12,8.12,3.8521,5.2427,0.00000,0.04829
3.38,8.12,3.8693,3.7953,0.00000,0.05658
3.62,8.12,3.7760,2.8429,0.00000,0.04566
3.88,8.12,3.8198,2.0415,0.00000,0.03272
4.12,8.12,3.8191,1.6176,0.00000,0.02623
4.38,8.12,4.0447,1.6566,0.00000,0.02759
4.62,8.12,4.0313,1.6950,0.00000,0.03401
4.88,8.12,3.9028,1.9429,0.00000,0.04491
5.12,8.12,3.8998,2.5014,0.00000,0.06169
5.38,8.12,3.9196,3.2673,0.00000,0.08112
5.62,8.12,3.9559,3.3585,0.00000,0.08680
5.88,8.12,3.8205,2.5602,0.00000,0.06493
6.12,8.12,3.8624,2.1426,0.00000,0.05024
6.38,8.12,3.8067,2.6532,0.00000,0.06054
6.62,8.12,3.8612,4.5502,0.00000,0.07738
6.88,8.12,3.7529,6.9725,0.00000,0.06405
7.12,8.12,3.6666,8.2243,0.00000,0.04017
7.38,8.12,2.6437,8.4403,0.00000,0.02223
2.62,8.38,2.8155,11.3306,0.00000,0.02486
2.88,8.38,4.0050,9.2113,0.00000,0.04045
3.12,8.38,4.0996,7.0547,0.00000,0.06111
3.38,8.38,3.9763,5.7613,0.00000,0.07635
3.62,8.38,3.8312,4.6587,0.00000,0.06184
3.88,8.38,3.8183,3.3126,0.00000,0.04285
4.12,8.38,3.8165,2.4940,0.00000,0.03290
4.38,8.38,4.0482,2.4831,0.00000,0.03431
4.62,8.38,3.9868,2.3968,0.00000,0.04187
4.88,8.38,3.7895,2.5694,0.00000,0.05319
5.12,8.38,3.7295,3.2802,0.00000,0.07270
5.38,8.38,3.7409,4.2465,0.00000,0.09642
5.62,8.38,3.8298,4.3974,0.00000,0.10239
5.88,8.38,3.7293,3.6568,0.00000,0.07962
6.12,8.38,3.7633,3.4290,0.00000,0.06875
6.38,8.38,3.7602,4.1017,0.00000,0.08966
6.62,8.38,3.8695,5.8418,0.00000,0.11151
6.88,8.38,3.8176,8.1421,0.00000,0.08373
7.12,8.38,3.7357,9.4885,0.00000,0.04714
7.38,8.38,2.6836,9.5446,0.00000,0.02533
2.62,8.62,2.8866,12.6709,0.00000,0.02539
2.88,8.62,4.1449,10.6421,0.00000,0.04711
3.12,8.62,4.2388,8.5806,0.00000,0.08254
3.38,8.62,4.0398,7.6154,0.00000,0.10835
3.62,8.62,3.8777,6.4215,0.00000,0.08636
3.88,8.62,3.8659,4.5238,0.00000,0.05688
4.12,8.62,3.8555,3.4528,0.00000,0.04168
4.38,8.62,3.9800,3.4580,0.00000,0.04228
4.62,8.62,3.9305,3.2594,0.00000,0.05257
4.88,8.62,3.8441,3.2410,0.00000,0.06811
5.12,8.62,3.7534,4.0262,0.00000,0.09000
5.38,8.62,3.6075,5.1427,0.00000,0.11028
5.62,8.62,3.6383,5.6274,0.00000,0.11525
5.88,8.62,3.6104,5.4067,0.00000,0.09808
6.12,8.62,3.7270,5.6199,0.00000,0.09523
6.38,8.62,3.8507,6.3827,0.00000,0.12525
6.62,8.62,4.0186,7.5349,0.00000,0.15076
6.88,8.62,3.9277,9.5418,0.00000,0.11101
7.12,8.62,3.7891,11.7591,0.00000,0.06151
7.38,8.62,2.7148,12.9410,0.00000,0.03280
2.62,8.88,2.9409,13.5142,0.00000,0.02554
2.88,8.88,4.1794,11.9282,0.00000,0.05464
3.12,8.88,4.2642,9.8091,0.00000,0.11025
3.38,8.88,4.0808,8.7286,0.00000,0.15092
3.62,8.88,3.9529,7.2793,0.00000,0.11702
3.88,8.88,3.9711,5.2022,0.00000,0.07331
4.12,8.88,3.9268,4.2951,0.00000,0.05361
4.38,8.88,3.8751,4.4794,0.00000,0.05604
4.62,8.88,3.8645,4.5061,0.00000,0.07131
4.88,8.88,3.9607,4.4739,0.00000,0.09113
5.12,8.88,3.9125,5.2479,0.00000,0.11692
5.38,8.88,3.6822,6.2960,0.00000,0.13405
5.62,8.88,3.6576,7.1072,0.00000,0.13419
5.88,8.88,3.6601,7.6848,0.00000,0.11971
6.12,8.88,3.8103,8.1710,0.00000,0.12312
6.38,8.88,3.9295,8.6260,0.00000,0.16019
6.62,8.88,4.0702,9.4605,0.00000,0.19031
6.88,8.88,4.0003,11.7752,0.00000,0.14410
7.12,8.88,3.8743,15.1668,0.00000,0.08212
7.38,8.88,2.7991,18.0120,0.00000,0.04364
2.62,9.12,3.0235,13.6705,0.00000,0.02774
2.88,9.12,4.1226,12.9424,0.00000,0.06644
3.12,9.12,4.2239,11.2087,0.00000,0.14754
3.38,9.12,4.1283,9.9078,0.00000,0.20622
3.62,9.12,4.0260,8.0668,0.00000,0.15530
3.88,9.12,4.0183,5.8630,0.00000,0.09098
4.12,9.12,3.9654,5.0641,0.00000,0.06568
4.38,9.12,3.8594,5.4695,0.00000,0.07286
4.62,9.12,3.7984,5.9192,0.00000,0.09385
4.88,9.12,3.8268,6.1854,0.00000,0.11139
5.12,9.12,3.8623,7.2389,0.00000,0.14018
5.38,9.12,3.7692,8.3919,0.00000,0.16744
5.62,9.12,3.7876,9.1113,0.00000,0.16721
5.88,9.12,3.7283,9.8180,0.00000,0.14693
6.12,9.12,3.8024,10.1643,0.00000,0.15263
6.38,9.12,3.9266,10.1855,0.00000,0.19806
6.62,9.12,4.0763,11.0006,0.00000,0.22988
6.88,9.12,4.0549,13.9567,0.00000,0.17197
7.12,9.12,3.9129,18.3296,0.00000,0.09423
7.38,9.12,2.8305,22.3907,0.00000,0.04822
2.62,9.38,3.1515,12.9925,0.00000,0.03326
2.88,9.38,4.1170,13.6212,0.00000,0.08600
3.12,9.38,4.2095,12.8505,0.00000,0.19110
3.38,9.38,4.1495,11.5000,0.00000,0.25725
3.62,9.38,4.0693,9.2892,0.00000,0.18849
3.88,9.38,3.9788,6.9625,0.00000,0.10630
4.12,9.38,3.8987,6.1506,0.00000,0.07629
4.38,9.38,3.8589,6.6711,0.00000,0.08977
4.62,9.38,3.8365,7.3175,0.00000,0.11727
4.88,9.38,3.7658,7.9101,0.00000,0.13287
5.12,9.38,3.8086,9.5679,0.00000,0.16357
5.38,9.38,3.7385,11.3368,0.00000,0.20018
5.62,9.38,3.6962,11.4133,0.00000,0.20451
5.88,9.38,3.6147,11.0817,0.00000,0.17832
6.12,9.38,3.7188,11.5646,0.00000,0.18380
6.38,9.38,3.9155,12.1392,0.00000,0.23465
6.62,9.38,4.0495,13.0583,0.00000,0.26495
6.88,9.38,4.1260,15.9991,0.00000,0.19646
7.12,9.38,4.0122,20.8917,0.00000,0.10282
7.38,9.38,2.8971,25.7899,0.00000,0.04934
2.62,9.62,3.1989,14.9239,0.00000,0.04579
2.88,9.62,4.2197,15.9802,0.00000,0.12533
3.12,9.62,4.3140,15.5756,0.00000,0.24544
3.38,9.62,4.1417,13.8512,0.00000,0.28137
3.62,9.62,4.0332,11.3342,0.00000,0.19646
3.88,9.62,3.8887,9.1030,0.00000,0.11856
4.12,9.62,3.8442,8.3093,0.00000,0.09021
4.38,9.62,3.9049,8.7131,0.00000,0.10875
4.62,9.62,3.9518,9.3015,0.00000,0.14316
4.88,9.62,3.8123,9.9399,0.00000,0.15823
5.12,9.62,3.7899,11.4440,0.00000,0.18452
5.38,9.62,3.7447,13.5104,0.00000,0.21904
5.62,9.62,3.7120,13.6761,0.00000,0.23191
5.88,9.62,3.6769,12.9624,0.00000,0.20602
6.12,9.62,3.7424,13.5874,0.00000,0.20604
6.38,9.62,3.8972,14.6872,0.00000,0.25981
6.62,9.62,4.0050,15.4750,0.00000,0.29099
6.88,9.62,4.1877,17.8593,0.00000,0.21589
7.12,9.62,4.1004,23.0485,0.00000,0.10954
7.38,9.62,2.9714,28.3171,0.00000,0.04848
2.62,9.88,3.2327,19.3432,0.00000,0.05796
2.88,9.88,4.3231,19.7357,0.00000,0.16215
3.12,9.88,4.3700,18.8741,0.00000,0.28663
3.38,9.88,4.0220,16.6356,0.00000,0.28182
3.62,9.88,3.9305,13.9225,0.00000,0.18868
3.88,9.88,3.8421,11.8675,0.00000,0.12751
4.12,9.88,3.8256,11.3557,0.00000,0.10256
4.38,9.88,3.8732,11.7319,0.00000,0.11996
4.62,9.88,3.9460,11.8506,0.00000,0.15701
4.88,9.88,3.8560,11.7620,0.00000,0.17201
5.12,9.88,3.8287,12.0397,0.00000,0.19236
5.38,9.88,3.8061,13.7735,0.00000,0.22434
5.62,9.88,3.7876,15.2247,0.00000,0.24862
5.88,9.88,3.8357,15.3925,0.00000,0.23151
6.12,9.88,3.8668,15.6912,0.00000,0.22707
6.38,9.88,3.9868,16.6938,0.00000,0.28301
6.62,9.88,4.0524,17.7251,0.00000,0.31624
6.88,9.88,4.1434,19.9167,0.00000,0.23319
7.12,9.88,4.0550,23.9845,0.00000,0.11460
7.38,9.88,3.0048,27.2092,0.00000,0.04667
2.62,10.12,3.1127,22.9302,0.00000,0.05577
2.88,10.12,4.1796,22.8599,0.00000,0.15480
3.12,10.12,4.2750,21.9944,0.00000,0.27898
3.38,10.12,3.8956,19.9255,0.00000,0.28610
3.62,10.12,3.7891,16.9998,0.00000,0.20024
3.88,10.12,3.7347,14.5155,0.00000,0.13912
4.12,10.12,3.7682,14.2397,0.00000,0.11240
4.38,10.12,3.8886,14.8849,0.00000,0.12676
4.62,10.12,3.9951,14.4693,0.00000,0.16315
4.88,10.12,3.9441,13.3862,0.00000,0.17819
5.12,10.12,3.8972,12.8263,0.00000,0.19420
5.38,10.12,3.8588,14.5964,0.00000,0.22697
5.62,10.12,3.8129,17.1900,0.00000,0.26131
5.88,10.12,3.8609,17.7675,0.00000,0.25112
6.12,10.12,3.9033,17.3118,0.00000,0.23888
6.38,10.12,4.0780,18.0585,0.00000,0.28898
6.62,10.12,4.1319,19.2432,0.00000,0.32637
6.88,10.12,4.0434,21.3943,0.00000,0.24621
7.12,10.12,3.9164,24.9647,0.00000,0.12122
7.38,10.12,2.9769,26.9393,0.00000,0.04697
2.62,10.38,3.1159,26.5823,0.00000,0.04610
2.88,10.38,4.0805,25.8136,0.00000,0.12609
3.12,10.38,4.1616,24.7534,0.00000,0.25928
3.38,10.38,3.8327,23.1335,0.00000,0.31907
3.62,10.38,3.7157,20.0402,0.00000,0.23952
3.88,10.38,3.6802,16.8860,0.00000,0.15816
4.12,10.38,3.7489,16.3192,0.00000,0.12454
4.38,10.38,3.9518,16.9308,0.00000,0.13383
4.62,10.38,4.0527,16.4758,0.00000,0.16331
4.88,10.38,3.9524,15.3320,0.00000,0.17082
5.12,10.38,3.8966,14.8787,0.00000,0.18145
5.38,10.38,3.8745,16.8956,0.00000,0.21617
5.62,10.38,3.8219,20.2881,0.00000,0.25249
5.88,10.38,3.8561,20.9523,0.00000,0.25022
6.12,10.38,3.9052,19.5356,0.00000,0.24245
6.38,10.38,4.0538,19.8019,0.00000,0.28795
6.62,10.38,4.0976,20.9753,0.00000,0.32954
6.88,10.38,4.0697,23.2633,0.00000,0.26191
7.12,10.38,3.9992,27.3370,0.00000,0.13341
7.38,10.38,3.0735,29.3185,0.00000,0.05055
2.62,10.62,3.2209,30.8810,0.00000,0.04150
2.88,10.62,4.0951,29.7776,0.00000,0.11144
3.12,10.62,4.1125,28.3337,0.00000,0.24778
3.38,10.62,3.8056,26.3099,0.00000,0.33367
3.62,10.62,3.6373,22.8148,0.00000,0.26009
3.88,10.62,3.5913,19.4544,0.00000,0.17429
4.12,10.62,3.7018,18.5230,0.00000,0.13862
4.38,10.62,3.9936,18.6981,0.00000,0.14130
4.62,10.62,4.1117,18.1137,0.00000,0.16201
4.88,10.62,3.9471,17.5096,0.00000,0.16415
5.12,10.62,3.8572,17.9637,0.00000,0.17095
5.38,10.62,3.8226,20.0151,0.00000,0.20371
5.62,10.62,3.7804,23.3219,0.00000,0.23990
5.88,10.62,3.8143,23.5339,0.00000,0.24817
6.12,10.62,3.8221,20.9992,0.00000,0.24366
6.38,10.62,3.9542,20.6209,0.00000,0.27650
6.62,10.62,4.0538,22.6351,0.00000,0.32277
6.88,10.62,4.0822,25.9405,0.00000,0.27457
7.12,10.62,3.9936,29.7775,0.00000,0.14503
7.38,10.62,3.1043,30.8342,0.00000,0.05483
2.62,10.88,3.2576,34.0854,0.00000,0.04118
2.88,10.88,3.9843,33.4336,0.00000,0.10899
3.12,10.88,4.0129,31.7594,0.00000,0.23086
3.38,10.88,3.7707,29.1819,0.00000,0.30184
3.62,10.88,3.6221,25.7632,0.00000,0.24732
3.88,10.88,3.6495,22.4595,0.00000,0.18658
4.12,10.88,3.7858,21.1857,0.00000,0.15445
4.38,10.88,4.0397,21.1581,0.00000,0.15086
4.62,10.88,4.1255,20.3720,0.00000,0.16556
4.88,10.88,3.9668,19.5808,0.00000,0.17017
5.12,10.88,3.8826,20.2111,0.00000,0.17654
5.38,10.88,3.7978,21.6727,0.00000,0.20009
5.62,10.88,3.7230,24.2367,0.00000,0.23553
5.88,10.88,3.7722,24.8690,0.00000,0.25626
6.12,10.88,3.7956,22.6815,0.00000,0.25103
6.38,10.88,3.8852,21.7560,0.00000,0.26228
6.62,10.88,3.9470,24.4062,0.00000,0.30366
6.88,10.88,4.0331,29.0154,0.00000,0.27430
7.12,10.88,3.9923,32.5468,0.00000,0.15106
7.38,10.88,3.1524,32.6507,0.00000,0.05823
2.62,11.12,3.4048,34.7808,0.00000,0.04121
2.88,11.12,3.8860,34.6636,0.00000,0.10811
3.12,11.12,3.9139,33.1733,0.00000,0.21740
3.38,11.12,3.7515,31.4849,0.00000,0.27393
3.62,11.12,3.6715,29.3272,0.00000,0.23835
3.88,11.12,3.7389,26.0311,0.00000,0.19943
4.12,11.12,3.8164,24.0871,0.00000,0.16821
4.38,11.12,3.9504,23.6548,0.00000,0.15658
4.62,11.12,4.0651,22.6681,0.00000,0.16695
4.88,11.12,4.0170,21.0862,0.00000,0.18098
5.12,11.12,3.9199,20.9832,0.00000,0.19249
5.38,11.12,3.7820,22.2073,0.00000,0.21302
5.62,11.12,3.7090,24.9324,0.00000,0.25140
5.88,11.12,3.7789,27.1202,0.00000,0.27030
6.12,11.12,3.7857,26.0723,0.00000,0.25659
6.38,11.12,3.8180,24.6659,0.00000,0.25243
6.62,11.12,3.8798,27.0811,0.00000,0.28942
6.88,11.12,4.0502,32.3349,0.00000,0.27516
7.12,11.12,3.9955,36.1012,0.00000,0.15759
7.38,11.12,3.1377,35.8803,0.00000,0.06050
2.62,11.38,3.5398,36.2372,0.00000,0.04163
2.88,11.38,3.9559,35.9778,0.00000,0.10479
3.12,11.38,3.9403,34.0063,0.00000,0.19678
3.38,11.38,3.6560,32.7847,0.00000,0.23887
3.62,11.38,3.6132,31.8396,0.00000,0.22594
3.88,11.38,3.7237,28.7899,0.00000,0.20886
4.12,11.38,3.7616,26.3397,0.00000,0.17831
4.38,11.38,3.7999,25.1132,0.00000,0.15916
4.62,11.38,3.9563,24.0619,0.00000,0.16650
4.88,11.38,4.0147,22.4780,0.00000,0.18543
5.12,11.38,3.9441,22.1542,0.00000,0.20278
5.38,11.38,3.8348,23.8795,0.00000,0.23235
5.62,11.38,3.7189,27.2123,0.00000,0.27171
5.88,11.38,3.7590,29.9306,0.00000,0.27378
6.12,11.38,3.7719,28.7752,0.00000,0.25170
6.38,11.38,3.8204,27.9081,0.00000,0.24168
6.62,11.38,3.9057,30.7835,0.00000,0.26723
6.88,11.38,4.1312,35.4268,0.00000,0.25429
7.12,11.38,4.0649,38.6472,0.00000,0.14871
7.38,11.38,3.2500,38.3755,0.00000,0.05818
2.62,11.62,3.6035,40.4878,0.00000,0.04132
2.88,11.62,4.0705,39.4339,0.00000,0.10112
3.12,11.62,4.0595,36.5497,0.00000,0.18029
3.38,11.62,3.6651,35.2693,0.00000,0.21143
3.62,11.62,3.6166,35.0966,0.00000,0.21329
3.88,11.62,3.7060,32.2307,0.00000,0.21278
4.12,11.62,3.7297,29.2152,0.00000,0.18668
4.38,11.62,3.8214,27.3071,0.00000,0.16531
4.62,11.62,4.0024,26.5038,0.00000,0.16770
4.88,11.62,3.9973,25.1838,0.00000,0.18083
5.12,11.62,3.9209,25.0150,0.00000,0.20110
5.38,11.62,3.8917,27.2596,0.00000,0.24067
5.62,11.62,3.7709,30.4518,0.00000,0.27508
5.88,11.62,3.8160,32.0017,0.00000,0.25516
6.12,11.62,3.8157,29.8723,0.00000,0.22387
6.38,11.62,3.8902,30.5996,0.00000,0.21925
6.62,11.62,3.9601,35.0429,0.00000,0.24172
6.88,11.62,4.1311,39.4903,0.00000,0.22433
7.12,11.62,4.0673,43.0450,0.00000,0.13063
7.38,11.62,3.3895,44.1572,0.00000,0.05314
2.62,11.88,3.6050,45.8585,0.00000,0.03869
2.88,11.88,4.1680,43.1557,0.00000,0.09279
3.12,11.88,4.1442,38.8448,0.00000,0.16525
3.38,11.88,3.6957,38.4509,0.00000,0.19732
3.62,11.88,3.6461,39.8007,0.00000,0.20529
3.88,11.88,3.7539,37.3318,0.00000,0.20665
4.12,11.88,3.8004,33.6348,0.00000,0.18441
4.38,11.88,3.9169,31.2038,0.00000,0.16791
4.62,11.88,4.0765,30.9045,0.00000,0.17117
4.88,11.88,4.0161,30.0402,0.00000,0.18081
5.12,11.88,3.9214,29.8677,0.00000,0.20071
5.38,11.88,3.9149,32.0159,0.00000,0.24138
5.62,11.88,3.8239,34.3270,0.00000,0.27260
5.88,11.88,3.9309,34.5274,0.00000,0.23980
6.12,11.88,3.9081,32.1358,0.00000,0.20130
6.38,11.88,3.9178,33.2718,0.00000,0.19799
6.62,11.88,3.9599,37.4879,0.00000,0.21811
6.88,11.88,4.1093,42.5745,0.00000,0.19753
7.12,11.88,4.0708,48.0590,0.00000,0.11400
7.38,11.88,3.5393,51.4876,0.00000,0.04883
2.62,12.12,3.5644,48.8132,0.00000,0.03536
2.88,12.12,4.2917,45.8118,0.00000,0.08353
3.12,12.12,4.2734,41.6658,0.00000,0.15240
3.38,12.12,3.7987,42.9002,0.00000,0.19227
3.62,12.12,3.7369,44.1354,0.00000,0.20229
3.88,12.12,3.8361,40.2768,0.00000,0.19542
4.12,12.12,3.8774,35.8670,0.00000,0.17723
4.38,12.12,3.9105,33.7019,0.00000,0.16566
4.62,12.12,4.0487,34.4826,0.00000,0.16925
4.88,12.12,4.0284,35.1214,0.00000,0.17696
5.12,12.12,3.9620,35.4586,0.00000,0.19408
5.38,12.12,3.9763,36.9129,0.00000,0.22514
5.62,12.12,3.8903,37.6326,0.00000,0.24659
5.88,12.12,4.0321,36.8855,0.00000,0.21748
6.12,12.12,3.9994,35.4389,0.00000,0.18793
6.38,12.12,3.8841,37.2575,0.00000,0.18586
6.62,12.12,3.8882,40.7789,0.00000,0.19952
6.88,12.12,4.1127,45.9563,0.00000,0.17342
7.12,12.12,4.1299,52.3209,0.00000,0.09818
7.38,12.12,3.6698,55.9612,0.00000,0.04380
2.62,12.38,3.6253,51.6066,0.00000,0.03114
2.88,12.38,4.3204,49.5541,0.00000,0.07490
3.12,12.38,4.3416,46.1522,0.00000,0.13963
3.38,12.38,3.9448,47.4166,0.00000,0.18445
3.62,12.38,3.8606,46.4551,0.00000,0.19647
3.88,12.38,3.8334,40.0873,0.00000,0.18500
4.12,12.38,3.8643,35.1194,0.00000,0.17227
4.38,12.38,3.8737,33.9697,0.00000,0.16161
4.62,12.38,3.9935,35.8223,0.00000,0.16182
4.88,12.38,3.9865,37.5812,0.00000,0.16598
5.12,12.38,3.9354,38.3051,0.00000,0.17775
5.38,12.38,3.9725,38.8769,0.00000,0.20184
5.62,12.38,3.8838,39.2824,0.00000,0.21667
5.88,12.38,4.0071,39.1139,0.00000,0.19375
6.12,12.38,3.9790,38.0554,0.00000,0.17128
6.38,12.38,3.9283,39.8973,0.00000,0.17011
6.62,12.38,3.9411,43.9128,0.00000,0.17972
6.88,12.38,4.0899,50.4938,0.00000,0.15342
7.12,12.38,4.0997,58.1581,0.00000,0.08667
7.38,12.38,3.7864,61.0874,0.00000,0.04003
2.62,12.62,3.7657,56.7477,0.00000,0.02831
2.88,12.62,4.2755,54.4954,0.00000,0.06961
3.12,12.62,4.2922,49.7228,0.00000,0.12838
3.38,12.62,3.9466,48.7432,0.00000,0.16698
3.62,12.62,3.8814,46.7844,0.00000,0.17723
3.88,12.62,3.8442,40.2327,0.00000,0.16886
4.12,12.62,3.8601,35.1457,0.00000,0.16037
4.38,12.62,3.8558,34.3986,0.00000,0.15092
4.62,12.62,4.0212,36.7768,0.00000,0.14899
4.88,12.62,4.0033,39.4807,0.00000,0.14864
5.12,12.62,3.9167,40.6057,0.00000,0.15875
5.38,12.62,3.9785,40.4155,0.00000,0.18073
5.62,12.62,3.8767,41.5311,0.00000,0.18461
5.88,12.62,3.9790,42.8137,0.00000,0.16706
6.12,12.62,3.9636,41.6036,0.00000,0.15174
6.38,12.62,3.9863,41.9786,0.00000,0.14892
6.62,12.62,3.9686,45.3936,0.00000,0.15245
6.88,12.62,4.0218,53.7900,0.00000,0.13003
7.12,12.62,4.0347,64.0324,0.00000,0.07499
7.38,12.62,3.8702,68.2492,0.00000,0.03628
2.62,12.88,3.8116,63.9305,0.00000,0.02554
2.88,12.88,4.1502,60.4249,0.00000,0.06199
3.12,12.88,4.1694,53.6566,0.00000,0.11495
3.38,12.88,3.9681,49.9984,0.00000,0.14906
3.62,12.88,3.9354,47.4582,0.00000,0.15635
3.88,12.88,3.8835,42.7758,0.00000,0.15126
4.12,12.88,3.8894,38.8232,0.00000,0.14571
4.38,12.88,3.8768,38.4520,0.00000,0.13860
4.62,12.88,4.0794,40.5558,0.00000,0.13396
4.88,12.88,4.0611,43.2418,0.00000,0.12980
5.12,12.88,3.9273,44.6139,0.00000,0.14461
5.38,12.88,3.9564,44.1489,0.00000,0.16779
5.62,12.88,3.8185,44.8601,0.00000,0.15998
5.88,12.88,3.9212,46.2948,0.00000,0.14370
6.12,12.88,3.9138,45.7234,0.00000,0.13330
6.38,12.88,4.0198,45.3365,0.00000,0.13080
6.62,12.88,4.0114,46.9031,0.00000,0.13000
6.88,12.88,4.0025,55.2909,0.00000,0.10988
7.12,12.88,4.0035,66.9361,0.00000,0.06415
7.38,12.88,3.9608,72.9718,0.00000,0.03196
2.62,13.12,3.7649,71.2531,0.00000,0.02134
2.88,13.12,4.0343,67.0501,0.00000,0.04909
3.12,13.12,4.0764,59.4488,0.00000,0.09641
3.38,13.12,4.0206,53.3013,0.00000,0.13360
3.62,13.12,3.9993,49.1739,0.00000,0.13779
3.88,13.12,3.8785,46.1158,0.00000,0.12937
4.12,13.12,3.8686,44.5421,0.00000,0.12652
4.38,13.12,3.8854,45.2057,0.00000,0.12732
4.62,13.12,4.0972,46.0295,0.00000,0.12441
4.88,13.12,4.0819,46.5371,0.00000,0.11845
5.12,13.12,3.9301,47.2714,0.00000,0.13623
5.38,13.12,3.9971,47.5602,0.00000,0.16106
5.62,13.12,3.8585,47.9200,0.00000,0.14688
5.88,13.12,3.8880,48.7593,0.00000,0.12456
6.12,13.12,3.8876,49.4400,0.00000,0.11743
6.38,13.12,4.0677,49.9305,0.00000,0.12238
6.62,13.12,4.0108,50.0676,0.00000,0.12346
6.88,13.12,4.0207,57.3674,0.00000,0.10532
7.12,13.12,4.0358,69.7617,0.00000,0.06126
7.38,13.12,3.9858,77.6042,0.00000,0.02897
2.62,13.38,3.7327,77.6293,0.00000,0.01775
2.88,13.38,3.9561,73.9300,0.00000,0.03826
3.12,13.38,3.9967,66.0395,0.00000,0.07891
3.38,13.38,3.9685,57.2550,0.00000,0.11483
3.62,13.38,3.9561,50.9756,0.00000,0.11549
3.88,13.38,3.8580,47.9234,0.00000,0.10556
4.12,13.38,3.8689,49.0449,0.00000,0.10651
4.38,13.38,3.8879,52.2751,0.00000,0.11331
4.62,13.38,4.0959,53.3439,0.00000,0.11261
4.88,13.38,4.1488,51.9729,0.00000,0.10965
5.12,13.38,4.0201,50.6113,0.00000,0.12875
5.38,13.38,4.0689,49.4988,0.00000,0.15191
5.62,13.38,3.9603,48.6093,0.00000,0.13574
5.88,13.38,3.9640,48.4513,0.00000,0.11145
6.12,13.38,3.8940,50.2414,0.00000,0.10899
6.38,13.38,4.0809,53.2275,0.00000,0.12175
6.62,13.38,4.0396,54.6292,0.00000,0.12671
6.88,13.38,4.1489,62.4511,0.00000,0.11036
7.12,13.38,4.1516,76.0208,0.00000,0.06355
7.38,13.38,3.9775,85.8356,0.00000,0.02740
2.62,13.62,3.8231,82.9867,0.00000,0.01572
2.88,13.62,3.9140,80.1698,0.00000,0.03216
3.12,13.62,3.8750,71.0740,0.00000,0.06685
3.38,13.62,3.8285,60.5193,0.00000,0.09638
3.62,13.62,3.8712,53.9066,0.00000,0.09414
3.88,13.62,3.8010,50.7728,0.00000,0.08590
4.12,13.62,3.8419,53.7122,0.00000,0.08916
4.38,13.62,3.8866,59.0281,0.00000,0.09676
4.62,13.62,4.0785,60.8029,0.00000,0.09875
4.88,13.62,4.1726,58.5358,0.00000,0.10212
5.12,13.62,4.1332,55.5036,0.00000,0.11797
5.38,13.62,4.1039,52.1638,0.00000,0.13291
5.62,13.62,3.9199,49.8591,0.00000,0.11848
5.88,13.62,3.9975,48.8026,0.00000,0.10245
6.12,13.62,3.9243,50.5154,0.00000,0.10689
6.38,13.62,4.0844,55.5384,0.00000,0.12382
6.62,13.62,4.0635,59.7703,0.00000,0.13277
6.88,13.62,4.2333,68.8957,0.00000,0.11885
7.12,13.62,4.2312,81.4959,0.00000,0.06795
7.38,13.62,4.0529,89.9024,0.00000,0.02734
2.62,13.88,3.8886,89.2640,0.00000,0.01427
2.88,13.88,3.9152,86.8426,0.00000,0.02745
3.12,13.88,3.8975,76.1179,0.00000,0.05468
3.38,13.88,3.8162,64.9803,0.00000,0.07599
3.62,13.88,3.8478,59.6010,0.00000,0.07405
3.88,13.88,3.7689,56.4910,0.00000,0.06875
4.12,13.88,3.7974,57.7550,0.00000,0.07383
4.38,13.88,3.8057,60.7606,0.00000,0.08359
4.62,13.88,3.9951,62.5238,0.00000,0.08812
4.88,13.88,4.1044,61.3182,0.00000,0.09271
5.12,13.88,4.1191,59.1496,0.00000,0.10319
5.38,13.88,4.0788,55.9407,0.00000,0.11331
5.62,13.88,3.8501,53.0595,0.00000,0.10238
5.88,13.88,3.9608,50.8581,0.00000,0.09316
6.12,13.88,3.9028,51.0558,0.00000,0.10322
6.38,13.88,4.0811,56.4100,0.00000,0.12445
6.62,13.88,4.0796,62.4438,0.00000,0.13828
6.88,13.88,4.2437,72.7878,0.00000,0.12777
7.12,13.88,4.2220,84.3872,0.00000,0.07287
7.38,13.88,4.1480,89.6359,0.00000,0.02792
2.62,14.12,4.0151,97.0212,0.00000,0.01261
2.88,14.12,4.0796,93.7702,0.00000,0.02389
3.12,14.12,4.1092,80.9477,0.00000,0.04390
3.38,14.12,3.9052,69.7040,0.00000,0.05697
3.62,14.12,3.8558,65.0520,0.00000,0.05644
3.88,14.12,3.7211,59.7684,0.00000,0.05542
4.12,14.12,3.6907,57.8676,0.00000,0.06252
4.38,14.12,3.6978,59.3011,0.00000,0.07380
4.62,14.12,4.0055,62.2926,0.00000,0.07924
4.88,14.12,4.1749,62.3738,0.00000,0.08257
5.12,14.12,4.1839,61.1534,0.00000,0.08932
5.38,14.12,4.1309,58.9353,0.00000,0.09800
5.62,14.12,3.8113,55.9737,0.00000,0.08899
5.88,14.12,3.8181,54.0777,0.00000,0.08255
6.12,14.12,3.7895,53.2608,0.00000,0.09647
6.38,14.12,4.0311,56.5001,0.00000,0.12189
6.62,14.12,4.0443,62.9636,0.00000,0.14034
6.88,14.12,4.2220,76.4483,0.00000,0.13225
7.12,14.12,4.2170,88.8541,0.00000,0.07517
7.38,14.12,4.2314,91.6933,0.00000,0.02793
2.62,14.38,4.1404,100.8366,0.00000,0.01106
2.88,14.38,4.1206,95.8598,0.00000,0.02139
3.12,14.38,4.1449,80.8994,0.00000,0.03713
3.38,14.38,3.8904,70.2945,0.00000,0.04499
3.62,14.38,3.8292,67.0654,0.00000,0.04453
3.88,14.38,3.7046,60.7396,0.00000,0.04654
4.12,14.38,3.7129,57.9039,0.00000,0.05493
4.38,14.38,3.7554,60.0256,0.00000,0.06524
4.62,14.38,4.1569,64.4299,0.00000,0.06913
4.88,14.38,4.3167,64.7519,0.00000,0.07117
5.12,14.38,4.2187,63.0213,0.00000,0.07799
5.38,14.38,4.1179,60.5581,0.00000,0.08702
5.62,14.38,3.7959,58.1942,0.00000,0.07934
5.88,14.38,3.7802,58.5595,0.00000,0.07486
6.12,14.38,3.6870,58.2503,0.00000,0.08719
6.38,14.38,3.8416,59.5090,0.00000,0.10976
6.62,14.38,3.8976,66.1100,0.00000,0.13379
6.88,14.38,4.1476,82.5714,0.00000,0.13050
7.12,14.38,4.1349,96.2404,0.00000,0.07404
7.38,14.38,4.1849,98.6513,0.00000,0.02688
2.62,14.62,4.2504,101.4068,0.00000,0.00954
2.88,14.62,4.0434,96.1460,0.00000,0.01820
3.12,14.62,4.0013,80.7779,0.00000,0.03136
3.38,14.62,3.8222,70.4353,0.00000,0.03770
3.62,14.62,3.8317,67.8515,0.00000,0.03735
3.88,14.62,3.7428,62.5658,0.00000,0.04016
4.12,14.62,3.8119,60.6845,0.00000,0.04872
4.38,14.62,3.8691,62.9789,0.00000,0.05788
4.62,14.62,4.2721,68.3820,0.00000,0.06083
4.88,14.62,4.3383,69.1455,0.00000,0.06223
5.12,14.62,4.1841,66.1911,0.00000,0.06929
5.38,14.62,4.0803,63.3200,0.00000,0.07789
5.62,14.62,3.8001,62.3608,0.00000,0.07123
5.88,14.62,3.8395,63.8410,0.00000,0.06834
6.12,14.62,3.7148,63.7176,0.00000,0.07775
6.38,14.62,3.7783,64.3872,0.00000,0.09467
6.62,14.62,3.7550,69.7149,0.00000,0.11573
6.88,14.62,3.9444,85.7759,0.00000,0.10824
7.12,14.62,3.9662,100.9991,0.00000,0.05905
7.38,14.62,4.1382,106.0613,0.00000,0.02152
2.62,14.88,4.3522,105.6314,0.00000,0.00791
2.88,14.88,4.0427,100.8542,0.00000,0.01426
3.12,14.88,3.9431,85.7304,0.00000,0.02488
3.38,14.88,3.7447,74.3724,0.00000,0.03139
3.62,14.88,3.7481,70.4328,0.00000,0.03224
3.88,14.88,3.7559,66.0985,0.00000,0.03535
4.12,14.88,3.9108,65.5110,0.00000,0.04332
4.38,14.88,3.9259,66.4908,0.00000,0.05158
4.62,14.88,4.2541,71.2181,0.00000,0.05403
4.88,14.88,4.2672,72.6455,0.00000,0.05423
5.12,14.88,4.2416,70.3958,0.00000,0.05971
5.38,14.88,4.1956,67.0667,0.00000,0.06658
5.62,14.88,3.8214,64.5828,0.00000,0.06093
5.88,14.88,3.8083,65.2460,0.00000,0.05825
6.12,14.88,3.7144,66.5296,0.00000,0.06497
6.38,14.88,3.7944,68.6110,0.00000,0.08127
6.62,14.88,3.7040,72.0301,0.00000,0.09917
6.88,14.88,3.8140,84.4071,0.00000,0.08469
7.12,14.88,3.8492,100.0999,0.00000,0.04287
7.38,14.88,4.1508,109.4322,0.00000,0.01575
2.62,15.12,4.3373,113.4068,0.00000,0.00644
2.88,15.12,4.0276,107.5104,0.00000,0.01112
3.12,15.12,3.9278,90.8446,0.00000,0.01967
3.38,15.12,3.7279,78.1395,0.00000,0.02602
3.62,15.12,3.7430,73.0805,0.00000,0.02765
3.88,15.12,3.8302,69.2054,0.00000,0.03073
4.12,15.12,4.0216,69.6399,0.00000,0.03702
4.38,15.12,3.9137,70.3300,0.00000,0.04379
4.62,15.12,4.1273,74.3012,0.00000,0.04577
4.88,15.12,4.1823,75.3168,0.00000,0.04469
5.12,15.12,4.3062,74.4786,0.00000,0.04687
5.38,15.12,4.2583,71.5416,0.00000,0.05021
5.62,15.12,3.7797,67.2546,0.00000,0.04702
5.88,15.12,3.7056,66.6513,0.00000,0.04667
6.12,15.12,3.5924,68.9378,0.00000,0.05118
6.38,15.12,3.6583,72.6944,0.00000,0.06232
6.62,15.12,3.6147,76.2665,0.00000,0.07375
6.88,15.12,3.8026,86.0058,0.00000,0.06223
7.12,15.12,3.9082,101.0722,0.00000,0.03200
7.38,15.12,4.3360,112.6539,0.00000,0.01239
2.62,15.38,4.3073,119.2547,0.00000,0.00515
2.88,15.38,4.0117,113.1070,0.00000,0.00855
3.12,15.38,3.9117,94.8260,0.00000,0.01556
3.38,15.38,3.7857,80.4209,0.00000,0.02186
3.62,15.38,3.9034,75.0256,0.00000,0.02380
3.88,15.38,3.9406,71.3821,0.00000,0.02617
4.12,15.38,4.0248,72.3358,0.00000,0.03059
4.38,15.38,3.9041,74.9651,0.00000,0.03621
4.62,15.38,4.1240,79.6558,0.00000,0.03885
4.88,15.38,4.1576,79.7555,0.00000,0.03777
5.12,15.38,4.2971,78.6060,0.00000,0.03648
5.38,15.38,4.2350,76.6137,0.00000,0.03525
5.62,15.38,3.7252,73.1039,0.00000,0.03399
5.88,15.38,3.6381,70.9114,0.00000,0.03654
6.12,15.38,3.5033,71.6283,0.00000,0.04074
6.38,15.38,3.5508,77.0616,0.00000,0.04734
6.62,15.38,3.5570,84.0398,0.00000,0.05145
6.88,15.38,3.8331,94.5912,0.00000,0.04315
7.12,15.38,4.0001,108.5526,0.00000,0.02356
7.38,15.38,4.4639,117.6468,0.00000,0.01004
2.62,15.62,4.3560,127.8882,0.00000,0.00437
2.88,15.62,3.9970,121.7389,0.00000,0.00682
3.12,15.62,3.9298,101.3154,0.00000,0.01229
3.38,15.62,3.8342,83.6934,0.00000,0.01785
3.62,15.62,3.9541,76.9752,0.00000,0.01994
3.88,15.62,3.9396,73.1213,0.00000,0.02194
4.12,15.62,3.9817,75.3848,0.00000,0.02561
4.38,15.62,3.8698,80.8624,0.00000,0.03054
4.62,15.62,4.1438,85.1983,0.00000,0.03384
4.88,15.62,4.1856,85.8947,0.00000,0.03347
5.12,15.62,4.2041,85.2322,0.00000,0.03132
5.38,15.62,4.1102,83.0819,0.00000,0.02766
5.62,15.62,3.7989,80.3658,0.00000,0.02675
5.88,15.62,3.8282,76.6541,0.00000,0.03019
6.12,15.62,3.6404,75.6774,0.00000,0.03432
6.38,15.62,3.6512,82.0099,0.00000,0.03926
6.62,15.62,3.6294,90.9506,0.00000,0.03913
6.88,15.62,3.9108,103.1932,0.00000,0.03155
7.12,15.62,4.0689,116.8197,0.00000,0.01800
7.38,15.62,4.4883,123.2401,0.00000,0.00838
2.62,15.88,4.4638,137.9847,0.00001,0.00401
2.88,15.88,3.9169,130.3439,0.00000,0.00596
3.12,15.88,3.8417,106.7191,0.00000,0.00999
3.38,15.88,3.7755,85.5827,0.00000,0.01400
3.62,15.88,3.8695,76.3988,0.00000,0.01603
3.88,15.88,3.8062,72.4478,0.00000,0.01790
4.12,15.88,3.8953,78.2626,0.00000,0.02093
4.38,15.88,3.8355,86.7022,0.00000,0.02475
4.62,15.88,4.1607,89.0307,0.00000,0.02835
4.88,15.88,4.2160,89.0180,0.00000,0.02957
5.12,15.88,4.1584,88.7791,0.00000,0.02871
5.38,15.88,4.1216,87.4916,0.00000,0.02469
5.62,15.88,3.9959,85.8185,0.00000,0.02334
5.88,15.88,4.0808,81.4023,0.00000,0.02634
6.12,15.88,3.8413,80.4308,0.00000,0.02971
6.38,15.88,3.8336,86.0173,0.00000,0.03323
6.62,15.88,3.7662,92.3971,0.00000,0.03147
6.88,15.88,3.9873,104.4355,0.00000,0.02446
7.12,15.88,4.1126,119.7422,0.00000,0.01413
7.38,15.88,4.5901,128.4289,0.00000,0.00693
2.62,16.12,4.5812,142.4951,0.00034,0.00382
2.88,16.12,3.9101,132.5094,0.00015,0.00553
3.12,16.12,3.8061,107.3742,0.00003,0.00857
3.38,16.12,3.7388,86.2545,0.00000,0.01114
3.62,16.12,3.8423,76.8222,0.00000,0.01273
3.88,16.12,3.7414,73.3371,0.00000,0.01414
4.12,16.12,3.8453,80.0744,0.00000,0.01647
4.38,16.12,3.7999,87.7190,0.00000,0.01928
4.62,16.12,4.1485,89.4253,0.00000,0.02224
4.88,16.12,4.2321,88.3215,0.00000,0.02374
5.12,16.12,4.1833,86.9089,0.00000,0.02399
5.38,16.12,4.2038,86.9266,0.00000,0.02153
5.62,16.12,4.1172,86.2126,0.00000,0.02057
5.88,16.12,4.1869,81.3359,0.00000,0.02237
6.12,16.12,3.9214,80.0835,0.00000,0.02427
6.38,16.12,3.9323,84.7389,0.00000,0.02697
6.62,16.12,3.8582,90.2237,0.00000,0.02572
6.88,16.12,4.0185,104.3402,0.00001,0.01937
7.12,16.12,4.1265,123.1581,0.00003,0.01099
7.38,16.12,4.6937,135.0080,0.00006,0.00569
2.62,16.38,4.7579,143.0363,0.00580,0.00369
2.88,16.38,4.0445,130.2981,0.00261,0.00521
3.12,16.38,3.9151,105.7080,0.00055,0.00764
3.38,16.38,3.7868,87.6870,0.00005,0.00929
3.62,16.38,3.8891,79.9970,0.00000,0.01046
3.88,16.38,3.7998,77.2714,0.00000,0.01151
4.12,16.38,3.9304,83.6413,0.00000,0.01341
4.38,16.38,3.8767,89.0998,0.00000,0.01555
4.62,16.38,4.2208,90.4025,0.00000,0.01761
4.88,16.38,4.2743,88.7948,0.00000,0.01812
5.12,16.38,4.1631,86.2529,0.00000,0.01829
5.38,16.38,4.2003,85.6296,0.00000,0.01782
5.62,16.38,4.1368,84.5067,0.00000,0.01767
5.88,16.38,4.2003,79.6874,0.00000,0.01805
6.12,16.38,3.9518,78.6650,0.00000,0.01839
6.38,16.38,3.9836,84.8498,0.00000,0.02001
6.62,16.38,3.8874,92.6561,0.00002,0.01959
6.88,16.38,4.0033,109.1019,0.00020,0.01500
7.12,16.38,4.1093,129.1469,0.00093,0.00866
7.38,16.38,4.7522,140.3932,0.00206,0.00478
2.62,16.62,4.7451,142.5009,0.04599,0.00345
2.88,16.62,4.1473,127.8601,0.02072,0.00484
3.12,16.62,4.0468,105.7547,0.00438,0.00695
3.38,16.62,3.8056,91.0675,0.00037,0.00815
3.62,16.62,3.8570,83.9508,0.00003,0.00910
3.88,16.62,3.8243,80.7816,0.00001,0.00976
4.12,16.62,4.0254,86.9544,0.00000,0.01112
4.38,16.62,3.9690,92.1494,0.00000,0.01244
4.62,16.62,4.3231,93.6929,0.00000,0.01380
4.88,16.62,4.3865,91.9340,0.00000,0.01393
5.12,16.62,4.2057,89.5714,0.00000,0.01394
5.38,16.62,4.1917,88.8519,0.00000,0.01445
5.62,16.62,4.1009,87.3607,0.00000,0.01472
5.88,16.62,4.1562,82.2226,0.00000,0.01424
6.12,16.62,3.9255,80.4209,0.00000,0.01358
6.38,16.62,3.9499,87.1498,0.00001,0.01409
6.62,16.62,3.8646,96.1221,0.00020,0.01391
6.88,16.62,4.0236,112.8152,0.00241,0.01128
7.12,16.62,4.1499,133.3920,0.01142,0.00701
7.38,16.62,4.8445,145.0043,0.02533,0.00422
2.62,16.88,4.7324,145.5426,0.16748,0.00310
2.88,16.88,4.1750,132.4626,0.07548,0.00443
3.12,16.88,4.0697,111.1501,0.01600,0.00636
3.38,16.88,3.8139,96.5816,0.00163,0.00724
3.62,16.88,3.8663,88.8882,0.00058,0.00788
3.88,16.88,3.8108,83.4856,0.00033,0.00816
4.12,16.88,4.0199,88.4914,0.00007,0.00904
4.38,16.88,4.0118,95.2664,0.00001,0.00970
4.62,16.88,4.3879,97.8885,0.00000,0.01050
4.88,16.88,4.4289,95.4236,0.00000,0.01060
5.12,16.88,4.2502,93.1535,0.00000,0.01075
5.38,16.88,4.2281,92.7494,0.00000,0.01165
5.62,16.88,4.0834,91.2036,0.00000,0.01222
5.88,16.88,4.0634,86.7667,0.00000,0.01157
6.12,16.88,3.8469,84.2989,0.00000,0.01061
6.38,16.88,3.9281,88.7020,0.00003,0.01064
6.62,16.88,3.7982,95.4097,0.00090,0.01022
6.88,16.88,3.9213,110.3533,0.01106,0.00863
7.12,16.88,4.1131,131.2150,0.05243,0.00584
7.38,16.88,4.9708,145.5185,0.11635,0.00396
2.62,17.12,4.7858,157.0510,0.28213,0.00290
2.88,17.12,4.1920,146.7156,0.12721,0.00409
3.12,17.12,4.0775,120.0525,0.02773,0.00583
3.38,17.12,3.8837,99.6926,0.00620,0.00646
3.62,17.12,3.9553,91.5419,0.00668,0.00686
3.88,17.12,3.8216,86.2902,0.00401,0.00701
4.12,17.12,3.9813,91.1227,0.00089,0.00767
4.38,17.12,3.9820,97.7656,0.00007,0.00804
4.62,17.12,4.3534,99.0462,0.00000,0.00858
4.88,17.12,4.4114,96.2030,0.00000,0.00862
5.12,17.12,4.3431,94.1670,0.00000,0.00878
5.38,17.12,4.3164,91.8803,0.00000,0.00954
5.62,17.12,4.0334,88.8639,0.00000,0.01000
5.88,17.12,3.9745,86.9293,0.00000,0.00959
6.12,17.12,3.7759,86.5560,0.00000,0.00897
6.38,17.12,3.8875,90.9159,0.00005,0.00909
6.62,17.12,3.7554,96.7666,0.00163,0.00841
6.88,17.12,3.8649,110.0072,0.01991,0.00716
7.12,17.12,4.0846,129.4996,0.09436,0.00510
7.38,17.12,5.0561,144.2807,0.20939,0.00373
2.62,17.38,4.9407,161.8852,0.35965,0.00281
2.88,17.38,4.2208,152.5554,0.16243,0.00390
3.12,17.38,4.0800,124.2248,0.03841,0.00550
3.38,17.38,3.9252,102.0480,0.02156,0.00600
3.62,17.38,3.9828,94.5615,0.03103,0.00629
3.88,17.38,3.7911,90.8362,0.01877,0.00635
4.12,17.38,3.9327,95.3436,0.00419,0.00694
4.38,17.38,3.9463,100.0939,0.00034,0.00731
4.62,17.38,4.2484,99.1290,0.00001,0.00783
4.88,17.38,4.2633,94.8073,0.00000,0.00769
5.12,17.38,4.3176,91.8008,0.00000,0.00758
5.38,17.38,4.3471,89.6461,0.00000,0.00789
5.62,17.38,3.9142,87.4092,0.00000,0.00789
5.88,17.38,3.8542,86.6569,0.00000,0.00771
6.12,17.38,3.7470,87.7934,0.00000,0.00758
6.38,17.38,3.9131,94.7989,0.00004,0.00793
6.62,17.38,3.8181,103.1912,0.00138,0.00729
6.88,17.38,3.9370,116.9973,0.01694,0.00624
7.12,17.38,4.0991,135.5182,0.08026,0.00444
7.38,17.38,5.0128,147.6753,0.17810,0.00322
2.62,17.62,5.2360,157.3993,0.65858,0.00260
2.88,17.62,4.3037,148.6896,0.29756,0.00370
3.12,17.62,4.0626,125.5414,0.07174,0.00523
3.38,17.62,3.8718,107.6514,0.04579,0.00560
3.62,17.62,3.9410,100.5358,0.06720,0.00581
3.88,17.62,3.7562,96.4116,0.04067,0.00588
4.12,17.62,3.8971,98.2023,0.00907,0.00648
4.38,17.62,3.9286,100.9804,0.00074,0.00679
4.62,17.62,4.1968,99.9063,0.00002,0.00721
4.88,17.62,4.2169,95.2669,0.00000,0.00708
5.12,17.62,4.3068,91.8096,0.00000,0.00688
5.38,17.62,4.3019,91.0422,0.00000,0.00683
5.62,17.62,3.8531,90.8951,0.00000,0.00649
5.88,17.62,3.8654,91.5255,0.00000,0.00651
6.12,17.62,3.7827,93.7607,0.00000,0.00654
6.38,17.62,3.9588,102.4653,0.00003,0.00685
6.62,17.62,3.9114,112.9385,0.00088,0.00631
6.88,17.62,4.0511,127.9673,0.01074,0.00540
7.12,17.62,4.1462,147.4855,0.05091,0.00381
7.38,17.62,4.9317,158.3133,0.11297,0.00274
2.62,17.88,5.2429,151.1417,0.91338,0.00227
2.88,17.88,4.2973,142.7836,0.41291,0.00335
3.12,17.88,4.0564,123.7544,0.10215,0.00473
3.38,17.88,3.7834,108.9694,0.07535,0.00507
3.62,17.88,3.8347,103.7455,0.11273,0.00536
3.88,17.88,3.7157,101.5866,0.06825,0.00549
4.12,17.88,3.8804,100.6920,0.01523,0.00606
4.38,17.88,3.9211,100.7759,0.00125,0.00622
4.62,17.88,4.2076,100.3392,0.00004,0.00653
4.88,17.88,4.2749,97.9277,0.00000,0.00658
5.12,17.88,4.3898,96.2216,0.00000,0.00653
5.38,17.88,4.3482,96.2937,0.00000,0.00636
5.62,17.88,3.8696,96.6395,0.00000,0.00589
5.88,17.88,3.8489,98.4151,0.00000,0.00599
6.12,17.88,3.7789,101.8047,0.00000,0.00598
6.38,17.88,4.0108,111.3436,0.00003,0.00622
6.62,17.88,3.9726,123.1424,0.00096,0.00570
6.88,17.88,4.0770,137.9924,0.01180,0.00477
7.12,17.88,4.1412,157.4021,0.05590,0.00334
7.38,17.88,4.8701,168.6298,0.12406,0.00248
2.62,18.12,5.0316,144.9471,0.97334,0.00216
2.88,18.12,4.2115,136.4181,0.44029,0.00322
3.12,18.12,4.0400,118.1511,0.11208,0.00453
3.38,18.12,3.7297,104.4450,0.09467,0.00489
3.62,18.12,3.7637,103.1608,0.14382,0.00522
3.88,18.12,3.7277,104.2732,0.08709,0.00531
4.12,18.12,3.9551,102.2704,0.01943,0.00577
4.38,18.12,3.9974,101.2029,0.00160,0.00582
4.62,18.12,4.2892,102.5859,0.00005,0.00611
4.88,18.12,4.3515,102.4040,0.00000,0.00625
5.12,18.12,4.4426,101.6188,0.00000,0.00628
5.38,18.12,4.4127,103.2731,0.00000,0.00617
5.62,18.12,3.9667,105.1398,0.00000,0.00570
5.88,18.12,3.9232,105.1021,0.00000,0.00574
6.12,18.12,3.8077,106.0642,0.00000,0.00560
6.38,18.12,4.0221,115.2714,0.00009,0.00575
6.62,18.12,3.9989,127.8677,0.00312,0.00522
6.88,18.12,4.1403,142.6210,0.03824,0.00435
7.12,18.12,4.2281,162.1146,0.18121,0.00306
7.38,18.12,5.0124,174.8556,0.40211,0.00230
2.62,18.38,5.3603,144.9989,1.39014,0.00221
2.88,18.38,4.3328,136.4340,0.62742,0.00323
3.12,18.38,4.0154,116.5709,0.14360,0.00454
3.38,18.38,3.7226,103.0951,0.06168,0.00496
3.62,18.38,3.7948,103.5940,0.08419,0.00527
3.88,18.38,3.7744,103.3984,0.05087,0.00526
4.12,18.38,4.0269,99.0396,0.01135,0.00561
4.38,18.38,4.0770,97.2744,0.00093,0.00561
4.62,18.38,4.3791,101.2918,0.00003,0.00590
4.88,18.38,4.4438,104.4129,0.00000,0.00603
5.12,18.38,4.4979,105.4101,0.00000,0.00604
5.38,18.38,4.4433,110.5221,0.00000,0.00599
5.62,18.38,3.9646,115.2801,0.00000,0.00550
5.88,18.38,3.9143,111.4193,0.00000,0.00550
6.12,18.38,3.8054,109.0139,0.00000,0.00529
6.38,18.38,3.9961,118.1572,0.00020,0.00535
6.62,18.38,3.9783,130.0200,0.00655,0.00487
6.88,18.38,4.1788,143.6931,0.08002,0.00422
7.12,18.38,4.3533,162.7395,0.37911,0.00300
7.38,18.38,5.2837,175.0308,0.84124,0.00222
2.62,18.62,5.5075,150.2483,1.68750,0.00210
2.88,18.62,4.4182,142.2084,0.76068,0.00295
3.12,18.62,4.0412,121.3324,0.16314,0.00418
3.38,18.62,3.7865,107.6016,0.02500,0.00480
3.62,18.62,3.8906,106.5321,0.01999,0.00525
3.88,18.62,3.8416,102.7021,0.01188,0.00520
4.12,18.62,4.1017,96.8681,0.00265,0.00550
4.38,18.62,4.1632,95.1503,0.00022,0.00550
4.62,18.62,4.4440,99.2647,0.00001,0.00576
4.88,18.62,4.4856,103.1391,0.00000,0.00583
5.12,18.62,4.4985,106.5406,0.00000,0.00578
5.38,18.62,4.4175,115.8292,0.00000,0.00573
5.62,18.62,3.8936,122.8499,0.00000,0.00528
5.88,18.62,3.8283,117.4783,0.00000,0.00533
6.12,18.62,3.7453,115.3223,0.00001,0.00513
6.38,18.62,3.9082,124.6677,0.00031,0.00511
6.62,18.62,3.8848,133.6585,0.00748,0.00468
6.88,18.62,4.1098,143.6581,0.08667,0.00417
7.12,18.62,4.3389,159.8465,0.40758,0.00299
7.38,18.62,5.3658,170.7462,0.90352,0.00216
2.62,18.88,5.2954,155.3860,1.35758,0.00196
2.88,18.88,4.3449,145.7518,0.61182,0.00274
3.12,18.88,4.0758,124.7414,0.12954,0.00392
3.38,18.88,3.8377,110.6792,0.01251,0.00464
3.62,18.88,3.9137,108.4087,0.00354,0.00514
3.88,18.88,3.8696,103.8791,0.00196,0.00509
4.12,18.88,4.1777,98.5413,0.00044,0.00539
4.38,18.88,4.2320,97.3521,0.00004,0.00542
4.62,18.88,4.4699,100.4361,0.00000,0.00565
4.88,18.88,4.4844,102.4639,0.00000,0.00567
5.12,18.88,4.4163,105.6064,0.00000,0.00558
5.38,18.88,4.3044,115.1173,0.00000,0.00551
5.62,18.88,3.8440,122.4398,0.00000,0.00510
5.88,18.88,3.8256,120.0366,0.00000,0.00520
6.12,18.88,3.7124,121.4410,0.00011,0.00504
6.38,18.88,3.8029,131.0348,0.00153,0.00501
6.62,18.88,3.7929,138.3595,0.01241,0.00457
6.88,18.88,4.0477,146.2204,0.08877,0.00406
7.12,18.88,4.3045,159.1476,0.38021,0.00292
7.38,18.88,5.3819,168.7202,0.83156,0.00210
2.62,19.12,5.1938,156.3927,0.97683,0.00186
2.88,19.12,4.2594,144.4834,0.44021,0.00268
3.12,19.12,4.0557,123.0211,0.09304,0.00386
3.38,19.12,3.8511,108.6388,0.00825,0.00453
3.62,19.12,3.9267,109.2713,0.00131,0.00501
3.88,19.12,3.8774,109.0254,0.00065,0.00500
4.12,19.12,4.1870,103.5375,0.00015,0.00533
4.38,19.12,4.2326,99.4312,0.00001,0.00537
4.62,19.12,4.4516,100.3371,0.00000,0.00559
4.88,19.12,4.4307,101.5438,0.00000,0.00556
5.12,19.12,4.3002,104.6032,0.00000,0.00542
5.38,19.12,4.2140,111.5846,0.00000,0.00534
5.62,19.12,3.8575,117.3955,0.00000,0.00499
5.88,19.12,3.8815,118.4297,0.00005,0.00511
6.12,19.12,3.7127,123.1201,0.00074,0.00496
6.38,19.12,3.7408,133.5931,0.00755,0.00493
6.62,19.12,3.7318,141.6921,0.04029,0.00456
6.88,19.12,3.9606,149.6819,0.15818,0.00420
7.12,19.12,4.1792,161.9012,0.53593,0.00328
7.38,19.12,5.2017,171.2611,1.12516,0.00238
2.62,19.38,5.1697,150.9480,0.87591,0.00181
2.88,19.38,4.1936,142.5911,0.39472,0.00264
3.12,19.38,3.9868,125.7860,0.08333,0.00385
3.38,19.38,3.8259,113.8743,0.00695,0.00449
3.62,19.38,3.9393,116.8066,0.00044,0.00499
3.88,19.38,3.8895,118.2553,0.00014,0.00505
4.12,19.38,4.1487,109.5970,0.00003,0.00536
4.38,19.38,4.1849,101.5494,0.00000,0.00532
4.62,19.38,4.4803,100.6173,0.00000,0.00555
4.88,19.38,4.4697,101.4855,0.00000,0.00551
5.12,19.38,4.3164,104.8788,0.00000,0.00537
5.38,19.38,4.2435,109.9636,0.00000,0.00529
5.62,19.38,3.8651,113.8588,0.00006,0.00495
5.88,19.38,3.8678,117.4472,0.00075,0.00507
6.12,19.38,3.7646,125.5893,0.00453,0.00495
6.38,19.38,3.8437,136.0988,0.02188,0.00492
6.62,19.38,3.8334,143.8729,0.08642,0.00476
6.88,19.38,4.0486,151.7895,0.24487,0.00522
7.12,19.38,4.2701,164.3291,0.66038,0.00517
7.38,19.38,5.2402,173.4199,1.31607,0.00393
2.62,19.62,5.0443,149.0335,0.78696,0.00184
2.88,19.62,4.1309,146.6216,0.35464,0.00271
3.12,19.62,3.9572,135.3474,0.07484,0.00396
3.38,19.62,3.8258,125.2731,0.00613,0.00462
3.62,19.62,3.9478,126.0303,0.00021,0.00512
3.88,19.62,3.8898,124.8158,0.00001,0.00516
4.12,19.62,4.1142,112.5067,0.00000,0.00541
4.38,19.62,4.1605,103.6705,0.00000,0.00528
4.62,19.62,4.5386,103.9718,0.00000,0.00552
4.88,19.62,4.5443,104.5052,0.00000,0.00551
5.12,19.62,4.3685,106.3941,0.00000,0.00541
5.38,19.62,4.2644,109.7949,0.00002,0.00533
5.62,19.62,3.8569,112.6691,0.00053,0.00497
5.88,19.62,3.8805,118.7248,0.00647,0.00506
6.12,19.62,3.8924,130.2860,0.03029,0.00495
6.38,19.62,4.0545,139.1334,0.06577,0.00492
6.62,19.62,3.9917,144.2903,0.11828,0.00494
6.88,19.62,4.1760,152.4081,0.24624,0.00614
7.12,19.62,4.4872,166.1143,0.58632,0.00686
7.38,19.62,5.5088,175.7584,1.13277,0.00534
2.62,19.88,5.0506,158.3773,0.78807,0.00192
2.88,19.88,4.1905,156.9632,0.35514,0.00289
3.12,19.88,4.0320,144.7749,0.07497,0.00424
3.38,19.88,3.8861,132.7690,0.00624,0.00484
3.62,19.88,3.9780,129.9840,0.00037,0.00523
3.88,19.88,3.8898,127.0992,0.00012,0.00516
4.12,19.88,4.0733,114.7218,0.00003,0.00534
4.38,19.88,4.0819,106.9079,0.00000,0.00521
4.62,19.88,4.4824,107.6849,0.00000,0.00547
4.88,19.88,4.4910,107.4488,0.00000,0.00542
5.12,19.88,4.2606,107.1384,0.00000,0.00533
5.38,19.88,4.1705,108.8646,0.00007,0.00534
5.62,19.88,3.8522,112.8650,0.00217,0.00507
5.88,19.88,3.9251,121.6305,0.02642,0.00513
6.12,19.88,3.9530,134.4813,0.11925,0.00496
6.38,19.88,4.1174,141.6899,0.20749,0.00486
6.62,19.88,3.9689,145.9007,0.18192,0.00468
6.88,19.88,4.0581,156.2246,0.20876,0.00521
7.12,19.88,4.3390,172.3140,0.45681,0.00527
7.38,19.88,5.3131,183.0698,0.86417,0.00399
2.62,20.12,5.1039,160.9707,0.85138,0.00204
2.88,20.12,4.2224,159.5160,0.38370,0.00321
3.12,20.12,4.0417,147.5555,0.08128,0.00469
3.38,20.12,3.9145,136.9526,0.00802,0.00509
3.62,20.12,4.0027,130.7633,0.00250,0.00524
3.88,20.12,3.8574,125.2389,0.00140,0.00511
4.12,20.12,3.9824,116.8778,0.00031,0.00529
4.38,20.12,3.9597,111.7793,0.00003,0.00516
4.62,20.12,4.3720,110.3061,0.00000,0.00541
4.88,20.12,4.4045,108.3194,0.00000,0.00536
5.12,20.12,4.1671,107.9665,0.00000,0.00529
5.38,20.12,4.0839,109.5439,0.00012,0.00536
5.62,20.12,3.8149,113.9417,0.00405,0.00516
5.88,20.12,3.9155,122.6124,0.04933,0.00520
6.12,20.12,3.9663,133.8439,0.22247,0.00500
6.38,20.12,4.1451,140.4850,0.38456,0.00482
6.62,20.12,3.9656,145.9180,0.32633,0.00435
6.88,20.12,4.0427,158.5935,0.32658,0.00403
7.12,20.12,4.2593,176.1764,0.54868,0.00323
7.38,20.12,5.1356,188.2111,0.88035,0.00221
2.62,20.38,4.9310,157.9461,0.72517,0.00216
2.88,20.38,4.1823,157.1877,0.32718,0.00345
3.12,20.38,4.0373,148.7237,0.07060,0.00500
3.38,20.38,3.8813,142.3770,0.01197,0.00527
3.62,20.38,3.9245,134.1146,0.01050,0.00526
3.88,20.38,3.7406,125.9173,0.00626,0.00506
4.12,20.38,3.8366,120.6348,0.00140,0.00523
4.38,20.38,3.8513,116.5879,0.00011,0.00515
4.62,20.38,4.3052,112.0960,0.00000,0.00542
4.88,20.38,4.3733,108.1545,0.00000,0.00540
5.12,20.38,4.2186,108.8379,0.00000,0.00539
5.38,20.38,4.1584,111.9449,0.00012,0.00550
5.62,20.38,3.8507,115.9725,0.00414,0.00526
5.88,20.38,3.8995,121.4304,0.05048,0.00527
6.12,20.38,3.8949,128.4949,0.22918,0.00507
6.38,20.38,4.0853,133.6398,0.41505,0.00488
6.62,20.38,4.0559,139.2685,0.43863,0.00425
6.88,20.38,4.2558,152.3638,0.54664,0.00354
7.12,20.38,4.4020,170.5451,0.80482,0.00241
7.38,20.38,5.1105,186.5561,1.14908,0.00146
2.62,20.62,4.8222,156.2142,0.48989,0.00213
2.88,20.62,4.0986,152.7227,0.22471,0.00327
3.12,20.62,3.9576,146.1305,0.05264,0.00471
3.38,20.62,3.7789,142.1159,0.01557,0.00512
3.62,20.62,3.8175,135.7140,0.01738,0.00527
3.88,20.62,3.6628,129.0342,0.01034,0.00506
4.12,20.62,3.7732,124.5201,0.00230,0.00519
4.38,20.62,3.8392,119.0719,0.00019,0.00519
4.62,20.62,4.3141,112.0456,0.00001,0.00554
4.88,20.62,4.3765,105.3805,0.00000,0.00555
5.12,20.62,4.2884,105.4624,0.00000,0.00555
5.38,20.62,4.2653,112.0524,0.00009,0.00566
5.62,20.62,3.9159,119.5626,0.00302,0.00539
5.88,20.62,3.8781,123.5586,0.03689,0.00539
6.12,20.62,3.8354,125.9827,0.16943,0.00519
6.38,20.62,4.0654,126.9622,0.33036,0.00500
6.62,20.62,4.1285,131.3555,0.44787,0.00423
6.88,20.62,4.3280,143.6686,0.65878,0.00331
7.12,20.62,4.4645,160.8636,0.97713,0.00211
7.38,20.62,5.1800,178.8847,1.44668,0.00119
2.62,20.88,4.7245,156.4600,0.32615,0.00209
2.88,20.88,3.9985,151.9268,0.17018,0.00306
3.12,20.88,3.9289,147.1108,0.06027,0.00441
3.38,20.88,3.7915,144.3921,0.02206,0.00504
3.62,20.88,3.8470,139.9043,0.01301,0.00544
3.88,20.88,3.7655,133.3114,0.00646,0.00526
4.12,20.88,3.9392,126.2635,0.00140,0.00536
4.38,20.88,3.9711,118.5599,0.00011,0.00540
4.62,20.88,4.3690,110.8170,0.00000,0.00580
4.88,20.88,4.4019,104.0968,0.00000,0.00584
5.12,20.88,4.3359,105.3020,0.00000,0.00577
5.38,20.88,4.2986,114.7214,0.00005,0.00582
5.62,20.88,3.9674,123.7159,0.00159,0.00556
5.88,20.88,3.9374,126.1572,0.01954,0.00556
6.12,20.88,3.8583,127.2940,0.09263,0.00529
6.38,20.88,4.0455,129.2645,0.21577,0.00504
6.62,20.88,4.1389,134.5908,0.43795,0.00418
6.88,20.88,4.3693,141.6375,0.79896,0.00319
7.12,20.88,4.6116,151.8354,1.24176,0.00199
7.38,20.88,5.4702,164.6598,1.85308,0.00105
2.62,21.12,4.8365,164.7129,0.53328,0.00216
2.88,21.12,4.0773,164.6444,0.30760,0.00307
3.12,21.12,4.0178,157.7844,0.14744,0.00439
3.38,21.12,3.8607,149.9675,0.05804,0.00507
3.62,21.12,3.8794,143.0973,0.01356,0.00554
3.88,21.12,3.8159,134.1344,0.00229,0.00546
4.12,21.12,4.0091,123.7394,0.00034,0.00562
4.38,21.12,4.0094,115.2937,0.00003,0.00565
4.62,21.12,4.3776,110.9764,0.00000,0.00606
4.88,21.12,4.3942,109.4869,0.00000,0.00615
5.12,21.12,4.3151,113.3183,0.00000,0.00603
5.38,21.12,4.2489,120.7719,0.00004,0.00598
5.62,21.12,3.8984,125.3435,0.00141,0.00565
5.88,21.12,3.9164,126.3974,0.01744,0.00565
6.12,21.12,3.9061,129.3989,0.08422,0.00537
6.38,21.12,4.0799,135.8851,0.21449,0.00505
6.62,21.12,4.1893,142.4588,0.51016,0.00412
6.88,21.12,4.4782,140.1481,1.03276,0.00309
7.12,21.12,4.6820,139.8484,1.63990,0.00184
7.38,21.12,5.3475,147.1662,2.32800,0.00090
2.62,21.38,5.0080,172.1012,1.00775,0.00224
2.88,21.38,4.1935,173.6430,0.55578,0.00311
3.12,21.38,4.0635,161.8535,0.24759,0.00435
3.38,21.38,3.8503,147.9441,0.09277,0.00501
3.62,21.38,3.8669,137.7508,0.01865,0.00555
3.88,21.38,3.8379,128.3989,0.00163,0.00563
4.12,21.38,4.0459,119.6811,0.00013,0.00591
4.38,21.38,4.0132,113.8086,0.00004,0.00593
4.62,21.38,4.3739,114.2425,0.00001,0.00633
4.88,21.38,4.4263,117.8924,0.00000,0.00650
5.12,21.38,4.3380,122.2792,0.00000,0.00643
5.38,21.38,4.2379,125.5757,0.00006,0.00629
5.62,21.38,3.8619,124.7314,0.00191,0.00588
5.88,21.38,3.8668,125.7019,0.02369,0.00580
6.12,21.38,3.8830,131.4366,0.11406,0.00544
6.38,21.38,4.0479,138.8837,0.27229,0.00497
6.62,21.38,4.0924,142.0673,0.56874,0.00398
6.88,21.38,4.3688,136.5106,1.12469,0.00294
7.12,21.38,4.6238,134.0441,1.87688,0.00168
7.38,21.38,5.3765,139.3716,2.74957,0.00080
2.62,21.62,5.1065,162.9872,1.18191,0.00221
2.88,21.62,4.2090,160.1693,0.65043,0.00317
3.12,21.62,3.9878,151.6414,0.24921,0.00445
3.38,21.62,3.8281,142.1768,0.07281,0.00512
3.62,21.62,3.9285,131.1942,0.01337,0.00568
3.88,21.62,3.8807,121.4764,0.00230,0.00578
4.12,21.62,4.0610,117.5457,0.00199,0.00611
4.38,21.62,4.0659,116.9788,0.00118,0.00617
4.62,21.62,4.4646,120.7255,0.00026,0.00659
4.88,21.62,4.4863,123.8215,0.00002,0.00683
5.12,21.62,4.3472,124.1416,0.00000,0.00679
5.38,21.62,4.2553,124.7103,0.00003,0.00668
5.62,21.62,3.8826,123.0511,0.00118,0.00625
5.88,21.62,3.8382,124.8943,0.01527,0.00601
6.12,21.62,3.8814,131.9089,0.08225,0.00552
6.38,21.62,4.0799,138.9311,0.23861,0.00492
6.62,21.62,4.0503,138.7527,0.53061,0.00385
6.88,21.62,4.2380,136.7808,0.97208,0.00278
7.12,21.62,4.5214,138.8184,1.67629,0.00158
7.38,21.62,5.5109,142.1488,2.67269,0.00079
2.62,21.88,5.0244,148.7755,1.20861,0.00213
2.88,21.88,4.2338,144.1247,0.68659,0.00331
3.12,21.88,4.0339,144.1331,0.24491,0.00472
3.38,21.88,3.8682,142.1827,0.06291,0.00542
3.62,21.88,3.9347,131.0377,0.01888,0.00592
3.88,21.88,3.8765,120.7237,0.01773,0.00586
4.12,21.88,4.0897,119.2669,0.02506,0.00611
4.38,21.88,4.1165,121.0276,0.01509,0.00622
4.62,21.88,4.5337,124.6230,0.00336,0.00671
4.88,21.88,4.5755,125.0367,0.00028,0.00702
5.12,21.88,4.3659,122.2470,0.00001,0.00699
5.38,21.88,4.2075,123.0811,0.00001,0.00693
5.62,21.88,3.8770,123.5666,0.00038,0.00653
5.88,21.88,3.8738,125.0856,0.00544,0.00618
6.12,21.88,3.9340,130.2706,0.04183,0.00565
6.38,21.88,4.1163,136.9837,0.18113,0.00499
6.62,21.88,4.0589,136.4511,0.45489,0.00380
6.88,21.88,4.2273,136.5044,0.76168,0.00268
7.12,21.88,4.4205,141.4248,1.24091,0.00154
7.38,21.88,5.2536,146.4043,1.98673,0.00084
2.62,22.12,5.2970,136.3849,1.66551,0.00196
2.88,22.12,4.3273,131.9353,0.90046,0.00330
3.12,22.12,4.0406,137.8739,0.31652,0.00489
3.38,22.12,3.9010,142.5789,0.12094,0.00563
3.62,22.12,3.9563,134.2227,0.06794,0.00603
3.88,22.12,3.8552,124.7222,0.08723,0.00576
4.12,22.12,4.0965,123.7053,0.12688,0.00593
4.38,22.12,4.1743,125.9711,0.07645,0.00620
4.62,22.12,4.5568,126.3088,0.01705,0.00675
4.88,22.12,4.5632,123.2033,0.00140,0.00708
5.12,22.12,4.3821,121.5516,0.00004,0.00716
5.38,22.12,4.2299,123.8323,0.00008,0.00715
5.62,22.12,3.9159,123.4189,0.00095,0.00677
5.88,22.12,3.8874,122.9291,0.00566,0.00637
6.12,22.12,3.8584,127.2731,0.02829,0.00573
6.38,22.12,3.9906,135.9109,0.14264,0.00500
6.62,22.12,3.9813,136.9607,0.45924,0.00375
6.88,22.12,4.2744,134.4374,0.85232,0.00258
7.12,22.12,4.5927,139.8344,1.25635,0.00149
7.38,22.12,5.4547,149.7786,1.81711,0.00086
2.62,22.38,5.6810,124.0879,2.37237,0.00176
2.88,22.38,4.4406,120.2903,1.21636,0.00311
3.12,22.38,4.0536,126.7934,0.40668,0.00476
3.38,22.38,3.9058,133.4445,0.17693,0.00551
3.62,22.38,3.9725,130.1858,0.11906,0.00592
3.88,22.38,3.8699,124.3050,0.18435,0.00556
4.12,22.38,4.1323,125.2557,0.27617,0.00569
4.38,22.38,4.1810,129.3250,0.16674,0.00608
4.62,22.38,4.4570,127.2663,0.03727,0.00672
4.88,22.38,4.4762,122.0076,0.00309,0.00709
5.12,22.38,4.4133,122.3257,0.00013,0.00729
5.38,22.38,4.2972,124.4858,0.00059,0.00727
5.62,22.38,4.0006,121.3872,0.00540,0.00693
5.88,22.38,3.9865,119.7632,0.02345,0.00662
6.12,22.38,3.8551,124.4471,0.05759,0.00588
6.38,22.38,3.9183,133.7613,0.17675,0.00500
6.62,22.38,4.0078,134.7518,0.61165,0.00369
6.88,22.38,4.3965,129.9651,1.17633,0.00241
7.12,22.38,4.6966,136.9981,1.58832,0.00137
7.38,22.38,5.5625,150.6354,2.20377,0.00084
2.62,22.62,5.7608,125.5588,2.55000,0.00168
2.88,22.62,4.4367,124.9763,1.23037,0.00296
3.12,22.62,4.0556,125.5923,0.34603,0.00458
3.38,22.62,3.9108,124.8649,0.11586,0.00531
3.62,22.62,4.0019,122.0838,0.09010,0.00581
3.88,22.62,3.8333,118.8434,0.19157,0.00540
4.12,22.62,4.0239,122.7115,0.29993,0.00546
4.38,22.62,4.0924,129.6401,0.18359,0.00594
4.62,22.62,4.3767,128.1070,0.04331,0.00669
4.88,22.62,4.4498,123.0850,0.00471,0.00702
5.12,22.62,4.4129,123.6036,0.00065,0.00723
5.38,22.62,4.2912,124.6710,0.00393,0.00725
5.62,22.62,4.0572,121.6380,0.02437,0.00702
5.88,22.62,4.1018,120.8740,0.07894,0.00680
6.12,22.62,3.8840,123.6184,0.15694,0.00597
6.38,22.62,3.8758,127.9776,0.29067,0.00503
6.62,22.62,4.0783,126.5577,0.72723,0.00379
6.88,22.62,4.5440,122.5451,1.28362,0.00245
7.12,22.62,4.6448,129.4667,1.63637,0.00136
7.38,22.62,5.1871,143.5942,2.26719,0.00081
2.62,22.88,5.4869,133.8824,2.38733,0.00169
2.88,22.88,4.3612,137.9251,1.09439,0.00294
3.12,22.88,4.0933,132.8637,0.25121,0.00450
3.38,22.88,3.9262,123.3246,0.04280,0.00521
3.62,22.88,3.9911,117.4950,0.04637,0.00578
3.88,22.88,3.8246,115.6286,0.15977,0.00538
4.12,22.88,4.0011,123.0767,0.27108,0.00541
4.38,22.88,4.0669,132.2472,0.19087,0.00592
4.62,22.88,4.2774,130.2729,0.07126,0.00664
4.88,22.88,4.3514,124.1642,0.01990,0.00688
5.12,22.88,4.4247,125.1507,0.00465,0.00716
5.38,22.88,4.3297,127.0996,0.01583,0.00725
5.62,22.88,4.0868,125.8271,0.08281,0.00699
5.88,22.88,4.1108,125.4283,0.20784,0.00674
6.12,22.88,3.9867,126.5256,0.30829,0.00599
6.38,22.88,4.0540,126.6899,0.37431,0.00522
6.62,22.88,4.2010,123.2544,0.62548,0.00407
6.88,22.88,4.5865,121.7177,1.00556,0.00272
7.12,22.88,4.6307,126.8643,1.32139,0.00156
7.38,22.88,4.9380,136.3643,1.92048,0.00092
2.62,23.12,5.5143,143.2278,2.46190,0.00172
2.88,23.12,4.4184,148.6843,1.11922,0.00295
3.12,23.12,4.1286,140.7826,0.25108,0.00448
3.38,23.12,3.9831,129.3069,0.03465,0.00522
3.62,23.12,4.0742,123.5292,0.05026,0.00586
3.88,23.12,3.9317,121.8762,0.21224,0.00552
4.12,23.12,4.0739,124.8149,0.39919,0.00552
4.38,23.12,4.1047,128.9959,0.36106,0.00600
4.62,23.12,4.2442,127.9540,0.20907,0.00667
4.88,23.12,4.2444,123.9198,0.08003,0.00677
5.12,23.12,4.3935,127.3626,0.01725,0.00710
5.38,23.12,4.3790,132.2389,0.02772,0.00730
5.62,23.12,4.1922,133.1582,0.13616,0.00703
5.88,23.12,4.2183,132.0520,0.30926,0.00673
6.12,23.12,4.1165,132.4204,0.36927,0.00605
6.38,23.12,4.1465,131.8091,0.34145,0.00540
6.62,23.12,4.1849,126.4770,0.54074,0.00424
6.88,23.12,4.4585,125.2785,0.86511,0.00294
7.12,23.12,4.4728,130.7240,1.04017,0.00178
7.38,23.12,4.7089,136.2731,1.40973,0.00111
2.62,23.38,5.4937,150.4029,2.39203,0.00170
2.88,23.38,4.4318,155.1291,1.11555,0.00294
3.12,23.38,4.1700,148.2206,0.29705,0.00448
3.38,23.38,4.0224,139.3641,0.07879,0.00523
3.62,23.38,4.0993,135.9913,0.09095,0.00591
3.88,23.38,4.0152,134.9662,0.28483,0.00566
4.12,23.38,4.1731,127.7498,0.53184,0.00569
4.38,23.38,4.1638,121.6040,0.51714,0.00614
4.62,23.38,4.3063,123.2217,0.32722,0.00684
4.88,23.38,4.2517,124.1216,0.13047,0.00687
5.12,23.38,4.3137,127.9440,0.02673,0.00707
5.38,23.38,4.3372,134.9019,0.02393,0.00728
5.62,23.38,4.2640,139.4762,0.10971,0.00709
5.88,23.38,4.3291,140.0323,0.23272,0.00683
6.12,23.38,4.1427,140.2543,0.24578,0.00610
6.38,23.38,4.1058,139.0632,0.25017,0.00547
6.62,23.38,4.1039,132.1839,0.57935,0.00427
6.88,23.38,4.3483,126.7440,0.95173,0.00303
7.12,23.38,4.3145,130.3317,0.91557,0.00191
7.38,23.38,4.5559,137.1493,0.96999,0.00130
2.62,23.62,5.3203,145.9261,2.13469,0.00167
2.88,23.62,4.3403,146.1522,1.02613,0.00294
3.12,23.62,4.1265,142.3483,0.33195,0.00448
3.38,23.62,4.0013,137.4128,0.16742,0.00528
3.62,23.62,4.1020,135.3354,0.20101,0.00600
3.88,23.62,4.0684,135.0295,0.34878,0.00580
4.12,23.62,4.2149,126.0170,0.51526,0.00586
4.38,23.62,4.1490,117.8721,0.42264,0.00621
4.62,23.62,4.3057,120.9247,0.22254,0.00693
4.88,23.62,4.2757,124.3720,0.08111,0.00709
5.12,23.62,4.2455,127.2338,0.01640,0.00723
5.38,23.62,4.2827,134.4389,0.01594,0.00734
5.62,23.62,4.2715,142.0029,0.07128,0.00717
5.88,23.62,4.2958,144.7315,0.14171,0.00693
6.12,23.62,4.0279,145.4413,0.14567,0.00609
6.38,23.62,4.0316,143.8667,0.21334,0.00536
6.62,23.62,4.0168,137.0185,0.56086,0.00414
6.88,23.62,4.3028,128.8816,0.88756,0.00295
7.12,23.62,4.4082,128.6944,0.94376,0.00190
7.38,23.62,4.7957,136.4603,1.17046,0.00137
2.62,23.88,5.2275,144.5679,1.76098,0.00174
2.88,23.88,4.3074,137.6725,0.84993,0.00299
3.12,23.88,4.1003,132.6598,0.30724,0.00448
3.38,23.88,4.0115,128.0244,0.26094,0.00532
3.62,23.88,4.1345,125.7261,0.35397,0.00605
3.88,23.88,4.1177,126.5870,0.41703,0.00590
4.12,23.88,4.2259,122.7033,0.45676,0.00595
4.38,23.88,4.1016,118.6846,0.28411,0.00618
4.62,23.88,4.2188,121.1796,0.09153,0.00686
4.88,23.88,4.2302,124.7599,0.02157,0.00722
5.12,23.88,4.2226,128.7525,0.00415,0.00745
5.38,23.88,4.2395,134.5204,0.00844,0.00749
5.62,23.88,4.1515,139.5762,0.04573,0.00723
5.88,23.88,4.1320,141.5173,0.11889,0.00693
6.12,23.88,3.9210,142.9374,0.17067,0.00607
6.38,23.88,4.0372,143.7434,0.25893,0.00523
6.62,23.88,4.0524,139.8891,0.53093,0.00392
6.88,23.88,4.3204,135.1110,0.78738,0.00265
7.12,23.88,4.4502,135.9963,1.09118,0.00163
7.38,23.88,4.9055,143.1640,1.73060,0.00109
2.62,24.12,4.9062,153.4879,1.18308,0.00188
2.88,24.12,4.2162,141.7082,0.61730,0.00310
3.12,24.12,4.1334,131.6791,0.32952,0.00453
3.38,24.12,4.0542,124.6353,0.35280,0.00536
3.62,24.12,4.1122,123.2141,0.39516,0.00603
3.88,24.12,4.0456,125.1847,0.37661,0.00590
4.12,24.12,4.1207,124.9530,0.36227,0.00594
4.38,24.12,4.0502,124.2114,0.20282,0.00615
4.62,24.12,4.2223,127.3626,0.04859,0.00688
4.88,24.12,4.2346,130.0878,0.00633,0.00732
5.12,24.12,4.2166,132.0877,0.00195,0.00763
5.38,24.12,4.2335,133.9028,0.00531,0.00769
5.62,24.12,4.0871,134.2014,0.03096,0.00734
5.88,24.12,4.1045,135.1584,0.11720,0.00705
6.12,24.12,4.0112,137.7765,0.21214,0.00631
6.38,24.12,4.2007,142.0525,0.30866,0.00532
6.62,24.12,4.2311,141.1067,0.58775,0.00382
6.88,24.12,4.3240,138.8694,0.86282,0.00245
7.12,24.12,4.3000,142.4216,1.17999,0.00140
7.38,24.12,4.6821,150.6635,1.85511,0.00081
2.62,24.38,4.7119,166.1317,0.91283,0.00198
2.88,24.38,4.2943,154.5583,0.54671,0.00316
3.12,24.38,4.2829,139.6864,0.38818,0.00461
3.38,24.38,4.0417,127.4023,0.36359,0.00544
3.62,24.38,3.9435,125.0997,0.28867,0.00605
3.88,24.38,3.8871,127.3604,0.25670,0.00597
4.12,24.38,4.0526,129.4814,0.27667,0.00607
4.38,24.38,4.0040,130.3780,0.16976,0.00628
4.62,24.38,4.0978,133.7152,0.05716,0.00691
4.88,24.38,4.1292,135.0727,0.01937,0.00731
5.12,24.38,4.0276,132.7264,0.01707,0.00758
5.38,24.38,3.9936,130.6968,0.02452,0.00761
5.62,24.38,3.9305,129.8446,0.02884,0.00725
5.88,24.38,4.0799,133.2900,0.07236,0.00710
6.12,24.38,4.0753,137.0514,0.15343,0.00648
6.38,24.38,4.2852,141.1621,0.30531,0.00532
6.62,24.38,4.3942,140.5801,0.68189,0.00377
6.88,24.38,4.4124,137.9888,1.01495,0.00245
7.12,24.38,4.2518,141.1700,1.23051,0.00136
7.38,24.38,4.4419,148.9766,1.76268,0.00070
2.62,24.62,4.7035,171.9226,0.93766,0.00205
2.88,24.62,4.2646,161.2856,0.56380,0.00318
3.12,24.62,4.1823,143.5395,0.31436,0.00466
3.38,24.62,3.9347,126.5135,0.21828,0.00561
3.62,24.62,3.8563,122.1903,0.16610,0.00629
3.88,24.62,3.8072,125.3354,0.22751,0.00629
4.12,24.62,4.0385,130.8831,0.32636,0.00648
4.38,24.62,4.0662,134.1181,0.25402,0.00675
4.62,24.62,4.1114,134.3928,0.14931,0.00719
4.88,24.62,4.1361,132.7531,0.08097,0.00743
5.12,24.62,3.9417,131.1023,0.07731,0.00760
5.38,24.62,3.8467,130.4985,0.10514,0.00755
5.62,24.62,3.8001,130.4231,0.06936,0.00714
5.88,24.62,3.9442,133.5655,0.05043,0.00697
6.12,24.62,3.9668,134.4082,0.12976,0.00635
6.38,24.62,4.1572,136.5167,0.33586,0.00518
6.62,24.62,4.3278,137.4481,0.74762,0.00371
6.88,24.62,4.5215,135.9084,1.13242,0.00247
7.12,24.62,4.4603,139.4875,1.35818,0.00135
7.38,24.62,4.6597,146.9508,1.89604,0.00064
2.62,24.88,4.5099,178.6458,0.77008,0.00206
2.88,24.88,4.0421,165.6079,0.48065,0.00310
3.12,24.88,3.9074,143.2519,0.21857,0.00456
3.38,24.88,3.8083,122.3617,0.14217,0.00568
3.62,24.88,3.8800,116.2794,0.17785,0.00658
3.88,24.88,3.8702,121.8951,0.25403,0.00694
4.12,24.88,4.1739,132.9634,0.35304,0.00729
4.38,24.88,4.2771,137.2968,0.34089,0.00757
4.62,24.88,4.2885,132.9287,0.27148,0.00786
4.88,24.88,4.2173,130.7389,0.16803,0.00783
5.12,24.88,4.0134,133.8650,0.14296,0.00778
5.38,24.88,3.9790,136.5473,0.18126,0.00766
5.62,24.88,3.9089,135.7027,0.13448,0.00721
5.88,24.88,3.9321,135.0452,0.10863,0.00691
6.12,24.88,3.9268,133.2937,0.22215,0.00624
6.38,24.88,4.1468,134.1112,0.45483,0.00516
6.62,24.88,4.2270,135.0185,0.74540,0.00375
6.88,24.88,4.2803,134.6944,1.00633,0.00249
7.12,24.88,4.2250,139.5650,1.23988,0.00135
7.38,24.88,4.6530,147.3144,1.78039,0.00063
2.62,25.12,4.3254,189.8344,0.60198,0.00196
2.88,25.12,4.0081,175.5581,0.36579,0.00297
3.12,25.12,3.9053,149.2165,0.17378,0.00448
3.38,25.12,3.8844,124.3265,0.19878,0.00578
3.62,25.12,4.0448,117.1245,0.30170,0.00691
3.88,25.12,4.0177,123.6121,0.27694,0.00768
4.12,25.12,4.2738,133.2097,0.28590,0.00813
4.38,25.12,4.4038,133.6505,0.34449,0.00823
4.62,25.12,4.4770,129.2076,0.35384,0.00846
4.88,25.12,4.3711,131.2303,0.25564,0.00826
5.12,25.12,4.0689,136.2554,0.15566,0.00788
5.38,25.12,4.0177,139.0482,0.14719,0.00758
5.62,25.12,4.0154,138.2386,0.19171,0.00718
5.88,25.12,4.0664,138.0195,0.25902,0.00688
6.12,25.12,4.0163,139.6738,0.32055,0.00618
6.38,25.12,4.1575,139.2104,0.47224,0.00523
6.62,25.12,4.1099,135.3615,0.65477,0.00390
6.88,25.12,4.0090,134.7821,0.78317,0.00261
7.12,25.12,3.9433,140.7060,0.88557,0.00147
7.38,25.12,4.3856,147.8885,1.15214,0.00077
2.62,25.38,4.4840,187.8458,1.01242,0.00191
2.88,25.38,4.2250,177.0697,0.55857,0.00307
3.12,25.38,4.0994,154.1698,0.23538,0.00475
3.38,25.38,3.9912,130.3737,0.25685,0.00607
3.62,25.38,4.0980,122.7396,0.38381,0.00719
3.88,25.38,4.0041,126.3776,0.33281,0.00801
4.12,25.38,4.1735,129.2818,0.32419,0.00848
4.38,25.38,4.3661,126.5926,0.39438,0.00852
4.62,25.38,4.5376,125.5476,0.41326,0.00874
4.88,25.38,4.4488,130.4040,0.31364,0.00855
5.12,25.38,4.0857,134.8355,0.14981,0.00805
5.38,25.38,4.0255,137.9095,0.09607,0.00761
5.62,25.38,4.0628,138.9598,0.22454,0.00722
5.88,25.38,4.1207,141.8646,0.36237,0.00692
6.12,25.38,4.0241,146.7843,0.30579,0.00627
6.38,25.38,4.0256,143.5635,0.29852,0.00539
6.62,25.38,3.9759,135.9323,0.45999,0.00412
6.88,25.38,4.0504,135.8873,0.64267,0.00282
7.12,25.38,4.0483,141.9942,0.67840,0.00171
7.38,25.38,4.1657,147.4137,0.68703,0.00102
2.62,25.62,4.6103,177.0375,1.57210,0.00215
2.88,25.62,4.3180,168.9080,0.85491,0.00358
3.12,25.62,4.1667,151.8416,0.33300,0.00531
3.38,25.62,4.0068,136.5959,0.26034,0.00649
3.62,25.62,4.0326,130.7211,0.36932,0.00755
3.88,25.62,3.9654,128.9151,0.40115,0.00816
4.12,25.62,4.1638,125.5114,0.45867,0.00862
4.38,25.62,4.3019,122.4584,0.44670,0.00877
4.62,25.62,4.3907,125.4313,0.33856,0.00902
4.88,25.62,4.3261,130.9563,0.21166,0.00885
5.12,25.62,4.0352,133.2523,0.09949,0.00840
5.38,25.62,3.9508,135.0607,0.06932,0.00786
5.62,25.62,3.9731,138.4336,0.14377,0.00733
5.88,25.62,4.0093,145.9126,0.21915,0.00698
6.12,25.62,3.9224,152.2284,0.16854,0.00648
6.38,25.62,3.8325,145.9827,0.13953,0.00568
6.62,25.62,3.8930,139.1639,0.24825,0.00434
6.88,25.62,4.1734,143.2026,0.44785,0.00299
7.12,25.62,4.1861,149.3558,0.57004,0.00190
7.38,25.62,4.0550,153.1188,0.60528,0.00119
2.62,25.88,4.4029,160.7785,1.55062,0.00309
2.88,25.88,4.0449,154.2875,0.84680,0.00479
3.12,25.88,3.9876,144.0668,0.37982,0.00615
3.38,25.88,3.9949,139.4349,0.28788,0.00710
3.62,25.88,4.0109,135.9559,0.36309,0.00824
3.88,25.88,3.9513,130.0835,0.42591,0.00864
4.12,25.88,4.1183,124.7732,0.44687,0.00900
4.38,25.88,4.1905,123.7886,0.36739,0.00935
4.62,25.88,4.2368,127.5774,0.24544,0.00963
4.88,25.88,4.1574,130.5826,0.13264,0.00935
5.12,25.88,4.0329,131.7649,0.09877,0.00898
5.38,25.88,4.0682,133.8902,0.12788,0.00845
5.62,25.88,4.0382,139.0306,0.11520,0.00768
5.88,25.88,3.9412,147.4341,0.08666,0.00709
6.12,25.88,3.9000,153.6471,0.08384,0.00666
6.38,25.88,3.8600,150.1725,0.10913,0.00601
6.62,25.88,3.9048,147.0492,0.18080,0.00474
6.88,25.88,4.0908,151.3108,0.38523,0.00338
7.12,25.88,4.1399,157.0897,0.64122,0.00216
7.38,25.88,4.1266,163.8798,0.80143,0.00141
2.62,26.12,4.4197,147.2271,1.41112,0.00450
2.88,26.12,3.9883,141.3853,0.81114,0.00645
3.12,26.12,4.0009,135.8112,0.47569,0.00732
3.38,26.12,4.0798,136.9641,0.37878,0.00805
3.62,26.12,4.0514,135.7096,0.38781,0.00927
3.88,26.12,3.8909,130.0287,0.38056,0.00949
4.12,26.12,3.9159,126.3144,0.29949,0.00965
4.38,26.12,4.0381,128.4012,0.25438,0.01009
4.62,26.12,4.1699,132.5907,0.24760,0.01038
4.88,26.12,4.0656,132.5416,0.15848,0.01005
5.12,26.12,4.0153,133.3898,0.14702,0.00976
5.38,26.12,4.1411,136.2375,0.23682,0.00919
5.62,26.12,4.0642,140.1179,0.21935,0.00813
5.88,26.12,3.8803,145.0909,0.13667,0.00730
6.12,26.12,3.8694,149.6579,0.13599,0.00673
6.38,26.12,3.9541,149.8164,0.17776,0.00609
6.62,26.12,3.9726,147.9328,0.24275,0.00521
6.88,26.12,4.0412,148.9141,0.46041,0.00405
7.12,26.12,4.1582,155.1026,0.82516,0.00279
7.38,26.12,4.3407,166.8883,1.17425,0.00218
2.62,26.38,4.4941,142.4330,1.30924,0.00645
2.88,26.38,4.0986,134.3065,0.83367,0.00821
3.12,26.38,4.0942,126.9487,0.59811,0.00839
3.38,26.38,4.0733,129.6823,0.42149,0.00874
3.62,26.38,3.9453,132.9547,0.27948,0.01000
3.88,26.38,3.7876,130.7539,0.20545,0.01045
4.12,26.38,3.8257,128.6475,0.15688,0.01057
4.38,26.38,3.9573,131.7004,0.22945,0.01079
4.62,26.38,4.1145,136.4299,0.30827,0.01088
4.88,26.38,4.0201,134.9690,0.19416,0.01067
5.12,26.38,3.9781,136.1398,0.12663,0.01059
5.38,26.38,4.1622,140.5211,0.22072,0.00995
5.62,26.38,4.1888,143.3856,0.29250,0.00864
5.88,26.38,4.0922,144.3060,0.30981,0.00773
6.12,26.38,4.1150,143.5988,0.36655,0.00707
6.38,26.38,4.2287,141.5667,0.38951,0.00618
6.62,26.38,4.2046,139.8361,0.43062,0.00521
6.88,26.38,4.1722,141.4029,0.60358,0.00402
7.12,26.38,4.2829,148.7464,0.94707,0.00301
7.38,26.38,4.5284,160.5983,1.39684,0.00284
2.62,26.62,4.2596,141.5426,0.92832,0.01271
2.88,26.62,4.0515,130.0120,0.73500,0.01380
3.12,26.62,4.0774,121.1741,0.69539,0.01106
3.38,26.62,4.0483,125.0314,0.47726,0.00920
3.62,26.62,3.9079,131.7348,0.20321,0.01016
3.88,26.62,3.7674,132.3055,0.09169,0.01126
4.12,26.62,3.8565,130.3628,0.13688,0.01170
4.38,26.62,3.9940,131.0137,0.33544,0.01173
4.62,26.62,4.0922,132.7782,0.43876,0.01164
4.88,26.62,3.9408,131.1717,0.24923,0.01152
5.12,26.62,3.8843,133.9982,0.09908,0.01154
5.38,26.62,4.0542,139.5379,0.15454,0.01075
5.62,26.62,4.2207,141.5958,0.31318,0.00915
5.88,26.62,4.3033,138.7799,0.52676,0.00810
6.12,26.62,4.2979,135.1859,0.68376,0.00731
6.38,26.62,4.3224,133.9824,0.65567,0.00609
6.62,26.62,4.2838,133.3599,0.64378,0.00465
6.88,26.62,4.2687,135.0202,0.74459,0.00336
7.12,26.62,4.3231,142.2604,0.99465,0.00267
7.38,26.62,4.4285,151.5917,1.41553,0.00270
2.62,26.88,4.2370,141.9708,0.72631,0.01922
2.88,26.88,4.0240,126.9290,0.64861,0.02010
3.12,26.88,4.0241,118.8884,0.70482,0.01439
3.38,26.88,4.0724,123.1980,0.54129,0.01001
3.62,26.88,4.0368,132.3863,0.26288,0.01050
3.88,26.88,3.9202,135.8245,0.11201,0.01220
4.12,26.88,4.0050,132.9626,0.16067,0.01319
4.38,26.88,4.0553,130.0445,0.35890,0.01337
4.62,26.88,4.0623,129.8161,0.41370,0.01340
4.88,26.88,3.9605,129.2920,0.22684,0.01343
5.12,26.88,3.9269,131.6252,0.13254,0.01323
5.38,26.88,4.0009,134.1357,0.25182,0.01189
5.62,26.88,4.1179,131.6108,0.48381,0.00970
5.88,26.88,4.2473,126.8208,0.75421,0.00805
6.12,26.88,4.3094,127.1233,0.88873,0.00696
6.38,26.88,4.4162,130.8083,0.83072,0.00586
6.62,26.88,4.2785,131.4309,0.74684,0.00438
6.88,26.88,4.0796,133.6591,0.71465,0.00311
7.12,26.88,3.9853,141.9922,0.84357,0.00261
7.38,26.88,4.0127,148.9727,1.20319,0.00268
2.62,27.12,4.4538,143.7368,0.97658,0.01535
2.88,27.12,4.1333,127.1304,0.76054,0.01647
3.12,27.12,4.1128,117.6934,0.74190,0.01282
3.38,27.12,4.0721,118.9918,0.59489,0.01015
3.62,27.12,4.0367,130.7377,0.32753,0.01128
3.88,27.12,3.9687,138.2793,0.13488,0.01340
4.12,27.12,4.0436,134.1680,0.11293,0.01489
4.38,27.12,4.0262,128.2789,0.22968,0.01565
4.62,27.12,4.0303,129.7167,0.26882,0.01612
4.88,27.12,3.9544,131.5541,0.16661,0.01658
5.12,27.12,3.9279,130.1664,0.18877,0.01610
5.38,27.12,4.0671,125.6661,0.43886,0.01374
5.62,27.12,4.1182,116.6022,0.76796,0.01058
5.88,27.12,4.1528,113.7537,0.97681,0.00812
6.12,27.12,4.2691,119.1506,0.95458,0.00698
6.38,27.12,4.5085,123.8632,0.90238,0.00638
6.62,27.12,4.3532,125.0012,0.86442,0.00505
6.88,27.12,3.9888,132.1714,0.76693,0.00367
7.12,27.12,3.8077,148.0097,0.75895,0.00301
7.38,27.12,3.9028,158.7451,0.99871,0.00301
2.62,27.38,4.5463,152.1939,1.09811,0.00914
2.88,27.38,4.2361,138.2878,0.78824,0.00950
3.12,27.38,4.2195,126.9615,0.65931,0.00910
3.38,27.38,4.0599,123.1090,0.46715,0.00989
3.62,27.38,3.9974,130.8190,0.23771,0.01241
3.88,27.38,3.9453,137.3332,0.09482,0.01511
4.12,27.38,3.9700,133.1442,0.07565,0.01711
4.38,27.38,4.0004,125.9356,0.18839,0.01853
4.62,27.38,4.0808,125.3424,0.26365,0.01960
4.88,27.38,4.0185,128.1663,0.18186,0.02045
5.12,27.38,4.0301,127.6914,0.21217,0.01964
5.38,27.38,4.2248,120.8798,0.49684,0.01628
5.62,27.38,4.2777,108.2679,0.90360,0.01189
5.88,27.38,4.2881,105.9395,1.10773,0.00852
6.12,27.38,4.1798,111.3105,0.91920,0.00759
6.38,27.38,4.2716,113.4279,0.86091,0.00759
6.62,27.38,4.2767,114.5336,1.01667,0.00654
6.88,27.38,4.1690,128.3753,1.09418,0.00525
7.12,27.38,4.0705,152.3813,1.10003,0.00402
7.38,27.38,4.1430,166.8515,1.27517,0.00342
2.62,27.62,4.4624,160.2539,1.22464,0.00655
2.88,27.62,4.1317,149.1334,0.76831,0.00627
3.12,27.62,4.0718,138.6888,0.45661,0.00738
3.38,27.62,3.9268,134.1872,0.28844,0.01025
3.62,27.62,3.9208,133.3831,0.19635,0.01411
3.88,27.62,3.9398,130.9882,0.11204,0.01790
4.12,27.62,3.9062,126.5027,0.11780,0.02087
4.38,27.62,3.8135,122.3893,0.25315,0.02268
4.62,27.62,3.8732,120.0712,0.31533,0.02413
4.88,27.62,3.9163,122.1808,0.21985,0.02479
5.12,27.62,4.0245,124.5180,0.25195,0.02296
5.38,27.62,4.2071,118.6277,0.50987,0.01871
5.62,27.62,4.2824,106.6381,0.86392,0.01361
5.88,27.62,4.3310,103.9990,1.05644,0.00956
6.12,27.62,4.0666,108.6167,0.84023,0.00814
6.38,27.62,4.0760,110.5058,0.77483,0.00803
6.62,27.62,4.2397,111.2956,0.99272,0.00764
6.88,27.62,4.4031,127.3631,1.22437,0.00707
7.12,27.62,4.3953,151.6366,1.40778,0.00486
7.38,27.62,4.3778,163.5120,1.70554,0.00293
2.62,27.88,4.6116,155.7882,1.69675,0.00615
2.88,27.88,4.2229,143.9124,0.97895,0.00630
3.12,27.88,4.1372,136.1740,0.46104,0.00774
3.38,27.88,3.9689,135.8354,0.31022,0.01144
3.62,27.88,3.9634,131.4976,0.30791,0.01675
3.88,27.88,3.9499,123.0387,0.20358,0.02172
4.12,27.88,3.9145,120.3142,0.17381,0.02640
4.38,27.88,3.7635,121.7318,0.27769,0.02953
4.62,27.88,3.8039,122.0037,0.30622,0.03144
4.88,27.88,3.9058,123.7515,0.25370,0.03160
5.12,27.88,4.0196,126.1038,0.32013,0.02814
5.38,27.88,4.1486,117.8279,0.59814,0.02208
5.62,27.88,4.2577,105.5414,0.89587,0.01604
5.88,27.88,4.1634,101.3014,0.98891,0.01140
6.12,27.88,3.9075,105.0741,0.85645,0.00881
6.38,27.88,3.9425,110.0953,0.82982,0.00766
6.62,27.88,3.9970,112.7644,0.86014,0.00735
6.88,27.88,4.1499,124.6113,0.92991,0.00725
7.12,27.88,4.2896,143.5407,1.15936,0.00482
7.38,27.88,4.3691,154.4031,1.60066,0.00231
2.62,28.12,4.6848,143.8722,1.66444,0.01263
2.88,28.12,4.2966,130.6608,0.97809,0.01205
3.12,28.12,4.1612,124.7187,0.52936,0.01122
3.38,28.12,3.9237,127.7994,0.38201,0.01360
3.62,28.12,3.8666,127.4591,0.36087,0.01962
3.88,28.12,3.8024,122.3631,0.25120,0.02664
4.12,28.12,3.9038,124.1367,0.19358,0.03524
4.38,28.12,3.8966,127.9631,0.27145,0.04187
4.62,28.12,3.9422,127.3840,0.33914,0.04398
4.88,28.12,4.0515,126.0752,0.33371,0.04265
5.12,28.12,4.2304,125.2568,0.43836,0.03758
5.38,28.12,4.3921,113.9714,0.86768,0.02862
5.62,28.12,4.5976,100.9291,1.26103,0.01928
5.88,28.12,4.3221,96.3828,1.21309,0.01315
6.12,28.12,3.9846,101.5363,1.02680,0.01014
6.38,28.12,3.9032,110.2829,0.98550,0.00825
6.62,28.12,3.8076,115.4504,0.85800,0.00683
6.88,28.12,3.9262,121.6833,0.75313,0.00603
7.12,28.12,4.0917,135.0266,0.90419,0.00432
7.38,28.12,4.1736,146.6551,1.35142,0.00240
2.62,28.38,4.6748,137.8048,1.26412,0.02425
2.88,28.38,4.3375,128.1847,0.75740,0.02256
3.12,28.38,4.1853,125.2020,0.47884,0.01919
3.38,28.38,4.0100,128.7179,0.39975,0.01840
3.62,28.38,3.9713,131.0136,0.41400,0.02274
3.88,28.38,3.8669,127.8501,0.37598,0.03221
4.12,28.38,4.0032,127.8854,0.36374,0.04606
4.38,28.38,4.0721,127.2393,0.49217,0.05830
4.62,28.38,4.0368,124.5218,0.57323,0.06370
4.88,28.38,4.0658,123.4001,0.44539,0.06284
5.12,28.38,4.2797,119.1996,0.55061,0.05560
5.38,28.38,4.3540,106.8224,1.12367,0.04135
5.62,28.38,4.4828,96.3606,1.54619,0.02548
5.88,28.38,4.3770,94.7341,1.40615,0.01607
6.12,28.38,4.1644,100.3589,1.15546,0.01246
6.38,28.38,3.9867,106.8247,1.07372,0.00998
6.62,28.38,3.9584,110.4488,0.95023,0.00797
6.88,28.38,4.1014,114.2559,0.87421,0.00892
7.12,28.38,4.0584,127.2384,0.94945,0.01007
7.38,28.38,3.8919,141.4885,1.26106,0.00745
2.62,28.62,4.5686,134.9136,1.19183,0.03129
2.88,28.62,4.2520,127.9859,0.70054,0.03257
3.12,28.62,4.1411,125.9843,0.48874,0.03195
3.38,28.62,4.0945,127.2194,0.55475,0.02712
3.62,28.62,4.1586,130.3144,0.67214,0.02614
3.88,28.62,3.9859,128.8297,0.63687,0.03617
4.12,28.62,3.9421,122.1895,0.65266,0.05486
4.38,28.62,4.0959,115.0359,0.89200,0.07592
4.62,28.62,4.1806,114.2915,0.96425,0.09224
4.88,28.62,4.0884,116.3798,0.61182,0.09670
5.12,28.62,4.1257,112.0406,0.57687,0.08692
5.38,28.62,4.1376,102.0520,1.05825,0.06736
5.62,28.62,4.1483,96.7121,1.34045,0.04448
5.88,28.62,4.2130,96.4852,1.29234,0.02677
6.12,28.62,4.2898,95.9880,1.28078,0.01700
6.38,28.62,4.2480,95.6489,1.27959,0.01221
6.62,28.62,4.2482,98.8509,1.16057,0.01739
6.88,28.62,4.2266,107.3691,1.01068,0.04930
7.12,28.62,4.0498,125.6156,0.98418,0.07995
7.38,28.62,3.7096,141.4029,1.19656,0.06437
2.62,28.88,4.5193,137.8374,1.30138,0.03026
2.88,28.88,4.3952,126.7131,0.81640,0.03588
3.12,28.88,4.3638,120.1983,0.64139,0.03926
3.38,28.88,4.1267,117.2387,0.77607,0.03241
3.62,28.88,4.0520,120.1426,0.89895,0.02834
3.88,28.88,3.9124,123.3646,0.78232,0.04003
4.12,28.88,3.8240,115.6895,0.78168,0.06649
4.38,28.88,4.0020,106.0475,1.05599,0.10195
4.62,28.88,4.1748,106.5302,1.12661,0.13558
4.88,28.88,4.0048,110.0405,0.71449,0.14945
5.12,28.88,3.9226,108.9034,0.55610,0.13785
5.38,28.88,4.0523,102.2789,0.87534,0.11003
5.62,28.88,4.0970,99.4041,1.06037,0.07697
5.88,28.88,4.1085,98.1201,1.11830,0.04688
6.12,28.88,4.1138,91.8850,1.27435,0.02638
6.38,28.88,4.1612,87.2088,1.33418,0.01837
6.62,28.88,4.3102,90.1777,1.24830,0.05304
6.88,28.88,4.3009,103.7324,0.97353,0.20511
7.12,28.88,4.1642,127.3998,0.88811,0.35074
7.38,28.88,3.8225,144.7545,1.18166,0.28526
2.62,29.12,4.3189,136.7496,1.38549,0.02310
2.88,29.12,4.3559,123.2749,0.95122,0.03089
3.12,29.12,4.3130,114.2769,0.72247,0.03680
3.38,29.12,4.0080,108.3798,0.81740,0.03597
3.62,29.12,3.9170,107.4904,0.98509,0.03261
3.88,29.12,3.8873,110.5979,0.95225,0.04402
4.12,29.12,3.8088,109.3547,0.91310,0.08091
4.38,29.12,3.7376,106.5005,0.93214,0.14343
4.62,29.12,3.7190,106.7051,0.86106,0.21048
4.88,29.12,3.5786,106.1360,0.58402,0.24241
5.12,29.12,3.6136,105.5054,0.48688,0.22454
5.38,29.12,3.8852,103.0381,0.77320,0.16688
5.62,29.12,4.0857,102.5677,1.01185,0.10534
5.88,29.12,4.1291,98.7641,1.09497,0.06339
6.12,29.12,3.9507,90.1222,1.14572,0.04018
6.38,29.12,3.8693,86.1107,1.09049,0.03288
6.62,29.12,4.0206,88.2988,0.99641,0.09750
6.88,29.12,4.1228,100.8753,0.77918,0.37841
7.12,29.12,4.1460,124.1578,0.85929,0.64928
7.38,29.12,4.0666,142.4608,1.39222,0.52849
2.62,29.38,3.9951,130.4864,1.21298,0.03121
2.88,29.38,4.3156,121.9173,0.88223,0.04685
3.12,29.38,4.2793,116.5913,0.62087,0.06316
3.38,29.38,4.1046,110.3176,0.71025,0.07512
3.62,29.38,4.0724,104.6793,0.98084,0.05932
3.88,29.38,4.0715,105.9659,1.09686,0.05463
4.12,29.38,3.9129,113.5081,1.03191,0.09636
4.38,29.38,3.5917,121.5967,0.80133,0.19483
4.62,29.38,3.3706,119.4699,0.56636,0.32279
4.88,29.38,3.2178,109.0527,0.40768,0.39385
5.12,29.38,3.4865,106.9839,0.58618,0.35023
5.38,29.38,3.9925,109.6219,1.06029,0.22679
5.62,29.38,4.1405,108.4872,1.22965,0.11958
5.88,29.38,4.1081,99.1266,1.18826,0.07156
6.12,29.38,4.0585,89.3572,1.15967,0.06221
6.38,29.38,4.0204,87.1934,0.98105,0.06309
6.62,29.38,4.0305,87.9871,0.79245,0.12566
6.88,29.38,4.0763,98.3954,0.65788,0.42880
7.12,29.38,4.1649,119.9160,0.90149,0.72802
7.38,29.38,4.1537,136.4024,1.55504,0.59177
2.62,29.62,3.6614,130.0022,0.74693,0.04953
2.88,29.62,4.0896,125.1666,0.53433,0.07452
3.12,29.62,4.0597,124.8119,0.37447,0.10015
3.38,29.62,4.0677,119.9314,0.51052,0.12031
3.62,29.62,3.9641,113.4597,0.81122,0.08812
3.88,29.62,3.9799,117.6644,0.97922,0.06353
4.12,29.62,4.0012,133.4789,1.08790,0.09802
4.38,29.62,3.8214,153.9914,1.13927,0.21641
4.62,29.62,3.5118,152.7008,0.94054,0.42228
4.88,29.62,3.1814,128.1308,0.67044,0.56379
5.12,29.62,3.7651,125.6007,1.22095,0.46856
5.38,29.62,4.7674,139.1550,2.12706,0.25260
5.62,29.62,4.6381,130.1125,1.90543,0.10988
5.88,29.62,4.1786,107.4488,1.39411,0.07089
6.12,29.62,4.0396,94.7577,1.30837,0.08555
6.38,29.62,4.0951,93.0001,1.14296,0.09979
6.62,29.62,4.1553,94.5649,0.88009,0.15138
6.88,29.62,4.1049,107.5640,0.67700,0.45122
7.12,29.62,4.0703,129.4557,0.81677,0.75793
7.38,29.62,3.6207,142.3262,1.19778,0.61554
2.62,29.88,3.2586,139.8522,0.51902,0.05033
2.88,29.88,3.5622,135.4656,0.32480,0.07316
3.12,29.88,3.7849,140.8024,0.24615,0.09028
3.38,29.88,4.1737,137.4838,0.46585,0.10312
3.62,29.88,3.9552,130.7154,0.82400,0.07446
3.88,29.88,3.8070,135.4411,0.98384,0.05113
4.12,29.88,4.0360,153.1128,1.32424,0.07645
4.38,29.88,4.2166,185.9277,1.92472,0.19819
4.62,29.88,3.8391,195.4124,1.84791,0.46974
4.88,29.88,3.1804,159.6541,1.28732,0.68025
5.12,29.88,4.0323,154.7960,2.20131,0.53560
5.38,29.88,5.6174,182.0365,3.71505,0.24553
5.62,29.88,5.3349,165.2705,3.06104,0.08570
5.88,29.88,4.6093,129.0558,1.95420,0.05580
6.12,29.88,4.4076,111.9926,1.81163,0.08581
6.38,29.88,4.4839,108.4368,1.68414,0.10959
6.62,29.88,4.4067,112.8519,1.31503,0.13534
6.88,29.88,3.8881,133.2231,0.93235,0.34876
7.12,29.88,3.4812,158.1087,0.91714,0.57907
7.38,29.88,2.7815,166.7383,1.02554,0.47008
