x,y,rho,contact,casualty,pressure
2.62,0.12,0.2505,0.0000,0.00000,0.07543
2.88,0.12,0.6122,0.0001,0.00000,0.15396
3.12,0.12,0.9509,0.0005,0.00000,0.22919
3.38,0.12,1.0191,0.0009,0.00000,0.26552
3.62,0.12,1.2485,0.0006,0.00000,0.29475
3.88,0.12,1.5284,0.0002,0.00000,0.29959
4.12,0.12,1.4671,0.0001,0.00000,0.25967
4.38,0.12,1.3572,0.0000,0.00000,0.21223
4.62,0.12,1.4707,0.0000,0.00000,0.18160
4.88,0.12,1.5957,0.0000,0.00000,0.16488
5.12,0.12,1.6156,0.0000,0.00000,0.14789
5.38,0.12,1.6702,0.0000,0.00000,0.13336
5.62,0.12,1.6771,0.0000,0.00000,0.12201
5.88,0.12,1.6974,0.0000,0.00000,0.10926
6.12,0.12,1.7147,0.0000,0.00000,0.10701
6.38,0.12,1.6511,0.0007,0.00000,0.11296
6.62,0.12,1.5788,0.0193,0.00000,0.10958
6.88,0.12,1.7993,0.2256,0.00000,0.10598
7.12,0.12,1.7905,1.0513,0.00000,0.09523
7.38,0.12,1.1787,2.3186,0.00000,0.06184
2.62,0.38,0.5215,0.0000,0.00000,0.12759
2.88,0.38,1.1824,0.0002,0.00000,0.23897
3.12,0.38,1.6831,0.0007,0.00000,0.31205
3.38,0.38,1.5294,0.0012,0.00000,0.30833
3.62,0.38,1.5550,0.0010,0.00000,0.30964
3.88,0.38,1.8206,0.0006,0.00000,0.30433
4.12,0.38,1.8272,0.0003,0.00000,0.25750
4.38,0.38,1.7369,0.0001,0.00000,0.20699
4.62,0.38,1.7606,0.0000,0.00000,0.17688
4.88,0.38,1.8081,0.0000,0.00000,0.16022
5.12,0.38,1.7805,0.0000,0.00000,0.14557
5.38,0.38,1.8021,0.0000,0.00000,0.13267
5.62,0.38,1.8301,0.0001,0.00000,0.11848
5.88,0.38,1.8614,0.0002,0.00000,0.10434
6.12,0.38,1.8615,0.0001,0.00000,0.10231
6.38,0.38,1.8081,0.0008,0.00000,0.10855
6.62,0.38,1.6440,0.0251,0.00000,0.10009
6.88,0.38,1.7964,0.3022,0.00000,0.09137
7.12,0.38,1.9058,1.4237,0.00000,0.08437
7.38,0.38,1.3311,3.1526,0.00000,0.05709
2.62,0.62,0.7679,0.0000,0.00000,0.13640
2.88,0.62,1.5934,0.0001,0.00000,0.24383
3.12,0.62,2.1036,0.0004,0.00000,0.29489
3.38,0.62,1.8164,0.0008,0.00000,0.26145
3.62,0.62,1.7399,0.0009,0.00000,0.24255
3.88,0.62,1.8739,0.0008,0.00000,0.23501
4.12,0.62,1.9000,0.0005,0.00000,0.20167
4.38,0.62,1.9292,0.0002,0.00000,0.16746
4.62,0.62,1.9188,0.0001,0.00000,0.14612
4.88,0.62,1.8872,0.0001,0.00000,0.12949
5.12,0.62,1.8213,0.0000,0.00000,0.11659
5.38,0.62,1.8587,0.0001,0.00000,0.10621
5.62,0.62,1.9546,0.0005,0.00000,0.09329
5.88,0.62,1.9872,0.0008,0.00000,0.08274
6.12,0.62,1.9457,0.0004,0.00000,0.07983
6.38,0.62,1.9540,0.0006,0.00000,0.08203
6.62,0.62,1.7418,0.0148,0.00000,0.06990
6.88,0.62,1.8282,0.1803,0.00000,0.06198
7.12,0.62,2.0983,0.8527,0.00000,0.06264
7.38,0.62,1.5639,1.8907,0.00000,0.04507
2.62,0.88,0.9771,0.0000,0.00000,0.09955
2.88,0.88,1.6725,0.0000,0.00000,0.17095
3.12,0.88,1.8987,0.0001,0.00000,0.19737
3.38,0.88,1.7922,0.0002,0.00000,0.17301
3.62,0.88,2.0156,0.0004,0.00000,0.16365
3.88,0.88,1.9921,0.0005,0.00000,0.15575
4.12,0.88,1.8903,0.0004,0.00000,0.13483
4.38,0.88,1.9756,0.0002,0.00000,0.12057
4.62,0.88,2.0269,0.0002,0.00000,0.11017
4.88,0.88,2.0482,0.0001,0.00000,0.09627
5.12,0.88,1.9748,0.0002,0.00000,0.08733
5.38,0.88,1.9991,0.0007,0.00000,0.08171
5.62,0.88,2.1093,0.0017,0.00000,0.07206
5.88,0.88,2.1680,0.0018,0.00000,0.06469
6.12,0.88,2.0623,0.0009,0.00000,0.05884
6.38,0.88,2.0993,0.0003,0.00000,0.05688
6.62,0.88,1.9549,0.0033,0.00000,0.04695
6.88,0.88,1.9855,0.0402,0.00000,0.04329
7.12,0.88,2.2855,0.1902,0.00000,0.04837
7.38,0.88,1.7406,0.4217,0.00000,0.03642
2.62,1.12,1.4151,0.0000,0.00000,0.07008
2.88,1.12,2.0198,0.0000,0.00000,0.11401
3.12,1.12,1.8407,0.0000,0.00000,0.12599
3.38,1.12,1.7827,0.0000,0.00000,0.11766
3.62,1.12,2.2445,0.0001,0.00000,0.12224
3.88,1.12,2.1756,0.0002,0.00000,0.11435
4.12,1.12,2.0808,0.0002,0.00000,0.09756
4.38,1.12,2.1494,0.0001,0.00000,0.09078
4.62,1.12,2.1909,0.0001,0.00000,0.08513
4.88,1.12,2.2916,0.0001,0.00000,0.07568
5.12,1.12,2.2354,0.0006,0.00000,0.07128
5.38,1.12,2.2179,0.0027,0.00000,0.06940
5.62,1.12,2.2607,0.0048,0.00000,0.06135
5.88,1.12,2.3728,0.0034,0.00000,0.05485
6.12,1.12,2.1912,0.0011,0.00000,0.04699
6.38,1.12,2.1975,0.0003,0.00000,0.04355
6.62,1.12,2.2329,0.0005,0.00000,0.03834
6.88,1.12,2.2405,0.0035,0.00000,0.03600
7.12,1.12,2.4494,0.0158,0.00000,0.03946
7.38,1.12,1.8488,0.0347,0.00000,0.02971
2.62,1.38,1.7406,0.0000,0.00000,0.05499
2.88,1.38,2.3260,0.0000,0.00000,0.08355
3.12,1.38,1.9072,0.0000,0.00000,0.08493
3.38,1.38,1.8026,0.0000,0.00000,0.07949
3.62,1.38,2.2932,0.0000,0.00000,0.08691
3.88,1.38,2.2474,0.0001,0.00000,0.08364
4.12,1.38,2.2639,0.0001,0.00000,0.07544
4.38,1.38,2.2476,0.0001,0.00000,0.07067
4.62,1.38,2.1816,0.0000,0.00000,0.06631
4.88,1.38,2.3227,0.0001,0.00000,0.06222
5.12,1.38,2.3690,0.0010,0.00000,0.06112
5.38,1.38,2.4263,0.0044,0.00000,0.05922
5.62,1.38,2.3890,0.0073,0.00000,0.05100
5.88,1.38,2.4745,0.0049,0.00000,0.04605
6.12,1.38,2.2310,0.0018,0.00000,0.03902
6.38,1.38,2.2170,0.0010,0.00000,0.03534
6.62,1.38,2.4390,0.0009,0.00000,0.03348
6.88,1.38,2.4919,0.0007,0.00000,0.03085
7.12,1.38,2.6492,0.0008,0.00000,0.03150
7.38,1.38,1.9837,0.0013,0.00000,0.02333
2.62,1.62,1.8297,0.0000,0.00000,0.04629
2.88,1.62,2.3783,0.0000,0.00000,0.06464
3.12,1.62,1.8999,0.0000,0.00000,0.05751
3.38,1.62,1.9039,0.0000,0.00000,0.05206
3.62,1.62,2.4880,0.0000,0.00000,0.05997
3.88,1.62,2.4406,0.0000,0.00000,0.06045
4.12,1.62,2.3894,0.0000,0.00000,0.05972
4.38,1.62,2.2087,0.0000,0.00000,0.05604
4.62,1.62,2.1703,0.0000,0.00000,0.05346
4.88,1.62,2.4275,0.0001,0.00000,0.05419
5.12,1.62,2.5270,0.0007,0.00000,0.05415
5.38,1.62,2.6240,0.0030,0.00000,0.05051
5.62,1.62,2.4835,0.0053,0.00000,0.04204
5.88,1.62,2.5012,0.0048,0.00000,0.03886
6.12,1.62,2.3006,0.0039,0.00000,0.03361
6.38,1.62,2.2892,0.0027,0.00000,0.02970
6.62,1.62,2.5959,0.0018,0.00000,0.02957
6.88,1.62,2.6594,0.0010,0.00000,0.02782
7.12,1.62,2.7705,0.0006,0.00000,0.02779
7.38,1.62,2.0625,0.0003,0.00000,0.02048
2.62,1.88,2.0196,0.0000,0.00000,0.03822
2.88,1.88,2.5837,0.0000,0.00000,0.05032
3.12,1.88,2.0168,0.0000,0.00000,0.04044
3.38,1.88,2.0043,0.0000,0.00000,0.03655
3.62,1.88,2.6107,0.0000,0.00000,0.04432
3.88,1.88,2.6206,0.0000,0.00000,0.04543
4.12,1.88,2.5409,0.0000,0.00000,0.04683
4.38,1.88,2.2441,0.0000,0.00000,0.04373
4.62,1.88,2.2715,0.0000,0.00000,0.04280
4.88,1.88,2.5887,0.0000,0.00000,0.04496
5.12,1.88,2.6501,0.0005,0.00000,0.04348
5.38,1.88,2.7224,0.0023,0.00000,0.04050
5.62,1.88,2.5252,0.0043,0.00000,0.03457
5.88,1.88,2.5057,0.0052,0.00000,0.03227
6.12,1.88,2.3648,0.0056,0.00000,0.02835
6.38,1.88,2.3590,0.0035,0.00000,0.02448
6.62,1.88,2.7078,0.0015,0.00000,0.02471
6.88,1.88,2.7465,0.0007,0.00000,0.02383
7.12,1.88,2.7931,0.0003,0.00000,0.02390
7.38,1.88,2.0650,0.0002,0.00000,0.01763
2.62,2.12,2.0331,0.0000,0.00000,0.03039
2.88,2.12,2.6080,0.0000,0.00000,0.03918
3.12,2.12,2.0934,0.0000,0.00000,0.03044
3.38,2.12,2.0824,0.0000,0.00000,0.02755
3.62,2.12,2.5547,0.0000,0.00000,0.03339
3.88,2.12,2.5895,0.0000,0.00000,0.03357
4.12,2.12,2.6199,0.0000,0.00000,0.03438
4.38,2.12,2.3491,0.0000,0.00000,0.03219
4.62,2.12,2.3587,0.0000,0.00000,0.03263
4.88,2.12,2.5778,0.0000,0.00000,0.03454
5.12,2.12,2.6204,0.0006,0.00000,0.03246
5.38,2.12,2.7378,0.0028,0.00000,0.03150
5.62,2.12,2.5687,0.0049,0.00000,0.02807
5.88,2.12,2.5367,0.0046,0.00000,0.02538
6.12,2.12,2.4701,0.0037,0.00000,0.02234
6.38,2.12,2.4815,0.0020,0.00000,0.01967
6.62,2.12,2.8294,0.0006,0.00000,0.02029
6.88,2.12,2.8396,0.0002,0.00000,0.01975
7.12,2.12,2.8471,0.0001,0.00000,0.01973
7.38,2.12,2.0967,0.0000,0.00000,0.01453
2.62,2.38,1.9919,0.0000,0.00000,0.02529
2.88,2.38,2.5811,0.0000,0.00000,0.03256
3.12,2.38,2.1794,0.0000,0.00000,0.02550
3.38,2.38,2.2225,0.0000,0.00000,0.02308
3.62,2.38,2.5840,0.0000,0.00000,0.02688
3.88,2.38,2.6039,0.0000,0.00000,0.02601
4.12,2.38,2.6499,0.0000,0.00000,0.02602
4.38,2.38,2.4363,0.0000,0.00000,0.02469
4.62,2.38,2.4518,0.0000,0.00000,0.02583
4.88,2.38,2.5382,0.0000,0.00000,0.02738
5.12,2.38,2.5938,0.0004,0.00000,0.02568
5.38,2.38,2.7927,0.0016,0.00000,0.02528
5.62,2.38,2.6852,0.0028,0.00000,0.02247
5.88,2.38,2.6507,0.0020,0.00000,0.02004
6.12,2.38,2.6719,0.0010,0.00000,0.01827
6.38,2.38,2.7035,0.0004,0.00000,0.01668
6.62,2.38,3.0135,0.0001,0.00000,0.01751
6.88,2.38,2.9793,0.0000,0.00000,0.01728
7.12,2.38,2.9577,0.0000,0.00000,0.01736
7.38,2.38,2.1728,0.0000,0.00000,0.01280
2.62,2.62,2.1397,0.0000,0.00000,0.02115
2.88,2.62,2.7967,0.0000,0.00000,0.02738
3.12,2.62,2.4347,0.0000,0.00000,0.02206
3.38,2.62,2.4163,0.0000,0.00000,0.01993
3.62,2.62,2.6187,0.0000,0.00000,0.02169
3.88,2.62,2.6807,0.0000,0.00000,0.02064
4.12,2.62,2.7744,0.0000,0.00000,0.02094
4.38,2.62,2.5986,0.0000,0.00000,0.02012
4.62,2.62,2.5531,0.0000,0.00000,0.02078
4.88,2.62,2.5146,0.0000,0.00000,0.02175
5.12,2.62,2.5883,0.0001,0.00000,0.02075
5.38,2.62,2.8176,0.0004,0.00000,0.02043
5.62,2.62,2.7964,0.0006,0.00000,0.01804
5.88,2.62,2.7673,0.0004,0.00000,0.01635
6.12,2.62,2.8193,0.0001,0.00000,0.01567
6.38,2.62,2.8460,0.0000,0.00000,0.01456
6.62,2.62,3.1173,0.0000,0.00000,0.01517
6.88,2.62,3.0812,0.0000,0.00000,0.01482
7.12,2.62,3.0735,0.0000,0.00000,0.01475
7.38,2.62,2.2610,0.0000,0.00000,0.01084
2.62,2.88,2.1504,0.0000,0.00000,0.01777
2.88,2.88,2.8545,0.0000,0.00000,0.02314
3.12,2.88,2.6327,0.0000,0.00000,0.01929
3.38,2.88,2.6223,0.0000,0.00000,0.01751
3.62,2.88,2.5993,0.0000,0.00000,0.01776
3.88,2.88,2.6327,0.0000,0.00000,0.01688
4.12,2.88,2.7867,0.0000,0.00000,0.01753
4.38,2.88,2.7135,0.0000,0.00000,0.01698
4.62,2.88,2.6540,0.0000,0.00000,0.01709
4.88,2.88,2.5733,0.0000,0.00000,0.01777
5.12,2.88,2.6705,0.0000,0.00000,0.01757
5.38,2.88,2.8086,0.0000,0.00000,0.01722
5.62,2.88,2.8181,0.0000,0.00000,0.01526
5.88,2.88,2.8268,0.0000,0.00000,0.01380
6.12,2.88,2.9277,0.0000,0.00000,0.01338
6.38,2.88,2.9002,0.0000,0.00000,0.01258
6.62,2.88,3.0728,0.0000,0.00000,0.01306
6.88,2.88,3.0543,0.0000,0.00000,0.01269
7.12,2.88,3.0925,0.0000,0.00000,0.01256
7.38,2.88,2.2842,0.0000,0.00000,0.00922
2.62,3.12,2.1341,0.0000,0.00000,0.01572
2.88,3.12,2.8613,0.0000,0.00000,0.02061
3.12,3.12,2.7216,0.0000,0.00000,0.01778
3.38,3.12,2.7001,0.0000,0.00000,0.01638
3.62,3.12,2.5756,0.0000,0.00000,0.01588
3.88,3.12,2.6128,0.0000,0.00000,0.01493
4.12,3.12,2.7010,0.0000,0.00000,0.01539
4.38,3.12,2.6910,0.0000,0.00000,0.01500
4.62,3.12,2.7042,0.0000,0.00000,0.01493
4.88,3.12,2.6638,0.0000,0.00000,0.01538
5.12,3.12,2.8185,0.0000,0.00000,0.01555
5.38,3.12,2.8629,0.0000,0.00000,0.01522
5.62,3.12,2.8942,0.0000,0.00000,0.01397
5.88,3.12,2.9188,0.0000,0.00000,0.01249
6.12,3.12,3.0323,0.0000,0.00000,0.01178
6.38,3.12,2.9734,0.0000,0.00000,0.01114
6.62,3.12,3.0950,0.0000,0.00000,0.01162
6.88,3.12,3.0217,0.0000,0.00000,0.01119
7.12,3.12,3.0123,0.0000,0.00000,0.01096
7.38,3.12,2.2160,0.0000,0.00000,0.00802
2.62,3.38,2.1417,0.0000,0.00000,0.01334
2.88,3.38,2.8984,0.0000,0.00000,0.01771
3.12,3.38,2.8374,0.0000,0.00000,0.01598
3.38,3.38,2.8268,0.0000,0.00000,0.01510
3.62,3.38,2.6311,0.0000,0.00000,0.01412
3.88,3.38,2.6692,0.0000,0.00000,0.01307
4.12,3.38,2.6861,0.0000,0.00000,0.01312
4.38,3.38,2.6700,0.0000,0.00000,0.01284
4.62,3.38,2.6786,0.0001,0.00000,0.01272
4.88,3.38,2.7131,0.0002,0.00000,0.01302
5.12,3.38,2.9710,0.0003,0.00000,0.01351
5.38,3.38,2.9511,0.0002,0.00000,0.01376
5.62,3.38,2.9995,0.0000,0.00000,0.01357
5.88,3.38,3.0364,0.0000,0.00000,0.01201
6.12,3.38,3.1686,0.0000,0.00000,0.01096
6.38,3.38,3.1138,0.0000,0.00000,0.01038
6.62,3.38,3.2468,0.0000,0.00000,0.01082
6.88,3.38,3.1135,0.0000,0.00000,0.01028
7.12,3.38,3.0300,0.0000,0.00000,0.00989
7.38,3.38,2.2138,0.0000,0.00000,0.00720
2.62,3.62,2.1776,0.0000,0.00000,0.01167
2.88,3.62,2.9734,0.0000,0.00000,0.01559
3.12,3.62,3.0115,0.0000,0.00000,0.01435
3.38,3.62,3.0639,0.0000,0.00000,0.01341
3.62,3.62,2.7964,0.0000,0.00000,0.01212
3.88,3.62,2.7656,0.0000,0.00000,0.01131
4.12,3.62,2.6616,0.0001,0.00000,0.01096
4.38,3.62,2.6216,0.0002,0.00000,0.01060
4.62,3.62,2.6408,0.0006,0.00000,0.01066
4.88,3.62,2.7319,0.0010,0.00000,0.01143
5.12,3.62,3.0502,0.0013,0.00000,0.01252
5.38,3.62,3.0222,0.0008,0.00000,0.01297
5.62,3.62,3.1082,0.0002,0.00000,0.01323
5.88,3.62,3.1476,0.0000,0.00000,0.01190
6.12,3.62,3.3164,0.0000,0.00000,0.01108
6.38,3.62,3.2468,0.0000,0.00000,0.01027
6.62,3.62,3.3687,0.0000,0.00000,0.01033
6.88,3.62,3.2536,0.0000,0.00000,0.00975
7.12,3.62,3.1836,0.0000,0.00000,0.00939
7.38,3.62,2.3285,0.0000,0.00000,0.00683
2.62,3.88,2.2786,0.0000,0.00000,0.01050
2.88,3.88,3.1037,0.0000,0.00000,0.01405
3.12,3.88,3.1255,0.0000,0.00000,0.01310
3.38,3.88,3.1757,0.0001,0.00000,0.01223
3.62,3.88,2.9627,0.0000,0.00000,0.01093
3.88,3.88,2.9308,0.0000,0.00000,0.01032
4.12,3.88,2.6619,0.0002,0.00000,0.00951
4.38,3.88,2.6089,0.0011,0.00000,0.00916
4.62,3.88,2.6563,0.0020,0.00000,0.00955
4.88,3.88,2.7112,0.0023,0.00000,0.01058
5.12,3.88,3.0166,0.0023,0.00000,0.01188
5.38,3.88,3.0739,0.0013,0.00000,0.01219
5.62,3.88,3.2615,0.0003,0.00000,0.01256
5.88,3.88,3.2588,0.0000,0.00000,0.01161
6.12,3.88,3.4117,0.0000,0.00000,0.01118
6.38,3.88,3.3404,0.0000,0.00000,0.01018
6.62,3.88,3.4611,0.0000,0.00000,0.00983
6.88,3.88,3.3584,0.0001,0.00000,0.00906
7.12,3.88,3.3003,0.0005,0.00000,0.00860
7.38,3.88,2.4162,0.0011,0.00000,0.00623
2.62,4.12,2.3142,0.0000,0.00000,0.00942
2.88,4.12,3.1486,0.0000,0.00000,0.01284
3.12,4.12,3.1629,0.0002,0.00000,0.01292
3.38,4.12,3.2262,0.0003,0.00000,0.01294
3.62,4.12,3.0854,0.0002,0.00000,0.01118
3.88,4.12,3.0759,0.0001,0.00000,0.00992
4.12,4.12,2.7241,0.0004,0.00000,0.00863
4.38,4.12,2.6814,0.0018,0.00000,0.00837
4.62,4.12,2.6979,0.0030,0.00000,0.00877
4.88,4.12,2.7527,0.0025,0.00000,0.00938
5.12,4.12,3.1032,0.0016,0.00000,0.01050
5.38,4.12,3.1416,0.0008,0.00000,0.01114
5.62,4.12,3.3059,0.0002,0.00000,0.01187
5.88,4.12,3.2937,0.0000,0.00000,0.01074
6.12,4.12,3.4637,0.0001,0.00000,0.01005
6.38,4.12,3.4069,0.0003,0.00000,0.00930
6.62,4.12,3.5309,0.0008,0.00000,0.00918
6.88,4.12,3.4069,0.0038,0.00000,0.00843
7.12,4.12,3.3281,0.0163,0.00000,0.00792
7.38,4.12,2.4326,0.0358,0.00000,0.00573
2.62,4.38,2.3293,0.0001,0.00000,0.00876
2.88,4.38,3.1705,0.0001,0.00000,0.01214
3.12,4.38,3.1903,0.0003,0.00000,0.01305
3.38,4.38,3.2625,0.0005,0.00000,0.01374
3.62,4.38,3.1510,0.0003,0.00000,0.01143
3.88,4.38,3.1698,0.0001,0.00000,0.00950
4.12,4.38,2.8121,0.0002,0.00000,0.00802
4.38,4.38,2.7571,0.0011,0.00000,0.00772
4.62,4.38,2.6987,0.0018,0.00000,0.00788
4.88,4.38,2.7915,0.0012,0.00000,0.00828
5.12,4.38,3.2163,0.0005,0.00000,0.00932
5.38,4.38,3.2383,0.0002,0.00000,0.00979
5.62,4.38,3.3632,0.0000,0.00000,0.01031
5.88,4.38,3.2898,0.0001,0.00000,0.00933
6.12,4.38,3.3942,0.0005,0.00000,0.00879
6.38,4.38,3.3598,0.0025,0.00000,0.00857
6.62,4.38,3.5154,0.0075,0.00000,0.00896
6.88,4.38,3.3678,0.0452,0.00000,0.00824
7.12,4.38,3.2532,0.1988,0.00000,0.00762
7.38,4.38,2.3687,0.4362,0.00000,0.00550
2.62,4.62,2.2824,0.0002,0.00000,0.00814
2.88,4.62,3.1200,0.0003,0.00000,0.01114
3.12,4.62,3.1899,0.0003,0.00000,0.01142
3.38,4.62,3.3015,0.0003,0.00000,0.01156
3.62,4.62,3.1531,0.0002,0.00000,0.00978
3.88,4.62,3.1454,0.0000,0.00000,0.00850
4.12,4.62,2.8620,0.0001,0.00000,0.00745
4.38,4.62,2.8504,0.0002,0.00000,0.00728
4.62,4.62,2.7109,0.0004,0.00000,0.00725
4.88,4.62,2.7685,0.0003,0.00000,0.00765
5.12,4.62,3.1663,0.0001,0.00000,0.00859
5.38,4.62,3.2338,0.0000,0.00000,0.00858
5.62,4.62,3.4037,0.0001,0.00000,0.00873
5.88,4.62,3.3165,0.0003,0.00000,0.00827
6.12,4.62,3.3624,0.0022,0.00000,0.00833
6.38,4.62,3.2770,0.0096,0.00000,0.00865
6.62,4.62,3.3903,0.0315,0.00000,0.00948
6.88,4.62,3.2885,0.2026,0.00000,0.00885
7.12,4.62,3.2199,0.8965,0.00000,0.00822
7.38,4.62,2.3481,1.9658,0.00000,0.00595
2.62,4.88,2.3170,0.0004,0.00000,0.00785
2.88,4.88,3.1632,0.0005,0.00000,0.01053
3.12,4.88,3.2187,0.0003,0.00000,0.00998
3.38,4.88,3.3238,0.0001,0.00000,0.00943
3.62,4.88,3.1898,0.0000,0.00000,0.00834
3.88,4.88,3.1978,0.0000,0.00000,0.00783
4.12,4.88,2.9425,0.0000,0.00000,0.00708
4.38,4.88,2.9563,0.0000,0.00000,0.00699
4.62,4.88,2.8283,0.0001,0.00000,0.00690
4.88,4.88,2.8569,0.0002,0.00000,0.00727
5.12,4.88,3.1447,0.0001,0.00000,0.00800
5.38,4.88,3.1927,0.0002,0.00000,0.00782
5.62,4.88,3.3572,0.0005,0.00000,0.00791
5.88,4.88,3.3447,0.0017,0.00000,0.00787
6.12,4.88,3.4540,0.0060,0.00000,0.00843
6.38,4.88,3.3271,0.0203,0.00000,0.00914
6.62,4.88,3.3823,0.0603,0.00000,0.01028
6.88,4.88,3.3582,0.3573,0.00000,0.00980
7.12,4.88,3.3616,1.5572,0.00000,0.00925
7.38,4.88,2.4551,3.4023,0.00000,0.00672
2.62,5.12,2.4016,0.0012,0.00000,0.00738
2.88,5.12,3.2690,0.0012,0.00000,0.00991
3.12,5.12,3.2868,0.0007,0.00000,0.00935
3.38,5.12,3.3673,0.0002,0.00000,0.00880
3.62,5.12,3.2777,0.0001,0.00000,0.00796
3.88,5.12,3.3346,0.0001,0.00000,0.00762
4.12,5.12,3.0710,0.0000,0.00000,0.00692
4.38,5.12,3.0865,0.0002,0.00000,0.00685
4.62,5.12,3.0106,0.0008,0.00000,0.00673
4.88,5.12,3.0287,0.0014,0.00000,0.00699
5.12,5.12,3.2292,0.0012,0.00000,0.00759
5.38,5.12,3.2586,0.0015,0.00000,0.00752
5.62,5.12,3.3936,0.0032,0.00000,0.00773
5.88,5.12,3.4050,0.0067,0.00000,0.00796
6.12,5.12,3.5322,0.0139,0.00000,0.00892
6.38,5.12,3.4495,0.0359,0.00000,0.01032
6.62,5.12,3.5476,0.0835,0.00000,0.01203
6.88,5.12,3.5396,0.3666,0.00000,0.01112
7.12,5.12,3.5155,1.5035,0.00000,0.00995
7.38,5.12,2.5464,3.2467,0.00000,0.00706
2.62,5.38,2.3622,0.0138,0.00000,0.00681
2.88,5.38,3.2294,0.0091,0.00000,0.00921
3.12,5.38,3.2901,0.0042,0.00000,0.00887
3.38,5.38,3.4058,0.0030,0.00000,0.00853
3.62,5.38,3.3029,0.0037,0.00000,0.00779
3.88,5.38,3.3529,0.0022,0.00000,0.00749
4.12,5.38,3.1312,0.0007,0.00000,0.00685
4.38,5.38,3.1701,0.0011,0.00000,0.00685
4.62,5.38,3.0962,0.0040,0.00000,0.00684
4.88,5.38,3.1386,0.0069,0.00000,0.00714
5.12,5.38,3.3402,0.0072,0.00000,0.00770
5.38,5.38,3.3740,0.0082,0.00000,0.00778
5.62,5.38,3.4745,0.0118,0.00000,0.00813
5.88,5.38,3.4906,0.0163,0.00000,0.00852
6.12,5.38,3.6003,0.0246,0.00000,0.00974
6.38,5.38,3.5658,0.0594,0.00000,0.01207
6.62,5.38,3.7032,0.1424,0.00000,0.01480
6.88,5.38,3.6980,0.5807,0.00000,0.01366
7.12,5.38,3.6396,2.2798,0.00000,0.01183
7.38,5.38,2.6144,4.8708,0.00000,0.00821
2.62,5.62,2.3377,0.1353,0.00000,0.00655
2.88,5.62,3.2008,0.0699,0.00000,0.00893
3.12,5.62,3.2680,0.0262,0.00000,0.00888
3.38,5.62,3.3841,0.0299,0.00000,0.00894
3.62,5.62,3.2688,0.0435,0.00000,0.00830
3.88,5.62,3.3043,0.0272,0.00000,0.00780
4.12,5.62,3.0992,0.0086,0.00000,0.00704
4.38,5.62,3.1471,0.0051,0.00000,0.00709
4.62,5.62,3.1450,0.0104,0.00000,0.00739
4.88,5.62,3.2648,0.0179,0.00000,0.00793
5.12,5.62,3.4339,0.0222,0.00000,0.00847
5.38,5.62,3.4520,0.0264,0.00000,0.00856
5.62,5.62,3.5388,0.0289,0.00000,0.00887
5.88,5.62,3.5548,0.0292,0.00000,0.00920
6.12,5.62,3.6386,0.0350,0.00000,0.01037
6.38,5.62,3.6446,0.0889,0.00000,0.01326
6.62,5.62,3.7996,0.2425,0.00000,0.01719
6.88,5.62,3.7980,0.9273,0.00000,0.01710
7.12,5.62,3.7114,3.3792,0.00000,0.01530
7.38,5.62,2.6456,7.0718,0.00000,0.01054
2.62,5.88,2.3192,0.5905,0.00000,0.00662
2.88,5.88,3.1815,0.2877,0.00000,0.00908
3.12,5.88,3.2672,0.1009,0.00000,0.00934
3.38,5.88,3.3982,0.1303,0.00000,0.01020
3.62,5.88,3.2482,0.1994,0.00000,0.01004
3.88,5.88,3.2581,0.1338,0.00000,0.00913
4.12,5.88,3.1222,0.0541,0.00000,0.00821
4.38,5.88,3.2039,0.0259,0.00000,0.00834
4.62,5.88,3.2340,0.0222,0.00000,0.00853
4.88,5.88,3.3654,0.0316,0.00000,0.00911
5.12,5.88,3.4746,0.0425,0.00000,0.00966
5.38,5.88,3.4668,0.0507,0.00000,0.00954
5.62,5.88,3.5337,0.0538,0.00000,0.00966
5.88,5.88,3.5764,0.0562,0.00000,0.01012
6.12,5.88,3.6714,0.0670,0.00000,0.01122
6.38,5.88,3.6784,0.1545,0.00000,0.01461
6.62,5.88,3.8140,0.3792,0.00000,0.02019
6.88,5.88,3.8330,1.0289,0.00000,0.02277
7.12,5.88,3.7584,3.0021,0.00000,0.02251
7.38,5.88,2.6822,5.8647,0.00000,0.01600
2.62,6.12,2.3923,1.0840,0.00000,0.00716
2.88,6.12,3.2619,0.5389,0.00000,0.00976
3.12,6.12,3.2849,0.1983,0.00000,0.00996
3.38,6.12,3.3823,0.2453,0.00000,0.01138
3.62,6.12,3.2868,0.3758,0.00000,0.01217
3.88,6.12,3.3544,0.2902,0.00000,0.01155
4.12,6.12,3.2903,0.1759,0.00000,0.01127
4.38,6.12,3.3891,0.0959,0.00000,0.01166
4.62,6.12,3.3756,0.0477,0.00000,0.01097
4.88,6.12,3.4406,0.0499,0.00000,0.01091
5.12,6.12,3.4791,0.0633,0.00000,0.01100
5.38,6.12,3.4999,0.0672,0.00000,0.01047
5.62,6.12,3.5665,0.0758,0.00000,0.01058
5.88,6.12,3.5655,0.1014,0.00000,0.01136
6.12,6.12,3.6206,0.1384,0.00000,0.01231
6.38,6.12,3.6242,0.2735,0.00000,0.01602
6.62,6.12,3.7701,0.5753,0.00000,0.02372
6.88,6.12,3.8190,1.1855,0.00000,0.03222
7.12,6.12,3.7642,2.6828,0.00000,0.03738
7.38,6.12,2.6968,4.6882,0.00000,0.02807
2.62,6.38,2.4852,1.2144,0.00000,0.00820
2.88,6.38,3.3766,0.6555,0.00000,0.01118
3.12,6.38,3.3585,0.2802,0.00000,0.01123
3.38,6.38,3.4305,0.2863,0.00000,0.01256
3.62,6.38,3.3832,0.4116,0.00000,0.01370
3.88,6.38,3.4726,0.3891,0.00000,0.01440
4.12,6.38,3.3810,0.3363,0.00000,0.01595
4.38,6.38,3.4662,0.2017,0.00000,0.01605
4.62,6.38,3.4677,0.0855,0.00000,0.01392
4.88,6.38,3.5381,0.0810,0.00000,0.01338
5.12,6.38,3.5464,0.0988,0.00000,0.01295
5.38,6.38,3.5826,0.0843,0.00000,0.01161
5.62,6.38,3.6027,0.0847,0.00000,0.01132
5.88,6.38,3.5336,0.1347,0.00000,0.01246
6.12,6.38,3.5729,0.2186,0.00000,0.01385
6.38,6.38,3.5419,0.4402,0.00000,0.01761
6.62,6.38,3.6569,0.9120,0.00000,0.02686
6.88,6.38,3.7405,1.7413,0.00000,0.04158
7.12,6.38,3.7204,3.4789,0.00000,0.05264
7.38,6.38,2.6684,5.6943,0.00000,0.04046
2.62,6.62,2.5063,1.4600,0.00000,0.00925
2.88,6.62,3.4344,0.8284,0.00000,0.01285
3.12,6.62,3.4668,0.3990,0.00000,0.01345
3.38,6.62,3.5214,0.4013,0.00000,0.01579
3.62,6.62,3.4113,0.5558,0.00000,0.01814
3.88,6.62,3.4889,0.5564,0.00000,0.02048
4.12,6.62,3.4223,0.5172,0.00000,0.02347
4.38,6.62,3.4946,0.3129,0.00000,0.02087
4.62,6.62,3.4576,0.1295,0.00000,0.01606
4.88,6.62,3.5238,0.1212,0.00000,0.01551
5.12,6.62,3.5722,0.1432,0.00000,0.01515
5.38,6.62,3.6373,0.1112,0.00000,0.01331
5.62,6.62,3.6103,0.0991,0.00000,0.01250
5.88,6.62,3.5196,0.1596,0.00000,0.01386
6.12,6.62,3.5727,0.3054,0.00000,0.01585
6.38,6.62,3.5310,0.7009,0.00000,0.02014
6.62,6.62,3.6283,1.5063,0.00000,0.02944
6.88,6.62,3.6696,2.7569,0.00000,0.04284
7.12,6.62,3.6205,5.0191,0.00000,0.05288
7.38,6.62,2.6014,7.9162,0.00000,0.04067
2.62,6.88,2.4626,1.6091,0.00000,0.00931
2.88,6.88,3.4009,0.9022,0.00000,0.01333
3.12,6.88,3.4795,0.4610,0.00000,0.01573
3.38,6.88,3.5474,0.5951,0.00000,0.02268
3.62,6.88,3.4368,0.8774,0.00000,0.02875
3.88,6.88,3.5314,0.7993,0.00000,0.02969
4.12,6.88,3.4964,0.6549,0.00000,0.03062
4.38,6.88,3.5675,0.3885,0.00000,0.02524
4.62,6.88,3.5075,0.1747,0.00000,0.01851
4.88,6.88,3.5103,0.1671,0.00000,0.01771
5.12,6.88,3.5463,0.1879,0.00000,0.01708
5.38,6.88,3.6712,0.1508,0.00000,0.01523
5.62,6.88,3.6909,0.1463,0.00000,0.01472
5.88,6.88,3.5923,0.2314,0.00000,0.01641
6.12,6.88,3.5980,0.4627,0.00000,0.01887
6.38,6.88,3.5522,1.0778,0.00000,0.02428
6.62,6.88,3.6976,2.3098,0.00000,0.03322
6.88,6.88,3.6807,4.0320,0.00000,0.04109
7.12,6.88,3.5585,6.6135,0.00000,0.04628
7.38,6.88,2.5687,9.8914,0.00000,0.03513
2.62,7.12,2.4320,1.5966,0.00000,0.00996
2.88,7.12,3.3394,0.8796,0.00000,0.01416
3.12,7.12,3.4083,0.4493,0.00000,0.01748
3.38,7.12,3.5208,0.6999,0.00000,0.02803
3.62,7.12,3.4693,1.0700,0.00000,0.03644
3.88,7.12,3.5874,0.8520,0.00000,0.03291
4.12,7.12,3.5650,0.5585,0.00000,0.02901
4.38,7.12,3.6663,0.3377,0.00000,0.02462
4.62,7.12,3.6299,0.2169,0.00000,0.02065
4.88,7.12,3.5957,0.2591,0.00000,0.02065
5.12,7.12,3.6281,0.3024,0.00000,0.01949
5.38,7.12,3.7645,0.2706,0.00000,0.01753
5.62,7.12,3.8156,0.2973,0.00000,0.01807
5.88,7.12,3.7291,0.4498,0.00000,0.02161
6.12,7.12,3.7131,0.7712,0.00000,0.02605
6.38,7.12,3.6058,1.5124,0.00000,0.03209
6.62,7.12,3.7333,3.0766,0.00000,0.04018
6.88,7.12,3.7301,5.2139,0.00000,0.04368
7.12,7.12,3.6112,7.8752,0.00000,0.04504
7.38,7.12,2.6339,11.0015,0.00000,0.03341
2.62,7.38,2.4729,1.4753,0.00000,0.01170
2.88,7.38,3.3787,0.8626,0.00000,0.01638
3.12,7.38,3.4091,0.4570,0.00000,0.01888
3.38,7.38,3.4900,0.6560,0.00000,0.02649
3.62,7.38,3.4502,0.9716,0.00000,0.03162
3.88,7.38,3.6225,0.7427,0.00000,0.02830
4.12,7.38,3.6316,0.4575,0.00000,0.02512
4.38,7.38,3.7830,0.3258,0.00000,0.02357
4.62,7.38,3.7825,0.3088,0.00000,0.02324
4.88,7.38,3.7594,0.3976,0.00000,0.02425
5.12,7.38,3.7859,0.4694,0.00000,0.02276
5.38,7.38,3.8667,0.4905,0.00000,0.02109
5.62,7.38,3.9039,0.6133,0.00000,0.02282
5.88,7.38,3.8121,0.9076,0.00000,0.02819
6.12,7.38,3.8057,1.3835,0.00000,0.03516
6.38,7.38,3.6778,2.1988,0.00000,0.04323
6.62,7.38,3.7749,3.8135,0.00000,0.05205
6.88,7.38,3.7890,6.0062,0.00000,0.05045
7.12,7.38,3.6931,8.7903,0.00000,0.04619
7.38,7.38,2.7388,11.8346,0.00000,0.03303
2.62,7.62,2.4461,1.5803,0.00000,0.01366
2.88,7.62,3.3715,1.0249,0.00000,0.01937
3.12,7.62,3.4586,0.5851,0.00000,0.02195
3.38,7.62,3.5536,0.6255,0.00000,0.02620
3.62,7.62,3.4547,0.8180,0.00000,0.02659
3.88,7.62,3.6042,0.6791,0.00000,0.02502
4.12,7.62,3.6393,0.5189,0.00000,0.02481
4.38,7.62,3.8479,0.4543,0.00000,0.02538
4.62,7.62,3.8756,0.4921,0.00000,0.02676
4.88,7.62,3.9088,0.5792,0.00000,0.02832
5.12,7.62,3.9249,0.6331,0.00000,0.02713
5.38,7.62,3.9523,0.7430,0.00000,0.02650
5.62,7.62,3.9648,1.0308,0.00000,0.02872
5.88,7.62,3.8518,1.5918,0.00000,0.03376
6.12,7.62,3.8427,2.4590,0.00000,0.04226
6.38,7.62,3.6960,3.5072,0.00000,0.05524
6.62,7.62,3.7857,4.9026,0.00000,0.06709
6.88,7.62,3.8547,6.5370,0.00000,0.05778
7.12,7.62,3.7918,9.1370,0.00000,0.04428
7.38,7.62,2.8569,11.9542,0.00000,0.02964
2.62,7.88,2.4866,2.7519,0.00000,0.01650
2.88,7.88,3.4264,1.8253,0.00000,0.02388
3.12,7.88,3.5089,1.0522,0.00000,0.02871
3.38,7.88,3.6023,0.8023,0.00000,0.03387
3.62,7.88,3.5187,0.8140,0.00000,0.03148
3.88,7.88,3.6749,0.7411,0.00000,0.02886
4.12,7.88,3.6557,0.7054,0.00000,0.02788
4.38,7.88,3.8025,0.7044,0.00000,0.02850
4.62,7.88,3.8276,0.7896,0.00000,0.03051
4.88,7.88,3.9326,0.8602,0.00000,0.03355
5.12,7.88,3.9729,0.8923,0.00000,0.03367
5.38,7.88,4.0558,1.0633,0.00000,0.03395
5.62,7.88,4.0616,1.4966,0.00000,0.03612
5.88,7.88,3.8840,2.3562,0.00000,0.04039
6.12,7.88,3.8481,3.8684,0.00000,0.05175
6.38,7.88,3.6781,5.5639,0.00000,0.07213
6.62,7.88,3.7776,6.7674,0.00000,0.08632
6.88,7.88,3.9437,7.5003,0.00000,0.06856
7.12,7.88,3.9055,9.3688,0.00000,0.04593
7.38,7.88,2.9459,11.5144,0.00000,0.02888
2.62,8.12,2.5647,3.9723,0.00000,0.01893
2.88,8.12,3.5181,2.9319,0.00000,0.02850
3.12,8.12,3.5885,2.0693,0.00000,0.03822
3.38,8.12,3.6606,1.4604,0.00000,0.04717
3.62,8.12,3.6087,1.1300,0.00000,0.04193
3.88,8.12,3.7976,0.9829,0.00000,0.03632
4.12,8.12,3.7101,1.0019,0.00000,0.03297
4.38,8.12,3.7311,1.1106,0.00000,0.03303
4.62,8.12,3.7102,1.3162,0.00000,0.03645
4.88,8.12,3.8366,1.3468,0.00000,0.04220
5.12,8.12,3.9064,1.3480,0.00000,0.04305
5.38,8.12,4.0721,1.5552,0.00000,0.04296
5.62,8.12,4.0900,2.0702,0.00000,0.04424
5.88,8.12,3.8912,3.0836,0.00000,0.04634
6.12,8.12,3.8428,5.3537,0.00000,0.06291
6.38,8.12,3.6795,8.2110,0.00000,0.09595
6.62,8.12,3.7811,9.4099,0.00000,0.11203
6.88,8.12,3.9976,9.2251,0.00000,0.08548
7.12,8.12,3.9756,10.3660,0.00000,0.05517
7.38,8.12,3.0220,12.0859,0.00000,0.03464
2.62,8.38,2.6709,3.8260,0.00000,0.02168
2.88,8.38,3.6001,3.3594,0.00000,0.03356
3.12,8.38,3.6708,2.9529,0.00000,0.04914
3.38,8.38,3.7318,2.4469,0.00000,0.06274
3.62,8.38,3.6842,2.0706,0.00000,0.05336
3.88,8.38,3.8884,1.6763,0.00000,0.04379
4.12,8.38,3.7996,1.5682,0.00000,0.04097
4.38,8.38,3.7649,1.7931,0.00000,0.04383
4.62,8.38,3.6772,2.1923,0.00000,0.04939
4.88,8.38,3.7306,2.1479,0.00000,0.05684
5.12,8.38,3.7674,2.0358,0.00000,0.05595
5.38,8.38,3.9585,2.2652,0.00000,0.05403
5.62,8.38,3.9976,2.8524,0.00000,0.05357
5.88,8.38,3.8546,4.0074,0.00000,0.05376
6.12,8.38,3.8438,6.8555,0.00000,0.07568
6.38,8.38,3.7720,10.5754,0.00000,0.12081
6.62,8.38,3.8745,11.8394,0.00000,0.14008
6.88,8.38,4.0319,11.0407,0.00000,0.10514
7.12,8.38,3.9802,11.5188,0.00000,0.06494
7.38,8.38,3.0496,12.6089,0.00000,0.03951
2.62,8.62,2.7405,3.2875,0.00000,0.02562
2.88,8.62,3.6267,2.9720,0.00000,0.04027
3.12,8.62,3.7045,2.6628,0.00000,0.06322
3.38,8.62,3.7982,2.7492,0.00000,0.08384
3.62,8.62,3.7377,3.0084,0.00000,0.06921
3.88,8.62,3.8960,2.9272,0.00000,0.05462
4.12,8.62,3.8274,3.0253,0.00000,0.05421
4.38,8.62,3.8275,2.8950,0.00000,0.06152
4.62,8.62,3.7266,2.9604,0.00000,0.06981
4.88,8.62,3.7398,2.8622,0.00000,0.07782
5.12,8.62,3.7204,2.8538,0.00000,0.07229
5.38,8.62,3.8540,3.3546,0.00000,0.06795
5.62,8.62,3.8610,4.0967,0.00000,0.06518
5.88,8.62,3.7756,5.2591,0.00000,0.06482
6.12,8.62,3.8093,8.0150,0.00000,0.08814
6.38,8.62,3.7908,11.8058,0.00000,0.13556
6.62,8.62,3.9009,13.5204,0.00000,0.16019
6.88,8.62,4.1116,12.8338,0.00000,0.12363
7.12,8.62,4.0478,12.5768,0.00000,0.06942
7.38,8.62,3.0426,12.4702,0.00000,0.03524
2.62,8.88,2.6907,2.8394,0.00000,0.03137
2.88,8.88,3.6212,2.4527,0.00000,0.05063
3.12,8.88,3.7155,2.0735,0.00000,0.08285
3.38,8.88,3.8091,2.4498,0.00000,0.11199
3.62,8.88,3.7321,3.1054,0.00000,0.09083
3.88,8.88,3.8675,3.8581,0.00000,0.06986
4.12,8.88,3.8072,4.6557,0.00000,0.06877
4.38,8.88,3.8459,3.9658,0.00000,0.07805
4.62,8.88,3.7737,3.3911,0.00000,0.09215
4.88,8.88,3.7696,3.3566,0.00000,0.10310
5.12,8.88,3.7099,3.7419,0.00000,0.09071
5.38,8.88,3.8266,4.8154,0.00000,0.08361
5.62,8.88,3.7950,5.9298,0.00000,0.08003
5.88,8.88,3.6810,6.9642,0.00000,0.07920
6.12,8.88,3.6606,9.1680,0.00000,0.09894
6.38,8.88,3.6637,12.7161,0.00000,0.13766
6.62,8.88,3.8268,15.0729,0.00000,0.16731
6.88,8.88,4.1687,14.8315,0.00000,0.14568
7.12,8.88,4.0934,13.8936,0.00000,0.08122
7.38,8.88,3.0153,12.9102,0.00000,0.03304
2.62,9.12,2.6134,2.9680,0.00000,0.03744
2.88,9.12,3.5726,2.4693,0.00000,0.06296
3.12,9.12,3.6650,2.0457,0.00000,0.10947
3.38,9.12,3.7759,2.4733,0.00000,0.15191
3.62,9.12,3.7093,3.1766,0.00000,0.12388
3.88,9.12,3.8391,4.3851,0.00000,0.09412
4.12,9.12,3.7795,5.6544,0.00000,0.08641
4.38,9.12,3.8375,4.8597,0.00000,0.09329
4.62,9.12,3.7760,4.0812,0.00000,0.11128
4.88,9.12,3.7507,4.1696,0.00000,0.12500
5.12,9.12,3.6884,4.9378,0.00000,0.10573
5.38,9.12,3.8234,6.4494,0.00000,0.09462
5.62,9.12,3.7824,7.7984,0.00000,0.09355
5.88,9.12,3.6911,8.6564,0.00000,0.09481
6.12,9.12,3.6229,10.3572,0.00000,0.10645
6.38,9.12,3.5960,13.5252,0.00000,0.13584
6.62,9.12,3.7294,16.0910,0.00000,0.17578
6.88,9.12,4.1562,16.1891,0.00000,0.17036
7.12,9.12,4.1333,15.2780,0.00000,0.09683
7.38,9.12,3.0771,14.3640,0.00000,0.03558
2.62,9.38,2.5450,3.6006,0.00000,0.04312
2.88,9.38,3.5035,2.9912,0.00000,0.07698
3.12,9.38,3.6068,2.5202,0.00000,0.14556
3.38,9.38,3.7254,2.8171,0.00000,0.20810
3.62,9.38,3.6417,3.3750,0.00000,0.17156
3.88,9.38,3.7793,4.9153,0.00000,0.12943
4.12,9.38,3.7682,6.6666,0.00000,0.10915
4.38,9.38,3.8684,6.0719,0.00000,0.10710
4.62,9.38,3.7579,5.1376,0.00000,0.11780
4.88,9.38,3.6957,5.2308,0.00000,0.12894
5.12,9.38,3.6737,6.5139,0.00000,0.11449
5.38,9.38,3.8315,8.3460,0.00000,0.10812
5.62,9.38,3.7954,9.5613,0.00000,0.11092
5.88,9.38,3.7635,10.0841,0.00000,0.11443
6.12,9.38,3.7165,11.6676,0.00000,0.11860
6.38,9.38,3.7295,14.7827,0.00000,0.14848
6.62,9.38,3.8240,17.4640,0.00000,0.19538
6.88,9.38,4.2161,17.8422,0.00000,0.18300
7.12,9.38,4.2175,16.8781,0.00000,0.09967
7.38,9.38,3.2165,15.5770,0.00000,0.03566
2.62,9.62,2.5446,4.0183,0.00000,0.04949
2.88,9.62,3.5085,3.6079,0.00000,0.09220
3.12,9.62,3.5928,3.3089,0.00000,0.18383
3.38,9.62,3.6819,3.6075,0.00000,0.26847
3.62,9.62,3.5967,3.9201,0.00000,0.22830
3.88,9.62,3.7425,4.9707,0.00000,0.17857
4.12,9.62,3.7407,6.4615,0.00000,0.14586
4.38,9.62,3.8742,6.6230,0.00000,0.13575
4.62,9.62,3.7658,6.3430,0.00000,0.14238
4.88,9.62,3.7089,6.7701,0.00000,0.15455
5.12,9.62,3.6960,8.4139,0.00000,0.13758
5.38,9.62,3.8418,10.2968,0.00000,0.12539
5.62,9.62,3.7989,11.5177,0.00000,0.12744
5.88,9.62,3.7668,12.1212,0.00000,0.13304
6.12,9.62,3.7599,13.8888,0.00000,0.13435
6.38,9.62,3.8908,16.8048,0.00000,0.17089
6.62,9.62,4.0068,19.3808,0.00000,0.22336
6.88,9.62,4.3194,20.0899,0.00000,0.20000
7.12,9.62,4.2563,19.0256,0.00000,0.10546
7.38,9.62,3.2907,17.0202,0.00000,0.03826
2.62,9.88,2.5855,4.0202,0.00000,0.05644
2.88,9.88,3.5463,3.7941,0.00000,0.10549
3.12,9.88,3.5998,3.7407,0.00000,0.21277
3.38,9.88,3.6828,4.3969,0.00000,0.31659
3.62,9.88,3.6142,4.7523,0.00000,0.28612
3.88,9.88,3.7576,5.3345,0.00000,0.24211
4.12,9.88,3.7347,6.3383,0.00000,0.19509
4.38,9.88,3.8714,6.8118,0.00000,0.17329
4.62,9.88,3.7983,7.3125,0.00000,0.18087
4.88,9.88,3.7711,8.6055,0.00000,0.19700
5.12,9.88,3.7428,10.6667,0.00000,0.16902
5.38,9.88,3.8523,12.7527,0.00000,0.14541
5.62,9.88,3.7889,14.4783,0.00000,0.14542
5.88,9.88,3.7214,15.3529,0.00000,0.14900
6.12,9.88,3.7291,17.0643,0.00000,0.14278
6.38,9.88,3.9430,19.3527,0.00000,0.17547
6.62,9.88,4.0725,21.5998,0.00000,0.23104
6.88,9.88,4.3458,22.4584,0.00000,0.21360
7.12,9.88,4.2752,21.3939,0.00000,0.11558
7.38,9.88,3.3702,19.0875,0.00000,0.04275
14.12,9.88,3.9510,96.1640,0.21413,0.00124
2.62,10.12,2.5636,4.6621,0.00000,0.06011
2.88,10.12,3.5082,3.8904,0.00000,0.11369
3.12,10.12,3.5747,3.6961,0.00000,0.23550
3.38,10.12,3.6873,4.5760,0.00000,0.36081
3.62,10.12,3.6250,5.0682,0.00000,0.35284
3.88,10.12,3.7581,5.9905,0.00000,0.32686
4.12,10.12,3.7383,7.1897,0.00000,0.26082
4.38,10.12,3.9108,7.6067,0.00000,0.21711
4.62,10.12,3.8517,8.3728,0.00000,0.21460
4.88,10.12,3.8144,10.2247,0.00000,0.22538
5.12,10.12,3.7474,12.5784,0.00000,0.18756
5.38,10.12,3.8079,15.0303,0.00000,0.15807
5.62,10.12,3.7675,17.5858,0.00000,0.16145
5.88,10.12,3.7515,18.6663,0.00000,0.16639
6.12,10.12,3.7447,20.2142,0.00000,0.14894
6.38,10.12,3.9242,22.1230,0.00000,0.16350
6.62,10.12,4.0519,24.1934,0.00000,0.21112
6.88,10.12,4.3738,25.2047,0.00000,0.20959
7.12,10.12,4.3020,24.2996,0.00000,0.11949
7.38,10.12,3.3699,21.9516,0.00000,0.04357
13.88,10.12,4.1037,154.5655,0.22939,0.00196
14.12,10.12,4.4956,139.7804,0.30025,0.00171
2.62,10.38,2.5867,6.4520,0.00000,0.06671
2.88,10.38,3.5337,4.6159,0.00000,0.12814
3.12,10.38,3.5832,3.8560,0.00000,0.27126
3.38,10.38,3.6733,4.6687,0.00000,0.42433
3.62,10.38,3.6178,5.2699,0.00000,0.43929
3.88,10.38,3.7574,6.5423,0.00000,0.43021
4.12,10.38,3.7273,7.9063,0.00000,0.33787
4.38,10.38,3.8911,8.4737,0.00000,0.26316
4.62,10.38,3.8385,9.5678,0.00000,0.24765
4.88,10.38,3.8418,11.7007,0.00000,0.25455
5.12,10.38,3.7663,14.2050,0.00000,0.20396
5.38,10.38,3.7716,16.3603,0.00000,0.16431
5.62,10.38,3.7250,19.0047,0.00000,0.17393
5.88,10.38,3.7886,20.8616,0.00000,0.19227
6.12,10.38,3.7812,22.9987,0.00000,0.16630
6.38,10.38,3.9145,25.0041,0.00000,0.16039
6.62,10.38,4.0004,26.9915,0.00000,0.19225
6.88,10.38,4.3591,28.0162,0.00000,0.19582
7.12,10.38,4.3127,27.4252,0.00000,0.11486
7.38,10.38,3.3713,25.3638,0.00000,0.04101
13.38,10.38,4.3666,165.5708,0.18065,0.00344
13.62,10.38,4.4132,164.7314,0.24308,0.00331
13.88,10.38,3.7576,161.0683,0.20712,0.00250
14.12,10.38,3.8024,153.9397,0.29877,0.00227
14.38,10.38,4.2686,154.6428,0.53000,0.00261
2.62,10.62,2.6465,8.5101,0.00000,0.07458
2.88,10.62,3.6188,5.7487,0.00000,0.14748
3.12,10.62,3.6624,4.5048,0.00000,0.32286
3.38,10.62,3.7293,5.4364,0.00000,0.51006
3.62,10.62,3.6304,6.2690,0.00000,0.52522
3.88,10.62,3.7210,7.5191,0.00000,0.50556
4.12,10.62,3.6881,8.7043,0.00000,0.38704
4.38,10.62,3.8534,9.2885,0.00000,0.29070
4.62,10.62,3.7787,10.6861,0.00000,0.26906
4.88,10.62,3.7679,13.1992,0.00000,0.27641
5.12,10.62,3.7094,15.7329,0.00000,0.22318
5.38,10.62,3.7638,16.8235,0.00000,0.18365
5.62,10.62,3.7158,18.8715,0.00000,0.19720
5.88,10.62,3.8090,21.9613,0.00000,0.22421
6.12,10.62,3.8053,25.0994,0.00000,0.18796
6.38,10.62,3.9340,27.7248,0.00000,0.16655
6.62,10.62,3.9799,30.2209,0.00000,0.18291
6.88,10.62,4.2837,31.0843,0.00000,0.17714
7.12,10.62,4.2293,30.7889,0.00000,0.10271
7.38,10.62,3.4025,29.4314,0.00000,0.03678
12.88,10.62,4.1294,178.7493,0.17569,0.00240
13.12,10.62,4.2041,167.7954,0.10233,0.00303
13.38,10.62,4.0790,159.8957,0.09165,0.00354
13.62,10.62,3.9687,157.2930,0.13030,0.00354
13.88,10.62,3.5634,153.3473,0.13423,0.00325
14.12,10.62,3.6007,148.8086,0.22033,0.00365
14.38,10.62,4.3426,150.8460,0.38026,0.00473
2.62,10.88,2.6744,11.6009,0.00000,0.08247
2.88,10.88,3.6664,7.4870,0.00000,0.16735
3.12,10.88,3.7366,5.5439,0.00000,0.37703
3.38,10.88,3.8325,6.6083,0.00000,0.59439
3.62,10.88,3.7082,7.6439,0.00000,0.58327
3.88,10.88,3.7196,8.7441,0.00000,0.52842
4.12,10.88,3.6147,9.5844,0.00000,0.39989
4.38,10.88,3.7658,9.7712,0.00000,0.30712
4.62,10.88,3.7303,11.1641,0.00000,0.29294
4.88,10.88,3.7543,14.0470,0.00000,0.30775
5.12,10.88,3.7118,16.6273,0.00000,0.25502
5.38,10.88,3.8086,17.1584,0.00000,0.21732
5.62,10.88,3.7597,18.8105,0.00000,0.22996
5.88,10.88,3.8428,22.5392,0.00000,0.25546
6.12,10.88,3.8237,26.2455,0.00000,0.20419
6.38,10.88,3.9584,29.6509,0.00000,0.16870
6.62,10.88,3.9865,32.8403,0.00000,0.17575
6.88,10.88,4.2328,33.5333,0.00000,0.16369
7.12,10.88,4.1740,33.6095,0.00000,0.09391
7.38,10.88,3.4913,32.9803,0.00000,0.03406
12.38,10.88,3.7355,110.1542,0.03964,0.00213
12.62,10.88,4.1301,138.6249,0.13767,0.00244
12.88,10.88,4.2524,157.0699,0.19546,0.00280
13.12,10.88,3.9660,154.4422,0.11365,0.00331
13.38,10.88,3.7631,150.6275,0.05203,0.00385
13.62,10.88,3.8757,146.0697,0.08944,0.00419
13.88,10.88,3.8311,141.3319,0.13515,0.00450
14.12,10.88,3.6944,141.9084,0.14667,0.00550
14.38,10.88,4.0187,145.4909,0.16704,0.00694
14.62,10.88,4.2973,145.1985,0.16801,0.00698
2.62,11.12,2.6819,16.1762,0.00000,0.09202
2.88,11.12,3.6833,10.3087,0.00000,0.18697
3.12,11.12,3.7678,7.2421,0.00000,0.41640
3.38,11.12,3.8898,7.5627,0.00000,0.64463
3.62,11.12,3.7760,8.1350,0.00000,0.60884
3.88,11.12,3.7706,9.1710,0.00000,0.53229
4.12,11.12,3.6311,10.0902,0.00000,0.40683
4.38,11.12,3.7517,10.4706,0.00000,0.32195
4.62,11.12,3.7258,12.0064,0.00000,0.31104
4.88,11.12,3.8223,14.7730,0.00000,0.32967
5.12,11.12,3.7908,17.2008,0.00000,0.27727
5.38,11.12,3.8458,17.9582,0.00000,0.23999
5.62,11.12,3.7979,19.7662,0.00000,0.25300
5.88,11.12,3.9051,23.5654,0.00000,0.27787
6.12,11.12,3.8826,27.4302,0.00000,0.21523
6.38,11.12,4.0133,30.9516,0.00000,0.16544
6.62,11.12,4.0565,34.1568,0.00000,0.16195
6.88,11.12,4.3382,35.2088,0.00000,0.14929
7.12,11.12,4.2848,36.1380,0.00000,0.08688
7.38,11.12,3.5564,35.8593,0.00000,0.03197
12.12,11.12,4.2207,127.6577,0.00176,0.00292
12.38,11.12,4.0898,126.1846,0.01642,0.00281
12.62,11.12,3.9958,134.6520,0.06632,0.00307
12.88,11.12,3.9168,140.3402,0.10533,0.00379
13.12,11.12,3.7437,137.5571,0.06501,0.00463
13.38,11.12,3.6787,136.7747,0.03813,0.00505
13.62,11.12,3.8624,136.1038,0.10632,0.00546
13.88,11.12,3.9353,135.1080,0.17449,0.00620
14.12,11.12,3.7833,141.0011,0.12190,0.00751
14.38,11.12,3.7856,143.7729,0.08725,0.00901
14.62,11.12,4.1433,137.3413,0.23400,0.01002
14.88,11.12,4.3246,123.2179,0.68877,0.01236
2.62,11.38,2.6792,20.8847,0.00000,0.10307
2.88,11.38,3.6774,13.5820,0.00000,0.21129
3.12,11.38,3.7648,9.6356,0.00000,0.46589
3.38,11.38,3.8988,9.0556,0.00000,0.70796
3.62,11.38,3.7916,8.8909,0.00000,0.64807
3.88,11.38,3.8149,9.6534,0.00000,0.54908
4.12,11.38,3.7039,10.6738,0.00000,0.41550
4.38,11.38,3.8097,11.4595,0.00000,0.32512
4.62,11.38,3.7659,13.1857,0.00000,0.31113
4.88,11.38,3.9068,15.8087,0.00000,0.32793
5.12,11.38,3.8747,18.1744,0.00000,0.27051
5.38,11.38,3.8585,19.2689,0.00000,0.22889
5.62,11.38,3.8010,21.6534,0.00000,0.24618
5.88,11.38,3.9253,25.5830,0.00000,0.27526
6.12,11.38,3.8995,29.4724,0.00000,0.21450
6.38,11.38,4.0048,32.5127,0.00000,0.16180
6.62,11.38,4.0914,35.2478,0.00000,0.15013
6.88,11.38,4.4727,37.1015,0.00000,0.13568
7.12,11.38,4.4108,38.9603,0.00000,0.07961
7.38,11.38,3.5823,38.4131,0.00000,0.02965
11.62,11.38,4.2178,120.7930,0.00000,0.00271
11.88,11.38,4.4902,127.7578,0.00001,0.00359
12.12,11.38,4.2076,130.1916,0.00029,0.00416
12.38,11.38,4.0036,129.0311,0.00322,0.00423
12.62,11.38,3.8701,128.9818,0.01404,0.00459
12.88,11.38,3.8069,127.8263,0.02305,0.00542
13.12,11.38,3.6854,125.6841,0.01509,0.00637
13.38,11.38,3.5978,128.4592,0.01708,0.00688
13.62,11.38,3.7382,133.8006,0.06280,0.00789
13.88,11.38,3.8711,136.0019,0.10370,0.00950
14.12,11.38,3.8280,141.2296,0.07290,0.01146
14.38,11.38,3.6939,143.0126,0.11317,0.01437
14.62,11.38,4.0519,142.0861,0.52397,0.02052
14.88,11.38,5.1048,153.8341,1.64035,0.03571
2.62,11.62,2.6807,24.1511,0.00000,0.11427
2.88,11.62,3.6781,15.8592,0.00000,0.23111
3.12,11.62,3.7635,11.4298,0.00000,0.50017
3.38,11.62,3.8766,10.6958,0.00000,0.74977
3.62,11.62,3.7541,10.3563,0.00000,0.66248
3.88,11.62,3.8002,10.7375,0.00000,0.53261
4.12,11.62,3.7286,11.7309,0.00000,0.39666
4.38,11.62,3.8618,12.5887,0.00000,0.31232
4.62,11.62,3.8289,14.1739,0.00000,0.30118
4.88,11.62,3.9729,16.6400,0.00000,0.31699
5.12,11.62,3.9235,19.0237,0.00000,0.25611
5.38,11.62,3.8811,20.5795,0.00000,0.21274
5.62,11.62,3.8191,23.8968,0.00000,0.23053
5.88,11.62,3.8871,28.5302,0.00000,0.25662
6.12,11.62,3.8549,32.8534,0.00000,0.20510
6.38,11.62,3.9673,35.2160,0.00000,0.16140
6.62,11.62,4.0613,37.1741,0.00000,0.14332
6.88,11.62,4.4611,39.5949,0.00000,0.12056
7.12,11.62,4.4248,42.2546,0.00000,0.06901
7.38,11.62,3.6979,41.4516,0.00000,0.02623
11.12,11.62,3.9187,119.5406,0.00000,0.00269
11.38,11.62,4.2253,120.5998,0.00000,0.00322
11.62,11.62,4.1928,124.5482,0.00000,0.00412
11.88,11.62,4.1318,127.7387,0.00000,0.00593
12.12,11.62,3.9999,123.6314,0.00002,0.00722
12.38,11.62,4.0151,118.4411,0.00026,0.00681
12.62,11.62,3.9205,117.1191,0.00114,0.00640
12.88,11.62,3.8198,117.6061,0.00189,0.00655
13.12,11.62,3.7286,119.3856,0.00140,0.00737
13.38,11.62,3.6699,123.2194,0.00336,0.00892
13.62,11.62,3.7044,127.9841,0.01399,0.01208
13.88,11.62,3.7421,130.3179,0.02431,0.01608
14.12,11.62,3.6809,133.2347,0.03451,0.02043
14.38,11.62,3.6488,134.2756,0.15959,0.03050
14.62,11.62,3.9181,140.1416,0.70056,0.05457
14.88,11.62,4.9903,163.8813,2.01047,0.09994
15.12,11.62,6.0314,198.4591,3.77251,0.16282
2.62,11.88,2.6781,25.3438,0.00000,0.12359
2.88,11.88,3.6732,16.6224,0.00000,0.24211
3.12,11.88,3.7568,12.0743,0.00000,0.51356
3.38,11.88,3.8598,12.3470,0.00000,0.76924
3.62,11.88,3.7348,13.0173,0.00000,0.66896
3.88,11.88,3.7803,12.8814,0.00000,0.51872
4.12,11.88,3.7390,13.3940,0.00000,0.38151
4.38,11.88,3.9013,14.0609,0.00000,0.30079
4.62,11.88,3.8461,15.0243,0.00000,0.28204
4.88,11.88,3.9655,16.5780,0.00000,0.28983
5.12,11.88,3.9098,18.6805,0.00000,0.23709
5.38,11.88,3.8938,21.2062,0.00000,0.20237
5.62,11.88,3.8407,25.6621,0.00000,0.21222
5.88,11.88,3.8575,31.2414,0.00000,0.22591
6.12,11.88,3.8284,36.2647,0.00000,0.18570
6.38,11.88,3.9597,38.6549,0.00000,0.15532
6.62,11.88,4.0404,40.4853,0.00000,0.13474
6.88,11.88,4.3653,42.8993,0.00000,0.10531
7.12,11.88,4.3340,46.0963,0.00000,0.05818
7.38,11.88,3.7937,45.7245,0.00000,0.02266
10.62,11.88,3.5507,77.1575,0.00000,0.00226
10.88,11.88,3.9112,90.8450,0.00000,0.00290
11.12,11.88,4.1241,100.4282,0.00000,0.00391
11.38,11.88,4.1066,110.9190,0.00000,0.00513
11.62,11.88,3.9903,120.7466,0.00000,0.00724
11.88,11.88,3.9785,121.0409,0.00000,0.01024
12.12,11.88,3.9241,114.7670,0.00000,0.01104
12.38,11.88,3.8979,110.6821,0.00001,0.00888
12.62,11.88,3.8291,112.3152,0.00003,0.00749
12.88,11.88,3.8987,115.3723,0.00006,0.00753
13.12,11.88,3.8949,118.4541,0.00006,0.00850
13.38,11.88,3.7760,119.5919,0.00026,0.01092
13.62,11.88,3.7137,119.8067,0.00120,0.01646
13.88,11.88,3.7537,120.0916,0.00387,0.02459
14.12,11.88,3.6458,120.7456,0.02782,0.03590
14.38,11.88,3.6656,119.5379,0.15621,0.06618
14.62,11.88,3.7567,123.1875,0.50844,0.13495
14.88,11.88,4.0726,134.8250,1.16326,0.23925
15.12,11.88,4.0803,142.2137,1.81149,0.34869
2.62,12.12,2.6315,25.1949,0.00000,0.13355
2.88,12.12,3.6103,16.2851,0.00000,0.24907
3.12,12.12,3.7128,11.5166,0.00000,0.50317
3.38,12.12,3.8684,12.9945,0.00000,0.74833
3.62,12.12,3.7676,15.1522,0.00000,0.65405
3.88,12.12,3.7719,15.0706,0.00000,0.50617
4.12,12.12,3.7037,15.2887,0.00000,0.36395
4.38,12.12,3.8605,15.4548,0.00000,0.27964
4.62,12.12,3.8256,15.7443,0.00000,0.26608
4.88,12.12,3.9779,16.4481,0.00000,0.27954
5.12,12.12,3.8957,18.2283,0.00000,0.22770
5.38,12.12,3.8640,21.5595,0.00000,0.18780
5.62,12.12,3.8324,26.6192,0.00000,0.18870
5.88,12.12,3.9219,32.4181,0.00000,0.19986
6.12,12.12,3.8933,37.5280,0.00000,0.16809
6.38,12.12,3.9937,40.8503,0.00000,0.14113
6.62,12.12,4.0541,43.8319,0.00000,0.11791
6.88,12.12,4.3126,46.5967,0.00000,0.08777
7.12,12.12,4.2811,50.7518,0.00000,0.04790
7.38,12.12,3.8074,52.0218,0.00000,0.01949
10.38,12.12,4.0258,89.6229,0.00000,0.00342
10.62,12.12,3.9628,88.7329,0.00000,0.00364
10.88,12.12,3.9527,87.0769,0.00000,0.00482
11.12,12.12,4.0041,84.6764,0.00000,0.00679
11.38,12.12,4.0191,94.8657,0.00000,0.00880
11.62,12.12,3.9093,107.0192,0.00000,0.01068
11.88,12.12,3.8402,110.4256,0.00000,0.01238
12.12,12.12,3.8121,110.6790,0.00000,0.01154
12.38,12.12,3.8852,111.4471,0.00000,0.00929
12.62,12.12,3.8756,112.8407,0.00000,0.00840
12.88,12.12,3.9477,113.9983,0.00000,0.00867
13.12,12.12,3.9508,115.6622,0.00000,0.00976
13.38,12.12,3.8564,114.3753,0.00001,0.01242
13.62,12.12,3.7867,113.2526,0.00007,0.01865
13.88,12.12,3.8041,113.3440,0.00129,0.03034
14.12,12.12,3.6906,113.4011,0.01580,0.05299
14.38,12.12,3.6450,112.3298,0.08067,0.10950
14.62,12.12,3.6134,113.5044,0.19744,0.22537
14.88,12.12,3.5804,116.3181,0.32095,0.37883
15.12,12.12,3.2036,116.7825,0.39627,0.49575
15.38,12.12,2.4875,120.8699,0.34132,0.53751
2.62,12.38,2.6279,24.3799,0.00000,0.14097
2.88,12.38,3.6075,16.2094,0.00000,0.25643
3.12,12.38,3.6897,11.6414,0.00000,0.49853
3.38,12.38,3.8148,12.8156,0.00000,0.73171
3.62,12.38,3.7256,14.9652,0.00000,0.63892
3.88,12.38,3.7335,15.8466,0.00000,0.49244
4.12,12.38,3.6538,16.7512,0.00000,0.34656
4.38,12.38,3.8052,16.5976,0.00000,0.25870
4.62,12.38,3.8012,16.8714,0.00000,0.24425
4.88,12.38,3.9666,17.9534,0.00000,0.25694
5.12,12.38,3.8795,20.0711,0.00000,0.20891
5.38,12.38,3.8539,23.0244,0.00000,0.16780
5.62,12.38,3.8003,27.2219,0.00000,0.16347
5.88,12.38,3.9363,32.3249,0.00000,0.17603
6.12,12.38,3.9242,37.4784,0.00000,0.15237
6.38,12.38,4.0616,42.4225,0.00000,0.12753
6.62,12.38,4.1128,47.0368,0.00000,0.10130
6.88,12.38,4.2396,50.6033,0.00000,0.07017
7.12,12.38,4.1698,55.7001,0.00000,0.03766
7.38,12.38,3.7384,58.6138,0.00000,0.01653
9.88,12.38,3.9350,100.2716,0.00000,0.00519
10.12,12.38,4.2554,95.5855,0.00000,0.00543
10.38,12.38,3.9998,93.1942,0.00000,0.00566
10.62,12.38,3.7914,93.1246,0.00000,0.00686
10.88,12.38,3.8271,89.3712,0.00000,0.00909
11.12,12.38,3.9888,85.3964,0.00000,0.01093
11.38,12.38,4.0125,90.8165,0.00000,0.01195
11.62,12.38,3.8504,98.6161,0.00000,0.01173
11.88,12.38,3.7999,102.8846,0.00000,0.01141
12.12,12.38,3.8310,106.5503,0.00000,0.01028
12.38,12.38,3.9342,109.4047,0.00000,0.00910
12.62,12.38,3.8912,107.9836,0.00000,0.00869
12.88,12.38,3.9119,104.9029,0.00000,0.00909
13.12,12.38,3.9583,105.4134,0.00000,0.01041
13.38,12.38,3.8988,106.6228,0.00000,0.01290
13.62,12.38,3.8081,107.4530,0.00003,0.01856
13.88,12.38,3.8441,108.0161,0.00103,0.03167
14.12,12.38,3.8135,109.4825,0.01259,0.06029
14.38,12.38,3.7494,112.7674,0.05782,0.12139
14.62,12.38,3.6360,116.8315,0.10374,0.22926
14.88,12.38,3.5320,120.5312,0.09107,0.35431
15.12,12.38,3.3002,127.4232,0.08312,0.42268
15.38,12.38,2.8245,140.0706,0.10722,0.39861
2.62,12.62,2.6401,23.9722,0.00000,0.14492
2.88,12.62,3.6206,16.9847,0.00000,0.26045
3.12,12.62,3.6949,13.0643,0.00000,0.49141
3.38,12.62,3.7678,13.2177,0.00000,0.71012
3.62,12.62,3.6730,14.4764,0.00000,0.62010
3.88,12.62,3.7238,15.9723,0.00000,0.48028
4.12,12.62,3.6525,17.5199,0.00000,0.33225
4.38,12.62,3.7793,17.9166,0.00000,0.24008
4.62,12.62,3.8070,19.4232,0.00000,0.22744
4.88,12.62,3.9824,21.9281,0.00000,0.24071
5.12,12.62,3.8614,24.7670,0.00000,0.18943
5.38,12.62,3.8155,26.0657,0.00000,0.14477
5.62,12.62,3.7509,27.9786,0.00000,0.14559
5.88,12.62,3.9225,31.9071,0.00000,0.16444
6.12,12.62,3.9314,37.6212,0.00000,0.14007
6.38,12.62,4.0493,44.1448,0.00000,0.11025
6.62,12.62,4.0674,50.5891,0.00000,0.08270
6.88,12.62,4.1079,56.6016,0.00000,0.05400
7.12,12.62,4.0372,63.6750,0.00000,0.02901
7.38,12.62,3.7639,67.5058,0.00000,0.01421
9.38,12.62,3.5480,57.2227,0.00000,0.00530
9.62,12.62,3.9585,76.5597,0.00000,0.00701
9.88,12.62,3.8701,88.7731,0.00000,0.00834
10.12,12.62,3.7937,88.5042,0.00000,0.00935
10.38,12.62,3.7227,88.5346,0.00000,0.01058
10.62,12.62,3.7680,89.0185,0.00000,0.01168
10.88,12.62,3.8305,88.8737,0.00000,0.01288
11.12,12.62,3.8611,89.2586,0.00000,0.01258
11.38,12.62,3.8875,91.4113,0.00000,0.01211
11.62,12.62,3.8947,92.8890,0.00000,0.01140
11.88,12.62,3.8925,93.9542,0.00000,0.01067
12.12,12.62,3.8591,97.3377,0.00000,0.00965
12.38,12.62,3.9384,99.9945,0.00000,0.00899
12.62,12.62,3.9504,97.4296,0.00000,0.00880
12.88,12.62,3.9722,94.5855,0.00000,0.00914
13.12,12.62,3.9829,97.4307,0.00000,0.01037
13.38,12.62,3.9056,102.2259,0.00000,0.01289
13.62,12.62,3.8392,103.5565,0.00010,0.01822
13.88,12.62,3.9811,103.7926,0.00345,0.02999
14.12,12.62,3.9861,106.2450,0.04208,0.05302
14.38,12.62,3.8802,111.6095,0.18890,0.09363
14.62,12.62,3.8021,117.7094,0.31495,0.15540
14.88,12.62,3.6559,123.7122,0.20934,0.21741
15.12,12.62,3.5299,134.4176,0.09797,0.24036
15.38,12.62,3.3934,146.0645,0.10736,0.20423
15.62,12.62,3.4145,145.9431,0.14731,0.12737
2.62,12.88,2.6344,24.9626,0.00000,0.14021
2.88,12.88,3.6015,18.1541,0.00000,0.25069
3.12,12.88,3.6771,14.4223,0.00000,0.46834
3.38,12.88,3.7392,14.2150,0.00000,0.67317
3.62,12.88,3.6708,14.9942,0.00000,0.58696
3.88,12.88,3.7587,15.9417,0.00000,0.45586
4.12,12.88,3.7094,17.1724,0.00000,0.31401
4.38,12.88,3.8175,18.8086,0.00000,0.22335
4.62,12.88,3.8190,22.1339,0.00000,0.20901
4.88,12.88,3.9349,25.8396,0.00000,0.21816
5.12,12.88,3.8195,29.1659,0.00000,0.16954
5.38,12.88,3.8515,28.8760,0.00000,0.12926
5.62,12.88,3.7872,28.6622,0.00000,0.12987
5.88,12.88,3.9152,31.8227,0.00000,0.14459
6.12,12.88,3.9119,38.0379,0.00000,0.12151
6.38,12.88,3.9857,45.7194,0.00000,0.09416
6.62,12.88,3.9707,54.3565,0.00000,0.06787
6.88,12.88,4.0207,63.7991,0.00000,0.04200
7.12,12.88,3.9909,73.9449,0.00000,0.02295
7.38,12.88,3.8405,79.1287,0.00000,0.01256
9.12,12.88,4.0169,64.1798,0.00000,0.00635
9.38,12.88,3.8305,64.9288,0.00000,0.00812
9.62,12.88,3.8769,74.2891,0.00000,0.01217
9.88,12.88,3.7969,80.5875,0.00000,0.01630
10.12,12.88,3.8009,80.1201,0.00000,0.01715
10.38,12.88,3.8221,81.1586,0.00000,0.01658
10.62,12.88,3.8709,82.4088,0.00000,0.01457
10.88,12.88,3.8564,82.8226,0.00000,0.01316
11.12,12.88,3.8619,83.0612,0.00000,0.01226
11.38,12.88,3.9316,84.0094,0.00000,0.01177
11.62,12.88,3.9756,83.8881,0.00000,0.01084
11.88,12.88,3.9333,84.0828,0.00000,0.01003
12.12,12.88,3.9170,86.8999,0.00000,0.00956
12.38,12.88,3.9885,89.3225,0.00000,0.00921
12.62,12.88,3.9519,88.3762,0.00000,0.00881
12.88,12.88,3.9741,88.9902,0.00000,0.00906
13.12,12.88,4.0177,95.0432,0.00000,0.01037
13.38,12.88,3.9554,101.3233,0.00000,0.01278
13.62,12.88,3.8614,102.6649,0.00017,0.01732
13.88,12.88,4.0217,103.6576,0.00566,0.02681
14.12,12.88,4.0470,105.7930,0.06897,0.04183
14.38,12.88,3.8769,108.8007,0.31009,0.06122
14.62,12.88,3.8452,113.8591,0.52343,0.08456
14.88,12.88,3.7236,120.5616,0.37386,0.10243
15.12,12.88,3.5776,130.4828,0.19349,0.10432
15.38,12.88,3.6372,139.1260,0.15354,0.08590
15.62,12.88,3.9370,135.5585,0.16326,0.05557
15.88,12.88,3.6839,117.8506,0.12925,0.02953
2.62,13.12,2.6979,25.3107,0.00000,0.13732
2.88,13.12,3.7097,18.8891,0.00000,0.24552
3.12,13.12,3.7715,15.5465,0.00000,0.45501
3.38,13.12,3.7478,15.5824,0.00000,0.64881
3.62,13.12,3.6940,16.4807,0.00000,0.56100
3.88,13.12,3.8200,16.8202,0.00000,0.43132
4.12,13.12,3.7464,17.1804,0.00000,0.29442
4.38,13.12,3.8032,18.9700,0.00000,0.20798
4.62,13.12,3.8096,22.6468,0.00000,0.19582
4.88,13.12,3.8869,26.2720,0.00000,0.20196
5.12,13.12,3.7983,29.4888,0.00000,0.15485
5.38,13.12,3.9216,28.9191,0.00000,0.11710
5.62,13.12,3.8474,28.3368,0.00000,0.11246
5.88,13.12,3.8482,31.4922,0.00000,0.11812
6.12,13.12,3.7841,37.3683,0.00000,0.09807
6.38,13.12,3.9051,44.7036,0.00000,0.07723
6.62,13.12,3.9063,54.3568,0.00000,0.05609
6.88,13.12,3.9596,66.9314,0.00000,0.03450
7.12,13.12,4.0050,80.2601,0.00000,0.01941
7.38,13.12,4.0145,87.0710,0.00000,0.01177
8.62,13.12,4.0182,59.1807,0.00000,0.00431
8.88,13.12,4.1819,63.6285,0.00000,0.00604
9.12,13.12,4.1248,65.3354,0.00000,0.00947
9.38,13.12,3.8862,65.5708,0.00000,0.01390
9.62,13.12,3.8752,69.4877,0.00000,0.01961
9.88,13.12,3.9579,72.9406,0.00000,0.02452
10.12,13.12,4.0522,74.4065,0.00000,0.02274
10.38,13.12,3.9623,76.5835,0.00000,0.01944
10.62,13.12,3.9488,76.8263,0.00000,0.01625
10.88,13.12,3.9273,75.2021,0.00000,0.01339
11.12,13.12,3.8773,73.8249,0.00000,0.01192
11.38,13.12,3.9083,75.1582,0.00000,0.01153
11.62,13.12,4.0031,76.4694,0.00000,0.01079
11.88,13.12,4.0111,77.9153,0.00000,0.00991
12.12,13.12,3.9554,80.6846,0.00000,0.00943
12.38,13.12,3.9264,83.0903,0.00000,0.00906
12.62,13.12,3.8999,84.4000,0.00000,0.00867
12.88,13.12,3.9609,88.5402,0.00000,0.00902
13.12,13.12,3.9715,97.3675,0.00000,0.01020
13.38,13.12,3.9309,104.1072,0.00000,0.01206
13.62,13.12,3.9033,104.2695,0.00010,0.01550
13.88,13.12,4.0016,104.4460,0.00343,0.02234
14.12,13.12,3.9206,104.7283,0.04186,0.03118
14.38,13.12,3.7625,106.1301,0.18925,0.03861
14.62,13.12,3.7818,112.0367,0.33191,0.04381
14.88,13.12,3.7673,118.9989,0.29123,0.04446
15.12,13.12,3.7255,125.9497,0.22192,0.04110
15.38,13.12,3.7653,134.0955,0.15228,0.03453
15.62,13.12,3.9403,137.3991,0.10218,0.02673
15.88,13.12,3.9446,138.2316,0.06165,0.01826
2.62,13.38,2.7852,24.8829,0.00000,0.14343
2.88,13.38,3.8581,19.2948,0.00000,0.24929
3.12,13.38,3.9084,16.3121,0.00000,0.42569
3.38,13.38,3.7519,16.5746,0.00000,0.57790
3.62,13.38,3.6651,18.0986,0.00000,0.49780
3.88,13.38,3.7945,18.6606,0.00000,0.38511
4.12,13.38,3.7321,18.7402,0.00000,0.26479
4.38,13.38,3.7886,20.1791,0.00000,0.19008
4.62,13.38,3.8003,23.1393,0.00000,0.17488
4.88,13.38,3.8465,25.2691,0.00000,0.17152
5.12,13.38,3.8500,27.3889,0.00000,0.13426
5.38,13.38,4.0320,27.4784,0.00000,0.10647
5.62,13.38,3.9238,28.1489,0.00000,0.09619
5.88,13.38,3.8485,32.0231,0.00000,0.09369
6.12,13.38,3.7677,37.1562,0.00000,0.07853
6.38,13.38,3.8997,42.7591,0.00000,0.06346
6.62,13.38,3.8887,51.9942,0.00000,0.04646
6.88,13.38,3.9156,65.6468,0.00000,0.02942
7.12,13.38,3.9386,78.6031,0.00000,0.01730
7.38,13.38,4.0894,83.0843,0.00000,0.01114
8.12,13.38,3.6592,42.5546,0.00000,0.00468
8.38,13.38,4.0139,50.8854,0.00000,0.00479
8.62,13.38,4.0719,57.8616,0.00000,0.00558
8.88,13.38,3.8952,60.2079,0.00000,0.00831
9.12,13.38,3.9054,60.8931,0.00000,0.01380
9.38,13.38,3.9561,61.1322,0.00000,0.01956
9.62,13.38,4.0262,63.9282,0.00000,0.02287
9.88,13.38,4.0205,67.7610,0.00000,0.02446
10.12,13.38,4.0918,71.5523,0.00000,0.02169
10.38,13.38,4.0576,74.3135,0.00000,0.01975
10.62,13.38,4.0349,73.8250,0.00000,0.01776
10.88,13.38,3.9363,70.6326,0.00000,0.01415
11.12,13.38,3.8920,67.5874,0.00000,0.01217
11.38,13.38,3.9605,68.8231,0.00000,0.01225
11.62,13.38,3.9951,71.9900,0.00000,0.01181
11.88,13.38,3.9593,75.6699,0.00000,0.01035
12.12,13.38,3.9622,79.4678,0.00000,0.00942
12.38,13.38,3.9508,82.8113,0.00000,0.00894
12.62,13.38,3.8877,86.7438,0.00000,0.00844
12.88,13.38,3.8622,92.0435,0.00000,0.00853
13.12,13.38,3.8446,98.3385,0.00000,0.00937
13.38,13.38,3.8705,102.2819,0.00000,0.01077
13.62,13.38,3.8842,101.6018,0.00002,0.01322
13.88,13.38,3.9316,100.9869,0.00077,0.01786
14.12,13.38,3.8659,100.6102,0.00936,0.02308
14.38,13.38,3.8344,103.6750,0.04295,0.02530
14.62,13.38,3.8625,113.0048,0.08287,0.02484
14.88,13.38,3.8376,121.4742,0.10444,0.02284
15.12,13.38,3.7980,126.2312,0.11451,0.02000
15.38,13.38,3.8655,134.0875,0.07322,0.01713
15.62,13.38,3.8706,143.9160,0.03092,0.01527
15.88,13.38,3.9645,154.0401,0.01297,0.01355
16.12,13.38,3.7456,161.4633,0.00573,0.01030
2.62,13.62,2.8120,23.8165,0.00000,0.14977
2.88,13.62,3.9130,19.2339,0.00000,0.25345
3.12,13.62,3.9766,16.8355,0.00000,0.40159
3.38,13.62,3.7800,17.4781,0.00000,0.52089
3.62,13.62,3.6595,19.3685,0.00000,0.45053
3.88,13.62,3.7116,19.7541,0.00000,0.34832
4.12,13.62,3.6718,19.9113,0.00000,0.23910
4.38,13.62,3.7541,21.6457,0.00000,0.17398
4.62,13.62,3.7797,23.9917,0.00000,0.15719
4.88,13.62,3.8289,24.4378,0.00000,0.14820
5.12,13.62,3.8869,24.9705,0.00000,0.11842
5.38,13.62,4.0629,25.6315,0.00000,0.09643
5.62,13.62,4.0236,27.8548,0.00000,0.08312
5.88,13.62,3.9937,32.8901,0.00000,0.07671
6.12,13.62,3.8966,38.1102,0.00000,0.06424
6.38,13.62,3.9116,43.0475,0.00000,0.05100
6.62,13.62,3.8715,51.9076,0.00000,0.03723
6.88,13.62,3.8934,64.0903,0.00000,0.02493
7.12,13.62,3.8518,73.4000,0.00000,0.01545
7.38,13.62,3.9818,73.9705,0.00000,0.01018
7.62,13.62,4.0232,65.8660,0.00000,0.00799
7.88,13.62,3.9588,55.6773,0.00000,0.00641
8.12,13.62,3.9118,52.2479,0.00000,0.00553
8.38,13.62,3.9046,54.5740,0.00000,0.00561
8.62,13.62,3.9021,57.5481,0.00000,0.00717
8.88,13.62,3.8186,58.9562,0.00000,0.01073
9.12,13.62,3.8607,59.4284,0.00000,0.01591
9.38,13.62,3.8999,59.9579,0.00000,0.02064
9.62,13.62,3.9782,62.6540,0.00000,0.02250
9.88,13.62,4.0390,66.0108,0.00000,0.02196
10.12,13.62,4.1064,69.7451,0.00000,0.01838
10.38,13.62,4.0192,72.7494,0.00000,0.01677
10.62,13.62,4.0211,72.7753,0.00000,0.01646
10.88,13.62,4.0121,69.3951,0.00000,0.01489
11.12,13.62,3.9615,65.8288,0.00000,0.01336
11.38,13.62,3.9379,66.1138,0.00000,0.01368
11.62,13.62,3.9582,69.5803,0.00000,0.01399
11.88,13.62,3.9712,75.1542,0.00000,0.01168
12.12,13.62,4.0082,81.4081,0.00000,0.00941
12.38,13.62,3.9746,87.2179,0.00000,0.00833
12.62,13.62,3.8959,92.2336,0.00000,0.00784
12.88,13.62,3.8358,95.3497,0.00000,0.00798
13.12,13.62,3.7897,96.3713,0.00000,0.00858
13.38,13.62,3.8377,96.2915,0.00000,0.00959
13.62,13.62,3.9192,96.1066,0.00000,0.01119
13.88,13.62,3.9831,96.9463,0.00006,0.01381
14.12,13.62,3.9143,98.5003,0.00077,0.01636
14.38,13.62,3.8819,103.5910,0.00369,0.01677
14.62,13.62,3.9074,114.1934,0.00877,0.01589
14.88,13.62,3.8838,124.8057,0.01738,0.01492
15.12,13.62,3.6454,131.3005,0.02394,0.01318
15.38,13.62,3.5892,138.1535,0.01498,0.01158
15.62,13.62,3.6129,147.4761,0.00547,0.01156
15.88,13.62,3.6792,156.6948,0.00571,0.01210
16.12,13.62,3.6641,162.8872,0.01988,0.01039
2.62,13.88,2.8432,24.0655,0.00000,0.14718
2.88,13.88,3.9172,19.2476,0.00000,0.23976
3.12,13.88,3.9812,16.6939,0.00000,0.35931
3.38,13.88,3.8108,17.6699,0.00000,0.45910
3.62,13.88,3.6682,19.4767,0.00000,0.40774
3.88,13.88,3.6281,19.1804,0.00000,0.31730
4.12,13.88,3.6234,19.6114,0.00000,0.21790
4.38,13.88,3.7044,22.0180,0.00000,0.15922
4.62,13.88,3.7281,24.2640,0.00000,0.14465
4.88,13.88,3.8166,24.6361,0.00000,0.13884
5.12,13.88,3.9474,24.8548,0.00000,0.11083
5.38,13.88,4.0789,26.0507,0.00000,0.08563
5.62,13.88,4.0380,29.0977,0.00000,0.06980
5.88,13.88,3.9832,34.0746,0.00000,0.06217
6.12,13.88,3.9352,38.7209,0.00000,0.05244
6.38,13.88,3.9042,43.5123,0.00000,0.04077
6.62,13.88,3.8258,51.5206,0.00000,0.03017
6.88,13.88,3.8066,59.7431,0.00000,0.02155
7.12,13.88,3.7353,64.8047,0.00000,0.01446
7.38,13.88,3.7073,65.3229,0.00000,0.00990
7.62,13.88,3.6958,62.7986,0.00000,0.00783
7.88,13.88,3.7375,61.0526,0.00000,0.00668
8.12,13.88,3.7354,59.6416,0.00000,0.00608
8.38,13.88,3.7941,58.0494,0.00000,0.00656
8.62,13.88,3.8814,58.2614,0.00000,0.00845
8.88,13.88,3.7663,59.7347,0.00000,0.01175
9.12,13.88,3.7639,60.8600,0.00000,0.01648
9.38,13.88,3.9091,61.9215,0.00000,0.02094
9.62,13.88,3.9998,64.0319,0.00000,0.02096
9.88,13.88,3.9522,64.9217,0.00000,0.01786
10.12,13.88,3.9766,66.5803,0.00000,0.01469
10.38,13.88,3.9741,69.4908,0.00000,0.01402
10.62,13.88,4.0369,71.4063,0.00000,0.01494
10.88,13.88,4.0376,69.3543,0.00000,0.01512
11.12,13.88,3.9757,66.1822,0.00000,0.01418
11.38,13.88,3.9400,64.4255,0.00000,0.01506
11.62,13.88,3.9645,66.7417,0.00000,0.01581
11.88,13.88,3.9420,74.6211,0.00000,0.01219
12.12,13.88,3.9206,83.2518,0.00000,0.00864
12.38,13.88,3.8972,89.1693,0.00000,0.00758
12.62,13.88,3.8899,93.2674,0.00000,0.00759
12.88,13.88,3.8632,95.0020,0.00000,0.00802
13.12,13.88,3.8260,93.7187,0.00000,0.00862
13.38,13.88,3.8747,91.2408,0.00000,0.00927
13.62,13.88,3.9434,91.6828,0.00000,0.00975
13.88,13.88,3.9238,94.9916,0.00000,0.01037
14.12,13.88,3.8880,98.5392,0.00002,0.01120
14.38,13.88,3.9089,104.4188,0.00012,0.01149
14.62,13.88,3.8160,115.1894,0.00043,0.01102
14.88,13.88,3.6672,127.0719,0.00125,0.01064
15.12,13.88,3.4648,136.2059,0.00208,0.00996
15.38,13.88,3.2928,142.1687,0.00321,0.00921
15.62,13.88,3.1763,148.7032,0.01045,0.00923
15.88,13.88,3.1381,155.9414,0.02961,0.00953
16.12,13.88,3.3397,161.2934,0.08406,0.00999
16.38,13.88,3.9838,165.9884,0.18956,0.01245
2.62,14.12,2.9215,25.6353,0.00000,0.13758
2.88,14.12,3.9385,19.8722,0.00000,0.21420
3.12,14.12,3.9880,16.6154,0.00000,0.30534
3.38,14.12,3.7623,16.9854,0.00000,0.38629
3.62,14.12,3.5827,18.1156,0.00000,0.35119
3.88,14.12,3.5700,17.7659,0.00000,0.27671
4.12,14.12,3.6350,18.5638,0.00000,0.19522
4.38,14.12,3.6438,21.1768,0.00000,0.14357
4.62,14.12,3.6635,23.8672,0.00000,0.12233
4.88,14.12,3.7931,25.5625,0.00000,0.11291
5.12,14.12,3.9557,26.9563,0.00000,0.09393
5.38,14.12,4.0360,29.1840,0.00000,0.07515
5.62,14.12,4.0245,32.3379,0.00000,0.06031
5.88,14.12,3.9474,36.1266,0.00000,0.05110
6.12,14.12,3.9247,38.6599,0.00000,0.04320
6.38,14.12,3.8598,41.4365,0.00000,0.03489
6.62,14.12,3.7855,47.7164,0.00000,0.02760
6.88,14.12,3.7640,53.4199,0.00000,0.02045
7.12,14.12,3.7923,56.3351,0.00000,0.01467
7.38,14.12,3.7659,58.2460,0.00000,0.01074
7.62,14.12,3.7584,60.3321,0.00000,0.00844
7.88,14.12,3.7685,62.9076,0.00000,0.00715
8.12,14.12,3.7252,63.0764,0.00000,0.00673
8.38,14.12,3.7654,61.7762,0.00000,0.00772
8.62,14.12,3.7997,61.2855,0.00000,0.01066
8.88,14.12,3.7512,61.8004,0.00000,0.01458
9.12,14.12,3.7948,61.9851,0.00000,0.01751
9.38,14.12,3.9360,63.0657,0.00000,0.01905
9.62,14.12,3.9768,64.2659,0.00000,0.01658
9.88,14.12,3.9432,62.5608,0.00000,0.01332
10.12,14.12,3.9800,62.3050,0.00000,0.01244
10.38,14.12,3.9619,64.8245,0.00000,0.01260
10.62,14.12,3.9850,68.6951,0.00000,0.01279
10.88,14.12,4.0200,68.4090,0.00000,0.01318
11.12,14.12,3.9911,65.5423,0.00000,0.01314
11.38,14.12,3.9078,63.2728,0.00000,0.01335
11.62,14.12,3.9268,66.3158,0.00000,0.01269
11.88,14.12,3.9631,75.4237,0.00000,0.00982
12.12,14.12,3.9427,83.3443,0.00000,0.00765
12.38,14.12,3.8734,86.8885,0.00000,0.00724
12.62,14.12,3.8566,89.3168,0.00000,0.00763
12.88,14.12,3.8605,89.8676,0.00000,0.00834
13.12,14.12,3.8418,89.7778,0.00000,0.00883
13.38,14.12,3.8016,89.4014,0.00000,0.00876
13.62,14.12,3.7914,90.4783,0.00000,0.00850
13.88,14.12,3.7658,93.5806,0.00000,0.00851
14.12,14.12,3.7709,97.2727,0.00000,0.00865
14.38,14.12,3.7158,104.1239,0.00000,0.00888
14.62,14.12,3.6284,116.1843,0.00001,0.00906
14.88,14.12,3.6006,128.7143,0.00006,0.00908
15.12,14.12,3.5130,139.6380,0.00079,0.00835
15.38,14.12,3.2352,147.5694,0.00911,0.00768
15.62,14.12,3.0963,153.3562,0.04302,0.00763
15.88,14.12,3.2854,158.1715,0.09527,0.00781
16.12,14.12,3.7045,161.5520,0.17533,0.01042
16.38,14.12,5.1313,166.5209,0.33172,0.01692
2.62,14.38,3.0074,23.8637,0.00000,0.13140
2.88,14.38,3.9776,19.0926,0.00000,0.19569
3.12,14.38,4.0381,16.7643,0.00000,0.26404
3.38,14.38,3.7826,16.3988,0.00000,0.32579
3.62,14.38,3.6153,16.3404,0.00000,0.29853
3.88,14.38,3.6054,16.0160,0.00000,0.23779
4.12,14.38,3.6482,17.3200,0.00000,0.17404
4.38,14.38,3.6212,20.2717,0.00000,0.13359
4.62,14.38,3.6531,22.7957,0.00000,0.10760
4.88,14.38,3.7074,24.8064,0.00000,0.09006
5.12,14.38,3.8346,27.8160,0.00000,0.07793
5.38,14.38,3.9442,31.5442,0.00000,0.06713
5.62,14.38,4.0048,34.0340,0.00000,0.05453
5.88,14.38,3.9321,36.1462,0.00000,0.04511
6.12,14.38,3.9547,37.1804,0.00000,0.03837
6.38,14.38,3.8867,38.7812,0.00000,0.03211
6.62,14.38,3.8600,44.0767,0.00000,0.02694
6.88,14.38,3.8219,49.8600,0.00000,0.02050
7.12,14.38,3.8193,53.0084,0.00000,0.01502
7.38,14.38,3.8117,54.5828,0.00000,0.01133
7.62,14.38,3.9239,56.0871,0.00000,0.00906
7.88,14.38,3.9602,58.5122,0.00000,0.00776
8.12,14.38,3.8598,60.9683,0.00000,0.00734
8.38,14.38,3.8306,62.3897,0.00000,0.00858
8.62,14.38,3.8375,62.2068,0.00000,0.01245
8.88,14.38,3.8573,62.2126,0.00000,0.01640
9.12,14.38,3.8222,61.2674,0.00000,0.01570
9.38,14.38,3.9087,61.0009,0.00000,0.01365
9.62,14.38,4.0364,60.9446,0.00000,0.01172
9.88,14.38,4.1011,59.8163,0.00000,0.01069
10.12,14.38,4.0436,60.0194,0.00000,0.01064
10.38,14.38,3.9598,60.3956,0.00000,0.01048
10.62,14.38,3.9299,62.4080,0.00000,0.01032
10.88,14.38,3.9081,64.2639,0.00000,0.01048
11.12,14.38,3.8847,64.9917,0.00000,0.01017
11.38,14.38,3.8620,65.7855,0.00000,0.00952
11.62,14.38,3.9530,70.3000,0.00000,0.00865
11.88,14.38,4.0401,77.3896,0.00000,0.00782
12.12,14.38,4.0367,82.1519,0.00000,0.00748
12.38,14.38,3.9355,82.9820,0.00000,0.00742
12.62,14.38,3.8752,84.2959,0.00000,0.00747
12.88,14.38,3.8405,85.2924,0.00000,0.00769
13.12,14.38,3.8031,88.2513,0.00000,0.00778
13.38,14.38,3.7566,90.8978,0.00000,0.00772
13.62,14.38,3.7390,92.3912,0.00000,0.00787
13.88,14.38,3.6518,94.7458,0.00000,0.00794
14.12,14.38,3.6766,98.9038,0.00000,0.00739
14.38,14.38,3.6790,106.2266,0.00000,0.00733
14.62,14.38,3.5929,118.5640,0.00000,0.00814
14.88,14.38,3.5063,131.6231,0.00004,0.00833
15.12,14.38,3.4261,141.5439,0.00122,0.00695
15.38,14.38,3.4322,150.7720,0.01537,0.00624
15.62,14.38,3.5991,158.8649,0.07640,0.00673
15.88,14.38,4.0932,164.5485,0.16430,0.00715
16.12,14.38,4.1770,167.8024,0.22385,0.00927
2.62,14.62,3.0592,18.9516,0.00000,0.12648
2.88,14.62,3.9944,16.3604,0.00000,0.18339
3.12,14.62,4.0257,15.4130,0.00000,0.23801
3.38,14.62,3.8116,14.9358,0.00000,0.28732
3.62,14.62,3.7096,14.4952,0.00000,0.26327
3.88,14.62,3.6689,14.0863,0.00000,0.21137
4.12,14.62,3.6453,15.6077,0.00000,0.15755
4.38,14.62,3.6262,19.0651,0.00000,0.12649
4.62,14.62,3.6468,21.3007,0.00000,0.10117
4.88,14.62,3.5946,22.8969,0.00000,0.07913
5.12,14.62,3.6892,26.5306,0.00000,0.07005
5.38,14.62,3.8156,30.5612,0.00000,0.06258
5.62,14.62,3.9181,32.6338,0.00000,0.05041
5.88,14.62,3.9017,33.7408,0.00000,0.04218
6.12,14.62,4.0017,34.1887,0.00000,0.03749
6.38,14.62,3.9213,36.4097,0.00000,0.03111
6.62,14.62,3.8889,42.1046,0.00000,0.02503
6.88,14.62,3.8959,48.5223,0.00000,0.01949
7.12,14.62,3.9208,52.2160,0.00000,0.01513
7.38,14.62,3.8729,52.8323,0.00000,0.01174
7.62,14.62,3.9588,52.4988,0.00000,0.00937
7.88,14.62,4.0041,53.7045,0.00000,0.00807
8.12,14.62,3.9496,56.4029,0.00000,0.00768
8.38,14.62,3.9273,57.9491,0.00000,0.00837
8.62,14.62,3.8498,58.2111,0.00000,0.01063
8.88,14.62,3.8361,58.8775,0.00000,0.01279
9.12,14.62,3.8297,58.4429,0.00000,0.01162
9.38,14.62,3.9076,58.4158,0.00000,0.00980
9.62,14.62,3.9852,58.8462,0.00000,0.00901
9.88,14.62,4.1038,59.2156,0.00000,0.00896
10.12,14.62,4.0722,59.4017,0.00000,0.00905
10.38,14.62,4.0181,58.9121,0.00000,0.00868
10.62,14.62,3.9348,60.0936,0.00000,0.00825
10.88,14.62,3.8406,62.7103,0.00000,0.00802
11.12,14.62,3.8362,65.2859,0.00000,0.00758
11.38,14.62,3.8126,68.6494,0.00000,0.00715
11.62,14.62,3.8341,73.0418,0.00000,0.00700
11.88,14.62,3.9431,75.9587,0.00000,0.00733
12.12,14.62,4.0399,78.2464,0.00000,0.00785
12.38,14.62,3.9406,80.8437,0.00000,0.00767
12.62,14.62,3.7997,83.3687,0.00000,0.00701
12.88,14.62,3.7589,84.6231,0.00000,0.00668
13.12,14.62,3.8088,90.3047,0.00000,0.00695
13.38,14.62,3.8189,96.1349,0.00000,0.00816
13.62,14.62,3.8004,98.1889,0.00000,0.00964
13.88,14.62,3.7323,101.7632,0.00000,0.00928
14.12,14.62,3.7689,109.8947,0.00000,0.00721
14.38,14.62,3.7744,118.0306,0.00000,0.00594
14.62,14.62,3.6266,126.6889,0.00000,0.00593
14.88,14.62,3.5659,136.7601,0.00002,0.00594
15.12,14.62,3.5815,140.0413,0.00078,0.00526
15.38,14.62,3.8389,142.4170,0.01059,0.00497
15.62,14.62,3.9306,153.3015,0.06214,0.00538
2.62,14.88,2.9190,14.5119,0.00000,0.12419
2.88,14.88,3.8951,13.1523,0.00000,0.18104
3.12,14.88,3.9841,12.7697,0.00000,0.23233
3.38,14.88,3.8353,13.0877,0.00000,0.27543
3.62,14.88,3.7029,13.2616,0.00000,0.24660
3.88,14.88,3.6885,12.7955,0.00000,0.19718
4.12,14.88,3.7148,13.9564,0.00000,0.15034
4.38,14.88,3.6927,17.0625,0.00000,0.12393
4.62,14.88,3.6979,19.6498,0.00000,0.09893
4.88,14.88,3.6046,22.4589,0.00000,0.07553
5.12,14.88,3.6634,26.6351,0.00000,0.06714
5.38,14.88,3.7795,29.1867,0.00000,0.06109
5.62,14.88,3.8920,30.4026,0.00000,0.04856
5.88,14.88,3.8383,31.4010,0.00000,0.04009
6.12,14.88,3.8814,31.9994,0.00000,0.03660
6.38,14.88,3.8673,34.9758,0.00000,0.03078
6.62,14.88,3.9368,41.1941,0.00000,0.02448
6.88,14.88,3.9288,47.4056,0.00000,0.01929
7.12,14.88,3.9147,50.8869,0.00000,0.01526
7.38,14.88,3.9049,51.4692,0.00000,0.01209
7.62,14.88,4.0535,50.3120,0.00000,0.00973
7.88,14.88,4.0754,50.4482,0.00000,0.00838
8.12,14.88,3.9665,52.6093,0.00000,0.00794
8.38,14.88,3.9415,54.0058,0.00000,0.00828
8.62,14.88,3.8658,54.4943,0.00000,0.00928
8.88,14.88,3.8398,55.1611,0.00000,0.00993
9.12,14.88,3.7660,55.2749,0.00000,0.00918
9.38,14.88,3.7616,56.1398,0.00000,0.00847
9.62,14.88,3.8046,57.4965,0.00000,0.00839
9.88,14.88,3.9616,59.2614,0.00000,0.00811
10.12,14.88,3.9502,60.6502,0.00000,0.00767
10.38,14.88,3.9634,61.7031,0.00000,0.00721
10.62,14.88,3.9545,63.0604,0.00000,0.00682
10.88,14.88,3.8967,64.8089,0.00000,0.00664
11.12,14.88,3.8993,66.8260,0.00000,0.00642
11.38,14.88,3.8715,69.7956,0.00000,0.00637
11.62,14.88,3.8397,72.3468,0.00000,0.00666
11.88,14.88,3.8200,73.1157,0.00000,0.00705
12.12,14.88,3.8119,75.6062,0.00000,0.00730
12.38,14.88,3.7744,82.1796,0.00000,0.00718
12.62,14.88,3.7087,87.8221,0.00000,0.00684
12.88,14.88,3.6605,90.9638,0.00000,0.00667
13.12,14.88,3.7118,97.9820,0.00000,0.00776
13.38,14.88,3.7883,103.8430,0.00000,0.01232
13.62,14.88,3.8874,105.6925,0.00000,0.01696
13.88,14.88,3.8914,113.0815,0.00000,0.01397
14.12,14.88,3.8149,126.5293,0.00000,0.00775
14.38,14.88,3.8209,134.5225,0.00000,0.00464
14.62,14.88,3.8196,133.1978,0.00000,0.00394
14.88,14.88,3.9228,130.9101,0.00001,0.00401
15.12,14.88,3.6439,125.6749,0.00022,0.00406
15.38,14.88,3.4303,116.3863,0.00346,0.00382
2.62,15.12,2.8106,12.2060,0.00000,0.12223
2.88,15.12,3.8456,11.5505,0.00000,0.18065
3.12,15.12,3.9758,11.4382,0.00000,0.22981
3.38,15.12,3.9353,12.5798,0.00000,0.27000
3.62,15.12,3.8162,13.4607,0.00000,0.23847
3.88,15.12,3.8061,13.1158,0.00000,0.19171
4.12,15.12,3.8262,13.8521,0.00000,0.14806
4.38,15.12,3.7418,15.9164,0.00000,0.12079
4.62,15.12,3.7210,18.7563,0.00000,0.09786
4.88,15.12,3.6873,23.2400,0.00000,0.07898
5.12,15.12,3.7367,27.9971,0.00000,0.06956
5.38,15.12,3.7638,29.2898,0.00000,0.06066
5.62,15.12,3.8351,29.6277,0.00000,0.04677
5.88,15.12,3.8427,30.4652,0.00000,0.03860
6.12,15.12,3.8777,31.5431,0.00000,0.03620
6.38,15.12,3.8117,34.3493,0.00000,0.03101
6.62,15.12,3.8655,39.3146,0.00000,0.02525
6.88,15.12,3.8663,43.9435,0.00000,0.02024
7.12,15.12,3.9043,47.4202,0.00000,0.01587
7.38,15.12,3.9429,49.1750,0.00000,0.01250
7.62,15.12,4.1360,48.1799,0.00000,0.01020
7.88,15.12,4.1503,48.2825,0.00000,0.00884
8.12,15.12,3.9722,50.7011,0.00000,0.00847
8.38,15.12,3.9179,52.4751,0.00000,0.00903
8.62,15.12,3.8665,54.1227,0.00000,0.00976
8.88,15.12,3.8667,56.1880,0.00000,0.00964
9.12,15.12,3.7596,55.6064,0.00000,0.00871
9.38,15.12,3.7317,54.6617,0.00000,0.00836
9.62,15.12,3.6782,55.1729,0.00000,0.00861
9.88,15.12,3.7040,57.6601,0.00000,0.00802
10.12,15.12,3.7112,61.3108,0.00000,0.00702
10.38,15.12,3.8010,65.3503,0.00000,0.00646
10.62,15.12,3.8326,68.1344,0.00000,0.00624
10.88,15.12,3.8812,68.9242,0.00000,0.00632
11.12,15.12,3.9627,68.7878,0.00000,0.00640
11.38,15.12,3.9774,69.6128,0.00000,0.00657
11.62,15.12,3.9283,71.4115,0.00000,0.00697
11.88,15.12,3.8069,73.1123,0.00000,0.00721
12.12,15.12,3.7245,76.3913,0.00000,0.00727
12.38,15.12,3.7163,83.6434,0.00000,0.00729
12.62,15.12,3.6664,90.6259,0.00000,0.00729
12.88,15.12,3.6102,96.5762,0.00000,0.00759
13.12,15.12,3.7177,103.0249,0.00000,0.00960
13.38,15.12,3.8194,107.7911,0.00000,0.01631
13.62,15.12,3.8596,113.8086,0.00000,0.02227
13.88,15.12,3.8477,126.6123,0.00000,0.01635
14.12,15.12,3.8453,141.0739,0.00000,0.00747
14.38,15.12,4.0348,145.5972,0.00000,0.00392
14.62,15.12,3.8998,132.0008,0.00000,0.00314
14.88,15.12,3.6186,110.8245,0.00000,0.00300
2.62,15.38,2.7617,12.7751,0.00000,0.11572
2.88,15.38,3.8152,11.8648,0.00000,0.17325
3.12,15.38,3.9484,11.1133,0.00000,0.22253
3.38,15.38,3.9787,12.4094,0.00000,0.26394
3.62,15.38,3.9104,13.8923,0.00000,0.23060
3.88,15.38,3.9123,14.1164,0.00000,0.18271
4.12,15.38,3.8728,15.1707,0.00000,0.14107
4.38,15.38,3.7473,16.4831,0.00000,0.11638
4.62,15.38,3.7107,18.8230,0.00000,0.09855
4.88,15.38,3.6716,22.8599,0.00000,0.08452
5.12,15.38,3.6721,26.6220,0.00000,0.07298
5.38,15.38,3.7156,27.8838,0.00000,0.06117
5.62,15.38,3.8253,29.0486,0.00000,0.04678
5.88,15.38,3.8502,30.2874,0.00000,0.03817
6.12,15.38,3.8922,31.7672,0.00000,0.03469
6.38,15.38,3.8483,33.7736,0.00000,0.02989
6.62,15.38,3.8901,36.7575,0.00000,0.02576
6.88,15.38,3.8488,40.3418,0.00000,0.02151
7.12,15.38,3.9110,44.2279,0.00000,0.01697
7.38,15.38,3.9901,45.9736,0.00000,0.01316
7.62,15.38,4.1898,44.7542,0.00000,0.01065
7.88,15.38,4.1682,45.2293,0.00000,0.00916
8.12,15.38,3.9576,47.6929,0.00000,0.00876
8.38,15.38,3.9057,50.1980,0.00000,0.00948
8.62,15.38,3.8630,54.2733,0.00000,0.01013
8.88,15.38,3.8964,58.2050,0.00000,0.00971
9.12,15.38,3.8094,57.3188,0.00000,0.00860
9.38,15.38,3.7590,55.1559,0.00000,0.00838
9.62,15.38,3.6629,54.0847,0.00000,0.00907
9.88,15.38,3.6631,55.6167,0.00000,0.00874
10.12,15.38,3.6501,60.3111,0.00000,0.00784
10.38,15.38,3.7056,67.8450,0.00000,0.00743
10.62,15.38,3.7383,73.3471,0.00000,0.00701
10.88,15.38,3.8585,73.1356,0.00000,0.00683
11.12,15.38,3.8980,71.3999,0.00000,0.00681
11.38,15.38,3.8833,71.0242,0.00000,0.00719
11.62,15.38,3.9128,72.1774,0.00000,0.00817
11.88,15.38,3.9292,74.1943,0.00000,0.00868
12.12,15.38,3.9157,77.8163,0.00000,0.00875
12.38,15.38,3.8296,84.4030,0.00000,0.00834
12.62,15.38,3.7453,91.0084,0.00000,0.00797
12.88,15.38,3.7874,99.2634,0.00000,0.00825
13.12,15.38,3.8860,108.2421,0.00000,0.00940
13.38,15.38,3.8291,115.0786,0.00000,0.01267
13.62,15.38,3.8584,123.5037,0.00000,0.01606
13.88,15.38,4.0280,136.2929,0.00000,0.01267
14.12,15.38,3.9382,148.2202,0.00000,0.00664
14.38,15.38,3.7665,150.6380,0.00000,0.00360
2.62,15.62,2.7238,14.6163,0.00000,0.11478
2.88,15.62,3.8035,12.6040,0.00000,0.16986
3.12,15.62,3.9298,10.7324,0.00000,0.21439
3.38,15.62,3.9463,11.7228,0.00000,0.25369
3.62,15.62,3.8963,13.5127,0.00000,0.21931
3.88,15.62,3.9054,14.6974,0.00000,0.17209
4.12,15.62,3.8249,16.5542,0.00000,0.13567
4.38,15.62,3.7403,16.9236,0.00000,0.11617
4.62,15.62,3.7274,17.9896,0.00000,0.10016
4.88,15.62,3.6781,21.4313,0.00000,0.08823
5.12,15.62,3.6590,25.0237,0.00000,0.07576
5.38,15.62,3.7078,26.5296,0.00000,0.06214
5.62,15.62,3.8154,28.2047,0.00000,0.04808
5.88,15.62,3.8602,29.8237,0.00000,0.03959
6.12,15.62,3.9201,31.5859,0.00000,0.03462
6.38,15.62,3.8422,33.2225,0.00000,0.02917
6.62,15.62,3.8489,35.2267,0.00000,0.02544
6.88,15.62,3.8618,38.8384,0.00000,0.02221
7.12,15.62,3.9713,42.8076,0.00000,0.01860
7.38,15.62,4.0214,43.8937,0.00000,0.01450
7.62,15.62,4.2167,42.9665,0.00000,0.01138
7.88,15.62,4.2165,43.5289,0.00000,0.00963
8.12,15.62,3.9944,45.3719,0.00000,0.00904
8.38,15.62,3.9200,48.2116,0.00000,0.00958
8.62,15.62,3.9140,52.3248,0.00000,0.01020
8.88,15.62,3.9430,55.8345,0.00000,0.00962
9.12,15.62,3.8087,56.4278,0.00000,0.00829
9.38,15.62,3.7549,55.9093,0.00000,0.00824
9.62,15.62,3.7469,55.3250,0.00000,0.00926
9.88,15.62,3.7861,56.4019,0.00000,0.00938
10.12,15.62,3.7073,59.7954,0.00000,0.01034
10.38,15.62,3.7367,68.2063,0.00000,0.01173
10.62,15.62,3.7828,77.1728,0.00000,0.00976
10.88,15.62,3.8914,77.5586,0.00000,0.00744
11.12,15.62,3.9010,74.8114,0.00000,0.00698
11.38,15.62,3.9201,72.4648,0.00000,0.00808
11.62,15.62,3.9818,72.4951,0.00000,0.00996
11.88,15.62,4.0088,75.1996,0.00000,0.01099
12.12,15.62,4.0122,79.1663,0.00000,0.01157
12.38,15.62,3.9510,85.6335,0.00000,0.01046
12.62,15.62,3.8838,94.5170,0.00000,0.00843
12.88,15.62,3.8729,106.2213,0.00000,0.00703
13.12,15.62,3.9546,117.9629,0.00000,0.00669
13.38,15.62,3.9275,121.0026,0.00000,0.00741
13.62,15.62,3.8521,120.1381,0.00000,0.00897
13.88,15.62,3.8995,129.2164,0.00000,0.00878
2.62,15.88,2.6423,17.9281,0.00000,0.11619
2.88,15.88,3.7223,13.8216,0.00000,0.17151
3.12,15.88,3.8901,10.9461,0.00000,0.21927
3.38,15.88,3.9412,11.6907,0.00000,0.26097
3.62,15.88,3.8467,13.4807,0.00000,0.21676
3.88,15.88,3.7993,15.1218,0.00000,0.16319
4.12,15.88,3.7609,17.2232,0.00000,0.13238
4.38,15.88,3.7803,16.8809,0.00000,0.11875
4.62,15.88,3.7594,17.1331,0.00000,0.10176
4.88,15.88,3.7073,20.6485,0.00000,0.08873
5.12,15.88,3.7245,24.9302,0.00000,0.07558
5.38,15.88,3.7490,26.4359,0.00000,0.06168
5.62,15.88,3.7964,27.5839,0.00000,0.04930
5.88,15.88,3.7918,28.8115,0.00000,0.04120
6.12,15.88,3.8071,30.7155,0.00000,0.03442
6.38,15.88,3.7949,32.8632,0.00000,0.02858
6.62,15.88,3.8568,35.5218,0.00000,0.02541
6.88,15.88,3.8504,39.2336,0.00000,0.02338
7.12,15.88,3.9272,42.3969,0.00000,0.02089
7.38,15.88,3.9708,43.3988,0.00000,0.01615
7.62,15.88,4.1440,44.1571,0.00000,0.01231
7.88,15.88,4.1504,45.5663,0.00000,0.01066
8.12,15.88,4.0280,46.3847,0.00000,0.01000
8.38,15.88,3.9822,47.5672,0.00000,0.00984
8.62,15.88,3.9400,49.2573,0.00000,0.00959
8.88,15.88,3.9061,51.2356,0.00000,0.00872
9.12,15.88,3.8245,53.2279,0.00000,0.00760
9.38,15.88,3.8272,55.2652,0.00000,0.00740
9.62,15.88,3.7982,56.9627,0.00000,0.00791
9.88,15.88,3.8089,59.2415,0.00000,0.00863
10.12,15.88,3.7432,62.4575,0.00000,0.01198
10.38,15.88,3.7395,70.1602,0.00000,0.01510
10.62,15.88,3.7561,79.0846,0.00000,0.01162
10.88,15.88,3.9104,78.4681,0.00000,0.00780
11.12,15.88,3.9938,75.9873,0.00000,0.00729
11.38,15.88,3.9804,73.9482,0.00000,0.00876
11.62,15.88,3.9430,74.1880,0.00000,0.01115
11.88,15.88,3.9876,78.0503,0.00000,0.01298
12.12,15.88,4.0246,84.0947,0.00000,0.01363
12.38,15.88,3.9325,93.2227,0.00000,0.01106
12.62,15.88,3.9368,105.2139,0.00000,0.00766
12.88,15.88,3.9586,117.8022,0.00000,0.00545
13.12,15.88,3.9617,127.0568,0.00000,0.00467
13.38,15.88,3.7089,118.7956,0.00000,0.00484
13.62,15.88,3.2408,100.1579,0.00000,0.00560
2.62,16.12,2.6722,24.7785,0.00000,0.11886
2.88,16.12,3.7575,17.4737,0.00000,0.17771
3.12,16.12,3.8692,13.0734,0.00000,0.23517
3.38,16.12,3.8328,13.1294,0.00000,0.28230
3.62,16.12,3.7379,14.3853,0.00000,0.22363
3.88,16.12,3.7235,15.3982,0.00000,0.15806
4.12,16.12,3.7210,17.0796,0.00000,0.12945
4.38,16.12,3.8097,17.2463,0.00000,0.12014
4.62,16.12,3.7990,17.8937,0.00000,0.10354
4.88,16.12,3.7540,20.3769,0.00000,0.09081
5.12,16.12,3.7558,23.6415,0.00000,0.07784
5.38,16.12,3.7117,24.8344,0.00000,0.06343
5.62,16.12,3.6973,25.7973,0.00000,0.05137
5.88,16.12,3.7151,27.4162,0.00000,0.04294
6.12,16.12,3.7525,30.1632,0.00000,0.03479
6.38,16.12,3.7545,33.0453,0.00000,0.02815
6.62,16.12,3.8155,36.6705,0.00000,0.02479
6.88,16.12,3.8352,40.3891,0.00000,0.02375
7.12,16.12,3.9162,43.0169,0.00000,0.02226
7.38,16.12,3.9075,44.2113,0.00000,0.01692
7.62,16.12,4.0132,46.0732,0.00000,0.01267
7.88,16.12,4.0509,48.3308,0.00000,0.01153
8.12,16.12,4.0159,48.6680,0.00000,0.01125
8.38,16.12,3.9693,48.0203,0.00000,0.01086
8.62,16.12,3.9738,47.7987,0.00000,0.00975
8.88,16.12,3.9607,48.6548,0.00000,0.00818
9.12,16.12,3.8532,50.2612,0.00000,0.00688
9.38,16.12,3.8473,52.4623,0.00000,0.00642
9.62,16.12,3.8700,55.3665,0.00000,0.00666
9.88,16.12,3.8662,60.5038,0.00000,0.00734
10.12,16.12,3.7624,65.9096,0.00000,0.00972
10.38,16.12,3.7332,70.5461,0.00000,0.01186
10.62,16.12,3.7344,74.6602,0.00000,0.00952
10.88,16.12,3.8727,75.3681,0.00000,0.00717
11.12,16.12,3.9638,77.2073,0.00000,0.00715
11.38,16.12,3.9642,77.4841,0.00000,0.00886
11.62,16.12,3.9200,79.3450,0.00000,0.01115
11.88,16.12,3.8897,85.4299,0.00000,0.01159
12.12,16.12,3.8501,92.4398,0.00000,0.01035
12.38,16.12,3.8547,101.8078,0.00000,0.00801
12.62,16.12,4.0929,113.9612,0.00000,0.00626
12.88,16.12,4.0314,126.5832,0.00000,0.00484
13.12,16.12,3.5731,136.5278,0.00000,0.00373
2.62,16.38,2.6716,27.8557,0.00000,0.12124
2.88,16.38,3.7475,20.2862,0.00000,0.18563
3.12,16.38,3.8476,15.7602,0.00000,0.26090
3.38,16.38,3.7595,14.3067,0.00000,0.32053
3.62,16.38,3.6221,13.8881,0.00000,0.24283
3.88,16.38,3.6192,13.3462,0.00000,0.15847
4.12,16.38,3.6118,14.1734,0.00000,0.12760
4.38,16.38,3.7288,15.9854,0.00000,0.12077
4.62,16.38,3.7481,18.0598,0.00000,0.10778
4.88,16.38,3.7830,19.2893,0.00000,0.09933
5.12,16.38,3.7919,20.8284,0.00000,0.08526
5.38,16.38,3.7178,21.6861,0.00000,0.06918
5.62,16.38,3.6662,22.8456,0.00000,0.05760
5.88,16.38,3.6553,25.2395,0.00000,0.04700
6.12,16.38,3.7161,28.7013,0.00000,0.03685
6.38,16.38,3.7729,31.8364,0.00000,0.02935
6.62,16.38,3.8324,35.4239,0.00000,0.02516
6.88,16.38,3.8098,39.2107,0.00000,0.02305
7.12,16.38,3.8428,42.5758,0.00000,0.02042
7.38,16.38,3.8365,44.7769,0.00000,0.01562
7.62,16.38,3.8967,47.5293,0.00000,0.01233
7.88,16.38,3.9137,50.0728,0.00000,0.01147
8.12,16.38,3.9604,50.4457,0.00000,0.01166
8.38,16.38,3.9598,49.3477,0.00000,0.01177
8.62,16.38,3.9762,48.4943,0.00000,0.01027
8.88,16.38,3.9335,48.1320,0.00000,0.00817
9.12,16.38,3.8473,48.3541,0.00000,0.00669
9.38,16.38,3.8959,49.8694,0.00000,0.00617
9.62,16.38,3.9255,52.6410,0.00000,0.00668
9.88,16.38,3.8754,57.8138,0.00000,0.00748
10.12,16.38,3.8148,63.5374,0.00000,0.00806
10.38,16.38,3.7899,67.9179,0.00000,0.00843
10.62,16.38,3.6743,71.1921,0.00000,0.00701
10.88,16.38,3.7358,73.8539,0.00000,0.00599
11.12,16.38,3.8830,78.5469,0.00000,0.00642
11.38,16.38,3.9156,83.5722,0.00000,0.00736
11.62,16.38,3.8401,88.4938,0.00000,0.00796
11.88,16.38,3.8061,93.6383,0.00000,0.00710
12.12,16.38,3.8112,94.7990,0.00000,0.00560
12.38,16.38,3.6964,97.4948,0.00000,0.00457
12.62,16.38,3.7424,110.5239,0.00000,0.00441
2.62,16.62,2.6778,22.7090,0.00000,0.12577
2.88,16.62,3.7186,18.4356,0.00000,0.19510
3.12,16.62,3.7932,15.5865,0.00000,0.28232
3.38,16.62,3.7312,13.2639,0.00000,0.35064
3.62,16.62,3.6089,11.5373,0.00000,0.26110
3.88,16.62,3.6508,10.4595,0.00000,0.16474
4.12,16.62,3.5788,10.9750,0.00000,0.12968
4.38,16.62,3.6034,13.2784,0.00000,0.12348
4.62,16.62,3.6264,15.8837,0.00000,0.11667
4.88,16.62,3.7588,17.3128,0.00000,0.11259
5.12,16.62,3.7816,18.9426,0.00000,0.09215
5.38,16.62,3.7385,20.0107,0.00000,0.07254
5.62,16.62,3.7112,20.8089,0.00000,0.06312
5.88,16.62,3.6898,22.3768,0.00000,0.05234
6.12,16.62,3.7398,25.1566,0.00000,0.04128
6.38,16.62,3.8007,28.4182,0.00000,0.03324
6.62,16.62,3.8406,31.8177,0.00000,0.02848
6.88,16.62,3.8300,35.8544,0.00000,0.02500
7.12,16.62,3.8482,40.2947,0.00000,0.02008
7.38,16.62,3.8012,43.7711,0.00000,0.01503
7.62,16.62,3.7951,47.6745,0.00000,0.01246
7.88,16.62,3.8027,51.1656,0.00000,0.01134
8.12,16.62,3.8968,52.4690,0.00000,0.01108
8.38,16.62,3.8964,51.1112,0.00000,0.01098
8.62,16.62,3.9171,50.0844,0.00000,0.00974
8.88,16.62,3.9244,49.4451,0.00000,0.00824
9.12,16.62,3.8409,49.2010,0.00000,0.00698
9.38,16.62,3.8102,50.0644,0.00000,0.00641
9.62,16.62,3.8519,51.4916,0.00000,0.00726
9.88,16.62,3.8660,54.1737,0.00000,0.00843
10.12,16.62,3.8248,58.7160,0.00000,0.00833
10.38,16.62,3.8027,65.2375,0.00000,0.00806
10.62,16.62,3.7297,72.9112,0.00000,0.00675
10.88,16.62,3.6877,79.6952,0.00000,0.00543
11.12,16.62,3.6645,85.2611,0.00000,0.00514
11.38,16.62,3.7645,91.7416,0.00000,0.00490
11.62,16.62,3.8827,93.3083,0.00000,0.00449
11.88,16.62,3.8089,89.9202,0.00000,0.00390
12.12,16.62,3.5535,83.9215,0.00000,0.00320
12.38,16.62,3.0541,77.9538,0.00000,0.00263
2.62,16.88,2.6799,18.9204,0.00000,0.12912
2.88,16.88,3.6891,15.7316,0.00000,0.20520
3.12,16.88,3.7573,13.3680,0.00000,0.31137
3.38,16.88,3.7932,11.5229,0.00000,0.39559
3.62,16.88,3.7162,9.9959,0.00000,0.29161
3.88,16.88,3.7725,9.0830,0.00000,0.17748
4.12,16.88,3.6672,9.4461,0.00000,0.13332
4.38,16.88,3.6315,11.2460,0.00000,0.12505
4.62,16.88,3.6065,13.6815,0.00000,0.12752
4.88,16.88,3.7205,15.1091,0.00000,0.13041
5.12,16.88,3.7543,16.6859,0.00000,0.10119
5.38,16.88,3.7581,18.2975,0.00000,0.07182
5.62,16.88,3.6911,19.4743,0.00000,0.05943
5.88,16.88,3.6428,20.7038,0.00000,0.05168
6.12,16.88,3.6539,22.6158,0.00000,0.04419
6.38,16.88,3.7296,25.0218,0.00000,0.03737
6.62,16.88,3.8052,27.8769,0.00000,0.03317
6.88,16.88,3.8177,32.1733,0.00000,0.02939
7.12,16.88,3.8085,36.2898,0.00000,0.02247
7.38,16.88,3.7603,39.4023,0.00000,0.01602
7.62,16.88,3.7434,43.7417,0.00000,0.01297
7.88,16.88,3.6884,48.7928,0.00000,0.01123
8.12,16.88,3.7366,52.1256,0.00000,0.01041
8.38,16.88,3.7877,52.0730,0.00000,0.00989
8.62,16.88,3.8324,52.3251,0.00000,0.00898
8.88,16.88,3.8264,52.1071,0.00000,0.00832
9.12,16.88,3.7892,52.1726,0.00000,0.00762
9.38,16.88,3.7855,53.2486,0.00000,0.00683
9.62,16.88,3.7746,54.1329,0.00000,0.00690
9.88,16.88,3.7235,55.1057,0.00000,0.00772
10.12,16.88,3.7515,58.1689,0.00000,0.00841
10.38,16.88,3.8530,66.1786,0.00000,0.00861
10.62,16.88,3.8253,78.7854,0.00000,0.00707
10.88,16.88,3.7399,89.0497,0.00000,0.00490
11.12,16.88,3.7201,93.4206,0.00000,0.00381
11.38,16.88,3.8093,96.0793,0.00000,0.00331
11.62,16.88,3.8040,89.3081,0.00000,0.00294
11.88,16.88,3.3984,74.3193,0.00000,0.00256
2.62,17.12,2.6286,21.1379,0.00000,0.12488
2.88,17.12,3.6075,15.6130,0.00000,0.20630
3.12,17.12,3.6568,12.4259,0.00000,0.33930
3.38,17.12,3.7172,11.4576,0.00000,0.44855
3.62,17.12,3.6884,10.4246,0.00000,0.32954
3.88,17.12,3.7957,9.0320,0.00000,0.19413
4.12,17.12,3.7406,8.8864,0.00000,0.13900
4.38,17.12,3.7264,10.3638,0.00000,0.12683
4.62,17.12,3.6659,12.7042,0.00000,0.13830
4.88,17.12,3.7144,13.5792,0.00000,0.15004
5.12,17.12,3.6957,14.3412,0.00000,0.11338
5.38,17.12,3.6993,16.0847,0.00000,0.07385
5.62,17.12,3.6231,18.1086,0.00000,0.05748
5.88,17.12,3.6166,19.9072,0.00000,0.05438
6.12,17.12,3.6248,22.0316,0.00000,0.05169
6.38,17.12,3.6690,24.1684,0.00000,0.04363
6.62,17.12,3.7019,26.2698,0.00000,0.03848
6.88,17.12,3.7457,29.9202,0.00000,0.03581
7.12,17.12,3.7528,33.0004,0.00000,0.02702
7.38,17.12,3.6785,34.8783,0.00000,0.01773
7.62,17.12,3.6365,37.9791,0.00000,0.01336
7.88,17.12,3.6065,42.9293,0.00000,0.01138
8.12,17.12,3.6462,47.7738,0.00000,0.01061
8.38,17.12,3.7006,50.0888,0.00000,0.00997
8.62,17.12,3.7665,51.9893,0.00000,0.00920
8.88,17.12,3.7909,52.4512,0.00000,0.00877
9.12,17.12,3.7870,54.5870,0.00000,0.00801
9.38,17.12,3.7416,57.9047,0.00000,0.00661
9.62,17.12,3.7048,59.2487,0.00000,0.00590
9.88,17.12,3.7062,59.6811,0.00000,0.00640
10.12,17.12,3.7134,61.8997,0.00000,0.00721
10.38,17.12,3.7187,68.8770,0.00000,0.00681
10.62,17.12,3.7947,80.7334,0.00000,0.00535
10.88,17.12,4.0184,90.7373,0.00000,0.00396
11.12,17.12,4.1380,96.2778,0.00000,0.00316
11.38,17.12,3.7827,99.1189,0.00000,0.00262
2.62,17.38,2.6307,22.9787,0.00000,0.12917
2.88,17.38,3.5880,15.7822,0.00000,0.21209
3.12,17.38,3.5948,11.8377,0.00000,0.34761
3.38,17.38,3.6123,11.2107,0.00000,0.46132
3.62,17.38,3.5744,10.8297,0.00000,0.34522
3.88,17.38,3.6902,10.0289,0.00000,0.20981
4.12,17.38,3.6824,10.1707,0.00000,0.14604
4.38,17.38,3.7169,10.8668,0.00000,0.12767
4.62,17.38,3.6444,12.4584,0.00000,0.14629
4.88,17.38,3.6467,12.8119,0.00000,0.16543
5.12,17.38,3.5995,12.7606,0.00000,0.12317
5.38,17.38,3.6327,13.9388,0.00000,0.07713
5.62,17.38,3.5963,16.0081,0.00000,0.05966
5.88,17.38,3.6751,17.9490,0.00000,0.05986
6.12,17.38,3.7118,20.7272,0.00000,0.05852
6.38,17.38,3.6979,23.7542,0.00000,0.04812
6.62,17.38,3.6694,25.7082,0.00000,0.04362
6.88,17.38,3.6900,28.5062,0.00000,0.04234
7.12,17.38,3.6903,31.6450,0.00000,0.03080
7.38,17.38,3.6944,33.3406,0.00000,0.01900
7.62,17.38,3.6824,34.5706,0.00000,0.01415
7.88,17.38,3.6375,38.3569,0.00000,0.01264
8.12,17.38,3.6358,43.0996,0.00000,0.01245
8.38,17.38,3.6744,44.8259,0.00000,0.01160
8.62,17.38,3.7207,46.4595,0.00000,0.01000
8.88,17.38,3.6889,48.6240,0.00000,0.00854
9.12,17.38,3.6954,53.6705,0.00000,0.00724
9.38,17.38,3.7347,59.8469,0.00000,0.00594
9.62,17.38,3.7340,63.4410,0.00000,0.00507
9.88,17.38,3.7030,64.1798,0.00000,0.00485
10.12,17.38,3.7270,64.8988,0.00000,0.00487
10.38,17.38,3.7830,66.8364,0.00000,0.00427
10.62,17.38,3.8046,72.1092,0.00000,0.00348
10.88,17.38,3.9129,82.2973,0.00000,0.00303
2.62,17.62,2.6499,19.3245,0.00000,0.13444
2.88,17.62,3.5915,13.7219,0.00000,0.22054
3.12,17.62,3.6021,10.6287,0.00000,0.36096
3.38,17.62,3.6177,10.0980,0.00000,0.47852
3.62,17.62,3.5258,9.8744,0.00000,0.35902
3.88,17.62,3.6019,10.2074,0.00000,0.21859
4.12,17.62,3.5709,11.1152,0.00000,0.14639
4.38,17.62,3.6131,10.6669,0.00000,0.12393
4.62,17.62,3.5581,11.2032,0.00000,0.15167
4.88,17.62,3.5890,12.0256,0.00000,0.17881
5.12,17.62,3.5631,12.4191,0.00000,0.13105
5.38,17.62,3.6290,13.1590,0.00000,0.07891
5.62,17.62,3.6343,14.5517,0.00000,0.05977
5.88,17.62,3.7110,15.9737,0.00000,0.05806
6.12,17.62,3.7263,18.6665,0.00000,0.05489
6.38,17.62,3.7760,21.8767,0.00000,0.04606
6.62,17.62,3.7938,24.1492,0.00000,0.04376
6.88,17.62,3.7542,27.0658,0.00000,0.04243
7.12,17.62,3.7183,30.9630,0.00000,0.03076
7.38,17.62,3.7562,33.2892,0.00000,0.01957
7.62,17.62,3.6711,33.2653,0.00000,0.01554
7.88,17.62,3.6402,35.3000,0.00000,0.01574
8.12,17.62,3.7171,39.0128,0.00000,0.01712
8.38,17.62,3.6805,40.4707,0.00000,0.01558
8.62,17.62,3.6322,42.0295,0.00000,0.01165
8.88,17.62,3.6321,45.0124,0.00000,0.00878
9.12,17.62,3.6721,51.5456,0.00000,0.00700
9.38,17.62,3.6837,59.4661,0.00000,0.00563
9.62,17.62,3.6903,64.8420,0.00000,0.00447
9.88,17.62,3.7439,63.9302,0.00000,0.00370
10.12,17.62,3.8418,60.8038,0.00000,0.00337
10.38,17.62,3.7776,58.0362,0.00000,0.00296
10.62,17.62,3.3914,55.6386,0.00000,0.00246
2.62,17.88,2.7255,14.9608,0.00000,0.14004
2.88,17.88,3.6854,11.3084,0.00000,0.22468
3.12,17.88,3.6926,9.3545,0.00000,0.35232
3.38,17.88,3.6769,9.1469,0.00000,0.45858
3.62,17.88,3.5646,8.9088,0.00000,0.34721
3.88,17.88,3.6616,8.8615,0.00000,0.21776
4.12,17.88,3.5517,9.1892,0.00000,0.14531
4.38,17.88,3.5316,8.9793,0.00000,0.12016
4.62,17.88,3.4791,9.9705,0.00000,0.14478
4.88,17.88,3.5568,11.2523,0.00000,0.16866
5.12,17.88,3.5728,12.1013,0.00000,0.12615
5.38,17.88,3.6266,13.0254,0.00000,0.07936
5.62,17.88,3.6153,14.5494,0.00000,0.06088
5.88,17.88,3.6719,15.8234,0.00000,0.05715
6.12,17.88,3.6967,17.7975,0.00000,0.05226
6.38,17.88,3.7951,19.9009,0.00000,0.04473
6.62,17.88,3.8941,21.9807,0.00000,0.04326
6.88,17.88,3.9108,25.4998,0.00000,0.04134
7.12,17.88,3.8085,29.6710,0.00000,0.02989
7.38,17.88,3.7523,32.0665,0.00000,0.01963
7.62,17.88,3.6635,32.1094,0.00000,0.01685
7.88,17.88,3.6920,33.4253,0.00000,0.01865
8.12,17.88,3.7950,36.3438,0.00000,0.02317
8.38,17.88,3.7436,38.3851,0.00000,0.02379
8.62,17.88,3.6979,40.8714,0.00000,0.01650
8.88,17.88,3.6866,44.7792,0.00000,0.01009
9.12,17.88,3.6886,51.9919,0.00000,0.00718
9.38,17.88,3.7518,59.9186,0.00000,0.00569
9.62,17.88,3.8563,64.6138,0.00000,0.00445
9.88,17.88,3.8753,59.5016,0.00000,0.00343
10.12,17.88,3.6209,49.7101,0.00000,0.00276
2.62,18.12,2.6475,13.3751,0.00000,0.13207
2.88,18.12,3.5964,10.5846,0.00000,0.21284
3.12,18.12,3.6892,9.3258,0.00000,0.34106
3.38,18.12,3.7450,9.4697,0.00000,0.44893
3.62,18.12,3.6208,9.1702,0.00000,0.33840
3.88,18.12,3.7139,8.2986,0.00000,0.21081
4.12,18.12,3.6021,7.8170,0.00000,0.14585
4.38,18.12,3.6083,8.0744,0.00000,0.12956
4.62,18.12,3.5135,9.5619,0.00000,0.15979
4.88,18.12,3.5241,10.5374,0.00000,0.18945
5.12,18.12,3.5513,11.2050,0.00000,0.14750
5.38,18.12,3.6530,12.6582,0.00000,0.09409
5.62,18.12,3.6392,14.8277,0.00000,0.06747
5.88,18.12,3.6402,16.3474,0.00000,0.05767
6.12,18.12,3.6801,18.1288,0.00000,0.05127
6.38,18.12,3.7977,19.4358,0.00000,0.04438
6.62,18.12,3.8661,20.9016,0.00000,0.04123
6.88,18.12,3.8694,24.1714,0.00000,0.03691
7.12,18.12,3.8419,28.3018,0.00000,0.02697
7.38,18.12,3.8551,30.9007,0.00000,0.01900
7.62,18.12,3.7702,31.4797,0.00000,0.01645
7.88,18.12,3.7701,32.6055,0.00000,0.01800
8.12,18.12,3.9053,34.8309,0.00000,0.02513
8.38,18.12,3.8991,37.3685,0.00000,0.02918
8.62,18.12,3.7875,40.5348,0.00000,0.01995
8.88,18.12,3.7653,44.5299,0.00000,0.01068
9.12,18.12,3.9549,51.1833,0.00000,0.00735
9.38,18.12,4.1346,59.8807,0.00000,0.00616
9.62,18.12,3.9055,66.7745,0.00000,0.00472
2.62,18.38,2.6662,14.6089,0.00000,0.12546
2.88,18.38,3.6132,11.4653,0.00000,0.19596
3.12,18.38,3.6623,9.9090,0.00000,0.30136
3.38,18.38,3.6746,9.7744,0.00000,0.39032
3.62,18.38,3.5609,9.1490,0.00000,0.29707
3.88,18.38,3.6734,8.0183,0.00000,0.19223
4.12,18.38,3.5816,7.6718,0.00000,0.14524
4.38,18.38,3.6345,8.2593,0.00000,0.14460
4.62,18.38,3.5408,9.9241,0.00000,0.19259
4.88,18.38,3.5838,10.9682,0.00000,0.24198
5.12,18.38,3.5924,11.5823,0.00000,0.19040
5.38,18.38,3.6200,12.7048,0.00000,0.11533
5.62,18.38,3.6345,14.6351,0.00000,0.07665
5.88,18.38,3.7141,16.4540,0.00000,0.06187
6.12,18.38,3.7632,18.3354,0.00000,0.05385
6.38,18.38,3.7779,19.7085,0.00000,0.04444
6.62,18.38,3.7762,21.3149,0.00000,0.03800
6.88,18.38,3.8194,24.1279,0.00000,0.03249
7.12,18.38,3.8200,28.3031,0.00000,0.02464
7.38,18.38,3.8237,31.1434,0.00000,0.01849
7.62,18.38,3.8502,32.2870,0.00000,0.01617
7.88,18.38,3.8944,33.5088,0.00000,0.01620
8.12,18.38,3.9441,34.5649,0.00000,0.01939
8.38,18.38,3.9316,36.0804,0.00000,0.02134
8.62,18.38,3.8642,37.4847,0.00000,0.01568
8.88,18.38,3.8005,38.6688,0.00000,0.00984
9.12,18.38,3.9006,43.5422,0.00000,0.00733
2.62,18.62,2.6529,16.2102,0.00000,0.11699
2.88,18.62,3.6214,12.9864,0.00000,0.18169
3.12,18.62,3.6838,11.0232,0.00000,0.27594
3.38,18.62,3.6656,9.6616,0.00000,0.35253
3.62,18.62,3.4894,8.1314,0.00000,0.26111
3.88,18.62,3.5586,6.8820,0.00000,0.16227
4.12,18.62,3.5086,6.8747,0.00000,0.13448
4.38,18.62,3.6377,8.1474,0.00000,0.15342
4.62,18.62,3.5477,10.2578,0.00000,0.21004
4.88,18.62,3.5833,11.6118,0.00000,0.26291
5.12,18.62,3.5600,12.4840,0.00000,0.20172
5.38,18.62,3.6046,13.1234,0.00000,0.11971
5.62,18.62,3.6315,14.4267,0.00000,0.08014
5.88,18.62,3.6793,16.1335,0.00000,0.06471
6.12,18.62,3.7424,17.9007,0.00000,0.05685
6.38,18.62,3.7767,20.1010,0.00000,0.04648
6.62,18.62,3.7613,22.7910,0.00000,0.03776
6.88,18.62,3.7654,25.5377,0.00000,0.03056
7.12,18.62,3.7388,29.5096,0.00000,0.02362
7.38,18.62,3.7677,32.6443,0.00000,0.01884
7.62,18.62,3.9034,35.2509,0.00000,0.01735
7.88,18.62,3.9562,36.2824,0.00000,0.01667
8.12,18.62,3.9813,33.7939,0.00000,0.01570
8.38,18.62,3.9679,31.3186,0.00000,0.01378
8.62,18.62,3.7442,30.4032,0.00000,0.01050
8.88,18.62,3.3237,28.6786,0.00000,0.00775
2.62,18.88,2.7066,15.4746,0.00000,0.11076
2.88,18.88,3.6767,13.0017,0.00000,0.17003
3.12,18.88,3.6509,11.6018,0.00000,0.24405
3.38,18.88,3.5438,9.6276,0.00000,0.30128
3.62,18.88,3.4135,7.4592,0.00000,0.22376
3.88,18.88,3.5455,6.1610,0.00000,0.14171
4.12,18.88,3.4396,6.1317,0.00000,0.11914
4.38,18.88,3.5143,7.3473,0.00000,0.14211
4.62,18.88,3.5145,9.3548,0.00000,0.21499
4.88,18.88,3.6106,11.1264,0.00000,0.27880
5.12,18.88,3.4521,12.6035,0.00000,0.20293
5.38,18.88,3.4646,13.1399,0.00000,0.11115
5.62,18.88,3.5676,14.1172,0.00000,0.07775
5.88,18.88,3.6473,16.2988,0.00000,0.06828
6.12,18.88,3.6890,18.8092,0.00000,0.06060
6.38,18.88,3.6975,21.1814,0.00000,0.04931
6.62,18.88,3.7093,23.8560,0.00000,0.04017
6.88,18.88,3.7359,26.2736,0.00000,0.03229
7.12,18.88,3.6814,30.0515,0.00000,0.02501
7.38,18.88,3.6838,33.9356,0.00000,0.02010
7.62,18.88,3.9186,37.3880,0.00000,0.01890
7.88,18.88,4.0954,37.0790,0.00000,0.01895
8.12,18.88,4.0812,31.3803,0.00000,0.01739
8.38,18.88,3.7278,24.7054,0.00000,0.01285
2.62,19.12,2.5687,14.1013,0.00000,0.10499
2.88,19.12,3.4857,11.4778,0.00000,0.15812
3.12,19.12,3.5326,10.0810,0.00000,0.21568
3.38,19.12,3.5386,8.7227,0.00000,0.26037
3.62,19.12,3.3540,7.1582,0.00000,0.19616
3.88,19.12,3.4055,6.2469,0.00000,0.12952
4.12,19.12,3.3600,6.2093,0.00000,0.10995
4.38,19.12,3.4821,6.8038,0.00000,0.12893
4.62,19.12,3.3880,8.2067,0.00000,0.20096
4.88,19.12,3.4093,9.9934,0.00000,0.26590
5.12,19.12,3.3008,11.5484,0.00000,0.19207
5.38,19.12,3.4267,12.2812,0.00000,0.10584
5.62,19.12,3.5387,13.9962,0.00000,0.07913
5.88,19.12,3.5598,17.1862,0.00000,0.07193
6.12,19.12,3.6037,20.2053,0.00000,0.06237
6.38,19.12,3.6531,21.9223,0.00000,0.05099
6.62,19.12,3.6520,24.2492,0.00000,0.04557
6.88,19.12,3.5997,26.1632,0.00000,0.04071
7.12,19.12,3.5214,28.5524,0.00000,0.03051
7.38,19.12,3.7207,31.6980,0.00000,0.02296
7.62,19.12,4.1183,35.8423,0.00000,0.02099
7.88,19.12,4.0545,36.4008,0.00000,0.01952
2.62,19.38,2.5326,12.2396,0.00000,0.09837
2.88,19.38,3.4173,9.2878,0.00000,0.14543
3.12,19.38,3.3984,7.7899,0.00000,0.19256
3.38,19.38,3.4015,7.3077,0.00000,0.22992
3.62,19.38,3.2958,6.4928,0.00000,0.17330
3.88,19.38,3.3819,5.9169,0.00000,0.11554
4.12,19.38,3.2482,6.0907,0.00000,0.09607
4.38,19.38,3.2900,6.5167,0.00000,0.10957
4.62,19.38,3.2468,7.5787,0.00000,0.18141
4.88,19.38,3.3570,9.0108,0.00000,0.24939
5.12,19.38,3.2275,10.2774,0.00000,0.18309
5.38,19.38,3.2289,11.3231,0.00000,0.10524
5.62,19.38,3.3302,13.6963,0.00000,0.08439
5.88,19.38,3.5014,17.1773,0.00000,0.07845
6.12,19.38,3.5774,20.3829,0.00000,0.06559
6.38,19.38,3.5276,22.3530,0.00000,0.05226
6.62,19.38,3.5080,24.8339,0.00000,0.04968
6.88,19.38,3.5381,25.4057,0.00000,0.04917
7.12,19.38,3.4122,24.7141,0.00000,0.03681
7.38,19.38,3.5269,25.9336,0.00000,0.02488
2.62,19.62,2.4770,10.7089,0.00000,0.09651
2.88,19.62,3.3555,7.5686,0.00000,0.13966
3.12,19.62,3.3576,5.7420,0.00000,0.17684
3.38,19.62,3.3725,5.5680,0.00000,0.20604
3.62,19.62,3.1680,5.4332,0.00000,0.15475
3.88,19.62,3.1631,5.0394,0.00000,0.10271
4.12,19.62,3.1019,5.0805,0.00000,0.08121
4.38,19.62,3.2239,5.4201,0.00000,0.08497
4.62,19.62,3.1448,6.4473,0.00000,0.13076
4.88,19.62,3.2052,7.9892,0.00000,0.17814
5.12,19.62,3.1482,9.5354,0.00000,0.14610
5.38,19.62,3.1511,10.8354,0.00000,0.10888
5.62,19.62,3.1583,13.2609,0.00000,0.09616
5.88,19.62,3.3024,16.7804,0.00000,0.08538
6.12,19.62,3.4610,19.8837,0.00000,0.06882
6.38,19.62,3.5391,20.8940,0.00000,0.05572
6.62,19.62,3.4377,22.1699,0.00000,0.04963
6.88,19.62,3.2741,22.1976,0.00000,0.04513
7.12,19.62,2.9241,19.4496,0.00000,0.03326
2.62,19.88,2.4666,7.8436,0.00000,0.08558
2.88,19.88,3.3619,5.5031,0.00000,0.12753
3.12,19.88,3.4043,4.0877,0.00000,0.17231
3.38,19.88,3.4505,4.1554,0.00000,0.20797
3.62,19.88,3.2246,4.3261,0.00000,0.15243
3.88,19.88,3.2011,4.0213,0.00000,0.09415
4.12,19.88,3.1120,3.9955,0.00000,0.07310
4.38,19.88,3.2122,4.3447,0.00000,0.07461
4.62,19.88,3.1391,5.4342,0.00000,0.09757
4.88,19.88,3.2035,7.1167,0.00000,0.12501
5.12,19.88,3.1610,9.2877,0.00000,0.11781
5.38,19.88,3.1423,11.5894,0.00000,0.10750
5.62,19.88,3.1012,13.7476,0.00000,0.09609
5.88,19.88,3.2486,15.6709,0.00000,0.08488
6.12,19.88,3.4590,17.2334,0.00000,0.07112
6.38,19.88,3.6010,16.8547,0.00000,0.05925
6.62,19.88,3.2274,16.2493,0.00000,0.04690
2.62,20.12,2.5228,5.6356,0.00000,0.07304
2.88,20.12,3.4436,4.2276,0.00000,0.10970
3.12,20.12,3.4689,3.3786,0.00000,0.14788
3.38,20.12,3.5164,3.3043,0.00000,0.17799
3.62,20.12,3.4080,3.2796,0.00000,0.13214
3.88,20.12,3.4965,3.2313,0.00000,0.08581
4.12,20.12,3.3126,3.5512,0.00000,0.07385
4.38,20.12,3.3063,3.9774,0.00000,0.08115
4.62,20.12,3.2715,5.0992,0.00000,0.10126
4.88,20.12,3.3829,6.9963,0.00000,0.12329
5.12,20.12,3.2743,9.4640,0.00000,0.11025
5.38,20.12,3.2618,11.9108,0.00000,0.09465
5.62,20.12,3.2626,12.9171,0.00000,0.08574
5.88,20.12,3.3640,13.0120,0.00000,0.08253
6.12,20.12,3.3223,13.7015,0.00000,0.07186
2.62,20.38,2.4908,3.5591,0.00000,0.06483
2.88,20.38,3.4351,3.4087,0.00000,0.09608
3.12,20.38,3.5867,3.2212,0.00000,0.12485
3.38,20.38,3.7637,2.9260,0.00000,0.14725
3.62,20.38,3.5889,2.5521,0.00000,0.10911
3.88,20.38,3.6004,2.4812,0.00000,0.07412
4.12,20.38,3.5122,3.1406,0.00000,0.07765
4.38,20.38,3.5669,4.1112,0.00000,0.09636
4.62,20.38,3.3961,5.5683,0.00000,0.10985
4.88,20.38,3.4471,7.3256,0.00000,0.12237
5.12,20.38,3.4532,8.7059,0.00000,0.10579
5.38,20.38,3.5389,9.6017,0.00000,0.08702
5.62,20.38,3.2346,9.6448,0.00000,0.07376
5.88,20.38,2.8536,9.1449,0.00000,0.06682
2.62,20.62,2.5832,2.4276,0.00000,0.06862
2.88,20.62,3.5369,3.5746,0.00000,0.09587
3.12,20.62,3.6138,3.9091,0.00000,0.10489
3.38,20.62,3.7661,3.0819,0.00000,0.11017
3.62,20.62,3.6909,2.1704,0.00000,0.08353
3.88,20.62,3.7630,1.9618,0.00000,0.06607
4.12,20.62,3.5939,2.8378,0.00000,0.08883
4.38,20.62,3.6184,4.2965,0.00000,0.12485
4.62,20.62,3.5284,5.7849,0.00000,0.13225
4.88,20.62,3.6285,6.8185,0.00000,0.13203
5.12,20.62,3.4019,7.0142,0.00000,0.10690
5.38,20.62,3.1092,6.5319,0.00000,0.07678
2.62,20.88,2.4779,2.6242,0.00000,0.07271
2.88,20.88,3.3973,4.7605,0.00000,0.09740
3.12,20.88,3.4969,5.6431,0.00000,0.09076
3.38,20.88,3.6595,4.1249,0.00000,0.08150
3.62,20.88,3.5482,2.4885,0.00000,0.06360
3.88,20.88,3.6164,2.1113,0.00000,0.06154
4.12,20.88,3.5334,2.9690,0.00000,0.10099
4.38,20.88,3.7046,4.2923,0.00000,0.15432
4.62,20.88,3.5083,5.2041,0.00000,0.15111
4.88,20.88,3.2265,5.3391,0.00000,0.12517
2.62,21.12,2.4434,2.3610,0.00000,0.07368
2.88,21.12,3.2900,4.6297,0.00000,0.09629
3.12,21.12,3.1627,5.9070,0.00000,0.08006
3.38,21.12,3.1170,4.6255,0.00000,0.06220
3.62,21.12,3.1510,3.0409,0.00000,0.05091
3.88,21.12,3.3997,2.5052,0.00000,0.05408
4.12,21.12,3.1227,3.0013,0.00000,0.07969
4.38,21.12,3.0181,4.0853,0.00000,0.12288
2.62,21.38,1.9467,1.8697,0.00000,0.05311
2.88,21.38,2.6847,3.3798,0.00000,0.07134
3.12,21.38,2.8218,4.2186,0.00000,0.06693
3.38,21.38,2.9965,3.6739,0.00000,0.06110
3.62,21.38,2.7554,2.7941,0.00000,0.04821
3.88,21.38,2.6203,2.3429,0.00000,0.04055
4.12,21.38,2.1921,2.4469,0.00000,0.04414
2.62,21.62,1.9888,1.8579,0.00000,0.03687
2.88,21.62,2.7878,2.9036,0.00000,0.05336
3.12,21.62,2.9842,3.2635,0.00000,0.06379
3.38,21.62,3.2400,3.0510,0.00000,0.07597
3.62,21.62,2.6220,2.4076,0.00000,0.05916
2.62,21.88,2.6307,1.7038,0.00000,0.03662
2.88,21.88,3.8137,2.6601,0.00000,0.05541
3.12,21.88,3.5853,2.8685,0.00000,0.06371
2.62,22.12,2.3414,1.1532,0.00000,0.02998
