x,y,rho,contact,casualty,pressure
2.62,0.12,0.3751,0.0000,0.00000,0.30616
2.88,0.12,0.7219,0.0001,0.00000,0.50603
3.12,0.12,0.9972,0.0002,0.00000,0.56270
3.38,0.12,1.0121,0.0004,0.00000,0.48630
3.62,0.12,0.9649,0.0006,0.00000,0.47624
3.88,0.12,1.0145,0.0004,0.00000,0.51792
4.12,0.12,1.0426,0.0001,0.00000,0.52108
4.38,0.12,1.0099,0.0000,0.00000,0.50727
4.62,0.12,0.9988,0.0000,0.00000,0.50423
4.88,0.12,1.0250,0.0000,0.00000,0.50734
5.12,0.12,1.0342,0.0000,0.00000,0.51245
5.38,0.12,1.0223,0.0000,0.00000,0.52195
5.62,0.12,1.0332,0.0002,0.00000,0.54307
5.88,0.12,1.0466,0.0005,0.00000,0.55596
6.12,0.12,1.0739,0.0013,0.00000,0.58934
6.38,0.12,1.1134,0.0037,0.00000,0.63710
6.62,0.12,1.1195,0.0321,0.00000,0.67086
6.88,0.12,1.1495,0.3457,0.00000,0.76629
7.12,0.12,1.0152,1.6153,0.00000,0.74637
7.38,0.12,0.6327,3.5714,0.00000,0.48788
2.62,0.38,0.6261,0.0001,0.00000,0.48730
2.88,0.38,1.1615,0.0002,0.00000,0.80981
3.12,0.38,1.5248,0.0004,0.00000,0.89719
3.38,0.38,1.4700,0.0007,0.00000,0.74712
3.62,0.38,1.3581,0.0009,0.00000,0.70001
3.88,0.38,1.4211,0.0005,0.00000,0.76034
4.12,0.38,1.4787,0.0001,0.00000,0.77139
4.38,0.38,1.4515,0.0000,0.00000,0.74953
4.62,0.38,1.4291,0.0000,0.00000,0.74107
4.88,0.38,1.4536,0.0000,0.00000,0.74354
5.12,0.38,1.4708,0.0000,0.00000,0.74570
5.38,0.38,1.4592,0.0002,0.00000,0.75571
5.62,0.38,1.4627,0.0009,0.00000,0.78462
5.88,0.38,1.4548,0.0017,0.00000,0.79529
6.12,0.38,1.4804,0.0025,0.00000,0.83255
6.38,0.38,1.4991,0.0065,0.00000,0.87416
6.62,0.38,1.4735,0.0792,0.00000,0.88272
6.88,0.38,1.5784,0.9000,0.00000,1.01676
7.12,0.38,1.4589,4.2282,0.00000,1.02862
7.38,0.38,0.9258,9.3610,0.00000,0.68836
2.62,0.62,0.6353,0.0001,0.00000,0.43362
2.88,0.62,1.2195,0.0004,0.00000,0.77131
3.12,0.62,1.6337,0.0006,0.00000,0.91804
3.38,0.62,1.5456,0.0006,0.00000,0.76466
3.62,0.62,1.3913,0.0006,0.00000,0.67062
3.88,0.62,1.4625,0.0003,0.00000,0.72349
4.12,0.62,1.5315,0.0001,0.00000,0.73840
4.38,0.62,1.5072,0.0000,0.00000,0.71077
4.62,0.62,1.4883,0.0000,0.00000,0.70326
4.88,0.62,1.5103,0.0000,0.00000,0.70502
5.12,0.62,1.5246,0.0000,0.00000,0.69803
5.38,0.62,1.5192,0.0003,0.00000,0.70905
5.62,0.62,1.5173,0.0014,0.00000,0.74020
5.88,0.62,1.4955,0.0025,0.00000,0.74910
6.12,0.62,1.5333,0.0026,0.00000,0.79087
6.38,0.62,1.5318,0.0061,0.00000,0.82019
6.62,0.62,1.4792,0.1029,0.00000,0.79423
6.88,0.62,1.6364,1.2094,0.00000,0.90670
7.12,0.62,1.5394,5.7013,0.00000,0.92936
7.38,0.62,0.9741,12.6329,0.00000,0.62614
2.62,0.88,0.3839,0.0001,0.00000,0.21818
2.88,0.88,0.8289,0.0002,0.00000,0.45550
3.12,0.88,1.2221,0.0003,0.00000,0.63287
3.38,0.88,1.1911,0.0003,0.00000,0.55915
3.62,0.88,1.0670,0.0002,0.00000,0.46131
3.88,0.88,1.1316,0.0001,0.00000,0.48381
4.12,0.88,1.1868,0.0000,0.00000,0.49408
4.38,0.88,1.1665,0.0000,0.00000,0.47235
4.62,0.88,1.1660,0.0000,0.00000,0.47191
4.88,0.88,1.1874,0.0000,0.00000,0.47239
5.12,0.88,1.1918,0.0000,0.00000,0.46357
5.38,0.88,1.1953,0.0002,0.00000,0.48233
5.62,0.88,1.1954,0.0009,0.00000,0.50519
5.88,0.88,1.1752,0.0015,0.00000,0.50306
6.12,0.88,1.2289,0.0012,0.00000,0.53751
6.38,0.88,1.2293,0.0027,0.00000,0.55837
6.62,0.88,1.1820,0.0563,0.00000,0.52971
6.88,0.88,1.3252,0.6735,0.00000,0.59304
7.12,0.88,1.2271,3.1798,0.00000,0.59141
7.38,0.88,0.7578,7.0487,0.00000,0.39002
2.62,1.12,0.1831,0.0000,0.00000,0.08112
2.88,1.12,0.4836,0.0000,0.00000,0.21279
3.12,1.12,0.8320,0.0001,0.00000,0.35773
3.38,1.12,0.8884,0.0000,0.00000,0.35991
3.62,1.12,0.8163,0.0000,0.00000,0.30215
3.88,1.12,0.8633,0.0000,0.00000,0.30209
4.12,1.12,0.9143,0.0000,0.00000,0.30776
4.38,1.12,0.9071,0.0000,0.00000,0.30064
4.62,1.12,0.9189,0.0000,0.00000,0.30690
4.88,1.12,0.9423,0.0000,0.00000,0.30901
5.12,1.12,0.9437,0.0000,0.00000,0.30577
5.38,1.12,0.9580,0.0000,0.00000,0.32789
5.62,1.12,0.9697,0.0002,0.00000,0.34404
5.88,1.12,0.9628,0.0003,0.00000,0.34007
6.12,1.12,1.0179,0.0002,0.00000,0.36259
6.38,1.12,1.0207,0.0005,0.00000,0.37227
6.62,1.12,0.9941,0.0121,0.00000,0.35880
6.88,1.12,1.0926,0.1453,0.00000,0.39617
7.12,1.12,0.9506,0.6867,0.00000,0.36804
7.38,1.12,0.5561,1.5224,0.00000,0.22940
2.62,1.38,0.1050,0.0000,0.00000,0.03143
2.88,1.38,0.3376,0.0000,0.00000,0.09738
3.12,1.38,0.6754,0.0000,0.00000,0.19486
3.38,1.38,0.8099,0.0000,0.00000,0.23590
3.62,1.38,0.7684,0.0000,0.00000,0.21617
3.88,1.38,0.8004,0.0000,0.00000,0.20711
4.12,1.38,0.8621,0.0000,0.00000,0.21085
4.38,1.38,0.8619,0.0000,0.00000,0.21033
4.62,1.38,0.8734,0.0000,0.00000,0.21425
4.88,1.38,0.9048,0.0000,0.00000,0.22004
5.12,1.38,0.9115,0.0000,0.00000,0.22497
5.38,1.38,0.9290,0.0000,0.00000,0.24258
5.62,1.38,0.9449,0.0000,0.00000,0.25606
5.88,1.38,0.9473,0.0000,0.00000,0.25897
6.12,1.38,0.9998,0.0000,0.00000,0.27423
6.38,1.38,1.0073,0.0000,0.00000,0.27641
6.62,1.38,1.0224,0.0010,0.00000,0.27526
6.88,1.38,1.0940,0.0118,0.00000,0.30099
7.12,1.38,0.8555,0.0557,0.00000,0.26015
7.38,1.38,0.4512,0.1235,0.00000,0.15264
2.62,1.62,0.0724,0.0000,0.00000,0.01329
2.88,1.62,0.2689,0.0000,0.00000,0.04735
3.12,1.62,0.6126,0.0000,0.00000,0.11372
3.38,1.62,0.8226,0.0000,0.00000,0.16591
3.62,1.62,0.8100,0.0000,0.00000,0.16833
3.88,1.62,0.8297,0.0000,0.00000,0.16073
4.12,1.62,0.8964,0.0000,0.00000,0.16156
4.38,1.62,0.8998,0.0000,0.00000,0.15974
4.62,1.62,0.9113,0.0000,0.00000,0.16027
4.88,1.62,0.9527,0.0000,0.00000,0.16829
5.12,1.62,0.9656,0.0000,0.00000,0.17632
5.38,1.62,0.9818,0.0000,0.00000,0.18577
5.62,1.62,0.9961,0.0000,0.00000,0.19433
5.88,1.62,1.0024,0.0000,0.00000,0.19981
6.12,1.62,1.0541,0.0000,0.00000,0.21252
6.38,1.62,1.0657,0.0000,0.00000,0.21686
6.62,1.62,1.1354,0.0000,0.00000,0.22495
6.88,1.62,1.2057,0.0004,0.00000,0.24200
7.12,1.62,0.8561,0.0017,0.00000,0.19419
7.38,1.62,0.3998,0.0037,0.00000,0.10642
2.62,1.88,0.0496,0.0000,0.00000,0.00555
2.88,1.88,0.2081,0.0000,0.00000,0.02400
3.12,1.88,0.5433,0.0000,0.00000,0.06906
3.38,1.88,0.8248,0.0000,0.00000,0.11732
3.62,1.88,0.8553,0.0000,0.00000,0.13232
3.88,1.88,0.8573,0.0000,0.00000,0.12982
4.12,1.88,0.9175,0.0000,0.00000,0.12732
4.38,1.88,0.9333,0.0000,0.00000,0.12632
4.62,1.88,0.9531,0.0000,0.00000,0.12952
4.88,1.88,1.0042,0.0000,0.00000,0.13890
5.12,1.88,1.0221,0.0000,0.00000,0.14467
5.38,1.88,1.0347,0.0000,0.00000,0.14586
5.62,1.88,1.0490,0.0000,0.00000,0.14915
5.88,1.88,1.0642,0.0000,0.00000,0.15473
6.12,1.88,1.1117,0.0000,0.00000,0.16545
6.38,1.88,1.1138,0.0000,0.00000,0.17079
6.62,1.88,1.2215,0.0000,0.00000,0.18388
6.88,1.88,1.3004,0.0000,0.00000,0.19769
7.12,1.88,0.8758,0.0000,0.00000,0.14844
7.38,1.88,0.3767,0.0000,0.00000,0.07503
2.62,2.12,0.0319,0.0000,0.00000,0.00230
2.88,2.12,0.1519,0.0000,0.00000,0.01189
3.12,2.12,0.4592,0.0000,0.00000,0.04017
3.38,2.12,0.7928,0.0000,0.00000,0.07842
3.62,2.12,0.8807,0.0000,0.00000,0.09803
3.88,2.12,0.8743,0.0000,0.00000,0.09914
4.12,2.12,0.9271,0.0000,0.00000,0.09793
4.38,2.12,0.9605,0.0000,0.00000,0.10077
4.62,2.12,0.9883,0.0000,0.00000,0.10592
4.88,2.12,1.0414,0.0000,0.00000,0.11378
5.12,2.12,1.0632,0.0000,0.00000,0.11729
5.38,2.12,1.0784,0.0000,0.00000,0.11688
5.62,2.12,1.0976,0.0000,0.00000,0.11940
5.88,2.12,1.1224,0.0000,0.00000,0.12426
6.12,2.12,1.1583,0.0000,0.00000,0.13074
6.38,2.12,1.1385,0.0000,0.00000,0.13216
6.62,2.12,1.2619,0.0000,0.00000,0.14530
6.88,2.12,1.3553,0.0000,0.00000,0.15874
7.12,2.12,0.8992,0.0000,0.00000,0.11620
7.38,2.12,0.3749,0.0000,0.00000,0.05633
2.62,2.38,0.0187,0.0000,0.00000,0.00100
2.88,2.38,0.1045,0.0000,0.00000,0.00626
3.12,2.38,0.3728,0.0000,0.00000,0.02507
3.38,2.38,0.7348,0.0000,0.00000,0.05523
3.62,2.38,0.8887,0.0000,0.00000,0.07412
3.88,2.38,0.8922,0.0000,0.00000,0.07641
4.12,2.38,0.9374,0.0000,0.00000,0.07660
4.38,2.38,0.9845,0.0000,0.00000,0.08027
4.62,2.38,1.0112,0.0000,0.00000,0.08335
4.88,2.38,1.0559,0.0000,0.00000,0.08780
5.12,2.38,1.0845,0.0000,0.00000,0.09294
5.38,2.38,1.1101,0.0000,0.00000,0.09732
5.62,2.38,1.1343,0.0000,0.00000,0.10086
5.88,2.38,1.1673,0.0000,0.00000,0.10467
6.12,2.38,1.1967,0.0000,0.00000,0.10793
6.38,2.38,1.1539,0.0000,0.00000,0.10501
6.62,2.38,1.2793,0.0000,0.00000,0.11439
6.88,2.38,1.3939,0.0000,0.00000,0.12559
7.12,2.38,0.9295,0.0000,0.00000,0.09203
7.38,2.38,0.3866,0.0000,0.00000,0.04465
2.62,2.62,0.0102,0.0000,0.00000,0.00055
2.88,2.62,0.0696,0.0000,0.00000,0.00431
3.12,2.62,0.2945,0.0000,0.00000,0.01938
3.38,2.62,0.6634,0.0000,0.00000,0.04419
3.62,2.62,0.8856,0.0000,0.00000,0.05880
3.88,2.62,0.9104,0.0000,0.00000,0.05942
4.12,2.62,0.9395,0.0000,0.00000,0.05839
4.38,2.62,0.9973,0.0000,0.00000,0.06121
4.62,2.62,1.0328,0.0000,0.00000,0.06472
4.88,2.62,1.0761,0.0000,0.00000,0.06916
5.12,2.62,1.1127,0.0000,0.00000,0.07611
5.38,2.62,1.1407,0.0000,0.00000,0.08307
5.62,2.62,1.1623,0.0000,0.00000,0.08581
5.88,2.62,1.2042,0.0000,0.00000,0.08883
6.12,2.62,1.2368,0.0000,0.00000,0.09254
6.38,2.62,1.1775,0.0000,0.00000,0.08880
6.62,2.62,1.3000,0.0000,0.00000,0.09456
6.88,2.62,1.4318,0.0000,0.00000,0.10348
7.12,2.62,0.9650,0.0000,0.00000,0.07685
7.38,2.62,0.4055,0.0000,0.00000,0.03801
2.62,2.88,0.0056,0.0000,0.00000,0.00031
2.88,2.88,0.0456,0.0000,0.00000,0.00272
3.12,2.88,0.2226,0.0000,0.00000,0.01310
3.38,2.88,0.5749,0.0000,0.00000,0.03147
3.62,2.88,0.8638,0.0000,0.00000,0.04432
3.88,2.88,0.9277,0.0000,0.00000,0.04611
4.12,2.88,0.9428,0.0000,0.00000,0.04379
4.38,2.88,1.0048,0.0000,0.00000,0.04546
4.62,2.88,1.0508,0.0000,0.00000,0.05120
4.88,2.88,1.0929,0.0000,0.00000,0.05727
5.12,2.88,1.1366,0.0000,0.00000,0.06265
5.38,2.88,1.1691,0.0000,0.00000,0.06840
5.62,2.88,1.1856,0.0000,0.00000,0.07187
5.88,2.88,1.2326,0.0000,0.00000,0.07569
6.12,2.88,1.2720,0.0000,0.00000,0.08089
6.38,2.88,1.2051,0.0000,0.00000,0.07781
6.62,2.88,1.3264,0.0000,0.00000,0.08036
6.88,2.88,1.4736,0.0000,0.00000,0.08823
7.12,2.88,1.0047,0.0000,0.00000,0.06769
7.38,2.88,0.4277,0.0000,0.00000,0.03467
2.62,3.12,0.0033,0.0000,0.00000,0.00013
2.88,3.12,0.0296,0.0000,0.00000,0.00126
3.12,3.12,0.1619,0.0000,0.00000,0.00696
3.38,3.12,0.4839,0.0000,0.00000,0.02061
3.62,3.12,0.8264,0.0000,0.00000,0.03580
3.88,3.12,0.9427,0.0000,0.00000,0.04094
4.12,3.12,0.9533,0.0000,0.00000,0.03738
4.38,3.12,1.0093,0.0000,0.00000,0.03751
4.62,3.12,1.0624,0.0000,0.00000,0.04439
4.88,3.12,1.1031,0.0000,0.00000,0.05013
5.12,3.12,1.1539,0.0000,0.00000,0.05167
5.38,3.12,1.1953,0.0000,0.00000,0.05466
5.62,3.12,1.2044,0.0000,0.00000,0.05940
5.88,3.12,1.2548,0.0000,0.00000,0.06500
6.12,3.12,1.3091,0.0000,0.00000,0.07131
6.38,3.12,1.2382,0.0000,0.00000,0.06934
6.62,3.12,1.3546,0.0000,0.00000,0.06951
6.88,3.12,1.5188,0.0000,0.00000,0.07648
7.12,3.12,1.0505,0.0000,0.00000,0.06064
7.38,3.12,0.4545,0.0000,0.00000,0.03205
2.62,3.38,0.0020,0.0000,0.00000,0.00005
2.88,3.38,0.0184,0.0000,0.00000,0.00052
3.12,3.38,0.1135,0.0000,0.00000,0.00365
3.38,3.38,0.3939,0.0000,0.00000,0.01419
3.62,3.38,0.7665,0.0000,0.00000,0.03035
3.88,3.38,0.9512,0.0000,0.00000,0.03887
4.12,3.38,0.9730,0.0000,0.00000,0.03606
4.38,3.38,1.0150,0.0000,0.00000,0.03494
4.62,3.38,1.0816,0.0000,0.00000,0.04126
4.88,3.38,1.1324,0.0000,0.00000,0.04542
5.12,3.38,1.1890,0.0000,0.00000,0.04473
5.38,3.38,1.2323,0.0000,0.00000,0.04620
5.62,3.38,1.2308,0.0000,0.00000,0.05052
5.88,3.38,1.2844,0.0000,0.00000,0.05636
6.12,3.38,1.3566,0.0000,0.00000,0.06292
6.38,3.38,1.2778,0.0000,0.00000,0.06201
6.62,3.38,1.3790,0.0000,0.00000,0.06094
6.88,3.38,1.5519,0.0000,0.00000,0.06582
7.12,3.38,1.0886,0.0000,0.00000,0.05156
7.38,3.38,0.4798,0.0000,0.00000,0.02686
2.62,3.62,0.0011,0.0000,0.00000,0.00002
2.88,3.62,0.0109,0.0000,0.00000,0.00022
3.12,3.62,0.0763,0.0000,0.00000,0.00184
3.38,3.62,0.3050,0.0000,0.00000,0.00844
3.62,3.62,0.6824,0.0000,0.00000,0.02153
3.88,3.62,0.9485,0.0000,0.00000,0.03294
4.12,3.62,1.0032,0.0000,0.00000,0.03436
4.38,3.62,1.0310,0.0000,0.00000,0.03303
4.62,3.62,1.1065,0.0000,0.00000,0.03701
4.88,3.62,1.1644,0.0000,0.00000,0.03940
5.12,3.62,1.2170,0.0000,0.00000,0.03892
5.38,3.62,1.2605,0.0000,0.00000,0.04116
5.62,3.62,1.2565,0.0000,0.00000,0.04620
5.88,3.62,1.3125,0.0000,0.00000,0.05183
6.12,3.62,1.4004,0.0000,0.00000,0.05576
6.38,3.62,1.3200,0.0000,0.00000,0.05316
6.62,3.62,1.3998,0.0000,0.00000,0.05250
6.88,3.62,1.5745,0.0000,0.00000,0.05763
7.12,3.62,1.1254,0.0000,0.00000,0.04495
7.38,3.62,0.5099,0.0000,0.00000,0.02311
2.62,3.88,0.0006,0.0000,0.00000,0.00001
2.88,3.88,0.0065,0.0000,0.00000,0.00010
3.12,3.88,0.0503,0.0000,0.00000,0.00088
3.38,3.88,0.2263,0.0000,0.00000,0.00449
3.62,3.88,0.5822,0.0000,0.00000,0.01380
3.88,3.88,0.9140,0.0000,0.00000,0.02611
4.12,3.88,1.0194,0.0000,0.00000,0.03167
4.38,3.88,1.0440,0.0000,0.00000,0.03025
4.62,3.88,1.1196,0.0000,0.00000,0.03192
4.88,3.88,1.1837,0.0000,0.00000,0.03448
5.12,3.88,1.2336,0.0000,0.00000,0.03498
5.38,3.88,1.2862,0.0000,0.00000,0.03782
5.62,3.88,1.2893,0.0000,0.00000,0.04328
5.88,3.88,1.3383,0.0000,0.00000,0.04843
6.12,3.88,1.4335,0.0000,0.00000,0.05040
6.38,3.88,1.3584,0.0000,0.00000,0.04673
6.62,3.88,1.4181,0.0000,0.00000,0.04712
6.88,3.88,1.6004,0.0000,0.00000,0.05378
7.12,3.88,1.1796,0.0000,0.00000,0.04273
7.38,3.88,0.5575,0.0000,0.00000,0.02216
2.62,4.12,0.0004,0.0000,0.00000,0.00000
2.88,4.12,0.0041,0.0000,0.00000,0.00006
3.12,4.12,0.0331,0.0000,0.00000,0.00052
3.38,4.12,0.1651,0.0000,0.00000,0.00291
3.62,4.12,0.4851,0.0000,0.00000,0.01037
3.88,4.12,0.8577,0.0000,0.00000,0.02276
4.12,4.12,1.0265,0.0000,0.00000,0.03047
4.38,4.12,1.0615,0.0000,0.00000,0.02916
4.62,4.12,1.1304,0.0000,0.00000,0.02984
4.88,4.12,1.2024,0.0000,0.00000,0.03363
5.12,4.12,1.2556,0.0000,0.00000,0.03513
5.38,4.12,1.3185,0.0000,0.00000,0.03754
5.62,4.12,1.3257,0.0000,0.00000,0.04090
5.88,4.12,1.3602,0.0000,0.00000,0.04349
6.12,4.12,1.4654,0.0000,0.00000,0.04629
6.38,4.12,1.4011,0.0000,0.00000,0.04517
6.62,4.12,1.4381,0.0000,0.00000,0.04608
6.88,4.12,1.6303,0.0000,0.00000,0.05239
7.12,4.12,1.2472,0.0000,0.00000,0.04178
7.38,4.12,0.6186,0.0000,0.00000,0.02177
2.62,4.38,0.0003,0.0000,0.00000,0.00000
2.88,4.38,0.0027,0.0000,0.00000,0.00004
3.12,4.38,0.0224,0.0000,0.00000,0.00036
3.38,4.38,0.1216,0.0000,0.00000,0.00233
3.62,4.38,0.4000,0.0000,0.00000,0.00932
3.88,4.38,0.7902,0.0000,0.00000,0.02191
4.12,4.38,1.0286,0.0000,0.00000,0.03067
4.38,4.38,1.0885,0.0000,0.00000,0.03035
4.62,4.38,1.1474,0.0000,0.00000,0.03102
4.88,4.38,1.2171,0.0000,0.00000,0.03444
5.12,4.38,1.2703,0.0000,0.00000,0.03549
5.38,4.38,1.3441,0.0000,0.00000,0.03699
5.62,4.38,1.3570,0.0000,0.00000,0.03801
5.88,4.38,1.3771,0.0000,0.00000,0.03822
6.12,4.38,1.5009,0.0000,0.00000,0.04229
6.38,4.38,1.4565,0.0000,0.00000,0.04400
6.62,4.38,1.4611,0.0000,0.00000,0.04445
6.88,4.38,1.6530,0.0000,0.00000,0.04912
7.12,4.38,1.3121,0.0000,0.00000,0.03956
7.38,4.38,0.6812,0.0000,0.00000,0.02108
2.62,4.62,0.0002,0.0000,0.00000,0.00000
2.88,4.62,0.0019,0.0000,0.00000,0.00002
3.12,4.62,0.0157,0.0000,0.00000,0.00025
3.38,4.62,0.0902,0.0000,0.00000,0.00180
3.62,4.62,0.3231,0.0000,0.00000,0.00774
3.88,4.62,0.7108,0.0000,0.00000,0.01920
4.12,4.62,1.0203,0.0000,0.00000,0.02882
4.38,4.62,1.1211,0.0000,0.00000,0.03167
4.62,4.62,1.1726,0.0000,0.00000,0.03422
4.88,4.62,1.2394,0.0000,0.00000,0.03580
5.12,4.62,1.2960,0.0000,0.00000,0.03389
5.38,4.62,1.3797,0.0000,0.00000,0.03407
5.62,4.62,1.3937,0.0000,0.00000,0.03493
5.88,4.62,1.3928,0.0000,0.00000,0.03453
6.12,4.62,1.5307,0.0000,0.00000,0.03806
6.38,4.62,1.5086,0.0000,0.00000,0.03969
6.62,4.62,1.4745,0.0000,0.00000,0.03931
6.88,4.62,1.6621,0.0000,0.00000,0.04363
7.12,4.62,1.3768,0.0000,0.00000,0.03715
7.38,4.62,0.7509,0.0000,0.00000,0.02108
2.62,4.88,0.0002,0.0000,0.00000,0.00000
2.88,4.88,0.0014,0.0000,0.00000,0.00001
3.12,4.88,0.0114,0.0000,0.00000,0.00016
3.38,4.88,0.0676,0.0000,0.00000,0.00122
3.62,4.88,0.2586,0.0000,0.00000,0.00545
3.88,4.88,0.6286,0.0000,0.00000,0.01467
4.12,4.88,0.9940,0.0000,0.00000,0.02469
4.38,4.88,1.1464,0.0000,0.00000,0.03072
4.62,4.88,1.2002,0.0000,0.00000,0.03501
4.88,4.88,1.2666,0.0000,0.00000,0.03559
5.12,4.88,1.3303,0.0000,0.00000,0.03226
5.38,4.88,1.4197,0.0000,0.00000,0.03208
5.62,4.88,1.4311,0.0000,0.00000,0.03358
5.88,4.88,1.4077,0.0000,0.00000,0.03304
6.12,4.88,1.5533,0.0000,0.00000,0.03507
6.38,4.88,1.5524,0.0000,0.00000,0.03538
6.62,4.88,1.4833,0.0000,0.00000,0.03453
6.88,4.88,1.6729,0.0000,0.00000,0.03959
7.12,4.88,1.4523,0.0000,0.00000,0.03615
7.38,4.88,0.8318,0.0000,0.00000,0.02182
2.62,5.12,0.0001,0.0000,0.00000,0.00000
2.88,5.12,0.0011,0.0000,0.00000,0.00001
3.12,5.12,0.0085,0.0000,0.00000,0.00011
3.38,5.12,0.0514,0.0000,0.00000,0.00082
3.62,5.12,0.2063,0.0000,0.00000,0.00385
3.88,5.12,0.5454,0.0000,0.00000,0.01166
4.12,5.12,0.9386,0.0000,0.00000,0.02218
4.38,5.12,1.1447,0.0000,0.00000,0.02929
4.62,5.12,1.2190,0.0000,0.00000,0.03267
4.88,5.12,1.2863,0.0000,0.00000,0.03324
5.12,5.12,1.3547,0.0000,0.00000,0.03132
5.38,5.12,1.4555,0.0000,0.00000,0.03152
5.62,5.12,1.4717,0.0000,0.00000,0.03279
5.88,5.12,1.4274,0.0000,0.00000,0.03191
6.12,5.12,1.5740,0.0000,0.00000,0.03348
6.38,5.12,1.5889,0.0000,0.00000,0.03349
6.62,5.12,1.4841,0.0000,0.00000,0.03192
6.88,5.12,1.6794,0.0000,0.00000,0.03670
7.12,5.12,1.5305,0.0000,0.00000,0.03460
7.38,5.12,0.9175,0.0000,0.00000,0.02145
2.62,5.38,0.0001,0.0000,0.00000,0.00000
2.88,5.38,0.0010,0.0000,0.00000,0.00001
3.12,5.38,0.0069,0.0000,0.00000,0.00009
3.38,5.38,0.0402,0.0000,0.00000,0.00063
3.62,5.38,0.1667,0.0000,0.00000,0.00308
3.88,5.38,0.4741,0.0000,0.00000,0.01036
4.12,5.38,0.8800,0.0000,0.00000,0.02199
4.38,5.38,1.1381,0.0000,0.00000,0.03063
4.62,5.38,1.2437,0.0000,0.00000,0.03279
4.88,5.38,1.3095,0.0000,0.00000,0.03178
5.12,5.38,1.3712,0.0000,0.00000,0.03030
5.38,5.38,1.4838,0.0000,0.00000,0.03108
5.62,5.38,1.5118,0.0000,0.00000,0.03225
5.88,5.38,1.4466,0.0000,0.00000,0.03129
6.12,5.38,1.5979,0.0000,0.00000,0.03361
6.38,5.38,1.6357,0.0000,0.00000,0.03414
6.62,5.38,1.4872,0.0000,0.00000,0.03089
6.88,5.38,1.6769,0.0000,0.00000,0.03399
7.12,5.38,1.6009,0.0000,0.00000,0.03212
7.38,5.38,1.0000,0.0000,0.00000,0.02005
2.62,5.62,0.0001,0.0000,0.00000,0.00000
2.88,5.62,0.0009,0.0000,0.00000,0.00001
3.12,5.62,0.0059,0.0000,0.00000,0.00009
3.38,5.62,0.0329,0.0000,0.00000,0.00054
3.62,5.62,0.1390,0.0000,0.00000,0.00252
3.88,5.62,0.4180,0.0000,0.00000,0.00892
4.12,5.62,0.8248,0.0000,0.00000,0.02068
4.38,5.62,1.1250,0.0000,0.00000,0.03137
4.62,5.62,1.2652,0.0000,0.00000,0.03445
4.88,5.62,1.3333,0.0000,0.00000,0.03198
5.12,5.62,1.3840,0.0000,0.00000,0.02950
5.38,5.62,1.5100,0.0000,0.00000,0.03053
5.62,5.62,1.5597,0.0000,0.00000,0.03243
5.88,5.62,1.4745,0.0000,0.00000,0.03235
6.12,5.62,1.6279,0.0000,0.00000,0.03536
6.38,5.62,1.6918,0.0000,0.00000,0.03595
6.62,5.62,1.4927,0.0000,0.00000,0.03059
6.88,5.62,1.6698,0.0000,0.00000,0.03237
7.12,5.62,1.6728,0.0000,0.00000,0.03171
7.38,5.62,1.0876,0.0000,0.00000,0.02049
2.62,5.88,0.0001,0.0000,0.00000,0.00000
2.88,5.88,0.0008,0.0000,0.00000,0.00001
3.12,5.88,0.0051,0.0000,0.00000,0.00008
3.38,5.88,0.0281,0.0000,0.00000,0.00047
3.62,5.88,0.1198,0.0000,0.00000,0.00215
3.88,5.88,0.3720,0.0000,0.00000,0.00763
4.12,5.88,0.7671,0.0000,0.00000,0.01835
4.38,5.88,1.0994,0.0000,0.00000,0.02909
4.62,5.88,1.2844,0.0000,0.00000,0.03307
4.88,5.88,1.3668,0.0000,0.00000,0.03140
5.12,5.88,1.4050,0.0000,0.00000,0.02932
5.38,5.88,1.5372,0.0000,0.00000,0.03071
5.62,5.88,1.6040,0.0000,0.00000,0.03335
5.88,5.88,1.4977,0.0000,0.00000,0.03349
6.12,5.88,1.6510,0.0000,0.00000,0.03593
6.38,5.88,1.7421,0.0000,0.00000,0.03627
6.62,5.88,1.4959,0.0000,0.00000,0.02988
6.88,5.88,1.6664,0.0000,0.00000,0.03142
7.12,5.88,1.7513,0.0000,0.00000,0.03242
7.38,5.88,1.1799,0.0000,0.00000,0.02179
2.62,6.12,0.0001,0.0000,0.00000,0.00000
2.88,6.12,0.0008,0.0000,0.00000,0.00001
3.12,6.12,0.0047,0.0000,0.00000,0.00007
3.38,6.12,0.0256,0.0000,0.00000,0.00045
3.62,6.12,0.1073,0.0000,0.00000,0.00198
3.88,6.12,0.3357,0.0000,0.00000,0.00668
4.12,6.12,0.7145,0.0000,0.00000,0.01592
4.38,6.12,1.0711,0.0000,0.00000,0.02604
4.62,6.12,1.3040,0.0000,0.00000,0.03123
4.88,6.12,1.4066,0.0000,0.00000,0.03120
5.12,6.12,1.4269,0.0000,0.00000,0.03012
5.38,6.12,1.5577,0.0000,0.00000,0.03177
5.62,6.12,1.6435,0.0000,0.00000,0.03387
5.88,6.12,1.5195,0.0000,0.00000,0.03247
6.12,6.12,1.6740,0.0000,0.00000,0.03421
6.38,6.12,1.7959,0.0000,0.00000,0.03500
6.62,6.12,1.5103,0.0000,0.00000,0.02858
6.88,6.12,1.6793,0.0000,0.00000,0.02983
7.12,6.12,1.8414,0.0000,0.00000,0.03138
7.38,6.12,1.2772,0.0000,0.00000,0.02141
2.62,6.38,0.0001,0.0000,0.00000,0.00000
2.88,6.38,0.0007,0.0000,0.00000,0.00001
3.12,6.38,0.0044,0.0000,0.00000,0.00006
3.38,6.38,0.0235,0.0000,0.00000,0.00041
3.62,6.38,0.0973,0.0000,0.00000,0.00181
3.88,6.38,0.3076,0.0000,0.00000,0.00599
4.12,6.38,0.6746,0.0000,0.00000,0.01424
4.38,6.38,1.0495,0.0000,0.00000,0.02408
4.62,6.38,1.3208,0.0000,0.00000,0.03043
4.88,6.38,1.4463,0.0000,0.00000,0.03157
5.12,6.38,1.4518,0.0000,0.00000,0.03095
5.38,6.38,1.5807,0.0000,0.00000,0.03273
5.62,6.38,1.6899,0.0000,0.00000,0.03413
5.88,6.38,1.5462,0.0000,0.00000,0.03115
6.12,6.38,1.6989,0.0000,0.00000,0.03249
6.38,6.38,1.8543,0.0000,0.00000,0.03373
6.62,6.38,1.5258,0.0000,0.00000,0.02711
6.88,6.38,1.6815,0.0000,0.00000,0.02773
7.12,6.38,1.9142,0.0000,0.00000,0.02966
7.38,6.38,1.3614,0.0000,0.00000,0.02055
2.62,6.62,0.0001,0.0000,0.00000,0.00000
2.88,6.62,0.0007,0.0000,0.00000,0.00000
3.12,6.62,0.0042,0.0000,0.00000,0.00005
3.38,6.62,0.0220,0.0000,0.00000,0.00035
3.62,6.62,0.0898,0.0000,0.00000,0.00163
3.88,6.62,0.2875,0.0000,0.00000,0.00559
4.12,6.62,0.6463,0.0000,0.00000,0.01355
4.38,6.62,1.0309,0.0000,0.00000,0.02312
4.62,6.62,1.3270,0.0000,0.00000,0.02958
4.88,6.62,1.4769,0.0000,0.00000,0.03135
5.12,6.62,1.4765,0.0000,0.00000,0.03082
5.38,6.62,1.6082,0.0000,0.00000,0.03291
5.62,6.62,1.7429,0.0000,0.00000,0.03472
5.88,6.62,1.5766,0.0000,0.00000,0.03119
6.12,6.62,1.7236,0.0000,0.00000,0.03242
6.38,6.62,1.9102,0.0000,0.00000,0.03374
6.62,6.62,1.5382,0.0000,0.00000,0.02629
6.88,6.62,1.6773,0.0000,0.00000,0.02634
7.12,6.62,1.9765,0.0000,0.00000,0.02916
7.38,6.62,1.4372,0.0000,0.00000,0.02075
2.62,6.88,0.0001,0.0000,0.00000,0.00000
2.88,6.88,0.0007,0.0000,0.00000,0.00000
3.12,6.88,0.0040,0.0000,0.00000,0.00004
3.38,6.88,0.0204,0.0000,0.00000,0.00030
3.62,6.88,0.0836,0.0000,0.00000,0.00144
3.88,6.88,0.2730,0.0000,0.00000,0.00519
4.12,6.88,0.6266,0.0000,0.00000,0.01315
4.38,6.88,1.0124,0.0000,0.00000,0.02274
4.62,6.88,1.3239,0.0000,0.00000,0.02944
4.88,6.88,1.5030,0.0000,0.00000,0.03215
5.12,6.88,1.5037,0.0000,0.00000,0.03154
5.38,6.88,1.6350,0.0000,0.00000,0.03341
5.62,6.88,1.7952,0.0000,0.00000,0.03576
5.88,6.88,1.6139,0.0000,0.00000,0.03161
6.12,6.88,1.7526,0.0000,0.00000,0.03235
6.38,6.88,1.9614,0.0000,0.00000,0.03367
6.62,6.88,1.5486,0.0000,0.00000,0.02555
6.88,6.88,1.6804,0.0000,0.00000,0.02563
7.12,6.88,2.0495,0.0000,0.00000,0.02978
7.38,6.88,1.5203,0.0000,0.00000,0.02180
2.62,7.12,0.0001,0.0000,0.00000,0.00000
2.88,7.12,0.0007,0.0000,0.00000,0.00000
3.12,7.12,0.0040,0.0000,0.00000,0.00004
3.38,7.12,0.0200,0.0000,0.00000,0.00027
3.62,7.12,0.0797,0.0000,0.00000,0.00128
3.88,7.12,0.2621,0.0000,0.00000,0.00486
4.12,7.12,0.6124,0.0000,0.00000,0.01301
4.38,7.12,1.0004,0.0000,0.00000,0.02296
4.62,7.12,1.3256,0.0000,0.00000,0.03016
4.88,7.12,1.5352,0.0000,0.00000,0.03402
5.12,7.12,1.5366,0.0000,0.00000,0.03327
5.38,7.12,1.6561,0.0000,0.00000,0.03368
5.62,7.12,1.8355,0.0000,0.00000,0.03533
5.88,7.12,1.6456,0.0000,0.00000,0.03038
6.12,7.12,1.7740,0.0000,0.00000,0.03036
6.38,7.12,2.0032,0.0000,0.00000,0.03207
6.62,7.12,1.5568,0.0000,0.00000,0.02436
6.88,7.12,1.6850,0.0000,0.00000,0.02494
7.12,7.12,2.1183,0.0000,0.00000,0.03001
7.38,7.12,1.5972,0.0000,0.00000,0.02232
2.62,7.38,0.0001,0.0000,0.00000,0.00000
2.88,7.38,0.0007,0.0000,0.00000,0.00000
3.12,7.38,0.0041,0.0000,0.00000,0.00004
3.38,7.38,0.0199,0.0000,0.00000,0.00025
3.62,7.38,0.0776,0.0000,0.00000,0.00120
3.88,7.38,0.2545,0.0000,0.00000,0.00467
4.12,7.38,0.6033,0.0000,0.00000,0.01290
4.38,7.38,0.9953,0.0000,0.00000,0.02299
4.62,7.38,1.3304,0.0000,0.00000,0.03010
4.88,7.38,1.5652,0.0000,0.00000,0.03401
5.12,7.38,1.5659,0.0000,0.00000,0.03267
5.38,7.38,1.6686,0.0000,0.00000,0.03201
5.62,7.38,1.8608,0.0000,0.00000,0.03320
5.88,7.38,1.6671,0.0000,0.00000,0.02833
6.12,7.38,1.7921,0.0000,0.00000,0.02817
6.38,7.38,2.0438,0.0000,0.00000,0.03030
6.62,7.38,1.5680,0.0000,0.00000,0.02300
6.88,7.38,1.6891,0.0000,0.00000,0.02365
7.12,7.38,2.1744,0.0000,0.00000,0.02884
7.38,7.38,1.6604,0.0000,0.00000,0.02156
2.62,7.62,0.0001,0.0000,0.00000,0.00000
2.88,7.62,0.0007,0.0000,0.00000,0.00000
3.12,7.62,0.0040,0.0000,0.00000,0.00003
3.38,7.62,0.0199,0.0000,0.00000,0.00024
3.62,7.62,0.0766,0.0000,0.00000,0.00116
3.88,7.62,0.2492,0.0000,0.00000,0.00440
4.12,7.62,0.5974,0.0000,0.00000,0.01181
4.38,7.62,0.9932,0.0000,0.00000,0.02092
4.62,7.62,1.3341,0.0000,0.00000,0.02800
4.88,7.62,1.5955,0.0000,0.00000,0.03213
5.12,7.62,1.6017,0.0000,0.00000,0.03064
5.38,7.62,1.6854,0.0000,0.00000,0.02992
5.62,7.62,1.8880,0.0000,0.00000,0.03122
5.88,7.62,1.6986,0.0000,0.00000,0.02685
6.12,7.62,1.8250,0.0000,0.00000,0.02715
6.38,7.62,2.0945,0.0000,0.00000,0.02963
6.62,7.62,1.5877,0.0000,0.00000,0.02205
6.88,7.62,1.6975,0.0000,0.00000,0.02152
7.12,7.62,2.2253,0.0000,0.00000,0.02594
7.38,7.62,1.7162,0.0000,0.00000,0.01937
2.62,7.88,0.0001,0.0000,0.00000,0.00000
2.88,7.88,0.0007,0.0000,0.00000,0.00000
3.12,7.88,0.0041,0.0000,0.00000,0.00004
3.38,7.88,0.0204,0.0000,0.00000,0.00026
3.62,7.88,0.0770,0.0000,0.00000,0.00118
3.88,7.88,0.2466,0.0000,0.00000,0.00433
4.12,7.88,0.5960,0.0000,0.00000,0.01122
4.38,7.88,0.9967,0.0000,0.00000,0.01961
4.62,7.88,1.3414,0.0000,0.00000,0.02676
4.88,7.88,1.6263,0.0000,0.00000,0.03128
5.12,7.88,1.6409,0.0000,0.00000,0.02988
5.38,7.88,1.7074,0.0000,0.00000,0.02890
5.62,7.88,1.9243,0.0000,0.00000,0.02973
5.88,7.88,1.7444,0.0000,0.00000,0.02559
6.12,7.88,1.8656,0.0000,0.00000,0.02625
6.38,7.88,2.1446,0.0000,0.00000,0.02909
6.62,7.88,1.6090,0.0000,0.00000,0.02139
6.88,7.88,1.7074,0.0000,0.00000,0.01980
7.12,7.88,2.2703,0.0000,0.00000,0.02346
7.38,7.88,1.7645,0.0000,0.00000,0.01750
2.62,8.12,0.0001,0.0000,0.00000,0.00000
2.88,8.12,0.0007,0.0000,0.00000,0.00000
3.12,8.12,0.0042,0.0000,0.00000,0.00004
3.38,8.12,0.0211,0.0000,0.00000,0.00027
3.62,8.12,0.0779,0.0000,0.00000,0.00124
3.88,8.12,0.2460,0.0000,0.00000,0.00466
4.12,8.12,0.5995,0.0000,0.00000,0.01248
4.38,8.12,1.0078,0.0000,0.00000,0.02162
4.62,8.12,1.3529,0.0000,0.00000,0.02806
4.88,8.12,1.6550,0.0000,0.00000,0.03175
5.12,8.12,1.6801,0.0000,0.00000,0.03005
5.38,8.12,1.7308,0.0000,0.00000,0.02860
5.62,8.12,1.9602,0.0000,0.00000,0.02888
5.88,8.12,1.7889,0.0000,0.00000,0.02447
6.12,8.12,1.8985,0.0000,0.00000,0.02426
6.38,8.12,2.1843,0.0000,0.00000,0.02670
6.62,8.12,1.6274,0.0000,0.00000,0.01964
6.88,8.12,1.7186,0.0000,0.00000,0.01811
7.12,8.12,2.3134,0.0000,0.00000,0.02165
7.38,8.12,1.8097,0.0000,0.00000,0.01626
2.62,8.38,0.0001,0.0000,0.00000,0.00000
2.88,8.38,0.0007,0.0000,0.00000,0.00000
3.12,8.38,0.0043,0.0000,0.00000,0.00005
3.38,8.38,0.0216,0.0000,0.00000,0.00030
3.62,8.38,0.0789,0.0000,0.00000,0.00134
3.88,8.38,0.2471,0.0000,0.00000,0.00512
4.12,8.38,0.6082,0.0000,0.00000,0.01429
4.38,8.38,1.0261,0.0000,0.00000,0.02447
4.62,8.38,1.3671,0.0000,0.00000,0.02917
4.88,8.38,1.6820,0.0000,0.00000,0.03084
5.12,8.38,1.7171,0.0000,0.00000,0.02860
5.38,8.38,1.7481,0.0000,0.00000,0.02691
5.62,8.38,1.9872,0.0000,0.00000,0.02765
5.88,8.38,1.8314,0.0000,0.00000,0.02374
6.12,8.38,1.9335,0.0000,0.00000,0.02263
6.38,8.38,2.2263,0.0000,0.00000,0.02439
6.62,8.38,1.6495,0.0000,0.00000,0.01784
6.88,8.38,1.7313,0.0000,0.00000,0.01659
7.12,8.38,2.3536,0.0000,0.00000,0.02044
7.38,8.38,1.8512,0.0000,0.00000,0.01561
2.62,8.62,0.0001,0.0000,0.00000,0.00000
2.88,8.62,0.0007,0.0000,0.00000,0.00000
3.12,8.62,0.0043,0.0000,0.00000,0.00005
3.38,8.62,0.0219,0.0000,0.00000,0.00032
3.62,8.62,0.0797,0.0000,0.00000,0.00139
3.88,8.62,0.2494,0.0000,0.00000,0.00512
4.12,8.62,0.6238,0.0000,0.00000,0.01422
4.38,8.62,1.0556,0.0000,0.00000,0.02419
4.62,8.62,1.3867,0.0000,0.00000,0.02811
4.88,8.62,1.7113,0.0000,0.00000,0.02936
5.12,8.62,1.7602,0.0000,0.00000,0.02730
5.38,8.62,1.7634,0.0000,0.00000,0.02530
5.62,8.62,2.0036,0.0000,0.00000,0.02644
5.88,8.62,1.8757,0.0000,0.00000,0.02346
6.12,8.62,1.9741,0.0000,0.00000,0.02199
6.38,8.62,2.2644,0.0000,0.00000,0.02318
6.62,8.62,1.6693,0.0000,0.00000,0.01694
6.88,8.62,1.7425,0.0000,0.00000,0.01617
7.12,8.62,2.3862,0.0000,0.00000,0.02059
7.38,8.62,1.8850,0.0000,0.00000,0.01595
2.62,8.88,0.0001,0.0000,0.00000,0.00000
2.88,8.88,0.0007,0.0000,0.00000,0.00000
3.12,8.88,0.0044,0.0000,0.00000,0.00005
3.38,8.88,0.0225,0.0000,0.00000,0.00033
3.62,8.88,0.0812,0.0000,0.00000,0.00139
3.88,8.88,0.2531,0.0000,0.00000,0.00484
4.12,8.88,0.6439,0.0000,0.00000,0.01305
4.38,8.88,1.0933,0.0000,0.00000,0.02223
4.62,8.88,1.4096,0.0000,0.00000,0.02646
4.88,8.88,1.7385,0.0000,0.00000,0.02866
5.12,8.88,1.8017,0.0000,0.00000,0.02741
5.38,8.88,1.7692,0.0000,0.00000,0.02519
5.62,8.88,2.0091,0.0000,0.00000,0.02624
5.88,8.88,1.9298,0.0000,0.00000,0.02374
6.12,8.88,2.0250,0.0000,0.00000,0.02166
6.38,8.88,2.2987,0.0000,0.00000,0.02214
6.62,8.88,1.6893,0.0000,0.00000,0.01643
6.88,8.88,1.7572,0.0000,0.00000,0.01659
7.12,8.88,2.4142,0.0000,0.00000,0.02168
7.38,8.88,1.9116,0.0000,0.00000,0.01693
2.62,9.12,0.0001,0.0000,0.00000,0.00000
2.88,9.12,0.0006,0.0000,0.00000,0.00000
3.12,9.12,0.0043,0.0000,0.00000,0.00006
3.38,9.12,0.0227,0.0000,0.00000,0.00036
3.62,9.12,0.0834,0.0000,0.00000,0.00149
3.88,9.12,0.2596,0.0000,0.00000,0.00493
4.12,9.12,0.6625,0.0000,0.00000,0.01292
4.38,9.12,1.1240,0.0000,0.00000,0.02185
4.62,9.12,1.4256,0.0000,0.00000,0.02589
4.88,9.12,1.7552,0.0000,0.00000,0.02832
5.12,9.12,1.8342,0.0000,0.00000,0.02778
5.38,9.12,1.7747,0.0000,0.00000,0.02560
5.62,9.12,2.0205,0.0000,0.00000,0.02658
5.88,9.12,1.9918,0.0000,0.00000,0.02437
6.12,9.12,2.0776,0.0000,0.00000,0.02173
6.38,9.12,2.3307,0.0000,0.00000,0.02164
6.62,9.12,1.7131,0.0000,0.00000,0.01625
6.88,9.12,1.7756,0.0000,0.00000,0.01674
7.12,9.12,2.4400,0.0000,0.00000,0.02195
7.38,9.12,1.9346,0.0000,0.00000,0.01714
2.62,9.38,0.0000,0.0000,0.00000,0.00000
2.88,9.38,0.0005,0.0000,0.00000,0.00001
3.12,9.38,0.0042,0.0000,0.00000,0.00007
3.38,9.38,0.0225,0.0000,0.00000,0.00045
3.62,9.38,0.0860,0.0000,0.00000,0.00180
3.88,9.38,0.2685,0.0000,0.00000,0.00555
4.12,9.38,0.6825,0.0000,0.00000,0.01393
4.38,9.38,1.1518,0.0000,0.00000,0.02328
4.62,9.38,1.4340,0.0000,0.00000,0.02694
4.88,9.38,1.7595,0.0000,0.00000,0.02882
5.12,9.38,1.8591,0.0000,0.00000,0.02817
5.38,9.38,1.7774,0.0000,0.00000,0.02542
5.62,9.38,2.0253,0.0000,0.00000,0.02662
5.88,9.38,2.0473,0.0000,0.00000,0.02539
6.12,9.38,2.1241,0.0000,0.00000,0.02262
6.38,9.38,2.3602,0.0000,0.00000,0.02215
6.62,9.38,1.7430,0.0000,0.00000,0.01667
6.88,9.38,1.8000,0.0001,0.00000,0.01680
7.12,9.38,2.4667,0.0001,0.00000,0.02158
7.38,9.38,1.9568,0.0001,0.00000,0.01676
2.62,9.62,0.0000,0.0000,0.00000,0.00000
2.88,9.62,0.0006,0.0000,0.00000,0.00001
3.12,9.62,0.0044,0.0000,0.00000,0.00010
3.38,9.62,0.0234,0.0000,0.00000,0.00062
3.62,9.62,0.0911,0.0000,0.00000,0.00242
3.88,9.62,0.2816,0.0000,0.00000,0.00670
4.12,9.62,0.7089,0.0000,0.00000,0.01544
4.38,9.62,1.1909,0.0000,0.00000,0.02557
4.62,9.62,1.4550,0.0000,0.00000,0.02957
4.88,9.62,1.7743,0.0000,0.00000,0.03086
5.12,9.62,1.8953,0.0000,0.00000,0.02949
5.38,9.62,1.7789,0.0000,0.00000,0.02564
5.62,9.62,2.0170,0.0000,0.00000,0.02671
5.88,9.62,2.0984,0.0000,0.00000,0.02648
6.12,9.62,2.1683,0.0000,0.00000,0.02400
6.38,9.62,2.3874,0.0000,0.00000,0.02369
6.62,9.62,1.7827,0.0001,0.00000,0.01828
6.88,9.62,1.8343,0.0003,0.00000,0.01808
7.12,9.62,2.4963,0.0005,0.00000,0.02218
7.38,9.62,1.9793,0.0004,0.00000,0.01690
2.62,9.88,0.0001,0.0000,0.00000,0.00000
2.88,9.88,0.0006,0.0000,0.00000,0.00002
3.12,9.88,0.0047,0.0000,0.00000,0.00013
3.38,9.88,0.0247,0.0000,0.00000,0.00076
3.62,9.88,0.0967,0.0000,0.00000,0.00292
3.88,9.88,0.2946,0.0000,0.00000,0.00773
4.12,9.88,0.7351,0.0000,0.00000,0.01723
4.38,9.88,1.2304,0.0000,0.00000,0.02866
4.62,9.88,1.4764,0.0000,0.00000,0.03306
4.88,9.88,1.7938,0.0000,0.00000,0.03373
5.12,9.88,1.9429,0.0000,0.00000,0.03189
5.38,9.88,1.7890,0.0000,0.00000,0.02692
5.62,9.88,2.0126,0.0000,0.00000,0.02703
5.88,9.88,2.1532,0.0000,0.00000,0.02683
6.12,9.88,2.2061,0.0000,0.00000,0.02485
6.38,9.88,2.4024,0.0000,0.00000,0.02520
6.62,9.88,1.8243,0.0001,0.00000,0.01985
6.88,9.88,1.8740,0.0004,0.00000,0.01939
7.12,9.88,2.5248,0.0008,0.00000,0.02302
7.38,9.88,1.9992,0.0006,0.00000,0.01728
14.12,9.88,0.3081,0.0001,0.00000,0.05319
2.62,10.12,0.0001,0.0000,0.00000,0.00000
2.88,10.12,0.0007,0.0000,0.00000,0.00002
3.12,10.12,0.0050,0.0000,0.00000,0.00013
3.38,10.12,0.0260,0.0000,0.00000,0.00074
3.62,10.12,0.1008,0.0000,0.00000,0.00284
3.88,10.12,0.3040,0.0000,0.00000,0.00782
4.12,10.12,0.7599,0.0000,0.00000,0.01848
4.38,10.12,1.2723,0.0000,0.00000,0.03151
4.62,10.12,1.4976,0.0000,0.00000,0.03607
4.88,10.12,1.7995,0.0000,0.00000,0.03625
5.12,10.12,1.9766,0.0000,0.00000,0.03463
5.38,10.12,1.8005,0.0000,0.00000,0.02880
5.62,10.12,2.0171,0.0000,0.00000,0.02803
5.88,10.12,2.2128,0.0000,0.00000,0.02780
6.12,10.12,2.2370,0.0000,0.00000,0.02560
6.38,10.12,2.4070,0.0000,0.00000,0.02575
6.62,10.12,1.8689,0.0001,0.00000,0.02007
6.88,10.12,1.9203,0.0003,0.00000,0.01929
7.12,10.12,2.5542,0.0005,0.00000,0.02330
7.38,10.12,2.0181,0.0004,0.00000,0.01774
13.88,10.12,0.8018,0.0034,0.00000,0.16739
14.12,10.12,0.9726,0.0026,0.00000,0.18514
2.62,10.38,0.0001,0.0000,0.00000,0.00000
2.88,10.38,0.0009,0.0000,0.00000,0.00001
3.12,10.38,0.0055,0.0000,0.00000,0.00011
3.38,10.38,0.0273,0.0000,0.00000,0.00067
3.62,10.38,0.1053,0.0000,0.00000,0.00266
3.88,10.38,0.3140,0.0000,0.00000,0.00776
4.12,10.38,0.7807,0.0000,0.00000,0.01908
4.38,10.38,1.3112,0.0000,0.00000,0.03286
4.62,10.38,1.5271,0.0000,0.00000,0.03764
4.88,10.38,1.8051,0.0000,0.00000,0.03830
5.12,10.38,1.9993,0.0000,0.00000,0.03772
5.38,10.38,1.8116,0.0000,0.00000,0.03118
5.62,10.38,2.0233,0.0000,0.00000,0.02971
5.88,10.38,2.2705,0.0000,0.00000,0.03000
6.12,10.38,2.2549,0.0000,0.00000,0.02692
6.38,10.38,2.3966,0.0000,0.00000,0.02597
6.62,10.38,1.9235,0.0000,0.00000,0.02013
6.88,10.38,1.9812,0.0001,0.00000,0.01940
7.12,10.38,2.5880,0.0001,0.00000,0.02402
7.38,10.38,2.0377,0.0001,0.00000,0.01860
13.38,10.38,0.7372,0.0621,0.00000,0.18356
13.62,10.38,1.0819,0.0349,0.00000,0.27060
13.88,10.38,1.5293,0.0200,0.00000,0.35682
14.12,10.38,1.8437,0.0236,0.00000,0.41087
14.38,10.38,1.5438,0.0225,0.00000,0.35428
2.62,10.62,0.0002,0.0000,0.00000,0.00000
2.88,10.62,0.0012,0.0000,0.00000,0.00001
3.12,10.62,0.0058,0.0000,0.00000,0.00010
3.38,10.62,0.0280,0.0000,0.00000,0.00065
3.62,10.62,0.1111,0.0000,0.00000,0.00278
3.88,10.62,0.3273,0.0000,0.00000,0.00826
4.12,10.62,0.7981,0.0000,0.00000,0.01993
4.38,10.62,1.3429,0.0000,0.00000,0.03391
4.62,10.62,1.5610,0.0000,0.00000,0.03883
4.88,10.62,1.8163,0.0000,0.00000,0.04029
5.12,10.62,2.0270,0.0000,0.00000,0.04097
5.38,10.62,1.8345,0.0000,0.00000,0.03387
5.62,10.62,2.0304,0.0000,0.00000,0.03156
5.88,10.62,2.3165,0.0000,0.00000,0.03243
6.12,10.62,2.2490,0.0000,0.00000,0.02883
6.38,10.62,2.3658,0.0000,0.00000,0.02735
6.62,10.62,1.9923,0.0000,0.00000,0.02160
6.88,10.62,2.0603,0.0000,0.00000,0.02087
7.12,10.62,2.6250,0.0000,0.00000,0.02573
7.38,10.62,2.0561,0.0000,0.00000,0.01998
12.88,10.62,0.4489,0.0134,0.00000,0.09344
13.12,10.62,0.8483,0.0489,0.00000,0.19584
13.38,10.62,1.3601,0.0753,0.00000,0.34402
13.62,10.62,1.7306,0.0605,0.00000,0.45418
13.88,10.62,1.9881,0.0658,0.00000,0.51877
14.12,10.62,2.1843,0.0935,0.00000,0.58573
14.38,10.62,1.8298,0.0789,0.00000,0.53654
2.62,10.88,0.0003,0.0000,0.00000,0.00000
2.88,10.88,0.0014,0.0000,0.00000,0.00001
3.12,10.88,0.0063,0.0000,0.00000,0.00011
3.38,10.88,0.0292,0.0000,0.00000,0.00071
3.62,10.88,0.1169,0.0000,0.00000,0.00307
3.88,10.88,0.3399,0.0000,0.00000,0.00903
4.12,10.88,0.8121,0.0000,0.00000,0.02134
4.38,10.88,1.3738,0.0000,0.00000,0.03621
4.62,10.88,1.6022,0.0000,0.00000,0.04154
4.88,10.88,1.8247,0.0000,0.00000,0.04241
5.12,10.88,2.0505,0.0000,0.00000,0.04322
5.38,10.88,1.8735,0.0000,0.00000,0.03637
5.62,10.88,2.0525,0.0000,0.00000,0.03387
5.88,10.88,2.3590,0.0000,0.00000,0.03494
6.12,10.88,2.2223,0.0000,0.00000,0.03074
6.38,10.88,2.3156,0.0000,0.00000,0.02919
6.62,10.88,2.0736,0.0000,0.00000,0.02390
6.88,10.88,2.1543,0.0000,0.00000,0.02283
7.12,10.88,2.6605,0.0000,0.00000,0.02741
7.38,10.88,2.0695,0.0000,0.00000,0.02119
12.38,10.88,0.2534,0.0000,0.00000,0.03789
12.62,10.88,0.5304,0.0005,0.00000,0.09460
12.88,10.88,0.9555,0.0057,0.00000,0.19269
13.12,10.88,1.4397,0.0253,0.00000,0.32168
13.38,10.88,1.8778,0.0489,0.00000,0.46564
13.62,10.88,2.0270,0.0586,0.00000,0.53672
13.88,10.88,1.8837,0.0990,0.00000,0.51960
14.12,10.88,1.8707,0.1487,0.00000,0.56585
14.38,10.88,1.7553,0.1115,0.00000,0.57845
14.62,10.88,1.4960,0.0447,0.00000,0.45600
2.62,11.12,0.0003,0.0000,0.00000,0.00000
2.88,11.12,0.0015,0.0000,0.00000,0.00002
3.12,11.12,0.0070,0.0000,0.00000,0.00015
3.38,11.12,0.0315,0.0000,0.00000,0.00083
3.62,11.12,0.1244,0.0000,0.00000,0.00342
3.88,11.12,0.3536,0.0000,0.00000,0.00992
4.12,11.12,0.8210,0.0000,0.00000,0.02299
4.38,11.12,1.3956,0.0000,0.00000,0.03907
4.62,11.12,1.6438,0.0000,0.00000,0.04518
4.88,11.12,1.8255,0.0000,0.00000,0.04514
5.12,11.12,2.0576,0.0000,0.00000,0.04599
5.38,11.12,1.9238,0.0000,0.00000,0.04037
5.62,11.12,2.0941,0.0000,0.00000,0.03812
5.88,11.12,2.4010,0.0000,0.00000,0.03864
6.12,11.12,2.1866,0.0000,0.00000,0.03251
6.38,11.12,2.2657,0.0000,0.00000,0.03027
6.62,11.12,2.1770,0.0000,0.00000,0.02637
6.88,11.12,2.2630,0.0001,0.00000,0.02550
7.12,11.12,2.6919,0.0002,0.00000,0.02963
7.38,11.12,2.0755,0.0002,0.00000,0.02271
12.12,11.12,0.3706,0.0000,0.00000,0.03888
12.38,11.12,0.6635,0.0000,0.00000,0.08481
12.62,11.12,1.1030,0.0001,0.00000,0.17022
12.88,11.12,1.5768,0.0012,0.00000,0.28800
13.12,11.12,1.8503,0.0064,0.00000,0.38174
13.38,11.12,1.8731,0.0161,0.00000,0.42435
13.62,11.12,1.8024,0.0298,0.00000,0.44067
13.88,11.12,1.6882,0.0640,0.00000,0.43228
14.12,11.12,1.6823,0.0951,0.00000,0.46402
14.38,11.12,1.6915,0.0652,0.00000,0.49192
14.62,11.12,1.5699,0.0216,0.00000,0.41613
14.88,11.12,1.4617,0.0043,0.00000,0.31913
2.62,11.38,0.0003,0.0000,0.00000,0.00000
2.88,11.38,0.0015,0.0000,0.00000,0.00003
3.12,11.38,0.0073,0.0000,0.00000,0.00018
3.38,11.38,0.0340,0.0000,0.00000,0.00094
3.62,11.38,0.1337,0.0000,0.00000,0.00385
3.88,11.38,0.3698,0.0000,0.00000,0.01099
4.12,11.38,0.8259,0.0000,0.00000,0.02457
4.38,11.38,1.4095,0.0000,0.00000,0.04142
4.62,11.38,1.6896,0.0000,0.00000,0.04861
4.88,11.38,1.8220,0.0000,0.00000,0.04835
5.12,11.38,2.0526,0.0000,0.00000,0.05007
5.38,11.38,1.9860,0.0000,0.00000,0.04631
5.62,11.38,2.1401,0.0000,0.00000,0.04391
5.88,11.38,2.4245,0.0000,0.00000,0.04341
6.12,11.38,2.1364,0.0000,0.00000,0.03486
6.38,11.38,2.2120,0.0000,0.00000,0.03182
6.62,11.38,2.2922,0.0000,0.00000,0.03001
6.88,11.38,2.3872,0.0002,0.00000,0.02952
7.12,11.38,2.7335,0.0004,0.00000,0.03302
7.38,11.38,2.0875,0.0003,0.00000,0.02504
11.62,11.38,0.2548,0.0000,0.00000,0.01441
11.88,11.38,0.5105,0.0000,0.00000,0.03558
12.12,11.38,0.8873,0.0000,0.00000,0.07594
12.38,11.38,1.3188,0.0001,0.00000,0.13972
12.62,11.38,1.6760,0.0003,0.00000,0.21576
12.88,11.38,1.8222,0.0007,0.00000,0.28036
13.12,11.38,1.7692,0.0015,0.00000,0.31507
13.38,11.38,1.6380,0.0043,0.00000,0.31241
13.62,11.38,1.6152,0.0113,0.00000,0.32719
13.88,11.38,1.6834,0.0245,0.00000,0.36692
14.12,11.38,1.7186,0.0319,0.00000,0.39393
14.38,11.38,1.6853,0.0194,0.00000,0.39592
14.62,11.38,1.5994,0.0055,0.00000,0.35852
14.88,11.38,1.5255,0.0009,0.00000,0.30398
2.62,11.62,0.0002,0.0000,0.00000,0.00000
2.88,11.62,0.0014,0.0000,0.00000,0.00002
3.12,11.62,0.0071,0.0000,0.00000,0.00017
3.38,11.62,0.0346,0.0000,0.00000,0.00094
3.62,11.62,0.1390,0.0000,0.00000,0.00405
3.88,11.62,0.3817,0.0000,0.00000,0.01166
4.12,11.62,0.8278,0.0000,0.00000,0.02558
4.38,11.62,1.4238,0.0000,0.00000,0.04339
4.62,11.62,1.7437,0.0000,0.00000,0.05231
4.88,11.62,1.8202,0.0000,0.00000,0.05185
5.12,11.62,2.0457,0.0000,0.00000,0.05451
5.38,11.62,2.0611,0.0000,0.00000,0.05281
5.62,11.62,2.1801,0.0000,0.00000,0.04992
5.88,11.62,2.4228,0.0000,0.00000,0.04900
6.12,11.62,2.0777,0.0000,0.00000,0.03864
6.38,11.62,2.1558,0.0000,0.00000,0.03506
6.62,11.62,2.4052,0.0000,0.00000,0.03538
6.88,11.62,2.5127,0.0001,0.00000,0.03460
7.12,11.62,2.7770,0.0002,0.00000,0.03698
7.38,11.62,2.1008,0.0002,0.00000,0.02774
11.12,11.62,0.1718,0.0001,0.00000,0.00535
11.38,11.62,0.3675,0.0000,0.00000,0.01417
11.62,11.62,0.6864,0.0000,0.00000,0.03258
11.88,11.62,1.1072,0.0000,0.00000,0.06562
12.12,11.62,1.5220,0.0001,0.00000,0.10967
12.38,11.62,1.7599,0.0008,0.00000,0.15436
12.62,11.62,1.7550,0.0037,0.00000,0.18966
12.88,11.62,1.6045,0.0067,0.00000,0.20256
13.12,11.62,1.5117,0.0073,0.00000,0.21362
13.38,11.62,1.5479,0.0090,0.00000,0.23285
13.62,11.62,1.6416,0.0105,0.00000,0.26530
13.88,11.62,1.7067,0.0111,0.00000,0.30865
14.12,11.62,1.7036,0.0097,0.00000,0.33055
14.38,11.62,1.6564,0.0048,0.00000,0.32125
14.62,11.62,1.5901,0.0011,0.00000,0.29538
14.88,11.62,1.5187,0.0001,0.00000,0.26263
15.12,11.62,1.4612,0.0000,0.00000,0.23510
2.62,11.88,0.0002,0.0000,0.00000,0.00000
2.88,11.88,0.0012,0.0000,0.00000,0.00002
3.12,11.88,0.0069,0.0000,0.00000,0.00016
3.38,11.88,0.0343,0.0000,0.00000,0.00095
3.62,11.88,0.1398,0.0000,0.00000,0.00412
3.88,11.88,0.3896,0.0000,0.00000,0.01195
4.12,11.88,0.8321,0.0000,0.00000,0.02601
4.38,11.88,1.4339,0.0000,0.00000,0.04466
4.62,11.88,1.7899,0.0000,0.00000,0.05522
4.88,11.88,1.8179,0.0000,0.00000,0.05465
5.12,11.88,2.0335,0.0000,0.00000,0.05844
5.38,11.88,2.1285,0.0000,0.00000,0.05897
5.62,11.88,2.2028,0.0000,0.00000,0.05583
5.88,11.88,2.4074,0.0000,0.00000,0.05520
6.12,11.88,2.0458,0.0000,0.00000,0.04374
6.38,11.88,2.1251,0.0000,0.00000,0.03972
6.62,11.88,2.5060,0.0000,0.00000,0.04195
6.88,11.88,2.6175,0.0000,0.00000,0.04063
7.12,11.88,2.8061,0.0000,0.00000,0.04184
7.38,11.88,2.1048,0.0000,0.00000,0.03109
10.62,11.88,0.1281,0.0010,0.00000,0.00258
10.88,11.88,0.2749,0.0013,0.00000,0.00626
11.12,11.88,0.5357,0.0007,0.00000,0.01414
11.38,11.88,0.9203,0.0002,0.00000,0.02979
11.62,11.88,1.3459,0.0000,0.00000,0.05416
11.88,11.88,1.6538,0.0000,0.00000,0.08438
12.12,11.88,1.7295,0.0003,0.00000,0.10938
12.38,11.88,1.5987,0.0037,0.00000,0.11878
12.62,11.88,1.4416,0.0166,0.00000,0.12881
12.88,11.88,1.4000,0.0300,0.00000,0.14280
13.12,11.88,1.4891,0.0307,0.00000,0.16098
13.38,11.88,1.6222,0.0301,0.00000,0.18832
13.62,11.88,1.6991,0.0212,0.00000,0.21835
13.88,11.88,1.7025,0.0087,0.00000,0.24758
14.12,11.88,1.6744,0.0029,0.00000,0.26503
14.38,11.88,1.6446,0.0009,0.00000,0.26201
14.62,11.88,1.5977,0.0002,0.00000,0.24847
14.88,11.88,1.5295,0.0000,0.00000,0.23388
15.12,11.88,1.4864,0.0000,0.00000,0.22567
2.62,12.12,0.0001,0.0000,0.00000,0.00000
2.88,12.12,0.0010,0.0000,0.00000,0.00002
3.12,12.12,0.0065,0.0000,0.00000,0.00018
3.38,12.12,0.0338,0.0000,0.00000,0.00100
3.62,12.12,0.1381,0.0000,0.00000,0.00419
3.88,12.12,0.3953,0.0000,0.00000,0.01218
4.12,12.12,0.8387,0.0000,0.00000,0.02645
4.38,12.12,1.4315,0.0000,0.00000,0.04537
4.62,12.12,1.8144,0.0000,0.00000,0.05711
4.88,12.12,1.8154,0.0000,0.00000,0.05728
5.12,12.12,2.0244,0.0000,0.00000,0.06310
5.38,12.12,2.1945,0.0000,0.00000,0.06633
5.62,12.12,2.2116,0.0000,0.00000,0.06241
5.88,12.12,2.3788,0.0000,0.00000,0.06165
6.12,12.12,2.0510,0.0000,0.00000,0.04979
6.38,12.12,2.1261,0.0000,0.00000,0.04548
6.62,12.12,2.5851,0.0000,0.00000,0.04953
6.88,12.12,2.6977,0.0000,0.00000,0.04784
7.12,12.12,2.8289,0.0000,0.00000,0.04806
7.38,12.12,2.1083,0.0000,0.00000,0.03547
10.38,12.12,0.2474,0.0009,0.00000,0.00377
10.62,12.12,0.4491,0.0033,0.00000,0.00803
10.88,12.12,0.7812,0.0050,0.00000,0.01589
11.12,12.12,1.1838,0.0032,0.00000,0.02726
11.38,12.12,1.5313,0.0009,0.00000,0.04237
11.62,12.12,1.6782,0.0001,0.00000,0.05781
11.88,12.12,1.5890,0.0000,0.00000,0.06864
12.12,12.12,1.4067,0.0005,0.00000,0.07439
12.38,12.12,1.2927,0.0060,0.00000,0.07674
12.62,12.12,1.3350,0.0273,0.00000,0.09130
12.88,12.12,1.4899,0.0494,0.00000,0.11799
13.12,12.12,1.6359,0.0497,0.00000,0.14044
13.38,12.12,1.6926,0.0451,0.00000,0.15927
13.62,12.12,1.6821,0.0268,0.00000,0.17674
13.88,12.12,1.6532,0.0076,0.00000,0.19460
14.12,12.12,1.6207,0.0011,0.00000,0.20753
14.38,12.12,1.6009,0.0001,0.00000,0.21303
14.62,12.12,1.5841,0.0000,0.00000,0.21475
14.88,12.12,1.5464,0.0000,0.00000,0.21512
15.12,12.12,1.5229,0.0000,0.00000,0.22452
15.38,12.12,1.5286,0.0000,0.00000,0.24269
2.62,12.38,0.0001,0.0000,0.00000,0.00000
2.88,12.38,0.0007,0.0000,0.00000,0.00002
3.12,12.38,0.0057,0.0000,0.00000,0.00017
3.38,12.38,0.0319,0.0000,0.00000,0.00095
3.62,12.38,0.1330,0.0000,0.00000,0.00406
3.88,12.38,0.3976,0.0000,0.00000,0.01239
4.12,12.38,0.8453,0.0000,0.00000,0.02723
4.38,12.38,1.4222,0.0000,0.00000,0.04651
4.62,12.38,1.8300,0.0000,0.00000,0.05992
4.88,12.38,1.8253,0.0000,0.00000,0.06155
5.12,12.38,2.0270,0.0000,0.00000,0.06965
5.38,12.38,2.2594,0.0000,0.00000,0.07627
5.62,12.38,2.2009,0.0000,0.00000,0.07098
5.88,12.38,2.3296,0.0000,0.00000,0.06981
6.12,12.38,2.1008,0.0000,0.00000,0.05876
6.38,12.38,2.1788,0.0000,0.00000,0.05393
6.62,12.38,2.6619,0.0000,0.00000,0.05943
6.88,12.38,2.7663,0.0000,0.00000,0.05742
7.12,12.38,2.8557,0.0000,0.00000,0.05673
7.38,12.38,2.1186,0.0000,0.00000,0.04166
9.88,12.38,0.2236,0.0000,0.00000,0.00309
10.12,12.38,0.4242,0.0001,0.00000,0.00566
10.38,12.38,0.7202,0.0012,0.00000,0.00992
10.62,12.38,1.0816,0.0053,0.00000,0.01683
10.88,12.38,1.4310,0.0105,0.00000,0.02583
11.12,12.38,1.6139,0.0095,0.00000,0.03307
11.38,12.38,1.5685,0.0040,0.00000,0.03761
11.62,12.38,1.3942,0.0008,0.00000,0.04095
11.88,12.38,1.2418,0.0001,0.00000,0.04268
12.12,12.38,1.2320,0.0003,0.00000,0.04593
12.38,12.38,1.3630,0.0037,0.00000,0.05567
12.62,12.38,1.5311,0.0166,0.00000,0.07471
12.88,12.38,1.6364,0.0300,0.00000,0.09675
13.12,12.38,1.6540,0.0300,0.00000,0.11333
13.38,12.38,1.6082,0.0265,0.00000,0.12611
13.62,12.38,1.5627,0.0147,0.00000,0.13675
13.88,12.38,1.5514,0.0036,0.00000,0.14961
14.12,12.38,1.5588,0.0004,0.00000,0.16467
14.38,12.38,1.5863,0.0000,0.00000,0.18120
14.62,12.38,1.5984,0.0000,0.00000,0.19313
14.88,12.38,1.5728,0.0000,0.00000,0.20641
15.12,12.38,1.5392,0.0001,0.00000,0.23250
15.38,12.38,1.4972,0.0004,0.00001,0.25439
2.62,12.62,0.0000,0.0000,0.00000,0.00000
2.88,12.62,0.0005,0.0000,0.00000,0.00002
3.12,12.62,0.0048,0.0000,0.00000,0.00013
3.38,12.62,0.0286,0.0000,0.00000,0.00081
3.62,12.62,0.1256,0.0000,0.00000,0.00378
3.88,12.62,0.3983,0.0000,0.00000,0.01250
4.12,12.62,0.8511,0.0000,0.00000,0.02801
4.38,12.62,1.4084,0.0000,0.00000,0.04803
4.62,12.62,1.8417,0.0000,0.00000,0.06371
4.88,12.62,1.8478,0.0000,0.00000,0.06661
5.12,12.62,2.0238,0.0000,0.00000,0.07598
5.38,12.62,2.2906,0.0000,0.00000,0.08639
5.62,12.62,2.1617,0.0000,0.00000,0.08069
5.88,12.62,2.2660,0.0000,0.00000,0.08045
6.12,12.62,2.1948,0.0000,0.00000,0.07322
6.38,12.62,2.2739,0.0000,0.00000,0.06881
6.62,12.62,2.7189,0.0000,0.00000,0.07549
6.88,12.62,2.8005,0.0000,0.00000,0.07178
7.12,12.62,2.8579,0.0000,0.00000,0.06895
7.38,12.62,2.1132,0.0000,0.00000,0.05022
9.38,12.62,0.1886,0.0000,0.00000,0.00318
9.62,12.62,0.3673,0.0000,0.00000,0.00545
9.88,12.62,0.6513,0.0000,0.00000,0.00891
10.12,12.62,1.0081,0.0001,0.00000,0.01324
10.38,12.62,1.3597,0.0009,0.00000,0.01793
10.62,12.62,1.5750,0.0058,0.00000,0.02214
10.88,12.62,1.5659,0.0180,0.00000,0.02506
11.12,12.62,1.3953,0.0251,0.00000,0.02556
11.38,12.62,1.2186,0.0142,0.00000,0.02465
11.62,12.62,1.1741,0.0031,0.00000,0.02662
11.88,12.62,1.2796,0.0003,0.00000,0.03181
12.12,12.62,1.4483,0.0001,0.00000,0.03814
12.38,12.62,1.5815,0.0008,0.00000,0.04719
12.62,12.62,1.6134,0.0038,0.00000,0.05888
12.88,12.62,1.5545,0.0073,0.00000,0.07020
13.12,12.62,1.4851,0.0077,0.00000,0.08145
13.38,12.62,1.4495,0.0064,0.00000,0.09342
13.62,12.62,1.4619,0.0033,0.00000,0.10486
13.88,12.62,1.5184,0.0007,0.00000,0.12052
14.12,12.62,1.5806,0.0001,0.00000,0.14208
14.38,12.62,1.6278,0.0000,0.00000,0.16602
14.62,12.62,1.6222,0.0001,0.00000,0.18502
14.88,12.62,1.5834,0.0004,0.00000,0.21223
15.12,12.62,1.5285,0.0012,0.00001,0.24542
15.38,12.62,1.4756,0.0109,0.00025,0.27085
15.62,12.62,1.4685,0.1552,0.00420,0.29482
2.62,12.88,0.0000,0.0000,0.00000,0.00000
2.88,12.88,0.0004,0.0000,0.00000,0.00001
3.12,12.88,0.0041,0.0000,0.00000,0.00010
3.38,12.88,0.0257,0.0000,0.00000,0.00071
3.62,12.88,0.1188,0.0000,0.00000,0.00367
3.88,12.88,0.3963,0.0000,0.00000,0.01286
4.12,12.88,0.8471,0.0000,0.00000,0.02887
4.38,12.88,1.3767,0.0000,0.00000,0.04926
4.62,12.88,1.8347,0.0000,0.00000,0.06717
4.88,12.88,1.8710,0.0000,0.00000,0.07149
5.12,12.88,2.0019,0.0000,0.00000,0.08117
5.38,12.88,2.2824,0.0000,0.00000,0.09538
5.62,12.88,2.1238,0.0000,0.00000,0.09188
5.88,12.88,2.2128,0.0000,0.00000,0.09584
6.12,12.88,2.3051,0.0000,0.00000,0.09695
6.38,12.88,2.3745,0.0000,0.00000,0.09487
6.62,12.88,2.7428,0.0000,0.00000,0.10323
6.88,12.88,2.7998,0.0000,0.00000,0.09714
7.12,12.88,2.8321,0.0000,0.00000,0.09128
7.38,12.88,2.0877,0.0000,0.00000,0.06626
9.12,12.88,0.3661,0.0000,0.00000,0.00760
9.38,12.88,0.5941,0.0000,0.00000,0.01060
9.62,12.88,0.9349,0.0000,0.00000,0.01445
9.88,12.88,1.2977,0.0000,0.00000,0.01813
10.12,12.88,1.5374,0.0000,0.00000,0.02042
10.38,12.88,1.5644,0.0005,0.00000,0.02078
10.62,12.88,1.4156,0.0056,0.00000,0.01946
10.88,12.88,1.2257,0.0234,0.00000,0.01822
11.12,12.88,1.1435,0.0375,0.00000,0.01821
11.38,12.88,1.2170,0.0225,0.00000,0.01944
11.62,12.88,1.3863,0.0050,0.00000,0.02333
11.88,12.88,1.5390,0.0004,0.00000,0.02939
12.12,12.88,1.5863,0.0000,0.00000,0.03447
12.38,12.88,1.5328,0.0001,0.00000,0.03828
12.62,12.88,1.4336,0.0009,0.00000,0.04231
12.88,12.88,1.3539,0.0033,0.00000,0.04826
13.12,12.88,1.3461,0.0052,0.00000,0.05822
13.38,12.88,1.4060,0.0033,0.00000,0.07143
13.62,12.88,1.4935,0.0009,0.00000,0.08603
13.88,12.88,1.5755,0.0001,0.00000,0.10519
14.12,12.88,1.6058,0.0000,0.00000,0.12837
14.38,12.88,1.5944,0.0001,0.00000,0.15287
14.62,12.88,1.5763,0.0008,0.00000,0.18349
14.88,12.88,1.5575,0.0038,0.00000,0.22703
15.12,12.88,1.5028,0.0115,0.00008,0.26350
15.38,12.88,1.5075,0.1171,0.00284,0.30888
15.62,12.88,1.5552,1.4495,0.03929,0.34896
15.88,12.88,1.5194,9.3376,0.25781,0.30879
2.62,13.12,0.0000,0.0000,0.00000,0.00000
2.88,13.12,0.0003,0.0000,0.00000,0.00001
3.12,13.12,0.0035,0.0000,0.00000,0.00009
3.38,13.12,0.0231,0.0000,0.00000,0.00066
3.62,13.12,0.1102,0.0000,0.00000,0.00359
3.88,13.12,0.3819,0.0000,0.00000,0.01312
4.12,13.12,0.8226,0.0000,0.00000,0.02958
4.38,13.12,1.3251,0.0000,0.00000,0.05040
4.62,13.12,1.8023,0.0000,0.00000,0.07092
4.88,13.12,1.8801,0.0000,0.00000,0.07759
5.12,13.12,1.9526,0.0000,0.00000,0.08681
5.38,13.12,2.2341,0.0000,0.00000,0.10418
5.62,13.12,2.1082,0.0000,0.00000,0.10554
5.88,13.12,2.1750,0.0000,0.00000,0.11613
6.12,13.12,2.3758,0.0000,0.00000,0.12879
6.38,13.12,2.4079,0.0000,0.00000,0.13062
6.62,13.12,2.6768,0.0000,0.00000,0.14263
6.88,13.12,2.7491,0.0000,0.00000,0.13976
7.12,13.12,2.7807,0.0000,0.00000,0.13404
7.38,13.12,2.0586,0.0000,0.00000,0.10133
8.62,13.12,0.3552,0.0000,0.00000,0.01093
8.88,13.12,0.6045,0.0000,0.00000,0.01559
9.12,13.12,0.9209,0.0000,0.00000,0.02053
9.38,13.12,1.2431,0.0000,0.00000,0.02387
9.62,13.12,1.5060,0.0000,0.00000,0.02495
9.88,13.12,1.5738,0.0000,0.00000,0.02337
10.12,13.12,1.4370,0.0000,0.00000,0.02024
10.38,13.12,1.2457,0.0003,0.00000,0.01748
10.62,13.12,1.1402,0.0031,0.00000,0.01626
10.88,13.12,1.1791,0.0136,0.00000,0.01705
11.12,13.12,1.3335,0.0224,0.00000,0.01905
11.38,13.12,1.4936,0.0136,0.00000,0.02082
11.62,13.12,1.5626,0.0030,0.00000,0.02266
11.88,13.12,1.5228,0.0002,0.00000,0.02501
12.12,13.12,1.4140,0.0000,0.00000,0.02699
12.38,13.12,1.3107,0.0001,0.00000,0.02872
12.62,13.12,1.2682,0.0011,0.00000,0.03141
12.88,13.12,1.2988,0.0050,0.00000,0.03719
13.12,13.12,1.3817,0.0083,0.00000,0.04790
13.38,13.12,1.4813,0.0050,0.00000,0.06146
13.62,13.12,1.5444,0.0011,0.00000,0.07550
13.88,13.12,1.5551,0.0001,0.00000,0.09321
14.12,13.12,1.5226,0.0000,0.00000,0.11548
14.38,13.12,1.4937,0.0003,0.00000,0.14249
14.62,13.12,1.5067,0.0033,0.00000,0.18548
14.88,13.12,1.5099,0.0160,0.00000,0.24080
15.12,13.12,1.4677,0.0492,0.00037,0.28492
15.38,13.12,1.5220,0.5171,0.01236,0.34585
15.62,13.12,1.6220,5.8751,0.15867,0.37784
15.88,13.12,1.9666,32.4466,0.89530,0.30505
2.62,13.38,0.0000,0.0000,0.00000,0.00000
2.88,13.38,0.0002,0.0000,0.00000,0.00001
3.12,13.38,0.0029,0.0000,0.00000,0.00008
3.38,13.38,0.0197,0.0000,0.00000,0.00059
3.62,13.38,0.0968,0.0000,0.00000,0.00328
3.88,13.38,0.3489,0.0000,0.00000,0.01257
4.12,13.38,0.7764,0.0000,0.00000,0.02956
4.38,13.38,1.2665,0.0000,0.00000,0.05181
4.62,13.38,1.7535,0.0000,0.00000,0.07533
4.88,13.38,1.8816,0.0000,0.00000,0.08531
5.12,13.38,1.9019,0.0000,0.00000,0.09426
5.38,13.38,2.1681,0.0000,0.00000,0.11456
5.62,13.38,2.1219,0.0000,0.00000,0.12248
5.88,13.38,2.1530,0.0000,0.00000,0.13867
6.12,13.38,2.3786,0.0000,0.00000,0.16224
6.38,13.38,2.3348,0.0000,0.00000,0.17033
6.62,13.38,2.4647,0.0000,0.00000,0.18920
6.88,13.38,2.5620,0.0000,0.00000,0.19677
7.12,13.38,2.5899,0.0000,0.00000,0.19361
7.38,13.38,2.0224,0.0000,0.00000,0.16203
8.12,13.38,0.4380,0.0000,0.00000,0.02979
8.38,13.38,0.5863,0.0000,0.00000,0.02688
8.62,13.38,0.8711,0.0000,0.00000,0.03071
8.88,13.38,1.2061,0.0000,0.00000,0.03506
9.12,13.38,1.4883,0.0000,0.00000,0.03662
9.38,13.38,1.5730,0.0000,0.00000,0.03340
9.62,13.38,1.4593,0.0000,0.00000,0.02715
9.88,13.38,1.2706,0.0000,0.00000,0.02153
10.12,13.38,1.1383,0.0000,0.00000,0.01847
10.38,13.38,1.1607,0.0001,0.00000,0.01811
10.62,13.38,1.3088,0.0007,0.00000,0.01978
10.88,13.38,1.4643,0.0030,0.00000,0.02179
11.12,13.38,1.5458,0.0050,0.00000,0.02214
11.38,13.38,1.5176,0.0030,0.00000,0.02068
11.62,13.38,1.4069,0.0007,0.00000,0.01922
11.88,13.38,1.2893,0.0001,0.00000,0.01888
12.12,13.38,1.2231,0.0000,0.00000,0.02002
12.38,13.38,1.2328,0.0001,0.00000,0.02307
12.62,13.38,1.3052,0.0011,0.00000,0.02758
12.88,13.38,1.4006,0.0049,0.00000,0.03411
13.12,13.38,1.4660,0.0081,0.00000,0.04398
13.38,13.38,1.4828,0.0049,0.00000,0.05513
13.62,13.38,1.4500,0.0011,0.00000,0.06682
13.88,13.38,1.4059,0.0001,0.00000,0.08480
14.12,13.38,1.3904,0.0000,0.00000,0.11094
14.38,13.38,1.4040,0.0004,0.00000,0.14297
14.62,13.38,1.4310,0.0056,0.00000,0.18929
14.88,13.38,1.4403,0.0282,0.00000,0.24764
15.12,13.38,1.4357,0.0993,0.00061,0.30134
15.38,13.38,1.4747,0.9230,0.02026,0.36531
15.62,13.38,1.6292,9.4468,0.25182,0.39856
15.88,13.38,2.3611,46.0736,1.26902,0.32883
16.12,13.38,3.8012,110.6823,3.07174,0.23277
2.62,13.62,0.0000,0.0000,0.00000,0.00000
2.88,13.62,0.0002,0.0000,0.00000,0.00000
3.12,13.62,0.0023,0.0000,0.00000,0.00007
3.38,13.62,0.0158,0.0000,0.00000,0.00051
3.62,13.62,0.0790,0.0000,0.00000,0.00288
3.88,13.62,0.2969,0.0000,0.00000,0.01160
4.12,13.62,0.7042,0.0000,0.00000,0.02934
4.38,13.62,1.1934,0.0000,0.00000,0.05369
4.62,13.62,1.6805,0.0000,0.00000,0.07944
4.88,13.62,1.8727,0.0000,0.00000,0.09296
5.12,13.62,1.8672,0.0000,0.00000,0.10255
5.38,13.62,2.0974,0.0000,0.00000,0.12592
5.62,13.62,2.1504,0.0000,0.00000,0.14261
5.88,13.62,2.1438,0.0000,0.00000,0.16315
6.12,13.62,2.3387,0.0000,0.00000,0.19746
6.38,13.62,2.2563,0.0000,0.00000,0.21962
6.62,13.62,2.2482,0.0000,0.00000,0.24762
6.88,13.62,2.3140,0.0000,0.00000,0.26186
7.12,13.62,2.2995,0.0000,0.00000,0.25293
7.38,13.62,2.0606,0.0000,0.00000,0.23179
7.62,13.62,1.6203,0.0000,0.00000,0.18621
7.88,13.62,1.2339,0.0000,0.00000,0.12476
8.12,13.62,1.1045,0.0000,0.00000,0.08387
8.38,13.62,1.2307,0.0000,0.00000,0.06665
8.62,13.62,1.4549,0.0000,0.00000,0.05974
8.88,13.62,1.5646,0.0000,0.00000,0.05249
9.12,13.62,1.4948,0.0000,0.00000,0.04248
9.38,13.62,1.3172,0.0000,0.00000,0.03272
9.62,13.62,1.1594,0.0000,0.00000,0.02594
9.88,13.62,1.1482,0.0000,0.00000,0.02356
10.12,13.62,1.2755,0.0000,0.00000,0.02399
10.38,13.62,1.4414,0.0000,0.00000,0.02473
10.62,13.62,1.5431,0.0001,0.00000,0.02501
10.88,13.62,1.5220,0.0003,0.00000,0.02403
11.12,13.62,1.4152,0.0004,0.00000,0.02098
11.38,13.62,1.2892,0.0003,0.00000,0.01742
11.62,13.62,1.2016,0.0001,0.00000,0.01545
11.88,13.62,1.1875,0.0000,0.00000,0.01525
12.12,13.62,1.2418,0.0000,0.00000,0.01698
12.38,13.62,1.3326,0.0001,0.00000,0.02090
12.62,13.62,1.4060,0.0009,0.00000,0.02566
12.88,13.62,1.4256,0.0042,0.00000,0.03105
13.12,13.62,1.3811,0.0069,0.00000,0.03804
13.38,13.62,1.3124,0.0042,0.00000,0.04639
13.62,13.62,1.2617,0.0009,0.00000,0.05941
13.88,13.62,1.2555,0.0001,0.00000,0.08458
14.12,13.62,1.2888,0.0000,0.00000,0.11886
14.38,13.62,1.3233,0.0003,0.00000,0.15552
14.62,13.62,1.3510,0.0039,0.00000,0.20386
14.88,13.62,1.3812,0.0249,0.00000,0.26084
15.12,13.62,1.4201,0.1118,0.00037,0.31399
15.38,13.62,1.4341,0.7188,0.01227,0.36944
15.62,13.62,1.6936,5.8634,0.15040,0.41909
15.88,13.62,2.4100,25.9104,0.71005,0.37934
16.12,13.62,2.8645,53.2492,1.47682,0.25506
2.62,13.88,0.0000,0.0000,0.00000,0.00000
2.88,13.88,0.0001,0.0000,0.00000,0.00000
3.12,13.88,0.0015,0.0000,0.00000,0.00005
3.38,13.88,0.0111,0.0000,0.00000,0.00040
3.62,13.88,0.0573,0.0000,0.00000,0.00238
3.88,13.88,0.2277,0.0000,0.00000,0.01010
4.12,13.88,0.5949,0.0000,0.00000,0.02798
4.38,13.88,1.0803,0.0000,0.00000,0.05436
4.62,13.88,1.5656,0.0000,0.00000,0.08240
4.88,13.88,1.8251,0.0000,0.00000,0.10037
5.12,13.88,1.8193,0.0000,0.00000,0.11127
5.38,13.88,1.9956,0.0000,0.00000,0.13613
5.62,13.88,2.1419,0.0000,0.00000,0.16231
5.88,13.88,2.1108,0.0000,0.00000,0.18798
6.12,13.88,2.2511,0.0000,0.00000,0.23397
6.38,13.88,2.2332,0.0000,0.00000,0.27844
6.62,13.88,2.1665,0.0000,0.00000,0.31837
6.88,13.88,2.1766,0.0000,0.00000,0.33713
7.12,13.88,2.0736,0.0000,0.00000,0.31294
7.38,13.88,2.0052,0.0000,0.00000,0.28262
7.62,13.88,1.9076,0.0000,0.00000,0.24374
7.88,13.88,1.7564,0.0000,0.00000,0.18934
8.12,13.88,1.6647,0.0000,0.00000,0.14025
8.38,13.88,1.6224,0.0000,0.00000,0.10343
8.62,13.88,1.5327,0.0000,0.00000,0.07608
8.88,13.88,1.3673,0.0000,0.00000,0.05568
9.12,13.88,1.2215,0.0000,0.00000,0.04288
9.38,13.88,1.1939,0.0000,0.00000,0.03712
9.62,13.88,1.2814,0.0000,0.00000,0.03489
9.88,13.88,1.4355,0.0000,0.00000,0.03422
10.12,13.88,1.5476,0.0000,0.00000,0.03262
10.38,13.88,1.5344,0.0000,0.00000,0.02887
10.62,13.88,1.4289,0.0000,0.00000,0.02462
10.88,13.88,1.2971,0.0002,0.00000,0.02083
11.12,13.88,1.2018,0.0005,0.00000,0.01751
11.38,13.88,1.1766,0.0008,0.00000,0.01532
11.62,13.88,1.2172,0.0005,0.00000,0.01469
11.88,13.88,1.2911,0.0001,0.00000,0.01493
12.12,13.88,1.3536,0.0000,0.00000,0.01622
12.38,13.88,1.3719,0.0000,0.00000,0.01878
12.62,13.88,1.3309,0.0005,0.00000,0.02171
12.88,13.88,1.2538,0.0022,0.00000,0.02551
13.12,13.88,1.1756,0.0036,0.00000,0.03127
13.38,13.88,1.1345,0.0022,0.00000,0.03977
13.62,13.88,1.1384,0.0005,0.00000,0.05596
13.88,13.88,1.1699,0.0000,0.00000,0.08787
14.12,13.88,1.2035,0.0000,0.00000,0.12832
14.38,13.88,1.2305,0.0001,0.00000,0.17126
14.62,13.88,1.2651,0.0017,0.00000,0.23170
14.88,13.88,1.3078,0.0165,0.00000,0.28852
15.12,13.88,1.3994,0.0839,0.00008,0.32220
15.38,13.88,1.4457,0.3029,0.00274,0.33835
15.62,13.88,1.7424,1.4657,0.03345,0.36085
15.88,13.88,2.2941,5.6932,0.15373,0.34916
16.12,13.88,2.0568,10.4724,0.28990,0.23317
16.38,13.88,1.2358,9.7045,0.26983,0.10805
2.62,14.12,0.0000,0.0000,0.00000,0.00000
2.88,14.12,0.0001,0.0000,0.00000,0.00000
3.12,14.12,0.0008,0.0000,0.00000,0.00003
3.38,14.12,0.0064,0.0000,0.00000,0.00028
3.62,14.12,0.0360,0.0000,0.00000,0.00170
3.88,14.12,0.1549,0.0000,0.00000,0.00777
4.12,14.12,0.4586,0.0000,0.00000,0.02426
4.38,14.12,0.9190,0.0000,0.00000,0.05177
4.62,14.12,1.4085,0.0000,0.00000,0.08320
4.88,14.12,1.7361,0.0000,0.00000,0.10741
5.12,14.12,1.7598,0.0000,0.00000,0.12136
5.38,14.12,1.8776,0.0000,0.00000,0.14622
5.62,14.12,2.0828,0.0000,0.00000,0.17979
5.88,14.12,2.0586,0.0000,0.00000,0.21067
6.12,14.12,2.1160,0.0000,0.00000,0.25991
6.38,14.12,2.1735,0.0000,0.00000,0.31545
6.62,14.12,2.1265,0.0000,0.00000,0.36251
6.88,14.12,2.1509,0.0000,0.00000,0.39734
7.12,14.12,2.0547,0.0000,0.00000,0.38158
7.38,14.12,1.8671,0.0000,0.00000,0.32513
7.62,14.12,1.7264,0.0000,0.00000,0.26265
7.88,14.12,1.6325,0.0000,0.00000,0.20618
8.12,14.12,1.5493,0.0000,0.00000,0.15631
8.38,14.12,1.4563,0.0000,0.00000,0.11522
8.62,14.12,1.3545,0.0000,0.00000,0.08563
8.88,14.12,1.3027,0.0000,0.00000,0.06716
9.12,14.12,1.3618,0.0000,0.00000,0.05868
9.38,14.12,1.4852,0.0000,0.00000,0.05475
9.62,14.12,1.5585,0.0000,0.00000,0.04920
9.88,14.12,1.5542,0.0000,0.00000,0.04237
10.12,14.12,1.4667,0.0000,0.00000,0.03471
10.38,14.12,1.3211,0.0000,0.00000,0.02702
10.62,14.12,1.2118,0.0002,0.00000,0.02133
10.88,14.12,1.1809,0.0010,0.00000,0.01813
11.12,14.12,1.2183,0.0030,0.00000,0.01711
11.38,14.12,1.2845,0.0039,0.00000,0.01693
11.62,14.12,1.3366,0.0022,0.00000,0.01626
11.88,14.12,1.3457,0.0005,0.00000,0.01514
12.12,14.12,1.3030,0.0000,0.00000,0.01469
12.38,14.12,1.2204,0.0000,0.00000,0.01528
12.62,14.12,1.1312,0.0001,0.00000,0.01709
12.88,14.12,1.0754,0.0005,0.00000,0.02144
13.12,14.12,1.0612,0.0008,0.00000,0.02847
13.38,14.12,1.0710,0.0005,0.00000,0.03790
13.62,14.12,1.0766,0.0001,0.00000,0.05395
13.88,14.12,1.0726,0.0000,0.00000,0.08331
14.12,14.12,1.0673,0.0000,0.00000,0.12055
14.38,14.12,1.0764,0.0000,0.00000,0.16584
14.62,14.12,1.0964,0.0006,0.00000,0.23449
14.88,14.12,1.1239,0.0075,0.00000,0.28758
15.12,14.12,1.2752,0.0366,0.00001,0.29964
15.38,14.12,1.3439,0.0843,0.00023,0.27776
15.62,14.12,1.3245,0.1760,0.00280,0.23758
15.88,14.12,1.4696,0.5078,0.01308,0.20936
16.12,14.12,1.2263,0.8994,0.02476,0.14259
16.38,14.12,0.6919,0.8192,0.02276,0.06729
2.62,14.38,0.0000,0.0000,0.00000,0.00000
2.88,14.38,0.0000,0.0000,0.00000,0.00000
3.12,14.38,0.0003,0.0000,0.00000,0.00002
3.38,14.38,0.0030,0.0000,0.00000,0.00015
3.62,14.38,0.0193,0.0000,0.00000,0.00099
3.88,14.38,0.0929,0.0000,0.00000,0.00511
4.12,14.38,0.3176,0.0000,0.00000,0.01869
4.38,14.38,0.7197,0.0000,0.00000,0.04532
4.62,14.38,1.2097,0.0000,0.00000,0.08020
4.88,14.38,1.6158,0.0000,0.00000,0.11225
5.12,14.38,1.7168,0.0000,0.00000,0.13190
5.38,14.38,1.7706,0.0000,0.00000,0.15461
5.62,14.38,1.9618,0.0000,0.00000,0.18933
5.88,14.38,1.9959,0.0000,0.00000,0.22366
6.12,14.38,1.9925,0.0000,0.00000,0.26659
6.38,14.38,2.0476,0.0000,0.00000,0.31481
6.62,14.38,2.0165,0.0000,0.00000,0.35121
6.88,14.38,2.0459,0.0000,0.00000,0.38719
7.12,14.38,2.0792,0.0000,0.00000,0.40264
7.38,14.38,1.9395,0.0000,0.00000,0.36647
7.62,14.38,1.7503,0.0000,0.00000,0.30102
7.88,14.38,1.6373,0.0000,0.00000,0.24070
8.12,14.38,1.5615,0.0000,0.00000,0.18842
8.38,14.38,1.5250,0.0000,0.00000,0.14591
8.62,14.38,1.5416,0.0000,0.00000,0.11624
8.88,14.38,1.5793,0.0000,0.00000,0.09485
9.12,14.38,1.6143,0.0000,0.00000,0.07927
9.38,14.38,1.5941,0.0000,0.00000,0.06626
9.62,14.38,1.4769,0.0000,0.00000,0.05243
9.88,14.38,1.3422,0.0000,0.00000,0.04054
10.12,14.38,1.2494,0.0000,0.00000,0.03159
10.38,14.38,1.2103,0.0000,0.00000,0.02523
10.62,14.38,1.2366,0.0006,0.00000,0.02129
10.88,14.38,1.2919,0.0032,0.00000,0.01933
11.12,14.38,1.3363,0.0075,0.00000,0.01926
11.38,14.38,1.3375,0.0081,0.00000,0.01891
11.62,14.38,1.2885,0.0039,0.00000,0.01632
11.88,14.38,1.2061,0.0008,0.00000,0.01346
12.12,14.38,1.1188,0.0001,0.00000,0.01189
12.38,14.38,1.0543,0.0000,0.00000,0.01172
12.62,14.38,1.0252,0.0000,0.00000,0.01375
12.88,14.38,1.0201,0.0000,0.00000,0.01909
13.12,14.38,1.0131,0.0001,0.00000,0.02658
13.38,14.38,0.9838,0.0000,0.00000,0.03535
13.62,14.38,0.9281,0.0000,0.00000,0.04808
13.88,14.38,0.8646,0.0000,0.00000,0.06761
14.12,14.38,0.8090,0.0000,0.00000,0.09176
14.38,14.38,0.7778,0.0000,0.00000,0.12333
14.62,14.38,0.7661,0.0001,0.00000,0.17122
14.88,14.38,0.7699,0.0016,0.00000,0.20370
15.12,14.38,0.9090,0.0073,0.00000,0.20697
15.38,14.38,0.9835,0.0139,0.00001,0.18506
15.62,14.38,0.7726,0.0149,0.00009,0.13114
15.88,14.38,0.6191,0.0226,0.00049,0.08977
16.12,14.38,0.5091,0.0393,0.00106,0.06013
2.62,14.62,0.0000,0.0000,0.00000,0.00000
2.88,14.62,0.0000,0.0000,0.00000,0.00000
3.12,14.62,0.0001,0.0000,0.00000,0.00000
3.38,14.62,0.0012,0.0000,0.00000,0.00006
3.62,14.62,0.0087,0.0000,0.00000,0.00046
3.88,14.62,0.0478,0.0000,0.00000,0.00282
4.12,14.62,0.1888,0.0000,0.00000,0.01218
4.38,14.62,0.4943,0.0000,0.00000,0.03430
4.62,14.62,0.9464,0.0000,0.00000,0.06946
4.88,14.62,1.4185,0.0000,0.00000,0.10881
5.12,14.62,1.6512,0.0000,0.00000,0.13728
5.38,14.62,1.6797,0.0000,0.00000,0.15775
5.62,14.62,1.7820,0.0000,0.00000,0.18527
5.88,14.62,1.8731,0.0000,0.00000,0.21727
6.12,14.62,1.8873,0.0000,0.00000,0.25259
6.38,14.62,1.9243,0.0000,0.00000,0.29205
6.62,14.62,1.9162,0.0000,0.00000,0.31889
6.88,14.62,1.8837,0.0000,0.00000,0.33392
7.12,14.62,1.8835,0.0000,0.00000,0.34290
7.38,14.62,1.8576,0.0000,0.00000,0.33281
7.62,14.62,1.8186,0.0000,0.00000,0.30332
7.88,14.62,1.7945,0.0000,0.00000,0.26514
8.12,14.62,1.7482,0.0000,0.00000,0.21884
8.38,14.62,1.6996,0.0000,0.00000,0.17288
8.62,14.62,1.6586,0.0000,0.00000,0.13543
8.88,14.62,1.5768,0.0000,0.00000,0.10439
9.12,14.62,1.4730,0.0000,0.00000,0.08037
9.38,14.62,1.3711,0.0000,0.00000,0.06267
9.62,14.62,1.2795,0.0000,0.00000,0.04843
9.88,14.62,1.2478,0.0000,0.00000,0.03854
10.12,14.62,1.2784,0.0000,0.00000,0.03216
10.38,14.62,1.3261,0.0001,0.00000,0.02762
10.62,14.62,1.3557,0.0010,0.00000,0.02384
10.88,14.62,1.3396,0.0045,0.00000,0.02120
11.12,14.62,1.2771,0.0088,0.00000,0.02103
11.38,14.62,1.1886,0.0075,0.00000,0.02037
11.62,14.62,1.1096,0.0030,0.00000,0.01568
11.88,14.62,1.0592,0.0005,0.00000,0.01144
12.12,14.62,1.0274,0.0000,0.00000,0.00982
12.38,14.62,1.0044,0.0000,0.00000,0.00960
12.62,14.62,0.9792,0.0000,0.00000,0.01099
12.88,14.62,0.9262,0.0000,0.00000,0.01446
13.12,14.62,0.8418,0.0002,0.00000,0.01954
13.38,14.62,0.7402,0.0009,0.00000,0.02672
13.62,14.62,0.6342,0.0015,0.00000,0.03510
13.88,14.62,0.5380,0.0009,0.00000,0.04311
14.12,14.62,0.4567,0.0002,0.00000,0.05278
14.38,14.62,0.4029,0.0000,0.00000,0.06755
14.62,14.62,0.3824,0.0000,0.00000,0.08769
14.88,14.62,0.3760,0.0001,0.00000,0.09603
15.12,14.62,0.4280,0.0006,0.00000,0.09295
15.38,14.62,0.4770,0.0011,0.00000,0.08441
15.62,14.62,0.3747,0.0010,0.00000,0.06057
2.62,14.88,0.0000,0.0000,0.00000,0.00000
2.88,14.88,0.0000,0.0000,0.00000,0.00000
3.12,14.88,0.0000,0.0000,0.00000,0.00000
3.38,14.88,0.0004,0.0000,0.00000,0.00002
3.62,14.88,0.0033,0.0000,0.00000,0.00017
3.88,14.88,0.0205,0.0000,0.00000,0.00129
4.12,14.88,0.0919,0.0000,0.00000,0.00643
4.38,14.88,0.2814,0.0000,0.00000,0.02130
4.62,14.88,0.6315,0.0000,0.00000,0.05063
4.88,14.88,1.0993,0.0000,0.00000,0.09197
5.12,14.88,1.4751,0.0000,0.00000,0.13149
5.38,14.88,1.5956,0.0000,0.00000,0.15723
5.62,14.88,1.6295,0.0000,0.00000,0.17649
5.88,14.88,1.7041,0.0000,0.00000,0.19927
6.12,14.88,1.7491,0.0000,0.00000,0.22573
6.38,14.88,1.7780,0.0000,0.00000,0.25549
6.62,14.88,1.8176,0.0000,0.00000,0.28188
6.88,14.88,1.8316,0.0000,0.00000,0.29522
7.12,14.88,1.7852,0.0000,0.00000,0.28911
7.38,14.88,1.7067,0.0000,0.00000,0.26864
7.62,14.88,1.6539,0.0000,0.00000,0.24639
7.88,14.88,1.6278,0.0000,0.00000,0.22240
8.12,14.88,1.5855,0.0000,0.00000,0.19013
8.38,14.88,1.5279,0.0000,0.00000,0.15469
8.62,14.88,1.4691,0.0000,0.00000,0.12278
8.88,14.88,1.3946,0.0000,0.00000,0.09549
9.12,14.88,1.3351,0.0000,0.00000,0.07527
9.38,14.88,1.3196,0.0000,0.00000,0.06108
9.62,14.88,1.3374,0.0000,0.00000,0.04998
9.88,14.88,1.3641,0.0000,0.00000,0.04153
10.12,14.88,1.3734,0.0000,0.00000,0.03469
10.38,14.88,1.3418,0.0000,0.00000,0.02871
10.62,14.88,1.2720,0.0006,0.00000,0.02338
10.88,14.88,1.1884,0.0026,0.00000,0.01982
11.12,14.88,1.1115,0.0045,0.00000,0.02039
11.38,14.88,1.0530,0.0032,0.00000,0.02149
11.62,14.88,1.0239,0.0010,0.00000,0.01666
11.88,14.88,1.0140,0.0001,0.00000,0.01110
12.12,14.88,0.9800,0.0000,0.00000,0.00878
12.38,14.88,0.9023,0.0000,0.00000,0.00798
12.62,14.88,0.7931,0.0000,0.00000,0.00795
12.88,14.88,0.6619,0.0005,0.00000,0.00884
13.12,14.88,0.5308,0.0067,0.00000,0.01111
13.38,14.88,0.4156,0.0299,0.00000,0.01539
13.62,14.88,0.3154,0.0493,0.00000,0.01890
13.88,14.88,0.2351,0.0299,0.00000,0.02008
14.12,14.88,0.1764,0.0067,0.00000,0.02297
14.38,14.88,0.1400,0.0006,0.00000,0.03026
14.62,14.88,0.1282,0.0000,0.00000,0.03715
14.88,14.88,0.1259,0.0000,0.00000,0.03482
15.12,14.88,0.1317,0.0000,0.00000,0.02888
15.38,14.88,0.1452,0.0000,0.00000,0.02538
2.62,15.12,0.0000,0.0000,0.00000,0.00000
2.88,15.12,0.0000,0.0000,0.00000,0.00000
3.12,15.12,0.0000,0.0000,0.00000,0.00000
3.38,15.12,0.0001,0.0000,0.00000,0.00000
3.62,15.12,0.0011,0.0000,0.00000,0.00006
3.88,15.12,0.0073,0.0000,0.00000,0.00049
4.12,15.12,0.0361,0.0000,0.00000,0.00276
4.38,15.12,0.1290,0.0000,0.00000,0.01056
4.62,15.12,0.3414,0.0000,0.00000,0.02941
4.88,15.12,0.7050,0.0000,0.00000,0.06346
5.12,15.12,1.1334,0.0000,0.00000,0.10777
5.38,15.12,1.4174,0.0000,0.00000,0.14505
5.62,15.12,1.5125,0.0000,0.00000,0.16612
5.88,15.12,1.5632,0.0000,0.00000,0.18128
6.12,15.12,1.6045,0.0000,0.00000,0.19788
6.38,15.12,1.6153,0.0000,0.00000,0.21385
6.62,15.12,1.6445,0.0000,0.00000,0.23087
6.88,15.12,1.7195,0.0000,0.00000,0.24981
7.12,15.12,1.7595,0.0000,0.00000,0.25360
7.38,15.12,1.7227,0.0000,0.00000,0.23695
7.62,15.12,1.6545,0.0000,0.00000,0.21419
7.88,15.12,1.5912,0.0000,0.00000,0.18984
8.12,15.12,1.5403,0.0000,0.00000,0.16364
8.38,15.12,1.4945,0.0000,0.00000,0.13820
8.62,15.12,1.4610,0.0000,0.00000,0.11469
8.88,15.12,1.4388,0.0000,0.00000,0.09359
9.12,15.12,1.4226,0.0000,0.00000,0.07646
9.38,15.12,1.4078,0.0000,0.00000,0.06210
9.62,15.12,1.3797,0.0000,0.00000,0.04977
9.88,15.12,1.3237,0.0000,0.00000,0.03998
10.12,15.12,1.2503,0.0000,0.00000,0.03189
10.38,15.12,1.1752,0.0000,0.00000,0.02523
10.62,15.12,1.1111,0.0001,0.00000,0.02011
10.88,15.12,1.0696,0.0006,0.00000,0.01695
11.12,15.12,1.0472,0.0010,0.00000,0.01734
11.38,15.12,1.0180,0.0006,0.00000,0.01997
11.62,15.12,0.9629,0.0002,0.00000,0.01842
11.88,15.12,0.8810,0.0000,0.00000,0.01212
12.12,15.12,0.7611,0.0000,0.00000,0.00735
12.38,15.12,0.6155,0.0000,0.00000,0.00547
12.62,15.12,0.4706,0.0002,0.00000,0.00491
12.88,15.12,0.3438,0.0067,0.00000,0.00509
13.12,15.12,0.2423,0.0812,0.00000,0.00595
13.38,15.12,0.1668,0.3643,0.00000,0.00749
13.62,15.12,0.1101,0.6031,0.00000,0.00762
13.88,15.12,0.0709,0.3717,0.00000,0.00669
14.12,15.12,0.0471,0.0861,0.00000,0.00755
14.38,15.12,0.0340,0.0077,0.00000,0.01130
14.62,15.12,0.0299,0.0003,0.00000,0.01449
14.88,15.12,0.0301,0.0000,0.00000,0.01216
2.62,15.38,0.0000,0.0000,0.00000,0.00000
2.88,15.38,0.0000,0.0000,0.00000,0.00000
3.12,15.38,0.0000,0.0000,0.00000,0.00000
3.38,15.38,0.0000,0.0000,0.00000,0.00000
3.62,15.38,0.0003,0.0000,0.00000,0.00002
3.88,15.38,0.0021,0.0000,0.00000,0.00016
4.12,15.38,0.0114,0.0000,0.00000,0.00096
4.38,15.38,0.0462,0.0000,0.00000,0.00400
4.62,15.38,0.1424,0.0000,0.00000,0.01276
4.88,15.38,0.3512,0.0000,0.00000,0.03310
5.12,15.38,0.6854,0.0000,0.00000,0.06816
5.38,15.38,1.0356,0.0000,0.00000,0.10837
5.62,15.38,1.2692,0.0000,0.00000,0.13850
5.88,15.38,1.3974,0.0000,0.00000,0.15753
6.12,15.38,1.4785,0.0000,0.00000,0.17298
6.38,15.38,1.5157,0.0000,0.00000,0.18425
6.62,15.38,1.5142,0.0000,0.00000,0.18907
6.88,15.38,1.5167,0.0000,0.00000,0.19396
7.12,15.38,1.5397,0.0000,0.00000,0.19709
7.38,15.38,1.5691,0.0000,0.00000,0.19449
7.62,15.38,1.5824,0.0000,0.00000,0.18548
7.88,15.38,1.5710,0.0000,0.00000,0.16835
8.12,15.38,1.5459,0.0000,0.00000,0.14741
8.38,15.38,1.5068,0.0000,0.00000,0.12657
8.62,15.38,1.4590,0.0000,0.00000,0.10618
8.88,15.38,1.4070,0.0000,0.00000,0.08663
9.12,15.38,1.3474,0.0000,0.00000,0.06962
9.38,15.38,1.2820,0.0000,0.00000,0.05482
9.62,15.38,1.2122,0.0000,0.00000,0.04255
9.88,15.38,1.1523,0.0000,0.00000,0.03392
10.12,15.38,1.1114,0.0000,0.00000,0.02748
10.38,15.38,1.0843,0.0000,0.00000,0.02206
10.62,15.38,1.0583,0.0000,0.00000,0.01793
10.88,15.38,1.0164,0.0000,0.00000,0.01503
11.12,15.38,0.9537,0.0001,0.00000,0.01422
11.38,15.38,0.8532,0.0000,0.00000,0.01682
11.62,15.38,0.7088,0.0000,0.00000,0.01787
11.88,15.38,0.5564,0.0000,0.00000,0.01134
12.12,15.38,0.4154,0.0000,0.00000,0.00494
12.38,15.38,0.2942,0.0000,0.00000,0.00275
12.62,15.38,0.1973,0.0009,0.00000,0.00260
12.88,15.38,0.1279,0.0299,0.00000,0.00299
13.12,15.38,0.0795,0.3647,0.00000,0.00296
13.38,15.38,0.0471,1.6440,0.00000,0.00291
13.62,15.38,0.0272,2.7870,0.00000,0.00233
13.88,15.38,0.0161,1.8475,0.00000,0.00160
14.12,15.38,0.0099,0.4842,0.00000,0.00170
14.38,15.38,0.0066,0.0504,0.00000,0.00298
2.62,15.62,0.0000,0.0000,0.00000,0.00000
2.88,15.62,0.0000,0.0000,0.00000,0.00000
3.12,15.62,0.0000,0.0000,0.00000,0.00000
3.38,15.62,0.0000,0.0000,0.00000,0.00000
3.62,15.62,0.0000,0.0000,0.00000,0.00000
3.88,15.62,0.0004,0.0000,0.00000,0.00004
4.12,15.62,0.0027,0.0000,0.00000,0.00025
4.38,15.62,0.0122,0.0000,0.00000,0.00108
4.62,15.62,0.0437,0.0000,0.00000,0.00397
4.88,15.62,0.1289,0.0000,0.00000,0.01253
5.12,15.62,0.3033,0.0000,0.00000,0.03106
5.38,15.62,0.5605,0.0000,0.00000,0.05912
5.62,15.62,0.8327,0.0000,0.00000,0.08919
5.88,15.62,1.0569,0.0000,0.00000,0.11435
6.12,15.62,1.2306,0.0000,0.00000,0.13577
6.38,15.62,1.3588,0.0000,0.00000,0.15331
6.62,15.62,1.4214,0.0000,0.00000,0.16130
6.88,15.62,1.4206,0.0000,0.00000,0.16065
7.12,15.62,1.3978,0.0000,0.00000,0.15664
7.38,15.62,1.3852,0.0000,0.00000,0.15148
7.62,15.62,1.3793,0.0000,0.00000,0.14302
7.88,15.62,1.3703,0.0000,0.00000,0.13096
8.12,15.62,1.3452,0.0000,0.00000,0.11644
8.38,15.62,1.3077,0.0000,0.00000,0.10072
8.62,15.62,1.2653,0.0000,0.00000,0.08507
8.88,15.62,1.2189,0.0000,0.00000,0.06998
9.12,15.62,1.1767,0.0000,0.00000,0.05706
9.38,15.62,1.1409,0.0000,0.00000,0.04630
9.62,15.62,1.1077,0.0000,0.00000,0.03732
9.88,15.62,1.0841,0.0000,0.00000,0.03077
10.12,15.62,1.0555,0.0000,0.00000,0.02513
10.38,15.62,1.0002,0.0000,0.00000,0.01956
10.62,15.62,0.9087,0.0000,0.00000,0.01502
10.88,15.62,0.7798,0.0000,0.00000,0.01147
11.12,15.62,0.6379,0.0000,0.00000,0.00923
11.38,15.62,0.4949,0.0000,0.00000,0.00957
11.62,15.62,0.3548,0.0000,0.00000,0.01004
11.88,15.62,0.2399,0.0000,0.00000,0.00632
12.12,15.62,0.1567,0.0000,0.00000,0.00240
12.38,15.62,0.0993,0.0000,0.00000,0.00102
12.62,15.62,0.0592,0.0015,0.00000,0.00101
12.88,15.62,0.0338,0.0496,0.00000,0.00126
13.12,15.62,0.0185,0.6136,0.00000,0.00102
13.38,15.62,0.0095,2.8567,0.00000,0.00070
13.62,15.62,0.0052,5.2272,0.00000,0.00046
13.88,15.62,0.0034,4.1295,0.00000,0.00027
2.62,15.88,0.0000,0.0000,0.00000,0.00000
2.88,15.88,0.0000,0.0000,0.00000,0.00000
3.12,15.88,0.0000,0.0000,0.00000,0.00000
3.38,15.88,0.0000,0.0000,0.00000,0.00000
3.62,15.88,0.0000,0.0000,0.00000,0.00000
3.88,15.88,0.0001,0.0000,0.00000,0.00001
4.12,15.88,0.0004,0.0000,0.00000,0.00004
4.38,15.88,0.0022,0.0000,0.00000,0.00019
4.62,15.88,0.0096,0.0000,0.00000,0.00088
4.88,15.88,0.0339,0.0000,0.00000,0.00339
5.12,15.88,0.0949,0.0000,0.00000,0.00982
5.38,15.88,0.2132,0.0000,0.00000,0.02225
5.62,15.88,0.3869,0.0000,0.00000,0.04023
5.88,15.88,0.5823,0.0000,0.00000,0.06000
6.12,15.88,0.7756,0.0000,0.00000,0.08048
6.38,15.88,0.9565,0.0000,0.00000,0.10131
6.62,15.88,1.1083,0.0000,0.00000,0.11839
6.88,15.88,1.2223,0.0000,0.00000,0.12895
7.12,15.88,1.2852,0.0000,0.00000,0.13249
7.38,15.88,1.2989,0.0000,0.00000,0.12864
7.62,15.88,1.2851,0.0000,0.00000,0.11832
7.88,15.88,1.2606,0.0000,0.00000,0.10659
8.12,15.88,1.2210,0.0000,0.00000,0.09453
8.38,15.88,1.1816,0.0000,0.00000,0.08202
8.62,15.88,1.1491,0.0000,0.00000,0.07007
8.88,15.88,1.1200,0.0000,0.00000,0.05901
9.12,15.88,1.0928,0.0000,0.00000,0.04911
9.38,15.88,1.0540,0.0000,0.00000,0.04022
9.62,15.88,0.9957,0.0000,0.00000,0.03235
9.88,15.88,0.9179,0.0000,0.00000,0.02586
10.12,15.88,0.8114,0.0000,0.00000,0.01954
10.38,15.88,0.6782,0.0000,0.00000,0.01362
10.62,15.88,0.5355,0.0000,0.00000,0.00931
10.88,15.88,0.3968,0.0000,0.00000,0.00613
11.12,15.88,0.2794,0.0000,0.00000,0.00394
11.38,15.88,0.1878,0.0000,0.00000,0.00308
11.62,15.88,0.1201,0.0000,0.00000,0.00297
11.88,15.88,0.0738,0.0000,0.00000,0.00219
12.12,15.88,0.0434,0.0000,0.00000,0.00100
12.38,15.88,0.0246,0.0000,0.00000,0.00035
12.62,15.88,0.0131,0.0009,0.00000,0.00023
12.88,15.88,0.0064,0.0317,0.00000,0.00027
13.12,15.88,0.0030,0.4184,0.00000,0.00020
13.38,15.88,0.0016,2.1814,0.00000,0.00010
13.62,15.88,0.0011,4.6415,0.00000,0.00006
2.62,16.12,0.0000,0.0000,0.00000,0.00000
2.88,16.12,0.0000,0.0000,0.00000,0.00000
3.12,16.12,0.0000,0.0000,0.00000,0.00000
3.38,16.12,0.0000,0.0000,0.00000,0.00000
3.62,16.12,0.0000,0.0000,0.00000,0.00000
3.88,16.12,0.0000,0.0000,0.00000,0.00000
4.12,16.12,0.0000,0.0000,0.00000,0.00000
4.38,16.12,0.0003,0.0000,0.00000,0.00002
4.62,16.12,0.0014,0.0000,0.00000,0.00013
4.88,16.12,0.0063,0.0000,0.00000,0.00062
5.12,16.12,0.0208,0.0000,0.00000,0.00207
5.38,16.12,0.0551,0.0000,0.00000,0.00554
5.62,16.12,0.1190,0.0000,0.00000,0.01182
5.88,16.12,0.2131,0.0000,0.00000,0.02074
6.12,16.12,0.3334,0.0000,0.00000,0.03259
6.38,16.12,0.4679,0.0000,0.00000,0.04700
6.62,16.12,0.6040,0.0000,0.00000,0.06166
6.88,16.12,0.7422,0.0000,0.00000,0.07473
7.12,16.12,0.8593,0.0000,0.00000,0.08448
7.38,16.12,0.9429,0.0000,0.00000,0.08912
7.62,16.12,0.9951,0.0000,0.00000,0.08740
7.88,16.12,1.0137,0.0000,0.00000,0.08131
8.12,16.12,1.0019,0.0000,0.00000,0.07292
8.38,16.12,0.9742,0.0000,0.00000,0.06327
8.62,16.12,0.9356,0.0000,0.00000,0.05348
8.88,16.12,0.8889,0.0000,0.00000,0.04434
9.12,16.12,0.8256,0.0000,0.00000,0.03571
9.38,16.12,0.7390,0.0000,0.00000,0.02771
9.62,16.12,0.6355,0.0000,0.00000,0.02077
9.88,16.12,0.5218,0.0000,0.00000,0.01515
10.12,16.12,0.4039,0.0000,0.00000,0.01019
10.38,16.12,0.2930,0.0000,0.00000,0.00637
10.62,16.12,0.2008,0.0000,0.00000,0.00406
10.88,16.12,0.1312,0.0000,0.00000,0.00237
11.12,16.12,0.0829,0.0000,0.00000,0.00119
11.38,16.12,0.0502,0.0000,0.00000,0.00068
11.62,16.12,0.0294,0.0000,0.00000,0.00064
11.88,16.12,0.0169,0.0000,0.00000,0.00065
12.12,16.12,0.0091,0.0000,0.00000,0.00037
12.38,16.12,0.0047,0.0000,0.00000,0.00011
12.62,16.12,0.0025,0.0002,0.00000,0.00003
12.88,16.12,0.0012,0.0089,0.00000,0.00003
13.12,16.12,0.0005,0.1370,0.00000,0.00002
2.62,16.38,0.0000,0.0000,0.00000,0.00000
2.88,16.38,0.0000,0.0000,0.00000,0.00000
3.12,16.38,0.0000,0.0000,0.00000,0.00000
3.38,16.38,0.0000,0.0000,0.00000,0.00000
3.62,16.38,0.0000,0.0000,0.00000,0.00000
3.88,16.38,0.0000,0.0000,0.00000,0.00000
4.12,16.38,0.0000,0.0000,0.00000,0.00000
4.38,16.38,0.0000,0.0000,0.00000,0.00000
4.62,16.38,0.0001,0.0000,0.00000,0.00001
4.88,16.38,0.0008,0.0000,0.00000,0.00007
5.12,16.38,0.0030,0.0000,0.00000,0.00028
5.38,16.38,0.0092,0.0000,0.00000,0.00087
5.62,16.38,0.0230,0.0000,0.00000,0.00214
5.88,16.38,0.0498,0.0000,0.00000,0.00456
6.12,16.38,0.0936,0.0000,0.00000,0.00874
6.38,16.38,0.1498,0.0000,0.00000,0.01445
6.62,16.38,0.2137,0.0000,0.00000,0.02079
6.88,16.38,0.2875,0.0000,0.00000,0.02744
7.12,16.38,0.3626,0.0000,0.00000,0.03398
7.38,16.38,0.4324,0.0000,0.00000,0.03933
7.62,16.38,0.4896,0.0000,0.00000,0.04194
7.88,16.38,0.5240,0.0000,0.00000,0.04138
8.12,16.38,0.5333,0.0000,0.00000,0.03825
8.38,16.38,0.5212,0.0000,0.00000,0.03323
8.62,16.38,0.4908,0.0000,0.00000,0.02751
8.88,16.38,0.4489,0.0000,0.00000,0.02190
9.12,16.38,0.3915,0.0000,0.00000,0.01669
9.38,16.38,0.3215,0.0000,0.00000,0.01221
9.62,16.38,0.2494,0.0000,0.00000,0.00853
9.88,16.38,0.1819,0.0000,0.00000,0.00564
10.12,16.38,0.1253,0.0000,0.00000,0.00336
10.38,16.38,0.0825,0.0000,0.00000,0.00193
10.62,16.38,0.0513,0.0000,0.00000,0.00124
10.88,16.38,0.0306,0.0000,0.00000,0.00069
11.12,16.38,0.0181,0.0000,0.00000,0.00028
11.38,16.38,0.0103,0.0000,0.00000,0.00012
11.62,16.38,0.0055,0.0000,0.00000,0.00011
11.88,16.38,0.0028,0.0000,0.00000,0.00012
12.12,16.38,0.0013,0.0000,0.00000,0.00008
12.38,16.38,0.0007,0.0000,0.00000,0.00002
12.62,16.38,0.0006,0.0000,0.00000,0.00000
2.62,16.62,0.0000,0.0000,0.00000,0.00000
2.88,16.62,0.0000,0.0000,0.00000,0.00000
3.12,16.62,0.0000,0.0000,0.00000,0.00000
3.38,16.62,0.0000,0.0000,0.00000,0.00000
3.62,16.62,0.0000,0.0000,0.00000,0.00000
3.88,16.62,0.0000,0.0000,0.00000,0.00000
4.12,16.62,0.0000,0.0000,0.00000,0.00000
4.38,16.62,0.0000,0.0000,0.00000,0.00000
4.62,16.62,0.0000,0.0000,0.00000,0.00000
4.88,16.62,0.0001,0.0000,0.00000,0.00001
5.12,16.62,0.0003,0.0000,0.00000,0.00002
5.38,16.62,0.0009,0.0000,0.00000,0.00008
5.62,16.62,0.0028,0.0000,0.00000,0.00023
5.88,16.62,0.0074,0.0000,0.00000,0.00065
6.12,16.62,0.0163,0.0000,0.00000,0.00151
6.38,16.62,0.0297,0.0000,0.00000,0.00278
6.62,16.62,0.0476,0.0000,0.00000,0.00433
6.88,16.62,0.0707,0.0000,0.00000,0.00626
7.12,16.62,0.0965,0.0000,0.00000,0.00851
7.38,16.62,0.1218,0.0000,0.00000,0.01049
7.62,16.62,0.1438,0.0000,0.00000,0.01180
7.88,16.62,0.1605,0.0000,0.00000,0.01243
8.12,16.62,0.1678,0.0000,0.00000,0.01200
8.38,16.62,0.1639,0.0000,0.00000,0.01048
8.62,16.62,0.1511,0.0000,0.00000,0.00856
8.88,16.62,0.1339,0.0000,0.00000,0.00653
9.12,16.62,0.1109,0.0000,0.00000,0.00466
9.38,16.62,0.0847,0.0000,0.00000,0.00326
9.62,16.62,0.0608,0.0000,0.00000,0.00221
9.88,16.62,0.0409,0.0000,0.00000,0.00138
10.12,16.62,0.0263,0.0000,0.00000,0.00073
10.38,16.62,0.0166,0.0000,0.00000,0.00038
10.62,16.62,0.0096,0.0000,0.00000,0.00023
10.88,16.62,0.0050,0.0000,0.00000,0.00012
11.12,16.62,0.0027,0.0000,0.00000,0.00004
11.38,16.62,0.0014,0.0000,0.00000,0.00002
11.62,16.62,0.0007,0.0000,0.00000,0.00001
11.88,16.62,0.0003,0.0000,0.00000,0.00001
12.12,16.62,0.0001,0.0000,0.00000,0.00001
12.38,16.62,0.0001,0.0000,0.00000,0.00000
2.62,16.88,0.0000,0.0000,0.00000,0.00000
2.88,16.88,0.0000,0.0000,0.00000,0.00000
3.12,16.88,0.0000,0.0000,0.00000,0.00000
3.38,16.88,0.0000,0.0000,0.00000,0.00000
3.62,16.88,0.0000,0.0000,0.00000,0.00000
3.88,16.88,0.0000,0.0000,0.00000,0.00000
4.12,16.88,0.0000,0.0000,0.00000,0.00000
4.38,16.88,0.0000,0.0000,0.00000,0.00000
4.62,16.88,0.0000,0.0000,0.00000,0.00000
4.88,16.88,0.0000,0.0000,0.00000,0.00000
5.12,16.88,0.0000,0.0000,0.00000,0.00000
5.38,16.88,0.0001,0.0000,0.00000,0.00000
5.62,16.88,0.0002,0.0000,0.00000,0.00002
5.88,16.88,0.0007,0.0000,0.00000,0.00006
6.12,16.88,0.0017,0.0000,0.00000,0.00016
6.38,16.88,0.0035,0.0000,0.00000,0.00031
6.62,16.88,0.0066,0.0000,0.00000,0.00052
6.88,16.88,0.0109,0.0000,0.00000,0.00085
7.12,16.88,0.0161,0.0000,0.00000,0.00130
7.38,16.88,0.0213,0.0000,0.00000,0.00170
7.62,16.88,0.0260,0.0000,0.00000,0.00200
7.88,16.88,0.0307,0.0000,0.00000,0.00228
8.12,16.88,0.0334,0.0000,0.00000,0.00232
8.38,16.88,0.0327,0.0000,0.00000,0.00205
8.62,16.88,0.0296,0.0000,0.00000,0.00169
8.88,16.88,0.0258,0.0000,0.00000,0.00126
9.12,16.88,0.0206,0.0000,0.00000,0.00083
9.38,16.88,0.0147,0.0000,0.00000,0.00055
9.62,16.88,0.0100,0.0000,0.00000,0.00038
9.88,16.88,0.0065,0.0000,0.00000,0.00023
10.12,16.88,0.0039,0.0000,0.00000,0.00011
10.38,16.88,0.0023,0.0000,0.00000,0.00004
10.62,16.88,0.0012,0.0000,0.00000,0.00002
10.88,16.88,0.0005,0.0000,0.00000,0.00001
11.12,16.88,0.0002,0.0000,0.00000,0.00000
11.38,16.88,0.0001,0.0000,0.00000,0.00000
11.62,16.88,0.0001,0.0000,0.00000,0.00000
11.88,16.88,0.0000,0.0000,0.00000,0.00000
2.62,17.12,0.0000,0.0000,0.00000,0.00000
2.88,17.12,0.0000,0.0000,0.00000,0.00000
3.12,17.12,0.0000,0.0000,0.00000,0.00000
3.38,17.12,0.0000,0.0000,0.00000,0.00000
3.62,17.12,0.0000,0.0000,0.00000,0.00000
3.88,17.12,0.0000,0.0000,0.00000,0.00000
4.12,17.12,0.0000,0.0000,0.00000,0.00000
4.38,17.12,0.0000,0.0000,0.00000,0.00000
4.62,17.12,0.0000,0.0000,0.00000,0.00000
4.88,17.12,0.0000,0.0000,0.00000,0.00000
5.12,17.12,0.0000,0.0000,0.00000,0.00000
5.38,17.12,0.0000,0.0000,0.00000,0.00000
5.62,17.12,0.0000,0.0000,0.00000,0.00000
5.88,17.12,0.0000,0.0000,0.00000,0.00000
6.12,17.12,0.0001,0.0000,0.00000,0.00001
6.38,17.12,0.0002,0.0000,0.00000,0.00002
6.62,17.12,0.0005,0.0000,0.00000,0.00003
6.88,17.12,0.0010,0.0000,0.00000,0.00006
7.12,17.12,0.0016,0.0000,0.00000,0.00011
7.38,17.12,0.0022,0.0000,0.00000,0.00016
7.62,17.12,0.0028,0.0000,0.00000,0.00020
7.88,17.12,0.0036,0.0000,0.00000,0.00025
8.12,17.12,0.0042,0.0000,0.00000,0.00027
8.38,17.12,0.0042,0.0000,0.00000,0.00024
8.62,17.12,0.0037,0.0000,0.00000,0.00020
8.88,17.12,0.0032,0.0000,0.00000,0.00015
9.12,17.12,0.0025,0.0000,0.00000,0.00010
9.38,17.12,0.0017,0.0000,0.00000,0.00006
9.62,17.12,0.0011,0.0000,0.00000,0.00004
9.88,17.12,0.0007,0.0000,0.00000,0.00002
10.12,17.12,0.0004,0.0000,0.00000,0.00001
10.38,17.12,0.0002,0.0000,0.00000,0.00000
10.62,17.12,0.0001,0.0000,0.00000,0.00000
10.88,17.12,0.0000,0.0000,0.00000,0.00000
11.12,17.12,0.0000,0.0000,0.00000,0.00000
11.38,17.12,0.0000,0.0000,0.00000,0.00000
2.62,17.38,0.0000,0.0000,0.00000,0.00000
2.88,17.38,0.0000,0.0000,0.00000,0.00000
3.12,17.38,0.0000,0.0000,0.00000,0.00000
3.38,17.38,0.0000,0.0000,0.00000,0.00000
3.62,17.38,0.0000,0.0000,0.00000,0.00000
3.88,17.38,0.0000,0.0000,0.00000,0.00000
4.12,17.38,0.0000,0.0000,0.00000,0.00000
4.38,17.38,0.0000,0.0000,0.00000,0.00000
4.62,17.38,0.0000,0.0000,0.00000,0.00000
4.88,17.38,0.0000,0.0000,0.00000,0.00000
5.12,17.38,0.0000,0.0000,0.00000,0.00000
5.38,17.38,0.0000,0.0000,0.00000,0.00000
5.62,17.38,0.0000,0.0000,0.00000,0.00000
5.88,17.38,0.0000,0.0000,0.00000,0.00000
6.12,17.38,0.0000,0.0000,0.00000,0.00000
6.38,17.38,0.0000,0.0000,0.00000,0.00000
6.62,17.38,0.0000,0.0000,0.00000,0.00000
6.88,17.38,0.0001,0.0000,0.00000,0.00000
7.12,17.38,0.0001,0.0000,0.00000,0.00001
7.38,17.38,0.0001,0.0000,0.00000,0.00001
7.62,17.38,0.0002,0.0000,0.00000,0.00001
7.88,17.38,0.0002,0.0000,0.00000,0.00001
8.12,17.38,0.0003,0.0000,0.00000,0.00002
8.38,17.38,0.0003,0.0000,0.00000,0.00001
8.62,17.38,0.0003,0.0000,0.00000,0.00001
8.88,17.38,0.0002,0.0000,0.00000,0.00001
9.12,17.38,0.0002,0.0000,0.00000,0.00001
9.38,17.38,0.0001,0.0000,0.00000,0.00000
9.62,17.38,0.0001,0.0000,0.00000,0.00000
9.88,17.38,0.0000,0.0000,0.00000,0.00000
10.12,17.38,0.0000,0.0000,0.00000,0.00000
10.38,17.38,0.0000,0.0000,0.00000,0.00000
10.62,17.38,0.0000,0.0000,0.00000,0.00000
10.88,17.38,0.0000,0.0000,0.00000,0.00000
2.62,17.62,0.0000,0.0000,0.00000,0.00000
2.88,17.62,0.0000,0.0000,0.00000,0.00000
3.12,17.62,0.0000,0.0000,0.00000,0.00000
3.38,17.62,0.0000,0.0000,0.00000,0.00000
3.62,17.62,0.0000,0.0000,0.00000,0.00000
3.88,17.62,0.0000,0.0000,0.00000,0.00000
4.12,17.62,0.0000,0.0000,0.00000,0.00000
4.38,17.62,0.0000,0.0000,0.00000,0.00000
4.62,17.62,0.0000,0.0000,0.00000,0.00000
4.88,17.62,0.0000,0.0000,0.00000,0.00000
5.12,17.62,0.0000,0.0000,0.00000,0.00000
5.38,17.62,0.0000,0.0000,0.00000,0.00000
5.62,17.62,0.0000,0.0000,0.00000,0.00000
5.88,17.62,0.0000,0.0000,0.00000,0.00000
6.12,17.62,0.0000,0.0000,0.00000,0.00000
6.38,17.62,0.0000,0.0000,0.00000,0.00000
6.62,17.62,0.0000,0.0000,0.00000,0.00000
6.88,17.62,0.0000,0.0000,0.00000,0.00000
7.12,17.62,0.0000,0.0000,0.00000,0.00000
7.38,17.62,0.0000,0.0000,0.00000,0.00000
7.62,17.62,0.0000,0.0000,0.00000,0.00000
7.88,17.62,0.0000,0.0000,0.00000,0.00000
8.12,17.62,0.0000,0.0000,0.00000,0.00000
8.38,17.62,0.0000,0.0000,0.00000,0.00000
8.62,17.62,0.0000,0.0000,0.00000,0.00000
8.88,17.62,0.0000,0.0000,0.00000,0.00000
9.12,17.62,0.0000,0.0000,0.00000,0.00000
9.38,17.62,0.0000,0.0000,0.00000,0.00000
9.62,17.62,0.0000,0.0000,0.00000,0.00000
9.88,17.62,0.0000,0.0000,0.00000,0.00000
10.12,17.62,0.0000,0.0000,0.00000,0.00000
10.38,17.62,0.0000,0.0000,0.00000,0.00000
10.62,17.62,0.0000,0.0000,0.00000,0.00000
2.62,17.88,0.0000,0.0000,0.00000,0.00000
2.88,17.88,0.0000,0.0000,0.00000,0.00000
3.12,17.88,0.0000,0.0000,0.00000,0.00000
3.38,17.88,0.0000,0.0000,0.00000,0.00000
3.62,17.88,0.0000,0.0000,0.00000,0.00000
3.88,17.88,0.0000,0.0000,0.00000,0.00000
4.12,17.88,0.0000,0.0000,0.00000,0.00000
4.38,17.88,0.0000,0.0000,0.00000,0.00000
4.62,17.88,0.0000,0.0000,0.00000,0.00000
4.88,17.88,0.0000,0.0000,0.00000,0.00000
5.12,17.88,0.0000,0.0000,0.00000,0.00000
5.38,17.88,0.0000,0.0000,0.00000,0.00000
5.62,17.88,0.0000,0.0000,0.00000,0.00000
5.88,17.88,0.0000,0.0000,0.00000,0.00000
6.12,17.88,0.0000,0.0000,0.00000,0.00000
6.38,17.88,0.0000,0.0000,0.00000,0.00000
6.62,17.88,0.0000,0.0000,0.00000,0.00000
6.88,17.88,0.0000,0.0000,0.00000,0.00000
7.12,17.88,0.0000,0.0000,0.00000,0.00000
7.38,17.88,0.0000,0.0000,0.00000,0.00000
7.62,17.88,0.0000,0.0000,0.00000,0.00000
7.88,17.88,0.0000,0.0000,0.00000,0.00000
8.12,17.88,0.0000,0.0000,0.00000,0.00000
8.38,17.88,0.0000,0.0000,0.00000,0.00000
8.62,17.88,0.0000,0.0000,0.00000,0.00000
8.88,17.88,0.0000,0.0000,0.00000,0.00000
9.12,17.88,0.0000,0.0000,0.00000,0.00000
9.38,17.88,0.0000,0.0000,0.00000,0.00000
9.62,17.88,0.0000,0.0000,0.00000,0.00000
9.88,17.88,0.0000,0.0000,0.00000,0.00000
10.12,17.88,0.0000,0.0000,0.00000,0.00000
2.62,18.12,0.0000,0.0000,0.00000,0.00000
2.88,18.12,0.0000,0.0000,0.00000,0.00000
3.12,18.12,0.0000,0.0000,0.00000,0.00000
3.38,18.12,0.0000,0.0000,0.00000,0.00000
3.62,18.12,0.0000,0.0000,0.00000,0.00000
3.88,18.12,0.0000,0.0000,0.00000,0.00000
4.12,18.12,0.0000,0.0000,0.00000,0.00000
4.38,18.12,0.0000,0.0000,0.00000,0.00000
4.62,18.12,0.0000,0.0000,0.00000,0.00000
4.88,18.12,0.0000,0.0000,0.00000,0.00000
5.12,18.12,0.0000,0.0000,0.00000,0.00000
5.38,18.12,0.0000,0.0000,0.00000,0.00000
5.62,18.12,0.0000,0.0000,0.00000,0.00000
5.88,18.12,0.0000,0.0000,0.00000,0.00000
6.12,18.12,0.0000,0.0000,0.00000,0.00000
6.38,18.12,0.0000,0.0000,0.00000,0.00000
6.62,18.12,0.0000,0.0000,0.00000,0.00000
6.88,18.12,0.0000,0.0000,0.00000,0.00000
7.12,18.12,0.0000,0.0000,0.00000,0.00000
7.38,18.12,0.0000,0.0000,0.00000,0.00000
7.62,18.12,0.0000,0.0000,0.00000,0.00000
7.88,18.12,0.0000,0.0000,0.00000,0.00000
8.12,18.12,0.0000,0.0000,0.00000,0.00000
8.38,18.12,0.0000,0.0000,0.00000,0.00000
8.62,18.12,0.0000,0.0000,0.00000,0.00000
8.88,18.12,0.0000,0.0000,0.00000,0.00000
9.12,18.12,0.0000,0.0000,0.00000,0.00000
9.38,18.12,0.0000,0.0000,0.00000,0.00000
9.62,18.12,0.0000,0.0000,0.00000,0.00000
2.62,18.38,0.0000,0.0000,0.00000,0.00000
2.88,18.38,0.0000,0.0000,0.00000,0.00000
3.12,18.38,0.0000,0.0000,0.00000,0.00000
3.38,18.38,0.0000,0.0000,0.00000,0.00000
3.62,18.38,0.0000,0.0000,0.00000,0.00000
3.88,18.38,0.0000,0.0000,0.00000,0.00000
4.12,18.38,0.0000,0.0000,0.00000,0.00000
4.38,18.38,0.0000,0.0000,0.00000,0.00000
4.62,18.38,0.0000,0.0000,0.00000,0.00000
4.88,18.38,0.0000,0.0000,0.00000,0.00000
5.12,18.38,0.0000,0.0000,0.00000,0.00000
5.38,18.38,0.0000,0.0000,0.00000,0.00000
5.62,18.38,0.0000,0.0000,0.00000,0.00000
5.88,18.38,0.0000,0.0000,0.00000,0.00000
6.12,18.38,0.0000,0.0000,0.00000,0.00000
6.38,18.38,0.0000,0.0000,0.00000,0.00000
6.62,18.38,0.0000,0.0000,0.00000,0.00000
6.88,18.38,0.0000,0.0000,0.00000,0.00000
7.12,18.38,0.0000,0.0000,0.00000,0.00000
7.38,18.38,0.0000,0.0000,0.00000,0.00000
7.62,18.38,0.0000,0.0000,0.00000,0.00000
7.88,18.38,0.0000,0.0000,0.00000,0.00000
8.12,18.38,0.0000,0.0000,0.00000,0.00000
8.38,18.38,0.0000,0.0000,0.00000,0.00000
8.62,18.38,0.0000,0.0000,0.00000,0.00000
8.88,18.38,0.0000,0.0000,0.00000,0.00000
9.12,18.38,0.0000,0.0000,0.00000,0.00000
2.62,18.62,0.0000,0.0000,0.00000,0.00000
2.88,18.62,0.0000,0.0000,0.00000,0.00000
3.12,18.62,0.0000,0.0000,0.00000,0.00000
3.38,18.62,0.0000,0.0000,0.00000,0.00000
3.62,18.62,0.0000,0.0000,0.00000,0.00000
3.88,18.62,0.0000,0.0000,0.00000,0.00000
4.12,18.62,0.0000,0.0000,0.00000,0.00000
4.38,18.62,0.0000,0.0000,0.00000,0.00000
4.62,18.62,0.0000,0.0000,0.00000,0.00000
4.88,18.62,0.0000,0.0000,0.00000,0.00000
5.12,18.62,0.0000,0.0000,0.00000,0.00000
5.38,18.62,0.0000,0.0000,0.00000,0.00000
5.62,18.62,0.0000,0.0000,0.00000,0.00000
5.88,18.62,0.0000,0.0000,0.00000,0.00000
6.12,18.62,0.0000,0.0000,0.00000,0.00000
6.38,18.62,0.0000,0.0000,0.00000,0.00000
6.62,18.62,0.0000,0.0000,0.00000,0.00000
6.88,18.62,0.0000,0.0000,0.00000,0.00000
7.12,18.62,0.0000,0.0000,0.00000,0.00000
7.38,18.62,0.0000,0.0000,0.00000,0.00000
7.62,18.62,0.0000,0.0000,0.00000,0.00000
7.88,18.62,0.0000,0.0000,0.00000,0.00000
8.12,18.62,0.0000,0.0000,0.00000,0.00000
8.38,18.62,0.0000,0.0000,0.00000,0.00000
8.62,18.62,0.0000,0.0000,0.00000,0.00000
8.88,18.62,0.0000,0.0000,0.00000,0.00000
2.62,18.88,0.0000,0.0000,0.00000,0.00000
2.88,18.88,0.0000,0.0000,0.00000,0.00000
3.12,18.88,0.0000,0.0000,0.00000,0.00000
3.38,18.88,0.0000,0.0000,0.00000,0.00000
3.62,18.88,0.0000,0.0000,0.00000,0.00000
3.88,18.88,0.0000,0.0000,0.00000,0.00000
4.12,18.88,0.0000,0.0000,0.00000,0.00000
4.38,18.88,0.0000,0.0000,0.00000,0.00000
4.62,18.88,0.0000,0.0000,0.00000,0.00000
4.88,18.88,0.0000,0.0000,0.00000,0.00000
5.12,18.88,0.0000,0.0000,0.00000,0.00000
5.38,18.88,0.0000,0.0000,0.00000,0.00000
5.62,18.88,0.0000,0.0000,0.00000,0.00000
5.88,18.88,0.0000,0.0000,0.00000,0.00000
6.12,18.88,0.0000,0.0000,0.00000,0.00000
6.38,18.88,0.0000,0.0000,0.00000,0.00000
6.62,18.88,0.0000,0.0000,0.00000,0.00000
6.88,18.88,0.0000,0.0000,0.00000,0.00000
7.12,18.88,0.0000,0.0000,0.00000,0.00000
7.38,18.88,0.0000,0.0000,0.00000,0.00000
7.62,18.88,0.0000,0.0000,0.00000,0.00000
7.88,18.88,0.0000,0.0000,0.00000,0.00000
8.12,18.88,0.0000,0.0000,0.00000,0.00000
8.38,18.88,0.0000,0.0000,0.00000,0.00000
2.62,19.12,0.0000,0.0000,0.00000,0.00000
2.88,19.12,0.0000,0.0000,0.00000,0.00000
3.12,19.12,0.0000,0.0000,0.00000,0.00000
3.38,19.12,0.0000,0.0000,0.00000,0.00000
3.62,19.12,0.0000,0.0000,0.00000,0.00000
3.88,19.12,0.0000,0.0000,0.00000,0.00000
4.12,19.12,0.0000,0.0000,0.00000,0.00000
4.38,19.12,0.0000,0.0000,0.00000,0.00000
4.62,19.12,0.0000,0.0000,0.00000,0.00000
4.88,19.12,0.0000,0.0000,0.00000,0.00000
5.12,19.12,0.0000,0.0000,0.00000,0.00000
5.38,19.12,0.0000,0.0000,0.00000,0.00000
5.62,19.12,0.0000,0.0000,0.00000,0.00000
5.88,19.12,0.0000,0.0000,0.00000,0.00000
6.12,19.12,0.0000,0.0000,0.00000,0.00000
6.38,19.12,0.0000,0.0000,0.00000,0.00000
6.62,19.12,0.0000,0.0000,0.00000,0.00000
6.88,19.12,0.0000,0.0000,0.00000,0.00000
7.12,19.12,0.0000,0.0000,0.00000,0.00000
7.38,19.12,0.0000,0.0000,0.00000,0.00000
7.62,19.12,0.0000,0.0000,0.00000,0.00000
7.88,19.12,0.0000,0.0000,0.00000,0.00000
2.62,19.38,0.0000,0.0000,0.00000,0.00000
2.88,19.38,0.0000,0.0000,0.00000,0.00000
3.12,19.38,0.0000,0.0000,0.00000,0.00000
3.38,19.38,0.0000,0.0000,0.00000,0.00000
3.62,19.38,0.0000,0.0000,0.00000,0.00000
3.88,19.38,0.0000,0.0000,0.00000,0.00000
4.12,19.38,0.0000,0.0000,0.00000,0.00000
4.38,19.38,0.0000,0.0000,0.00000,0.00000
4.62,19.38,0.0000,0.0000,0.00000,0.00000
4.88,19.38,0.0000,0.0000,0.00000,0.00000
5.12,19.38,0.0000,0.0000,0.00000,0.00000
5.38,19.38,0.0000,0.0000,0.00000,0.00000
5.62,19.38,0.0000,0.0000,0.00000,0.00000
5.88,19.38,0.0000,0.0000,0.00000,0.00000
6.12,19.38,0.0000,0.0000,0.00000,0.00000
6.38,19.38,0.0000,0.0000,0.00000,0.00000
6.62,19.38,0.0000,0.0000,0.00000,0.00000
6.88,19.38,0.0000,0.0000,0.00000,0.00000
7.12,19.38,0.0000,0.0000,0.00000,0.00000
7.38,19.38,0.0000,0.0000,0.00000,0.00000
2.62,19.62,0.0000,0.0000,0.00000,0.00000
2.88,19.62,0.0000,0.0000,0.00000,0.00000
3.12,19.62,0.0000,0.0000,0.00000,0.00000
3.38,19.62,0.0000,0.0000,0.00000,0.00000
3.62,19.62,0.0000,0.0000,0.00000,0.00000
3.88,19.62,0.0000,0.0000,0.00000,0.00000
4.12,19.62,0.0000,0.0000,0.00000,0.00000
4.38,19.62,0.0000,0.0000,0.00000,0.00000
4.62,19.62,0.0000,0.0000,0.00000,0.00000
4.88,19.62,0.0000,0.0000,0.00000,0.00000
5.12,19.62,0.0000,0.0000,0.00000,0.00000
5.38,19.62,0.0000,0.0000,0.00000,0.00000
5.62,19.62,0.0000,0.0000,0.00000,0.00000
5.88,19.62,0.0000,0.0000,0.00000,0.00000
6.12,19.62,0.0000,0.0000,0.00000,0.00000
6.38,19.62,0.0000,0.0000,0.00000,0.00000
6.62,19.62,0.0000,0.0000,0.00000,0.00000
6.88,19.62,0.0000,0.0000,0.00000,0.00000
7.12,19.62,0.0000,0.0000,0.00000,0.00000
2.62,19.88,0.0000,0.0000,0.00000,0.00000
2.88,19.88,0.0000,0.0000,0.00000,0.00000
3.12,19.88,0.0000,0.0000,0.00000,0.00000
3.38,19.88,0.0000,0.0000,0.00000,0.00000
3.62,19.88,0.0000,0.0000,0.00000,0.00000
3.88,19.88,0.0000,0.0000,0.00000,0.00000
4.12,19.88,0.0000,0.0000,0.00000,0.00000
4.38,19.88,0.0000,0.0000,0.00000,0.00000
4.62,19.88,0.0000,0.0000,0.00000,0.00000
4.88,19.88,0.0000,0.0000,0.00000,0.00000
5.12,19.88,0.0000,0.0000,0.00000,0.00000
5.38,19.88,0.0000,0.0000,0.00000,0.00000
5.62,19.88,0.0000,0.0000,0.00000,0.00000
5.88,19.88,0.0000,0.0000,0.00000,0.00000
6.12,19.88,0.0000,0.0000,0.00000,0.00000
6.38,19.88,0.0000,0.0000,0.00000,0.00000
6.62,19.88,0.0000,0.0000,0.00000,0.00000
2.62,20.12,0.0000,0.0000,0.00000,0.00000
2.88,20.12,0.0000,0.0000,0.00000,0.00000
3.12,20.12,0.0000,0.0000,0.00000,0.00000
3.38,20.12,0.0000,0.0000,0.00000,0.00000
3.62,20.12,0.0000,0.0000,0.00000,0.00000
3.88,20.12,0.0000,0.0000,0.00000,0.00000
4.12,20.12,0.0000,0.0000,0.00000,0.00000
4.38,20.12,0.0000,0.0000,0.00000,0.00000
4.62,20.12,0.0000,0.0000,0.00000,0.00000
4.88,20.12,0.0000,0.0000,0.00000,0.00000
5.12,20.12,0.0000,0.0000,0.00000,0.00000
5.38,20.12,0.0000,0.0000,0.00000,0.00000
5.62,20.12,0.0000,0.0000,0.00000,0.00000
5.88,20.12,0.0000,0.0000,0.00000,0.00000
6.12,20.12,0.0000,0.0000,0.00000,0.00000
2.62,20.38,0.0000,0.0000,0.00000,0.00000
2.88,20.38,0.0000,0.0000,0.00000,0.00000
3.12,20.38,0.0000,0.0000,0.00000,0.00000
3.38,20.38,0.0000,0.0000,0.00000,0.00000
3.62,20.38,0.0000,0.0000,0.00000,0.00000
3.88,20.38,0.0000,0.0000,0.00000,0.00000
4.12,20.38,0.0000,0.0000,0.00000,0.00000
4.38,20.38,0.0000,0.0000,0.00000,0.00000
4.62,20.38,0.0000,0.0000,0.00000,0.00000
4.88,20.38,0.0000,0.0000,0.00000,0.00000
5.12,20.38,0.0000,0.0000,0.00000,0.00000
5.38,20.38,0.0000,0.0000,0.00000,0.00000
5.62,20.38,0.0000,0.0000,0.00000,0.00000
5.88,20.38,0.0000,0.0000,0.00000,0.00000
2.62,20.62,0.0000,0.0000,0.00000,0.00000
2.88,20.62,0.0000,0.0000,0.00000,0.00000
3.12,20.62,0.0000,0.0000,0.00000,0.00000
3.38,20.62,0.0000,0.0000,0.00000,0.00000
3.62,20.62,0.0000,0.0000,0.00000,0.00000
3.88,20.62,0.0000,0.0000,0.00000,0.00000
4.12,20.62,0.0000,0.0000,0.00000,0.00000
4.38,20.62,0.0000,0.0000,0.00000,0.00000
4.62,20.62,0.0000,0.0000,0.00000,0.00000
4.88,20.62,0.0000,0.0000,0.00000,0.00000
5.12,20.62,0.0000,0.0000,0.00000,0.00000
5.38,20.62,0.0000,0.0000,0.00000,0.00000
2.62,20.88,0.0000,0.0000,0.00000,0.00000
2.88,20.88,0.0000,0.0000,0.00000,0.00000
3.12,20.88,0.0000,0.0000,0.00000,0.00000
3.38,20.88,0.0000,0.0000,0.00000,0.00000
3.62,20.88,0.0000,0.0000,0.00000,0.00000
3.88,20.88,0.0000,0.0000,0.00000,0.00000
4.12,20.88,0.0000,0.0000,0.00000,0.00000
4.38,20.88,0.0000,0.0000,0.00000,0.00000
4.62,20.88,0.0000,0.0000,0.00000,0.00000
4.88,20.88,0.0000,0.0000,0.00000,0.00000
2.62,21.12,0.0000,0.0000,0.00000,0.00000
2.88,21.12,0.0000,0.0000,0.00000,0.00000
3.12,21.12,0.0000,0.0000,0.00000,0.00000
3.38,21.12,0.0000,0.0000,0.00000,0.00000
3.62,21.12,0.0000,0.0000,0.00000,0.00000
3.88,21.12,0.0000,0.0000,0.00000,0.00000
4.12,21.12,0.0000,0.0000,0.00000,0.00000
4.38,21.12,0.0000,0.0000,0.00000,0.00000
2.62,21.38,0.0000,0.0000,0.00000,0.00000
2.88,21.38,0.0000,0.0000,0.00000,0.00000
3.12,21.38,0.0000,0.0000,0.00000,0.00000
3.38,21.38,0.0000,0.0000,0.00000,0.00000
3.62,21.38,0.0000,0.0000,0.00000,0.00000
3.88,21.38,0.0000,0.0000,0.00000,0.00000
4.12,21.38,0.0000,0.0000,0.00000,0.00000
2.62,21.62,0.0000,0.0000,0.00000,0.00000
2.88,21.62,0.0000,0.0000,0.00000,0.00000
3.12,21.62,0.0000,0.0000,0.00000,0.00000
3.38,21.62,0.0000,0.0000,0.00000,0.00000
3.62,21.62,0.0000,0.0000,0.00000,0.00000
2.62,21.88,0.0000,0.0000,0.00000,0.00000
2.88,21.88,0.0000,0.0000,0.00000,0.00000
3.12,21.88,0.0000,0.0000,0.00000,0.00000
2.62,22.12,0.0000,0.0000,0.00000,0.00000
