x,y,rho,contact,casualty,pressure
2.62,0.12,0.3574,0.0000,0.00000,0.32503
2.88,0.12,0.7076,0.0000,0.00000,0.54071
3.12,0.12,1.0158,0.0000,0.00000,0.60481
3.38,0.12,1.0579,0.0000,0.00000,0.52211
3.62,0.12,0.9952,0.0000,0.00000,0.51754
3.88,0.12,1.0391,0.0000,0.00000,0.58216
4.12,0.12,1.0919,0.0000,0.00000,0.59459
4.38,0.12,1.0646,0.0000,0.00000,0.56923
4.62,0.12,1.0356,0.0000,0.00000,0.56117
4.88,0.12,1.0557,0.0000,0.00000,0.57206
5.12,0.12,1.0830,0.0000,0.00000,0.57699
5.38,0.12,1.0834,0.0000,0.00000,0.57423
5.62,0.12,1.0796,0.0000,0.00000,0.57769
5.88,0.12,1.0711,0.0000,0.00000,0.58997
6.12,0.12,1.0992,0.0000,0.00000,0.63002
6.38,0.12,1.1244,0.0011,0.00000,0.66443
6.62,0.12,1.1208,0.0256,0.00000,0.69355
6.88,0.12,1.1913,0.2938,0.00000,0.81832
7.12,0.12,1.0687,1.3741,0.00000,0.81313
7.38,0.12,0.6623,3.0386,0.00000,0.53384
2.62,0.38,0.5716,0.0000,0.00000,0.51040
2.88,0.38,1.0834,0.0000,0.00000,0.85218
3.12,0.38,1.4652,0.0000,0.00000,0.94228
3.38,0.38,1.4367,0.0000,0.00000,0.76811
3.62,0.38,1.3031,0.0000,0.00000,0.71290
3.88,0.38,1.3508,0.0000,0.00000,0.79120
4.12,0.38,1.4246,0.0000,0.00000,0.80656
4.38,0.38,1.4021,0.0000,0.00000,0.76979
4.62,0.38,1.3681,0.0000,0.00000,0.75766
4.88,0.38,1.3807,0.0000,0.00000,0.77069
5.12,0.38,1.4033,0.0000,0.00000,0.77986
5.38,0.38,1.4142,0.0000,0.00000,0.78916
5.62,0.38,1.4059,0.0000,0.00000,0.79543
5.88,0.38,1.3824,0.0000,0.00000,0.80209
6.12,0.38,1.4342,0.0003,0.00000,0.85556
6.38,0.38,1.4484,0.0033,0.00000,0.88240
6.62,0.38,1.4045,0.0614,0.00000,0.87295
6.88,0.38,1.5216,0.7059,0.00000,1.02664
7.12,0.38,1.3999,3.3147,0.00000,1.05457
7.38,0.38,0.8761,7.3396,0.00000,0.70746
2.62,0.62,0.5632,0.0000,0.00000,0.45235
2.88,0.62,1.1024,0.0000,0.00000,0.80528
3.12,0.62,1.5256,0.0000,0.00000,0.95353
3.38,0.62,1.4815,0.0000,0.00000,0.77717
3.62,0.62,1.3051,0.0000,0.00000,0.66292
3.88,0.62,1.3409,0.0000,0.00000,0.71436
4.12,0.62,1.4248,0.0000,0.00000,0.73114
4.38,0.62,1.4159,0.0000,0.00000,0.69358
4.62,0.62,1.3916,0.0000,0.00000,0.68414
4.88,0.62,1.3974,0.0000,0.00000,0.69870
5.12,0.62,1.4043,0.0000,0.00000,0.70533
5.38,0.62,1.4278,0.0000,0.00000,0.72821
5.62,0.62,1.4263,0.0000,0.00000,0.74744
5.88,0.62,1.3918,0.0001,0.00000,0.74830
6.12,0.62,1.4513,0.0011,0.00000,0.79804
6.38,0.62,1.4510,0.0075,0.00000,0.81238
6.62,0.62,1.3930,0.0830,0.00000,0.77205
6.88,0.62,1.5386,0.9034,0.00000,0.89851
7.12,0.62,1.4158,4.2410,0.00000,0.93094
7.38,0.62,0.8759,9.3977,0.00000,0.62697
2.62,0.88,0.3267,0.0000,0.00000,0.22556
2.88,0.88,0.7266,0.0000,0.00000,0.46563
3.12,0.88,1.1235,0.0000,0.00000,0.64090
3.38,0.88,1.1470,0.0000,0.00000,0.56039
3.62,0.88,1.0071,0.0000,0.00000,0.44800
3.88,0.88,1.0265,0.0000,0.00000,0.45987
4.12,0.88,1.0966,0.0000,0.00000,0.47370
4.38,0.88,1.0995,0.0000,0.00000,0.44718
4.62,0.88,1.0960,0.0000,0.00000,0.44526
4.88,0.88,1.1036,0.0000,0.00000,0.45597
5.12,0.88,1.0978,0.0000,0.00000,0.45355
5.38,0.88,1.1236,0.0000,0.00000,0.47755
5.62,0.88,1.1338,0.0000,0.00000,0.50226
5.88,0.88,1.1081,0.0002,0.00000,0.50027
6.12,0.88,1.1596,0.0019,0.00000,0.53187
6.38,0.88,1.1548,0.0096,0.00000,0.53789
6.62,0.88,1.1181,0.0538,0.00000,0.50399
6.88,0.88,1.2471,0.4954,0.00000,0.57337
7.12,0.88,1.1133,2.3051,0.00000,0.57442
7.38,0.88,0.6647,5.1076,0.00000,0.37782
2.62,1.12,0.1422,0.0000,0.00000,0.07994
2.88,1.12,0.3987,0.0000,0.00000,0.20888
3.12,1.12,0.7372,0.0000,0.00000,0.35325
3.38,1.12,0.8457,0.0000,0.00000,0.35991
3.62,1.12,0.7813,0.0000,0.00000,0.30164
3.88,1.12,0.7949,0.0000,0.00000,0.30149
4.12,1.12,0.8453,0.0000,0.00000,0.31099
4.38,1.12,0.8518,0.0000,0.00000,0.29620
4.62,1.12,0.8609,0.0000,0.00000,0.29726
4.88,1.12,0.8739,0.0000,0.00000,0.30161
5.12,1.12,0.8694,0.0000,0.00000,0.29581
5.38,1.12,0.8968,0.0000,0.00000,0.31508
5.62,1.12,0.9154,0.0000,0.00000,0.33290
5.88,1.12,0.9015,0.0001,0.00000,0.32568
6.12,1.12,0.9440,0.0011,0.00000,0.33945
6.38,1.12,0.9449,0.0053,0.00000,0.34326
6.62,1.12,0.9386,0.0168,0.00000,0.33389
6.88,1.12,1.0304,0.1090,0.00000,0.37131
7.12,1.12,0.8576,0.4931,0.00000,0.33979
7.38,1.12,0.4789,1.0911,0.00000,0.20859
2.62,1.38,0.0710,0.0000,0.00000,0.02614
2.88,1.38,0.2492,0.0000,0.00000,0.08772
3.12,1.38,0.5527,0.0000,0.00000,0.18861
3.38,1.38,0.7397,0.0000,0.00000,0.24617
3.62,1.38,0.7378,0.0000,0.00000,0.24035
3.88,1.38,0.7435,0.0000,0.00000,0.23553
4.12,1.38,0.7815,0.0000,0.00000,0.23865
4.38,1.38,0.7897,0.0000,0.00000,0.23424
4.62,1.38,0.8023,0.0000,0.00000,0.23170
4.88,1.38,0.8206,0.0000,0.00000,0.22908
5.12,1.38,0.8221,0.0000,0.00000,0.22575
5.38,1.38,0.8519,0.0000,0.00000,0.24334
5.62,1.38,0.8741,0.0000,0.00000,0.25596
5.88,1.38,0.8665,0.0000,0.00000,0.24629
6.12,1.38,0.9025,0.0003,0.00000,0.24909
6.38,1.38,0.9061,0.0011,0.00000,0.25065
6.62,1.38,0.9369,0.0025,0.00000,0.25951
6.88,1.38,1.0091,0.0095,0.00000,0.28914
7.12,1.38,0.7650,0.0400,0.00000,0.24287
7.38,1.38,0.3866,0.0881,0.00000,0.13764
2.62,1.62,0.0447,0.0000,0.00000,0.00870
2.88,1.62,0.1820,0.0000,0.00000,0.03761
3.12,1.62,0.4700,0.0000,0.00000,0.10738
3.38,1.62,0.7224,0.0000,0.00000,0.18317
3.62,1.62,0.7691,0.0000,0.00000,0.20615
3.88,1.62,0.7655,0.0000,0.00000,0.19552
4.12,1.62,0.8012,0.0000,0.00000,0.19135
4.38,1.62,0.8218,0.0000,0.00000,0.19298
4.62,1.62,0.8382,0.0000,0.00000,0.18689
4.88,1.62,0.8584,0.0000,0.00000,0.17981
5.12,1.62,0.8645,0.0000,0.00000,0.17882
5.38,1.62,0.8925,0.0000,0.00000,0.19211
5.62,1.62,0.9166,0.0000,0.00000,0.20318
5.88,1.62,0.9201,0.0000,0.00000,0.20096
6.12,1.62,0.9538,0.0000,0.00000,0.20285
6.38,1.62,0.9513,0.0001,0.00000,0.20020
6.62,1.62,1.0197,0.0002,0.00000,0.21624
6.88,1.62,1.0927,0.0003,0.00000,0.24621
7.12,1.62,0.7673,0.0012,0.00000,0.19788
7.38,1.62,0.3498,0.0026,0.00000,0.10616
2.62,1.88,0.0287,0.0000,0.00000,0.00326
2.88,1.88,0.1327,0.0000,0.00000,0.01778
3.12,1.88,0.3949,0.0000,0.00000,0.06379
3.38,1.88,0.6885,0.0000,0.00000,0.13019
3.62,1.88,0.7893,0.0000,0.00000,0.16225
3.88,1.88,0.7906,0.0000,0.00000,0.15458
4.12,1.88,0.8251,0.0000,0.00000,0.14697
4.38,1.88,0.8608,0.0000,0.00000,0.14716
4.62,1.88,0.8881,0.0000,0.00000,0.14362
4.88,1.88,0.9158,0.0000,0.00000,0.14128
5.12,1.88,0.9282,0.0000,0.00000,0.14223
5.38,1.88,0.9516,0.0000,0.00000,0.14771
5.62,1.88,0.9742,0.0000,0.00000,0.15673
5.88,1.88,0.9869,0.0000,0.00000,0.16197
6.12,1.88,1.0199,0.0000,0.00000,0.16523
6.38,1.88,1.0113,0.0000,0.00000,0.16166
6.62,1.88,1.1110,0.0000,0.00000,0.18229
6.88,1.88,1.1909,0.0000,0.00000,0.21417
7.12,1.88,0.7962,0.0000,0.00000,0.16729
7.38,1.88,0.3355,0.0000,0.00000,0.08551
2.62,2.12,0.0172,0.0000,0.00000,0.00134
2.88,2.12,0.0905,0.0000,0.00000,0.00859
3.12,2.12,0.3122,0.0000,0.00000,0.03573
3.38,2.12,0.6244,0.0000,0.00000,0.08330
3.62,2.12,0.7934,0.0000,0.00000,0.11623
3.88,2.12,0.8160,0.0000,0.00000,0.11655
4.12,2.12,0.8385,0.0000,0.00000,0.10819
4.38,2.12,0.8785,0.0000,0.00000,0.10725
4.62,2.12,0.9176,0.0000,0.00000,0.11051
4.88,2.12,0.9546,0.0000,0.00000,0.11571
5.12,2.12,0.9704,0.0000,0.00000,0.11861
5.38,2.12,0.9892,0.0000,0.00000,0.11890
5.62,2.12,1.0103,0.0000,0.00000,0.12387
5.88,2.12,1.0338,0.0000,0.00000,0.13146
6.12,2.12,1.0695,0.0000,0.00000,0.13715
6.38,2.12,1.0527,0.0000,0.00000,0.13532
6.62,2.12,1.1724,0.0000,0.00000,0.15384
6.88,2.12,1.2641,0.0000,0.00000,0.18104
7.12,2.12,0.8286,0.0000,0.00000,0.13917
7.38,2.12,0.3361,0.0000,0.00000,0.06946
2.62,2.38,0.0095,0.0000,0.00000,0.00059
2.88,2.38,0.0583,0.0000,0.00000,0.00444
3.12,2.38,0.2358,0.0000,0.00000,0.02083
3.38,2.38,0.5444,0.0000,0.00000,0.05426
3.62,2.38,0.7750,0.0000,0.00000,0.08547
3.88,2.38,0.8311,0.0000,0.00000,0.09266
4.12,2.38,0.8458,0.0000,0.00000,0.08391
4.38,2.38,0.8871,0.0000,0.00000,0.08293
4.62,2.38,0.9318,0.0000,0.00000,0.09016
4.88,2.38,0.9720,0.0000,0.00000,0.09796
5.12,2.38,0.9933,0.0000,0.00000,0.10299
5.38,2.38,1.0117,0.0000,0.00000,0.10443
5.62,2.38,1.0362,0.0000,0.00000,0.10618
5.88,2.38,1.0780,0.0000,0.00000,0.11072
6.12,2.38,1.1174,0.0000,0.00000,0.11620
6.38,2.38,1.0871,0.0000,0.00000,0.11518
6.62,2.38,1.2158,0.0000,0.00000,0.12794
6.88,2.38,1.3228,0.0000,0.00000,0.14561
7.12,2.38,0.8689,0.0000,0.00000,0.10986
7.38,2.38,0.3519,0.0000,0.00000,0.05429
2.62,2.62,0.0049,0.0000,0.00000,0.00031
2.88,2.62,0.0365,0.0000,0.00000,0.00269
3.12,2.62,0.1729,0.0000,0.00000,0.01368
3.38,2.62,0.4588,0.0000,0.00000,0.03804
3.62,2.62,0.7336,0.0000,0.00000,0.06515
3.88,2.62,0.8393,0.0000,0.00000,0.07628
4.12,2.62,0.8632,0.0000,0.00000,0.07076
4.38,2.62,0.9036,0.0000,0.00000,0.07009
4.62,2.62,0.9487,0.0000,0.00000,0.07648
4.88,2.62,0.9917,0.0000,0.00000,0.08331
5.12,2.62,1.0289,0.0000,0.00000,0.09001
5.38,2.62,1.0549,0.0000,0.00000,0.09460
5.62,2.62,1.0763,0.0000,0.00000,0.09468
5.88,2.62,1.1254,0.0000,0.00000,0.09475
6.12,2.62,1.1650,0.0000,0.00000,0.09770
6.38,2.62,1.1208,0.0000,0.00000,0.09649
6.62,2.62,1.2506,0.0000,0.00000,0.10604
6.88,2.62,1.3714,0.0000,0.00000,0.11765
7.12,2.62,0.9103,0.0000,0.00000,0.08697
7.38,2.62,0.3738,0.0000,0.00000,0.04243
2.62,2.88,0.0024,0.0000,0.00000,0.00014
2.88,2.88,0.0215,0.0000,0.00000,0.00132
3.12,2.88,0.1192,0.0000,0.00000,0.00740
3.38,2.88,0.3697,0.0000,0.00000,0.02330
3.62,2.88,0.6772,0.0000,0.00000,0.04632
3.88,2.88,0.8430,0.0000,0.00000,0.06188
4.12,2.88,0.8818,0.0000,0.00000,0.06161
4.38,2.88,0.9142,0.0000,0.00000,0.06065
4.62,2.88,0.9615,0.0000,0.00000,0.06656
4.88,2.88,1.0093,0.0000,0.00000,0.07310
5.12,2.88,1.0608,0.0000,0.00000,0.07808
5.38,2.88,1.0975,0.0000,0.00000,0.08131
5.62,2.88,1.1108,0.0000,0.00000,0.08048
5.88,2.88,1.1603,0.0000,0.00000,0.08011
6.12,2.88,1.2062,0.0000,0.00000,0.08213
6.38,2.88,1.1489,0.0000,0.00000,0.08008
6.62,2.88,1.2733,0.0000,0.00000,0.08879
6.88,2.88,1.4114,0.0000,0.00000,0.10066
7.12,2.88,0.9538,0.0000,0.00000,0.07471
7.38,2.88,0.4010,0.0000,0.00000,0.03618
2.62,3.12,0.0011,0.0000,0.00000,0.00004
2.88,3.12,0.0115,0.0000,0.00000,0.00047
3.12,3.12,0.0758,0.0000,0.00000,0.00327
3.38,3.12,0.2808,0.0000,0.00000,0.01340
3.62,3.12,0.5991,0.0000,0.00000,0.03359
3.88,3.12,0.8270,0.0000,0.00000,0.05207
4.12,3.12,0.8923,0.0000,0.00000,0.05484
4.38,3.12,0.9178,0.0000,0.00000,0.05362
4.62,3.12,0.9706,0.0000,0.00000,0.05991
4.88,3.12,1.0277,0.0000,0.00000,0.06505
5.12,3.12,1.0853,0.0000,0.00000,0.06594
5.38,3.12,1.1289,0.0000,0.00000,0.06649
5.62,3.12,1.1392,0.0000,0.00000,0.06686
5.88,3.12,1.1929,0.0000,0.00000,0.06948
6.12,3.12,1.2524,0.0000,0.00000,0.07297
6.38,3.12,1.1848,0.0000,0.00000,0.07036
6.62,3.12,1.2974,0.0000,0.00000,0.07844
6.88,3.12,1.4539,0.0000,0.00000,0.09193
7.12,3.12,1.0063,0.0000,0.00000,0.06939
7.38,3.12,0.4368,0.0000,0.00000,0.03370
2.62,3.38,0.0005,0.0000,0.00000,0.00001
2.88,3.38,0.0058,0.0000,0.00000,0.00019
3.12,3.38,0.0454,0.0000,0.00000,0.00168
3.38,3.38,0.1998,0.0000,0.00000,0.00862
3.62,3.38,0.5003,0.0000,0.00000,0.02510
3.88,3.38,0.7868,0.0000,0.00000,0.04309
4.12,3.38,0.9088,0.0000,0.00000,0.04916
4.38,3.38,0.9421,0.0000,0.00000,0.05023
4.62,3.38,0.9908,0.0000,0.00000,0.05657
4.88,3.38,1.0548,0.0000,0.00000,0.06078
5.12,3.38,1.1189,0.0000,0.00000,0.06024
5.38,3.38,1.1669,0.0000,0.00000,0.06031
5.62,3.38,1.1769,0.0000,0.00000,0.06245
5.88,3.38,1.2308,0.0000,0.00000,0.06675
6.12,3.38,1.3029,0.0000,0.00000,0.06979
6.38,3.38,1.2333,0.0000,0.00000,0.06624
6.62,3.38,1.3329,0.0000,0.00000,0.07420
6.88,3.38,1.5040,0.0000,0.00000,0.08837
7.12,3.38,1.0687,0.0000,0.00000,0.06740
7.38,3.38,0.4811,0.0000,0.00000,0.03298
2.62,3.62,0.0002,0.0000,0.00000,0.00000
2.88,3.62,0.0030,0.0000,0.00000,0.00008
3.12,3.62,0.0267,0.0000,0.00000,0.00089
3.38,3.62,0.1359,0.0000,0.00000,0.00541
3.62,3.62,0.3981,0.0000,0.00000,0.01828
3.88,3.62,0.7213,0.0000,0.00000,0.03597
4.12,3.62,0.9157,0.0000,0.00000,0.04606
4.38,3.62,0.9761,0.0000,0.00000,0.04854
4.62,3.62,1.0173,0.0000,0.00000,0.05308
4.88,3.62,1.0810,0.0000,0.00000,0.05824
5.12,3.62,1.1499,0.0000,0.00000,0.05982
5.38,3.62,1.2063,0.0000,0.00000,0.06088
5.62,3.62,1.2226,0.0000,0.00000,0.06320
5.88,3.62,1.2718,0.0000,0.00000,0.06567
6.12,3.62,1.3558,0.0000,0.00000,0.06591
6.38,3.62,1.2909,0.0000,0.00000,0.06226
6.62,3.62,1.3711,0.0000,0.00000,0.07157
6.88,3.62,1.5546,0.0000,0.00000,0.08624
7.12,3.62,1.1412,0.0000,0.00000,0.06591
7.38,3.62,0.5368,0.0000,0.00000,0.03228
2.62,3.88,0.0001,0.0000,0.00000,0.00000
2.88,3.88,0.0017,0.0000,0.00000,0.00004
3.12,3.88,0.0163,0.0000,0.00000,0.00048
3.38,3.88,0.0921,0.0000,0.00000,0.00354
3.62,3.88,0.3087,0.0000,0.00000,0.01431
3.88,3.88,0.6386,0.0000,0.00000,0.03197
4.12,3.88,0.8979,0.0000,0.00000,0.04508
4.38,3.88,1.0006,0.0000,0.00000,0.04920
4.62,3.88,1.0400,0.0000,0.00000,0.05116
4.88,3.88,1.0988,0.0000,0.00000,0.05501
5.12,3.88,1.1754,0.0000,0.00000,0.05750
5.38,3.88,1.2507,0.0000,0.00000,0.05864
5.62,3.88,1.2733,0.0000,0.00000,0.05926
5.88,3.88,1.3123,0.0000,0.00000,0.06017
6.12,3.88,1.4144,0.0000,0.00000,0.06237
6.38,3.88,1.3583,0.0000,0.00000,0.06123
6.62,3.88,1.4035,0.0000,0.00000,0.06775
6.88,3.88,1.5921,0.0000,0.00000,0.07812
7.12,3.88,1.2184,0.0000,0.00000,0.06033
7.38,3.88,0.6055,0.0000,0.00000,0.03059
2.62,4.12,0.0001,0.0000,0.00000,0.00000
2.88,4.12,0.0011,0.0000,0.00000,0.00002
3.12,4.12,0.0104,0.0000,0.00000,0.00028
3.38,4.12,0.0626,0.0000,0.00000,0.00238
3.62,4.12,0.2332,0.0000,0.00000,0.01072
3.88,4.12,0.5457,0.0000,0.00000,0.02674
4.12,4.12,0.8585,0.0000,0.00000,0.04268
4.38,4.12,1.0194,0.0000,0.00000,0.05030
4.62,4.12,1.0674,0.0000,0.00000,0.05068
4.88,4.12,1.1176,0.0000,0.00000,0.05195
5.12,4.12,1.2031,0.0000,0.00000,0.05448
5.38,4.12,1.2992,0.0000,0.00000,0.05647
5.62,4.12,1.3194,0.0000,0.00000,0.05605
5.88,4.12,1.3439,0.0000,0.00000,0.05596
6.12,4.12,1.4687,0.0000,0.00000,0.06135
6.38,4.12,1.4239,0.0000,0.00000,0.06247
6.62,4.12,1.4257,0.0000,0.00000,0.06425
6.88,4.12,1.6201,0.0000,0.00000,0.06964
7.12,4.12,1.3051,0.0000,0.00000,0.05557
7.38,4.12,0.6896,0.0000,0.00000,0.03010
2.62,4.38,0.0001,0.0000,0.00000,0.00000
2.88,4.38,0.0008,0.0000,0.00000,0.00001
3.12,4.38,0.0070,0.0000,0.00000,0.00019
3.38,4.38,0.0435,0.0000,0.00000,0.00151
3.62,4.38,0.1748,0.0000,0.00000,0.00713
3.88,4.38,0.4555,0.0000,0.00000,0.02043
4.12,4.38,0.7963,0.0000,0.00000,0.03785
4.38,4.38,1.0176,0.0000,0.00000,0.04812
4.62,4.38,1.0968,0.0000,0.00000,0.04797
4.88,4.38,1.1455,0.0000,0.00000,0.04733
5.12,4.38,1.2340,0.0000,0.00000,0.05022
5.38,4.38,1.3499,0.0000,0.00000,0.05504
5.62,4.38,1.3709,0.0000,0.00000,0.05625
5.88,4.38,1.3764,0.0000,0.00000,0.05488
6.12,4.38,1.5156,0.0000,0.00000,0.06017
6.38,4.38,1.4824,0.0000,0.00000,0.06110
6.62,4.38,1.4362,0.0000,0.00000,0.05917
6.88,4.38,1.6377,0.0000,0.00000,0.06447
7.12,4.38,1.3997,0.0000,0.00000,0.05602
7.38,4.38,0.7878,0.0000,0.00000,0.03292
2.62,4.62,0.0001,0.0000,0.00000,0.00000
2.88,4.62,0.0006,0.0000,0.00000,0.00001
3.12,4.62,0.0055,0.0000,0.00000,0.00014
3.38,4.62,0.0326,0.0000,0.00000,0.00104
3.62,4.62,0.1351,0.0000,0.00000,0.00498
3.88,4.62,0.3787,0.0000,0.00000,0.01611
4.12,4.62,0.7236,0.0000,0.00000,0.03328
4.38,4.62,1.0042,0.0000,0.00000,0.04478
4.62,4.62,1.1365,0.0000,0.00000,0.04556
4.88,4.62,1.1889,0.0000,0.00000,0.04430
5.12,4.62,1.2655,0.0000,0.00000,0.04683
5.38,4.62,1.3951,0.0000,0.00000,0.05382
5.62,4.62,1.4258,0.0000,0.00000,0.05755
5.88,4.62,1.4124,0.0000,0.00000,0.05513
6.12,4.62,1.5606,0.0000,0.00000,0.05907
6.38,4.62,1.5472,0.0000,0.00000,0.05972
6.62,4.62,1.4522,0.0000,0.00000,0.05525
6.88,4.62,1.6574,0.0000,0.00000,0.06157
7.12,4.62,1.5052,0.0000,0.00000,0.05807
7.38,4.62,0.8988,0.0000,0.00000,0.03628
2.62,4.88,0.0000,0.0000,0.00000,0.00000
2.88,4.88,0.0005,0.0000,0.00000,0.00001
3.12,4.88,0.0044,0.0000,0.00000,0.00009
3.38,4.88,0.0261,0.0000,0.00000,0.00071
3.62,4.88,0.1087,0.0000,0.00000,0.00370
3.88,4.88,0.3168,0.0000,0.00000,0.01331
4.12,4.88,0.6506,0.0000,0.00000,0.03000
4.38,4.88,0.9795,0.0000,0.00000,0.04350
4.62,4.88,1.1728,0.0000,0.00000,0.04689
4.88,4.88,1.2380,0.0000,0.00000,0.04604
5.12,4.88,1.2971,0.0000,0.00000,0.04809
5.38,4.88,1.4340,0.0000,0.00000,0.05618
5.62,4.88,1.4789,0.0000,0.00000,0.06068
5.88,4.88,1.4485,0.0000,0.00000,0.05582
6.12,4.88,1.6042,0.0000,0.00000,0.05645
6.38,4.88,1.6163,0.0000,0.00000,0.05587
6.62,4.88,1.4641,0.0000,0.00000,0.05068
6.88,4.88,1.6625,0.0000,0.00000,0.05755
7.12,4.88,1.6029,0.0000,0.00000,0.05656
7.38,4.88,1.0092,0.0000,0.00000,0.03630
2.62,5.12,0.0000,0.0000,0.00000,0.00000
2.88,5.12,0.0004,0.0000,0.00000,0.00000
3.12,5.12,0.0036,0.0000,0.00000,0.00006
3.38,5.12,0.0224,0.0000,0.00000,0.00049
3.62,5.12,0.0920,0.0000,0.00000,0.00270
3.88,5.12,0.2698,0.0000,0.00000,0.01031
4.12,5.12,0.5792,0.0000,0.00000,0.02559
4.38,5.12,0.9336,0.0000,0.00000,0.04208
4.62,5.12,1.1893,0.0000,0.00000,0.05011
4.88,5.12,1.2824,0.0000,0.00000,0.05001
5.12,5.12,1.3276,0.0000,0.00000,0.05148
5.38,5.12,1.4721,0.0000,0.00000,0.06026
5.62,5.12,1.5354,0.0000,0.00000,0.06379
5.88,5.12,1.4803,0.0000,0.00000,0.05574
6.12,5.12,1.6392,0.0000,0.00000,0.05371
6.38,5.12,1.6866,0.0000,0.00000,0.05275
6.62,5.12,1.4765,0.0000,0.00000,0.04724
6.88,5.12,1.6647,0.0000,0.00000,0.05412
7.12,5.12,1.7054,0.0000,0.00000,0.05487
7.38,5.12,1.1272,0.0000,0.00000,0.03598
2.62,5.38,0.0000,0.0000,0.00000,0.00000
2.88,5.38,0.0003,0.0000,0.00000,0.00000
3.12,5.38,0.0032,0.0000,0.00000,0.00005
3.38,5.38,0.0205,0.0000,0.00000,0.00041
3.62,5.38,0.0820,0.0000,0.00000,0.00208
3.88,5.38,0.2376,0.0000,0.00000,0.00781
4.12,5.38,0.5228,0.0000,0.00000,0.02094
4.38,5.38,0.8884,0.0000,0.00000,0.03921
4.62,5.38,1.1978,0.0000,0.00000,0.05228
4.88,5.38,1.3284,0.0000,0.00000,0.05410
5.12,5.38,1.3633,0.0000,0.00000,0.05404
5.38,5.38,1.5066,0.0000,0.00000,0.06153
5.62,5.38,1.5900,0.0000,0.00000,0.06396
5.88,5.38,1.5080,0.0000,0.00000,0.05432
6.12,5.38,1.6671,0.0000,0.00000,0.05264
6.38,5.38,1.7594,0.0000,0.00000,0.05344
6.62,5.38,1.4988,0.0000,0.00000,0.04567
6.88,5.38,1.6776,0.0000,0.00000,0.05028
7.12,5.38,1.8158,0.0000,0.00000,0.05309
7.38,5.38,1.2495,0.0000,0.00000,0.03606
2.62,5.62,0.0000,0.0000,0.00000,0.00000
2.88,5.62,0.0003,0.0000,0.00000,0.00000
3.12,5.62,0.0032,0.0000,0.00000,0.00005
3.38,5.62,0.0197,0.0000,0.00000,0.00036
3.62,5.62,0.0767,0.0000,0.00000,0.00178
3.88,5.62,0.2191,0.0000,0.00000,0.00647
4.12,5.62,0.4857,0.0000,0.00000,0.01761
4.38,5.62,0.8510,0.0000,0.00000,0.03521
4.62,5.62,1.1990,0.0000,0.00000,0.05150
4.88,5.62,1.3712,0.0000,0.00000,0.05667
5.12,5.62,1.3989,0.0000,0.00000,0.05421
5.38,5.62,1.5318,0.0000,0.00000,0.05676
5.62,5.62,1.6419,0.0000,0.00000,0.05800
5.88,5.62,1.5398,0.0000,0.00000,0.05037
6.12,5.62,1.6957,0.0000,0.00000,0.05183
6.38,5.62,1.8344,0.0000,0.00000,0.05482
6.62,5.62,1.5256,0.0000,0.00000,0.04463
6.88,5.62,1.6887,0.0000,0.00000,0.04708
7.12,5.62,1.9138,0.0000,0.00000,0.05190
7.38,5.62,1.3591,0.0000,0.00000,0.03650
2.62,5.88,0.0000,0.0000,0.00000,0.00000
2.88,5.88,0.0003,0.0000,0.00000,0.00000
3.12,5.88,0.0033,0.0000,0.00000,0.00005
3.38,5.88,0.0193,0.0000,0.00000,0.00035
3.62,5.88,0.0731,0.0000,0.00000,0.00164
3.88,5.88,0.2067,0.0000,0.00000,0.00572
4.12,5.88,0.4582,0.0000,0.00000,0.01518
4.38,5.88,0.8170,0.0000,0.00000,0.03110
4.62,5.88,1.1951,0.0000,0.00000,0.04864
4.88,5.88,1.4114,0.0000,0.00000,0.05630
5.12,5.88,1.4363,0.0000,0.00000,0.05214
5.38,5.88,1.5586,0.0000,0.00000,0.05068
5.62,5.88,1.7003,0.0000,0.00000,0.05156
5.88,5.88,1.5848,0.0000,0.00000,0.04663
6.12,5.88,1.7300,0.0000,0.00000,0.05015
6.38,5.88,1.9030,0.0000,0.00000,0.05381
6.62,5.88,1.5465,0.0000,0.00000,0.04259
6.88,5.88,1.6923,0.0000,0.00000,0.04429
7.12,5.88,1.9957,0.0000,0.00000,0.05050
7.38,5.88,1.4539,0.0000,0.00000,0.03633
2.62,6.12,0.0000,0.0000,0.00000,0.00000
2.88,6.12,0.0003,0.0000,0.00000,0.00000
3.12,6.12,0.0033,0.0000,0.00000,0.00005
3.38,6.12,0.0187,0.0000,0.00000,0.00035
3.62,6.12,0.0700,0.0000,0.00000,0.00158
3.88,6.12,0.1972,0.0000,0.00000,0.00523
4.12,6.12,0.4384,0.0000,0.00000,0.01338
4.38,6.12,0.7906,0.0000,0.00000,0.02747
4.62,6.12,1.1903,0.0000,0.00000,0.04489
4.88,6.12,1.4495,0.0000,0.00000,0.05389
5.12,6.12,1.4735,0.0000,0.00000,0.04888
5.38,6.12,1.5888,0.0000,0.00000,0.04579
5.62,6.12,1.7613,0.0000,0.00000,0.04714
5.88,6.12,1.6309,0.0000,0.00000,0.04334
6.12,6.12,1.7651,0.0000,0.00000,0.04672
6.38,6.12,1.9686,0.0000,0.00000,0.05026
6.62,6.12,1.5656,0.0000,0.00000,0.03878
6.88,6.12,1.6922,0.0000,0.00000,0.03910
7.12,6.12,2.0636,0.0000,0.00000,0.04515
7.38,6.12,1.5344,0.0000,0.00000,0.03286
2.62,6.38,0.0000,0.0000,0.00000,0.00000
2.88,6.38,0.0003,0.0000,0.00000,0.00001
3.12,6.38,0.0033,0.0000,0.00000,0.00006
3.38,6.38,0.0188,0.0000,0.00000,0.00039
3.62,6.38,0.0697,0.0000,0.00000,0.00166
3.88,6.38,0.1926,0.0000,0.00000,0.00524
4.12,6.38,0.4252,0.0000,0.00000,0.01290
4.38,6.38,0.7730,0.0000,0.00000,0.02574
4.62,6.38,1.1920,0.0000,0.00000,0.04221
4.88,6.38,1.4903,0.0000,0.00000,0.05153
5.12,6.38,1.5113,0.0000,0.00000,0.04628
5.38,6.38,1.6179,0.0000,0.00000,0.04256
5.62,6.38,1.8159,0.0000,0.00000,0.04411
5.88,6.38,1.6730,0.0000,0.00000,0.04003
6.12,6.38,1.7970,0.0000,0.00000,0.04235
6.38,6.38,2.0238,0.0000,0.00000,0.04599
6.62,6.38,1.5806,0.0000,0.00000,0.03493
6.88,6.38,1.6954,0.0000,0.00000,0.03430
7.12,6.38,2.1312,0.0000,0.00000,0.04013
7.38,6.38,1.6121,0.0000,0.00000,0.02954
2.62,6.62,0.0000,0.0000,0.00000,0.00000
2.88,6.62,0.0004,0.0000,0.00000,0.00001
3.12,6.62,0.0035,0.0000,0.00000,0.00007
3.38,6.62,0.0199,0.0000,0.00000,0.00043
3.62,6.62,0.0719,0.0000,0.00000,0.00175
3.88,6.62,0.1917,0.0000,0.00000,0.00535
4.12,6.62,0.4197,0.0000,0.00000,0.01293
4.38,6.62,0.7679,0.0000,0.00000,0.02527
4.62,6.62,1.2016,0.0000,0.00000,0.04096
4.88,6.62,1.5322,0.0000,0.00000,0.05041
5.12,6.62,1.5524,0.0000,0.00000,0.04533
5.38,6.62,1.6478,0.0000,0.00000,0.04101
5.62,6.62,1.8660,0.0000,0.00000,0.04208
5.88,6.62,1.7164,0.0000,0.00000,0.03725
6.12,6.62,1.8302,0.0000,0.00000,0.03838
6.38,6.62,2.0730,0.0000,0.00000,0.04188
6.62,6.62,1.5980,0.0000,0.00000,0.03181
6.88,6.62,1.7071,0.0000,0.00000,0.03171
7.12,6.62,2.1992,0.0000,0.00000,0.03818
7.38,6.62,1.6855,0.0000,0.00000,0.02850
2.62,6.88,0.0000,0.0000,0.00000,0.00000
2.88,6.88,0.0004,0.0000,0.00000,0.00001
3.12,6.88,0.0037,0.0000,0.00000,0.00006
3.38,6.88,0.0211,0.0000,0.00000,0.00044
3.62,6.88,0.0751,0.0000,0.00000,0.00176
3.88,6.88,0.1951,0.0000,0.00000,0.00505
4.12,6.88,0.4244,0.0000,0.00000,0.01185
4.38,6.88,0.7762,0.0000,0.00000,0.02339
4.62,6.88,1.2183,0.0000,0.00000,0.03910
4.88,6.88,1.5727,0.0000,0.00000,0.04975
5.12,6.88,1.5868,0.0000,0.00000,0.04518
5.38,6.88,1.6665,0.0000,0.00000,0.04036
5.62,6.88,1.9070,0.0000,0.00000,0.04136
5.88,6.88,1.7623,0.0000,0.00000,0.03636
6.12,6.88,1.8676,0.0000,0.00000,0.03613
6.38,6.88,2.1237,0.0000,0.00000,0.03865
6.62,6.88,1.6200,0.0000,0.00000,0.02930
6.88,6.88,1.7194,0.0000,0.00000,0.02984
7.12,6.88,2.2573,0.0000,0.00000,0.03677
7.38,6.88,1.7482,0.0000,0.00000,0.02772
2.62,7.12,0.0000,0.0000,0.00000,0.00000
2.88,7.12,0.0005,0.0000,0.00000,0.00001
3.12,7.12,0.0041,0.0000,0.00000,0.00007
3.38,7.12,0.0227,0.0000,0.00000,0.00049
3.62,7.12,0.0790,0.0000,0.00000,0.00189
3.88,7.12,0.1999,0.0000,0.00000,0.00495
4.12,7.12,0.4318,0.0000,0.00000,0.01093
4.38,7.12,0.7906,0.0000,0.00000,0.02144
4.62,7.12,1.2429,0.0000,0.00000,0.03648
4.88,7.12,1.6146,0.0000,0.00000,0.04779
5.12,7.12,1.6182,0.0000,0.00000,0.04468
5.38,7.12,1.6758,0.0000,0.00000,0.04065
5.62,7.12,1.9361,0.0000,0.00000,0.04211
5.88,7.12,1.8067,0.0000,0.00000,0.03681
6.12,7.12,1.9028,0.0000,0.00000,0.03507
6.38,7.12,2.1671,0.0000,0.00000,0.03676
6.62,7.12,1.6409,0.0000,0.00000,0.02780
6.88,7.12,1.7321,0.0000,0.00000,0.02846
7.12,7.12,2.3083,0.0000,0.00000,0.03547
7.38,7.12,1.8028,0.0000,0.00000,0.02691
2.62,7.38,0.0000,0.0000,0.00000,0.00000
2.88,7.38,0.0005,0.0000,0.00000,0.00001
3.12,7.38,0.0044,0.0000,0.00000,0.00008
3.38,7.38,0.0241,0.0000,0.00000,0.00055
3.62,7.38,0.0829,0.0000,0.00000,0.00209
3.88,7.38,0.2055,0.0000,0.00000,0.00523
4.12,7.38,0.4406,0.0000,0.00000,0.01105
4.38,7.38,0.8078,0.0000,0.00000,0.02090
4.62,7.38,1.2712,0.0000,0.00000,0.03428
4.88,7.38,1.6581,0.0000,0.00000,0.04460
5.12,7.38,1.6557,0.0000,0.00000,0.04291
5.38,7.38,1.6895,0.0000,0.00000,0.04042
5.62,7.38,1.9603,0.0000,0.00000,0.04228
5.88,7.38,1.8512,0.0000,0.00000,0.03655
6.12,7.38,1.9398,0.0000,0.00000,0.03423
6.38,7.38,2.2077,0.0000,0.00000,0.03600
6.62,7.38,1.6650,0.0000,0.00000,0.02708
6.88,7.38,1.7490,0.0000,0.00000,0.02794
7.12,7.38,2.3543,0.0000,0.00000,0.03590
7.38,7.38,1.8495,0.0000,0.00000,0.02765
2.62,7.62,0.0000,0.0000,0.00000,0.00000
2.88,7.62,0.0005,0.0000,0.00000,0.00001
3.12,7.62,0.0045,0.0000,0.00000,0.00009
3.38,7.62,0.0251,0.0000,0.00000,0.00059
3.62,7.62,0.0872,0.0000,0.00000,0.00225
3.88,7.62,0.2141,0.0000,0.00000,0.00561
4.12,7.62,0.4546,0.0000,0.00000,0.01176
4.38,7.62,0.8320,0.0000,0.00000,0.02159
4.62,7.62,1.3028,0.0000,0.00000,0.03356
4.88,7.62,1.6985,0.0000,0.00000,0.04270
5.12,7.62,1.6950,0.0000,0.00000,0.04181
5.38,7.62,1.7057,0.0000,0.00000,0.03940
5.62,7.62,1.9795,0.0000,0.00000,0.04067
5.88,7.62,1.8934,0.0000,0.00000,0.03559
6.12,7.62,1.9777,0.0000,0.00000,0.03370
6.38,7.62,2.2497,0.0000,0.00000,0.03565
6.62,7.62,1.6989,0.0000,0.00000,0.02682
6.88,7.62,1.7753,0.0000,0.00000,0.02783
7.12,7.62,2.3985,0.0000,0.00000,0.03658
7.38,7.62,1.8907,0.0000,0.00000,0.02853
2.62,7.88,0.0000,0.0000,0.00000,0.00000
2.88,7.88,0.0005,0.0000,0.00000,0.00001
3.12,7.88,0.0045,0.0000,0.00000,0.00009
3.38,7.88,0.0257,0.0000,0.00000,0.00061
3.62,7.88,0.0918,0.0000,0.00000,0.00242
3.88,7.88,0.2242,0.0000,0.00000,0.00607
4.12,7.88,0.4686,0.0000,0.00000,0.01261
4.38,7.88,0.8566,0.0000,0.00000,0.02282
4.62,7.88,1.3346,0.0000,0.00000,0.03445
4.88,7.88,1.7323,0.0000,0.00000,0.04324
5.12,7.88,1.7316,0.0000,0.00000,0.04238
5.38,7.88,1.7252,0.0000,0.00000,0.03863
5.62,7.88,2.0004,0.0000,0.00000,0.03915
5.88,7.88,1.9352,0.0000,0.00000,0.03510
6.12,7.88,2.0048,0.0000,0.00000,0.03317
6.38,7.88,2.2770,0.0000,0.00000,0.03490
6.62,7.88,1.7360,0.0000,0.00000,0.02636
6.88,7.88,1.8071,0.0000,0.00000,0.02659
7.12,7.88,2.4369,0.0000,0.00000,0.03461
7.38,7.88,1.9241,0.0000,0.00000,0.02704
11.62,7.88,0.3170,0.0000,0.00000,0.06960
2.62,8.12,0.0001,0.0000,0.00000,0.00000
2.88,8.12,0.0006,0.0000,0.00000,0.00001
3.12,8.12,0.0048,0.0000,0.00000,0.00009
3.38,8.12,0.0268,0.0000,0.00000,0.00065
3.62,8.12,0.0972,0.0000,0.00000,0.00266
3.88,8.12,0.2348,0.0000,0.00000,0.00661
4.12,8.12,0.4832,0.0000,0.00000,0.01350
4.38,8.12,0.8836,0.0000,0.00000,0.02428
4.62,8.12,1.3657,0.0000,0.00000,0.03603
4.88,8.12,1.7613,0.0000,0.00000,0.04446
5.12,8.12,1.7690,0.0000,0.00000,0.04284
5.38,8.12,1.7479,0.0000,0.00000,0.03771
5.62,8.12,2.0265,0.0000,0.00000,0.03833
5.88,8.12,1.9908,0.0000,0.00000,0.03575
6.12,8.12,2.0375,0.0000,0.00000,0.03404
6.38,8.12,2.3004,0.0000,0.00000,0.03545
6.62,8.12,1.7787,0.0000,0.00000,0.02660
6.88,8.12,1.8428,0.0000,0.00000,0.02575
7.12,8.12,2.4670,0.0000,0.00000,0.03291
7.38,8.12,1.9478,0.0000,0.00000,0.02568
11.38,8.12,0.4795,0.0000,0.00000,0.11124
11.62,8.12,0.8993,0.0001,0.00000,0.20116
11.88,8.12,1.3507,0.0005,0.00000,0.29093
2.62,8.38,0.0001,0.0000,0.00000,0.00000
2.88,8.38,0.0007,0.0000,0.00000,0.00001
3.12,8.38,0.0055,0.0000,0.00000,0.00010
3.38,8.38,0.0291,0.0000,0.00000,0.00072
3.62,8.38,0.1039,0.0000,0.00000,0.00290
3.88,8.38,0.2457,0.0000,0.00000,0.00708
4.12,8.38,0.4980,0.0000,0.00000,0.01432
4.38,8.38,0.9088,0.0000,0.00000,0.02587
4.62,8.38,1.3910,0.0000,0.00000,0.03790
4.88,8.38,1.7840,0.0000,0.00000,0.04568
5.12,8.38,1.8017,0.0000,0.00000,0.04339
5.38,8.38,1.7614,0.0000,0.00000,0.03752
5.62,8.38,2.0396,0.0000,0.00000,0.03844
5.88,8.38,2.0449,0.0000,0.00000,0.03731
6.12,8.38,2.0664,0.0000,0.00000,0.03585
6.38,8.38,2.3123,0.0000,0.00000,0.03692
6.62,8.38,1.8229,0.0000,0.00000,0.02762
6.88,8.38,1.8866,0.0000,0.00000,0.02616
7.12,8.38,2.5004,0.0000,0.00000,0.03301
7.38,8.38,1.9718,0.0000,0.00000,0.02571
11.12,8.38,0.4988,0.0001,0.00000,0.11194
11.38,8.38,0.9746,0.0002,0.00000,0.22604
11.62,8.38,1.6054,0.0011,0.00000,0.36907
11.88,8.38,2.1084,0.0044,0.00000,0.48053
12.12,8.38,1.9870,0.0114,0.00000,0.48700
2.62,8.62,0.0001,0.0000,0.00000,0.00000
2.88,8.62,0.0009,0.0000,0.00000,0.00001
3.12,8.62,0.0062,0.0000,0.00000,0.00011
3.38,8.62,0.0321,0.0000,0.00000,0.00078
3.62,8.62,0.1124,0.0000,0.00000,0.00320
3.88,8.62,0.2609,0.0000,0.00000,0.00782
4.12,8.62,0.5182,0.0000,0.00000,0.01579
4.38,8.62,0.9351,0.0000,0.00000,0.02831
4.62,8.62,1.4115,0.0000,0.00000,0.04031
4.88,8.62,1.8009,0.0000,0.00000,0.04704
5.12,8.62,1.8367,0.0000,0.00000,0.04464
5.38,8.62,1.7771,0.0000,0.00000,0.03872
5.62,8.62,2.0463,0.0000,0.00000,0.03962
5.88,8.62,2.0936,0.0000,0.00000,0.03900
6.12,8.62,2.0834,0.0000,0.00000,0.03715
6.38,8.62,2.3092,0.0000,0.00000,0.03829
6.62,8.62,1.8711,0.0000,0.00000,0.02930
6.88,8.62,1.9386,0.0000,0.00000,0.02750
7.12,8.62,2.5329,0.0000,0.00000,0.03403
7.38,8.62,1.9925,0.0000,0.00000,0.02639
10.88,8.62,0.3951,0.0005,0.00000,0.08160
11.12,8.62,0.9234,0.0008,0.00000,0.20563
11.38,8.62,1.5439,0.0022,0.00000,0.36267
11.62,8.62,1.9201,0.0078,0.00000,0.46595
11.88,8.62,2.1455,0.0233,0.00000,0.54885
12.12,8.62,2.1050,0.0444,0.00000,0.63059
12.38,8.62,1.8020,0.0523,0.00000,0.65903
2.62,8.88,0.0001,0.0000,0.00000,0.00000
2.88,8.88,0.0010,0.0000,0.00000,0.00001
3.12,8.88,0.0069,0.0000,0.00000,0.00013
3.38,8.88,0.0349,0.0000,0.00000,0.00087
3.62,8.88,0.1212,0.0000,0.00000,0.00360
3.88,8.88,0.2789,0.0000,0.00000,0.00901
4.12,8.88,0.5451,0.0000,0.00000,0.01811
4.38,8.88,0.9672,0.0000,0.00000,0.03151
4.62,8.88,1.4289,0.0000,0.00000,0.04332
4.88,8.88,1.8072,0.0000,0.00000,0.04952
5.12,8.88,1.8716,0.0000,0.00000,0.04752
5.38,8.88,1.8001,0.0000,0.00000,0.04128
5.62,8.88,2.0607,0.0000,0.00000,0.04187
5.88,8.88,2.1509,0.0000,0.00000,0.04143
6.12,8.88,2.0971,0.0000,0.00000,0.03803
6.38,8.88,2.3009,0.0000,0.00000,0.03879
6.62,8.88,1.9349,0.0000,0.00000,0.03118
6.88,8.88,2.0059,0.0000,0.00000,0.02969
7.12,8.88,2.5683,0.0000,0.00000,0.03605
7.38,8.88,2.0123,0.0000,0.00000,0.02785
10.62,8.88,0.3280,0.0054,0.00000,0.05898
10.88,8.88,0.7395,0.0046,0.00000,0.14440
11.12,8.88,1.3953,0.0067,0.00000,0.30296
11.38,8.88,1.9228,0.0132,0.00000,0.45983
11.62,8.88,1.8936,0.0298,0.00000,0.49622
11.88,8.88,1.8227,0.0651,0.00000,0.54093
12.12,8.88,1.9593,0.0945,0.00000,0.69375
12.38,8.88,1.9253,0.0803,0.00000,0.77178
12.62,8.88,1.7152,0.0414,0.00000,0.63295
2.62,9.12,0.0001,0.0000,0.00000,0.00000
2.88,9.12,0.0012,0.0000,0.00000,0.00002
3.12,9.12,0.0079,0.0000,0.00000,0.00015
3.38,9.12,0.0379,0.0000,0.00000,0.00094
3.62,9.12,0.1275,0.0000,0.00000,0.00377
3.88,9.12,0.2909,0.0000,0.00000,0.00954
4.12,9.12,0.5664,0.0000,0.00000,0.01921
4.38,9.12,1.0025,0.0000,0.00000,0.03338
4.62,9.12,1.4547,0.0000,0.00000,0.04630
4.88,9.12,1.8073,0.0000,0.00000,0.05289
5.12,9.12,1.8986,0.0000,0.00000,0.05089
5.38,9.12,1.8288,0.0000,0.00000,0.04406
5.62,9.12,2.0762,0.0000,0.00000,0.04430
5.88,9.12,2.2014,0.0000,0.00000,0.04403
6.12,9.12,2.0969,0.0000,0.00000,0.03917
6.38,9.12,2.2812,0.0000,0.00000,0.03951
6.62,9.12,2.0083,0.0000,0.00000,0.03336
6.88,9.12,2.0836,0.0000,0.00000,0.03267
7.12,9.12,2.6048,0.0000,0.00000,0.03944
7.38,9.12,2.0312,0.0000,0.00000,0.03047
10.38,9.12,0.2600,0.1358,0.00000,0.03859
10.62,9.12,0.6434,0.0318,0.00000,0.10590
10.88,9.12,1.2166,0.0194,0.00000,0.22102
11.12,9.12,1.7204,0.0265,0.00000,0.35540
11.38,9.12,1.8977,0.0403,0.00000,0.45506
11.62,9.12,1.7901,0.0576,0.00000,0.49594
11.88,9.12,1.7516,0.0915,0.00000,0.55323
12.12,9.12,1.8469,0.1068,0.00000,0.65235
12.38,9.12,1.8097,0.0690,0.00000,0.67349
12.62,9.12,1.6331,0.0248,0.00000,0.54435
12.88,9.12,1.5173,0.0057,0.00000,0.41733
2.62,9.38,0.0001,0.0000,0.00000,0.00000
2.88,9.38,0.0013,0.0000,0.00000,0.00002
3.12,9.38,0.0088,0.0000,0.00000,0.00017
3.38,9.38,0.0407,0.0000,0.00000,0.00096
3.62,9.38,0.1339,0.0000,0.00000,0.00369
3.88,9.38,0.3031,0.0000,0.00000,0.00928
4.12,9.38,0.5870,0.0000,0.00000,0.01904
4.38,9.38,1.0421,0.0000,0.00000,0.03444
4.62,9.38,1.4915,0.0000,0.00000,0.04910
4.88,9.38,1.8103,0.0000,0.00000,0.05603
5.12,9.38,1.9304,0.0000,0.00000,0.05433
5.38,9.38,1.8742,0.0000,0.00000,0.04752
5.62,9.38,2.0951,0.0000,0.00000,0.04710
5.88,9.38,2.2432,0.0000,0.00000,0.04679
6.12,9.38,2.0860,0.0000,0.00000,0.04098
6.38,9.38,2.2494,0.0000,0.00000,0.04131
6.62,9.38,2.0820,0.0000,0.00000,0.03663
6.88,9.38,2.1658,0.0000,0.00000,0.03716
7.12,9.38,2.6415,0.0000,0.00000,0.04499
7.38,9.38,2.0491,0.0000,0.00000,0.03482
10.12,9.38,0.2154,0.9826,0.00000,0.02617
10.38,9.38,0.5441,0.4472,0.00000,0.07322
10.62,9.38,1.0955,0.1027,0.00000,0.16270
10.88,9.38,1.6319,0.0354,0.00000,0.27058
11.12,9.38,1.8205,0.0421,0.00000,0.35114
11.38,9.38,1.7396,0.0570,0.00000,0.39970
11.62,9.38,1.7227,0.0621,0.00000,0.45976
11.88,9.38,1.8119,0.0752,0.00000,0.54199
12.12,9.38,1.8237,0.0719,0.00000,0.58269
12.38,9.38,1.7098,0.0371,0.00000,0.54697
12.62,9.38,1.5921,0.0104,0.00000,0.45802
12.88,9.38,1.5427,0.0033,0.00000,0.38237
13.12,9.38,1.5094,0.0021,0.00000,0.34567
2.62,9.62,0.0001,0.0000,0.00000,0.00000
2.88,9.62,0.0014,0.0000,0.00000,0.00003
3.12,9.62,0.0094,0.0000,0.00000,0.00018
3.38,9.62,0.0425,0.0000,0.00000,0.00098
3.62,9.62,0.1400,0.0000,0.00000,0.00370
3.88,9.62,0.3186,0.0000,0.00000,0.00937
4.12,9.62,0.6138,0.0000,0.00000,0.01971
4.38,9.62,1.0831,0.0000,0.00000,0.03662
4.62,9.62,1.5190,0.0000,0.00000,0.05165
4.88,9.62,1.7970,0.0000,0.00000,0.05742
5.12,9.62,1.9556,0.0000,0.00000,0.05722
5.38,9.62,1.9280,0.0000,0.00000,0.05193
5.62,9.62,2.1216,0.0000,0.00000,0.05131
5.88,9.62,2.2946,0.0000,0.00000,0.05145
6.12,9.62,2.0862,0.0000,0.00000,0.04451
6.38,9.62,2.2253,0.0000,0.00000,0.04493
6.62,9.62,2.1718,0.0000,0.00000,0.04200
6.88,9.62,2.2595,0.0000,0.00000,0.04261
7.12,9.62,2.6766,0.0000,0.00000,0.05017
7.38,9.62,2.0624,0.0000,0.00000,0.03859
9.88,9.62,0.1888,0.9822,0.00000,0.01914
10.12,9.62,0.4835,1.2063,0.00000,0.05122
10.38,9.62,1.0055,0.6547,0.00000,0.11927
10.62,9.62,1.5549,0.1497,0.00000,0.20702
10.88,9.62,1.7803,0.0286,0.00000,0.26348
11.12,9.62,1.7170,0.0257,0.00000,0.29395
11.38,9.62,1.6651,0.0355,0.00000,0.33352
11.62,9.62,1.7349,0.0450,0.00000,0.39359
11.88,9.62,1.7956,0.0580,0.00000,0.45294
12.12,9.62,1.7530,0.0480,0.00000,0.47056
12.38,9.62,1.6649,0.0203,0.00000,0.44494
12.62,9.62,1.6079,0.0056,0.00000,0.39957
12.88,9.62,1.5677,0.0036,0.00000,0.35708
13.12,9.62,1.5159,0.0033,0.00000,0.34330
13.38,9.62,1.4682,0.0035,0.00000,0.35254
2.62,9.88,0.0002,0.0000,0.00000,0.00000
2.88,9.88,0.0016,0.0000,0.00000,0.00003
3.12,9.88,0.0101,0.0000,0.00000,0.00022
3.38,9.88,0.0437,0.0000,0.00000,0.00105
3.62,9.88,0.1425,0.0000,0.00000,0.00390
3.88,9.88,0.3312,0.0000,0.00000,0.01006
4.12,9.88,0.6418,0.0000,0.00000,0.02132
4.38,9.88,1.1230,0.0000,0.00000,0.03929
4.62,9.88,1.5421,0.0000,0.00000,0.05383
4.88,9.88,1.7691,0.0000,0.00000,0.05788
5.12,9.88,1.9590,0.0000,0.00000,0.05909
5.38,9.88,1.9725,0.0000,0.00000,0.05598
5.62,9.88,2.1346,0.0000,0.00000,0.05636
5.88,9.88,2.3303,0.0000,0.00000,0.05808
6.12,9.88,2.0892,0.0000,0.00000,0.04999
6.38,9.88,2.2098,0.0000,0.00000,0.05022
6.62,9.88,2.2754,0.0000,0.00000,0.04914
6.88,9.88,2.3647,0.0000,0.00000,0.04876
7.12,9.88,2.7146,0.0000,0.00000,0.05488
7.38,9.88,2.0754,0.0000,0.00000,0.04178
9.62,9.88,0.1655,0.1329,0.00000,0.01500
9.88,9.88,0.4428,0.4437,0.00000,0.04079
10.12,9.88,0.9376,0.6528,0.00000,0.08729
10.38,9.88,1.4889,0.3845,0.00000,0.15051
10.62,9.88,1.7600,0.0871,0.00000,0.20489
10.88,9.88,1.6782,0.0108,0.00000,0.22036
11.12,9.88,1.5796,0.0061,0.00000,0.23086
11.38,9.88,1.6487,0.0110,0.00000,0.27013
11.62,9.88,1.7487,0.0248,0.00000,0.32022
11.88,9.88,1.7497,0.0402,0.00000,0.35173
12.12,9.88,1.6916,0.0318,0.00000,0.35983
12.38,9.88,1.6516,0.0121,0.00000,0.35831
12.62,9.88,1.6269,0.0031,0.00000,0.35092
12.88,9.88,1.5831,0.0023,0.00000,0.34144
13.12,9.88,1.5317,0.0031,0.00000,0.34891
13.38,9.88,1.4770,0.0040,0.00000,0.35706
13.62,9.88,1.4419,0.0033,0.00000,0.36768
2.62,10.12,0.0002,0.0000,0.00000,0.00000
2.88,10.12,0.0017,0.0000,0.00000,0.00005
3.12,10.12,0.0105,0.0000,0.00000,0.00028
3.38,10.12,0.0435,0.0000,0.00000,0.00116
3.62,10.12,0.1410,0.0000,0.00000,0.00410
3.88,10.12,0.3409,0.0000,0.00000,0.01078
4.12,10.12,0.6719,0.0000,0.00000,0.02290
4.38,10.12,1.1648,0.0000,0.00000,0.04168
4.62,10.12,1.5790,0.0000,0.00000,0.05649
4.88,10.12,1.7613,0.0000,0.00000,0.05981
5.12,10.12,1.9667,0.0000,0.00000,0.06249
5.38,10.12,2.0181,0.0000,0.00000,0.06152
5.62,10.12,2.1346,0.0000,0.00000,0.06275
5.88,10.12,2.3353,0.0000,0.00000,0.06620
6.12,10.12,2.0724,0.0000,0.00000,0.05686
6.38,10.12,2.1751,0.0000,0.00000,0.05626
6.62,10.12,2.3661,0.0000,0.00000,0.05737
6.88,10.12,2.4667,0.0000,0.00000,0.05708
7.12,10.12,2.7501,0.0000,0.00000,0.06265
7.38,10.12,2.0862,0.0000,0.00000,0.04739
9.38,10.12,0.1480,0.0024,0.00000,0.01143
9.62,10.12,0.4040,0.0221,0.00000,0.03173
9.88,10.12,0.8881,0.0883,0.00000,0.07142
10.12,10.12,1.4438,0.1413,0.00000,0.11896
10.38,10.12,1.7182,0.0853,0.00000,0.15036
10.62,10.12,1.6416,0.0192,0.00000,0.16322
10.88,10.12,1.5117,0.0019,0.00000,0.17066
11.12,10.12,1.5515,0.0007,0.00000,0.18958
11.38,10.12,1.6695,0.0034,0.00000,0.21965
11.62,10.12,1.7096,0.0141,0.00000,0.24898
11.88,10.12,1.6783,0.0274,0.00000,0.27137
12.12,10.12,1.6533,0.0243,0.00000,0.28709
12.38,10.12,1.6495,0.0101,0.00000,0.29942
12.62,10.12,1.6284,0.0021,0.00000,0.30975
12.88,10.12,1.5905,0.0011,0.00000,0.32608
13.12,10.12,1.5575,0.0026,0.00000,0.35380
13.38,10.12,1.4926,0.0043,0.00000,0.36706
13.62,10.12,1.4574,0.0051,0.00000,0.40405
13.88,10.12,1.4467,0.0132,0.00000,0.47413
2.62,10.38,0.0002,0.0000,0.00000,0.00001
2.88,10.38,0.0017,0.0000,0.00000,0.00006
3.12,10.38,0.0106,0.0000,0.00000,0.00034
3.38,10.38,0.0429,0.0000,0.00000,0.00129
3.62,10.38,0.1390,0.0000,0.00000,0.00434
3.88,10.38,0.3503,0.0000,0.00000,0.01142
4.12,10.38,0.7020,0.0000,0.00000,0.02412
4.38,10.38,1.2077,0.0000,0.00000,0.04387
4.62,10.38,1.6285,0.0000,0.00000,0.05979
4.88,10.38,1.7768,0.0000,0.00000,0.06309
5.12,10.38,1.9873,0.0000,0.00000,0.06778
5.38,10.38,2.0741,0.0000,0.00000,0.06942
5.62,10.38,2.1359,0.0000,0.00000,0.07082
5.88,10.38,2.3294,0.0000,0.00000,0.07585
6.12,10.38,2.0672,0.0000,0.00000,0.06591
6.38,10.38,2.1581,0.0000,0.00000,0.06454
6.62,10.38,2.4644,0.0000,0.00000,0.06863
6.88,10.38,2.5645,0.0000,0.00000,0.06851
7.12,10.38,2.7720,0.0000,0.00000,0.07313
7.38,10.38,2.0851,0.0000,0.00000,0.05492
9.12,10.38,0.1430,0.0000,0.00000,0.00872
9.38,10.38,0.3872,0.0001,0.00000,0.02467
9.62,10.38,0.8472,0.0016,0.00000,0.05547
9.88,10.38,1.3932,0.0070,0.00000,0.09381
10.12,10.38,1.6820,0.0115,0.00000,0.11904
10.38,10.38,1.5966,0.0070,0.00000,0.12306
10.62,10.38,1.4441,0.0016,0.00000,0.12303
10.88,10.38,1.4770,0.0001,0.00000,0.13786
11.12,10.38,1.6117,0.0002,0.00000,0.16280
11.38,10.38,1.6736,0.0026,0.00000,0.18199
11.62,10.38,1.6358,0.0127,0.00000,0.19464
11.88,10.38,1.5913,0.0273,0.00000,0.21005
12.12,10.38,1.5967,0.0271,0.00000,0.22916
12.38,10.38,1.6174,0.0124,0.00000,0.24894
12.62,10.38,1.6072,0.0026,0.00000,0.26983
12.88,10.38,1.5937,0.0015,0.00000,0.30423
13.12,10.38,1.5774,0.0060,0.00000,0.35104
13.38,10.38,1.4971,0.0109,0.00000,0.37820
13.62,10.38,1.4810,0.0160,0.00000,0.44354
13.88,10.38,1.4721,0.0436,0.00000,0.53923
14.12,10.38,1.1785,0.0874,0.00000,0.51466
2.62,10.62,0.0001,0.0000,0.00000,0.00001
2.88,10.62,0.0015,0.0000,0.00000,0.00005
3.12,10.62,0.0099,0.0000,0.00000,0.00032
3.38,10.62,0.0418,0.0000,0.00000,0.00130
3.62,10.62,0.1371,0.0000,0.00000,0.00452
3.88,10.62,0.3539,0.0000,0.00000,0.01190
4.12,10.62,0.7187,0.0000,0.00000,0.02507
4.38,10.62,1.2390,0.0000,0.00000,0.04567
4.62,10.62,1.6713,0.0000,0.00000,0.06247
4.88,10.62,1.7792,0.0000,0.00000,0.06581
5.12,10.62,1.9857,0.0000,0.00000,0.07295
5.38,10.62,2.1249,0.0000,0.00000,0.07858
5.62,10.62,2.1310,0.0000,0.00000,0.08059
5.88,10.62,2.3110,0.0000,0.00000,0.08761
6.12,10.62,2.0968,0.0000,0.00000,0.07822
6.38,10.62,2.1791,0.0000,0.00000,0.07641
6.62,10.62,2.5599,0.0000,0.00000,0.08423
6.88,10.62,2.6542,0.0000,0.00000,0.08334
7.12,10.62,2.7968,0.0000,0.00000,0.08563
7.38,10.62,2.0885,0.0000,0.00000,0.06361
8.88,10.62,0.1437,0.0000,0.00000,0.00685
9.12,10.62,0.3866,0.0000,0.00000,0.01969
9.38,10.62,0.8416,0.0000,0.00000,0.04483
9.62,10.62,1.3679,0.0000,0.00000,0.07503
9.88,10.62,1.6339,0.0002,0.00000,0.09306
10.12,10.62,1.5457,0.0003,0.00000,0.09429
10.38,10.62,1.3872,0.0002,0.00000,0.09335
10.62,10.62,1.4167,0.0001,0.00000,0.10285
10.88,10.62,1.5626,0.0000,0.00000,0.12155
11.12,10.62,1.6306,0.0003,0.00000,0.13737
11.38,10.62,1.5919,0.0027,0.00000,0.14596
11.62,10.62,1.5349,0.0118,0.00000,0.15474
11.88,10.62,1.5208,0.0227,0.00000,0.16852
12.12,10.62,1.5468,0.0199,0.00000,0.18547
12.38,10.62,1.5762,0.0083,0.00000,0.20843
12.62,10.62,1.5814,0.0017,0.00000,0.23875
12.88,10.62,1.5776,0.0022,0.00000,0.28142
13.12,10.62,1.5507,0.0097,0.00000,0.33752
13.38,10.62,1.4841,0.0186,0.00000,0.38162
13.62,10.62,1.5307,0.0290,0.00000,0.46957
13.88,10.62,1.6000,0.0691,0.00000,0.59911
14.12,10.62,1.4027,0.1104,0.00000,0.58157
14.38,10.62,1.0839,0.0860,0.00000,0.39525
2.62,10.88,0.0001,0.0000,0.00000,0.00000
2.88,10.88,0.0011,0.0000,0.00000,0.00003
3.12,10.88,0.0083,0.0000,0.00000,0.00022
3.38,10.88,0.0394,0.0000,0.00000,0.00115
3.62,10.88,0.1324,0.0000,0.00000,0.00426
3.88,10.88,0.3475,0.0000,0.00000,0.01162
4.12,10.88,0.7162,0.0000,0.00000,0.02532
4.38,10.88,1.2458,0.0000,0.00000,0.04693
4.62,10.88,1.6932,0.0000,0.00000,0.06489
4.88,10.88,1.7658,0.0000,0.00000,0.06879
5.12,10.88,1.9549,0.0000,0.00000,0.07885
5.38,10.88,2.1534,0.0000,0.00000,0.08935
5.62,10.88,2.1110,0.0000,0.00000,0.09151
5.88,10.88,2.2667,0.0000,0.00000,0.10045
6.12,10.88,2.1402,0.0000,0.00000,0.09381
6.38,10.88,2.2137,0.0000,0.00000,0.09326
6.62,10.88,2.6258,0.0000,0.00000,0.10576
6.88,10.88,2.7118,0.0000,0.00000,0.10357
7.12,10.88,2.8014,0.0000,0.00000,0.10276
7.38,10.88,2.0793,0.0001,0.00000,0.07563
8.62,10.88,0.1530,0.0000,0.00000,0.00663
8.88,10.88,0.4009,0.0000,0.00000,0.01706
9.12,10.88,0.8494,0.0000,0.00000,0.03736
9.38,10.88,1.3584,0.0000,0.00000,0.06244
9.62,10.88,1.6025,0.0000,0.00000,0.07617
9.88,10.88,1.4876,0.0000,0.00000,0.07422
10.12,10.88,1.3270,0.0000,0.00000,0.07094
10.38,10.88,1.3669,0.0000,0.00000,0.07760
10.62,10.88,1.5234,0.0001,0.00000,0.09269
10.88,10.88,1.5959,0.0004,0.00000,0.10706
11.12,10.88,1.5432,0.0011,0.00000,0.11383
11.38,10.88,1.4724,0.0039,0.00000,0.11798
11.62,10.88,1.4528,0.0119,0.00000,0.12662
11.88,10.88,1.4796,0.0179,0.00000,0.13999
12.12,10.88,1.5117,0.0117,0.00000,0.15538
12.38,10.88,1.5275,0.0034,0.00000,0.17919
12.62,10.88,1.5311,0.0006,0.00000,0.21626
12.88,10.88,1.5144,0.0014,0.00000,0.26302
13.12,10.88,1.4868,0.0067,0.00000,0.32535
13.38,10.88,1.4911,0.0158,0.00000,0.38854
13.62,10.88,1.5451,0.0276,0.00000,0.45692
13.88,10.88,1.6179,0.0514,0.00000,0.53748
14.12,10.88,1.7222,0.0650,0.00000,0.52677
14.38,10.88,1.7210,0.0400,0.00000,0.39451
14.62,10.88,1.3421,0.0116,0.00000,0.23050
2.62,11.12,0.0001,0.0000,0.00000,0.00000
2.88,11.12,0.0007,0.0000,0.00000,0.00001
3.12,11.12,0.0069,0.0000,0.00000,0.00016
3.38,11.12,0.0366,0.0000,0.00000,0.00102
3.62,11.12,0.1251,0.0000,0.00000,0.00396
3.88,11.12,0.3342,0.0000,0.00000,0.01123
4.12,11.12,0.7006,0.0000,0.00000,0.02536
4.38,11.12,1.2329,0.0000,0.00000,0.04834
4.62,11.12,1.7001,0.0000,0.00000,0.06874
4.88,11.12,1.7596,0.0000,0.00000,0.07389
5.12,11.12,1.9265,0.0000,0.00000,0.08684
5.38,11.12,2.1753,0.0000,0.00000,0.10257
5.62,11.12,2.0932,0.0000,0.00000,0.10463
5.88,11.12,2.2147,0.0000,0.00000,0.11657
6.12,11.12,2.2029,0.0000,0.00000,0.11740
6.38,11.12,2.2625,0.0000,0.00000,0.11979
6.62,11.12,2.6502,0.0000,0.00000,0.13668
6.88,11.12,2.7350,0.0001,0.00000,0.13483
7.12,11.12,2.7955,0.0003,0.00000,0.13252
7.38,11.12,2.0748,0.0007,0.00000,0.09883
8.38,11.12,0.1733,0.0000,0.00000,0.00814
8.62,11.12,0.4285,0.0000,0.00000,0.01830
8.88,11.12,0.8821,0.0000,0.00000,0.03569
9.12,11.12,1.3664,0.0000,0.00000,0.05486
9.38,11.12,1.5643,0.0000,0.00000,0.06458
9.62,11.12,1.4329,0.0000,0.00000,0.06120
9.88,11.12,1.2730,0.0000,0.00000,0.05673
10.12,11.12,1.3253,0.0000,0.00000,0.06143
10.38,11.12,1.4947,0.0000,0.00000,0.07202
10.62,11.12,1.5688,0.0004,0.00000,0.08265
10.88,11.12,1.4981,0.0018,0.00000,0.09118
11.12,11.12,1.4065,0.0034,0.00000,0.09773
11.38,11.12,1.3824,0.0052,0.00000,0.10392
11.62,11.12,1.4099,0.0092,0.00000,0.11120
11.88,11.12,1.4556,0.0107,0.00000,0.12146
12.12,11.12,1.4761,0.0057,0.00000,0.13621
12.38,11.12,1.4594,0.0013,0.00000,0.15990
12.62,11.12,1.4361,0.0001,0.00000,0.19887
12.88,11.12,1.4117,0.0004,0.00000,0.25092
13.12,11.12,1.4158,0.0029,0.00000,0.32097
13.38,11.12,1.4746,0.0100,0.00000,0.39107
13.62,11.12,1.4484,0.0190,0.00000,0.40293
13.88,11.12,1.3813,0.0244,0.00000,0.37517
14.12,11.12,1.6585,0.0227,0.00000,0.36486
14.38,11.12,1.9331,0.0116,0.00000,0.33175
14.62,11.12,1.4656,0.0027,0.00000,0.21449
14.88,11.12,0.6983,0.0003,0.00000,0.09182
2.62,11.38,0.0000,0.0000,0.00000,0.00000
2.88,11.38,0.0006,0.0000,0.00000,0.00001
3.12,11.38,0.0062,0.0000,0.00000,0.00015
3.38,11.38,0.0339,0.0000,0.00000,0.00097
3.62,11.38,0.1165,0.0000,0.00000,0.00384
3.88,11.38,0.3167,0.0000,0.00000,0.01123
4.12,11.38,0.6775,0.0000,0.00000,0.02590
4.38,11.38,1.2135,0.0000,0.00000,0.05065
4.62,11.38,1.7036,0.0000,0.00000,0.07438
4.88,11.38,1.7614,0.0000,0.00000,0.08047
5.12,11.38,1.8899,0.0000,0.00000,0.09387
5.38,11.38,2.1734,0.0000,0.00000,0.11464
5.62,11.38,2.0793,0.0000,0.00000,0.11909
5.88,11.38,2.1629,0.0000,0.00000,0.13611
6.12,11.38,2.2680,0.0000,0.00000,0.14950
6.38,11.38,2.2726,0.0000,0.00000,0.15591
6.62,11.38,2.5513,0.0001,0.00000,0.17706
6.88,11.38,2.6499,0.0005,0.00000,0.17977
7.12,11.38,2.7105,0.0015,0.00000,0.17879
7.38,11.38,2.0920,0.0030,0.00000,0.14631
8.12,11.38,0.2802,0.0000,0.00000,0.01981
8.38,11.38,0.5043,0.0000,0.00000,0.02689
8.62,11.38,0.9385,0.0000,0.00000,0.04280
8.88,11.38,1.3900,0.0000,0.00000,0.05774
9.12,11.38,1.5497,0.0000,0.00000,0.06185
9.38,11.38,1.3870,0.0000,0.00000,0.05581
9.62,11.38,1.2274,0.0000,0.00000,0.05016
9.88,11.38,1.2975,0.0000,0.00000,0.05372
10.12,11.38,1.4806,0.0000,0.00000,0.06279
10.38,11.38,1.5499,0.0001,0.00000,0.06902
10.62,11.38,1.4618,0.0006,0.00000,0.07192
10.88,11.38,1.3378,0.0029,0.00000,0.07845
11.12,11.38,1.3017,0.0050,0.00000,0.08966
11.38,11.38,1.3415,0.0045,0.00000,0.09776
11.62,11.38,1.3891,0.0041,0.00000,0.10232
11.88,11.38,1.4181,0.0033,0.00000,0.10936
12.12,11.38,1.4049,0.0014,0.00000,0.12433
12.38,11.38,1.3516,0.0003,0.00000,0.14819
12.62,11.38,1.3026,0.0000,0.00000,0.18461
12.88,11.38,1.2844,0.0001,0.00000,0.23659
13.12,11.38,1.2863,0.0011,0.00000,0.29544
13.38,11.38,1.2812,0.0062,0.00000,0.33726
13.62,11.38,1.2230,0.0288,0.00000,0.31745
13.88,11.38,1.1623,0.0999,0.00000,0.25111
14.12,11.38,1.2647,0.1574,0.00000,0.21506
14.38,11.38,1.3011,0.0956,0.00000,0.19358
14.62,11.38,0.8995,0.0226,0.00000,0.12433
14.88,11.38,0.3908,0.0023,0.00000,0.05079
15.12,11.38,0.1141,0.0001,0.00000,0.01419
2.62,11.62,0.0000,0.0000,0.00000,0.00000
2.88,11.62,0.0005,0.0000,0.00000,0.00001
3.12,11.62,0.0053,0.0000,0.00000,0.00014
3.38,11.62,0.0294,0.0000,0.00000,0.00093
3.62,11.62,0.1038,0.0000,0.00000,0.00381
3.88,11.62,0.2888,0.0000,0.00000,0.01134
4.12,11.62,0.6362,0.0000,0.00000,0.02642
4.38,11.62,1.1724,0.0000,0.00000,0.05280
4.62,11.62,1.6876,0.0000,0.00000,0.08014
4.88,11.62,1.7646,0.0000,0.00000,0.08800
5.12,11.62,1.8332,0.0000,0.00000,0.09977
5.38,11.62,2.1209,0.0000,0.00000,0.12439
5.62,11.62,2.0706,0.0000,0.00000,0.13500
5.88,11.62,2.1192,0.0000,0.00000,0.15726
6.12,11.62,2.3010,0.0000,0.00000,0.18365
6.38,11.62,2.2275,0.0001,0.00000,0.19555
6.62,11.62,2.3411,0.0005,0.00000,0.22315
6.88,11.62,2.4269,0.0013,0.00000,0.23577
7.12,11.62,2.4740,0.0027,0.00000,0.23807
7.38,11.62,2.1681,0.0045,0.00000,0.22678
7.88,11.62,0.8453,0.0007,0.00000,0.09250
8.12,11.62,0.7981,0.0000,0.00000,0.06492
8.38,11.62,1.0952,0.0000,0.00000,0.06853
8.62,11.62,1.4452,0.0000,0.00000,0.07500
8.88,11.62,1.5346,0.0000,0.00000,0.07071
9.12,11.62,1.3622,0.0000,0.00000,0.05932
9.38,11.62,1.2233,0.0000,0.00000,0.05233
9.62,11.62,1.2985,0.0000,0.00000,0.05426
9.88,11.62,1.4723,0.0000,0.00000,0.06082
10.12,11.62,1.5339,0.0000,0.00000,0.06465
10.38,11.62,1.4283,0.0000,0.00000,0.06350
10.62,11.62,1.2921,0.0004,0.00000,0.06352
10.88,11.62,1.2442,0.0017,0.00000,0.07537
11.12,11.62,1.2889,0.0029,0.00000,0.09195
11.38,11.62,1.3462,0.0021,0.00000,0.09449
11.62,11.62,1.3567,0.0010,0.00000,0.09217
11.88,11.62,1.3233,0.0005,0.00000,0.09722
12.12,11.62,1.2625,0.0002,0.00000,0.11233
12.38,11.62,1.1860,0.0000,0.00000,0.13506
12.62,11.62,1.1224,0.0000,0.00000,0.16335
12.88,11.62,1.0873,0.0000,0.00000,0.19826
13.12,11.62,1.0299,0.0009,0.00000,0.22332
13.38,11.62,0.9337,0.0218,0.00000,0.22604
13.62,11.62,0.9405,0.2561,0.00000,0.21303
13.88,11.62,1.0649,1.1421,0.00000,0.18352
14.12,11.62,1.0361,1.8914,0.00000,0.14201
14.38,11.62,0.7343,1.1830,0.00000,0.09331
14.62,11.62,0.3843,0.2972,0.00000,0.04882
14.88,11.62,0.1560,0.0336,0.00000,0.01986
2.62,11.88,0.0000,0.0000,0.00000,0.00000
2.88,11.88,0.0004,0.0000,0.00000,0.00001
3.12,11.88,0.0037,0.0000,0.00000,0.00011
3.38,11.88,0.0220,0.0000,0.00000,0.00082
3.62,11.88,0.0837,0.0000,0.00000,0.00358
3.88,11.88,0.2442,0.0000,0.00000,0.01091
4.12,11.88,0.5634,0.0000,0.00000,0.02578
4.38,11.88,1.0833,0.0000,0.00000,0.05281
4.62,11.88,1.6191,0.0000,0.00000,0.08366
4.88,11.88,1.7548,0.0000,0.00000,0.09594
5.12,11.88,1.7729,0.0000,0.00000,0.10664
5.38,11.88,2.0326,0.0000,0.00000,0.13394
5.62,11.88,2.0690,0.0000,0.00000,0.15389
5.88,11.88,2.0783,0.0000,0.00000,0.18026
6.12,11.88,2.2788,0.0000,0.00000,0.21827
6.38,11.88,2.2011,0.0002,0.00000,0.24325
6.62,11.88,2.1874,0.0008,0.00000,0.28180
6.88,11.88,2.2275,0.0016,0.00000,0.30408
7.12,11.88,2.1877,0.0021,0.00000,0.29644
7.38,11.88,2.1425,0.0025,0.00000,0.29206
7.62,11.88,1.8654,0.0015,0.00000,0.24994
7.88,11.88,1.4998,0.0003,0.00000,0.17526
8.12,11.88,1.4390,0.0000,0.00000,0.13310
8.38,11.88,1.5425,0.0000,0.00000,0.11420
8.62,11.88,1.5268,0.0000,0.00000,0.09488
8.88,11.88,1.3531,0.0000,0.00000,0.07483
9.12,11.88,1.2489,0.0000,0.00000,0.06394
9.38,11.88,1.3452,0.0000,0.00000,0.06369
9.62,11.88,1.5066,0.0000,0.00000,0.06677
9.88,11.88,1.5286,0.0000,0.00000,0.06530
10.12,11.88,1.3994,0.0000,0.00000,0.05924
10.38,11.88,1.2536,0.0000,0.00000,0.05440
10.62,11.88,1.2095,0.0001,0.00000,0.05798
10.88,11.88,1.2572,0.0004,0.00000,0.07700
11.12,11.88,1.3108,0.0006,0.00000,0.09567
11.38,11.88,1.3104,0.0004,0.00000,0.09000
11.62,11.88,1.2511,0.0001,0.00000,0.08181
11.88,11.88,1.1589,0.0000,0.00000,0.08664
12.12,11.88,1.0678,0.0000,0.00000,0.09954
12.38,11.88,0.9810,0.0000,0.00000,0.11641
12.62,11.88,0.8956,0.0000,0.00000,0.13181
12.88,11.88,0.8140,0.0001,0.00000,0.14248
13.12,11.88,0.7187,0.0034,0.00000,0.14125
13.38,11.88,0.6555,0.0946,0.00000,0.13171
13.62,11.88,0.7148,1.1417,0.00000,0.12919
13.88,11.88,0.8100,5.1405,0.00000,0.11956
14.12,11.88,0.7191,8.7361,0.00000,0.08870
14.38,11.88,0.4282,5.9378,0.00000,0.04794
14.62,11.88,0.1788,1.7797,0.00000,0.01956
2.62,12.12,0.0000,0.0000,0.00000,0.00000
2.88,12.12,0.0002,0.0000,0.00000,0.00000
3.12,12.12,0.0020,0.0000,0.00000,0.00007
3.38,12.12,0.0137,0.0000,0.00000,0.00060
3.62,12.12,0.0599,0.0000,0.00000,0.00289
3.88,12.12,0.1890,0.0000,0.00000,0.00933
4.12,12.12,0.4663,0.0000,0.00000,0.02329
4.38,12.12,0.9433,0.0000,0.00000,0.05005
4.62,12.12,1.4820,0.0000,0.00000,0.08435
4.88,12.12,1.7131,0.0000,0.00000,0.10418
5.12,12.12,1.7188,0.0000,0.00000,0.11577
5.38,12.12,1.9250,0.0000,0.00000,0.14418
5.62,12.12,2.0565,0.0000,0.00000,0.17346
5.88,12.12,2.0266,0.0000,0.00000,0.20176
6.12,12.12,2.1723,0.0000,0.00000,0.24756
6.38,12.12,2.1762,0.0001,0.00000,0.29043
6.62,12.12,2.1305,0.0005,0.00000,0.33918
6.88,12.12,2.1647,0.0009,0.00000,0.37538
7.12,12.12,2.0349,0.0008,0.00000,0.35892
7.38,12.12,1.9347,0.0006,0.00000,0.32623
7.62,12.12,1.8979,0.0003,0.00000,0.28704
7.88,12.12,1.8061,0.0001,0.00000,0.23443
8.12,12.12,1.6647,0.0000,0.00000,0.18144
8.38,12.12,1.5099,0.0000,0.00000,0.13869
8.62,12.12,1.3796,0.0000,0.00000,0.10925
8.88,12.12,1.3438,0.0000,0.00000,0.09309
9.12,12.12,1.4330,0.0000,0.00000,0.08668
9.38,12.12,1.5363,0.0000,0.00000,0.08183
9.62,12.12,1.5189,0.0000,0.00000,0.07338
9.88,12.12,1.3738,0.0000,0.00000,0.06136
10.12,12.12,1.2345,0.0000,0.00000,0.05111
10.38,12.12,1.1958,0.0000,0.00000,0.04796
10.62,12.12,1.2410,0.0000,0.00000,0.05309
10.88,12.12,1.2855,0.0000,0.00000,0.06645
11.12,12.12,1.2613,0.0001,0.00000,0.07699
11.38,12.12,1.1784,0.0000,0.00000,0.07202
11.62,12.12,1.0773,0.0000,0.00000,0.06944
11.88,12.12,0.9679,0.0000,0.00000,0.07864
12.12,12.12,0.8579,0.0000,0.00000,0.08930
12.38,12.12,0.7524,0.0000,0.00000,0.09540
12.62,12.12,0.6479,0.0001,0.00000,0.09716
12.88,12.12,0.5483,0.0015,0.00000,0.09361
13.12,12.12,0.4796,0.0115,0.00000,0.08682
13.38,12.12,0.5050,0.1657,0.00000,0.08485
13.62,12.12,0.5576,1.8979,0.00000,0.08394
13.88,12.12,0.4878,8.7376,0.00000,0.06666
14.12,12.12,0.3430,16.1402,0.00000,0.04141
14.38,12.12,0.1943,13.1441,0.00000,0.02092
2.62,12.38,0.0000,0.0000,0.00000,0.00000
2.88,12.38,0.0001,0.0000,0.00000,0.00000
3.12,12.38,0.0008,0.0000,0.00000,0.00004
3.38,12.38,0.0073,0.0000,0.00000,0.00035
3.62,12.38,0.0382,0.0000,0.00000,0.00195
3.88,12.38,0.1337,0.0000,0.00000,0.00698
4.12,12.38,0.3581,0.0000,0.00000,0.01931
4.38,12.38,0.7634,0.0000,0.00000,0.04460
4.62,12.38,1.2819,0.0000,0.00000,0.08151
4.88,12.38,1.6305,0.0000,0.00000,0.11113
5.12,12.38,1.6766,0.0000,0.00000,0.12666
5.38,12.38,1.8016,0.0000,0.00000,0.15351
5.62,12.38,1.9961,0.0000,0.00000,0.18840
5.88,12.38,1.9843,0.0000,0.00000,0.21772
6.12,12.38,2.0374,0.0000,0.00000,0.26321
6.38,12.38,2.0975,0.0000,0.00000,0.31347
6.62,12.38,2.0539,0.0001,0.00000,0.35631
6.88,12.38,2.0974,0.0002,0.00000,0.40007
7.12,12.38,2.0651,0.0001,0.00000,0.40980
7.38,12.38,1.9287,0.0001,0.00000,0.37403
7.62,12.38,1.8433,0.0000,0.00000,0.32307
7.88,12.38,1.7775,0.0000,0.00000,0.27163
8.12,12.38,1.6504,0.0000,0.00000,0.21771
8.38,12.38,1.5328,0.0000,0.00000,0.17323
8.62,12.38,1.5114,0.0000,0.00000,0.14552
8.88,12.38,1.5548,0.0000,0.00000,0.12637
9.12,12.38,1.5757,0.0000,0.00000,0.10854
9.38,12.38,1.4950,0.0000,0.00000,0.08909
9.62,12.38,1.3413,0.0000,0.00000,0.07030
9.88,12.38,1.2272,0.0000,0.00000,0.05612
10.12,12.38,1.2150,0.0000,0.00000,0.04832
10.38,12.38,1.2528,0.0000,0.00000,0.04648
10.62,12.38,1.2629,0.0000,0.00000,0.04755
10.88,12.38,1.2143,0.0000,0.00000,0.04972
11.12,12.38,1.1159,0.0000,0.00000,0.05141
11.38,12.38,0.9997,0.0000,0.00000,0.05115
11.62,12.38,0.8853,0.0000,0.00000,0.05523
11.88,12.38,0.7628,0.0000,0.00000,0.06656
12.12,12.38,0.6299,0.0000,0.00000,0.07475
12.38,12.38,0.5090,0.0000,0.00000,0.07102
12.62,12.38,0.4100,0.0006,0.00000,0.06359
12.88,12.38,0.3442,0.0068,0.00000,0.05889
13.12,12.38,0.3196,0.0335,0.00000,0.05650
13.38,12.38,0.3397,0.1449,0.00000,0.05512
13.62,12.38,0.3368,1.2140,0.00000,0.04875
13.88,12.38,0.2385,5.9455,0.00000,0.03209
14.12,12.38,0.1302,13.1449,0.00000,0.01615
2.62,12.62,0.0000,0.0000,0.00000,0.00000
2.88,12.62,0.0000,0.0000,0.00000,0.00000
3.12,12.62,0.0003,0.0000,0.00000,0.00001
3.38,12.62,0.0035,0.0000,0.00000,0.00018
3.62,12.62,0.0213,0.0000,0.00000,0.00113
3.88,12.62,0.0844,0.0000,0.00000,0.00461
4.12,12.62,0.2495,0.0000,0.00000,0.01454
4.38,12.62,0.5668,0.0000,0.00000,0.03653
4.62,12.62,1.0346,0.0000,0.00000,0.07290
4.88,12.62,1.4814,0.0000,0.00000,0.11137
5.12,12.62,1.6362,0.0000,0.00000,0.13562
5.38,12.62,1.6872,0.0000,0.00000,0.15980
5.62,12.62,1.8551,0.0000,0.00000,0.19359
5.88,12.62,1.9159,0.0000,0.00000,0.22383
6.12,12.62,1.9294,0.0000,0.00000,0.26267
6.38,12.62,1.9954,0.0000,0.00000,0.31001
6.62,12.62,1.9641,0.0000,0.00000,0.33971
6.88,12.62,1.9279,0.0000,0.00000,0.36042
7.12,12.62,1.9493,0.0000,0.00000,0.37752
7.38,12.62,1.9379,0.0000,0.00000,0.37213
7.62,12.62,1.8753,0.0000,0.00000,0.34311
7.88,12.62,1.8026,0.0000,0.00000,0.30058
8.12,12.62,1.7300,0.0000,0.00000,0.25063
8.38,12.62,1.6771,0.0000,0.00000,0.20606
8.62,12.62,1.6361,0.0000,0.00000,0.17167
8.88,12.62,1.5551,0.0000,0.00000,0.13929
9.12,12.62,1.4411,0.0000,0.00000,0.10876
9.38,12.62,1.3262,0.0000,0.00000,0.08412
9.62,12.62,1.2516,0.0000,0.00000,0.06662
9.88,12.62,1.2451,0.0000,0.00000,0.05563
10.12,12.62,1.2698,0.0000,0.00000,0.04898
10.38,12.62,1.2529,0.0000,0.00000,0.04436
10.62,12.62,1.1657,0.0000,0.00000,0.04017
10.88,12.62,1.0455,0.0000,0.00000,0.03725
11.12,12.62,0.9326,0.0000,0.00000,0.03686
11.38,12.62,0.8129,0.0000,0.00000,0.03796
11.62,12.62,0.6700,0.0000,0.00000,0.04059
11.88,12.62,0.5221,0.0000,0.00000,0.04559
12.12,12.62,0.3871,0.0000,0.00000,0.04766
12.38,12.62,0.2822,0.0000,0.00000,0.04159
12.62,12.62,0.2149,0.0009,0.00000,0.03471
12.88,12.62,0.1953,0.0113,0.00000,0.03397
13.12,12.62,0.1992,0.0514,0.00000,0.03525
13.38,12.62,0.1827,0.1079,0.00000,0.03076
13.62,12.62,0.1436,0.3542,0.00000,0.02177
13.88,12.62,0.0903,1.7964,0.00000,0.01244
2.62,12.88,0.0000,0.0000,0.00000,0.00000
2.88,12.88,0.0000,0.0000,0.00000,0.00000
3.12,12.88,0.0001,0.0000,0.00000,0.00001
3.38,12.88,0.0013,0.0000,0.00000,0.00008
3.62,12.88,0.0097,0.0000,0.00000,0.00056
3.88,12.88,0.0454,0.0000,0.00000,0.00262
4.12,12.88,0.1527,0.0000,0.00000,0.00958
4.38,12.88,0.3799,0.0000,0.00000,0.02667
4.62,12.88,0.7626,0.0000,0.00000,0.05860
4.88,12.88,1.2398,0.0000,0.00000,0.10141
5.12,12.88,1.5440,0.0000,0.00000,0.13727
5.38,12.88,1.6090,0.0000,0.00000,0.16205
5.62,12.88,1.6893,0.0000,0.00000,0.18942
5.88,12.88,1.7820,0.0000,0.00000,0.21829
6.12,12.88,1.8068,0.0000,0.00000,0.24625
6.38,12.88,1.8500,0.0000,0.00000,0.28101
6.62,12.88,1.8822,0.0000,0.00000,0.31090
6.88,12.88,1.8496,0.0000,0.00000,0.32052
7.12,12.88,1.7985,0.0000,0.00000,0.31603
7.38,12.88,1.7594,0.0000,0.00000,0.30752
7.62,12.88,1.7124,0.0000,0.00000,0.29317
7.88,12.88,1.6673,0.0000,0.00000,0.26761
8.12,12.88,1.6161,0.0000,0.00000,0.23089
8.38,12.88,1.5565,0.0000,0.00000,0.19296
8.62,12.88,1.4909,0.0000,0.00000,0.16027
8.88,12.88,1.4066,0.0000,0.00000,0.12930
9.12,12.88,1.3371,0.0000,0.00000,0.10187
9.38,12.88,1.3042,0.0000,0.00000,0.08160
9.62,12.88,1.2944,0.0000,0.00000,0.06716
9.88,12.88,1.2787,0.0000,0.00000,0.05582
10.12,12.88,1.2229,0.0000,0.00000,0.04667
10.38,12.88,1.1219,0.0000,0.00000,0.03916
10.62,12.88,0.9950,0.0000,0.00000,0.03311
10.88,12.88,0.8590,0.0000,0.00000,0.02953
11.12,12.88,0.7271,0.0000,0.00000,0.02838
11.38,12.88,0.5792,0.0000,0.00000,0.02733
11.62,12.88,0.4168,0.0000,0.00000,0.02536
11.88,12.88,0.2797,0.0000,0.00000,0.02340
12.12,12.88,0.1841,0.0000,0.00000,0.02141
12.38,12.88,0.1230,0.0000,0.00000,0.01829
12.62,12.88,0.0913,0.0006,0.00000,0.01597
12.88,12.88,0.0889,0.0069,0.00000,0.01653
13.12,12.88,0.0932,0.0318,0.00000,0.01683
13.38,12.88,0.0774,0.0606,0.00000,0.01340
13.62,12.88,0.0510,0.0803,0.00000,0.00827
2.62,13.12,0.0000,0.0000,0.00000,0.00000
2.88,13.12,0.0000,0.0000,0.00000,0.00000
3.12,13.12,0.0000,0.0000,0.00000,0.00000
3.38,13.12,0.0004,0.0000,0.00000,0.00003
3.62,13.12,0.0034,0.0000,0.00000,0.00021
3.88,13.12,0.0202,0.0000,0.00000,0.00122
4.12,13.12,0.0797,0.0000,0.00000,0.00534
4.38,13.12,0.2240,0.0000,0.00000,0.01689
4.62,13.12,0.4985,0.0000,0.00000,0.04143
4.88,13.12,0.9169,0.0000,0.00000,0.08130
5.12,13.12,1.3188,0.0000,0.00000,0.12455
5.38,13.12,1.5000,0.0000,0.00000,0.15486
5.62,13.12,1.5610,0.0000,0.00000,0.17810
5.88,13.12,1.6401,0.0000,0.00000,0.20388
6.12,13.12,1.6809,0.0000,0.00000,0.22371
6.38,13.12,1.6789,0.0000,0.00000,0.24024
6.62,13.12,1.7163,0.0000,0.00000,0.26418
6.88,13.12,1.7748,0.0000,0.00000,0.28354
7.12,13.12,1.7816,0.0000,0.00000,0.28328
7.38,13.12,1.7335,0.0000,0.00000,0.26867
7.62,13.12,1.6597,0.0000,0.00000,0.24982
7.88,13.12,1.5987,0.0000,0.00000,0.22981
8.12,13.12,1.5426,0.0000,0.00000,0.20460
8.38,13.12,1.4833,0.0000,0.00000,0.17547
8.62,13.12,1.4359,0.0000,0.00000,0.14782
8.88,13.12,1.3938,0.0000,0.00000,0.12139
9.12,13.12,1.3564,0.0000,0.00000,0.09837
9.38,13.12,1.3124,0.0000,0.00000,0.08080
9.62,13.12,1.2545,0.0000,0.00000,0.06650
9.88,13.12,1.1730,0.0000,0.00000,0.05209
10.12,13.12,1.0604,0.0000,0.00000,0.04005
10.38,13.12,0.9311,0.0000,0.00000,0.03173
10.62,13.12,0.7947,0.0000,0.00000,0.02586
10.88,13.12,0.6339,0.0000,0.00000,0.02176
11.12,13.12,0.4648,0.0000,0.00000,0.01896
11.38,13.12,0.3130,0.0000,0.00000,0.01634
11.62,13.12,0.1912,0.0000,0.00000,0.01279
11.88,13.12,0.1099,0.0000,0.00000,0.00920
12.12,13.12,0.0650,0.0000,0.00000,0.00704
12.38,13.12,0.0420,0.0000,0.00000,0.00625
12.62,13.12,0.0320,0.0001,0.00000,0.00643
12.88,13.12,0.0297,0.0016,0.00000,0.00684
13.12,13.12,0.0282,0.0079,0.00000,0.00595
13.38,13.12,0.0227,0.0176,0.00000,0.00420
2.62,13.38,0.0000,0.0000,0.00000,0.00000
2.88,13.38,0.0000,0.0000,0.00000,0.00000
3.12,13.38,0.0000,0.0000,0.00000,0.00000
3.38,13.38,0.0001,0.0000,0.00000,0.00001
3.62,13.38,0.0010,0.0000,0.00000,0.00006
3.88,13.38,0.0075,0.0000,0.00000,0.00047
4.12,13.38,0.0350,0.0000,0.00000,0.00250
4.38,13.38,0.1114,0.0000,0.00000,0.00895
4.62,13.38,0.2738,0.0000,0.00000,0.02425
4.88,13.38,0.5645,0.0000,0.00000,0.05350
5.12,13.38,0.9399,0.0000,0.00000,0.09355
5.38,13.38,1.2337,0.0000,0.00000,0.12959
5.62,13.38,1.3895,0.0000,0.00000,0.15662
5.88,13.38,1.4953,0.0000,0.00000,0.18123
6.12,13.38,1.5711,0.0000,0.00000,0.20028
6.38,13.38,1.5779,0.0000,0.00000,0.21038
6.62,13.38,1.5551,0.0000,0.00000,0.21807
6.88,13.38,1.5703,0.0000,0.00000,0.22726
7.12,13.38,1.6156,0.0000,0.00000,0.23370
7.38,13.38,1.6411,0.0000,0.00000,0.23177
7.62,13.38,1.6205,0.0000,0.00000,0.22145
7.88,13.38,1.5779,0.0000,0.00000,0.20710
8.12,13.38,1.5271,0.0000,0.00000,0.18694
8.38,13.38,1.4671,0.0000,0.00000,0.16056
8.62,13.38,1.4067,0.0000,0.00000,0.13372
8.88,13.38,1.3384,0.0000,0.00000,0.10850
9.12,13.38,1.2671,0.0000,0.00000,0.08784
9.38,13.38,1.1839,0.0000,0.00000,0.07286
9.62,13.38,1.0870,0.0000,0.00000,0.06005
9.88,13.38,0.9734,0.0000,0.00000,0.04463
10.12,13.38,0.8407,0.0000,0.00000,0.03124
10.38,13.38,0.6875,0.0000,0.00000,0.02239
10.62,13.38,0.5242,0.0000,0.00000,0.01637
10.88,13.38,0.3572,0.0000,0.00000,0.01249
11.12,13.38,0.2146,0.0000,0.00000,0.01112
11.38,13.38,0.1189,0.0000,0.00000,0.01045
11.62,13.38,0.0623,0.0000,0.00000,0.00701
11.88,13.38,0.0317,0.0000,0.00000,0.00339
12.12,13.38,0.0173,0.0000,0.00000,0.00179
12.38,13.38,0.0112,0.0000,0.00000,0.00156
12.62,13.38,0.0088,0.0000,0.00000,0.00198
12.88,13.38,0.0075,0.0001,0.00000,0.00234
13.12,13.38,0.0061,0.0009,0.00000,0.00191
2.62,13.62,0.0000,0.0000,0.00000,0.00000
2.88,13.62,0.0000,0.0000,0.00000,0.00000
3.12,13.62,0.0000,0.0000,0.00000,0.00000
3.38,13.62,0.0000,0.0000,0.00000,0.00000
3.62,13.62,0.0002,0.0000,0.00000,0.00001
3.88,13.62,0.0022,0.0000,0.00000,0.00015
4.12,13.62,0.0122,0.0000,0.00000,0.00093
4.38,13.62,0.0435,0.0000,0.00000,0.00370
4.62,13.62,0.1185,0.0000,0.00000,0.01087
4.88,13.62,0.2749,0.0000,0.00000,0.02678
5.12,13.62,0.5298,0.0000,0.00000,0.05394
5.38,13.62,0.8185,0.0000,0.00000,0.08697
5.62,13.62,1.0568,0.0000,0.00000,0.11843
5.88,13.62,1.2304,0.0000,0.00000,0.14480
6.12,13.62,1.3675,0.0000,0.00000,0.16687
6.38,13.62,1.4617,0.0000,0.00000,0.18457
6.62,13.62,1.4838,0.0000,0.00000,0.19185
6.88,13.62,1.4633,0.0000,0.00000,0.18976
7.12,13.62,1.4502,0.0000,0.00000,0.18756
7.38,13.62,1.4422,0.0000,0.00000,0.18521
7.62,13.62,1.4243,0.0000,0.00000,0.17826
7.88,13.62,1.3985,0.0000,0.00000,0.16736
8.12,13.62,1.3586,0.0000,0.00000,0.15117
8.38,13.62,1.3047,0.0000,0.00000,0.13046
8.62,13.62,1.2433,0.0000,0.00000,0.10929
8.88,13.62,1.1674,0.0000,0.00000,0.08942
9.12,13.62,1.0815,0.0000,0.00000,0.07204
9.38,13.62,0.9800,0.0000,0.00000,0.05776
9.62,13.62,0.8586,0.0000,0.00000,0.04549
9.88,13.62,0.7131,0.0000,0.00000,0.03211
10.12,13.62,0.5514,0.0000,0.00000,0.02043
10.38,13.62,0.3875,0.0000,0.00000,0.01249
10.62,13.62,0.2464,0.0000,0.00000,0.00755
10.88,13.62,0.1388,0.0000,0.00000,0.00544
11.12,13.62,0.0689,0.0000,0.00000,0.00704
11.38,13.62,0.0327,0.0000,0.00000,0.00892
11.62,13.62,0.0153,0.0000,0.00000,0.00552
11.88,13.62,0.0072,0.0000,0.00000,0.00165
12.12,13.62,0.0038,0.0000,0.00000,0.00042
12.38,13.62,0.0024,0.0000,0.00000,0.00026
12.62,13.62,0.0018,0.0000,0.00000,0.00038
12.88,13.62,0.0014,0.0000,0.00000,0.00054
2.62,13.88,0.0000,0.0000,0.00000,0.00000
2.88,13.88,0.0000,0.0000,0.00000,0.00000
3.12,13.88,0.0000,0.0000,0.00000,0.00000
3.38,13.88,0.0000,0.0000,0.00000,0.00000
3.62,13.88,0.0000,0.0000,0.00000,0.00000
3.88,13.88,0.0005,0.0000,0.00000,0.00003
4.12,13.88,0.0031,0.0000,0.00000,0.00024
4.38,13.88,0.0125,0.0000,0.00000,0.00109
4.62,13.88,0.0387,0.0000,0.00000,0.00349
4.88,13.88,0.1018,0.0000,0.00000,0.00963
5.12,13.88,0.2252,0.0000,0.00000,0.02256
5.38,13.88,0.4078,0.0000,0.00000,0.04331
5.62,13.88,0.6154,0.0000,0.00000,0.06864
5.88,13.88,0.8054,0.0000,0.00000,0.09209
6.12,13.88,0.9737,0.0000,0.00000,0.11382
6.38,13.88,1.1366,0.0000,0.00000,0.13712
6.62,13.88,1.2651,0.0000,0.00000,0.15480
6.88,13.88,1.3315,0.0000,0.00000,0.16100
7.12,13.88,1.3464,0.0000,0.00000,0.16074
7.38,13.88,1.3249,0.0000,0.00000,0.15583
7.62,13.88,1.2876,0.0000,0.00000,0.14602
7.88,13.88,1.2432,0.0000,0.00000,0.13384
8.12,13.88,1.1835,0.0000,0.00000,0.11936
8.38,13.88,1.1143,0.0000,0.00000,0.10351
8.62,13.88,1.0374,0.0000,0.00000,0.08689
8.88,13.88,0.9431,0.0000,0.00000,0.06970
9.12,13.88,0.8302,0.0000,0.00000,0.05301
9.38,13.88,0.6967,0.0000,0.00000,0.03829
9.62,13.88,0.5461,0.0000,0.00000,0.02661
9.88,13.88,0.3925,0.0000,0.00000,0.01696
10.12,13.88,0.2561,0.0000,0.00000,0.00962
10.38,13.88,0.1487,0.0000,0.00000,0.00497
10.62,13.88,0.0777,0.0000,0.00000,0.00249
10.88,13.88,0.0369,0.0000,0.00000,0.00179
11.12,13.88,0.0161,0.0000,0.00000,0.00326
11.38,13.88,0.0074,0.0000,0.00000,0.00473
11.62,13.88,0.0034,0.0000,0.00000,0.00287
11.88,13.88,0.0014,0.0000,0.00000,0.00071
12.12,13.88,0.0008,0.0000,0.00000,0.00010
12.38,13.88,0.0005,0.0000,0.00000,0.00003
12.62,13.88,0.0003,0.0000,0.00000,0.00004
2.62,14.12,0.0000,0.0000,0.00000,0.00000
2.88,14.12,0.0000,0.0000,0.00000,0.00000
3.12,14.12,0.0000,0.0000,0.00000,0.00000
3.38,14.12,0.0000,0.0000,0.00000,0.00000
3.62,14.12,0.0000,0.0000,0.00000,0.00000
3.88,14.12,0.0001,0.0000,0.00000,0.00000
4.12,14.12,0.0005,0.0000,0.00000,0.00004
4.38,14.12,0.0025,0.0000,0.00000,0.00021
4.62,14.12,0.0090,0.0000,0.00000,0.00074
4.88,14.12,0.0267,0.0000,0.00000,0.00234
5.12,14.12,0.0673,0.0000,0.00000,0.00646
5.38,14.12,0.1425,0.0000,0.00000,0.01481
5.62,14.12,0.2537,0.0000,0.00000,0.02747
5.88,14.12,0.3833,0.0000,0.00000,0.04199
6.12,14.12,0.5172,0.0000,0.00000,0.05764
6.38,14.12,0.6586,0.0000,0.00000,0.07552
6.62,14.12,0.7934,0.0000,0.00000,0.09220
6.88,14.12,0.8987,0.0000,0.00000,0.10383
7.12,14.12,0.9674,0.0000,0.00000,0.11075
7.38,14.12,0.9971,0.0000,0.00000,0.11174
7.62,14.12,0.9896,0.0000,0.00000,0.10634
7.88,14.12,0.9458,0.0000,0.00000,0.09656
8.12,14.12,0.8737,0.0000,0.00000,0.08417
8.38,14.12,0.7903,0.0000,0.00000,0.07109
8.62,14.12,0.6967,0.0000,0.00000,0.05743
8.88,14.12,0.5874,0.0000,0.00000,0.04288
9.12,14.12,0.4680,0.0000,0.00000,0.02919
9.38,14.12,0.3482,0.0000,0.00000,0.01842
9.62,14.12,0.2354,0.0000,0.00000,0.01099
9.88,14.12,0.1422,0.0000,0.00000,0.00604
10.12,14.12,0.0778,0.0000,0.00000,0.00294
10.38,14.12,0.0381,0.0000,0.00000,0.00132
10.62,14.12,0.0171,0.0000,0.00000,0.00068
10.88,14.12,0.0075,0.0000,0.00000,0.00056
11.12,14.12,0.0033,0.0000,0.00000,0.00081
11.38,14.12,0.0016,0.0000,0.00000,0.00105
11.62,14.12,0.0007,0.0000,0.00000,0.00062
11.88,14.12,0.0002,0.0000,0.00000,0.00015
12.12,14.12,0.0001,0.0000,0.00000,0.00002
12.38,14.12,0.0001,0.0000,0.00000,0.00000
2.62,14.38,0.0000,0.0000,0.00000,0.00000
2.88,14.38,0.0000,0.0000,0.00000,0.00000
3.12,14.38,0.0000,0.0000,0.00000,0.00000
3.38,14.38,0.0000,0.0000,0.00000,0.00000
3.62,14.38,0.0000,0.0000,0.00000,0.00000
3.88,14.38,0.0000,0.0000,0.00000,0.00000
4.12,14.38,0.0001,0.0000,0.00000,0.00000
4.38,14.38,0.0003,0.0000,0.00000,0.00002
4.62,14.38,0.0013,0.0000,0.00000,0.00009
4.88,14.38,0.0045,0.0000,0.00000,0.00036
5.12,14.38,0.0132,0.0000,0.00000,0.00118
5.38,14.38,0.0332,0.0000,0.00000,0.00322
5.62,14.38,0.0703,0.0000,0.00000,0.00710
5.88,14.38,0.1244,0.0000,0.00000,0.01291
6.12,14.38,0.1893,0.0000,0.00000,0.02020
6.38,14.38,0.2615,0.0000,0.00000,0.02856
6.62,14.38,0.3356,0.0000,0.00000,0.03701
6.88,14.38,0.4014,0.0000,0.00000,0.04440
7.12,14.38,0.4548,0.0000,0.00000,0.05055
7.38,14.38,0.4891,0.0000,0.00000,0.05361
7.62,14.38,0.4955,0.0000,0.00000,0.05223
7.88,14.38,0.4710,0.0000,0.00000,0.04716
8.12,14.38,0.4234,0.0000,0.00000,0.03995
8.38,14.38,0.3667,0.0000,0.00000,0.03236
8.62,14.38,0.3042,0.0000,0.00000,0.02489
8.88,14.38,0.2352,0.0000,0.00000,0.01721
9.12,14.38,0.1671,0.0000,0.00000,0.01043
9.38,14.38,0.1089,0.0000,0.00000,0.00578
9.62,14.38,0.0638,0.0000,0.00000,0.00302
9.88,14.38,0.0332,0.0000,0.00000,0.00141
10.12,14.38,0.0159,0.0000,0.00000,0.00058
10.38,14.38,0.0072,0.0000,0.00000,0.00026
10.62,14.38,0.0034,0.0000,0.00000,0.00029
10.88,14.38,0.0021,0.0000,0.00000,0.00039
11.12,14.38,0.0013,0.0000,0.00000,0.00027
11.38,14.38,0.0006,0.0000,0.00000,0.00013
11.62,14.38,0.0002,0.0000,0.00000,0.00006
11.88,14.38,0.0000,0.0000,0.00000,0.00001
12.12,14.38,0.0000,0.0000,0.00000,0.00000
2.62,14.62,0.0000,0.0000,0.00000,0.00000
2.88,14.62,0.0000,0.0000,0.00000,0.00000
3.12,14.62,0.0000,0.0000,0.00000,0.00000
3.38,14.62,0.0000,0.0000,0.00000,0.00000
3.62,14.62,0.0000,0.0000,0.00000,0.00000
3.88,14.62,0.0000,0.0000,0.00000,0.00000
4.12,14.62,0.0000,0.0000,0.00000,0.00000
4.38,14.62,0.0000,0.0000,0.00000,0.00000
4.62,14.62,0.0001,0.0000,0.00000,0.00001
4.88,14.62,0.0004,0.0000,0.00000,0.00003
5.12,14.62,0.0016,0.0000,0.00000,0.00013
5.38,14.62,0.0050,0.0000,0.00000,0.00043
5.62,14.62,0.0126,0.0000,0.00000,0.00115
5.88,14.62,0.0256,0.0000,0.00000,0.00253
6.12,14.62,0.0435,0.0000,0.00000,0.00448
6.38,14.62,0.0661,0.0000,0.00000,0.00696
6.62,14.62,0.0930,0.0000,0.00000,0.00982
6.88,14.62,0.1181,0.0000,0.00000,0.01253
7.12,14.62,0.1379,0.0000,0.00000,0.01484
7.38,14.62,0.1497,0.0000,0.00000,0.01603
7.62,14.62,0.1504,0.0000,0.00000,0.01548
7.88,14.62,0.1410,0.0000,0.00000,0.01367
8.12,14.62,0.1239,0.0000,0.00000,0.01123
8.38,14.62,0.1027,0.0000,0.00000,0.00870
8.62,14.62,0.0799,0.0000,0.00000,0.00637
8.88,14.62,0.0568,0.0000,0.00000,0.00414
9.12,14.62,0.0366,0.0000,0.00000,0.00230
9.38,14.62,0.0215,0.0000,0.00000,0.00117
9.62,14.62,0.0113,0.0000,0.00000,0.00056
9.88,14.62,0.0053,0.0000,0.00000,0.00023
10.12,14.62,0.0025,0.0000,0.00000,0.00007
10.38,14.62,0.0015,0.0000,0.00000,0.00005
10.62,14.62,0.0012,0.0000,0.00000,0.00014
10.88,14.62,0.0010,0.0000,0.00000,0.00022
11.12,14.62,0.0007,0.0000,0.00000,0.00013
11.38,14.62,0.0003,0.0000,0.00000,0.00003
11.62,14.62,0.0001,0.0000,0.00000,0.00000
11.88,14.62,0.0000,0.0000,0.00000,0.00000
2.62,14.88,0.0000,0.0000,0.00000,0.00000
2.88,14.88,0.0000,0.0000,0.00000,0.00000
3.12,14.88,0.0000,0.0000,0.00000,0.00000
3.38,14.88,0.0000,0.0000,0.00000,0.00000
3.62,14.88,0.0000,0.0000,0.00000,0.00000
3.88,14.88,0.0000,0.0000,0.00000,0.00000
4.12,14.88,0.0000,0.0000,0.00000,0.00000
4.38,14.88,0.0000,0.0000,0.00000,0.00000
4.62,14.88,0.0000,0.0000,0.00000,0.00000
4.88,14.88,0.0000,0.0000,0.00000,0.00000
5.12,14.88,0.0001,0.0000,0.00000,0.00001
5.38,14.88,0.0005,0.0000,0.00000,0.00003
5.62,14.88,0.0014,0.0000,0.00000,0.00011
5.88,14.88,0.0031,0.0000,0.00000,0.00029
6.12,14.88,0.0058,0.0000,0.00000,0.00058
6.38,14.88,0.0102,0.0000,0.00000,0.00104
6.62,14.88,0.0165,0.0000,0.00000,0.00169
6.88,14.88,0.0227,0.0000,0.00000,0.00231
7.12,14.88,0.0273,0.0000,0.00000,0.00276
7.38,14.88,0.0297,0.0000,0.00000,0.00293
7.62,14.88,0.0292,0.0000,0.00000,0.00273
7.88,14.88,0.0267,0.0000,0.00000,0.00234
8.12,14.88,0.0232,0.0000,0.00000,0.00189
8.38,14.88,0.0184,0.0000,0.00000,0.00140
8.62,14.88,0.0130,0.0000,0.00000,0.00095
8.88,14.88,0.0083,0.0000,0.00000,0.00059
9.12,14.88,0.0048,0.0000,0.00000,0.00031
9.38,14.88,0.0026,0.0000,0.00000,0.00015
9.62,14.88,0.0013,0.0000,0.00000,0.00007
9.88,14.88,0.0006,0.0000,0.00000,0.00002
10.12,14.88,0.0005,0.0000,0.00000,0.00001
10.38,14.88,0.0007,0.0000,0.00000,0.00001
10.62,14.88,0.0006,0.0000,0.00000,0.00003
10.88,14.88,0.0004,0.0000,0.00000,0.00005
11.12,14.88,0.0002,0.0000,0.00000,0.00003
11.38,14.88,0.0001,0.0000,0.00000,0.00001
11.62,14.88,0.0000,0.0000,0.00000,0.00000
2.62,15.12,0.0000,0.0000,0.00000,0.00000
2.88,15.12,0.0000,0.0000,0.00000,0.00000
3.12,15.12,0.0000,0.0000,0.00000,0.00000
3.38,15.12,0.0000,0.0000,0.00000,0.00000
3.62,15.12,0.0000,0.0000,0.00000,0.00000
3.88,15.12,0.0000,0.0000,0.00000,0.00000
4.12,15.12,0.0000,0.0000,0.00000,0.00000
4.38,15.12,0.0000,0.0000,0.00000,0.00000
4.62,15.12,0.0000,0.0000,0.00000,0.00000
4.88,15.12,0.0000,0.0000,0.00000,0.00000
5.12,15.12,0.0000,0.0000,0.00000,0.00000
5.38,15.12,0.0000,0.0000,0.00000,0.00000
5.62,15.12,0.0001,0.0000,0.00000,0.00001
5.88,15.12,0.0002,0.0000,0.00000,0.00002
6.12,15.12,0.0004,0.0000,0.00000,0.00004
6.38,15.12,0.0009,0.0000,0.00000,0.00009
6.62,15.12,0.0018,0.0000,0.00000,0.00018
6.88,15.12,0.0027,0.0000,0.00000,0.00026
7.12,15.12,0.0035,0.0000,0.00000,0.00031
7.38,15.12,0.0040,0.0000,0.00000,0.00032
7.62,15.12,0.0039,0.0000,0.00000,0.00028
7.88,15.12,0.0035,0.0000,0.00000,0.00024
8.12,15.12,0.0030,0.0000,0.00000,0.00019
8.38,15.12,0.0022,0.0000,0.00000,0.00013
8.62,15.12,0.0014,0.0000,0.00000,0.00008
8.88,15.12,0.0008,0.0000,0.00000,0.00005
9.12,15.12,0.0004,0.0000,0.00000,0.00002
9.38,15.12,0.0002,0.0000,0.00000,0.00001
9.62,15.12,0.0001,0.0000,0.00000,0.00000
9.88,15.12,0.0001,0.0000,0.00000,0.00000
10.12,15.12,0.0002,0.0000,0.00000,0.00000
10.38,15.12,0.0003,0.0000,0.00000,0.00000
10.62,15.12,0.0002,0.0000,0.00000,0.00000
10.88,15.12,0.0001,0.0000,0.00000,0.00000
11.12,15.12,0.0000,0.0000,0.00000,0.00000
11.38,15.12,0.0000,0.0000,0.00000,0.00000
2.62,15.38,0.0000,0.0000,0.00000,0.00000
2.88,15.38,0.0000,0.0000,0.00000,0.00000
3.12,15.38,0.0000,0.0000,0.00000,0.00000
3.38,15.38,0.0000,0.0000,0.00000,0.00000
3.62,15.38,0.0000,0.0000,0.00000,0.00000
3.88,15.38,0.0000,0.0000,0.00000,0.00000
4.12,15.38,0.0000,0.0000,0.00000,0.00000
4.38,15.38,0.0000,0.0000,0.00000,0.00000
4.62,15.38,0.0000,0.0000,0.00000,0.00000
4.88,15.38,0.0000,0.0000,0.00000,0.00000
5.12,15.38,0.0000,0.0000,0.00000,0.00000
5.38,15.38,0.0000,0.0000,0.00000,0.00000
5.62,15.38,0.0000,0.0000,0.00000,0.00000
5.88,15.38,0.0000,0.0000,0.00000,0.00000
6.12,15.38,0.0000,0.0000,0.00000,0.00000
6.38,15.38,0.0000,0.0000,0.00000,0.00000
6.62,15.38,0.0001,0.0000,0.00000,0.00001
6.88,15.38,0.0002,0.0000,0.00000,0.00002
7.12,15.38,0.0003,0.0000,0.00000,0.00002
7.38,15.38,0.0004,0.0000,0.00000,0.00002
7.62,15.38,0.0004,0.0000,0.00000,0.00002
7.88,15.38,0.0003,0.0000,0.00000,0.00001
8.12,15.38,0.0003,0.0000,0.00000,0.00001
8.38,15.38,0.0002,0.0000,0.00000,0.00001
8.62,15.38,0.0001,0.0000,0.00000,0.00000
8.88,15.38,0.0000,0.0000,0.00000,0.00000
9.12,15.38,0.0000,0.0000,0.00000,0.00000
9.38,15.38,0.0000,0.0000,0.00000,0.00000
9.62,15.38,0.0000,0.0000,0.00000,0.00000
9.88,15.38,0.0000,0.0000,0.00000,0.00000
10.12,15.38,0.0000,0.0000,0.00000,0.00000
10.38,15.38,0.0001,0.0000,0.00000,0.00000
10.62,15.38,0.0000,0.0000,0.00000,0.00000
10.88,15.38,0.0000,0.0000,0.00000,0.00000
11.12,15.38,0.0000,0.0000,0.00000,0.00000
2.62,15.62,0.0000,0.0000,0.00000,0.00000
2.88,15.62,0.0000,0.0000,0.00000,0.00000
3.12,15.62,0.0000,0.0000,0.00000,0.00000
3.38,15.62,0.0000,0.0000,0.00000,0.00000
3.62,15.62,0.0000,0.0000,0.00000,0.00000
3.88,15.62,0.0000,0.0000,0.00000,0.00000
4.12,15.62,0.0000,0.0000,0.00000,0.00000
4.38,15.62,0.0000,0.0000,0.00000,0.00000
4.62,15.62,0.0000,0.0000,0.00000,0.00000
4.88,15.62,0.0000,0.0000,0.00000,0.00000
5.12,15.62,0.0000,0.0000,0.00000,0.00000
5.38,15.62,0.0000,0.0000,0.00000,0.00000
5.62,15.62,0.0000,0.0000,0.00000,0.00000
5.88,15.62,0.0000,0.0000,0.00000,0.00000
6.12,15.62,0.0000,0.0000,0.00000,0.00000
6.38,15.62,0.0000,0.0000,0.00000,0.00000
6.62,15.62,0.0000,0.0000,0.00000,0.00000
6.88,15.62,0.0000,0.0000,0.00000,0.00000
7.12,15.62,0.0000,0.0000,0.00000,0.00000
7.38,15.62,0.0000,0.0000,0.00000,0.00000
7.62,15.62,0.0000,0.0000,0.00000,0.00000
7.88,15.62,0.0000,0.0000,0.00000,0.00000
8.12,15.62,0.0000,0.0000,0.00000,0.00000
8.38,15.62,0.0000,0.0000,0.00000,0.00000
8.62,15.62,0.0000,0.0000,0.00000,0.00000
8.88,15.62,0.0000,0.0000,0.00000,0.00000
9.12,15.62,0.0000,0.0000,0.00000,0.00000
9.38,15.62,0.0000,0.0000,0.00000,0.00000
9.62,15.62,0.0000,0.0000,0.00000,0.00000
9.88,15.62,0.0000,0.0000,0.00000,0.00000
10.12,15.62,0.0000,0.0000,0.00000,0.00000
10.38,15.62,0.0000,0.0000,0.00000,0.00000
10.62,15.62,0.0000,0.0000,0.00000,0.00000
10.88,15.62,0.0000,0.0000,0.00000,0.00000
2.62,15.88,0.0000,0.0000,0.00000,0.00000
2.88,15.88,0.0000,0.0000,0.00000,0.00000
3.12,15.88,0.0000,0.0000,0.00000,0.00000
3.38,15.88,0.0000,0.0000,0.00000,0.00000
3.62,15.88,0.0000,0.0000,0.00000,0.00000
3.88,15.88,0.0000,0.0000,0.00000,0.00000
4.12,15.88,0.0000,0.0000,0.00000,0.00000
4.38,15.88,0.0000,0.0000,0.00000,0.00000
4.62,15.88,0.0000,0.0000,0.00000,0.00000
4.88,15.88,0.0000,0.0000,0.00000,0.00000
5.12,15.88,0.0000,0.0000,0.00000,0.00000
5.38,15.88,0.0000,0.0000,0.00000,0.00000
5.62,15.88,0.0000,0.0000,0.00000,0.00000
5.88,15.88,0.0000,0.0000,0.00000,0.00000
6.12,15.88,0.0000,0.0000,0.00000,0.00000
6.38,15.88,0.0000,0.0000,0.00000,0.00000
6.62,15.88,0.0000,0.0000,0.00000,0.00000
6.88,15.88,0.0000,0.0000,0.00000,0.00000
7.12,15.88,0.0000,0.0000,0.00000,0.00000
7.38,15.88,0.0000,0.0000,0.00000,0.00000
7.62,15.88,0.0000,0.0000,0.00000,0.00000
7.88,15.88,0.0000,0.0000,0.00000,0.00000
8.12,15.88,0.0000,0.0000,0.00000,0.00000
8.38,15.88,0.0000,0.0000,0.00000,0.00000
8.62,15.88,0.0000,0.0000,0.00000,0.00000
8.88,15.88,0.0000,0.0000,0.00000,0.00000
9.12,15.88,0.0000,0.0000,0.00000,0.00000
9.38,15.88,0.0000,0.0000,0.00000,0.00000
9.62,15.88,0.0000,0.0000,0.00000,0.00000
9.88,15.88,0.0000,0.0000,0.00000,0.00000
10.12,15.88,0.0000,0.0000,0.00000,0.00000
10.38,15.88,0.0000,0.0000,0.00000,0.00000
10.62,15.88,0.0000,0.0000,0.00000,0.00000
2.62,16.12,0.0000,0.0000,0.00000,0.00000
2.88,16.12,0.0000,0.0000,0.00000,0.00000
3.12,16.12,0.0000,0.0000,0.00000,0.00000
3.38,16.12,0.0000,0.0000,0.00000,0.00000
3.62,16.12,0.0000,0.0000,0.00000,0.00000
3.88,16.12,0.0000,0.0000,0.00000,0.00000
4.12,16.12,0.0000,0.0000,0.00000,0.00000
4.38,16.12,0.0000,0.0000,0.00000,0.00000
4.62,16.12,0.0000,0.0000,0.00000,0.00000
4.88,16.12,0.0000,0.0000,0.00000,0.00000
5.12,16.12,0.0000,0.0000,0.00000,0.00000
5.38,16.12,0.0000,0.0000,0.00000,0.00000
5.62,16.12,0.0000,0.0000,0.00000,0.00000
5.88,16.12,0.0000,0.0000,0.00000,0.00000
6.12,16.12,0.0000,0.0000,0.00000,0.00000
6.38,16.12,0.0000,0.0000,0.00000,0.00000
6.62,16.12,0.0000,0.0000,0.00000,0.00000
6.88,16.12,0.0000,0.0000,0.00000,0.00000
7.12,16.12,0.0000,0.0000,0.00000,0.00000
7.38,16.12,0.0000,0.0000,0.00000,0.00000
7.62,16.12,0.0000,0.0000,0.00000,0.00000
7.88,16.12,0.0000,0.0000,0.00000,0.00000
8.12,16.12,0.0000,0.0000,0.00000,0.00000
8.38,16.12,0.0000,0.0000,0.00000,0.00000
8.62,16.12,0.0000,0.0000,0.00000,0.00000
8.88,16.12,0.0000,0.0000,0.00000,0.00000
9.12,16.12,0.0000,0.0000,0.00000,0.00000
9.38,16.12,0.0000,0.0000,0.00000,0.00000
9.62,16.12,0.0000,0.0000,0.00000,0.00000
9.88,16.12,0.0000,0.0000,0.00000,0.00000
10.12,16.12,0.0000,0.0000,0.00000,0.00000
10.38,16.12,0.0000,0.0000,0.00000,0.00000
2.62,16.38,0.0000,0.0000,0.00000,0.00000
2.88,16.38,0.0000,0.0000,0.00000,0.00000
3.12,16.38,0.0000,0.0000,0.00000,0.00000
3.38,16.38,0.0000,0.0000,0.00000,0.00000
3.62,16.38,0.0000,0.0000,0.00000,0.00000
3.88,16.38,0.0000,0.0000,0.00000,0.00000
4.12,16.38,0.0000,0.0000,0.00000,0.00000
4.38,16.38,0.0000,0.0000,0.00000,0.00000
4.62,16.38,0.0000,0.0000,0.00000,0.00000
4.88,16.38,0.0000,0.0000,0.00000,0.00000
5.12,16.38,0.0000,0.0000,0.00000,0.00000
5.38,16.38,0.0000,0.0000,0.00000,0.00000
5.62,16.38,0.0000,0.0000,0.00000,0.00000
5.88,16.38,0.0000,0.0000,0.00000,0.00000
6.12,16.38,0.0000,0.0000,0.00000,0.00000
6.38,16.38,0.0000,0.0000,0.00000,0.00000
6.62,16.38,0.0000,0.0000,0.00000,0.00000
6.88,16.38,0.0000,0.0000,0.00000,0.00000
7.12,16.38,0.0000,0.0000,0.00000,0.00000
7.38,16.38,0.0000,0.0000,0.00000,0.00000
7.62,16.38,0.0000,0.0000,0.00000,0.00000
7.88,16.38,0.0000,0.0000,0.00000,0.00000
8.12,16.38,0.0000,0.0000,0.00000,0.00000
8.38,16.38,0.0000,0.0000,0.00000,0.00000
8.62,16.38,0.0000,0.0000,0.00000,0.00000
8.88,16.38,0.0000,0.0000,0.00000,0.00000
9.12,16.38,0.0000,0.0000,0.00000,0.00000
9.38,16.38,0.0000,0.0000,0.00000,0.00000
9.62,16.38,0.0000,0.0000,0.00000,0.00000
9.88,16.38,0.0000,0.0000,0.00000,0.00000
10.12,16.38,0.0000,0.0000,0.00000,0.00000
2.62,16.62,0.0000,0.0000,0.00000,0.00000
2.88,16.62,0.0000,0.0000,0.00000,0.00000
3.12,16.62,0.0000,0.0000,0.00000,0.00000
3.38,16.62,0.0000,0.0000,0.00000,0.00000
3.62,16.62,0.0000,0.0000,0.00000,0.00000
3.88,16.62,0.0000,0.0000,0.00000,0.00000
4.12,16.62,0.0000,0.0000,0.00000,0.00000
4.38,16.62,0.0000,0.0000,0.00000,0.00000
4.62,16.62,0.0000,0.0000,0.00000,0.00000
4.88,16.62,0.0000,0.0000,0.00000,0.00000
5.12,16.62,0.0000,0.0000,0.00000,0.00000
5.38,16.62,0.0000,0.0000,0.00000,0.00000
5.62,16.62,0.0000,0.0000,0.00000,0.00000
5.88,16.62,0.0000,0.0000,0.00000,0.00000
6.12,16.62,0.0000,0.0000,0.00000,0.00000
6.38,16.62,0.0000,0.0000,0.00000,0.00000
6.62,16.62,0.0000,0.0000,0.00000,0.00000
6.88,16.62,0.0000,0.0000,0.00000,0.00000
7.12,16.62,0.0000,0.0000,0.00000,0.00000
7.38,16.62,0.0000,0.0000,0.00000,0.00000
7.62,16.62,0.0000,0.0000,0.00000,0.00000
7.88,16.62,0.0000,0.0000,0.00000,0.00000
8.12,16.62,0.0000,0.0000,0.00000,0.00000
8.38,16.62,0.0000,0.0000,0.00000,0.00000
8.62,16.62,0.0000,0.0000,0.00000,0.00000
8.88,16.62,0.0000,0.0000,0.00000,0.00000
9.12,16.62,0.0000,0.0000,0.00000,0.00000
9.38,16.62,0.0000,0.0000,0.00000,0.00000
9.62,16.62,0.0000,0.0000,0.00000,0.00000
9.88,16.62,0.0000,0.0000,0.00000,0.00000
2.62,16.88,0.0000,0.0000,0.00000,0.00000
2.88,16.88,0.0000,0.0000,0.00000,0.00000
3.12,16.88,0.0000,0.0000,0.00000,0.00000
3.38,16.88,0.0000,0.0000,0.00000,0.00000
3.62,16.88,0.0000,0.0000,0.00000,0.00000
3.88,16.88,0.0000,0.0000,0.00000,0.00000
4.12,16.88,0.0000,0.0000,0.00000,0.00000
4.38,16.88,0.0000,0.0000,0.00000,0.00000
4.62,16.88,0.0000,0.0000,0.00000,0.00000
4.88,16.88,0.0000,0.0000,0.00000,0.00000
5.12,16.88,0.0000,0.0000,0.00000,0.00000
5.38,16.88,0.0000,0.0000,0.00000,0.00000
5.62,16.88,0.0000,0.0000,0.00000,0.00000
5.88,16.88,0.0000,0.0000,0.00000,0.00000
6.12,16.88,0.0000,0.0000,0.00000,0.00000
6.38,16.88,0.0000,0.0000,0.00000,0.00000
6.62,16.88,0.0000,0.0000,0.00000,0.00000
6.88,16.88,0.0000,0.0000,0.00000,0.00000
7.12,16.88,0.0000,0.0000,0.00000,0.00000
7.38,16.88,0.0000,0.0000,0.00000,0.00000
7.62,16.88,0.0000,0.0000,0.00000,0.00000
7.88,16.88,0.0000,0.0000,0.00000,0.00000
8.12,16.88,0.0000,0.0000,0.00000,0.00000
8.38,16.88,0.0000,0.0000,0.00000,0.00000
8.62,16.88,0.0000,0.0000,0.00000,0.00000
8.88,16.88,0.0000,0.0000,0.00000,0.00000
9.12,16.88,0.0000,0.0000,0.00000,0.00000
9.38,16.88,0.0000,0.0000,0.00000,0.00000
9.62,16.88,0.0000,0.0000,0.00000,0.00000
2.62,17.12,0.0000,0.0000,0.00000,0.00000
2.88,17.12,0.0000,0.0000,0.00000,0.00000
3.12,17.12,0.0000,0.0000,0.00000,0.00000
3.38,17.12,0.0000,0.0000,0.00000,0.00000
3.62,17.12,0.0000,0.0000,0.00000,0.00000
3.88,17.12,0.0000,0.0000,0.00000,0.00000
4.12,17.12,0.0000,0.0000,0.00000,0.00000
4.38,17.12,0.0000,0.0000,0.00000,0.00000
4.62,17.12,0.0000,0.0000,0.00000,0.00000
4.88,17.12,0.0000,0.0000,0.00000,0.00000
5.12,17.12,0.0000,0.0000,0.00000,0.00000
5.38,17.12,0.0000,0.0000,0.00000,0.00000
5.62,17.12,0.0000,0.0000,0.00000,0.00000
5.88,17.12,0.0000,0.0000,0.00000,0.00000
6.12,17.12,0.0000,0.0000,0.00000,0.00000
6.38,17.12,0.0000,0.0000,0.00000,0.00000
6.62,17.12,0.0000,0.0000,0.00000,0.00000
6.88,17.12,0.0000,0.0000,0.00000,0.00000
7.12,17.12,0.0000,0.0000,0.00000,0.00000
7.38,17.12,0.0000,0.0000,0.00000,0.00000
7.62,17.12,0.0000,0.0000,0.00000,0.00000
7.88,17.12,0.0000,0.0000,0.00000,0.00000
8.12,17.12,0.0000,0.0000,0.00000,0.00000
8.38,17.12,0.0000,0.0000,0.00000,0.00000
8.62,17.12,0.0000,0.0000,0.00000,0.00000
8.88,17.12,0.0000,0.0000,0.00000,0.00000
9.12,17.12,0.0000,0.0000,0.00000,0.00000
9.38,17.12,0.0000,0.0000,0.00000,0.00000
2.62,17.38,0.0000,0.0000,0.00000,0.00000
2.88,17.38,0.0000,0.0000,0.00000,0.00000
3.12,17.38,0.0000,0.0000,0.00000,0.00000
3.38,17.38,0.0000,0.0000,0.00000,0.00000
3.62,17.38,0.0000,0.0000,0.00000,0.00000
3.88,17.38,0.0000,0.0000,0.00000,0.00000
4.12,17.38,0.0000,0.0000,0.00000,0.00000
4.38,17.38,0.0000,0.0000,0.00000,0.00000
4.62,17.38,0.0000,0.0000,0.00000,0.00000
4.88,17.38,0.0000,0.0000,0.00000,0.00000
5.12,17.38,0.0000,0.0000,0.00000,0.00000
5.38,17.38,0.0000,0.0000,0.00000,0.00000
5.62,17.38,0.0000,0.0000,0.00000,0.00000
5.88,17.38,0.0000,0.0000,0.00000,0.00000
6.12,17.38,0.0000,0.0000,0.00000,0.00000
6.38,17.38,0.0000,0.0000,0.00000,0.00000
6.62,17.38,0.0000,0.0000,0.00000,0.00000
6.88,17.38,0.0000,0.0000,0.00000,0.00000
7.12,17.38,0.0000,0.0000,0.00000,0.00000
7.38,17.38,0.0000,0.0000,0.00000,0.00000
7.62,17.38,0.0000,0.0000,0.00000,0.00000
7.88,17.38,0.0000,0.0000,0.00000,0.00000
8.12,17.38,0.0000,0.0000,0.00000,0.00000
8.38,17.38,0.0000,0.0000,0.00000,0.00000
8.62,17.38,0.0000,0.0000,0.00000,0.00000
8.88,17.38,0.0000,0.0000,0.00000,0.00000
9.12,17.38,0.0000,0.0000,0.00000,0.00000
2.62,17.62,0.0000,0.0000,0.00000,0.00000
2.88,17.62,0.0000,0.0000,0.00000,0.00000
3.12,17.62,0.0000,0.0000,0.00000,0.00000
3.38,17.62,0.0000,0.0000,0.00000,0.00000
3.62,17.62,0.0000,0.0000,0.00000,0.00000
3.88,17.62,0.0000,0.0000,0.00000,0.00000
4.12,17.62,0.0000,0.0000,0.00000,0.00000
4.38,17.62,0.0000,0.0000,0.00000,0.00000
4.62,17.62,0.0000,0.0000,0.00000,0.00000
4.88,17.62,0.0000,0.0000,0.00000,0.00000
5.12,17.62,0.0000,0.0000,0.00000,0.00000
5.38,17.62,0.0000,0.0000,0.00000,0.00000
5.62,17.62,0.0000,0.0000,0.00000,0.00000
5.88,17.62,0.0000,0.0000,0.00000,0.00000
6.12,17.62,0.0000,0.0000,0.00000,0.00000
6.38,17.62,0.0000,0.0000,0.00000,0.00000
6.62,17.62,0.0000,0.0000,0.00000,0.00000
6.88,17.62,0.0000,0.0000,0.00000,0.00000
7.12,17.62,0.0000,0.0000,0.00000,0.00000
7.38,17.62,0.0000,0.0000,0.00000,0.00000
7.62,17.62,0.0000,0.0000,0.00000,0.00000
7.88,17.62,0.0000,0.0000,0.00000,0.00000
8.12,17.62,0.0000,0.0000,0.00000,0.00000
8.38,17.62,0.0000,0.0000,0.00000,0.00000
8.62,17.62,0.0000,0.0000,0.00000,0.00000
8.88,17.62,0.0000,0.0000,0.00000,0.00000
2.62,17.88,0.0000,0.0000,0.00000,0.00000
2.88,17.88,0.0000,0.0000,0.00000,0.00000
3.12,17.88,0.0000,0.0000,0.00000,0.00000
3.38,17.88,0.0000,0.0000,0.00000,0.00000
3.62,17.88,0.0000,0.0000,0.00000,0.00000
3.88,17.88,0.0000,0.0000,0.00000,0.00000
4.12,17.88,0.0000,0.0000,0.00000,0.00000
4.38,17.88,0.0000,0.0000,0.00000,0.00000
4.62,17.88,0.0000,0.0000,0.00000,0.00000
4.88,17.88,0.0000,0.0000,0.00000,0.00000
5.12,17.88,0.0000,0.0000,0.00000,0.00000
5.38,17.88,0.0000,0.0000,0.00000,0.00000
5.62,17.88,0.0000,0.0000,0.00000,0.00000
5.88,17.88,0.0000,0.0000,0.00000,0.00000
6.12,17.88,0.0000,0.0000,0.00000,0.00000
6.38,17.88,0.0000,0.0000,0.00000,0.00000
6.62,17.88,0.0000,0.0000,0.00000,0.00000
6.88,17.88,0.0000,0.0000,0.00000,0.00000
7.12,17.88,0.0000,0.0000,0.00000,0.00000
7.38,17.88,0.0000,0.0000,0.00000,0.00000
7.62,17.88,0.0000,0.0000,0.00000,0.00000
7.88,17.88,0.0000,0.0000,0.00000,0.00000
8.12,17.88,0.0000,0.0000,0.00000,0.00000
8.38,17.88,0.0000,0.0000,0.00000,0.00000
8.62,17.88,0.0000,0.0000,0.00000,0.00000
2.62,18.12,0.0000,0.0000,0.00000,0.00000
2.88,18.12,0.0000,0.0000,0.00000,0.00000
3.12,18.12,0.0000,0.0000,0.00000,0.00000
3.38,18.12,0.0000,0.0000,0.00000,0.00000
3.62,18.12,0.0000,0.0000,0.00000,0.00000
3.88,18.12,0.0000,0.0000,0.00000,0.00000
4.12,18.12,0.0000,0.0000,0.00000,0.00000
4.38,18.12,0.0000,0.0000,0.00000,0.00000
4.62,18.12,0.0000,0.0000,0.00000,0.00000
4.88,18.12,0.0000,0.0000,0.00000,0.00000
5.12,18.12,0.0000,0.0000,0.00000,0.00000
5.38,18.12,0.0000,0.0000,0.00000,0.00000
5.62,18.12,0.0000,0.0000,0.00000,0.00000
5.88,18.12,0.0000,0.0000,0.00000,0.00000
6.12,18.12,0.0000,0.0000,0.00000,0.00000
6.38,18.12,0.0000,0.0000,0.00000,0.00000
6.62,18.12,0.0000,0.0000,0.00000,0.00000
6.88,18.12,0.0000,0.0000,0.00000,0.00000
7.12,18.12,0.0000,0.0000,0.00000,0.00000
7.38,18.12,0.0000,0.0000,0.00000,0.00000
7.62,18.12,0.0000,0.0000,0.00000,0.00000
7.88,18.12,0.0000,0.0000,0.00000,0.00000
8.12,18.12,0.0000,0.0000,0.00000,0.00000
8.38,18.12,0.0000,0.0000,0.00000,0.00000
2.62,18.38,0.0000,0.0000,0.00000,0.00000
2.88,18.38,0.0000,0.0000,0.00000,0.00000
3.12,18.38,0.0000,0.0000,0.00000,0.00000
3.38,18.38,0.0000,0.0000,0.00000,0.00000
3.62,18.38,0.0000,0.0000,0.00000,0.00000
3.88,18.38,0.0000,0.0000,0.00000,0.00000
4.12,18.38,0.0000,0.0000,0.00000,0.00000
4.38,18.38,0.0000,0.0000,0.00000,0.00000
4.62,18.38,0.0000,0.0000,0.00000,0.00000
4.88,18.38,0.0000,0.0000,0.00000,0.00000
5.12,18.38,0.0000,0.0000,0.00000,0.00000
5.38,18.38,0.0000,0.0000,0.00000,0.00000
5.62,18.38,0.0000,0.0000,0.00000,0.00000
5.88,18.38,0.0000,0.0000,0.00000,0.00000
6.12,18.38,0.0000,0.0000,0.00000,0.00000
6.38,18.38,0.0000,0.0000,0.00000,0.00000
6.62,18.38,0.0000,0.0000,0.00000,0.00000
6.88,18.38,0.0000,0.0000,0.00000,0.00000
7.12,18.38,0.0000,0.0000,0.00000,0.00000
7.38,18.38,0.0000,0.0000,0.00000,0.00000
7.62,18.38,0.0000,0.0000,0.00000,0.00000
7.88,18.38,0.0000,0.0000,0.00000,0.00000
8.12,18.38,0.0000,0.0000,0.00000,0.00000
2.62,18.62,0.0000,0.0000,0.00000,0.00000
2.88,18.62,0.0000,0.0000,0.00000,0.00000
3.12,18.62,0.0000,0.0000,0.00000,0.00000
3.38,18.62,0.0000,0.0000,0.00000,0.00000
3.62,18.62,0.0000,0.0000,0.00000,0.00000
3.88,18.62,0.0000,0.0000,0.00000,0.00000
4.12,18.62,0.0000,0.0000,0.00000,0.00000
4.38,18.62,0.0000,0.0000,0.00000,0.00000
4.62,18.62,0.0000,0.0000,0.00000,0.00000
4.88,18.62,0.0000,0.0000,0.00000,0.00000
5.12,18.62,0.0000,0.0000,0.00000,0.00000
5.38,18.62,0.0000,0.0000,0.00000,0.00000
5.62,18.62,0.0000,0.0000,0.00000,0.00000
5.88,18.62,0.0000,0.0000,0.00000,0.00000
6.12,18.62,0.0000,0.0000,0.00000,0.00000
6.38,18.62,0.0000,0.0000,0.00000,0.00000
6.62,18.62,0.0000,0.0000,0.00000,0.00000
6.88,18.62,0.0000,0.0000,0.00000,0.00000
7.12,18.62,0.0000,0.0000,0.00000,0.00000
7.38,18.62,0.0000,0.0000,0.00000,0.00000
7.62,18.62,0.0000,0.0000,0.00000,0.00000
7.88,18.62,0.0000,0.0000,0.00000,0.00000
2.62,18.88,0.0000,0.0000,0.00000,0.00000
2.88,18.88,0.0000,0.0000,0.00000,0.00000
3.12,18.88,0.0000,0.0000,0.00000,0.00000
3.38,18.88,0.0000,0.0000,0.00000,0.00000
3.62,18.88,0.0000,0.0000,0.00000,0.00000
3.88,18.88,0.0000,0.0000,0.00000,0.00000
4.12,18.88,0.0000,0.0000,0.00000,0.00000
4.38,18.88,0.0000,0.0000,0.00000,0.00000
4.62,18.88,0.0000,0.0000,0.00000,0.00000
4.88,18.88,0.0000,0.0000,0.00000,0.00000
5.12,18.88,0.0000,0.0000,0.00000,0.00000
5.38,18.88,0.0000,0.0000,0.00000,0.00000
5.62,18.88,0.0000,0.0000,0.00000,0.00000
5.88,18.88,0.0000,0.0000,0.00000,0.00000
6.12,18.88,0.0000,0.0000,0.00000,0.00000
6.38,18.88,0.0000,0.0000,0.00000,0.00000
6.62,18.88,0.0000,0.0000,0.00000,0.00000
6.88,18.88,0.0000,0.0000,0.00000,0.00000
7.12,18.88,0.0000,0.0000,0.00000,0.00000
7.38,18.88,0.0000,0.0000,0.00000,0.00000
7.62,18.88,0.0000,0.0000,0.00000,0.00000
2.62,19.12,0.0000,0.0000,0.00000,0.00000
2.88,19.12,0.0000,0.0000,0.00000,0.00000
3.12,19.12,0.0000,0.0000,0.00000,0.00000
3.38,19.12,0.0000,0.0000,0.00000,0.00000
3.62,19.12,0.0000,0.0000,0.00000,0.00000
3.88,19.12,0.0000,0.0000,0.00000,0.00000
4.12,19.12,0.0000,0.0000,0.00000,0.00000
4.38,19.12,0.0000,0.0000,0.00000,0.00000
4.62,19.12,0.0000,0.0000,0.00000,0.00000
4.88,19.12,0.0000,0.0000,0.00000,0.00000
5.12,19.12,0.0000,0.0000,0.00000,0.00000
5.38,19.12,0.0000,0.0000,0.00000,0.00000
5.62,19.12,0.0000,0.0000,0.00000,0.00000
5.88,19.12,0.0000,0.0000,0.00000,0.00000
6.12,19.12,0.0000,0.0000,0.00000,0.00000
6.38,19.12,0.0000,0.0000,0.00000,0.00000
6.62,19.12,0.0000,0.0000,0.00000,0.00000
6.88,19.12,0.0000,0.0000,0.00000,0.00000
7.12,19.12,0.0000,0.0000,0.00000,0.00000
7.38,19.12,0.0000,0.0000,0.00000,0.00000
2.62,19.38,0.0000,0.0000,0.00000,0.00000
2.88,19.38,0.0000,0.0000,0.00000,0.00000
3.12,19.38,0.0000,0.0000,0.00000,0.00000
3.38,19.38,0.0000,0.0000,0.00000,0.00000
3.62,19.38,0.0000,0.0000,0.00000,0.00000
3.88,19.38,0.0000,0.0000,0.00000,0.00000
4.12,19.38,0.0000,0.0000,0.00000,0.00000
4.38,19.38,0.0000,0.0000,0.00000,0.00000
4.62,19.38,0.0000,0.0000,0.00000,0.00000
4.88,19.38,0.0000,0.0000,0.00000,0.00000
5.12,19.38,0.0000,0.0000,0.00000,0.00000
5.38,19.38,0.0000,0.0000,0.00000,0.00000
5.62,19.38,0.0000,0.0000,0.00000,0.00000
5.88,19.38,0.0000,0.0000,0.00000,0.00000
6.12,19.38,0.0000,0.0000,0.00000,0.00000
6.38,19.38,0.0000,0.0000,0.00000,0.00000
6.62,19.38,0.0000,0.0000,0.00000,0.00000
6.88,19.38,0.0000,0.0000,0.00000,0.00000
7.12,19.38,0.0000,0.0000,0.00000,0.00000
2.62,19.62,0.0000,0.0000,0.00000,0.00000
2.88,19.62,0.0000,0.0000,0.00000,0.00000
3.12,19.62,0.0000,0.0000,0.00000,0.00000
3.38,19.62,0.0000,0.0000,0.00000,0.00000
3.62,19.62,0.0000,0.0000,0.00000,0.00000
3.88,19.62,0.0000,0.0000,0.00000,0.00000
4.12,19.62,0.0000,0.0000,0.00000,0.00000
4.38,19.62,0.0000,0.0000,0.00000,0.00000
4.62,19.62,0.0000,0.0000,0.00000,0.00000
4.88,19.62,0.0000,0.0000,0.00000,0.00000
5.12,19.62,0.0000,0.0000,0.00000,0.00000
5.38,19.62,0.0000,0.0000,0.00000,0.00000
5.62,19.62,0.0000,0.0000,0.00000,0.00000
5.88,19.62,0.0000,0.0000,0.00000,0.00000
6.12,19.62,0.0000,0.0000,0.00000,0.00000
6.38,19.62,0.0000,0.0000,0.00000,0.00000
6.62,19.62,0.0000,0.0000,0.00000,0.00000
6.88,19.62,0.0000,0.0000,0.00000,0.00000
2.62,19.88,0.0000,0.0000,0.00000,0.00000
2.88,19.88,0.0000,0.0000,0.00000,0.00000
3.12,19.88,0.0000,0.0000,0.00000,0.00000
3.38,19.88,0.0000,0.0000,0.00000,0.00000
3.62,19.88,0.0000,0.0000,0.00000,0.00000
3.88,19.88,0.0000,0.0000,0.00000,0.00000
4.12,19.88,0.0000,0.0000,0.00000,0.00000
4.38,19.88,0.0000,0.0000,0.00000,0.00000
4.62,19.88,0.0000,0.0000,0.00000,0.00000
4.88,19.88,0.0000,0.0000,0.00000,0.00000
5.12,19.88,0.0000,0.0000,0.00000,0.00000
5.38,19.88,0.0000,0.0000,0.00000,0.00000
5.62,19.88,0.0000,0.0000,0.00000,0.00000
5.88,19.88,0.0000,0.0000,0.00000,0.00000
6.12,19.88,0.0000,0.0000,0.00000,0.00000
6.38,19.88,0.0000,0.0000,0.00000,0.00000
6.62,19.88,0.0000,0.0000,0.00000,0.00000
2.62,20.12,0.0000,0.0000,0.00000,0.00000
2.88,20.12,0.0000,0.0000,0.00000,0.00000
3.12,20.12,0.0000,0.0000,0.00000,0.00000
3.38,20.12,0.0000,0.0000,0.00000,0.00000
3.62,20.12,0.0000,0.0000,0.00000,0.00000
3.88,20.12,0.0000,0.0000,0.00000,0.00000
4.12,20.12,0.0000,0.0000,0.00000,0.00000
4.38,20.12,0.0000,0.0000,0.00000,0.00000
4.62,20.12,0.0000,0.0000,0.00000,0.00000
4.88,20.12,0.0000,0.0000,0.00000,0.00000
5.12,20.12,0.0000,0.0000,0.00000,0.00000
5.38,20.12,0.0000,0.0000,0.00000,0.00000
5.62,20.12,0.0000,0.0000,0.00000,0.00000
5.88,20.12,0.0000,0.0000,0.00000,0.00000
6.12,20.12,0.0000,0.0000,0.00000,0.00000
6.38,20.12,0.0000,0.0000,0.00000,0.00000
2.62,20.38,0.0000,0.0000,0.00000,0.00000
2.88,20.38,0.0000,0.0000,0.00000,0.00000
3.12,20.38,0.0000,0.0000,0.00000,0.00000
3.38,20.38,0.0000,0.0000,0.00000,0.00000
3.62,20.38,0.0000,0.0000,0.00000,0.00000
3.88,20.38,0.0000,0.0000,0.00000,0.00000
4.12,20.38,0.0000,0.0000,0.00000,0.00000
4.38,20.38,0.0000,0.0000,0.00000,0.00000
4.62,20.38,0.0000,0.0000,0.00000,0.00000
4.88,20.38,0.0000,0.0000,0.00000,0.00000
5.12,20.38,0.0000,0.0000,0.00000,0.00000
5.38,20.38,0.0000,0.0000,0.00000,0.00000
5.62,20.38,0.0000,0.0000,0.00000,0.00000
5.88,20.38,0.0000,0.0000,0.00000,0.00000
6.12,20.38,0.0000,0.0000,0.00000,0.00000
2.62,20.62,0.0000,0.0000,0.00000,0.00000
2.88,20.62,0.0000,0.0000,0.00000,0.00000
3.12,20.62,0.0000,0.0000,0.00000,0.00000
3.38,20.62,0.0000,0.0000,0.00000,0.00000
3.62,20.62,0.0000,0.0000,0.00000,0.00000
3.88,20.62,0.0000,0.0000,0.00000,0.00000
4.12,20.62,0.0000,0.0000,0.00000,0.00000
4.38,20.62,0.0000,0.0000,0.00000,0.00000
4.62,20.62,0.0000,0.0000,0.00000,0.00000
4.88,20.62,0.0000,0.0000,0.00000,0.00000
5.12,20.62,0.0000,0.0000,0.00000,0.00000
5.38,20.62,0.0000,0.0000,0.00000,0.00000
5.62,20.62,0.0000,0.0000,0.00000,0.00000
5.88,20.62,0.0000,0.0000,0.00000,0.00000
2.62,20.88,0.0000,0.0000,0.00000,0.00000
2.88,20.88,0.0000,0.0000,0.00000,0.00000
3.12,20.88,0.0000,0.0000,0.00000,0.00000
3.38,20.88,0.0000,0.0000,0.00000,0.00000
3.62,20.88,0.0000,0.0000,0.00000,0.00000
3.88,20.88,0.0000,0.0000,0.00000,0.00000
4.12,20.88,0.0000,0.0000,0.00000,0.00000
4.38,20.88,0.0000,0.0000,0.00000,0.00000
4.62,20.88,0.0000,0.0000,0.00000,0.00000
4.88,20.88,0.0000,0.0000,0.00000,0.00000
5.12,20.88,0.0000,0.0000,0.00000,0.00000
5.38,20.88,0.0000,0.0000,0.00000,0.00000
5.62,20.88,0.0000,0.0000,0.00000,0.00000
2.62,21.12,0.0000,0.0000,0.00000,0.00000
2.88,21.12,0.0000,0.0000,0.00000,0.00000
3.12,21.12,0.0000,0.0000,0.00000,0.00000
3.38,21.12,0.0000,0.0000,0.00000,0.00000
3.62,21.12,0.0000,0.0000,0.00000,0.00000
3.88,21.12,0.0000,0.0000,0.00000,0.00000
4.12,21.12,0.0000,0.0000,0.00000,0.00000
4.38,21.12,0.0000,0.0000,0.00000,0.00000
4.62,21.12,0.0000,0.0000,0.00000,0.00000
4.88,21.12,0.0000,0.0000,0.00000,0.00000
5.12,21.12,0.0000,0.0000,0.00000,0.00000
5.38,21.12,0.0000,0.0000,0.00000,0.00000
2.62,21.38,0.0000,0.0000,0.00000,0.00000
2.88,21.38,0.0000,0.0000,0.00000,0.00000
3.12,21.38,0.0000,0.0000,0.00000,0.00000
3.38,21.38,0.0000,0.0000,0.00000,0.00000
3.62,21.38,0.0000,0.0000,0.00000,0.00000
3.88,21.38,0.0000,0.0000,0.00000,0.00000
4.12,21.38,0.0000,0.0000,0.00000,0.00000
4.38,21.38,0.0000,0.0000,0.00000,0.00000
4.62,21.38,0.0000,0.0000,0.00000,0.00000
4.88,21.38,0.0000,0.0000,0.00000,0.00000
5.12,21.38,0.0000,0.0000,0.00000,0.00000
2.62,21.62,0.0000,0.0000,0.00000,0.00000
2.88,21.62,0.0000,0.0000,0.00000,0.00000
3.12,21.62,0.0000,0.0000,0.00000,0.00000
3.38,21.62,0.0000,0.0000,0.00000,0.00000
3.62,21.62,0.0000,0.0000,0.00000,0.00000
3.88,21.62,0.0000,0.0000,0.00000,0.00000
4.12,21.62,0.0000,0.0000,0.00000,0.00000
4.38,21.62,0.0000,0.0000,0.00000,0.00000
4.62,21.62,0.0000,0.0000,0.00000,0.00000
4.88,21.62,0.0000,0.0000,0.00000,0.00000
2.62,21.88,0.0000,0.0000,0.00000,0.00000
2.88,21.88,0.0000,0.0000,0.00000,0.00000
3.12,21.88,0.0000,0.0000,0.00000,0.00000
3.38,21.88,0.0000,0.0000,0.00000,0.00000
3.62,21.88,0.0000,0.0000,0.00000,0.00000
3.88,21.88,0.0000,0.0000,0.00000,0.00000
4.12,21.88,0.0000,0.0000,0.00000,0.00000
4.38,21.88,0.0000,0.0000,0.00000,0.00000
4.62,21.88,0.0000,0.0000,0.00000,0.00000
2.62,22.12,0.0000,0.0000,0.00000,0.00000
2.88,22.12,0.0000,0.0000,0.00000,0.00000
3.12,22.12,0.0000,0.0000,0.00000,0.00000
3.38,22.12,0.0000,0.0000,0.00000,0.00000
3.62,22.12,0.0000,0.0000,0.00000,0.00000
3.88,22.12,0.0000,0.0000,0.00000,0.00000
4.12,22.12,0.0000,0.0000,0.00000,0.00000
4.38,22.12,0.0000,0.0000,0.00000,0.00000
2.62,22.38,0.0000,0.0000,0.00000,0.00000
2.88,22.38,0.0000,0.0000,0.00000,0.00000
3.12,22.38,0.0000,0.0000,0.00000,0.00000
3.38,22.38,0.0000,0.0000,0.00000,0.00000
3.62,22.38,0.0000,0.0000,0.00000,0.00000
3.88,22.38,0.0000,0.0000,0.00000,0.00000
4.12,22.38,0.0000,0.0000,0.00000,0.00000
2.62,22.62,0.0000,0.0000,0.00000,0.00000
2.88,22.62,0.0000,0.0000,0.00000,0.00000
3.12,22.62,0.0000,0.0000,0.00000,0.00000
3.38,22.62,0.0000,0.0000,0.00000,0.00000
3.62,22.62,0.0000,0.0000,0.00000,0.00000
3.88,22.62,0.0000,0.0000,0.00000,0.00000
2.62,22.88,0.0000,0.0000,0.00000,0.00000
2.88,22.88,0.0000,0.0000,0.00000,0.00000
3.12,22.88,0.0000,0.0000,0.00000,0.00000
3.38,22.88,0.0000,0.0000,0.00000,0.00000
3.62,22.88,0.0000,0.0000,0.00000,0.00000
2.62,23.12,0.0000,0.0000,0.00000,0.00000
2.88,23.12,0.0000,0.0000,0.00000,0.00000
3.12,23.12,0.0000,0.0000,0.00000,0.00000
3.38,23.12,0.0000,0.0000,0.00000,0.00000
2.62,23.38,0.0000,0.0000,0.00000,0.00000
2.88,23.38,0.0000,0.0000,0.00000,0.00000
3.12,23.38,0.0000,0.0000,0.00000,0.00000
2.62,23.62,0.0000,0.0000,0.00000,0.00000
2.88,23.62,0.0000,0.0000,0.00000,0.00000
2.62,23.88,0.0000,0.0000,0.00000,0.00000
