x,y,rho,contact,casualty,pressure
2.62,0.12,0.2848,0.0035,0.00000,0.05600
2.88,0.12,0.6494,0.0048,0.00000,0.09989
3.12,0.12,0.9538,0.0048,0.00000,0.12193
3.38,0.12,0.9812,0.0044,0.00000,0.11393
3.62,0.12,1.1144,0.0027,0.00000,0.11976
3.88,0.12,1.2501,0.0010,0.00000,0.13029
4.12,0.12,1.2337,0.0004,0.00000,0.11521
4.38,0.12,1.2994,0.0007,0.00000,0.09915
4.62,0.12,1.4658,0.0021,0.00000,0.09668
4.88,0.12,1.4651,0.0034,0.00000,0.09419
5.12,0.12,1.4501,0.0030,0.00000,0.09597
5.38,0.12,1.4467,0.0025,0.00000,0.09610
5.62,0.12,1.4810,0.0038,0.00000,0.08639
5.88,0.12,1.6134,0.0044,0.00000,0.07105
6.12,0.12,1.7863,0.0024,0.00000,0.06168
6.38,0.12,1.9338,0.0023,0.00000,0.06242
6.62,0.12,1.6052,0.0412,0.00000,0.06216
6.88,0.12,1.3052,0.4934,0.00000,0.07460
7.12,0.12,1.1888,2.3354,0.00000,0.08576
7.38,0.12,0.8046,5.1819,0.00000,0.06257
2.62,0.38,0.6337,0.0062,0.00000,0.10522
2.88,0.38,1.2814,0.0093,0.00000,0.18904
3.12,0.38,1.7021,0.0111,0.00000,0.23160
3.38,0.38,1.6195,0.0120,0.00000,0.21463
3.62,0.38,1.7219,0.0081,0.00000,0.21879
3.88,0.38,1.8300,0.0035,0.00000,0.22695
4.12,0.38,1.7330,0.0015,0.00000,0.19224
4.38,0.38,1.7381,0.0015,0.00000,0.15871
4.62,0.38,1.8551,0.0036,0.00000,0.14798
4.88,0.38,1.8028,0.0074,0.00000,0.13544
5.12,0.38,1.8173,0.0092,0.00000,0.12891
5.38,0.38,1.8662,0.0086,0.00000,0.12449
5.62,0.38,1.8333,0.0100,0.00000,0.11084
5.88,0.38,1.8582,0.0088,0.00000,0.09395
6.12,0.38,1.8809,0.0044,0.00000,0.08420
6.38,0.38,1.9345,0.0053,0.00000,0.08463
6.62,0.38,1.7088,0.0757,0.00000,0.08291
6.88,0.38,1.6735,0.8810,0.00000,0.10517
7.12,0.38,1.7792,4.1633,0.00000,0.12880
7.38,0.38,1.2822,9.2365,0.00000,0.09672
2.62,0.62,0.9956,0.0066,0.00000,0.12509
2.88,0.62,1.7395,0.0123,0.00000,0.22503
3.12,0.62,2.0065,0.0225,0.00000,0.27498
3.38,0.62,1.7998,0.0302,0.00000,0.25458
3.62,0.62,1.9235,0.0203,0.00000,0.25660
3.88,0.62,2.0235,0.0080,0.00000,0.25674
4.12,0.62,1.9519,0.0034,0.00000,0.21676
4.38,0.62,1.9790,0.0025,0.00000,0.18205
4.62,0.62,2.0351,0.0043,0.00000,0.16691
4.88,0.62,1.8892,0.0107,0.00000,0.14752
5.12,0.62,1.8768,0.0162,0.00000,0.13145
5.38,0.62,1.9843,0.0153,0.00000,0.11925
5.62,0.62,2.0326,0.0147,0.00000,0.10555
5.88,0.62,2.1137,0.0108,0.00000,0.09397
6.12,0.62,2.0128,0.0052,0.00000,0.08680
6.38,0.62,1.9441,0.0072,0.00000,0.08596
6.62,0.62,1.7399,0.0762,0.00000,0.08019
6.88,0.62,1.9024,0.8546,0.00000,0.10012
7.12,0.62,2.2616,4.0301,0.00000,0.12674
7.38,0.62,1.7086,8.9393,0.00000,0.09730
2.62,0.88,1.2617,0.0050,0.00000,0.10535
2.88,0.88,1.8849,0.0131,0.00000,0.17943
3.12,0.88,1.8186,0.0317,0.00000,0.20884
3.38,0.88,1.6774,0.0448,0.00000,0.20026
3.62,0.88,2.0118,0.0296,0.00000,0.21352
3.88,0.88,2.0800,0.0119,0.00000,0.20902
4.12,0.88,2.0721,0.0054,0.00000,0.18263
4.38,0.88,2.1584,0.0036,0.00000,0.16581
4.62,0.88,2.1510,0.0041,0.00000,0.15383
4.88,0.88,1.9501,0.0101,0.00000,0.13556
5.12,0.88,1.9202,0.0164,0.00000,0.11635
5.38,0.88,2.0493,0.0143,0.00000,0.09960
5.62,0.88,2.1084,0.0118,0.00000,0.08817
5.88,0.88,2.2099,0.0084,0.00000,0.08109
6.12,0.88,2.0835,0.0047,0.00000,0.07435
6.38,0.88,2.0834,0.0058,0.00000,0.07475
6.62,0.88,1.9824,0.0371,0.00000,0.06970
6.88,0.88,2.1024,0.3935,0.00000,0.07895
7.12,0.88,2.4670,1.8513,0.00000,0.09721
7.38,0.88,1.8840,4.1058,0.00000,0.07506
2.62,1.12,1.6223,0.0048,0.00000,0.08501
2.88,1.12,2.1964,0.0138,0.00000,0.13160
3.12,1.12,1.8473,0.0286,0.00000,0.13945
3.38,1.12,1.7935,0.0337,0.00000,0.14243
3.62,1.12,2.3315,0.0224,0.00000,0.16637
3.88,1.12,2.3195,0.0119,0.00000,0.15974
4.12,1.12,2.3061,0.0071,0.00000,0.14420
4.38,1.12,2.3546,0.0049,0.00000,0.14127
4.62,1.12,2.2738,0.0044,0.00000,0.13486
4.88,1.12,2.1033,0.0097,0.00000,0.12204
5.12,1.12,2.1278,0.0159,0.00000,0.10599
5.38,1.12,2.3041,0.0125,0.00000,0.09210
5.62,1.12,2.2761,0.0082,0.00000,0.08212
5.88,1.12,2.2752,0.0059,0.00000,0.07350
6.12,1.12,2.0480,0.0040,0.00000,0.06282
6.38,1.12,2.1183,0.0042,0.00000,0.06352
6.62,1.12,2.2766,0.0156,0.00000,0.06421
6.88,1.12,2.3869,0.1556,0.00000,0.06979
7.12,1.12,2.6561,0.7312,0.00000,0.08152
7.38,1.12,2.0105,1.6211,0.00000,0.06224
2.62,1.38,1.9093,0.0042,0.00000,0.07163
2.88,1.38,2.4905,0.0125,0.00000,0.10288
3.12,1.38,1.9669,0.0209,0.00000,0.09920
3.38,1.38,1.8527,0.0186,0.00000,0.10361
3.62,1.38,2.3698,0.0125,0.00000,0.12741
3.88,1.38,2.3684,0.0089,0.00000,0.12199
4.12,1.38,2.4092,0.0069,0.00000,0.11200
4.38,1.38,2.3684,0.0056,0.00000,0.11251
4.62,1.38,2.2900,0.0049,0.00000,0.11096
4.88,1.38,2.2398,0.0107,0.00000,0.10438
5.12,1.38,2.2696,0.0178,0.00000,0.09400
5.38,1.38,2.4554,0.0134,0.00000,0.08575
5.62,1.38,2.4150,0.0069,0.00000,0.07528
5.88,1.38,2.4267,0.0045,0.00000,0.06540
6.12,1.38,2.1156,0.0031,0.00000,0.05371
6.38,1.38,2.1101,0.0035,0.00000,0.05130
6.62,1.38,2.4438,0.0348,0.00000,0.05460
6.88,1.38,2.5556,0.4039,0.00000,0.05967
7.12,1.38,2.7124,1.9096,0.00000,0.06739
7.38,1.38,2.0280,4.2360,0.00000,0.05093
2.62,1.62,1.9679,0.0020,0.00000,0.06376
2.88,1.62,2.5412,0.0062,0.00000,0.08660
3.12,1.62,2.0190,0.0103,0.00000,0.07614
3.38,1.62,1.9038,0.0094,0.00000,0.07682
3.62,1.62,2.3001,0.0081,0.00000,0.09480
3.88,1.62,2.3252,0.0066,0.00000,0.09147
4.12,1.62,2.4245,0.0053,0.00000,0.08590
4.38,1.62,2.3129,0.0040,0.00000,0.08578
4.62,1.62,2.3058,0.0031,0.00000,0.08729
4.88,1.62,2.3811,0.0065,0.00000,0.08639
5.12,1.62,2.4140,0.0115,0.00000,0.08197
5.38,1.62,2.6073,0.0096,0.00000,0.07857
5.62,1.62,2.4705,0.0049,0.00000,0.06708
5.88,1.62,2.4820,0.0032,0.00000,0.05759
6.12,1.62,2.3104,0.0028,0.00000,0.04919
6.38,1.62,2.3218,0.0038,0.00000,0.04481
6.62,1.62,2.7179,0.0699,0.00000,0.04732
6.88,1.62,2.7007,0.8442,0.00000,0.04960
7.12,1.62,2.6702,3.9982,0.00000,0.05319
7.38,1.62,1.9595,8.8715,0.00000,0.03976
2.62,1.88,2.0037,0.0005,0.00000,0.05397
2.88,1.88,2.6061,0.0018,0.00000,0.07127
3.12,1.88,2.2008,0.0032,0.00000,0.06001
3.38,1.88,2.1689,0.0039,0.00000,0.05928
3.62,1.88,2.4189,0.0057,0.00000,0.07180
3.88,1.88,2.4483,0.0066,0.00000,0.07002
4.12,1.88,2.6240,0.0048,0.00000,0.06727
4.38,1.88,2.4531,0.0024,0.00000,0.06625
4.62,1.88,2.4221,0.0012,0.00000,0.06971
4.88,1.88,2.4490,0.0018,0.00000,0.07273
5.12,1.88,2.4700,0.0034,0.00000,0.07090
5.38,1.88,2.7217,0.0035,0.00000,0.06904
5.62,1.88,2.4982,0.0022,0.00000,0.05889
5.88,1.88,2.4713,0.0023,0.00000,0.05148
6.12,1.88,2.5091,0.0029,0.00000,0.04713
6.38,1.88,2.5343,0.0038,0.00000,0.04267
6.62,1.88,2.8900,0.0678,0.00000,0.04392
6.88,1.88,2.8807,0.8238,0.00000,0.04353
7.12,1.88,2.8539,3.9029,0.00000,0.04422
7.38,1.88,2.0947,8.6607,0.00000,0.03267
2.62,2.12,2.0918,0.0019,0.00000,0.04175
2.88,2.12,2.7578,0.0063,0.00000,0.05479
3.12,2.12,2.4787,0.0100,0.00000,0.04684
3.38,2.12,2.4684,0.0073,0.00000,0.04697
3.62,2.12,2.4876,0.0058,0.00000,0.05476
3.88,2.12,2.5107,0.0071,0.00000,0.05410
4.12,2.12,2.7954,0.0052,0.00000,0.05307
4.38,2.12,2.6527,0.0023,0.00000,0.05160
4.62,2.12,2.5671,0.0009,0.00000,0.05556
4.88,2.12,2.4615,0.0004,0.00000,0.06067
5.12,2.12,2.3832,0.0005,0.00000,0.05950
5.38,2.12,2.6212,0.0006,0.00000,0.05679
5.62,2.12,2.5149,0.0006,0.00000,0.04942
5.88,2.12,2.5076,0.0011,0.00000,0.04507
6.12,2.12,2.6188,0.0017,0.00000,0.04370
6.38,2.12,2.6392,0.0020,0.00000,0.03999
6.62,2.12,2.9489,0.0318,0.00000,0.04094
6.88,2.12,2.9702,0.3862,0.00000,0.04010
7.12,2.12,2.9837,1.8297,0.00000,0.04005
7.38,2.12,2.1976,4.0600,0.00000,0.02947
2.62,2.38,2.1500,0.0082,0.00000,0.03494
2.88,2.38,2.8675,0.0276,0.00000,0.04603
3.12,2.38,2.6902,0.0435,0.00000,0.04050
3.38,2.38,2.6652,0.0275,0.00000,0.03993
3.62,2.38,2.4773,0.0089,0.00000,0.04277
3.88,2.38,2.4554,0.0050,0.00000,0.04236
4.12,2.38,2.7633,0.0036,0.00000,0.04280
4.38,2.38,2.7233,0.0023,0.00000,0.04168
4.62,2.38,2.6012,0.0014,0.00000,0.04359
4.88,2.38,2.4437,0.0005,0.00000,0.04587
5.12,2.38,2.4329,0.0001,0.00000,0.04508
5.38,2.38,2.6771,0.0001,0.00000,0.04471
5.62,2.38,2.6826,0.0001,0.00000,0.04138
5.88,2.38,2.6341,0.0002,0.00000,0.03879
6.12,2.38,2.7241,0.0004,0.00000,0.03842
6.38,2.38,2.7669,0.0008,0.00000,0.03669
6.62,2.38,3.0462,0.0195,0.00000,0.03896
6.88,2.38,2.9817,0.2370,0.00000,0.03868
7.12,2.38,2.9243,1.1218,0.00000,0.03876
7.38,2.38,2.1406,2.4887,0.00000,0.02854
2.62,2.62,2.2078,0.0136,0.00000,0.03059
2.88,2.62,2.9524,0.0455,0.00000,0.04069
3.12,2.62,2.7833,0.0717,0.00000,0.03692
3.38,2.62,2.6985,0.0449,0.00000,0.03547
3.62,2.62,2.4537,0.0122,0.00000,0.03474
3.88,2.62,2.4706,0.0036,0.00000,0.03420
4.12,2.62,2.7368,0.0022,0.00000,0.03491
4.38,2.62,2.7425,0.0018,0.00000,0.03421
4.62,2.62,2.5755,0.0016,0.00000,0.03428
4.88,2.62,2.4719,0.0008,0.00000,0.03328
5.12,2.62,2.6558,0.0003,0.00000,0.03293
5.38,2.62,2.8480,0.0001,0.00000,0.03470
5.62,2.62,2.8695,0.0001,0.00000,0.03464
5.88,2.62,2.8393,0.0000,0.00000,0.03329
6.12,2.62,2.9526,0.0001,0.00000,0.03333
6.38,2.62,2.8994,0.0021,0.00000,0.03329
6.62,2.62,3.0539,0.0619,0.00000,0.03641
6.88,2.62,3.0031,0.7483,0.00000,0.03603
7.12,2.62,2.9947,3.5400,0.00000,0.03579
7.38,2.62,2.2026,7.8525,0.00000,0.02629
2.62,2.88,2.2060,0.0083,0.00000,0.02625
2.88,2.88,2.9652,0.0276,0.00000,0.03503
3.12,2.88,2.8455,0.0437,0.00000,0.03221
3.38,2.88,2.7789,0.0276,0.00000,0.03030
3.62,2.88,2.5616,0.0082,0.00000,0.02813
3.88,2.88,2.6428,0.0034,0.00000,0.02790
4.12,2.88,2.7882,0.0021,0.00000,0.02822
4.38,2.88,2.7714,0.0014,0.00000,0.02748
4.62,2.88,2.6285,0.0014,0.00000,0.02723
4.88,2.88,2.5870,0.0010,0.00000,0.02619
5.12,2.88,2.8583,0.0006,0.00000,0.02682
5.38,2.88,2.9422,0.0004,0.00000,0.02826
5.62,2.88,3.0041,0.0002,0.00000,0.02925
5.88,2.88,3.0082,0.0001,0.00000,0.02883
6.12,2.88,3.1260,0.0004,0.00000,0.02931
6.38,2.88,3.0456,0.0064,0.00000,0.02989
6.62,2.88,3.1655,0.1164,0.00000,0.03270
6.88,2.88,3.0955,1.2751,0.00000,0.03151
7.12,2.88,3.0779,5.9465,0.00000,0.03050
7.38,2.88,2.2624,13.1654,0.00000,0.02225
2.62,3.12,2.1688,0.0019,0.00000,0.02232
2.88,3.12,2.9519,0.0062,0.00000,0.02977
3.12,3.12,2.9689,0.0099,0.00000,0.02751
3.38,3.12,3.0199,0.0064,0.00000,0.02557
3.62,3.12,2.8066,0.0025,0.00000,0.02304
3.88,3.12,2.8533,0.0017,0.00000,0.02288
4.12,3.12,2.8132,0.0012,0.00000,0.02268
4.38,3.12,2.7682,0.0007,0.00000,0.02214
4.62,3.12,2.6574,0.0008,0.00000,0.02219
4.88,3.12,2.6143,0.0009,0.00000,0.02176
5.12,3.12,2.8987,0.0009,0.00000,0.02298
5.38,3.12,2.9402,0.0006,0.00000,0.02361
5.62,3.12,3.0689,0.0004,0.00000,0.02469
5.88,3.12,3.0939,0.0004,0.00000,0.02521
6.12,3.12,3.2238,0.0032,0.00000,0.02644
6.38,3.12,3.1570,0.0389,0.00000,0.02653
6.62,3.12,3.2816,0.2305,0.00000,0.02817
6.88,3.12,3.1952,1.0803,0.00000,0.02710
7.12,3.12,3.1603,4.0033,0.00000,0.02638
7.38,3.12,2.3195,8.5474,0.00000,0.01928
2.62,3.38,2.2342,0.0004,0.00000,0.01879
2.88,3.38,3.0506,0.0008,0.00000,0.02515
3.12,3.38,3.1033,0.0010,0.00000,0.02358
3.38,3.38,3.1824,0.0006,0.00000,0.02207
3.62,3.38,2.9689,0.0004,0.00000,0.01960
3.88,3.38,2.9756,0.0004,0.00000,0.01917
4.12,3.38,2.7860,0.0003,0.00000,0.01838
4.38,3.38,2.6930,0.0002,0.00000,0.01800
4.62,3.38,2.5686,0.0003,0.00000,0.01813
4.88,3.38,2.5600,0.0004,0.00000,0.01800
5.12,3.38,2.9084,0.0005,0.00000,0.01950
5.38,3.38,2.9420,0.0004,0.00000,0.01965
5.62,3.38,3.0892,0.0003,0.00000,0.02067
5.88,3.38,3.1093,0.0007,0.00000,0.02179
6.12,3.38,3.2551,0.0137,0.00000,0.02361
6.38,3.38,3.1882,0.1647,0.00000,0.02347
6.62,3.38,3.3028,0.7523,0.00000,0.02453
6.88,3.38,3.2175,1.4274,0.00000,0.02395
7.12,3.38,3.1832,1.7757,0.00000,0.02370
7.38,3.38,2.3358,2.4416,0.00000,0.01738
2.62,3.62,2.2705,0.0004,0.00000,0.01696
2.88,3.62,3.1022,0.0005,0.00000,0.02277
3.12,3.62,3.1613,0.0003,0.00000,0.02161
3.38,3.62,3.2329,0.0001,0.00000,0.02031
3.62,3.62,2.9742,0.0000,0.00000,0.01756
3.88,3.62,2.9339,0.0000,0.00000,0.01658
4.12,3.62,2.7608,0.0000,0.00000,0.01547
4.38,3.62,2.7058,0.0000,0.00000,0.01509
4.62,3.62,2.5222,0.0001,0.00000,0.01500
4.88,3.62,2.5565,0.0001,0.00000,0.01523
5.12,3.62,3.0009,0.0001,0.00000,0.01707
5.38,3.62,3.0689,0.0001,0.00000,0.01705
5.62,3.62,3.2311,0.0001,0.00000,0.01780
5.88,3.62,3.1590,0.0008,0.00000,0.01842
6.12,3.62,3.2480,0.0224,0.00000,0.01988
6.38,3.62,3.2236,0.2705,0.00000,0.01988
6.62,3.62,3.3761,1.2138,0.00000,0.02094
6.88,3.62,3.2238,2.0311,0.00000,0.02088
7.12,3.62,3.1106,1.4009,0.00000,0.02102
7.38,3.62,2.2669,0.6379,0.00000,0.01546
2.62,3.88,2.3031,0.0004,0.00000,0.01587
2.88,3.88,3.1412,0.0005,0.00000,0.02134
3.12,3.88,3.1753,0.0003,0.00000,0.02039
3.38,3.88,3.2194,0.0001,0.00000,0.01920
3.62,3.88,2.9672,0.0000,0.00000,0.01627
3.88,3.88,2.9471,0.0000,0.00000,0.01494
4.12,3.88,2.8313,0.0000,0.00000,0.01383
4.38,3.88,2.8403,0.0000,0.00000,0.01349
4.62,3.88,2.6157,0.0000,0.00000,0.01311
4.88,3.88,2.6638,0.0000,0.00000,0.01342
5.12,3.88,3.1470,0.0000,0.00000,0.01527
5.38,3.88,3.1938,0.0000,0.00000,0.01513
5.62,3.88,3.3340,0.0000,0.00000,0.01565
5.88,3.88,3.2610,0.0005,0.00000,0.01591
6.12,3.88,3.3607,0.0137,0.00000,0.01705
6.38,3.88,3.2675,0.1641,0.00000,0.01693
6.62,3.88,3.3620,0.7353,0.00000,0.01775
6.88,3.88,3.2439,1.2194,0.00000,0.01804
7.12,3.88,3.1758,0.7882,0.00000,0.01854
7.38,3.88,2.3233,0.2490,0.00000,0.01371
2.62,4.12,2.3308,0.0007,0.00000,0.01491
2.88,4.12,3.1721,0.0008,0.00000,0.01995
3.12,4.12,3.1722,0.0005,0.00000,0.01863
3.38,4.12,3.2034,0.0001,0.00000,0.01719
3.62,4.12,3.0623,0.0000,0.00000,0.01487
3.88,4.12,3.1289,0.0000,0.00000,0.01391
4.12,4.12,2.9321,0.0000,0.00000,0.01271
4.38,4.12,2.9084,0.0000,0.00000,0.01235
4.62,4.12,2.7372,0.0000,0.00000,0.01196
4.88,4.12,2.8256,0.0000,0.00000,0.01218
5.12,4.12,3.2913,0.0000,0.00000,0.01372
5.38,4.12,3.3117,0.0000,0.00000,0.01361
5.62,4.12,3.4300,0.0001,0.00000,0.01416
5.88,4.12,3.3492,0.0003,0.00000,0.01426
6.12,4.12,3.4446,0.0034,0.00000,0.01519
6.38,4.12,3.3292,0.0370,0.00000,0.01508
6.62,4.12,3.4158,0.1644,0.00000,0.01585
6.88,4.12,3.3079,0.2725,0.00000,0.01624
7.12,4.12,3.2516,0.1757,0.00000,0.01682
7.38,4.12,2.3811,0.0539,0.00000,0.01248
2.62,4.38,2.2914,0.0018,0.00000,0.01392
2.88,4.38,3.1401,0.0023,0.00000,0.01857
3.12,4.38,3.2156,0.0013,0.00000,0.01707
3.38,4.38,3.3272,0.0003,0.00000,0.01553
3.62,4.38,3.2116,0.0000,0.00000,0.01370
3.88,4.38,3.2718,0.0000,0.00000,0.01296
4.12,4.38,3.0224,0.0000,0.00000,0.01182
4.38,4.38,2.9925,0.0000,0.00000,0.01159
4.62,4.38,2.8613,0.0000,0.00000,0.01124
4.88,4.38,2.9364,0.0000,0.00000,0.01133
5.12,4.38,3.3319,0.0000,0.00000,0.01255
5.38,4.38,3.3773,0.0000,0.00000,0.01265
5.62,4.38,3.5319,0.0001,0.00000,0.01336
5.88,4.38,3.4566,0.0005,0.00000,0.01338
6.12,4.38,3.5369,0.0014,0.00000,0.01414
6.38,4.38,3.4167,0.0044,0.00000,0.01390
6.62,4.38,3.5107,0.0147,0.00000,0.01451
6.88,4.38,3.4022,0.0243,0.00000,0.01492
7.12,4.38,3.3463,0.0197,0.00000,0.01554
7.38,4.38,2.4499,0.0144,0.00000,0.01155
2.62,4.62,2.3444,0.0059,0.00000,0.01328
2.88,4.62,3.2182,0.0070,0.00000,0.01772
3.12,4.62,3.3122,0.0040,0.00000,0.01627
3.38,4.62,3.4386,0.0009,0.00000,0.01478
3.62,4.62,3.2994,0.0001,0.00000,0.01303
3.88,4.62,3.3260,0.0000,0.00000,0.01226
4.12,4.62,3.0549,0.0000,0.00000,0.01122
4.38,4.62,3.0564,0.0000,0.00000,0.01110
4.62,4.62,3.0012,0.0000,0.00000,0.01082
4.88,4.62,3.0354,0.0000,0.00000,0.01089
5.12,4.62,3.3179,0.0000,0.00000,0.01185
5.38,4.62,3.3577,0.0000,0.00000,0.01205
5.62,4.62,3.5199,0.0002,0.00000,0.01272
5.88,4.62,3.5015,0.0010,0.00000,0.01273
6.12,4.62,3.6265,0.0031,0.00000,0.01343
6.38,4.62,3.5154,0.0050,0.00000,0.01318
6.62,4.62,3.6015,0.0059,0.00000,0.01364
6.88,4.62,3.4915,0.0156,0.00000,0.01361
7.12,4.62,3.4361,0.0553,0.00000,0.01377
7.38,4.62,2.5120,0.1154,0.00000,0.01014
2.62,4.88,2.3776,0.0170,0.00000,0.01251
2.88,4.88,3.2627,0.0154,0.00000,0.01678
3.12,4.88,3.3498,0.0077,0.00000,0.01572
3.38,4.88,3.4644,0.0016,0.00000,0.01455
3.62,4.88,3.2983,0.0001,0.00000,0.01272
3.88,4.88,3.2879,0.0000,0.00000,0.01179
4.12,4.88,3.0184,0.0000,0.00000,0.01076
4.38,4.88,3.0770,0.0001,0.00000,0.01070
4.62,4.88,3.1049,0.0002,0.00000,0.01060
4.88,4.88,3.1007,0.0002,0.00000,0.01070
5.12,4.88,3.2441,0.0003,0.00000,0.01138
5.38,4.88,3.2526,0.0004,0.00000,0.01170
5.62,4.88,3.4122,0.0005,0.00000,0.01236
5.88,4.88,3.4377,0.0018,0.00000,0.01202
6.12,4.88,3.5974,0.0059,0.00000,0.01236
6.38,4.88,3.5533,0.0114,0.00000,0.01251
6.62,4.88,3.6696,0.0178,0.00000,0.01327
6.88,4.88,3.5456,0.0658,0.00000,0.01277
7.12,4.88,3.4608,0.2510,0.00000,0.01230
7.38,4.88,2.5160,0.5297,0.00000,0.00891
2.62,5.12,2.3815,0.0980,0.00000,0.01136
2.88,5.12,3.2608,0.0531,0.00000,0.01553
3.12,5.12,3.3244,0.0163,0.00000,0.01559
3.38,5.12,3.4205,0.0025,0.00000,0.01544
3.62,5.12,3.2630,0.0003,0.00000,0.01320
3.88,5.12,3.2554,0.0001,0.00000,0.01172
4.12,5.12,2.9929,0.0002,0.00000,0.01066
4.38,5.12,3.0486,0.0010,0.00000,0.01054
4.62,5.12,3.0835,0.0016,0.00000,0.01042
4.88,5.12,3.1015,0.0013,0.00000,0.01057
5.12,5.12,3.1958,0.0013,0.00000,0.01112
5.38,5.12,3.1999,0.0016,0.00000,0.01152
5.62,5.12,3.3310,0.0020,0.00000,0.01205
5.88,5.12,3.3532,0.0035,0.00000,0.01144
6.12,5.12,3.5103,0.0080,0.00000,0.01152
6.38,5.12,3.5262,0.0167,0.00000,0.01197
6.62,5.12,3.6560,0.0370,0.00000,0.01292
6.88,5.12,3.5408,0.1461,0.00000,0.01231
7.12,5.12,3.4505,0.5244,0.00000,0.01167
7.38,5.12,2.4955,1.0817,0.00000,0.00839
2.62,5.38,2.3503,0.4225,0.00000,0.01059
2.88,5.38,3.2087,0.2060,0.00000,0.01467
3.12,5.38,3.2421,0.0531,0.00000,0.01554
3.38,5.38,3.3193,0.0086,0.00000,0.01614
3.62,5.38,3.2105,0.0039,0.00000,0.01367
3.88,5.38,3.2699,0.0023,0.00000,0.01189
4.12,5.38,3.0560,0.0014,0.00000,0.01085
4.38,5.38,3.0945,0.0036,0.00000,0.01055
4.62,5.38,3.0819,0.0055,0.00000,0.01027
4.88,5.38,3.1312,0.0040,0.00000,0.01047
5.12,5.38,3.2512,0.0029,0.00000,0.01094
5.38,5.38,3.3340,0.0034,0.00000,0.01122
5.62,5.38,3.4552,0.0048,0.00000,0.01148
5.88,5.38,3.3891,0.0070,0.00000,0.01091
6.12,5.38,3.4583,0.0096,0.00000,0.01104
6.38,5.38,3.4884,0.0198,0.00000,0.01170
6.62,5.38,3.6131,0.0575,0.00000,0.01263
6.88,5.38,3.5205,0.2458,0.00000,0.01204
7.12,5.38,3.4210,0.8671,0.00000,0.01140
7.38,5.38,2.4526,1.7654,0.00000,0.00816
2.62,5.62,2.3096,0.8951,0.00000,0.01047
2.88,5.62,3.1545,0.4400,0.00000,0.01434
3.12,5.62,3.2032,0.1224,0.00000,0.01458
3.38,5.62,3.2987,0.0428,0.00000,0.01474
3.62,5.62,3.1972,0.0446,0.00000,0.01295
3.88,5.62,3.3041,0.0266,0.00000,0.01180
4.12,5.62,3.2341,0.0082,0.00000,0.01103
4.38,5.62,3.3333,0.0074,0.00000,0.01082
4.62,5.62,3.2509,0.0096,0.00000,0.01035
4.88,5.62,3.3048,0.0072,0.00000,0.01048
5.12,5.62,3.4324,0.0057,0.00000,0.01083
5.38,5.62,3.5190,0.0064,0.00000,0.01096
5.62,5.62,3.6024,0.0090,0.00000,0.01107
5.88,5.62,3.5272,0.0121,0.00000,0.01077
6.12,5.62,3.5505,0.0146,0.00000,0.01110
6.38,5.62,3.4972,0.0279,0.00000,0.01180
6.62,5.62,3.5798,0.0850,0.00000,0.01261
6.88,5.62,3.6070,0.4252,0.00000,0.01223
7.12,5.62,3.5593,1.5894,0.00000,0.01175
7.38,5.62,2.5338,3.2722,0.00000,0.00840
2.62,5.88,2.4313,1.5378,0.00000,0.01118
2.88,5.88,3.2952,0.7760,0.00000,0.01510
3.12,5.88,3.3279,0.2636,0.00000,0.01458
3.38,5.88,3.4251,0.1712,0.00000,0.01421
3.62,5.88,3.3451,0.2035,0.00000,0.01314
3.88,5.88,3.4753,0.1197,0.00000,0.01228
4.12,5.88,3.4674,0.0302,0.00000,0.01150
4.38,5.88,3.5756,0.0109,0.00000,0.01147
4.62,5.88,3.4345,0.0111,0.00000,0.01081
4.88,5.88,3.4897,0.0118,0.00000,0.01088
5.12,5.88,3.5763,0.0145,0.00000,0.01122
5.38,5.88,3.6328,0.0155,0.00000,0.01119
5.62,5.88,3.6740,0.0170,0.00000,0.01110
5.88,5.88,3.6038,0.0209,0.00000,0.01106
6.12,5.88,3.6322,0.0317,0.00000,0.01161
6.38,5.88,3.5947,0.0637,0.00000,0.01237
6.62,5.88,3.6962,0.1510,0.00000,0.01318
6.88,5.88,3.7910,0.6429,0.00000,0.01320
7.12,5.88,3.7446,2.2897,0.00000,0.01301
7.38,5.88,2.6446,4.6172,0.00000,0.00935
2.62,6.12,2.5934,2.5069,0.00000,0.01211
2.88,6.12,3.4437,1.3294,0.00000,0.01649
3.12,6.12,3.4707,0.5631,0.00000,0.01628
3.38,6.12,3.5668,0.3747,0.00000,0.01574
3.62,6.12,3.5084,0.3669,0.00000,0.01439
3.88,6.12,3.6214,0.2059,0.00000,0.01305
4.12,6.12,3.5627,0.0499,0.00000,0.01202
4.38,6.12,3.6580,0.0137,0.00000,0.01221
4.62,6.12,3.5521,0.0145,0.00000,0.01162
4.88,6.12,3.6342,0.0209,0.00000,0.01176
5.12,6.12,3.6516,0.0296,0.00000,0.01199
5.38,6.12,3.6598,0.0330,0.00000,0.01173
5.62,6.12,3.6426,0.0332,0.00000,0.01143
5.88,6.12,3.6017,0.0391,0.00000,0.01169
6.12,6.12,3.6652,0.0765,0.00000,0.01260
6.38,6.12,3.6733,0.1675,0.00000,0.01353
6.62,6.12,3.7996,0.3146,0.00000,0.01451
6.88,6.12,3.9163,0.9097,0.00000,0.01522
7.12,6.12,3.8505,2.7258,0.00000,0.01561
7.38,6.12,2.7051,5.1366,0.00000,0.01136
2.62,6.38,2.6604,2.8195,0.00000,0.01320
2.88,6.38,3.4862,1.6276,0.00000,0.01818
3.12,6.38,3.5333,0.8360,0.00000,0.01854
3.38,6.38,3.6241,0.4723,0.00000,0.01768
3.62,6.38,3.5355,0.3063,0.00000,0.01512
3.88,6.38,3.6159,0.1523,0.00000,0.01331
4.12,6.38,3.5354,0.0391,0.00000,0.01233
4.38,6.38,3.6342,0.0150,0.00000,0.01264
4.62,6.38,3.5871,0.0195,0.00000,0.01210
4.88,6.38,3.7393,0.0299,0.00000,0.01223
5.12,6.38,3.7642,0.0444,0.00000,0.01242
5.38,6.38,3.7777,0.0583,0.00000,0.01255
5.62,6.38,3.7078,0.0660,0.00000,0.01248
5.88,6.38,3.6324,0.0892,0.00000,0.01285
6.12,6.38,3.6452,0.1959,0.00000,0.01412
6.38,6.38,3.6779,0.3757,0.00000,0.01541
6.62,6.38,3.8302,0.5591,0.00000,0.01656
6.88,6.38,3.9455,1.2757,0.00000,0.01818
7.12,6.38,3.8429,3.3479,0.00000,0.01939
7.38,6.38,2.6838,5.9089,0.00000,0.01419
2.62,6.62,2.5627,3.1947,0.00000,0.01381
2.88,6.62,3.4147,1.8728,0.00000,0.01915
3.12,6.62,3.4656,0.9719,0.00000,0.02020
3.38,6.62,3.5729,0.4903,0.00000,0.02024
3.62,6.62,3.4873,0.2306,0.00000,0.01692
3.88,6.62,3.5506,0.1020,0.00000,0.01441
4.12,6.62,3.4839,0.0349,0.00000,0.01296
4.38,6.62,3.6073,0.0194,0.00000,0.01280
4.62,6.62,3.6052,0.0235,0.00000,0.01218
4.88,6.62,3.8000,0.0396,0.00000,0.01244
5.12,6.62,3.8079,0.0675,0.00000,0.01279
5.38,6.62,3.8697,0.0971,0.00000,0.01363
5.62,6.62,3.8339,0.1211,0.00000,0.01415
5.88,6.62,3.7559,0.2136,0.00000,0.01509
6.12,6.62,3.7041,0.5110,0.00000,0.01744
6.38,6.62,3.6722,0.8064,0.00000,0.01906
6.62,6.62,3.7572,0.8562,0.00000,0.01948
6.88,6.62,3.9269,1.5984,0.00000,0.02196
7.12,6.62,3.8838,4.0154,0.00000,0.02437
7.38,6.62,2.7202,6.9326,0.00000,0.01798
2.62,6.88,2.4998,3.7838,0.00000,0.01438
2.88,6.88,3.3928,2.1987,0.00000,0.02036
3.12,6.88,3.4228,1.1128,0.00000,0.02332
3.38,6.88,3.5109,0.5827,0.00000,0.02572
3.62,6.88,3.4246,0.2972,0.00000,0.02171
3.88,6.88,3.5322,0.1496,0.00000,0.01801
4.12,6.88,3.5034,0.0660,0.00000,0.01524
4.38,6.88,3.6108,0.0380,0.00000,0.01393
4.62,6.88,3.5375,0.0401,0.00000,0.01279
4.88,6.88,3.6948,0.0675,0.00000,0.01305
5.12,6.88,3.7340,0.1155,0.00000,0.01359
5.38,6.88,3.8650,0.1562,0.00000,0.01487
5.62,6.88,3.8225,0.1941,0.00000,0.01581
5.88,6.88,3.7780,0.3921,0.00000,0.01850
6.12,6.88,3.7615,0.8990,0.00000,0.02331
6.38,6.88,3.6758,1.2655,0.00000,0.02450
6.62,6.88,3.6859,1.2032,0.00000,0.02306
6.88,6.88,3.9468,1.9569,0.00000,0.02590
7.12,6.88,3.9780,4.4162,0.00000,0.02920
7.38,6.88,2.7905,7.2813,0.00000,0.02166
2.62,7.12,2.5274,2.8486,0.00000,0.01707
2.88,7.12,3.4472,1.8441,0.00000,0.02456
3.12,7.12,3.4799,1.0867,0.00000,0.02963
3.38,7.12,3.5643,0.6666,0.00000,0.03442
3.62,7.12,3.4726,0.3978,0.00000,0.03030
3.88,7.12,3.5945,0.2366,0.00000,0.02593
4.12,7.12,3.5043,0.1258,0.00000,0.02051
4.38,7.12,3.5888,0.0805,0.00000,0.01698
4.62,7.12,3.5241,0.0875,0.00000,0.01516
4.88,7.12,3.6355,0.1341,0.00000,0.01520
5.12,7.12,3.6154,0.2085,0.00000,0.01516
5.38,7.12,3.7648,0.2603,0.00000,0.01622
5.62,7.12,3.7672,0.3085,0.00000,0.01822
5.88,7.12,3.7258,0.6200,0.00000,0.02607
6.12,7.12,3.6745,1.1738,0.00000,0.03587
6.38,7.12,3.6219,1.4391,0.00000,0.03411
6.62,7.12,3.7325,1.6499,0.00000,0.02871
6.88,7.12,4.0600,2.7661,0.00000,0.02975
7.12,7.12,4.0326,4.9501,0.00000,0.03140
7.38,7.12,2.7959,7.2459,0.00000,0.02297
2.62,7.38,2.5287,3.1267,0.00000,0.02244
2.88,7.38,3.4548,2.0159,0.00000,0.03220
3.12,7.38,3.5146,1.0898,0.00000,0.03872
3.38,7.38,3.6268,0.6908,0.00000,0.04551
3.62,7.38,3.5307,0.4740,0.00000,0.04259
3.88,7.38,3.6440,0.3333,0.00000,0.03912
4.12,7.38,3.5479,0.2184,0.00000,0.03064
4.38,7.38,3.6965,0.1698,0.00000,0.02440
4.62,7.38,3.6477,0.1856,0.00000,0.02114
4.88,7.38,3.7071,0.2519,0.00000,0.02034
5.12,7.38,3.6475,0.3524,0.00000,0.01866
5.38,7.38,3.7788,0.4149,0.00000,0.01828
5.62,7.38,3.7645,0.4727,0.00000,0.02120
5.88,7.38,3.6989,0.9211,0.00000,0.03635
6.12,7.38,3.6645,1.6105,0.00000,0.05697
6.38,7.38,3.7224,1.8499,0.00000,0.05749
6.62,7.38,3.9108,2.2815,0.00000,0.04495
6.88,7.38,4.2294,3.6806,0.00000,0.03838
7.12,7.38,4.1298,5.5988,0.00000,0.03494
7.38,7.38,2.8409,7.3599,0.00000,0.02437
2.62,7.62,2.5573,5.3044,0.00000,0.02722
2.88,7.62,3.4812,3.1002,0.00000,0.03879
3.12,7.62,3.5024,1.3390,0.00000,0.04590
3.38,7.62,3.5844,0.7406,0.00000,0.05420
3.62,7.62,3.5282,0.5456,0.00000,0.05455
3.88,7.62,3.6984,0.4472,0.00000,0.05465
4.12,7.62,3.6112,0.3585,0.00000,0.04493
4.38,7.62,3.7578,0.3376,0.00000,0.03713
4.62,7.62,3.7185,0.3703,0.00000,0.03187
4.88,7.62,3.8445,0.4679,0.00000,0.02994
5.12,7.62,3.8167,0.6000,0.00000,0.02577
5.38,7.62,3.8931,0.6644,0.00000,0.02245
5.62,7.62,3.8086,0.7142,0.00000,0.02416
5.88,7.62,3.7317,1.2504,0.00000,0.04363
6.12,7.62,3.7423,2.2069,0.00000,0.08434
6.38,7.62,3.8954,2.5985,0.00000,0.10600
6.62,7.62,4.0637,2.7224,0.00000,0.08115
6.88,7.62,4.3765,3.8478,0.00000,0.05377
7.12,7.62,4.2709,5.8846,0.00000,0.04074
7.38,7.62,2.9229,7.6379,0.00000,0.02634
2.62,7.88,2.5423,7.0216,0.00000,0.03003
2.88,7.88,3.4656,4.0191,0.00000,0.04376
3.12,7.88,3.5146,1.6649,0.00000,0.05565
3.38,7.88,3.6209,0.9079,0.00000,0.06901
3.62,7.88,3.5483,0.7035,0.00000,0.06940
3.88,7.88,3.7076,0.6193,0.00000,0.06926
4.12,7.88,3.6283,0.5407,0.00000,0.05844
4.38,7.88,3.7723,0.5565,0.00000,0.05053
4.62,7.88,3.7576,0.6353,0.00000,0.04547
4.88,7.88,3.9323,0.8295,0.00000,0.04471
5.12,7.88,3.8932,1.0331,0.00000,0.03796
5.38,7.88,3.9473,1.0921,0.00000,0.03065
5.62,7.88,3.8717,1.1581,0.00000,0.03099
5.88,7.88,3.8379,1.8423,0.00000,0.05764
6.12,7.88,3.8121,3.0722,0.00000,0.12440
6.38,7.88,3.9333,3.5148,0.00000,0.16987
6.62,7.88,4.0830,3.2148,0.00000,0.12635
6.88,7.88,4.4840,3.9734,0.00000,0.07167
7.12,7.88,4.3963,6.2754,0.00000,0.04708
7.38,7.88,2.9800,8.3211,0.00000,0.02850
2.62,8.12,2.5604,9.6007,0.00000,0.03313
2.88,8.12,3.4990,5.2934,0.00000,0.05027
3.12,8.12,3.5913,2.1376,0.00000,0.07159
3.38,8.12,3.7349,1.2437,0.00000,0.09426
3.62,8.12,3.6262,1.0294,0.00000,0.09215
3.88,8.12,3.7494,0.8992,0.00000,0.08783
4.12,8.12,3.6692,0.7689,0.00000,0.07199
4.38,8.12,3.7979,0.7842,0.00000,0.06150
4.62,8.12,3.7519,0.9023,0.00000,0.05883
4.88,8.12,3.9023,1.2323,0.00000,0.06278
5.12,8.12,3.8667,1.5523,0.00000,0.05604
5.38,8.12,3.9177,1.6267,0.00000,0.04597
5.62,8.12,3.8644,1.7662,0.00000,0.04393
5.88,8.12,3.9401,2.6938,0.00000,0.07911
6.12,8.12,3.9161,4.2218,0.00000,0.17355
6.38,8.12,3.9823,4.6382,0.00000,0.23993
6.62,8.12,4.1062,4.0708,0.00000,0.17507
6.88,8.12,4.5493,4.5988,0.00000,0.09024
7.12,8.12,4.4595,6.7863,0.00000,0.05078
7.38,8.12,3.0076,8.5857,0.00000,0.02796
2.62,8.38,2.6353,13.8600,0.00000,0.03575
2.88,8.38,3.5948,7.3920,0.00000,0.05719
3.12,8.38,3.6640,2.9676,0.00000,0.09160
3.38,8.38,3.7826,1.8522,0.00000,0.12735
3.62,8.38,3.6812,1.6214,0.00000,0.12390
3.88,8.38,3.8218,1.3899,0.00000,0.11569
4.12,8.38,3.7207,1.1539,0.00000,0.09175
4.38,8.38,3.7967,1.1348,0.00000,0.07562
4.62,8.38,3.7206,1.2515,0.00000,0.07365
4.88,8.38,3.8728,1.6823,0.00000,0.08144
5.12,8.38,3.8399,2.1245,0.00000,0.07633
5.38,8.38,3.8554,2.2548,0.00000,0.06573
5.62,8.38,3.8080,2.4750,0.00000,0.05929
5.88,8.38,3.9240,3.5917,0.00000,0.09872
6.12,8.38,3.9275,5.5149,0.00000,0.22726
6.38,8.38,4.0806,6.2019,0.00000,0.32984
6.62,8.38,4.2128,5.4591,0.00000,0.24067
6.88,8.38,4.6049,5.7482,0.00000,0.11465
7.12,8.38,4.4882,7.7838,0.00000,0.05509
7.38,8.38,3.0399,9.2353,0.00000,0.02692
2.62,8.62,2.6697,17.7679,0.00000,0.03669
2.88,8.62,3.6457,9.7032,0.00000,0.06364
3.12,8.62,3.7096,4.4342,0.00000,0.11495
3.38,8.62,3.8066,3.0518,0.00000,0.16625
3.62,8.62,3.6951,2.6728,0.00000,0.16217
3.88,8.62,3.8474,2.2307,0.00000,0.15121
4.12,8.62,3.7780,1.7841,0.00000,0.11900
4.38,8.62,3.8774,1.7191,0.00000,0.09682
4.62,8.62,3.7757,1.8419,0.00000,0.09208
4.88,8.62,3.8769,2.3043,0.00000,0.09879
5.12,8.62,3.8132,2.8054,0.00000,0.09397
5.38,8.62,3.8095,3.0263,0.00000,0.08531
5.62,8.62,3.7608,3.4472,0.00000,0.07740
5.88,8.62,3.8425,4.8017,0.00000,0.12164
6.12,8.62,3.8695,7.0325,0.00000,0.27941
6.38,8.62,4.1196,7.9639,0.00000,0.41305
6.62,8.62,4.2624,7.1220,0.00000,0.30332
6.88,8.62,4.6138,7.2981,0.00000,0.14099
7.12,8.62,4.4849,9.6124,0.00000,0.06152
7.38,8.62,3.0715,11.3323,0.00000,0.02673
2.62,8.88,2.6862,17.7619,0.00000,0.04162
2.88,8.88,3.6728,10.9297,0.00000,0.07719
3.12,8.88,3.7214,6.5724,0.00000,0.14458
3.38,8.88,3.7830,4.8649,0.00000,0.20619
3.62,8.88,3.6660,3.9844,0.00000,0.20054
3.88,8.88,3.8255,3.2595,0.00000,0.18977
4.12,8.88,3.7783,2.6082,0.00000,0.15340
4.38,8.88,3.9198,2.5410,0.00000,0.12794
4.62,8.88,3.8531,2.6631,0.00000,0.11542
4.88,8.88,3.9412,3.0587,0.00000,0.11602
5.12,8.88,3.8443,3.6433,0.00000,0.11819
5.38,8.88,3.8214,4.0915,0.00000,0.12086
5.62,8.88,3.7557,4.8101,0.00000,0.10925
5.88,8.88,3.8037,6.5146,0.00000,0.15620
6.12,8.88,3.8322,9.0049,0.00000,0.33720
6.38,8.88,4.0683,9.9091,0.00000,0.48695
6.62,8.88,4.2141,8.9221,0.00000,0.35582
6.88,8.88,4.5582,9.1521,0.00000,0.16491
7.12,8.88,4.4389,11.9354,0.00000,0.06876
7.38,8.88,3.0913,14.1692,0.00000,0.02731
2.62,9.12,2.6793,13.1090,0.00000,0.05167
2.88,9.12,3.6672,10.1845,0.00000,0.09871
3.12,9.12,3.7033,8.2869,0.00000,0.18323
3.38,9.12,3.7388,6.4928,0.00000,0.25455
3.62,9.12,3.6346,5.0544,0.00000,0.24735
3.88,9.12,3.8139,4.2332,0.00000,0.23884
4.12,9.12,3.7914,3.6645,0.00000,0.20053
4.38,9.12,3.9579,3.6241,0.00000,0.17252
4.62,9.12,3.8875,3.6137,0.00000,0.14655
4.88,9.12,3.9612,3.8572,0.00000,0.13536
5.12,9.12,3.8920,4.5026,0.00000,0.14442
5.38,9.12,3.9072,5.2818,0.00000,0.15989
5.62,9.12,3.8191,6.3665,0.00000,0.14554
5.88,9.12,3.8310,8.4137,0.00000,0.19184
6.12,9.12,3.8411,11.2362,0.00000,0.36412
6.38,9.12,3.9978,12.0615,0.00000,0.49496
6.62,9.12,4.0964,10.8500,0.00000,0.36578
6.88,9.12,4.3725,11.2182,0.00000,0.17925
7.12,9.12,4.2868,14.6223,0.00000,0.07572
7.38,9.12,3.0864,17.5609,0.00000,0.02861
2.62,9.38,2.6635,9.2070,0.00000,0.06342
2.88,9.38,3.6457,9.3268,0.00000,0.12132
3.12,9.38,3.6924,9.1598,0.00000,0.22439
3.38,9.38,3.7470,7.5221,0.00000,0.31212
3.62,9.38,3.6843,5.9403,0.00000,0.30953
3.88,9.38,3.9028,5.2823,0.00000,0.30630
4.12,9.38,3.8424,4.9954,0.00000,0.26179
4.38,9.38,3.9266,4.9382,0.00000,0.22579
4.62,9.38,3.8641,4.6488,0.00000,0.18235
4.88,9.38,3.9829,4.7246,0.00000,0.15601
5.12,9.38,3.9179,5.4199,0.00000,0.16479
5.38,9.38,3.9493,6.4799,0.00000,0.18707
5.62,9.38,3.8937,7.8811,0.00000,0.17606
5.88,9.38,3.8895,10.3220,0.00000,0.23225
6.12,9.38,3.8384,13.7807,0.00000,0.41412
6.38,9.38,3.9076,14.6914,0.00000,0.54402
6.62,9.38,4.0066,13.0692,0.00000,0.40431
6.88,9.38,4.2522,13.3186,0.00000,0.20246
7.12,9.38,4.1504,17.4277,0.00000,0.08491
7.38,9.38,3.0561,21.3197,0.00000,0.03110
2.62,9.62,2.6575,8.5701,0.00000,0.07742
2.88,9.62,3.6409,10.3003,0.00000,0.14924
3.12,9.62,3.7250,10.8936,0.00000,0.27600
3.38,9.62,3.8161,8.9677,0.00000,0.38338
3.62,9.62,3.7379,6.9971,0.00000,0.38341
3.88,9.62,3.9320,6.4022,0.00000,0.38203
4.12,9.62,3.8616,6.4873,0.00000,0.32971
4.38,9.62,3.9029,6.5870,0.00000,0.28541
4.62,9.62,3.8179,6.0645,0.00000,0.22249
4.88,9.62,3.9682,5.8005,0.00000,0.18144
5.12,9.62,3.9458,6.2758,0.00000,0.18930
5.38,9.62,3.9940,7.2273,0.00000,0.21578
5.62,9.62,3.9340,8.7212,0.00000,0.20715
5.88,9.62,3.9110,11.9370,0.00000,0.27031
6.12,9.62,3.8430,16.1634,0.00000,0.45708
6.38,9.62,3.8704,17.0301,0.00000,0.58880
6.62,9.62,3.9994,15.3680,0.00000,0.44531
6.88,9.62,4.2977,15.6476,0.00000,0.23134
7.12,9.62,4.1559,19.7531,0.00000,0.09769
7.38,9.62,3.0198,23.4320,0.00000,0.03442
2.62,9.88,2.6639,10.1951,0.00000,0.09320
2.88,9.88,3.6534,12.4453,0.00000,0.18079
3.12,9.88,3.7377,13.0555,0.00000,0.32748
3.38,9.88,3.8130,10.4697,0.00000,0.44586
3.62,9.88,3.7219,8.0804,0.00000,0.45051
3.88,9.88,3.8695,7.5497,0.00000,0.45504
4.12,9.88,3.7725,7.8987,0.00000,0.39205
4.38,9.88,3.8449,8.2456,0.00000,0.33799
4.62,9.88,3.8106,7.6803,0.00000,0.26180
4.88,9.88,4.0076,7.0441,0.00000,0.21157
5.12,9.88,3.9806,7.1549,0.00000,0.21136
5.38,9.88,3.9748,7.7856,0.00000,0.23063
5.62,9.88,3.9021,9.1767,0.00000,0.22636
5.88,9.88,3.8803,13.0042,0.00000,0.29334
6.12,9.88,3.8299,17.7188,0.00000,0.45912
6.38,9.88,3.8439,18.6415,0.00000,0.57169
6.62,9.88,3.9595,17.4801,0.00000,0.44501
6.88,9.88,4.3514,18.2971,0.00000,0.25334
7.12,9.88,4.2742,22.2310,0.00000,0.11385
7.38,9.88,3.0999,25.0629,0.00000,0.03882
2.62,10.12,2.6203,12.9514,0.00000,0.10201
2.88,10.12,3.6091,14.1541,0.00000,0.20207
3.12,10.12,3.7162,14.0507,0.00000,0.37234
3.38,10.12,3.7754,11.4528,0.00000,0.50699
3.62,10.12,3.6164,9.2610,0.00000,0.50960
3.88,10.12,3.6745,8.8336,0.00000,0.51183
4.12,10.12,3.6275,9.1943,0.00000,0.44004
4.38,10.12,3.8133,9.5829,0.00000,0.38161
4.62,10.12,3.7927,9.0064,0.00000,0.29702
4.88,10.12,3.9707,8.3126,0.00000,0.23946
5.12,10.12,3.9550,8.3999,0.00000,0.23300
5.38,10.12,3.9313,8.8180,0.00000,0.24513
5.62,10.12,3.8009,10.0240,0.00000,0.24090
5.88,10.12,3.7289,13.9313,0.00000,0.30756
6.12,10.12,3.7434,18.6910,0.00000,0.45375
6.38,10.12,3.8156,19.4474,0.00000,0.54595
6.62,10.12,3.9371,18.4906,0.00000,0.43956
6.88,10.12,4.3361,20.2939,0.00000,0.28196
7.12,10.12,4.2956,24.7258,0.00000,0.13776
7.38,10.12,3.2338,27.2865,0.00000,0.04635
2.62,10.38,2.6704,14.6964,0.00000,0.11341
2.88,10.38,3.6551,14.8567,0.00000,0.21847
3.12,10.38,3.6728,14.1516,0.00000,0.39782
3.38,10.38,3.6376,12.3293,0.00000,0.54778
3.62,10.38,3.5255,10.8821,0.00000,0.55855
3.88,10.38,3.6356,10.6190,0.00000,0.55793
4.12,10.38,3.5840,10.9604,0.00000,0.45611
4.38,10.38,3.7603,11.0145,0.00000,0.37575
4.62,10.38,3.7481,10.2948,0.00000,0.30299
4.88,10.38,3.8732,9.8374,0.00000,0.25747
5.12,10.38,3.8040,10.0423,0.00000,0.24956
5.38,10.38,3.8380,10.1170,0.00000,0.25949
5.62,10.38,3.7866,11.0880,0.00000,0.25380
5.88,10.38,3.7460,15.2391,0.00000,0.31094
6.12,10.38,3.7752,20.0859,0.00000,0.41828
6.38,10.38,3.8305,20.2391,0.00000,0.47594
6.62,10.38,3.9460,19.1461,0.00000,0.40921
6.88,10.38,4.2830,21.8293,0.00000,0.29988
7.12,10.38,4.2381,26.6155,0.00000,0.15576
7.38,10.38,3.3230,28.8926,0.00000,0.05259
2.62,10.62,2.7417,14.2899,0.00000,0.13065
2.88,10.62,3.7323,14.8984,0.00000,0.24588
3.12,10.62,3.7259,14.5471,0.00000,0.44415
3.38,10.62,3.6856,13.4116,0.00000,0.61474
3.62,10.62,3.6200,12.4359,0.00000,0.61037
3.88,10.62,3.7592,12.5674,0.00000,0.58814
4.12,10.62,3.6855,13.2777,0.00000,0.48275
4.38,10.62,3.8385,13.0407,0.00000,0.40704
4.62,10.62,3.8056,12.1077,0.00000,0.33097
4.88,10.62,3.8249,11.7796,0.00000,0.27410
5.12,10.62,3.7254,11.9303,0.00000,0.25976
5.38,10.62,3.8414,11.4142,0.00000,0.27061
5.62,10.62,3.8766,12.0499,0.00000,0.27297
5.88,10.62,3.9248,16.5712,0.00000,0.32851
6.12,10.62,3.9183,21.7786,0.00000,0.40268
6.38,10.62,3.8749,21.9214,0.00000,0.44079
6.62,10.62,3.9593,20.9485,0.00000,0.40229
6.88,10.62,4.2561,24.1558,0.00000,0.31143
7.12,10.62,4.1830,29.0227,0.00000,0.16211
7.38,10.62,3.2327,30.6893,0.00000,0.05397
2.62,10.88,2.7772,14.0893,0.00000,0.14536
2.88,10.88,3.7956,15.4556,0.00000,0.27733
3.12,10.88,3.8519,15.6850,0.00000,0.50533
3.38,10.88,3.8779,14.7334,0.00000,0.69277
3.62,10.88,3.7708,13.7312,0.00000,0.65671
3.88,10.88,3.8132,14.2096,0.00000,0.61152
4.12,10.88,3.7725,15.2077,0.00000,0.52779
4.38,10.88,3.9946,14.9010,0.00000,0.46967
4.62,10.88,3.9225,13.9914,0.00000,0.37382
4.88,10.88,3.8185,13.7913,0.00000,0.29110
5.12,10.88,3.7437,13.9543,0.00000,0.26593
5.38,10.88,3.9070,13.0134,0.00000,0.27366
5.62,10.88,3.9192,13.3337,0.00000,0.28536
5.88,10.88,3.9862,17.8738,0.00000,0.34718
6.12,10.88,3.9618,23.2277,0.00000,0.41974
6.38,10.88,3.9258,23.8171,0.00000,0.47066
6.62,10.88,4.0166,23.2074,0.00000,0.43316
6.88,10.88,4.2657,27.0522,0.00000,0.32603
7.12,10.88,4.1712,32.1631,0.00000,0.16538
7.38,10.88,3.1586,33.1887,0.00000,0.05390
2.62,11.12,2.7182,14.8016,0.00000,0.16118
2.88,11.12,3.7655,16.6445,0.00000,0.31108
3.12,11.12,3.8946,17.2550,0.00000,0.54951
3.38,11.12,3.9628,16.3233,0.00000,0.72425
3.62,11.12,3.8584,15.2581,0.00000,0.67519
3.88,11.12,3.8473,16.0428,0.00000,0.63774
4.12,11.12,3.8039,17.0940,0.00000,0.55271
4.38,11.12,4.0211,16.3659,0.00000,0.45642
4.62,11.12,3.9526,15.2735,0.00000,0.35214
4.88,11.12,3.8345,15.2208,0.00000,0.28328
5.12,11.12,3.7733,15.6376,0.00000,0.26065
5.38,11.12,3.9079,14.8121,0.00000,0.26496
5.62,11.12,3.9165,15.1377,0.00000,0.28508
5.88,11.12,3.9834,19.7417,0.00000,0.35813
6.12,11.12,3.9533,25.2456,0.00000,0.44257
6.38,11.12,3.9449,26.3868,0.00000,0.50384
6.62,11.12,4.0118,26.1755,0.00000,0.45730
6.88,11.12,4.2490,30.7423,0.00000,0.33794
7.12,11.12,4.1816,36.3435,0.00000,0.17045
7.38,11.12,3.1677,37.0392,0.00000,0.05515
2.62,11.38,2.7579,17.7156,0.00000,0.17319
2.88,11.38,3.8370,19.4437,0.00000,0.34139
3.12,11.38,3.9796,19.7250,0.00000,0.59511
3.38,11.38,4.0073,18.3945,0.00000,0.76386
3.62,11.38,3.8865,17.2758,0.00000,0.70287
3.88,11.38,3.8556,18.2050,0.00000,0.66302
4.12,11.38,3.8247,19.3604,0.00000,0.56939
4.38,11.38,4.0234,18.5430,0.00000,0.43206
4.62,11.38,3.9637,17.2276,0.00000,0.32219
4.88,11.38,3.8499,16.6526,0.00000,0.26871
5.12,11.38,3.8148,17.0183,0.00000,0.24838
5.38,11.38,3.9430,16.8511,0.00000,0.25331
5.62,11.38,3.9399,17.8227,0.00000,0.28420
5.88,11.38,3.9564,22.7043,0.00000,0.36103
6.12,11.38,3.9229,28.0696,0.00000,0.43368
6.38,11.38,3.9371,29.3218,0.00000,0.48260
6.62,11.38,4.0064,29.4185,0.00000,0.44437
6.88,11.38,4.2283,34.5235,0.00000,0.33874
7.12,11.38,4.1373,40.5411,0.00000,0.17340
7.38,11.38,3.1368,41.2079,0.00000,0.05613
2.62,11.62,2.8877,23.0139,0.00000,0.18177
2.88,11.62,3.9750,23.3550,0.00000,0.35873
3.12,11.62,4.0713,22.2688,0.00000,0.61745
3.38,11.62,4.0269,20.1349,0.00000,0.78451
3.62,11.62,3.8783,18.8639,0.00000,0.71595
3.88,11.62,3.8038,19.5655,0.00000,0.65520
4.12,11.62,3.7842,20.7666,0.00000,0.55225
4.38,11.62,4.0117,20.6377,0.00000,0.41642
4.62,11.62,3.9939,19.8351,0.00000,0.31334
4.88,11.62,3.8440,18.7532,0.00000,0.25828
5.12,11.62,3.8085,18.5771,0.00000,0.23108
5.38,11.62,4.0020,18.7737,0.00000,0.23732
5.62,11.62,4.0073,20.5888,0.00000,0.28104
5.88,11.62,3.9554,26.2361,0.00000,0.35855
6.12,11.62,3.9013,31.6153,0.00000,0.41190
6.38,11.62,3.9193,32.5241,0.00000,0.44445
6.62,11.62,4.0225,32.4858,0.00000,0.41733
6.88,11.62,4.3022,37.2058,0.00000,0.33346
7.12,11.62,4.2083,42.9163,0.00000,0.17560
7.38,11.62,3.1906,43.6692,0.00000,0.05736
2.62,11.88,2.9495,27.8737,0.00000,0.18914
2.88,11.88,4.0274,26.7943,0.00000,0.37467
3.12,11.88,4.1131,24.5834,0.00000,0.63614
3.38,11.88,4.0226,22.0128,0.00000,0.79402
3.62,11.88,3.8708,20.6941,0.00000,0.71952
3.88,11.88,3.8006,21.0026,0.00000,0.65140
4.12,11.88,3.7600,21.8755,0.00000,0.54231
4.38,11.88,3.8997,22.0238,0.00000,0.40625
4.62,11.88,3.9155,22.0021,0.00000,0.30275
4.88,11.88,3.8617,21.3707,0.00000,0.24546
5.12,11.88,3.8431,20.9361,0.00000,0.21321
5.38,11.88,4.0027,20.8608,0.00000,0.21846
5.62,11.88,3.9932,22.7211,0.00000,0.27204
5.88,11.88,3.9694,28.7037,0.00000,0.35348
6.12,11.88,3.9005,34.2398,0.00000,0.39822
6.38,11.88,3.8586,35.2598,0.00000,0.41759
6.62,11.88,3.9770,35.0623,0.00000,0.39146
6.88,11.88,4.3871,38.9601,0.00000,0.32183
7.12,11.88,4.3378,44.4928,0.00000,0.17353
7.38,11.88,3.3224,45.9642,0.00000,0.05761
2.62,12.12,3.0102,31.3421,0.00000,0.19290
2.88,12.12,4.0607,30.1445,0.00000,0.37823
3.12,12.12,4.1328,27.6799,0.00000,0.63208
3.38,12.12,4.0079,24.5438,0.00000,0.78096
3.62,12.12,3.9013,22.7105,0.00000,0.71082
3.88,12.12,3.8919,22.4953,0.00000,0.64126
4.12,12.12,3.8084,23.1905,0.00000,0.51816
4.38,12.12,3.8138,23.8457,0.00000,0.38202
4.62,12.12,3.8578,24.6301,0.00000,0.28735
4.88,12.12,3.8976,24.3372,0.00000,0.23492
5.12,12.12,3.8834,23.8075,0.00000,0.20197
5.38,12.12,4.0121,23.6115,0.00000,0.20891
5.62,12.12,3.9955,25.4487,0.00000,0.25945
5.88,12.12,3.9570,31.1335,0.00000,0.32670
6.12,12.12,3.8814,36.6363,0.00000,0.37491
6.38,12.12,3.8640,37.8335,0.00000,0.39765
6.62,12.12,3.9585,37.5171,0.00000,0.36605
6.88,12.12,4.3308,41.3762,0.00000,0.29217
7.12,12.12,4.2982,48.1021,0.00000,0.15567
7.38,12.12,3.4434,51.7363,0.00000,0.05293
2.62,12.38,3.0599,32.9611,0.00000,0.19421
2.88,12.38,4.0816,32.5923,0.00000,0.37183
3.12,12.38,4.1501,30.6359,0.00000,0.61531
3.38,12.38,3.9836,27.6975,0.00000,0.76436
3.62,12.38,3.8908,25.9743,0.00000,0.69963
3.88,12.38,3.9390,25.3532,0.00000,0.61868
4.12,12.38,3.8958,25.8303,0.00000,0.48649
4.38,12.38,3.8541,26.6134,0.00000,0.35929
4.62,12.38,3.8853,27.3989,0.00000,0.27315
4.88,12.38,3.9155,26.3711,0.00000,0.22213
5.12,12.38,3.8871,25.7208,0.00000,0.18965
5.38,12.38,3.9789,26.4922,0.00000,0.19990
5.62,12.38,3.9755,29.0977,0.00000,0.24805
5.88,12.38,3.9688,34.5219,0.00000,0.30274
6.12,12.38,3.9372,40.1678,0.00000,0.34257
6.38,12.38,3.9582,41.3187,0.00000,0.34851
6.62,12.38,3.9795,40.9190,0.00000,0.31602
6.88,12.38,4.2107,45.8428,0.00000,0.25014
7.12,12.38,4.1695,54.0990,0.00000,0.13250
7.38,12.38,3.5368,59.3109,0.00000,0.04695
2.62,12.62,3.0983,34.2705,0.00000,0.18758
2.88,12.62,4.1063,34.2574,0.00000,0.35358
3.12,12.62,4.1674,32.5508,0.00000,0.58717
3.38,12.62,3.9635,30.4053,0.00000,0.74088
3.62,12.62,3.8864,29.4849,0.00000,0.68377
3.88,12.62,3.9505,29.0807,0.00000,0.58664
4.12,12.62,3.9289,29.8176,0.00000,0.45012
4.38,12.62,3.8779,30.1527,0.00000,0.34215
4.62,12.62,3.9020,30.4834,0.00000,0.26227
4.88,12.62,3.8967,29.2662,0.00000,0.20526
5.12,12.62,3.8310,28.8034,0.00000,0.17129
5.38,12.62,3.8728,29.8189,0.00000,0.18048
5.62,12.62,3.9240,32.1526,0.00000,0.22368
5.88,12.62,3.9872,37.2340,0.00000,0.27450
6.12,12.62,3.9514,43.2524,0.00000,0.31064
6.38,12.62,3.9912,44.8385,0.00000,0.30245
6.62,12.62,3.9896,44.9515,0.00000,0.26774
6.88,12.62,4.1774,51.4029,0.00000,0.21279
7.12,12.62,4.1399,60.0674,0.00000,0.11435
7.38,12.62,3.6424,64.3352,0.00000,0.04279
2.62,12.88,3.1457,36.8906,0.00000,0.17757
2.88,12.88,4.1311,35.9384,0.00000,0.33222
3.12,12.88,4.1884,33.7233,0.00000,0.55503
3.38,12.88,3.9593,32.2738,0.00000,0.71077
3.62,12.88,3.8709,32.0144,0.00000,0.65412
3.88,12.88,3.9058,31.7005,0.00000,0.54303
4.12,12.88,3.9064,32.5610,0.00000,0.40902
4.38,12.88,3.8686,32.6035,0.00000,0.31782
4.62,12.88,3.8746,33.3668,0.00000,0.24457
4.88,12.88,3.8520,33.9372,0.00000,0.18559
5.12,12.88,3.8122,34.5726,0.00000,0.15410
5.38,12.88,3.8866,34.8541,0.00000,0.16391
5.62,12.88,3.8976,35.6896,0.00000,0.19529
5.88,12.88,3.8739,39.8366,0.00000,0.23131
6.12,12.88,3.8166,45.3059,0.00000,0.27255
6.38,12.88,3.9658,46.8175,0.00000,0.28271
6.62,12.88,3.9931,47.3862,0.00000,0.24975
6.88,12.88,4.1588,54.7234,0.00000,0.19387
7.12,12.88,4.1429,63.7372,0.00000,0.10438
7.38,12.88,3.8219,67.8013,0.00000,0.04063
2.62,13.12,3.2074,40.6933,0.00000,0.15912
2.88,13.12,4.1384,38.2482,0.00000,0.30506
3.12,13.12,4.1851,35.1528,0.00000,0.52185
3.38,13.12,3.9643,34.0851,0.00000,0.67241
3.62,13.12,3.8812,33.9264,0.00000,0.61370
3.88,13.12,3.8903,32.7045,0.00000,0.50415
4.12,13.12,3.8796,32.9716,0.00000,0.37585
4.38,13.12,3.8384,33.8929,0.00000,0.28675
4.62,13.12,3.8311,36.5826,0.00000,0.21820
4.88,13.12,3.8157,39.6535,0.00000,0.16571
5.12,13.12,3.8563,41.4516,0.00000,0.13966
5.38,13.12,3.9691,40.3886,0.00000,0.14547
5.62,13.12,3.8711,39.3820,0.00000,0.16301
5.88,13.12,3.7837,42.6863,0.00000,0.19250
6.12,13.12,3.7062,47.8331,0.00000,0.24193
6.38,13.12,3.8734,49.4361,0.00000,0.26784
6.62,13.12,3.9333,49.6089,0.00000,0.23676
6.88,13.12,4.1457,56.2069,0.00000,0.18238
7.12,13.12,4.1511,65.8944,0.00000,0.09931
7.38,13.12,4.0253,71.4314,0.00000,0.03994
2.62,13.38,3.2571,43.3683,0.00000,0.14484
2.88,13.38,4.1206,40.7599,0.00000,0.28448
3.12,13.38,4.1682,37.4647,0.00000,0.48692
3.38,13.38,3.9611,36.4973,0.00000,0.61237
3.62,13.38,3.8722,36.2767,0.00000,0.54629
3.88,13.38,3.8692,34.3693,0.00000,0.44633
4.12,13.38,3.8813,34.0489,0.00000,0.33641
4.38,13.38,3.8810,35.7754,0.00000,0.25938
4.62,13.38,3.8703,39.6153,0.00000,0.19992
4.88,13.38,3.8397,43.3115,0.00000,0.15634
5.12,13.38,3.9210,45.5784,0.00000,0.13190
5.38,13.38,3.9743,43.9407,0.00000,0.12838
5.62,13.38,3.8056,41.8152,0.00000,0.13485
5.88,13.38,3.7735,44.6864,0.00000,0.16213
6.12,13.38,3.6706,49.9425,0.00000,0.20974
6.38,13.38,3.7913,52.3463,0.00000,0.23597
6.62,13.38,3.8642,52.4667,0.00000,0.21001
6.88,13.38,4.1422,58.6414,0.00000,0.16614
7.12,13.38,4.1739,69.4510,0.00000,0.09278
7.38,13.38,4.1782,76.2430,0.00000,0.03815
2.62,13.62,3.2975,46.3951,0.00000,0.12855
2.88,13.62,4.0751,44.2584,0.00000,0.26087
3.12,13.62,4.1176,41.0061,0.00000,0.44977
3.38,13.62,3.9235,39.1531,0.00000,0.55046
3.62,13.62,3.8692,38.3638,0.00000,0.47704
3.88,13.62,3.9203,36.7772,0.00000,0.38612
4.12,13.62,3.9281,36.7764,0.00000,0.29576
4.38,13.62,3.8912,38.4780,0.00000,0.23424
4.62,13.62,3.9111,41.7166,0.00000,0.18397
4.88,13.62,3.9345,43.4808,0.00000,0.14771
5.12,13.62,4.0427,44.9789,0.00000,0.12358
5.38,13.62,3.9829,45.0366,0.00000,0.11306
5.62,13.62,3.7306,43.9001,0.00000,0.11357
5.88,13.62,3.7084,46.8960,0.00000,0.13522
6.12,13.62,3.6534,52.5801,0.00000,0.17333
6.38,13.62,3.8308,55.7125,0.00000,0.19682
6.62,13.62,3.9020,55.8733,0.00000,0.17843
6.88,13.62,4.1836,62.0263,0.00000,0.14477
7.12,13.62,4.1887,73.2479,0.00000,0.08245
7.38,13.62,4.1658,79.8417,0.00000,0.03475
2.62,13.88,3.2913,50.2482,0.00000,0.11247
2.88,13.88,3.9679,47.5202,0.00000,0.23167
3.12,13.88,4.0075,43.7044,0.00000,0.40407
3.38,13.88,3.8452,40.6696,0.00000,0.49091
3.62,13.88,3.8434,39.5184,0.00000,0.41693
3.88,13.88,3.9770,39.2793,0.00000,0.33139
4.12,13.88,4.0030,40.2650,0.00000,0.25366
4.38,13.88,3.8688,41.0544,0.00000,0.20210
4.62,13.88,3.8586,43.0380,0.00000,0.16200
4.88,13.88,3.9296,43.3670,0.00000,0.13453
5.12,13.88,4.0711,44.1472,0.00000,0.11236
5.38,13.88,3.9970,46.0531,0.00000,0.09973
5.62,13.88,3.7666,46.9972,0.00000,0.09689
5.88,13.88,3.7439,50.9059,0.00000,0.11024
6.12,13.88,3.6903,56.8822,0.00000,0.13648
6.38,13.88,3.8242,59.3742,0.00000,0.15554
6.62,13.88,3.8829,58.6171,0.00000,0.14655
6.88,13.88,4.1663,64.3302,0.00000,0.12346
7.12,13.88,4.1757,75.4310,0.00000,0.07169
7.38,13.88,4.1614,81.1868,0.00000,0.03143
2.62,14.12,3.3197,54.2241,0.00000,0.09976
2.88,14.12,3.9543,50.5969,0.00000,0.20682
3.12,14.12,3.9564,45.9005,0.00000,0.35888
3.38,14.12,3.7879,42.5949,0.00000,0.42968
3.62,14.12,3.8296,41.8243,0.00000,0.36054
3.88,14.12,3.9768,42.3340,0.00000,0.28533
4.12,14.12,4.0188,43.7272,0.00000,0.21699
4.38,14.12,3.9289,43.9888,0.00000,0.17077
4.62,14.12,3.9211,45.9949,0.00000,0.13843
4.88,14.12,3.9136,46.7175,0.00000,0.11640
5.12,14.12,4.0324,47.4249,0.00000,0.09687
5.38,14.12,4.0505,49.2784,0.00000,0.08618
5.62,14.12,3.8846,50.3721,0.00000,0.08195
5.88,14.12,3.8749,55.1024,0.00000,0.08930
6.12,14.12,3.8034,61.6500,0.00000,0.10685
6.38,14.12,3.8413,63.0068,0.00000,0.11874
6.62,14.12,3.8711,61.5482,0.00000,0.11489
6.88,14.12,4.1399,67.5804,0.00000,0.10068
7.12,14.12,4.1570,78.6998,0.00000,0.05995
7.38,14.12,4.1266,83.2974,0.00000,0.02790
2.62,14.38,3.4567,57.2565,0.00000,0.08922
2.88,14.38,4.0534,54.1177,0.00000,0.18446
3.12,14.38,4.0435,49.2863,0.00000,0.31165
3.38,14.38,3.8463,46.3915,0.00000,0.36423
3.62,14.38,3.8203,46.2438,0.00000,0.30653
3.88,14.38,3.8728,46.0213,0.00000,0.24181
4.12,14.38,3.9462,46.4903,0.00000,0.17997
4.38,14.38,3.9235,47.3953,0.00000,0.13896
4.62,14.38,3.9347,51.1716,0.00000,0.11503
4.88,14.38,3.9415,52.5837,0.00000,0.09933
5.12,14.38,4.0436,52.4740,0.00000,0.08195
5.38,14.38,4.0682,52.3561,0.00000,0.07133
5.62,14.38,3.8993,51.3901,0.00000,0.06693
5.88,14.38,3.9109,56.7289,0.00000,0.07254
6.12,14.38,3.8467,65.1821,0.00000,0.08600
6.38,14.38,3.8806,67.1008,0.00000,0.09331
6.62,14.38,3.9075,66.4591,0.00000,0.08987
6.88,14.38,4.1898,73.9326,0.00000,0.07914
7.12,14.38,4.2000,84.7802,0.00000,0.04809
7.38,14.38,4.0672,88.0940,0.00000,0.02389
2.62,14.62,3.5633,59.9713,0.00000,0.08068
2.88,14.62,4.0676,57.5988,0.00000,0.16667
3.12,14.62,4.0936,53.2893,0.00000,0.27089
3.38,14.62,3.9264,50.6983,0.00000,0.30266
3.62,14.62,3.8371,50.4444,0.00000,0.25577
3.88,14.62,3.7142,49.2467,0.00000,0.20114
4.12,14.62,3.7430,48.9424,0.00000,0.14632
4.38,14.62,3.8130,50.6408,0.00000,0.11029
4.62,14.62,3.9043,55.9752,0.00000,0.09256
4.88,14.62,3.9239,57.5528,0.00000,0.08339
5.12,14.62,3.9744,55.8148,0.00000,0.06911
5.38,14.62,4.0116,53.8480,0.00000,0.05835
5.62,14.62,3.8637,52.2527,0.00000,0.05408
5.88,14.62,3.9017,58.8518,0.00000,0.05856
6.12,14.62,3.8668,69.2220,0.00000,0.06865
6.38,14.62,3.9259,72.2238,0.00000,0.07346
6.62,14.62,3.9296,71.8252,0.00000,0.07012
6.88,14.62,4.2403,80.0050,0.00000,0.06209
7.12,14.62,4.2500,90.8960,0.00000,0.03872
7.38,14.62,4.1032,94.3147,0.00000,0.02027
2.62,14.88,3.5366,64.2655,0.00000,0.07082
2.88,14.88,4.0753,61.7958,0.00000,0.14477
3.12,14.88,4.1282,57.3699,0.00000,0.22943
3.38,14.88,3.8571,54.4428,0.00000,0.24980
3.62,14.88,3.7074,53.9693,0.00000,0.21465
3.88,14.88,3.6001,52.2379,0.00000,0.17084
4.12,14.88,3.7267,50.9607,0.00000,0.12314
4.38,14.88,3.8497,52.5557,0.00000,0.09006
4.62,14.88,3.9342,58.7240,0.00000,0.07467
4.88,14.88,3.9270,61.2390,0.00000,0.06910
5.12,14.88,3.9586,59.4609,0.00000,0.05773
5.38,14.88,4.0347,57.2337,0.00000,0.04827
5.62,14.88,3.9144,56.6659,0.00000,0.04454
5.88,14.88,3.9120,64.0206,0.00000,0.04721
6.12,14.88,3.8250,74.4772,0.00000,0.05335
6.38,14.88,3.9036,77.3746,0.00000,0.05564
6.62,14.88,3.9051,75.7781,0.00000,0.05186
6.88,14.88,4.2042,83.7089,0.00000,0.04490
7.12,14.88,4.2236,95.9403,0.00000,0.02842
7.38,14.88,4.2316,100.5403,0.00000,0.01598
2.62,15.12,3.5198,67.2725,0.00000,0.05639
2.88,15.12,4.0063,64.5191,0.00000,0.11119
3.12,15.12,4.0525,60.0328,0.00000,0.17651
3.38,15.12,3.7263,57.8331,0.00000,0.19861
3.62,15.12,3.6019,58.4382,0.00000,0.17563
3.88,15.12,3.6290,55.7186,0.00000,0.14191
4.12,15.12,3.8860,52.1229,0.00000,0.10379
4.38,15.12,3.9661,52.4496,0.00000,0.07461
4.62,15.12,3.9724,58.9554,0.00000,0.05996
4.88,15.12,3.9819,63.6312,0.00000,0.05545
5.12,15.12,4.0428,63.9147,0.00000,0.04705
5.38,15.12,4.0933,62.6204,0.00000,0.04016
5.62,15.12,3.9742,62.6253,0.00000,0.03756
5.88,15.12,3.9541,68.9847,0.00000,0.03898
6.12,15.12,3.7938,78.3317,0.00000,0.04268
6.38,15.12,3.8645,80.8280,0.00000,0.04430
6.62,15.12,3.8676,78.8898,0.00000,0.03952
6.88,15.12,4.1312,87.0637,0.00000,0.03141
7.12,15.12,4.1674,100.0267,0.00000,0.01973
7.38,15.12,4.3686,104.3514,0.00000,0.01228
2.62,15.38,3.6459,70.0850,0.00000,0.04372
2.88,15.38,4.0434,66.4844,0.00000,0.08214
3.12,15.38,4.0468,61.2442,0.00000,0.13041
3.38,15.38,3.7459,60.5334,0.00000,0.15148
3.62,15.38,3.6912,63.0320,0.00000,0.13476
3.88,15.38,3.7408,59.9138,0.00000,0.11222
4.12,15.38,3.9728,55.0020,0.00000,0.08606
4.38,15.38,4.0296,54.1794,0.00000,0.06295
4.62,15.38,4.0316,60.4002,0.00000,0.05013
4.88,15.38,4.0134,66.3742,0.00000,0.04568
5.12,15.38,4.0729,68.2210,0.00000,0.03849
5.38,15.38,4.1026,67.3491,0.00000,0.03288
5.62,15.38,3.9783,67.9750,0.00000,0.03113
5.88,15.38,3.9964,73.7225,0.00000,0.03250
6.12,15.38,3.8169,82.1285,0.00000,0.03523
6.38,15.38,3.8345,84.5859,0.00000,0.03608
6.62,15.38,3.7993,82.8589,0.00000,0.03051
6.88,15.38,4.0644,90.8940,0.00000,0.02328
7.12,15.38,4.1334,103.2777,0.00001,0.01509
7.38,15.38,4.4277,107.1217,0.00003,0.01010
2.62,15.62,3.6588,73.7889,0.00000,0.03482
2.88,15.62,4.1368,69.4192,0.00000,0.06448
3.12,15.62,4.1481,62.8628,0.00000,0.10110
3.38,15.62,3.8373,62.5729,0.00000,0.11722
3.62,15.62,3.7884,66.2049,0.00000,0.10268
3.88,15.62,3.7940,63.8751,0.00000,0.08598
4.12,15.62,3.9674,60.0414,0.00000,0.06872
4.38,15.62,3.9834,59.2044,0.00000,0.05316
4.62,15.62,4.0062,64.1095,0.00000,0.04304
4.88,15.62,4.0221,69.5142,0.00000,0.03827
5.12,15.62,4.1140,73.0306,0.00000,0.03168
5.38,15.62,4.1085,73.6461,0.00000,0.02677
5.62,15.62,3.9730,74.5456,0.00000,0.02547
5.88,15.62,4.0284,77.9227,0.00000,0.02705
6.12,15.62,3.8028,83.6002,0.00000,0.02887
6.38,15.62,3.7700,87.0560,0.00000,0.02865
6.62,15.62,3.7522,87.3420,0.00001,0.02365
6.88,15.62,4.0348,95.7073,0.00008,0.01876
7.12,15.62,4.0850,108.1483,0.00038,0.01288
7.38,15.62,4.3971,112.5875,0.00085,0.00887
2.62,15.88,3.7018,79.5290,0.00000,0.02769
2.88,15.88,4.2356,74.3896,0.00000,0.05198
3.12,15.88,4.2276,66.4879,0.00000,0.07814
3.38,15.88,3.8559,64.5984,0.00000,0.08595
3.62,15.88,3.8070,67.1156,0.00000,0.07662
3.88,15.88,3.7595,64.8859,0.00000,0.06618
4.12,15.88,3.8691,62.3829,0.00000,0.05360
4.38,15.88,3.8838,62.6227,0.00000,0.04312
4.62,15.88,3.9709,67.2090,0.00000,0.03619
4.88,15.88,4.0122,72.6846,0.00000,0.03166
5.12,15.88,4.1242,78.2810,0.00000,0.02577
5.38,15.88,4.1082,80.9674,0.00000,0.02167
5.62,15.88,3.9610,81.2422,0.00000,0.02051
5.88,15.88,4.0103,80.5897,0.00000,0.02163
6.12,15.88,3.7654,82.8618,0.00000,0.02216
6.38,15.88,3.7488,87.7679,0.00000,0.02133
6.62,15.88,3.7719,91.2434,0.00008,0.01799
6.88,15.88,4.0494,101.0594,0.00099,0.01509
7.12,15.88,4.0855,115.1541,0.00470,0.01085
7.38,15.88,4.4745,122.0140,0.01042,0.00791
2.62,16.12,3.6841,86.2625,0.00000,0.02258
2.88,16.12,4.2690,80.6183,0.00000,0.04257
3.12,16.12,4.2765,71.3405,0.00000,0.06096
3.38,16.12,3.8675,66.5847,0.00000,0.06148
3.62,16.12,3.7929,66.4471,0.00000,0.05410
3.88,16.12,3.6954,63.7008,0.00000,0.04837
4.12,16.12,3.7823,61.5838,0.00000,0.04092
4.38,16.12,3.7865,61.7680,0.00000,0.03445
4.62,16.12,3.9392,66.3401,0.00000,0.02980
4.88,16.12,4.0031,72.9711,0.00000,0.02543
5.12,16.12,4.1273,80.2554,0.00000,0.02051
5.38,16.12,4.0848,84.0473,0.00000,0.01750
5.62,16.12,3.9284,83.6590,0.00000,0.01646
5.88,16.12,3.9964,81.6695,0.00000,0.01691
6.12,16.12,3.7872,83.1869,0.00000,0.01651
6.38,16.12,3.8136,89.6724,0.00001,0.01555
6.62,16.12,3.8160,96.1124,0.00037,0.01337
6.88,16.12,4.0443,107.2369,0.00458,0.01151
7.12,16.12,4.1030,122.1038,0.02172,0.00868
7.38,16.12,4.6170,131.2128,0.04819,0.00697
2.62,16.38,3.6658,87.1794,0.00000,0.01767
2.88,16.38,4.2611,82.9179,0.00000,0.03116
3.12,16.38,4.2301,74.1182,0.00000,0.04322
3.38,16.38,3.8570,68.4818,0.00000,0.04417
3.62,16.38,3.8258,67.3928,0.00000,0.03894
3.88,16.38,3.6781,64.6485,0.00000,0.03425
4.12,16.38,3.7293,62.6188,0.00000,0.03034
4.38,16.38,3.7363,61.6064,0.00000,0.02736
4.62,16.38,3.9425,64.1635,0.00000,0.02434
4.88,16.38,3.9660,69.2762,0.00000,0.02027
5.12,16.38,4.0967,76.9091,0.00000,0.01643
5.38,16.38,4.0898,83.2309,0.00000,0.01434
5.62,16.38,3.9320,84.2499,0.00000,0.01323
5.88,16.38,3.9419,83.1126,0.00000,0.01303
6.12,16.38,3.7709,85.7486,0.00000,0.01240
6.38,16.38,3.8650,94.0765,0.00002,0.01184
6.62,16.38,3.8479,102.9074,0.00076,0.01043
6.88,16.38,4.0302,113.6328,0.00926,0.00924
7.12,16.38,4.0552,126.2485,0.04388,0.00746
7.38,16.38,4.5871,135.6142,0.09723,0.00671
2.62,16.62,3.6597,91.0107,0.00000,0.01246
2.88,16.62,4.1917,85.2320,0.00000,0.02033
3.12,16.62,4.2035,75.1056,0.00000,0.02843
3.38,16.62,3.8938,69.0135,0.00000,0.03197
3.62,16.62,3.8638,68.2974,0.00000,0.02979
3.88,16.62,3.7178,66.3933,0.00000,0.02631
4.12,16.62,3.7742,65.5084,0.00000,0.02406
4.38,16.62,3.7419,64.6642,0.00000,0.02248
4.62,16.62,3.9281,65.6715,0.00000,0.01975
4.88,16.62,3.9423,68.7538,0.00000,0.01605
5.12,16.62,4.1123,76.2930,0.00000,0.01332
5.38,16.62,4.1624,85.2329,0.00000,0.01182
5.62,16.62,4.1073,88.2097,0.00000,0.01086
5.88,16.62,4.0694,87.8697,0.00000,0.01042
6.12,16.62,3.8284,91.1480,0.00000,0.00972
6.38,16.62,3.8907,99.3076,0.00003,0.00940
6.62,16.62,3.8567,108.8297,0.00108,0.00868
6.88,16.62,4.0270,118.6668,0.01326,0.00857
7.12,16.62,4.0231,128.1360,0.06263,0.00909
7.38,16.62,4.4820,135.5347,0.13664,0.01131
2.62,16.88,3.7977,99.2329,0.00000,0.00901
2.88,16.88,4.1807,90.1630,0.00000,0.01399
3.12,16.88,4.2122,76.1110,0.00000,0.02049
3.38,16.88,3.9583,67.5949,0.00000,0.02489
3.62,16.88,3.9106,66.1145,0.00000,0.02396
3.88,16.88,3.7282,64.8445,0.00000,0.02156
4.12,16.88,3.7535,65.9113,0.00000,0.02000
4.38,16.88,3.7153,67.6278,0.00000,0.01852
4.62,16.88,3.8761,69.9686,0.00000,0.01583
4.88,16.88,3.8705,73.4631,0.00000,0.01275
5.12,16.88,4.1302,81.7020,0.00000,0.01096
5.38,16.88,4.2504,91.4388,0.00000,0.00990
5.62,16.88,4.2049,93.4304,0.00000,0.00917
5.88,16.88,4.1328,92.3226,0.00000,0.00880
6.12,16.88,3.9466,96.2557,0.00000,0.00820
6.38,16.88,4.0068,104.7126,0.00004,0.00803
6.62,16.88,3.9412,115.2047,0.00129,0.00804
6.88,16.88,4.0890,124.2017,0.01557,0.01022
7.12,16.88,4.1269,128.8975,0.07250,0.01776
7.38,16.88,4.4795,126.0454,0.14765,0.02848
2.62,17.12,3.7372,102.3980,0.00000,0.00726
2.88,17.12,4.1090,93.4921,0.00000,0.01077
3.12,17.12,4.1338,77.3133,0.00000,0.01569
3.38,17.12,3.9003,65.7117,0.00000,0.01901
3.62,17.12,3.8750,62.2960,0.00000,0.01867
3.88,17.12,3.7338,61.9393,0.00000,0.01751
4.12,17.12,3.7752,65.2927,0.00000,0.01656
4.38,17.12,3.7083,69.5396,0.00000,0.01510
4.62,17.12,3.8239,74.2306,0.00000,0.01285
4.88,17.12,3.8368,79.0943,0.00000,0.01054
5.12,17.12,4.1281,86.9495,0.00000,0.00939
5.38,17.12,4.2179,95.5914,0.00000,0.00854
5.62,17.12,4.1656,96.4333,0.00000,0.00789
5.88,17.12,4.1196,94.9619,0.00000,0.00755
6.12,17.12,4.0049,99.0602,0.00001,0.00720
6.38,17.12,4.0303,106.9769,0.00014,0.00721
6.62,17.12,3.9815,117.1646,0.00124,0.00779
6.88,17.12,4.1222,125.5736,0.00975,0.01177
7.12,17.12,4.1535,126.2532,0.04115,0.02471
7.38,17.12,4.3294,113.3235,0.07432,0.03843
7.62,17.12,3.7756,85.7661,0.06120,0.03113
2.62,17.38,3.6867,101.7641,0.00000,0.00625
2.88,17.38,4.1160,94.4979,0.00000,0.00915
3.12,17.38,4.0859,77.6696,0.00000,0.01274
3.38,17.38,3.8590,65.1794,0.00000,0.01448
3.62,17.38,3.9098,61.5100,0.00000,0.01416
3.88,17.38,3.8198,62.0002,0.00000,0.01359
4.12,17.38,3.8637,67.3209,0.00000,0.01298
4.38,17.38,3.7843,73.1281,0.00000,0.01182
4.62,17.38,3.8719,78.4832,0.00000,0.01040
4.88,17.38,3.8860,83.3818,0.00000,0.00887
5.12,17.38,4.0893,90.7392,0.00000,0.00819
5.38,17.38,4.1004,98.9073,0.00000,0.00761
5.62,17.38,4.1382,99.1834,0.00000,0.00712
5.88,17.38,4.1399,96.5752,0.00000,0.00675
6.12,17.38,3.9991,100.1414,0.00011,0.00649
6.38,17.38,3.9890,107.4806,0.00139,0.00656
6.62,17.38,4.0021,114.8361,0.00649,0.00697
6.88,17.38,4.0947,120.5224,0.01293,0.00932
7.12,17.38,4.0610,120.1988,0.01642,0.01688
7.38,17.38,4.0757,110.9185,0.01765,0.02329
7.62,17.38,3.8100,93.9926,0.01480,0.01627
7.88,17.38,3.3371,72.2686,0.02866,0.00649
2.62,17.62,3.6906,102.4243,0.00000,0.00546
2.88,17.62,4.1775,95.5031,0.00000,0.00787
3.12,17.62,4.1588,78.3104,0.00000,0.01065
3.38,17.62,3.9550,66.6002,0.00000,0.01181
3.62,17.62,3.9961,63.9854,0.00000,0.01152
3.88,17.62,3.8681,64.7723,0.00000,0.01089
4.12,17.62,3.8817,71.3059,0.00000,0.01031
4.38,17.62,3.8781,79.1279,0.00000,0.00942
4.62,17.62,3.9825,84.2255,0.00000,0.00855
4.88,17.62,3.9238,87.6717,0.00000,0.00754
5.12,17.62,4.0192,96.2667,0.00000,0.00714
5.38,17.62,4.0505,105.6492,0.00000,0.00682
5.62,17.62,4.1559,103.1134,0.00000,0.00660
5.88,17.62,4.1584,97.5229,0.00002,0.00636
6.12,17.62,3.9714,100.5038,0.00051,0.00612
6.38,17.62,3.8990,107.5489,0.00633,0.00611
6.62,17.62,3.9739,112.1799,0.02981,0.00620
6.88,17.62,4.0637,114.0148,0.05576,0.00652
7.12,17.62,4.1042,112.4969,0.04565,0.00790
7.38,17.62,4.0809,110.6397,0.02020,0.00862
7.62,17.62,4.0503,106.9965,0.02151,0.00625
7.88,17.62,4.0998,93.3988,0.08832,0.00375
8.12,17.62,3.8958,72.0514,0.20817,0.00259
2.62,17.88,3.5878,104.3801,0.00000,0.00468
2.88,17.88,4.1835,96.1051,0.00000,0.00670
3.12,17.88,4.2696,80.0391,0.00000,0.00905
3.38,17.88,4.0771,70.3727,0.00000,0.01026
3.62,17.88,3.9891,68.7533,0.00000,0.01013
3.88,17.88,3.8326,69.7657,0.00000,0.00956
4.12,17.88,3.8610,76.1868,0.00000,0.00908
4.38,17.88,3.9038,84.7133,0.00000,0.00825
4.62,17.88,3.9977,89.3098,0.00000,0.00737
4.88,17.88,3.9212,91.7127,0.00000,0.00655
5.12,17.88,3.9714,100.6869,0.00000,0.00629
5.38,17.88,4.0391,109.9719,0.00000,0.00613
5.62,17.88,4.1540,105.9740,0.00000,0.00612
5.88,17.88,4.1421,99.2289,0.00003,0.00608
6.12,17.88,3.9924,99.6053,0.00086,0.00593
6.38,17.88,3.9086,104.2720,0.01096,0.00587
6.62,17.88,3.9657,110.0635,0.05560,0.00583
6.88,17.88,4.0923,113.1258,0.12197,0.00555
7.12,17.88,4.2004,110.4203,0.12983,0.00527
7.38,17.88,4.2075,108.8802,0.07523,0.00482
7.62,17.88,4.1402,110.5533,0.05100,0.00404
7.88,17.88,4.2509,106.8941,0.14277,0.00334
8.12,17.88,4.3420,93.8137,0.30504,0.00283
8.38,17.88,3.7196,74.2935,0.36851,0.00225
2.62,18.12,3.4825,108.8302,0.00000,0.00411
2.88,18.12,4.0441,96.9274,0.00000,0.00575
3.12,18.12,4.1695,81.2693,0.00000,0.00779
3.38,18.12,4.0359,73.6284,0.00000,0.00906
3.62,18.12,3.9203,73.0635,0.00000,0.00898
3.88,18.12,3.7894,74.7311,0.00000,0.00851
4.12,18.12,3.8255,80.5885,0.00000,0.00810
4.38,18.12,3.8702,87.7444,0.00000,0.00734
4.62,18.12,3.9501,91.5545,0.00000,0.00654
4.88,18.12,3.9333,93.8667,0.00000,0.00590
5.12,18.12,3.9810,100.5737,0.00000,0.00573
5.38,18.12,4.0310,106.1539,0.00000,0.00573
5.62,18.12,4.1060,104.0033,0.00000,0.00576
5.88,18.12,4.1152,102.0313,0.00002,0.00578
6.12,18.12,4.0382,101.1856,0.00055,0.00574
6.38,18.12,4.0045,101.9737,0.00752,0.00572
6.62,18.12,3.9971,106.6287,0.04487,0.00568
6.88,18.12,4.0976,110.8268,0.12975,0.00537
7.12,18.12,4.2600,110.8783,0.19846,0.00486
7.38,18.12,4.2773,109.6926,0.17156,0.00441
7.62,18.12,4.1835,109.2142,0.10546,0.00401
7.88,18.12,4.1229,110.6312,0.12471,0.00349
8.12,18.12,4.2244,109.9940,0.25027,0.00298
8.38,18.12,4.0399,98.4661,0.35989,0.00256
8.62,18.12,3.5369,77.4254,0.38901,0.00208
2.62,18.38,3.6232,118.4308,0.00000,0.00381
2.88,18.38,4.0277,102.8286,0.00000,0.00500
3.12,18.38,4.0790,84.2218,0.00000,0.00658
3.38,18.38,3.8925,75.5477,0.00000,0.00752
3.62,18.38,3.7856,76.3762,0.00000,0.00742
3.88,18.38,3.7391,80.3027,0.00000,0.00703
4.12,18.38,3.8044,87.0528,0.00000,0.00672
4.38,18.38,3.8568,92.6076,0.00000,0.00630
4.62,18.38,3.9486,95.7812,0.00000,0.00586
4.88,18.38,4.0637,98.7594,0.00000,0.00563
5.12,18.38,4.1500,103.4587,0.00000,0.00555
5.38,18.38,4.1366,104.9376,0.00000,0.00555
5.62,18.38,4.0848,103.0338,0.00000,0.00550
5.88,18.38,4.0489,105.0242,0.00000,0.00548
6.12,18.38,4.0157,106.2823,0.00014,0.00550
6.38,18.38,3.9977,105.0929,0.00223,0.00551
6.62,18.38,3.9902,104.4125,0.01757,0.00552
6.88,18.38,4.0446,105.6700,0.07316,0.00533
7.12,18.38,4.1870,109.7677,0.17215,0.00490
7.38,18.38,4.2520,112.3996,0.24657,0.00446
7.62,18.38,4.1701,108.5091,0.22313,0.00412
7.88,18.38,4.1387,108.6742,0.14501,0.00377
8.12,18.38,4.1866,114.9015,0.14737,0.00331
8.38,18.38,4.1945,113.7915,0.26426,0.00289
8.62,18.38,4.2031,99.6743,0.43024,0.00253
8.88,18.38,3.9694,76.8969,0.54761,0.00214
2.62,18.62,3.7936,128.3727,0.00000,0.00368
2.88,18.62,3.9662,114.3889,0.00000,0.00434
3.12,18.62,3.9552,93.4020,0.00000,0.00536
3.38,18.62,3.8696,81.3335,0.00000,0.00596
3.62,18.62,3.8529,82.3380,0.00000,0.00593
3.88,18.62,3.8919,88.4825,0.00000,0.00577
4.12,18.62,3.9228,96.1886,0.00000,0.00563
4.38,18.62,3.9063,100.5472,0.00000,0.00552
4.62,18.62,3.9668,102.3114,0.00000,0.00541
4.88,18.62,4.0371,104.5538,0.00000,0.00537
5.12,18.62,4.1645,108.0422,0.00000,0.00536
5.38,18.62,4.1932,106.9795,0.00000,0.00531
5.62,18.62,4.1376,102.9218,0.00000,0.00527
5.88,18.62,4.0568,104.0634,0.00000,0.00526
6.12,18.62,3.9866,108.5374,0.00001,0.00529
6.38,18.62,3.9975,109.2322,0.00032,0.00533
6.62,18.62,4.0322,104.2448,0.00366,0.00535
6.88,18.62,4.0988,102.2801,0.02402,0.00528
7.12,18.62,4.1537,108.4250,0.09940,0.00505
7.38,18.62,4.2298,112.9771,0.25783,0.00477
7.62,18.62,4.2073,107.6838,0.37273,0.00438
7.88,18.62,4.1539,105.0286,0.28732,0.00402
8.12,18.62,4.1400,109.7410,0.15400,0.00375
8.38,18.62,4.1161,114.7762,0.16911,0.00339
8.62,18.62,4.2618,113.2756,0.36961,0.00296
8.88,18.62,4.3513,99.9889,0.56808,0.00265
9.12,18.62,3.6798,78.9876,0.53163,0.00231
2.62,18.88,3.6723,122.2198,0.00000,0.00345
2.88,18.88,3.8375,119.5953,0.00000,0.00378
3.12,18.88,3.8478,104.1966,0.00000,0.00428
3.38,18.88,3.9702,91.4180,0.00000,0.00478
3.62,18.88,4.0272,89.2285,0.00000,0.00488
3.88,18.88,4.0025,92.6230,0.00000,0.00490
4.12,18.88,4.0429,98.4850,0.00000,0.00498
4.38,18.88,3.9794,103.4666,0.00000,0.00500
4.62,18.88,3.9981,106.5695,0.00000,0.00504
4.88,18.88,3.9614,107.7606,0.00000,0.00503
5.12,18.88,4.0443,109.2324,0.00000,0.00500
5.38,18.88,4.1278,107.7307,0.00000,0.00497
5.62,18.88,4.1198,103.5447,0.00000,0.00497
5.88,18.88,4.0987,102.3184,0.00000,0.00504
6.12,18.88,4.0132,106.0539,0.00000,0.00512
6.38,18.88,4.0068,108.4962,0.00002,0.00523
6.62,18.88,4.0515,104.3416,0.00048,0.00525
6.88,18.88,4.1064,101.1286,0.00614,0.00519
7.12,18.88,4.1722,105.3946,0.04941,0.00513
7.38,18.88,4.2462,108.9434,0.20200,0.00505
7.62,18.88,4.2754,105.7399,0.38899,0.00477
7.88,18.88,4.2220,103.3031,0.39235,0.00438
8.12,18.88,4.1368,103.9089,0.25864,0.00415
8.38,18.88,4.1302,109.0879,0.15903,0.00397
8.62,18.88,4.0931,116.7127,0.21255,0.00356
8.88,18.88,4.1188,117.5091,0.35902,0.00322
9.12,18.88,3.9274,105.5859,0.44350,0.00301
9.38,18.88,3.4478,82.9507,0.49047,0.00257
2.62,19.12,3.1990,107.2837,0.00000,0.00288
2.88,19.12,3.8133,119.4862,0.00000,0.00328
3.12,19.12,3.9849,112.4410,0.00000,0.00346
3.38,19.12,3.9739,102.1202,0.00000,0.00376
3.62,19.12,4.1142,95.7855,0.00001,0.00417
3.88,19.12,4.0592,92.2494,0.00002,0.00438
4.12,19.12,3.9870,94.6022,0.00001,0.00448
4.38,19.12,3.9440,101.6468,0.00000,0.00461
4.62,19.12,3.9499,108.7685,0.00000,0.00469
4.88,19.12,3.9511,110.5727,0.00000,0.00470
5.12,19.12,4.0124,107.9763,0.00000,0.00470
5.38,19.12,4.0977,106.0959,0.00000,0.00470
5.62,19.12,4.0969,104.9583,0.00000,0.00474
5.88,19.12,4.0849,103.4888,0.00000,0.00485
6.12,19.12,4.0709,103.4792,0.00000,0.00504
6.38,19.12,4.0726,104.6752,0.00000,0.00526
6.62,19.12,4.0928,104.0213,0.00006,0.00531
6.88,19.12,4.1255,102.4446,0.00163,0.00524
7.12,19.12,4.1586,103.3963,0.01886,0.00515
7.38,19.12,4.2108,104.5181,0.09212,0.00515
7.62,19.12,4.2224,104.6501,0.20920,0.00510
7.88,19.12,4.1912,105.5869,0.29139,0.00488
8.12,19.12,4.1230,104.8720,0.31258,0.00459
8.38,19.12,4.1264,106.2163,0.24358,0.00439
8.62,19.12,4.0983,113.9372,0.15685,0.00423
8.88,19.12,4.0585,122.9540,0.17303,0.00407
9.12,19.12,4.1346,123.6477,0.33305,0.00395
9.38,19.12,4.1652,109.1936,0.55542,0.00358
9.62,19.12,3.8543,83.6459,0.66555,0.00284
2.88,19.38,3.6312,117.7612,0.00000,0.00264
3.12,19.38,4.1066,108.7167,0.00001,0.00285
3.38,19.38,3.9372,104.5274,0.00010,0.00299
3.62,19.38,3.8987,102.0852,0.00042,0.00342
3.88,19.38,3.9585,96.1042,0.00070,0.00388
4.12,19.38,3.9303,94.1702,0.00042,0.00409
4.38,19.38,3.9304,100.2575,0.00009,0.00428
4.62,19.38,3.9908,109.4620,0.00001,0.00446
4.88,19.38,4.0260,113.4360,0.00000,0.00449
5.12,19.38,4.0396,108.1464,0.00000,0.00449
5.38,19.38,4.0635,103.2831,0.00000,0.00452
5.62,19.38,4.0399,103.4151,0.00000,0.00463
5.88,19.38,4.0733,104.3422,0.00000,0.00485
6.12,19.38,4.1195,103.0824,0.00000,0.00509
6.38,19.38,4.1791,101.8489,0.00000,0.00532
6.62,19.38,4.1867,102.3691,0.00001,0.00541
6.88,19.38,4.1395,103.7935,0.00029,0.00533
7.12,19.38,4.1156,104.8791,0.00365,0.00517
7.38,19.38,4.1501,104.3416,0.01922,0.00516
7.62,19.38,4.2070,105.3727,0.05395,0.00533
7.88,19.38,4.1848,108.1724,0.12348,0.00529
8.12,19.38,4.1355,108.1372,0.23665,0.00500
8.38,19.38,4.1878,106.5669,0.30175,0.00473
8.62,19.38,4.2096,111.2660,0.24129,0.00470
8.88,19.38,4.1620,122.0210,0.15401,0.00502
9.12,19.38,4.1895,130.3044,0.21461,0.00523
9.38,19.38,4.3625,127.7942,0.47625,0.00463
9.62,19.38,4.4451,110.6898,0.79903,0.00358
9.88,19.38,3.8917,101.4209,0.97656,0.00264
3.12,19.62,3.5867,84.9341,0.00015,0.00225
3.38,19.62,3.7508,90.7355,0.00133,0.00251
3.62,19.62,3.7906,99.9071,0.00532,0.00280
3.88,19.62,3.8845,102.6368,0.00852,0.00322
4.12,19.62,4.0113,101.7160,0.00517,0.00367
4.38,19.62,3.9967,103.7485,0.00119,0.00396
4.62,19.62,3.9148,108.7442,0.00012,0.00415
4.88,19.62,3.9403,112.0396,0.00001,0.00430
5.12,19.62,3.9770,108.7436,0.00000,0.00439
5.38,19.62,4.0542,104.1949,0.00000,0.00450
5.62,19.62,4.0060,104.0396,0.00000,0.00462
5.88,19.62,3.9976,106.4716,0.00000,0.00482
6.12,19.62,4.0753,105.4946,0.00000,0.00506
6.38,19.62,4.2099,102.2022,0.00000,0.00528
6.62,19.62,4.2756,102.0419,0.00000,0.00544
6.88,19.62,4.1399,103.9859,0.00002,0.00537
7.12,19.62,4.0677,105.2607,0.00029,0.00523
7.38,19.62,4.1589,104.4451,0.00171,0.00525
7.62,19.62,4.1990,104.2232,0.00734,0.00535
7.88,19.62,4.1411,105.6835,0.03274,0.00527
8.12,19.62,4.0959,106.7276,0.11086,0.00504
8.38,19.62,4.1891,107.2258,0.23434,0.00494
8.62,19.62,4.2804,111.4617,0.30172,0.00507
8.88,19.62,4.2587,120.8084,0.24395,0.00567
9.12,19.62,4.3067,129.1745,0.18145,0.00609
9.38,19.62,4.3610,132.4068,0.33369,0.00516
9.62,19.62,4.4683,129.0057,0.75020,0.00388
9.88,19.62,4.3126,134.8831,1.07269,0.00313
10.12,19.62,3.7713,157.1845,0.98162,0.00254
3.38,19.88,3.1290,67.1786,0.00801,0.00203
3.62,19.88,3.6614,85.8791,0.02675,0.00238
3.88,19.88,3.9436,103.4171,0.03955,0.00267
4.12,19.88,4.0027,113.2652,0.02411,0.00312
4.38,19.88,4.0563,114.5348,0.00674,0.00364
4.62,19.88,3.9026,111.7577,0.00141,0.00388
4.88,19.88,3.8720,110.8577,0.00025,0.00410
5.12,19.88,3.9142,109.0667,0.00002,0.00438
5.38,19.88,3.9506,107.3335,0.00000,0.00452
5.62,19.88,3.9606,108.8959,0.00000,0.00464
5.88,19.88,3.9667,111.2459,0.00000,0.00478
6.12,19.88,4.0273,108.9446,0.00000,0.00494
6.38,19.88,4.1931,104.4013,0.00000,0.00519
6.62,19.88,4.2524,103.6689,0.00000,0.00535
6.88,19.88,4.1342,104.2026,0.00000,0.00533
7.12,19.88,4.0799,103.7523,0.00001,0.00529
7.38,19.88,4.1468,101.9096,0.00007,0.00533
7.62,19.88,4.1430,101.1540,0.00063,0.00532
7.88,19.88,4.1028,102.1970,0.00554,0.00516
8.12,19.88,4.1519,104.9117,0.03171,0.00505
8.38,19.88,4.1905,108.1274,0.11070,0.00512
8.62,19.88,4.2146,110.5809,0.23415,0.00535
8.88,19.88,4.2256,114.8719,0.29977,0.00567
9.12,19.88,4.2596,119.8533,0.24422,0.00570
9.38,19.88,4.2787,123.9011,0.23772,0.00502
9.62,19.88,4.3019,128.9971,0.50572,0.00417
9.88,19.88,4.3709,140.9328,0.84764,0.00358
10.12,19.88,4.3560,154.7663,0.95804,0.00305
10.38,19.88,4.0027,156.8888,0.98474,0.00245
3.62,20.12,3.2970,67.7533,0.05951,0.00194
3.88,20.12,3.9195,95.0686,0.07570,0.00232
4.12,20.12,3.9723,119.2088,0.05157,0.00278
4.38,20.12,3.9361,128.4451,0.02859,0.00338
4.62,20.12,3.8743,122.0400,0.01364,0.00374
4.88,20.12,3.8848,114.8003,0.00343,0.00397
5.12,20.12,3.9096,110.3609,0.00041,0.00425
5.38,20.12,3.9061,108.6389,0.00003,0.00441
5.62,20.12,3.8752,110.2833,0.00000,0.00448
5.88,20.12,3.9513,112.0132,0.00000,0.00463
6.12,20.12,4.0379,109.7737,0.00000,0.00480
6.38,20.12,4.1458,105.6612,0.00000,0.00503
6.62,20.12,4.2006,104.9541,0.00000,0.00522
6.88,20.12,4.1417,104.9140,0.00000,0.00523
7.12,20.12,4.1628,104.0564,0.00000,0.00527
7.38,20.12,4.1638,101.6183,0.00000,0.00529
7.62,20.12,4.0447,99.8168,0.00004,0.00520
7.88,20.12,4.0447,100.3412,0.00058,0.00513
8.12,20.12,4.1580,103.3081,0.00551,0.00514
8.38,20.12,4.2205,107.0036,0.03168,0.00533
8.62,20.12,4.1654,108.1173,0.10958,0.00552
8.88,20.12,4.1608,109.0465,0.22099,0.00560
9.12,20.12,4.1610,110.6989,0.24880,0.00535
9.38,20.12,4.1604,112.8399,0.21517,0.00497
9.62,20.12,4.2651,117.3243,0.37390,0.00467
9.88,20.12,4.3779,125.3506,0.65428,0.00414
10.12,20.12,4.4511,132.8258,0.87161,0.00341
10.38,20.12,4.4708,126.9866,1.10468,0.00288
10.62,20.12,4.0132,96.5162,1.13823,0.00248
3.88,20.38,3.4985,78.6973,0.07759,0.00201
4.12,20.38,3.9215,109.7995,0.08977,0.00267
4.38,20.38,3.9499,131.1919,0.10444,0.00320
4.62,20.38,3.8510,133.2793,0.06936,0.00345
4.88,20.38,3.9244,123.8491,0.02242,0.00381
5.12,20.38,3.9463,114.1322,0.00386,0.00409
5.38,20.38,3.9251,110.1884,0.00039,0.00420
5.62,20.38,3.8688,109.7331,0.00002,0.00430
5.88,20.38,3.9722,109.7963,0.00000,0.00448
6.12,20.38,4.1527,108.4019,0.00000,0.00470
6.38,20.38,4.1892,105.6835,0.00000,0.00489
6.62,20.38,4.1302,104.5957,0.00000,0.00503
6.88,20.38,4.1095,104.2408,0.00000,0.00513
7.12,20.38,4.1613,104.0439,0.00000,0.00517
7.38,20.38,4.2469,103.1798,0.00000,0.00522
7.62,20.38,4.1254,101.3648,0.00000,0.00518
7.88,20.38,4.0708,100.8777,0.00004,0.00519
8.12,20.38,4.1247,101.8216,0.00058,0.00527
8.38,20.38,4.1092,103.3293,0.00545,0.00543
8.62,20.38,4.0422,105.1910,0.02982,0.00562
8.88,20.38,4.0840,106.9857,0.08752,0.00570
9.12,20.38,4.1051,107.9632,0.13075,0.00552
9.38,20.38,4.1164,109.2090,0.15310,0.00527
9.62,20.38,4.2571,110.9904,0.29067,0.00510
9.88,20.38,4.4434,113.0104,0.47487,0.00473
10.12,20.38,4.3400,116.0945,0.61057,0.00394
10.38,20.38,4.2949,113.7433,0.84995,0.00331
10.62,20.38,4.3072,98.6988,1.08225,0.00306
10.88,20.38,3.9290,77.0502,1.15008,0.00275
4.12,20.62,3.4624,86.8310,0.15714,0.00223
4.38,20.62,3.9023,115.7929,0.21779,0.00267
4.62,20.62,3.9091,133.7270,0.17164,0.00284
4.88,20.62,3.8299,131.6210,0.07808,0.00328
5.12,20.62,3.9327,119.3851,0.02156,0.00384
5.38,20.62,3.9828,113.4470,0.00370,0.00403
5.62,20.62,3.9150,111.5932,0.00040,0.00411
5.88,20.62,4.0072,109.4133,0.00003,0.00435
6.12,20.62,4.1561,107.0347,0.00000,0.00457
6.38,20.62,4.2452,105.5581,0.00000,0.00479
6.62,20.62,4.1441,103.9315,0.00000,0.00489
6.88,20.62,4.0686,102.8268,0.00000,0.00497
7.12,20.62,4.0771,103.5298,0.00000,0.00504
7.38,20.62,4.1718,104.6970,0.00000,0.00514
7.62,20.62,4.1692,104.8251,0.00000,0.00516
7.88,20.62,4.1138,104.4947,0.00000,0.00518
8.12,20.62,4.1162,104.0428,0.00004,0.00533
8.38,20.62,4.0527,103.4834,0.00055,0.00556
8.62,20.62,4.0186,104.9916,0.00433,0.00585
8.88,20.62,4.1670,107.3761,0.01640,0.00603
9.12,20.62,4.1208,109.1467,0.03157,0.00585
9.38,20.62,3.9743,111.1365,0.05893,0.00563
9.62,20.62,4.0324,111.4646,0.14028,0.00542
9.88,20.62,4.2368,109.6282,0.25235,0.00506
10.12,20.62,4.2137,110.3561,0.32817,0.00451
10.38,20.62,4.0218,114.9618,0.44912,0.00390
10.62,20.62,4.1871,117.9082,0.78622,0.00361
10.88,20.62,4.4504,109.0065,1.25867,0.00343
11.12,20.62,4.2605,102.7697,1.57311,0.00293
4.38,20.88,3.4303,89.1324,0.25824,0.00190
4.62,20.88,3.8210,116.0129,0.24516,0.00218
4.88,20.88,3.7917,127.7758,0.16505,0.00260
5.12,20.88,3.8588,123.0448,0.07477,0.00322
5.38,20.88,4.0449,117.1009,0.02168,0.00367
5.62,20.88,4.0152,113.9244,0.00400,0.00384
5.88,20.88,3.9689,110.3251,0.00048,0.00403
6.12,20.88,4.0058,106.4019,0.00004,0.00429
6.38,20.88,4.0670,105.4698,0.00000,0.00458
6.62,20.88,4.1002,105.2122,0.00000,0.00475
6.88,20.88,4.0907,104.6017,0.00000,0.00484
7.12,20.88,4.0695,106.1570,0.00000,0.00494
7.38,20.88,4.0853,108.8914,0.00000,0.00507
7.62,20.88,4.1055,111.0484,0.00000,0.00511
7.88,20.88,4.1570,110.5553,0.00000,0.00512
8.12,20.88,4.1587,109.0494,0.00000,0.00532
8.38,20.88,4.0522,108.4694,0.00003,0.00568
8.62,20.88,4.0523,109.3894,0.00029,0.00604
8.88,20.88,4.1733,109.6477,0.00132,0.00620
9.12,20.88,4.1310,110.8559,0.00355,0.00610
9.38,20.88,3.9173,113.8810,0.01112,0.00589
9.62,20.88,3.9207,114.2701,0.03566,0.00572
9.88,20.88,4.0693,112.5282,0.08539,0.00537
10.12,20.88,4.0894,113.8851,0.12436,0.00496
10.38,20.88,3.9836,122.1751,0.15950,0.00465
10.62,20.88,4.0943,134.8770,0.41323,0.00445
10.88,20.88,4.5264,135.7364,1.04662,0.00418
11.12,20.88,4.7461,135.6934,1.63212,0.00399
11.38,20.88,4.1142,141.8997,1.54066,0.00397
4.62,21.12,3.3977,89.6013,0.24832,0.00170
4.88,21.12,3.8571,113.7068,0.23476,0.00215
5.12,21.12,3.9857,126.7859,0.16602,0.00257
5.38,21.12,4.0073,128.3183,0.08081,0.00300
5.62,21.12,4.0743,122.0331,0.02633,0.00338
5.88,21.12,4.0171,113.9823,0.00580,0.00362
6.12,21.12,3.9740,108.7026,0.00084,0.00393
6.38,21.12,3.9630,108.0435,0.00008,0.00431
6.62,21.12,4.0495,109.0210,0.00001,0.00459
6.88,21.12,4.1767,110.1090,0.00001,0.00477
7.12,21.12,4.1592,112.4085,0.00003,0.00488
7.38,21.12,4.0644,116.0416,0.00005,0.00499
7.62,21.12,4.0483,119.0936,0.00003,0.00508
7.88,21.12,4.1162,115.7341,0.00001,0.00514
8.12,21.12,4.2096,111.8369,0.00000,0.00536
8.38,21.12,4.1295,111.6936,0.00000,0.00573
8.62,21.12,4.0948,112.7263,0.00001,0.00602
8.88,21.12,4.0677,111.0094,0.00006,0.00611
9.12,21.12,4.0432,111.4166,0.00033,0.00618
9.38,21.12,3.9636,115.9218,0.00157,0.00614
9.62,21.12,3.9447,116.6950,0.00560,0.00595
9.88,21.12,4.0376,115.9691,0.01569,0.00570
10.12,21.12,4.0669,118.6433,0.02508,0.00543
10.38,21.12,4.0240,125.1000,0.03466,0.00530
10.62,21.12,4.1646,135.0418,0.14061,0.00538
10.88,21.12,4.4125,139.0538,0.52060,0.00540
11.12,21.12,4.5710,142.2227,1.02565,0.00615
11.38,21.12,4.3817,140.8036,1.15238,0.00722
11.62,21.12,3.6371,128.4268,0.92998,0.00587
4.88,21.38,3.5842,91.2422,0.24979,0.00174
5.12,21.38,4.0348,118.9975,0.25373,0.00208
5.38,21.38,4.0106,136.6351,0.20156,0.00234
5.62,21.38,4.0237,134.3924,0.11719,0.00273
5.88,21.38,4.0906,122.0481,0.04580,0.00319
6.12,21.38,4.0457,114.8579,0.01103,0.00361
6.38,21.38,3.9661,114.0894,0.00169,0.00400
6.62,21.38,4.0283,114.9093,0.00025,0.00440
6.88,21.38,4.1341,116.9913,0.00026,0.00466
7.12,21.38,4.2214,119.5546,0.00103,0.00485
7.38,21.38,4.1194,121.4770,0.00169,0.00496
7.62,21.38,3.9709,122.2669,0.00103,0.00502
7.88,21.38,3.9308,116.5409,0.00023,0.00517
8.12,21.38,4.0459,110.7669,0.00002,0.00547
8.38,21.38,4.0722,110.2751,0.00000,0.00574
8.62,21.38,4.0799,111.8329,0.00000,0.00596
8.88,21.38,4.0359,111.7798,0.00014,0.00612
9.12,21.38,4.0446,113.2460,0.00176,0.00631
9.38,21.38,4.0748,117.8682,0.00791,0.00643
9.62,21.38,4.1102,117.4423,0.01354,0.00631
9.88,21.38,4.1040,115.4365,0.01238,0.00605
10.12,21.38,4.0430,117.7325,0.01877,0.00589
10.38,21.38,4.0475,122.3308,0.02862,0.00586
10.62,21.38,4.1335,127.2172,0.04121,0.00601
10.88,21.38,4.2514,132.0757,0.13893,0.00656
11.12,21.38,4.3286,140.8166,0.37612,0.00815
11.38,21.38,4.4529,147.5435,0.64106,0.00950
11.62,21.38,4.2870,147.2820,0.88297,0.00711
11.88,21.38,4.0215,146.1379,1.12460,0.00406
5.12,21.62,3.4495,96.8138,0.30326,0.00162
5.38,21.62,3.8470,127.6219,0.36798,0.00191
5.62,21.62,4.0711,141.6429,0.35052,0.00219
5.88,21.62,4.1558,135.6480,0.22073,0.00272
6.12,21.62,4.1968,127.1256,0.08305,0.00336
6.38,21.62,4.0605,123.9350,0.01917,0.00375
6.62,21.62,3.9592,123.9961,0.00361,0.00413
6.88,21.62,3.9729,125.5850,0.00330,0.00452
7.12,21.62,4.0764,126.0316,0.01261,0.00482
7.38,21.62,4.1109,123.9620,0.02066,0.00501
7.62,21.62,3.9444,119.7543,0.01251,0.00509
7.88,21.62,3.8575,114.8861,0.00279,0.00529
8.12,21.62,3.9659,112.0653,0.00023,0.00565
8.38,21.62,4.0388,112.3191,0.00001,0.00590
8.62,21.62,4.1197,112.8093,0.00002,0.00610
8.88,21.62,4.0837,112.5028,0.00078,0.00634
9.12,21.62,4.0634,113.3613,0.00955,0.00656
9.38,21.62,4.1388,116.3528,0.04299,0.00670
9.62,21.62,4.1923,115.3361,0.07289,0.00666
9.88,21.62,4.1694,112.8644,0.06179,0.00644
10.12,21.62,4.0796,113.8889,0.08821,0.00636
10.38,21.62,4.1529,119.1665,0.12909,0.00653
10.62,21.62,4.1005,125.1351,0.08028,0.00672
10.88,21.62,3.9583,131.9803,0.03916,0.00709
11.12,21.62,4.0270,143.9985,0.10752,0.00778
11.38,21.62,4.2840,155.3338,0.35362,0.00803
11.62,21.62,4.5062,154.9925,0.85364,0.00618
11.88,21.62,4.7809,142.3291,1.34044,0.00489
12.12,21.62,4.3786,124.6563,1.32310,0.00523
5.38,21.88,3.3085,119.7996,0.52735,0.00153
5.62,21.88,4.0242,150.3464,0.69218,0.00184
5.88,21.88,4.2759,152.0168,0.62609,0.00226
6.12,21.88,4.2046,142.1836,0.34452,0.00290
6.38,21.88,4.0938,134.4917,0.11320,0.00343
6.62,21.88,3.9637,133.1481,0.02636,0.00380
6.88,21.88,3.9592,135.5690,0.01802,0.00427
7.12,21.88,4.0374,134.7088,0.05878,0.00477
7.38,21.88,4.1097,129.1502,0.09379,0.00506
7.62,21.88,4.0551,120.4435,0.05635,0.00524
7.88,21.88,3.9958,115.6882,0.01253,0.00548
8.12,21.88,3.9429,116.2716,0.00103,0.00572
8.38,21.88,3.9113,116.8783,0.00003,0.00592
8.62,21.88,3.9657,113.2488,0.00006,0.00619
8.88,21.88,4.0294,110.2770,0.00191,0.00655
9.12,21.88,4.0695,112.6013,0.02345,0.00684
9.38,21.88,4.2027,116.2911,0.10700,0.00708
9.62,21.88,4.1968,114.9802,0.18775,0.00712
9.88,21.88,4.0855,111.4826,0.16607,0.00695
10.12,21.88,4.1246,109.6415,0.21710,0.00699
10.38,21.88,4.2521,115.1550,0.30159,0.00724
10.62,21.88,4.1409,126.1011,0.18021,0.00756
10.88,21.88,3.8907,135.2901,0.04524,0.00771
11.12,21.88,3.8398,145.3573,0.05008,0.00728
11.38,21.88,4.0530,153.0920,0.22778,0.00665
11.62,21.88,4.2547,150.8498,0.62186,0.00583
11.88,21.88,4.5638,141.0295,1.03538,0.00595
12.12,21.88,4.4769,135.1456,1.11876,0.00653
12.38,21.88,3.4848,135.7307,0.82466,0.00518
5.62,22.12,3.7877,157.9574,0.93999,0.00145
5.88,22.12,4.4489,148.9661,1.06329,0.00179
6.12,22.12,4.3358,141.1152,0.78891,0.00221
6.38,22.12,4.0855,137.0337,0.36671,0.00279
6.62,22.12,4.0203,136.8059,0.12199,0.00333
6.88,22.12,4.0336,140.0298,0.06801,0.00381
7.12,22.12,4.0903,139.2709,0.12665,0.00437
7.38,22.12,4.1236,132.4806,0.17053,0.00487
7.62,22.12,4.0377,122.9685,0.09649,0.00518
7.88,22.12,4.0668,119.1438,0.02098,0.00549
8.12,22.12,4.0328,122.0676,0.00171,0.00582
8.38,22.12,3.9530,122.6963,0.00005,0.00608
8.62,22.12,3.9224,115.1546,0.00007,0.00639
8.88,22.12,3.9979,109.5765,0.00220,0.00681
9.12,22.12,4.0555,114.1558,0.02750,0.00712
9.38,22.12,4.1989,120.6476,0.13160,0.00747
9.62,22.12,4.2529,119.8845,0.25945,0.00776
9.88,22.12,4.1428,114.9158,0.27678,0.00772
10.12,22.12,4.2271,110.1380,0.33397,0.00778
10.38,22.12,4.3634,113.5376,0.40445,0.00791
10.62,22.12,4.2128,124.9525,0.23221,0.00804
10.88,22.12,3.9948,134.9455,0.05415,0.00806
11.12,22.12,3.9276,144.5814,0.03773,0.00753
11.38,22.12,4.0115,149.3466,0.16549,0.00692
11.62,22.12,4.1220,146.2374,0.41261,0.00676
11.88,22.12,4.2315,139.3756,0.69246,0.00684
12.12,22.12,4.2551,133.2902,0.85507,0.00614
12.38,22.12,3.8012,124.7458,0.72080,0.00441
12.62,22.12,3.1283,99.6492,0.50649,0.00283
5.88,22.38,4.1495,114.8767,1.16925,0.00136
6.12,22.38,4.4904,119.8910,1.07322,0.00172
6.38,22.38,4.3548,131.2221,0.70454,0.00216
6.62,22.38,4.1929,137.9411,0.38360,0.00270
6.88,22.38,4.2304,140.6017,0.24744,0.00324
7.12,22.38,4.2344,138.0624,0.23908,0.00373
7.38,22.38,4.1030,130.1329,0.18852,0.00436
7.62,22.38,3.9322,122.7863,0.07861,0.00497
7.88,22.38,3.9560,122.4094,0.01491,0.00550
8.12,22.38,4.0741,126.7029,0.00118,0.00608
8.38,22.38,4.0851,127.9603,0.00004,0.00643
8.62,22.38,4.0062,120.4106,0.00003,0.00666
8.88,22.38,4.0079,113.5965,0.00115,0.00702
9.12,22.38,4.0331,116.4929,0.01516,0.00732
9.38,22.38,4.1467,123.2379,0.08219,0.00776
9.62,22.38,4.2238,123.3506,0.20976,0.00821
9.88,22.38,4.1990,118.0545,0.31665,0.00836
10.12,22.38,4.2688,113.6549,0.38919,0.00848
10.38,22.38,4.3144,115.1549,0.38012,0.00858
10.62,22.38,4.1969,122.7367,0.19536,0.00856
10.88,22.38,4.0355,132.4952,0.04659,0.00837
11.12,22.38,4.0140,141.6138,0.04599,0.00789
11.38,22.38,4.0807,142.3193,0.17118,0.00750
11.62,22.38,4.2227,137.2872,0.38619,0.00779
11.88,22.38,4.3465,131.1775,0.63814,0.00790
12.12,22.38,4.3892,124.7747,0.81486,0.00630
12.38,22.38,4.2227,121.8684,0.72875,0.00438
12.62,22.38,3.9099,113.4284,0.59869,0.00329
12.88,22.38,3.4041,93.6425,0.57141,0.00258
6.12,22.62,3.9698,93.3080,0.97841,0.00136
6.38,22.62,4.3073,119.6484,0.89289,0.00168
6.62,22.62,4.2940,139.0985,0.75281,0.00203
6.88,22.62,4.3091,144.5013,0.60415,0.00256
7.12,22.62,4.3533,138.1984,0.48095,0.00319
7.38,22.62,4.1503,128.8611,0.26259,0.00390
7.62,22.62,3.9786,124.3470,0.07638,0.00469
7.88,22.62,3.9755,126.8060,0.01303,0.00574
8.12,22.62,4.0646,131.1298,0.00150,0.00679
8.38,22.62,4.1235,133.3412,0.00013,0.00697
8.62,22.62,4.0686,127.0536,0.00002,0.00684
8.88,22.62,4.0122,119.5558,0.00026,0.00708
9.12,22.62,3.9948,118.9796,0.00389,0.00750
9.38,22.62,4.0228,121.4914,0.02724,0.00802
9.62,22.62,4.0927,122.1953,0.10257,0.00854
9.88,22.62,4.1451,120.8780,0.22779,0.00886
10.12,22.62,4.2281,119.0483,0.30774,0.00914
10.38,22.62,4.1797,117.8659,0.24393,0.00936
10.62,22.62,4.0870,120.6274,0.10276,0.00947
10.88,22.62,4.0366,129.7840,0.03463,0.00917
11.12,22.62,4.0028,137.5467,0.08275,0.00829
11.38,22.62,4.0770,136.3128,0.19960,0.00778
11.62,22.62,4.2488,132.6212,0.30773,0.00812
11.88,22.62,4.3746,129.7811,0.46806,0.00828
12.12,22.62,4.5220,128.0430,0.67691,0.00725
12.38,22.62,4.3788,133.2116,0.70321,0.00568
12.62,22.62,4.1481,138.3411,0.64528,0.00430
12.88,22.62,3.9602,124.8992,0.68187,0.00335
13.12,22.62,3.3540,93.3777,0.68644,0.00258
6.38,22.88,3.6286,108.9700,0.84115,0.00123
6.62,22.88,4.0458,143.2205,0.92501,0.00151
6.88,22.88,4.2395,155.1054,0.90929,0.00196
7.12,22.88,4.3701,143.8543,0.77099,0.00275
7.38,22.88,4.2749,131.2412,0.42793,0.00364
7.62,22.88,4.0929,128.7065,0.14885,0.00435
7.88,22.88,4.0235,132.7861,0.04202,0.00571
8.12,22.88,4.0529,136.2000,0.00973,0.00723
8.38,22.88,4.0479,138.7153,0.00200,0.00730
8.62,22.88,4.0476,133.8408,0.00034,0.00691
8.88,22.88,4.0341,127.4486,0.00007,0.00709
9.12,22.88,4.0230,125.8614,0.00073,0.00769
9.38,22.88,4.0054,124.3805,0.00773,0.00838
9.62,22.88,4.0715,124.3647,0.04080,0.00901
9.88,22.88,4.1166,126.0016,0.10793,0.00946
10.12,22.88,4.1100,124.1791,0.14324,0.00983
10.38,22.88,4.0519,118.3352,0.09301,0.01024
10.62,22.88,3.9971,116.3034,0.03143,0.01056
10.88,22.88,4.0097,123.3441,0.02893,0.01033
11.12,22.88,4.0286,131.3761,0.12080,0.00927
11.38,22.88,4.0930,133.8080,0.25173,0.00831
11.62,22.88,4.1750,131.9398,0.26736,0.00838
11.88,22.88,4.1909,130.7462,0.25717,0.00854
12.12,22.88,4.3558,134.2407,0.39914,0.00817
12.38,22.88,4.3828,141.7423,0.56247,0.00732
12.62,22.88,4.1856,147.8599,0.63381,0.00569
12.88,22.88,4.1507,139.2895,0.74985,0.00417
13.12,22.88,4.0176,112.6406,0.96781,0.00325
13.38,22.88,3.6044,80.7716,1.22796,0.00261
6.62,23.12,3.2833,158.2444,0.83275,0.00115
6.88,23.12,3.9824,167.1120,1.09745,0.00161
7.12,23.12,4.5007,151.7184,1.19009,0.00239
7.38,23.12,4.4880,136.2389,0.80647,0.00328
7.62,23.12,4.2849,133.7868,0.38274,0.00384
7.88,23.12,4.0822,138.4913,0.16376,0.00484
8.12,23.12,4.0057,140.4690,0.06481,0.00619
8.38,23.12,3.9366,142.1143,0.02277,0.00664
8.62,23.12,3.9550,140.4104,0.00531,0.00679
8.88,23.12,4.0295,137.1106,0.00081,0.00717
9.12,23.12,4.0247,134.3396,0.00162,0.00773
9.38,23.12,3.9868,131.7719,0.01388,0.00847
9.62,23.12,4.0769,131.8979,0.06083,0.00925
9.88,23.12,4.1386,131.1215,0.10855,0.00991
10.12,23.12,4.0777,127.2746,0.08131,0.01045
10.38,23.12,4.0166,120.3692,0.02868,0.01110
10.62,23.12,3.9815,115.4916,0.00657,0.01162
10.88,23.12,4.0187,120.1467,0.01645,0.01155
11.12,23.12,4.0418,128.0535,0.08581,0.01073
11.38,23.12,4.0655,131.7221,0.20786,0.00958
11.62,23.12,4.1032,129.6646,0.24087,0.00922
11.88,23.12,4.0788,128.1387,0.15949,0.00932
12.12,23.12,4.1376,134.2830,0.18112,0.00899
12.38,23.12,4.2293,142.3333,0.37060,0.00834
12.62,23.12,4.2216,143.6635,0.60936,0.00714
12.88,23.12,4.2900,136.7695,0.84932,0.00551
13.12,23.12,4.4411,122.2066,1.20369,0.00421
13.38,23.12,4.4180,100.8897,1.58635,0.00340
13.62,23.12,4.0560,77.1218,1.56595,0.00275
6.88,23.38,3.5786,161.8581,1.28864,0.00132
7.12,23.38,4.5660,143.8401,1.59619,0.00202
7.38,23.38,4.7272,135.0563,1.27562,0.00273
7.62,23.38,4.4258,135.9793,0.79849,0.00317
7.88,23.38,4.1924,139.6925,0.47428,0.00393
8.12,23.38,4.0852,141.7400,0.27352,0.00498
8.38,23.38,3.9295,144.4029,0.13094,0.00582
8.62,23.38,3.8741,145.7267,0.03974,0.00655
8.88,23.38,3.9407,143.9753,0.00788,0.00711
9.12,23.38,3.9658,138.4631,0.00873,0.00765
9.38,23.38,3.9806,136.6480,0.03392,0.00841
9.62,23.38,4.0777,138.8871,0.11204,0.00931
9.88,23.38,4.1165,135.8043,0.17655,0.01013
10.12,23.38,4.0207,130.0863,0.10774,0.01090
10.38,23.38,4.0051,126.0942,0.02526,0.01178
10.62,23.38,4.0214,122.7087,0.00369,0.01252
10.88,23.38,4.0763,125.6535,0.00604,0.01271
11.12,23.38,4.0286,129.7933,0.02890,0.01224
11.38,23.38,3.9453,128.5993,0.08574,0.01144
11.62,23.38,3.9986,126.5823,0.11774,0.01087
11.88,23.38,4.0045,126.7418,0.07335,0.01049
12.12,23.38,4.0219,132.8725,0.06183,0.01005
12.38,23.38,4.0590,140.2525,0.18450,0.00941
12.62,23.38,4.0975,137.9320,0.47218,0.00851
12.88,23.38,4.3651,129.4528,0.85167,0.00729
13.12,23.38,4.4862,122.5477,1.17745,0.00570
13.38,23.38,4.4852,115.8091,1.39856,0.00435
13.62,23.38,4.5153,101.8908,1.41793,0.00435
13.88,23.38,3.8781,80.1729,1.17239,0.00869
7.12,23.62,4.2100,111.3562,1.44542,0.00153
7.38,23.62,4.7247,118.4863,1.35415,0.00200
7.62,23.62,4.4613,131.0405,1.14433,0.00248
7.88,23.62,4.1280,136.7197,0.87099,0.00357
8.12,23.62,4.0633,137.0102,0.62933,0.00475
8.38,23.62,3.9571,139.8209,0.38046,0.00536
8.62,23.62,3.7931,143.2779,0.14535,0.00598
8.88,23.62,3.7891,143.0605,0.03698,0.00666
9.12,23.62,3.8754,139.4172,0.03516,0.00743
9.38,23.62,4.0193,140.3454,0.07667,0.00833
9.62,23.62,4.1047,142.2572,0.16007,0.00928
9.88,23.62,4.0402,139.0052,0.22394,0.01019
10.12,23.62,3.9092,133.0048,0.13517,0.01113
10.38,23.62,3.9326,130.7461,0.03675,0.01218
10.62,23.62,4.0328,130.5338,0.01755,0.01318
10.88,23.62,4.1186,132.5884,0.02150,0.01387
11.12,23.62,4.0678,133.9405,0.01661,0.01389
11.38,23.62,3.9442,130.4479,0.01858,0.01360
11.62,23.62,4.0074,128.8866,0.02468,0.01328
11.88,23.62,4.0516,129.3777,0.01856,0.01258
12.12,23.62,4.0541,132.5581,0.02862,0.01172
12.38,23.62,4.0623,136.6624,0.09805,0.01099
12.62,23.62,3.9572,132.0947,0.34150,0.01009
12.88,23.62,4.2991,120.9884,0.86248,0.00895
13.12,23.62,4.5688,115.2551,1.27295,0.00734
13.38,23.62,4.4373,120.1774,1.20290,0.00585
13.62,23.62,4.4426,121.4110,1.09787,0.00843
13.88,23.62,4.2379,108.3042,1.20644,0.02429
14.12,23.62,3.6246,98.9575,1.34049,0.04902
7.38,23.88,4.0158,92.1359,1.13850,0.00135
7.62,23.88,4.2009,116.3711,1.21395,0.00233
7.88,23.88,4.1370,130.1660,1.10313,0.00494
8.12,23.88,4.1402,129.7951,0.93481,0.00718
8.38,23.88,4.1214,131.1956,0.63728,0.00632
8.62,23.88,3.8304,137.3697,0.28519,0.00547
8.88,23.88,3.6186,140.4268,0.10717,0.00598
9.12,23.88,3.7189,142.2663,0.08517,0.00696
9.38,23.88,3.9416,145.4506,0.13370,0.00795
9.62,23.88,4.0658,142.9102,0.24514,0.00886
9.88,23.88,4.0511,138.9538,0.33285,0.00996
10.12,23.88,3.9303,136.1526,0.21585,0.01120
10.38,23.88,3.9159,133.8831,0.09192,0.01252
10.62,23.88,4.0435,132.9545,0.08186,0.01388
10.88,23.88,4.1304,134.1054,0.09685,0.01502
11.12,23.88,4.0570,135.3823,0.05603,0.01541
11.38,23.88,3.9278,134.2327,0.01356,0.01550
11.62,23.88,3.9480,132.8837,0.00405,0.01568
11.88,23.88,4.0336,130.1111,0.01512,0.01543
12.12,23.88,4.1298,131.5522,0.06679,0.01444
12.38,23.88,4.1545,134.9931,0.14841,0.01332
12.62,23.88,3.9861,129.2211,0.31153,0.01243
12.88,23.88,4.2126,116.4853,0.79313,0.01089
13.12,23.88,4.5191,107.1852,1.28594,0.00876
13.38,23.88,4.4802,113.3588,1.16715,0.00733
13.62,23.88,4.3683,125.2315,0.96457,0.01198
13.88,23.88,4.4085,126.0508,1.28465,0.03497
14.12,23.88,4.2458,127.4931,1.62780,0.06016
14.38,23.88,3.7024,131.5937,1.51128,0.04864
7.62,24.12,3.6128,92.1749,1.06061,0.00286
7.88,24.12,4.2181,114.3754,1.21911,0.00708
8.12,24.12,4.4349,123.9318,1.23716,0.00995
8.38,24.12,4.2139,128.8126,0.88353,0.00733
8.62,24.12,3.9146,136.0455,0.46056,0.00500
8.88,24.12,3.7439,140.7142,0.27804,0.00534
9.12,24.12,3.7886,145.2784,0.19614,0.00632
9.38,24.12,3.9475,147.6645,0.19548,0.00742
9.62,24.12,4.0503,141.7508,0.33259,0.00836
9.88,24.12,4.1234,138.0240,0.44906,0.00954
10.12,24.12,4.0253,136.9634,0.33948,0.01110
10.38,24.12,3.9874,132.4201,0.22268,0.01292
10.62,24.12,4.1172,129.8366,0.19552,0.01470
10.88,24.12,4.1634,131.4017,0.18068,0.01585
11.12,24.12,4.0343,133.4575,0.09533,0.01637
11.38,24.12,3.9410,135.2530,0.02069,0.01725
11.62,24.12,3.9769,134.2591,0.00367,0.01835
11.88,24.12,4.0226,128.0991,0.02396,0.01888
12.12,24.12,4.1176,128.2582,0.11845,0.01831
12.38,24.12,4.1565,131.1951,0.27147,0.01702
12.62,24.12,4.0604,124.7394,0.44556,0.01577
12.88,24.12,4.1944,113.8759,0.76404,0.01364
13.12,24.12,4.2622,103.9051,1.05118,0.01078
13.38,24.12,4.2558,104.2217,0.97149,0.00859
13.62,24.12,4.2697,114.9577,0.85125,0.01026
13.88,24.12,4.3075,125.8600,1.07834,0.02265
14.12,24.12,4.2994,133.7099,1.37120,0.03403
14.38,24.12,4.3361,126.9585,1.50598,0.02343
14.62,24.12,4.2404,96.4865,1.49363,0.00865
7.88,24.38,3.9524,89.6147,1.28484,0.00606
8.12,24.38,4.5856,109.6335,1.54392,0.00734
8.38,24.38,4.3587,123.6005,1.27913,0.00501
8.62,24.38,3.9351,133.0411,0.79171,0.00354
8.88,24.38,3.9461,137.5414,0.54626,0.00430
9.12,24.38,4.0938,142.2138,0.42247,0.00544
9.38,24.38,4.1736,143.2793,0.39312,0.00665
9.62,24.38,4.2015,137.0292,0.51129,0.00784
9.88,24.38,4.2144,132.1510,0.57116,0.00917
10.12,24.38,4.1127,128.4106,0.46731,0.01102
10.38,24.38,4.1091,124.5772,0.37052,0.01383
10.62,24.38,4.1546,124.8342,0.28760,0.01638
10.88,24.38,4.1111,128.5915,0.17959,0.01702
11.12,24.38,3.9648,131.1092,0.07147,0.01721
11.38,24.38,3.8415,132.6722,0.01473,0.01876
11.62,24.38,3.8820,132.6499,0.00438,0.02119
11.88,24.38,3.9179,129.2408,0.02024,0.02310
12.12,24.38,3.9718,129.2747,0.10659,0.02353
12.38,24.38,4.0767,128.0841,0.30616,0.02264
12.62,24.38,4.1247,119.2844,0.60273,0.02103
12.88,24.38,4.2916,111.1592,0.90129,0.01869
13.12,24.38,4.2667,104.7929,0.99152,0.01571
13.38,24.38,4.1783,101.8304,0.88120,0.01205
13.62,24.38,4.1135,106.7554,0.76522,0.00935
13.88,24.38,4.0527,121.3612,0.75415,0.00992
14.12,24.38,4.1136,132.9206,0.95162,0.01058
14.38,24.38,4.5752,126.1600,1.35755,0.00714
14.62,24.38,5.0592,101.0373,1.62724,0.00420
14.88,24.38,4.8662,70.4200,1.43432,0.00341
8.12,24.62,4.1949,87.0455,1.54623,0.00314
8.38,24.62,4.5113,112.4440,1.54905,0.00225
8.62,24.62,4.2658,132.4691,1.19576,0.00211
8.88,24.62,4.1466,138.7733,0.86047,0.00306
9.12,24.62,4.2869,139.1075,0.72495,0.00434
9.38,24.62,4.3265,138.4909,0.71278,0.00562
9.62,24.62,4.2853,133.9475,0.75845,0.00693
9.88,24.62,4.2517,127.7673,0.71522,0.00856
10.12,24.62,4.1558,122.4233,0.54909,0.01135
10.38,24.62,4.1392,119.1189,0.40467,0.01693
10.62,24.62,4.1060,118.5141,0.29576,0.02175
10.88,24.62,3.9635,122.2405,0.14866,0.02044
11.12,24.62,3.8122,127.0897,0.04357,0.01886
11.38,24.62,3.6980,129.0799,0.02028,0.02090
11.62,24.62,3.7041,130.5185,0.02449,0.02514
11.88,24.62,3.7568,133.5277,0.02533,0.02951
12.12,24.62,3.8122,137.2251,0.07527,0.03240
12.38,24.62,3.9056,134.0865,0.24770,0.03249
12.62,24.62,4.0555,124.1453,0.54147,0.03099
12.88,24.62,4.2936,115.9614,0.84091,0.03065
13.12,24.62,4.2392,108.2038,0.98754,0.02878
13.38,24.62,4.1601,102.1824,0.96945,0.02147
13.62,24.62,4.0445,102.2100,0.85879,0.01357
13.88,24.62,3.8670,113.9763,0.73217,0.00890
14.12,24.62,4.0101,127.4104,0.85072,0.00577
14.38,24.62,4.3820,124.3324,1.20511,0.00376
14.62,24.62,4.8262,106.2704,1.44359,0.00330
14.88,24.62,5.0097,81.9492,1.33409,0.00347
15.12,24.62,4.0580,54.1320,0.94508,0.00291
8.38,24.88,4.1780,106.4914,1.51096,0.00119
8.62,24.88,4.5526,140.0194,1.53106,0.00168
8.88,24.88,4.4397,149.0481,1.31487,0.00264
9.12,24.88,4.2124,141.9906,1.04820,0.00371
9.38,24.88,4.0852,138.1235,0.85776,0.00473
9.62,24.88,4.0326,137.1076,0.76861,0.00591
9.88,24.88,4.0933,133.5320,0.73687,0.00767
10.12,24.88,4.1195,129.0441,0.59933,0.01128
10.38,24.88,4.0617,122.3536,0.42053,0.01933
10.62,24.88,4.0435,116.5190,0.28499,0.02628
10.88,24.88,3.9389,117.9066,0.15428,0.02353
11.12,24.88,3.8168,125.0991,0.07873,0.02090
11.38,24.88,3.8088,129.6916,0.08865,0.02418
11.62,24.88,3.8306,132.9486,0.11232,0.03090
11.88,24.88,3.8076,138.6155,0.07128,0.03868
12.12,24.88,3.7809,143.5362,0.06293,0.04601
12.38,24.88,3.8275,141.2010,0.18578,0.05062
12.62,24.88,3.9699,133.6365,0.39733,0.05345
12.88,24.88,4.1569,124.8832,0.64202,0.05775
13.12,24.88,4.1741,115.3379,0.88878,0.05598
13.38,24.88,4.2480,107.3732,1.03340,0.03965
13.62,24.88,4.2400,102.4727,1.11474,0.02213
13.88,24.88,4.0063,105.3535,1.09934,0.01232
14.12,24.88,4.0800,113.9409,1.12588,0.00720
14.38,24.88,4.2953,114.6344,1.28423,0.00486
14.62,24.88,4.3732,105.6119,1.42008,0.00358
14.88,24.88,4.3540,90.5374,1.27649,0.00299
8.62,25.12,4.1633,157.2332,1.60937,0.00192
8.88,25.12,4.4732,161.1224,1.65159,0.00350
9.12,25.12,4.1483,147.9074,1.30571,0.00458
9.38,25.12,3.7285,140.6039,0.86254,0.00446
9.62,25.12,3.7222,143.0395,0.64254,0.00491
9.88,25.12,3.9662,143.2489,0.65867,0.00665
10.12,25.12,4.0953,138.3665,0.66301,0.00978
10.38,25.12,4.0297,129.0458,0.58971,0.01568
10.62,25.12,4.0049,118.7676,0.50473,0.02110
10.88,25.12,3.9251,116.8917,0.38426,0.02059
11.12,25.12,3.8649,122.3546,0.28747,0.02121
11.38,25.12,3.9789,126.5603,0.27299,0.02699
11.62,25.12,4.0520,131.2167,0.25622,0.03630
11.88,25.12,3.9320,137.5340,0.13984,0.04793
12.12,25.12,3.8161,141.7681,0.07583,0.06111
12.38,25.12,3.8532,138.9557,0.16848,0.07597
12.62,25.12,3.9567,132.6980,0.35815,0.09103
12.88,25.12,4.0914,125.4039,0.64362,0.10226
13.12,25.12,4.2666,119.5161,0.96352,0.09878
13.38,25.12,4.4538,114.4729,1.18569,0.06976
13.62,25.12,4.5300,107.4921,1.50216,0.03798
13.88,25.12,4.3780,104.4696,1.65441,0.02008
14.12,25.12,4.4369,110.9997,1.59147,0.01186
14.38,25.12,4.7789,117.3954,1.65859,0.00852
14.62,25.12,4.9136,114.7363,1.87739,0.00578
8.88,25.38,4.1255,169.7394,1.66057,0.00475
9.12,25.38,4.3064,158.5988,1.54379,0.00561
9.38,25.38,3.9443,153.5013,1.15364,0.00417
9.62,25.38,3.7777,156.3099,0.77279,0.00362
9.88,25.38,3.9938,153.2623,0.61661,0.00520
10.12,25.38,4.0824,144.0350,0.60456,0.00764
10.38,25.38,3.9983,135.7939,0.66802,0.01046
10.62,25.38,4.0861,124.9241,0.78115,0.01381
10.88,25.38,4.1696,120.7302,0.74715,0.01616
11.12,25.38,4.1581,122.4943,0.66435,0.01979
11.38,25.38,4.2804,122.5396,0.63946,0.02699
11.62,25.38,4.2741,125.2818,0.49376,0.03794
11.88,25.38,4.0027,129.0760,0.26394,0.05352
12.12,25.38,3.8803,132.2031,0.18215,0.07508
12.38,25.38,3.9237,129.1019,0.29135,0.10648
12.62,25.38,3.9482,121.7679,0.47452,0.14255
12.88,25.38,4.0449,115.9216,0.75602,0.16983
13.12,25.38,4.2092,115.7846,1.04305,0.17306
13.38,25.38,4.3576,118.5245,1.19450,0.13506
13.62,25.38,4.5338,115.8300,1.61237,0.08175
13.88,25.38,4.7264,111.6139,2.02191,0.04358
14.12,25.38,5.1326,117.7188,2.12174,0.02411
14.38,25.38,5.5447,127.7915,2.19664,0.01555
9.12,25.62,4.0324,161.2352,1.64106,0.00420
9.38,25.62,4.0505,159.4094,1.41717,0.00270
9.62,25.62,3.9200,168.1266,0.93906,0.00229
9.88,25.62,3.9660,164.9901,0.54553,0.00371
10.12,25.62,3.9443,149.6958,0.41725,0.00591
10.38,25.62,3.8644,140.4928,0.52355,0.00758
10.62,25.62,3.9536,131.1410,0.73270,0.00987
10.88,25.62,4.2215,127.3140,0.83960,0.01314
11.12,25.62,4.4176,128.2155,0.92594,0.01734
11.38,25.62,4.5696,122.9277,1.03244,0.02386
11.62,25.62,4.4529,119.8508,0.87015,0.03490
11.88,25.62,4.1234,118.8725,0.57983,0.05407
12.12,25.62,4.0339,119.0046,0.43185,0.08583
12.38,25.62,3.9933,116.6030,0.44852,0.13755
12.62,25.62,3.8475,112.7297,0.48717,0.20714
12.88,25.62,3.8298,111.1222,0.58860,0.27368
13.12,25.62,3.8753,113.9801,0.79386,0.30456
13.38,25.62,4.0068,122.7312,0.96728,0.27359
13.62,25.62,4.2980,127.6042,1.41997,0.19279
13.88,25.62,4.9364,124.0974,2.15977,0.10519
14.12,25.62,5.9791,124.9253,2.72754,0.05138
9.38,25.88,3.4017,146.7452,1.20768,0.00137
9.62,25.88,3.7975,168.4430,0.91827,0.00184
9.88,25.88,4.0230,167.0749,0.61207,0.00387
10.12,25.88,3.8803,148.4465,0.42381,0.00644
10.38,25.88,3.8094,139.0347,0.40612,0.00737
10.62,25.88,3.7259,133.1388,0.50018,0.00829
10.88,25.88,3.9446,130.8098,0.70075,0.01078
11.12,25.88,4.4055,132.8914,0.93630,0.01502
11.38,25.88,4.5768,126.4354,1.06700,0.02089
11.62,25.88,4.3609,119.3098,0.99854,0.03059
11.88,25.88,4.1779,113.7236,0.81968,0.05095
12.12,25.88,4.1541,108.0305,0.63136,0.08846
12.38,25.88,3.9496,104.8118,0.49187,0.15264
12.62,25.88,3.6155,106.4665,0.35519,0.25773
12.88,25.88,3.4557,109.0107,0.31554,0.39132
13.12,25.88,3.4722,114.4960,0.53021,0.49238
13.38,25.88,3.7916,132.9400,0.96370,0.49886
13.62,25.88,4.3263,150.5995,1.64787,0.38903
13.88,25.88,5.1520,147.0862,2.56400,0.22460
9.62,26.12,3.3369,166.7497,0.80975,0.00338
9.88,26.12,3.9911,151.9291,0.81171,0.00942
10.12,26.12,4.0688,136.7235,0.71005,0.01429
10.38,26.12,3.8884,135.1219,0.49767,0.01170
10.62,26.12,3.6581,136.8107,0.34908,0.00906
10.88,26.12,3.8149,136.8042,0.50433,0.01004
11.12,26.12,4.2163,136.0234,0.80577,0.01398
11.38,26.12,4.4042,131.5210,0.89775,0.02018
11.62,26.12,4.2326,125.3974,0.82977,0.02846
11.88,26.12,4.0752,115.9905,0.75734,0.04594
12.12,26.12,4.0455,105.0214,0.68261,0.08049
12.38,26.12,3.9143,100.7514,0.58901,0.14193
12.62,26.12,3.6121,104.9467,0.43105,0.25786
12.88,26.12,3.2956,108.6889,0.35048,0.45339
13.12,26.12,3.2217,115.8296,0.51203,0.67124
13.38,26.12,3.6067,143.8912,1.02319,0.76648
13.62,26.12,4.3040,181.2238,1.97056,0.65179
9.88,26.38,3.6285,116.2877,0.96280,0.01854
10.12,26.38,4.2732,120.1119,1.13140,0.02346
10.38,26.38,4.2724,136.5771,0.94675,0.01585
10.62,26.38,3.9151,146.4116,0.52289,0.00988
10.88,26.38,3.8953,145.4225,0.41695,0.01008
11.12,26.38,3.9808,139.5882,0.65791,0.01364
11.38,26.38,4.0636,136.8096,0.76063,0.01988
11.62,26.38,4.0750,131.4827,0.70404,0.02751
11.88,26.38,4.0023,117.7718,0.74947,0.04121
12.12,26.38,3.9695,107.2644,0.79352,0.06660
12.38,26.38,4.0037,107.6070,0.77857,0.11184
12.62,26.38,3.9448,115.2676,0.78559,0.20333
12.88,26.38,3.7385,126.6522,0.86011,0.39690
13.12,26.38,3.5398,137.2003,0.92768,0.69424
13.38,26.38,3.5809,154.8995,1.06259,0.93640
10.12,26.62,4.0677,109.7786,1.37712,0.01915
10.38,26.62,4.5577,140.3472,1.38311,0.01172
10.62,26.62,4.2973,149.9142,0.92457,0.00878
10.88,26.62,4.0035,144.4344,0.63898,0.01025
11.12,26.62,3.9088,137.9859,0.70046,0.01303
11.38,26.62,3.9119,137.9186,0.70392,0.01816
11.62,26.62,4.0217,133.3161,0.69549,0.02440
11.88,26.62,4.0612,118.3794,0.85158,0.03335
12.12,26.62,4.0664,111.0234,0.93728,0.04883
12.38,26.62,4.0822,115.9599,0.98557,0.07831
12.62,26.62,4.2459,128.3146,1.26819,0.13549
12.88,26.62,4.4554,151.0850,1.67194,0.26289
13.12,26.62,4.3021,173.6380,1.79115,0.51757
10.38,26.88,4.0947,138.2002,1.30892,0.00645
10.62,26.88,4.3374,133.8981,1.19961,0.00923
10.88,26.88,4.2634,129.3573,1.10672,0.01267
11.12,26.88,4.1371,128.0887,0.94483,0.01301
11.38,26.88,4.0783,127.7359,0.74958,0.01520
11.62,26.88,4.1893,124.1485,0.76679,0.01973
11.88,26.88,4.1987,116.4688,0.97564,0.02476
12.12,26.88,4.2822,117.2135,1.13855,0.03371
12.38,26.88,4.3730,125.9082,1.35581,0.05330
12.62,26.88,4.6955,139.6965,1.80289,0.08605
12.88,26.88,5.2470,160.8308,2.38028,0.14638
10.62,27.12,3.5615,99.5585,1.30278,0.01084
10.88,27.12,3.9582,105.9448,1.40266,0.01420
11.12,27.12,4.1281,115.4111,1.08682,0.01243
11.38,27.12,4.1352,116.9949,0.80384,0.01163
11.62,27.12,4.1827,115.1109,0.82777,0.01386
11.88,27.12,4.1187,118.4623,1.02018,0.01770
12.12,27.12,4.3504,128.9084,1.21133,0.02475
12.38,27.12,4.7066,139.3021,1.56559,0.03819
12.62,27.12,5.0801,150.5897,2.10513,0.05818
10.88,27.38,3.1269,79.2898,1.17796,0.01059
11.12,27.38,3.8782,97.7014,1.08747,0.00926
11.38,27.38,4.2073,106.3226,1.07151,0.00934
11.62,27.38,3.9326,110.3677,0.99550,0.01224
11.88,27.38,3.8294,126.0596,0.95451,0.01706
12.12,27.38,4.3643,141.4576,1.01848,0.02106
12.38,27.38,4.8511,146.4430,1.26201,0.02709
11.12,27.62,3.5656,76.5707,1.13064,0.00570
11.38,27.62,4.2920,93.2745,1.41955,0.00994
11.62,27.62,4.0577,109.8561,1.30059,0.02202
11.88,27.62,3.8604,137.0528,1.05599,0.03472
12.12,27.62,4.4043,156.3334,1.01218,0.03247
11.38,27.88,3.9476,77.7252,1.45518,0.01361
11.62,27.88,4.2263,103.8131,1.49446,0.03716
11.88,27.88,4.1151,136.7442,1.29985,0.06633
11.62,28.12,3.4341,78.6342,1.25518,0.03752
