x,y,rho,contact,casualty,pressure
2.62,0.12,0.3002,0.0000,0.00000,0.15263
2.88,0.12,0.4880,0.0001,0.00000,0.25282
3.12,0.12,0.5376,0.0001,0.00000,0.28560
3.38,0.12,0.4964,0.0002,0.00000,0.27132
3.62,0.12,0.5312,0.0003,0.00000,0.30126
3.88,0.12,0.5493,0.0002,0.00000,0.32039
4.12,0.12,0.5170,0.0001,0.00000,0.30292
4.38,0.12,0.5227,0.0000,0.00000,0.30435
4.62,0.12,0.5374,0.0000,0.00000,0.31464
4.88,0.12,0.5259,0.0002,0.00000,0.31172
5.12,0.12,0.5271,0.0008,0.00000,0.31649
5.38,0.12,0.5390,0.0015,0.00000,0.32569
5.62,0.12,0.5353,0.0024,0.00000,0.32769
5.88,0.12,0.5319,0.0053,0.00000,0.33407
6.12,0.12,0.5500,0.0093,0.00000,0.36536
6.38,0.12,0.5683,0.0150,0.00000,0.39409
6.62,0.12,0.5597,0.0416,0.00000,0.39622
6.88,0.12,0.5644,0.2662,0.00000,0.42592
7.12,0.12,0.5053,1.1527,0.00000,0.41050
7.38,0.12,0.3214,2.5136,0.00000,0.27132
2.62,0.38,0.5926,0.0001,0.00000,0.29147
2.88,0.38,1.0312,0.0003,0.00000,0.50805
3.12,0.38,1.2212,0.0006,0.00000,0.60271
3.38,0.38,1.1156,0.0009,0.00000,0.56132
3.62,0.38,1.1396,0.0010,0.00000,0.60017
3.88,0.38,1.2189,0.0006,0.00000,0.65359
4.12,0.38,1.1647,0.0002,0.00000,0.62001
4.38,0.38,1.1395,0.0001,0.00000,0.60743
4.62,0.38,1.1747,0.0001,0.00000,0.63108
4.88,0.38,1.1657,0.0003,0.00000,0.62919
5.12,0.38,1.1533,0.0013,0.00000,0.63190
5.38,0.38,1.1788,0.0030,0.00000,0.65602
5.62,0.38,1.1934,0.0063,0.00000,0.67767
5.88,0.38,1.1811,0.0129,0.00000,0.69045
6.12,0.38,1.1999,0.0214,0.00000,0.74355
6.38,0.38,1.2260,0.0348,0.00000,0.80164
6.62,0.38,1.2074,0.0916,0.00000,0.81479
6.88,0.38,1.2583,0.5840,0.00000,0.91449
7.12,0.38,1.1666,2.5224,0.00000,0.92045
7.38,0.38,0.7547,5.4918,0.00000,0.62186
2.62,0.62,0.7072,0.0001,0.00000,0.32686
2.88,0.62,1.3725,0.0005,0.00000,0.62368
3.12,0.62,1.8028,0.0010,0.00000,0.80343
3.38,0.62,1.6470,0.0014,0.00000,0.73878
3.62,0.62,1.5732,0.0017,0.00000,0.74468
3.88,0.62,1.7357,0.0011,0.00000,0.83285
4.12,0.62,1.7072,0.0004,0.00000,0.80155
4.38,0.62,1.6200,0.0002,0.00000,0.76215
4.62,0.62,1.6725,0.0002,0.00000,0.79658
4.88,0.62,1.6972,0.0003,0.00000,0.80852
5.12,0.62,1.6571,0.0012,0.00000,0.80231
5.38,0.62,1.6797,0.0032,0.00000,0.83456
5.62,0.62,1.7281,0.0085,0.00000,0.88365
5.88,0.62,1.7048,0.0172,0.00000,0.90137
6.12,0.62,1.7124,0.0289,0.00000,0.96333
6.38,0.62,1.7359,0.0480,0.00000,1.04099
6.62,0.62,1.6942,0.1192,0.00000,1.05820
6.88,0.62,1.8241,0.7520,0.00000,1.23481
7.12,0.62,1.7608,3.2342,0.00000,1.29784
7.38,0.62,1.1609,7.0280,0.00000,0.89497
2.62,0.88,0.5171,0.0001,0.00000,0.20972
2.88,0.88,1.1758,0.0003,0.00000,0.46529
3.12,0.88,1.7575,0.0006,0.00000,0.67782
3.38,0.88,1.6451,0.0009,0.00000,0.63236
3.62,0.88,1.4556,0.0010,0.00000,0.59270
3.88,0.88,1.6248,0.0006,0.00000,0.67551
4.12,0.88,1.6752,0.0002,0.00000,0.67477
4.38,0.88,1.5659,0.0001,0.00000,0.62765
4.62,0.88,1.6033,0.0001,0.00000,0.65587
4.88,0.88,1.6720,0.0001,0.00000,0.68847
5.12,0.88,1.6244,0.0005,0.00000,0.68149
5.38,0.88,1.6162,0.0016,0.00000,0.70071
5.62,0.88,1.6708,0.0048,0.00000,0.74820
5.88,0.88,1.6452,0.0104,0.00000,0.76474
6.12,0.88,1.6531,0.0205,0.00000,0.82573
6.38,0.88,1.6703,0.0363,0.00000,0.89834
6.62,0.88,1.5894,0.0834,0.00000,0.89242
6.88,0.88,1.7522,0.5028,0.00000,1.05425
7.12,0.88,1.7655,2.1414,0.00000,1.14032
7.38,0.88,1.1875,4.6402,0.00000,0.79626
2.62,1.12,0.3152,0.0000,0.00000,0.09748
2.88,1.12,0.8474,0.0001,0.00000,0.26165
3.12,1.12,1.4257,0.0001,0.00000,0.43615
3.38,1.12,1.4010,0.0002,0.00000,0.42847
3.62,1.12,1.1850,0.0002,0.00000,0.38359
3.88,1.12,1.3118,0.0001,0.00000,0.44150
4.12,1.12,1.4303,0.0001,0.00000,0.46903
4.38,1.12,1.3435,0.0000,0.00000,0.43734
4.62,1.12,1.3407,0.0000,0.00000,0.44981
4.88,1.12,1.4273,0.0000,0.00000,0.48967
5.12,1.12,1.4048,0.0001,0.00000,0.49470
5.38,1.12,1.3790,0.0003,0.00000,0.50467
5.62,1.12,1.4230,0.0011,0.00000,0.53760
5.88,1.12,1.4081,0.0030,0.00000,0.55184
6.12,1.12,1.4348,0.0087,0.00000,0.60735
6.38,1.12,1.4583,0.0185,0.00000,0.66544
6.62,1.12,1.3453,0.0369,0.00000,0.63841
6.88,1.12,1.4755,0.1777,0.00000,0.73380
7.12,1.12,1.5180,0.7281,0.00000,0.79139
7.38,1.12,1.0317,1.5665,0.00000,0.55162
2.62,1.38,0.2272,0.0000,0.00000,0.04785
2.88,1.38,0.6875,0.0000,0.00000,0.14736
3.12,1.38,1.2506,0.0000,0.00000,0.27078
3.38,1.38,1.2985,0.0000,0.00000,0.28694
3.62,1.38,1.1019,0.0000,0.00000,0.26076
3.88,1.38,1.2017,0.0000,0.00000,0.30179
4.12,1.38,1.3713,0.0000,0.00000,0.34298
4.38,1.38,1.3181,0.0000,0.00000,0.33141
4.62,1.38,1.2853,0.0000,0.00000,0.33511
4.88,1.38,1.3804,0.0000,0.00000,0.37247
5.12,1.38,1.3888,0.0000,0.00000,0.38810
5.38,1.38,1.3636,0.0000,0.00000,0.39884
5.62,1.38,1.4067,0.0001,0.00000,0.42620
5.88,1.38,1.3970,0.0006,0.00000,0.43810
6.12,1.38,1.4381,0.0030,0.00000,0.48089
6.38,1.38,1.4800,0.0092,0.00000,0.52445
6.62,1.38,1.3555,0.0159,0.00000,0.49472
6.88,1.38,1.4434,0.0372,0.00000,0.54613
7.12,1.38,1.4381,0.1247,0.00000,0.56702
7.38,1.38,0.9583,0.2593,0.00000,0.38709
2.62,1.62,0.1970,0.0000,0.00000,0.02874
2.88,1.62,0.6557,0.0000,0.00000,0.09644
3.12,1.62,1.2650,0.0000,0.00000,0.18957
3.38,1.62,1.3799,0.0000,0.00000,0.21587
3.62,1.62,1.1878,0.0000,0.00000,0.20200
3.88,1.62,1.2550,0.0000,0.00000,0.23051
4.12,1.62,1.4550,0.0000,0.00000,0.27469
4.38,1.62,1.4381,0.0000,0.00000,0.27752
4.62,1.62,1.3927,0.0000,0.00000,0.27739
4.88,1.62,1.4887,0.0000,0.00000,0.30727
5.12,1.62,1.5130,0.0000,0.00000,0.32563
5.38,1.62,1.4882,0.0000,0.00000,0.33799
5.62,1.62,1.5345,0.0000,0.00000,0.36419
5.88,1.62,1.5177,0.0001,0.00000,0.37231
6.12,1.62,1.5638,0.0009,0.00000,0.40218
6.38,1.62,1.6233,0.0037,0.00000,0.43403
6.62,1.62,1.5075,0.0063,0.00000,0.41003
6.88,1.62,1.5897,0.0068,0.00000,0.44552
7.12,1.62,1.5150,0.0116,0.00000,0.44406
7.38,1.62,0.9755,0.0202,0.00000,0.29461
2.62,1.88,0.1830,0.0000,0.00000,0.01923
2.88,1.88,0.6505,0.0000,0.00000,0.06928
3.12,1.88,1.3074,0.0000,0.00000,0.14412
3.38,1.88,1.4765,0.0000,0.00000,0.17375
3.62,1.88,1.2780,0.0000,0.00000,0.16516
3.88,1.88,1.3073,0.0000,0.00000,0.18365
4.12,1.88,1.5117,0.0000,0.00000,0.22283
4.38,1.88,1.5180,0.0000,0.00000,0.23155
4.62,1.88,1.4623,0.0000,0.00000,0.22921
4.88,1.88,1.5464,0.0000,0.00000,0.25086
5.12,1.88,1.5766,0.0000,0.00000,0.26808
5.38,1.88,1.5542,0.0000,0.00000,0.28009
5.62,1.88,1.6011,0.0000,0.00000,0.30345
5.88,1.88,1.5777,0.0000,0.00000,0.30985
6.12,1.88,1.6268,0.0002,0.00000,0.33369
6.38,1.88,1.6880,0.0007,0.00000,0.35748
6.62,1.88,1.5795,0.0013,0.00000,0.33765
6.88,1.88,1.6923,0.0010,0.00000,0.36587
7.12,1.88,1.6034,0.0009,0.00000,0.35614
7.38,1.88,1.0208,0.0009,0.00000,0.23158
2.62,2.12,0.1708,0.0000,0.00000,0.01379
2.88,2.12,0.6254,0.0000,0.00000,0.05196
3.12,2.12,1.2906,0.0000,0.00000,0.11307
3.38,2.12,1.4944,0.0000,0.00000,0.14267
3.62,2.12,1.2951,0.0000,0.00000,0.13719
3.88,2.12,1.3006,0.0000,0.00000,0.14905
4.12,2.12,1.5072,0.0000,0.00000,0.18042
4.38,2.12,1.5282,0.0000,0.00000,0.19006
4.62,2.12,1.4666,0.0000,0.00000,0.18879
4.88,2.12,1.5381,0.0000,0.00000,0.20552
5.12,2.12,1.5717,0.0000,0.00000,0.22014
5.38,2.12,1.5610,0.0000,0.00000,0.23047
5.62,2.12,1.6084,0.0000,0.00000,0.24787
5.88,2.12,1.5787,0.0000,0.00000,0.25280
6.12,2.12,1.6365,0.0000,0.00000,0.27394
6.38,2.12,1.6898,0.0001,0.00000,0.29266
6.62,2.12,1.5507,0.0001,0.00000,0.27404
6.88,2.12,1.6755,0.0001,0.00000,0.29422
7.12,2.12,1.6286,0.0001,0.00000,0.28421
7.38,2.12,1.0534,0.0000,0.00000,0.18392
2.62,2.38,0.1575,0.0000,0.00000,0.01064
2.88,2.38,0.5879,0.0000,0.00000,0.04101
3.12,2.38,1.2455,0.0000,0.00000,0.09201
3.38,2.38,1.4862,0.0000,0.00000,0.11968
3.62,2.38,1.2996,0.0000,0.00000,0.11516
3.88,2.38,1.2865,0.0000,0.00000,0.12161
4.12,2.38,1.4934,0.0000,0.00000,0.14524
4.38,2.38,1.5339,0.0000,0.00000,0.15339
4.62,2.38,1.4807,0.0000,0.00000,0.15425
4.88,2.38,1.5496,0.0000,0.00000,0.16918
5.12,2.38,1.5845,0.0000,0.00000,0.18199
5.38,2.38,1.5828,0.0000,0.00000,0.19146
5.62,2.38,1.6236,0.0000,0.00000,0.20273
5.88,2.38,1.5805,0.0000,0.00000,0.20365
6.12,2.38,1.6555,0.0000,0.00000,0.22134
6.38,2.38,1.7094,0.0000,0.00000,0.23697
6.62,2.38,1.5164,0.0000,0.00000,0.21809
6.88,2.38,1.6313,0.0000,0.00000,0.23222
7.12,2.38,1.6421,0.0000,0.00000,0.22837
7.38,2.38,1.0893,0.0000,0.00000,0.15012
2.62,2.62,0.1425,0.0000,0.00000,0.00836
2.88,2.62,0.5434,0.0000,0.00000,0.03272
3.12,2.62,1.1903,0.0000,0.00000,0.07492
3.38,2.62,1.4774,0.0000,0.00000,0.09887
3.62,2.62,1.3152,0.0000,0.00000,0.09377
3.88,2.62,1.2854,0.0000,0.00000,0.09579
4.12,2.62,1.4853,0.0000,0.00000,0.11288
4.38,2.62,1.5420,0.0000,0.00000,0.11991
4.62,2.62,1.5037,0.0000,0.00000,0.12279
4.88,2.62,1.5722,0.0000,0.00000,0.13647
5.12,2.62,1.6038,0.0000,0.00000,0.14824
5.38,2.62,1.6148,0.0000,0.00000,0.15837
5.62,2.62,1.6578,0.0000,0.00000,0.16769
5.88,2.62,1.5982,0.0000,0.00000,0.16537
6.12,2.62,1.6852,0.0000,0.00000,0.17872
6.38,2.62,1.7492,0.0000,0.00000,0.19077
6.62,2.62,1.5194,0.0000,0.00000,0.17087
6.88,2.62,1.6384,0.0000,0.00000,0.18257
7.12,2.62,1.7015,0.0000,0.00000,0.18652
7.38,2.62,1.1520,0.0000,0.00000,0.12575
2.62,2.88,0.1282,0.0000,0.00000,0.00640
2.88,2.88,0.4995,0.0000,0.00000,0.02529
3.12,2.88,1.1347,0.0000,0.00000,0.05882
3.38,2.88,1.4672,0.0000,0.00000,0.07840
3.62,2.88,1.3340,0.0000,0.00000,0.07373
3.88,2.88,1.3000,0.0000,0.00000,0.07436
4.12,2.88,1.4949,0.0000,0.00000,0.08799
4.38,2.88,1.5561,0.0000,0.00000,0.09539
4.62,2.88,1.5262,0.0000,0.00000,0.09948
4.88,2.88,1.5892,0.0000,0.00000,0.11036
5.12,2.88,1.6069,0.0000,0.00000,0.11958
5.38,2.88,1.6291,0.0000,0.00000,0.12963
5.62,2.88,1.6849,0.0000,0.00000,0.13935
5.88,2.88,1.6117,0.0000,0.00000,0.13651
6.12,2.88,1.7060,0.0000,0.00000,0.14635
6.38,2.88,1.7848,0.0000,0.00000,0.15450
6.62,2.88,1.5309,0.0000,0.00000,0.13456
6.88,2.88,1.6577,0.0000,0.00000,0.14477
7.12,2.88,1.7648,0.0000,0.00000,0.15255
7.38,2.88,1.2132,0.0000,0.00000,0.10461
2.62,3.12,0.1206,0.0000,0.00000,0.00486
2.88,3.12,0.4759,0.0000,0.00000,0.01932
3.12,3.12,1.1054,0.0000,0.00000,0.04544
3.38,3.12,1.4664,0.0000,0.00000,0.06167
3.62,3.12,1.3558,0.0000,0.00000,0.05927
3.88,3.12,1.3235,0.0000,0.00000,0.06057
4.12,3.12,1.5134,0.0000,0.00000,0.07222
4.38,3.12,1.5678,0.0000,0.00000,0.07949
4.62,3.12,1.5383,0.0000,0.00000,0.08318
4.88,3.12,1.6009,0.0000,0.00000,0.09079
5.12,3.12,1.6114,0.0000,0.00000,0.09768
5.38,3.12,1.6429,0.0000,0.00000,0.10716
5.62,3.12,1.7109,0.0000,0.00000,0.11600
5.88,3.12,1.6136,0.0000,0.00000,0.11231
6.12,3.12,1.7006,0.0000,0.00000,0.11970
6.38,3.12,1.7963,0.0000,0.00000,0.12579
6.62,3.12,1.5226,0.0000,0.00000,0.10695
6.88,3.12,1.6509,0.0000,0.00000,0.11497
7.12,3.12,1.8005,0.0000,0.00000,0.12385
7.38,3.12,1.2564,0.0000,0.00000,0.08600
2.62,3.38,0.1140,0.0000,0.00000,0.00373
2.88,3.38,0.4557,0.0000,0.00000,0.01497
3.12,3.38,1.0794,0.0000,0.00000,0.03579
3.38,3.38,1.4635,0.0000,0.00000,0.04991
3.62,3.38,1.3707,0.0000,0.00000,0.04945
3.88,3.38,1.3351,0.0000,0.00000,0.05089
4.12,3.38,1.5199,0.0000,0.00000,0.06052
4.38,3.38,1.5707,0.0000,0.00000,0.06705
4.62,3.38,1.5427,0.0000,0.00000,0.07022
4.88,3.38,1.6101,0.0000,0.00000,0.07557
5.12,3.38,1.6189,0.0000,0.00000,0.08054
5.38,3.38,1.6581,0.0000,0.00000,0.08865
5.62,3.38,1.7372,0.0000,0.00000,0.09586
5.88,3.38,1.6177,0.0000,0.00000,0.09206
6.12,3.38,1.7017,0.0000,0.00000,0.09925
6.38,3.38,1.8209,0.0000,0.00000,0.10557
6.62,3.38,1.5210,0.0000,0.00000,0.08795
6.88,3.38,1.6412,0.0000,0.00000,0.09297
7.12,3.38,1.8306,0.0000,0.00000,0.10114
7.38,3.38,1.2954,0.0000,0.00000,0.07076
2.62,3.62,0.1068,0.0000,0.00000,0.00286
2.88,3.62,0.4333,0.0000,0.00000,0.01181
3.12,3.62,1.0495,0.0000,0.00000,0.02937
3.38,3.62,1.4564,0.0000,0.00000,0.04250
3.62,3.62,1.3817,0.0000,0.00000,0.04274
3.88,3.62,1.3448,0.0000,0.00000,0.04365
4.12,3.62,1.5302,0.0000,0.00000,0.05141
4.38,3.62,1.5846,0.0000,0.00000,0.05714
4.62,3.62,1.5614,0.0000,0.00000,0.06041
4.88,3.62,1.6344,0.0000,0.00000,0.06452
5.12,3.62,1.6355,0.0000,0.00000,0.06686
5.38,3.62,1.6735,0.0000,0.00000,0.07302
5.62,3.62,1.7563,0.0000,0.00000,0.07974
5.88,3.62,1.6197,0.0000,0.00000,0.07678
6.12,3.62,1.7156,0.0000,0.00000,0.08364
6.38,3.62,1.8621,0.0000,0.00000,0.08982
6.62,3.62,1.5262,0.0000,0.00000,0.07348
6.88,3.62,1.6318,0.0000,0.00000,0.07655
7.12,3.62,1.8601,0.0000,0.00000,0.08424
7.38,3.62,1.3341,0.0000,0.00000,0.05943
2.62,3.88,0.1019,0.0000,0.00000,0.00231
2.88,3.88,0.4169,0.0000,0.00000,0.00973
3.12,3.88,1.0252,0.0000,0.00000,0.02497
3.38,3.88,1.4483,0.0000,0.00000,0.03709
3.62,3.88,1.3908,0.0000,0.00000,0.03773
3.88,3.88,1.3537,0.0000,0.00000,0.03849
4.12,3.88,1.5345,0.0000,0.00000,0.04467
4.38,3.88,1.5873,0.0000,0.00000,0.04888
4.62,3.88,1.5704,0.0000,0.00000,0.05147
4.88,3.88,1.6538,0.0000,0.00000,0.05507
5.12,3.88,1.6485,0.0000,0.00000,0.05587
5.38,3.88,1.6838,0.0000,0.00000,0.06057
5.62,3.88,1.7714,0.0000,0.00000,0.06747
5.88,3.88,1.6155,0.0000,0.00000,0.06485
6.12,3.88,1.7163,0.0000,0.00000,0.07018
6.38,3.88,1.8839,0.0000,0.00000,0.07565
6.62,3.88,1.5209,0.0000,0.00000,0.06096
6.88,3.88,1.6234,0.0000,0.00000,0.06345
7.12,3.88,1.8958,0.0000,0.00000,0.07152
7.38,3.88,1.3784,0.0000,0.00000,0.05115
2.62,4.12,0.0964,0.0000,0.00000,0.00191
2.88,4.12,0.3983,0.0000,0.00000,0.00809
3.12,4.12,0.9964,0.0000,0.00000,0.02097
3.38,4.12,1.4351,0.0000,0.00000,0.03161
3.62,4.12,1.3985,0.0000,0.00000,0.03294
3.88,4.12,1.3633,0.0000,0.00000,0.03426
4.12,4.12,1.5323,0.0000,0.00000,0.03931
4.38,4.12,1.5760,0.0000,0.00000,0.04199
4.62,4.12,1.5673,0.0000,0.00000,0.04355
4.88,4.12,1.6655,0.0000,0.00000,0.04667
5.12,4.12,1.6549,0.0000,0.00000,0.04719
5.38,4.12,1.6892,0.0000,0.00000,0.05085
5.62,4.12,1.7911,0.0000,0.00000,0.05679
5.88,4.12,1.6221,0.0000,0.00000,0.05380
6.12,4.12,1.7203,0.0000,0.00000,0.05790
6.38,4.12,1.9043,0.0000,0.00000,0.06333
6.62,4.12,1.5239,0.0000,0.00000,0.05120
6.88,4.12,1.6266,0.0000,0.00000,0.05388
7.12,4.12,1.9349,0.0000,0.00000,0.06185
7.38,4.12,1.4212,0.0000,0.00000,0.04464
2.62,4.38,0.0914,0.0000,0.00000,0.00158
2.88,4.38,0.3830,0.0000,0.00000,0.00681
3.12,4.38,0.9755,0.0000,0.00000,0.01798
3.38,4.38,1.4302,0.0000,0.00000,0.02739
3.62,4.38,1.4100,0.0000,0.00000,0.02842
3.88,4.38,1.3779,0.0000,0.00000,0.02947
4.12,4.38,1.5424,0.0000,0.00000,0.03387
4.38,4.38,1.5782,0.0000,0.00000,0.03604
4.62,4.38,1.5719,0.0000,0.00000,0.03720
4.88,4.38,1.6797,0.0000,0.00000,0.03985
5.12,4.38,1.6607,0.0000,0.00000,0.04036
5.38,4.38,1.6913,0.0000,0.00000,0.04339
5.62,4.38,1.8089,0.0000,0.00000,0.04812
5.88,4.38,1.6357,0.0000,0.00000,0.04469
6.12,4.38,1.7333,0.0000,0.00000,0.04799
6.38,4.38,1.9299,0.0000,0.00000,0.05334
6.62,4.38,1.5284,0.0000,0.00000,0.04326
6.88,4.38,1.6257,0.0000,0.00000,0.04623
7.12,4.38,1.9637,0.0000,0.00000,0.05419
7.38,4.38,1.4549,0.0000,0.00000,0.03949
2.62,4.62,0.0875,0.0000,0.00000,0.00135
2.88,4.62,0.3707,0.0000,0.00000,0.00597
3.12,4.62,0.9584,0.0000,0.00000,0.01629
3.38,4.62,1.4251,0.0000,0.00000,0.02503
3.62,4.62,1.4148,0.0000,0.00000,0.02504
3.88,4.62,1.3819,0.0000,0.00000,0.02496
4.12,4.62,1.5498,0.0000,0.00000,0.02893
4.38,4.62,1.5855,0.0000,0.00000,0.03120
4.62,4.62,1.5769,0.0000,0.00000,0.03230
4.88,4.62,1.6919,0.0000,0.00000,0.03483
5.12,4.62,1.6687,0.0000,0.00000,0.03529
5.38,4.62,1.6932,0.0000,0.00000,0.03765
5.62,4.62,1.8215,0.0000,0.00000,0.04149
5.88,4.62,1.6446,0.0000,0.00000,0.03801
6.12,4.62,1.7387,0.0000,0.00000,0.04071
6.38,4.62,1.9442,0.0000,0.00000,0.04564
6.62,4.62,1.5220,0.0000,0.00000,0.03658
6.88,4.62,1.6135,0.0000,0.00000,0.03898
7.12,4.62,1.9830,0.0000,0.00000,0.04666
7.38,4.62,1.4832,0.0000,0.00000,0.03442
2.62,4.88,0.0827,0.0000,0.00000,0.00111
2.88,4.88,0.3550,0.0000,0.00000,0.00504
3.12,4.88,0.9373,0.0000,0.00000,0.01423
3.38,4.88,1.4200,0.0000,0.00000,0.02237
3.62,4.88,1.4184,0.0000,0.00000,0.02229
3.88,4.88,1.3823,0.0000,0.00000,0.02190
4.12,4.88,1.5582,0.0000,0.00000,0.02563
4.38,4.88,1.6014,0.0000,0.00000,0.02776
4.62,4.88,1.5908,0.0000,0.00000,0.02872
4.88,4.88,1.7118,0.0000,0.00000,0.03137
5.12,4.88,1.6880,0.0000,0.00000,0.03172
5.38,4.88,1.7033,0.0000,0.00000,0.03297
5.62,4.88,1.8382,0.0000,0.00000,0.03602
5.88,4.88,1.6554,0.0000,0.00000,0.03331
6.12,4.88,1.7441,0.0000,0.00000,0.03594
6.38,4.88,1.9599,0.0000,0.00000,0.04030
6.62,4.88,1.5169,0.0000,0.00000,0.03171
6.88,4.88,1.5980,0.0000,0.00000,0.03292
7.12,4.88,1.9947,0.0000,0.00000,0.03965
7.38,4.88,1.5050,0.0000,0.00000,0.02947
2.62,5.12,0.0779,0.0000,0.00000,0.00092
2.88,5.12,0.3397,0.0000,0.00000,0.00421
3.12,5.12,0.9172,0.0000,0.00000,0.01198
3.38,5.12,1.4157,0.0000,0.00000,0.01914
3.62,5.12,1.4223,0.0000,0.00000,0.01949
3.88,5.12,1.3807,0.0000,0.00000,0.01940
4.12,5.12,1.5637,0.0000,0.00000,0.02280
4.38,5.12,1.6145,0.0000,0.00000,0.02447
4.62,5.12,1.5969,0.0000,0.00000,0.02522
4.88,5.12,1.7188,0.0000,0.00000,0.02788
5.12,5.12,1.6980,0.0000,0.00000,0.02833
5.38,5.12,1.7116,0.0000,0.00000,0.02940
5.62,5.12,1.8548,0.0000,0.00000,0.03246
5.88,5.12,1.6641,0.0000,0.00000,0.03030
6.12,5.12,1.7491,0.0000,0.00000,0.03254
6.38,5.12,1.9776,0.0000,0.00000,0.03621
6.62,5.12,1.5194,0.0000,0.00000,0.02793
6.88,5.12,1.5974,0.0000,0.00000,0.02817
7.12,5.12,2.0224,0.0000,0.00000,0.03393
7.38,5.12,1.5372,0.0000,0.00000,0.02531
2.62,5.38,0.0726,0.0000,0.00000,0.00080
2.88,5.38,0.3218,0.0000,0.00000,0.00366
3.12,5.38,0.8857,0.0000,0.00000,0.01046
3.38,5.38,1.3914,0.0000,0.00000,0.01693
3.62,5.38,1.4155,0.0000,0.00000,0.01756
3.88,5.38,1.3808,0.0000,0.00000,0.01746
4.12,5.38,1.5668,0.0000,0.00000,0.02024
4.38,5.38,1.6182,0.0000,0.00000,0.02163
4.62,5.38,1.5925,0.0000,0.00000,0.02240
4.88,5.38,1.7172,0.0000,0.00000,0.02500
5.12,5.38,1.7044,0.0000,0.00000,0.02548
5.38,5.38,1.7189,0.0000,0.00000,0.02651
5.62,5.38,1.8657,0.0000,0.00000,0.02926
5.88,5.38,1.6640,0.0000,0.00000,0.02667
6.12,5.38,1.7476,0.0000,0.00000,0.02812
6.38,5.38,1.9918,0.0000,0.00000,0.03151
6.62,5.38,1.5228,0.0000,0.00000,0.02428
6.88,5.38,1.6015,0.0000,0.00000,0.02453
7.12,5.38,2.0542,0.0000,0.00000,0.02985
7.38,5.38,1.5714,0.0000,0.00000,0.02238
2.62,5.62,0.0674,0.0000,0.00000,0.00069
2.88,5.62,0.3046,0.0000,0.00000,0.00325
3.12,5.62,0.8585,0.0000,0.00000,0.00960
3.38,5.62,1.3782,0.0000,0.00000,0.01603
3.62,5.62,1.4237,0.0000,0.00000,0.01690
3.88,5.62,1.3937,0.0000,0.00000,0.01639
4.12,5.62,1.5754,0.0000,0.00000,0.01828
4.38,5.62,1.6240,0.0000,0.00000,0.01931
4.62,5.62,1.5958,0.0000,0.00000,0.02025
4.88,5.62,1.7326,0.0000,0.00000,0.02315
5.12,5.62,1.7277,0.0000,0.00000,0.02370
5.38,5.62,1.7338,0.0000,0.00000,0.02370
5.62,5.62,1.8820,0.0000,0.00000,0.02518
5.88,5.62,1.6745,0.0000,0.00000,0.02247
6.12,5.62,1.7575,0.0000,0.00000,0.02375
6.38,5.62,2.0145,0.0000,0.00000,0.02711
6.62,5.62,1.5275,0.0000,0.00000,0.02096
6.88,5.62,1.5975,0.0000,0.00000,0.02139
7.12,5.62,2.0742,0.0000,0.00000,0.02658
7.38,5.62,1.5972,0.0000,0.00000,0.02014
2.62,5.88,0.0638,0.0000,0.00000,0.00060
2.88,5.88,0.2925,0.0000,0.00000,0.00287
3.12,5.88,0.8408,0.0000,0.00000,0.00878
3.38,5.88,1.3772,0.0000,0.00000,0.01507
3.62,5.88,1.4419,0.0000,0.00000,0.01607
3.88,5.88,1.4053,0.0000,0.00000,0.01523
4.12,5.88,1.5796,0.0000,0.00000,0.01644
4.38,5.88,1.6282,0.0000,0.00000,0.01712
4.62,5.88,1.5940,0.0000,0.00000,0.01797
4.88,5.88,1.7414,0.0000,0.00000,0.02093
5.12,5.88,1.7458,0.0000,0.00000,0.02157
5.38,5.88,1.7459,0.0000,0.00000,0.02096
5.62,5.88,1.9026,0.0000,0.00000,0.02184
5.88,5.88,1.6959,0.0000,0.00000,0.01949
6.12,5.88,1.7762,0.0000,0.00000,0.02046
6.38,5.88,2.0402,0.0000,0.00000,0.02323
6.62,5.88,1.5329,0.0000,0.00000,0.01795
6.88,5.88,1.5972,0.0000,0.00000,0.01888
7.12,5.88,2.1033,0.0000,0.00000,0.02422
7.38,5.88,1.6316,0.0000,0.00000,0.01858
2.62,6.12,0.0601,0.0000,0.00000,0.00051
2.88,6.12,0.2797,0.0000,0.00000,0.00250
3.12,6.12,0.8202,0.0000,0.00000,0.00779
3.38,6.12,1.3684,0.0000,0.00000,0.01362
3.62,6.12,1.4476,0.0000,0.00000,0.01468
3.88,6.12,1.4076,0.0000,0.00000,0.01392
4.12,6.12,1.5865,0.0000,0.00000,0.01506
4.38,6.12,1.6435,0.0000,0.00000,0.01568
4.62,6.12,1.5973,0.0000,0.00000,0.01616
4.88,6.12,1.7466,0.0000,0.00000,0.01863
5.12,6.12,1.7600,0.0000,0.00000,0.01918
5.38,6.12,1.7531,0.0000,0.00000,0.01877
5.62,6.12,1.9144,0.0000,0.00000,0.01987
5.88,6.12,1.7112,0.0000,0.00000,0.01773
6.12,6.12,1.7886,0.0000,0.00000,0.01807
6.38,6.12,2.0563,0.0000,0.00000,0.02016
6.62,6.12,1.5317,0.0000,0.00000,0.01556
6.88,6.12,1.5915,0.0001,0.00000,0.01682
7.12,6.12,2.1222,0.0001,0.00000,0.02200
7.38,6.12,1.6562,0.0001,0.00000,0.01698
2.62,6.38,0.0561,0.0000,0.00000,0.00043
2.88,6.38,0.2662,0.0000,0.00000,0.00217
3.12,6.38,0.7992,0.0000,0.00000,0.00695
3.38,6.38,1.3601,0.0000,0.00000,0.01246
3.62,6.38,1.4506,0.0000,0.00000,0.01367
3.88,6.38,1.4020,0.0000,0.00000,0.01289
4.12,6.38,1.5893,0.0000,0.00000,0.01398
4.38,6.38,1.6659,0.0000,0.00000,0.01469
4.62,6.38,1.6089,0.0000,0.00000,0.01481
4.88,6.38,1.7554,0.0000,0.00000,0.01685
5.12,6.38,1.7768,0.0000,0.00000,0.01757
5.38,6.38,1.7588,0.0000,0.00000,0.01741
5.62,6.38,1.9196,0.0000,0.00000,0.01852
5.88,6.38,1.7182,0.0000,0.00000,0.01628
6.12,6.38,1.7908,0.0000,0.00000,0.01607
6.38,6.38,2.0627,0.0000,0.00000,0.01775
6.62,6.38,1.5283,0.0001,0.00000,0.01378
6.88,6.38,1.5848,0.0003,0.00000,0.01490
7.12,6.38,2.1327,0.0004,0.00000,0.01936
7.38,6.38,1.6717,0.0004,0.00000,0.01490
2.62,6.62,0.0533,0.0000,0.00000,0.00039
2.88,6.62,0.2561,0.0000,0.00000,0.00195
3.12,6.62,0.7816,0.0000,0.00000,0.00632
3.38,6.62,1.3537,0.0000,0.00000,0.01160
3.62,6.62,1.4601,0.0000,0.00000,0.01302
3.88,6.62,1.3998,0.0000,0.00000,0.01213
4.12,6.62,1.5859,0.0000,0.00000,0.01312
4.38,6.62,1.6827,0.0000,0.00000,0.01406
4.62,6.62,1.6177,0.0000,0.00000,0.01382
4.88,6.62,1.7586,0.0000,0.00000,0.01525
5.12,6.62,1.7868,0.0000,0.00000,0.01593
5.38,6.62,1.7611,0.0000,0.00000,0.01566
5.62,6.62,1.9254,0.0000,0.00000,0.01661
5.88,6.62,1.7303,0.0000,0.00000,0.01482
6.12,6.62,1.8000,0.0000,0.00000,0.01471
6.38,6.62,2.0765,0.0000,0.00000,0.01634
6.62,6.62,1.5331,0.0001,0.00000,0.01281
6.88,6.62,1.5880,0.0004,0.00000,0.01350
7.12,6.62,2.1539,0.0007,0.00000,0.01718
7.38,6.62,1.6947,0.0006,0.00000,0.01315
2.62,6.88,0.0513,0.0000,0.00000,0.00038
2.88,6.88,0.2479,0.0000,0.00000,0.00186
3.12,6.88,0.7654,0.0000,0.00000,0.00592
3.38,6.88,1.3470,0.0000,0.00000,0.01093
3.62,6.88,1.4721,0.0000,0.00000,0.01248
3.88,6.88,1.4041,0.0000,0.00000,0.01166
4.12,6.88,1.5864,0.0000,0.00000,0.01265
4.38,6.88,1.6963,0.0000,0.00000,0.01369
4.62,6.88,1.6242,0.0000,0.00000,0.01313
4.88,6.88,1.7658,0.0000,0.00000,0.01389
5.12,6.88,1.8056,0.0000,0.00000,0.01419
5.38,6.88,1.7670,0.0000,0.00000,0.01383
5.62,6.88,1.9325,0.0000,0.00000,0.01491
5.88,6.88,1.7508,0.0000,0.00000,0.01373
6.12,6.88,1.8210,0.0000,0.00000,0.01390
6.38,6.88,2.1012,0.0000,0.00000,0.01560
6.62,6.88,1.5453,0.0001,0.00000,0.01220
6.88,6.88,1.5926,0.0003,0.00000,0.01225
7.12,6.88,2.1702,0.0004,0.00000,0.01535
7.38,6.88,1.7123,0.0004,0.00000,0.01178
2.62,7.12,0.0486,0.0000,0.00000,0.00042
2.88,7.12,0.2368,0.0000,0.00000,0.00195
3.12,7.12,0.7409,0.0000,0.00000,0.00593
3.38,7.12,1.3293,0.0000,0.00000,0.01074
3.62,7.12,1.4778,0.0000,0.00000,0.01231
3.88,7.12,1.4084,0.0000,0.00000,0.01157
4.12,7.12,1.5922,0.0000,0.00000,0.01248
4.38,7.12,1.7135,0.0000,0.00000,0.01326
4.62,7.12,1.6269,0.0000,0.00000,0.01250
4.88,7.12,1.7675,0.0000,0.00000,0.01303
5.12,7.12,1.8265,0.0000,0.00000,0.01319
5.38,7.12,1.7765,0.0000,0.00000,0.01286
5.62,7.12,1.9402,0.0000,0.00000,0.01401
5.88,7.12,1.7722,0.0000,0.00000,0.01292
6.12,7.12,1.8421,0.0000,0.00000,0.01301
6.38,7.12,2.1230,0.0000,0.00000,0.01461
6.62,7.12,1.5556,0.0000,0.00000,0.01126
6.88,7.12,1.5978,0.0001,0.00000,0.01125
7.12,7.12,2.1863,0.0001,0.00000,0.01429
7.38,7.12,1.7286,0.0001,0.00000,0.01104
2.62,7.38,0.0458,0.0000,0.00000,0.00044
2.88,7.38,0.2247,0.0000,0.00000,0.00204
3.12,7.38,0.7122,0.0000,0.00000,0.00608
3.38,7.38,1.3049,0.0000,0.00000,0.01087
3.62,7.38,1.4788,0.0000,0.00000,0.01233
3.88,7.38,1.4070,0.0000,0.00000,0.01150
4.12,7.38,1.5932,0.0000,0.00000,0.01270
4.38,7.38,1.7341,0.0000,0.00000,0.01362
4.62,7.38,1.6348,0.0000,0.00000,0.01237
4.88,7.38,1.7683,0.0000,0.00000,0.01246
5.12,7.38,1.8451,0.0000,0.00000,0.01265
5.38,7.38,1.7872,0.0000,0.00000,0.01228
5.62,7.38,1.9494,0.0000,0.00000,0.01323
5.88,7.38,1.7932,0.0000,0.00000,0.01212
6.12,7.38,1.8581,0.0000,0.00000,0.01225
6.38,7.38,2.1329,0.0000,0.00000,0.01376
6.62,7.38,1.5562,0.0000,0.00000,0.01039
6.88,7.38,1.5989,0.0000,0.00000,0.01051
7.12,7.38,2.1999,0.0000,0.00000,0.01365
7.38,7.38,1.7434,0.0000,0.00000,0.01058
2.62,7.62,0.0436,0.0000,0.00000,0.00037
2.88,7.62,0.2151,0.0000,0.00000,0.00178
3.12,7.62,0.6897,0.0000,0.00000,0.00565
3.38,7.62,1.2893,0.0000,0.00000,0.01060
3.62,7.62,1.4870,0.0000,0.00000,0.01219
3.88,7.62,1.4070,0.0000,0.00000,0.01112
4.12,7.62,1.5894,0.0000,0.00000,0.01236
4.38,7.62,1.7490,0.0000,0.00000,0.01365
4.62,7.62,1.6397,0.0000,0.00000,0.01216
4.88,7.62,1.7706,0.0000,0.00000,0.01181
5.12,7.62,1.8658,0.0000,0.00000,0.01194
5.38,7.62,1.8004,0.0000,0.00000,0.01156
5.62,7.62,1.9594,0.0000,0.00000,0.01233
5.88,7.62,1.8133,0.0000,0.00000,0.01124
6.12,7.62,1.8721,0.0000,0.00000,0.01160
6.38,7.62,2.1395,0.0000,0.00000,0.01318
6.62,7.62,1.5550,0.0000,0.00000,0.00974
6.88,7.62,1.5997,0.0000,0.00000,0.00972
7.12,7.62,2.2133,0.0000,0.00000,0.01277
7.38,7.62,1.7578,0.0000,0.00000,0.00995
2.62,7.88,0.0417,0.0000,0.00000,0.00028
2.88,7.88,0.2068,0.0000,0.00000,0.00142
3.12,7.88,0.6712,0.0000,0.00000,0.00481
3.38,7.88,1.2804,0.0000,0.00000,0.00948
3.62,7.88,1.5029,0.0000,0.00000,0.01125
3.88,7.88,1.4146,0.0000,0.00000,0.01035
4.12,7.88,1.5905,0.0000,0.00000,0.01125
4.38,7.88,1.7637,0.0000,0.00000,0.01225
4.62,7.88,1.6403,0.0000,0.00000,0.01111
4.88,7.88,1.7718,0.0000,0.00000,0.01117
5.12,7.88,1.8892,0.0000,0.00000,0.01142
5.38,7.88,1.8113,0.0000,0.00000,0.01087
5.62,7.88,1.9638,0.0000,0.00000,0.01138
5.88,7.88,1.8329,0.0000,0.00000,0.01035
6.12,7.88,1.8926,0.0000,0.00000,0.01057
6.38,7.88,2.1587,0.0000,0.00000,0.01189
6.62,7.88,1.5645,0.0000,0.00000,0.00877
6.88,7.88,1.6061,0.0000,0.00000,0.00886
7.12,7.88,2.2302,0.0000,0.00000,0.01175
7.38,7.88,1.7745,0.0000,0.00000,0.00919
2.62,8.12,0.0402,0.0000,0.00000,0.00024
2.88,8.12,0.1995,0.0000,0.00000,0.00123
3.12,8.12,0.6529,0.0000,0.00000,0.00425
3.38,8.12,1.2703,0.0000,0.00000,0.00854
3.62,8.12,1.5189,0.0000,0.00000,0.01045
3.88,8.12,1.4228,0.0000,0.00000,0.01017
4.12,8.12,1.5923,0.0000,0.00000,0.01117
4.38,8.12,1.7794,0.0000,0.00000,0.01160
4.62,8.12,1.6420,0.0000,0.00000,0.01039
4.88,8.12,1.7757,0.0000,0.00000,0.01085
5.12,8.12,1.9187,0.0000,0.00000,0.01135
5.38,8.12,1.8196,0.0000,0.00000,0.01052
5.62,8.12,1.9625,0.0000,0.00000,0.01068
5.88,8.12,1.8577,0.0000,0.00000,0.00971
6.12,8.12,1.9205,0.0000,0.00000,0.00961
6.38,8.12,2.1814,0.0000,0.00000,0.01055
6.62,8.12,1.5767,0.0000,0.00000,0.00781
6.88,8.12,1.6125,0.0000,0.00000,0.00792
7.12,8.12,2.2425,0.0000,0.00000,0.01046
7.38,8.12,1.7863,0.0000,0.00000,0.00815
2.62,8.38,0.0382,0.0000,0.00000,0.00022
2.88,8.38,0.1904,0.0000,0.00000,0.00116
3.12,8.38,0.6310,0.0000,0.00000,0.00404
3.38,8.38,1.2573,0.0000,0.00000,0.00825
3.62,8.38,1.5357,0.0000,0.00000,0.01029
3.88,8.38,1.4342,0.0000,0.00000,0.01041
4.12,8.38,1.5948,0.0000,0.00000,0.01188
4.38,8.38,1.7938,0.0000,0.00000,0.01221
4.62,8.38,1.6423,0.0000,0.00000,0.01042
4.88,8.38,1.7728,0.0000,0.00000,0.01057
5.12,8.38,1.9392,0.0000,0.00000,0.01117
5.38,8.38,1.8253,0.0000,0.00000,0.01029
5.62,8.38,1.9637,0.0000,0.00000,0.01038
5.88,8.38,1.8866,0.0000,0.00000,0.00948
6.12,8.38,1.9513,0.0000,0.00000,0.00915
6.38,8.38,2.2030,0.0000,0.00000,0.00988
6.62,8.38,1.5870,0.0000,0.00000,0.00734
6.88,8.38,1.6184,0.0000,0.00000,0.00733
7.12,8.38,2.2544,0.0000,0.00000,0.00951
7.38,8.38,1.7976,0.0000,0.00000,0.00737
2.62,8.62,0.0361,0.0000,0.00000,0.00021
2.88,8.62,0.1806,0.0000,0.00000,0.00113
3.12,8.62,0.6066,0.0000,0.00000,0.00401
3.38,8.62,1.2410,0.0000,0.00000,0.00839
3.62,8.62,1.5522,0.0000,0.00000,0.01054
3.88,8.62,1.4474,0.0000,0.00000,0.01017
4.12,8.62,1.5978,0.0000,0.00000,0.01145
4.38,8.62,1.8100,0.0000,0.00000,0.01232
4.62,8.62,1.6460,0.0000,0.00000,0.01051
4.88,8.62,1.7698,0.0000,0.00000,0.01040
5.12,8.62,1.9586,0.0000,0.00000,0.01095
5.38,8.62,1.8311,0.0000,0.00000,0.01009
5.62,8.62,1.9642,0.0000,0.00000,0.01033
5.88,8.62,1.9145,0.0000,0.00000,0.00951
6.12,8.62,1.9763,0.0000,0.00000,0.00899
6.38,8.62,2.2135,0.0000,0.00000,0.00958
6.62,8.62,1.5893,0.0000,0.00000,0.00711
6.88,8.62,1.6196,0.0000,0.00000,0.00705
7.12,8.62,2.2628,0.0000,0.00000,0.00918
7.38,8.62,1.8070,0.0000,0.00000,0.00714
2.62,8.88,0.0349,0.0000,0.00000,0.00020
2.88,8.88,0.1737,0.0000,0.00000,0.00109
3.12,8.88,0.5864,0.0000,0.00000,0.00393
3.38,8.88,1.2259,0.0000,0.00000,0.00847
3.62,8.88,1.5666,0.0000,0.00000,0.01075
3.88,8.88,1.4583,0.0000,0.00000,0.00973
4.12,8.88,1.6000,0.0000,0.00000,0.01031
4.38,8.88,1.8278,0.0000,0.00000,0.01143
4.62,8.88,1.6522,0.0000,0.00000,0.01007
4.88,8.88,1.7708,0.0000,0.00000,0.01013
5.12,8.88,1.9826,0.0000,0.00000,0.01069
5.38,8.88,1.8336,0.0000,0.00000,0.00977
5.62,8.88,1.9566,0.0000,0.00000,0.01005
5.88,8.88,1.9431,0.0000,0.00000,0.00931
6.12,8.88,2.0047,0.0000,0.00000,0.00880
6.38,8.88,2.2270,0.0000,0.00000,0.00939
6.62,8.88,1.5974,0.0000,0.00000,0.00696
6.88,8.88,1.6269,0.0000,0.00000,0.00690
7.12,8.88,2.2744,0.0000,0.00000,0.00908
7.38,8.88,1.8172,0.0000,0.00000,0.00712
2.62,9.12,0.0340,0.0000,0.00000,0.00021
2.88,9.12,0.1679,0.0000,0.00000,0.00109
3.12,9.12,0.5688,0.0000,0.00000,0.00379
3.38,9.12,1.2121,0.0000,0.00000,0.00805
3.62,9.12,1.5775,0.0000,0.00000,0.01023
3.88,9.12,1.4642,0.0000,0.00000,0.00914
4.12,9.12,1.6014,0.0000,0.00000,0.00939
4.38,9.12,1.8486,0.0000,0.00000,0.01043
4.62,9.12,1.6623,0.0000,0.00000,0.00932
4.88,9.12,1.7748,0.0000,0.00000,0.00955
5.12,9.12,2.0074,0.0000,0.00000,0.01021
5.38,9.12,1.8340,0.0000,0.00000,0.00915
5.62,9.12,1.9473,0.0000,0.00000,0.00927
5.88,9.12,1.9758,0.0000,0.00000,0.00881
6.12,9.12,2.0399,0.0000,0.00000,0.00849
6.38,9.12,2.2468,0.0000,0.00000,0.00909
6.62,9.12,1.6116,0.0000,0.00000,0.00679
6.88,9.12,1.6416,0.0000,0.00000,0.00675
7.12,9.12,2.2939,0.0000,0.00000,0.00888
7.38,9.12,1.8331,0.0000,0.00000,0.00697
2.62,9.38,0.0327,0.0000,0.00000,0.00030
2.88,9.38,0.1604,0.0000,0.00000,0.00135
3.12,9.38,0.5462,0.0000,0.00000,0.00405
3.38,9.38,1.1918,0.0000,0.00000,0.00785
3.62,9.38,1.5855,0.0000,0.00000,0.00975
3.88,9.38,1.4717,0.0000,0.00000,0.00870
4.12,9.38,1.6044,0.0000,0.00000,0.00892
4.38,9.38,1.8679,0.0000,0.00000,0.00991
4.62,9.38,1.6690,0.0000,0.00000,0.00894
4.88,9.38,1.7727,0.0000,0.00000,0.00962
5.12,9.38,2.0270,0.0000,0.00000,0.01070
5.38,9.38,1.8348,0.0000,0.00000,0.00912
5.62,9.38,1.9408,0.0000,0.00000,0.00870
5.88,9.38,2.0095,0.0000,0.00000,0.00846
6.12,9.38,2.0718,0.0000,0.00000,0.00820
6.38,9.38,2.2591,0.0000,0.00000,0.00867
6.62,9.38,1.6184,0.0000,0.00000,0.00646
6.88,9.38,1.6483,0.0000,0.00000,0.00646
7.12,9.38,2.3045,0.0000,0.00000,0.00855
7.38,9.38,1.8425,0.0000,0.00000,0.00673
2.62,9.62,0.0312,0.0000,0.00000,0.00038
2.88,9.62,0.1531,0.0000,0.00000,0.00159
3.12,9.62,0.5260,0.0000,0.00000,0.00430
3.38,9.62,1.1732,0.0000,0.00000,0.00774
3.62,9.62,1.5910,0.0000,0.00000,0.00944
3.88,9.62,1.4782,0.0000,0.00000,0.00844
4.12,9.62,1.6053,0.0000,0.00000,0.00865
4.38,9.62,1.8841,0.0000,0.00000,0.00968
4.62,9.62,1.6743,0.0000,0.00000,0.00880
4.88,9.62,1.7697,0.0000,0.00000,0.00987
5.12,9.62,2.0444,0.0000,0.00000,0.01131
5.38,9.62,1.8316,0.0000,0.00000,0.00921
5.62,9.62,1.9285,0.0000,0.00000,0.00828
5.88,9.62,2.0401,0.0000,0.00000,0.00817
6.12,9.62,2.1037,0.0000,0.00000,0.00796
6.38,9.62,2.2738,0.0000,0.00000,0.00828
6.62,9.62,1.6271,0.0000,0.00000,0.00611
6.88,9.62,1.6522,0.0000,0.00000,0.00625
7.12,9.62,2.3082,0.0000,0.00000,0.00845
7.38,9.62,1.8460,0.0000,0.00000,0.00668
2.62,9.88,0.0302,0.0000,0.00000,0.00029
2.88,9.88,0.1478,0.0000,0.00000,0.00127
3.12,9.88,0.5114,0.0000,0.00000,0.00369
3.38,9.88,1.1628,0.0000,0.00000,0.00719
3.62,9.88,1.6027,0.0000,0.00000,0.00920
3.88,9.88,1.4842,0.0000,0.00000,0.00840
4.12,9.88,1.5979,0.0000,0.00000,0.00868
4.38,9.88,1.8936,0.0000,0.00000,0.00985
4.62,9.88,1.6857,0.0000,0.00000,0.00873
4.88,9.88,1.7789,0.0000,0.00000,0.00912
5.12,9.88,2.0670,0.0000,0.00000,0.01020
5.38,9.88,1.8261,0.0000,0.00000,0.00835
5.62,9.88,1.9163,0.0000,0.00000,0.00774
5.88,9.88,2.0777,0.0000,0.00000,0.00789
6.12,9.88,2.1447,0.0000,0.00000,0.00778
6.38,9.88,2.2967,0.0000,0.00000,0.00804
6.62,9.88,1.6419,0.0000,0.00000,0.00589
6.88,9.88,1.6611,0.0000,0.00000,0.00608
7.12,9.88,2.3177,0.0000,0.00000,0.00831
7.38,9.88,1.8542,0.0000,0.00000,0.00660
2.62,10.12,0.0296,0.0000,0.00000,0.00019
2.88,10.12,0.1436,0.0000,0.00000,0.00090
3.12,10.12,0.4980,0.0000,0.00000,0.00304
3.38,10.12,1.1555,0.0000,0.00000,0.00668
3.62,10.12,1.6231,0.0000,0.00000,0.00908
3.88,10.12,1.5000,0.0000,0.00000,0.00843
4.12,10.12,1.5918,0.0000,0.00000,0.00874
4.38,10.12,1.8946,0.0000,0.00000,0.01000
4.62,10.12,1.6908,0.0000,0.00000,0.00859
4.88,10.12,1.7851,0.0000,0.00000,0.00823
5.12,10.12,2.0894,0.0000,0.00000,0.00892
5.38,10.12,1.8261,0.0000,0.00000,0.00747
5.62,10.12,1.9129,0.0000,0.00000,0.00728
5.88,10.12,2.1248,0.0000,0.00000,0.00764
6.12,10.12,2.1867,0.0000,0.00000,0.00751
6.38,10.12,2.3129,0.0000,0.00000,0.00775
6.62,10.12,1.6548,0.0000,0.00000,0.00571
6.88,10.12,1.6756,0.0000,0.00000,0.00572
7.12,10.12,2.3361,0.0000,0.00000,0.00770
7.38,10.12,1.8693,0.0000,0.00000,0.00610
2.62,10.38,0.0290,0.0000,0.00000,0.00015
2.88,10.38,0.1393,0.0000,0.00000,0.00075
3.12,10.38,0.4837,0.0000,0.00000,0.00271
3.38,10.38,1.1446,0.0000,0.00000,0.00630
3.62,10.38,1.6386,0.0000,0.00000,0.00878
3.88,10.38,1.5155,0.0000,0.00000,0.00808
4.12,10.38,1.5877,0.0000,0.00000,0.00820
4.38,10.38,1.8963,0.0000,0.00000,0.00935
4.62,10.38,1.6954,0.0000,0.00000,0.00802
4.88,10.38,1.7847,0.0000,0.00000,0.00764
5.12,10.38,2.1039,0.0000,0.00000,0.00834
5.38,10.38,1.8209,0.0000,0.00000,0.00705
5.62,10.38,1.9020,0.0000,0.00000,0.00703
5.88,10.38,2.1636,0.0000,0.00000,0.00760
6.12,10.38,2.2193,0.0000,0.00000,0.00741
6.38,10.38,2.3185,0.0000,0.00000,0.00756
6.62,10.38,1.6633,0.0000,0.00000,0.00559
6.88,10.38,1.6863,0.0000,0.00000,0.00541
7.12,10.38,2.3470,0.0000,0.00000,0.00714
7.38,10.38,1.8780,0.0000,0.00000,0.00565
2.62,10.62,0.0280,0.0000,0.00000,0.00013
2.88,10.62,0.1335,0.0000,0.00000,0.00067
3.12,10.62,0.4656,0.0000,0.00000,0.00250
3.38,10.62,1.1252,0.0000,0.00000,0.00604
3.62,10.62,1.6446,0.0000,0.00000,0.00859
3.88,10.62,1.5288,0.0000,0.00000,0.00777
4.12,10.62,1.5872,0.0000,0.00000,0.00760
4.38,10.62,1.9064,0.0000,0.00000,0.00860
4.62,10.62,1.7102,0.0000,0.00000,0.00749
4.88,10.62,1.7881,0.0000,0.00000,0.00731
5.12,10.62,2.1140,0.0000,0.00000,0.00812
5.38,10.62,1.8084,0.0000,0.00000,0.00687
5.62,10.62,1.8825,0.0000,0.00000,0.00700
5.88,10.62,2.1951,0.0000,0.00000,0.00782
6.12,10.62,2.2509,0.0000,0.00000,0.00752
6.38,10.62,2.3292,0.0000,0.00000,0.00742
6.62,10.62,1.6783,0.0000,0.00000,0.00538
6.88,10.62,1.7020,0.0000,0.00000,0.00521
7.12,10.62,2.3608,0.0000,0.00000,0.00693
7.38,10.62,1.8882,0.0000,0.00000,0.00549
2.62,10.88,0.0266,0.0000,0.00000,0.00012
2.88,10.88,0.1270,0.0000,0.00000,0.00062
3.12,10.88,0.4482,0.0000,0.00000,0.00236
3.38,10.88,1.1056,0.0000,0.00000,0.00587
3.62,10.88,1.6462,0.0000,0.00000,0.00852
3.88,10.88,1.5432,0.0000,0.00000,0.00768
4.12,10.88,1.5905,0.0000,0.00000,0.00730
4.38,10.88,1.9171,0.0000,0.00000,0.00822
4.62,10.88,1.7292,0.0000,0.00000,0.00721
4.88,10.88,1.7990,0.0000,0.00000,0.00715
5.12,10.88,2.1282,0.0000,0.00000,0.00806
5.38,10.88,1.8020,0.0000,0.00000,0.00680
5.62,10.88,1.8733,0.0000,0.00000,0.00696
5.88,10.88,2.2339,0.0000,0.00000,0.00792
6.12,10.88,2.2858,0.0000,0.00000,0.00751
6.38,10.88,2.3439,0.0000,0.00000,0.00721
6.62,10.88,1.6995,0.0000,0.00000,0.00520
6.88,10.88,1.7221,0.0000,0.00000,0.00524
7.12,10.88,2.3755,0.0000,0.00000,0.00713
7.38,10.88,1.8979,0.0000,0.00000,0.00568
2.62,11.12,0.0250,0.0000,0.00000,0.00011
2.88,11.12,0.1201,0.0000,0.00000,0.00059
3.12,11.12,0.4296,0.0000,0.00000,0.00224
3.38,11.12,1.0804,0.0000,0.00000,0.00564
3.62,11.12,1.6384,0.0000,0.00000,0.00832
3.88,11.12,1.5555,0.0000,0.00000,0.00761
4.12,11.12,1.5943,0.0000,0.00000,0.00721
4.38,11.12,1.9242,0.0000,0.00000,0.00806
4.62,11.12,1.7477,0.0000,0.00000,0.00704
4.88,11.12,1.8093,0.0000,0.00000,0.00697
5.12,11.12,2.1406,0.0000,0.00000,0.00792
5.38,11.12,1.8016,0.0000,0.00000,0.00669
5.62,11.12,1.8692,0.0000,0.00000,0.00674
5.88,11.12,2.2652,0.0000,0.00000,0.00768
6.12,11.12,2.3051,0.0000,0.00000,0.00730
6.38,11.12,2.3433,0.0000,0.00000,0.00704
6.62,11.12,1.7142,0.0000,0.00000,0.00517
6.88,11.12,1.7373,0.0000,0.00000,0.00537
7.12,11.12,2.3813,0.0000,0.00000,0.00733
7.38,11.12,1.9001,0.0000,0.00000,0.00583
2.62,11.38,0.0234,0.0000,0.00000,0.00011
2.88,11.38,0.1131,0.0000,0.00000,0.00056
3.12,11.38,0.4103,0.0000,0.00000,0.00213
3.38,11.38,1.0532,0.0000,0.00000,0.00541
3.62,11.38,1.6318,0.0000,0.00000,0.00811
3.88,11.38,1.5746,0.0000,0.00000,0.00757
4.12,11.38,1.6002,0.0000,0.00000,0.00717
4.38,11.38,1.9299,0.0000,0.00000,0.00797
4.62,11.38,1.7719,0.0000,0.00000,0.00700
4.88,11.38,1.8206,0.0000,0.00000,0.00685
5.12,11.38,2.1451,0.0000,0.00000,0.00778
5.38,11.38,1.7977,0.0000,0.00000,0.00657
5.62,11.38,1.8651,0.0000,0.00000,0.00652
5.88,11.38,2.2952,0.0000,0.00000,0.00749
6.12,11.38,2.3228,0.0000,0.00000,0.00719
6.38,11.38,2.3440,0.0000,0.00000,0.00701
6.62,11.38,1.7348,0.0000,0.00000,0.00523
6.88,11.38,1.7603,0.0000,0.00000,0.00534
7.12,11.38,2.3949,0.0000,0.00000,0.00716
7.38,11.38,1.9080,0.0000,0.00000,0.00567
2.62,11.62,0.0218,0.0000,0.00000,0.00010
2.88,11.62,0.1063,0.0000,0.00000,0.00053
3.12,11.62,0.3918,0.0000,0.00000,0.00203
3.38,11.62,1.0236,0.0000,0.00000,0.00522
3.62,11.62,1.6203,0.0000,0.00000,0.00797
3.88,11.62,1.5946,0.0000,0.00000,0.00754
4.12,11.62,1.6024,0.0000,0.00000,0.00708
4.38,11.62,1.9269,0.0000,0.00000,0.00790
4.62,11.62,1.7976,0.0000,0.00000,0.00706
4.88,11.62,1.8367,0.0000,0.00000,0.00687
5.12,11.62,2.1496,0.0000,0.00000,0.00776
5.38,11.62,1.7944,0.0000,0.00000,0.00654
5.62,11.62,1.8635,0.0000,0.00000,0.00639
5.88,11.62,2.3290,0.0000,0.00000,0.00742
6.12,11.62,2.3414,0.0000,0.00000,0.00724
6.38,11.62,2.3448,0.0000,0.00000,0.00716
6.62,11.62,1.7617,0.0000,0.00000,0.00539
6.88,11.62,1.7895,0.0000,0.00000,0.00535
7.12,11.62,2.4116,0.0000,0.00000,0.00704
7.38,11.62,1.9176,0.0000,0.00000,0.00556
2.62,11.88,0.0199,0.0000,0.00000,0.00009
2.88,11.88,0.0990,0.0000,0.00000,0.00049
3.12,11.88,0.3725,0.0000,0.00000,0.00190
3.38,11.88,0.9889,0.0000,0.00000,0.00499
3.62,11.88,1.6000,0.0000,0.00000,0.00778
3.88,11.88,1.6133,0.0000,0.00000,0.00749
4.12,11.88,1.6019,0.0000,0.00000,0.00698
4.38,11.88,1.9162,0.0000,0.00000,0.00784
4.62,11.88,1.8246,0.0000,0.00000,0.00716
4.88,11.88,1.8548,0.0000,0.00000,0.00694
5.12,11.88,2.1530,0.0000,0.00000,0.00779
5.38,11.88,1.7937,0.0000,0.00000,0.00649
5.62,11.88,1.8613,0.0000,0.00000,0.00630
5.88,11.88,2.3540,0.0000,0.00000,0.00742
6.12,11.88,2.3428,0.0000,0.00000,0.00725
6.38,11.88,2.3288,0.0000,0.00000,0.00718
6.62,11.88,1.7889,0.0000,0.00000,0.00551
6.88,11.88,1.8190,0.0000,0.00000,0.00538
7.12,11.88,2.4181,0.0000,0.00000,0.00694
7.38,11.88,1.9172,0.0000,0.00000,0.00547
2.62,12.12,0.0177,0.0000,0.00000,0.00008
2.88,12.12,0.0903,0.0000,0.00000,0.00042
3.12,12.12,0.3503,0.0000,0.00000,0.00171
3.38,12.12,0.9505,0.0000,0.00000,0.00469
3.62,12.12,1.5773,0.0000,0.00000,0.00753
3.88,12.12,1.6329,0.0000,0.00000,0.00743
4.12,12.12,1.5986,0.0000,0.00000,0.00691
4.38,12.12,1.9006,0.0000,0.00000,0.00778
4.62,12.12,1.8568,0.0000,0.00000,0.00727
4.88,12.12,1.8755,0.0000,0.00000,0.00700
5.12,12.12,2.1552,0.0000,0.00000,0.00774
5.38,12.12,1.8016,0.0000,0.00000,0.00639
5.62,12.12,1.8690,0.0000,0.00000,0.00628
5.88,12.12,2.3780,0.0000,0.00000,0.00757
6.12,12.12,2.3390,0.0000,0.00000,0.00731
6.38,12.12,2.3149,0.0000,0.00000,0.00720
6.62,12.12,1.8292,0.0000,0.00000,0.00567
6.88,12.12,1.8585,0.0000,0.00000,0.00549
7.12,12.12,2.4277,0.0000,0.00000,0.00693
7.38,12.12,1.9179,0.0000,0.00000,0.00544
2.62,12.38,0.0154,0.0000,0.00000,0.00006
2.88,12.38,0.0815,0.0000,0.00000,0.00036
3.12,12.38,0.3281,0.0000,0.00000,0.00157
3.38,12.38,0.9110,0.0000,0.00000,0.00447
3.62,12.38,1.5542,0.0000,0.00000,0.00740
3.88,12.38,1.6558,0.0000,0.00000,0.00752
4.12,12.38,1.5936,0.0000,0.00000,0.00695
4.38,12.38,1.8830,0.0000,0.00000,0.00780
4.62,12.38,1.8981,0.0000,0.00000,0.00748
4.88,12.38,1.9008,0.0000,0.00000,0.00711
5.12,12.38,2.1559,0.0000,0.00000,0.00773
5.38,12.38,1.8221,0.0000,0.00000,0.00643
5.62,12.38,1.8903,0.0000,0.00000,0.00643
5.88,12.38,2.4015,0.0000,0.00000,0.00785
6.12,12.38,2.3267,0.0000,0.00000,0.00755
6.38,12.38,2.2972,0.0000,0.00000,0.00746
6.62,12.38,1.8793,0.0000,0.00000,0.00606
6.88,12.38,1.9102,0.0000,0.00000,0.00587
7.12,12.38,2.4458,0.0000,0.00000,0.00729
7.38,12.38,1.9238,0.0000,0.00000,0.00570
2.62,12.62,0.0130,0.0000,0.00000,0.00005
2.88,12.62,0.0726,0.0000,0.00000,0.00032
3.12,12.62,0.3055,0.0000,0.00000,0.00148
3.38,12.62,0.8694,0.0000,0.00000,0.00431
3.62,12.62,1.5311,0.0000,0.00000,0.00739
3.88,12.62,1.6854,0.0000,0.00000,0.00779
4.12,12.62,1.5906,0.0000,0.00000,0.00706
4.38,12.62,1.8629,0.0000,0.00000,0.00784
4.62,12.62,1.9453,0.0000,0.00000,0.00782
4.88,12.62,1.9246,0.0000,0.00000,0.00737
5.12,12.62,2.1471,0.0000,0.00000,0.00786
5.38,12.62,1.8481,0.0000,0.00000,0.00666
5.62,12.62,1.9172,0.0000,0.00000,0.00672
5.88,12.62,2.4134,0.0000,0.00000,0.00819
6.12,12.62,2.2862,0.0000,0.00000,0.00773
6.38,12.62,2.2489,0.0000,0.00000,0.00755
6.62,12.62,1.9246,0.0000,0.00000,0.00635
6.88,12.62,1.9688,0.0000,0.00000,0.00641
7.12,12.62,2.4652,0.0000,0.00000,0.00799
7.38,12.62,1.9287,0.0000,0.00000,0.00625
2.62,12.88,0.0104,0.0000,0.00000,0.00004
2.88,12.88,0.0625,0.0000,0.00000,0.00028
3.12,12.88,0.2778,0.0000,0.00000,0.00136
3.38,12.88,0.8147,0.0000,0.00000,0.00411
3.62,12.88,1.4941,0.0000,0.00000,0.00741
3.88,12.88,1.7132,0.0000,0.00000,0.00819
4.12,12.88,1.5853,0.0000,0.00000,0.00718
4.38,12.88,1.8324,0.0000,0.00000,0.00775
4.62,12.88,1.9887,0.0000,0.00000,0.00805
4.88,12.88,1.9450,0.0000,0.00000,0.00758
5.12,12.88,2.1332,0.0000,0.00000,0.00798
5.38,12.88,1.8812,0.0000,0.00000,0.00687
5.62,12.88,1.9515,0.0000,0.00000,0.00692
5.88,12.88,2.4195,0.0000,0.00000,0.00835
6.12,12.88,2.2335,0.0000,0.00000,0.00762
6.38,12.88,2.1923,0.0000,0.00000,0.00725
6.62,12.88,1.9751,0.0000,0.00000,0.00636
6.88,12.88,2.0359,0.0000,0.00000,0.00694
7.12,12.88,2.4891,0.0000,0.00000,0.00885
7.38,12.88,1.9356,0.0000,0.00000,0.00693
2.62,13.12,0.0081,0.0000,0.00000,0.00003
2.88,13.12,0.0530,0.0000,0.00000,0.00024
3.12,13.12,0.2495,0.0000,0.00000,0.00122
3.38,13.12,0.7519,0.0000,0.00000,0.00381
3.62,13.12,1.4411,0.0000,0.00000,0.00729
3.88,13.12,1.7318,0.0000,0.00000,0.00854
4.12,13.12,1.5797,0.0000,0.00000,0.00736
4.38,13.12,1.7989,0.0000,0.00000,0.00768
4.62,13.12,2.0254,0.0000,0.00000,0.00819
4.88,13.12,1.9548,0.0000,0.00000,0.00770
5.12,13.12,2.1085,0.0000,0.00000,0.00807
5.38,13.12,1.9179,0.0000,0.00000,0.00713
5.62,13.12,1.9900,0.0000,0.00000,0.00698
5.88,13.12,2.4202,0.0000,0.00000,0.00819
6.12,13.12,2.1796,0.0000,0.00000,0.00743
6.38,13.12,2.1459,0.0000,0.00000,0.00714
6.62,13.12,2.0411,0.0000,0.00000,0.00656
6.88,13.12,2.1095,0.0000,0.00000,0.00731
7.12,13.12,2.5096,0.0000,0.00000,0.00925
7.38,13.12,1.9382,0.0000,0.00000,0.00722
2.62,13.38,0.0063,0.0000,0.00000,0.00003
2.88,13.38,0.0456,0.0000,0.00000,0.00021
3.12,13.38,0.2244,0.0000,0.00000,0.00109
3.38,13.38,0.6896,0.0000,0.00000,0.00348
3.62,13.38,1.3840,0.0000,0.00000,0.00699
3.88,13.38,1.7467,0.0000,0.00000,0.00862
4.12,13.38,1.5789,0.0000,0.00000,0.00750
4.38,13.38,1.7708,0.0000,0.00000,0.00777
4.62,13.38,2.0562,0.0000,0.00000,0.00848
4.88,13.38,1.9522,0.0000,0.00000,0.00788
5.12,13.38,2.0759,0.0000,0.00000,0.00822
5.38,13.38,1.9644,0.0000,0.00000,0.00751
5.62,13.38,2.0399,0.0000,0.00000,0.00721
5.88,13.38,2.4202,0.0000,0.00000,0.00818
6.12,13.38,2.1155,0.0000,0.00000,0.00731
6.38,13.38,2.0874,0.0000,0.00000,0.00712
6.62,13.38,2.1048,0.0000,0.00000,0.00684
6.88,13.38,2.1839,0.0000,0.00000,0.00725
7.12,13.38,2.5281,0.0000,0.00000,0.00868
7.38,13.38,1.9386,0.0000,0.00000,0.00670
2.62,13.62,0.0052,0.0000,0.00000,0.00002
2.88,13.62,0.0405,0.0000,0.00000,0.00019
3.12,13.62,0.2047,0.0000,0.00000,0.00101
3.38,13.62,0.6369,0.0000,0.00000,0.00326
3.62,13.62,1.3330,0.0000,0.00000,0.00675
3.88,13.62,1.7540,0.0000,0.00000,0.00866
4.12,13.62,1.5731,0.0000,0.00000,0.00762
4.38,13.62,1.7451,0.0000,0.00000,0.00793
4.62,13.62,2.0822,0.0000,0.00000,0.00887
4.88,13.62,1.9424,0.0000,0.00000,0.00813
5.12,13.62,2.0464,0.0000,0.00000,0.00829
5.38,13.62,2.0318,0.0000,0.00000,0.00778
5.62,13.62,2.1125,0.0000,0.00000,0.00758
5.88,13.62,2.4336,0.0000,0.00000,0.00847
6.12,13.62,2.0559,0.0000,0.00000,0.00729
6.38,13.62,2.0292,0.0000,0.00000,0.00709
6.62,13.62,2.1709,0.0000,0.00000,0.00720
6.88,13.62,2.2641,0.0000,0.00000,0.00739
7.12,13.62,2.5544,0.0000,0.00000,0.00836
7.38,13.62,1.9451,0.0000,0.00000,0.00637
2.62,13.88,0.0045,0.0000,0.00000,0.00002
2.88,13.88,0.0364,0.0000,0.00000,0.00018
3.12,13.88,0.1862,0.0000,0.00000,0.00096
3.38,13.88,0.5877,0.0000,0.00000,0.00311
3.62,13.88,1.2847,0.0000,0.00000,0.00666
3.88,13.88,1.7568,0.0000,0.00000,0.00884
4.12,13.88,1.5710,0.0000,0.00000,0.00783
4.38,13.88,1.7257,0.0000,0.00000,0.00825
4.62,13.88,2.0980,0.0000,0.00000,0.00951
4.88,13.88,1.9160,0.0000,0.00000,0.00843
5.12,13.88,2.0060,0.0000,0.00000,0.00826
5.38,13.88,2.1027,0.0000,0.00000,0.00804
5.62,13.88,2.1855,0.0000,0.00000,0.00801
5.88,13.88,2.4385,0.0000,0.00000,0.00884
6.12,13.88,1.9977,0.0000,0.00000,0.00743
6.38,13.88,1.9783,0.0000,0.00000,0.00728
6.62,13.88,2.2362,0.0000,0.00000,0.00777
6.88,13.88,2.3404,0.0000,0.00000,0.00784
7.12,13.88,2.5782,0.0000,0.00000,0.00854
7.38,13.88,1.9501,0.0000,0.00000,0.00644
2.62,14.12,0.0040,0.0000,0.00000,0.00002
2.88,14.12,0.0334,0.0000,0.00000,0.00018
3.12,14.12,0.1711,0.0000,0.00000,0.00094
3.38,14.12,0.5452,0.0000,0.00000,0.00303
3.62,14.12,1.2413,0.0000,0.00000,0.00665
3.88,14.12,1.7597,0.0000,0.00000,0.00910
4.12,14.12,1.5728,0.0000,0.00000,0.00816
4.38,14.12,1.7032,0.0000,0.00000,0.00912
4.62,14.12,2.0959,0.0000,0.00000,0.01110
4.88,14.12,1.8763,0.0000,0.00000,0.00942
5.12,14.12,1.9546,0.0000,0.00000,0.00860
5.38,14.12,2.1582,0.0000,0.00000,0.00858
5.62,14.12,2.2395,0.0000,0.00000,0.00849
5.88,14.12,2.4266,0.0000,0.00000,0.00909
6.12,14.12,1.9392,0.0000,0.00000,0.00754
6.38,14.12,1.9290,0.0000,0.00000,0.00749
6.62,14.12,2.2889,0.0000,0.00000,0.00825
6.88,14.12,2.4007,0.0000,0.00000,0.00826
7.12,14.12,2.5889,0.0000,0.00000,0.00879
7.38,14.12,1.9463,0.0000,0.00000,0.00659
2.62,14.38,0.0036,0.0000,0.00000,0.00002
2.88,14.38,0.0307,0.0000,0.00000,0.00017
3.12,14.38,0.1580,0.0000,0.00000,0.00092
3.38,14.38,0.5091,0.0000,0.00000,0.00299
3.62,14.38,1.2011,0.0000,0.00000,0.00675
3.88,14.38,1.7550,0.0000,0.00000,0.00951
4.12,14.38,1.5721,0.0000,0.00000,0.00875
4.38,14.38,1.6760,0.0000,0.00000,0.01006
4.62,14.38,2.0766,0.0000,0.00000,0.01258
4.88,14.38,1.8329,0.0000,0.00000,0.01039
5.12,14.38,1.9087,0.0000,0.00000,0.00905
5.38,14.38,2.2065,0.0000,0.00000,0.00923
5.62,14.38,2.2840,0.0000,0.00000,0.00906
5.88,14.38,2.4157,0.0000,0.00000,0.00941
6.12,14.38,1.8984,0.0000,0.00000,0.00765
6.38,14.38,1.8983,0.0000,0.00000,0.00768
6.62,14.38,2.3417,0.0000,0.00000,0.00883
6.88,14.38,2.4546,0.0000,0.00000,0.00889
7.12,14.38,2.5965,0.0000,0.00000,0.00933
7.38,14.38,1.9412,0.0000,0.00000,0.00696
2.62,14.62,0.0031,0.0000,0.00000,0.00002
2.88,14.62,0.0279,0.0000,0.00000,0.00016
3.12,14.62,0.1466,0.0000,0.00000,0.00090
3.38,14.62,0.4780,0.0000,0.00000,0.00300
3.62,14.62,1.1591,0.0000,0.00000,0.00703
3.88,14.62,1.7397,0.0000,0.00000,0.01037
4.12,14.62,1.5755,0.0000,0.00000,0.00979
4.38,14.62,1.6586,0.0000,0.00000,0.01036
4.62,14.62,2.0560,0.0000,0.00000,0.01226
4.88,14.62,1.7960,0.0000,0.00000,0.01024
5.12,14.62,1.8738,0.0000,0.00000,0.00935
5.38,14.62,2.2517,0.0000,0.00000,0.00998
5.62,14.62,2.3192,0.0000,0.00000,0.00978
5.88,14.62,2.4002,0.0000,0.00000,0.00992
6.12,14.62,1.8681,0.0000,0.00000,0.00802
6.38,14.62,1.8781,0.0000,0.00000,0.00814
6.62,14.62,2.3871,0.0000,0.00000,0.00960
6.88,14.62,2.5038,0.0000,0.00000,0.00976
7.12,14.62,2.6111,0.0000,0.00000,0.01021
7.38,14.62,1.9438,0.0000,0.00000,0.00762
2.62,14.88,0.0026,0.0000,0.00000,0.00002
2.88,14.88,0.0250,0.0000,0.00000,0.00016
3.12,14.88,0.1338,0.0000,0.00000,0.00088
3.38,14.88,0.4419,0.0000,0.00000,0.00302
3.62,14.88,1.1041,0.0000,0.00000,0.00736
3.88,14.88,1.7115,0.0000,0.00000,0.01137
4.12,14.88,1.5848,0.0000,0.00000,0.01101
4.38,14.88,1.6484,0.0000,0.00000,0.01076
4.62,14.88,2.0334,0.0000,0.00000,0.01205
4.88,14.88,1.7669,0.0000,0.00000,0.01027
5.12,14.88,1.8475,0.0000,0.00000,0.00984
5.38,14.88,2.2850,0.0000,0.00000,0.01084
5.62,14.88,2.3332,0.0000,0.00000,0.01053
5.88,14.88,2.3705,0.0000,0.00000,0.01056
6.12,14.88,1.8424,0.0000,0.00000,0.00872
6.38,14.88,1.8637,0.0000,0.00000,0.00888
6.62,14.88,2.4234,0.0000,0.00000,0.01038
6.88,14.88,2.5431,0.0000,0.00000,0.01051
7.12,14.88,2.6214,0.0000,0.00000,0.01098
7.38,14.88,1.9446,0.0000,0.00000,0.00819
2.62,15.12,0.0023,0.0000,0.00000,0.00001
2.88,15.12,0.0226,0.0000,0.00000,0.00015
3.12,15.12,0.1213,0.0000,0.00000,0.00084
3.38,15.12,0.4055,0.0000,0.00000,0.00292
3.62,15.12,1.0435,0.0000,0.00000,0.00742
3.88,15.12,1.6779,0.0000,0.00000,0.01186
4.12,15.12,1.6036,0.0000,0.00000,0.01164
4.38,15.12,1.6405,0.0000,0.00000,0.01128
4.62,15.12,2.0013,0.0000,0.00000,0.01272
4.88,15.12,1.7445,0.0000,0.00000,0.01103
5.12,15.12,1.8313,0.0000,0.00000,0.01072
5.38,15.12,2.3062,0.0000,0.00000,0.01207
5.62,15.12,2.3328,0.0000,0.00000,0.01159
5.88,15.12,2.3432,0.0000,0.00000,0.01147
6.12,15.12,1.8394,0.0000,0.00000,0.00956
6.38,15.12,1.8686,0.0000,0.00000,0.00959
6.62,15.12,2.4554,0.0000,0.00000,0.01102
6.88,15.12,2.5719,0.0000,0.00000,0.01109
7.12,15.12,2.6259,0.0000,0.00000,0.01155
7.38,15.12,1.9423,0.0000,0.00000,0.00861
2.62,15.38,0.0020,0.0000,0.00000,0.00001
2.88,15.38,0.0199,0.0000,0.00000,0.00014
3.12,15.38,0.1075,0.0000,0.00000,0.00077
3.38,15.38,0.3663,0.0000,0.00000,0.00278
3.62,15.38,0.9724,0.0000,0.00000,0.00744
3.88,15.38,1.6289,0.0000,0.00000,0.01239
4.12,15.38,1.6243,0.0000,0.00000,0.01252
4.38,15.38,1.6375,0.0000,0.00000,0.01223
4.62,15.38,1.9685,0.0000,0.00000,0.01399
4.88,15.38,1.7368,0.0000,0.00000,0.01237
5.12,15.38,1.8242,0.0000,0.00000,0.01204
5.38,15.38,2.3081,0.0000,0.00000,0.01371
5.62,15.38,2.3060,0.0000,0.00000,0.01296
5.88,15.38,2.3023,0.0000,0.00000,0.01246
6.12,15.38,1.8478,0.0000,0.00000,0.01025
6.38,15.38,1.8849,0.0000,0.00000,0.01010
6.62,15.38,2.4733,0.0000,0.00000,0.01182
6.88,15.38,2.5830,0.0000,0.00000,0.01197
7.12,15.38,2.6204,0.0000,0.00000,0.01235
7.38,15.38,1.9344,0.0000,0.00000,0.00917
2.62,15.62,0.0017,0.0000,0.00000,0.00001
2.88,15.62,0.0166,0.0000,0.00000,0.00012
3.12,15.62,0.0914,0.0000,0.00000,0.00070
3.38,15.62,0.3222,0.0000,0.00000,0.00266
3.62,15.62,0.8864,0.0000,0.00000,0.00747
3.88,15.62,1.5549,0.0000,0.00000,0.01306
4.12,15.62,1.6344,0.0000,0.00000,0.01388
4.38,15.62,1.6305,0.0000,0.00000,0.01365
4.62,15.62,1.9323,0.0000,0.00000,0.01564
4.88,15.62,1.7471,0.0000,0.00000,0.01419
5.12,15.62,1.8302,0.0000,0.00000,0.01370
5.38,15.62,2.2946,0.0000,0.00000,0.01549
5.62,15.62,2.2486,0.0000,0.00000,0.01445
5.88,15.62,2.2363,0.0000,0.00000,0.01374
6.12,15.62,1.8613,0.0000,0.00000,0.01137
6.38,15.62,1.9121,0.0000,0.00000,0.01113
6.62,15.62,2.4875,0.0000,0.00000,0.01335
6.88,15.62,2.5864,0.0000,0.00000,0.01359
7.12,15.62,2.6087,0.0000,0.00000,0.01382
7.38,15.62,1.9224,0.0000,0.00000,0.01021
2.62,15.88,0.0013,0.0000,0.00000,0.00001
2.88,15.88,0.0133,0.0000,0.00000,0.00010
3.12,15.88,0.0756,0.0000,0.00000,0.00064
3.38,15.88,0.2793,0.0000,0.00000,0.00258
3.62,15.88,0.7966,0.0000,0.00000,0.00743
3.88,15.88,1.4702,0.0000,0.00000,0.01348
4.12,15.88,1.6374,0.0000,0.00000,0.01511
4.38,15.88,1.6077,0.0000,0.00000,0.01505
4.62,15.88,1.8775,0.0000,0.00000,0.01737
4.88,15.88,1.7726,0.0000,0.00000,0.01652
5.12,15.88,1.8549,0.0000,0.00000,0.01614
5.38,15.88,2.2729,0.0000,0.00000,0.01795
5.62,15.88,2.1664,0.0000,0.00000,0.01638
5.88,15.88,2.1546,0.0000,0.00000,0.01569
6.12,15.88,1.8998,0.0000,0.00000,0.01372
6.38,15.88,1.9704,0.0000,0.00000,0.01348
6.62,15.88,2.5147,0.0000,0.00000,0.01602
6.88,15.88,2.5969,0.0000,0.00000,0.01619
7.12,15.88,2.6050,0.0000,0.00000,0.01626
7.38,15.88,1.9167,0.0000,0.00000,0.01198
2.62,16.12,0.0010,0.0000,0.00000,0.00001
2.88,16.12,0.0102,0.0000,0.00000,0.00009
3.12,16.12,0.0611,0.0000,0.00000,0.00060
3.38,16.12,0.2403,0.0000,0.00000,0.00253
3.62,16.12,0.7118,0.0000,0.00000,0.00744
3.88,16.12,1.3894,0.0000,0.00000,0.01401
4.12,16.12,1.6434,0.0000,0.00000,0.01660
4.38,16.12,1.5735,0.0000,0.00000,0.01671
4.62,16.12,1.8047,0.0000,0.00000,0.01949
4.88,16.12,1.8102,0.0000,0.00000,0.01967
5.12,16.12,1.8929,0.0000,0.00000,0.01977
5.38,16.12,2.2387,0.0000,0.00000,0.02186
5.62,16.12,2.0598,0.0000,0.00000,0.01958
5.88,16.12,2.0551,0.0000,0.00000,0.01926
6.12,16.12,1.9602,0.0000,0.00000,0.01851
6.38,16.12,2.0489,0.0000,0.00000,0.01820
6.62,16.12,2.5306,0.0000,0.00000,0.02062
6.88,16.12,2.5932,0.0000,0.00000,0.02042
7.12,16.12,2.5953,0.0000,0.00000,0.02024
7.38,16.12,1.9082,0.0000,0.00000,0.01485
2.62,16.38,0.0007,0.0000,0.00000,0.00001
2.88,16.38,0.0073,0.0000,0.00000,0.00008
3.12,16.38,0.0480,0.0000,0.00000,0.00054
3.38,16.38,0.2033,0.0000,0.00000,0.00243
3.62,16.38,0.6275,0.0000,0.00000,0.00736
3.88,16.38,1.3060,0.0000,0.00000,0.01466
4.12,16.38,1.6453,0.0000,0.00000,0.01851
4.38,16.38,1.5272,0.0000,0.00000,0.01869
4.62,16.38,1.7157,0.0000,0.00000,0.02199
4.88,16.38,1.8494,0.0000,0.00000,0.02367
5.12,16.38,1.9153,0.0000,0.00000,0.02435
5.38,16.38,2.1693,0.0000,0.00000,0.02706
5.62,16.38,1.9471,0.0000,0.00000,0.02470
5.88,16.38,1.9557,0.0000,0.00000,0.02552
6.12,16.38,2.0231,0.0000,0.00000,0.02711
6.38,16.38,2.1215,0.0000,0.00000,0.02728
6.62,16.38,2.5199,0.0000,0.00000,0.02969
6.88,16.38,2.5638,0.0000,0.00000,0.02805
7.12,16.38,2.5661,0.0000,0.00000,0.02665
7.38,16.38,1.8844,0.0000,0.00000,0.01929
2.62,16.62,0.0004,0.0000,0.00000,0.00000
2.88,16.62,0.0050,0.0000,0.00000,0.00006
3.12,16.62,0.0365,0.0000,0.00000,0.00047
3.38,16.62,0.1682,0.0000,0.00000,0.00225
3.62,16.62,0.5441,0.0000,0.00000,0.00715
3.88,16.62,1.2193,0.0000,0.00000,0.01529
4.12,16.62,1.6374,0.0000,0.00000,0.02060
4.38,16.62,1.4787,0.0000,0.00000,0.02068
4.62,16.62,1.6260,0.0000,0.00000,0.02458
4.88,16.62,1.8742,0.0000,0.00000,0.02852
5.12,16.62,1.8876,0.0000,0.00000,0.02966
5.38,16.62,2.0455,0.0000,0.00000,0.03310
5.62,16.62,1.8537,0.0000,0.00000,0.03180
5.88,16.62,1.8776,0.0000,0.00000,0.03432
6.12,16.62,2.0704,0.0000,0.00000,0.03958
6.38,16.62,2.1714,0.0000,0.00000,0.04213
6.62,16.62,2.4823,0.0000,0.00000,0.04586
6.88,16.62,2.5138,0.0000,0.00000,0.04211
7.12,16.62,2.5179,0.0000,0.00000,0.03867
7.38,16.62,1.8256,0.0000,0.00000,0.02745
2.62,16.88,0.0002,0.0000,0.00000,0.00000
2.88,16.88,0.0033,0.0000,0.00000,0.00005
3.12,16.88,0.0275,0.0000,0.00000,0.00041
3.38,16.88,0.1386,0.0000,0.00000,0.00211
3.62,16.88,0.4703,0.0000,0.00000,0.00697
3.88,16.88,1.1321,0.0000,0.00000,0.01581
4.12,16.88,1.6137,0.0000,0.00000,0.02238
4.38,16.88,1.4443,0.0000,0.00000,0.02236
4.62,16.88,1.5579,0.0000,0.00000,0.02722
4.88,16.88,1.8778,0.0000,0.00000,0.03396
5.12,16.88,1.8115,0.0000,0.00000,0.03525
5.38,16.88,1.8909,0.0000,0.00000,0.04003
5.62,16.88,1.8146,0.0000,0.00000,0.04209
5.88,16.88,1.8430,0.0000,0.00000,0.04662
6.12,16.88,2.0773,0.0000,0.00000,0.05528
6.38,16.88,2.1430,0.0000,0.00000,0.05924
6.62,16.88,2.3492,0.0000,0.00000,0.06384
6.88,16.88,2.3794,0.0000,0.00000,0.06067
7.12,16.88,2.3812,0.0000,0.00000,0.05764
7.38,16.88,1.6627,0.0000,0.00000,0.04027
2.62,17.12,0.0001,0.0000,0.00000,0.00000
2.88,17.12,0.0022,0.0000,0.00000,0.00004
3.12,17.12,0.0213,0.0000,0.00000,0.00035
3.38,17.12,0.1140,0.0000,0.00000,0.00193
3.62,17.12,0.4017,0.0000,0.00000,0.00661
3.88,17.12,1.0312,0.0000,0.00000,0.01586
4.12,17.12,1.5648,0.0000,0.00000,0.02369
4.38,17.12,1.4358,0.0000,0.00000,0.02408
4.62,17.12,1.5119,0.0000,0.00000,0.02949
4.88,17.12,1.8495,0.0000,0.00000,0.03815
5.12,17.12,1.7229,0.0000,0.00000,0.03923
5.38,17.12,1.7585,0.0000,0.00000,0.04641
5.62,17.12,1.8434,0.0000,0.00000,0.05520
5.88,17.12,1.8540,0.0000,0.00000,0.06267
6.12,17.12,2.0325,0.0000,0.00000,0.07305
6.38,17.12,2.0375,0.0000,0.00000,0.07440
6.62,17.12,2.1333,0.0000,0.00000,0.07606
6.88,17.12,2.1470,0.0000,0.00000,0.07474
7.12,17.12,2.1468,0.0000,0.00000,0.07344
7.38,17.12,1.5584,0.0000,0.00000,0.05304
7.62,17.12,0.7465,0.0000,0.00000,0.02513
2.62,17.38,0.0001,0.0000,0.00000,0.00000
2.88,17.38,0.0015,0.0000,0.00000,0.00002
3.12,17.38,0.0162,0.0000,0.00000,0.00027
3.38,17.38,0.0912,0.0000,0.00000,0.00162
3.62,17.38,0.3355,0.0000,0.00000,0.00590
3.88,17.38,0.9159,0.0000,0.00000,0.01520
4.12,17.38,1.4944,0.0000,0.00000,0.02436
4.38,17.38,1.4558,0.0000,0.00000,0.02583
4.62,17.38,1.4789,0.0000,0.00000,0.03048
4.88,17.38,1.7906,0.0000,0.00000,0.03940
5.12,17.38,1.6762,0.0000,0.00000,0.04124
5.38,17.38,1.6925,0.0000,0.00000,0.05095
5.62,17.38,1.8909,0.0000,0.00000,0.06638
5.88,17.38,1.8576,0.0000,0.00000,0.07581
6.12,17.38,1.9385,0.0000,0.00000,0.08712
6.38,17.38,1.9296,0.0000,0.00000,0.08941
6.62,17.38,1.9508,0.0000,0.00000,0.08955
6.88,17.38,1.9262,0.0000,0.00000,0.08545
7.12,17.38,1.9355,0.0000,0.00000,0.07844
7.38,17.38,1.7193,0.0000,0.00000,0.06272
7.62,17.38,1.1245,0.0000,0.00000,0.03664
7.88,17.38,0.5521,0.0000,0.00000,0.01571
2.62,17.62,0.0000,0.0000,0.00000,0.00000
2.88,17.62,0.0010,0.0000,0.00000,0.00002
3.12,17.62,0.0117,0.0000,0.00000,0.00020
3.38,17.62,0.0699,0.0000,0.00000,0.00127
3.62,17.62,0.2716,0.0000,0.00000,0.00500
3.88,17.62,0.7896,0.0000,0.00000,0.01390
4.12,17.62,1.4026,0.0000,0.00000,0.02417
4.38,17.62,1.4856,0.0000,0.00000,0.02719
4.62,17.62,1.4448,0.0000,0.00000,0.03018
4.88,17.62,1.7092,0.0000,0.00000,0.03854
5.12,17.62,1.6861,0.0000,0.00000,0.04272
5.38,17.62,1.6715,0.0000,0.00000,0.05296
5.62,17.62,1.8796,0.0000,0.00000,0.07044
5.88,17.62,1.8254,0.0000,0.00000,0.07971
6.12,17.62,1.8361,0.0000,0.00000,0.09247
6.38,17.62,1.8736,0.0000,0.00000,0.10513
6.62,17.62,1.8732,0.0000,0.00000,0.11217
6.88,17.62,1.8101,0.0000,0.00000,0.10537
7.12,17.62,1.7413,0.0000,0.00000,0.08343
7.38,17.62,1.8473,0.0000,0.00000,0.06670
7.62,17.62,1.6507,0.0000,0.00000,0.04824
7.88,17.62,1.0523,0.0000,0.00000,0.02681
8.12,17.62,0.5042,0.0000,0.00000,0.01211
2.62,17.88,0.0000,0.0000,0.00000,0.00000
2.88,17.88,0.0006,0.0000,0.00000,0.00001
3.12,17.88,0.0077,0.0000,0.00000,0.00014
3.38,17.88,0.0491,0.0000,0.00000,0.00093
3.62,17.88,0.2059,0.0000,0.00000,0.00400
3.88,17.88,0.6468,0.0000,0.00000,0.01209
4.12,17.88,1.2769,0.0000,0.00000,0.02319
4.38,17.88,1.5028,0.0000,0.00000,0.02820
4.62,17.88,1.4148,0.0000,0.00000,0.02980
4.88,17.88,1.6129,0.0000,0.00000,0.03742
5.12,17.88,1.7091,0.0000,0.00000,0.04401
5.38,17.88,1.6542,0.0000,0.00000,0.05219
5.62,17.88,1.8126,0.0000,0.00000,0.06851
5.88,17.88,1.8130,0.0000,0.00000,0.07905
6.12,17.88,1.7832,0.0000,0.00000,0.09216
6.38,17.88,1.8378,0.0000,0.00000,0.11324
6.62,17.88,1.8480,0.0000,0.00000,0.12820
6.88,17.88,1.8019,0.0000,0.00000,0.12434
7.12,17.88,1.6007,0.0000,0.00000,0.09254
7.38,17.88,1.6605,0.0000,0.00000,0.06393
7.62,17.88,1.8920,0.0000,0.00000,0.05212
7.88,17.88,1.6455,0.0000,0.00000,0.04042
8.12,17.88,1.0007,0.0000,0.00000,0.02425
8.38,17.88,0.4592,0.0000,0.00000,0.01113
2.62,18.12,0.0000,0.0000,0.00000,0.00000
2.88,18.12,0.0003,0.0000,0.00000,0.00001
3.12,18.12,0.0044,0.0000,0.00000,0.00008
3.38,18.12,0.0317,0.0000,0.00000,0.00064
3.62,18.12,0.1482,0.0000,0.00000,0.00306
3.88,18.12,0.5074,0.0000,0.00000,0.01019
4.12,18.12,1.1254,0.0000,0.00000,0.02170
4.38,18.12,1.4870,0.0000,0.00000,0.02870
4.62,18.12,1.3946,0.0000,0.00000,0.02942
4.88,18.12,1.5176,0.0000,0.00000,0.03598
5.12,18.12,1.7162,0.0000,0.00000,0.04448
5.38,18.12,1.6435,0.0000,0.00000,0.04996
5.62,18.12,1.7296,0.0000,0.00000,0.06401
5.88,18.12,1.8198,0.0000,0.00000,0.07825
6.12,18.12,1.7664,0.0000,0.00000,0.08919
6.38,18.12,1.7715,0.0000,0.00000,0.10625
6.62,18.12,1.7945,0.0000,0.00000,0.12093
6.88,18.12,1.8363,0.0000,0.00000,0.12461
7.12,18.12,1.6679,0.0000,0.00000,0.10214
7.38,18.12,1.4556,0.0000,0.00000,0.06617
7.62,18.12,1.6483,0.0000,0.00000,0.04940
7.88,18.12,1.8932,0.0000,0.00000,0.04807
8.12,18.12,1.5883,0.0000,0.00000,0.03900
8.38,18.12,0.9371,0.0000,0.00000,0.02215
8.62,18.12,0.4216,0.0000,0.00000,0.00926
2.62,18.38,0.0000,0.0000,0.00000,0.00000
2.88,18.38,0.0002,0.0000,0.00000,0.00000
3.12,18.38,0.0023,0.0000,0.00000,0.00004
3.38,18.38,0.0195,0.0000,0.00000,0.00039
3.62,18.38,0.1033,0.0000,0.00000,0.00221
3.88,18.38,0.3851,0.0000,0.00000,0.00818
4.12,18.38,0.9602,0.0000,0.00000,0.01948
4.38,18.38,1.4284,0.0000,0.00000,0.02841
4.62,18.38,1.3885,0.0000,0.00000,0.02937
4.88,18.38,1.4339,0.0000,0.00000,0.03440
5.12,18.38,1.6843,0.0000,0.00000,0.04409
5.38,18.38,1.6416,0.0000,0.00000,0.04836
5.62,18.38,1.6403,0.0000,0.00000,0.05888
5.88,18.38,1.7828,0.0000,0.00000,0.07573
6.12,18.38,1.7609,0.0000,0.00000,0.08579
6.38,18.38,1.7207,0.0000,0.00000,0.09539
6.62,18.38,1.7319,0.0000,0.00000,0.10565
6.88,18.38,1.8029,0.0000,0.00000,0.11241
7.12,18.38,1.7983,0.0000,0.00000,0.10608
7.38,18.38,1.5362,0.0000,0.00000,0.07820
7.62,18.38,1.3673,0.0000,0.00000,0.05112
7.88,18.38,1.6247,0.0000,0.00000,0.04487
8.12,18.38,1.8683,0.0000,0.00000,0.04520
8.38,18.38,1.5506,0.0000,0.00000,0.03405
8.62,18.38,0.8987,0.0000,0.00000,0.01768
8.88,18.38,0.3969,0.0000,0.00000,0.00701
2.62,18.62,0.0000,0.0000,0.00000,0.00000
2.88,18.62,0.0001,0.0000,0.00000,0.00000
3.12,18.62,0.0012,0.0000,0.00000,0.00002
3.38,18.62,0.0119,0.0000,0.00000,0.00023
3.62,18.62,0.0694,0.0000,0.00000,0.00149
3.88,18.62,0.2816,0.0000,0.00000,0.00611
4.12,18.62,0.7926,0.0000,0.00000,0.01651
4.38,18.62,1.3384,0.0000,0.00000,0.02726
4.62,18.62,1.4044,0.0000,0.00000,0.02978
4.88,18.62,1.3714,0.0000,0.00000,0.03281
5.12,18.62,1.6006,0.0000,0.00000,0.04244
5.38,18.62,1.6423,0.0000,0.00000,0.04801
5.62,18.62,1.5784,0.0000,0.00000,0.05483
5.88,18.62,1.7007,0.0000,0.00000,0.07027
6.12,18.62,1.7514,0.0000,0.00000,0.08177
6.38,18.62,1.7131,0.0000,0.00000,0.08865
6.62,18.62,1.6886,0.0000,0.00000,0.09490
6.88,18.62,1.6813,0.0000,0.00000,0.09822
7.12,18.62,1.7542,0.0000,0.00000,0.10049
7.38,18.62,1.7212,0.0000,0.00000,0.09058
7.62,18.62,1.4612,0.0000,0.00000,0.06516
7.88,18.62,1.3441,0.0000,0.00000,0.04421
8.12,18.62,1.6525,0.0000,0.00000,0.03982
8.38,18.62,1.8943,0.0000,0.00000,0.03798
8.62,18.62,1.5373,0.0000,0.00000,0.02723
8.88,18.62,0.8795,0.0000,0.00000,0.01441
9.12,18.62,0.3909,0.0000,0.00000,0.00627
2.62,18.88,0.0000,0.0000,0.00000,0.00000
2.88,18.88,0.0000,0.0000,0.00000,0.00000
3.12,18.88,0.0007,0.0000,0.00000,0.00001
3.38,18.88,0.0074,0.0000,0.00000,0.00014
3.62,18.88,0.0452,0.0000,0.00000,0.00095
3.88,18.88,0.1984,0.0000,0.00000,0.00431
4.12,18.88,0.6251,0.0000,0.00000,0.01328
4.38,18.88,1.2039,0.0000,0.00000,0.02506
4.62,18.88,1.4115,0.0000,0.00000,0.02987
4.88,18.88,1.3334,0.0000,0.00000,0.03118
5.12,18.88,1.4854,0.0000,0.00000,0.03956
5.38,18.88,1.6341,0.0000,0.00000,0.04767
5.62,18.88,1.5680,0.0000,0.00000,0.05177
5.88,18.88,1.6042,0.0000,0.00000,0.06216
6.12,18.88,1.6961,0.0000,0.00000,0.07470
6.38,18.88,1.6986,0.0000,0.00000,0.08290
6.62,18.88,1.6651,0.0000,0.00000,0.08795
6.88,18.88,1.5972,0.0000,0.00000,0.08794
7.12,18.88,1.6078,0.0000,0.00000,0.08821
7.38,18.88,1.7292,0.0000,0.00000,0.08894
7.62,18.88,1.6955,0.0000,0.00000,0.07769
7.88,18.88,1.4309,0.0000,0.00000,0.05393
8.12,18.88,1.3575,0.0000,0.00000,0.03643
8.38,18.88,1.6909,0.0000,0.00000,0.03299
8.62,18.88,1.9028,0.0000,0.00000,0.03194
8.88,18.88,1.5291,0.0000,0.00000,0.02441
9.12,18.88,0.8743,0.0000,0.00000,0.01384
9.38,18.88,0.3901,0.0000,0.00000,0.00619
2.62,19.12,0.0000,0.0000,0.00000,0.00000
2.88,19.12,0.0000,0.0000,0.00000,0.00000
3.12,19.12,0.0004,0.0000,0.00000,0.00001
3.38,19.12,0.0040,0.0000,0.00000,0.00008
3.62,19.12,0.0272,0.0000,0.00000,0.00056
3.88,19.12,0.1313,0.0000,0.00000,0.00284
4.12,19.12,0.4585,0.0000,0.00000,0.00989
4.38,19.12,1.0178,0.0000,0.00000,0.02162
4.62,19.12,1.3790,0.0000,0.00000,0.02934
4.88,19.12,1.3320,0.0000,0.00000,0.03041
5.12,19.12,1.3799,0.0000,0.00000,0.03624
5.38,19.12,1.5891,0.0000,0.00000,0.04574
5.62,19.12,1.5858,0.0000,0.00000,0.04946
5.88,19.12,1.5361,0.0000,0.00000,0.05461
6.12,19.12,1.6068,0.0000,0.00000,0.06552
6.38,19.12,1.6578,0.0000,0.00000,0.07550
6.62,19.12,1.6649,0.0000,0.00000,0.08268
6.88,19.12,1.6208,0.0000,0.00000,0.08383
7.12,19.12,1.5462,0.0000,0.00000,0.07874
7.38,19.12,1.5791,0.0000,0.00000,0.07520
7.62,19.12,1.6983,0.0000,0.00000,0.07287
7.88,19.12,1.6665,0.0000,0.00000,0.06188
8.12,19.12,1.4315,0.0000,0.00000,0.04323
8.38,19.12,1.3685,0.0000,0.00000,0.03054
8.62,19.12,1.6938,0.0000,0.00000,0.02972
8.88,19.12,1.9028,0.0000,0.00000,0.03060
9.12,19.12,1.5294,0.0000,0.00000,0.02373
9.38,19.12,0.8808,0.0000,0.00000,0.01344
9.62,19.12,0.3973,0.0000,0.00000,0.00613
2.88,19.38,0.0000,0.0000,0.00000,0.00000
3.12,19.38,0.0002,0.0000,0.00000,0.00000
3.38,19.38,0.0019,0.0000,0.00000,0.00004
3.62,19.38,0.0146,0.0000,0.00000,0.00030
3.88,19.38,0.0793,0.0000,0.00000,0.00172
4.12,19.38,0.3099,0.0000,0.00000,0.00681
4.38,19.38,0.8076,0.0000,0.00000,0.01762
4.62,19.38,1.2931,0.0000,0.00000,0.02809
4.88,19.38,1.3577,0.0000,0.00000,0.03056
5.12,19.38,1.3128,0.0000,0.00000,0.03309
5.38,19.38,1.4889,0.0000,0.00000,0.04144
5.62,19.38,1.5859,0.0000,0.00000,0.04707
5.88,19.38,1.5256,0.0000,0.00000,0.04988
6.12,19.38,1.5332,0.0000,0.00000,0.05679
6.38,19.38,1.5948,0.0000,0.00000,0.06611
6.62,19.38,1.6419,0.0000,0.00000,0.07514
6.88,19.38,1.6556,0.0000,0.00000,0.08007
7.12,19.38,1.5880,0.0000,0.00000,0.07603
7.38,19.38,1.4960,0.0000,0.00000,0.06695
7.62,19.38,1.5396,0.0000,0.00000,0.06201
7.88,19.38,1.7056,0.0000,0.00000,0.06023
8.12,19.38,1.6960,0.0000,0.00000,0.05218
8.38,19.38,1.4316,0.0000,0.00000,0.03777
8.62,19.38,1.3691,0.0000,0.00000,0.02867
8.88,19.38,1.7063,0.0000,0.00000,0.02896
9.12,19.38,1.9112,0.0000,0.00000,0.02924
9.38,19.38,1.5456,0.0000,0.00000,0.02290
9.62,19.38,0.8940,0.0000,0.00000,0.01352
9.88,19.38,0.4031,0.0000,0.00000,0.00642
3.12,19.62,0.0001,0.0000,0.00000,0.00000
3.38,19.62,0.0008,0.0000,0.00000,0.00002
3.62,19.62,0.0073,0.0000,0.00000,0.00016
3.88,19.62,0.0444,0.0000,0.00000,0.00102
4.12,19.62,0.1955,0.0000,0.00000,0.00444
4.38,19.62,0.5955,0.0000,0.00000,0.01335
4.62,19.62,1.1296,0.0000,0.00000,0.02507
4.88,19.62,1.3547,0.0000,0.00000,0.03046
5.12,19.62,1.2846,0.0000,0.00000,0.03100
5.38,19.62,1.3577,0.0000,0.00000,0.03598
5.62,19.62,1.5311,0.0000,0.00000,0.04324
5.88,19.62,1.5449,0.0000,0.00000,0.04703
6.12,19.62,1.5038,0.0000,0.00000,0.05057
6.38,19.62,1.5283,0.0000,0.00000,0.05672
6.62,19.62,1.5762,0.0000,0.00000,0.06438
6.88,19.62,1.6232,0.0000,0.00000,0.07113
7.12,19.62,1.6360,0.0000,0.00000,0.07290
7.38,19.62,1.5694,0.0000,0.00000,0.06725
7.62,19.62,1.4906,0.0000,0.00000,0.05894
7.88,19.62,1.5527,0.0000,0.00000,0.05461
8.12,19.62,1.7186,0.0000,0.00000,0.05324
8.38,19.62,1.6953,0.0000,0.00000,0.04729
8.62,19.62,1.4450,0.0000,0.00000,0.03585
8.88,19.62,1.3815,0.0000,0.00000,0.02750
9.12,19.62,1.7090,0.0000,0.00000,0.02733
9.38,19.62,1.9299,0.0000,0.00000,0.02876
9.62,19.62,1.5649,0.0000,0.00000,0.02368
9.88,19.62,0.9107,0.0000,0.00000,0.01433
10.12,19.62,0.4179,0.0000,0.00000,0.00688
3.38,19.88,0.0004,0.0000,0.00000,0.00001
3.62,19.88,0.0035,0.0000,0.00000,0.00009
3.88,19.88,0.0234,0.0000,0.00000,0.00059
4.12,19.88,0.1150,0.0000,0.00000,0.00274
4.38,19.88,0.4025,0.0000,0.00000,0.00925
4.62,19.88,0.9063,0.0000,0.00000,0.02049
4.88,19.88,1.2878,0.0000,0.00000,0.02924
5.12,19.88,1.3012,0.0000,0.00000,0.03067
5.38,19.88,1.2739,0.0000,0.00000,0.03196
5.62,19.88,1.4271,0.0000,0.00000,0.03792
5.88,19.88,1.5321,0.0000,0.00000,0.04353
6.12,19.88,1.5084,0.0000,0.00000,0.04653
6.38,19.88,1.4960,0.0000,0.00000,0.05012
6.62,19.88,1.5316,0.0000,0.00000,0.05533
6.88,19.88,1.5725,0.0000,0.00000,0.06032
7.12,19.88,1.6166,0.0000,0.00000,0.06414
7.38,19.88,1.6418,0.0000,0.00000,0.06465
7.62,19.88,1.5783,0.0000,0.00000,0.05951
7.88,19.88,1.4769,0.0000,0.00000,0.05128
8.12,19.88,1.5335,0.0000,0.00000,0.04745
8.38,19.88,1.7213,0.0000,0.00000,0.04802
8.62,19.88,1.7183,0.0000,0.00000,0.04408
8.88,19.88,1.4622,0.0000,0.00000,0.03342
9.12,19.88,1.3950,0.0000,0.00000,0.02601
9.38,19.88,1.7309,0.0000,0.00000,0.02779
9.62,19.88,1.9502,0.0000,0.00000,0.03039
9.88,19.88,1.5893,0.0000,0.00000,0.02495
10.12,19.88,0.9329,0.0000,0.00000,0.01511
10.38,19.88,0.4322,0.0000,0.00000,0.00743
3.62,20.12,0.0017,0.0000,0.00000,0.00005
3.88,20.12,0.0116,0.0000,0.00000,0.00033
4.12,20.12,0.0626,0.0000,0.00000,0.00166
4.38,20.12,0.2499,0.0000,0.00000,0.00620
4.62,20.12,0.6691,0.0000,0.00000,0.01584
4.88,20.12,1.1473,0.0000,0.00000,0.02656
5.12,20.12,1.3263,0.0000,0.00000,0.03088
5.38,20.12,1.2690,0.0000,0.00000,0.03036
5.62,20.12,1.3176,0.0000,0.00000,0.03291
5.88,20.12,1.4617,0.0000,0.00000,0.03876
6.12,20.12,1.5089,0.0000,0.00000,0.04292
6.38,20.12,1.4932,0.0000,0.00000,0.04575
6.62,20.12,1.5161,0.0000,0.00000,0.04939
6.88,20.12,1.5413,0.0000,0.00000,0.05202
7.12,20.12,1.5485,0.0000,0.00000,0.05354
7.38,20.12,1.5943,0.0000,0.00000,0.05568
7.62,20.12,1.6370,0.0000,0.00000,0.05615
7.88,20.12,1.5719,0.0000,0.00000,0.05100
8.12,20.12,1.4687,0.0000,0.00000,0.04383
8.38,20.12,1.5259,0.0000,0.00000,0.04177
8.62,20.12,1.7245,0.0000,0.00000,0.04362
8.88,20.12,1.7420,0.0000,0.00000,0.04076
9.12,20.12,1.4912,0.0000,0.00000,0.03181
9.38,20.12,1.4130,0.0000,0.00000,0.02662
9.62,20.12,1.7404,0.0000,0.00000,0.02935
9.88,20.12,1.9619,0.0000,0.00000,0.03140
10.12,20.12,1.6077,0.0000,0.00000,0.02589
10.38,20.12,0.9583,0.0000,0.00000,0.01630
10.62,20.12,0.4536,0.0000,0.00000,0.00844
3.88,20.38,0.0056,0.0000,0.00000,0.00018
4.12,20.38,0.0318,0.0000,0.00000,0.00098
4.38,20.38,0.1416,0.0000,0.00000,0.00400
4.62,20.38,0.4489,0.0000,0.00000,0.01150
4.88,20.38,0.9359,0.0000,0.00000,0.02238
5.12,20.38,1.2887,0.0000,0.00000,0.02973
5.38,20.38,1.3107,0.0000,0.00000,0.03012
5.62,20.38,1.2651,0.0000,0.00000,0.03021
5.88,20.38,1.3695,0.0000,0.00000,0.03469
6.12,20.38,1.4793,0.0000,0.00000,0.03955
6.38,20.38,1.4892,0.0000,0.00000,0.04218
6.62,20.38,1.4942,0.0000,0.00000,0.04477
6.88,20.38,1.5252,0.0000,0.00000,0.04702
7.12,20.38,1.5244,0.0000,0.00000,0.04744
7.38,20.38,1.5274,0.0000,0.00000,0.04792
7.62,20.38,1.5905,0.0000,0.00000,0.04992
7.88,20.38,1.6490,0.0000,0.00000,0.05007
8.12,20.38,1.5807,0.0000,0.00000,0.04509
8.38,20.38,1.4532,0.0000,0.00000,0.03903
8.62,20.38,1.5201,0.0000,0.00000,0.03872
8.88,20.38,1.7508,0.0000,0.00000,0.04152
9.12,20.38,1.7678,0.0000,0.00000,0.03884
9.38,20.38,1.5086,0.0000,0.00000,0.03131
9.62,20.38,1.4270,0.0000,0.00000,0.02713
9.88,20.38,1.7430,0.0000,0.00000,0.02963
10.12,20.38,1.9739,0.0000,0.00000,0.03245
10.38,20.38,1.6425,0.0000,0.00000,0.02824
10.62,20.38,0.9908,0.0000,0.00000,0.01870
10.88,20.38,0.4728,0.0000,0.00000,0.01008
4.12,20.62,0.0153,0.0000,0.00000,0.00053
4.38,20.62,0.0726,0.0000,0.00000,0.00228
4.62,20.62,0.2669,0.0000,0.00000,0.00751
4.88,20.62,0.6792,0.0000,0.00000,0.01740
5.12,20.62,1.1438,0.0000,0.00000,0.02717
5.38,20.62,1.3373,0.0000,0.00000,0.03042
5.62,20.62,1.2872,0.0000,0.00000,0.03001
5.88,20.62,1.2957,0.0000,0.00000,0.03230
6.12,20.62,1.4164,0.0000,0.00000,0.03692
6.38,20.62,1.4816,0.0000,0.00000,0.03986
6.62,20.62,1.4802,0.0000,0.00000,0.04149
6.88,20.62,1.5070,0.0000,0.00000,0.04381
7.12,20.62,1.5386,0.0000,0.00000,0.04528
7.38,20.62,1.5257,0.0000,0.00000,0.04493
7.62,20.62,1.5142,0.0000,0.00000,0.04462
7.88,20.62,1.5873,0.0000,0.00000,0.04544
8.12,20.62,1.6638,0.0000,0.00000,0.04485
8.38,20.62,1.5924,0.0000,0.00000,0.04095
8.62,20.62,1.4687,0.0000,0.00000,0.03719
8.88,20.62,1.5346,0.0000,0.00000,0.03708
9.12,20.62,1.7552,0.0000,0.00000,0.03846
9.38,20.62,1.7837,0.0000,0.00000,0.03635
9.62,20.62,1.5283,0.0000,0.00000,0.03027
9.88,20.62,1.4337,0.0000,0.00000,0.02686
10.12,20.62,1.7568,0.0000,0.00000,0.03089
10.38,20.62,2.0024,0.0000,0.00000,0.03572
10.62,20.62,1.6700,0.0000,0.00000,0.03215
10.88,20.62,1.0174,0.0000,0.00000,0.02203
11.12,20.62,0.4947,0.0000,0.00000,0.01225
4.38,20.88,0.0345,0.0000,0.00000,0.00114
4.62,20.88,0.1397,0.0000,0.00000,0.00426
4.88,20.88,0.4249,0.0000,0.00000,0.01184
5.12,20.88,0.8918,0.0000,0.00000,0.02272
5.38,20.88,1.2731,0.0000,0.00000,0.03031
5.62,20.88,1.3393,0.0000,0.00000,0.03143
5.88,20.88,1.2726,0.0000,0.00000,0.03133
6.12,20.88,1.3397,0.0000,0.00000,0.03490
6.38,20.88,1.4659,0.0000,0.00000,0.03896
6.62,20.88,1.4929,0.0000,0.00000,0.04008
6.88,20.88,1.4803,0.0000,0.00000,0.04079
7.12,20.88,1.5146,0.0000,0.00000,0.04244
7.38,20.88,1.5522,0.0000,0.00000,0.04335
7.62,20.88,1.5236,0.0000,0.00000,0.04225
7.88,20.88,1.5120,0.0000,0.00000,0.04085
8.12,20.88,1.6031,0.0000,0.00000,0.04091
8.38,20.88,1.6885,0.0000,0.00000,0.04109
8.62,20.88,1.6150,0.0000,0.00000,0.03895
8.88,20.88,1.4760,0.0000,0.00000,0.03539
9.12,20.88,1.5353,0.0000,0.00000,0.03413
9.38,20.88,1.7633,0.0000,0.00000,0.03529
9.62,20.88,1.7931,0.0000,0.00000,0.03430
9.88,20.88,1.5492,0.0000,0.00000,0.02968
10.12,20.88,1.4683,0.0000,0.00000,0.02808
10.38,20.88,1.7780,0.0000,0.00000,0.03374
10.62,20.88,2.0119,0.0000,0.00000,0.04000
10.88,20.88,1.6957,0.0000,0.00000,0.03746
11.12,20.88,1.0487,0.0000,0.00000,0.02642
11.38,20.88,0.5142,0.0000,0.00000,0.01490
4.62,21.12,0.0655,0.0000,0.00000,0.00210
4.88,21.12,0.2252,0.0000,0.00000,0.00672
5.12,21.12,0.5863,0.0000,0.00000,0.01617
5.38,21.12,1.0666,0.0000,0.00000,0.02731
5.62,21.12,1.3489,0.0000,0.00000,0.03266
5.88,21.12,1.3288,0.0000,0.00000,0.03191
6.12,21.12,1.2908,0.0000,0.00000,0.03268
6.38,21.12,1.4013,0.0000,0.00000,0.03688
6.62,21.12,1.4998,0.0000,0.00000,0.03915
6.88,21.12,1.4848,0.0000,0.00000,0.03856
7.12,21.12,1.4677,0.0000,0.00000,0.03864
7.38,21.12,1.5331,0.0000,0.00000,0.04052
7.62,21.12,1.5810,0.0000,0.00000,0.04129
7.88,21.12,1.5374,0.0000,0.00000,0.03944
8.12,21.12,1.5087,0.0000,0.00000,0.03732
8.38,21.12,1.5984,0.0000,0.00000,0.03773
8.62,21.12,1.6983,0.0000,0.00000,0.03882
8.88,21.12,1.6330,0.0000,0.00000,0.03693
9.12,21.12,1.4919,0.0000,0.00000,0.03313
9.38,21.12,1.5433,0.0000,0.00000,0.03173
9.62,21.12,1.7749,0.0000,0.00000,0.03354
9.88,21.12,1.8324,0.0000,0.00000,0.03373
10.12,21.12,1.6033,0.0000,0.00000,0.03063
10.38,21.12,1.4963,0.0000,0.00000,0.03016
10.62,21.12,1.7835,0.0000,0.00000,0.03760
10.88,21.12,2.0321,0.0000,0.00000,0.04664
11.12,21.12,1.7311,0.0000,0.00000,0.04499
11.38,21.12,1.0788,0.0000,0.00000,0.03249
11.62,21.12,0.5355,0.0000,0.00000,0.01871
4.88,21.38,0.1045,0.0000,0.00000,0.00324
5.12,21.38,0.3207,0.0000,0.00000,0.00923
5.38,21.38,0.7397,0.0000,0.00000,0.01981
5.62,21.38,1.2047,0.0000,0.00000,0.03020
5.88,21.38,1.4046,0.0000,0.00000,0.03351
6.12,21.38,1.3371,0.0000,0.00000,0.03182
6.38,21.38,1.3137,0.0000,0.00000,0.03263
6.62,21.38,1.4416,0.0000,0.00000,0.03618
6.88,21.38,1.5298,0.0000,0.00000,0.03801
7.12,21.38,1.4924,0.0000,0.00000,0.03794
7.38,21.38,1.4775,0.0000,0.00000,0.03855
7.62,21.38,1.5598,0.0000,0.00000,0.03948
7.88,21.38,1.6077,0.0000,0.00000,0.03902
8.12,21.38,1.5423,0.0000,0.00000,0.03652
8.38,21.38,1.5052,0.0000,0.00000,0.03488
8.62,21.38,1.6103,0.0000,0.00000,0.03560
8.88,21.38,1.7209,0.0000,0.00000,0.03637
9.12,21.38,1.6552,0.0000,0.00000,0.03470
9.38,21.38,1.5105,0.0000,0.00000,0.03169
9.62,21.38,1.5670,0.0000,0.00000,0.03127
9.88,21.38,1.8065,0.0000,0.00000,0.03352
10.12,21.38,1.8662,0.0000,0.00000,0.03434
10.38,21.38,1.6308,0.0000,0.00000,0.03230
10.62,21.38,1.5159,0.0000,0.00000,0.03341
10.88,21.38,1.8086,0.0000,0.00000,0.04395
11.12,21.38,2.0652,0.0000,0.00000,0.05647
11.38,21.38,1.7664,0.0000,0.00000,0.05544
11.62,21.38,1.1173,0.0000,0.00000,0.04011
11.88,21.38,0.5665,0.0000,0.00000,0.02297
5.12,21.62,0.1497,0.0000,0.00000,0.00429
5.38,21.62,0.4096,0.0000,0.00000,0.01114
5.62,21.62,0.8636,0.0000,0.00000,0.02233
5.88,21.62,1.3171,0.0000,0.00000,0.03230
6.12,21.62,1.4560,0.0000,0.00000,0.03411
6.38,21.62,1.3406,0.0000,0.00000,0.03108
6.62,21.62,1.3364,0.0000,0.00000,0.03163
6.88,21.62,1.5027,0.0000,0.00000,0.03631
7.12,21.62,1.5702,0.0000,0.00000,0.03952
7.38,21.62,1.4877,0.0000,0.00000,0.03886
7.62,21.62,1.4783,0.0000,0.00000,0.03681
7.88,21.62,1.5905,0.0000,0.00000,0.03670
8.12,21.62,1.6354,0.0000,0.00000,0.03634
8.38,21.62,1.5564,0.0000,0.00000,0.03450
8.62,21.62,1.5167,0.0000,0.00000,0.03299
8.88,21.62,1.6254,0.0000,0.00000,0.03359
9.12,21.62,1.7477,0.0000,0.00000,0.03485
9.38,21.62,1.6843,0.0000,0.00000,0.03390
9.62,21.62,1.5357,0.0000,0.00000,0.03158
9.88,21.62,1.5806,0.0000,0.00000,0.03107
10.12,21.62,1.8149,0.0000,0.00000,0.03357
10.38,21.62,1.8818,0.0000,0.00000,0.03545
10.62,21.62,1.6548,0.0000,0.00000,0.03470
10.88,21.62,1.5471,0.0000,0.00000,0.03814
11.12,21.62,1.8325,0.0000,0.00000,0.05256
11.38,21.62,2.0866,0.0000,0.00000,0.06788
11.62,21.62,1.8035,0.0000,0.00000,0.06621
11.88,21.62,1.1551,0.0000,0.00000,0.04826
12.12,21.62,0.5942,0.0000,0.00000,0.02832
5.38,21.88,0.1877,0.0000,0.00000,0.00520
5.62,21.88,0.4853,0.0000,0.00000,0.01303
5.88,21.88,0.9793,0.0000,0.00000,0.02498
6.12,21.88,1.4240,0.0000,0.00000,0.03413
6.38,21.88,1.4943,0.0000,0.00000,0.03393
6.62,21.88,1.3411,0.0000,0.00000,0.02995
6.88,21.88,1.3696,0.0000,0.00000,0.03163
7.12,21.88,1.5504,0.0000,0.00000,0.03720
7.38,21.88,1.5889,0.0000,0.00000,0.03846
7.62,21.88,1.4949,0.0000,0.00000,0.03486
7.88,21.88,1.4971,0.0000,0.00000,0.03311
8.12,21.88,1.6117,0.0000,0.00000,0.03417
8.38,21.88,1.6610,0.0000,0.00000,0.03472
8.62,21.88,1.5839,0.0000,0.00000,0.03319
8.88,21.88,1.5394,0.0000,0.00000,0.03195
9.12,21.88,1.6555,0.0000,0.00000,0.03290
9.38,21.88,1.7738,0.0000,0.00000,0.03407
9.62,21.88,1.7077,0.0000,0.00000,0.03327
9.88,21.88,1.5612,0.0000,0.00000,0.03143
10.12,21.88,1.6046,0.0000,0.00000,0.03172
10.38,21.88,1.8307,0.0000,0.00000,0.03468
10.62,21.88,1.8979,0.0000,0.00000,0.03749
10.88,21.88,1.6862,0.0000,0.00000,0.03882
11.12,21.88,1.5744,0.0000,0.00000,0.04476
11.38,21.88,1.8437,0.0000,0.00000,0.06197
11.62,21.88,2.0994,0.0000,0.00000,0.08131
11.88,21.88,1.8330,0.0000,0.00000,0.08237
12.12,21.88,1.2027,0.0000,0.00000,0.06180
12.38,21.88,0.6378,0.0001,0.00000,0.03694
5.62,22.12,0.2260,0.0000,0.00000,0.00631
5.88,22.12,0.5622,0.0000,0.00000,0.01468
6.12,22.12,1.0836,0.0000,0.00000,0.02627
6.38,22.12,1.4983,0.0000,0.00000,0.03403
6.62,22.12,1.5065,0.0000,0.00000,0.03280
6.88,22.12,1.3431,0.0000,0.00000,0.02937
7.12,22.12,1.4067,0.0000,0.00000,0.03173
7.38,22.12,1.6046,0.0000,0.00000,0.03583
7.62,22.12,1.6214,0.0000,0.00000,0.03496
7.88,22.12,1.5017,0.0000,0.00000,0.03194
8.12,22.12,1.5039,0.0000,0.00000,0.03164
8.38,22.12,1.6437,0.0000,0.00000,0.03363
8.62,22.12,1.6992,0.0000,0.00000,0.03409
8.88,22.12,1.6002,0.0000,0.00000,0.03233
9.12,22.12,1.5555,0.0000,0.00000,0.03142
9.38,22.12,1.6711,0.0000,0.00000,0.03236
9.62,22.12,1.7958,0.0000,0.00000,0.03356
9.88,22.12,1.7438,0.0000,0.00000,0.03364
10.12,22.12,1.5998,0.0000,0.00000,0.03257
10.38,22.12,1.6324,0.0000,0.00000,0.03290
10.62,22.12,1.8488,0.0000,0.00000,0.03749
10.88,22.12,1.9275,0.0000,0.00000,0.04429
11.12,22.12,1.7314,0.0000,0.00000,0.04839
11.38,22.12,1.6108,0.0000,0.00000,0.05495
11.62,22.12,1.8598,0.0001,0.00000,0.07739
11.88,22.12,2.1235,0.0002,0.00000,0.10368
12.12,22.12,1.8884,0.0002,0.00000,0.10369
12.38,22.12,1.2609,0.0003,0.00000,0.07812
12.62,22.12,0.6773,0.0007,0.00000,0.04890
5.88,22.38,0.2613,0.0000,0.00000,0.00687
6.12,22.38,0.6214,0.0000,0.00000,0.01527
6.38,22.38,1.1538,0.0000,0.00000,0.02689
6.62,22.38,1.5489,0.0000,0.00000,0.03465
6.88,22.38,1.5258,0.0000,0.00000,0.03327
7.12,22.38,1.3597,0.0000,0.00000,0.02965
7.38,22.38,1.4442,0.0000,0.00000,0.03103
7.62,22.38,1.6433,0.0000,0.00000,0.03399
7.88,22.38,1.6413,0.0000,0.00000,0.03376
8.12,22.38,1.5117,0.0000,0.00000,0.03177
8.38,22.38,1.5270,0.0000,0.00000,0.03176
8.62,22.38,1.6734,0.0000,0.00000,0.03323
8.88,22.38,1.7133,0.0000,0.00000,0.03308
9.12,22.38,1.6195,0.0000,0.00000,0.03170
9.38,22.38,1.5739,0.0000,0.00000,0.03105
9.62,22.38,1.6859,0.0000,0.00000,0.03193
9.88,22.38,1.8171,0.0000,0.00000,0.03364
10.12,22.38,1.7734,0.0000,0.00000,0.03392
10.38,22.38,1.6382,0.0000,0.00000,0.03323
10.62,22.38,1.6645,0.0000,0.00000,0.03623
10.88,22.38,1.8797,0.0000,0.00000,0.04636
11.12,22.38,1.9755,0.0000,0.00000,0.05594
11.38,22.38,1.7858,0.0004,0.00000,0.05726
11.62,22.38,1.6523,0.0016,0.00000,0.06619
11.88,22.38,1.8883,0.0027,0.00000,0.09486
12.12,22.38,2.1479,0.0017,0.00000,0.12383
12.38,22.38,1.9178,0.0008,0.00000,0.12629
12.62,22.38,1.3023,0.0010,0.00000,0.10034
12.88,22.38,0.7165,0.0009,0.00000,0.06451
6.12,22.62,0.2856,0.0000,0.00000,0.00740
6.38,22.62,0.6682,0.0000,0.00000,0.01670
6.62,22.62,1.2234,0.0001,0.00000,0.02911
6.88,22.62,1.6106,0.0000,0.00000,0.03625
7.12,22.62,1.5523,0.0000,0.00000,0.03370
7.38,22.62,1.3758,0.0000,0.00000,0.02962
7.62,22.62,1.4798,0.0000,0.00000,0.03131
7.88,22.62,1.6866,0.0000,0.00000,0.03495
8.12,22.62,1.6691,0.0000,0.00000,0.03434
8.38,22.62,1.5314,0.0000,0.00000,0.03163
8.62,22.62,1.5519,0.0000,0.00000,0.03124
8.88,22.62,1.6961,0.0000,0.00000,0.03232
9.12,22.62,1.7476,0.0000,0.00000,0.03251
9.38,22.62,1.6497,0.0000,0.00000,0.03135
9.62,22.62,1.5960,0.0000,0.00000,0.03094
9.88,22.62,1.7139,0.0000,0.00000,0.03232
10.12,22.62,1.8457,0.0000,0.00000,0.03392
10.38,22.62,1.8044,0.0000,0.00000,0.03481
10.62,22.62,1.6696,0.0000,0.00000,0.03650
10.88,22.62,1.6986,0.0000,0.00000,0.04308
11.12,22.62,1.9087,0.0002,0.00000,0.05337
11.38,22.62,1.9973,0.0017,0.00000,0.06025
11.62,22.62,1.8222,0.0073,0.00000,0.06619
11.88,22.62,1.6969,0.0120,0.00000,0.08160
12.12,22.62,1.8979,0.0074,0.00000,0.11357
12.38,22.62,2.1433,0.0022,0.00000,0.15229
12.62,22.62,1.9562,0.0012,0.00000,0.16472
12.88,22.62,1.3647,0.0013,0.00000,0.13369
13.12,22.62,0.7703,0.0009,0.00000,0.08586
6.38,22.88,0.3119,0.0000,0.00000,0.00846
6.62,22.88,0.7227,0.0000,0.00000,0.01803
6.88,22.88,1.2973,0.0000,0.00000,0.02986
7.12,22.88,1.6681,0.0000,0.00000,0.03689
7.38,22.88,1.5807,0.0000,0.00000,0.03521
7.62,22.88,1.4016,0.0000,0.00000,0.03160
7.88,22.88,1.5178,0.0000,0.00000,0.03298
8.12,22.88,1.7230,0.0000,0.00000,0.03513
8.38,22.88,1.6930,0.0000,0.00000,0.03381
8.62,22.88,1.5481,0.0000,0.00000,0.03121
8.88,22.88,1.5731,0.0000,0.00000,0.03084
9.12,22.88,1.7402,0.0000,0.00000,0.03254
9.38,22.88,1.7880,0.0000,0.00000,0.03294
9.62,22.88,1.6837,0.0000,0.00000,0.03217
9.88,22.88,1.6407,0.0000,0.00000,0.03209
10.12,22.88,1.7500,0.0000,0.00000,0.03343
10.38,22.88,1.8668,0.0000,0.00000,0.03625
10.62,22.88,1.8270,0.0001,0.00000,0.03928
10.88,22.88,1.7094,0.0005,0.00000,0.04291
11.12,22.88,1.7236,0.0010,0.00000,0.04917
11.38,22.88,1.9006,0.0031,0.00000,0.05973
11.62,22.88,2.0057,0.0121,0.00000,0.07354
11.88,22.88,1.8721,0.0200,0.00000,0.08557
12.12,22.88,1.7371,0.0134,0.00000,0.10297
12.38,22.88,1.9180,0.0052,0.00000,0.14671
12.62,22.88,2.1809,0.0026,0.00000,0.20305
12.88,22.88,2.0177,0.0019,0.00000,0.21774
13.12,22.88,1.4362,0.0012,0.00000,0.17554
13.38,22.88,0.8205,0.0006,0.00000,0.11179
6.62,23.12,0.3404,0.0000,0.00000,0.00865
6.88,23.12,0.7704,0.0000,0.00000,0.01831
7.12,23.12,1.3550,0.0000,0.00000,0.03155
7.38,23.12,1.7163,0.0000,0.00000,0.04011
7.62,23.12,1.6077,0.0000,0.00000,0.03782
7.88,23.12,1.4188,0.0000,0.00000,0.03283
8.12,23.12,1.5441,0.0000,0.00000,0.03291
8.38,23.12,1.7560,0.0000,0.00000,0.03514
8.62,23.12,1.7171,0.0000,0.00000,0.03407
8.88,23.12,1.5738,0.0000,0.00000,0.03139
9.12,23.12,1.6151,0.0000,0.00000,0.03166
9.38,23.12,1.7744,0.0000,0.00000,0.03345
9.62,23.12,1.8162,0.0000,0.00000,0.03401
9.88,23.12,1.7245,0.0000,0.00000,0.03358
10.12,23.12,1.6814,0.0000,0.00000,0.03448
10.38,23.12,1.7798,0.0000,0.00000,0.03810
10.62,23.12,1.8882,0.0005,0.00000,0.04318
10.88,23.12,1.8626,0.0022,0.00000,0.04841
11.12,23.12,1.7527,0.0036,0.00000,0.05307
11.38,23.12,1.7443,0.0037,0.00000,0.05991
11.62,23.12,1.9141,0.0078,0.00000,0.07475
11.88,23.12,2.0404,0.0134,0.00000,0.09379
12.12,23.12,1.9268,0.0133,0.00000,0.10985
12.38,23.12,1.7967,0.0118,0.00000,0.13532
12.62,23.12,1.9518,0.0068,0.00000,0.19218
12.88,23.12,2.2023,0.0024,0.00000,0.25964
13.12,23.12,2.0596,0.0013,0.00000,0.27541
13.38,23.12,1.4724,0.0014,0.00000,0.22021
13.62,23.12,0.8444,0.0013,0.00000,0.14304
6.88,23.38,0.3622,0.0000,0.00000,0.00917
7.12,23.38,0.8112,0.0000,0.00000,0.02029
7.38,23.38,1.4126,0.0000,0.00000,0.03484
7.62,23.38,1.7644,0.0000,0.00000,0.04334
7.88,23.38,1.6296,0.0000,0.00000,0.04054
8.12,23.38,1.4379,0.0000,0.00000,0.03447
8.38,23.38,1.5796,0.0001,0.00000,0.03418
8.62,23.38,1.7978,0.0003,0.00000,0.03666
8.88,23.38,1.7565,0.0004,0.00000,0.03563
9.12,23.38,1.6044,0.0003,0.00000,0.03285
9.38,23.38,1.6365,0.0001,0.00000,0.03278
9.62,23.38,1.7993,0.0000,0.00000,0.03489
9.88,23.38,1.8493,0.0000,0.00000,0.03646
10.12,23.38,1.7532,0.0000,0.00000,0.03799
10.38,23.38,1.7033,0.0002,0.00000,0.04144
10.62,23.38,1.7911,0.0014,0.00000,0.04691
10.88,23.38,1.9074,0.0044,0.00000,0.05392
11.12,23.38,1.9081,0.0063,0.00000,0.06040
11.38,23.38,1.8029,0.0040,0.00000,0.06426
11.62,23.38,1.7893,0.0026,0.00000,0.07395
11.88,23.38,1.9471,0.0050,0.00000,0.09564
12.12,23.38,2.0730,0.0116,0.00000,0.12144
12.38,23.38,1.9817,0.0169,0.00000,0.14355
12.62,23.38,1.8459,0.0102,0.00000,0.17828
12.88,23.38,1.9705,0.0027,0.00000,0.24633
13.12,23.38,2.2173,0.0015,0.00000,0.32683
13.38,23.38,2.1018,0.0025,0.00000,0.35402
13.62,23.38,1.5364,0.0037,0.00000,0.29515
13.88,23.38,0.9089,0.0071,0.00000,0.19968
7.12,23.62,0.3877,0.0000,0.00000,0.01038
7.38,23.62,0.8578,0.0000,0.00000,0.02235
7.62,23.62,1.4687,0.0000,0.00000,0.03806
7.88,23.62,1.8091,0.0000,0.00000,0.04780
8.12,23.62,1.6596,0.0000,0.00000,0.04430
8.38,23.62,1.4661,0.0003,0.00000,0.03724
8.62,23.62,1.6223,0.0012,0.00000,0.03857
8.88,23.62,1.8439,0.0022,0.00000,0.04263
9.12,23.62,1.7815,0.0016,0.00000,0.03991
9.38,23.62,1.6210,0.0005,0.00000,0.03550
9.62,23.62,1.6704,0.0001,0.00000,0.03604
9.88,23.62,1.8436,0.0000,0.00000,0.03996
10.12,23.62,1.8750,0.0001,0.00000,0.04393
10.38,23.62,1.7690,0.0006,0.00000,0.04721
10.62,23.62,1.7297,0.0031,0.00000,0.05108
10.88,23.62,1.8314,0.0065,0.00000,0.05671
11.12,23.62,1.9473,0.0061,0.00000,0.06452
11.38,23.62,1.9393,0.0027,0.00000,0.07138
11.62,23.62,1.8515,0.0008,0.00000,0.08040
11.88,23.62,1.8376,0.0016,0.00000,0.09758
12.12,23.62,1.9622,0.0062,0.00000,0.12535
12.38,23.62,2.0873,0.0101,0.00000,0.16070
12.62,23.62,2.0308,0.0061,0.00000,0.19771
12.88,23.62,1.9005,0.0016,0.00000,0.24205
13.12,23.62,2.0234,0.0012,0.00000,0.32637
13.38,23.62,2.2928,0.0036,0.00000,0.43385
13.62,23.62,2.1748,0.0094,0.00000,0.46752
13.88,23.62,1.6144,0.0234,0.00000,0.39640
14.12,23.62,0.9628,0.0427,0.00000,0.26268
7.38,23.88,0.4134,0.0000,0.00000,0.01126
7.62,23.88,0.8989,0.0000,0.00000,0.02442
7.88,23.88,1.5249,0.0000,0.00000,0.04243
8.12,23.88,1.8623,0.0000,0.00000,0.05323
8.38,23.88,1.6909,0.0005,0.00000,0.04912
8.62,23.88,1.4975,0.0025,0.00000,0.04446
8.88,23.88,1.6621,0.0048,0.00000,0.04809
9.12,23.88,1.8775,0.0040,0.00000,0.04919
9.38,23.88,1.8113,0.0015,0.00000,0.04388
9.62,23.88,1.6670,0.0003,0.00000,0.04031
9.88,23.88,1.7266,0.0000,0.00000,0.04313
10.12,23.88,1.8744,0.0001,0.00000,0.04900
10.38,23.88,1.8931,0.0010,0.00000,0.05279
10.62,23.88,1.8142,0.0045,0.00000,0.05516
10.88,23.88,1.7971,0.0077,0.00000,0.05868
11.12,23.88,1.8776,0.0052,0.00000,0.06624
11.38,23.88,1.9578,0.0015,0.00000,0.07781
11.62,23.88,1.9606,0.0002,0.00000,0.09168
11.88,23.88,1.8961,0.0003,0.00000,0.10689
12.12,23.88,1.8655,0.0014,0.00000,0.12996
12.38,23.88,1.9720,0.0024,0.00000,0.17128
12.62,23.88,2.1165,0.0017,0.00000,0.22796
12.88,23.88,2.0844,0.0006,0.00000,0.27902
13.12,23.88,1.9664,0.0011,0.00000,0.33098
13.38,23.88,2.0602,0.0054,0.00000,0.42171
13.62,23.88,2.2927,0.0192,0.00000,0.54895
13.88,23.88,2.2109,0.0468,0.00000,0.60522
14.12,23.88,1.6018,0.0720,0.00000,0.47902
14.38,23.88,0.9407,0.0803,0.00000,0.30173
7.62,24.12,0.4375,0.0000,0.00000,0.01264
7.88,24.12,0.9477,0.0000,0.00000,0.02858
8.12,24.12,1.5877,0.0001,0.00000,0.04880
8.38,24.12,1.9109,0.0007,0.00000,0.05970
8.62,24.12,1.7278,0.0034,0.00000,0.05720
8.88,24.12,1.5344,0.0067,0.00000,0.05236
9.12,24.12,1.7060,0.0058,0.00000,0.05175
9.38,24.12,1.9224,0.0024,0.00000,0.05079
9.62,24.12,1.8545,0.0004,0.00000,0.04853
9.88,24.12,1.7045,0.0000,0.00000,0.04803
10.12,24.12,1.7486,0.0001,0.00000,0.05104
10.38,24.12,1.8966,0.0006,0.00000,0.05599
10.62,24.12,1.9289,0.0027,0.00000,0.06085
10.88,24.12,1.8576,0.0045,0.00000,0.06442
11.12,24.12,1.8425,0.0027,0.00000,0.07048
11.38,24.12,1.9081,0.0006,0.00000,0.08319
11.62,24.12,1.9752,0.0001,0.00000,0.10107
11.88,24.12,1.9845,0.0000,0.00000,0.12019
12.12,24.12,1.9422,0.0003,0.00000,0.14434
12.38,24.12,1.9215,0.0011,0.00000,0.18319
12.62,24.12,2.0068,0.0016,0.00000,0.24491
12.88,24.12,2.1365,0.0013,0.00000,0.31818
13.12,24.12,2.1165,0.0021,0.00000,0.38058
13.38,24.12,1.9789,0.0090,0.00000,0.43703
13.62,24.12,2.0616,0.0298,0.00000,0.55209
13.88,24.12,2.3270,0.0646,0.00000,0.71234
14.12,24.12,2.2091,0.1055,0.00000,0.73362
14.38,24.12,1.7079,0.1647,0.00000,0.60228
14.62,24.12,1.0899,0.2302,0.00000,0.40523
7.88,24.38,0.4682,0.0000,0.00000,0.01552
8.12,24.38,0.9950,0.0001,0.00000,0.03269
8.38,24.38,1.6418,0.0008,0.00000,0.05457
8.62,24.38,1.9576,0.0036,0.00000,0.06863
8.88,24.38,1.7564,0.0066,0.00000,0.06474
9.12,24.38,1.5634,0.0051,0.00000,0.05393
9.38,24.38,1.7473,0.0018,0.00000,0.05146
9.62,24.38,1.9589,0.0003,0.00000,0.05635
9.88,24.38,1.8666,0.0000,0.00000,0.05821
10.12,24.38,1.7147,0.0000,0.00000,0.05652
10.38,24.38,1.7868,0.0001,0.00000,0.05943
10.62,24.38,1.9374,0.0006,0.00000,0.06796
10.88,24.38,1.9478,0.0010,0.00000,0.07496
11.12,24.38,1.8896,0.0006,0.00000,0.08040
11.38,24.38,1.8949,0.0001,0.00000,0.09127
11.62,24.38,1.9458,0.0000,0.00000,0.11015
11.88,24.38,1.9823,0.0001,0.00000,0.13430
12.12,24.38,2.0112,0.0005,0.00000,0.16593
12.38,24.38,2.0078,0.0018,0.00000,0.20988
12.62,24.38,1.9671,0.0029,0.00000,0.26691
12.88,24.38,2.0099,0.0031,0.00000,0.34138
13.12,24.38,2.1477,0.0048,0.00000,0.44534
13.38,24.38,2.1328,0.0140,0.00000,0.53441
13.62,24.38,1.9953,0.0386,0.00000,0.59528
13.88,24.38,2.1478,0.0852,0.00000,0.73643
14.12,24.38,2.4430,0.1741,0.00000,0.89987
14.38,24.38,2.3560,0.2972,0.00000,0.90304
14.62,24.38,1.7247,0.3439,0.00000,0.69237
14.88,24.38,0.9335,0.2477,0.00000,0.38943
8.12,24.62,0.4954,0.0001,0.00000,0.01725
8.38,24.62,1.0405,0.0005,0.00000,0.03751
8.62,24.62,1.6948,0.0021,0.00000,0.06492
8.88,24.62,1.9924,0.0036,0.00000,0.08007
9.12,24.62,1.7788,0.0027,0.00000,0.07142
9.38,24.62,1.5987,0.0009,0.00000,0.05943
9.62,24.62,1.7882,0.0001,0.00000,0.06179
9.88,24.62,1.9780,0.0000,0.00000,0.06989
10.12,24.62,1.8840,0.0001,0.00000,0.07063
10.38,24.62,1.7642,0.0001,0.00000,0.06950
10.62,24.62,1.8485,0.0001,0.00000,0.07623
10.88,24.62,1.9689,0.0001,0.00000,0.08740
11.12,24.62,1.9644,0.0001,0.00000,0.09639
11.38,24.62,1.9244,0.0000,0.00000,0.10693
11.62,24.62,1.9393,0.0000,0.00000,0.12618
11.88,24.62,1.9618,0.0003,0.00000,0.15400
12.12,24.62,1.9900,0.0011,0.00000,0.19056
12.38,24.62,2.0461,0.0025,0.00000,0.24232
12.62,24.62,2.0459,0.0034,0.00000,0.30512
12.88,24.62,1.9759,0.0045,0.00000,0.37507
13.12,24.62,2.0260,0.0078,0.00000,0.49025
13.38,24.62,2.1579,0.0199,0.00000,0.63478
13.62,24.62,2.1155,0.0503,0.00000,0.72630
13.88,24.62,2.0644,0.1118,0.00000,0.80351
14.12,24.62,2.1997,0.2307,0.00000,0.90322
14.38,24.62,2.4301,0.3557,0.00000,1.00525
14.62,24.62,2.3197,0.3607,0.00000,0.96266
14.88,24.62,1.4933,0.2609,0.00000,0.61513
15.12,24.62,0.6362,0.1510,0.00000,0.25430
8.38,24.88,0.5272,0.0002,0.00000,0.02131
8.62,24.88,1.0903,0.0006,0.00000,0.04704
8.88,24.88,1.7472,0.0012,0.00000,0.07797
9.12,24.88,2.0302,0.0012,0.00000,0.09418
9.38,24.88,1.8087,0.0006,0.00000,0.08837
9.62,24.88,1.6415,0.0001,0.00000,0.07658
9.88,24.88,1.8390,0.0002,0.00000,0.07916
10.12,24.88,2.0181,0.0009,0.00000,0.08852
10.38,24.88,1.9192,0.0016,0.00000,0.09120
10.62,24.88,1.8147,0.0010,0.00000,0.09243
10.88,24.88,1.8939,0.0003,0.00000,0.10248
11.12,24.88,1.9870,0.0000,0.00000,0.11692
11.38,24.88,1.9786,0.0000,0.00000,0.13168
11.62,24.88,1.9585,0.0001,0.00000,0.15210
11.88,24.88,1.9834,0.0006,0.00000,0.18288
12.12,24.88,1.9976,0.0019,0.00000,0.22188
12.38,24.88,2.0136,0.0030,0.00000,0.27347
12.62,24.88,2.0605,0.0034,0.00000,0.34490
12.88,24.88,2.0434,0.0045,0.00000,0.42633
13.12,24.88,1.9760,0.0084,0.00000,0.52609
13.38,24.88,2.0248,0.0242,0.00000,0.68062
13.62,24.88,2.1195,0.0617,0.00000,0.84868
13.88,24.88,2.1034,0.1293,0.00000,0.95164
14.12,24.88,2.0755,0.2376,0.00000,0.98116
14.38,24.88,2.4161,0.3493,0.00000,1.06718
14.62,24.88,2.7722,0.4001,0.00000,1.13181
14.88,24.88,2.1229,0.3739,0.00000,0.82903
8.62,25.12,0.5612,0.0001,0.00000,0.02706
8.88,25.12,1.1397,0.0004,0.00000,0.05642
9.12,25.12,1.7965,0.0005,0.00000,0.09595
9.38,25.12,2.0630,0.0003,0.00000,0.12118
9.62,25.12,1.8407,0.0001,0.00000,0.11116
9.88,25.12,1.6901,0.0009,0.00000,0.09625
10.12,25.12,1.8845,0.0043,0.00000,0.10344
10.38,25.12,2.0416,0.0076,0.00000,0.11825
10.62,25.12,1.9373,0.0055,0.00000,0.12227
10.88,25.12,1.8441,0.0018,0.00000,0.12619
11.12,25.12,1.9311,0.0003,0.00000,0.14065
11.38,25.12,2.0168,0.0001,0.00000,0.16174
11.62,25.12,1.9923,0.0001,0.00000,0.18550
11.88,25.12,1.9910,0.0007,0.00000,0.21820
12.12,25.12,2.0310,0.0018,0.00000,0.26196
12.38,25.12,2.0205,0.0024,0.00000,0.31368
12.62,25.12,2.0075,0.0026,0.00000,0.38161
12.88,25.12,2.0384,0.0038,0.00000,0.47202
13.12,25.12,2.0133,0.0077,0.00000,0.56845
13.38,25.12,1.9542,0.0228,0.00000,0.69369
13.62,25.12,1.9831,0.0573,0.00000,0.86602
13.88,25.12,2.0561,0.1249,0.00000,1.03120
14.12,25.12,2.0980,0.2317,0.00000,1.09750
14.38,25.12,2.2669,0.3557,0.00000,1.07983
14.62,25.12,2.5104,0.4811,0.00000,1.04540
8.88,25.38,0.5955,0.0001,0.00000,0.03326
9.12,25.38,1.1914,0.0001,0.00000,0.07388
9.38,25.38,1.8499,0.0001,0.00000,0.12500
9.62,25.38,2.0992,0.0001,0.00000,0.15017
9.88,25.38,1.8679,0.0016,0.00000,0.13905
10.12,25.38,1.7299,0.0076,0.00000,0.12768
10.38,25.38,1.9314,0.0149,0.00000,0.14119
10.62,25.38,2.0624,0.0130,0.00000,0.15900
10.88,25.38,1.9433,0.0058,0.00000,0.16486
11.12,25.38,1.8864,0.0020,0.00000,0.17330
11.38,25.38,1.9855,0.0009,0.00000,0.19623
11.62,25.38,2.0298,0.0005,0.00000,0.22814
11.88,25.38,2.0010,0.0011,0.00000,0.26542
12.12,25.38,2.0182,0.0027,0.00000,0.31052
12.38,25.38,2.0484,0.0035,0.00000,0.36474
12.62,25.38,2.0078,0.0035,0.00000,0.42387
12.88,25.38,1.9816,0.0051,0.00000,0.50286
13.12,25.38,1.9959,0.0097,0.00000,0.59632
13.38,25.38,1.9459,0.0222,0.00000,0.68724
13.62,25.38,1.8665,0.0437,0.00000,0.79163
13.88,25.38,1.8741,0.0833,0.00000,0.92238
14.12,25.38,1.9262,0.1611,0.00000,0.99525
14.38,25.38,1.9304,0.2762,0.00000,0.93701
9.12,25.62,0.6361,0.0000,0.00000,0.04695
9.38,25.62,1.2479,0.0000,0.00000,0.09830
9.62,25.62,1.8973,0.0001,0.00000,0.15871
9.88,25.62,2.1235,0.0010,0.00000,0.19257
10.12,25.62,1.9002,0.0055,0.00000,0.18498
10.38,25.62,1.7894,0.0130,0.00000,0.17257
10.62,25.62,1.9796,0.0148,0.00000,0.18883
10.88,25.62,2.0753,0.0100,0.00000,0.21395
11.12,25.62,1.9723,0.0076,0.00000,0.23074
11.38,25.62,1.9356,0.0060,0.00000,0.24979
11.62,25.62,2.0176,0.0031,0.00000,0.28548
11.88,25.62,2.0489,0.0032,0.00000,0.33164
12.12,25.62,2.0150,0.0081,0.00000,0.37322
12.38,25.62,2.0186,0.0115,0.00000,0.41883
12.62,25.62,2.0081,0.0083,0.00000,0.46730
12.88,25.62,1.9578,0.0068,0.00000,0.52637
13.12,25.62,1.9288,0.0105,0.00000,0.59698
13.38,25.62,1.8940,0.0188,0.00000,0.65585
13.62,25.62,1.8121,0.0290,0.00000,0.70183
13.88,25.62,1.7443,0.0408,0.00000,0.76369
14.12,25.62,1.7303,0.0756,0.00000,0.81084
9.38,25.88,0.6734,0.0000,0.00000,0.06170
9.62,25.88,1.2941,0.0000,0.00000,0.12520
9.88,25.88,1.9522,0.0003,0.00000,0.20826
10.12,25.88,2.1741,0.0019,0.00000,0.25440
10.38,25.88,1.9283,0.0055,0.00000,0.23393
10.62,25.88,1.8276,0.0083,0.00000,0.22225
10.88,25.88,2.0116,0.0103,0.00000,0.25735
11.12,25.88,2.0933,0.0172,0.00000,0.30393
11.38,25.88,1.9910,0.0202,0.00000,0.33056
11.62,25.88,1.9541,0.0117,0.00000,0.35807
11.88,25.88,2.0211,0.0070,0.00000,0.40474
12.12,25.88,2.0355,0.0140,0.00000,0.45018
12.38,25.88,1.9888,0.0205,0.00000,0.48334
12.62,25.88,1.9510,0.0142,0.00000,0.50808
12.88,25.88,1.9330,0.0071,0.00000,0.54235
13.12,25.88,1.8885,0.0078,0.00000,0.58213
13.38,25.88,1.8184,0.0135,0.00000,0.60981
13.62,25.88,1.7588,0.0194,0.00000,0.62956
13.88,25.88,1.7103,0.0214,0.00000,0.65841
9.62,26.12,0.7148,0.0000,0.00000,0.07952
9.88,26.12,1.3747,0.0002,0.00000,0.16931
10.12,26.12,2.0127,0.0009,0.00000,0.26718
10.38,26.12,2.1658,0.0022,0.00000,0.30760
10.62,26.12,1.9572,0.0037,0.00000,0.30304
10.88,26.12,1.8816,0.0085,0.00000,0.30857
11.12,26.12,2.0421,0.0231,0.00000,0.36090
11.38,26.12,2.1130,0.0340,0.00000,0.42915
11.62,26.12,2.0085,0.0237,0.00000,0.47274
11.88,26.12,1.9452,0.0129,0.00000,0.49915
12.12,26.12,1.9866,0.0170,0.00000,0.53569
12.38,26.12,1.9881,0.0243,0.00000,0.56425
12.62,26.12,1.9159,0.0185,0.00000,0.56281
12.88,26.12,1.8700,0.0092,0.00000,0.55868
13.12,26.12,1.8325,0.0074,0.00000,0.56508
13.38,26.12,1.7597,0.0127,0.00000,0.57136
13.62,26.12,1.6911,0.0198,0.00000,0.57982
9.88,26.38,0.7740,0.0003,0.00000,0.10761
10.12,26.38,1.4099,0.0012,0.00000,0.21008
10.38,26.38,2.0245,0.0028,0.00000,0.33041
10.62,26.38,2.2229,0.0050,0.00000,0.40576
10.88,26.38,1.9970,0.0103,0.00000,0.40153
11.12,26.38,1.9036,0.0229,0.00000,0.41390
11.38,26.38,2.0715,0.0369,0.00000,0.51036
11.62,26.38,2.1298,0.0373,0.00000,0.61308
11.88,26.38,1.9930,0.0293,0.00000,0.64382
12.12,26.38,1.9101,0.0289,0.00000,0.64928
12.38,26.38,1.9208,0.0336,0.00000,0.64925
12.62,26.38,1.8889,0.0261,0.00000,0.62062
12.88,26.38,1.8115,0.0145,0.00000,0.58576
13.12,26.38,1.7493,0.0099,0.00000,0.56635
13.38,26.38,1.7171,0.0121,0.00000,0.56027
10.12,26.62,0.7945,0.0013,0.00000,0.13292
10.38,26.62,1.4521,0.0038,0.00000,0.26866
10.62,26.62,2.0938,0.0104,0.00000,0.43702
10.88,26.62,2.2519,0.0207,0.00000,0.53225
11.12,26.62,2.0055,0.0306,0.00000,0.52879
11.38,26.62,1.9207,0.0440,0.00000,0.57031
11.62,26.62,2.0550,0.0585,0.00000,0.69987
11.88,26.62,2.0727,0.0594,0.00000,0.79875
12.12,26.62,1.9447,0.0547,0.00000,0.81452
12.38,26.62,1.8422,0.0498,0.00000,0.75754
12.62,26.62,1.8062,0.0340,0.00000,0.67053
12.88,26.62,1.7699,0.0194,0.00000,0.61299
13.12,26.62,1.7015,0.0144,0.00000,0.58588
10.38,26.88,0.8498,0.0058,0.00000,0.18140
10.62,26.88,1.5584,0.0190,0.00000,0.37887
10.88,26.88,2.1652,0.0374,0.00000,0.58531
11.12,26.88,2.2463,0.0520,0.00000,0.67176
11.38,26.88,2.0594,0.0723,0.00000,0.69734
11.62,26.88,1.9696,0.0967,0.00000,0.75569
11.88,26.88,2.0086,0.1096,0.00000,0.86784
12.12,26.88,1.9968,0.1153,0.00000,0.95255
12.38,26.88,1.8552,0.0998,0.00000,0.89345
12.62,26.88,1.7405,0.0588,0.00000,0.74670
12.88,26.88,1.7226,0.0284,0.00000,0.64612
10.62,27.12,0.9260,0.0272,0.00000,0.25236
10.88,27.12,1.5398,0.0510,0.00000,0.45057
11.12,27.12,2.1073,0.0828,0.00000,0.67867
11.38,27.12,2.3414,0.1298,0.00000,0.84113
11.62,27.12,2.0953,0.1718,0.00000,0.83586
11.88,27.12,1.9544,0.2114,0.00000,0.88208
12.12,27.12,2.0050,0.2533,0.00000,1.01897
12.38,27.12,1.9007,0.2326,0.00000,1.01163
12.62,27.12,1.7375,0.1431,0.00000,0.85742
10.88,27.38,0.8839,0.0574,0.00000,0.27149
11.12,27.38,1.5853,0.1086,0.00000,0.53756
11.38,27.38,2.1962,0.1740,0.00000,0.81983
11.62,27.38,2.3172,0.2373,0.00000,0.94209
11.88,27.38,2.3358,0.3497,0.00000,1.02422
12.12,27.38,2.2108,0.4749,0.00000,1.08594
12.38,27.38,1.9190,0.4674,0.00000,1.05005
11.12,27.62,0.9728,0.1115,0.00000,0.34790
11.38,27.62,1.5778,0.1638,0.00000,0.62355
11.62,27.62,2.2211,0.2383,0.00000,0.92105
11.88,27.62,2.6928,0.4347,0.00000,1.11903
12.12,27.62,2.4522,0.6896,0.00000,1.08202
11.38,27.88,0.8426,0.1145,0.00000,0.35221
11.62,27.88,1.3987,0.1856,0.00000,0.58454
11.88,27.88,1.9914,0.3877,0.00000,0.79935
11.62,28.12,0.5503,0.1172,0.00000,0.22915
