x,y,rho,contact,casualty,pressure
2.62,0.12,0.3617,0.0000,0.00000,0.18574
2.88,0.12,0.5835,0.0000,0.00000,0.29901
3.12,0.12,0.6403,0.0003,0.00000,0.32994
3.38,0.12,0.5952,0.0014,0.00000,0.31613
3.62,0.12,0.6448,0.0024,0.00000,0.34638
3.88,0.12,0.6867,0.0017,0.00000,0.35597
4.12,0.12,0.6567,0.0008,0.00000,0.33662
4.38,0.12,0.6539,0.0003,0.00000,0.34797
4.62,0.12,0.6779,0.0001,0.00000,0.36716
4.88,0.12,0.6636,0.0009,0.00000,0.35828
5.12,0.12,0.6420,0.0042,0.00000,0.35156
5.38,0.12,0.6509,0.0073,0.00000,0.36610
5.62,0.12,0.6703,0.0060,0.00000,0.38381
5.88,0.12,0.6825,0.0051,0.00000,0.39583
6.12,0.12,0.6994,0.0097,0.00000,0.41648
6.38,0.12,0.7170,0.0229,0.00000,0.44148
6.62,0.12,0.7014,0.0658,0.00000,0.44890
6.88,0.12,0.7087,0.4602,0.00000,0.49518
7.12,0.12,0.6442,2.0565,0.00000,0.49585
7.38,0.12,0.4157,4.5094,0.00000,0.33692
2.62,0.38,0.6778,0.0000,0.00000,0.32343
2.88,0.38,1.1706,0.0000,0.00000,0.55195
3.12,0.38,1.3789,0.0004,0.00000,0.64311
3.38,0.38,1.2575,0.0020,0.00000,0.59769
3.62,0.38,1.2810,0.0035,0.00000,0.62832
3.88,0.38,1.3878,0.0031,0.00000,0.66836
4.12,0.38,1.3415,0.0022,0.00000,0.63763
4.38,0.38,1.3012,0.0011,0.00000,0.63743
4.62,0.38,1.3535,0.0004,0.00000,0.67233
4.88,0.38,1.3607,0.0014,0.00000,0.67062
5.12,0.38,1.3178,0.0061,0.00000,0.66034
5.38,0.38,1.3200,0.0109,0.00000,0.68578
5.62,0.38,1.3528,0.0108,0.00000,0.72092
5.88,0.38,1.3588,0.0112,0.00000,0.73757
6.12,0.38,1.3721,0.0169,0.00000,0.77079
6.38,0.38,1.3956,0.0365,0.00000,0.81790
6.62,0.38,1.3640,0.1131,0.00000,0.83418
6.88,0.38,1.4231,0.8130,0.00000,0.95115
7.12,0.38,1.3385,3.6285,0.00000,0.98137
7.38,0.38,0.8766,7.9510,0.00000,0.67450
2.62,0.62,0.7559,0.0000,0.00000,0.32289
2.88,0.62,1.4546,0.0000,0.00000,0.61286
3.12,0.62,1.8971,0.0003,0.00000,0.78422
3.38,0.62,1.7206,0.0012,0.00000,0.71173
3.62,0.62,1.6213,0.0024,0.00000,0.70203
3.88,0.62,1.7872,0.0030,0.00000,0.78057
4.12,0.62,1.7714,0.0032,0.00000,0.75967
4.38,0.62,1.6721,0.0018,0.00000,0.72670
4.62,0.62,1.7300,0.0005,0.00000,0.76326
4.88,0.62,1.7852,0.0010,0.00000,0.78294
5.12,0.62,1.7340,0.0046,0.00000,0.77150
5.38,0.62,1.7197,0.0090,0.00000,0.79744
5.62,0.62,1.7603,0.0115,0.00000,0.84373
5.88,0.62,1.7463,0.0144,0.00000,0.85585
6.12,0.62,1.7469,0.0173,0.00000,0.89199
6.38,0.62,1.7752,0.0317,0.00000,0.95509
6.62,0.62,1.7292,0.1058,0.00000,0.97578
6.88,0.62,1.8662,0.7793,0.00000,1.14544
7.12,0.62,1.8226,3.4681,0.00000,1.21387
7.38,0.62,1.2119,7.5910,0.00000,0.84208
2.62,0.88,0.5092,0.0000,0.00000,0.18918
2.88,0.88,1.1422,0.0000,0.00000,0.42382
3.12,0.88,1.6928,0.0001,0.00000,0.61710
3.38,0.88,1.5809,0.0003,0.00000,0.56504
3.62,0.88,1.3868,0.0007,0.00000,0.51884
3.88,0.88,1.5316,0.0014,0.00000,0.59666
4.12,0.88,1.5921,0.0019,0.00000,0.60688
4.38,0.88,1.4929,0.0011,0.00000,0.56416
4.62,0.88,1.5099,0.0003,0.00000,0.58235
4.88,0.88,1.5788,0.0005,0.00000,0.61109
5.12,0.88,1.5471,0.0023,0.00000,0.60302
5.38,0.88,1.5270,0.0047,0.00000,0.62113
5.62,0.88,1.5665,0.0070,0.00000,0.66421
5.88,0.88,1.5431,0.0096,0.00000,0.66947
6.12,0.88,1.5431,0.0104,0.00000,0.69878
6.38,0.88,1.5713,0.0155,0.00000,0.75320
6.62,0.88,1.5035,0.0486,0.00000,0.75535
6.88,0.88,1.6606,0.3515,0.00000,0.88968
7.12,0.88,1.6834,1.5542,0.00000,0.95626
7.38,0.88,1.1370,3.3951,0.00000,0.66612
2.62,1.12,0.2778,0.0000,0.00000,0.08400
2.88,1.12,0.7470,0.0000,0.00000,0.22797
3.12,1.12,1.2628,0.0000,0.00000,0.37712
3.38,1.12,1.2622,0.0000,0.00000,0.36233
3.62,1.12,1.0817,0.0001,0.00000,0.32122
3.88,1.12,1.1746,0.0003,0.00000,0.37470
4.12,1.12,1.2901,0.0004,0.00000,0.40803
4.38,1.12,1.2429,0.0002,0.00000,0.38462
4.62,1.12,1.2221,0.0001,0.00000,0.38531
4.88,1.12,1.2749,0.0002,0.00000,0.40786
5.12,1.12,1.2740,0.0009,0.00000,0.40975
5.38,1.12,1.2599,0.0018,0.00000,0.42485
5.62,1.12,1.2972,0.0024,0.00000,0.46135
5.88,1.12,1.2861,0.0033,0.00000,0.46853
6.12,1.12,1.3031,0.0037,0.00000,0.49309
6.38,1.12,1.3325,0.0048,0.00000,0.52991
6.62,1.12,1.2434,0.0111,0.00000,0.51200
6.88,1.12,1.3573,0.0701,0.00000,0.58253
7.12,1.12,1.3795,0.3036,0.00000,0.61626
7.38,1.12,0.9308,0.6598,0.00000,0.42514
2.62,1.38,0.1856,0.0000,0.00000,0.03862
2.88,1.38,0.5792,0.0000,0.00000,0.12160
3.12,1.38,1.0758,0.0000,0.00000,0.22319
3.38,1.38,1.1501,0.0000,0.00000,0.23437
3.62,1.38,1.0056,0.0000,0.00000,0.21400
3.88,1.38,1.0729,0.0000,0.00000,0.24924
4.12,1.38,1.2148,0.0000,0.00000,0.28753
4.38,1.38,1.2105,0.0000,0.00000,0.28246
4.62,1.38,1.1761,0.0000,0.00000,0.27782
4.88,1.38,1.2204,0.0000,0.00000,0.29441
5.12,1.38,1.2431,0.0002,0.00000,0.30440
5.38,1.38,1.2418,0.0003,0.00000,0.31770
5.62,1.38,1.2807,0.0004,0.00000,0.34657
5.88,1.38,1.2788,0.0006,0.00000,0.35806
6.12,1.38,1.3094,0.0008,0.00000,0.38134
6.38,1.38,1.3448,0.0014,0.00000,0.40892
6.62,1.38,1.2667,0.0023,0.00000,0.39264
6.88,1.38,1.3437,0.0067,0.00000,0.42684
7.12,1.38,1.2778,0.0248,0.00000,0.42225
7.38,1.38,0.8234,0.0520,0.00000,0.27949
2.62,1.62,0.1555,0.0000,0.00000,0.02101
2.88,1.62,0.5341,0.0000,0.00000,0.07337
3.12,1.62,1.0572,0.0000,0.00000,0.14817
3.38,1.62,1.1983,0.0000,0.00000,0.17336
3.62,1.62,1.0733,0.0000,0.00000,0.16445
3.88,1.62,1.1129,0.0000,0.00000,0.18362
4.12,1.62,1.2670,0.0000,0.00000,0.21727
4.38,1.62,1.2965,0.0000,0.00000,0.22478
4.62,1.62,1.2594,0.0000,0.00000,0.22146
4.88,1.62,1.3017,0.0000,0.00000,0.23447
5.12,1.62,1.3425,0.0000,0.00000,0.24692
5.38,1.62,1.3586,0.0000,0.00000,0.25703
5.62,1.62,1.4013,0.0000,0.00000,0.27740
5.88,1.62,1.4006,0.0001,0.00000,0.28948
6.12,1.62,1.4394,0.0003,0.00000,0.31270
6.38,1.62,1.4762,0.0011,0.00000,0.33547
6.62,1.62,1.4257,0.0018,0.00000,0.33036
6.88,1.62,1.4948,0.0014,0.00000,0.35284
7.12,1.62,1.3131,0.0014,0.00000,0.32240
7.38,1.62,0.7913,0.0019,0.00000,0.20092
2.62,1.88,0.1341,0.0000,0.00000,0.01275
2.88,1.88,0.4929,0.0000,0.00000,0.04787
3.12,1.88,1.0408,0.0000,0.00000,0.10485
3.38,1.88,1.2672,0.0000,0.00000,0.13480
3.62,1.88,1.1659,0.0000,0.00000,0.13198
3.88,1.88,1.1630,0.0000,0.00000,0.13984
4.12,1.88,1.3159,0.0000,0.00000,0.16691
4.38,1.88,1.3811,0.0000,0.00000,0.18178
4.62,1.88,1.3505,0.0000,0.00000,0.18096
4.88,1.88,1.3856,0.0000,0.00000,0.19087
5.12,1.88,1.4304,0.0000,0.00000,0.20152
5.38,1.88,1.4507,0.0000,0.00000,0.20861
5.62,1.88,1.4954,0.0000,0.00000,0.22470
5.88,1.88,1.5002,0.0000,0.00000,0.23729
6.12,1.88,1.5470,0.0001,0.00000,0.25900
6.38,1.88,1.5689,0.0006,0.00000,0.27353
6.62,1.88,1.5260,0.0010,0.00000,0.27001
6.88,1.88,1.6105,0.0007,0.00000,0.28703
7.12,1.88,1.3729,0.0002,0.00000,0.25135
7.38,1.88,0.8001,0.0001,0.00000,0.15066
2.62,2.12,0.1132,0.0000,0.00000,0.00806
2.88,2.12,0.4395,0.0000,0.00000,0.03201
3.12,2.12,0.9984,0.0000,0.00000,0.07547
3.38,2.12,1.3122,0.0000,0.00000,0.10468
3.62,2.12,1.2307,0.0000,0.00000,0.10500
3.88,2.12,1.1821,0.0000,0.00000,0.10853
4.12,2.12,1.3284,0.0000,0.00000,0.13040
4.38,2.12,1.4218,0.0000,0.00000,0.14610
4.62,2.12,1.3998,0.0000,0.00000,0.14674
4.88,2.12,1.4221,0.0000,0.00000,0.15401
5.12,2.12,1.4619,0.0000,0.00000,0.16312
5.38,2.12,1.4856,0.0000,0.00000,0.17001
5.62,2.12,1.5258,0.0000,0.00000,0.18387
5.88,2.12,1.5283,0.0000,0.00000,0.19572
6.12,2.12,1.5778,0.0000,0.00000,0.21271
6.38,2.12,1.5731,0.0001,0.00000,0.21761
6.62,2.12,1.5123,0.0002,0.00000,0.21008
6.88,2.12,1.6282,0.0001,0.00000,0.22433
7.12,2.12,1.4208,0.0000,0.00000,0.19728
7.38,2.12,0.8395,0.0000,0.00000,0.11819
2.62,2.38,0.0929,0.0000,0.00000,0.00520
2.88,2.38,0.3808,0.0000,0.00000,0.02184
3.12,2.38,0.9392,0.0000,0.00000,0.05577
3.38,2.38,1.3325,0.0000,0.00000,0.08264
3.62,2.38,1.2735,0.0000,0.00000,0.08384
3.88,2.38,1.1893,0.0000,0.00000,0.08550
4.12,2.38,1.3219,0.0000,0.00000,0.10334
4.38,2.38,1.4247,0.0000,0.00000,0.11678
4.62,2.38,1.4084,0.0000,0.00000,0.11696
4.88,2.38,1.4296,0.0000,0.00000,0.12273
5.12,2.38,1.4737,0.0000,0.00000,0.13359
5.38,2.38,1.5083,0.0000,0.00000,0.14191
5.62,2.38,1.5395,0.0000,0.00000,0.15181
5.88,2.38,1.5290,0.0000,0.00000,0.16044
6.12,2.38,1.5866,0.0000,0.00000,0.17224
6.38,2.38,1.5670,0.0000,0.00000,0.17152
6.62,2.38,1.4714,0.0000,0.00000,0.16271
6.88,2.38,1.6116,0.0000,0.00000,0.17734
7.12,2.38,1.4665,0.0000,0.00000,0.15982
7.38,2.38,0.8940,0.0000,0.00000,0.09699
2.62,2.62,0.0736,0.0000,0.00000,0.00313
2.88,2.62,0.3215,0.0000,0.00000,0.01435
3.12,2.62,0.8658,0.0000,0.00000,0.04101
3.38,2.62,1.3226,0.0000,0.00000,0.06599
3.62,2.62,1.2974,0.0000,0.00000,0.06790
3.88,2.62,1.1951,0.0000,0.00000,0.06741
4.12,2.62,1.3179,0.0000,0.00000,0.08157
4.38,2.62,1.4365,0.0000,0.00000,0.09445
4.62,2.62,1.4382,0.0000,0.00000,0.09590
4.88,2.62,1.4583,0.0000,0.00000,0.10051
5.12,2.62,1.4929,0.0000,0.00000,0.11070
5.38,2.62,1.5302,0.0000,0.00000,0.11896
5.62,2.62,1.5576,0.0000,0.00000,0.12614
5.88,2.62,1.5372,0.0000,0.00000,0.13126
6.12,2.62,1.6169,0.0000,0.00000,0.13993
6.38,2.62,1.6064,0.0000,0.00000,0.13866
6.62,2.62,1.4728,0.0000,0.00000,0.13029
6.88,2.62,1.6196,0.0000,0.00000,0.14383
7.12,2.62,1.5263,0.0000,0.00000,0.13196
7.38,2.62,0.9561,0.0000,0.00000,0.08085
2.62,2.88,0.0583,0.0000,0.00000,0.00181
2.88,2.88,0.2727,0.0000,0.00000,0.00932
3.12,2.88,0.7979,0.0000,0.00000,0.03016
3.38,2.88,1.3021,0.0000,0.00000,0.05293
3.62,2.88,1.3158,0.0000,0.00000,0.05588
3.88,2.88,1.2045,0.0000,0.00000,0.05352
4.12,2.88,1.3194,0.0000,0.00000,0.06370
4.38,2.88,1.4531,0.0000,0.00000,0.07638
4.62,2.88,1.4714,0.0000,0.00000,0.08054
4.88,2.88,1.4858,0.0000,0.00000,0.08393
5.12,2.88,1.5094,0.0000,0.00000,0.09046
5.38,2.88,1.5552,0.0000,0.00000,0.09733
5.62,2.88,1.5815,0.0000,0.00000,0.10359
5.88,2.88,1.5427,0.0000,0.00000,0.10630
6.12,2.88,1.6408,0.0000,0.00000,0.11362
6.38,2.88,1.6523,0.0000,0.00000,0.11416
6.62,2.88,1.4918,0.0000,0.00000,0.10659
6.88,2.88,1.6406,0.0000,0.00000,0.11820
7.12,2.88,1.5868,0.0000,0.00000,0.11102
7.38,2.88,1.0140,0.0000,0.00000,0.06929
2.62,3.12,0.0472,0.0000,0.00000,0.00121
2.88,3.12,0.2348,0.0000,0.00000,0.00658
3.12,3.12,0.7382,0.0000,0.00000,0.02268
3.38,3.12,1.2796,0.0000,0.00000,0.04210
3.62,3.12,1.3452,0.0000,0.00000,0.04631
3.88,3.12,1.2363,0.0000,0.00000,0.04393
4.12,3.12,1.3351,0.0000,0.00000,0.05103
4.38,3.12,1.4631,0.0000,0.00000,0.06186
4.62,3.12,1.4827,0.0000,0.00000,0.06653
4.88,3.12,1.4965,0.0000,0.00000,0.06932
5.12,3.12,1.5260,0.0000,0.00000,0.07429
5.38,3.12,1.5929,0.0000,0.00000,0.08024
5.62,3.12,1.6206,0.0000,0.00000,0.08470
5.88,3.12,1.5549,0.0000,0.00000,0.08562
6.12,3.12,1.6579,0.0000,0.00000,0.09294
6.38,3.12,1.6845,0.0000,0.00000,0.09510
6.62,3.12,1.4991,0.0000,0.00000,0.08765
6.88,3.12,1.6501,0.0000,0.00000,0.09743
7.12,3.12,1.6321,0.0000,0.00000,0.09453
7.38,3.12,1.0596,0.0000,0.00000,0.06055
2.62,3.38,0.0387,0.0000,0.00000,0.00091
2.88,3.38,0.2028,0.0000,0.00000,0.00489
3.12,3.38,0.6767,0.0000,0.00000,0.01687
3.38,3.38,1.2406,0.0000,0.00000,0.03247
3.62,3.38,1.3673,0.0000,0.00000,0.03797
3.88,3.38,1.2675,0.0000,0.00000,0.03711
4.12,3.38,1.3427,0.0000,0.00000,0.04249
4.38,3.38,1.4664,0.0000,0.00000,0.05118
4.62,3.38,1.4941,0.0000,0.00000,0.05488
4.88,3.38,1.5106,0.0000,0.00000,0.05699
5.12,3.38,1.5380,0.0000,0.00000,0.06147
5.38,3.38,1.6152,0.0000,0.00000,0.06741
5.62,3.38,1.6482,0.0000,0.00000,0.07070
5.88,3.38,1.5646,0.0000,0.00000,0.07053
6.12,3.38,1.6682,0.0000,0.00000,0.07720
6.38,3.38,1.7070,0.0000,0.00000,0.07951
6.62,3.38,1.4973,0.0000,0.00000,0.07177
6.88,3.38,1.6446,0.0000,0.00000,0.07946
7.12,3.38,1.6588,0.0000,0.00000,0.07885
7.38,3.38,1.0924,0.0000,0.00000,0.05137
2.62,3.62,0.0322,0.0000,0.00000,0.00063
2.88,3.62,0.1764,0.0000,0.00000,0.00350
3.12,3.62,0.6187,0.0000,0.00000,0.01255
3.38,3.62,1.1924,0.0000,0.00000,0.02556
3.62,3.62,1.3723,0.0000,0.00000,0.03189
3.88,3.62,1.2830,0.0000,0.00000,0.03207
4.12,3.62,1.3427,0.0000,0.00000,0.03607
4.38,3.62,1.4691,0.0000,0.00000,0.04291
4.62,3.62,1.5064,0.0000,0.00000,0.04604
4.88,3.62,1.5229,0.0000,0.00000,0.04768
5.12,3.62,1.5408,0.0000,0.00000,0.05114
5.38,3.62,1.6190,0.0000,0.00000,0.05681
5.62,3.62,1.6560,0.0000,0.00000,0.05999
5.88,3.62,1.5597,0.0000,0.00000,0.05960
6.12,3.62,1.6692,0.0000,0.00000,0.06516
6.38,3.62,1.7306,0.0000,0.00000,0.06696
6.62,3.62,1.5021,0.0000,0.00000,0.05898
6.88,3.62,1.6440,0.0000,0.00000,0.06467
7.12,3.62,1.6909,0.0000,0.00000,0.06521
7.38,3.62,1.1297,0.0000,0.00000,0.04299
2.62,3.88,0.0270,0.0000,0.00000,0.00042
2.88,3.88,0.1549,0.0000,0.00000,0.00254
3.12,3.88,0.5700,0.0000,0.00000,0.00995
3.38,3.88,1.1505,0.0000,0.00000,0.02164
3.62,3.88,1.3774,0.0000,0.00000,0.02819
3.88,3.88,1.3023,0.0000,0.00000,0.02857
4.12,3.88,1.3510,0.0000,0.00000,0.03147
4.38,3.88,1.4777,0.0000,0.00000,0.03676
4.62,3.88,1.5221,0.0000,0.00000,0.03933
4.88,3.88,1.5401,0.0000,0.00000,0.04071
5.12,3.88,1.5532,0.0000,0.00000,0.04320
5.38,3.88,1.6343,0.0000,0.00000,0.04804
5.62,3.88,1.6756,0.0000,0.00000,0.05100
5.88,3.88,1.5618,0.0000,0.00000,0.05053
6.12,3.88,1.6760,0.0000,0.00000,0.05545
6.38,3.88,1.7628,0.0000,0.00000,0.05709
6.62,3.88,1.5172,0.0000,0.00000,0.04930
6.88,3.88,1.6572,0.0000,0.00000,0.05341
7.12,3.88,1.7384,0.0000,0.00000,0.05439
7.38,3.88,1.1778,0.0000,0.00000,0.03617
2.62,4.12,0.0228,0.0000,0.00000,0.00030
2.88,4.12,0.1367,0.0000,0.00000,0.00194
3.12,4.12,0.5255,0.0000,0.00000,0.00811
3.38,4.12,1.1070,0.0000,0.00000,0.01862
3.62,4.12,1.3777,0.0000,0.00000,0.02516
3.88,4.12,1.3224,0.0000,0.00000,0.02547
4.12,4.12,1.3610,0.0000,0.00000,0.02747
4.38,4.12,1.4886,0.0000,0.00000,0.03184
4.62,4.12,1.5427,0.0000,0.00000,0.03416
4.88,4.12,1.5620,0.0000,0.00000,0.03530
5.12,4.12,1.5649,0.0000,0.00000,0.03682
5.38,4.12,1.6453,0.0000,0.00000,0.04072
5.62,4.12,1.6951,0.0000,0.00000,0.04345
5.88,4.12,1.5669,0.0000,0.00000,0.04299
6.12,4.12,1.6857,0.0000,0.00000,0.04736
6.38,4.12,1.7957,0.0000,0.00000,0.04897
6.62,4.12,1.5298,0.0000,0.00000,0.04181
6.88,4.12,1.6655,0.0000,0.00000,0.04482
7.12,4.12,1.7779,0.0000,0.00000,0.04581
7.38,4.12,1.2189,0.0000,0.00000,0.03059
2.62,4.38,0.0196,0.0000,0.00000,0.00024
2.88,4.38,0.1221,0.0000,0.00000,0.00160
3.12,4.38,0.4873,0.0000,0.00000,0.00691
3.38,4.38,1.0642,0.0000,0.00000,0.01646
3.62,4.38,1.3720,0.0000,0.00000,0.02285
3.88,4.38,1.3400,0.0000,0.00000,0.02295
4.12,4.38,1.3679,0.0000,0.00000,0.02396
4.38,4.38,1.4897,0.0000,0.00000,0.02772
4.62,4.38,1.5521,0.0000,0.00000,0.03052
4.88,4.38,1.5783,0.0000,0.00000,0.03185
5.12,4.38,1.5724,0.0000,0.00000,0.03237
5.38,4.38,1.6532,0.0000,0.00000,0.03544
5.62,4.38,1.7170,0.0000,0.00000,0.03816
5.88,4.38,1.5780,0.0000,0.00000,0.03749
6.12,4.38,1.6999,0.0000,0.00000,0.04077
6.38,4.38,1.8271,0.0000,0.00000,0.04217
6.62,4.38,1.5304,0.0000,0.00000,0.03570
6.88,4.38,1.6538,0.0000,0.00000,0.03768
7.12,4.38,1.8028,0.0000,0.00000,0.03874
7.38,4.38,1.2539,0.0000,0.00000,0.02608
2.62,4.62,0.0170,0.0000,0.00000,0.00021
2.88,4.62,0.1098,0.0000,0.00000,0.00140
3.12,4.62,0.4523,0.0000,0.00000,0.00609
3.38,4.62,1.0214,0.0000,0.00000,0.01473
3.62,4.62,1.3634,0.0000,0.00000,0.02082
3.88,4.62,1.3569,0.0000,0.00000,0.02095
4.12,4.62,1.3716,0.0000,0.00000,0.02120
4.38,4.62,1.4802,0.0000,0.00000,0.02428
4.62,4.62,1.5517,0.0000,0.00000,0.02737
4.88,4.62,1.5936,0.0000,0.00000,0.02876
5.12,4.62,1.5866,0.0000,0.00000,0.02881
5.38,4.62,1.6676,0.0000,0.00000,0.03143
5.62,4.62,1.7416,0.0000,0.00000,0.03393
5.88,4.62,1.5879,0.0000,0.00000,0.03279
6.12,4.62,1.7075,0.0000,0.00000,0.03543
6.38,4.62,1.8516,0.0000,0.00000,0.03700
6.62,4.62,1.5221,0.0000,0.00000,0.03110
6.88,4.62,1.6330,0.0000,0.00000,0.03228
7.12,4.62,1.8301,0.0000,0.00000,0.03353
7.38,4.62,1.2966,0.0000,0.00000,0.02286
2.62,4.88,0.0148,0.0000,0.00000,0.00017
2.88,4.88,0.0983,0.0000,0.00000,0.00112
3.12,4.88,0.4177,0.0000,0.00000,0.00496
3.38,4.88,0.9762,0.0000,0.00000,0.01237
3.62,4.88,1.3502,0.0000,0.00000,0.01821
3.88,4.88,1.3748,0.0000,0.00000,0.01895
4.12,4.88,1.3886,0.0000,0.00000,0.01921
4.38,4.88,1.4859,0.0000,0.00000,0.02164
4.62,4.88,1.5572,0.0000,0.00000,0.02394
4.88,4.88,1.6076,0.0000,0.00000,0.02484
5.12,4.88,1.5976,0.0000,0.00000,0.02540
5.38,4.88,1.6766,0.0000,0.00000,0.02824
5.62,4.88,1.7624,0.0000,0.00000,0.03046
5.88,4.88,1.5967,0.0000,0.00000,0.02912
6.12,4.88,1.7091,0.0000,0.00000,0.03139
6.38,4.88,1.8701,0.0000,0.00000,0.03286
6.62,4.88,1.5186,0.0000,0.00000,0.02713
6.88,4.88,1.6261,0.0000,0.00000,0.02817
7.12,4.88,1.8695,0.0000,0.00000,0.03014
7.38,4.88,1.3455,0.0000,0.00000,0.02094
2.62,5.12,0.0131,0.0000,0.00000,0.00013
2.88,5.12,0.0890,0.0000,0.00000,0.00089
3.12,5.12,0.3866,0.0000,0.00000,0.00401
3.38,5.12,0.9288,0.0000,0.00000,0.01033
3.62,5.12,1.3270,0.0000,0.00000,0.01584
3.88,5.12,1.3874,0.0000,0.00000,0.01712
4.12,5.12,1.4098,0.0000,0.00000,0.01767
4.38,5.12,1.5000,0.0000,0.00000,0.01949
4.62,5.12,1.5664,0.0000,0.00000,0.02067
4.88,5.12,1.6225,0.0000,0.00000,0.02141
5.12,5.12,1.6069,0.0000,0.00000,0.02266
5.38,5.12,1.6808,0.0000,0.00000,0.02526
5.62,5.12,1.7797,0.0000,0.00000,0.02689
5.88,5.12,1.6053,0.0000,0.00000,0.02540
6.12,5.12,1.7144,0.0000,0.00000,0.02723
6.38,5.12,1.8919,0.0000,0.00000,0.02868
6.62,5.12,1.5244,0.0000,0.00000,0.02355
6.88,5.12,1.6309,0.0000,0.00000,0.02490
7.12,5.12,1.9113,0.0000,0.00000,0.02756
7.38,5.12,1.3915,0.0000,0.00000,0.01950
2.62,5.38,0.0118,0.0000,0.00000,0.00011
2.88,5.38,0.0809,0.0000,0.00000,0.00075
3.12,5.38,0.3583,0.0000,0.00000,0.00343
3.38,5.38,0.8854,0.0000,0.00000,0.00903
3.62,5.38,1.3067,0.0000,0.00000,0.01424
3.88,5.38,1.3947,0.0000,0.00000,0.01575
4.12,5.38,1.4185,0.0000,0.00000,0.01640
4.38,5.38,1.5080,0.0000,0.00000,0.01809
4.62,5.38,1.5803,0.0000,0.00000,0.01897
4.88,5.38,1.6431,0.0000,0.00000,0.01983
5.12,5.38,1.6175,0.0000,0.00000,0.02109
5.38,5.38,1.6854,0.0000,0.00000,0.02283
5.62,5.38,1.7975,0.0000,0.00000,0.02370
5.88,5.38,1.6159,0.0000,0.00000,0.02191
6.12,5.38,1.7239,0.0000,0.00000,0.02337
6.38,5.38,1.9162,0.0000,0.00000,0.02497
6.62,5.38,1.5274,0.0000,0.00000,0.02061
6.88,5.38,1.6286,0.0000,0.00000,0.02199
7.12,5.38,1.9439,0.0000,0.00000,0.02468
7.38,5.38,1.4304,0.0000,0.00000,0.01758
2.62,5.62,0.0106,0.0000,0.00000,0.00009
2.88,5.62,0.0738,0.0000,0.00000,0.00064
3.12,5.62,0.3345,0.0000,0.00000,0.00300
3.38,5.62,0.8539,0.0000,0.00000,0.00817
3.62,5.62,1.2963,0.0000,0.00000,0.01329
3.88,5.62,1.3987,0.0000,0.00000,0.01500
4.12,5.62,1.4215,0.0000,0.00000,0.01565
4.38,5.62,1.5135,0.0000,0.00000,0.01734
4.62,5.62,1.5933,0.0000,0.00000,0.01834
4.88,5.62,1.6643,0.0000,0.00000,0.01922
5.12,5.62,1.6344,0.0000,0.00000,0.01997
5.38,5.62,1.7005,0.0000,0.00000,0.02097
5.62,5.62,1.8233,0.0000,0.00000,0.02149
5.88,5.62,1.6284,0.0000,0.00000,0.01938
6.12,5.62,1.7300,0.0000,0.00000,0.02035
6.38,5.62,1.9366,0.0000,0.00000,0.02194
6.62,5.62,1.5261,0.0000,0.00000,0.01822
6.88,5.62,1.6227,0.0000,0.00000,0.01979
7.12,5.62,1.9755,0.0000,0.00000,0.02259
7.38,5.62,1.4698,0.0000,0.00000,0.01621
2.62,5.88,0.0095,0.0000,0.00000,0.00007
2.88,5.88,0.0671,0.0000,0.00000,0.00055
3.12,5.88,0.3120,0.0000,0.00000,0.00266
3.38,5.88,0.8239,0.0000,0.00000,0.00748
3.62,5.88,1.2863,0.0000,0.00000,0.01259
3.88,5.88,1.4050,0.0000,0.00000,0.01456
4.12,5.88,1.4301,0.0000,0.00000,0.01504
4.38,5.88,1.5159,0.0000,0.00000,0.01628
4.62,5.88,1.5925,0.0000,0.00000,0.01712
4.88,5.88,1.6790,0.0000,0.00000,0.01783
5.12,5.88,1.6574,0.0000,0.00000,0.01788
5.38,5.88,1.7211,0.0000,0.00000,0.01856
5.62,5.88,1.8506,0.0000,0.00000,0.01931
5.88,5.88,1.6426,0.0000,0.00000,0.01727
6.12,5.88,1.7367,0.0000,0.00000,0.01801
6.38,5.88,1.9556,0.0000,0.00000,0.01953
6.62,5.88,1.5241,0.0000,0.00000,0.01621
6.88,5.88,1.6161,0.0000,0.00000,0.01803
7.12,5.88,2.0065,0.0000,0.00000,0.02125
7.38,5.88,1.5089,0.0000,0.00000,0.01549
2.62,6.12,0.0086,0.0000,0.00000,0.00006
2.88,6.12,0.0610,0.0000,0.00000,0.00048
3.12,6.12,0.2891,0.0000,0.00000,0.00239
3.38,6.12,0.7878,0.0000,0.00000,0.00694
3.62,6.12,1.2674,0.0000,0.00000,0.01208
3.88,6.12,1.4129,0.0000,0.00000,0.01421
4.12,6.12,1.4509,0.0000,0.00000,0.01432
4.38,6.12,1.5275,0.0000,0.00000,0.01494
4.62,6.12,1.5919,0.0000,0.00000,0.01558
4.88,6.12,1.6899,0.0000,0.00000,0.01606
5.12,6.12,1.6735,0.0000,0.00000,0.01574
5.38,6.12,1.7287,0.0000,0.00000,0.01641
5.62,6.12,1.8709,0.0000,0.00000,0.01747
5.88,6.12,1.6635,0.0000,0.00000,0.01583
6.12,6.12,1.7502,0.0000,0.00000,0.01665
6.38,6.12,1.9753,0.0000,0.00000,0.01798
6.62,6.12,1.5217,0.0000,0.00000,0.01462
6.88,6.12,1.6064,0.0000,0.00000,0.01616
7.12,6.12,2.0281,0.0000,0.00000,0.01943
7.38,6.12,1.5389,0.0000,0.00000,0.01434
2.62,6.38,0.0079,0.0000,0.00000,0.00006
2.88,6.38,0.0559,0.0000,0.00000,0.00042
3.12,6.38,0.2689,0.0000,0.00000,0.00213
3.38,6.38,0.7527,0.0000,0.00000,0.00635
3.62,6.38,1.2425,0.0000,0.00000,0.01151
3.88,6.38,1.4130,0.0000,0.00000,0.01393
4.12,6.38,1.4686,0.0000,0.00000,0.01382
4.38,6.38,1.5405,0.0000,0.00000,0.01398
4.62,6.38,1.5896,0.0000,0.00000,0.01442
4.88,6.38,1.6958,0.0000,0.00000,0.01470
5.12,6.38,1.6900,0.0000,0.00000,0.01438
5.38,6.38,1.7369,0.0000,0.00000,0.01498
5.62,6.38,1.8866,0.0000,0.00000,0.01599
5.88,6.38,1.6793,0.0000,0.00000,0.01459
6.12,6.38,1.7611,0.0000,0.00000,0.01551
6.38,6.38,1.9973,0.0000,0.00000,0.01680
6.62,6.38,1.5270,0.0000,0.00000,0.01349
6.88,6.38,1.6064,0.0000,0.00000,0.01483
7.12,6.38,2.0571,0.0000,0.00000,0.01818
7.38,6.38,1.5729,0.0000,0.00000,0.01358
2.62,6.62,0.0070,0.0000,0.00000,0.00005
2.88,6.62,0.0506,0.0000,0.00000,0.00037
3.12,6.62,0.2498,0.0000,0.00000,0.00188
3.38,6.62,0.7218,0.0000,0.00000,0.00572
3.62,6.62,1.2216,0.0000,0.00000,0.01056
3.88,6.62,1.4100,0.0000,0.00000,0.01297
4.12,6.62,1.4782,0.0000,0.00000,0.01295
4.38,6.62,1.5488,0.0000,0.00000,0.01296
4.62,6.62,1.5845,0.0000,0.00000,0.01337
4.88,6.62,1.6980,0.0000,0.00000,0.01407
5.12,6.62,1.7051,0.0000,0.00000,0.01414
5.38,6.62,1.7446,0.0000,0.00000,0.01425
5.62,6.62,1.8948,0.0000,0.00000,0.01476
5.88,6.62,1.6878,0.0000,0.00000,0.01338
6.12,6.62,1.7730,0.0000,0.00000,0.01438
6.38,6.62,2.0251,0.0000,0.00000,0.01590
6.62,6.62,1.5369,0.0000,0.00000,0.01267
6.88,6.62,1.6113,0.0000,0.00000,0.01370
7.12,6.62,2.0919,0.0000,0.00000,0.01694
7.38,6.62,1.6109,0.0000,0.00000,0.01275
2.62,6.88,0.0064,0.0000,0.00000,0.00005
2.88,6.88,0.0463,0.0000,0.00000,0.00033
3.12,6.88,0.2340,0.0000,0.00000,0.00171
3.38,6.88,0.6978,0.0000,0.00000,0.00524
3.62,6.88,1.2092,0.0000,0.00000,0.00965
3.88,6.88,1.4118,0.0000,0.00000,0.01185
4.12,6.88,1.4878,0.0000,0.00000,0.01204
4.38,6.88,1.5567,0.0000,0.00000,0.01211
4.62,6.88,1.5862,0.0000,0.00000,0.01264
4.88,6.88,1.7100,0.0000,0.00000,0.01389
5.12,6.88,1.7218,0.0000,0.00000,0.01422
5.38,6.88,1.7461,0.0000,0.00000,0.01385
5.62,6.88,1.9012,0.0000,0.00000,0.01404
5.88,6.88,1.7030,0.0000,0.00000,0.01267
6.12,6.88,1.7921,0.0000,0.00000,0.01369
6.38,6.88,2.0546,0.0000,0.00000,0.01561
6.62,6.88,1.5459,0.0000,0.00000,0.01264
6.88,6.88,1.6141,0.0000,0.00000,0.01319
7.12,6.88,2.1233,0.0000,0.00000,0.01590
7.38,6.88,1.6461,0.0000,0.00000,0.01189
2.62,7.12,0.0059,0.0000,0.00000,0.00004
2.88,7.12,0.0426,0.0000,0.00000,0.00031
3.12,7.12,0.2188,0.0000,0.00000,0.00158
3.38,7.12,0.6718,0.0000,0.00000,0.00489
3.62,7.12,1.1908,0.0000,0.00000,0.00900
3.88,7.12,1.4095,0.0000,0.00000,0.01103
4.12,7.12,1.5002,0.0000,0.00000,0.01128
4.38,7.12,1.5721,0.0000,0.00000,0.01153
4.62,7.12,1.5946,0.0000,0.00000,0.01214
4.88,7.12,1.7309,0.0000,0.00000,0.01316
5.12,7.12,1.7505,0.0000,0.00000,0.01315
5.38,7.12,1.7575,0.0000,0.00000,0.01288
5.62,7.12,1.9174,0.0000,0.00000,0.01335
5.88,7.12,1.7274,0.0000,0.00000,0.01203
6.12,7.12,1.8137,0.0000,0.00000,0.01295
6.38,7.12,2.0805,0.0000,0.00000,0.01518
6.62,7.12,1.5522,0.0000,0.00000,0.01256
6.88,7.12,1.6120,0.0000,0.00000,0.01278
7.12,7.12,2.1439,0.0000,0.00000,0.01507
7.38,7.12,1.6717,0.0000,0.00000,0.01121
2.62,7.38,0.0053,0.0000,0.00000,0.00004
2.88,7.38,0.0387,0.0000,0.00000,0.00030
3.12,7.38,0.2043,0.0000,0.00000,0.00155
3.38,7.38,0.6493,0.0000,0.00000,0.00472
3.62,7.38,1.1770,0.0000,0.00000,0.00852
3.88,7.38,1.4091,0.0000,0.00000,0.01026
4.12,7.38,1.5166,0.0000,0.00000,0.01061
4.38,7.38,1.5939,0.0000,0.00000,0.01129
4.62,7.38,1.5999,0.0000,0.00000,0.01206
4.88,7.38,1.7431,0.0000,0.00000,0.01257
5.12,7.38,1.7774,0.0000,0.00000,0.01207
5.38,7.38,1.7698,0.0000,0.00000,0.01191
5.62,7.38,1.9275,0.0000,0.00000,0.01272
5.88,7.38,1.7441,0.0000,0.00000,0.01156
6.12,7.38,1.8284,0.0000,0.00000,0.01258
6.38,7.38,2.0983,0.0000,0.00000,0.01482
6.62,7.38,1.5529,0.0000,0.00000,0.01184
6.88,7.38,1.6061,0.0000,0.00000,0.01227
7.12,7.38,2.1583,0.0000,0.00000,0.01529
7.38,7.38,1.6914,0.0000,0.00000,0.01163
2.62,7.62,0.0049,0.0000,0.00000,0.00005
2.88,7.62,0.0359,0.0000,0.00000,0.00036
3.12,7.62,0.1944,0.0000,0.00000,0.00183
3.38,7.62,0.6361,0.0000,0.00000,0.00518
3.62,7.62,1.1724,0.0000,0.00000,0.00863
3.88,7.62,1.4133,0.0000,0.00000,0.00990
4.12,7.62,1.5313,0.0000,0.00000,0.01023
4.38,7.62,1.6095,0.0000,0.00000,0.01116
4.62,7.62,1.6007,0.0000,0.00000,0.01206
4.88,7.62,1.7518,0.0000,0.00000,0.01244
5.12,7.62,1.8027,0.0000,0.00000,0.01188
5.38,7.62,1.7797,0.0000,0.00000,0.01156
5.62,7.62,1.9348,0.0000,0.00000,0.01229
5.88,7.62,1.7633,0.0000,0.00000,0.01134
6.12,7.62,1.8470,0.0000,0.00000,0.01278
6.38,7.62,2.1181,0.0000,0.00000,0.01520
6.62,7.62,1.5561,0.0000,0.00000,0.01156
6.88,7.62,1.6068,0.0000,0.00000,0.01188
7.12,7.62,2.1842,0.0000,0.00000,0.01554
7.38,7.62,1.7209,0.0000,0.00000,0.01206
2.62,7.88,0.0047,0.0000,0.00000,0.00005
2.88,7.88,0.0338,0.0000,0.00000,0.00042
3.12,7.88,0.1854,0.0000,0.00000,0.00213
3.38,7.88,0.6207,0.0000,0.00000,0.00583
3.62,7.88,1.1603,0.0000,0.00000,0.00920
3.88,7.88,1.4083,0.0000,0.00000,0.01000
4.12,7.88,1.5398,0.0000,0.00000,0.01004
4.38,7.88,1.6243,0.0000,0.00000,0.01070
4.62,7.88,1.6030,0.0000,0.00000,0.01133
4.88,7.88,1.7593,0.0000,0.00000,0.01210
5.12,7.88,1.8241,0.0000,0.00000,0.01205
5.38,7.88,1.7907,0.0000,0.00000,0.01149
5.62,7.88,1.9547,0.0000,0.00000,0.01196
5.88,7.88,1.8030,0.0000,0.00000,0.01115
6.12,7.88,1.8823,0.0000,0.00000,0.01266
6.38,7.88,2.1491,0.0000,0.00000,0.01518
6.62,7.88,1.5681,0.0000,0.00000,0.01138
6.88,7.88,1.6159,0.0000,0.00000,0.01087
7.12,7.88,2.2159,0.0000,0.00000,0.01394
7.38,7.88,1.7531,0.0000,0.00000,0.01084
2.62,8.12,0.0044,0.0000,0.00000,0.00004
2.88,8.12,0.0314,0.0000,0.00000,0.00033
3.12,8.12,0.1760,0.0000,0.00000,0.00180
3.38,8.12,0.6048,0.0000,0.00000,0.00544
3.62,8.12,1.1462,0.0000,0.00000,0.00917
3.88,8.12,1.3998,0.0000,0.00000,0.01007
4.12,8.12,1.5472,0.0000,0.00000,0.01001
4.38,8.12,1.6396,0.0000,0.00000,0.01038
4.62,8.12,1.6023,0.0000,0.00000,0.01060
4.88,8.12,1.7644,0.0000,0.00000,0.01159
5.12,8.12,1.8471,0.0000,0.00000,0.01194
5.38,8.12,1.7960,0.0000,0.00000,0.01121
5.62,8.12,1.9613,0.0000,0.00000,0.01148
5.88,8.12,1.8351,0.0000,0.00000,0.01069
6.12,8.12,1.9133,0.0000,0.00000,0.01162
6.38,8.12,2.1732,0.0000,0.00000,0.01371
6.62,8.12,1.5788,0.0000,0.00000,0.01055
6.88,8.12,1.6259,0.0000,0.00000,0.00980
7.12,8.12,2.2411,0.0000,0.00000,0.01216
7.38,8.12,1.7769,0.0000,0.00000,0.00941
2.62,8.38,0.0041,0.0000,0.00000,0.00003
2.88,8.38,0.0292,0.0000,0.00000,0.00022
3.12,8.38,0.1678,0.0000,0.00000,0.00130
3.38,8.38,0.5925,0.0000,0.00000,0.00453
3.62,8.38,1.1392,0.0000,0.00000,0.00869
3.88,8.38,1.4004,0.0000,0.00000,0.01040
4.12,8.38,1.5599,0.0000,0.00000,0.01043
4.38,8.38,1.6534,0.0000,0.00000,0.01041
4.62,8.38,1.5980,0.0000,0.00000,0.01014
4.88,8.38,1.7692,0.0000,0.00000,0.01084
5.12,8.38,1.8739,0.0000,0.00000,0.01115
5.38,8.38,1.7978,0.0000,0.00000,0.01032
5.62,8.38,1.9547,0.0000,0.00000,0.01049
5.88,8.38,1.8578,0.0000,0.00000,0.00972
6.12,8.38,1.9360,0.0000,0.00000,0.00995
6.38,8.38,2.1841,0.0000,0.00000,0.01139
6.62,8.38,1.5787,0.0000,0.00000,0.00897
6.88,8.38,1.6240,0.0000,0.00000,0.00848
7.12,8.38,2.2499,0.0000,0.00000,0.01043
7.38,8.38,1.7880,0.0000,0.00000,0.00805
2.62,8.62,0.0040,0.0000,0.00000,0.00002
2.88,8.62,0.0279,0.0000,0.00000,0.00018
3.12,8.62,0.1623,0.0000,0.00000,0.00111
3.38,8.62,0.5872,0.0000,0.00000,0.00416
3.62,8.62,1.1411,0.0000,0.00000,0.00867
3.88,8.62,1.4034,0.0000,0.00000,0.01102
4.12,8.62,1.5694,0.0000,0.00000,0.01097
4.38,8.62,1.6674,0.0000,0.00000,0.01049
4.62,8.62,1.6000,0.0000,0.00000,0.00981
4.88,8.62,1.7780,0.0000,0.00000,0.01030
5.12,8.62,1.8994,0.0000,0.00000,0.01053
5.38,8.62,1.8008,0.0000,0.00000,0.00960
5.62,8.62,1.9559,0.0000,0.00000,0.00971
5.88,8.62,1.8931,0.0000,0.00000,0.00901
6.12,8.62,1.9725,0.0000,0.00000,0.00887
6.38,8.62,2.2088,0.0000,0.00000,0.00979
6.62,8.62,1.5876,0.0000,0.00000,0.00769
6.88,8.62,1.6278,0.0000,0.00000,0.00746
7.12,8.62,2.2643,0.0000,0.00000,0.00925
7.38,8.62,1.8030,0.0000,0.00000,0.00714
2.62,8.88,0.0038,0.0000,0.00000,0.00002
2.88,8.88,0.0267,0.0000,0.00000,0.00017
3.12,8.88,0.1578,0.0000,0.00000,0.00106
3.38,8.88,0.5817,0.0000,0.00000,0.00400
3.62,8.88,1.1397,0.0000,0.00000,0.00835
3.88,8.88,1.4017,0.0000,0.00000,0.01063
4.12,8.88,1.5739,0.0000,0.00000,0.01067
4.38,8.88,1.6822,0.0000,0.00000,0.01024
4.62,8.88,1.6031,0.0000,0.00000,0.00952
4.88,8.88,1.7840,0.0000,0.00000,0.01009
5.12,8.88,1.9233,0.0000,0.00000,0.01035
5.38,8.88,1.8058,0.0000,0.00000,0.00926
5.62,8.88,1.9606,0.0000,0.00000,0.00927
5.88,8.88,1.9311,0.0000,0.00000,0.00872
6.12,8.88,2.0115,0.0000,0.00000,0.00853
6.38,8.88,2.2374,0.0000,0.00000,0.00918
6.62,8.88,1.6032,0.0000,0.00000,0.00701
6.88,8.88,1.6417,0.0000,0.00000,0.00685
7.12,8.88,2.2892,0.0000,0.00000,0.00862
7.38,8.88,1.8251,0.0000,0.00000,0.00666
2.62,9.12,0.0037,0.0000,0.00000,0.00002
2.88,9.12,0.0256,0.0000,0.00000,0.00018
3.12,9.12,0.1537,0.0000,0.00000,0.00104
3.38,9.12,0.5751,0.0000,0.00000,0.00388
3.62,9.12,1.1344,0.0000,0.00000,0.00785
3.88,9.12,1.3985,0.0000,0.00000,0.00977
4.12,9.12,1.5850,0.0000,0.00000,0.01013
4.38,9.12,1.7096,0.0000,0.00000,0.01012
4.62,9.12,1.6126,0.0000,0.00000,0.00958
4.88,9.12,1.7893,0.0000,0.00000,0.01028
5.12,9.12,1.9475,0.0000,0.00000,0.01039
5.38,9.12,1.8076,0.0000,0.00000,0.00895
5.62,9.12,1.9556,0.0000,0.00000,0.00884
5.88,9.12,1.9581,0.0000,0.00000,0.00858
6.12,9.12,2.0361,0.0000,0.00000,0.00860
6.38,9.12,2.2499,0.0000,0.00000,0.00927
6.62,9.12,1.6126,0.0000,0.00000,0.00692
6.88,9.12,1.6562,0.0000,0.00000,0.00663
7.12,9.12,2.3144,0.0000,0.00000,0.00841
7.38,9.12,1.8467,0.0000,0.00000,0.00651
2.62,9.38,0.0036,0.0000,0.00000,0.00002
2.88,9.38,0.0250,0.0000,0.00000,0.00018
3.12,9.38,0.1508,0.0000,0.00000,0.00110
3.38,9.38,0.5702,0.0000,0.00000,0.00407
3.62,9.38,1.1298,0.0000,0.00000,0.00800
3.88,9.38,1.3948,0.0000,0.00000,0.00959
4.12,9.38,1.5958,0.0000,0.00000,0.01001
4.38,9.38,1.7364,0.0000,0.00000,0.01011
4.62,9.38,1.6205,0.0000,0.00000,0.00958
4.88,9.38,1.7923,0.0000,0.00000,0.01035
5.12,9.38,1.9724,0.0000,0.00000,0.01037
5.38,9.38,1.8115,0.0000,0.00000,0.00868
5.62,9.38,1.9539,0.0000,0.00000,0.00866
5.88,9.38,1.9909,0.0000,0.00000,0.00878
6.12,9.38,2.0694,0.0000,0.00000,0.00890
6.38,9.38,2.2737,0.0000,0.00000,0.00949
6.62,9.38,1.6291,0.0000,0.00000,0.00699
6.88,9.38,1.6673,0.0000,0.00000,0.00648
7.12,9.38,2.3291,0.0000,0.00000,0.00815
7.38,9.38,1.8596,0.0000,0.00000,0.00633
2.62,9.62,0.0035,0.0000,0.00000,0.00002
2.88,9.62,0.0242,0.0000,0.00000,0.00017
3.12,9.62,0.1481,0.0000,0.00000,0.00112
3.38,9.62,0.5656,0.0000,0.00000,0.00427
3.62,9.62,1.1240,0.0000,0.00000,0.00833
3.88,9.62,1.3857,0.0000,0.00000,0.00981
4.12,9.62,1.5961,0.0000,0.00000,0.01013
4.38,9.62,1.7546,0.0000,0.00000,0.01010
4.62,9.62,1.6257,0.0000,0.00000,0.00910
4.88,9.62,1.7930,0.0000,0.00000,0.00956
5.12,9.62,1.9959,0.0000,0.00000,0.00984
5.38,9.62,1.8172,0.0000,0.00000,0.00843
5.62,9.62,1.9562,0.0000,0.00000,0.00882
5.88,9.62,2.0309,0.0000,0.00000,0.00930
6.12,9.62,2.1107,0.0000,0.00000,0.00888
6.38,9.62,2.3021,0.0000,0.00000,0.00877
6.62,9.62,1.6453,0.0000,0.00000,0.00630
6.88,9.62,1.6739,0.0000,0.00000,0.00583
7.12,9.62,2.3361,0.0000,0.00000,0.00738
7.38,9.62,1.8660,0.0000,0.00000,0.00574
2.62,9.88,0.0034,0.0000,0.00000,0.00002
2.88,9.88,0.0236,0.0000,0.00000,0.00016
3.12,9.88,0.1455,0.0000,0.00000,0.00104
3.38,9.88,0.5616,0.0000,0.00000,0.00401
3.62,9.88,1.1213,0.0000,0.00000,0.00800
3.88,9.88,1.3791,0.0000,0.00000,0.00967
4.12,9.88,1.5911,0.0000,0.00000,0.01015
4.38,9.88,1.7675,0.0000,0.00000,0.01010
4.62,9.88,1.6347,0.0000,0.00000,0.00870
4.88,9.88,1.7978,0.0000,0.00000,0.00871
5.12,9.88,2.0181,0.0000,0.00000,0.00921
5.38,9.88,1.8169,0.0000,0.00000,0.00818
5.62,9.88,1.9499,0.0000,0.00000,0.00892
5.88,9.88,2.0698,0.0000,0.00000,0.00963
6.12,9.88,2.1516,0.0000,0.00000,0.00862
6.38,9.88,2.3247,0.0000,0.00000,0.00786
6.62,9.88,1.6594,0.0000,0.00000,0.00556
6.88,9.88,1.6849,0.0000,0.00000,0.00539
7.12,9.88,2.3498,0.0000,0.00000,0.00703
7.38,9.88,1.8774,0.0000,0.00000,0.00551
2.62,10.12,0.0036,0.0000,0.00000,0.00002
2.88,10.12,0.0236,0.0000,0.00000,0.00015
3.12,10.12,0.1433,0.0000,0.00000,0.00095
3.38,10.12,0.5549,0.0000,0.00000,0.00366
3.62,10.12,1.1169,0.0000,0.00000,0.00744
3.88,10.12,1.3800,0.0000,0.00000,0.00926
4.12,10.12,1.5923,0.0000,0.00000,0.00990
4.38,10.12,1.7799,0.0000,0.00000,0.00991
4.62,10.12,1.6476,0.0000,0.00000,0.00848
4.88,10.12,1.8089,0.0000,0.00000,0.00838
5.12,10.12,2.0420,0.0000,0.00000,0.00906
5.38,10.12,1.8162,0.0000,0.00000,0.00816
5.62,10.12,1.9448,0.0000,0.00000,0.00849
5.88,10.12,2.1119,0.0000,0.00000,0.00894
6.12,10.12,2.1933,0.0000,0.00000,0.00804
6.38,10.12,2.3463,0.0000,0.00000,0.00745
6.62,10.12,1.6743,0.0000,0.00000,0.00534
6.88,10.12,1.6974,0.0000,0.00000,0.00530
7.12,10.12,2.3646,0.0000,0.00000,0.00702
7.38,10.12,1.8894,0.0000,0.00000,0.00553
2.62,10.38,0.0038,0.0000,0.00000,0.00002
2.88,10.38,0.0240,0.0000,0.00000,0.00016
3.12,10.38,0.1415,0.0000,0.00000,0.00093
3.38,10.38,0.5476,0.0000,0.00000,0.00352
3.62,10.38,1.1118,0.0000,0.00000,0.00715
3.88,10.38,1.3828,0.0000,0.00000,0.00892
4.12,10.38,1.5967,0.0000,0.00000,0.00952
4.38,10.38,1.7973,0.0000,0.00000,0.00960
4.62,10.38,1.6664,0.0000,0.00000,0.00832
4.88,10.38,1.8219,0.0000,0.00000,0.00828
5.12,10.38,2.0629,0.0000,0.00000,0.00915
5.38,10.38,1.8101,0.0000,0.00000,0.00824
5.62,10.38,1.9346,0.0000,0.00000,0.00792
5.88,10.38,2.1492,0.0000,0.00000,0.00794
6.12,10.38,2.2250,0.0000,0.00000,0.00736
6.38,10.38,2.3567,0.0000,0.00000,0.00721
6.62,10.38,1.6856,0.0000,0.00000,0.00526
6.88,10.38,1.7102,0.0000,0.00000,0.00509
7.12,10.38,2.3792,0.0000,0.00000,0.00666
7.38,10.38,1.9010,0.0000,0.00000,0.00524
2.62,10.62,0.0038,0.0000,0.00000,0.00003
2.88,10.62,0.0236,0.0000,0.00000,0.00016
3.12,10.62,0.1384,0.0000,0.00000,0.00091
3.38,10.62,0.5396,0.0000,0.00000,0.00341
3.62,10.62,1.1096,0.0000,0.00000,0.00698
3.88,10.62,1.3907,0.0000,0.00000,0.00874
4.12,10.62,1.6014,0.0000,0.00000,0.00930
4.38,10.62,1.8131,0.0000,0.00000,0.00941
4.62,10.62,1.6873,0.0000,0.00000,0.00819
4.88,10.62,1.8389,0.0000,0.00000,0.00805
5.12,10.62,2.0903,0.0000,0.00000,0.00883
5.38,10.62,1.8090,0.0000,0.00000,0.00780
5.62,10.62,1.9274,0.0000,0.00000,0.00733
5.88,10.62,2.1924,0.0000,0.00000,0.00740
6.12,10.62,2.2631,0.0000,0.00000,0.00694
6.38,10.62,2.3726,0.0000,0.00000,0.00689
6.62,10.62,1.7030,0.0000,0.00000,0.00513
6.88,10.62,1.7281,0.0000,0.00000,0.00493
7.12,10.62,2.3988,0.0000,0.00000,0.00633
7.38,10.62,1.9166,0.0000,0.00000,0.00496
2.62,10.88,0.0036,0.0000,0.00000,0.00002
2.88,10.88,0.0226,0.0000,0.00000,0.00015
3.12,10.88,0.1331,0.0000,0.00000,0.00086
3.38,10.88,0.5248,0.0000,0.00000,0.00325
3.62,10.88,1.1002,0.0000,0.00000,0.00674
3.88,10.88,1.3993,0.0000,0.00000,0.00847
4.12,10.88,1.6046,0.0000,0.00000,0.00884
4.38,10.88,1.8252,0.0000,0.00000,0.00901
4.62,10.88,1.7109,0.0000,0.00000,0.00794
4.88,10.88,1.8556,0.0000,0.00000,0.00773
5.12,10.88,2.1125,0.0000,0.00000,0.00828
5.38,10.88,1.8072,0.0000,0.00000,0.00703
5.62,10.88,1.9229,0.0000,0.00000,0.00670
5.88,10.88,2.2392,0.0000,0.00000,0.00708
6.12,10.88,2.3050,0.0000,0.00000,0.00673
6.38,10.88,2.3930,0.0000,0.00000,0.00671
6.62,10.88,1.7254,0.0000,0.00000,0.00506
6.88,10.88,1.7491,0.0000,0.00000,0.00481
7.12,10.88,2.4192,0.0000,0.00000,0.00612
7.38,10.88,1.9324,0.0000,0.00000,0.00478
2.62,11.12,0.0034,0.0000,0.00000,0.00002
2.88,11.12,0.0215,0.0000,0.00000,0.00014
3.12,11.12,0.1270,0.0000,0.00000,0.00080
3.38,11.12,0.5061,0.0000,0.00000,0.00311
3.62,11.12,1.0867,0.0000,0.00000,0.00660
3.88,11.12,1.4092,0.0000,0.00000,0.00833
4.12,11.12,1.6040,0.0000,0.00000,0.00842
4.38,11.12,1.8281,0.0000,0.00000,0.00854
4.62,11.12,1.7331,0.0000,0.00000,0.00772
4.88,11.12,1.8686,0.0000,0.00000,0.00757
5.12,11.12,2.1251,0.0000,0.00000,0.00799
5.38,11.12,1.7995,0.0000,0.00000,0.00658
5.62,11.12,1.9158,0.0000,0.00000,0.00628
5.88,11.12,2.2827,0.0000,0.00000,0.00685
6.12,11.12,2.3413,0.0000,0.00000,0.00666
6.38,11.12,2.4074,0.0000,0.00000,0.00674
6.62,11.12,1.7470,0.0000,0.00000,0.00513
6.88,11.12,1.7707,0.0000,0.00000,0.00484
7.12,11.12,2.4376,0.0000,0.00000,0.00611
7.38,11.12,1.9457,0.0000,0.00000,0.00478
2.62,11.38,0.0032,0.0000,0.00000,0.00002
2.88,11.38,0.0200,0.0000,0.00000,0.00012
3.12,11.38,0.1196,0.0000,0.00000,0.00075
3.38,11.38,0.4850,0.0000,0.00000,0.00300
3.62,11.38,1.0726,0.0000,0.00000,0.00660
3.88,11.38,1.4233,0.0000,0.00000,0.00847
4.12,11.38,1.6048,0.0000,0.00000,0.00834
4.38,11.38,1.8294,0.0000,0.00000,0.00836
4.62,11.38,1.7634,0.0000,0.00000,0.00772
4.88,11.38,1.8912,0.0000,0.00000,0.00757
5.12,11.38,2.1439,0.0000,0.00000,0.00793
5.38,11.38,1.8002,0.0000,0.00000,0.00649
5.62,11.38,1.9119,0.0000,0.00000,0.00623
5.88,11.38,2.3198,0.0000,0.00000,0.00691
6.12,11.38,2.3647,0.0000,0.00000,0.00668
6.38,11.38,2.4086,0.0000,0.00000,0.00669
6.62,11.38,1.7670,0.0000,0.00000,0.00518
6.88,11.38,1.7920,0.0000,0.00000,0.00514
7.12,11.38,2.4487,0.0000,0.00000,0.00661
7.38,11.38,1.9517,0.0000,0.00000,0.00519
2.62,11.62,0.0029,0.0000,0.00000,0.00002
2.88,11.62,0.0185,0.0000,0.00000,0.00012
3.12,11.62,0.1107,0.0000,0.00000,0.00070
3.38,11.62,0.4580,0.0000,0.00000,0.00284
3.62,11.62,1.0537,0.0000,0.00000,0.00652
3.88,11.62,1.4405,0.0000,0.00000,0.00860
4.12,11.62,1.6034,0.0000,0.00000,0.00836
4.38,11.62,1.8284,0.0000,0.00000,0.00834
4.62,11.62,1.8066,0.0000,0.00000,0.00787
4.88,11.62,1.9253,0.0000,0.00000,0.00762
5.12,11.62,2.1650,0.0000,0.00000,0.00792
5.38,11.62,1.8078,0.0000,0.00000,0.00665
5.62,11.62,1.9119,0.0000,0.00000,0.00650
5.88,11.62,2.3500,0.0000,0.00000,0.00720
6.12,11.62,2.3764,0.0000,0.00000,0.00671
6.38,11.62,2.4038,0.0000,0.00000,0.00651
6.62,11.62,1.7957,0.0000,0.00000,0.00513
6.88,11.62,1.8228,0.0000,0.00000,0.00543
7.12,11.62,2.4634,0.0000,0.00000,0.00718
7.38,11.62,1.9591,0.0000,0.00000,0.00566
2.62,11.88,0.0026,0.0000,0.00000,0.00002
2.88,11.88,0.0167,0.0000,0.00000,0.00011
3.12,11.88,0.1006,0.0000,0.00000,0.00063
3.38,11.88,0.4255,0.0000,0.00000,0.00265
3.62,11.88,1.0297,0.0000,0.00000,0.00634
3.88,11.88,1.4610,0.0000,0.00000,0.00865
4.12,11.88,1.5975,0.0000,0.00000,0.00838
4.38,11.88,1.8146,0.0000,0.00000,0.00832
4.62,11.88,1.8514,0.0000,0.00000,0.00803
4.88,11.88,1.9633,0.0000,0.00000,0.00774
5.12,11.88,2.1853,0.0000,0.00000,0.00806
5.38,11.88,1.8234,0.0000,0.00000,0.00699
5.62,11.88,1.9222,0.0000,0.00000,0.00689
5.88,11.88,2.3839,0.0000,0.00000,0.00754
6.12,11.88,2.3832,0.0000,0.00000,0.00680
6.38,11.88,2.3954,0.0000,0.00000,0.00644
6.62,11.88,1.8346,0.0000,0.00000,0.00512
6.88,11.88,1.8653,0.0000,0.00000,0.00534
7.12,11.88,2.4842,0.0000,0.00000,0.00695
7.38,11.88,1.9697,0.0000,0.00000,0.00547
2.62,12.12,0.0020,0.0000,0.00000,0.00001
2.88,12.12,0.0144,0.0000,0.00000,0.00009
3.12,12.12,0.0908,0.0000,0.00000,0.00059
3.38,12.12,0.3952,0.0000,0.00000,0.00251
3.62,12.12,1.0074,0.0000,0.00000,0.00618
3.88,12.12,1.4828,0.0000,0.00000,0.00871
4.12,12.12,1.5921,0.0000,0.00000,0.00846
4.38,12.12,1.7991,0.0000,0.00000,0.00842
4.62,12.12,1.8938,0.0000,0.00000,0.00837
4.88,12.12,1.9920,0.0000,0.00000,0.00813
5.12,12.12,2.1947,0.0000,0.00000,0.00853
5.38,12.12,1.8424,0.0000,0.00000,0.00752
5.62,12.12,1.9377,0.0000,0.00000,0.00723
5.88,12.12,2.4102,0.0000,0.00000,0.00781
6.12,12.12,2.3685,0.0000,0.00000,0.00692
6.38,12.12,2.3671,0.0000,0.00000,0.00649
6.62,12.12,1.8773,0.0000,0.00000,0.00530
6.88,12.12,1.9149,0.0000,0.00000,0.00530
7.12,12.12,2.5017,0.0000,0.00000,0.00661
7.38,12.12,1.9752,0.0000,0.00000,0.00515
2.62,12.38,0.0015,0.0000,0.00000,0.00001
2.88,12.38,0.0123,0.0000,0.00000,0.00008
3.12,12.38,0.0824,0.0000,0.00000,0.00056
3.38,12.38,0.3692,0.0000,0.00000,0.00239
3.62,12.38,0.9869,0.0000,0.00000,0.00604
3.88,12.38,1.4969,0.0000,0.00000,0.00877
4.12,12.38,1.5791,0.0000,0.00000,0.00859
4.38,12.38,1.7812,0.0000,0.00000,0.00862
4.62,12.38,1.9336,0.0000,0.00000,0.00885
4.88,12.38,2.0072,0.0000,0.00000,0.00885
5.12,12.38,2.1901,0.0000,0.00000,0.00963
5.38,12.38,1.8699,0.0000,0.00000,0.00858
5.62,12.38,1.9655,0.0000,0.00000,0.00783
5.88,12.38,2.4331,0.0000,0.00000,0.00818
6.12,12.38,2.3377,0.0000,0.00000,0.00699
6.38,12.38,2.3301,0.0000,0.00000,0.00641
6.62,12.38,1.9396,0.0000,0.00000,0.00549
6.88,12.38,1.9865,0.0000,0.00000,0.00557
7.12,12.38,2.5295,0.0000,0.00000,0.00677
7.38,12.38,1.9854,0.0000,0.00000,0.00524
2.62,12.62,0.0011,0.0000,0.00000,0.00001
2.88,12.62,0.0106,0.0000,0.00000,0.00007
3.12,12.62,0.0745,0.0000,0.00000,0.00051
3.38,12.62,0.3446,0.0000,0.00000,0.00226
3.62,12.62,0.9685,0.0000,0.00000,0.00600
3.88,12.62,1.5115,0.0000,0.00000,0.00905
4.12,12.62,1.5678,0.0000,0.00000,0.00888
4.38,12.62,1.7651,0.0000,0.00000,0.00890
4.62,12.62,1.9691,0.0000,0.00000,0.00929
4.88,12.62,2.0071,0.0000,0.00000,0.00937
5.12,12.62,2.1730,0.0000,0.00000,0.01046
5.38,12.62,1.9148,0.0000,0.00000,0.00951
5.62,12.62,2.0130,0.0000,0.00000,0.00839
5.88,12.62,2.4546,0.0000,0.00000,0.00849
6.12,12.62,2.2905,0.0000,0.00000,0.00701
6.38,12.62,2.2815,0.0000,0.00000,0.00631
6.62,12.62,2.0168,0.0000,0.00000,0.00568
6.88,12.62,2.0747,0.0000,0.00000,0.00592
7.12,12.62,2.5613,0.0000,0.00000,0.00712
7.38,12.62,1.9956,0.0000,0.00000,0.00549
2.62,12.88,0.0009,0.0000,0.00000,0.00001
2.88,12.88,0.0093,0.0000,0.00000,0.00007
3.12,12.88,0.0668,0.0000,0.00000,0.00047
3.38,12.88,0.3192,0.0000,0.00000,0.00214
3.62,12.88,0.9470,0.0000,0.00000,0.00597
3.88,12.88,1.5225,0.0000,0.00000,0.00931
4.12,12.88,1.5602,0.0000,0.00000,0.00918
4.38,12.88,1.7547,0.0000,0.00000,0.00923
4.62,12.88,2.0027,0.0000,0.00000,0.00971
4.88,12.88,1.9909,0.0000,0.00000,0.00929
5.12,12.88,2.1392,0.0000,0.00000,0.00980
5.38,12.88,1.9717,0.0000,0.00000,0.00893
5.62,12.88,2.0761,0.0000,0.00000,0.00809
5.88,12.88,2.4741,0.0000,0.00000,0.00839
6.12,12.88,2.2293,0.0000,0.00000,0.00696
6.38,12.88,2.2203,0.0000,0.00000,0.00638
6.62,12.88,2.0999,0.0000,0.00000,0.00604
6.88,12.88,2.1724,0.0000,0.00000,0.00624
7.12,12.88,2.5963,0.0000,0.00000,0.00729
7.38,12.88,2.0065,0.0000,0.00000,0.00559
2.62,13.12,0.0008,0.0000,0.00000,0.00001
2.88,13.12,0.0085,0.0000,0.00000,0.00006
3.12,13.12,0.0600,0.0000,0.00000,0.00044
3.38,13.12,0.2954,0.0000,0.00000,0.00203
3.62,13.12,0.9240,0.0000,0.00000,0.00591
3.88,13.12,1.5277,0.0000,0.00000,0.00946
4.12,13.12,1.5532,0.0000,0.00000,0.00939
4.38,13.12,1.7458,0.0000,0.00000,0.00958
4.62,13.12,2.0251,0.0000,0.00000,0.01030
4.88,13.12,1.9540,0.0000,0.00000,0.00935
5.12,13.12,2.0928,0.0000,0.00000,0.00919
5.38,13.12,2.0434,0.0000,0.00000,0.00842
5.62,13.12,2.1530,0.0000,0.00000,0.00791
5.88,13.12,2.4897,0.0000,0.00000,0.00840
6.12,13.12,2.1578,0.0000,0.00000,0.00694
6.38,13.12,2.1510,0.0000,0.00000,0.00638
6.62,13.12,2.1834,0.0000,0.00000,0.00629
6.88,13.12,2.2717,0.0000,0.00000,0.00649
7.12,13.12,2.6290,0.0000,0.00000,0.00742
7.38,13.12,2.0149,0.0000,0.00000,0.00566
2.62,13.38,0.0008,0.0000,0.00000,0.00001
2.88,13.38,0.0080,0.0000,0.00000,0.00006
3.12,13.38,0.0551,0.0000,0.00000,0.00042
3.38,13.38,0.2764,0.0000,0.00000,0.00195
3.62,13.38,0.9016,0.0000,0.00000,0.00589
3.88,13.38,1.5265,0.0000,0.00000,0.00968
4.12,13.38,1.5460,0.0000,0.00000,0.00966
4.38,13.38,1.7352,0.0000,0.00000,0.00999
4.62,13.38,2.0350,0.0000,0.00000,0.01098
4.88,13.38,1.9041,0.0000,0.00000,0.00972
5.12,13.38,2.0411,0.0000,0.00000,0.00938
5.38,13.38,2.1220,0.0000,0.00000,0.00896
5.62,13.38,2.2366,0.0000,0.00000,0.00850
5.88,13.38,2.5041,0.0000,0.00000,0.00884
6.12,13.38,2.0853,0.0000,0.00000,0.00700
6.38,13.38,2.0814,0.0000,0.00000,0.00628
6.62,13.38,2.2658,0.0000,0.00000,0.00651
6.88,13.38,2.3670,0.0000,0.00000,0.00689
7.12,13.38,2.6543,0.0000,0.00000,0.00784
7.38,13.38,2.0171,0.0000,0.00000,0.00597
2.62,13.62,0.0007,0.0000,0.00000,0.00001
2.88,13.62,0.0074,0.0000,0.00000,0.00006
3.12,13.62,0.0505,0.0000,0.00000,0.00040
3.38,13.62,0.2578,0.0000,0.00000,0.00186
3.62,13.62,0.8728,0.0000,0.00000,0.00586
3.88,13.62,1.5135,0.0000,0.00000,0.00996
4.12,13.62,1.5405,0.0000,0.00000,0.01007
4.38,13.62,1.7299,0.0000,0.00000,0.01056
4.62,13.62,2.0424,0.0000,0.00000,0.01180
4.88,13.62,1.8543,0.0000,0.00000,0.01028
5.12,13.62,1.9874,0.0000,0.00000,0.00989
5.38,13.62,2.1912,0.0000,0.00000,0.00989
5.62,13.62,2.3103,0.0000,0.00000,0.00937
5.88,13.62,2.5130,0.0000,0.00000,0.00946
6.12,13.62,2.0218,0.0000,0.00000,0.00725
6.38,13.62,2.0217,0.0000,0.00000,0.00649
6.62,13.62,2.3411,0.0000,0.00000,0.00710
6.88,13.62,2.4544,0.0000,0.00000,0.00757
7.12,13.62,2.6798,0.0000,0.00000,0.00847
7.38,13.62,2.0211,0.0000,0.00000,0.00642
2.62,13.88,0.0007,0.0000,0.00000,0.00001
2.88,13.88,0.0069,0.0000,0.00000,0.00006
3.12,13.88,0.0464,0.0000,0.00000,0.00039
3.38,13.88,0.2381,0.0000,0.00000,0.00181
3.62,13.88,0.8312,0.0000,0.00000,0.00590
3.88,13.88,1.4871,0.0000,0.00000,0.01040
4.12,13.88,1.5489,0.0000,0.00000,0.01082
4.38,13.88,1.7377,0.0000,0.00000,0.01147
4.62,13.88,2.0482,0.0000,0.00000,0.01292
4.88,13.88,1.8133,0.0000,0.00000,0.01112
5.12,13.88,1.9428,0.0000,0.00000,0.01053
5.38,13.88,2.2495,0.0000,0.00000,0.01078
5.62,13.88,2.3658,0.0000,0.00000,0.01015
5.88,13.88,2.5108,0.0000,0.00000,0.01004
6.12,13.88,1.9681,0.0000,0.00000,0.00764
6.38,13.88,1.9761,0.0000,0.00000,0.00703
6.62,13.88,2.4134,0.0000,0.00000,0.00806
6.88,13.88,2.5351,0.0000,0.00000,0.00846
7.12,13.88,2.7040,0.0000,0.00000,0.00916
7.38,13.88,2.0260,0.0000,0.00000,0.00689
2.62,14.12,0.0006,0.0000,0.00000,0.00001
2.88,14.12,0.0065,0.0000,0.00000,0.00006
3.12,14.12,0.0424,0.0000,0.00000,0.00038
3.38,14.12,0.2164,0.0000,0.00000,0.00180
3.62,14.12,0.7740,0.0000,0.00000,0.00605
3.88,14.12,1.4429,0.0000,0.00000,0.01115
4.12,14.12,1.5680,0.0000,0.00000,0.01210
4.38,14.12,1.7537,0.0000,0.00000,0.01276
4.62,14.12,2.0526,0.0000,0.00000,0.01424
4.88,14.12,1.7932,0.0000,0.00000,0.01210
5.12,14.12,1.9208,0.0000,0.00000,0.01126
5.38,14.12,2.3030,0.0000,0.00000,0.01173
5.62,14.12,2.4010,0.0000,0.00000,0.01096
5.88,14.12,2.4966,0.0000,0.00000,0.01064
6.12,14.12,1.9314,0.0000,0.00000,0.00816
6.38,14.12,1.9516,0.0000,0.00000,0.00772
6.62,14.12,2.4833,0.0000,0.00000,0.00914
6.88,14.12,2.6053,0.0000,0.00000,0.00969
7.12,14.12,2.7212,0.0000,0.00000,0.01046
7.38,14.12,2.0266,0.0000,0.00000,0.00785
2.62,14.38,0.0006,0.0000,0.00000,0.00001
2.88,14.38,0.0057,0.0000,0.00000,0.00005
3.12,14.38,0.0370,0.0000,0.00000,0.00035
3.38,14.38,0.1903,0.0000,0.00000,0.00176
3.62,14.38,0.7000,0.0000,0.00000,0.00623
3.88,14.38,1.3792,0.0000,0.00000,0.01232
4.12,14.38,1.5923,0.0000,0.00000,0.01432
4.38,14.38,1.7673,0.0000,0.00000,0.01465
4.62,14.38,2.0412,0.0000,0.00000,0.01565
4.88,14.38,1.7875,0.0000,0.00000,0.01315
5.12,14.38,1.9166,0.0000,0.00000,0.01223
5.38,14.38,2.3417,0.0000,0.00000,0.01304
5.62,14.38,2.4048,0.0000,0.00000,0.01210
5.88,14.38,2.4633,0.0000,0.00000,0.01159
6.12,14.38,1.9130,0.0000,0.00000,0.00896
6.38,14.38,1.9440,0.0000,0.00000,0.00843
6.62,14.38,2.5395,0.0000,0.00000,0.01009
6.88,14.38,2.6586,0.0000,0.00000,0.01096
7.12,14.38,2.7302,0.0000,0.00000,0.01198
7.38,14.38,2.0231,0.0000,0.00000,0.00902
2.62,14.62,0.0004,0.0000,0.00000,0.00000
2.88,14.62,0.0045,0.0000,0.00000,0.00004
3.12,14.62,0.0304,0.0000,0.00000,0.00031
3.38,14.62,0.1612,0.0000,0.00000,0.00168
3.62,14.62,0.6141,0.0000,0.00000,0.00622
3.88,14.62,1.2980,0.0000,0.00000,0.01321
4.12,14.62,1.6119,0.0000,0.00000,0.01650
4.38,14.62,1.7651,0.0000,0.00000,0.01661
4.62,14.62,2.0089,0.0000,0.00000,0.01720
4.88,14.62,1.8081,0.0000,0.00000,0.01475
5.12,14.62,1.9451,0.0000,0.00000,0.01399
5.38,14.62,2.3718,0.0000,0.00000,0.01506
5.62,14.62,2.3750,0.0000,0.00000,0.01370
5.88,14.62,2.4084,0.0000,0.00000,0.01288
6.12,14.62,1.9262,0.0000,0.00000,0.01008
6.38,14.62,1.9696,0.0000,0.00000,0.00933
6.62,14.62,2.5875,0.0000,0.00000,0.01116
6.88,14.62,2.6987,0.0000,0.00000,0.01185
7.12,14.62,2.7378,0.0000,0.00000,0.01259
7.38,14.62,2.0214,0.0000,0.00000,0.00941
2.62,14.88,0.0003,0.0000,0.00000,0.00000
2.88,14.88,0.0032,0.0000,0.00000,0.00003
3.12,14.88,0.0231,0.0000,0.00000,0.00025
3.38,14.88,0.1308,0.0000,0.00000,0.00148
3.62,14.88,0.5236,0.0000,0.00000,0.00571
3.88,14.88,1.2074,0.0000,0.00000,0.01289
4.12,14.88,1.6219,0.0000,0.00000,0.01723
4.38,14.88,1.7416,0.0000,0.00000,0.01781
4.62,14.88,1.9597,0.0000,0.00000,0.01887
4.88,14.88,1.8582,0.0000,0.00000,0.01719
5.12,14.88,2.0031,0.0000,0.00000,0.01662
5.38,14.88,2.3910,0.0000,0.00000,0.01765
5.62,14.88,2.3036,0.0000,0.00000,0.01548
5.88,14.88,2.3244,0.0000,0.00000,0.01435
6.12,14.88,1.9782,0.0000,0.00000,0.01178
6.38,14.88,2.0346,0.0000,0.00000,0.01097
6.62,14.88,2.6233,0.0000,0.00000,0.01293
6.88,14.88,2.7181,0.0000,0.00000,0.01323
7.12,14.88,2.7365,0.0000,0.00000,0.01349
7.38,14.88,2.0158,0.0000,0.00000,0.00998
2.62,15.12,0.0002,0.0000,0.00000,0.00000
2.88,15.12,0.0020,0.0000,0.00000,0.00002
3.12,15.12,0.0166,0.0000,0.00000,0.00019
3.38,15.12,0.1023,0.0000,0.00000,0.00122
3.62,15.12,0.4367,0.0000,0.00000,0.00502
3.88,15.12,1.1167,0.0000,0.00000,0.01247
4.12,15.12,1.6194,0.0000,0.00000,0.01808
4.38,15.12,1.6942,0.0000,0.00000,0.01904
4.62,15.12,1.8902,0.0000,0.00000,0.02077
4.88,15.12,1.9142,0.0000,0.00000,0.02056
5.12,15.12,2.0605,0.0000,0.00000,0.02028
5.38,15.12,2.3841,0.0000,0.00000,0.02110
5.62,15.12,2.1940,0.0000,0.00000,0.01784
5.88,15.12,2.2140,0.0000,0.00000,0.01641
6.12,15.12,2.0566,0.0000,0.00000,0.01451
6.38,15.12,2.1303,0.0000,0.00000,0.01362
6.62,15.12,2.6543,0.0000,0.00000,0.01556
6.88,15.12,2.7255,0.0000,0.00000,0.01561
7.12,15.12,2.7298,0.0000,0.00000,0.01564
7.38,15.12,2.0080,0.0000,0.00000,0.01151
2.62,15.38,0.0001,0.0000,0.00000,0.00000
2.88,15.38,0.0013,0.0000,0.00000,0.00001
3.12,15.38,0.0122,0.0000,0.00000,0.00015
3.38,15.38,0.0801,0.0000,0.00000,0.00102
3.62,15.38,0.3659,0.0000,0.00000,0.00457
3.88,15.38,1.0373,0.0000,0.00000,0.01263
4.12,15.38,1.6006,0.0000,0.00000,0.01965
4.38,15.38,1.6287,0.0000,0.00000,0.02063
4.62,15.38,1.8160,0.0000,0.00000,0.02301
4.88,15.38,1.9709,0.0000,0.00000,0.02470
5.12,15.38,2.1050,0.0000,0.00000,0.02494
5.38,15.38,2.3547,0.0000,0.00000,0.02582
5.62,15.38,2.0775,0.0000,0.00000,0.02140
5.88,15.38,2.1032,0.0000,0.00000,0.01968
6.12,15.38,2.1455,0.0000,0.00000,0.01887
6.38,15.38,2.2407,0.0000,0.00000,0.01795
6.62,15.38,2.6863,0.0000,0.00000,0.01979
6.88,15.38,2.7284,0.0000,0.00000,0.01946
7.12,15.38,2.7209,0.0000,0.00000,0.01918
7.38,15.38,1.9991,0.0000,0.00000,0.01406
2.62,15.62,0.0001,0.0000,0.00000,0.00000
2.88,15.62,0.0009,0.0000,0.00000,0.00001
3.12,15.62,0.0095,0.0000,0.00000,0.00013
3.38,15.62,0.0643,0.0000,0.00000,0.00095
3.62,15.62,0.3117,0.0000,0.00000,0.00440
3.88,15.62,0.9671,0.0000,0.00000,0.01315
4.12,15.62,1.5653,0.0000,0.00000,0.02153
4.38,15.62,1.5614,0.0000,0.00000,0.02266
4.62,15.62,1.7504,0.0000,0.00000,0.02593
4.88,15.62,2.0105,0.0000,0.00000,0.02946
5.12,15.62,2.1130,0.0000,0.00000,0.03011
5.38,15.62,2.3017,0.0000,0.00000,0.03162
5.62,15.62,1.9904,0.0000,0.00000,0.02681
5.88,15.62,2.0215,0.0000,0.00000,0.02548
6.12,15.62,2.2272,0.0000,0.00000,0.02657
6.38,15.62,2.3378,0.0000,0.00000,0.02519
6.62,15.62,2.7049,0.0000,0.00000,0.02642
6.88,15.62,2.7172,0.0000,0.00000,0.02564
7.12,15.62,2.6994,0.0000,0.00000,0.02520
7.38,15.62,1.9816,0.0000,0.00000,0.01846
2.62,15.88,0.0000,0.0000,0.00000,0.00000
2.88,15.88,0.0006,0.0000,0.00000,0.00001
3.12,15.88,0.0074,0.0000,0.00000,0.00013
3.38,15.88,0.0520,0.0000,0.00000,0.00092
3.62,15.88,0.2686,0.0000,0.00000,0.00437
3.88,15.88,0.8992,0.0000,0.00000,0.01389
4.12,15.88,1.5161,0.0000,0.00000,0.02360
4.38,15.88,1.5094,0.0000,0.00000,0.02508
4.62,15.88,1.6988,0.0000,0.00000,0.02962
4.88,15.88,2.0133,0.0000,0.00000,0.03523
5.12,15.88,2.0504,0.0000,0.00000,0.03590
5.38,15.88,2.1936,0.0000,0.00000,0.03866
5.62,15.88,1.9430,0.0000,0.00000,0.03551
5.88,15.88,1.9872,0.0000,0.00000,0.03614
6.12,15.88,2.2913,0.0000,0.00000,0.04044
6.38,15.88,2.4059,0.0000,0.00000,0.03861
6.62,15.88,2.7053,0.0000,0.00000,0.03876
6.88,15.88,2.6947,0.0000,0.00000,0.03618
7.12,15.88,2.6700,0.0000,0.00000,0.03451
7.38,15.88,1.9585,0.0000,0.00000,0.02507
2.62,16.12,0.0000,0.0000,0.00000,0.00000
2.88,16.12,0.0004,0.0000,0.00000,0.00001
3.12,16.12,0.0056,0.0000,0.00000,0.00011
3.38,16.12,0.0411,0.0000,0.00000,0.00081
3.62,16.12,0.2276,0.0000,0.00000,0.00422
3.88,16.12,0.8122,0.0000,0.00000,0.01426
4.12,16.12,1.4352,0.0000,0.00000,0.02513
4.38,16.12,1.4721,0.0000,0.00000,0.02749
4.62,16.12,1.6627,0.0000,0.00000,0.03365
4.88,16.12,1.9844,0.0000,0.00000,0.04131
5.12,16.12,1.9261,0.0000,0.00000,0.04180
5.38,16.12,2.0344,0.0000,0.00000,0.04704
5.62,16.12,1.9434,0.0000,0.00000,0.04866
5.88,16.12,2.0017,0.0000,0.00000,0.05202
6.12,16.12,2.3162,0.0000,0.00000,0.05995
6.38,16.12,2.4151,0.0000,0.00000,0.06008
6.62,16.12,2.6561,0.0000,0.00000,0.06112
6.88,16.12,2.6424,0.0000,0.00000,0.05469
7.12,16.12,2.6231,0.0000,0.00000,0.04929
7.38,16.12,1.9236,0.0000,0.00000,0.03526
2.62,16.38,0.0000,0.0000,0.00000,0.00000
2.88,16.38,0.0003,0.0000,0.00000,0.00001
3.12,16.38,0.0040,0.0000,0.00000,0.00008
3.38,16.38,0.0309,0.0000,0.00000,0.00065
3.62,16.38,0.1829,0.0000,0.00000,0.00378
3.88,16.38,0.6918,0.0000,0.00000,0.01357
4.12,16.38,1.3099,0.0000,0.00000,0.02542
4.38,16.38,1.4482,0.0000,0.00000,0.03000
4.62,16.38,1.6365,0.0000,0.00000,0.03743
4.88,16.38,1.9299,0.0000,0.00000,0.04611
5.12,16.38,1.8092,0.0000,0.00000,0.04712
5.38,16.38,1.8991,0.0000,0.00000,0.05639
5.62,16.38,1.9810,0.0000,0.00000,0.06524
5.88,16.38,2.0197,0.0000,0.00000,0.07088
6.12,16.38,2.2624,0.0000,0.00000,0.08088
6.38,16.38,2.3175,0.0000,0.00000,0.08355
6.62,16.38,2.4869,0.0000,0.00000,0.08688
6.88,16.38,2.5048,0.0000,0.00000,0.08052
7.12,16.38,2.5131,0.0000,0.00000,0.07422
7.38,16.38,1.8510,0.0000,0.00000,0.05460
2.62,16.62,0.0000,0.0000,0.00000,0.00000
2.88,16.62,0.0002,0.0000,0.00000,0.00000
3.12,16.62,0.0025,0.0000,0.00000,0.00005
3.38,16.62,0.0210,0.0000,0.00000,0.00047
3.62,16.62,0.1364,0.0000,0.00000,0.00307
3.88,16.62,0.5540,0.0000,0.00000,0.01193
4.12,16.62,1.1637,0.0000,0.00000,0.02498
4.38,16.62,1.4358,0.0000,0.00000,0.03293
4.62,16.62,1.6001,0.0000,0.00000,0.04041
4.88,16.62,1.8504,0.0000,0.00000,0.04934
5.12,16.62,1.7596,0.0000,0.00000,0.05254
5.38,16.62,1.8315,0.0000,0.00000,0.06517
5.62,16.62,2.0040,0.0000,0.00000,0.08057
5.88,16.62,1.9968,0.0000,0.00000,0.08839
6.12,16.62,2.1422,0.0000,0.00000,0.10011
6.38,16.62,2.1636,0.0000,0.00000,0.10470
6.62,16.62,2.2476,0.0000,0.00000,0.10892
6.88,16.62,2.2779,0.0000,0.00000,0.10698
7.12,16.62,2.2987,0.0000,0.00000,0.10346
7.38,16.62,1.7712,0.0000,0.00000,0.08222
2.62,16.88,0.0000,0.0000,0.00000,0.00000
2.88,16.88,0.0001,0.0000,0.00000,0.00000
3.12,16.88,0.0013,0.0000,0.00000,0.00003
3.38,16.88,0.0130,0.0000,0.00000,0.00032
3.62,16.88,0.0948,0.0000,0.00000,0.00236
3.88,16.88,0.4218,0.0000,0.00000,0.01018
4.12,16.88,1.0139,0.0000,0.00000,0.02447
4.38,16.88,1.4100,0.0000,0.00000,0.03581
4.62,16.88,1.5405,0.0000,0.00000,0.04256
4.88,16.88,1.7518,0.0000,0.00000,0.05193
5.12,16.88,1.7569,0.0000,0.00000,0.05890
5.38,16.88,1.7980,0.0000,0.00000,0.07198
5.62,16.88,1.9822,0.0000,0.00000,0.08993
5.88,16.88,1.9606,0.0000,0.00000,0.09990
6.12,16.88,2.0310,0.0000,0.00000,0.11502
6.38,16.88,2.0492,0.0000,0.00000,0.12833
6.62,16.88,2.0571,0.0000,0.00000,0.13752
6.88,16.88,2.0374,0.0000,0.00000,0.13429
7.12,16.88,2.0444,0.0000,0.00000,0.12431
7.38,16.88,1.8182,0.0000,0.00000,0.10630
7.62,16.88,1.2431,0.0000,0.00000,0.06963
7.88,16.88,0.6601,0.0000,0.00000,0.03234
2.62,17.12,0.0000,0.0000,0.00000,0.00000
2.88,17.12,0.0000,0.0000,0.00000,0.00000
3.12,17.12,0.0006,0.0000,0.00000,0.00002
3.38,17.12,0.0076,0.0000,0.00000,0.00022
3.62,17.12,0.0617,0.0000,0.00000,0.00178
3.88,17.12,0.3067,0.0000,0.00000,0.00847
4.12,17.12,0.8605,0.0000,0.00000,0.02325
4.38,17.12,1.3505,0.0000,0.00000,0.03744
4.62,17.12,1.4761,0.0000,0.00000,0.04421
4.88,17.12,1.6503,0.0000,0.00000,0.05411
5.12,17.12,1.7530,0.0000,0.00000,0.06480
5.38,17.12,1.7686,0.0000,0.00000,0.07631
5.62,17.12,1.9229,0.0000,0.00000,0.09382
5.88,17.12,1.9309,0.0000,0.00000,0.10730
6.12,17.12,1.9447,0.0000,0.00000,0.12614
6.38,17.12,1.9682,0.0000,0.00000,0.15330
6.62,17.12,1.9535,0.0000,0.00000,0.17540
6.88,17.12,1.8807,0.0000,0.00000,0.16894
7.12,17.12,1.8122,0.0000,0.00000,0.13986
7.38,17.12,1.8470,0.0000,0.00000,0.11795
7.62,17.12,1.6519,0.0000,0.00000,0.08791
7.88,17.12,1.2024,0.0000,0.00000,0.05170
8.12,17.12,0.7483,0.0000,0.00000,0.02717
8.38,17.12,0.4126,0.0000,0.00000,0.01396
2.62,17.38,0.0000,0.0000,0.00000,0.00000
2.88,17.38,0.0000,0.0000,0.00000,0.00000
3.12,17.38,0.0003,0.0000,0.00000,0.00001
3.38,17.38,0.0040,0.0000,0.00000,0.00013
3.62,17.38,0.0369,0.0000,0.00000,0.00121
3.88,17.38,0.2115,0.0000,0.00000,0.00654
4.12,17.38,0.6973,0.0000,0.00000,0.02064
4.38,17.38,1.2427,0.0000,0.00000,0.03709
4.62,17.38,1.4272,0.0000,0.00000,0.04567
4.88,17.38,1.5728,0.0000,0.00000,0.05556
5.12,17.38,1.7257,0.0000,0.00000,0.06785
5.38,17.38,1.7298,0.0000,0.00000,0.07748
5.62,17.38,1.8283,0.0000,0.00000,0.09379
5.88,17.38,1.8851,0.0000,0.00000,0.11315
6.12,17.38,1.8804,0.0000,0.00000,0.13504
6.38,17.38,1.9078,0.0000,0.00000,0.16811
6.62,17.38,1.9237,0.0000,0.00000,0.20081
6.88,17.38,1.8661,0.0000,0.00000,0.20049
7.12,17.38,1.6701,0.0000,0.00000,0.15763
7.38,17.38,1.6291,0.0000,0.00000,0.11567
7.62,17.38,1.7486,0.0000,0.00000,0.08897
7.88,17.38,1.7135,0.0000,0.00000,0.06691
8.12,17.38,1.4102,0.0000,0.00000,0.04816
8.38,17.38,0.9838,0.0000,0.00000,0.03209
8.62,17.38,0.5939,0.0000,0.00000,0.01818
8.88,17.38,0.3251,0.0000,0.00000,0.00870
2.62,17.62,0.0000,0.0000,0.00000,0.00000
2.88,17.62,0.0000,0.0000,0.00000,0.00000
3.12,17.62,0.0001,0.0000,0.00000,0.00000
3.38,17.62,0.0019,0.0000,0.00000,0.00007
3.62,17.62,0.0199,0.0000,0.00000,0.00071
3.88,17.62,0.1352,0.0000,0.00000,0.00455
4.12,17.62,0.5233,0.0000,0.00000,0.01680
4.38,17.62,1.0787,0.0000,0.00000,0.03471
4.62,17.62,1.3785,0.0000,0.00000,0.04687
4.88,17.62,1.5177,0.0000,0.00000,0.05646
5.12,17.62,1.6675,0.0000,0.00000,0.06821
5.38,17.62,1.6939,0.0000,0.00000,0.07758
5.62,17.62,1.7438,0.0000,0.00000,0.09209
5.88,17.62,1.8325,0.0000,0.00000,0.11430
6.12,17.62,1.8521,0.0000,0.00000,0.13649
6.38,17.62,1.8626,0.0000,0.00000,0.16274
6.62,17.62,1.8752,0.0000,0.00000,0.19226
6.88,17.62,1.8806,0.0000,0.00000,0.20380
7.12,17.62,1.7218,0.0000,0.00000,0.17440
7.38,17.62,1.4869,0.0000,0.00000,0.12148
7.62,17.62,1.4606,0.0000,0.00000,0.08050
7.88,17.62,1.6448,0.0000,0.00000,0.06327
8.12,17.62,1.7705,0.0000,0.00000,0.05885
8.38,17.62,1.6306,0.0000,0.00000,0.05153
8.62,17.62,1.2775,0.0000,0.00000,0.03685
8.88,17.62,0.8777,0.0000,0.00000,0.02159
9.12,17.62,0.5614,0.0000,0.00000,0.01136
2.62,17.88,0.0000,0.0000,0.00000,0.00000
2.88,17.88,0.0000,0.0000,0.00000,0.00000
3.12,17.88,0.0000,0.0000,0.00000,0.00000
3.38,17.88,0.0007,0.0000,0.00000,0.00003
3.62,17.88,0.0094,0.0000,0.00000,0.00035
3.88,17.88,0.0775,0.0000,0.00000,0.00278
4.12,17.88,0.3532,0.0000,0.00000,0.01219
4.38,17.88,0.8664,0.0000,0.00000,0.02985
4.62,17.88,1.2855,0.0000,0.00000,0.04594
4.88,17.88,1.4573,0.0000,0.00000,0.05615
5.12,17.88,1.5878,0.0000,0.00000,0.06723
5.38,17.88,1.6662,0.0000,0.00000,0.07819
5.62,17.88,1.6939,0.0000,0.00000,0.08985
5.88,17.88,1.7573,0.0000,0.00000,0.10757
6.12,17.88,1.7998,0.0000,0.00000,0.12670
6.38,17.88,1.8050,0.0000,0.00000,0.14485
6.62,17.88,1.7717,0.0000,0.00000,0.16242
6.88,17.88,1.7776,0.0000,0.00000,0.17466
7.12,17.88,1.8026,0.0000,0.00000,0.17118
7.38,17.88,1.6696,0.0000,0.00000,0.13908
7.62,17.88,1.4199,0.0000,0.00000,0.09073
7.88,17.88,1.3226,0.0000,0.00000,0.05784
8.12,17.88,1.4647,0.0000,0.00000,0.04982
8.38,17.88,1.6831,0.0000,0.00000,0.05149
8.62,17.88,1.7668,0.0000,0.00000,0.04747
8.88,17.88,1.5803,0.0000,0.00000,0.03519
9.12,17.88,1.2250,0.0000,0.00000,0.02226
9.38,17.88,0.8234,0.0000,0.00000,0.01272
9.62,17.88,0.4775,0.0000,0.00000,0.00664
2.62,18.12,0.0000,0.0000,0.00000,0.00000
2.88,18.12,0.0000,0.0000,0.00000,0.00000
3.12,18.12,0.0000,0.0000,0.00000,0.00000
3.38,18.12,0.0002,0.0000,0.00000,0.00001
3.62,18.12,0.0038,0.0000,0.00000,0.00015
3.88,18.12,0.0392,0.0000,0.00000,0.00147
4.12,18.12,0.2141,0.0000,0.00000,0.00776
4.38,18.12,0.6397,0.0000,0.00000,0.02306
4.62,18.12,1.1273,0.0000,0.00000,0.04177
4.88,18.12,1.3818,0.0000,0.00000,0.05467
5.12,18.12,1.5040,0.0000,0.00000,0.06508
5.38,18.12,1.6049,0.0000,0.00000,0.07580
5.62,18.12,1.6488,0.0000,0.00000,0.08547
5.88,18.12,1.6791,0.0000,0.00000,0.09739
6.12,18.12,1.7129,0.0000,0.00000,0.11171
6.38,18.12,1.7578,0.0000,0.00000,0.12721
6.62,18.12,1.7436,0.0000,0.00000,0.13875
6.88,18.12,1.6764,0.0000,0.00000,0.14247
7.12,18.12,1.7145,0.0000,0.00000,0.14574
7.38,18.12,1.7826,0.0000,0.00000,0.13933
7.62,18.12,1.6657,0.0000,0.00000,0.10909
7.88,18.12,1.4231,0.0000,0.00000,0.07172
8.12,18.12,1.2647,0.0000,0.00000,0.04831
8.38,18.12,1.3057,0.0000,0.00000,0.04012
8.62,18.12,1.5170,0.0000,0.00000,0.03819
8.88,18.12,1.7293,0.0000,0.00000,0.03524
9.12,18.12,1.7528,0.0000,0.00000,0.02988
9.38,18.12,1.4977,0.0000,0.00000,0.02243
9.62,18.12,1.0844,0.0000,0.00000,0.01500
9.88,18.12,0.6713,0.0000,0.00000,0.00883
10.12,18.12,0.3649,0.0000,0.00000,0.00458
2.62,18.38,0.0000,0.0000,0.00000,0.00000
2.88,18.38,0.0000,0.0000,0.00000,0.00000
3.12,18.38,0.0000,0.0000,0.00000,0.00000
3.38,18.38,0.0001,0.0000,0.00000,0.00000
3.62,18.38,0.0013,0.0000,0.00000,0.00005
3.88,18.38,0.0171,0.0000,0.00000,0.00065
4.12,18.38,0.1145,0.0000,0.00000,0.00423
4.38,18.38,0.4223,0.0000,0.00000,0.01563
4.62,18.38,0.9046,0.0000,0.00000,0.03439
4.88,18.38,1.2726,0.0000,0.00000,0.05106
5.12,18.38,1.4257,0.0000,0.00000,0.06149
5.38,18.38,1.5047,0.0000,0.00000,0.06949
5.62,18.38,1.5827,0.0000,0.00000,0.07800
5.88,18.38,1.6297,0.0000,0.00000,0.08716
6.12,18.38,1.6331,0.0000,0.00000,0.09611
6.38,18.38,1.6811,0.0000,0.00000,0.10835
6.62,18.38,1.7483,0.0000,0.00000,0.12085
6.88,18.38,1.6875,0.0000,0.00000,0.12163
7.12,18.38,1.5847,0.0000,0.00000,0.11567
7.38,18.38,1.6082,0.0000,0.00000,0.11286
7.62,18.38,1.6932,0.0000,0.00000,0.10482
7.88,18.38,1.6877,0.0000,0.00000,0.08645
8.12,18.38,1.5346,0.0000,0.00000,0.06375
8.38,18.38,1.3229,0.0000,0.00000,0.04412
8.62,18.38,1.2258,0.0000,0.00000,0.03232
8.88,18.38,1.3367,0.0000,0.00000,0.02806
9.12,18.38,1.5896,0.0000,0.00000,0.02782
9.38,18.38,1.7776,0.0000,0.00000,0.02726
9.62,18.38,1.6985,0.0000,0.00000,0.02437
9.88,18.38,1.3615,0.0000,0.00000,0.01826
10.12,18.38,0.9339,0.0000,0.00000,0.01153
10.38,18.38,0.5505,0.0000,0.00000,0.00695
10.62,18.38,0.2913,0.0000,0.00000,0.00390
2.62,18.62,0.0000,0.0000,0.00000,0.00000
2.88,18.62,0.0000,0.0000,0.00000,0.00000
3.12,18.62,0.0000,0.0000,0.00000,0.00000
3.38,18.62,0.0000,0.0000,0.00000,0.00000
3.62,18.62,0.0004,0.0000,0.00000,0.00002
3.88,18.62,0.0062,0.0000,0.00000,0.00023
4.12,18.62,0.0528,0.0000,0.00000,0.00195
4.38,18.62,0.2446,0.0000,0.00000,0.00908
4.62,18.62,0.6508,0.0000,0.00000,0.02489
4.88,18.62,1.0994,0.0000,0.00000,0.04394
5.12,18.62,1.3435,0.0000,0.00000,0.05649
5.38,18.62,1.4105,0.0000,0.00000,0.06234
5.62,18.62,1.4820,0.0000,0.00000,0.06850
5.88,18.62,1.5745,0.0000,0.00000,0.07641
6.12,18.62,1.5943,0.0000,0.00000,0.08225
6.38,18.62,1.5797,0.0000,0.00000,0.08817
6.62,18.62,1.6559,0.0000,0.00000,0.09950
6.88,18.62,1.7172,0.0000,0.00000,0.10630
7.12,18.62,1.6248,0.0000,0.00000,0.09963
7.38,18.62,1.4956,0.0000,0.00000,0.08909
7.62,18.62,1.5057,0.0000,0.00000,0.08319
7.88,18.62,1.6214,0.0000,0.00000,0.07878
8.12,18.62,1.6759,0.0000,0.00000,0.06965
8.38,18.62,1.6066,0.0000,0.00000,0.05567
8.62,18.62,1.4472,0.0000,0.00000,0.04168
8.88,18.62,1.2750,0.0000,0.00000,0.03075
9.12,18.62,1.2452,0.0000,0.00000,0.02473
9.38,18.62,1.4141,0.0000,0.00000,0.02375
9.62,18.62,1.6597,0.0000,0.00000,0.02531
9.88,18.62,1.7870,0.0000,0.00000,0.02399
10.12,18.62,1.6273,0.0000,0.00000,0.01904
10.38,18.62,1.2427,0.0000,0.00000,0.01385
10.62,18.62,0.8295,0.0000,0.00000,0.00915
10.88,18.62,0.5200,0.0000,0.00000,0.00569
2.62,18.88,0.0000,0.0000,0.00000,0.00000
2.88,18.88,0.0000,0.0000,0.00000,0.00000
3.12,18.88,0.0000,0.0000,0.00000,0.00000
3.38,18.88,0.0000,0.0000,0.00000,0.00000
3.62,18.88,0.0001,0.0000,0.00000,0.00000
3.88,18.88,0.0020,0.0000,0.00000,0.00007
4.12,18.88,0.0211,0.0000,0.00000,0.00075
4.38,18.88,0.1221,0.0000,0.00000,0.00446
4.62,18.88,0.4082,0.0000,0.00000,0.01552
4.88,18.88,0.8530,0.0000,0.00000,0.03355
5.12,18.88,1.2152,0.0000,0.00000,0.04894
5.38,18.88,1.3438,0.0000,0.00000,0.05540
5.62,18.88,1.3795,0.0000,0.00000,0.05856
5.88,18.88,1.4760,0.0000,0.00000,0.06454
6.12,18.88,1.5655,0.0000,0.00000,0.07067
6.38,18.88,1.5341,0.0000,0.00000,0.07296
6.62,18.88,1.5233,0.0000,0.00000,0.07885
6.88,18.88,1.6335,0.0000,0.00000,0.08953
7.12,18.88,1.7008,0.0000,0.00000,0.09240
7.38,18.88,1.5981,0.0000,0.00000,0.08234
7.62,18.88,1.4593,0.0000,0.00000,0.06971
7.88,18.88,1.4282,0.0000,0.00000,0.06286
8.12,18.88,1.4910,0.0000,0.00000,0.05942
8.38,18.88,1.6007,0.0000,0.00000,0.05523
8.62,18.88,1.6571,0.0000,0.00000,0.04868
8.88,18.88,1.5655,0.0000,0.00000,0.03937
9.12,18.88,1.3953,0.0000,0.00000,0.02990
9.38,18.88,1.2642,0.0000,0.00000,0.02333
9.62,18.88,1.2881,0.0000,0.00000,0.02064
9.88,18.88,1.4949,0.0000,0.00000,0.01976
10.12,18.88,1.7275,0.0000,0.00000,0.01901
10.38,18.88,1.7821,0.0000,0.00000,0.01807
10.62,18.88,1.5680,0.0000,0.00000,0.01599
10.88,18.88,1.1970,0.0000,0.00000,0.01287
11.12,18.88,0.7863,0.0000,0.00000,0.00858
11.38,18.88,0.4491,0.0000,0.00000,0.00469
2.62,19.12,0.0000,0.0000,0.00000,0.00000
2.88,19.12,0.0000,0.0000,0.00000,0.00000
3.12,19.12,0.0000,0.0000,0.00000,0.00000
3.38,19.12,0.0000,0.0000,0.00000,0.00000
3.62,19.12,0.0000,0.0000,0.00000,0.00000
3.88,19.12,0.0006,0.0000,0.00000,0.00002
4.12,19.12,0.0072,0.0000,0.00000,0.00024
4.38,19.12,0.0516,0.0000,0.00000,0.00183
4.62,19.12,0.2189,0.0000,0.00000,0.00814
4.88,19.12,0.5759,0.0000,0.00000,0.02178
5.12,19.12,1.0033,0.0000,0.00000,0.03776
5.38,19.12,1.2656,0.0000,0.00000,0.04712
5.62,19.12,1.3182,0.0000,0.00000,0.04937
5.88,19.12,1.3548,0.0000,0.00000,0.05226
6.12,19.12,1.4718,0.0000,0.00000,0.05870
6.38,19.12,1.5257,0.0000,0.00000,0.06242
6.62,19.12,1.4811,0.0000,0.00000,0.06412
6.88,19.12,1.4853,0.0000,0.00000,0.07010
7.12,19.12,1.5920,0.0000,0.00000,0.07733
7.38,19.12,1.6571,0.0000,0.00000,0.07638
7.62,19.12,1.5959,0.0000,0.00000,0.06750
7.88,19.12,1.4720,0.0000,0.00000,0.05789
8.12,19.12,1.3863,0.0000,0.00000,0.05097
8.38,19.12,1.4093,0.0000,0.00000,0.04680
8.62,19.12,1.4994,0.0000,0.00000,0.04345
8.88,19.12,1.5862,0.0000,0.00000,0.03939
9.12,19.12,1.6271,0.0000,0.00000,0.03466
9.38,19.12,1.5471,0.0000,0.00000,0.02886
9.62,19.12,1.3733,0.0000,0.00000,0.02242
9.88,19.12,1.2604,0.0000,0.00000,0.01724
10.12,19.12,1.3268,0.0000,0.00000,0.01491
10.38,19.12,1.5567,0.0000,0.00000,0.01571
10.62,19.12,1.7816,0.0000,0.00000,0.01825
10.88,19.12,1.7798,0.0000,0.00000,0.01907
11.12,19.12,1.4918,0.0000,0.00000,0.01570
11.38,19.12,1.0696,0.0000,0.00000,0.01089
11.62,19.12,0.6557,0.0000,0.00000,0.00683
11.88,19.12,0.3549,0.0000,0.00000,0.00400
2.62,19.38,0.0000,0.0000,0.00000,0.00000
2.88,19.38,0.0000,0.0000,0.00000,0.00000
3.12,19.38,0.0000,0.0000,0.00000,0.00000
3.38,19.38,0.0000,0.0000,0.00000,0.00000
3.62,19.38,0.0000,0.0000,0.00000,0.00000
3.88,19.38,0.0001,0.0000,0.00000,0.00000
4.12,19.38,0.0020,0.0000,0.00000,0.00006
4.38,19.38,0.0180,0.0000,0.00000,0.00061
4.62,19.38,0.0972,0.0000,0.00000,0.00340
4.88,19.38,0.3246,0.0000,0.00000,0.01141
5.12,19.38,0.7123,0.0000,0.00000,0.02447
5.38,19.38,1.0917,0.0000,0.00000,0.03631
5.62,19.38,1.2636,0.0000,0.00000,0.04135
5.88,19.38,1.2766,0.0000,0.00000,0.04257
6.12,19.38,1.3334,0.0000,0.00000,0.04645
6.38,19.38,1.4582,0.0000,0.00000,0.05190
6.62,19.38,1.5088,0.0000,0.00000,0.05439
6.88,19.38,1.4460,0.0000,0.00000,0.05488
7.12,19.38,1.4331,0.0000,0.00000,0.05792
7.38,19.38,1.5349,0.0000,0.00000,0.06210
7.62,19.38,1.6309,0.0000,0.00000,0.06234
7.88,19.38,1.6125,0.0000,0.00000,0.05729
8.12,19.38,1.4991,0.0000,0.00000,0.04910
8.38,19.38,1.3939,0.0000,0.00000,0.04142
8.62,19.38,1.3498,0.0000,0.00000,0.03585
8.88,19.38,1.3900,0.0000,0.00000,0.03249
9.12,19.38,1.5020,0.0000,0.00000,0.03089
9.38,19.38,1.6056,0.0000,0.00000,0.02923
9.62,19.38,1.6204,0.0000,0.00000,0.02590
9.88,19.38,1.5078,0.0000,0.00000,0.02100
10.12,19.38,1.3256,0.0000,0.00000,0.01612
10.38,19.38,1.2467,0.0000,0.00000,0.01360
10.62,19.38,1.3821,0.0000,0.00000,0.01460
10.88,19.38,1.6437,0.0000,0.00000,0.01729
11.12,19.38,1.8310,0.0000,0.00000,0.01868
11.38,19.38,1.7390,0.0000,0.00000,0.01769
11.62,19.38,1.3827,0.0000,0.00000,0.01483
11.88,19.38,0.9467,0.0003,0.00000,0.01130
12.12,19.38,0.5557,0.0015,0.00000,0.00812
12.38,19.38,0.2916,0.0031,0.00000,0.00588
2.88,19.62,0.0000,0.0000,0.00000,0.00000
3.12,19.62,0.0000,0.0000,0.00000,0.00000
3.38,19.62,0.0000,0.0000,0.00000,0.00000
3.62,19.62,0.0000,0.0000,0.00000,0.00000
3.88,19.62,0.0000,0.0000,0.00000,0.00000
4.12,19.62,0.0004,0.0000,0.00000,0.00001
4.38,19.62,0.0049,0.0000,0.00000,0.00015
4.62,19.62,0.0345,0.0000,0.00000,0.00110
4.88,19.62,0.1491,0.0000,0.00000,0.00477
5.12,19.62,0.4180,0.0000,0.00000,0.01300
5.38,19.62,0.8072,0.0000,0.00000,0.02416
5.62,19.62,1.1324,0.0000,0.00000,0.03288
5.88,19.62,1.2486,0.0000,0.00000,0.03593
6.12,19.62,1.2501,0.0000,0.00000,0.03716
6.38,19.62,1.3241,0.0000,0.00000,0.04116
6.62,19.62,1.4595,0.0000,0.00000,0.04576
6.88,19.62,1.4910,0.0000,0.00000,0.04658
7.12,19.62,1.4251,0.0000,0.00000,0.04576
7.38,19.62,1.4005,0.0000,0.00000,0.04702
7.62,19.62,1.4701,0.0000,0.00000,0.04934
7.88,19.62,1.5620,0.0000,0.00000,0.04945
8.12,19.62,1.5859,0.0000,0.00000,0.04581
8.38,19.62,1.5370,0.0000,0.00000,0.04009
8.62,19.62,1.4465,0.0000,0.00000,0.03402
8.88,19.62,1.3684,0.0000,0.00000,0.02888
9.12,19.62,1.3496,0.0000,0.00000,0.02575
9.38,19.62,1.4042,0.0000,0.00000,0.02422
9.62,19.62,1.5195,0.0000,0.00000,0.02341
9.88,19.62,1.6228,0.0000,0.00000,0.02234
10.12,19.62,1.6107,0.0000,0.00000,0.02010
10.38,19.62,1.4638,0.0000,0.00000,0.01683
10.62,19.62,1.2973,0.0000,0.00000,0.01404
10.88,19.62,1.2763,0.0000,0.00000,0.01331
11.12,19.62,1.4693,0.0000,0.00000,0.01504
11.38,19.62,1.7367,0.0000,0.00000,0.01822
11.62,19.62,1.8666,0.0001,0.00000,0.02111
11.88,19.62,1.6917,0.0011,0.00000,0.02200
12.12,19.62,1.2808,0.0052,0.00000,0.02109
12.38,19.62,0.8500,0.0099,0.00000,0.01835
12.62,19.62,0.5360,0.0102,0.00000,0.01357
3.38,19.88,0.0000,0.0000,0.00000,0.00000
3.62,19.88,0.0000,0.0000,0.00000,0.00000
3.88,19.88,0.0000,0.0000,0.00000,0.00000
4.12,19.88,0.0001,0.0000,0.00000,0.00000
4.38,19.88,0.0011,0.0000,0.00000,0.00003
4.62,19.88,0.0099,0.0000,0.00000,0.00028
4.88,19.88,0.0551,0.0000,0.00000,0.00160
5.12,19.88,0.1974,0.0000,0.00000,0.00559
5.38,19.88,0.4905,0.0000,0.00000,0.01333
5.62,19.88,0.8762,0.0000,0.00000,0.02278
5.88,19.88,1.1603,0.0000,0.00000,0.02920
6.12,19.88,1.2313,0.0000,0.00000,0.03118
6.38,19.88,1.2259,0.0000,0.00000,0.03286
6.62,19.88,1.3127,0.0000,0.00000,0.03675
6.88,19.88,1.4440,0.0000,0.00000,0.04005
7.12,19.88,1.4859,0.0000,0.00000,0.04047
7.38,19.88,1.4167,0.0000,0.00000,0.03894
7.62,19.88,1.3536,0.0000,0.00000,0.03773
7.88,19.88,1.3900,0.0000,0.00000,0.03773
8.12,19.88,1.4843,0.0000,0.00000,0.03777
8.38,19.88,1.5562,0.0000,0.00000,0.03664
8.62,19.88,1.5561,0.0000,0.00000,0.03344
8.88,19.88,1.5019,0.0000,0.00000,0.02906
9.12,19.88,1.4303,0.0000,0.00000,0.02499
9.38,19.88,1.3659,0.0000,0.00000,0.02169
9.62,19.88,1.3556,0.0000,0.00000,0.01981
9.88,19.88,1.4295,0.0000,0.00000,0.01938
10.12,19.88,1.5568,0.0000,0.00000,0.01951
10.38,19.88,1.6408,0.0000,0.00000,0.01891
10.62,19.88,1.5899,0.0000,0.00000,0.01700
10.88,19.88,1.4207,0.0000,0.00000,0.01448
11.12,19.88,1.2826,0.0000,0.00000,0.01311
11.38,19.88,1.3276,0.0000,0.00000,0.01450
11.62,19.88,1.5691,0.0001,0.00000,0.01907
11.88,19.88,1.8229,0.0018,0.00000,0.02604
12.12,19.88,1.8745,0.0082,0.00000,0.03330
12.38,19.88,1.6405,0.0155,0.00000,0.03549
12.62,19.88,1.2536,0.0182,0.00000,0.03055
12.88,19.88,0.8362,0.0210,0.00000,0.02354
13.12,19.88,0.4928,0.0165,0.00000,0.01783
3.88,20.12,0.0000,0.0000,0.00000,0.00000
4.12,20.12,0.0000,0.0000,0.00000,0.00000
4.38,20.12,0.0002,0.0000,0.00000,0.00000
4.62,20.12,0.0023,0.0000,0.00000,0.00006
4.88,20.12,0.0160,0.0000,0.00000,0.00042
5.12,20.12,0.0744,0.0000,0.00000,0.00192
5.38,20.12,0.2414,0.0000,0.00000,0.00599
5.62,20.12,0.5541,0.0000,0.00000,0.01306
5.88,20.12,0.9210,0.0000,0.00000,0.02076
6.12,20.12,1.1636,0.0000,0.00000,0.02568
6.38,20.12,1.2160,0.0000,0.00000,0.02745
6.62,20.12,1.2061,0.0000,0.00000,0.02875
6.88,20.12,1.2794,0.0000,0.00000,0.03146
7.12,20.12,1.4123,0.0000,0.00000,0.03448
7.38,20.12,1.4683,0.0000,0.00000,0.03521
7.62,20.12,1.4144,0.0000,0.00000,0.03323
7.88,20.12,1.3458,0.0000,0.00000,0.03077
8.12,20.12,1.3429,0.0000,0.00000,0.02958
8.38,20.12,1.4087,0.0000,0.00000,0.02944
8.62,20.12,1.4883,0.0000,0.00000,0.02892
8.88,20.12,1.5405,0.0000,0.00000,0.02756
9.12,20.12,1.5403,0.0000,0.00000,0.02522
9.38,20.12,1.4891,0.0000,0.00000,0.02212
9.62,20.12,1.4219,0.0000,0.00000,0.01945
9.88,20.12,1.3634,0.0000,0.00000,0.01750
10.12,20.12,1.3600,0.0000,0.00000,0.01637
10.38,20.12,1.4431,0.0000,0.00000,0.01623
10.62,20.12,1.5738,0.0000,0.00000,0.01656
10.88,20.12,1.6482,0.0000,0.00000,0.01647
11.12,20.12,1.5752,0.0000,0.00000,0.01566
11.38,20.12,1.4013,0.0000,0.00000,0.01481
11.62,20.12,1.2986,0.0001,0.00000,0.01549
11.88,20.12,1.4027,0.0011,0.00000,0.02031
12.12,20.12,1.6744,0.0051,0.00000,0.03004
12.38,20.12,1.9071,0.0110,0.00000,0.04056
12.62,20.12,1.8898,0.0193,0.00000,0.04680
12.88,20.12,1.5833,0.0289,0.00000,0.04909
13.12,20.12,1.1574,0.0248,0.00000,0.04652
13.38,20.12,0.7436,0.0121,0.00000,0.03563
13.62,20.12,0.4395,0.0038,0.00000,0.02466
4.12,20.38,0.0000,0.0000,0.00000,0.00000
4.38,20.38,0.0000,0.0000,0.00000,0.00000
4.62,20.38,0.0004,0.0000,0.00000,0.00001
4.88,20.38,0.0037,0.0000,0.00000,0.00009
5.12,20.38,0.0224,0.0000,0.00000,0.00052
5.38,20.38,0.0933,0.0000,0.00000,0.00212
5.62,20.38,0.2726,0.0000,0.00000,0.00592
5.88,20.38,0.5805,0.0000,0.00000,0.01209
6.12,20.38,0.9350,0.0000,0.00000,0.01873
6.38,20.38,1.1682,0.0000,0.00000,0.02283
6.62,20.38,1.2013,0.0000,0.00000,0.02369
6.88,20.38,1.1703,0.0000,0.00000,0.02411
7.12,20.38,1.2347,0.0000,0.00000,0.02649
7.38,20.38,1.3752,0.0000,0.00000,0.02948
7.62,20.38,1.4638,0.0000,0.00000,0.03020
7.88,20.38,1.4344,0.0000,0.00000,0.02821
8.12,20.38,1.3491,0.0000,0.00000,0.02544
8.38,20.38,1.3120,0.0000,0.00000,0.02361
8.62,20.38,1.3542,0.0000,0.00000,0.02318
8.88,20.38,1.4348,0.0000,0.00000,0.02327
9.12,20.38,1.4943,0.0000,0.00000,0.02263
9.38,20.38,1.5232,0.0000,0.00000,0.02123
9.62,20.38,1.5306,0.0000,0.00000,0.01967
9.88,20.38,1.4897,0.0000,0.00000,0.01777
10.12,20.38,1.4072,0.0000,0.00000,0.01565
10.38,20.38,1.3387,0.0000,0.00000,0.01425
10.62,20.38,1.3596,0.0000,0.00000,0.01410
10.88,20.38,1.4862,0.0000,0.00000,0.01494
11.12,20.38,1.6358,0.0000,0.00000,0.01621
11.38,20.38,1.6816,0.0000,0.00000,0.01699
11.62,20.38,1.5633,0.0000,0.00000,0.01675
11.88,20.38,1.3894,0.0002,0.00000,0.01715
12.12,20.38,1.3419,0.0012,0.00000,0.02118
12.38,20.38,1.5053,0.0037,0.00000,0.03099
12.62,20.38,1.7763,0.0107,0.00000,0.04665
12.88,20.38,1.9497,0.0219,0.00000,0.06629
13.12,20.38,1.8572,0.0251,0.00000,0.07919
13.38,20.38,1.5107,0.0172,0.00000,0.07644
13.62,20.38,1.1101,0.0071,0.00000,0.06740
13.88,20.38,0.7932,0.0016,0.00000,0.05575
4.62,20.62,0.0001,0.0000,0.00000,0.00000
4.88,20.62,0.0007,0.0000,0.00000,0.00002
5.12,20.62,0.0054,0.0000,0.00000,0.00011
5.38,20.62,0.0281,0.0000,0.00000,0.00058
5.62,20.62,0.1039,0.0000,0.00000,0.00210
5.88,20.62,0.2843,0.0000,0.00000,0.00559
6.12,20.62,0.5936,0.0000,0.00000,0.01115
6.38,20.62,0.9453,0.0000,0.00000,0.01694
6.62,20.62,1.1667,0.0000,0.00000,0.02021
6.88,20.62,1.1982,0.0000,0.00000,0.02069
7.12,20.62,1.1588,0.0000,0.00000,0.02077
7.38,20.62,1.1969,0.0000,0.00000,0.02210
7.62,20.62,1.3252,0.0000,0.00000,0.02403
7.88,20.62,1.4313,0.0000,0.00000,0.02487
8.12,20.62,1.4370,0.0000,0.00000,0.02382
8.38,20.62,1.3751,0.0000,0.00000,0.02164
8.62,20.62,1.3300,0.0000,0.00000,0.02006
8.88,20.62,1.3375,0.0000,0.00000,0.01932
9.12,20.62,1.3786,0.0000,0.00000,0.01888
9.38,20.62,1.4342,0.0000,0.00000,0.01867
9.62,20.62,1.4926,0.0000,0.00000,0.01837
9.88,20.62,1.5328,0.0000,0.00000,0.01745
10.12,20.62,1.5358,0.0000,0.00000,0.01620
10.38,20.62,1.4878,0.0000,0.00000,0.01509
10.62,20.62,1.4049,0.0000,0.00000,0.01404
10.88,20.62,1.3486,0.0000,0.00000,0.01340
11.12,20.62,1.4004,0.0000,0.00000,0.01401
11.38,20.62,1.5534,0.0000,0.00000,0.01588
11.62,20.62,1.6908,0.0000,0.00000,0.01789
11.88,20.62,1.6944,0.0000,0.00000,0.01924
12.12,20.62,1.5500,0.0001,0.00000,0.02059
12.38,20.62,1.3989,0.0006,0.00000,0.02459
12.62,20.62,1.4080,0.0030,0.00000,0.03500
12.88,20.62,1.6108,0.0091,0.00000,0.05486
13.12,20.62,1.8689,0.0162,0.00000,0.08076
13.38,20.62,1.9916,0.0164,0.00000,0.10533
13.62,20.62,1.8657,0.0082,0.00000,0.11972
13.88,20.62,1.5734,0.0018,0.00000,0.11779
14.12,20.62,1.2171,0.0002,0.00000,0.10609
14.38,20.62,0.8416,0.0000,0.00000,0.08537
5.12,20.88,0.0012,0.0000,0.00000,0.00002
5.38,20.88,0.0075,0.0000,0.00000,0.00014
5.62,20.88,0.0327,0.0000,0.00000,0.00064
5.88,20.88,0.1080,0.0000,0.00000,0.00206
6.12,20.88,0.2859,0.0000,0.00000,0.00525
6.38,20.88,0.5881,0.0000,0.00000,0.01025
6.62,20.88,0.9333,0.0000,0.00000,0.01532
6.88,20.88,1.1687,0.0000,0.00000,0.01829
7.12,20.88,1.2067,0.0000,0.00000,0.01854
7.38,20.88,1.1472,0.0000,0.00000,0.01770
7.62,20.88,1.1597,0.0000,0.00000,0.01825
7.88,20.88,1.2785,0.0000,0.00000,0.02014
8.12,20.88,1.4047,0.0000,0.00000,0.02130
8.38,20.88,1.4452,0.0000,0.00000,0.02062
8.62,20.88,1.4083,0.0000,0.00000,0.01902
8.88,20.88,1.3519,0.0000,0.00000,0.01735
9.12,20.88,1.3319,0.0000,0.00000,0.01635
9.38,20.88,1.3573,0.0000,0.00000,0.01628
9.62,20.88,1.4013,0.0000,0.00000,0.01637
9.88,20.88,1.4477,0.0000,0.00000,0.01587
10.12,20.88,1.5003,0.0000,0.00000,0.01539
10.38,20.88,1.5531,0.0000,0.00000,0.01531
10.62,20.88,1.5580,0.0000,0.00000,0.01498
10.88,20.88,1.4845,0.0000,0.00000,0.01418
11.12,20.88,1.3922,0.0000,0.00000,0.01378
11.38,20.88,1.3686,0.0000,0.00000,0.01442
11.62,20.88,1.4620,0.0000,0.00000,0.01629
11.88,20.88,1.6269,0.0000,0.00000,0.01929
12.12,20.88,1.7393,0.0000,0.00000,0.02304
12.38,20.88,1.7075,0.0001,0.00000,0.02708
12.62,20.88,1.5620,0.0005,0.00000,0.03197
12.88,20.88,1.4530,0.0022,0.00000,0.04081
13.12,20.88,1.5121,0.0060,0.00000,0.05938
13.38,20.88,1.7262,0.0079,0.00000,0.09098
13.62,20.88,1.9540,0.0044,0.00000,0.12916
13.88,20.88,2.0573,0.0010,0.00000,0.16261
14.12,20.88,1.9122,0.0001,0.00000,0.17858
14.38,20.88,1.5840,0.0001,0.00000,0.17532
14.62,20.88,1.2143,0.0009,0.00000,0.16154
14.88,20.88,0.8425,0.0284,0.00000,0.13275
5.62,21.12,0.0089,0.0000,0.00000,0.00017
5.88,21.12,0.0325,0.0000,0.00000,0.00063
6.12,21.12,0.1043,0.0000,0.00000,0.00198
6.38,21.12,0.2706,0.0000,0.00000,0.00485
6.62,21.12,0.5578,0.0000,0.00000,0.00923
6.88,21.12,0.9082,0.0000,0.00000,0.01398
7.12,21.12,1.1610,0.0000,0.00000,0.01672
7.38,21.12,1.2198,0.0000,0.00000,0.01656
7.62,21.12,1.1668,0.0000,0.00000,0.01586
7.88,21.12,1.1537,0.0000,0.00000,0.01638
8.12,21.12,1.2345,0.0000,0.00000,0.01755
8.38,21.12,1.3505,0.0000,0.00000,0.01837
8.62,21.12,1.4240,0.0000,0.00000,0.01814
8.88,21.12,1.4179,0.0000,0.00000,0.01673
9.12,21.12,1.3769,0.0000,0.00000,0.01534
9.38,21.12,1.3559,0.0000,0.00000,0.01470
9.62,21.12,1.3617,0.0000,0.00000,0.01445
9.88,21.12,1.3799,0.0000,0.00000,0.01404
10.12,21.12,1.4069,0.0000,0.00000,0.01384
10.38,21.12,1.4577,0.0000,0.00000,0.01411
10.62,21.12,1.5246,0.0000,0.00000,0.01454
10.88,21.12,1.5738,0.0000,0.00000,0.01496
11.12,21.12,1.5672,0.0000,0.00000,0.01544
11.38,21.12,1.4917,0.0000,0.00000,0.01574
11.62,21.12,1.4133,0.0000,0.00000,0.01621
11.88,21.12,1.4217,0.0000,0.00000,0.01798
12.12,21.12,1.5430,0.0000,0.00000,0.02193
12.38,21.12,1.7070,0.0000,0.00000,0.02804
12.62,21.12,1.7943,0.0000,0.00000,0.03507
12.88,21.12,1.7387,0.0003,0.00000,0.04165
13.12,21.12,1.6064,0.0011,0.00000,0.05088
13.38,21.12,1.5355,0.0016,0.00000,0.06841
13.62,21.12,1.6142,0.0009,0.00000,0.09964
13.88,21.12,1.8207,0.0002,0.00000,0.14601
14.12,21.12,2.0185,0.0003,0.00000,0.19885
14.38,21.12,2.0947,0.0013,0.00000,0.25052
14.62,21.12,1.9357,0.0047,0.00000,0.27958
14.88,21.12,1.6030,0.0875,0.00000,0.27522
15.12,21.12,1.2286,1.2069,0.00000,0.24301
15.38,21.12,0.8289,6.9680,0.00000,0.18087
5.88,21.38,0.0087,0.0000,0.00000,0.00018
6.12,21.38,0.0315,0.0000,0.00000,0.00064
6.38,21.38,0.0952,0.0000,0.00000,0.00182
6.62,21.38,0.2467,0.0000,0.00000,0.00435
6.88,21.38,0.5218,0.0000,0.00000,0.00848
7.12,21.38,0.8666,0.0000,0.00000,0.01272
7.38,21.38,1.1434,0.0000,0.00000,0.01511
7.62,21.38,1.2417,0.0000,0.00000,0.01553
7.88,21.38,1.2001,0.0000,0.00000,0.01511
8.12,21.38,1.1468,0.0000,0.00000,0.01485
8.38,21.38,1.1790,0.0000,0.00000,0.01542
8.62,21.38,1.2880,0.0000,0.00000,0.01605
8.88,21.38,1.3821,0.0000,0.00000,0.01573
9.12,21.38,1.4129,0.0000,0.00000,0.01497
9.38,21.38,1.3971,0.0001,0.00000,0.01416
9.62,21.38,1.3747,0.0001,0.00000,0.01347
9.88,21.38,1.3730,0.0001,0.00000,0.01320
10.12,21.38,1.3835,0.0000,0.00000,0.01383
10.38,21.38,1.3981,0.0000,0.00000,0.01471
10.62,21.38,1.4264,0.0000,0.00000,0.01457
10.88,21.38,1.4864,0.0000,0.00000,0.01460
11.12,21.38,1.5661,0.0000,0.00000,0.01572
11.38,21.38,1.6145,0.0000,0.00000,0.01723
11.62,21.38,1.5976,0.0000,0.00000,0.01861
11.88,21.38,1.5230,0.0000,0.00000,0.01985
12.12,21.38,1.4633,0.0000,0.00000,0.02185
12.38,21.38,1.5028,0.0000,0.00000,0.02645
12.62,21.38,1.6373,0.0000,0.00000,0.03422
12.88,21.38,1.7772,0.0000,0.00000,0.04386
13.12,21.38,1.8369,0.0001,0.00000,0.05524
13.38,21.38,1.7850,0.0001,0.00000,0.06856
13.62,21.38,1.6764,0.0001,0.00000,0.08692
13.88,21.38,1.6247,0.0004,0.00000,0.11638
14.12,21.38,1.7060,0.0020,0.00000,0.16412
14.38,21.38,1.9015,0.0065,0.00000,0.23704
14.62,21.38,2.0795,0.0137,0.00000,0.32273
14.88,21.38,2.1448,0.1325,0.00000,0.40192
15.12,21.38,1.9561,1.5827,0.00000,0.42402
15.38,21.38,1.5587,7.8496,0.00001,0.37520
15.62,21.38,1.2316,16.8551,0.00010,0.31398
6.38,21.62,0.0285,0.0000,0.00000,0.00059
6.62,21.62,0.0872,0.0000,0.00000,0.00168
6.88,21.62,0.2222,0.0000,0.00000,0.00391
7.12,21.62,0.4665,0.0000,0.00000,0.00727
7.38,21.62,0.7977,0.0000,0.00000,0.01101
7.62,21.62,1.1028,0.0000,0.00000,0.01395
7.88,21.62,1.2623,0.0000,0.00000,0.01517
8.12,21.62,1.2428,0.0000,0.00000,0.01461
8.38,21.62,1.1595,0.0000,0.00000,0.01373
8.62,21.62,1.1472,0.0000,0.00000,0.01349
8.88,21.62,1.2294,0.0000,0.00000,0.01367
9.12,21.62,1.3411,0.0002,0.00000,0.01401
9.38,21.62,1.4084,0.0010,0.00000,0.01404
9.62,21.62,1.4179,0.0017,0.00000,0.01371
9.88,21.62,1.4020,0.0010,0.00000,0.01399
10.12,21.62,1.3925,0.0002,0.00000,0.01698
10.38,21.62,1.4040,0.0000,0.00000,0.02013
10.62,21.62,1.4210,0.0000,0.00000,0.01799
10.88,21.62,1.4368,0.0000,0.00000,0.01522
11.12,21.62,1.4692,0.0000,0.00000,0.01546
11.38,21.62,1.5366,0.0000,0.00000,0.01740
11.62,21.62,1.6245,0.0000,0.00000,0.02009
11.88,21.62,1.6719,0.0000,0.00000,0.02282
12.12,21.62,1.6442,0.0000,0.00000,0.02533
12.38,21.62,1.5769,0.0000,0.00000,0.02868
12.62,21.62,1.5394,0.0000,0.00000,0.03408
12.88,21.62,1.5892,0.0000,0.00000,0.04275
13.12,21.62,1.7146,0.0000,0.00000,0.05612
13.38,21.62,1.8408,0.0000,0.00000,0.07409
13.62,21.62,1.8943,0.0004,0.00000,0.09525
13.88,21.62,1.8457,0.0021,0.00000,0.11904
14.12,21.62,1.7550,0.0069,0.00000,0.15154
14.38,21.62,1.7131,0.0148,0.00000,0.20110
14.62,21.62,1.7858,0.0208,0.00000,0.27941
14.88,21.62,1.9767,0.0875,0.00000,0.39787
15.12,21.62,2.1158,0.9173,0.00001,0.50544
15.38,21.62,2.1266,4.1980,0.00018,0.55803
15.62,21.62,1.9685,7.6430,0.00244,0.52791
15.88,21.62,1.9606,5.9034,0.01289,0.47498
16.12,21.62,2.3625,2.6827,0.02772,0.48433
6.88,21.88,0.0764,0.0000,0.00000,0.00142
7.12,21.88,0.1911,0.0000,0.00000,0.00314
7.38,21.88,0.4008,0.0000,0.00000,0.00585
7.62,21.88,0.7049,0.0000,0.00000,0.00937
7.88,21.88,1.0367,0.0000,0.00000,0.01280
8.12,21.88,1.2548,0.0000,0.00000,0.01456
8.38,21.88,1.2962,0.0000,0.00000,0.01445
8.62,21.88,1.2179,0.0000,0.00000,0.01326
8.88,21.88,1.1576,0.0001,0.00000,0.01230
9.12,21.88,1.1978,0.0010,0.00000,0.01236
9.38,21.88,1.3046,0.0047,0.00000,0.01318
9.62,21.88,1.4034,0.0078,0.00000,0.01405
9.88,21.88,1.4427,0.0049,0.00000,0.01529
10.12,21.88,1.4299,0.0012,0.00000,0.02011
10.38,21.88,1.4211,0.0001,0.00000,0.02489
10.62,21.88,1.4377,0.0000,0.00000,0.02124
10.88,21.88,1.4629,0.0000,0.00000,0.01663
11.12,21.88,1.4769,0.0000,0.00000,0.01641
11.38,21.88,1.4890,0.0000,0.00000,0.01813
11.62,21.88,1.5256,0.0000,0.00000,0.02051
11.88,21.88,1.6017,0.0000,0.00000,0.02365
12.12,21.88,1.6903,0.0000,0.00000,0.02771
12.38,21.88,1.7294,0.0000,0.00000,0.03253
12.62,21.88,1.6960,0.0000,0.00000,0.03797
12.88,21.88,1.6362,0.0000,0.00000,0.04468
13.12,21.88,1.6155,0.0000,0.00000,0.05522
13.38,21.88,1.6757,0.0001,0.00000,0.07262
13.62,21.88,1.7922,0.0015,0.00000,0.09631
13.88,21.88,1.8936,0.0073,0.00000,0.12612
14.12,21.88,1.9466,0.0159,0.00000,0.16747
14.38,21.88,1.9147,0.0195,0.00000,0.21296
14.62,21.88,1.8255,0.0171,0.00000,0.26585
14.88,21.88,1.7828,0.0286,0.00000,0.35017
15.12,21.88,1.8446,0.2147,0.00007,0.45143
15.38,21.88,2.0916,1.0018,0.00217,0.56569
15.62,21.88,2.2315,2.6051,0.02685,0.60541
15.88,21.88,2.5535,6.0233,0.12571,0.60919
16.12,21.88,3.1174,9.8173,0.23788,0.63369
16.38,21.88,2.6124,8.8282,0.21869,0.49512
7.38,22.12,0.1512,0.0000,0.00000,0.00229
7.62,22.12,0.3098,0.0000,0.00000,0.00429
7.88,22.12,0.5756,0.0000,0.00000,0.00734
8.12,22.12,0.9143,0.0000,0.00000,0.01088
8.38,22.12,1.2102,0.0000,0.00000,0.01360
8.62,22.12,1.3384,0.0000,0.00000,0.01423
8.88,22.12,1.3001,0.0001,0.00000,0.01341
9.12,22.12,1.2056,0.0017,0.00000,0.01242
9.38,22.12,1.1806,0.0081,0.00000,0.01238
9.62,22.12,1.2640,0.0145,0.00000,0.01350
9.88,22.12,1.3822,0.0108,0.00000,0.01496
10.12,22.12,1.4504,0.0036,0.00000,0.01819
10.38,22.12,1.4627,0.0006,0.00000,0.02152
10.62,22.12,1.4514,0.0000,0.00000,0.01968
10.88,22.12,1.4613,0.0000,0.00000,0.01715
11.12,22.12,1.5003,0.0000,0.00000,0.01774
11.38,22.12,1.5350,0.0000,0.00000,0.01988
11.62,22.12,1.5378,0.0000,0.00000,0.02226
11.88,22.12,1.5412,0.0000,0.00000,0.02494
12.12,22.12,1.5861,0.0000,0.00000,0.02871
12.38,22.12,1.6644,0.0000,0.00000,0.03412
12.62,22.12,1.7447,0.0000,0.00000,0.04116
12.88,22.12,1.7797,0.0000,0.00000,0.04917
13.12,22.12,1.7509,0.0000,0.00000,0.05889
13.38,22.12,1.7088,0.0002,0.00000,0.07315
13.62,22.12,1.7074,0.0026,0.00000,0.09359
13.88,22.12,1.7558,0.0119,0.00000,0.12310
14.12,22.12,1.8526,0.0220,0.00000,0.16923
14.38,22.12,1.9502,0.0192,0.00000,0.22428
14.62,22.12,1.9982,0.0114,0.00000,0.29017
14.88,22.12,1.9666,0.0085,0.00000,0.36710
15.12,22.12,1.8442,0.0347,0.00029,0.41485
15.38,22.12,1.8785,0.4694,0.00968,0.47250
15.62,22.12,2.0013,4.8867,0.11824,0.50676
15.88,22.12,2.4751,21.9404,0.54333,0.52932
16.12,22.12,3.1752,41.2368,1.02459,0.55917
16.38,22.12,2.7234,38.3626,0.95367,0.44089
7.62,22.38,0.0993,0.0000,0.00000,0.00139
7.88,22.38,0.2241,0.0000,0.00000,0.00288
8.12,22.38,0.4482,0.0000,0.00000,0.00540
8.38,22.38,0.7690,0.0000,0.00000,0.00866
8.62,22.38,1.1143,0.0000,0.00000,0.01191
8.88,22.38,1.3435,0.0001,0.00000,0.01440
9.12,22.38,1.3755,0.0012,0.00000,0.01514
9.38,22.38,1.2819,0.0065,0.00000,0.01445
9.62,22.38,1.2042,0.0161,0.00000,0.01460
9.88,22.38,1.2318,0.0185,0.00000,0.01516
10.12,22.38,1.3399,0.0095,0.00000,0.01576
10.38,22.38,1.4435,0.0020,0.00000,0.01736
10.62,22.38,1.4823,0.0002,0.00000,0.01813
10.88,22.38,1.4792,0.0000,0.00000,0.01827
11.12,22.38,1.4868,0.0000,0.00000,0.01941
11.38,22.38,1.5273,0.0000,0.00000,0.02175
11.62,22.38,1.5755,0.0000,0.00000,0.02498
11.88,22.38,1.6009,0.0000,0.00000,0.02844
12.12,22.38,1.5989,0.0000,0.00000,0.03207
12.38,22.38,1.6010,0.0000,0.00000,0.03662
12.62,22.38,1.6524,0.0000,0.00000,0.04333
12.88,22.38,1.7423,0.0000,0.00000,0.05269
13.12,22.38,1.8103,0.0000,0.00000,0.06433
13.38,22.38,1.8248,0.0002,0.00000,0.07879
13.62,22.38,1.8085,0.0020,0.00000,0.09839
13.88,22.38,1.7879,0.0090,0.00000,0.12422
14.12,22.38,1.7857,0.0159,0.00000,0.16107
14.38,22.38,1.8165,0.0135,0.00000,0.21039
14.62,22.38,1.8940,0.0087,0.00000,0.28516
14.88,22.38,2.0019,0.0047,0.00000,0.38046
15.12,22.38,1.9828,0.0222,0.00048,0.42774
15.38,22.38,1.9266,0.6473,0.01595,0.44710
15.62,22.38,1.9374,7.8791,0.19555,0.44638
15.88,22.38,2.3120,37.1509,0.92321,0.41396
16.12,22.38,3.0963,77.2422,1.92017,0.39776
8.12,22.62,0.1620,0.0000,0.00000,0.00191
8.38,22.62,0.3424,0.0000,0.00000,0.00380
8.62,22.62,0.6254,0.0000,0.00000,0.00688
8.88,22.62,0.9700,0.0000,0.00000,0.01129
9.12,22.62,1.2764,0.0005,0.00000,0.01526
9.38,22.62,1.4259,0.0042,0.00000,0.01700
9.62,22.62,1.3939,0.0156,0.00000,0.01826
9.88,22.62,1.2878,0.0239,0.00000,0.01836
10.12,22.62,1.2441,0.0141,0.00000,0.01678
10.38,22.62,1.3054,0.0031,0.00000,0.01661
10.62,22.62,1.4230,0.0003,0.00000,0.01820
10.88,22.62,1.5140,0.0000,0.00000,0.02041
11.12,22.62,1.5370,0.0000,0.00000,0.02281
11.38,22.62,1.5284,0.0000,0.00000,0.02525
11.62,22.62,1.5501,0.0000,0.00000,0.02860
11.88,22.62,1.6088,0.0000,0.00000,0.03265
12.12,22.62,1.6658,0.0000,0.00000,0.03730
12.38,22.62,1.6830,0.0000,0.00000,0.04272
12.62,22.62,1.6722,0.0000,0.00000,0.04932
12.88,22.62,1.6862,0.0000,0.00000,0.05791
13.12,22.62,1.7441,0.0000,0.00000,0.06969
13.38,22.62,1.8107,0.0002,0.00000,0.08539
13.62,22.62,1.8545,0.0015,0.00000,0.10665
13.88,22.62,1.8669,0.0047,0.00000,0.13126
14.12,22.62,1.8620,0.0077,0.00000,0.16161
14.38,22.62,1.8431,0.0075,0.00000,0.20179
14.62,22.62,1.8107,0.0055,0.00000,0.25616
14.88,22.62,1.8392,0.0026,0.00000,0.33342
15.12,22.62,1.8875,0.0129,0.00029,0.39940
15.38,22.62,1.9321,0.3921,0.00969,0.44646
15.62,22.62,2.0038,4.8515,0.12045,0.47380
15.88,22.62,2.1475,24.4254,0.60700,0.42953
16.12,22.62,2.5250,59.1036,1.46928,0.34400
8.62,22.88,0.2562,0.0000,0.00000,0.00297
8.88,22.88,0.4844,0.0000,0.00000,0.00604
9.12,22.88,0.7955,0.0002,0.00000,0.00973
9.38,22.88,1.1363,0.0020,0.00000,0.01339
9.62,22.88,1.4023,0.0086,0.00000,0.01761
9.88,22.88,1.4894,0.0140,0.00000,0.02065
10.12,22.88,1.4219,0.0084,0.00000,0.02117
10.38,22.88,1.3089,0.0019,0.00000,0.02043
10.62,22.88,1.3013,0.0002,0.00000,0.02035
10.88,22.88,1.4168,0.0000,0.00000,0.02254
11.12,22.88,1.5443,0.0001,0.00000,0.02668
11.38,22.88,1.6000,0.0001,0.00000,0.03087
11.62,22.88,1.5956,0.0001,0.00000,0.03494
11.88,22.88,1.5875,0.0000,0.00000,0.03877
12.12,22.88,1.6323,0.0000,0.00000,0.04349
12.38,22.88,1.7126,0.0000,0.00000,0.05029
12.62,22.88,1.7576,0.0000,0.00000,0.05854
12.88,22.88,1.7538,0.0000,0.00000,0.06721
13.12,22.88,1.7480,0.0001,0.00000,0.07794
13.38,22.88,1.7737,0.0008,0.00000,0.09307
13.62,22.88,1.8252,0.0039,0.00000,0.11508
13.88,22.88,1.8627,0.0079,0.00000,0.13984
14.12,22.88,1.8738,0.0103,0.00000,0.16592
14.38,22.88,1.8838,0.0111,0.00000,0.20089
14.62,22.88,1.8688,0.0066,0.00000,0.24051
14.88,22.88,1.8263,0.0019,0.00000,0.28910
15.12,22.88,1.7854,0.0036,0.00007,0.34702
15.38,22.88,1.7699,0.0892,0.00217,0.40065
15.62,22.88,1.8870,1.1257,0.02792,0.46086
15.88,22.88,2.0543,6.3404,0.15754,0.49227
9.12,23.12,0.3385,0.0001,0.00000,0.00401
9.38,23.12,0.5777,0.0005,0.00000,0.00671
9.62,23.12,0.9220,0.0020,0.00000,0.01148
9.88,23.12,1.2968,0.0032,0.00000,0.01833
10.12,23.12,1.5394,0.0019,0.00000,0.02554
10.38,23.12,1.5461,0.0004,0.00000,0.02970
10.62,23.12,1.4247,0.0001,0.00000,0.02996
10.88,23.12,1.3446,0.0003,0.00000,0.02965
11.12,23.12,1.3995,0.0011,0.00000,0.03169
11.38,23.12,1.5443,0.0019,0.00000,0.03604
11.62,23.12,1.6523,0.0011,0.00000,0.04201
11.88,23.12,1.6683,0.0003,0.00000,0.04798
12.12,23.12,1.6416,0.0000,0.00000,0.05300
12.38,23.12,1.6521,0.0000,0.00000,0.05853
12.62,23.12,1.7219,0.0000,0.00000,0.06697
12.88,23.12,1.7971,0.0000,0.00000,0.07840
13.12,23.12,1.8240,0.0001,0.00000,0.09182
13.38,23.12,1.8119,0.0014,0.00000,0.10702
13.62,23.12,1.8177,0.0063,0.00000,0.12738
13.88,23.12,1.8495,0.0121,0.00000,0.15182
14.12,23.12,1.8617,0.0155,0.00000,0.17461
14.38,23.12,1.8556,0.0168,0.00000,0.20134
14.62,23.12,1.8556,0.0095,0.00000,0.23342
14.88,23.12,1.8466,0.0022,0.00000,0.26897
15.12,23.12,1.8007,0.0009,0.00001,0.31297
15.38,23.12,1.7016,0.0082,0.00018,0.35170
15.62,23.12,1.7039,0.1031,0.00254,0.39621
15.88,23.12,1.9018,0.6721,0.01669,0.46423
9.38,23.38,0.2025,0.0001,0.00000,0.00250
9.62,23.38,0.4069,0.0002,0.00000,0.00558
9.88,23.38,0.7382,0.0003,0.00000,0.01201
10.12,23.38,1.1453,0.0002,0.00000,0.02234
10.38,23.38,1.4982,0.0000,0.00000,0.03370
10.62,23.38,1.6454,0.0001,0.00000,0.04277
10.88,23.38,1.5757,0.0014,0.00000,0.04855
11.12,23.38,1.4396,0.0063,0.00000,0.04963
11.38,23.38,1.4102,0.0104,0.00000,0.04802
11.62,23.38,1.5222,0.0065,0.00000,0.04943
11.88,23.38,1.6793,0.0018,0.00000,0.05628
12.12,23.38,1.7460,0.0003,0.00000,0.06466
12.38,23.38,1.7113,0.0001,0.00000,0.07157
12.62,23.38,1.6863,0.0000,0.00000,0.07961
12.88,23.38,1.7352,0.0000,0.00000,0.09171
13.12,23.38,1.8211,0.0001,0.00000,0.10833
13.38,23.38,1.8626,0.0008,0.00000,0.12636
13.62,23.38,1.8448,0.0038,0.00000,0.14561
13.88,23.38,1.8334,0.0073,0.00000,0.16724
14.12,23.38,1.8483,0.0093,0.00000,0.18768
14.38,23.38,1.8472,0.0101,0.00000,0.20736
14.62,23.38,1.8237,0.0057,0.00000,0.23070
14.88,23.38,1.7916,0.0013,0.00000,0.25627
15.12,23.38,1.7488,0.0002,0.00000,0.28720
15.38,23.38,1.6893,0.0004,0.00001,0.32068
15.62,23.38,1.6398,0.0042,0.00010,0.34999
9.88,23.62,0.3015,0.0000,0.00000,0.00600
10.12,23.62,0.5825,0.0000,0.00000,0.01318
10.38,23.62,0.9668,0.0000,0.00000,0.02433
10.62,23.62,1.3696,0.0003,0.00000,0.04128
10.88,23.62,1.6641,0.0035,0.00000,0.06339
11.12,23.62,1.7197,0.0159,0.00000,0.08028
11.38,23.62,1.5905,0.0267,0.00000,0.08174
11.62,23.62,1.4720,0.0186,0.00000,0.07210
11.88,23.62,1.5190,0.0079,0.00000,0.06795
12.12,23.62,1.6805,0.0029,0.00000,0.07493
12.38,23.62,1.7988,0.0006,0.00000,0.08806
12.62,23.62,1.8067,0.0000,0.00000,0.10244
12.88,23.62,1.7576,0.0000,0.00000,0.11517
13.12,23.62,1.7572,0.0000,0.00000,0.12946
13.38,23.62,1.8222,0.0002,0.00000,0.14870
13.62,23.62,1.8709,0.0008,0.00000,0.17295
13.88,23.62,1.8678,0.0016,0.00000,0.19530
14.12,23.62,1.8423,0.0021,0.00000,0.21026
14.38,23.62,1.8218,0.0023,0.00000,0.22133
14.62,23.62,1.8160,0.0013,0.00000,0.23930
14.88,23.62,1.7873,0.0003,0.00000,0.26313
15.12,23.62,1.7040,0.0000,0.00000,0.28172
15.38,23.62,1.6285,0.0000,0.00000,0.29709
10.38,23.88,0.4249,0.0000,0.00000,0.01170
10.62,23.88,0.7279,0.0004,0.00000,0.02510
10.88,23.88,1.1631,0.0044,0.00000,0.05215
11.12,23.88,1.5979,0.0194,0.00000,0.08856
11.38,23.88,1.8117,0.0342,0.00000,0.11299
11.62,23.88,1.7586,0.0315,0.00000,0.11327
11.88,23.88,1.5972,0.0238,0.00000,0.10333
12.12,23.88,1.5410,0.0119,0.00000,0.09719
12.38,23.88,1.6569,0.0026,0.00000,0.10404
12.62,23.88,1.8253,0.0002,0.00000,0.12540
12.88,23.88,1.8878,0.0000,0.00000,0.15038
13.12,23.88,1.8387,0.0000,0.00000,0.16939
13.38,23.88,1.7965,0.0000,0.00000,0.18517
13.62,23.88,1.8278,0.0001,0.00000,0.20727
13.88,23.88,1.8686,0.0001,0.00000,0.22867
14.12,23.88,1.8557,0.0002,0.00000,0.24093
14.38,23.88,1.8059,0.0002,0.00000,0.24480
14.62,23.88,1.7704,0.0001,0.00000,0.25418
14.88,23.88,1.7515,0.0000,0.00000,0.27696
15.12,23.88,1.7006,0.0000,0.00000,0.29572
15.38,23.88,1.6199,0.0000,0.00000,0.29645
10.62,24.12,0.2689,0.0003,0.00000,0.01071
10.88,24.12,0.5484,0.0029,0.00000,0.02830
11.12,24.12,0.9716,0.0118,0.00000,0.05956
11.38,24.12,1.4467,0.0229,0.00000,0.09662
11.62,24.12,1.8152,0.0317,0.00000,0.12962
11.88,24.12,1.8967,0.0348,0.00000,0.14940
12.12,24.12,1.7552,0.0193,0.00000,0.14784
12.38,24.12,1.6117,0.0042,0.00000,0.14054
12.62,24.12,1.6452,0.0004,0.00000,0.14993
12.88,24.12,1.8091,0.0001,0.00000,0.17780
13.12,24.12,1.9223,0.0001,0.00000,0.21140
13.38,24.12,1.9178,0.0001,0.00000,0.24137
13.62,24.12,1.8689,0.0000,0.00000,0.26616
13.88,24.12,1.8233,0.0000,0.00000,0.27753
14.12,24.12,1.8103,0.0000,0.00000,0.28454
14.38,24.12,1.8053,0.0000,0.00000,0.28812
14.62,24.12,1.7672,0.0000,0.00000,0.29058
14.88,24.12,1.7055,0.0000,0.00000,0.30074
15.12,24.12,1.6564,0.0000,0.00000,0.31279
11.12,24.38,0.4234,0.0041,0.00000,0.02763
11.38,24.38,0.7928,0.0091,0.00000,0.05530
11.62,24.38,1.2777,0.0172,0.00000,0.09835
11.88,24.38,1.7353,0.0214,0.00000,0.14947
12.12,24.38,1.9809,0.0119,0.00000,0.18976
12.38,24.38,1.9356,0.0026,0.00000,0.21202
12.62,24.38,1.7543,0.0005,0.00000,0.21457
12.88,24.38,1.6714,0.0010,0.00000,0.21669
13.12,24.38,1.7700,0.0014,0.00000,0.24260
13.38,24.38,1.9292,0.0009,0.00000,0.29106
13.62,24.38,1.9907,0.0005,0.00000,0.33716
13.88,24.38,1.9122,0.0027,0.00002,0.35099
14.12,24.38,1.8224,0.0119,0.00010,0.35287
14.38,24.38,1.7904,0.0197,0.00017,0.35107
14.62,24.38,1.7669,0.0122,0.00011,0.34370
14.88,24.38,1.7099,0.0031,0.00003,0.34070
15.12,24.38,1.6583,0.0004,0.00000,0.34463
11.62,24.62,0.6584,0.0052,0.00000,0.05483
11.88,24.62,1.1120,0.0059,0.00000,0.10271
12.12,24.62,1.6005,0.0030,0.00000,0.17026
12.38,24.62,1.9671,0.0010,0.00000,0.24469
12.62,24.62,2.0567,0.0024,0.00000,0.29469
12.88,24.62,1.9369,0.0064,0.00000,0.31947
13.12,24.62,1.7906,0.0085,0.00000,0.32566
13.38,24.62,1.7685,0.0056,0.00000,0.33886
13.62,24.62,1.8689,0.0095,0.00007,0.37317
13.88,24.62,1.9246,0.0915,0.00082,0.39959
14.12,24.62,1.9182,0.4076,0.00367,0.42241
14.38,24.62,1.8925,0.6766,0.00609,0.43174
14.62,24.62,1.8318,0.4325,0.00389,0.41119
14.88,24.62,1.7532,0.1215,0.00109,0.38467
12.12,24.88,0.8980,0.0005,0.00000,0.10492
12.38,24.88,1.3240,0.0019,0.00000,0.17812
12.62,24.88,1.7900,0.0090,0.00000,0.28165
12.88,24.88,2.1197,0.0205,0.00000,0.39348
13.12,24.88,2.1189,0.0240,0.00000,0.45337
13.38,24.88,1.9855,0.0194,0.00003,0.47586
13.62,24.88,1.9263,0.1042,0.00091,0.47633
13.88,24.88,1.8669,1.1666,0.01106,0.45154
14.12,24.88,1.8804,5.2359,0.04980,0.45741
14.38,24.88,1.9481,8.9002,0.08467,0.48323
14.62,24.88,1.9359,6.1409,0.05842,0.47252
14.88,24.88,1.8890,2.0060,0.01908,0.44171
12.38,25.12,0.6317,0.0044,0.00000,0.08992
12.62,25.12,1.0805,0.0171,0.00000,0.18189
12.88,25.12,1.5984,0.0321,0.00000,0.31401
13.12,25.12,2.0078,0.0335,0.00000,0.45765
13.38,25.12,2.2473,0.0415,0.00016,0.58096
13.62,25.12,2.2261,0.5066,0.00520,0.59723
13.88,25.12,1.9659,5.9175,0.06310,0.51310
14.12,25.12,1.8407,26.9502,0.28787,0.46563
14.38,25.12,1.9043,49.2583,0.52622,0.46963
14.62,25.12,1.8600,40.5015,0.43268,0.45235
12.88,25.38,0.8749,0.0269,0.00000,0.17826
13.12,25.38,1.3333,0.0250,0.00000,0.31314
13.38,25.38,1.7785,0.0608,0.00047,0.45916
13.62,25.38,2.1875,1.1333,0.01422,0.55466
13.88,25.38,2.4534,13.1065,0.16793,0.57685
14.12,25.38,2.5499,60.7964,0.77981,0.54531
14.38,25.38,2.7273,125.2619,1.60682,0.50827
13.38,25.62,1.1655,0.0680,0.00083,0.27880
13.62,25.62,2.0787,1.4083,0.02161,0.44822
13.88,25.62,2.9038,14.7591,0.22897,0.57216
14.12,25.62,3.1828,68.0432,1.05628,0.53494
14.38,25.62,3.6894,159.8241,2.48124,0.45201
13.88,25.88,2.1796,9.5939,0.16952,0.38729
14.12,25.88,2.2401,41.4215,0.73218,0.32351
14.12,26.12,0.8220,14.0588,0.26506,0.11061
