x,y,rho,contact,casualty,pressure
2.62,0.12,0.3549,0.0000,0.00000,0.26979
2.88,0.12,0.6235,0.0001,0.00000,0.44511
3.12,0.12,0.7682,0.0002,0.00000,0.49108
3.38,0.12,0.7398,0.0008,0.00000,0.42364
3.62,0.12,0.7537,0.0021,0.00000,0.42839
3.88,0.12,0.8286,0.0036,0.00000,0.47076
4.12,0.12,0.8323,0.0045,0.00000,0.45744
4.38,0.12,0.7953,0.0040,0.00000,0.43939
4.62,0.12,0.8001,0.0024,0.00000,0.45566
4.88,0.12,0.8205,0.0014,0.00000,0.46426
5.12,0.12,0.8235,0.0017,0.00000,0.45901
5.38,0.12,0.8219,0.0022,0.00000,0.46919
5.62,0.12,0.8379,0.0024,0.00000,0.49669
5.88,0.12,0.8552,0.0032,0.00000,0.51488
6.12,0.12,0.8857,0.0063,0.00000,0.54656
6.38,0.12,0.9224,0.0148,0.00000,0.59517
6.62,0.12,0.9126,0.0643,0.00000,0.62266
6.88,0.12,0.9150,0.5330,0.00000,0.68978
7.12,0.12,0.8080,2.3844,0.00000,0.66344
7.38,0.12,0.5103,5.2107,0.00000,0.43575
2.62,0.38,0.6433,0.0001,0.00000,0.45329
2.88,0.38,1.1605,0.0002,0.00000,0.77403
3.12,0.38,1.4603,0.0007,0.00000,0.88314
3.38,0.38,1.3732,0.0025,0.00000,0.74668
3.62,0.38,1.3177,0.0051,0.00000,0.71091
3.88,0.38,1.4228,0.0063,0.00000,0.77600
4.12,0.38,1.4507,0.0064,0.00000,0.76363
4.38,0.38,1.3930,0.0055,0.00000,0.72981
4.62,0.38,1.3892,0.0033,0.00000,0.75091
4.88,0.38,1.4243,0.0021,0.00000,0.76893
5.12,0.38,1.4255,0.0028,0.00000,0.75958
5.38,0.38,1.4074,0.0038,0.00000,0.77142
5.62,0.38,1.4207,0.0042,0.00000,0.81603
5.88,0.38,1.4287,0.0052,0.00000,0.84293
6.12,0.38,1.4542,0.0112,0.00000,0.88817
6.38,0.38,1.4824,0.0293,0.00000,0.95664
6.62,0.38,1.4585,0.1159,0.00000,0.99660
6.88,0.38,1.5351,0.9129,0.00000,1.13869
7.12,0.38,1.4179,4.0787,0.00000,1.12996
7.38,0.38,0.9105,8.9194,0.00000,0.75190
2.62,0.62,0.6848,0.0001,0.00000,0.42558
2.88,0.62,1.3211,0.0004,0.00000,0.78480
3.12,0.62,1.7690,0.0012,0.00000,0.96781
3.38,0.62,1.6628,0.0038,0.00000,0.81899
3.62,0.62,1.5006,0.0066,0.00000,0.72185
3.88,0.62,1.5917,0.0059,0.00000,0.78179
4.12,0.62,1.6661,0.0043,0.00000,0.78934
4.38,0.62,1.6218,0.0033,0.00000,0.75212
4.62,0.62,1.6037,0.0020,0.00000,0.76540
4.88,0.62,1.6364,0.0016,0.00000,0.78878
5.12,0.62,1.6400,0.0027,0.00000,0.78250
5.38,0.62,1.6205,0.0049,0.00000,0.79389
5.62,0.62,1.6309,0.0064,0.00000,0.84048
5.88,0.62,1.6252,0.0059,0.00000,0.86994
6.12,0.62,1.6451,0.0111,0.00000,0.91992
6.38,0.62,1.6557,0.0319,0.00000,0.98277
6.62,0.62,1.6201,0.1139,0.00000,1.01546
6.88,0.62,1.7755,0.8409,0.00000,1.18913
7.12,0.62,1.6888,3.7455,0.00000,1.20878
7.38,0.62,1.0904,8.1945,0.00000,0.81098
2.62,0.88,0.4294,0.0001,0.00000,0.22515
2.88,0.88,0.9405,0.0002,0.00000,0.47841
3.12,0.88,1.4046,0.0007,0.00000,0.67298
3.38,0.88,1.3722,0.0022,0.00000,0.59900
3.62,0.88,1.1983,0.0036,0.00000,0.50048
3.88,0.88,1.2462,0.0026,0.00000,0.53479
4.12,0.88,1.3378,0.0012,0.00000,0.55998
4.38,0.88,1.3362,0.0008,0.00000,0.53960
4.62,0.88,1.3170,0.0005,0.00000,0.54113
4.88,0.88,1.3272,0.0006,0.00000,0.55522
5.12,0.88,1.3298,0.0018,0.00000,0.55258
5.38,0.88,1.3315,0.0050,0.00000,0.56584
5.62,0.88,1.3480,0.0077,0.00000,0.60133
5.88,0.88,1.3361,0.0054,0.00000,0.62180
6.12,0.88,1.3568,0.0057,0.00000,0.65961
6.38,0.88,1.3539,0.0159,0.00000,0.68984
6.62,0.88,1.3133,0.0533,0.00000,0.69605
6.88,0.88,1.4766,0.3721,0.00000,0.82440
7.12,0.88,1.4222,1.6449,0.00000,0.84554
7.38,0.88,0.9150,3.5928,0.00000,0.56652
2.62,1.12,0.2147,0.0000,0.00000,0.08606
2.88,1.12,0.5632,0.0000,0.00000,0.22311
3.12,1.12,0.9620,0.0002,0.00000,0.36889
3.38,1.12,1.0187,0.0005,0.00000,0.36663
3.62,1.12,0.9151,0.0008,0.00000,0.31306
3.88,1.12,0.9428,0.0005,0.00000,0.32683
4.12,1.12,1.0191,0.0002,0.00000,0.35210
4.38,1.12,1.0397,0.0001,0.00000,0.35114
4.62,1.12,1.0320,0.0001,0.00000,0.35196
4.88,1.12,1.0330,0.0001,0.00000,0.35730
5.12,1.12,1.0376,0.0007,0.00000,0.35539
5.38,1.12,1.0570,0.0027,0.00000,0.36727
5.62,1.12,1.0719,0.0044,0.00000,0.39108
5.88,1.12,1.0570,0.0028,0.00000,0.40544
6.12,1.12,1.0942,0.0015,0.00000,0.43765
6.38,1.12,1.1058,0.0035,0.00000,0.45432
6.62,1.12,1.0752,0.0158,0.00000,0.45017
6.88,1.12,1.1951,0.1291,0.00000,0.52220
7.12,1.12,1.1100,0.5775,0.00000,0.51472
7.38,1.12,0.6916,1.2614,0.00000,0.33425
2.62,1.38,0.1317,0.0000,0.00000,0.03318
2.88,1.38,0.4071,0.0000,0.00000,0.10353
3.12,1.38,0.7762,0.0000,0.00000,0.20005
3.38,1.38,0.8942,0.0000,0.00000,0.23282
3.62,1.38,0.8444,0.0001,0.00000,0.21677
3.88,1.38,0.8673,0.0000,0.00000,0.21643
4.12,1.38,0.9292,0.0000,0.00000,0.22848
4.38,1.38,0.9559,0.0000,0.00000,0.23552
4.62,1.38,0.9669,0.0000,0.00000,0.24317
4.88,1.38,0.9742,0.0000,0.00000,0.24931
5.12,1.38,0.9773,0.0001,0.00000,0.24850
5.38,1.38,1.0039,0.0006,0.00000,0.25593
5.62,1.38,1.0210,0.0010,0.00000,0.27387
5.88,1.38,1.0139,0.0006,0.00000,0.28989
6.12,1.38,1.0717,0.0002,0.00000,0.32063
6.38,1.38,1.1005,0.0009,0.00000,0.34007
6.62,1.38,1.0970,0.0215,0.00000,0.34716
6.88,1.38,1.1772,0.2556,0.00000,0.39142
7.12,1.38,0.9879,1.2034,0.00000,0.35431
7.38,1.38,0.5644,2.6646,0.00000,0.21524
2.62,1.62,0.0986,0.0000,0.00000,0.01499
2.88,1.62,0.3456,0.0000,0.00000,0.05488
3.12,1.62,0.7241,0.0000,0.00000,0.12410
3.38,1.62,0.9064,0.0000,0.00000,0.16956
3.62,1.62,0.8864,0.0000,0.00000,0.17003
3.88,1.62,0.8983,0.0000,0.00000,0.16168
4.12,1.62,0.9590,0.0000,0.00000,0.16235
4.38,1.62,0.9980,0.0000,0.00000,0.16885
4.62,1.62,1.0243,0.0000,0.00000,0.17916
4.88,1.62,1.0362,0.0000,0.00000,0.18768
5.12,1.62,1.0409,0.0000,0.00000,0.19153
5.38,1.62,1.0836,0.0000,0.00000,0.20061
5.62,1.62,1.1125,0.0001,0.00000,0.21622
5.88,1.62,1.1085,0.0000,0.00000,0.22918
6.12,1.62,1.1681,0.0000,0.00000,0.25102
6.38,1.62,1.1956,0.0010,0.00000,0.26828
6.62,1.62,1.2306,0.0336,0.00000,0.28749
6.88,1.62,1.2973,0.4098,0.00000,0.32240
7.12,1.62,0.9842,1.9406,0.00000,0.27150
7.38,1.62,0.5046,4.3053,0.00000,0.15430
2.62,1.88,0.0741,0.0000,0.00000,0.00754
2.88,1.88,0.2873,0.0000,0.00000,0.03139
3.12,1.88,0.6679,0.0000,0.00000,0.08129
3.38,1.88,0.9202,0.0000,0.00000,0.12418
3.62,1.88,0.9290,0.0000,0.00000,0.12957
3.88,1.88,0.9324,0.0000,0.00000,0.12294
4.12,1.88,1.0041,0.0000,0.00000,0.12441
4.38,1.88,1.0551,0.0000,0.00000,0.13085
4.62,1.88,1.0841,0.0000,0.00000,0.13838
4.88,1.88,1.0985,0.0000,0.00000,0.14530
5.12,1.88,1.1126,0.0000,0.00000,0.15379
5.38,1.88,1.1693,0.0000,0.00000,0.16662
5.62,1.88,1.2002,0.0000,0.00000,0.17744
5.88,1.88,1.1865,0.0000,0.00000,0.18214
6.12,1.88,1.2363,0.0000,0.00000,0.19542
6.38,1.88,1.2601,0.0006,0.00000,0.20674
6.62,1.88,1.3323,0.0203,0.00000,0.22748
6.88,1.88,1.4057,0.2482,0.00000,0.25659
7.12,1.88,1.0110,1.1762,0.00000,0.20789
7.38,1.88,0.4825,2.6101,0.00000,0.11318
2.62,2.12,0.0523,0.0000,0.00000,0.00363
2.88,2.12,0.2239,0.0000,0.00000,0.01674
3.12,2.12,0.5914,0.0000,0.00000,0.04890
3.38,2.12,0.9132,0.0000,0.00000,0.08257
3.62,2.12,0.9609,0.0000,0.00000,0.09145
3.88,2.12,0.9544,0.0000,0.00000,0.09030
4.12,2.12,1.0290,0.0000,0.00000,0.09525
4.38,2.12,1.0906,0.0000,0.00000,0.10333
4.62,2.12,1.1277,0.0000,0.00000,0.10992
4.88,2.12,1.1470,0.0000,0.00000,0.11533
5.12,2.12,1.1598,0.0000,0.00000,0.12429
5.38,2.12,1.2157,0.0000,0.00000,0.13730
5.62,2.12,1.2463,0.0000,0.00000,0.14380
5.88,2.12,1.2339,0.0000,0.00000,0.14376
6.12,2.12,1.2802,0.0000,0.00000,0.15369
6.38,2.12,1.2907,0.0001,0.00000,0.16084
6.62,2.12,1.3742,0.0045,0.00000,0.17657
6.88,2.12,1.4658,0.0554,0.00000,0.19955
7.12,2.12,1.0481,0.2624,0.00000,0.15979
7.38,2.12,0.4929,0.5824,0.00000,0.08567
2.62,2.38,0.0338,0.0000,0.00000,0.00164
2.88,2.38,0.1647,0.0000,0.00000,0.00864
3.12,2.38,0.5095,0.0000,0.00000,0.02925
3.38,2.38,0.8934,0.0000,0.00000,0.05582
3.62,2.38,0.9944,0.0000,0.00000,0.06759
3.88,2.38,0.9755,0.0000,0.00000,0.06934
4.12,2.38,1.0359,0.0000,0.00000,0.07347
4.38,2.38,1.1047,0.0000,0.00000,0.08055
4.62,2.38,1.1549,0.0000,0.00000,0.08678
4.88,2.38,1.1815,0.0000,0.00000,0.09198
5.12,2.38,1.1914,0.0000,0.00000,0.09976
5.38,2.38,1.2437,0.0000,0.00000,0.11155
5.62,2.38,1.2768,0.0000,0.00000,0.11701
5.88,2.38,1.2787,0.0000,0.00000,0.11682
6.12,2.38,1.3256,0.0000,0.00000,0.12586
6.38,2.38,1.3061,0.0000,0.00000,0.13091
6.62,2.38,1.3811,0.0004,0.00000,0.14188
6.88,2.38,1.4983,0.0045,0.00000,0.15971
7.12,2.38,1.0880,0.0215,0.00000,0.12738
7.38,2.38,0.5175,0.0478,0.00000,0.06794
2.62,2.62,0.0205,0.0000,0.00000,0.00081
2.88,2.62,0.1177,0.0000,0.00000,0.00523
3.12,2.62,0.4298,0.0000,0.00000,0.02090
3.38,2.62,0.8523,0.0000,0.00000,0.04458
3.62,2.62,1.0174,0.0000,0.00000,0.05731
3.88,2.62,0.9976,0.0000,0.00000,0.05831
4.12,2.62,1.0399,0.0000,0.00000,0.05921
4.38,2.62,1.1171,0.0000,0.00000,0.06373
4.62,2.62,1.1778,0.0000,0.00000,0.06912
4.88,2.62,1.2082,0.0000,0.00000,0.07431
5.12,2.62,1.2186,0.0000,0.00000,0.08133
5.38,2.62,1.2656,0.0000,0.00000,0.09103
5.62,2.62,1.2967,0.0000,0.00000,0.09535
5.88,2.62,1.3147,0.0000,0.00000,0.09553
6.12,2.62,1.3698,0.0000,0.00000,0.10275
6.38,2.62,1.3263,0.0000,0.00000,0.10575
6.62,2.62,1.3859,0.0000,0.00000,0.11360
6.88,2.62,1.5176,0.0001,0.00000,0.12774
7.12,2.62,1.1148,0.0007,0.00000,0.10148
7.38,2.62,0.5352,0.0014,0.00000,0.05377
2.62,2.88,0.0124,0.0000,0.00000,0.00044
2.88,2.88,0.0851,0.0000,0.00000,0.00339
3.12,2.88,0.3582,0.0000,0.00000,0.01539
3.38,2.88,0.7929,0.0000,0.00000,0.03594
3.62,2.88,1.0277,0.0000,0.00000,0.04867
3.88,2.88,1.0267,0.0000,0.00000,0.04896
4.12,2.88,1.0498,0.0000,0.00000,0.04800
4.38,2.88,1.1311,0.0000,0.00000,0.05114
4.62,2.88,1.2006,0.0000,0.00000,0.05657
4.88,2.88,1.2376,0.0000,0.00000,0.06217
5.12,2.88,1.2508,0.0000,0.00000,0.06865
5.38,2.88,1.2906,0.0000,0.00000,0.07571
5.62,2.88,1.3149,0.0000,0.00000,0.07827
5.88,2.88,1.3400,0.0000,0.00000,0.07843
6.12,2.88,1.4062,0.0000,0.00000,0.08319
6.38,2.88,1.3501,0.0000,0.00000,0.08386
6.62,2.88,1.3993,0.0000,0.00000,0.08976
6.88,2.88,1.5431,0.0000,0.00000,0.10167
7.12,2.88,1.1417,0.0000,0.00000,0.08057
7.38,2.88,0.5505,0.0000,0.00000,0.04236
2.62,3.12,0.0078,0.0000,0.00000,0.00022
2.88,3.12,0.0622,0.0000,0.00000,0.00194
3.12,3.12,0.2938,0.0000,0.00000,0.00968
3.38,3.12,0.7228,0.0000,0.00000,0.02473
3.62,3.12,1.0289,0.0000,0.00000,0.03616
3.88,3.12,1.0626,0.0000,0.00000,0.03813
4.12,3.12,1.0600,0.0000,0.00000,0.03837
4.38,3.12,1.1311,0.0000,0.00000,0.04146
4.62,3.12,1.2099,0.0000,0.00000,0.04744
4.88,3.12,1.2565,0.0000,0.00000,0.05350
5.12,3.12,1.2752,0.0000,0.00000,0.05881
5.38,3.12,1.3156,0.0000,0.00000,0.06321
5.62,3.12,1.3328,0.0000,0.00000,0.06527
5.88,3.12,1.3546,0.0000,0.00000,0.06630
6.12,3.12,1.4294,0.0000,0.00000,0.06992
6.38,3.12,1.3710,0.0000,0.00000,0.06924
6.62,3.12,1.4177,0.0000,0.00000,0.07396
6.88,3.12,1.5803,0.0000,0.00000,0.08496
7.12,3.12,1.1844,0.0000,0.00000,0.06755
7.38,3.12,0.5774,0.0000,0.00000,0.03535
2.62,3.38,0.0050,0.0000,0.00000,0.00012
2.88,3.38,0.0449,0.0000,0.00000,0.00112
3.12,3.38,0.2327,0.0000,0.00000,0.00602
3.38,3.38,0.6376,0.0000,0.00000,0.01677
3.62,3.38,1.0052,0.0000,0.00000,0.02672
3.88,3.38,1.0916,0.0000,0.00000,0.03046
4.12,3.38,1.0749,0.0000,0.00000,0.03220
4.38,3.38,1.1338,0.0000,0.00000,0.03483
4.62,3.38,1.2212,0.0000,0.00000,0.04012
4.88,3.38,1.2728,0.0000,0.00000,0.04562
5.12,3.38,1.2960,0.0000,0.00000,0.04927
5.38,3.38,1.3440,0.0000,0.00000,0.05193
5.62,3.38,1.3560,0.0000,0.00000,0.05399
5.88,3.38,1.3685,0.0000,0.00000,0.05619
6.12,3.38,1.4541,0.0000,0.00000,0.06032
6.38,3.38,1.4021,0.0000,0.00000,0.05973
6.62,3.38,1.4395,0.0000,0.00000,0.06340
6.88,3.38,1.6138,0.0000,0.00000,0.07331
7.12,3.38,1.2338,0.0000,0.00000,0.05869
7.38,3.38,0.6154,0.0000,0.00000,0.03082
2.62,3.62,0.0033,0.0000,0.00000,0.00008
2.88,3.62,0.0315,0.0000,0.00000,0.00078
3.12,3.62,0.1780,0.0000,0.00000,0.00440
3.38,3.62,0.5448,0.0000,0.00000,0.01313
3.62,3.62,0.9558,0.0000,0.00000,0.02266
3.88,3.62,1.1069,0.0000,0.00000,0.02742
4.12,3.62,1.0926,0.0000,0.00000,0.02899
4.38,3.62,1.1426,0.0000,0.00000,0.03033
4.62,3.62,1.2379,0.0000,0.00000,0.03412
4.88,3.62,1.2911,0.0000,0.00000,0.03811
5.12,3.62,1.3149,0.0000,0.00000,0.04065
5.38,3.62,1.3727,0.0000,0.00000,0.04288
5.62,3.62,1.3844,0.0000,0.00000,0.04475
5.88,3.62,1.3892,0.0000,0.00000,0.04757
6.12,3.62,1.4852,0.0000,0.00000,0.05238
6.38,3.62,1.4368,0.0000,0.00000,0.05211
6.62,3.62,1.4494,0.0000,0.00000,0.05407
6.88,3.62,1.6253,0.0000,0.00000,0.06199
7.12,3.62,1.2703,0.0000,0.00000,0.05024
7.38,3.62,0.6502,0.0000,0.00000,0.02678
2.62,3.88,0.0021,0.0000,0.00000,0.00004
2.88,3.88,0.0216,0.0000,0.00000,0.00047
3.12,3.88,0.1340,0.0000,0.00000,0.00287
3.38,3.88,0.4578,0.0000,0.00000,0.00978
3.62,3.88,0.8927,0.0000,0.00000,0.01991
3.88,3.88,1.1107,0.0000,0.00000,0.02687
4.12,3.88,1.1076,0.0000,0.00000,0.02792
4.38,3.88,1.1496,0.0000,0.00000,0.02811
4.62,3.88,1.2551,0.0000,0.00000,0.03069
4.88,3.88,1.3061,0.0000,0.00000,0.03303
5.12,3.88,1.3250,0.0000,0.00000,0.03480
5.38,3.88,1.3938,0.0000,0.00000,0.03695
5.62,3.88,1.4074,0.0000,0.00000,0.03827
5.88,3.88,1.4058,0.0000,0.00000,0.04030
6.12,3.88,1.5155,0.0000,0.00000,0.04482
6.38,3.88,1.4724,0.0000,0.00000,0.04489
6.62,3.88,1.4611,0.0000,0.00000,0.04589
6.88,3.88,1.6371,0.0001,0.00000,0.05351
7.12,3.88,1.3053,0.0002,0.00000,0.04591
7.38,3.88,0.6835,0.0002,0.00000,0.02595
2.62,4.12,0.0013,0.0000,0.00000,0.00002
2.88,4.12,0.0147,0.0000,0.00000,0.00023
3.12,4.12,0.1002,0.0000,0.00000,0.00163
3.38,4.12,0.3805,0.0000,0.00000,0.00693
3.62,4.12,0.8232,0.0000,0.00000,0.01760
3.88,4.12,1.1091,0.0000,0.00000,0.02675
4.12,4.12,1.1330,0.0000,0.00000,0.02756
4.38,4.12,1.1646,0.0000,0.00000,0.02710
4.62,4.12,1.2743,0.0000,0.00000,0.02918
4.88,4.12,1.3266,0.0000,0.00000,0.03023
5.12,4.12,1.3380,0.0000,0.00000,0.03069
5.38,4.12,1.4109,0.0000,0.00000,0.03237
5.62,4.12,1.4287,0.0000,0.00000,0.03350
5.88,4.12,1.4187,0.0000,0.00000,0.03473
6.12,4.12,1.5379,0.0000,0.00000,0.03902
6.38,4.12,1.5043,0.0000,0.00000,0.03950
6.62,4.12,1.4750,0.0001,0.00000,0.03988
6.88,4.12,1.6518,0.0006,0.00000,0.04768
7.12,4.12,1.3422,0.0010,0.00000,0.04370
7.38,4.12,0.7180,0.0008,0.00000,0.02620
2.62,4.38,0.0008,0.0000,0.00000,0.00001
2.88,4.38,0.0101,0.0000,0.00000,0.00012
3.12,4.38,0.0753,0.0000,0.00000,0.00099
3.38,4.38,0.3155,0.0000,0.00000,0.00491
3.62,4.38,0.7514,0.0000,0.00000,0.01409
3.88,4.38,1.0991,0.0000,0.00000,0.02293
4.12,4.38,1.1644,0.0000,0.00000,0.02404
4.38,4.38,1.1771,0.0000,0.00000,0.02394
4.62,4.38,1.2817,0.0000,0.00000,0.02696
4.88,4.38,1.3494,0.0000,0.00000,0.02849
5.12,4.38,1.3612,0.0000,0.00000,0.02832
5.38,4.38,1.4377,0.0000,0.00000,0.02957
5.62,4.38,1.4591,0.0000,0.00000,0.03083
5.88,4.38,1.4319,0.0000,0.00000,0.03178
6.12,4.38,1.5522,0.0000,0.00000,0.03611
6.38,4.38,1.5321,0.0000,0.00000,0.03680
6.62,4.38,1.4854,0.0002,0.00000,0.03578
6.88,4.38,1.6643,0.0009,0.00000,0.04106
7.12,4.38,1.3849,0.0016,0.00000,0.03713
7.38,4.38,0.7600,0.0013,0.00000,0.02218
2.62,4.62,0.0006,0.0000,0.00000,0.00001
2.88,4.62,0.0073,0.0000,0.00000,0.00008
3.12,4.62,0.0580,0.0000,0.00000,0.00067
3.38,4.62,0.2604,0.0000,0.00000,0.00348
3.62,4.62,0.6714,0.0000,0.00000,0.01047
3.88,4.62,1.0647,0.0000,0.00000,0.01818
4.12,4.62,1.1874,0.0000,0.00000,0.02040
4.38,4.62,1.1901,0.0000,0.00000,0.02099
4.62,4.62,1.2825,0.0000,0.00000,0.02472
4.88,4.62,1.3668,0.0000,0.00000,0.02735
5.12,4.62,1.3834,0.0000,0.00000,0.02737
5.38,4.62,1.4636,0.0000,0.00000,0.02815
5.62,4.62,1.4879,0.0000,0.00000,0.02898
5.88,4.62,1.4422,0.0000,0.00000,0.02921
6.12,4.62,1.5637,0.0000,0.00000,0.03261
6.38,4.62,1.5611,0.0000,0.00000,0.03306
6.62,4.62,1.4978,0.0001,0.00000,0.03156
6.88,4.62,1.6804,0.0006,0.00000,0.03504
7.12,4.62,1.4359,0.0010,0.00000,0.03092
7.38,4.62,0.8098,0.0008,0.00000,0.01820
2.62,4.88,0.0004,0.0000,0.00000,0.00000
2.88,4.88,0.0053,0.0000,0.00000,0.00005
3.12,4.88,0.0443,0.0000,0.00000,0.00049
3.38,4.88,0.2119,0.0000,0.00000,0.00261
3.62,4.88,0.5890,0.0000,0.00000,0.00813
3.88,4.88,1.0138,0.0000,0.00000,0.01514
4.12,4.88,1.2026,0.0000,0.00000,0.01859
4.38,4.88,1.2133,0.0000,0.00000,0.01984
4.62,4.88,1.2939,0.0000,0.00000,0.02313
4.88,4.88,1.3864,0.0000,0.00000,0.02541
5.12,4.88,1.3974,0.0000,0.00000,0.02508
5.38,4.88,1.4742,0.0000,0.00000,0.02570
5.62,4.88,1.5074,0.0000,0.00000,0.02657
5.88,4.88,1.4490,0.0000,0.00000,0.02639
6.12,4.88,1.5741,0.0000,0.00000,0.02877
6.38,4.88,1.5914,0.0000,0.00000,0.02894
6.62,4.88,1.5028,0.0000,0.00000,0.02733
6.88,4.88,1.6836,0.0001,0.00000,0.03028
7.12,4.88,1.4836,0.0002,0.00000,0.02705
7.38,4.88,0.8626,0.0002,0.00000,0.01610
2.62,5.12,0.0003,0.0000,0.00000,0.00000
2.88,5.12,0.0039,0.0000,0.00000,0.00004
3.12,5.12,0.0344,0.0000,0.00000,0.00037
3.38,5.12,0.1743,0.0000,0.00000,0.00206
3.62,5.12,0.5195,0.0000,0.00000,0.00670
3.88,5.12,0.9644,0.0000,0.00000,0.01338
4.12,5.12,1.2107,0.0000,0.00000,0.01776
4.38,5.12,1.2356,0.0000,0.00000,0.01895
4.62,5.12,1.3085,0.0000,0.00000,0.02064
4.88,5.12,1.4033,0.0000,0.00000,0.02207
5.12,5.12,1.4054,0.0000,0.00000,0.02162
5.38,5.12,1.4858,0.0000,0.00000,0.02278
5.62,5.12,1.5374,0.0000,0.00000,0.02459
5.88,5.12,1.4623,0.0000,0.00000,0.02440
6.12,5.12,1.5882,0.0000,0.00000,0.02623
6.38,5.12,1.6288,0.0000,0.00000,0.02643
6.62,5.12,1.5045,0.0000,0.00000,0.02436
6.88,5.12,1.6765,0.0000,0.00000,0.02703
7.12,5.12,1.5336,0.0000,0.00000,0.02518
7.38,5.12,0.9242,0.0000,0.00000,0.01553
2.62,5.38,0.0002,0.0000,0.00000,0.00000
2.88,5.38,0.0030,0.0000,0.00000,0.00003
3.12,5.38,0.0273,0.0000,0.00000,0.00028
3.38,5.38,0.1458,0.0000,0.00000,0.00164
3.62,5.38,0.4624,0.0000,0.00000,0.00568
3.88,5.38,0.9208,0.0000,0.00000,0.01247
4.12,5.38,1.2201,0.0000,0.00000,0.01787
4.38,5.38,1.2608,0.0000,0.00000,0.01875
4.62,5.38,1.3268,0.0000,0.00000,0.01911
4.88,5.38,1.4247,0.0000,0.00000,0.02023
5.12,5.38,1.4221,0.0000,0.00000,0.01980
5.38,5.38,1.5102,0.0000,0.00000,0.02111
5.62,5.38,1.5773,0.0000,0.00000,0.02334
5.88,5.38,1.4808,0.0000,0.00000,0.02303
6.12,5.38,1.6059,0.0000,0.00000,0.02467
6.38,5.38,1.6688,0.0000,0.00000,0.02513
6.62,5.38,1.5026,0.0000,0.00000,0.02247
6.88,5.38,1.6605,0.0000,0.00000,0.02494
7.12,5.38,1.5794,0.0000,0.00000,0.02456
7.38,5.38,0.9862,0.0000,0.00000,0.01584
2.62,5.62,0.0002,0.0000,0.00000,0.00000
2.88,5.62,0.0023,0.0000,0.00000,0.00002
3.12,5.62,0.0223,0.0000,0.00000,0.00022
3.38,5.62,0.1240,0.0000,0.00000,0.00132
3.62,5.62,0.4129,0.0000,0.00000,0.00493
3.88,5.62,0.8737,0.0000,0.00000,0.01173
4.12,5.62,1.2191,0.0000,0.00000,0.01764
4.38,5.62,1.2808,0.0000,0.00000,0.01855
4.62,5.62,1.3409,0.0000,0.00000,0.01881
4.88,5.62,1.4452,0.0000,0.00000,0.01999
5.12,5.62,1.4384,0.0000,0.00000,0.01948
5.38,5.62,1.5281,0.0000,0.00000,0.02060
5.62,5.62,1.6069,0.0000,0.00000,0.02271
5.88,5.62,1.4903,0.0000,0.00000,0.02222
6.12,5.62,1.6179,0.0000,0.00000,0.02373
6.38,5.62,1.7107,0.0000,0.00000,0.02450
6.62,5.62,1.5087,0.0000,0.00000,0.02150
6.88,5.62,1.6543,0.0000,0.00000,0.02353
7.12,5.62,1.6337,0.0000,0.00000,0.02375
7.38,5.62,1.0534,0.0000,0.00000,0.01566
2.62,5.88,0.0001,0.0000,0.00000,0.00000
2.88,5.88,0.0018,0.0000,0.00000,0.00002
3.12,5.88,0.0186,0.0000,0.00000,0.00018
3.38,5.88,0.1072,0.0000,0.00000,0.00113
3.62,5.88,0.3685,0.0000,0.00000,0.00436
3.88,5.88,0.8159,0.0000,0.00000,0.01075
4.12,5.88,1.1916,0.0000,0.00000,0.01676
4.38,5.88,1.2821,0.0000,0.00000,0.01827
4.62,5.88,1.3465,0.0000,0.00000,0.01870
4.88,5.88,1.4554,0.0000,0.00000,0.01950
5.12,5.88,1.4440,0.0000,0.00000,0.01897
5.38,5.88,1.5380,0.0000,0.00000,0.01997
5.62,5.88,1.6289,0.0000,0.00000,0.02150
5.88,5.88,1.4926,0.0000,0.00000,0.02088
6.12,5.88,1.6210,0.0000,0.00000,0.02309
6.38,5.88,1.7436,0.0000,0.00000,0.02483
6.62,5.88,1.5112,0.0000,0.00000,0.02154
6.88,5.88,1.6503,0.0000,0.00000,0.02309
7.12,5.88,1.6933,0.0000,0.00000,0.02375
7.38,5.88,1.1249,0.0000,0.00000,0.01594
2.62,6.12,0.0001,0.0000,0.00000,0.00000
2.88,6.12,0.0014,0.0000,0.00000,0.00001
3.12,6.12,0.0153,0.0000,0.00000,0.00014
3.38,6.12,0.0920,0.0000,0.00000,0.00095
3.62,6.12,0.3269,0.0000,0.00000,0.00379
3.88,6.12,0.7583,0.0000,0.00000,0.00978
4.12,6.12,1.1596,0.0000,0.00000,0.01598
4.38,6.12,1.2794,0.0000,0.00000,0.01796
4.62,6.12,1.3517,0.0000,0.00000,0.01817
4.88,6.12,1.4691,0.0000,0.00000,0.01882
5.12,6.12,1.4576,0.0000,0.00000,0.01880
5.38,6.12,1.5528,0.0000,0.00000,0.01972
5.62,6.12,1.6497,0.0000,0.00000,0.02027
5.88,6.12,1.4951,0.0000,0.00000,0.01923
6.12,6.12,1.6232,0.0000,0.00000,0.02240
6.38,6.12,1.7693,0.0000,0.00000,0.02525
6.62,6.12,1.5068,0.0000,0.00000,0.02148
6.88,6.12,1.6428,0.0000,0.00000,0.02290
7.12,6.12,1.7495,0.0000,0.00000,0.02461
7.38,6.12,1.1937,0.0000,0.00000,0.01701
2.62,6.38,0.0001,0.0000,0.00000,0.00000
2.88,6.38,0.0012,0.0000,0.00000,0.00001
3.12,6.38,0.0132,0.0000,0.00000,0.00012
3.38,6.38,0.0807,0.0000,0.00000,0.00082
3.62,6.38,0.2946,0.0000,0.00000,0.00326
3.88,6.38,0.7158,0.0000,0.00000,0.00857
4.12,6.38,1.1417,0.0000,0.00000,0.01463
4.38,6.38,1.2878,0.0000,0.00000,0.01724
4.62,6.38,1.3665,0.0000,0.00000,0.01773
4.88,6.38,1.4905,0.0000,0.00000,0.01864
5.12,6.38,1.4791,0.0000,0.00000,0.01915
5.38,6.38,1.5752,0.0000,0.00000,0.02008
5.62,6.38,1.6809,0.0000,0.00000,0.01992
5.88,6.38,1.5075,0.0000,0.00000,0.01810
6.12,6.38,1.6369,0.0000,0.00000,0.02095
6.38,6.38,1.8088,0.0000,0.00000,0.02369
6.62,6.38,1.5130,0.0000,0.00000,0.01986
6.88,6.38,1.6408,0.0000,0.00000,0.02118
7.12,6.38,1.8051,0.0000,0.00000,0.02324
7.38,6.38,1.2596,0.0000,0.00000,0.01628
2.62,6.62,0.0001,0.0000,0.00000,0.00000
2.88,6.62,0.0010,0.0000,0.00000,0.00001
3.12,6.62,0.0115,0.0000,0.00000,0.00010
3.38,6.62,0.0712,0.0000,0.00000,0.00070
3.62,6.62,0.2672,0.0000,0.00000,0.00281
3.88,6.62,0.6797,0.0000,0.00000,0.00759
4.12,6.62,1.1295,0.0000,0.00000,0.01373
4.38,6.62,1.3043,0.0000,0.00000,0.01730
4.62,6.62,1.3903,0.0000,0.00000,0.01809
4.88,6.62,1.5137,0.0000,0.00000,0.01844
5.12,6.62,1.4937,0.0000,0.00000,0.01854
5.38,6.62,1.5924,0.0000,0.00000,0.01962
5.62,6.62,1.7194,0.0000,0.00000,0.01986
5.88,6.62,1.5312,0.0000,0.00000,0.01786
6.12,6.62,1.6552,0.0000,0.00000,0.02000
6.38,6.62,1.8479,0.0000,0.00000,0.02198
6.62,6.62,1.5173,0.0000,0.00000,0.01802
6.88,6.62,1.6363,0.0000,0.00000,0.01890
7.12,6.62,1.8565,0.0000,0.00000,0.02070
7.38,6.62,1.3216,0.0000,0.00000,0.01450
2.62,6.88,0.0000,0.0000,0.00000,0.00000
2.88,6.88,0.0009,0.0000,0.00000,0.00001
3.12,6.88,0.0102,0.0000,0.00000,0.00009
3.38,6.88,0.0636,0.0000,0.00000,0.00060
3.62,6.88,0.2441,0.0000,0.00000,0.00250
3.88,6.88,0.6470,0.0000,0.00000,0.00703
4.12,6.88,1.1154,0.0000,0.00000,0.01326
4.38,6.88,1.3144,0.0000,0.00000,0.01727
4.62,6.88,1.4075,0.0000,0.00000,0.01844
4.88,6.88,1.5330,0.0000,0.00000,0.01862
5.12,6.88,1.5059,0.0000,0.00000,0.01792
5.38,6.88,1.6080,0.0000,0.00000,0.01878
5.62,6.88,1.7532,0.0000,0.00000,0.01985
5.88,6.88,1.5475,0.0000,0.00000,0.01819
6.12,6.88,1.6622,0.0000,0.00000,0.02008
6.38,6.88,1.8765,0.0000,0.00000,0.02167
6.62,6.88,1.5200,0.0000,0.00000,0.01705
6.88,6.88,1.6353,0.0000,0.00000,0.01721
7.12,6.88,1.9094,0.0000,0.00000,0.01890
7.38,6.88,1.3832,0.0000,0.00000,0.01333
2.62,7.12,0.0000,0.0000,0.00000,0.00000
2.88,7.12,0.0007,0.0000,0.00000,0.00001
3.12,7.12,0.0091,0.0000,0.00000,0.00008
3.38,7.12,0.0574,0.0000,0.00000,0.00054
3.62,7.12,0.2245,0.0000,0.00000,0.00226
3.88,7.12,0.6147,0.0000,0.00000,0.00656
4.12,7.12,1.0926,0.0000,0.00000,0.01255
4.38,7.12,1.3129,0.0000,0.00000,0.01642
4.62,7.12,1.4136,0.0000,0.00000,0.01796
4.88,7.12,1.5469,0.0000,0.00000,0.01862
5.12,7.12,1.5252,0.0000,0.00000,0.01765
5.38,7.12,1.6290,0.0000,0.00000,0.01828
5.62,7.12,1.7829,0.0000,0.00000,0.02008
5.88,7.12,1.5641,0.0000,0.00000,0.01881
6.12,7.12,1.6758,0.0000,0.00000,0.02019
6.38,7.12,1.9100,0.0000,0.00000,0.02157
6.62,7.12,1.5236,0.0000,0.00000,0.01650
6.88,7.12,1.6323,0.0000,0.00000,0.01616
7.12,7.12,1.9586,0.0000,0.00000,0.01799
7.38,7.12,1.4418,0.0000,0.00000,0.01283
2.62,7.38,0.0000,0.0000,0.00000,0.00000
2.88,7.38,0.0006,0.0000,0.00000,0.00000
3.12,7.38,0.0081,0.0000,0.00000,0.00007
3.38,7.38,0.0520,0.0000,0.00000,0.00047
3.62,7.38,0.2076,0.0000,0.00000,0.00207
3.88,7.38,0.5856,0.0000,0.00000,0.00632
4.12,7.38,1.0706,0.0000,0.00000,0.01255
4.38,7.38,1.3141,0.0000,0.00000,0.01654
4.62,7.38,1.4258,0.0000,0.00000,0.01768
4.88,7.38,1.5686,0.0000,0.00000,0.01838
5.12,7.38,1.5560,0.0000,0.00000,0.01784
5.38,7.38,1.6525,0.0000,0.00000,0.01813
5.62,7.38,1.8077,0.0000,0.00000,0.02009
5.88,7.38,1.5816,0.0000,0.00000,0.01959
6.12,7.38,1.6905,0.0000,0.00000,0.02065
6.38,7.38,1.9380,0.0000,0.00000,0.02145
6.62,7.38,1.5231,0.0000,0.00000,0.01612
6.88,7.38,1.6288,0.0000,0.00000,0.01571
7.12,7.38,2.0100,0.0000,0.00000,0.01782
7.38,7.38,1.5030,0.0000,0.00000,0.01287
2.62,7.62,0.0000,0.0000,0.00000,0.00000
2.88,7.62,0.0006,0.0000,0.00000,0.00000
3.12,7.62,0.0075,0.0000,0.00000,0.00006
3.38,7.62,0.0486,0.0000,0.00000,0.00044
3.62,7.62,0.1961,0.0000,0.00000,0.00201
3.88,7.62,0.5644,0.0000,0.00000,0.00653
4.12,7.62,1.0548,0.0000,0.00000,0.01357
4.38,7.62,1.3176,0.0000,0.00000,0.01789
4.62,7.62,1.4414,0.0000,0.00000,0.01803
4.88,7.62,1.5966,0.0000,0.00000,0.01839
5.12,7.62,1.5884,0.0000,0.00000,0.01837
5.38,7.62,1.6763,0.0000,0.00000,0.01820
5.62,7.62,1.8364,0.0000,0.00000,0.01950
5.88,7.62,1.6025,0.0000,0.00000,0.01900
6.12,7.62,1.7080,0.0000,0.00000,0.01988
6.38,7.62,1.9702,0.0000,0.00000,0.02034
6.62,7.62,1.5287,0.0000,0.00000,0.01544
6.88,7.62,1.6292,0.0000,0.00000,0.01563
7.12,7.62,2.0599,0.0000,0.00000,0.01821
7.38,7.62,1.5612,0.0000,0.00000,0.01332
2.62,7.88,0.0000,0.0000,0.00000,0.00000
2.88,7.88,0.0006,0.0000,0.00000,0.00000
3.12,7.88,0.0072,0.0000,0.00000,0.00006
3.38,7.88,0.0462,0.0000,0.00000,0.00043
3.62,7.88,0.1877,0.0000,0.00000,0.00198
3.88,7.88,0.5492,0.0000,0.00000,0.00651
4.12,7.88,1.0424,0.0000,0.00000,0.01368
4.38,7.88,1.3149,0.0000,0.00000,0.01805
4.62,7.88,1.4433,0.0000,0.00000,0.01801
4.88,7.88,1.6108,0.0000,0.00000,0.01802
5.12,7.88,1.6107,0.0000,0.00000,0.01792
5.38,7.88,1.6971,0.0000,0.00000,0.01799
5.62,7.88,1.8657,0.0000,0.00000,0.01882
5.88,7.88,1.6240,0.0000,0.00000,0.01722
6.12,7.88,1.7301,0.0000,0.00000,0.01784
6.38,7.88,2.0110,0.0000,0.00000,0.01920
6.62,7.88,1.5425,0.0000,0.00000,0.01520
6.88,7.88,1.6325,0.0000,0.00000,0.01557
7.12,7.88,2.1010,0.0000,0.00000,0.01834
7.38,7.88,1.6081,0.0000,0.00000,0.01356
2.62,8.12,0.0000,0.0000,0.00000,0.00000
2.88,8.12,0.0006,0.0000,0.00000,0.00000
3.12,8.12,0.0070,0.0000,0.00000,0.00006
3.38,8.12,0.0452,0.0000,0.00000,0.00042
3.62,8.12,0.1834,0.0000,0.00000,0.00187
3.88,8.12,0.5390,0.0000,0.00000,0.00593
4.12,8.12,1.0347,0.0000,0.00000,0.01226
4.38,8.12,1.3165,0.0000,0.00000,0.01659
4.62,8.12,1.4458,0.0000,0.00000,0.01751
4.88,8.12,1.6221,0.0000,0.00000,0.01773
5.12,8.12,1.6293,0.0000,0.00000,0.01745
5.38,8.12,1.7114,0.0000,0.00000,0.01775
5.62,8.12,1.8867,0.0000,0.00000,0.01837
5.88,8.12,1.6401,0.0000,0.00000,0.01605
6.12,8.12,1.7476,0.0000,0.00000,0.01680
6.38,8.12,2.0449,0.0000,0.00000,0.01918
6.62,8.12,1.5538,0.0000,0.00000,0.01540
6.88,8.12,1.6365,0.0000,0.00000,0.01510
7.12,8.12,2.1389,0.0000,0.00000,0.01752
7.38,8.12,1.6505,0.0000,0.00000,0.01297
2.62,8.38,0.0000,0.0000,0.00000,0.00000
2.88,8.38,0.0005,0.0000,0.00000,0.00000
3.12,8.38,0.0071,0.0000,0.00000,0.00006
3.38,8.38,0.0452,0.0000,0.00000,0.00042
3.62,8.38,0.1799,0.0000,0.00000,0.00179
3.88,8.38,0.5263,0.0000,0.00000,0.00550
4.12,8.38,1.0223,0.0000,0.00000,0.01147
4.38,8.38,1.3156,0.0000,0.00000,0.01599
4.62,8.38,1.4464,0.0000,0.00000,0.01743
4.88,8.38,1.6317,0.0000,0.00000,0.01783
5.12,8.38,1.6442,0.0000,0.00000,0.01734
5.38,8.38,1.7191,0.0000,0.00000,0.01732
5.62,8.38,1.9065,0.0000,0.00000,0.01788
5.88,8.38,1.6623,0.0000,0.00000,0.01574
6.12,8.38,1.7662,0.0000,0.00000,0.01673
6.38,8.38,2.0720,0.0000,0.00000,0.01911
6.62,8.38,1.5603,0.0000,0.00000,0.01495
6.88,8.38,1.6380,0.0000,0.00000,0.01448
7.12,8.38,2.1722,0.0000,0.00000,0.01710
7.38,8.38,1.6885,0.0000,0.00000,0.01276
2.62,8.62,0.0000,0.0000,0.00000,0.00000
2.88,8.62,0.0005,0.0000,0.00000,0.00001
3.12,8.62,0.0070,0.0000,0.00000,0.00007
3.38,8.62,0.0449,0.0000,0.00000,0.00044
3.62,8.62,0.1767,0.0000,0.00000,0.00179
3.88,8.62,0.5159,0.0000,0.00000,0.00547
4.12,8.62,1.0146,0.0000,0.00000,0.01164
4.38,8.62,1.3210,0.0000,0.00000,0.01640
4.62,8.62,1.4502,0.0000,0.00000,0.01775
4.88,8.62,1.6436,0.0000,0.00000,0.01838
5.12,8.62,1.6672,0.0000,0.00000,0.01789
5.38,8.62,1.7325,0.0000,0.00000,0.01727
5.62,8.62,1.9280,0.0000,0.00000,0.01772
5.88,8.62,1.6905,0.0000,0.00000,0.01605
6.12,8.62,1.7904,0.0000,0.00000,0.01707
6.38,8.62,2.1007,0.0000,0.00000,0.01900
6.62,8.62,1.5711,0.0000,0.00000,0.01458
6.88,8.62,1.6478,0.0000,0.00000,0.01413
7.12,8.62,2.2127,0.0000,0.00000,0.01693
7.38,8.62,1.7304,0.0000,0.00000,0.01274
2.62,8.88,0.0000,0.0000,0.00000,0.00000
2.88,8.88,0.0005,0.0000,0.00000,0.00001
3.12,8.88,0.0071,0.0000,0.00000,0.00007
3.38,8.88,0.0448,0.0000,0.00000,0.00045
3.62,8.88,0.1753,0.0000,0.00000,0.00183
3.88,8.88,0.5122,0.0000,0.00000,0.00561
4.12,8.88,1.0188,0.0000,0.00000,0.01195
4.38,8.88,1.3372,0.0000,0.00000,0.01669
4.62,8.88,1.4619,0.0000,0.00000,0.01791
4.88,8.88,1.6652,0.0000,0.00000,0.01890
5.12,8.88,1.7027,0.0000,0.00000,0.01864
5.38,8.88,1.7542,0.0000,0.00000,0.01760
5.62,8.88,1.9539,0.0000,0.00000,0.01794
5.88,8.88,1.7277,0.0000,0.00000,0.01630
6.12,8.88,1.8249,0.0000,0.00000,0.01694
6.38,8.88,2.1371,0.0000,0.00000,0.01854
6.62,8.88,1.5883,0.0000,0.00000,0.01408
6.88,8.88,1.6626,0.0000,0.00000,0.01321
7.12,8.88,2.2535,0.0000,0.00000,0.01566
7.38,8.88,1.7703,0.0000,0.00000,0.01179
2.62,9.12,0.0000,0.0000,0.00000,0.00000
2.88,9.12,0.0005,0.0000,0.00000,0.00000
3.12,9.12,0.0071,0.0000,0.00000,0.00006
3.38,9.12,0.0447,0.0000,0.00000,0.00043
3.62,9.12,0.1735,0.0000,0.00000,0.00182
3.88,9.12,0.5064,0.0000,0.00000,0.00572
4.12,9.12,1.0198,0.0000,0.00000,0.01224
4.38,9.12,1.3518,0.0000,0.00000,0.01690
4.62,9.12,1.4710,0.0000,0.00000,0.01774
4.88,9.12,1.6846,0.0000,0.00000,0.01860
5.12,9.12,1.7378,0.0000,0.00000,0.01832
5.38,9.12,1.7750,0.0000,0.00000,0.01731
5.62,9.12,1.9796,0.0000,0.00000,0.01793
5.88,9.12,1.7669,0.0000,0.00000,0.01624
6.12,9.12,1.8599,0.0000,0.00000,0.01649
6.38,9.12,2.1726,0.0000,0.00000,0.01813
6.62,9.12,1.6048,0.0000,0.00000,0.01353
6.88,9.12,1.6725,0.0000,0.00000,0.01258
7.12,9.12,2.2837,0.0000,0.00000,0.01530
7.38,9.12,1.8009,0.0000,0.00000,0.01165
2.62,9.38,0.0000,0.0000,0.00000,0.00000
2.88,9.38,0.0005,0.0000,0.00000,0.00000
3.12,9.38,0.0071,0.0000,0.00000,0.00006
3.38,9.38,0.0447,0.0000,0.00000,0.00042
3.62,9.38,0.1718,0.0000,0.00000,0.00182
3.88,9.38,0.5004,0.0000,0.00000,0.00577
4.12,9.38,1.0219,0.0000,0.00000,0.01226
4.38,9.38,1.3685,0.0000,0.00000,0.01702
4.62,9.38,1.4778,0.0000,0.00000,0.01809
4.88,9.38,1.7023,0.0000,0.00000,0.01871
5.12,9.38,1.7786,0.0000,0.00000,0.01808
5.38,9.38,1.7994,0.0000,0.00000,0.01688
5.62,9.38,2.0046,0.0000,0.00000,0.01775
5.88,9.38,1.8068,0.0000,0.00000,0.01639
6.12,9.38,1.8924,0.0000,0.00000,0.01642
6.38,9.38,2.2028,0.0000,0.00000,0.01787
6.62,9.38,1.6200,0.0000,0.00000,0.01311
6.88,9.38,1.6816,0.0001,0.00000,0.01252
7.12,9.38,2.3086,0.0001,0.00000,0.01592
7.38,9.38,1.8259,0.0001,0.00000,0.01232
2.62,9.62,0.0000,0.0000,0.00000,0.00000
2.88,9.62,0.0005,0.0000,0.00000,0.00000
3.12,9.62,0.0071,0.0000,0.00000,0.00006
3.38,9.62,0.0447,0.0000,0.00000,0.00043
3.62,9.62,0.1700,0.0000,0.00000,0.00186
3.88,9.62,0.4942,0.0000,0.00000,0.00582
4.12,9.62,1.0247,0.0000,0.00000,0.01230
4.38,9.62,1.3876,0.0000,0.00000,0.01728
4.62,9.62,1.4860,0.0000,0.00000,0.01868
4.88,9.62,1.7192,0.0000,0.00000,0.01904
5.12,9.62,1.8172,0.0000,0.00000,0.01809
5.38,9.62,1.8155,0.0000,0.00000,0.01684
5.62,9.62,2.0201,0.0000,0.00000,0.01813
5.88,9.62,1.8479,0.0000,0.00000,0.01710
6.12,9.62,1.9287,0.0000,0.00000,0.01626
6.38,9.62,2.2298,0.0000,0.00000,0.01678
6.62,9.62,1.6314,0.0001,0.00000,0.01215
6.88,9.62,1.6908,0.0003,0.00000,0.01190
7.12,9.62,2.3333,0.0005,0.00000,0.01549
7.38,9.62,1.8498,0.0004,0.00000,0.01207
2.62,9.88,0.0000,0.0000,0.00000,0.00000
2.88,9.88,0.0005,0.0000,0.00000,0.00000
3.12,9.88,0.0072,0.0000,0.00000,0.00007
3.38,9.88,0.0448,0.0000,0.00000,0.00044
3.62,9.88,0.1684,0.0000,0.00000,0.00187
3.88,9.88,0.4879,0.0000,0.00000,0.00580
4.12,9.88,1.0278,0.0000,0.00000,0.01234
4.38,9.88,1.4092,0.0000,0.00000,0.01714
4.62,9.88,1.4966,0.0000,0.00000,0.01805
4.88,9.88,1.7325,0.0000,0.00000,0.01865
5.12,9.88,1.8464,0.0000,0.00000,0.01813
5.38,9.88,1.8173,0.0000,0.00000,0.01708
5.62,9.88,2.0221,0.0000,0.00000,0.01861
5.88,9.88,1.8879,0.0000,0.00000,0.01736
6.12,9.88,1.9711,0.0000,0.00000,0.01590
6.38,9.88,2.2623,0.0000,0.00000,0.01623
6.62,9.88,1.6470,0.0001,0.00000,0.01189
6.88,9.88,1.7033,0.0005,0.00000,0.01166
7.12,9.88,2.3598,0.0009,0.00000,0.01514
7.38,9.88,1.8742,0.0007,0.00000,0.01182
2.62,10.12,0.0000,0.0000,0.00000,0.00000
2.88,10.12,0.0006,0.0000,0.00000,0.00001
3.12,10.12,0.0073,0.0000,0.00000,0.00007
3.38,10.12,0.0453,0.0000,0.00000,0.00047
3.62,10.12,0.1685,0.0000,0.00000,0.00193
3.88,10.12,0.4846,0.0000,0.00000,0.00599
4.12,10.12,1.0352,0.0000,0.00000,0.01300
4.38,10.12,1.4365,0.0000,0.00000,0.01790
4.62,10.12,1.5082,0.0000,0.00000,0.01790
4.88,10.12,1.7426,0.0000,0.00000,0.01856
5.12,10.12,1.8776,0.0000,0.00000,0.01855
5.38,10.12,1.8220,0.0000,0.00000,0.01723
5.62,10.12,2.0234,0.0000,0.00000,0.01843
5.88,10.12,1.9325,0.0000,0.00000,0.01695
6.12,10.12,2.0187,0.0000,0.00000,0.01563
6.38,10.12,2.2965,0.0000,0.00000,0.01651
6.62,10.12,1.6665,0.0001,0.00000,0.01250
6.88,10.12,1.7215,0.0003,0.00000,0.01230
7.12,10.12,2.3917,0.0005,0.00000,0.01579
7.38,10.12,1.9024,0.0004,0.00000,0.01230
2.62,10.38,0.0000,0.0000,0.00000,0.00000
2.88,10.38,0.0006,0.0000,0.00000,0.00001
3.12,10.38,0.0073,0.0000,0.00000,0.00007
3.38,10.38,0.0457,0.0000,0.00000,0.00050
3.62,10.38,0.1700,0.0000,0.00000,0.00207
3.88,10.38,0.4859,0.0000,0.00000,0.00635
4.12,10.38,1.0480,0.0000,0.00000,0.01403
4.38,10.38,1.4667,0.0000,0.00000,0.01938
4.62,10.38,1.5200,0.0000,0.00000,0.01842
4.88,10.38,1.7535,0.0000,0.00000,0.01844
5.12,10.38,1.9156,0.0000,0.00000,0.01870
5.38,10.38,1.8337,0.0000,0.00000,0.01697
5.62,10.38,2.0266,0.0000,0.00000,0.01764
5.88,10.38,1.9776,0.0000,0.00000,0.01629
6.12,10.38,2.0608,0.0000,0.00000,0.01512
6.38,10.38,2.3212,0.0000,0.00000,0.01608
6.62,10.38,1.6835,0.0000,0.00000,0.01234
6.88,10.38,1.7384,0.0001,0.00000,0.01224
7.12,10.38,2.4182,0.0001,0.00000,0.01568
7.38,10.38,1.9255,0.0001,0.00000,0.01219
2.62,10.62,0.0000,0.0000,0.00000,0.00000
2.88,10.62,0.0005,0.0000,0.00000,0.00001
3.12,10.62,0.0071,0.0000,0.00000,0.00008
3.38,10.62,0.0456,0.0000,0.00000,0.00053
3.62,10.62,0.1715,0.0000,0.00000,0.00218
3.88,10.62,0.4889,0.0000,0.00000,0.00655
4.12,10.62,1.0625,0.0000,0.00000,0.01448
4.38,10.62,1.4985,0.0000,0.00000,0.02013
4.62,10.62,1.5333,0.0000,0.00000,0.01864
4.88,10.62,1.7639,0.0000,0.00000,0.01799
5.12,10.62,1.9519,0.0000,0.00000,0.01833
5.38,10.62,1.8387,0.0000,0.00000,0.01651
5.62,10.62,2.0222,0.0000,0.00000,0.01710
5.88,10.62,2.0262,0.0000,0.00000,0.01620
6.12,10.62,2.1068,0.0000,0.00000,0.01487
6.38,10.62,2.3454,0.0000,0.00000,0.01531
6.62,10.62,1.7019,0.0000,0.00000,0.01151
6.88,10.62,1.7547,0.0000,0.00000,0.01132
7.12,10.62,2.4397,0.0000,0.00000,0.01455
7.38,10.62,1.9440,0.0000,0.00000,0.01133
2.62,10.88,0.0000,0.0000,0.00000,0.00000
2.88,10.88,0.0005,0.0000,0.00000,0.00001
3.12,10.88,0.0067,0.0000,0.00000,0.00008
3.38,10.88,0.0445,0.0000,0.00000,0.00056
3.62,10.88,0.1724,0.0000,0.00000,0.00227
3.88,10.88,0.4936,0.0000,0.00000,0.00667
4.12,10.88,1.0793,0.0000,0.00000,0.01472
4.38,10.88,1.5320,0.0000,0.00000,0.02061
4.62,10.88,1.5452,0.0000,0.00000,0.01890
4.88,10.88,1.7689,0.0000,0.00000,0.01798
5.12,10.88,1.9824,0.0000,0.00000,0.01832
5.38,10.88,1.8321,0.0000,0.00000,0.01602
5.62,10.88,2.0058,0.0000,0.00000,0.01630
5.88,10.88,2.0801,0.0000,0.00000,0.01613
6.12,10.88,2.1604,0.0000,0.00000,0.01492
6.38,10.88,2.3706,0.0000,0.00000,0.01498
6.62,10.88,1.7243,0.0000,0.00000,0.01122
6.88,10.88,1.7753,0.0000,0.00000,0.01095
7.12,10.88,2.4633,0.0000,0.00000,0.01398
7.38,10.88,1.9635,0.0000,0.00000,0.01088
2.62,11.12,0.0000,0.0000,0.00000,0.00000
2.88,11.12,0.0004,0.0000,0.00000,0.00001
3.12,11.12,0.0061,0.0000,0.00000,0.00008
3.38,11.12,0.0429,0.0000,0.00000,0.00055
3.62,11.12,0.1730,0.0000,0.00000,0.00230
3.88,11.12,0.4974,0.0000,0.00000,0.00673
4.12,11.12,1.0936,0.0000,0.00000,0.01479
4.38,11.12,1.5649,0.0000,0.00000,0.02089
4.62,11.12,1.5602,0.0000,0.00000,0.01927
4.88,11.12,1.7760,0.0000,0.00000,0.01836
5.12,11.12,2.0141,0.0000,0.00000,0.01878
5.38,11.12,1.8254,0.0000,0.00000,0.01581
5.62,11.12,1.9875,0.0000,0.00000,0.01535
5.88,11.12,2.1356,0.0000,0.00000,0.01552
6.12,11.12,2.2126,0.0000,0.00000,0.01472
6.38,11.12,2.3919,0.0000,0.00000,0.01494
6.62,11.12,1.7490,0.0000,0.00000,0.01150
6.88,11.12,1.7970,0.0000,0.00000,0.01126
7.12,11.12,2.4827,0.0000,0.00000,0.01412
7.38,11.12,1.9787,0.0000,0.00000,0.01093
2.62,11.38,0.0000,0.0000,0.00000,0.00000
2.88,11.38,0.0004,0.0000,0.00000,0.00000
3.12,11.38,0.0057,0.0000,0.00000,0.00007
3.38,11.38,0.0421,0.0000,0.00000,0.00055
3.62,11.38,0.1755,0.0000,0.00000,0.00239
3.88,11.38,0.5028,0.0000,0.00000,0.00699
4.12,11.38,1.1067,0.0000,0.00000,0.01530
4.38,11.38,1.5983,0.0000,0.00000,0.02180
4.62,11.38,1.5774,0.0000,0.00000,0.02014
4.88,11.38,1.7782,0.0000,0.00000,0.01890
5.12,11.38,2.0422,0.0000,0.00000,0.01931
5.38,11.38,1.8251,0.0000,0.00000,0.01592
5.62,11.38,1.9787,0.0000,0.00000,0.01501
5.88,11.38,2.1962,0.0000,0.00000,0.01541
6.12,11.38,2.2610,0.0000,0.00000,0.01478
6.38,11.38,2.4083,0.0000,0.00000,0.01510
6.62,11.38,1.7784,0.0000,0.00000,0.01183
6.88,11.38,1.8238,0.0000,0.00000,0.01170
7.12,11.38,2.5016,0.0000,0.00000,0.01459
7.38,11.38,1.9920,0.0000,0.00000,0.01125
2.62,11.62,0.0000,0.0000,0.00000,0.00000
2.88,11.62,0.0004,0.0000,0.00000,0.00000
3.12,11.62,0.0054,0.0000,0.00000,0.00007
3.38,11.62,0.0416,0.0000,0.00000,0.00058
3.62,11.62,0.1783,0.0000,0.00000,0.00256
3.88,11.62,0.5081,0.0000,0.00000,0.00741
4.12,11.62,1.1202,0.0000,0.00000,0.01617
4.38,11.62,1.6339,0.0000,0.00000,0.02319
4.62,11.62,1.5973,0.0000,0.00000,0.02128
4.88,11.62,1.7795,0.0000,0.00000,0.01951
5.12,11.62,2.0691,0.0000,0.00000,0.01986
5.38,11.62,1.8275,0.0000,0.00000,0.01622
5.62,11.62,1.9744,0.0000,0.00000,0.01517
5.88,11.62,2.2607,0.0000,0.00000,0.01600
6.12,11.62,2.3067,0.0000,0.00000,0.01569
6.38,11.62,2.4193,0.0000,0.00000,0.01646
6.62,11.62,1.8131,0.0000,0.00000,0.01323
6.88,11.62,1.8582,0.0001,0.00000,0.01244
7.12,11.62,2.5224,0.0001,0.00000,0.01498
7.38,11.62,2.0049,0.0001,0.00000,0.01154
2.62,11.88,0.0000,0.0000,0.00000,0.00000
2.88,11.88,0.0003,0.0000,0.00000,0.00000
3.12,11.88,0.0050,0.0000,0.00000,0.00007
3.38,11.88,0.0411,0.0000,0.00000,0.00059
3.62,11.88,0.1809,0.0000,0.00000,0.00270
3.88,11.88,0.5133,0.0000,0.00000,0.00771
4.12,11.88,1.1311,0.0000,0.00000,0.01654
4.38,11.88,1.6650,0.0000,0.00000,0.02387
4.62,11.88,1.6207,0.0000,0.00000,0.02211
4.88,11.88,1.7856,0.0000,0.00000,0.02004
5.12,11.88,2.0958,0.0000,0.00000,0.02033
5.38,11.88,1.8328,0.0000,0.00000,0.01664
5.62,11.88,1.9714,0.0000,0.00000,0.01554
5.88,11.88,2.3213,0.0000,0.00000,0.01667
6.12,11.88,2.3415,0.0000,0.00000,0.01666
6.38,11.88,2.4222,0.0000,0.00000,0.01804
6.62,11.88,1.8572,0.0000,0.00000,0.01499
6.88,11.88,1.9033,0.0001,0.00000,0.01354
7.12,11.88,2.5458,0.0002,0.00000,0.01572
7.38,11.88,2.0177,0.0002,0.00000,0.01208
2.62,12.12,0.0000,0.0000,0.00000,0.00000
2.88,12.12,0.0003,0.0000,0.00000,0.00000
3.12,12.12,0.0046,0.0000,0.00000,0.00007
3.38,12.12,0.0401,0.0000,0.00000,0.00062
3.62,12.12,0.1823,0.0000,0.00000,0.00288
3.88,12.12,0.5157,0.0000,0.00000,0.00806
4.12,12.12,1.1361,0.0000,0.00000,0.01690
4.38,12.12,1.6911,0.0000,0.00000,0.02446
4.62,12.12,1.6440,0.0000,0.00000,0.02286
4.88,12.12,1.7837,0.0000,0.00000,0.02070
5.12,12.12,2.1086,0.0000,0.00000,0.02123
5.38,12.12,1.8398,0.0000,0.00000,0.01760
5.62,12.12,1.9730,0.0000,0.00000,0.01642
5.88,12.12,2.3734,0.0000,0.00000,0.01763
6.12,12.12,2.3593,0.0000,0.00000,0.01696
6.38,12.12,2.4164,0.0000,0.00000,0.01767
6.62,12.12,1.9144,0.0000,0.00000,0.01477
6.88,12.12,1.9610,0.0001,0.00000,0.01402
7.12,12.12,2.5719,0.0001,0.00000,0.01683
7.38,12.12,2.0306,0.0001,0.00000,0.01303
2.62,12.38,0.0000,0.0000,0.00000,0.00000
2.88,12.38,0.0002,0.0000,0.00000,0.00000
3.12,12.38,0.0041,0.0000,0.00000,0.00007
3.38,12.38,0.0389,0.0000,0.00000,0.00064
3.62,12.38,0.1833,0.0000,0.00000,0.00305
3.88,12.38,0.5166,0.0000,0.00000,0.00845
4.12,12.38,1.1368,0.0000,0.00000,0.01763
4.38,12.38,1.7166,0.0000,0.00000,0.02571
4.62,12.38,1.6752,0.0000,0.00000,0.02406
4.88,12.38,1.7811,0.0000,0.00000,0.02164
5.12,12.38,2.1147,0.0000,0.00000,0.02249
5.38,12.38,1.8543,0.0000,0.00000,0.01893
5.62,12.38,1.9836,0.0000,0.00000,0.01799
5.88,12.38,2.4200,0.0000,0.00000,0.01967
6.12,12.38,2.3547,0.0000,0.00000,0.01780
6.38,12.38,2.3892,0.0000,0.00000,0.01721
6.62,12.38,1.9804,0.0000,0.00000,0.01442
6.88,12.38,2.0361,0.0000,0.00000,0.01458
7.12,12.38,2.6075,0.0000,0.00000,0.01815
7.38,12.38,2.0485,0.0000,0.00000,0.01416
2.62,12.62,0.0000,0.0000,0.00000,0.00000
2.88,12.62,0.0002,0.0000,0.00000,0.00000
3.12,12.62,0.0039,0.0000,0.00000,0.00006
3.38,12.62,0.0392,0.0000,0.00000,0.00065
3.62,12.62,0.1885,0.0000,0.00000,0.00318
3.88,12.62,0.5217,0.0000,0.00000,0.00883
4.12,12.62,1.1309,0.0000,0.00000,0.01855
4.38,12.62,1.7320,0.0000,0.00000,0.02744
4.62,12.62,1.7156,0.0000,0.00000,0.02581
4.88,12.62,1.7876,0.0000,0.00000,0.02295
5.12,12.62,2.1223,0.0000,0.00000,0.02398
5.38,12.62,1.8830,0.0000,0.00000,0.02043
5.62,12.62,2.0050,0.0000,0.00000,0.01983
5.88,12.62,2.4538,0.0000,0.00000,0.02212
6.12,12.62,2.3186,0.0000,0.00000,0.01911
6.38,12.62,2.3371,0.0000,0.00000,0.01753
6.62,12.62,2.0602,0.0000,0.00000,0.01508
6.88,12.62,2.1271,0.0000,0.00000,0.01570
7.12,12.62,2.6385,0.0000,0.00000,0.01955
7.38,12.62,2.0579,0.0000,0.00000,0.01525
2.62,12.88,0.0000,0.0000,0.00000,0.00000
2.88,12.88,0.0002,0.0000,0.00000,0.00000
3.12,12.88,0.0039,0.0000,0.00000,0.00006
3.38,12.88,0.0399,0.0000,0.00000,0.00067
3.62,12.88,0.1927,0.0000,0.00000,0.00334
3.88,12.88,0.5238,0.0000,0.00000,0.00934
4.12,12.88,1.1147,0.0000,0.00000,0.01988
4.38,12.88,1.7326,0.0000,0.00000,0.03005
4.62,12.88,1.7580,0.0000,0.00000,0.02876
4.88,12.88,1.7920,0.0000,0.00000,0.02519
5.12,12.88,2.1182,0.0000,0.00000,0.02631
5.38,12.88,1.9227,0.0000,0.00000,0.02280
5.62,12.88,2.0352,0.0000,0.00000,0.02172
5.88,12.88,2.4681,0.0000,0.00000,0.02383
6.12,12.88,2.2514,0.0000,0.00000,0.01991
6.38,12.88,2.2664,0.0000,0.00000,0.01801
6.62,12.88,2.1549,0.0000,0.00000,0.01633
6.88,12.88,2.2347,0.0000,0.00000,0.01684
7.12,12.88,2.6696,0.0000,0.00000,0.02025
7.38,12.88,2.0631,0.0000,0.00000,0.01567
2.62,13.12,0.0000,0.0000,0.00000,0.00000
2.88,13.12,0.0002,0.0000,0.00000,0.00000
3.12,13.12,0.0038,0.0000,0.00000,0.00007
3.38,13.12,0.0393,0.0000,0.00000,0.00070
3.62,13.12,0.1912,0.0000,0.00000,0.00348
3.88,13.12,0.5189,0.0000,0.00000,0.00988
4.12,13.12,1.0932,0.0000,0.00000,0.02154
4.38,13.12,1.7284,0.0000,0.00000,0.03348
4.62,13.12,1.8085,0.0000,0.00000,0.03282
4.88,13.12,1.7958,0.0000,0.00000,0.02809
5.12,13.12,2.1017,0.0000,0.00000,0.02914
5.38,13.12,1.9726,0.0000,0.00000,0.02604
5.62,13.12,2.0743,0.0000,0.00000,0.02414
5.88,13.12,2.4697,0.0000,0.00000,0.02563
6.12,13.12,2.1695,0.0000,0.00000,0.02096
6.38,13.12,2.1907,0.0000,0.00000,0.01911
6.62,13.12,2.2644,0.0000,0.00000,0.01843
6.88,13.12,2.3579,0.0001,0.00000,0.01862
7.12,13.12,2.7066,0.0001,0.00000,0.02131
7.38,13.12,2.0702,0.0001,0.00000,0.01630
2.62,13.38,0.0000,0.0000,0.00000,0.00000
2.88,13.38,0.0002,0.0000,0.00000,0.00000
3.12,13.38,0.0036,0.0000,0.00000,0.00007
3.38,13.38,0.0373,0.0000,0.00000,0.00071
3.62,13.38,0.1832,0.0000,0.00000,0.00352
3.88,13.38,0.5038,0.0000,0.00000,0.01016
4.12,13.38,1.0587,0.0000,0.00000,0.02238
4.38,13.38,1.7071,0.0000,0.00000,0.03557
4.62,13.38,1.8550,0.0000,0.00000,0.03625
4.88,13.38,1.7974,0.0000,0.00000,0.03114
5.12,13.38,2.0784,0.0000,0.00000,0.03235
5.38,13.38,2.0395,0.0000,0.00000,0.02998
5.62,13.38,2.1275,0.0000,0.00000,0.02733
5.88,13.38,2.4679,0.0000,0.00000,0.02814
6.12,13.38,2.0917,0.0000,0.00000,0.02269
6.38,13.38,2.1216,0.0000,0.00000,0.02094
6.62,13.38,2.3771,0.0001,0.00000,0.02143
6.88,13.38,2.4845,0.0003,0.00000,0.02153
7.12,13.38,2.7469,0.0006,0.00000,0.02373
7.38,13.38,2.0797,0.0005,0.00000,0.01798
2.62,13.62,0.0000,0.0000,0.00000,0.00000
2.88,13.62,0.0002,0.0000,0.00000,0.00000
3.12,13.62,0.0032,0.0000,0.00000,0.00006
3.38,13.62,0.0336,0.0000,0.00000,0.00067
3.62,13.62,0.1701,0.0000,0.00000,0.00349
3.88,13.62,0.4831,0.0000,0.00000,0.01035
4.12,13.62,1.0192,0.0000,0.00000,0.02248
4.38,13.62,1.6711,0.0000,0.00000,0.03611
4.62,13.62,1.8858,0.0000,0.00000,0.03889
4.88,13.62,1.7885,0.0000,0.00000,0.03434
5.12,13.62,2.0469,0.0000,0.00000,0.03592
5.38,13.62,2.1173,0.0000,0.00000,0.03477
5.62,13.62,2.1842,0.0000,0.00000,0.03154
5.88,13.62,2.4549,0.0000,0.00000,0.03151
6.12,13.62,2.0250,0.0000,0.00000,0.02503
6.38,13.62,2.0656,0.0000,0.00000,0.02321
6.62,13.62,2.4787,0.0001,0.00000,0.02508
6.88,13.62,2.5977,0.0006,0.00000,0.02545
7.12,13.62,2.7822,0.0010,0.00000,0.02742
7.38,13.62,2.0873,0.0008,0.00000,0.02063
2.62,13.88,0.0000,0.0000,0.00000,0.00000
2.88,13.88,0.0001,0.0000,0.00000,0.00000
3.12,13.88,0.0027,0.0000,0.00000,0.00005
3.38,13.88,0.0291,0.0000,0.00000,0.00061
3.62,13.88,0.1559,0.0000,0.00000,0.00341
3.88,13.88,0.4662,0.0000,0.00000,0.01060
4.12,13.88,0.9864,0.0000,0.00000,0.02264
4.38,13.88,1.6289,0.0000,0.00000,0.03633
4.62,13.88,1.9066,0.0000,0.00000,0.04128
4.88,13.88,1.7813,0.0000,0.00000,0.03749
5.12,13.88,2.0180,0.0000,0.00000,0.03966
5.38,13.88,2.1993,0.0000,0.00000,0.04034
5.62,13.88,2.2253,0.0000,0.00000,0.03638
5.88,13.88,2.4212,0.0000,0.00000,0.03557
6.12,13.88,1.9888,0.0000,0.00000,0.02826
6.38,13.88,2.0413,0.0000,0.00000,0.02615
6.62,13.88,2.5644,0.0001,0.00000,0.02958
6.88,13.88,2.6881,0.0003,0.00000,0.03018
7.12,13.88,2.8080,0.0006,0.00000,0.03173
7.38,13.88,2.0911,0.0005,0.00000,0.02369
2.62,14.12,0.0000,0.0000,0.00000,0.00000
2.88,14.12,0.0001,0.0000,0.00000,0.00000
3.12,14.12,0.0021,0.0000,0.00000,0.00004
3.38,14.12,0.0241,0.0000,0.00000,0.00053
3.62,14.12,0.1386,0.0000,0.00000,0.00320
3.88,14.12,0.4441,0.0000,0.00000,0.01063
4.12,14.12,0.9481,0.0000,0.00000,0.02271
4.38,14.12,1.5729,0.0000,0.00000,0.03625
4.62,14.12,1.9161,0.0000,0.00000,0.04299
4.88,14.12,1.7890,0.0000,0.00000,0.04069
5.12,14.12,2.0046,0.0000,0.00000,0.04456
5.38,14.12,2.2778,0.0000,0.00000,0.04765
5.62,14.12,2.2425,0.0000,0.00000,0.04222
5.88,14.12,2.3721,0.0000,0.00000,0.04048
6.12,14.12,1.9987,0.0000,0.00000,0.03311
6.38,14.12,2.0602,0.0000,0.00000,0.03087
6.62,14.12,2.6321,0.0000,0.00000,0.03580
6.88,14.12,2.7525,0.0001,0.00000,0.03600
7.12,14.12,2.8259,0.0001,0.00000,0.03649
7.38,14.12,2.0934,0.0001,0.00000,0.02697
2.62,14.38,0.0000,0.0000,0.00000,0.00000
2.88,14.38,0.0001,0.0000,0.00000,0.00000
3.12,14.38,0.0017,0.0000,0.00000,0.00004
3.38,14.38,0.0195,0.0000,0.00000,0.00047
3.62,14.38,0.1208,0.0000,0.00000,0.00300
3.88,14.38,0.4195,0.0000,0.00000,0.01060
4.12,14.38,0.9103,0.0000,0.00000,0.02287
4.38,14.38,1.5129,0.0000,0.00000,0.03636
4.62,14.38,1.9127,0.0000,0.00000,0.04478
4.88,14.38,1.8032,0.0000,0.00000,0.04429
5.12,14.38,1.9899,0.0000,0.00000,0.05012
5.38,14.38,2.3214,0.0000,0.00000,0.05593
5.62,14.38,2.2169,0.0000,0.00000,0.04905
5.88,14.38,2.3000,0.0000,0.00000,0.04678
6.12,14.38,2.0559,0.0000,0.00000,0.04073
6.38,14.38,2.1292,0.0000,0.00000,0.03827
6.62,14.38,2.6885,0.0000,0.00000,0.04402
6.88,14.38,2.7930,0.0000,0.00000,0.04388
7.12,14.38,2.8344,0.0000,0.00000,0.04372
7.38,14.38,2.0925,0.0000,0.00000,0.03214
2.62,14.62,0.0000,0.0000,0.00000,0.00000
2.88,14.62,0.0001,0.0000,0.00000,0.00000
3.12,14.62,0.0014,0.0000,0.00000,0.00003
3.38,14.62,0.0155,0.0000,0.00000,0.00040
3.62,14.62,0.1041,0.0000,0.00000,0.00274
3.88,14.62,0.3938,0.0000,0.00000,0.01042
4.12,14.62,0.8722,0.0000,0.00000,0.02304
4.38,14.62,1.4512,0.0000,0.00000,0.03690
4.62,14.62,1.8978,0.0000,0.00000,0.04725
4.88,14.62,1.8156,0.0000,0.00000,0.04816
5.12,14.62,1.9514,0.0000,0.00000,0.05495
5.38,14.62,2.3033,0.0000,0.00000,0.06393
5.62,14.62,2.1404,0.0000,0.00000,0.05687
5.88,14.62,2.2033,0.0000,0.00000,0.05540
6.12,14.62,2.1613,0.0000,0.00000,0.05319
6.38,14.62,2.2424,0.0000,0.00000,0.05061
6.62,14.62,2.7204,0.0000,0.00000,0.05618
6.88,14.62,2.7991,0.0000,0.00000,0.05547
7.12,14.62,2.8244,0.0000,0.00000,0.05478
7.38,14.62,2.0814,0.0000,0.00000,0.04016
2.62,14.88,0.0000,0.0000,0.00000,0.00000
2.88,14.88,0.0001,0.0000,0.00000,0.00000
3.12,14.88,0.0011,0.0000,0.00000,0.00003
3.38,14.88,0.0119,0.0000,0.00000,0.00032
3.62,14.88,0.0878,0.0000,0.00000,0.00241
3.88,14.88,0.3593,0.0000,0.00000,0.00999
4.12,14.88,0.8151,0.0000,0.00000,0.02280
4.38,14.88,1.3687,0.0000,0.00000,0.03728
4.62,14.88,1.8598,0.0000,0.00000,0.05020
4.88,14.88,1.8297,0.0000,0.00000,0.05313
5.12,14.88,1.9004,0.0000,0.00000,0.06064
5.38,14.88,2.2407,0.0000,0.00000,0.07329
5.62,14.88,2.0589,0.0000,0.00000,0.06754
5.88,14.88,2.1165,0.0000,0.00000,0.06826
6.12,14.88,2.2878,0.0000,0.00000,0.07289
6.38,14.88,2.3731,0.0000,0.00000,0.07207
6.62,14.88,2.7354,0.0000,0.00000,0.07796
6.88,14.88,2.7782,0.0000,0.00000,0.07557
7.12,14.88,2.7876,0.0000,0.00000,0.07322
7.38,14.88,2.0496,0.0000,0.00000,0.05342
2.62,15.12,0.0000,0.0000,0.00000,0.00000
2.88,15.12,0.0000,0.0000,0.00000,0.00000
3.12,15.12,0.0007,0.0000,0.00000,0.00002
3.38,15.12,0.0088,0.0000,0.00000,0.00024
3.62,15.12,0.0723,0.0000,0.00000,0.00212
3.88,15.12,0.3148,0.0000,0.00000,0.00946
4.12,15.12,0.7365,0.0000,0.00000,0.02234
4.38,15.12,1.2644,0.0000,0.00000,0.03781
4.62,15.12,1.7962,0.0000,0.00000,0.05379
4.88,15.12,1.8509,0.0000,0.00000,0.05949
5.12,15.12,1.8518,0.0000,0.00000,0.06709
5.38,15.12,2.1546,0.0000,0.00000,0.08308
5.62,15.12,2.0206,0.0000,0.00000,0.08190
5.88,15.12,2.0569,0.0000,0.00000,0.08661
6.12,15.12,2.3447,0.0000,0.00000,0.09915
6.38,15.12,2.4161,0.0000,0.00000,0.10084
6.62,15.12,2.6670,0.0000,0.00000,0.10785
6.88,15.12,2.7031,0.0000,0.00000,0.10732
7.12,15.12,2.7091,0.0000,0.00000,0.10599
7.38,15.12,1.9874,0.0000,0.00000,0.07903
2.62,15.38,0.0000,0.0000,0.00000,0.00000
2.88,15.38,0.0000,0.0000,0.00000,0.00000
3.12,15.38,0.0004,0.0000,0.00000,0.00001
3.38,15.38,0.0059,0.0000,0.00000,0.00017
3.62,15.38,0.0542,0.0000,0.00000,0.00172
3.88,15.38,0.2533,0.0000,0.00000,0.00825
4.12,15.38,0.6354,0.0000,0.00000,0.02111
4.38,15.38,1.1470,0.0000,0.00000,0.03849
4.62,15.38,1.7059,0.0000,0.00000,0.05782
4.88,15.38,1.8646,0.0000,0.00000,0.06704
5.12,15.38,1.8083,0.0000,0.00000,0.07381
5.38,15.38,2.0566,0.0000,0.00000,0.09186
5.62,15.38,2.0381,0.0000,0.00000,0.09980
5.88,15.38,2.0321,0.0000,0.00000,0.11029
6.12,15.38,2.2933,0.0000,0.00000,0.12916
6.38,15.38,2.3006,0.0000,0.00000,0.13309
6.62,15.38,2.4269,0.0000,0.00000,0.14139
6.88,15.38,2.4969,0.0000,0.00000,0.14733
7.12,15.38,2.5171,0.0000,0.00000,0.14941
7.38,15.38,1.8934,0.0000,0.00000,0.11894
2.62,15.62,0.0000,0.0000,0.00000,0.00000
2.88,15.62,0.0000,0.0000,0.00000,0.00000
3.12,15.62,0.0002,0.0000,0.00000,0.00000
3.38,15.62,0.0034,0.0000,0.00000,0.00011
3.62,15.62,0.0350,0.0000,0.00000,0.00118
3.88,15.62,0.1815,0.0000,0.00000,0.00643
4.12,15.62,0.5174,0.0000,0.00000,0.01919
4.38,15.62,1.0135,0.0000,0.00000,0.03881
4.62,15.62,1.5778,0.0000,0.00000,0.06093
4.88,15.62,1.8419,0.0000,0.00000,0.07458
5.12,15.62,1.7643,0.0000,0.00000,0.08163
5.38,15.62,1.9508,0.0000,0.00000,0.10114
5.62,15.62,2.0699,0.0000,0.00000,0.12007
5.88,15.62,2.0218,0.0000,0.00000,0.13536
6.12,15.62,2.1857,0.0000,0.00000,0.15983
6.38,15.62,2.1557,0.0000,0.00000,0.17443
6.62,15.62,2.1622,0.0000,0.00000,0.18897
6.88,15.62,2.2253,0.0000,0.00000,0.19786
7.12,15.62,2.2425,0.0000,0.00000,0.19534
7.38,15.62,1.8952,0.0000,0.00000,0.16914
7.62,15.62,1.2348,0.0000,0.00000,0.11403
7.88,15.62,0.6795,0.0000,0.00000,0.05620
8.12,15.62,0.4303,0.0000,0.00000,0.02547
8.38,15.62,0.3581,0.0000,0.00000,0.01520
8.62,15.62,0.3396,0.0000,0.00000,0.01182
8.88,15.62,0.3328,0.0000,0.00000,0.00980
9.12,15.62,0.3312,0.0000,0.00000,0.00811
9.38,15.62,0.3286,0.0000,0.00000,0.00670
9.62,15.62,0.3210,0.0000,0.00000,0.00553
9.88,15.62,0.3158,0.0000,0.00000,0.00466
10.12,15.62,0.3133,0.0000,0.00000,0.00408
10.38,15.62,0.3114,0.0000,0.00000,0.00364
10.62,15.62,0.3084,0.0000,0.00000,0.00329
10.88,15.62,0.3069,0.0000,0.00000,0.00313
11.12,15.62,0.3069,0.0000,0.00000,0.00315
11.38,15.62,0.3071,0.0000,0.00000,0.00342
11.62,15.62,0.3086,0.0000,0.00000,0.00393
11.88,15.62,0.3116,0.0000,0.00000,0.00459
12.12,15.62,0.3185,0.0000,0.00000,0.00557
12.38,15.62,0.3255,0.0000,0.00000,0.00711
12.62,15.62,0.3342,0.0000,0.00000,0.00913
12.88,15.62,0.3503,0.0000,0.00000,0.01193
13.12,15.62,0.3733,0.0000,0.00000,0.01597
13.38,15.62,0.4062,0.0000,0.00000,0.02159
13.62,15.62,0.4529,0.0000,0.00000,0.02983
13.88,15.62,0.5103,0.0000,0.00000,0.04227
14.12,15.62,0.5808,0.0000,0.00000,0.06102
14.38,15.62,0.6574,0.0000,0.00000,0.08119
14.62,15.62,0.7429,0.0001,0.00000,0.10462
14.88,15.62,0.8375,0.0006,0.00000,0.13511
15.12,15.62,0.9342,0.0028,0.00000,0.17675
15.38,15.62,1.0262,0.0047,0.00000,0.22954
15.62,15.62,1.0798,0.0028,0.00000,0.27522
15.88,15.62,1.2165,0.0009,0.00001,0.32816
16.12,15.62,1.2919,0.0103,0.00021,0.32913
16.38,15.62,1.2635,0.1249,0.00253,0.28375
16.62,15.62,1.2304,0.5919,0.01198,0.24880
16.88,15.62,0.8813,1.3134,0.02659,0.16922
2.62,15.88,0.0000,0.0000,0.00000,0.00000
2.88,15.88,0.0000,0.0000,0.00000,0.00000
3.12,15.88,0.0001,0.0000,0.00000,0.00000
3.38,15.88,0.0018,0.0000,0.00000,0.00006
3.62,15.88,0.0202,0.0000,0.00000,0.00074
3.88,15.88,0.1192,0.0000,0.00000,0.00474
4.12,15.88,0.3979,0.0000,0.00000,0.01697
4.38,15.88,0.8599,0.0000,0.00000,0.03803
4.62,15.88,1.4212,0.0000,0.00000,0.06252
4.88,15.88,1.7832,0.0000,0.00000,0.08107
5.12,15.88,1.7280,0.0000,0.00000,0.09051
5.38,15.88,1.8429,0.0000,0.00000,0.11129
5.62,15.88,2.0534,0.0000,0.00000,0.13861
5.88,15.88,1.9901,0.0000,0.00000,0.15684
6.12,15.88,2.0689,0.0000,0.00000,0.18821
6.38,15.88,2.0983,0.0000,0.00000,0.22517
6.62,15.88,2.0419,0.0000,0.00000,0.25351
6.88,15.88,2.0220,0.0000,0.00000,0.26007
7.12,15.88,1.9679,0.0000,0.00000,0.23934
7.38,15.88,1.8881,0.0000,0.00000,0.21145
7.62,15.88,1.6229,0.0000,0.00000,0.16276
7.88,15.88,1.2907,0.0000,0.00000,0.10266
8.12,15.88,1.0967,0.0000,0.00000,0.06244
8.38,15.88,1.0291,0.0000,0.00000,0.04440
8.62,15.88,1.0129,0.0000,0.00000,0.03605
8.88,15.88,1.0113,0.0000,0.00000,0.02994
9.12,15.88,1.0182,0.0000,0.00000,0.02496
9.38,15.88,1.0217,0.0000,0.00000,0.02091
9.62,15.88,1.0150,0.0000,0.00000,0.01748
9.88,15.88,1.0132,0.0000,0.00000,0.01485
10.12,15.88,1.0143,0.0000,0.00000,0.01303
10.38,15.88,1.0125,0.0000,0.00000,0.01173
10.62,15.88,1.0081,0.0000,0.00000,0.01074
10.88,15.88,1.0097,0.0000,0.00000,0.01029
11.12,15.88,1.0142,0.0000,0.00000,0.01029
11.38,15.88,1.0186,0.0000,0.00000,0.01106
11.62,15.88,1.0243,0.0000,0.00000,0.01254
11.88,15.88,1.0282,0.0000,0.00000,0.01440
12.12,15.88,1.0398,0.0000,0.00000,0.01724
12.38,15.88,1.0518,0.0000,0.00000,0.02184
12.62,15.88,1.0618,0.0000,0.00000,0.02789
12.88,15.88,1.0830,0.0000,0.00000,0.03582
13.12,15.88,1.1097,0.0000,0.00000,0.04540
13.38,15.88,1.1436,0.0000,0.00000,0.05673
13.62,15.88,1.1923,0.0000,0.00000,0.07323
13.88,15.88,1.2449,0.0001,0.00000,0.09611
14.12,15.88,1.3094,0.0002,0.00000,0.12889
14.38,15.88,1.3792,0.0001,0.00000,0.16100
14.62,15.88,1.4638,0.0001,0.00000,0.19718
14.88,15.88,1.5567,0.0008,0.00000,0.24464
15.12,15.88,1.6480,0.0035,0.00000,0.30664
15.38,15.88,1.7517,0.0058,0.00000,0.39051
15.62,15.88,1.7902,0.0035,0.00000,0.45812
15.88,15.88,1.9293,0.0036,0.00006,0.52645
16.12,15.88,2.0028,0.0925,0.00187,0.52273
16.38,15.88,2.0598,1.1306,0.02289,0.47947
16.62,15.88,2.2000,5.3573,0.10845,0.45923
16.88,15.88,1.7461,11.8883,0.24065,0.32699
2.62,16.12,0.0000,0.0000,0.00000,0.00000
2.88,16.12,0.0000,0.0000,0.00000,0.00000
3.12,16.12,0.0000,0.0000,0.00000,0.00000
3.38,16.12,0.0009,0.0000,0.00000,0.00003
3.62,16.12,0.0106,0.0000,0.00000,0.00043
3.88,16.12,0.0716,0.0000,0.00000,0.00327
4.12,16.12,0.2799,0.0000,0.00000,0.01376
4.38,16.12,0.6837,0.0000,0.00000,0.03473
4.62,16.12,1.2379,0.0000,0.00000,0.06214
4.88,16.12,1.6836,0.0000,0.00000,0.08640
5.12,16.12,1.7026,0.0000,0.00000,0.09947
5.38,16.12,1.7445,0.0000,0.00000,0.11925
5.62,16.12,1.9702,0.0000,0.00000,0.15101
5.88,16.12,1.9483,0.0000,0.00000,0.17480
6.12,16.12,1.9615,0.0000,0.00000,0.20945
6.38,16.12,2.0445,0.0000,0.00000,0.25889
6.62,16.12,2.0000,0.0000,0.00000,0.29808
6.88,16.12,1.9497,0.0000,0.00000,0.31066
7.12,16.12,1.8205,0.0000,0.00000,0.27948
7.38,16.12,1.7104,0.0000,0.00000,0.22896
7.62,16.12,1.6866,0.0000,0.00000,0.17979
7.88,16.12,1.6794,0.0000,0.00000,0.13209
8.12,16.12,1.6588,0.0000,0.00000,0.09465
8.38,16.12,1.6467,0.0000,0.00000,0.07288
8.62,16.12,1.6464,0.0000,0.00000,0.05994
8.88,16.12,1.6528,0.0000,0.00000,0.04965
9.12,16.12,1.6669,0.0000,0.00000,0.04146
9.38,16.12,1.6760,0.0000,0.00000,0.03485
9.62,16.12,1.6744,0.0000,0.00000,0.02924
9.88,16.12,1.6786,0.0000,0.00000,0.02488
10.12,16.12,1.6843,0.0000,0.00000,0.02190
10.38,16.12,1.6851,0.0000,0.00000,0.01979
10.62,16.12,1.6823,0.0000,0.00000,0.01823
10.88,16.12,1.6895,0.0000,0.00000,0.01748
11.12,16.12,1.7005,0.0000,0.00000,0.01739
11.38,16.12,1.7101,0.0000,0.00000,0.01854
11.62,16.12,1.7204,0.0000,0.00000,0.02080
11.88,16.12,1.7269,0.0000,0.00000,0.02373
12.12,16.12,1.7446,0.0000,0.00000,0.02835
12.38,16.12,1.7637,0.0000,0.00000,0.03595
12.62,16.12,1.7741,0.0000,0.00000,0.04628
12.88,16.12,1.7939,0.0000,0.00000,0.05952
13.12,16.12,1.8147,0.0000,0.00000,0.07360
13.38,16.12,1.8334,0.0000,0.00000,0.08861
13.62,16.12,1.8589,0.0004,0.00000,0.11037
13.88,16.12,1.8707,0.0017,0.00000,0.13804
14.12,16.12,1.8823,0.0028,0.00000,0.17511
14.38,16.12,1.8927,0.0017,0.00000,0.20837
14.62,16.12,1.9162,0.0004,0.00000,0.24439
14.88,16.12,1.9411,0.0005,0.00000,0.29286
15.12,16.12,1.9571,0.0020,0.00000,0.35249
15.38,16.12,2.0137,0.0033,0.00000,0.43910
15.62,16.12,2.0041,0.0020,0.00000,0.50370
15.88,16.12,2.0442,0.0123,0.00024,0.55565
16.12,16.12,2.0599,0.3916,0.00793,0.55186
16.38,16.12,2.2850,4.7920,0.09700,0.55425
16.62,16.12,2.8390,22.7077,0.45966,0.58550
16.88,16.12,2.7793,50.3900,1.02002,0.44299
2.62,16.38,0.0000,0.0000,0.00000,0.00000
2.88,16.38,0.0000,0.0000,0.00000,0.00000
3.12,16.38,0.0000,0.0000,0.00000,0.00000
3.38,16.38,0.0004,0.0000,0.00000,0.00001
3.62,16.38,0.0047,0.0000,0.00000,0.00022
3.88,16.38,0.0373,0.0000,0.00000,0.00194
4.12,16.38,0.1718,0.0000,0.00000,0.00953
4.38,16.38,0.4901,0.0000,0.00000,0.02809
4.62,16.38,1.0051,0.0000,0.00000,0.05755
4.88,16.38,1.5170,0.0000,0.00000,0.08860
5.12,16.38,1.6679,0.0000,0.00000,0.10728
5.38,16.38,1.6611,0.0000,0.00000,0.12347
5.62,16.38,1.8375,0.0000,0.00000,0.15444
5.88,16.38,1.8998,0.0000,0.00000,0.18426
6.12,16.38,1.8724,0.0000,0.00000,0.21390
6.38,16.38,1.9355,0.0000,0.00000,0.25601
6.62,16.38,1.9399,0.0000,0.00000,0.29524
6.88,16.38,1.9356,0.0000,0.00000,0.31952
7.12,16.38,1.8746,0.0000,0.00000,0.30708
7.38,16.38,1.6948,0.0000,0.00000,0.24930
7.62,16.38,1.5520,0.0000,0.00000,0.18156
7.88,16.38,1.4934,0.0000,0.00000,0.12787
8.12,16.38,1.4575,0.0000,0.00000,0.09084
8.38,16.38,1.4324,0.0000,0.00000,0.06838
8.62,16.38,1.4154,0.0000,0.00000,0.05431
8.88,16.38,1.4035,0.0000,0.00000,0.04428
9.12,16.38,1.4011,0.0000,0.00000,0.03698
9.38,16.38,1.4000,0.0000,0.00000,0.03097
9.62,16.38,1.3978,0.0000,0.00000,0.02582
9.88,16.38,1.4006,0.0000,0.00000,0.02194
10.12,16.38,1.4028,0.0000,0.00000,0.01936
10.38,16.38,1.4044,0.0000,0.00000,0.01757
10.62,16.38,1.4042,0.0000,0.00000,0.01614
10.88,16.38,1.4096,0.0000,0.00000,0.01525
11.12,16.38,1.4193,0.0000,0.00000,0.01499
11.38,16.38,1.4263,0.0000,0.00000,0.01565
11.62,16.38,1.4326,0.0000,0.00000,0.01715
11.88,16.38,1.4419,0.0000,0.00000,0.01940
12.12,16.38,1.4630,0.0000,0.00000,0.02320
12.38,16.38,1.4863,0.0000,0.00000,0.02947
12.62,16.38,1.5022,0.0000,0.00000,0.03859
12.88,16.38,1.5247,0.0000,0.00000,0.05046
13.12,16.38,1.5522,0.0000,0.00000,0.06258
13.38,16.38,1.5809,0.0002,0.00000,0.07546
13.62,16.38,1.6145,0.0018,0.00000,0.09328
13.88,16.38,1.6338,0.0075,0.00000,0.11490
14.12,16.38,1.6525,0.0123,0.00000,0.14251
14.38,16.38,1.6712,0.0074,0.00000,0.16864
14.62,16.38,1.6985,0.0017,0.00000,0.19802
14.88,16.38,1.7278,0.0002,0.00000,0.23945
15.12,16.38,1.7442,0.0004,0.00000,0.28871
15.38,16.38,1.7888,0.0007,0.00000,0.35628
15.62,16.38,1.7975,0.0004,0.00000,0.41174
15.88,16.38,1.8088,0.0195,0.00039,0.45940
16.12,16.38,1.8135,0.6428,0.01301,0.48316
16.38,16.38,2.0407,7.8656,0.15922,0.52510
16.62,16.38,2.7034,37.2727,0.75450,0.56630
16.88,16.38,3.1334,82.7108,1.67428,0.44669
2.62,16.62,0.0000,0.0000,0.00000,0.00000
2.88,16.62,0.0000,0.0000,0.00000,0.00000
3.12,16.62,0.0000,0.0000,0.00000,0.00000
3.38,16.62,0.0001,0.0000,0.00000,0.00000
3.62,16.62,0.0017,0.0000,0.00000,0.00009
3.88,16.62,0.0164,0.0000,0.00000,0.00094
4.12,16.62,0.0899,0.0000,0.00000,0.00550
4.38,16.62,0.3070,0.0000,0.00000,0.01957
4.62,16.62,0.7334,0.0000,0.00000,0.04766
4.88,16.62,1.2735,0.0000,0.00000,0.08494
5.12,16.62,1.5855,0.0000,0.00000,0.11296
5.38,16.62,1.5964,0.0000,0.00000,0.12682
5.62,16.62,1.6897,0.0000,0.00000,0.15001
5.88,16.62,1.8165,0.0000,0.00000,0.17995
6.12,16.62,1.8041,0.0000,0.00000,0.20283
6.38,16.62,1.8198,0.0000,0.00000,0.23056
6.62,16.62,1.8412,0.0000,0.00000,0.25935
6.88,16.62,1.8331,0.0000,0.00000,0.27844
7.12,16.62,1.8507,0.0000,0.00000,0.28253
7.38,16.62,1.8207,0.0000,0.00000,0.25613
7.62,16.62,1.7059,0.0000,0.00000,0.20321
7.88,16.62,1.5567,0.0000,0.00000,0.14689
8.12,16.62,1.4209,0.0000,0.00000,0.10274
8.38,16.62,1.3228,0.0000,0.00000,0.07302
8.62,16.62,1.2559,0.0000,0.00000,0.05441
8.88,16.62,1.2097,0.0000,0.00000,0.04329
9.12,16.62,1.1845,0.0000,0.00000,0.03600
9.38,16.62,1.1688,0.0000,0.00000,0.02976
9.62,16.62,1.1630,0.0000,0.00000,0.02445
9.88,16.62,1.1671,0.0000,0.00000,0.02082
10.12,16.62,1.1644,0.0000,0.00000,0.01841
10.38,16.62,1.1645,0.0000,0.00000,0.01662
10.62,16.62,1.1676,0.0000,0.00000,0.01502
10.88,16.62,1.1673,0.0000,0.00000,0.01363
11.12,16.62,1.1721,0.0000,0.00000,0.01286
11.38,16.62,1.1777,0.0000,0.00000,0.01282
11.62,16.62,1.1782,0.0000,0.00000,0.01335
11.88,16.62,1.1829,0.0000,0.00000,0.01461
12.12,16.62,1.1971,0.0000,0.00000,0.01692
12.38,16.62,1.2125,0.0000,0.00000,0.02065
12.62,16.62,1.2281,0.0000,0.00000,0.02655
12.88,16.62,1.2524,0.0000,0.00000,0.03485
13.12,16.62,1.2871,0.0002,0.00000,0.04470
13.38,16.62,1.3307,0.0011,0.00000,0.05559
13.62,16.62,1.3787,0.0042,0.00000,0.06825
13.88,16.62,1.4212,0.0132,0.00000,0.08392
14.12,16.62,1.4739,0.0204,0.00000,0.10435
14.38,16.62,1.5340,0.0123,0.00000,0.12767
14.62,16.62,1.6024,0.0027,0.00000,0.15774
14.88,16.62,1.6778,0.0002,0.00000,0.19981
15.12,16.62,1.7382,0.0001,0.00000,0.24920
15.38,16.62,1.7907,0.0001,0.00000,0.30852
15.62,16.62,1.8277,0.0002,0.00000,0.37112
15.88,16.62,1.8695,0.0119,0.00024,0.43964
16.12,16.62,1.8955,0.3898,0.00789,0.49854
16.38,16.62,1.9715,4.7701,0.09656,0.55817
16.62,16.62,2.2094,22.6040,0.45756,0.57462
16.88,16.62,2.3805,50.1599,1.01537,0.45829
2.62,16.88,0.0000,0.0000,0.00000,0.00000
2.88,16.88,0.0000,0.0000,0.00000,0.00000
3.12,16.88,0.0000,0.0000,0.00000,0.00000
3.38,16.88,0.0000,0.0000,0.00000,0.00000
3.62,16.88,0.0005,0.0000,0.00000,0.00003
3.88,16.88,0.0060,0.0000,0.00000,0.00035
4.12,16.88,0.0394,0.0000,0.00000,0.00251
4.38,16.88,0.1629,0.0000,0.00000,0.01104
4.62,16.88,0.4653,0.0000,0.00000,0.03320
4.88,16.88,0.9611,0.0000,0.00000,0.07147
5.12,16.88,1.4014,0.0000,0.00000,0.10928
5.38,16.88,1.5251,0.0000,0.00000,0.12746
5.62,16.88,1.5584,0.0000,0.00000,0.14123
5.88,16.88,1.6716,0.0000,0.00000,0.16399
6.12,16.88,1.7154,0.0000,0.00000,0.18334
6.38,16.88,1.7258,0.0000,0.00000,0.20036
6.62,16.88,1.7489,0.0000,0.00000,0.21831
6.88,16.88,1.7244,0.0000,0.00000,0.22675
7.12,16.88,1.6939,0.0000,0.00000,0.22514
7.38,16.88,1.7127,0.0000,0.00000,0.21793
7.62,16.88,1.7463,0.0000,0.00000,0.19841
7.88,16.88,1.7386,0.0000,0.00000,0.16531
8.12,16.88,1.6889,0.0000,0.00000,0.12890
8.38,16.88,1.6283,0.0000,0.00000,0.09745
8.62,16.88,1.5727,0.0000,0.00000,0.07491
8.88,16.88,1.5322,0.0000,0.00000,0.06062
9.12,16.88,1.5065,0.0000,0.00000,0.05024
9.38,16.88,1.4809,0.0000,0.00000,0.04111
9.62,16.88,1.4674,0.0000,0.00000,0.03380
9.88,16.88,1.4680,0.0000,0.00000,0.02882
10.12,16.88,1.4570,0.0000,0.00000,0.02519
10.38,16.88,1.4538,0.0000,0.00000,0.02234
10.62,16.88,1.4608,0.0000,0.00000,0.01991
10.88,16.88,1.4561,0.0000,0.00000,0.01763
11.12,16.88,1.4552,0.0000,0.00000,0.01616
11.38,16.88,1.4626,0.0000,0.00000,0.01570
11.62,16.88,1.4651,0.0000,0.00000,0.01588
11.88,16.88,1.4678,0.0000,0.00000,0.01686
12.12,16.88,1.4760,0.0000,0.00000,0.01874
12.38,16.88,1.4864,0.0000,0.00000,0.02185
12.62,16.88,1.5009,0.0000,0.00000,0.02698
12.88,16.88,1.5226,0.0001,0.00000,0.03450
13.12,16.88,1.5515,0.0009,0.00000,0.04433
13.38,16.88,1.5883,0.0042,0.00000,0.05540
13.62,16.88,1.6232,0.0084,0.00000,0.06715
13.88,16.88,1.6514,0.0115,0.00000,0.08121
14.12,16.88,1.6901,0.0132,0.00000,0.09918
14.38,16.88,1.7309,0.0075,0.00000,0.12093
14.62,16.88,1.7697,0.0017,0.00000,0.15011
14.88,16.88,1.8114,0.0002,0.00000,0.18912
15.12,16.88,1.8458,0.0002,0.00000,0.23585
15.38,16.88,1.8717,0.0010,0.00000,0.29219
15.62,16.88,1.8870,0.0017,0.00000,0.35838
15.88,16.88,1.9031,0.0037,0.00005,0.43266
16.12,16.88,1.9051,0.0872,0.00176,0.49837
16.38,16.88,1.9155,1.0644,0.02155,0.55859
16.62,16.88,1.9185,5.0436,0.10210,0.57705
16.88,16.88,1.8121,11.1922,0.22656,0.49501
2.62,17.12,0.0000,0.0000,0.00000,0.00000
2.88,17.12,0.0000,0.0000,0.00000,0.00000
3.12,17.12,0.0000,0.0000,0.00000,0.00000
3.38,17.12,0.0000,0.0000,0.00000,0.00000
3.62,17.12,0.0001,0.0000,0.00000,0.00001
3.88,17.12,0.0017,0.0000,0.00000,0.00009
4.12,17.12,0.0139,0.0000,0.00000,0.00085
4.38,17.12,0.0700,0.0000,0.00000,0.00479
4.62,17.12,0.2438,0.0000,0.00000,0.01818
4.88,17.12,0.6140,0.0000,0.00000,0.04818
5.12,17.12,1.0867,0.0000,0.00000,0.08841
5.38,17.12,1.3820,0.0000,0.00000,0.11753
5.62,17.12,1.4580,0.0000,0.00000,0.13104
5.88,17.12,1.5116,0.0000,0.00000,0.14354
6.12,17.12,1.5749,0.0000,0.00000,0.15758
6.38,17.12,1.6127,0.0000,0.00000,0.16986
6.62,17.12,1.6553,0.0000,0.00000,0.18314
6.88,17.12,1.6848,0.0000,0.00000,0.19117
7.12,17.12,1.6466,0.0000,0.00000,0.18552
7.38,17.12,1.5750,0.0000,0.00000,0.17305
7.62,17.12,1.5443,0.0000,0.00000,0.15932
7.88,17.12,1.5446,0.0000,0.00000,0.14076
8.12,17.12,1.5532,0.0000,0.00000,0.11884
8.38,17.12,1.5648,0.0000,0.00000,0.09713
8.62,17.12,1.5661,0.0000,0.00000,0.07873
8.88,17.12,1.5648,0.0000,0.00000,0.06503
9.12,17.12,1.5596,0.0000,0.00000,0.05407
9.38,17.12,1.5394,0.0000,0.00000,0.04447
9.62,17.12,1.5265,0.0000,0.00000,0.03702
9.88,17.12,1.5209,0.0000,0.00000,0.03156
10.12,17.12,1.5014,0.0000,0.00000,0.02702
10.38,17.12,1.4926,0.0000,0.00000,0.02340
10.62,17.12,1.4966,0.0000,0.00000,0.02061
10.88,17.12,1.4880,0.0000,0.00000,0.01813
11.12,17.12,1.4788,0.0000,0.00000,0.01647
11.38,17.12,1.4766,0.0000,0.00000,0.01581
11.62,17.12,1.4784,0.0000,0.00000,0.01577
11.88,17.12,1.4835,0.0000,0.00000,0.01645
12.12,17.12,1.4894,0.0000,0.00000,0.01804
12.38,17.12,1.4979,0.0000,0.00000,0.02090
12.62,17.12,1.5126,0.0000,0.00000,0.02557
12.88,17.12,1.5326,0.0001,0.00000,0.03203
13.12,17.12,1.5526,0.0015,0.00000,0.04040
13.38,17.12,1.5806,0.0067,0.00000,0.05117
13.62,17.12,1.6109,0.0114,0.00000,0.06341
13.88,17.12,1.6348,0.0084,0.00000,0.07640
14.12,17.12,1.6659,0.0042,0.00000,0.09169
14.38,17.12,1.6978,0.0018,0.00000,0.10990
14.62,17.12,1.7232,0.0004,0.00000,0.13336
14.88,17.12,1.7459,0.0001,0.00000,0.16433
15.12,17.12,1.7708,0.0011,0.00000,0.20395
15.38,17.12,1.7980,0.0048,0.00000,0.25385
15.62,17.12,1.8114,0.0078,0.00000,0.31204
15.88,17.12,1.8137,0.0050,0.00000,0.37688
16.12,17.12,1.7967,0.0082,0.00014,0.43605
16.38,17.12,1.7718,0.0875,0.00177,0.47630
16.62,17.12,1.7551,0.4140,0.00838,0.49076
16.88,17.12,1.7027,0.9187,0.01860,0.46506
2.62,17.38,0.0000,0.0000,0.00000,0.00000
2.88,17.38,0.0000,0.0000,0.00000,0.00000
3.12,17.38,0.0000,0.0000,0.00000,0.00000
3.38,17.38,0.0000,0.0000,0.00000,0.00000
3.62,17.38,0.0000,0.0000,0.00000,0.00000
3.88,17.38,0.0004,0.0000,0.00000,0.00002
4.12,17.38,0.0038,0.0000,0.00000,0.00022
4.38,17.38,0.0233,0.0000,0.00000,0.00157
4.62,17.38,0.0995,0.0000,0.00000,0.00745
4.88,17.38,0.3116,0.0000,0.00000,0.02453
5.12,17.38,0.6943,0.0000,0.00000,0.05661
5.38,17.38,1.0969,0.0000,0.00000,0.09280
5.62,17.38,1.3207,0.0000,0.00000,0.11575
5.88,17.38,1.3952,0.0000,0.00000,0.12526
6.12,17.38,1.4436,0.0000,0.00000,0.13212
6.38,17.38,1.4826,0.0000,0.00000,0.14024
6.62,17.38,1.5194,0.0000,0.00000,0.14977
6.88,17.38,1.5863,0.0000,0.00000,0.15882
7.12,17.38,1.6333,0.0000,0.00000,0.16002
7.38,17.38,1.6122,0.0000,0.00000,0.15115
7.62,17.38,1.5507,0.0000,0.00000,0.13634
7.88,17.38,1.4624,0.0000,0.00000,0.11713
8.12,17.38,1.3887,0.0000,0.00000,0.09817
8.38,17.38,1.3549,0.0000,0.00000,0.08161
8.62,17.38,1.3297,0.0000,0.00000,0.06641
8.88,17.38,1.3155,0.0000,0.00000,0.05391
9.12,17.38,1.3095,0.0000,0.00000,0.04433
9.38,17.38,1.2904,0.0000,0.00000,0.03654
9.62,17.38,1.2828,0.0000,0.00000,0.03067
9.88,17.38,1.2848,0.0000,0.00000,0.02626
10.12,17.38,1.2719,0.0000,0.00000,0.02237
10.38,17.38,1.2686,0.0000,0.00000,0.01922
10.62,17.38,1.2756,0.0000,0.00000,0.01686
10.88,17.38,1.2741,0.0000,0.00000,0.01489
11.12,17.38,1.2704,0.0000,0.00000,0.01361
11.38,17.38,1.2645,0.0000,0.00000,0.01310
11.62,17.38,1.2685,0.0000,0.00000,0.01305
11.88,17.38,1.2821,0.0000,0.00000,0.01360
12.12,17.38,1.2911,0.0000,0.00000,0.01515
12.38,17.38,1.2994,0.0000,0.00000,0.01776
12.62,17.38,1.3132,0.0000,0.00000,0.02148
12.88,17.38,1.3321,0.0001,0.00000,0.02624
13.12,17.38,1.3512,0.0009,0.00000,0.03283
13.38,17.38,1.3812,0.0041,0.00000,0.04320
13.62,17.38,1.4232,0.0067,0.00000,0.05539
13.88,17.38,1.4641,0.0042,0.00000,0.06635
14.12,17.38,1.5096,0.0011,0.00000,0.07889
14.38,17.38,1.5592,0.0002,0.00000,0.09474
14.62,17.38,1.6121,0.0000,0.00000,0.11499
14.88,17.38,1.6633,0.0002,0.00000,0.14209
15.12,17.38,1.7121,0.0020,0.00000,0.17655
15.38,17.38,1.7570,0.0088,0.00000,0.21894
15.62,17.38,1.7861,0.0145,0.00000,0.26737
15.88,17.38,1.8000,0.0088,0.00000,0.32039
16.12,17.38,1.7953,0.0022,0.00000,0.37455
16.38,17.38,1.7488,0.0028,0.00005,0.40467
16.62,17.38,1.6792,0.0125,0.00025,0.40467
16.88,17.38,1.6248,0.0277,0.00056,0.39492
2.62,17.62,0.0000,0.0000,0.00000,0.00000
2.88,17.62,0.0000,0.0000,0.00000,0.00000
3.12,17.62,0.0000,0.0000,0.00000,0.00000
3.38,17.62,0.0000,0.0000,0.00000,0.00000
3.62,17.62,0.0000,0.0000,0.00000,0.00000
3.88,17.62,0.0001,0.0000,0.00000,0.00000
4.12,17.62,0.0008,0.0000,0.00000,0.00004
4.38,17.62,0.0057,0.0000,0.00000,0.00038
4.62,17.62,0.0305,0.0000,0.00000,0.00223
4.88,17.62,0.1210,0.0000,0.00000,0.00927
5.12,17.62,0.3461,0.0000,0.00000,0.02763
5.38,17.62,0.6997,0.0000,0.00000,0.05779
5.62,17.62,1.0382,0.0000,0.00000,0.08732
5.88,17.62,1.2429,0.0000,0.00000,0.10406
6.12,17.62,1.3440,0.0000,0.00000,0.11058
6.38,17.62,1.3933,0.0000,0.00000,0.11514
6.62,17.62,1.4121,0.0000,0.00000,0.11995
6.88,17.62,1.4392,0.0000,0.00000,0.12464
7.12,17.62,1.4889,0.0000,0.00000,0.12834
7.38,17.62,1.5520,0.0000,0.00000,0.12894
7.62,17.62,1.5953,0.0000,0.00000,0.12353
7.88,17.62,1.5647,0.0000,0.00000,0.10992
8.12,17.62,1.5000,0.0000,0.00000,0.09374
8.38,17.62,1.4480,0.0000,0.00000,0.07839
8.62,17.62,1.3856,0.0000,0.00000,0.06304
8.88,17.62,1.3405,0.0000,0.00000,0.05025
9.12,17.62,1.3174,0.0000,0.00000,0.04089
9.38,17.62,1.2739,0.0000,0.00000,0.03319
9.62,17.62,1.2449,0.0000,0.00000,0.02747
9.88,17.62,1.2416,0.0000,0.00000,0.02344
10.12,17.62,1.2295,0.0000,0.00000,0.02002
10.38,17.62,1.2256,0.0000,0.00000,0.01722
10.62,17.62,1.2283,0.0000,0.00000,0.01505
10.88,17.62,1.2276,0.0000,0.00000,0.01334
11.12,17.62,1.2320,0.0000,0.00000,0.01236
11.38,17.62,1.2325,0.0000,0.00000,0.01204
11.62,17.62,1.2405,0.0000,0.00000,0.01212
11.88,17.62,1.2614,0.0000,0.00000,0.01283
12.12,17.62,1.2791,0.0000,0.00000,0.01473
12.38,17.62,1.2978,0.0000,0.00000,0.01773
12.62,17.62,1.3179,0.0000,0.00000,0.02125
12.88,17.62,1.3413,0.0000,0.00000,0.02567
13.12,17.62,1.3716,0.0002,0.00000,0.03274
13.38,17.62,1.4084,0.0009,0.00000,0.04388
13.62,17.62,1.4547,0.0015,0.00000,0.05551
13.88,17.62,1.5024,0.0009,0.00000,0.06441
14.12,17.62,1.5504,0.0002,0.00000,0.07488
14.38,17.62,1.5962,0.0000,0.00000,0.08940
14.62,17.62,1.6467,0.0000,0.00000,0.10800
14.88,17.62,1.6952,0.0002,0.00000,0.13258
15.12,17.62,1.7358,0.0022,0.00000,0.16333
15.38,17.62,1.7680,0.0096,0.00000,0.19926
15.62,17.62,1.7847,0.0159,0.00000,0.23829
15.88,17.62,1.7838,0.0096,0.00000,0.27963
16.12,17.62,1.7745,0.0022,0.00000,0.32663
16.38,17.62,1.7402,0.0002,0.00000,0.36421
16.62,17.62,1.6670,0.0000,0.00000,0.37605
16.88,17.62,1.5949,0.0000,0.00000,0.37516
2.62,17.88,0.0000,0.0000,0.00000,0.00000
2.88,17.88,0.0000,0.0000,0.00000,0.00000
3.12,17.88,0.0000,0.0000,0.00000,0.00000
3.38,17.88,0.0000,0.0000,0.00000,0.00000
3.62,17.88,0.0000,0.0000,0.00000,0.00000
3.88,17.88,0.0000,0.0000,0.00000,0.00000
4.12,17.88,0.0001,0.0000,0.00000,0.00001
4.38,17.88,0.0010,0.0000,0.00000,0.00007
4.62,17.88,0.0068,0.0000,0.00000,0.00048
4.88,17.88,0.0346,0.0000,0.00000,0.00254
5.12,17.88,0.1274,0.0000,0.00000,0.00976
5.38,17.88,0.3343,0.0000,0.00000,0.02633
5.62,17.88,0.6337,0.0000,0.00000,0.05017
5.88,17.88,0.9265,0.0000,0.00000,0.07172
6.12,17.88,1.1456,0.0000,0.00000,0.08515
6.38,17.88,1.2829,0.0000,0.00000,0.09326
6.62,17.88,1.3533,0.0000,0.00000,0.09833
6.88,17.88,1.3694,0.0000,0.00000,0.09931
7.12,17.88,1.3578,0.0000,0.00000,0.09842
7.38,17.88,1.3658,0.0000,0.00000,0.09816
7.62,17.88,1.4044,0.0000,0.00000,0.09687
7.88,17.88,1.4398,0.0000,0.00000,0.09168
8.12,17.88,1.4773,0.0000,0.00000,0.08409
8.38,17.88,1.5079,0.0000,0.00000,0.07419
8.62,17.88,1.4946,0.0000,0.00000,0.06190
8.88,17.88,1.4797,0.0000,0.00000,0.05131
9.12,17.88,1.4745,0.0000,0.00000,0.04313
9.38,17.88,1.4366,0.0000,0.00000,0.03560
9.62,17.88,1.4040,0.0000,0.00000,0.02971
9.88,17.88,1.3922,0.0000,0.00000,0.02523
10.12,17.88,1.3709,0.0000,0.00000,0.02125
10.38,17.88,1.3602,0.0000,0.00000,0.01814
10.62,17.88,1.3506,0.0000,0.00000,0.01573
10.88,17.88,1.3352,0.0000,0.00000,0.01391
11.12,17.88,1.3320,0.0000,0.00000,0.01295
11.38,17.88,1.3292,0.0000,0.00000,0.01253
11.62,17.88,1.3292,0.0000,0.00000,0.01265
11.88,17.88,1.3407,0.0000,0.00000,0.01352
12.12,17.88,1.3508,0.0000,0.00000,0.01533
12.38,17.88,1.3687,0.0000,0.00000,0.01832
12.62,17.88,1.3862,0.0000,0.00000,0.02197
12.88,17.88,1.4041,0.0000,0.00000,0.02686
13.12,17.88,1.4360,0.0000,0.00000,0.03481
13.38,17.88,1.4698,0.0001,0.00000,0.04531
13.62,17.88,1.5077,0.0001,0.00000,0.05484
13.88,17.88,1.5484,0.0001,0.00000,0.06295
14.12,17.88,1.5889,0.0000,0.00000,0.07313
14.38,17.88,1.6293,0.0000,0.00000,0.08751
14.62,17.88,1.6757,0.0000,0.00000,0.10559
14.88,17.88,1.7141,0.0002,0.00000,0.12762
15.12,17.88,1.7442,0.0021,0.00000,0.15600
15.38,17.88,1.7699,0.0094,0.00000,0.18945
15.62,17.88,1.7793,0.0153,0.00000,0.22436
15.88,17.88,1.7678,0.0093,0.00000,0.26151
16.12,17.88,1.7409,0.0021,0.00000,0.30072
16.38,17.88,1.7000,0.0002,0.00000,0.33567
16.62,17.88,1.6454,0.0000,0.00000,0.35864
16.88,17.88,1.5982,0.0000,0.00000,0.37028
2.62,18.12,0.0000,0.0000,0.00000,0.00000
2.88,18.12,0.0000,0.0000,0.00000,0.00000
3.12,18.12,0.0000,0.0000,0.00000,0.00000
3.38,18.12,0.0000,0.0000,0.00000,0.00000
3.62,18.12,0.0000,0.0000,0.00000,0.00000
3.88,18.12,0.0000,0.0000,0.00000,0.00000
4.12,18.12,0.0000,0.0000,0.00000,0.00000
4.38,18.12,0.0001,0.0000,0.00000,0.00001
4.62,18.12,0.0010,0.0000,0.00000,0.00007
4.88,18.12,0.0068,0.0000,0.00000,0.00047
5.12,18.12,0.0328,0.0000,0.00000,0.00235
5.38,18.12,0.1126,0.0000,0.00000,0.00824
5.62,18.12,0.2763,0.0000,0.00000,0.02023
5.88,18.12,0.5151,0.0000,0.00000,0.03682
6.12,18.12,0.7762,0.0000,0.00000,0.05357
6.38,18.12,1.0037,0.0000,0.00000,0.06779
6.62,18.12,1.1786,0.0000,0.00000,0.07793
6.88,18.12,1.2837,0.0000,0.00000,0.08100
7.12,18.12,1.3155,0.0000,0.00000,0.07962
7.38,18.12,1.3012,0.0000,0.00000,0.07713
7.62,18.12,1.2741,0.0000,0.00000,0.07302
7.88,18.12,1.2572,0.0000,0.00000,0.06791
8.12,18.12,1.2705,0.0000,0.00000,0.06321
8.38,18.12,1.2953,0.0000,0.00000,0.05707
8.62,18.12,1.3081,0.0000,0.00000,0.04930
8.88,18.12,1.3341,0.0000,0.00000,0.04333
9.12,18.12,1.3637,0.0000,0.00000,0.03849
9.38,18.12,1.3681,0.0000,0.00000,0.03325
9.62,18.12,1.3726,0.0000,0.00000,0.02861
9.88,18.12,1.3763,0.0000,0.00000,0.02443
10.12,18.12,1.3611,0.0000,0.00000,0.02044
10.38,18.12,1.3597,0.0000,0.00000,0.01751
10.62,18.12,1.3572,0.0000,0.00000,0.01526
10.88,18.12,1.3431,0.0000,0.00000,0.01356
11.12,18.12,1.3382,0.0000,0.00000,0.01266
11.38,18.12,1.3328,0.0000,0.00000,0.01223
11.62,18.12,1.3296,0.0000,0.00000,0.01273
11.88,18.12,1.3359,0.0000,0.00000,0.01399
12.12,18.12,1.3395,0.0000,0.00000,0.01521
12.38,18.12,1.3472,0.0000,0.00000,0.01742
12.62,18.12,1.3537,0.0000,0.00000,0.02101
12.88,18.12,1.3660,0.0000,0.00000,0.02619
13.12,18.12,1.3922,0.0000,0.00000,0.03372
13.38,18.12,1.4186,0.0000,0.00000,0.04242
13.62,18.12,1.4521,0.0000,0.00000,0.05086
13.88,18.12,1.4896,0.0000,0.00000,0.06023
14.12,18.12,1.5265,0.0000,0.00000,0.07201
14.38,18.12,1.5691,0.0000,0.00000,0.08833
14.62,18.12,1.6239,0.0000,0.00000,0.10910
14.88,18.12,1.6756,0.0003,0.00000,0.13044
15.12,18.12,1.7154,0.0022,0.00000,0.15509
15.38,18.12,1.7479,0.0069,0.00000,0.18714
15.62,18.12,1.7642,0.0096,0.00000,0.22329
15.88,18.12,1.7545,0.0054,0.00000,0.26052
16.12,18.12,1.7258,0.0012,0.00000,0.29714
16.38,18.12,1.6897,0.0001,0.00000,0.33192
16.62,18.12,1.6459,0.0000,0.00000,0.35744
16.88,18.12,1.6041,0.0000,0.00000,0.36727
2.62,18.38,0.0000,0.0000,0.00000,0.00000
2.88,18.38,0.0000,0.0000,0.00000,0.00000
3.12,18.38,0.0000,0.0000,0.00000,0.00000
3.38,18.38,0.0000,0.0000,0.00000,0.00000
3.62,18.38,0.0000,0.0000,0.00000,0.00000
3.88,18.38,0.0000,0.0000,0.00000,0.00000
4.12,18.38,0.0000,0.0000,0.00000,0.00000
4.38,18.38,0.0000,0.0000,0.00000,0.00000
4.62,18.38,0.0001,0.0000,0.00000,0.00001
4.88,18.38,0.0009,0.0000,0.00000,0.00005
5.12,18.38,0.0058,0.0000,0.00000,0.00037
5.38,18.38,0.0257,0.0000,0.00000,0.00171
5.62,18.38,0.0823,0.0000,0.00000,0.00556
5.88,18.38,0.1998,0.0000,0.00000,0.01345
6.12,18.38,0.3781,0.0000,0.00000,0.02517
6.38,18.38,0.5897,0.0000,0.00000,0.03856
6.62,18.38,0.8064,0.0000,0.00000,0.05043
6.88,18.38,0.9996,0.0000,0.00000,0.05784
7.12,18.38,1.1499,0.0000,0.00000,0.06223
7.38,18.38,1.2420,0.0000,0.00000,0.06387
7.62,18.38,1.2755,0.0000,0.00000,0.06106
7.88,18.38,1.2615,0.0000,0.00000,0.05558
8.12,18.38,1.2261,0.0000,0.00000,0.04983
8.38,18.38,1.1888,0.0000,0.00000,0.04351
8.62,18.38,1.1600,0.0000,0.00000,0.03697
8.88,18.38,1.1563,0.0000,0.00000,0.03268
9.12,18.38,1.1577,0.0000,0.00000,0.02939
9.38,18.38,1.1543,0.0000,0.00000,0.02579
9.62,18.38,1.1650,0.0000,0.00000,0.02237
9.88,18.38,1.1725,0.0000,0.00000,0.01909
10.12,18.38,1.1663,0.0000,0.00000,0.01616
10.38,18.38,1.1755,0.0000,0.00000,0.01417
10.62,18.38,1.1900,0.0000,0.00000,0.01259
10.88,18.38,1.1966,0.0000,0.00000,0.01134
11.12,18.38,1.2068,0.0000,0.00000,0.01064
11.38,18.38,1.2135,0.0000,0.00000,0.01050
11.62,18.38,1.2214,0.0000,0.00000,0.01157
11.88,18.38,1.2392,0.0000,0.00000,0.01327
12.12,18.38,1.2541,0.0000,0.00000,0.01411
12.38,18.38,1.2669,0.0000,0.00000,0.01587
12.62,18.38,1.2811,0.0000,0.00000,0.01971
12.88,18.38,1.3071,0.0000,0.00000,0.02540
13.12,18.38,1.3411,0.0000,0.00000,0.03285
13.38,18.38,1.3724,0.0000,0.00000,0.04133
13.62,18.38,1.4122,0.0000,0.00000,0.05050
13.88,18.38,1.4572,0.0000,0.00000,0.06186
14.12,18.38,1.5030,0.0000,0.00000,0.07658
14.38,18.38,1.5505,0.0000,0.00000,0.09680
14.62,18.38,1.6054,0.0001,0.00000,0.12213
14.88,18.38,1.6625,0.0011,0.00000,0.14378
15.12,18.38,1.7059,0.0053,0.00000,0.16480
15.38,18.38,1.7446,0.0103,0.00000,0.19864
15.62,18.38,1.7703,0.0089,0.00000,0.23986
15.88,18.38,1.7711,0.0036,0.00000,0.28007
16.12,18.38,1.7588,0.0007,0.00000,0.32183
16.38,18.38,1.7225,0.0001,0.00000,0.35823
16.62,18.38,1.6544,0.0000,0.00000,0.37464
16.88,18.38,1.5831,0.0000,0.00000,0.37138
2.62,18.62,0.0000,0.0000,0.00000,0.00000
2.88,18.62,0.0000,0.0000,0.00000,0.00000
3.12,18.62,0.0000,0.0000,0.00000,0.00000
3.38,18.62,0.0000,0.0000,0.00000,0.00000
3.62,18.62,0.0000,0.0000,0.00000,0.00000
3.88,18.62,0.0000,0.0000,0.00000,0.00000
4.12,18.62,0.0000,0.0000,0.00000,0.00000
4.38,18.62,0.0000,0.0000,0.00000,0.00000
4.62,18.62,0.0000,0.0000,0.00000,0.00000
4.88,18.62,0.0001,0.0000,0.00000,0.00000
5.12,18.62,0.0007,0.0000,0.00000,0.00004
5.38,18.62,0.0041,0.0000,0.00000,0.00026
5.62,18.62,0.0165,0.0000,0.00000,0.00107
5.88,18.62,0.0516,0.0000,0.00000,0.00340
6.12,18.62,0.1239,0.0000,0.00000,0.00818
6.38,18.62,0.2405,0.0000,0.00000,0.01524
6.62,18.62,0.3959,0.0000,0.00000,0.02325
6.88,18.62,0.5758,0.0000,0.00000,0.03093
7.12,18.62,0.7615,0.0000,0.00000,0.03804
7.38,18.62,0.9308,0.0000,0.00000,0.04362
7.62,18.62,1.0771,0.0000,0.00000,0.04647
7.88,18.62,1.1782,0.0000,0.00000,0.04619
8.12,18.62,1.2240,0.0000,0.00000,0.04327
8.38,18.62,1.2311,0.0000,0.00000,0.03843
8.62,18.62,1.2153,0.0000,0.00000,0.03263
8.88,18.62,1.1962,0.0000,0.00000,0.02819
9.12,18.62,1.1670,0.0000,0.00000,0.02474
9.38,18.62,1.1349,0.0000,0.00000,0.02154
9.62,18.62,1.1228,0.0000,0.00000,0.01851
9.88,18.62,1.1084,0.0000,0.00000,0.01551
10.12,18.62,1.0898,0.0000,0.00000,0.01312
10.38,18.62,1.0849,0.0000,0.00000,0.01161
10.62,18.62,1.0848,0.0000,0.00000,0.01031
10.88,18.62,1.0885,0.0000,0.00000,0.00929
11.12,18.62,1.1002,0.0000,0.00000,0.00877
11.38,18.62,1.1052,0.0000,0.00000,0.00865
11.62,18.62,1.1147,0.0000,0.00000,0.00949
11.88,18.62,1.1361,0.0000,0.00000,0.01092
12.12,18.62,1.1530,0.0000,0.00000,0.01213
12.38,18.62,1.1740,0.0000,0.00000,0.01452
12.62,18.62,1.2009,0.0000,0.00000,0.01882
12.88,18.62,1.2380,0.0000,0.00000,0.02507
13.12,18.62,1.2828,0.0000,0.00000,0.03337
13.38,18.62,1.3284,0.0000,0.00000,0.04314
13.62,18.62,1.3811,0.0000,0.00000,0.05350
13.88,18.62,1.4387,0.0000,0.00000,0.06601
14.12,18.62,1.4987,0.0000,0.00000,0.08273
14.38,18.62,1.5547,0.0000,0.00000,0.10530
14.62,18.62,1.6082,0.0001,0.00000,0.13357
14.88,18.62,1.6573,0.0019,0.00000,0.15924
15.12,18.62,1.6966,0.0092,0.00000,0.18429
15.38,18.62,1.7371,0.0193,0.00000,0.22435
15.62,18.62,1.7646,0.0186,0.00000,0.27145
15.88,18.62,1.7726,0.0086,0.00000,0.31731
16.12,18.62,1.7662,0.0023,0.00001,0.36202
16.38,18.62,1.7161,0.0034,0.00007,0.39062
16.62,18.62,1.6469,0.0137,0.00035,0.40006
16.88,18.62,1.5939,0.0298,0.00077,0.39691
2.62,18.88,0.0000,0.0000,0.00000,0.00000
2.88,18.88,0.0000,0.0000,0.00000,0.00000
3.12,18.88,0.0000,0.0000,0.00000,0.00000
3.38,18.88,0.0000,0.0000,0.00000,0.00000
3.62,18.88,0.0000,0.0000,0.00000,0.00000
3.88,18.88,0.0000,0.0000,0.00000,0.00000
4.12,18.88,0.0000,0.0000,0.00000,0.00000
4.38,18.88,0.0000,0.0000,0.00000,0.00000
4.62,18.88,0.0000,0.0000,0.00000,0.00000
4.88,18.88,0.0000,0.0000,0.00000,0.00000
5.12,18.88,0.0001,0.0000,0.00000,0.00000
5.38,18.88,0.0004,0.0000,0.00000,0.00003
5.62,18.88,0.0022,0.0000,0.00000,0.00014
5.88,18.88,0.0085,0.0000,0.00000,0.00057
6.12,18.88,0.0262,0.0000,0.00000,0.00170
6.38,18.88,0.0649,0.0000,0.00000,0.00387
6.62,18.88,0.1326,0.0000,0.00000,0.00717
6.88,18.88,0.2317,0.0000,0.00000,0.01144
7.12,18.88,0.3550,0.0000,0.00000,0.01622
7.38,18.88,0.4945,0.0000,0.00000,0.02135
7.62,18.88,0.6516,0.0000,0.00000,0.02642
7.88,18.88,0.8042,0.0000,0.00000,0.02986
8.12,18.88,0.9335,0.0000,0.00000,0.03086
8.38,18.88,1.0361,0.0000,0.00000,0.02977
8.62,18.88,1.1096,0.0000,0.00000,0.02736
8.88,18.88,1.1571,0.0000,0.00000,0.02495
9.12,18.88,1.1785,0.0000,0.00000,0.02257
9.38,18.88,1.1844,0.0000,0.00000,0.02017
9.62,18.88,1.1885,0.0000,0.00000,0.01758
9.88,18.88,1.1759,0.0000,0.00000,0.01478
10.12,18.88,1.1587,0.0000,0.00000,0.01252
10.38,18.88,1.1467,0.0000,0.00000,0.01101
10.62,18.88,1.1286,0.0000,0.00000,0.00971
10.88,18.88,1.1202,0.0000,0.00000,0.00876
11.12,18.88,1.1217,0.0000,0.00000,0.00826
11.38,18.88,1.1129,0.0000,0.00000,0.00796
11.62,18.88,1.1121,0.0000,0.00000,0.00827
11.88,18.88,1.1169,0.0000,0.00000,0.00916
12.12,18.88,1.1161,0.0000,0.00000,0.01078
12.38,18.88,1.1272,0.0000,0.00000,0.01394
12.62,18.88,1.1470,0.0000,0.00000,0.01878
12.88,18.88,1.1755,0.0000,0.00000,0.02560
13.12,18.88,1.2096,0.0000,0.00000,0.03469
13.38,18.88,1.2524,0.0000,0.00000,0.04569
13.62,18.88,1.3095,0.0000,0.00000,0.05753
13.88,18.88,1.3694,0.0000,0.00000,0.07071
14.12,18.88,1.4336,0.0000,0.00000,0.08780
14.38,18.88,1.4957,0.0000,0.00000,0.11092
14.62,18.88,1.5570,0.0001,0.00000,0.14147
14.88,18.88,1.6119,0.0012,0.00000,0.17528
15.12,18.88,1.6559,0.0071,0.00000,0.20934
15.38,18.88,1.6912,0.0189,0.00000,0.25324
15.62,18.88,1.7165,0.0251,0.00000,0.30610
15.88,18.88,1.7302,0.0175,0.00001,0.36047
16.12,18.88,1.7251,0.0161,0.00020,0.40787
16.38,18.88,1.7247,0.0994,0.00243,0.44920
16.62,18.88,1.7330,0.4465,0.01153,0.47526
16.88,18.88,1.6884,0.9843,0.02560,0.46233
2.62,19.12,0.0000,0.0000,0.00000,0.00000
2.88,19.12,0.0000,0.0000,0.00000,0.00000
3.12,19.12,0.0000,0.0000,0.00000,0.00000
3.38,19.12,0.0000,0.0000,0.00000,0.00000
3.62,19.12,0.0000,0.0000,0.00000,0.00000
3.88,19.12,0.0000,0.0000,0.00000,0.00000
4.12,19.12,0.0000,0.0000,0.00000,0.00000
4.38,19.12,0.0000,0.0000,0.00000,0.00000
4.62,19.12,0.0000,0.0000,0.00000,0.00000
4.88,19.12,0.0000,0.0000,0.00000,0.00000
5.12,19.12,0.0000,0.0000,0.00000,0.00000
5.38,19.12,0.0000,0.0000,0.00000,0.00000
5.62,19.12,0.0002,0.0000,0.00000,0.00001
5.88,19.12,0.0009,0.0000,0.00000,0.00006
6.12,19.12,0.0035,0.0000,0.00000,0.00021
6.38,19.12,0.0114,0.0000,0.00000,0.00061
6.62,19.12,0.0296,0.0000,0.00000,0.00145
6.88,19.12,0.0632,0.0000,0.00000,0.00285
7.12,19.12,0.1137,0.0000,0.00000,0.00477
7.38,19.12,0.1836,0.0000,0.00000,0.00738
7.62,19.12,0.2755,0.0000,0.00000,0.01054
7.88,19.12,0.3812,0.0000,0.00000,0.01338
8.12,19.12,0.4954,0.0000,0.00000,0.01540
8.38,19.12,0.6086,0.0000,0.00000,0.01644
8.62,19.12,0.7158,0.0000,0.00000,0.01682
8.88,19.12,0.8090,0.0000,0.00000,0.01678
9.12,19.12,0.8862,0.0000,0.00000,0.01626
9.38,19.12,0.9562,0.0000,0.00000,0.01542
9.62,19.12,1.0108,0.0000,0.00000,0.01404
9.88,19.12,1.0435,0.0000,0.00000,0.01240
10.12,19.12,1.0691,0.0000,0.00000,0.01105
10.38,19.12,1.0900,0.0000,0.00000,0.00996
10.62,19.12,1.1010,0.0000,0.00000,0.00900
10.88,19.12,1.1137,0.0000,0.00000,0.00831
11.12,19.12,1.1246,0.0000,0.00000,0.00788
11.38,19.12,1.1282,0.0000,0.00000,0.00764
11.62,19.12,1.1371,0.0000,0.00000,0.00791
11.88,19.12,1.1382,0.0000,0.00000,0.00873
12.12,19.12,1.1330,0.0000,0.00000,0.01075
12.38,19.12,1.1404,0.0000,0.00000,0.01472
12.62,19.12,1.1577,0.0000,0.00000,0.02055
12.88,19.12,1.1812,0.0000,0.00000,0.02852
13.12,19.12,1.1996,0.0000,0.00000,0.03903
13.38,19.12,1.2274,0.0000,0.00000,0.05232
13.62,19.12,1.2761,0.0000,0.00000,0.06731
13.88,19.12,1.3266,0.0000,0.00000,0.08286
14.12,19.12,1.3849,0.0000,0.00000,0.10239
14.38,19.12,1.4468,0.0000,0.00000,0.12817
14.62,19.12,1.5140,0.0000,0.00000,0.16222
14.88,19.12,1.5893,0.0004,0.00000,0.20140
15.12,19.12,1.6588,0.0027,0.00000,0.23909
15.38,19.12,1.7084,0.0112,0.00000,0.28349
15.62,19.12,1.7527,0.0257,0.00000,0.34582
15.88,19.12,1.7961,0.0353,0.00007,0.41656
16.12,19.12,1.8068,0.1216,0.00242,0.46930
16.38,19.12,1.8349,1.1642,0.02965,0.51620
16.62,19.12,1.8622,5.4122,0.14052,0.51960
16.88,19.12,1.7868,11.9820,0.31182,0.44214
2.62,19.38,0.0000,0.0000,0.00000,0.00000
2.88,19.38,0.0000,0.0000,0.00000,0.00000
3.12,19.38,0.0000,0.0000,0.00000,0.00000
3.38,19.38,0.0000,0.0000,0.00000,0.00000
3.62,19.38,0.0000,0.0000,0.00000,0.00000
3.88,19.38,0.0000,0.0000,0.00000,0.00000
4.12,19.38,0.0000,0.0000,0.00000,0.00000
4.38,19.38,0.0000,0.0000,0.00000,0.00000
4.62,19.38,0.0000,0.0000,0.00000,0.00000
4.88,19.38,0.0000,0.0000,0.00000,0.00000
5.12,19.38,0.0000,0.0000,0.00000,0.00000
5.38,19.38,0.0000,0.0000,0.00000,0.00000
5.62,19.38,0.0000,0.0000,0.00000,0.00000
5.88,19.38,0.0001,0.0000,0.00000,0.00000
6.12,19.38,0.0003,0.0000,0.00000,0.00002
6.38,19.38,0.0013,0.0000,0.00000,0.00006
6.62,19.38,0.0044,0.0000,0.00000,0.00019
6.88,19.38,0.0115,0.0000,0.00000,0.00048
7.12,19.38,0.0244,0.0000,0.00000,0.00097
7.38,19.38,0.0463,0.0000,0.00000,0.00175
7.62,19.38,0.0795,0.0000,0.00000,0.00280
7.88,19.38,0.1250,0.0000,0.00000,0.00396
8.12,19.38,0.1828,0.0000,0.00000,0.00513
8.38,19.38,0.2455,0.0000,0.00000,0.00611
8.62,19.38,0.3171,0.0000,0.00000,0.00698
8.88,19.38,0.3922,0.0000,0.00000,0.00766
9.12,19.38,0.4666,0.0000,0.00000,0.00802
9.38,19.38,0.5454,0.0000,0.00000,0.00819
9.62,19.38,0.6139,0.0000,0.00000,0.00795
9.88,19.38,0.6741,0.0000,0.00000,0.00764
10.12,19.38,0.7305,0.0000,0.00000,0.00739
10.38,19.38,0.7805,0.0000,0.00000,0.00696
10.62,19.38,0.8304,0.0000,0.00000,0.00656
10.88,19.38,0.8767,0.0000,0.00000,0.00631
11.12,19.38,0.9108,0.0000,0.00000,0.00609
11.38,19.38,0.9452,0.0000,0.00000,0.00607
11.62,19.38,0.9846,0.0000,0.00000,0.00655
11.88,19.38,1.0115,0.0000,0.00000,0.00769
12.12,19.38,1.0323,0.0000,0.00000,0.01022
12.38,19.38,1.0640,0.0000,0.00000,0.01491
12.62,19.38,1.1046,0.0000,0.00000,0.02193
12.88,19.38,1.1509,0.0000,0.00000,0.03197
13.12,19.38,1.1894,0.0000,0.00000,0.04557
13.38,19.38,1.2333,0.0000,0.00000,0.06323
13.62,19.38,1.2899,0.0000,0.00000,0.08317
13.88,19.38,1.3437,0.0000,0.00000,0.10451
14.12,19.38,1.4001,0.0000,0.00000,0.13158
14.38,19.38,1.4531,0.0000,0.00000,0.16171
14.62,19.38,1.5056,0.0000,0.00000,0.19452
14.88,19.38,1.5661,0.0001,0.00000,0.22747
15.12,19.38,1.6386,0.0008,0.00000,0.26233
15.38,19.38,1.6970,0.0067,0.00000,0.30544
15.62,19.38,1.7276,0.0259,0.00000,0.36367
15.88,19.38,1.7703,0.0568,0.00033,0.43143
16.12,19.38,1.7589,0.4623,0.01086,0.46660
16.38,19.38,1.8182,5.1465,0.13290,0.49533
16.62,19.38,2.1419,24.2146,0.62975,0.47424
16.88,19.38,2.5245,53.6865,1.39746,0.35209
2.62,19.62,0.0000,0.0000,0.00000,0.00000
2.88,19.62,0.0000,0.0000,0.00000,0.00000
3.12,19.62,0.0000,0.0000,0.00000,0.00000
3.38,19.62,0.0000,0.0000,0.00000,0.00000
3.62,19.62,0.0000,0.0000,0.00000,0.00000
3.88,19.62,0.0000,0.0000,0.00000,0.00000
4.12,19.62,0.0000,0.0000,0.00000,0.00000
4.38,19.62,0.0000,0.0000,0.00000,0.00000
4.62,19.62,0.0000,0.0000,0.00000,0.00000
4.88,19.62,0.0000,0.0000,0.00000,0.00000
5.12,19.62,0.0000,0.0000,0.00000,0.00000
5.38,19.62,0.0000,0.0000,0.00000,0.00000
5.62,19.62,0.0000,0.0000,0.00000,0.00000
5.88,19.62,0.0000,0.0000,0.00000,0.00000
6.12,19.62,0.0000,0.0000,0.00000,0.00000
6.38,19.62,0.0001,0.0000,0.00000,0.00000
6.62,19.62,0.0004,0.0000,0.00000,0.00002
6.88,19.62,0.0013,0.0000,0.00000,0.00005
7.12,19.62,0.0034,0.0000,0.00000,0.00013
7.38,19.62,0.0073,0.0000,0.00000,0.00026
7.62,19.62,0.0142,0.0000,0.00000,0.00045
7.88,19.62,0.0267,0.0000,0.00000,0.00072
8.12,19.62,0.0451,0.0000,0.00000,0.00109
8.38,19.62,0.0668,0.0000,0.00000,0.00148
8.62,19.62,0.0964,0.0000,0.00000,0.00193
8.88,19.62,0.1325,0.0000,0.00000,0.00234
9.12,19.62,0.1721,0.0000,0.00000,0.00266
9.38,19.62,0.2168,0.0000,0.00000,0.00294
9.62,19.62,0.2596,0.0000,0.00000,0.00309
9.88,19.62,0.3061,0.0000,0.00000,0.00331
10.12,19.62,0.3546,0.0000,0.00000,0.00352
10.38,19.62,0.4002,0.0000,0.00000,0.00350
10.62,19.62,0.4513,0.0000,0.00000,0.00350
10.88,19.62,0.4997,0.0000,0.00000,0.00356
11.12,19.62,0.5399,0.0000,0.00000,0.00354
11.38,19.62,0.5847,0.0000,0.00000,0.00365
11.62,19.62,0.6320,0.0000,0.00000,0.00410
11.88,19.62,0.6754,0.0000,0.00000,0.00514
12.12,19.62,0.7194,0.0000,0.00000,0.00737
12.38,19.62,0.7719,0.0000,0.00000,0.01154
12.62,19.62,0.8323,0.0000,0.00000,0.01833
12.88,19.62,0.9019,0.0000,0.00000,0.02864
13.12,19.62,0.9754,0.0000,0.00000,0.04310
13.38,19.62,1.0596,0.0000,0.00000,0.06266
13.62,19.62,1.1557,0.0000,0.00000,0.08653
13.88,19.62,1.2534,0.0000,0.00000,0.11538
14.12,19.62,1.3460,0.0000,0.00000,0.15079
14.38,19.62,1.4261,0.0000,0.00000,0.18576
14.62,19.62,1.4950,0.0000,0.00000,0.22071
14.88,19.62,1.5405,0.0000,0.00000,0.25219
15.12,19.62,1.6177,0.0003,0.00000,0.29170
15.38,19.62,1.6795,0.0033,0.00000,0.33142
15.62,19.62,1.6898,0.0145,0.00000,0.37164
15.88,19.62,1.7390,0.0472,0.00054,0.41972
16.12,19.62,1.6534,0.7158,0.01791,0.41402
16.38,19.62,1.8639,8.4441,0.21914,0.43690
16.62,19.62,2.7306,39.9044,1.03842,0.45524
16.88,19.62,3.5456,88.5189,2.30434,0.33080
2.62,19.88,0.0000,0.0000,0.00000,0.00000
2.88,19.88,0.0000,0.0000,0.00000,0.00000
3.12,19.88,0.0000,0.0000,0.00000,0.00000
3.38,19.88,0.0000,0.0000,0.00000,0.00000
3.62,19.88,0.0000,0.0000,0.00000,0.00000
3.88,19.88,0.0000,0.0000,0.00000,0.00000
4.12,19.88,0.0000,0.0000,0.00000,0.00000
4.38,19.88,0.0000,0.0000,0.00000,0.00000
4.62,19.88,0.0000,0.0000,0.00000,0.00000
4.88,19.88,0.0000,0.0000,0.00000,0.00000
5.12,19.88,0.0000,0.0000,0.00000,0.00000
5.38,19.88,0.0000,0.0000,0.00000,0.00000
5.62,19.88,0.0000,0.0000,0.00000,0.00000
5.88,19.88,0.0000,0.0000,0.00000,0.00000
6.12,19.88,0.0000,0.0000,0.00000,0.00000
6.38,19.88,0.0000,0.0000,0.00000,0.00000
6.62,19.88,0.0000,0.0000,0.00000,0.00000
6.88,19.88,0.0001,0.0000,0.00000,0.00000
7.12,19.88,0.0003,0.0000,0.00000,0.00001
7.38,19.88,0.0007,0.0000,0.00000,0.00002
7.62,19.88,0.0015,0.0000,0.00000,0.00004
7.88,19.88,0.0035,0.0000,0.00000,0.00008
8.12,19.88,0.0069,0.0000,0.00000,0.00014
8.38,19.88,0.0116,0.0000,0.00000,0.00023
8.62,19.88,0.0190,0.0000,0.00000,0.00035
8.88,19.88,0.0292,0.0000,0.00000,0.00046
9.12,19.88,0.0418,0.0000,0.00000,0.00058
9.38,19.88,0.0570,0.0000,0.00000,0.00070
9.62,19.88,0.0728,0.0000,0.00000,0.00081
9.88,19.88,0.0927,0.0000,0.00000,0.00097
10.12,19.88,0.1154,0.0000,0.00000,0.00113
10.38,19.88,0.1377,0.0000,0.00000,0.00122
10.62,19.88,0.1628,0.0000,0.00000,0.00131
10.88,19.88,0.1873,0.0000,0.00000,0.00140
11.12,19.88,0.2112,0.0000,0.00000,0.00145
11.38,19.88,0.2382,0.0000,0.00000,0.00154
11.62,19.88,0.2646,0.0000,0.00000,0.00177
11.88,19.88,0.2929,0.0000,0.00000,0.00230
12.12,19.88,0.3255,0.0000,0.00000,0.00343
12.38,19.88,0.3628,0.0000,0.00000,0.00567
12.62,19.88,0.4074,0.0000,0.00000,0.00968
12.88,19.88,0.4630,0.0000,0.00000,0.01612
13.12,19.88,0.5315,0.0000,0.00000,0.02555
13.38,19.88,0.6176,0.0000,0.00000,0.03951
13.62,19.88,0.7276,0.0000,0.00000,0.05981
13.88,19.88,0.8608,0.0000,0.00000,0.08834
14.12,19.88,1.0016,0.0000,0.00000,0.12263
14.38,19.88,1.1518,0.0000,0.00000,0.16012
14.62,19.88,1.3090,0.0000,0.00000,0.20489
14.88,19.88,1.4251,0.0000,0.00000,0.24703
15.12,19.88,1.5862,0.0001,0.00000,0.29957
15.38,19.88,1.7184,0.0007,0.00000,0.34326
15.62,19.88,1.8082,0.0035,0.00000,0.38792
15.88,19.88,1.9558,0.0198,0.00033,0.44392
16.12,19.88,1.8030,0.4276,0.01091,0.40823
16.38,19.88,2.0472,5.1365,0.13350,0.40779
16.62,19.88,2.8574,24.3066,0.63264,0.44187
16.88,19.88,3.0757,53.9275,1.40387,0.32284
2.62,20.12,0.0000,0.0000,0.00000,0.00000
2.88,20.12,0.0000,0.0000,0.00000,0.00000
3.12,20.12,0.0000,0.0000,0.00000,0.00000
3.38,20.12,0.0000,0.0000,0.00000,0.00000
3.62,20.12,0.0000,0.0000,0.00000,0.00000
3.88,20.12,0.0000,0.0000,0.00000,0.00000
4.12,20.12,0.0000,0.0000,0.00000,0.00000
4.38,20.12,0.0000,0.0000,0.00000,0.00000
4.62,20.12,0.0000,0.0000,0.00000,0.00000
4.88,20.12,0.0000,0.0000,0.00000,0.00000
5.12,20.12,0.0000,0.0000,0.00000,0.00000
5.38,20.12,0.0000,0.0000,0.00000,0.00000
5.62,20.12,0.0000,0.0000,0.00000,0.00000
5.88,20.12,0.0000,0.0000,0.00000,0.00000
6.12,20.12,0.0000,0.0000,0.00000,0.00000
6.38,20.12,0.0000,0.0000,0.00000,0.00000
6.62,20.12,0.0000,0.0000,0.00000,0.00000
6.88,20.12,0.0000,0.0000,0.00000,0.00000
7.12,20.12,0.0000,0.0000,0.00000,0.00000
7.38,20.12,0.0000,0.0000,0.00000,0.00000
7.62,20.12,0.0001,0.0000,0.00000,0.00000
7.88,20.12,0.0003,0.0000,0.00000,0.00000
8.12,20.12,0.0006,0.0000,0.00000,0.00001
8.38,20.12,0.0012,0.0000,0.00000,0.00002
8.62,20.12,0.0023,0.0000,0.00000,0.00004
8.88,20.12,0.0040,0.0000,0.00000,0.00006
9.12,20.12,0.0064,0.0000,0.00000,0.00008
9.38,20.12,0.0096,0.0000,0.00000,0.00011
9.62,20.12,0.0132,0.0000,0.00000,0.00014
9.88,20.12,0.0178,0.0000,0.00000,0.00018
10.12,20.12,0.0235,0.0000,0.00000,0.00023
10.38,20.12,0.0294,0.0000,0.00000,0.00028
10.62,20.12,0.0356,0.0000,0.00000,0.00032
10.88,20.12,0.0423,0.0000,0.00000,0.00036
11.12,20.12,0.0500,0.0000,0.00000,0.00038
11.38,20.12,0.0586,0.0000,0.00000,0.00042
11.62,20.12,0.0663,0.0000,0.00000,0.00049
11.88,20.12,0.0756,0.0000,0.00000,0.00065
12.12,20.12,0.0872,0.0000,0.00000,0.00097
12.38,20.12,0.1003,0.0000,0.00000,0.00164
12.62,20.12,0.1174,0.0000,0.00000,0.00296
12.88,20.12,0.1413,0.0000,0.00000,0.00522
13.12,20.12,0.1743,0.0000,0.00000,0.00875
13.38,20.12,0.2194,0.0000,0.00000,0.01470
13.62,20.12,0.2854,0.0000,0.00000,0.02517
13.88,20.12,0.3797,0.0000,0.00000,0.04199
14.12,20.12,0.4977,0.0000,0.00000,0.06363
14.38,20.12,0.6543,0.0000,0.00000,0.09331
14.62,20.12,0.8463,0.0000,0.00000,0.13457
14.88,20.12,1.0142,0.0000,0.00000,0.17556
15.12,20.12,1.2232,0.0000,0.00000,0.22564
15.38,20.12,1.4109,0.0001,0.00000,0.26864
15.62,20.12,1.5753,0.0008,0.00000,0.31839
15.88,20.12,1.7824,0.0058,0.00008,0.37973
16.12,20.12,1.6360,0.1033,0.00257,0.34389
16.38,20.12,1.7624,1.2133,0.03150,0.31431
16.62,20.12,2.1836,5.7351,0.14926,0.32253
16.88,20.12,1.8643,12.7233,0.33121,0.23183
2.62,20.38,0.0000,0.0000,0.00000,0.00000
2.88,20.38,0.0000,0.0000,0.00000,0.00000
3.12,20.38,0.0000,0.0000,0.00000,0.00000
3.38,20.38,0.0000,0.0000,0.00000,0.00000
3.62,20.38,0.0000,0.0000,0.00000,0.00000
3.88,20.38,0.0000,0.0000,0.00000,0.00000
4.12,20.38,0.0000,0.0000,0.00000,0.00000
4.38,20.38,0.0000,0.0000,0.00000,0.00000
4.62,20.38,0.0000,0.0000,0.00000,0.00000
4.88,20.38,0.0000,0.0000,0.00000,0.00000
5.12,20.38,0.0000,0.0000,0.00000,0.00000
5.38,20.38,0.0000,0.0000,0.00000,0.00000
5.62,20.38,0.0000,0.0000,0.00000,0.00000
5.88,20.38,0.0000,0.0000,0.00000,0.00000
6.12,20.38,0.0000,0.0000,0.00000,0.00000
6.38,20.38,0.0000,0.0000,0.00000,0.00000
6.62,20.38,0.0000,0.0000,0.00000,0.00000
6.88,20.38,0.0000,0.0000,0.00000,0.00000
7.12,20.38,0.0000,0.0000,0.00000,0.00000
7.38,20.38,0.0000,0.0000,0.00000,0.00000
7.62,20.38,0.0000,0.0000,0.00000,0.00000
7.88,20.38,0.0000,0.0000,0.00000,0.00000
8.12,20.38,0.0000,0.0000,0.00000,0.00000
8.38,20.38,0.0001,0.0000,0.00000,0.00000
8.62,20.38,0.0002,0.0000,0.00000,0.00000
8.88,20.38,0.0004,0.0000,0.00000,0.00000
9.12,20.38,0.0007,0.0000,0.00000,0.00001
9.38,20.38,0.0012,0.0000,0.00000,0.00001
9.62,20.38,0.0017,0.0000,0.00000,0.00002
9.88,20.38,0.0024,0.0000,0.00000,0.00002
10.12,20.38,0.0033,0.0000,0.00000,0.00003
10.38,20.38,0.0043,0.0000,0.00000,0.00004
10.62,20.38,0.0052,0.0000,0.00000,0.00006
10.88,20.38,0.0064,0.0000,0.00000,0.00006
11.12,20.38,0.0080,0.0000,0.00000,0.00007
11.38,20.38,0.0097,0.0000,0.00000,0.00008
11.62,20.38,0.0111,0.0000,0.00000,0.00009
11.88,20.38,0.0130,0.0000,0.00000,0.00012
12.12,20.38,0.0155,0.0000,0.00000,0.00018
12.38,20.38,0.0183,0.0000,0.00000,0.00031
12.62,20.38,0.0223,0.0000,0.00000,0.00059
12.88,20.38,0.0285,0.0000,0.00000,0.00109
13.12,20.38,0.0379,0.0000,0.00000,0.00195
13.38,20.38,0.0520,0.0000,0.00000,0.00366
13.62,20.38,0.0757,0.0000,0.00000,0.00721
13.88,20.38,0.1161,0.0000,0.00000,0.01365
14.12,20.38,0.1771,0.0000,0.00000,0.02325
14.38,20.38,0.2733,0.0000,0.00000,0.03965
14.62,20.38,0.4028,0.0000,0.00000,0.06420
14.88,20.38,0.5255,0.0000,0.00000,0.08940
15.12,20.38,0.6729,0.0000,0.00000,0.12022
15.38,20.38,0.8131,0.0000,0.00000,0.14833
15.62,20.38,0.9423,0.0004,0.00000,0.18202
15.88,20.38,1.0910,0.0022,0.00001,0.22269
16.12,20.38,1.0029,0.0141,0.00028,0.20168
16.38,20.38,1.0426,0.1357,0.00348,0.17337
16.62,20.38,1.2220,0.6341,0.01649,0.16821
16.88,20.38,0.9429,1.4058,0.03659,0.11892
