x,y,rho,contact,casualty,pressure
2.62,0.12,0.2700,0.0004,0.00000,0.03472
2.88,0.12,0.7581,0.0026,0.00000,0.07029
3.12,0.12,1.1823,0.0101,0.00000,0.10108
3.38,0.12,1.0218,0.0175,0.00000,0.10860
3.62,0.12,0.9159,0.0137,0.00000,0.11593
3.88,0.12,1.0772,0.0064,0.00000,0.12566
4.12,0.12,1.3685,0.0032,0.00000,0.12218
4.38,0.12,1.6545,0.0018,0.00000,0.11300
4.62,0.12,1.6012,0.0018,0.00000,0.10478
4.88,0.12,1.4278,0.0027,0.00000,0.09535
5.12,0.12,1.4527,0.0035,0.00000,0.08413
5.38,0.12,1.5021,0.0029,0.00000,0.06932
5.62,0.12,1.4515,0.0014,0.00000,0.05716
5.88,0.12,1.4432,0.0008,0.00000,0.05354
6.12,0.12,1.5089,0.0044,0.00000,0.05596
6.38,0.12,1.5742,0.0206,0.00000,0.06120
6.62,0.12,1.4862,0.0921,0.00000,0.06733
6.88,0.12,1.4950,0.7657,0.00000,0.07796
7.12,0.12,1.4405,3.5376,0.00000,0.07639
7.38,0.12,0.9660,7.8363,0.00000,0.05089
2.62,0.38,0.4931,0.0008,0.00000,0.06628
2.88,0.38,1.2623,0.0054,0.00000,0.13144
3.12,0.38,1.8933,0.0204,0.00000,0.18219
3.38,0.38,1.6760,0.0341,0.00000,0.18146
3.62,0.38,1.5309,0.0255,0.00000,0.17297
3.88,0.38,1.5647,0.0114,0.00000,0.17047
4.12,0.38,1.6602,0.0052,0.00000,0.15528
4.38,0.38,1.9026,0.0030,0.00000,0.13944
4.62,0.38,1.8875,0.0040,0.00000,0.12862
4.88,0.38,1.7239,0.0067,0.00000,0.11456
5.12,0.38,1.6750,0.0088,0.00000,0.09910
5.38,0.38,1.7417,0.0087,0.00000,0.08412
5.62,0.38,1.8023,0.0051,0.00000,0.07168
5.88,0.38,1.7931,0.0020,0.00000,0.06826
6.12,0.38,1.7862,0.0061,0.00000,0.07255
6.38,0.38,1.8181,0.0284,0.00000,0.07706
6.62,0.38,1.5869,0.1325,0.00000,0.07697
6.88,0.38,1.7001,1.1218,0.00000,0.08937
7.12,0.38,1.9359,5.1803,0.00000,0.09492
7.38,0.38,1.4148,11.4673,0.00000,0.06648
2.62,0.62,0.7196,0.0013,0.00000,0.08142
2.88,0.62,1.4800,0.0091,0.00000,0.15709
3.12,0.62,1.9632,0.0345,0.00000,0.20881
3.38,0.62,1.8425,0.0563,0.00000,0.19556
3.62,0.62,1.9207,0.0388,0.00000,0.17337
3.88,0.62,1.8902,0.0147,0.00000,0.16415
4.12,0.62,1.7627,0.0052,0.00000,0.15101
4.38,0.62,1.8204,0.0027,0.00000,0.13504
4.62,0.62,1.8805,0.0048,0.00000,0.11953
4.88,0.62,1.9282,0.0088,0.00000,0.10274
5.12,0.62,1.8555,0.0115,0.00000,0.08964
5.38,0.62,1.8174,0.0126,0.00000,0.08070
5.62,0.62,1.9153,0.0080,0.00000,0.07047
5.88,0.62,1.9849,0.0028,0.00000,0.06636
6.12,0.62,1.9864,0.0039,0.00000,0.06853
6.38,0.62,2.0308,0.0182,0.00000,0.07021
6.62,0.62,1.6844,0.1088,0.00000,0.06529
6.88,0.62,1.7080,1.0126,0.00000,0.07390
7.12,0.62,2.0433,4.6924,0.00000,0.08363
7.38,0.62,1.5525,10.3788,0.00000,0.06115
2.62,0.88,1.1244,0.0013,0.00000,0.06958
2.88,0.88,1.7788,0.0101,0.00000,0.12794
3.12,0.88,1.8460,0.0407,0.00000,0.16080
3.38,0.88,1.7538,0.0668,0.00000,0.14612
3.62,0.88,2.0741,0.0449,0.00000,0.12983
3.88,0.88,2.0234,0.0165,0.00000,0.12121
4.12,0.88,1.8957,0.0053,0.00000,0.11301
4.38,0.88,1.9260,0.0017,0.00000,0.10405
4.62,0.88,2.0015,0.0026,0.00000,0.09229
4.88,0.88,2.1550,0.0048,0.00000,0.07784
5.12,0.88,2.0643,0.0063,0.00000,0.06877
5.38,0.88,1.9570,0.0073,0.00000,0.06492
5.62,0.88,2.0390,0.0048,0.00000,0.05758
5.88,0.88,2.1716,0.0015,0.00000,0.05414
6.12,0.88,2.0810,0.0012,0.00000,0.05376
6.38,0.88,2.0935,0.0078,0.00000,0.05380
6.62,0.88,1.8815,0.0850,0.00000,0.04879
6.88,0.88,1.9472,0.8593,0.00000,0.05255
7.12,0.88,2.3318,3.9697,0.00000,0.06162
7.38,0.88,1.7955,8.7708,0.00000,0.04668
2.62,1.12,1.5811,0.0006,0.00000,0.05354
2.88,1.12,2.2154,0.0054,0.00000,0.09178
3.12,1.12,1.9382,0.0226,0.00000,0.10638
3.38,1.12,1.8216,0.0379,0.00000,0.09650
3.62,1.12,2.2749,0.0276,0.00000,0.09428
3.88,1.12,2.1210,0.0136,0.00000,0.08949
4.12,1.12,2.0481,0.0055,0.00000,0.08124
4.38,1.12,2.1979,0.0013,0.00000,0.07699
4.62,1.12,2.2222,0.0006,0.00000,0.07262
4.88,1.12,2.2715,0.0010,0.00000,0.06332
5.12,1.12,2.2255,0.0014,0.00000,0.05596
5.38,1.12,2.2673,0.0016,0.00000,0.05303
5.62,1.12,2.3399,0.0011,0.00000,0.04800
5.88,1.12,2.4373,0.0004,0.00000,0.04528
6.12,1.12,2.1818,0.0009,0.00000,0.04254
6.38,1.12,2.1552,0.0119,0.00000,0.04302
6.62,1.12,2.1916,0.1054,0.00000,0.04150
6.88,1.12,2.3706,0.8163,0.00000,0.04302
7.12,1.12,2.7719,3.5631,0.00000,0.04926
7.38,1.12,2.1250,7.8123,0.00000,0.03795
2.62,1.38,1.7787,0.0001,0.00000,0.04175
2.88,1.38,2.3523,0.0012,0.00000,0.06475
3.12,1.38,1.8770,0.0049,0.00000,0.06634
3.38,1.38,1.8111,0.0087,0.00000,0.06058
3.62,1.38,2.3927,0.0079,0.00000,0.06756
3.88,1.38,2.2583,0.0060,0.00000,0.06766
4.12,1.38,2.2300,0.0030,0.00000,0.06219
4.38,1.38,2.3131,0.0007,0.00000,0.05981
4.62,1.38,2.3224,0.0001,0.00000,0.05912
4.88,1.38,2.3928,0.0001,0.00000,0.05549
5.12,1.38,2.4262,0.0001,0.00000,0.04938
5.38,1.38,2.5636,0.0001,0.00000,0.04525
5.62,1.38,2.4650,0.0001,0.00000,0.04010
5.88,1.38,2.4256,0.0001,0.00000,0.03702
6.12,1.38,2.1057,0.0013,0.00000,0.03327
6.38,1.38,2.1241,0.0178,0.00000,0.03430
6.62,1.38,2.4288,0.1271,0.00000,0.03645
6.88,1.38,2.5713,0.7893,0.00000,0.03770
7.12,1.38,2.7928,3.2481,0.00000,0.04149
7.38,1.38,2.1016,7.0591,0.00000,0.03213
2.62,1.62,1.9685,0.0000,0.00000,0.03757
2.88,1.62,2.5119,0.0001,0.00000,0.05216
3.12,1.62,1.8720,0.0004,0.00000,0.04526
3.38,1.62,1.7637,0.0008,0.00000,0.04029
3.62,1.62,2.3974,0.0011,0.00000,0.04878
3.88,1.62,2.4749,0.0012,0.00000,0.05010
4.12,1.62,2.5693,0.0007,0.00000,0.04885
4.38,1.62,2.3881,0.0001,0.00000,0.04826
4.62,1.62,2.3678,0.0000,0.00000,0.04870
4.88,1.62,2.5606,0.0000,0.00000,0.04856
5.12,1.62,2.5999,0.0000,0.00000,0.04352
5.38,1.62,2.7027,0.0000,0.00000,0.03907
5.62,1.62,2.5084,0.0000,0.00000,0.03340
5.88,1.62,2.4686,0.0001,0.00000,0.03038
6.12,1.62,2.1627,0.0009,0.00000,0.02744
6.38,1.62,2.1211,0.0109,0.00000,0.02831
6.62,1.62,2.5209,0.0737,0.00000,0.03200
6.88,1.62,2.6290,0.4348,0.00000,0.03348
7.12,1.62,2.7280,1.7611,0.00000,0.03598
7.38,1.62,2.0268,3.8176,0.00000,0.02748
2.62,1.88,2.0250,0.0000,0.00000,0.03434
2.88,1.88,2.5683,0.0000,0.00000,0.04547
3.12,1.88,1.9469,0.0000,0.00000,0.03609
3.38,1.88,1.9180,0.0000,0.00000,0.03061
3.62,1.88,2.5489,0.0001,0.00000,0.03679
3.88,1.88,2.6488,0.0001,0.00000,0.03711
4.12,1.88,2.7390,0.0001,0.00000,0.03711
4.38,1.88,2.4057,0.0000,0.00000,0.03641
4.62,1.88,2.3730,0.0000,0.00000,0.03782
4.88,1.88,2.5752,0.0000,0.00000,0.03998
5.12,1.88,2.6219,0.0000,0.00000,0.03632
5.38,1.88,2.7739,0.0000,0.00000,0.03358
5.62,1.88,2.5845,0.0000,0.00000,0.02941
5.88,1.88,2.5452,0.0004,0.00000,0.02645
6.12,1.88,2.2910,0.0018,0.00000,0.02384
6.38,1.88,2.2615,0.0051,0.00000,0.02394
6.62,1.88,2.7006,0.0181,0.00000,0.02719
6.88,1.88,2.7525,0.0963,0.00000,0.02821
7.12,1.88,2.7670,0.3870,0.00000,0.02965
7.38,1.88,2.0381,0.8381,0.00000,0.02223
2.62,2.12,2.0136,0.0000,0.00000,0.02794
2.88,2.12,2.5743,0.0000,0.00000,0.03631
3.12,2.12,2.0602,0.0000,0.00000,0.02801
3.38,2.12,2.1088,0.0000,0.00000,0.02341
3.62,2.12,2.6151,0.0000,0.00000,0.02732
3.88,2.12,2.6193,0.0000,0.00000,0.02747
4.12,2.12,2.6813,0.0000,0.00000,0.02789
4.38,2.12,2.3783,0.0000,0.00000,0.02648
4.62,2.12,2.3916,0.0000,0.00000,0.02838
4.88,2.12,2.5198,0.0000,0.00000,0.03158
5.12,2.12,2.5417,0.0000,0.00000,0.02933
5.38,2.12,2.7838,0.0001,0.00000,0.02863
5.62,2.12,2.6413,0.0003,0.00000,0.02661
5.88,2.12,2.5360,0.0018,0.00000,0.02402
6.12,2.12,2.3414,0.0074,0.00000,0.02151
6.38,2.12,2.4034,0.0125,0.00000,0.02076
6.62,2.12,2.8892,0.0092,0.00000,0.02312
6.88,2.12,2.9251,0.0099,0.00000,0.02345
7.12,2.12,2.9152,0.0320,0.00000,0.02397
7.38,2.12,2.1421,0.0687,0.00000,0.01775
2.62,2.38,2.0633,0.0000,0.00000,0.02331
2.88,2.38,2.6707,0.0000,0.00000,0.03004
3.12,2.38,2.2407,0.0000,0.00000,0.02318
3.38,2.38,2.1979,0.0000,0.00000,0.01917
3.62,2.38,2.4159,0.0000,0.00000,0.02099
3.88,2.38,2.4845,0.0000,0.00000,0.02126
4.12,2.38,2.7182,0.0000,0.00000,0.02245
4.38,2.38,2.4712,0.0000,0.00000,0.02127
4.62,2.38,2.4331,0.0000,0.00000,0.02247
4.88,2.38,2.4434,0.0000,0.00000,0.02447
5.12,2.38,2.4486,0.0001,0.00000,0.02305
5.38,2.38,2.7244,0.0006,0.00000,0.02327
5.62,2.38,2.7386,0.0012,0.00000,0.02230
5.88,2.38,2.6999,0.0033,0.00000,0.02103
6.12,2.38,2.5571,0.0122,0.00000,0.01969
6.38,2.38,2.5450,0.0203,0.00000,0.01911
6.62,2.38,2.8969,0.0130,0.00000,0.02118
6.88,2.38,2.9512,0.0035,0.00000,0.02100
7.12,2.38,3.0069,0.0013,0.00000,0.02091
7.38,2.38,2.2235,0.0021,0.00000,0.01537
2.62,2.62,2.0747,0.0000,0.00000,0.01839
2.88,2.62,2.7383,0.0000,0.00000,0.02398
3.12,2.62,2.4803,0.0000,0.00000,0.01953
3.38,2.62,2.4581,0.0000,0.00000,0.01686
3.62,2.62,2.4023,0.0000,0.00000,0.01739
3.88,2.62,2.4347,0.0000,0.00000,0.01766
4.12,2.62,2.7772,0.0000,0.00000,0.01926
4.38,2.62,2.7074,0.0000,0.00000,0.01854
4.62,2.62,2.6708,0.0000,0.00000,0.01870
4.88,2.62,2.5091,0.0001,0.00000,0.01910
5.12,2.62,2.5188,0.0003,0.00000,0.01829
5.38,2.62,2.7494,0.0010,0.00000,0.01840
5.62,2.62,2.8484,0.0017,0.00000,0.01755
5.88,2.62,2.8597,0.0026,0.00000,0.01698
6.12,2.62,2.7770,0.0076,0.00000,0.01675
6.38,2.62,2.7557,0.0123,0.00000,0.01720
6.62,2.62,2.9524,0.0078,0.00000,0.01932
6.88,2.62,2.8725,0.0020,0.00000,0.01839
7.12,2.62,2.8684,0.0002,0.00000,0.01750
7.38,2.62,2.1129,0.0000,0.00000,0.01271
2.62,2.88,2.1938,0.0000,0.00000,0.01449
2.88,2.88,2.9287,0.0000,0.00000,0.01908
3.12,2.88,2.7569,0.0000,0.00000,0.01646
3.38,2.88,2.7083,0.0000,0.00000,0.01499
3.62,2.88,2.4653,0.0000,0.00000,0.01474
3.88,2.88,2.4907,0.0000,0.00000,0.01495
4.12,2.88,2.8674,0.0000,0.00000,0.01652
4.38,2.88,2.9354,0.0000,0.00000,0.01597
4.62,2.88,2.9386,0.0001,0.00000,0.01565
4.88,2.88,2.6986,0.0002,0.00000,0.01616
5.12,2.88,2.7321,0.0005,0.00000,0.01656
5.38,2.88,2.8486,0.0008,0.00000,0.01562
5.62,2.88,2.9513,0.0010,0.00000,0.01410
5.88,2.88,2.9712,0.0009,0.00000,0.01353
6.12,2.88,2.9572,0.0018,0.00000,0.01360
6.38,2.88,2.9403,0.0028,0.00000,0.01408
6.62,2.88,2.9976,0.0017,0.00000,0.01571
6.88,2.88,2.8791,0.0004,0.00000,0.01533
7.12,2.88,2.9105,0.0000,0.00000,0.01505
7.38,2.88,2.1531,0.0000,0.00000,0.01102
2.62,3.12,2.3280,0.0000,0.00000,0.01260
2.88,3.12,3.1364,0.0000,0.00000,0.01668
3.12,3.12,3.0367,0.0000,0.00000,0.01492
3.38,3.12,2.9495,0.0000,0.00000,0.01371
3.62,3.12,2.5331,0.0000,0.00000,0.01254
3.88,3.12,2.5618,0.0000,0.00000,0.01254
4.12,3.12,2.8998,0.0000,0.00000,0.01377
4.38,3.12,2.9136,0.0000,0.00000,0.01335
4.62,3.12,2.8855,0.0001,0.00000,0.01322
4.88,3.12,2.7315,0.0004,0.00000,0.01442
5.12,3.12,2.9005,0.0007,0.00000,0.01589
5.38,3.12,2.9670,0.0005,0.00000,0.01415
5.62,3.12,3.0125,0.0003,0.00000,0.01200
5.88,3.12,2.9877,0.0002,0.00000,0.01133
6.12,3.12,3.0518,0.0002,0.00000,0.01152
6.38,3.12,3.0652,0.0002,0.00000,0.01164
6.62,3.12,3.1053,0.0001,0.00000,0.01265
6.88,3.12,3.0179,0.0000,0.00000,0.01277
7.12,3.12,3.0868,0.0000,0.00000,0.01304
7.38,3.12,2.2896,0.0000,0.00000,0.00964
2.62,3.38,2.2955,0.0000,0.00000,0.01105
2.88,3.38,3.1206,0.0000,0.00000,0.01473
3.12,3.38,3.1156,0.0000,0.00000,0.01356
3.38,3.38,3.0680,0.0000,0.00000,0.01250
3.62,3.38,2.5744,0.0000,0.00000,0.01090
3.88,3.38,2.5111,0.0000,0.00000,0.01076
4.12,3.38,2.6922,0.0000,0.00000,0.01135
4.38,3.38,2.7695,0.0000,0.00000,0.01098
4.62,3.38,2.8425,0.0001,0.00000,0.01088
4.88,3.38,2.6731,0.0003,0.00000,0.01147
5.12,3.38,2.8107,0.0004,0.00000,0.01264
5.38,3.38,2.9058,0.0003,0.00000,0.01161
5.62,3.38,3.0361,0.0001,0.00000,0.01044
5.88,3.38,2.9847,0.0000,0.00000,0.01018
6.12,3.38,3.0109,0.0000,0.00000,0.01068
6.38,3.38,3.0851,0.0000,0.00000,0.01065
6.62,3.38,3.2959,0.0000,0.00000,0.01119
6.88,3.38,3.1794,0.0000,0.00000,0.01093
7.12,3.38,3.1324,0.0000,0.00000,0.01087
7.38,3.38,2.2974,0.0000,0.00000,0.00799
2.62,3.62,2.2493,0.0000,0.00000,0.00998
2.88,3.62,3.0534,0.0000,0.00000,0.01330
3.12,3.62,3.0296,0.0000,0.00000,0.01223
3.38,3.62,2.9744,0.0000,0.00000,0.01114
3.62,3.62,2.5929,0.0000,0.00000,0.00972
3.88,3.62,2.6056,0.0000,0.00000,0.00964
4.12,3.62,2.6362,0.0000,0.00000,0.00960
4.38,3.62,2.6367,0.0000,0.00000,0.00909
4.62,3.62,2.7420,0.0001,0.00000,0.00891
4.88,3.62,2.6824,0.0003,0.00000,0.00903
5.12,3.62,2.8490,0.0005,0.00000,0.00979
5.38,3.62,2.8863,0.0003,0.00000,0.00937
5.62,3.62,3.1002,0.0001,0.00000,0.00921
5.88,3.62,3.1597,0.0000,0.00000,0.00959
6.12,3.62,3.1886,0.0000,0.00000,0.01039
6.38,3.62,3.1060,0.0000,0.00000,0.00989
6.62,3.62,3.2545,0.0000,0.00000,0.00980
6.88,3.62,3.1811,0.0000,0.00000,0.00947
7.12,3.62,3.1592,0.0000,0.00000,0.00944
7.38,3.62,2.3204,0.0000,0.00000,0.00694
2.62,3.88,2.2195,0.0000,0.00000,0.00850
2.88,3.88,3.0332,0.0000,0.00000,0.01140
3.12,3.88,3.0892,0.0000,0.00000,0.01076
3.38,3.88,3.1149,0.0000,0.00000,0.01008
3.62,3.88,2.7448,0.0000,0.00000,0.00882
3.88,3.88,2.7304,0.0000,0.00000,0.00854
4.12,3.88,2.6914,0.0000,0.00000,0.00817
4.38,3.88,2.6842,0.0000,0.00000,0.00805
4.62,3.88,2.7811,0.0002,0.00000,0.00825
4.88,3.88,2.8350,0.0011,0.00000,0.00883
5.12,3.88,3.1111,0.0018,0.00000,0.00989
5.38,3.88,3.0999,0.0013,0.00000,0.00908
5.62,3.88,3.2581,0.0006,0.00000,0.00862
5.88,3.88,3.2795,0.0002,0.00000,0.00880
6.12,3.88,3.3586,0.0000,0.00000,0.00946
6.38,3.88,3.1964,0.0000,0.00000,0.00881
6.62,3.88,3.2147,0.0000,0.00000,0.00853
6.88,3.88,3.1712,0.0000,0.00000,0.00834
7.12,3.88,3.2192,0.0000,0.00000,0.00846
7.38,3.88,2.3791,0.0000,0.00000,0.00625
2.62,4.12,2.3275,0.0000,0.00000,0.00736
2.88,4.12,3.1787,0.0000,0.00000,0.00997
3.12,4.12,3.2302,0.0000,0.00000,0.00982
3.38,4.12,3.2567,0.0000,0.00000,0.00960
3.62,4.12,2.8968,0.0000,0.00000,0.00837
3.88,4.12,2.8704,0.0000,0.00000,0.00786
4.12,4.12,2.8026,0.0000,0.00000,0.00732
4.38,4.12,2.8505,0.0000,0.00000,0.00748
4.62,4.12,2.8962,0.0004,0.00000,0.00796
4.88,4.12,2.8860,0.0018,0.00000,0.00911
5.12,4.12,3.1945,0.0031,0.00000,0.01069
5.38,4.12,3.2336,0.0027,0.00000,0.00944
5.62,4.12,3.3885,0.0020,0.00000,0.00843
5.88,4.12,3.3270,0.0010,0.00000,0.00823
6.12,4.12,3.4056,0.0002,0.00000,0.00868
6.38,4.12,3.2951,0.0000,0.00000,0.00807
6.62,4.12,3.3341,0.0001,0.00000,0.00786
6.88,4.12,3.2815,0.0003,0.00000,0.00777
7.12,4.12,3.3254,0.0006,0.00000,0.00793
7.38,4.12,2.4570,0.0005,0.00000,0.00587
2.62,4.38,2.4026,0.0000,0.00000,0.00693
2.88,4.38,3.2706,0.0000,0.00000,0.00949
3.12,4.38,3.2831,0.0000,0.00000,0.00975
3.38,4.38,3.2809,0.0000,0.00000,0.00986
3.62,4.38,2.9608,0.0000,0.00000,0.00841
3.88,4.38,2.9734,0.0000,0.00000,0.00756
4.12,4.38,2.8923,0.0000,0.00000,0.00685
4.38,4.38,2.9046,0.0000,0.00000,0.00696
4.62,4.38,2.8889,0.0002,0.00000,0.00729
4.88,4.38,2.9159,0.0011,0.00000,0.00822
5.12,4.38,3.2280,0.0021,0.00000,0.00955
5.38,4.38,3.2207,0.0027,0.00000,0.00858
5.62,4.38,3.3757,0.0029,0.00000,0.00793
5.88,4.38,3.3511,0.0016,0.00000,0.00787
6.12,4.38,3.4459,0.0004,0.00000,0.00835
6.38,4.38,3.3705,0.0002,0.00000,0.00780
6.62,4.38,3.4799,0.0008,0.00000,0.00765
6.88,4.38,3.3637,0.0033,0.00000,0.00741
7.12,4.38,3.3124,0.0058,0.00000,0.00738
7.38,4.38,2.4281,0.0049,0.00000,0.00542
2.62,4.62,2.3624,0.0000,0.00000,0.00674
2.88,4.62,3.2211,0.0000,0.00000,0.00937
3.12,4.62,3.2538,0.0000,0.00000,0.01011
3.38,4.62,3.2806,0.0000,0.00000,0.01063
3.62,4.62,2.9830,0.0000,0.00000,0.00879
3.88,4.62,2.9736,0.0000,0.00000,0.00741
4.12,4.62,2.8917,0.0000,0.00000,0.00663
4.38,4.62,3.0026,0.0000,0.00000,0.00684
4.62,4.62,3.0624,0.0001,0.00000,0.00701
4.88,4.62,3.1178,0.0003,0.00000,0.00732
5.12,4.62,3.3385,0.0006,0.00000,0.00800
5.38,4.62,3.2778,0.0012,0.00000,0.00751
5.62,4.62,3.4197,0.0017,0.00000,0.00744
5.88,4.62,3.4218,0.0011,0.00000,0.00754
6.12,4.62,3.5502,0.0006,0.00000,0.00802
6.38,4.62,3.4563,0.0009,0.00000,0.00760
6.62,4.62,3.5691,0.0037,0.00000,0.00757
6.88,4.62,3.4257,0.0151,0.00000,0.00731
7.12,4.62,3.3330,0.0289,0.00000,0.00721
7.38,4.62,2.4335,0.0299,0.00000,0.00529
2.62,4.88,2.3243,0.0001,0.00000,0.00682
2.88,4.88,3.1731,0.0002,0.00000,0.00954
3.12,4.88,3.2226,0.0001,0.00000,0.01058
3.38,4.88,3.2935,0.0000,0.00000,0.01137
3.62,4.88,3.0784,0.0000,0.00000,0.00930
3.88,4.88,3.1022,0.0001,0.00000,0.00757
4.12,4.88,2.9723,0.0002,0.00000,0.00666
4.38,4.88,3.0706,0.0002,0.00000,0.00678
4.62,4.88,3.1577,0.0002,0.00000,0.00683
4.88,4.88,3.2400,0.0001,0.00000,0.00688
5.12,4.88,3.4230,0.0001,0.00000,0.00735
5.38,4.88,3.3330,0.0003,0.00000,0.00721
5.62,4.88,3.4131,0.0004,0.00000,0.00748
5.88,4.88,3.4575,0.0006,0.00000,0.00763
6.12,4.88,3.6152,0.0016,0.00000,0.00799
6.38,4.88,3.4349,0.0032,0.00000,0.00758
6.62,4.88,3.4800,0.0089,0.00000,0.00757
6.88,4.88,3.4253,0.0397,0.00000,0.00754
7.12,4.88,3.4284,0.1057,0.00000,0.00771
7.38,4.88,2.5184,0.1699,0.00000,0.00570
2.62,5.12,2.3897,0.0023,0.00000,0.00681
2.88,5.12,3.2551,0.0019,0.00000,0.00954
3.12,5.12,3.2739,0.0011,0.00000,0.01055
3.38,5.12,3.3342,0.0007,0.00000,0.01138
3.62,5.12,3.1373,0.0007,0.00000,0.00938
3.88,5.12,3.1345,0.0013,0.00000,0.00760
4.12,5.12,2.9950,0.0020,0.00000,0.00662
4.38,5.12,3.1008,0.0022,0.00000,0.00671
4.62,5.12,3.1821,0.0022,0.00000,0.00682
4.88,5.12,3.1924,0.0014,0.00000,0.00672
5.12,5.12,3.2918,0.0005,0.00000,0.00697
5.38,5.12,3.2751,0.0003,0.00000,0.00718
5.62,5.12,3.3841,0.0003,0.00000,0.00781
5.88,5.12,3.4245,0.0007,0.00000,0.00793
6.12,5.12,3.5253,0.0028,0.00000,0.00798
6.38,5.12,3.3651,0.0060,0.00000,0.00757
6.62,5.12,3.4487,0.0178,0.00000,0.00768
6.88,5.12,3.3963,0.1032,0.00000,0.00800
7.12,5.12,3.3735,0.3796,0.00000,0.00850
7.38,5.12,2.4648,0.7627,0.00000,0.00636
2.62,5.38,2.5153,0.0468,0.00000,0.00714
2.88,5.38,3.4031,0.0264,0.00000,0.00984
3.12,5.38,3.3265,0.0110,0.00000,0.01037
3.38,5.38,3.3202,0.0072,0.00000,0.01082
3.62,5.38,3.2088,0.0070,0.00000,0.00916
3.88,5.38,3.2606,0.0075,0.00000,0.00772
4.12,5.38,3.0706,0.0092,0.00000,0.00689
4.38,5.38,3.0946,0.0099,0.00000,0.00723
4.62,5.38,3.1378,0.0101,0.00000,0.00765
4.88,5.38,3.1726,0.0065,0.00000,0.00720
5.12,5.38,3.2760,0.0028,0.00000,0.00690
5.38,5.38,3.3478,0.0019,0.00000,0.00710
5.62,5.38,3.4884,0.0015,0.00000,0.00784
5.88,5.38,3.5088,0.0020,0.00000,0.00800
6.12,5.38,3.5567,0.0044,0.00000,0.00783
6.38,5.38,3.4113,0.0095,0.00000,0.00739
6.62,5.38,3.5142,0.0378,0.00000,0.00772
6.88,5.38,3.4341,0.2375,0.00000,0.00849
7.12,5.38,3.3270,0.9240,0.00000,0.00934
7.38,5.38,2.3941,1.9167,0.00000,0.00714
2.62,5.62,2.4195,0.5364,0.00000,0.00814
2.88,5.62,3.2943,0.2700,0.00000,0.01104
3.12,5.62,3.2991,0.0942,0.00000,0.01135
3.38,5.62,3.3790,0.0469,0.00000,0.01153
3.62,5.62,3.3464,0.0348,0.00000,0.00963
3.88,5.62,3.4876,0.0227,0.00000,0.00812
4.12,5.62,3.2596,0.0177,0.00000,0.00738
4.38,5.62,3.1760,0.0174,0.00000,0.00795
4.62,5.62,3.1513,0.0185,0.00000,0.00860
4.88,5.62,3.2558,0.0138,0.00000,0.00794
5.12,5.62,3.3774,0.0082,0.00000,0.00721
5.38,5.62,3.4367,0.0063,0.00000,0.00717
5.62,5.62,3.5768,0.0064,0.00000,0.00766
5.88,5.62,3.6074,0.0119,0.00000,0.00791
6.12,5.62,3.6466,0.0206,0.00000,0.00795
6.38,5.62,3.5489,0.0287,0.00000,0.00760
6.62,5.62,3.6621,0.0787,0.00000,0.00807
6.88,5.62,3.6236,0.3978,0.00000,0.00932
7.12,5.62,3.4923,1.4383,0.00000,0.01058
7.38,5.62,2.4802,2.9164,0.00000,0.00826
2.62,5.88,2.3888,2.6179,0.00000,0.01024
2.88,5.88,3.2656,1.3535,0.00000,0.01364
3.12,5.88,3.3497,0.5462,0.00000,0.01447
3.38,5.88,3.4919,0.2497,0.00000,0.01464
3.62,5.88,3.4134,0.1194,0.00000,0.01133
3.88,5.88,3.5527,0.0504,0.00000,0.00855
4.12,5.88,3.4040,0.0203,0.00000,0.00748
4.38,5.88,3.3783,0.0161,0.00000,0.00782
4.62,5.88,3.3271,0.0198,0.00000,0.00827
4.88,5.88,3.3863,0.0221,0.00000,0.00802
5.12,5.88,3.4798,0.0218,0.00000,0.00771
5.38,5.88,3.5825,0.0203,0.00000,0.00782
5.62,5.88,3.6758,0.0231,0.00000,0.00812
5.88,5.88,3.6244,0.0491,0.00000,0.00872
6.12,5.88,3.6795,0.0880,0.00000,0.00939
6.38,5.88,3.6828,0.1073,0.00000,0.00903
6.62,5.88,3.7959,0.1609,0.00000,0.00946
6.88,5.88,3.7988,0.5393,0.00000,0.01146
7.12,5.88,3.6973,1.7241,0.00000,0.01349
7.38,5.88,2.6208,3.3457,0.00000,0.01061
2.62,6.12,2.4792,5.7523,0.00000,0.01413
2.88,6.12,3.3604,3.3112,0.00000,0.01896
3.12,6.12,3.4259,1.8192,0.00000,0.02214
3.38,6.12,3.5588,0.9795,0.00000,0.02250
3.62,6.12,3.4488,0.4411,0.00000,0.01603
3.88,6.12,3.5773,0.1731,0.00000,0.01033
4.12,6.12,3.5132,0.0515,0.00000,0.00845
4.38,6.12,3.5142,0.0285,0.00000,0.00865
4.62,6.12,3.4647,0.0319,0.00000,0.00867
4.88,6.12,3.5432,0.0424,0.00000,0.00854
5.12,6.12,3.5931,0.0574,0.00000,0.00891
5.38,6.12,3.7531,0.0630,0.00000,0.00962
5.62,6.12,3.8011,0.0651,0.00000,0.00973
5.88,6.12,3.6699,0.1130,0.00000,0.01046
6.12,6.12,3.7166,0.2130,0.00000,0.01154
6.38,6.12,3.7638,0.2920,0.00000,0.01172
6.62,6.12,3.8677,0.3383,0.00000,0.01306
6.88,6.12,3.8466,0.7454,0.00000,0.01712
7.12,6.12,3.7386,2.0637,0.00000,0.02120
7.38,6.12,2.6517,3.7807,0.00000,0.01681
2.62,6.38,2.5800,7.4138,0.00000,0.02109
2.88,6.38,3.4410,4.8107,0.00000,0.03012
3.12,6.38,3.4378,3.3630,0.00000,0.04032
3.38,6.38,3.5205,2.2430,0.00000,0.04198
3.62,6.38,3.4486,1.3588,0.00000,0.02854
3.88,6.38,3.5962,0.6654,0.00000,0.01579
4.12,6.38,3.5386,0.2350,0.00000,0.01208
4.38,6.38,3.5290,0.1152,0.00000,0.01331
4.62,6.38,3.5044,0.0899,0.00000,0.01331
4.88,6.38,3.6730,0.0907,0.00000,0.01146
5.12,6.38,3.6751,0.1170,0.00000,0.01065
5.38,6.38,3.7753,0.1371,0.00000,0.01131
5.62,6.38,3.7879,0.1437,0.00000,0.01191
5.88,6.38,3.7213,0.1923,0.00000,0.01294
6.12,6.38,3.7805,0.3079,0.00000,0.01313
6.38,6.38,3.8114,0.4595,0.00000,0.01427
6.62,6.38,3.8903,0.5695,0.00000,0.01868
6.88,6.38,3.8624,1.1415,0.00000,0.02917
7.12,6.38,3.7726,2.8099,0.00000,0.03915
7.38,6.38,2.6828,4.7963,0.00000,0.03129
2.62,6.62,2.5428,7.8267,0.00000,0.02853
2.88,6.62,3.3996,5.3081,0.00000,0.04718
3.12,6.62,3.4436,4.0257,0.00000,0.06898
3.38,6.62,3.5254,3.1939,0.00000,0.06970
3.62,6.62,3.4032,2.5169,0.00000,0.04604
3.88,6.62,3.4906,1.4994,0.00000,0.02474
4.12,6.62,3.4690,0.7303,0.00000,0.01923
4.38,6.62,3.5665,0.4079,0.00000,0.02310
4.62,6.62,3.5430,0.2647,0.00000,0.02519
4.88,6.62,3.6918,0.1942,0.00000,0.01947
5.12,6.62,3.7083,0.1754,0.00000,0.01324
5.38,6.62,3.7567,0.1933,0.00000,0.01160
5.62,6.62,3.7174,0.2498,0.00000,0.01344
5.88,6.62,3.7439,0.3332,0.00000,0.01601
6.12,6.62,3.7715,0.4012,0.00000,0.01538
6.38,6.62,3.7434,0.5498,0.00000,0.01675
6.62,6.62,3.8538,0.7515,0.00000,0.02360
6.88,6.62,3.9232,1.5647,0.00000,0.04116
7.12,6.62,3.8656,3.5421,0.00000,0.05756
7.38,6.62,2.7382,5.6255,0.00000,0.04595
2.62,6.88,2.5300,6.6610,0.00000,0.02724
2.88,6.88,3.4394,4.6169,0.00000,0.05322
3.12,6.88,3.4674,3.6043,0.00000,0.08093
3.38,6.88,3.4696,3.0545,0.00000,0.07858
3.62,6.88,3.3150,2.6428,0.00000,0.05138
3.88,6.88,3.4008,1.8809,0.00000,0.03115
4.12,6.88,3.4031,1.3079,0.00000,0.02764
4.38,6.88,3.5718,0.8786,0.00000,0.03240
4.62,6.88,3.6065,0.5953,0.00000,0.03670
4.88,6.88,3.7309,0.3838,0.00000,0.02855
5.12,6.88,3.6772,0.2389,0.00000,0.01731
5.38,6.88,3.6501,0.2120,0.00000,0.01241
5.62,6.88,3.6321,0.3201,0.00000,0.01375
5.88,6.88,3.7019,0.4970,0.00000,0.01727
6.12,6.88,3.6634,0.6981,0.00000,0.01835
6.38,6.88,3.6543,0.9864,0.00000,0.02145
6.62,6.88,3.8203,1.1589,0.00000,0.02764
6.88,6.88,3.9143,1.9322,0.00000,0.04255
7.12,6.88,3.8022,3.9355,0.00000,0.05605
7.38,6.88,2.6743,5.9709,0.00000,0.04396
2.62,7.12,2.5117,3.6151,0.00000,0.01983
2.88,7.12,3.4548,2.6432,0.00000,0.04015
3.12,7.12,3.4765,2.1734,0.00000,0.06566
3.38,7.12,3.4440,1.9545,0.00000,0.07184
3.62,7.12,3.2588,1.7680,0.00000,0.04858
3.88,7.12,3.3719,1.5632,0.00000,0.03138
4.12,7.12,3.4177,1.4838,0.00000,0.03027
4.38,7.12,3.6034,1.2027,0.00000,0.03378
4.62,7.12,3.6095,0.9794,0.00000,0.03814
4.88,7.12,3.6626,0.6719,0.00000,0.03170
5.12,7.12,3.5979,0.4005,0.00000,0.02207
5.38,7.12,3.5443,0.2867,0.00000,0.01564
5.62,7.12,3.5061,0.3576,0.00000,0.01488
5.88,7.12,3.5877,0.5920,0.00000,0.01809
6.12,7.12,3.6171,1.0684,0.00000,0.02135
6.38,7.12,3.6799,1.6633,0.00000,0.02729
6.62,7.12,3.7862,1.8462,0.00000,0.03379
6.88,7.12,3.8476,2.5657,0.00000,0.04203
7.12,7.12,3.7382,4.9910,0.00000,0.04658
7.38,7.12,2.6925,7.8445,0.00000,0.03489
2.62,7.38,2.4655,1.2945,0.00000,0.01728
2.88,7.38,3.4100,1.1543,0.00000,0.03140
3.12,7.38,3.4911,1.1220,0.00000,0.05534
3.38,7.38,3.5404,1.2144,0.00000,0.07214
3.62,7.38,3.3726,1.2177,0.00000,0.05088
3.88,7.38,3.4741,1.3573,0.00000,0.03039
4.12,7.38,3.4871,1.5273,0.00000,0.02641
4.38,7.38,3.6749,1.4022,0.00000,0.02985
4.62,7.38,3.6335,1.3332,0.00000,0.03598
4.88,7.38,3.5666,1.0245,0.00000,0.03308
5.12,7.38,3.5199,0.7118,0.00000,0.02739
5.38,7.38,3.5676,0.5247,0.00000,0.02098
5.62,7.38,3.5773,0.5500,0.00000,0.01909
5.88,7.38,3.6640,0.8171,0.00000,0.02143
6.12,7.38,3.7116,1.4799,0.00000,0.02502
6.38,7.38,3.8034,2.3448,0.00000,0.03364
6.62,7.38,3.8965,2.7647,0.00000,0.04356
6.88,7.38,4.0138,3.5987,0.00000,0.04802
7.12,7.38,3.9389,6.4371,0.00000,0.04540
7.38,7.38,2.8981,9.9801,0.00000,0.03255
2.62,7.62,2.4955,0.7832,0.00000,0.02089
2.88,7.62,3.4281,0.9668,0.00000,0.03416
3.12,7.62,3.4761,1.1167,0.00000,0.05531
3.38,7.62,3.5562,1.3412,0.00000,0.07301
3.62,7.62,3.4981,1.3663,0.00000,0.05364
3.88,7.62,3.6937,1.5063,0.00000,0.03317
4.12,7.62,3.6659,1.6503,0.00000,0.02581
4.38,7.62,3.7336,1.5390,0.00000,0.02615
4.62,7.62,3.6336,1.5642,0.00000,0.03191
4.88,7.62,3.5937,1.4278,0.00000,0.03443
5.12,7.62,3.5942,1.2611,0.00000,0.03435
5.38,7.62,3.6555,1.0327,0.00000,0.02914
5.62,7.62,3.6729,1.0481,0.00000,0.02752
5.88,7.62,3.7885,1.4167,0.00000,0.02850
6.12,7.62,3.8378,2.2708,0.00000,0.03116
6.38,7.62,3.9385,3.3451,0.00000,0.04179
6.62,7.62,4.0367,4.0265,0.00000,0.05492
6.88,7.62,4.1935,4.6052,0.00000,0.05846
7.12,7.62,4.1033,6.4700,0.00000,0.05341
7.38,7.62,2.9709,8.6935,0.00000,0.03771
2.62,7.88,2.5037,1.6827,0.00000,0.02886
2.88,7.88,3.4483,1.7468,0.00000,0.04626
3.12,7.88,3.5410,1.7659,0.00000,0.07228
3.38,7.88,3.6620,2.1173,0.00000,0.09418
3.62,7.88,3.6184,2.1310,0.00000,0.06968
3.88,7.88,3.8766,1.7352,0.00000,0.04241
4.12,7.88,3.8413,1.4313,0.00000,0.02924
4.38,7.88,3.8495,1.3406,0.00000,0.02449
4.62,7.88,3.7323,1.5636,0.00000,0.02894
4.88,7.88,3.6945,1.8479,0.00000,0.03725
5.12,7.88,3.7099,2.0635,0.00000,0.04284
5.38,7.88,3.7740,1.9415,0.00000,0.04015
5.62,7.88,3.7589,2.1392,0.00000,0.04064
5.88,7.88,3.8069,2.7883,0.00000,0.03961
6.12,7.88,3.8247,3.7130,0.00000,0.03825
6.38,7.88,3.9394,4.3202,0.00000,0.04728
6.62,7.88,4.0625,5.0016,0.00000,0.06709
6.88,7.88,4.2883,5.5103,0.00000,0.08415
7.12,7.88,4.1844,6.3146,0.00000,0.08386
7.38,7.88,2.9557,7.0795,0.00000,0.05798
2.62,8.12,2.6120,3.9935,0.00000,0.03518
2.88,8.12,3.6114,3.1969,0.00000,0.05904
3.12,8.12,3.6828,2.6204,0.00000,0.09640
3.38,8.12,3.7134,3.0303,0.00000,0.12585
3.62,8.12,3.6746,3.1659,0.00000,0.09284
3.88,8.12,4.0016,2.1967,0.00000,0.05392
4.12,8.12,3.9494,1.3061,0.00000,0.03247
4.38,8.12,3.9379,1.1460,0.00000,0.02448
4.62,8.12,3.8298,1.5051,0.00000,0.02927
4.88,8.12,3.7965,2.0370,0.00000,0.03848
5.12,8.12,3.7815,2.5422,0.00000,0.04373
5.38,8.12,3.8008,3.0515,0.00000,0.04551
5.62,8.12,3.7930,3.9911,0.00000,0.05297
5.88,8.12,3.8207,4.7534,0.00000,0.05364
6.12,8.12,3.8247,5.4348,0.00000,0.04969
6.38,8.12,3.9519,5.5195,0.00000,0.05901
6.62,8.12,4.0753,6.1833,0.00000,0.08686
6.88,8.12,4.3252,6.8021,0.00000,0.11545
7.12,8.12,4.2106,7.2733,0.00000,0.11759
7.38,8.12,2.9474,7.6434,0.00000,0.08055
2.62,8.38,2.6527,6.2262,0.00000,0.03113
2.88,8.38,3.6858,4.5833,0.00000,0.06213
3.12,8.38,3.7712,3.6569,0.00000,0.11622
3.38,8.38,3.7439,3.8052,0.00000,0.15175
3.62,8.38,3.6889,3.7736,0.00000,0.11253
3.88,8.38,4.0211,2.8826,0.00000,0.06690
4.12,8.38,4.0018,1.9858,0.00000,0.03817
4.38,8.38,3.9721,1.4531,0.00000,0.02685
4.62,8.38,3.8399,1.5357,0.00000,0.03220
4.88,8.38,3.8093,1.9846,0.00000,0.03936
5.12,8.38,3.7498,2.4990,0.00000,0.03876
5.38,8.38,3.7675,3.7149,0.00000,0.04322
5.62,8.38,3.7924,5.4659,0.00000,0.06151
5.88,8.38,3.8337,5.9615,0.00000,0.07259
6.12,8.38,3.8684,6.1610,0.00000,0.06995
6.38,8.38,3.9773,6.7594,0.00000,0.08092
6.62,8.38,4.0779,8.0164,0.00000,0.10631
6.88,8.38,4.3375,8.4506,0.00000,0.11547
7.12,8.38,4.2499,8.8553,0.00000,0.10428
7.38,8.38,3.0185,9.2578,0.00000,0.06996
2.62,8.62,2.7166,6.7652,0.00000,0.02963
2.88,8.62,3.7343,5.3367,0.00000,0.06720
3.12,8.62,3.7902,4.5882,0.00000,0.13751
3.38,8.62,3.7481,4.3888,0.00000,0.18211
3.62,8.62,3.7116,4.1199,0.00000,0.14036
3.88,8.62,3.9837,3.8887,0.00000,0.08824
4.12,8.62,3.9630,3.5609,0.00000,0.04873
4.38,8.62,3.9866,2.6313,0.00000,0.03110
4.62,8.62,3.9092,2.2825,0.00000,0.03805
4.88,8.62,3.8819,2.4126,0.00000,0.04550
5.12,8.62,3.7704,2.5983,0.00000,0.03897
5.38,8.62,3.7702,3.8042,0.00000,0.04400
5.62,8.62,3.7592,5.8845,0.00000,0.07194
5.88,8.62,3.8101,6.8685,0.00000,0.09369
6.12,8.62,3.8591,7.3349,0.00000,0.09219
6.38,8.62,3.8997,8.2815,0.00000,0.09923
6.62,8.62,4.0306,9.8106,0.00000,0.11567
6.88,8.62,4.3656,10.2264,0.00000,0.10131
7.12,8.62,4.2814,10.6987,0.00000,0.07063
7.38,8.62,3.0979,10.8232,0.00000,0.04181
2.62,8.88,2.7421,6.4603,0.00000,0.03099
2.88,8.88,3.7387,5.3852,0.00000,0.06648
3.12,8.88,3.8064,4.7071,0.00000,0.14185
3.38,8.88,3.8062,4.8185,0.00000,0.20498
3.62,8.88,3.7246,5.0740,0.00000,0.17315
3.88,8.88,3.8684,5.5150,0.00000,0.11262
4.12,8.88,3.8653,5.7499,0.00000,0.05909
4.38,8.88,3.9918,4.6656,0.00000,0.03465
4.62,8.88,3.9316,4.0189,0.00000,0.04357
4.88,8.88,3.9235,3.7067,0.00000,0.05630
5.12,8.88,3.8837,3.5256,0.00000,0.05147
5.38,8.88,3.9129,4.5295,0.00000,0.06067
5.62,8.88,3.8193,6.7353,0.00000,0.09285
5.88,8.88,3.7484,8.3748,0.00000,0.11050
6.12,8.88,3.7304,9.4007,0.00000,0.10756
6.38,8.88,3.7457,10.3343,0.00000,0.10698
6.62,8.88,3.9256,11.6706,0.00000,0.11405
6.88,8.88,4.3960,12.0396,0.00000,0.10212
7.12,8.88,4.3601,12.3047,0.00000,0.06586
7.38,8.88,3.2025,12.0290,0.00000,0.03525
2.62,9.12,2.7528,6.3577,0.00000,0.03020
2.88,9.12,3.7437,5.6278,0.00000,0.06370
3.12,9.12,3.8050,5.2667,0.00000,0.14479
3.38,9.12,3.8311,5.9991,0.00000,0.22637
3.62,9.12,3.7157,6.8421,0.00000,0.20175
3.88,9.12,3.7741,7.2673,0.00000,0.13390
4.12,9.12,3.7380,7.4556,0.00000,0.06991
4.38,9.12,3.8965,6.2725,0.00000,0.04022
4.62,9.12,3.8604,5.5475,0.00000,0.05180
4.88,9.12,3.8745,5.2471,0.00000,0.07754
5.12,9.12,3.8733,5.2233,0.00000,0.08334
5.38,9.12,3.9788,6.3213,0.00000,0.09235
5.62,9.12,3.9376,8.7571,0.00000,0.12152
5.88,9.12,3.7727,10.4869,0.00000,0.13412
6.12,9.12,3.6711,11.7140,0.00000,0.13648
6.38,9.12,3.6784,13.1606,0.00000,0.13242
6.62,9.12,3.8653,14.4448,0.00000,0.12566
6.88,9.12,4.4322,14.1498,0.00000,0.11779
7.12,9.12,4.4157,13.4871,0.00000,0.08512
7.38,9.12,3.2349,12.5504,0.00000,0.05566
2.62,9.38,2.7797,8.4101,0.00000,0.03240
2.88,9.38,3.7655,7.5184,0.00000,0.06800
3.12,9.38,3.8059,7.0178,0.00000,0.15722
3.38,9.38,3.8166,7.4963,0.00000,0.24532
3.62,9.38,3.6711,7.9438,0.00000,0.21053
3.88,9.38,3.7064,7.6071,0.00000,0.14017
4.12,9.38,3.6394,7.1950,0.00000,0.07858
4.38,9.38,3.7491,6.2712,0.00000,0.04805
4.62,9.38,3.6934,6.1388,0.00000,0.05890
4.88,9.38,3.8105,6.4335,0.00000,0.09274
5.12,9.38,3.8381,6.8206,0.00000,0.10738
5.38,9.38,3.8666,8.1924,0.00000,0.10873
5.62,9.38,3.8391,11.0468,0.00000,0.12732
5.88,9.38,3.8127,12.9095,0.00000,0.14696
6.12,9.38,3.7884,14.4255,0.00000,0.16962
6.38,9.38,3.7377,16.2147,0.00000,0.17089
6.62,9.38,3.8470,17.0298,0.00000,0.14603
6.88,9.38,4.4140,16.4574,0.00000,0.12733
7.12,9.38,4.4168,15.6416,0.00000,0.09626
7.38,9.38,3.3081,14.3154,0.00000,0.07154
2.62,9.62,2.7931,12.5377,0.00000,0.03713
2.88,9.62,3.7901,10.1777,0.00000,0.07701
3.12,9.62,3.8142,8.5962,0.00000,0.17731
3.38,9.62,3.7459,8.4712,0.00000,0.27170
3.62,9.62,3.6115,8.2672,0.00000,0.22232
3.88,9.62,3.6947,7.4645,0.00000,0.14643
4.12,9.62,3.5946,6.8783,0.00000,0.08835
4.38,9.62,3.6581,6.4721,0.00000,0.05932
4.62,9.62,3.6428,7.0009,0.00000,0.06697
4.88,9.62,3.8666,7.5883,0.00000,0.09233
5.12,9.62,3.8159,8.0994,0.00000,0.10115
5.38,9.62,3.7444,9.7704,0.00000,0.10919
5.62,9.62,3.7395,12.8543,0.00000,0.12883
5.88,9.62,3.8384,15.0367,0.00000,0.14676
6.12,9.62,3.8363,17.3407,0.00000,0.18161
6.38,9.62,3.7190,19.6274,0.00000,0.19923
6.62,9.62,3.8318,20.1493,0.00000,0.16468
6.88,9.62,4.3706,19.6156,0.00000,0.12771
7.12,9.62,4.3272,19.4574,0.00000,0.08458
7.38,9.62,3.3268,18.9114,0.00000,0.05249
2.62,9.88,2.7265,16.8704,0.00000,0.04306
2.88,9.88,3.7382,12.1992,0.00000,0.08777
3.12,9.88,3.8029,9.2270,0.00000,0.19792
3.38,9.88,3.7048,9.2675,0.00000,0.29911
3.62,9.88,3.5004,9.3079,0.00000,0.23880
3.88,9.88,3.4821,8.3122,0.00000,0.15290
4.12,9.88,3.4599,7.6540,0.00000,0.09543
4.38,9.88,3.6755,7.4543,0.00000,0.06988
4.62,9.88,3.6548,8.1354,0.00000,0.07635
4.88,9.88,3.8533,8.6307,0.00000,0.09271
5.12,9.88,3.8292,9.2397,0.00000,0.09458
5.38,9.88,3.7987,11.0069,0.00000,0.11332
5.62,9.88,3.7505,13.9810,0.00000,0.13969
5.88,9.88,3.8451,16.7169,0.00000,0.15504
6.12,9.88,3.8402,20.0535,0.00000,0.19561
6.38,9.88,3.6492,23.4224,0.00000,0.22476
6.62,9.88,3.7354,24.3289,0.00000,0.17660
6.88,9.88,4.3390,23.0151,0.00000,0.11785
7.12,9.88,4.3334,22.8953,0.00000,0.06527
7.38,9.88,3.3266,23.6473,0.00000,0.02890
2.62,10.12,2.7002,20.6771,0.00000,0.04952
2.88,10.12,3.7701,14.2010,0.00000,0.09898
3.12,10.12,3.8371,10.2093,0.00000,0.21530
3.38,10.12,3.6865,10.6416,0.00000,0.32115
3.62,10.12,3.4617,11.4055,0.00000,0.25767
3.88,10.12,3.4085,10.7398,0.00000,0.16441
4.12,10.12,3.3846,10.3129,0.00000,0.10133
4.38,10.12,3.6124,9.8007,0.00000,0.07533
4.62,10.12,3.6409,10.0912,0.00000,0.08775
4.88,10.12,3.9265,10.0891,0.00000,0.10741
5.12,10.12,3.8960,10.5996,0.00000,0.09966
5.38,10.12,3.7990,12.3635,0.00000,0.10868
5.62,10.12,3.7554,15.2221,0.00000,0.13809
5.88,10.12,3.8344,18.4064,0.00000,0.16466
6.12,10.12,3.7410,22.2394,0.00000,0.20557
6.38,10.12,3.5364,26.2330,0.00000,0.23339
6.62,10.12,3.6892,27.6598,0.00000,0.18208
6.88,10.12,4.4213,25.9237,0.00000,0.11755
7.12,10.12,4.4332,24.9219,0.00000,0.06133
7.38,10.12,3.3157,24.6818,0.00000,0.02302
2.62,10.38,2.7554,21.9159,0.00000,0.05733
2.88,10.38,3.9078,15.9008,0.00000,0.11244
3.12,10.38,3.9319,12.1480,0.00000,0.22974
3.38,10.38,3.6515,12.4622,0.00000,0.33351
3.62,10.38,3.4690,13.0869,0.00000,0.27326
3.88,10.38,3.5290,12.4709,0.00000,0.17957
4.12,10.38,3.4854,12.6292,0.00000,0.11211
4.38,10.38,3.6363,13.1657,0.00000,0.08648
4.62,10.38,3.6738,14.2399,0.00000,0.10579
4.88,10.38,3.9691,13.8297,0.00000,0.13109
5.12,10.38,3.9338,13.8439,0.00000,0.11181
5.38,10.38,3.8565,14.8584,0.00000,0.10334
5.62,10.38,3.7916,17.1660,0.00000,0.13105
5.88,10.38,3.7861,20.7137,0.00000,0.17237
6.12,10.38,3.6418,24.3909,0.00000,0.21800
6.38,10.38,3.4684,27.2082,0.00000,0.24513
6.62,10.38,3.6299,28.1428,0.00000,0.19464
6.88,10.38,4.3881,27.1181,0.00000,0.12694
7.12,10.38,4.4252,26.0657,0.00000,0.06522
7.38,10.38,3.2863,24.2970,0.00000,0.02369
2.62,10.62,2.7710,19.9269,0.00000,0.06650
2.88,10.62,3.9326,16.7818,0.00000,0.12991
3.12,10.62,3.9726,14.5267,0.00000,0.25127
3.38,10.62,3.7250,14.1219,0.00000,0.35111
3.62,10.62,3.5639,13.4343,0.00000,0.28791
3.88,10.62,3.5808,11.4841,0.00000,0.19185
4.12,10.62,3.5327,11.3171,0.00000,0.12272
4.38,10.62,3.7024,14.2045,0.00000,0.09844
4.62,10.62,3.7032,17.8614,0.00000,0.11927
4.88,10.62,3.8770,18.9423,0.00000,0.14535
5.12,10.62,3.8610,19.3950,0.00000,0.12034
5.38,10.62,3.9466,18.5748,0.00000,0.10266
5.62,10.62,3.8971,19.5489,0.00000,0.12391
5.88,10.62,3.8241,23.3509,0.00000,0.16645
6.12,10.62,3.6325,27.1625,0.00000,0.21138
6.38,10.62,3.4527,29.0472,0.00000,0.23479
6.62,10.62,3.6292,29.2503,0.00000,0.19001
6.88,10.62,4.3745,28.2306,0.00000,0.12534
7.12,10.62,4.3731,26.9868,0.00000,0.06351
7.38,10.62,3.2276,25.0640,0.00000,0.02291
2.62,10.88,2.8160,18.1792,0.00000,0.07892
2.88,10.88,3.9193,17.4761,0.00000,0.15431
3.12,10.88,3.9005,16.1083,0.00000,0.28450
3.38,10.88,3.7616,15.4023,0.00000,0.37944
3.62,10.88,3.7084,14.3941,0.00000,0.30659
3.88,10.88,3.6901,11.3906,0.00000,0.20790
4.12,10.88,3.5608,10.1055,0.00000,0.13261
4.38,10.88,3.6135,13.1306,0.00000,0.10219
4.62,10.88,3.6186,17.7632,0.00000,0.12696
4.88,10.88,3.8215,20.9962,0.00000,0.15970
5.12,10.88,3.8299,23.2530,0.00000,0.13402
5.38,10.88,3.9508,22.8569,0.00000,0.11260
5.62,10.88,3.8992,23.8950,0.00000,0.12314
5.88,10.88,3.8292,26.8311,0.00000,0.15348
6.12,10.88,3.6856,30.0300,0.00000,0.19573
6.38,10.88,3.5450,32.1320,0.00000,0.22119
6.62,10.88,3.7268,32.6652,0.00000,0.18335
6.88,10.88,4.4311,30.6994,0.00000,0.12581
7.12,10.88,4.3373,28.1458,0.00000,0.06491
7.38,10.88,3.2053,26.1696,0.00000,0.02339
2.62,11.12,2.7320,20.7481,0.00000,0.09053
2.88,11.12,3.7875,19.3299,0.00000,0.17603
3.12,11.12,3.8226,16.9553,0.00000,0.31686
3.38,11.12,3.8028,15.6891,0.00000,0.41182
3.62,11.12,3.7720,14.8932,0.00000,0.32875
3.88,11.12,3.8034,12.5517,0.00000,0.23000
4.12,11.12,3.6925,11.2964,0.00000,0.14761
4.38,11.12,3.6888,13.1907,0.00000,0.10679
4.62,11.12,3.6420,16.7907,0.00000,0.13193
4.88,11.12,3.7595,19.2385,0.00000,0.16796
5.12,11.12,3.7510,21.3901,0.00000,0.14392
5.38,11.12,3.8491,24.0234,0.00000,0.12543
5.62,11.12,3.8444,27.7348,0.00000,0.12876
5.88,11.12,3.9123,30.4421,0.00000,0.14555
6.12,11.12,3.8368,33.2494,0.00000,0.18295
6.38,11.12,3.6029,35.3343,0.00000,0.20701
6.62,11.12,3.7031,36.2587,0.00000,0.17513
6.88,11.12,4.4074,33.9761,0.00000,0.12903
7.12,11.12,4.3259,30.7617,0.00000,0.06997
7.38,11.12,3.2663,28.5663,0.00000,0.02571
2.62,11.38,2.7130,24.7139,0.00000,0.09883
2.88,11.38,3.7443,21.5479,0.00000,0.18692
3.12,11.38,3.8193,17.7752,0.00000,0.34201
3.38,11.38,3.8527,15.0177,0.00000,0.45869
3.62,11.38,3.7957,13.4242,0.00000,0.36752
3.88,11.38,3.9032,12.7359,0.00000,0.25644
4.12,11.38,3.8277,12.9663,0.00000,0.16197
4.38,11.38,3.8167,14.4444,0.00000,0.11317
4.62,11.38,3.7777,17.2612,0.00000,0.14044
4.88,11.38,3.8359,18.3232,0.00000,0.17580
5.12,11.38,3.7676,19.1693,0.00000,0.14558
5.38,11.38,3.8133,22.7274,0.00000,0.12656
5.62,11.38,3.7998,27.6005,0.00000,0.13080
5.88,11.38,3.8982,31.3169,0.00000,0.14076
6.12,11.38,3.8615,35.3251,0.00000,0.16878
6.38,11.38,3.5924,37.8873,0.00000,0.18418
6.62,11.38,3.6306,39.7750,0.00000,0.15702
6.88,11.38,4.2981,39.0633,0.00000,0.12145
7.12,11.38,4.2674,35.8613,0.00000,0.06811
7.38,11.38,3.2893,32.3365,0.00000,0.02584
2.62,11.62,2.7291,25.5534,0.00000,0.10756
2.88,11.62,3.7639,22.5057,0.00000,0.19722
3.12,11.62,3.8740,18.9629,0.00000,0.36443
3.38,11.62,3.9317,15.6114,0.00000,0.50215
3.62,11.62,3.8332,13.2634,0.00000,0.40140
3.88,11.62,3.9721,13.0835,0.00000,0.27344
4.12,11.62,3.9329,14.0586,0.00000,0.17096
4.38,11.62,3.8913,15.6933,0.00000,0.12002
4.62,11.62,3.8159,18.5291,0.00000,0.14551
4.88,11.62,3.8781,19.7191,0.00000,0.17488
5.12,11.62,3.8445,20.5913,0.00000,0.14108
5.38,11.62,3.9616,23.7498,0.00000,0.12529
5.62,11.62,3.9066,27.9972,0.00000,0.13504
5.88,11.62,3.8837,31.2702,0.00000,0.14240
6.12,11.62,3.8497,35.2651,0.00000,0.16281
6.38,11.62,3.6457,38.7395,0.00000,0.17547
6.62,11.62,3.6517,42.0863,0.00000,0.15420
6.88,11.62,4.2032,43.5566,0.00000,0.12115
7.12,11.62,4.2547,40.8780,0.00000,0.06740
7.38,11.62,3.4105,35.6218,0.00000,0.02549
2.62,11.88,2.8217,27.3269,0.00000,0.12037
2.88,11.88,3.8697,23.1895,0.00000,0.21205
3.12,11.88,3.9296,19.3205,0.00000,0.37823
3.38,11.88,3.9419,17.0869,0.00000,0.51743
3.62,11.88,3.8659,15.4447,0.00000,0.41008
3.88,11.88,4.0104,14.5395,0.00000,0.27566
4.12,11.88,3.9311,14.8940,0.00000,0.17414
4.38,11.88,3.8567,16.7040,0.00000,0.12548
4.62,11.88,3.7694,20.0520,0.00000,0.14931
4.88,11.88,3.8590,22.8097,0.00000,0.17588
5.12,11.88,3.8087,25.1610,0.00000,0.14192
5.38,11.88,3.9667,28.1973,0.00000,0.12880
5.62,11.88,3.9561,32.0141,0.00000,0.14034
5.88,11.88,3.9318,33.7068,0.00000,0.14226
6.12,11.88,3.8908,36.4932,0.00000,0.15530
6.38,11.88,3.7831,41.0044,0.00000,0.17374
6.62,11.88,3.8320,45.1614,0.00000,0.16043
6.88,11.88,4.2475,46.5408,0.00000,0.12519
7.12,11.88,4.2500,44.2719,0.00000,0.06765
7.38,11.88,3.4528,38.9773,0.00000,0.02472
2.62,12.12,2.8261,30.1588,0.00000,0.13473
2.88,12.12,3.8804,24.4242,0.00000,0.22863
3.12,12.12,3.9699,19.8077,0.00000,0.38823
3.38,12.12,3.9823,19.0856,0.00000,0.52059
3.62,12.12,3.8505,18.9277,0.00000,0.40929
3.88,12.12,3.8996,17.6640,0.00000,0.27310
4.12,12.12,3.8553,17.4215,0.00000,0.17521
4.38,12.12,3.8572,18.6186,0.00000,0.12761
4.62,12.12,3.7544,21.8475,0.00000,0.14097
4.88,12.12,3.8185,25.7827,0.00000,0.15936
5.12,12.12,3.7600,29.1396,0.00000,0.13122
5.38,12.12,3.9432,32.4950,0.00000,0.11940
5.62,12.12,3.9398,36.7392,0.00000,0.12946
5.88,12.12,3.9442,37.0398,0.00000,0.13711
6.12,12.12,3.8827,38.5649,0.00000,0.14600
6.38,12.12,3.8048,44.1316,0.00000,0.16046
6.62,12.12,3.8975,48.9131,0.00000,0.15145
6.88,12.12,4.3598,48.7338,0.00000,0.12156
7.12,12.12,4.3537,46.1595,0.00000,0.06630
7.38,12.12,3.5396,42.1382,0.00000,0.02379
2.62,12.38,2.8778,30.5595,0.00000,0.14641
2.88,12.38,3.9254,25.4481,0.00000,0.24108
3.12,12.38,3.9913,21.0043,0.00000,0.38294
3.38,12.38,3.9547,20.5965,0.00000,0.49536
3.62,12.38,3.8468,21.4096,0.00000,0.39081
3.88,12.38,3.8805,21.5742,0.00000,0.26684
4.12,12.38,3.7931,22.0913,0.00000,0.17347
4.38,12.38,3.8024,22.0364,0.00000,0.12395
4.62,12.38,3.7782,24.2418,0.00000,0.12838
4.88,12.38,3.8863,27.6509,0.00000,0.14193
5.12,12.38,3.7949,30.3380,0.00000,0.11946
5.38,12.38,3.9033,32.9641,0.00000,0.10708
5.62,12.38,3.9267,37.0020,0.00000,0.11773
5.88,12.38,4.0539,38.3854,0.00000,0.13529
6.12,12.38,3.9515,40.5845,0.00000,0.13735
6.38,12.38,3.8076,45.7226,0.00000,0.13761
6.62,12.38,3.8828,49.9686,0.00000,0.13290
6.88,12.38,4.3753,50.3965,0.00000,0.11654
7.12,12.38,4.3730,49.4381,0.00000,0.06611
7.38,12.38,3.7000,46.8876,0.00000,0.02342
2.62,12.62,2.8670,28.7222,0.00000,0.12809
2.88,12.62,3.8531,26.0688,0.00000,0.21935
3.12,12.62,3.9631,22.5812,0.00000,0.35927
3.38,12.62,3.9344,21.6119,0.00000,0.46466
3.62,12.62,3.8506,22.4522,0.00000,0.37037
3.88,12.62,3.9376,23.8781,0.00000,0.26153
4.12,12.62,3.8713,25.0922,0.00000,0.17389
4.38,12.62,3.9037,25.1883,0.00000,0.12433
4.62,12.62,3.8562,27.7533,0.00000,0.12428
4.88,12.62,3.8763,30.2103,0.00000,0.13584
5.12,12.62,3.8054,31.6496,0.00000,0.11542
5.38,12.62,3.8686,32.7902,0.00000,0.10048
5.62,12.62,3.8577,35.7631,0.00000,0.10558
5.88,12.62,4.0836,38.9035,0.00000,0.12136
6.12,12.62,4.0201,42.4504,0.00000,0.12316
6.38,12.62,3.9037,46.6440,0.00000,0.12119
6.62,12.62,3.8963,49.8603,0.00000,0.11676
6.88,12.62,4.2709,52.1290,0.00000,0.10442
7.12,12.62,4.3002,54.2956,0.00000,0.05993
7.38,12.62,3.8881,54.4148,0.00000,0.02139
2.62,12.88,2.9262,28.3272,0.00000,0.10766
2.88,12.88,3.8531,26.9229,0.00000,0.19397
3.12,12.88,3.9223,23.7216,0.00000,0.33107
3.38,12.88,3.8487,22.0710,0.00000,0.43098
3.62,12.88,3.8036,22.4473,0.00000,0.35220
3.88,12.88,3.9487,23.5108,0.00000,0.26082
4.12,12.88,3.9064,24.0841,0.00000,0.17518
4.38,12.88,3.9895,25.6051,0.00000,0.12419
4.62,12.88,3.9405,30.3002,0.00000,0.12286
4.88,12.88,3.8769,34.1830,0.00000,0.13443
5.12,12.88,3.7785,36.7728,0.00000,0.11407
5.38,12.88,3.8076,36.8857,0.00000,0.09536
5.62,12.88,3.8222,38.2033,0.00000,0.09392
5.88,12.88,4.0769,40.7724,0.00000,0.10450
6.12,12.88,3.9844,44.2842,0.00000,0.10707
6.38,12.88,3.9474,49.6703,0.00000,0.10769
6.62,12.88,3.9789,54.0325,0.00000,0.10469
6.88,12.88,4.3619,56.8174,0.00000,0.09387
7.12,12.88,4.3535,60.2784,0.00000,0.05407
7.38,12.88,3.8352,63.0053,0.00000,0.01946
2.62,13.12,2.8885,31.7159,0.00000,0.10677
2.88,13.12,3.8446,29.4467,0.00000,0.19125
3.12,13.12,3.9463,25.8703,0.00000,0.31907
3.38,13.12,3.8079,23.7198,0.00000,0.40930
3.62,13.12,3.6965,23.4683,0.00000,0.33636
3.88,13.12,3.8526,23.1537,0.00000,0.25098
4.12,13.12,3.8347,22.3018,0.00000,0.16958
4.38,13.12,3.8642,24.2046,0.00000,0.12159
4.62,13.12,3.7944,29.8181,0.00000,0.11747
4.88,13.12,3.8534,35.7812,0.00000,0.12676
5.12,13.12,3.8350,41.0208,0.00000,0.10737
5.38,13.12,3.8133,41.7715,0.00000,0.08760
5.62,13.12,3.7601,42.3649,0.00000,0.08152
5.88,13.12,3.9660,43.7971,0.00000,0.08721
6.12,13.12,3.9124,46.7384,0.00000,0.09068
6.38,13.12,3.9285,53.4018,0.00000,0.09317
6.62,13.12,4.0071,58.5537,0.00000,0.08826
6.88,13.12,4.5044,60.8403,0.00000,0.07644
7.12,13.12,4.4955,64.0745,0.00000,0.04379
7.38,13.12,3.8272,67.8942,0.00000,0.01614
2.62,13.38,2.8861,36.1367,0.00000,0.10844
2.88,13.38,3.8491,32.7864,0.00000,0.18902
3.12,13.38,3.9222,29.0322,0.00000,0.30400
3.38,13.38,3.7230,26.8388,0.00000,0.38362
3.62,13.38,3.6278,26.7489,0.00000,0.31479
3.88,13.38,3.8012,25.4515,0.00000,0.23404
4.12,13.38,3.6905,22.9688,0.00000,0.15950
4.38,13.38,3.5914,24.0213,0.00000,0.11659
4.62,13.38,3.5994,28.8649,0.00000,0.11106
4.88,13.38,3.8350,33.8945,0.00000,0.11843
5.12,13.38,3.8168,39.4238,0.00000,0.09923
5.38,13.38,3.6903,42.4687,0.00000,0.07875
5.62,13.38,3.6056,44.7323,0.00000,0.06919
5.88,13.38,3.8859,46.8897,0.00000,0.07009
6.12,13.38,3.9066,49.9910,0.00000,0.07328
6.38,13.38,3.8836,56.7093,0.00000,0.07643
6.62,13.38,3.9367,60.6470,0.00000,0.06969
6.88,13.38,4.3895,62.6454,0.00000,0.05820
7.12,13.38,4.3944,66.9994,0.00000,0.03350
7.38,13.38,4.0065,71.5359,0.00000,0.01311
2.62,13.62,2.9036,36.1198,0.00000,0.10763
2.88,13.62,3.8705,33.2907,0.00000,0.18500
3.12,13.62,3.9409,29.9888,0.00000,0.29419
3.38,13.62,3.7385,29.1333,0.00000,0.36796
3.62,13.62,3.5914,30.6724,0.00000,0.29579
3.88,13.62,3.6624,29.4325,0.00000,0.21365
4.12,13.62,3.5964,26.1055,0.00000,0.14472
4.38,13.62,3.5629,26.2750,0.00000,0.10529
4.62,13.62,3.5461,30.1504,0.00000,0.09548
4.88,13.62,3.7183,33.5866,0.00000,0.09761
5.12,13.62,3.7323,38.7444,0.00000,0.08297
5.38,13.62,3.6505,44.0295,0.00000,0.06827
5.62,13.62,3.5245,48.3195,0.00000,0.05933
5.88,13.62,3.7579,51.2158,0.00000,0.05728
6.12,13.62,3.8239,53.4462,0.00000,0.05941
6.38,13.62,3.8664,59.6818,0.00000,0.06251
6.62,13.62,3.8967,63.8674,0.00000,0.05375
6.88,13.62,4.2036,67.1256,0.00000,0.04228
7.12,13.62,4.2403,72.2920,0.00000,0.02467
7.38,13.62,4.2405,75.6479,0.00000,0.01080
2.62,13.88,2.9654,35.5734,0.00000,0.10850
2.88,13.88,3.8813,33.3787,0.00000,0.18322
3.12,13.88,3.9424,30.1187,0.00000,0.28247
3.38,13.88,3.7535,30.1168,0.00000,0.34450
3.62,13.88,3.6186,32.9435,0.00000,0.27203
3.88,13.88,3.6325,32.9947,0.00000,0.19341
4.12,13.88,3.6671,30.7606,0.00000,0.12906
4.38,13.88,3.7924,29.7170,0.00000,0.09043
4.62,13.88,3.7339,32.3522,0.00000,0.07715
4.88,13.88,3.7231,35.9545,0.00000,0.07495
5.12,13.88,3.6426,41.6345,0.00000,0.06485
5.38,13.88,3.5488,47.4639,0.00000,0.05681
5.62,13.88,3.4993,52.1843,0.00000,0.05074
5.88,13.88,3.7262,54.9334,0.00000,0.04778
6.12,13.88,3.7159,56.4096,0.00000,0.04790
6.38,13.88,3.7265,62.1857,0.00000,0.04969
6.62,13.88,3.7891,67.8906,0.00000,0.04075
6.88,13.88,4.1054,73.3434,0.00000,0.03021
7.12,13.88,4.1694,78.4617,0.00000,0.01797
7.38,13.88,4.3401,80.5912,0.00000,0.00903
2.62,14.12,3.0606,38.5795,0.00000,0.10407
2.88,14.12,3.9046,36.5343,0.00000,0.17438
3.12,14.12,3.9342,32.5564,0.00000,0.26500
3.38,14.12,3.7084,31.3415,0.00000,0.31846
3.62,14.12,3.6224,33.4907,0.00000,0.24800
3.88,14.12,3.6838,34.6464,0.00000,0.17463
4.12,14.12,3.7187,34.5236,0.00000,0.11610
4.38,14.12,3.8184,33.6038,0.00000,0.07952
4.62,14.12,3.8644,36.3563,0.00000,0.06659
4.88,14.12,3.9089,40.7160,0.00000,0.06338
5.12,14.12,3.7962,45.9398,0.00000,0.05451
5.38,14.12,3.6539,49.7912,0.00000,0.04885
5.62,14.12,3.5568,53.2234,0.00000,0.04403
5.88,14.12,3.7110,56.3760,0.00000,0.04052
6.12,14.12,3.6711,59.6732,0.00000,0.03877
6.38,14.12,3.6884,65.1208,0.00000,0.03953
6.62,14.12,3.7093,70.8241,0.00000,0.03274
6.88,14.12,3.9731,77.6114,0.00000,0.02425
7.12,14.12,4.0840,83.2255,0.00000,0.01468
7.38,14.12,4.4152,85.6512,0.00000,0.00798
2.62,14.38,3.1135,41.0095,0.00000,0.09563
2.88,14.38,3.9343,39.4631,0.00000,0.16052
3.12,14.38,3.9657,35.4629,0.00000,0.24380
3.38,14.38,3.8094,33.5208,0.00000,0.29162
3.62,14.38,3.7053,35.3556,0.00000,0.22425
3.88,14.38,3.6805,37.1289,0.00000,0.15634
4.12,14.38,3.7132,37.7901,0.00000,0.10543
4.38,14.38,3.7773,37.3855,0.00000,0.07390
4.62,14.38,3.8682,41.2146,0.00000,0.06363
4.88,14.38,3.9831,46.1516,0.00000,0.06143
5.12,14.38,4.0290,50.6459,0.00000,0.05131
5.38,14.38,3.9917,51.8385,0.00000,0.04356
5.62,14.38,3.7226,52.3322,0.00000,0.03737
5.88,14.38,3.6959,55.5524,0.00000,0.03278
6.12,14.38,3.6396,60.8758,0.00000,0.03020
6.38,14.38,3.6779,66.5624,0.00000,0.03055
6.62,14.38,3.6936,73.3976,0.00000,0.02623
6.88,14.38,3.9705,82.2824,0.00000,0.02010
7.12,14.38,4.0582,89.7311,0.00000,0.01247
7.38,14.38,4.3669,92.9550,0.00000,0.00707
2.62,14.62,3.1389,42.1455,0.00000,0.08833
2.88,14.62,3.9608,40.7936,0.00000,0.14637
3.12,14.62,4.0247,37.5079,0.00000,0.21826
3.38,14.62,3.9462,36.3806,0.00000,0.25927
3.62,14.62,3.8453,38.6177,0.00000,0.20105
3.88,14.62,3.7474,40.2099,0.00000,0.14143
4.12,14.62,3.7732,40.1560,0.00000,0.09398
4.38,14.62,3.7889,39.6037,0.00000,0.06431
4.62,14.62,3.8745,44.2480,0.00000,0.05744
4.88,14.62,4.0001,49.7373,0.00000,0.05801
5.12,14.62,4.1613,54.4512,0.00000,0.04792
5.38,14.62,4.1673,55.3088,0.00000,0.03832
5.62,14.62,3.8199,54.2726,0.00000,0.03108
5.88,14.62,3.7226,56.7777,0.00000,0.02632
6.12,14.62,3.5556,61.7789,0.00000,0.02356
6.38,14.62,3.5419,67.5145,0.00000,0.02310
6.62,14.62,3.6498,76.1175,0.00000,0.02011
6.88,14.62,4.0708,86.7745,0.00000,0.01627
7.12,14.62,4.1624,96.7065,0.00000,0.01068
7.38,14.62,4.4276,102.0652,0.00000,0.00650
2.62,14.88,3.0935,45.5927,0.00000,0.07804
2.88,14.88,4.0035,43.3598,0.00000,0.12673
3.12,14.88,4.1444,40.1317,0.00000,0.18657
3.38,14.88,4.0276,39.4096,0.00000,0.22303
3.62,14.88,3.8869,41.4262,0.00000,0.17454
3.88,14.88,3.7213,42.1432,0.00000,0.12094
4.12,14.88,3.7776,41.0436,0.00000,0.07850
4.38,14.88,3.8263,40.6237,0.00000,0.05237
4.62,14.88,3.9399,46.0665,0.00000,0.04520
4.88,14.88,3.9976,51.5343,0.00000,0.04448
5.12,14.88,4.1582,56.2587,0.00000,0.03740
5.38,14.88,4.1959,58.2061,0.00000,0.03078
5.62,14.88,3.9034,58.7473,0.00000,0.02512
5.88,14.88,3.8086,62.2684,0.00000,0.02154
6.12,14.88,3.5735,67.7229,0.00000,0.01924
6.38,14.88,3.5404,73.4483,0.00000,0.01823
6.62,14.88,3.6363,82.0251,0.00000,0.01553
6.88,14.88,4.0131,92.5855,0.00000,0.01281
7.12,14.88,4.1307,104.1258,0.00000,0.00886
7.38,14.88,4.5522,112.3529,0.00000,0.00607
2.62,15.12,3.0629,50.0702,0.00000,0.06811
2.88,15.12,4.0344,45.3737,0.00000,0.10931
3.12,15.12,4.1851,41.1657,0.00000,0.15826
3.38,15.12,3.9947,40.1940,0.00000,0.18867
3.62,15.12,3.8706,42.8787,0.00000,0.14814
3.88,15.12,3.6945,45.0627,0.00000,0.10104
4.12,15.12,3.7329,43.6015,0.00000,0.06560
4.38,15.12,3.7850,41.8421,0.00000,0.04430
4.62,15.12,3.9560,46.1958,0.00000,0.03565
4.88,15.12,4.0166,51.7855,0.00000,0.03227
5.12,15.12,4.1609,57.3330,0.00000,0.02752
5.38,15.12,4.2099,59.7765,0.00000,0.02370
5.62,15.12,4.0832,61.8243,0.00000,0.02034
5.88,15.12,4.0292,66.6223,0.00000,0.01838
6.12,15.12,3.7387,73.2650,0.00000,0.01600
6.38,15.12,3.7026,80.4606,0.00000,0.01432
6.62,15.12,3.6917,89.7717,0.00000,0.01214
6.88,15.12,3.8444,100.0901,0.00000,0.01020
7.12,15.12,3.9701,112.5593,0.00000,0.00733
7.38,15.12,4.6980,122.3257,0.00000,0.00562
2.62,15.38,3.1334,52.5042,0.00000,0.05975
2.88,15.38,4.0814,45.0739,0.00000,0.09369
3.12,15.38,4.1655,39.7836,0.00000,0.13172
3.38,15.38,3.9350,38.7072,0.00000,0.15558
3.62,15.38,3.8490,42.2170,0.00000,0.12128
3.88,15.38,3.6917,46.5064,0.00000,0.08083
4.12,15.38,3.7043,45.8187,0.00000,0.05363
4.38,15.38,3.6976,42.6133,0.00000,0.03825
4.62,15.38,3.8299,44.6406,0.00000,0.03037
4.88,15.38,3.9226,50.1318,0.00000,0.02665
5.12,15.38,4.1311,56.9844,0.00000,0.02300
5.38,15.38,4.1752,59.7410,0.00000,0.01987
5.62,15.38,4.1733,62.1729,0.00000,0.01754
5.88,15.38,4.1653,66.4340,0.00000,0.01636
6.12,15.38,3.9240,72.3934,0.00000,0.01377
6.38,15.38,3.9141,81.0806,0.00000,0.01171
6.62,15.38,3.7849,92.1173,0.00000,0.00995
6.88,15.38,3.8157,103.7197,0.00000,0.00859
7.12,15.38,3.9182,116.9115,0.00000,0.00641
7.38,15.38,4.6481,123.8096,0.00000,0.00515
2.62,15.62,3.3031,54.0461,0.00000,0.05010
2.88,15.62,4.2443,45.1641,0.00000,0.07683
3.12,15.62,4.2642,38.5393,0.00000,0.10866
3.38,15.62,3.9153,36.0757,0.00000,0.13039
3.62,15.62,3.8000,38.5567,0.00000,0.10082
3.88,15.62,3.6525,43.9575,0.00000,0.06535
4.12,15.62,3.6613,45.8898,0.00000,0.04382
4.38,15.62,3.5688,42.8058,0.00000,0.03236
4.62,15.62,3.6488,43.1998,0.00000,0.02659
4.88,15.62,3.7765,47.6929,0.00000,0.02392
5.12,15.62,4.0313,54.4970,0.00000,0.02102
5.38,15.62,4.0731,59.0807,0.00000,0.01814
5.62,15.62,4.1609,62.4302,0.00000,0.01572
5.88,15.62,4.1731,64.8798,0.00000,0.01433
6.12,15.62,4.0470,69.4618,0.00000,0.01190
6.38,15.62,4.0628,77.7493,0.00000,0.00991
6.62,15.62,3.8722,87.6654,0.00000,0.00825
6.88,15.62,3.9043,100.0377,0.00000,0.00718
7.12,15.62,3.9604,113.8919,0.00000,0.00556
7.38,15.62,4.3593,117.4150,0.00000,0.00442
7.62,15.62,4.4491,113.1354,0.00000,0.00353
7.88,15.62,4.3680,108.9096,0.00000,0.00253
8.12,15.62,4.3103,102.9034,0.00000,0.00208
8.38,15.62,4.4090,99.6241,0.00000,0.00200
8.62,15.62,4.4568,101.1771,0.00000,0.00198
8.88,15.62,4.5087,104.6483,0.00000,0.00204
9.12,15.62,4.2775,106.6781,0.00000,0.00213
9.38,15.62,4.2793,111.6630,0.00000,0.00216
9.62,15.62,4.3239,116.7297,0.00000,0.00207
9.88,15.62,4.3997,118.0381,0.00000,0.00203
10.12,15.62,4.4305,113.0349,0.00000,0.00206
10.38,15.62,4.4661,109.6273,0.00008,0.00213
10.62,15.62,4.5352,113.3007,0.00270,0.00216
10.88,15.62,4.6070,119.9748,0.03285,0.00214
11.12,15.62,4.7753,123.4561,0.14722,0.00212
11.38,15.62,4.8422,128.2090,0.24293,0.00213
11.62,15.62,4.7900,136.5974,0.15017,0.00221
11.88,15.62,4.7676,143.8335,0.04846,0.00231
12.12,15.62,4.7029,142.8459,0.04038,0.00234
12.38,15.62,4.5910,144.5655,0.06123,0.00239
12.62,15.62,4.5462,148.9330,0.13432,0.00253
12.88,15.62,4.5227,150.9392,0.26185,0.00283
13.12,15.62,4.4415,150.8590,0.27162,0.00314
13.38,15.62,4.4531,157.5509,0.16974,0.00309
13.62,15.62,4.3785,165.2535,0.23577,0.00285
13.88,15.62,4.2453,173.9845,0.44181,0.00272
14.12,15.62,4.1400,180.1072,0.42553,0.00323
14.38,15.62,4.0827,177.0322,0.25283,0.00417
14.62,15.62,4.2680,174.5332,0.33674,0.00464
14.88,15.62,4.4193,177.7772,0.53390,0.00472
15.12,15.62,4.4265,184.1333,0.44955,0.00477
15.38,15.62,4.2487,191.0482,0.33056,0.00482
15.62,15.62,4.0107,195.6479,0.34111,0.00495
15.88,15.62,3.7356,185.8755,0.45377,0.00479
16.12,15.62,3.7628,171.6013,0.66436,0.00418
16.38,15.62,4.1681,157.6462,0.88242,0.00367
16.62,15.62,4.2059,151.1307,0.84261,0.00337
16.88,15.62,4.6607,165.8668,0.92017,0.00263
2.62,15.88,3.2766,51.9088,0.00000,0.04350
2.88,15.88,4.2550,44.5058,0.00000,0.06506
3.12,15.88,4.3534,38.1212,0.00000,0.09263
3.38,15.88,3.9150,34.9781,0.00000,0.11317
3.62,15.88,3.6793,36.1167,0.00000,0.08718
3.88,15.88,3.5588,40.9203,0.00000,0.05589
4.12,15.88,3.6508,44.3432,0.00000,0.03788
4.38,15.88,3.5626,42.2831,0.00000,0.02805
4.62,15.88,3.6120,42.5875,0.00000,0.02284
4.88,15.88,3.6276,46.2862,0.00000,0.01962
5.12,15.88,3.8359,52.2215,0.00000,0.01719
5.38,15.88,3.9271,58.3644,0.00000,0.01540
5.62,15.88,4.1302,63.6493,0.00000,0.01327
5.88,15.88,4.1251,66.6125,0.00000,0.01157
6.12,15.88,4.0604,70.6399,0.00000,0.00962
6.38,15.88,4.0820,76.6508,0.00000,0.00808
6.62,15.88,3.8884,82.7119,0.00000,0.00667
6.88,15.88,3.8111,91.8029,0.00000,0.00580
7.12,15.88,3.8554,103.9994,0.00000,0.00480
7.38,15.88,4.0260,108.4616,0.00000,0.00388
7.62,15.88,3.9487,105.5907,0.00000,0.00316
7.88,15.88,3.9131,101.6445,0.00000,0.00257
8.12,15.88,4.0039,95.7798,0.00000,0.00223
8.38,15.88,4.1659,93.7649,0.00000,0.00211
8.62,15.88,4.2421,96.6743,0.00000,0.00217
8.88,15.88,4.1576,100.9992,0.00000,0.00242
9.12,15.88,3.9755,104.6268,0.00000,0.00261
9.38,15.88,3.9749,111.7206,0.00000,0.00243
9.62,15.88,4.0258,117.7837,0.00000,0.00218
9.88,15.88,4.0966,118.8150,0.00000,0.00211
10.12,15.88,4.0646,111.1630,0.00000,0.00217
10.38,15.88,4.0224,103.7467,0.00004,0.00226
10.62,15.88,4.1239,107.5951,0.00122,0.00230
10.88,15.88,4.2003,118.3786,0.01480,0.00225
11.12,15.88,4.1661,125.2663,0.06636,0.00219
11.38,15.88,4.1204,130.9949,0.11013,0.00219
11.62,15.88,4.0584,137.9636,0.07620,0.00227
11.88,15.88,4.0600,142.7298,0.06666,0.00235
12.12,15.88,4.0018,138.5799,0.12171,0.00238
12.38,15.88,3.9179,139.7805,0.13924,0.00246
12.62,15.88,3.9078,144.9364,0.11533,0.00263
12.88,15.88,3.9809,146.4186,0.13033,0.00296
13.12,15.88,3.9432,146.6091,0.12684,0.00329
13.38,15.88,4.0140,153.4984,0.09709,0.00331
13.62,15.88,4.0916,161.6935,0.19335,0.00319
13.88,15.88,4.0845,168.3960,0.34228,0.00320
14.12,15.88,3.9677,168.8630,0.27862,0.00391
14.38,15.88,3.8219,164.5007,0.13436,0.00516
14.62,15.88,3.8838,167.0538,0.16614,0.00580
14.88,15.88,4.0014,174.1500,0.29800,0.00586
15.12,15.88,4.0857,176.0676,0.29718,0.00612
15.38,15.88,4.0042,175.2922,0.20688,0.00657
15.62,15.88,3.7954,175.2831,0.17192,0.00705
15.88,15.88,3.6799,169.2484,0.23468,0.00708
16.12,15.88,3.8140,163.7148,0.38456,0.00659
16.38,15.88,4.0820,157.2927,0.53709,0.00601
16.62,15.88,4.0087,152.8240,0.57902,0.00540
16.88,15.88,4.1558,163.4289,0.73075,0.00429
2.62,16.12,3.0825,48.4649,0.00000,0.03823
2.88,16.12,4.0540,42.6736,0.00000,0.05707
3.12,16.12,4.1984,37.8168,0.00000,0.08111
3.38,16.12,3.9199,36.0158,0.00000,0.09978
3.62,16.12,3.7960,36.7786,0.00000,0.07649
3.88,16.12,3.6980,39.7260,0.00000,0.04852
4.12,16.12,3.7918,42.3991,0.00000,0.03307
4.38,16.12,3.6695,41.5649,0.00000,0.02408
4.62,16.12,3.7054,42.9554,0.00000,0.01878
4.88,16.12,3.5978,46.3333,0.00000,0.01503
5.12,16.12,3.7111,52.0630,0.00000,0.01272
5.38,16.12,3.8013,59.8711,0.00000,0.01138
5.62,16.12,4.0846,67.5331,0.00000,0.00998
5.88,16.12,4.0787,71.6680,0.00000,0.00868
6.12,16.12,3.9969,73.1554,0.00000,0.00743
6.38,16.12,3.9836,75.8941,0.00000,0.00644
6.62,16.12,3.9110,79.3491,0.00000,0.00556
6.88,16.12,3.7477,85.4016,0.00000,0.00496
7.12,16.12,3.7885,93.8234,0.00000,0.00446
7.38,16.12,3.9162,98.4003,0.00000,0.00379
7.62,16.12,3.8750,97.3667,0.00000,0.00319
7.88,16.12,3.8549,94.3878,0.00000,0.00279
8.12,16.12,3.9838,89.1009,0.00000,0.00251
8.38,16.12,4.1125,85.6742,0.00000,0.00239
8.62,16.12,4.2155,87.6000,0.00000,0.00253
8.88,16.12,4.0529,93.2103,0.00000,0.00293
9.12,16.12,3.8968,98.9831,0.00000,0.00318
9.38,16.12,3.9168,105.9455,0.00000,0.00287
9.62,16.12,4.0041,108.9721,0.00000,0.00257
9.88,16.12,4.0716,107.7525,0.00000,0.00255
10.12,16.12,4.0621,103.1308,0.00000,0.00258
10.38,16.12,3.9517,98.3978,0.00001,0.00263
10.62,16.12,3.9874,101.6350,0.00026,0.00264
10.88,16.12,4.0991,110.3899,0.00312,0.00257
11.12,16.12,4.0706,117.0226,0.01403,0.00250
11.38,16.12,4.0381,124.0835,0.02426,0.00253
11.62,16.12,3.9983,130.3300,0.02937,0.00262
11.88,16.12,4.0006,131.1020,0.08395,0.00269
12.12,16.12,3.9623,127.0105,0.18710,0.00270
12.38,16.12,3.8785,130.5870,0.20370,0.00278
12.62,16.12,3.8220,136.6491,0.11244,0.00297
12.88,16.12,3.8830,137.6569,0.05864,0.00328
13.12,16.12,3.8751,138.5403,0.05333,0.00356
13.38,16.12,3.9593,142.7855,0.06452,0.00373
13.62,16.12,4.1031,147.7071,0.17927,0.00394
13.88,16.12,4.0977,150.9312,0.29571,0.00425
14.12,16.12,3.8947,149.8778,0.19425,0.00517
14.38,16.12,3.7654,149.7947,0.06020,0.00660
14.62,16.12,3.7905,156.4877,0.05750,0.00742
14.88,16.12,3.8588,163.7397,0.15245,0.00767
15.12,16.12,3.9750,161.5297,0.21052,0.00822
15.38,16.12,3.8911,157.3951,0.13736,0.00900
15.62,16.12,3.7155,157.4943,0.08522,0.00980
15.88,16.12,3.7704,156.5939,0.15641,0.01013
16.12,16.12,3.8728,156.4338,0.29943,0.00997
16.38,16.12,3.9076,156.0657,0.39602,0.00939
16.62,16.12,3.8247,155.1899,0.48583,0.00865
16.88,16.12,3.9377,162.7138,0.72300,0.00762
2.62,16.38,3.0251,46.4785,0.00000,0.03526
2.88,16.38,3.9177,41.8210,0.00000,0.05333
3.12,16.38,4.1258,38.3923,0.00000,0.07420
3.38,16.38,4.0784,37.2468,0.00000,0.08942
3.62,16.38,4.0793,37.2449,0.00000,0.06692
3.88,16.38,3.9183,37.8383,0.00000,0.04063
4.12,16.38,3.9489,39.4358,0.00000,0.02722
4.38,16.38,3.7704,40.5610,0.00000,0.01969
4.62,16.38,3.7955,43.3833,0.00000,0.01508
4.88,16.38,3.6571,46.2449,0.00000,0.01181
5.12,16.38,3.7259,52.2951,0.00000,0.00976
5.38,16.38,3.7841,61.7560,0.00000,0.00848
5.62,16.38,4.0405,70.1224,0.00000,0.00767
5.88,16.38,4.0312,74.1595,0.00000,0.00688
6.12,16.38,3.9905,74.3998,0.00000,0.00614
6.38,16.38,3.9544,76.0851,0.00000,0.00544
6.62,16.38,3.9536,78.2871,0.00000,0.00492
6.88,16.38,3.7722,82.7670,0.00000,0.00452
7.12,16.38,3.7397,88.0310,0.00000,0.00414
7.38,16.38,3.8200,90.6782,0.00000,0.00367
7.62,16.38,3.8390,89.9091,0.00000,0.00328
7.88,16.38,3.8094,88.1370,0.00000,0.00303
8.12,16.38,3.8409,84.9723,0.00000,0.00285
8.38,16.38,3.8758,80.7687,0.00000,0.00278
8.62,16.38,3.8687,80.8397,0.00000,0.00288
8.88,16.38,3.7444,87.0712,0.00000,0.00309
9.12,16.38,3.5828,93.5539,0.00000,0.00307
9.38,16.38,3.6497,98.4374,0.00000,0.00285
9.62,16.38,3.7551,98.4417,0.00000,0.00300
9.88,16.38,3.7948,96.7121,0.00000,0.00327
10.12,16.38,3.8376,96.8282,0.00000,0.00308
10.38,16.38,3.7365,96.5269,0.00000,0.00288
10.62,16.38,3.7066,99.3370,0.00002,0.00283
10.88,16.38,3.8130,104.1098,0.00026,0.00276
11.12,16.38,3.8775,109.1684,0.00116,0.00271
11.38,16.38,3.8771,115.1604,0.00260,0.00277
11.62,16.38,3.8484,119.2681,0.01043,0.00288
11.88,16.38,3.8146,117.9032,0.04906,0.00293
12.12,16.38,3.7865,115.8734,0.11279,0.00294
12.38,16.38,3.7139,121.0571,0.12289,0.00307
12.62,16.38,3.7483,127.0070,0.07447,0.00341
12.88,16.38,3.7675,128.8649,0.07774,0.00379
13.12,16.38,3.7404,132.7288,0.10966,0.00407
13.38,16.38,3.7793,136.9463,0.08600,0.00438
13.62,16.38,3.9181,139.1211,0.11034,0.00490
13.88,16.38,4.0058,138.4394,0.16010,0.00566
14.12,16.38,3.9267,136.8953,0.09770,0.00694
14.38,16.38,3.8753,141.9320,0.02417,0.00837
14.62,16.38,3.8701,151.9207,0.01850,0.00915
14.88,16.38,3.8817,158.6900,0.06769,0.00978
15.12,16.38,3.9574,155.4818,0.10935,0.01074
15.38,16.38,3.9130,150.1798,0.08237,0.01181
15.62,16.38,3.8910,152.1524,0.10653,0.01324
15.88,16.38,4.0246,155.4178,0.24121,0.01504
16.12,16.38,3.9728,156.9834,0.36453,0.01620
16.38,16.38,3.8086,157.6120,0.37194,0.01572
16.62,16.38,3.7477,156.5281,0.38128,0.01479
16.88,16.38,3.8631,160.0105,0.53761,0.01338
2.62,16.62,3.2658,45.7064,0.00000,0.03166
2.88,16.62,4.0603,41.8006,0.00000,0.04954
3.12,16.62,4.2438,38.9602,0.00000,0.06987
3.38,16.62,4.2357,37.2728,0.00000,0.08239
3.62,16.62,4.2158,36.1339,0.00000,0.05952
3.88,16.62,3.9800,35.3510,0.00000,0.03431
4.12,16.62,3.9637,37.0142,0.00000,0.02262
4.38,16.62,3.8317,40.5139,0.00000,0.01667
4.62,16.62,3.9028,44.6525,0.00000,0.01279
4.88,16.62,3.7774,46.4171,0.00000,0.00986
5.12,16.62,3.8048,51.6562,0.00000,0.00814
5.38,16.62,3.8130,61.5602,0.00000,0.00719
5.62,16.62,3.9572,69.1218,0.00000,0.00666
5.88,16.62,3.9176,71.9994,0.00000,0.00602
6.12,16.62,3.9514,73.2699,0.00000,0.00546
6.38,16.62,3.9686,76.7590,0.00000,0.00492
6.62,16.62,4.0463,79.0525,0.00000,0.00455
6.88,16.62,3.9497,81.6280,0.00000,0.00425
7.12,16.62,3.8860,84.9919,0.00000,0.00394
7.38,16.62,3.8915,87.1189,0.00000,0.00359
7.62,16.62,3.8738,86.1912,0.00000,0.00333
7.88,16.62,3.8352,84.5064,0.00000,0.00317
8.12,16.62,3.8305,82.9407,0.00000,0.00311
8.38,16.62,3.8680,79.9480,0.00000,0.00317
8.62,16.62,3.8089,79.6359,0.00000,0.00327
8.88,16.62,3.7848,84.4783,0.00000,0.00329
9.12,16.62,3.6067,88.4672,0.00000,0.00297
9.38,16.62,3.6527,91.7942,0.00000,0.00286
9.62,16.62,3.7431,92.3614,0.00000,0.00342
9.88,16.62,3.7883,92.4543,0.00000,0.00395
10.12,16.62,3.8876,95.6791,0.00000,0.00357
10.38,16.62,3.8716,98.9168,0.00000,0.00319
10.62,16.62,3.8809,102.5391,0.00000,0.00315
10.88,16.62,3.9270,105.7909,0.00001,0.00308
11.12,16.62,3.9588,110.7895,0.00004,0.00301
11.38,16.62,3.9236,113.3609,0.00022,0.00306
11.62,16.62,3.8694,112.4032,0.00211,0.00318
11.88,16.62,3.8498,111.5683,0.01090,0.00329
12.12,16.62,3.8686,111.3557,0.02521,0.00342
12.38,16.62,3.7877,115.5724,0.02927,0.00370
12.62,16.62,3.8545,121.2814,0.03936,0.00426
12.88,16.62,3.8282,123.1243,0.11967,0.00477
13.12,16.62,3.7758,127.6976,0.19340,0.00504
13.38,16.62,3.8372,134.9695,0.12166,0.00534
13.62,16.62,3.9307,139.2806,0.04723,0.00596
13.88,16.62,3.9496,137.0848,0.03701,0.00697
14.12,16.62,3.9591,133.9127,0.02127,0.00843
14.38,16.62,4.0252,138.9677,0.00528,0.00978
14.62,16.62,4.0422,147.0826,0.00668,0.01069
14.88,16.62,3.9476,151.1141,0.02807,0.01183
15.12,16.62,3.9333,151.3976,0.04843,0.01348
15.38,16.62,3.9535,148.8007,0.05775,0.01526
15.62,16.62,3.9923,151.0251,0.15099,0.01764
15.88,16.62,4.1010,157.3266,0.30568,0.02176
16.12,16.62,4.0256,160.6233,0.37065,0.02567
16.38,16.62,3.8243,158.9058,0.33605,0.02697
16.62,16.62,3.7017,157.2424,0.24681,0.02627
16.88,16.62,3.7968,159.2834,0.23287,0.02206
2.62,16.88,3.3398,44.6014,0.00000,0.02829
2.88,16.88,4.0908,40.1159,0.00000,0.04648
3.12,16.88,4.2332,37.3312,0.00000,0.06528
3.38,16.88,4.2967,36.5980,0.00000,0.07198
3.62,16.88,4.2711,35.4532,0.00000,0.05010
3.88,16.88,4.0138,34.2726,0.00000,0.02914
4.12,16.88,3.9635,36.2593,0.00000,0.01955
4.38,16.88,3.8224,40.9000,0.00000,0.01436
4.62,16.88,3.8936,46.1178,0.00000,0.01107
4.88,16.88,3.8429,47.8874,0.00000,0.00868
5.12,16.88,3.8841,51.0605,0.00000,0.00734
5.38,16.88,3.8475,58.9177,0.00000,0.00668
5.62,16.88,3.8883,66.5731,0.00000,0.00625
5.88,16.88,3.8066,68.8952,0.00000,0.00568
6.12,16.88,3.8007,68.9828,0.00000,0.00513
6.38,16.88,3.8600,73.2493,0.00000,0.00464
6.62,16.88,4.0250,76.9978,0.00000,0.00431
6.88,16.88,3.9955,78.1649,0.00000,0.00401
7.12,16.88,3.8812,80.9709,0.00000,0.00372
7.38,16.88,3.8105,84.6963,0.00000,0.00343
7.62,16.88,3.8010,85.8806,0.00000,0.00317
7.88,16.88,3.7495,85.4647,0.00000,0.00299
8.12,16.88,3.7416,84.9779,0.00000,0.00294
8.38,16.88,3.7724,83.7158,0.00000,0.00304
8.62,16.88,3.7658,83.9213,0.00000,0.00313
8.88,16.88,3.7343,86.0247,0.00000,0.00304
9.12,16.88,3.5684,85.3762,0.00000,0.00274
9.38,16.88,3.5348,87.2796,0.00000,0.00267
9.62,16.88,3.6050,90.8614,0.00000,0.00308
9.88,16.88,3.6379,92.4425,0.00000,0.00346
10.12,16.88,3.7384,95.9958,0.00000,0.00330
10.38,16.88,3.8335,102.0196,0.00000,0.00314
10.62,16.88,3.9076,107.1511,0.00000,0.00320
10.88,16.88,3.9037,111.4198,0.00000,0.00317
11.12,16.88,3.8571,116.7434,0.00000,0.00312
11.38,16.88,3.7615,115.8825,0.00001,0.00315
11.62,16.88,3.6950,111.4829,0.00017,0.00324
11.88,16.88,3.7576,111.1478,0.00089,0.00347
12.12,16.88,3.8198,111.9555,0.00213,0.00379
12.38,16.88,3.8060,116.0322,0.00452,0.00423
12.62,16.88,3.8073,122.3503,0.02897,0.00489
12.88,16.88,3.7578,122.0012,0.12514,0.00547
13.12,16.88,3.7027,121.4204,0.20601,0.00572
13.38,16.88,3.7702,127.2946,0.12533,0.00600
13.62,16.88,3.8412,134.4909,0.02962,0.00672
13.88,16.88,3.8192,135.6454,0.00515,0.00784
14.12,16.88,3.8195,134.3063,0.00184,0.00930
14.38,16.88,3.9434,137.4004,0.00155,0.01070
14.62,16.88,4.0184,140.0878,0.01422,0.01196
14.88,16.88,3.8537,139.4899,0.06369,0.01376
15.12,16.88,3.7918,141.0282,0.10807,0.01660
15.38,16.88,3.7635,140.8150,0.10319,0.02010
15.62,16.88,3.8371,144.4223,0.19873,0.02474
15.88,16.88,4.0074,154.3360,0.36133,0.03197
16.12,16.88,3.9810,158.4253,0.41981,0.03967
16.38,16.88,3.8889,154.9895,0.40405,0.04699
16.62,16.88,3.7894,154.9086,0.25992,0.05034
16.88,16.88,3.9681,161.0813,0.15106,0.04110
2.62,17.12,3.2748,46.1875,0.00000,0.02473
2.88,17.12,4.0642,40.6658,0.00000,0.04343
3.12,17.12,4.1875,37.2513,0.00000,0.06135
3.38,17.12,4.2249,37.1625,0.00000,0.06316
3.62,17.12,4.2040,36.9137,0.00000,0.04304
3.88,17.12,4.0272,36.2722,0.00000,0.02628
4.12,17.12,3.9435,37.2532,0.00000,0.01767
4.38,17.12,3.7659,40.7443,0.00000,0.01257
4.62,17.12,3.8249,46.5410,0.00000,0.00963
4.88,17.12,3.7876,49.2959,0.00000,0.00778
5.12,17.12,3.8925,50.8861,0.00000,0.00675
5.38,17.12,3.8988,55.6009,0.00000,0.00633
5.62,17.12,3.8903,62.9144,0.00000,0.00599
5.88,17.12,3.7704,65.3576,0.00000,0.00560
6.12,17.12,3.7885,64.7168,0.00000,0.00527
6.38,17.12,3.8743,69.3571,0.00000,0.00469
6.62,17.12,4.0046,74.1291,0.00000,0.00423
6.88,17.12,3.9550,74.3266,0.00000,0.00387
7.12,17.12,3.8736,76.0053,0.00000,0.00361
7.38,17.12,3.8910,79.2928,0.00000,0.00339
7.62,17.12,4.0168,83.1897,0.00000,0.00317
7.88,17.12,4.0036,87.8285,0.00000,0.00298
8.12,17.12,4.0046,92.5430,0.00000,0.00290
8.38,17.12,4.0131,95.0472,0.00000,0.00294
8.62,17.12,4.0177,93.7296,0.00000,0.00296
8.88,17.12,3.8974,90.9569,0.00000,0.00282
9.12,17.12,3.7298,87.6962,0.00000,0.00266
9.38,17.12,3.6582,90.1959,0.00000,0.00264
9.62,17.12,3.7397,96.3834,0.00000,0.00285
9.88,17.12,3.7946,98.6359,0.00000,0.00312
10.12,17.12,3.9104,101.8750,0.00000,0.00333
10.38,17.12,4.0570,108.6596,0.00000,0.00346
10.62,17.12,4.0933,111.7534,0.00000,0.00350
10.88,17.12,4.0378,114.2713,0.00000,0.00348
11.12,17.12,3.9717,118.4488,0.00000,0.00351
11.38,17.12,3.8545,116.8634,0.00000,0.00352
11.62,17.12,3.8130,114.4857,0.00001,0.00358
11.88,17.12,3.9520,116.4004,0.00003,0.00394
12.12,17.12,3.9902,119.2100,0.00017,0.00457
12.38,17.12,3.9381,122.9629,0.00240,0.00511
12.62,17.12,3.8157,127.4845,0.02645,0.00543
12.88,17.12,3.7982,126.1195,0.11727,0.00576
13.12,17.12,3.8758,122.0845,0.19352,0.00596
13.38,17.12,3.8865,121.7117,0.11813,0.00630
13.62,17.12,3.8286,126.6437,0.02687,0.00719
13.88,17.12,3.8294,130.8322,0.00239,0.00845
14.12,17.12,3.8035,130.8332,0.00019,0.00985
14.38,17.12,3.8470,131.6057,0.00190,0.01127
14.62,17.12,3.9331,134.9409,0.02298,0.01297
14.88,17.12,3.8502,137.4923,0.10312,0.01587
15.12,17.12,3.8435,140.2878,0.17354,0.02067
15.38,17.12,3.8111,138.1499,0.14879,0.02727
15.62,17.12,3.9219,137.6843,0.24181,0.03734
15.88,17.12,3.9761,140.0691,0.46231,0.05178
16.12,17.12,3.8984,139.7311,0.61502,0.06718
16.38,17.12,3.9571,141.5222,0.65826,0.08564
16.62,17.12,3.9013,149.7501,0.53532,0.09699
16.88,17.12,4.1187,165.0176,0.52039,0.08232
2.62,17.38,3.2579,48.2628,0.00000,0.02084
2.88,17.38,4.1402,41.9233,0.00000,0.03796
3.12,17.38,4.2055,37.8600,0.00000,0.05442
3.38,17.38,3.9987,36.9989,0.00000,0.05541
3.62,17.38,3.9795,37.0994,0.00000,0.03871
3.88,17.38,4.0012,37.2907,0.00000,0.02511
4.12,17.38,3.9404,37.8250,0.00000,0.01656
4.38,17.38,3.6998,40.5122,0.00000,0.01133
4.62,17.38,3.7107,46.2581,0.00000,0.00884
4.88,17.38,3.7122,50.0281,0.00000,0.00746
5.12,17.38,3.8821,52.3221,0.00000,0.00640
5.38,17.38,3.8733,54.8631,0.00000,0.00590
5.62,17.38,3.8485,59.5725,0.00000,0.00565
5.88,17.38,3.7004,62.2223,0.00000,0.00543
6.12,17.38,3.7572,63.2848,0.00000,0.00532
6.38,17.38,3.9212,67.9407,0.00000,0.00475
6.62,17.38,4.0658,72.3974,0.00000,0.00423
6.88,17.38,3.9929,72.9559,0.00000,0.00387
7.12,17.38,3.9382,73.2591,0.00000,0.00361
7.38,17.38,3.9272,72.6933,0.00000,0.00339
7.62,17.38,4.0039,75.8219,0.00000,0.00319
7.88,17.38,4.0004,84.7699,0.00000,0.00302
8.12,17.38,3.9886,94.8768,0.00000,0.00288
8.38,17.38,4.0306,101.0213,0.00000,0.00282
8.62,17.38,4.0416,99.9906,0.00000,0.00280
8.88,17.38,3.9413,95.5386,0.00000,0.00273
9.12,17.38,3.7613,92.1769,0.00000,0.00267
9.38,17.38,3.6815,93.8760,0.00000,0.00273
9.62,17.38,3.7564,98.1359,0.00000,0.00294
9.88,17.38,3.9091,100.7012,0.00000,0.00332
10.12,17.38,4.0702,105.1507,0.00000,0.00385
10.38,17.38,4.2025,110.9089,0.00000,0.00418
10.62,17.38,4.2077,109.6103,0.00000,0.00414
10.88,17.38,4.0984,107.8140,0.00000,0.00412
11.12,17.38,3.9989,110.9616,0.00000,0.00432
11.38,17.38,3.9117,112.5644,0.00000,0.00451
11.62,17.38,3.8650,114.6450,0.00000,0.00481
11.88,17.38,3.9713,120.0116,0.00004,0.00551
12.12,17.38,4.0468,126.3231,0.00057,0.00688
12.38,17.38,3.9669,129.9467,0.00354,0.00783
12.62,17.38,3.8326,132.3189,0.01827,0.00730
12.88,17.38,3.8021,131.9467,0.06797,0.00681
13.12,17.38,3.9143,127.7280,0.11433,0.00643
13.38,17.38,3.8763,121.5883,0.07838,0.00641
13.62,17.38,3.7372,122.3485,0.02314,0.00730
13.88,17.38,3.7365,127.9963,0.00319,0.00861
14.12,17.38,3.7811,128.9376,0.00030,0.00986
14.38,17.38,3.7871,128.8736,0.00123,0.01130
14.62,17.38,3.8237,136.2352,0.01406,0.01354
14.88,17.38,3.8388,143.6705,0.06286,0.01775
15.12,17.38,3.9051,147.3451,0.10630,0.02505
15.38,17.38,3.9183,142.1356,0.09180,0.03578
15.62,17.38,3.9501,134.9479,0.15803,0.05282
15.88,17.38,3.8571,127.4913,0.37032,0.07867
16.12,17.38,3.7974,123.2259,0.64660,0.11159
16.38,17.38,3.9441,132.1250,0.85031,0.15425
16.62,17.38,4.1515,153.5775,1.05723,0.18632
16.88,17.38,4.7606,180.2606,1.57257,0.17999
2.62,17.62,3.3010,45.7335,0.00000,0.01856
2.88,17.62,4.3244,41.2767,0.00000,0.03314
3.12,17.62,4.3332,38.2396,0.00000,0.04628
3.38,17.62,3.9384,37.4489,0.00000,0.04659
3.62,17.62,3.8791,38.2190,0.00000,0.03305
3.88,17.62,3.9292,38.1464,0.00000,0.02226
4.12,17.62,3.9000,38.8389,0.00000,0.01491
4.38,17.62,3.6381,41.3630,0.00000,0.01026
4.62,17.62,3.6314,45.5693,0.00000,0.00837
4.88,17.62,3.6555,49.4103,0.00000,0.00751
5.12,17.62,3.7951,54.2650,0.00000,0.00629
5.38,17.62,3.8246,57.4559,0.00000,0.00534
5.62,17.62,3.8800,60.1768,0.00000,0.00497
5.88,17.62,3.7843,62.8279,0.00000,0.00481
6.12,17.62,3.8377,64.8987,0.00000,0.00476
6.38,17.62,4.0539,68.2278,0.00000,0.00444
6.62,17.62,4.1914,71.7473,0.00000,0.00411
6.88,17.62,4.1493,73.4690,0.00000,0.00385
7.12,17.62,4.1219,74.0070,0.00000,0.00365
7.38,17.62,4.0451,71.6992,0.00000,0.00341
7.62,17.62,4.0510,73.2005,0.00000,0.00318
7.88,17.62,4.0191,81.6337,0.00000,0.00303
8.12,17.62,3.9835,90.6900,0.00000,0.00289
8.38,17.62,4.1003,97.4603,0.00000,0.00285
8.62,17.62,4.1827,101.4401,0.00000,0.00290
8.88,17.62,4.1995,102.3916,0.00000,0.00298
9.12,17.62,4.1716,101.3373,0.00000,0.00308
9.38,17.62,4.1915,99.1678,0.00000,0.00320
9.62,17.62,4.2579,97.8963,0.00000,0.00340
9.88,17.62,4.3912,99.2098,0.00000,0.00380
10.12,17.62,4.4940,101.7352,0.00000,0.00450
10.38,17.62,4.5759,104.3637,0.00000,0.00529
10.62,17.62,4.5753,104.3086,0.00000,0.00587
10.88,17.62,4.4584,105.3655,0.00000,0.00620
11.12,17.62,4.3281,109.5164,0.00000,0.00688
11.38,17.62,4.2125,113.6014,0.00000,0.00767
11.62,17.62,4.1310,117.7472,0.00001,0.00845
11.88,17.62,4.1551,123.2684,0.00019,0.00889
12.12,17.62,4.2439,129.8866,0.00238,0.00978
12.38,17.62,4.2000,134.5458,0.01092,0.01046
12.62,17.62,4.0768,138.1763,0.02140,0.00928
12.88,17.62,3.9365,139.6755,0.03355,0.00819
13.12,17.62,3.9189,135.6981,0.06548,0.00722
13.38,17.62,3.8993,128.5314,0.08025,0.00674
13.62,17.62,3.8218,125.6171,0.04344,0.00744
13.88,17.62,3.8042,128.7325,0.01033,0.00857
14.12,17.62,3.8644,129.7372,0.00286,0.00960
14.38,17.62,3.8667,130.8778,0.00280,0.01109
14.62,17.62,3.8684,139.5352,0.00665,0.01378
14.88,17.62,3.8877,146.6306,0.02016,0.01883
15.12,17.62,3.9624,148.5304,0.03939,0.02754
15.38,17.62,3.9614,141.9281,0.04679,0.04093
15.62,17.62,3.8746,132.5816,0.06698,0.06306
15.88,17.62,3.7905,124.2841,0.18111,0.09990
16.12,17.62,3.7874,120.9826,0.45443,0.15735
16.38,17.62,3.9430,129.8013,0.78450,0.24287
16.62,17.62,4.4081,152.9425,1.32457,0.32826
16.88,17.62,5.2566,180.9140,2.27955,0.36554
2.62,17.88,3.1966,46.0996,0.00000,0.01712
2.88,17.88,4.3322,42.1705,0.00000,0.02946
3.12,17.88,4.3639,38.7671,0.00000,0.04000
3.38,17.88,3.9758,38.1392,0.00000,0.04012
3.62,17.88,3.9030,40.2988,0.00000,0.02810
3.88,17.88,3.9247,40.4886,0.00000,0.01863
4.12,17.88,3.8960,40.9954,0.00000,0.01290
4.38,17.88,3.6618,42.7089,0.00000,0.00921
4.62,17.88,3.6624,44.4496,0.00000,0.00751
4.88,17.88,3.6432,47.2028,0.00000,0.00667
5.12,17.88,3.7107,54.4742,0.00000,0.00571
5.38,17.88,3.7925,59.8683,0.00000,0.00484
5.62,17.88,3.8997,61.4133,0.00000,0.00440
5.88,17.88,3.8691,63.1997,0.00000,0.00422
6.12,17.88,3.8757,66.4923,0.00000,0.00415
6.38,17.88,4.0240,70.8262,0.00000,0.00401
6.62,17.88,4.1076,74.9913,0.00000,0.00382
6.88,17.88,4.1439,76.1518,0.00000,0.00367
7.12,17.88,4.1850,76.2926,0.00000,0.00355
7.38,17.88,4.1173,76.1500,0.00000,0.00337
7.62,17.88,4.0482,78.4513,0.00000,0.00318
7.88,17.88,3.9731,84.1834,0.00000,0.00303
8.12,17.88,3.9691,90.1756,0.00000,0.00292
8.38,17.88,4.0613,96.4553,0.00000,0.00288
8.62,17.88,4.1680,103.5621,0.00000,0.00294
8.88,17.88,4.2231,109.1900,0.00000,0.00313
9.12,17.88,4.2938,110.6601,0.00000,0.00339
9.38,17.88,4.3545,104.7476,0.00000,0.00350
9.62,17.88,4.3856,98.4475,0.00000,0.00350
9.88,17.88,4.3538,97.5235,0.00000,0.00366
10.12,17.88,4.3850,97.8023,0.00000,0.00422
10.38,17.88,4.4644,98.7156,0.00000,0.00553
10.62,17.88,4.4811,102.1146,0.00000,0.00704
10.88,17.88,4.4185,108.0380,0.00000,0.00785
11.12,17.88,4.3273,113.8169,0.00000,0.00890
11.38,17.88,4.1610,118.2777,0.00000,0.01007
11.62,17.88,4.0783,120.3015,0.00001,0.01091
11.88,17.88,4.1094,123.1444,0.00032,0.01032
12.12,17.88,4.1839,129.2279,0.00392,0.00903
12.38,17.88,4.2148,135.1287,0.01761,0.00837
12.62,17.88,4.1335,138.1910,0.03040,0.00764
12.88,17.88,4.0140,139.1455,0.03343,0.00727
13.12,17.88,3.8850,136.2101,0.07187,0.00680
13.38,17.88,3.8514,132.3204,0.11064,0.00651
13.62,17.88,3.7881,128.0101,0.06937,0.00700
13.88,17.88,3.8192,128.3948,0.02861,0.00785
14.12,17.88,3.9170,130.9485,0.02698,0.00866
14.38,17.88,3.9247,134.6197,0.03072,0.00985
14.62,17.88,3.8949,141.5297,0.04138,0.01222
14.88,17.88,3.8962,145.5919,0.05306,0.01708
15.12,17.88,3.9626,143.8414,0.08959,0.02516
15.38,17.88,3.9417,133.8292,0.14392,0.03810
15.62,17.88,3.9200,124.0231,0.14031,0.06304
15.88,17.88,3.8962,118.9341,0.14348,0.10803
16.12,17.88,3.8541,120.4160,0.28493,0.18002
16.38,17.88,3.8614,127.9724,0.53752,0.29735
16.62,17.88,4.1006,139.6102,0.98444,0.44690
16.88,17.88,4.3612,150.5424,1.70931,0.55471
2.62,18.12,3.1349,46.6124,0.00000,0.01472
2.88,18.12,4.1940,43.6936,0.00000,0.02354
3.12,18.12,4.2000,40.3725,0.00000,0.03091
3.38,18.12,3.9569,39.1271,0.00000,0.03224
3.62,18.12,3.9213,41.3201,0.00000,0.02314
3.88,18.12,3.8679,42.5814,0.00000,0.01521
4.12,18.12,3.7552,43.7001,0.00000,0.01101
4.38,18.12,3.6263,44.8006,0.00000,0.00836
4.62,18.12,3.6162,44.3862,0.00000,0.00665
4.88,18.12,3.5721,45.7154,0.00000,0.00551
5.12,18.12,3.6681,53.7742,0.00000,0.00484
5.38,18.12,3.7464,60.1125,0.00000,0.00434
5.62,18.12,3.8762,60.9604,0.00000,0.00402
5.88,18.12,3.8900,62.3321,0.00000,0.00385
6.12,18.12,3.8610,67.5402,0.00000,0.00377
6.38,18.12,3.8852,75.1011,0.00000,0.00366
6.62,18.12,3.9548,81.0071,0.00000,0.00354
6.88,18.12,3.9907,79.1256,0.00000,0.00346
7.12,18.12,4.0509,76.7826,0.00000,0.00339
7.38,18.12,4.0459,79.6842,0.00000,0.00330
7.62,18.12,3.9914,84.4169,0.00000,0.00316
7.88,18.12,3.8992,88.6843,0.00000,0.00301
8.12,18.12,3.9779,94.1228,0.00000,0.00293
8.38,18.12,4.1589,99.9583,0.00000,0.00290
8.62,18.12,4.2612,105.5863,0.00000,0.00297
8.88,18.12,4.2494,110.3586,0.00000,0.00314
9.12,18.12,4.1840,112.0529,0.00000,0.00339
9.38,18.12,4.1313,106.5248,0.00000,0.00349
9.62,18.12,4.0979,99.0424,0.00000,0.00339
9.88,18.12,3.9834,96.2833,0.00000,0.00334
10.12,18.12,3.9452,96.0274,0.00000,0.00355
10.38,18.12,4.0005,96.4779,0.00000,0.00442
10.62,18.12,4.0943,100.5989,0.00000,0.00555
10.88,18.12,4.1340,107.4475,0.00000,0.00611
11.12,18.12,4.0938,114.4603,0.00000,0.00674
11.38,18.12,3.9418,118.3774,0.00000,0.00744
11.62,18.12,3.8231,117.2817,0.00001,0.00789
11.88,18.12,3.8631,119.1640,0.00019,0.00736
12.12,18.12,4.0087,127.3866,0.00237,0.00613
12.38,18.12,4.0770,134.2982,0.01067,0.00537
12.62,18.12,4.0571,135.7909,0.01829,0.00519
12.88,18.12,3.9915,134.7099,0.01962,0.00542
13.12,18.12,3.8742,133.3015,0.04254,0.00564
13.38,18.12,3.8789,132.0279,0.06741,0.00591
13.62,18.12,3.8342,127.3877,0.05370,0.00645
13.88,18.12,3.8984,126.9421,0.07101,0.00713
14.12,18.12,4.0263,131.1505,0.11620,0.00761
14.38,18.12,3.9839,134.4060,0.13736,0.00818
14.62,18.12,3.9726,136.6388,0.18124,0.00957
14.88,18.12,4.0599,139.6923,0.19550,0.01263
15.12,18.12,4.1888,139.6766,0.22891,0.01750
15.38,18.12,4.1718,129.2557,0.37881,0.02567
15.62,18.12,4.2104,118.3385,0.46093,0.04520
15.88,18.12,4.1058,113.7379,0.38985,0.08601
16.12,18.12,3.9325,119.1771,0.37115,0.15076
16.38,18.12,3.8347,130.8249,0.58565,0.25367
16.62,18.12,4.1350,145.5273,1.23989,0.40479
16.88,18.12,4.4079,158.2611,2.21137,0.54387
2.62,18.38,3.1094,44.0461,0.00000,0.01237
2.88,18.38,4.0261,43.7569,0.00000,0.01877
3.12,18.38,4.0477,41.9458,0.00000,0.02426
3.38,18.38,3.9158,40.4809,0.00000,0.02670
3.62,18.38,3.8566,42.0427,0.00000,0.01973
3.88,18.38,3.7350,43.9760,0.00000,0.01286
4.12,18.38,3.6391,46.6649,0.00000,0.00963
4.38,18.38,3.6392,48.0346,0.00000,0.00768
4.62,18.38,3.6052,46.3591,0.00000,0.00604
4.88,18.38,3.5880,46.1651,0.00000,0.00484
5.12,18.38,3.7934,52.4279,0.00000,0.00432
5.38,18.38,3.8106,56.8075,0.00000,0.00403
5.62,18.38,3.8180,57.7251,0.00000,0.00379
5.88,18.38,3.8391,61.1240,0.00000,0.00361
6.12,18.38,3.8377,68.3540,0.00000,0.00353
6.38,18.38,3.8336,77.1164,0.00000,0.00344
6.62,18.38,3.9543,82.1913,0.00000,0.00338
6.88,18.38,3.9748,78.7199,0.00000,0.00334
7.12,18.38,4.0097,76.5844,0.00000,0.00328
7.38,18.38,3.9978,80.6464,0.00000,0.00322
7.62,18.38,3.9500,85.4987,0.00000,0.00310
7.88,18.38,3.8682,89.4823,0.00000,0.00295
8.12,18.38,3.9959,94.7655,0.00000,0.00286
8.38,18.38,4.2348,98.3969,0.00000,0.00285
8.62,18.38,4.2837,100.6001,0.00000,0.00294
8.88,18.38,4.2506,102.1332,0.00000,0.00307
9.12,18.38,4.1393,103.3996,0.00000,0.00316
9.38,18.38,4.0583,103.6342,0.00000,0.00322
9.62,18.38,3.9882,99.6564,0.00000,0.00317
9.88,18.38,3.8831,96.5976,0.00000,0.00310
10.12,18.38,3.7937,96.7968,0.00000,0.00313
10.38,18.38,3.8090,98.1371,0.00000,0.00344
10.62,18.38,3.9330,102.0821,0.00000,0.00389
10.88,18.38,4.0129,106.4614,0.00000,0.00409
11.12,18.38,3.9990,111.6561,0.00000,0.00427
11.38,18.38,3.9245,114.6855,0.00000,0.00453
11.62,18.38,3.8254,114.3024,0.00000,0.00470
11.88,18.38,3.8175,117.8186,0.00004,0.00477
12.12,18.38,4.0119,126.4381,0.00053,0.00480
12.38,18.38,4.1061,131.2706,0.00238,0.00466
12.62,18.38,4.0877,131.6824,0.00408,0.00446
12.88,18.38,3.9492,130.5720,0.00437,0.00457
13.12,18.38,3.9031,132.5712,0.00953,0.00502
13.38,18.38,3.9282,132.4051,0.01662,0.00551
13.62,18.38,3.8845,128.2178,0.03140,0.00598
13.88,18.38,3.9044,129.4569,0.10433,0.00644
14.12,18.38,3.9703,133.4272,0.19054,0.00663
14.38,18.38,3.8155,133.8549,0.22641,0.00676
14.62,18.38,3.8499,134.4398,0.29761,0.00732
14.88,18.38,4.0022,138.5426,0.30861,0.00852
15.12,18.38,4.1466,140.3114,0.32793,0.01035
15.38,18.38,4.2763,132.7977,0.60137,0.01344
15.62,18.38,4.4385,124.0510,0.86364,0.02261
15.88,18.38,4.2682,120.6624,0.75039,0.04647
16.12,18.38,3.9384,128.1734,0.54987,0.08749
16.38,18.38,3.8843,146.1373,0.78696,0.14573
16.62,18.38,4.6354,173.5497,1.96953,0.22677
16.88,18.38,5.6149,200.3347,3.72411,0.30935
2.62,18.62,3.1915,46.2306,0.00000,0.01031
2.88,18.62,4.0897,45.1213,0.00000,0.01546
3.12,18.62,4.0531,41.6016,0.00000,0.02007
3.38,18.62,3.7973,39.3358,0.00000,0.02236
3.62,18.62,3.7240,41.4120,0.00000,0.01672
3.88,18.62,3.6378,44.3759,0.00000,0.01109
4.12,18.62,3.5806,48.8479,0.00000,0.00850
4.38,18.62,3.5402,51.2479,0.00000,0.00693
4.62,18.62,3.4980,49.6343,0.00000,0.00548
4.88,18.62,3.4873,48.4212,0.00000,0.00442
5.12,18.62,3.6469,52.3613,0.00000,0.00396
5.38,18.62,3.7264,54.0132,0.00000,0.00374
5.62,18.62,3.7097,54.3520,0.00000,0.00358
5.88,18.62,3.7106,60.0584,0.00000,0.00340
6.12,18.62,3.6878,69.9910,0.00000,0.00324
6.38,18.62,3.7414,77.1937,0.00000,0.00314
6.62,18.62,3.8427,78.4613,0.00000,0.00308
6.88,18.62,3.8372,76.4725,0.00000,0.00306
7.12,18.62,3.7930,77.4389,0.00000,0.00306
7.38,18.62,3.7482,80.1053,0.00000,0.00302
7.62,18.62,3.6389,82.3159,0.00000,0.00289
7.88,18.62,3.6051,86.6550,0.00000,0.00276
8.12,18.62,3.7606,91.9698,0.00000,0.00269
8.38,18.62,3.9207,93.6224,0.00000,0.00269
8.62,18.62,4.0098,94.3384,0.00000,0.00279
8.88,18.62,4.0117,94.4736,0.00000,0.00286
9.12,18.62,3.9247,94.7647,0.00000,0.00285
9.38,18.62,3.8851,98.2714,0.00000,0.00290
9.62,18.62,3.8559,98.5347,0.00000,0.00295
9.88,18.62,3.7729,96.3206,0.00000,0.00292
10.12,18.62,3.6675,96.9988,0.00000,0.00288
10.38,18.62,3.6125,100.2832,0.00000,0.00296
10.62,18.62,3.7200,103.7784,0.00000,0.00321
10.88,18.62,3.7861,104.7338,0.00000,0.00338
11.12,18.62,3.8047,108.7768,0.00000,0.00353
11.38,18.62,3.7906,114.5968,0.00000,0.00374
11.62,18.62,3.8085,117.0411,0.00000,0.00396
11.88,18.62,3.7597,119.7658,0.00000,0.00440
12.12,18.62,3.8694,125.1849,0.00004,0.00504
12.38,18.62,4.0394,127.2154,0.00020,0.00504
12.62,18.62,4.0241,126.2985,0.00033,0.00453
12.88,18.62,3.8835,126.3885,0.00036,0.00438
13.12,18.62,3.8519,131.0955,0.00081,0.00482
13.38,18.62,3.8445,132.4436,0.00233,0.00530
13.62,18.62,3.8255,130.8594,0.01435,0.00553
13.88,18.62,3.8367,134.9828,0.06223,0.00574
14.12,18.62,3.8175,138.9389,0.11548,0.00589
14.38,18.62,3.6200,138.2738,0.13737,0.00589
14.62,18.62,3.6654,141.2257,0.18145,0.00600
14.88,18.62,3.8598,146.8240,0.19918,0.00646
15.12,18.62,4.0741,147.1336,0.27180,0.00722
15.38,18.62,4.3193,141.5883,0.58384,0.00848
15.62,18.62,4.3998,136.5629,0.86927,0.01246
15.88,18.62,4.2164,135.1270,0.76370,0.02400
16.12,18.62,3.9421,140.7557,0.57574,0.04469
16.38,18.62,3.9034,157.1378,0.80236,0.06904
16.62,18.62,4.4401,179.6780,1.83973,0.09096
16.88,18.62,5.3669,197.8423,3.44824,0.10766
2.62,18.88,3.1457,52.0187,0.00000,0.00903
2.88,18.88,3.9963,48.2391,0.00000,0.01299
3.12,18.88,4.0175,42.3505,0.00000,0.01635
3.38,18.88,3.7555,38.4821,0.00000,0.01787
3.62,18.88,3.6427,40.1185,0.00000,0.01361
3.88,18.88,3.5608,43.6386,0.00000,0.00948
4.12,18.88,3.5473,49.1751,0.00000,0.00744
4.38,18.88,3.4955,53.2580,0.00000,0.00614
4.62,18.88,3.5204,53.0605,0.00000,0.00502
4.88,18.88,3.5644,52.0528,0.00000,0.00415
5.12,18.88,3.6247,55.1556,0.00000,0.00372
5.38,18.88,3.7592,56.0137,0.00000,0.00356
5.62,18.88,3.7800,55.3133,0.00000,0.00346
5.88,18.88,3.7653,59.9499,0.00000,0.00329
6.12,18.88,3.7559,69.2563,0.00000,0.00307
6.38,18.88,3.8025,73.2225,0.00000,0.00298
6.62,18.88,3.8265,72.0259,0.00000,0.00300
6.88,18.88,3.8844,72.4389,0.00000,0.00313
7.12,18.88,3.8426,74.8950,0.00000,0.00323
7.38,18.88,3.7987,75.8339,0.00000,0.00313
7.62,18.88,3.6643,76.8951,0.00000,0.00288
7.88,18.88,3.6662,82.5719,0.00000,0.00273
8.12,18.88,3.8362,89.8148,0.00000,0.00274
8.38,18.88,3.9184,91.6686,0.00000,0.00280
8.62,18.88,4.0004,91.4130,0.00000,0.00284
8.88,18.88,3.9745,91.1935,0.00000,0.00277
9.12,18.88,3.9057,91.4246,0.00000,0.00275
9.38,18.88,3.8926,94.7393,0.00000,0.00286
9.62,18.88,3.9184,97.0336,0.00000,0.00294
9.88,18.88,3.8782,97.7296,0.00000,0.00290
10.12,18.88,3.7557,100.3138,0.00000,0.00280
10.38,18.88,3.6337,104.2663,0.00000,0.00278
10.62,18.88,3.7177,107.0485,0.00000,0.00294
10.88,18.88,3.7367,106.7357,0.00000,0.00310
11.12,18.88,3.7483,109.9767,0.00000,0.00326
11.38,18.88,3.6560,116.6461,0.00000,0.00360
11.62,18.88,3.7287,120.9281,0.00000,0.00425
11.88,18.88,3.8235,124.3460,0.00000,0.00544
12.12,18.88,3.9383,128.3105,0.00000,0.00647
12.38,18.88,4.1142,129.2104,0.00001,0.00574
12.62,18.88,4.0612,126.7754,0.00001,0.00456
12.88,18.88,3.9743,126.2226,0.00001,0.00419
13.12,18.88,3.9344,130.6957,0.00003,0.00446
13.38,18.88,3.9697,132.6866,0.00029,0.00484
13.62,18.88,3.9800,131.7601,0.00306,0.00498
13.88,18.88,3.9094,135.4065,0.01386,0.00517
14.12,18.88,3.8104,140.6773,0.02584,0.00541
14.38,18.88,3.7565,143.0826,0.03112,0.00549
14.62,18.88,3.8338,148.0631,0.04286,0.00548
14.88,18.88,3.9229,151.7521,0.05912,0.00579
15.12,18.88,4.0535,150.4197,0.13103,0.00654
15.38,18.88,4.1421,148.7018,0.31147,0.00812
15.62,18.88,3.9775,146.5051,0.46637,0.01178
15.88,18.88,3.8516,145.1375,0.47049,0.01921
16.12,18.88,3.9147,145.9298,0.54298,0.02883
16.38,18.88,4.0585,151.6102,0.81924,0.03626
16.62,18.88,4.1858,159.9982,1.31688,0.03772
16.88,18.88,4.7274,169.6510,2.16730,0.03308
2.62,19.12,3.0854,55.6174,0.00000,0.01023
2.88,19.12,3.7673,51.5041,0.00000,0.01357
3.12,19.12,3.8034,46.1867,0.00000,0.01459
3.38,19.12,3.6725,42.2203,0.00000,0.01450
3.62,19.12,3.6157,42.2553,0.00000,0.01116
3.88,19.12,3.5709,43.9355,0.00000,0.00805
4.12,19.12,3.5146,48.1472,0.00000,0.00661
4.38,19.12,3.4723,52.2369,0.00000,0.00588
4.62,19.12,3.5521,53.7121,0.00000,0.00513
4.88,19.12,3.6314,53.7039,0.00000,0.00413
5.12,19.12,3.5942,55.8384,0.00000,0.00350
5.38,19.12,3.6559,57.6356,0.00000,0.00332
5.62,19.12,3.7684,58.7379,0.00000,0.00321
5.88,19.12,3.7986,61.7375,0.00000,0.00302
6.12,19.12,3.7864,66.5652,0.00000,0.00286
6.38,19.12,3.7092,67.6210,0.00000,0.00294
6.62,19.12,3.7024,67.1688,0.00000,0.00329
6.88,19.12,3.7475,69.3983,0.00000,0.00371
7.12,19.12,3.7531,72.2334,0.00000,0.00402
7.38,19.12,3.7379,73.4986,0.00000,0.00374
7.62,19.12,3.6290,74.1507,0.00000,0.00306
7.88,19.12,3.5235,78.7810,0.00000,0.00271
8.12,19.12,3.6244,86.5090,0.00000,0.00281
8.38,19.12,3.7391,90.2229,0.00000,0.00309
8.62,19.12,3.8001,90.4859,0.00000,0.00308
8.88,19.12,3.8112,90.0549,0.00000,0.00285
9.12,19.12,3.7863,91.3356,0.00000,0.00290
9.38,19.12,3.8192,94.3949,0.00000,0.00309
9.62,19.12,3.8486,96.1364,0.00000,0.00297
9.88,19.12,3.8494,100.7026,0.00000,0.00280
10.12,19.12,3.7382,107.1556,0.00000,0.00274
10.38,19.12,3.6688,110.2848,0.00000,0.00275
10.62,19.12,3.6839,110.2484,0.00000,0.00282
10.88,19.12,3.6830,108.6784,0.00000,0.00289
11.12,19.12,3.7043,109.2844,0.00000,0.00303
11.38,19.12,3.6016,112.5399,0.00000,0.00353
11.62,19.12,3.6309,118.2920,0.00000,0.00462
11.88,19.12,3.7647,126.3517,0.00000,0.00652
12.12,19.12,3.8521,131.8785,0.00000,0.00780
12.38,19.12,3.8894,133.1714,0.00000,0.00625
12.62,19.12,3.8810,132.4181,0.00000,0.00451
12.88,19.12,3.8849,132.1804,0.00000,0.00402
13.12,19.12,3.9206,133.7234,0.00000,0.00404
13.38,19.12,3.9481,131.9187,0.00004,0.00419
13.62,19.12,3.9116,129.7714,0.00029,0.00436
13.88,19.12,3.7750,132.0190,0.00136,0.00454
14.12,19.12,3.7069,137.7564,0.00346,0.00468
14.38,19.12,3.8235,144.0199,0.00738,0.00483
14.62,19.12,3.9144,151.1739,0.01469,0.00492
14.88,19.12,3.8826,154.2780,0.03093,0.00520
15.12,19.12,3.9111,152.7662,0.08757,0.00602
15.38,19.12,3.9064,153.8903,0.17370,0.00809
15.62,19.12,3.7563,153.5199,0.23261,0.01217
15.88,19.12,3.7598,152.9071,0.30169,0.01803
16.12,19.12,3.9060,150.3009,0.50062,0.02227
16.38,19.12,4.0457,145.3938,0.76159,0.02261
16.62,19.12,4.0721,144.0697,0.91554,0.02020
16.88,19.12,4.5971,153.0189,1.24935,0.01554
2.62,19.38,2.9950,60.5664,0.00000,0.01527
2.88,19.38,3.5948,57.2250,0.00000,0.01935
3.12,19.38,3.6351,52.3941,0.00000,0.01672
3.38,19.38,3.6657,48.3199,0.00000,0.01323
3.62,19.38,3.7218,46.9577,0.00000,0.00968
3.88,19.38,3.7310,45.7827,0.00000,0.00713
4.12,19.38,3.6775,47.4045,0.00000,0.00664
4.38,19.38,3.6906,50.0838,0.00000,0.00675
4.62,19.38,3.7664,52.3004,0.00000,0.00588
4.88,19.38,3.8293,52.5193,0.00000,0.00435
5.12,19.38,3.7558,53.2237,0.00000,0.00353
5.38,19.38,3.7350,56.8717,0.00000,0.00334
5.62,19.38,3.9204,62.6582,0.00000,0.00315
5.88,19.38,3.9913,66.7663,0.00000,0.00287
6.12,19.38,3.9556,67.8506,0.00000,0.00276
6.38,19.38,3.8894,67.3119,0.00000,0.00307
6.62,19.38,3.9454,68.3875,0.00000,0.00373
6.88,19.38,3.8994,71.8676,0.00000,0.00438
7.12,19.38,3.8471,74.4681,0.00000,0.00483
7.38,19.38,3.8237,76.3500,0.00000,0.00439
7.62,19.38,3.7519,77.2846,0.00000,0.00339
7.88,19.38,3.5878,80.7192,0.00000,0.00284
8.12,19.38,3.7038,86.8637,0.00000,0.00302
8.38,19.38,3.8357,90.3647,0.00000,0.00346
8.62,19.38,3.8536,91.8880,0.00000,0.00344
8.88,19.38,3.9482,92.7640,0.00000,0.00314
9.12,19.38,3.9556,94.9502,0.00000,0.00327
9.38,19.38,3.9837,97.5037,0.00000,0.00343
9.62,19.38,3.9957,99.4889,0.00000,0.00310
9.88,19.38,3.9848,106.5760,0.00000,0.00282
10.12,19.38,3.8833,112.7277,0.00000,0.00276
10.38,19.38,3.7973,113.4728,0.00000,0.00276
10.62,19.38,3.7104,112.5972,0.00000,0.00274
10.88,19.38,3.7546,111.2190,0.00000,0.00276
11.12,19.38,3.8221,109.9380,0.00000,0.00291
11.38,19.38,3.8148,110.5582,0.00000,0.00347
11.62,19.38,3.7844,117.6939,0.00002,0.00461
11.88,19.38,3.7971,130.3460,0.00008,0.00618
12.12,19.38,3.8246,139.8882,0.00015,0.00688
12.38,19.38,3.7475,144.9227,0.00012,0.00544
12.62,19.38,3.7855,147.7376,0.00005,0.00412
12.88,19.38,3.8221,148.1780,0.00002,0.00376
13.12,19.38,3.9307,144.6438,0.00014,0.00366
13.38,19.38,3.9480,137.1102,0.00065,0.00365
13.62,19.38,3.8973,135.0190,0.00124,0.00376
13.88,19.38,3.7942,139.3016,0.00294,0.00389
14.12,19.38,3.8531,145.3979,0.01310,0.00401
14.38,19.38,3.9980,151.2623,0.03535,0.00420
14.62,19.38,3.9891,156.8872,0.05201,0.00436
14.88,19.38,3.8621,160.3354,0.06146,0.00460
15.12,19.38,3.8762,158.9214,0.12369,0.00523
15.38,19.38,3.9298,158.2519,0.21552,0.00713
15.62,19.38,3.8244,158.2764,0.25930,0.01075
15.88,19.38,3.8191,158.4636,0.31438,0.01542
16.12,19.38,3.8993,153.2477,0.44816,0.01826
16.38,19.38,4.0586,146.1327,0.61048,0.01703
16.62,19.38,4.1057,144.8605,0.63896,0.01415
16.88,19.38,4.5501,153.3691,0.77519,0.01114
2.62,19.62,3.0863,63.9819,0.00000,0.02116
2.88,19.62,3.6196,62.6235,0.00000,0.02611
3.12,19.62,3.5762,57.1465,0.00000,0.01928
3.38,19.62,3.6326,50.7573,0.00000,0.01167
3.62,19.62,3.7394,48.7329,0.00000,0.00809
3.88,19.62,3.7380,47.1190,0.00000,0.00688
4.12,19.62,3.7437,47.1751,0.00000,0.00844
4.38,19.62,3.8242,48.9539,0.00000,0.00992
4.62,19.62,3.8414,50.5019,0.00000,0.00757
4.88,19.62,3.8443,49.7851,0.00000,0.00454
5.12,19.62,3.8107,50.4060,0.00000,0.00353
5.38,19.62,3.7319,55.7631,0.00000,0.00345
5.62,19.62,3.8323,64.6496,0.00000,0.00320
5.88,19.62,3.8943,70.7946,0.00000,0.00278
6.12,19.62,3.8580,71.6593,0.00000,0.00257
6.38,19.62,3.9002,72.4959,0.00000,0.00274
6.62,19.62,3.9754,74.9829,0.00000,0.00319
6.88,19.62,3.9506,77.2010,0.00000,0.00366
7.12,19.62,3.8352,77.2540,0.00000,0.00392
7.38,19.62,3.7331,78.8343,0.00000,0.00359
7.62,19.62,3.6172,81.9123,0.00000,0.00294
7.88,19.62,3.5858,86.6628,0.00000,0.00259
8.12,19.62,3.7775,90.9467,0.00000,0.00271
8.38,19.62,3.8295,92.6376,0.00000,0.00296
8.62,19.62,3.8075,95.0944,0.00000,0.00294
8.88,19.62,3.8930,97.4322,0.00000,0.00284
9.12,19.62,3.9448,99.0648,0.00000,0.00300
9.38,19.62,3.9439,100.5449,0.00000,0.00306
9.62,19.62,3.9505,102.8996,0.00000,0.00293
9.88,19.62,3.9162,108.7697,0.00000,0.00287
10.12,19.62,3.8666,112.2301,0.00000,0.00272
10.38,19.62,3.7637,113.6446,0.00000,0.00255
10.62,19.62,3.7296,117.6340,0.00000,0.00252
10.88,19.62,3.7553,118.8823,0.00000,0.00254
11.12,19.62,3.7928,115.7716,0.00000,0.00272
11.38,19.62,3.8185,115.0608,0.00004,0.00338
11.62,19.62,3.8507,122.9585,0.00053,0.00454
11.88,19.62,3.8329,137.7145,0.00252,0.00560
12.12,19.62,3.8153,151.1363,0.00482,0.00567
12.38,19.62,3.6971,159.8742,0.00401,0.00457
12.62,19.62,3.7296,164.9254,0.00156,0.00380
12.88,19.62,3.8153,165.7654,0.00043,0.00357
13.12,19.62,3.8922,156.3207,0.00192,0.00335
13.38,19.62,3.8891,145.6784,0.00857,0.00315
13.62,19.62,3.7927,146.0826,0.01513,0.00307
13.88,19.62,3.7743,155.0959,0.01992,0.00320
14.12,19.62,3.9200,161.7234,0.05852,0.00345
14.38,19.62,4.0046,162.8364,0.13846,0.00359
14.62,19.62,3.9221,162.7656,0.17849,0.00376
14.88,19.62,3.8314,165.6506,0.14972,0.00410
15.12,19.62,3.9125,165.6722,0.16822,0.00448
15.38,19.62,4.0256,162.0902,0.26201,0.00572
15.62,19.62,3.8600,159.8527,0.33895,0.00789
15.88,19.62,3.7602,158.2186,0.36531,0.01022
16.12,19.62,3.7848,149.5621,0.41323,0.01203
16.38,19.62,3.9918,146.8314,0.51280,0.01167
16.62,19.62,4.0563,153.0991,0.54546,0.01000
16.88,19.62,4.2750,162.2167,0.68430,0.00821
2.62,19.88,2.9298,62.0911,0.00000,0.02369
2.88,19.88,3.4083,62.9897,0.00000,0.02909
3.12,19.88,3.4719,58.7034,0.00000,0.01996
3.38,19.88,3.6917,51.1330,0.00000,0.01013
3.62,19.88,3.8843,49.4829,0.00000,0.00671
3.88,19.88,3.8874,49.8381,0.00000,0.00662
4.12,19.88,3.7916,50.1192,0.00000,0.01000
4.38,19.88,3.8752,51.6845,0.00000,0.01270
4.62,19.88,4.0356,52.6267,0.00000,0.00911
4.88,19.88,4.1137,51.7352,0.00000,0.00476
5.12,19.88,4.1606,54.0445,0.00000,0.00360
5.38,19.88,4.0228,60.0821,0.00000,0.00381
5.62,19.88,3.8965,66.9313,0.00000,0.00373
5.88,19.88,3.8903,71.4880,0.00000,0.00312
6.12,19.88,3.9799,74.4797,0.00000,0.00264
6.38,19.88,4.1323,79.5602,0.00000,0.00248
6.62,19.88,4.2269,83.8438,0.00000,0.00260
6.88,19.88,4.2759,83.8531,0.00000,0.00279
7.12,19.88,4.1508,82.7264,0.00000,0.00275
7.38,19.88,3.8777,85.5241,0.00000,0.00249
7.62,19.88,3.6297,91.1418,0.00000,0.00225
7.88,19.88,3.7101,96.5589,0.00000,0.00217
8.12,19.88,3.8767,98.2175,0.00000,0.00224
8.38,19.88,3.9175,99.9038,0.00000,0.00231
8.62,19.88,3.9476,105.9832,0.00000,0.00230
8.88,19.88,3.9911,110.7384,0.00000,0.00234
9.12,19.88,4.0432,111.1755,0.00000,0.00246
9.38,19.88,3.9918,111.1937,0.00000,0.00250
9.62,19.88,3.9354,111.4174,0.00000,0.00266
9.88,19.88,3.9184,114.3784,0.00000,0.00285
10.12,19.88,3.9420,118.5214,0.00000,0.00260
10.38,19.88,3.8590,123.4602,0.00000,0.00228
10.62,19.88,3.8541,131.9133,0.00000,0.00221
10.88,19.88,3.8462,136.8709,0.00000,0.00223
11.12,19.88,3.9135,134.4477,0.00002,0.00239
11.38,19.88,3.9355,133.7024,0.00052,0.00286
11.62,19.88,4.0410,140.4581,0.00648,0.00360
11.88,19.88,3.9798,153.1851,0.03085,0.00411
12.12,19.88,3.8608,167.0204,0.05893,0.00402
12.38,19.88,3.6680,177.0806,0.04905,0.00343
12.62,19.88,3.6382,182.9580,0.01904,0.00308
12.88,19.88,3.7911,183.0404,0.00423,0.00294
13.12,19.88,3.8497,170.1287,0.01079,0.00274
13.38,19.88,3.8889,160.1931,0.04758,0.00250
13.62,19.88,3.8048,164.1319,0.08356,0.00238
13.88,19.88,3.7768,175.6111,0.08568,0.00256
14.12,19.88,3.9093,180.4219,0.14676,0.00281
14.38,19.88,4.0504,177.2469,0.28939,0.00276
14.62,19.88,4.0400,171.2788,0.40122,0.00278
14.88,19.88,3.9717,171.0335,0.40903,0.00303
15.12,19.88,3.9453,172.6225,0.38020,0.00321
15.38,19.88,3.9549,169.9219,0.42446,0.00379
15.62,19.88,3.8781,167.5575,0.51768,0.00474
15.88,19.88,3.9028,165.7506,0.51141,0.00548
16.12,19.88,3.8510,156.6344,0.44717,0.00643
16.38,19.88,3.9184,156.0744,0.44000,0.00755
16.62,19.88,3.8907,163.1479,0.43979,0.00793
16.88,19.88,3.6045,170.2330,0.55483,0.00661
2.62,20.12,2.9137,60.1005,0.00000,0.02614
2.88,20.12,3.4435,60.9032,0.00000,0.03229
3.12,20.12,3.5325,58.8175,0.00000,0.02102
3.38,20.12,3.7461,53.4216,0.00000,0.00909
3.62,20.12,3.8329,53.3066,0.00000,0.00542
3.88,20.12,3.8445,54.8841,0.00000,0.00514
4.12,20.12,3.7392,55.3527,0.00000,0.00724
4.38,20.12,3.7768,56.7803,0.00000,0.00907
4.62,20.12,3.9423,57.6373,0.00000,0.00694
4.88,20.12,4.0152,55.5819,0.00000,0.00410
5.12,20.12,4.1073,57.3947,0.00000,0.00326
5.38,20.12,4.0355,64.0499,0.00000,0.00369
5.62,20.12,3.8714,68.8117,0.00000,0.00397
5.88,20.12,3.8287,69.5228,0.00000,0.00349
6.12,20.12,4.0017,72.9002,0.00000,0.00294
6.38,20.12,4.0896,81.6152,0.00000,0.00247
6.62,20.12,4.1708,88.6992,0.00000,0.00232
6.88,20.12,4.1995,88.8196,0.00000,0.00238
7.12,20.12,4.1203,87.9193,0.00000,0.00221
7.38,20.12,3.8022,90.9496,0.00000,0.00195
7.62,20.12,3.5949,96.4534,0.00000,0.00183
7.88,20.12,3.7645,101.8685,0.00000,0.00185
8.12,20.12,3.8870,104.0317,0.00000,0.00189
8.38,20.12,3.9283,109.1526,0.00000,0.00190
8.62,20.12,3.9436,120.3347,0.00000,0.00189
8.88,20.12,3.9996,126.8193,0.00000,0.00192
9.12,20.12,4.0358,125.6939,0.00000,0.00200
9.38,20.12,4.0098,124.5462,0.00000,0.00205
9.62,20.12,3.9348,122.9366,0.00000,0.00218
9.88,20.12,3.9454,124.2301,0.00000,0.00234
10.12,20.12,3.9504,130.7161,0.00000,0.00220
10.38,20.12,3.9034,139.6364,0.00000,0.00200
10.62,20.12,3.8360,151.0997,0.00000,0.00192
10.88,20.12,3.8435,159.9904,0.00000,0.00193
11.12,20.12,3.9814,160.3543,0.00007,0.00202
11.38,20.12,4.0184,159.0467,0.00246,0.00219
11.62,20.12,4.0995,162.3370,0.03071,0.00242
11.88,20.12,4.0432,171.1985,0.14618,0.00256
12.12,20.12,3.9658,182.6916,0.27926,0.00256
12.38,20.12,3.7819,190.2527,0.23246,0.00244
12.62,20.12,3.6564,193.3504,0.09019,0.00240
12.88,20.12,3.7415,193.5998,0.01821,0.00234
13.12,20.12,3.8525,185.8166,0.02894,0.00223
13.38,20.12,3.9272,179.6980,0.12595,0.00199
13.62,20.12,3.9096,185.2948,0.22724,0.00180
13.88,20.12,3.8007,196.4224,0.24271,0.00187
14.12,20.12,3.8978,199.2918,0.32665,0.00196
14.38,20.12,4.0616,194.9029,0.50198,0.00184
14.62,20.12,4.1474,184.9131,0.74215,0.00174
14.88,20.12,4.1939,180.2572,0.90628,0.00179
15.12,20.12,4.1411,180.8403,0.84470,0.00186
15.38,20.12,4.0682,180.8794,0.81185,0.00202
15.62,20.12,4.0670,181.7581,0.91751,0.00224
15.88,20.12,4.1795,181.3718,0.90396,0.00253
16.12,20.12,4.0619,175.6284,0.70213,0.00352
16.38,20.12,3.9415,172.8495,0.48891,0.00618
16.62,20.12,3.8808,172.6145,0.40154,0.00844
16.88,20.12,3.3138,175.7895,0.50973,0.00703
2.62,20.38,3.0696,65.4632,0.00000,0.02462
2.88,20.38,3.6241,64.5654,0.00000,0.03056
3.12,20.38,3.5347,62.9206,0.00000,0.01954
3.38,20.38,3.5596,59.5785,0.00000,0.00796
3.62,20.38,3.5667,59.8077,0.00000,0.00456
3.88,20.38,3.6292,59.5071,0.00000,0.00380
4.12,20.38,3.7144,58.6928,0.00000,0.00411
4.38,20.38,3.7561,61.0887,0.00000,0.00483
4.62,20.38,3.6744,62.6323,0.00000,0.00443
4.88,20.38,3.5947,58.4829,0.00000,0.00326
5.12,20.38,3.7023,56.9403,0.00000,0.00265
5.38,20.38,3.7468,62.2348,0.00000,0.00296
5.62,20.38,3.6512,66.6161,0.00000,0.00341
5.88,20.38,3.6176,65.9166,0.00000,0.00340
6.12,20.38,3.8154,67.9672,0.00000,0.00323
6.38,20.38,3.8282,77.3025,0.00000,0.00255
6.62,20.38,3.8560,86.0492,0.00000,0.00206
6.88,20.38,3.7891,86.9664,0.00000,0.00202
7.12,20.38,3.7987,86.5123,0.00000,0.00191
7.38,20.38,3.6670,89.0796,0.00000,0.00172
7.62,20.38,3.5930,93.4327,0.00000,0.00164
7.88,20.38,3.8361,99.5558,0.00000,0.00167
8.12,20.38,4.0748,103.9092,0.00000,0.00171
8.38,20.38,4.1779,111.0613,0.00000,0.00169
8.62,20.38,4.1294,122.9440,0.00000,0.00164
8.88,20.38,4.1950,126.9631,0.00000,0.00162
9.12,20.38,4.2101,124.1957,0.00000,0.00165
9.38,20.38,4.2474,125.1380,0.00000,0.00171
9.62,20.38,4.2327,127.5446,0.00000,0.00178
9.88,20.38,4.2056,130.9599,0.00000,0.00185
10.12,20.38,3.9991,138.2783,0.00000,0.00182
10.38,20.38,3.9094,148.4118,0.00000,0.00175
10.62,20.38,3.8166,160.9088,0.00000,0.00169
10.88,20.38,3.8833,171.4920,0.00000,0.00166
11.12,20.38,4.0989,174.3342,0.00016,0.00170
11.38,20.38,4.0870,173.2213,0.00547,0.00173
11.62,20.38,4.0339,175.5011,0.06815,0.00178
11.88,20.38,4.1665,182.2996,0.32438,0.00186
12.12,20.38,4.3183,188.7576,0.61971,0.00192
12.38,20.38,4.1088,189.9644,0.51583,0.00192
12.62,20.38,3.7529,188.3522,0.20010,0.00192
12.88,20.38,3.6659,188.9662,0.03892,0.00185
13.12,20.38,3.8540,188.5136,0.04612,0.00177
13.38,20.38,3.9179,187.3067,0.19832,0.00159
13.62,20.38,4.0496,193.5854,0.36904,0.00141
13.88,20.38,4.0096,204.3396,0.43831,0.00139
14.12,20.38,4.0423,206.8757,0.60218,0.00137
14.38,20.38,4.0740,202.0069,0.83472,0.00125
14.62,20.38,4.2517,191.0585,1.19157,0.00112
14.88,20.38,4.5105,184.8055,1.45597,0.00107
15.12,20.38,4.5689,183.9981,1.34866,0.00107
15.38,20.38,4.5450,184.4861,1.35237,0.00102
15.62,20.38,4.5645,184.9989,1.58515,0.00094
15.88,20.38,4.6590,183.6679,1.59554,0.00107
16.12,20.38,4.3822,181.2126,1.22473,0.00207
16.38,20.38,3.7425,177.0079,0.75244,0.00518
16.62,20.38,3.4224,176.3814,0.56695,0.00803
16.88,20.38,3.1363,183.7778,0.74671,0.00669
