x,y,rho,contact,casualty,pressure
2.62,0.12,0.2406,0.0000,0.00000,0.13150
2.88,0.12,0.4384,0.0000,0.00000,0.22734
3.12,0.12,0.5631,0.0000,0.00000,0.26419
3.38,0.12,0.5387,0.0000,0.00000,0.22793
3.62,0.12,0.5147,0.0000,0.00000,0.22187
3.88,0.12,0.5626,0.0000,0.00000,0.25060
4.12,0.12,0.5772,0.0000,0.00000,0.25182
4.38,0.12,0.5382,0.0000,0.00000,0.23287
4.62,0.12,0.5344,0.0000,0.00000,0.23451
4.88,0.12,0.5615,0.0000,0.00000,0.24707
5.12,0.12,0.5574,0.0000,0.00000,0.24239
5.38,0.12,0.5422,0.0000,0.00000,0.23728
5.62,0.12,0.5540,0.0000,0.00000,0.24676
5.88,0.12,0.5679,0.0003,0.00000,0.25441
6.12,0.12,0.5745,0.0017,0.00000,0.26666
6.38,0.12,0.5776,0.0046,0.00000,0.28631
6.62,0.12,0.5721,0.0167,0.00000,0.30722
6.88,0.12,0.5925,0.1343,0.00000,0.35705
7.12,0.12,0.5282,0.5989,0.00000,0.34627
7.38,0.12,0.3303,1.3057,0.00000,0.22459
2.62,0.38,0.4638,0.0000,0.00000,0.23567
2.88,0.38,0.8836,0.0000,0.00000,0.42509
3.12,0.38,1.1945,0.0000,0.00000,0.51622
3.38,0.38,1.1584,0.0000,0.00000,0.44358
3.62,0.38,1.0510,0.0000,0.00000,0.40631
3.88,0.38,1.1241,0.0000,0.00000,0.45473
4.12,0.38,1.1928,0.0000,0.00000,0.46982
4.38,0.38,1.1253,0.0000,0.00000,0.43513
4.62,0.38,1.0902,0.0000,0.00000,0.43077
4.88,0.38,1.1443,0.0000,0.00000,0.45815
5.12,0.38,1.1525,0.0000,0.00000,0.45744
5.38,0.38,1.1174,0.0000,0.00000,0.44857
5.62,0.38,1.1229,0.0000,0.00000,0.46225
5.88,0.38,1.1438,0.0005,0.00000,0.47644
6.12,0.38,1.1656,0.0027,0.00000,0.50782
6.38,0.38,1.1638,0.0079,0.00000,0.54602
6.62,0.38,1.1469,0.0255,0.00000,0.58365
6.88,0.38,1.2236,0.1850,0.00000,0.69277
7.12,0.38,1.1119,0.8172,0.00000,0.68044
7.38,0.38,0.6966,1.7801,0.00000,0.44203
2.62,0.62,0.5267,0.0000,0.00000,0.24111
2.88,0.62,1.0870,0.0000,0.00000,0.47067
3.12,0.62,1.5977,0.0000,0.00000,0.62077
3.38,0.62,1.6035,0.0000,0.00000,0.54512
3.62,0.62,1.3809,0.0000,0.00000,0.46117
3.88,0.62,1.4225,0.0000,0.00000,0.50166
4.12,0.62,1.5686,0.0000,0.00000,0.53967
4.38,0.62,1.5141,0.0000,0.00000,0.50471
4.62,0.62,1.4305,0.0000,0.00000,0.48732
4.88,0.62,1.4925,0.0000,0.00000,0.52373
5.12,0.62,1.5311,0.0000,0.00000,0.53863
5.38,0.62,1.4901,0.0000,0.00000,0.53303
5.62,0.62,1.4773,0.0000,0.00000,0.54517
5.88,0.62,1.4975,0.0003,0.00000,0.56416
6.12,0.62,1.5452,0.0022,0.00000,0.61506
6.38,0.62,1.5297,0.0073,0.00000,0.65804
6.62,0.62,1.4979,0.0197,0.00000,0.69324
6.88,0.62,1.6528,0.1141,0.00000,0.83792
7.12,0.62,1.5261,0.4919,0.00000,0.83159
7.38,0.62,0.9535,1.0692,0.00000,0.53989
2.62,0.88,0.3424,0.0000,0.00000,0.13688
2.88,0.88,0.8119,0.0000,0.00000,0.30820
3.12,0.88,1.3538,0.0000,0.00000,0.46959
3.38,0.88,1.4572,0.0000,0.00000,0.44958
3.62,0.88,1.2251,0.0000,0.00000,0.35845
3.88,0.88,1.1890,0.0000,0.00000,0.36172
4.12,0.88,1.3469,0.0000,0.00000,0.40437
4.38,0.88,1.3551,0.0000,0.00000,0.39092
4.62,0.88,1.2623,0.0000,0.00000,0.36906
4.88,0.88,1.2912,0.0000,0.00000,0.39610
5.12,0.88,1.3469,0.0000,0.00000,0.42179
5.38,0.88,1.3341,0.0000,0.00000,0.42621
5.62,0.88,1.3143,0.0000,0.00000,0.43476
5.88,0.88,1.3253,0.0001,0.00000,0.45152
6.12,0.88,1.3861,0.0008,0.00000,0.49843
6.38,0.88,1.3527,0.0032,0.00000,0.52008
6.62,0.88,1.3104,0.0070,0.00000,0.53140
6.88,0.88,1.4997,0.0273,0.00000,0.65099
7.12,0.88,1.4054,0.1106,0.00000,0.65036
7.38,0.88,0.8743,0.2389,0.00000,0.42063
2.62,1.12,0.1639,0.0000,0.00000,0.05281
2.88,1.12,0.4717,0.0000,0.00000,0.14825
3.12,1.12,0.9128,0.0000,0.00000,0.27467
3.38,1.12,1.0913,0.0000,0.00000,0.30521
3.62,1.12,0.9543,0.0000,0.00000,0.24626
3.88,1.12,0.8753,0.0000,0.00000,0.22279
4.12,1.12,0.9861,0.0000,0.00000,0.25182
4.38,1.12,1.0492,0.0000,0.00000,0.26047
4.62,1.12,0.9919,0.0000,0.00000,0.24717
4.88,1.12,0.9830,0.0000,0.00000,0.25820
5.12,1.12,1.0302,0.0000,0.00000,0.28026
5.38,1.12,1.0486,0.0000,0.00000,0.29376
5.62,1.12,1.0319,0.0000,0.00000,0.30214
5.88,1.12,1.0339,0.0000,0.00000,0.31226
6.12,1.12,1.0947,0.0001,0.00000,0.34128
6.38,1.12,1.0575,0.0006,0.00000,0.34412
6.62,1.12,1.0127,0.0012,0.00000,0.34322
6.88,1.12,1.1802,0.0027,0.00000,0.42374
7.12,1.12,1.1058,0.0093,0.00000,0.42134
7.38,1.12,0.6806,0.0197,0.00000,0.26977
2.62,1.38,0.0869,0.0000,0.00000,0.01954
2.88,1.38,0.2943,0.0000,0.00000,0.06770
3.12,1.38,0.6436,0.0000,0.00000,0.14921
3.38,1.38,0.8670,0.0000,0.00000,0.19590
3.62,1.38,0.8346,0.0000,0.00000,0.17567
3.88,1.38,0.7530,0.0000,0.00000,0.15012
4.12,1.38,0.8151,0.0000,0.00000,0.16454
4.38,1.38,0.9065,0.0000,0.00000,0.18408
4.62,1.38,0.8930,0.0000,0.00000,0.18169
4.88,1.38,0.8634,0.0000,0.00000,0.18125
5.12,1.38,0.8945,0.0000,0.00000,0.19499
5.38,1.38,0.9331,0.0000,0.00000,0.21333
5.62,1.38,0.9201,0.0000,0.00000,0.22192
5.88,1.38,0.9178,0.0000,0.00000,0.22697
6.12,1.38,0.9855,0.0000,0.00000,0.24553
6.38,1.38,0.9627,0.0000,0.00000,0.24563
6.62,1.38,0.9366,0.0001,0.00000,0.24910
6.88,1.38,1.0693,0.0001,0.00000,0.30450
7.12,1.38,0.9390,0.0003,0.00000,0.28939
7.38,1.38,0.5456,0.0006,0.00000,0.17862
2.62,1.62,0.0578,0.0000,0.00000,0.00877
2.88,1.62,0.2198,0.0000,0.00000,0.03487
3.12,1.62,0.5325,0.0000,0.00000,0.08805
3.38,1.62,0.8005,0.0000,0.00000,0.13604
3.62,1.62,0.8449,0.0000,0.00000,0.14023
3.88,1.62,0.7686,0.0000,0.00000,0.11872
4.12,1.62,0.7907,0.0000,0.00000,0.12112
4.38,1.62,0.8971,0.0000,0.00000,0.14221
4.62,1.62,0.9220,0.0000,0.00000,0.14810
4.88,1.62,0.8811,0.0000,0.00000,0.14432
5.12,1.62,0.8977,0.0000,0.00000,0.15209
5.38,1.62,0.9560,0.0000,0.00000,0.17008
5.62,1.62,0.9575,0.0000,0.00000,0.17881
5.88,1.62,0.9594,0.0000,0.00000,0.18393
6.12,1.62,1.0358,0.0000,0.00000,0.19908
6.38,1.62,1.0246,0.0000,0.00000,0.19861
6.62,1.62,1.0404,0.0000,0.00000,0.20895
6.88,1.62,1.1501,0.0000,0.00000,0.25124
7.12,1.62,0.8938,0.0000,0.00000,0.22005
7.38,1.62,0.4579,0.0000,0.00000,0.12626
2.62,1.88,0.0428,0.0000,0.00000,0.00497
2.88,1.88,0.1792,0.0000,0.00000,0.02145
3.12,1.88,0.4787,0.0000,0.00000,0.05965
3.38,1.88,0.7908,0.0000,0.00000,0.10321
3.62,1.88,0.8958,0.0000,0.00000,0.11634
3.88,1.88,0.8307,0.0000,0.00000,0.09871
4.12,1.88,0.8214,0.0000,0.00000,0.09523
4.38,1.88,0.9347,0.0000,0.00000,0.11392
4.62,1.88,0.9942,0.0000,0.00000,0.12401
4.88,1.88,0.9507,0.0000,0.00000,0.12276
5.12,1.88,0.9512,0.0000,0.00000,0.12778
5.38,1.88,1.0198,0.0000,0.00000,0.14136
5.62,1.88,1.0337,0.0000,0.00000,0.14828
5.88,1.88,1.0412,0.0000,0.00000,0.15524
6.12,1.88,1.1223,0.0000,0.00000,0.17026
6.38,1.88,1.1138,0.0000,0.00000,0.16848
6.62,1.88,1.1733,0.0000,0.00000,0.18004
6.88,1.88,1.2723,0.0000,0.00000,0.21133
7.12,1.88,0.8913,0.0000,0.00000,0.17089
7.38,1.88,0.3980,0.0000,0.00000,0.09041
2.62,2.12,0.0298,0.0000,0.00000,0.00266
2.88,2.12,0.1391,0.0000,0.00000,0.01260
3.12,2.12,0.4222,0.0000,0.00000,0.03948
3.38,2.12,0.7789,0.0000,0.00000,0.07569
3.62,2.12,0.9452,0.0000,0.00000,0.09108
3.88,2.12,0.8938,0.0000,0.00000,0.07950
4.12,2.12,0.8524,0.0000,0.00000,0.07498
4.38,2.12,0.9601,0.0000,0.00000,0.08925
4.62,2.12,1.0530,0.0000,0.00000,0.10065
4.88,2.12,1.0203,0.0000,0.00000,0.10261
5.12,2.12,1.0066,0.0000,0.00000,0.10632
5.38,2.12,1.0761,0.0000,0.00000,0.11569
5.62,2.12,1.0928,0.0000,0.00000,0.12066
5.88,2.12,1.0993,0.0000,0.00000,0.12948
6.12,2.12,1.1812,0.0000,0.00000,0.14653
6.38,2.12,1.1696,0.0000,0.00000,0.14542
6.62,2.12,1.2570,0.0000,0.00000,0.15304
6.88,2.12,1.3610,0.0000,0.00000,0.17342
7.12,2.12,0.9113,0.0000,0.00000,0.13223
7.38,2.12,0.3778,0.0000,0.00000,0.06563
2.62,2.38,0.0181,0.0000,0.00000,0.00113
2.88,2.38,0.0987,0.0000,0.00000,0.00645
3.12,2.38,0.3556,0.0000,0.00000,0.02434
3.38,2.38,0.7460,0.0000,0.00000,0.05267
3.62,2.38,0.9785,0.0000,0.00000,0.06825
3.88,2.38,0.9477,0.0000,0.00000,0.06288
4.12,2.38,0.8695,0.0000,0.00000,0.05846
4.38,2.38,0.9557,0.0000,0.00000,0.06856
4.62,2.38,1.0771,0.0000,0.00000,0.08014
4.88,2.38,1.0596,0.0000,0.00000,0.08258
5.12,2.38,1.0327,0.0000,0.00000,0.08569
5.38,2.38,1.1056,0.0000,0.00000,0.09542
5.62,2.38,1.1305,0.0000,0.00000,0.10076
5.88,2.38,1.1365,0.0000,0.00000,0.10890
6.12,2.38,1.2142,0.0000,0.00000,0.12509
6.38,2.38,1.1920,0.0000,0.00000,0.12439
6.62,2.38,1.2939,0.0000,0.00000,0.12926
6.88,2.38,1.4175,0.0000,0.00000,0.14298
7.12,2.38,0.9437,0.0000,0.00000,0.10439
7.38,2.38,0.3840,0.0000,0.00000,0.04907
2.62,2.62,0.0101,0.0000,0.00000,0.00046
2.88,2.62,0.0678,0.0000,0.00000,0.00339
3.12,2.62,0.2901,0.0000,0.00000,0.01531
3.38,2.62,0.6896,0.0000,0.00000,0.03719
3.62,2.62,0.9874,0.0000,0.00000,0.05254
3.88,2.62,0.9927,0.0000,0.00000,0.05097
4.12,2.62,0.8834,0.0000,0.00000,0.04609
4.38,2.62,0.9399,0.0000,0.00000,0.05323
4.62,2.62,1.0837,0.0000,0.00000,0.06426
4.88,2.62,1.0871,0.0000,0.00000,0.06684
5.12,2.62,1.0514,0.0000,0.00000,0.07021
5.38,2.62,1.1230,0.0000,0.00000,0.07990
5.62,2.62,1.1566,0.0000,0.00000,0.08504
5.88,2.62,1.1635,0.0000,0.00000,0.09131
6.12,2.62,1.2305,0.0000,0.00000,0.10434
6.38,2.62,1.1943,0.0000,0.00000,0.10369
6.62,2.62,1.3024,0.0000,0.00000,0.10834
6.88,2.62,1.4428,0.0000,0.00000,0.11919
7.12,2.62,0.9628,0.0000,0.00000,0.08491
7.38,2.62,0.3905,0.0000,0.00000,0.03853
2.62,2.88,0.0056,0.0000,0.00000,0.00021
2.88,2.88,0.0452,0.0000,0.00000,0.00185
3.12,2.88,0.2241,0.0000,0.00000,0.00958
3.38,2.88,0.6064,0.0000,0.00000,0.02634
3.62,2.88,0.9672,0.0000,0.00000,0.04124
3.88,2.88,1.0288,0.0000,0.00000,0.04172
4.12,2.88,0.9068,0.0000,0.00000,0.03629
4.38,2.88,0.9335,0.0000,0.00000,0.04097
4.62,2.88,1.0933,0.0000,0.00000,0.05152
4.88,2.88,1.1207,0.0000,0.00000,0.05581
5.12,2.88,1.0764,0.0000,0.00000,0.05931
5.38,2.88,1.1369,0.0000,0.00000,0.06640
5.62,2.88,1.1753,0.0000,0.00000,0.06993
5.88,2.88,1.1890,0.0000,0.00000,0.07423
6.12,2.88,1.2520,0.0000,0.00000,0.08371
6.38,2.88,1.2053,0.0000,0.00000,0.08317
6.62,2.88,1.3135,0.0000,0.00000,0.08764
6.88,2.88,1.4615,0.0000,0.00000,0.09748
7.12,2.88,0.9764,0.0000,0.00000,0.07080
7.38,2.88,0.3953,0.0000,0.00000,0.03300
2.62,3.12,0.0030,0.0000,0.00000,0.00010
2.88,3.12,0.0282,0.0000,0.00000,0.00100
3.12,3.12,0.1616,0.0000,0.00000,0.00599
3.38,3.12,0.5094,0.0000,0.00000,0.01920
3.62,3.12,0.9220,0.0000,0.00000,0.03350
3.88,3.12,1.0576,0.0000,0.00000,0.03524
4.12,3.12,0.9423,0.0000,0.00000,0.02991
4.38,3.12,0.9332,0.0000,0.00000,0.03290
4.62,3.12,1.0971,0.0000,0.00000,0.04325
4.88,3.12,1.1502,0.0000,0.00000,0.04843
5.12,3.12,1.1024,0.0000,0.00000,0.05009
5.38,3.12,1.1530,0.0000,0.00000,0.05469
5.62,3.12,1.1970,0.0000,0.00000,0.05800
5.88,3.12,1.2245,0.0000,0.00000,0.06213
6.12,3.12,1.2921,0.0000,0.00000,0.06910
6.38,3.12,1.2347,0.0000,0.00000,0.06742
6.62,3.12,1.3374,0.0000,0.00000,0.07050
6.88,3.12,1.4909,0.0000,0.00000,0.07971
7.12,3.12,1.0002,0.0000,0.00000,0.06073
7.38,3.12,0.4072,0.0000,0.00000,0.03017
2.62,3.38,0.0015,0.0000,0.00000,0.00004
2.88,3.38,0.0169,0.0000,0.00000,0.00052
3.12,3.38,0.1132,0.0000,0.00000,0.00365
3.38,3.38,0.4174,0.0000,0.00000,0.01370
3.62,3.38,0.8577,0.0000,0.00000,0.02675
3.88,3.38,1.0749,0.0000,0.00000,0.03028
4.12,3.38,0.9843,0.0000,0.00000,0.02625
4.38,3.38,0.9337,0.0000,0.00000,0.02810
4.62,3.38,1.0881,0.0000,0.00000,0.03795
4.88,3.38,1.1713,0.0000,0.00000,0.04365
5.12,3.38,1.1313,0.0000,0.00000,0.04336
5.38,3.38,1.1755,0.0000,0.00000,0.04589
5.62,3.38,1.2231,0.0000,0.00000,0.05005
5.88,3.38,1.2601,0.0000,0.00000,0.05539
6.12,3.38,1.3295,0.0000,0.00000,0.06060
6.38,3.38,1.2643,0.0000,0.00000,0.05810
6.62,3.38,1.3641,0.0000,0.00000,0.06064
6.88,3.38,1.5250,0.0000,0.00000,0.06882
7.12,3.38,1.0291,0.0000,0.00000,0.05366
7.38,3.38,0.4221,0.0000,0.00000,0.02755
2.62,3.62,0.0008,0.0000,0.00000,0.00002
2.88,3.62,0.0098,0.0000,0.00000,0.00031
3.12,3.62,0.0773,0.0000,0.00000,0.00243
3.38,3.62,0.3311,0.0000,0.00000,0.00997
3.62,3.62,0.7721,0.0000,0.00000,0.02123
3.88,3.62,1.0714,0.0000,0.00000,0.02621
4.12,3.62,1.0305,0.0000,0.00000,0.02387
4.38,3.62,0.9506,0.0000,0.00000,0.02525
4.62,3.62,1.0864,0.0000,0.00000,0.03439
4.88,3.62,1.1922,0.0000,0.00000,0.04020
5.12,3.62,1.1605,0.0000,0.00000,0.03900
5.38,3.62,1.1980,0.0000,0.00000,0.04016
5.62,3.62,1.2462,0.0000,0.00000,0.04455
5.88,3.62,1.2868,0.0000,0.00000,0.04998
6.12,3.62,1.3608,0.0000,0.00000,0.05391
6.38,3.62,1.2979,0.0000,0.00000,0.05187
6.62,3.62,1.3969,0.0000,0.00000,0.05429
6.88,3.62,1.5629,0.0000,0.00000,0.06133
7.12,3.62,1.0637,0.0000,0.00000,0.04836
7.38,3.62,0.4427,0.0000,0.00000,0.02528
2.62,3.88,0.0004,0.0000,0.00000,0.00002
2.88,3.88,0.0055,0.0000,0.00000,0.00025
3.12,3.88,0.0507,0.0000,0.00000,0.00184
3.38,3.88,0.2518,0.0000,0.00000,0.00742
3.62,3.88,0.6744,0.0000,0.00000,0.01695
3.88,3.88,1.0535,0.0000,0.00000,0.02351
4.12,3.88,1.0826,0.0000,0.00000,0.02303
4.38,3.88,0.9826,0.0000,0.00000,0.02360
4.62,3.88,1.0873,0.0000,0.00000,0.03113
4.88,3.88,1.2106,0.0000,0.00000,0.03650
5.12,3.88,1.1925,0.0000,0.00000,0.03519
5.38,3.88,1.2206,0.0000,0.00000,0.03556
5.62,3.88,1.2667,0.0000,0.00000,0.03887
5.88,3.88,1.3080,0.0000,0.00000,0.04315
6.12,3.88,1.3840,0.0000,0.00000,0.04725
6.38,3.88,1.3224,0.0000,0.00000,0.04608
6.62,3.88,1.4125,0.0000,0.00000,0.04670
6.88,3.88,1.5780,0.0000,0.00000,0.05219
7.12,3.88,1.0906,0.0000,0.00000,0.04200
7.38,3.88,0.4669,0.0000,0.00000,0.02246
2.62,4.12,0.0002,0.0000,0.00000,0.00001
2.88,4.12,0.0031,0.0000,0.00000,0.00014
3.12,4.12,0.0326,0.0000,0.00000,0.00103
3.38,4.12,0.1863,0.0000,0.00000,0.00460
3.62,4.12,0.5786,0.0000,0.00000,0.01269
3.88,4.12,1.0235,0.0000,0.00000,0.02132
4.12,4.12,1.1316,0.0000,0.00000,0.02310
4.38,4.12,1.0198,0.0000,0.00000,0.02214
4.62,4.12,1.0820,0.0000,0.00000,0.02633
4.88,4.12,1.2183,0.0000,0.00000,0.03053
5.12,4.12,1.2214,0.0000,0.00000,0.03036
5.38,4.12,1.2388,0.0000,0.00000,0.03126
5.62,4.12,1.2814,0.0000,0.00000,0.03340
5.88,4.12,1.3259,0.0000,0.00000,0.03617
6.12,4.12,1.4036,0.0000,0.00000,0.04033
6.38,4.12,1.3403,0.0000,0.00000,0.03986
6.62,4.12,1.4197,0.0000,0.00000,0.03965
6.88,4.12,1.5891,0.0000,0.00000,0.04414
7.12,4.12,1.1216,0.0000,0.00000,0.03595
7.38,4.12,0.4967,0.0000,0.00000,0.01944
2.62,4.38,0.0001,0.0000,0.00000,0.00000
2.88,4.38,0.0018,0.0000,0.00000,0.00005
3.12,4.38,0.0205,0.0000,0.00000,0.00042
3.38,4.38,0.1345,0.0000,0.00000,0.00255
3.62,4.38,0.4842,0.0000,0.00000,0.00932
3.88,4.38,0.9670,0.0000,0.00000,0.01900
4.12,4.38,1.1595,0.0000,0.00000,0.02282
4.38,4.38,1.0542,0.0000,0.00000,0.02099
4.62,4.38,1.0735,0.0000,0.00000,0.02259
4.88,4.38,1.2178,0.0000,0.00000,0.02610
5.12,4.38,1.2459,0.0000,0.00000,0.02675
5.38,4.38,1.2575,0.0000,0.00000,0.02789
5.62,4.38,1.2955,0.0000,0.00000,0.02947
5.88,4.38,1.3441,0.0000,0.00000,0.03144
6.12,4.38,1.4273,0.0000,0.00000,0.03502
6.38,4.38,1.3594,0.0000,0.00000,0.03479
6.62,4.38,1.4279,0.0000,0.00000,0.03550
6.88,4.38,1.6074,0.0000,0.00000,0.03941
7.12,4.38,1.1618,0.0000,0.00000,0.03129
7.38,4.38,0.5328,0.0000,0.00000,0.01654
2.62,4.62,0.0000,0.0000,0.00000,0.00000
2.88,4.62,0.0009,0.0000,0.00000,0.00001
3.12,4.62,0.0126,0.0000,0.00000,0.00019
3.38,4.62,0.0956,0.0000,0.00000,0.00147
3.62,4.62,0.3935,0.0000,0.00000,0.00648
3.88,4.62,0.8825,0.0000,0.00000,0.01552
4.12,4.62,1.1620,0.0000,0.00000,0.02139
4.38,4.62,1.0901,0.0000,0.00000,0.02070
4.62,4.62,1.0721,0.0000,0.00000,0.02148
4.88,4.62,1.2188,0.0000,0.00000,0.02484
5.12,4.62,1.2766,0.0000,0.00000,0.02527
5.38,4.62,1.2864,0.0000,0.00000,0.02556
5.62,4.62,1.3145,0.0000,0.00000,0.02696
5.88,4.62,1.3608,0.0000,0.00000,0.02855
6.12,4.62,1.4485,0.0000,0.00000,0.03117
6.38,4.62,1.3768,0.0000,0.00000,0.03076
6.62,4.62,1.4315,0.0000,0.00000,0.03237
6.88,4.62,1.6192,0.0000,0.00000,0.03603
7.12,4.62,1.1966,0.0000,0.00000,0.02790
7.38,4.62,0.5655,0.0000,0.00000,0.01438
2.62,4.88,0.0000,0.0000,0.00000,0.00000
2.88,4.88,0.0005,0.0000,0.00000,0.00001
3.12,4.88,0.0077,0.0000,0.00000,0.00010
3.38,4.88,0.0677,0.0000,0.00000,0.00089
3.62,4.88,0.3143,0.0000,0.00000,0.00440
3.88,4.88,0.7906,0.0000,0.00000,0.01199
4.12,4.88,1.1496,0.0000,0.00000,0.01881
4.38,4.88,1.1283,0.0000,0.00000,0.01969
4.62,4.88,1.0826,0.0000,0.00000,0.02003
4.88,4.88,1.2222,0.0000,0.00000,0.02296
5.12,4.88,1.3034,0.0000,0.00000,0.02381
5.38,4.88,1.3126,0.0000,0.00000,0.02420
5.62,4.88,1.3344,0.0000,0.00000,0.02563
5.88,4.88,1.3821,0.0000,0.00000,0.02659
6.12,4.88,1.4810,0.0000,0.00000,0.02843
6.38,4.88,1.4122,0.0000,0.00000,0.02780
6.62,4.88,1.4496,0.0000,0.00000,0.02891
6.88,4.88,1.6431,0.0000,0.00000,0.03237
7.12,4.88,1.2448,0.0000,0.00000,0.02556
7.38,4.88,0.6082,0.0000,0.00000,0.01344
2.62,5.12,0.0000,0.0000,0.00000,0.00000
2.88,5.12,0.0003,0.0000,0.00000,0.00000
3.12,5.12,0.0049,0.0000,0.00000,0.00007
3.38,5.12,0.0480,0.0000,0.00000,0.00070
3.62,5.12,0.2496,0.0000,0.00000,0.00373
3.88,5.12,0.7036,0.0000,0.00000,0.01064
4.12,5.12,1.1262,0.0000,0.00000,0.01734
4.38,5.12,1.1629,0.0000,0.00000,0.01855
4.62,5.12,1.1005,0.0000,0.00000,0.01816
4.88,5.12,1.2255,0.0000,0.00000,0.02043
5.12,5.12,1.3257,0.0000,0.00000,0.02205
5.38,5.12,1.3406,0.0000,0.00000,0.02298
5.62,5.12,1.3502,0.0000,0.00000,0.02401
5.88,5.12,1.3948,0.0000,0.00000,0.02481
6.12,5.12,1.5116,0.0000,0.00000,0.02727
6.38,5.12,1.4510,0.0000,0.00000,0.02683
6.62,5.12,1.4664,0.0000,0.00000,0.02647
6.88,5.12,1.6628,0.0000,0.00000,0.02959
7.12,5.12,1.2962,0.0000,0.00000,0.02442
7.38,5.12,0.6570,0.0000,0.00000,0.01339
2.62,5.38,0.0000,0.0000,0.00000,0.00000
2.88,5.38,0.0002,0.0000,0.00000,0.00000
3.12,5.38,0.0032,0.0000,0.00000,0.00005
3.38,5.38,0.0343,0.0000,0.00000,0.00062
3.62,5.38,0.1978,0.0000,0.00000,0.00352
3.88,5.38,0.6222,0.0000,0.00000,0.01023
4.12,5.38,1.0941,0.0000,0.00000,0.01690
4.38,5.38,1.2011,0.0000,0.00000,0.01814
4.62,5.38,1.1336,0.0000,0.00000,0.01726
4.88,5.38,1.2330,0.0000,0.00000,0.01919
5.12,5.38,1.3475,0.0000,0.00000,0.02113
5.38,5.38,1.3740,0.0000,0.00000,0.02170
5.62,5.38,1.3631,0.0000,0.00000,0.02174
5.88,5.38,1.3932,0.0000,0.00000,0.02275
6.12,5.38,1.5267,0.0000,0.00000,0.02656
6.38,5.38,1.4757,0.0000,0.00000,0.02682
6.62,5.38,1.4617,0.0000,0.00000,0.02529
6.88,5.38,1.6593,0.0000,0.00000,0.02833
7.12,5.38,1.3393,0.0000,0.00000,0.02472
7.38,5.38,0.7076,0.0000,0.00000,0.01424
2.62,5.62,0.0000,0.0000,0.00000,0.00000
2.88,5.62,0.0001,0.0000,0.00000,0.00000
3.12,5.62,0.0020,0.0000,0.00000,0.00003
3.38,5.62,0.0243,0.0000,0.00000,0.00041
3.62,5.62,0.1559,0.0000,0.00000,0.00255
3.88,5.62,0.5422,0.0000,0.00000,0.00833
4.12,5.62,1.0422,0.0000,0.00000,0.01563
4.38,5.62,1.2258,0.0000,0.00000,0.01841
4.62,5.62,1.1684,0.0000,0.00000,0.01745
4.88,5.62,1.2356,0.0000,0.00000,0.01866
5.12,5.62,1.3554,0.0000,0.00000,0.02053
5.38,5.62,1.3998,0.0000,0.00000,0.02105
5.62,5.62,1.3836,0.0000,0.00000,0.02062
5.88,5.62,1.4022,0.0000,0.00000,0.02140
6.12,5.62,1.5454,0.0000,0.00000,0.02572
6.38,5.62,1.5026,0.0000,0.00000,0.02666
6.62,5.62,1.4553,0.0000,0.00000,0.02466
6.88,5.62,1.6511,0.0000,0.00000,0.02777
7.12,5.62,1.3854,0.0000,0.00000,0.02537
7.38,5.62,0.7647,0.0000,0.00000,0.01522
2.62,5.88,0.0000,0.0000,0.00000,0.00000
2.88,5.88,0.0000,0.0000,0.00000,0.00000
3.12,5.88,0.0012,0.0000,0.00000,0.00001
3.38,5.88,0.0168,0.0000,0.00000,0.00022
3.62,5.88,0.1215,0.0000,0.00000,0.00160
3.88,5.88,0.4675,0.0000,0.00000,0.00634
4.12,5.88,0.9803,0.0000,0.00000,0.01413
4.38,5.88,1.2378,0.0000,0.00000,0.01864
4.62,5.88,1.2022,0.0000,0.00000,0.01779
4.88,5.88,1.2356,0.0000,0.00000,0.01802
5.12,5.88,1.3557,0.0000,0.00000,0.01984
5.38,5.88,1.4269,0.0000,0.00000,0.02104
5.62,5.88,1.4167,0.0000,0.00000,0.02078
5.88,5.88,1.4214,0.0000,0.00000,0.02089
6.12,5.88,1.5713,0.0000,0.00000,0.02461
6.38,5.88,1.5400,0.0000,0.00000,0.02552
6.62,5.88,1.4616,0.0000,0.00000,0.02361
6.88,5.88,1.6524,0.0000,0.00000,0.02681
7.12,5.88,1.4320,0.0000,0.00000,0.02487
7.38,5.88,0.8182,0.0000,0.00000,0.01510
2.62,6.12,0.0000,0.0000,0.00000,0.00000
2.88,6.12,0.0000,0.0000,0.00000,0.00000
3.12,6.12,0.0007,0.0000,0.00000,0.00001
3.38,6.12,0.0115,0.0000,0.00000,0.00013
3.62,6.12,0.0942,0.0000,0.00000,0.00115
3.88,6.12,0.4020,0.0000,0.00000,0.00514
4.12,6.12,0.9185,0.0000,0.00000,0.01234
4.38,6.12,1.2434,0.0000,0.00000,0.01716
4.62,6.12,1.2380,0.0000,0.00000,0.01694
4.88,6.12,1.2427,0.0000,0.00000,0.01699
5.12,6.12,1.3587,0.0000,0.00000,0.01908
5.38,6.12,1.4539,0.0000,0.00000,0.02115
5.62,6.12,1.4479,0.0000,0.00000,0.02110
5.88,6.12,1.4367,0.0000,0.00000,0.02073
6.12,6.12,1.5946,0.0000,0.00000,0.02403
6.38,6.12,1.5761,0.0000,0.00000,0.02486
6.62,6.12,1.4664,0.0000,0.00000,0.02267
6.88,6.12,1.6540,0.0000,0.00000,0.02551
7.12,6.12,1.4792,0.0000,0.00000,0.02388
7.38,6.12,0.8716,0.0000,0.00000,0.01464
2.62,6.38,0.0000,0.0000,0.00000,0.00000
2.88,6.38,0.0000,0.0000,0.00000,0.00000
3.12,6.38,0.0005,0.0000,0.00000,0.00001
3.38,6.38,0.0083,0.0000,0.00000,0.00010
3.62,6.38,0.0751,0.0000,0.00000,0.00097
3.88,6.38,0.3485,0.0000,0.00000,0.00459
4.12,6.38,0.8553,0.0000,0.00000,0.01126
4.38,6.38,1.2330,0.0000,0.00000,0.01606
4.62,6.38,1.2672,0.0000,0.00000,0.01647
4.88,6.38,1.2508,0.0000,0.00000,0.01659
5.12,6.38,1.3587,0.0000,0.00000,0.01872
5.38,6.38,1.4789,0.0000,0.00000,0.02125
5.62,6.38,1.4749,0.0000,0.00000,0.02120
5.88,6.38,1.4433,0.0000,0.00000,0.02047
6.12,6.38,1.6076,0.0000,0.00000,0.02365
6.38,6.38,1.6053,0.0000,0.00000,0.02468
6.62,6.38,1.4653,0.0000,0.00000,0.02212
6.88,6.38,1.6536,0.0000,0.00000,0.02471
7.12,6.38,1.5349,0.0000,0.00000,0.02383
7.38,6.38,0.9353,0.0000,0.00000,0.01502
2.62,6.62,0.0000,0.0000,0.00000,0.00000
2.88,6.62,0.0000,0.0000,0.00000,0.00000
3.12,6.62,0.0003,0.0000,0.00000,0.00000
3.38,6.62,0.0063,0.0000,0.00000,0.00008
3.62,6.62,0.0621,0.0000,0.00000,0.00083
3.88,6.62,0.3071,0.0000,0.00000,0.00418
4.12,6.62,0.7974,0.0000,0.00000,0.01073
4.38,6.62,1.2156,0.0000,0.00000,0.01602
4.62,6.62,1.2950,0.0000,0.00000,0.01696
4.88,6.62,1.2658,0.0000,0.00000,0.01683
5.12,6.62,1.3628,0.0000,0.00000,0.01839
5.38,6.62,1.5046,0.0000,0.00000,0.02070
5.62,6.62,1.4996,0.0000,0.00000,0.02079
5.88,6.62,1.4414,0.0000,0.00000,0.01992
6.12,6.62,1.6123,0.0000,0.00000,0.02277
6.38,6.62,1.6365,0.0000,0.00000,0.02398
6.62,6.62,1.4684,0.0000,0.00000,0.02160
6.88,6.62,1.6542,0.0000,0.00000,0.02434
7.12,6.62,1.5943,0.0000,0.00000,0.02412
7.38,6.62,1.0037,0.0000,0.00000,0.01555
2.62,6.88,0.0000,0.0000,0.00000,0.00000
2.88,6.88,0.0000,0.0000,0.00000,0.00000
3.12,6.88,0.0002,0.0000,0.00000,0.00000
3.38,6.88,0.0050,0.0000,0.00000,0.00006
3.62,6.88,0.0527,0.0000,0.00000,0.00065
3.88,6.88,0.2729,0.0000,0.00000,0.00351
4.12,6.88,0.7413,0.0000,0.00000,0.00981
4.38,6.88,1.1888,0.0000,0.00000,0.01593
4.62,6.88,1.3191,0.0000,0.00000,0.01760
4.88,6.88,1.2920,0.0000,0.00000,0.01701
5.12,6.88,1.3750,0.0000,0.00000,0.01786
5.38,6.88,1.5272,0.0000,0.00000,0.01975
5.62,6.88,1.5256,0.0000,0.00000,0.01988
5.88,6.88,1.4436,0.0000,0.00000,0.01908
6.12,6.88,1.6170,0.0000,0.00000,0.02171
6.38,6.88,1.6670,0.0000,0.00000,0.02306
6.62,6.88,1.4719,0.0000,0.00000,0.02094
6.88,6.88,1.6566,0.0000,0.00000,0.02359
7.12,6.88,1.6552,0.0000,0.00000,0.02360
7.38,6.88,1.0727,0.0000,0.00000,0.01537
2.62,7.12,0.0000,0.0000,0.00000,0.00000
2.88,7.12,0.0000,0.0000,0.00000,0.00000
3.12,7.12,0.0002,0.0000,0.00000,0.00000
3.38,7.12,0.0042,0.0000,0.00000,0.00004
3.62,7.12,0.0458,0.0000,0.00000,0.00051
3.88,7.12,0.2452,0.0000,0.00000,0.00296
4.12,7.12,0.6928,0.0000,0.00000,0.00901
4.38,7.12,1.1654,0.0000,0.00000,0.01591
4.62,7.12,1.3463,0.0000,0.00000,0.01832
4.88,7.12,1.3241,0.0000,0.00000,0.01725
5.12,7.12,1.3859,0.0000,0.00000,0.01761
5.38,7.12,1.5461,0.0000,0.00000,0.01968
5.62,7.12,1.5609,0.0000,0.00000,0.01980
5.88,7.12,1.4573,0.0000,0.00000,0.01859
6.12,7.12,1.6271,0.0000,0.00000,0.02119
6.38,7.12,1.7024,0.0000,0.00000,0.02289
6.62,7.12,1.4797,0.0000,0.00000,0.02030
6.88,7.12,1.6567,0.0000,0.00000,0.02195
7.12,7.12,1.7052,0.0000,0.00000,0.02186
7.38,7.12,1.1311,0.0000,0.00000,0.01431
2.62,7.38,0.0000,0.0000,0.00000,0.00000
2.88,7.38,0.0000,0.0000,0.00000,0.00000
3.12,7.38,0.0001,0.0000,0.00000,0.00000
3.38,7.38,0.0035,0.0000,0.00000,0.00004
3.62,7.38,0.0400,0.0000,0.00000,0.00045
3.88,7.38,0.2216,0.0000,0.00000,0.00264
4.12,7.38,0.6505,0.0000,0.00000,0.00825
4.38,7.38,1.1428,0.0000,0.00000,0.01515
4.62,7.38,1.3675,0.0000,0.00000,0.01814
4.88,7.38,1.3510,0.0000,0.00000,0.01724
5.12,7.38,1.3936,0.0000,0.00000,0.01775
5.38,7.38,1.5639,0.0000,0.00000,0.02045
5.62,7.38,1.5954,0.0000,0.00000,0.02068
5.88,7.38,1.4688,0.0000,0.00000,0.01879
6.12,7.38,1.6367,0.0000,0.00000,0.02131
6.38,7.38,1.7396,0.0000,0.00000,0.02340
6.62,7.38,1.4835,0.0000,0.00000,0.01995
6.88,7.38,1.6507,0.0000,0.00000,0.02050
7.12,7.38,1.7571,0.0000,0.00000,0.02052
7.38,7.38,1.1948,0.0000,0.00000,0.01359
2.62,7.62,0.0000,0.0000,0.00000,0.00000
2.88,7.62,0.0000,0.0000,0.00000,0.00000
3.12,7.62,0.0001,0.0000,0.00000,0.00000
3.38,7.62,0.0030,0.0000,0.00000,0.00003
3.62,7.62,0.0351,0.0000,0.00000,0.00041
3.88,7.62,0.2003,0.0000,0.00000,0.00241
4.12,7.62,0.6093,0.0000,0.00000,0.00755
4.38,7.62,1.1128,0.0000,0.00000,0.01411
4.62,7.62,1.3771,0.0000,0.00000,0.01744
4.88,7.62,1.3720,0.0000,0.00000,0.01710
5.12,7.62,1.3954,0.0000,0.00000,0.01787
5.38,7.62,1.5786,0.0000,0.00000,0.02078
5.62,7.62,1.6312,0.0000,0.00000,0.02107
5.88,7.62,1.4793,0.0000,0.00000,0.01862
6.12,7.62,1.6450,0.0000,0.00000,0.02054
6.38,7.62,1.7732,0.0000,0.00000,0.02258
6.62,7.62,1.4793,0.0000,0.00000,0.01925
6.88,7.62,1.6401,0.0000,0.00000,0.01999
7.12,7.62,1.8117,0.0000,0.00000,0.02052
7.38,7.62,1.2627,0.0000,0.00000,0.01382
2.62,7.88,0.0000,0.0000,0.00000,0.00000
2.88,7.88,0.0000,0.0000,0.00000,0.00000
3.12,7.88,0.0001,0.0000,0.00000,0.00000
3.38,7.88,0.0025,0.0000,0.00000,0.00003
3.62,7.88,0.0307,0.0000,0.00000,0.00036
3.88,7.88,0.1817,0.0000,0.00000,0.00220
4.12,7.88,0.5731,0.0000,0.00000,0.00711
4.38,7.88,1.0852,0.0000,0.00000,0.01360
4.62,7.88,1.3859,0.0000,0.00000,0.01723
4.88,7.88,1.3939,0.0000,0.00000,0.01725
5.12,7.88,1.3937,0.0000,0.00000,0.01800
5.38,7.88,1.5887,0.0000,0.00000,0.02064
5.62,7.88,1.6717,0.0000,0.00000,0.02072
5.88,7.88,1.4931,0.0000,0.00000,0.01794
6.12,7.88,1.6548,0.0000,0.00000,0.01942
6.38,7.88,1.8116,0.0000,0.00000,0.02144
6.62,7.88,1.4813,0.0000,0.00000,0.01858
6.88,7.88,1.6325,0.0000,0.00000,0.01973
7.12,7.88,1.8645,0.0000,0.00000,0.02062
7.38,7.88,1.3277,0.0000,0.00000,0.01405
2.62,8.12,0.0000,0.0000,0.00000,0.00000
2.88,8.12,0.0000,0.0000,0.00000,0.00000
3.12,8.12,0.0001,0.0000,0.00000,0.00000
3.38,8.12,0.0021,0.0000,0.00000,0.00002
3.62,8.12,0.0272,0.0000,0.00000,0.00031
3.88,8.12,0.1669,0.0000,0.00000,0.00203
4.12,8.12,0.5424,0.0000,0.00000,0.00686
4.38,8.12,1.0586,0.0000,0.00000,0.01357
4.62,8.12,1.3940,0.0000,0.00000,0.01752
4.88,8.12,1.4245,0.0000,0.00000,0.01758
5.12,8.12,1.4036,0.0000,0.00000,0.01777
5.38,8.12,1.5992,0.0000,0.00000,0.01986
5.62,8.12,1.7062,0.0000,0.00000,0.02002
5.88,8.12,1.4998,0.0000,0.00000,0.01738
6.12,8.12,1.6591,0.0000,0.00000,0.01882
6.38,8.12,1.8512,0.0000,0.00000,0.02080
6.62,8.12,1.4886,0.0000,0.00000,0.01774
6.88,8.12,1.6250,0.0000,0.00000,0.01885
7.12,8.12,1.9109,0.0000,0.00000,0.02028
7.38,8.12,1.3866,0.0000,0.00000,0.01409
2.62,8.38,0.0000,0.0000,0.00000,0.00000
2.88,8.38,0.0000,0.0000,0.00000,0.00000
3.12,8.38,0.0001,0.0000,0.00000,0.00000
3.38,8.38,0.0019,0.0000,0.00000,0.00002
3.62,8.38,0.0251,0.0000,0.00000,0.00029
3.88,8.38,0.1575,0.0000,0.00000,0.00196
4.12,8.38,0.5225,0.0000,0.00000,0.00685
4.38,8.38,1.0423,0.0000,0.00000,0.01373
4.62,8.38,1.4094,0.0000,0.00000,0.01794
4.88,8.38,1.4668,0.0000,0.00000,0.01849
5.12,8.38,1.4268,0.0000,0.00000,0.01843
5.38,8.38,1.6167,0.0000,0.00000,0.01959
5.62,8.38,1.7414,0.0000,0.00000,0.01977
5.88,8.38,1.5091,0.0000,0.00000,0.01757
6.12,8.38,1.6628,0.0000,0.00000,0.01917
6.38,8.38,1.8851,0.0000,0.00000,0.02091
6.62,8.38,1.4940,0.0000,0.00000,0.01687
6.88,8.38,1.6225,0.0000,0.00000,0.01777
7.12,8.38,1.9645,0.0000,0.00000,0.02015
7.38,8.38,1.4506,0.0000,0.00000,0.01442
2.62,8.62,0.0000,0.0000,0.00000,0.00000
2.88,8.62,0.0000,0.0000,0.00000,0.00000
3.12,8.62,0.0001,0.0000,0.00000,0.00000
3.38,8.62,0.0017,0.0000,0.00000,0.00002
3.62,8.62,0.0235,0.0000,0.00000,0.00028
3.88,8.62,0.1504,0.0000,0.00000,0.00189
4.12,8.62,0.5072,0.0000,0.00000,0.00667
4.38,8.62,1.0263,0.0000,0.00000,0.01344
4.62,8.62,1.4153,0.0000,0.00000,0.01798
4.88,8.62,1.4969,0.0000,0.00000,0.01947
5.12,8.62,1.4423,0.0000,0.00000,0.01955
5.38,8.62,1.6299,0.0000,0.00000,0.02002
5.62,8.62,1.7754,0.0000,0.00000,0.02014
5.88,8.62,1.5251,0.0000,0.00000,0.01816
6.12,8.62,1.6739,0.0000,0.00000,0.01981
6.38,8.62,1.9203,0.0000,0.00000,0.02127
6.62,8.62,1.5013,0.0000,0.00000,0.01634
6.88,8.62,1.6282,0.0000,0.00000,0.01714
7.12,8.62,2.0288,0.0000,0.00000,0.02042
7.38,8.62,1.5218,0.0000,0.00000,0.01501
2.62,8.88,0.0000,0.0000,0.00000,0.00000
2.88,8.88,0.0000,0.0000,0.00000,0.00000
3.12,8.88,0.0000,0.0000,0.00000,0.00000
3.38,8.88,0.0015,0.0000,0.00000,0.00002
3.62,8.88,0.0222,0.0000,0.00000,0.00026
3.88,8.88,0.1448,0.0000,0.00000,0.00178
4.12,8.88,0.4946,0.0000,0.00000,0.00622
4.38,8.88,1.0088,0.0000,0.00000,0.01267
4.62,8.88,1.4119,0.0000,0.00000,0.01741
4.88,8.88,1.5167,0.0000,0.00000,0.01888
5.12,8.88,1.4493,0.0000,0.00000,0.01835
5.38,8.88,1.6371,0.0000,0.00000,0.01908
5.62,8.88,1.8099,0.0000,0.00000,0.02001
5.88,8.88,1.5463,0.0000,0.00000,0.01804
6.12,8.88,1.6934,0.0000,0.00000,0.01925
6.38,8.88,1.9644,0.0000,0.00000,0.02042
6.62,8.88,1.5125,0.0000,0.00000,0.01549
6.88,8.88,1.6283,0.0000,0.00000,0.01665
7.12,8.88,2.0788,0.0000,0.00000,0.02063
7.38,8.88,1.5805,0.0000,0.00000,0.01546
2.62,9.12,0.0000,0.0000,0.00000,0.00000
2.88,9.12,0.0000,0.0000,0.00000,0.00000
3.12,9.12,0.0000,0.0000,0.00000,0.00000
3.38,9.12,0.0015,0.0000,0.00000,0.00002
3.62,9.12,0.0214,0.0000,0.00000,0.00025
3.88,9.12,0.1407,0.0000,0.00000,0.00169
4.12,9.12,0.4832,0.0000,0.00000,0.00591
4.38,9.12,0.9919,0.0000,0.00000,0.01227
4.62,9.12,1.4139,0.0000,0.00000,0.01713
4.88,9.12,1.5468,0.0000,0.00000,0.01797
5.12,9.12,1.4643,0.0000,0.00000,0.01655
5.38,9.12,1.6502,0.0000,0.00000,0.01782
5.62,9.12,1.8493,0.0000,0.00000,0.01970
5.88,9.12,1.5685,0.0000,0.00000,0.01772
6.12,9.12,1.7089,0.0000,0.00000,0.01844
6.38,9.12,2.0040,0.0000,0.00000,0.01944
6.62,9.12,1.5249,0.0000,0.00000,0.01466
6.88,9.12,1.6271,0.0000,0.00000,0.01595
7.12,9.12,2.1161,0.0000,0.00000,0.02028
7.38,9.12,1.6256,0.0000,0.00000,0.01538
2.62,9.38,0.0000,0.0000,0.00000,0.00000
2.88,9.38,0.0000,0.0000,0.00000,0.00000
3.12,9.38,0.0000,0.0000,0.00000,0.00000
3.38,9.38,0.0015,0.0000,0.00000,0.00002
3.62,9.38,0.0215,0.0000,0.00000,0.00025
3.88,9.38,0.1400,0.0000,0.00000,0.00166
4.12,9.38,0.4769,0.0000,0.00000,0.00581
4.38,9.38,0.9797,0.0000,0.00000,0.01237
4.62,9.38,1.4217,0.0000,0.00000,0.01762
4.88,9.38,1.5842,0.0000,0.00000,0.01814
5.12,9.38,1.4869,0.0000,0.00000,0.01610
5.38,9.38,1.6612,0.0000,0.00000,0.01741
5.62,9.38,1.8785,0.0000,0.00000,0.01956
5.88,9.38,1.5818,0.0000,0.00000,0.01711
6.12,9.38,1.7146,0.0000,0.00000,0.01753
6.38,9.38,2.0317,0.0000,0.00000,0.01904
6.62,9.38,1.5330,0.0000,0.00000,0.01434
6.88,9.38,1.6269,0.0000,0.00000,0.01515
7.12,9.38,2.1499,0.0000,0.00000,0.01934
7.38,9.38,1.6655,0.0000,0.00000,0.01476
2.62,9.62,0.0000,0.0000,0.00000,0.00000
2.88,9.62,0.0000,0.0000,0.00000,0.00000
3.12,9.62,0.0000,0.0000,0.00000,0.00000
3.38,9.62,0.0015,0.0000,0.00000,0.00002
3.62,9.62,0.0218,0.0000,0.00000,0.00025
3.88,9.62,0.1409,0.0000,0.00000,0.00166
4.12,9.62,0.4772,0.0000,0.00000,0.00578
4.38,9.62,0.9761,0.0000,0.00000,0.01226
4.62,9.62,1.4279,0.0000,0.00000,0.01758
4.88,9.62,1.6139,0.0000,0.00000,0.01827
5.12,9.62,1.5056,0.0000,0.00000,0.01616
5.38,9.62,1.6654,0.0000,0.00000,0.01756
5.62,9.62,1.9017,0.0000,0.00000,0.02005
5.88,9.62,1.6003,0.0000,0.00000,0.01719
6.12,9.62,1.7284,0.0000,0.00000,0.01724
6.38,9.62,2.0628,0.0000,0.00000,0.01927
6.62,9.62,1.5457,0.0000,0.00000,0.01453
6.88,9.62,1.6337,0.0000,0.00000,0.01471
7.12,9.62,2.1883,0.0000,0.00000,0.01867
7.38,9.62,1.7069,0.0000,0.00000,0.01431
2.62,9.88,0.0000,0.0000,0.00000,0.00000
2.88,9.88,0.0000,0.0000,0.00000,0.00000
3.12,9.88,0.0000,0.0000,0.00000,0.00000
3.38,9.88,0.0016,0.0000,0.00000,0.00002
3.62,9.88,0.0220,0.0000,0.00000,0.00025
3.88,9.88,0.1426,0.0000,0.00000,0.00167
4.12,9.88,0.4814,0.0000,0.00000,0.00577
4.38,9.88,0.9756,0.0000,0.00000,0.01190
4.62,9.88,1.4258,0.0000,0.00000,0.01678
4.88,9.88,1.6323,0.0000,0.00000,0.01786
5.12,9.88,1.5227,0.0000,0.00000,0.01624
5.38,9.88,1.6712,0.0000,0.00000,0.01796
5.62,9.88,1.9269,0.0000,0.00000,0.02099
5.88,9.88,1.6269,0.0000,0.00000,0.01800
6.12,9.88,1.7503,0.0000,0.00000,0.01743
6.38,9.88,2.0999,0.0000,0.00000,0.01943
6.62,9.88,1.5639,0.0000,0.00000,0.01470
6.88,9.88,1.6428,0.0000,0.00000,0.01467
7.12,9.88,2.2238,0.0000,0.00000,0.01868
7.38,9.88,1.7446,0.0000,0.00000,0.01440
2.62,10.12,0.0000,0.0000,0.00000,0.00000
2.88,10.12,0.0000,0.0000,0.00000,0.00000
3.12,10.12,0.0000,0.0000,0.00000,0.00000
3.38,10.12,0.0016,0.0000,0.00000,0.00002
3.62,10.12,0.0223,0.0000,0.00000,0.00025
3.88,10.12,0.1455,0.0000,0.00000,0.00171
4.12,10.12,0.4898,0.0000,0.00000,0.00592
4.38,10.12,0.9798,0.0000,0.00000,0.01191
4.62,10.12,1.4250,0.0000,0.00000,0.01646
4.88,10.12,1.6520,0.0000,0.00000,0.01791
5.12,10.12,1.5459,0.0000,0.00000,0.01658
5.38,10.12,1.6796,0.0000,0.00000,0.01791
5.62,10.12,1.9488,0.0000,0.00000,0.02072
5.88,10.12,1.6572,0.0000,0.00000,0.01789
6.12,10.12,1.7755,0.0000,0.00000,0.01734
6.38,10.12,2.1313,0.0000,0.00000,0.01941
6.62,10.12,1.5782,0.0000,0.00000,0.01465
6.88,10.12,1.6508,0.0000,0.00000,0.01454
7.12,10.12,2.2535,0.0000,0.00000,0.01870
7.38,10.12,1.7755,0.0000,0.00000,0.01450
2.62,10.38,0.0000,0.0000,0.00000,0.00000
2.88,10.38,0.0000,0.0000,0.00000,0.00000
3.12,10.38,0.0000,0.0000,0.00000,0.00000
3.38,10.38,0.0015,0.0000,0.00000,0.00002
3.62,10.38,0.0224,0.0000,0.00000,0.00026
3.88,10.38,0.1473,0.0000,0.00000,0.00176
4.12,10.38,0.4967,0.0000,0.00000,0.00613
4.38,10.38,0.9839,0.0000,0.00000,0.01218
4.62,10.38,1.4235,0.0000,0.00000,0.01676
4.88,10.38,1.6720,0.0000,0.00000,0.01854
5.12,10.38,1.5766,0.0000,0.00000,0.01712
5.38,10.38,1.6923,0.0000,0.00000,0.01751
5.62,10.38,1.9669,0.0000,0.00000,0.01961
5.88,10.38,1.6888,0.0000,0.00000,0.01712
6.12,10.38,1.8002,0.0000,0.00000,0.01709
6.38,10.38,2.1567,0.0000,0.00000,0.01939
6.62,10.38,1.5923,0.0000,0.00000,0.01458
6.88,10.38,1.6631,0.0000,0.00000,0.01449
7.12,10.38,2.2845,0.0000,0.00000,0.01884
7.38,10.38,1.8054,0.0000,0.00000,0.01468
2.62,10.62,0.0000,0.0000,0.00000,0.00000
2.88,10.62,0.0000,0.0000,0.00000,0.00000
3.12,10.62,0.0000,0.0000,0.00000,0.00000
3.38,10.62,0.0015,0.0000,0.00000,0.00002
3.62,10.62,0.0223,0.0000,0.00000,0.00026
3.88,10.62,0.1480,0.0000,0.00000,0.00179
4.12,10.62,0.5017,0.0000,0.00000,0.00622
4.38,10.62,0.9867,0.0000,0.00000,0.01234
4.62,10.62,1.4192,0.0000,0.00000,0.01703
4.88,10.62,1.6901,0.0000,0.00000,0.01912
5.12,10.62,1.6131,0.0000,0.00000,0.01770
5.38,10.62,1.7081,0.0000,0.00000,0.01742
5.62,10.62,1.9838,0.0000,0.00000,0.01922
5.88,10.62,1.7238,0.0000,0.00000,0.01708
6.12,10.62,1.8286,0.0000,0.00000,0.01733
6.38,10.62,2.1843,0.0000,0.00000,0.01963
6.62,10.62,1.6101,0.0000,0.00000,0.01460
6.88,10.62,1.6786,0.0000,0.00000,0.01478
7.12,10.62,2.3173,0.0000,0.00000,0.01968
7.38,10.62,1.8364,0.0000,0.00000,0.01545
2.62,10.88,0.0000,0.0000,0.00000,0.00000
2.88,10.88,0.0000,0.0000,0.00000,0.00000
3.12,10.88,0.0000,0.0000,0.00000,0.00000
3.38,10.88,0.0015,0.0000,0.00000,0.00002
3.62,10.88,0.0221,0.0000,0.00000,0.00027
3.88,10.88,0.1486,0.0000,0.00000,0.00186
4.12,10.88,0.5081,0.0000,0.00000,0.00647
4.38,10.88,0.9938,0.0000,0.00000,0.01265
4.62,10.88,1.4151,0.0000,0.00000,0.01713
4.88,10.88,1.7023,0.0000,0.00000,0.01944
5.12,10.88,1.6473,0.0000,0.00000,0.01841
5.38,10.88,1.7211,0.0000,0.00000,0.01783
5.62,10.88,1.9989,0.0000,0.00000,0.01948
5.88,10.88,1.7660,0.0000,0.00000,0.01761
6.12,10.88,1.8657,0.0000,0.00000,0.01799
6.38,10.88,2.2159,0.0000,0.00000,0.02028
6.62,10.88,1.6285,0.0000,0.00000,0.01499
6.88,10.88,1.6884,0.0000,0.00000,0.01547
7.12,10.88,2.3393,0.0000,0.00000,0.02102
7.38,10.88,1.8587,0.0000,0.00000,0.01661
2.62,11.12,0.0000,0.0000,0.00000,0.00000
2.88,11.12,0.0000,0.0000,0.00000,0.00000
3.12,11.12,0.0000,0.0000,0.00000,0.00000
3.38,11.12,0.0014,0.0000,0.00000,0.00002
3.62,11.12,0.0212,0.0000,0.00000,0.00028
3.88,11.12,0.1470,0.0000,0.00000,0.00199
4.12,11.12,0.5142,0.0000,0.00000,0.00699
4.38,11.12,1.0045,0.0000,0.00000,0.01339
4.62,11.12,1.4088,0.0000,0.00000,0.01757
4.88,11.12,1.7087,0.0000,0.00000,0.02018
5.12,11.12,1.6826,0.0000,0.00000,0.01976
5.38,11.12,1.7291,0.0000,0.00000,0.01895
5.62,11.12,2.0032,0.0000,0.00000,0.02031
5.88,11.12,1.8089,0.0000,0.00000,0.01845
6.12,11.12,1.9025,0.0000,0.00000,0.01869
6.38,11.12,2.2385,0.0000,0.00000,0.02096
6.62,11.12,1.6422,0.0000,0.00000,0.01550
6.88,11.12,1.6972,0.0000,0.00000,0.01600
7.12,11.12,2.3569,0.0000,0.00000,0.02179
7.38,11.12,1.8762,0.0000,0.00000,0.01724
2.62,11.38,0.0000,0.0000,0.00000,0.00000
2.88,11.38,0.0000,0.0000,0.00000,0.00000
3.12,11.38,0.0000,0.0000,0.00000,0.00000
3.38,11.38,0.0013,0.0000,0.00000,0.00002
3.62,11.38,0.0203,0.0000,0.00000,0.00029
3.88,11.38,0.1457,0.0000,0.00000,0.00211
4.12,11.38,0.5241,0.0000,0.00000,0.00768
4.38,11.38,1.0215,0.0000,0.00000,0.01458
4.62,11.38,1.4000,0.0000,0.00000,0.01838
4.88,11.38,1.7084,0.0000,0.00000,0.02104
5.12,11.38,1.7176,0.0000,0.00000,0.02117
5.38,11.38,1.7294,0.0000,0.00000,0.02031
5.62,11.38,1.9962,0.0000,0.00000,0.02166
5.88,11.38,1.8562,0.0000,0.00000,0.01981
6.12,11.38,1.9438,0.0000,0.00000,0.01962
6.38,11.38,2.2568,0.0000,0.00000,0.02170
6.62,11.38,1.6569,0.0000,0.00000,0.01603
6.88,11.38,1.7107,0.0000,0.00000,0.01622
7.12,11.38,2.3759,0.0000,0.00000,0.02188
7.38,11.38,1.8932,0.0000,0.00000,0.01728
2.62,11.62,0.0000,0.0000,0.00000,0.00000
2.88,11.62,0.0000,0.0000,0.00000,0.00000
3.12,11.62,0.0000,0.0000,0.00000,0.00000
3.38,11.62,0.0012,0.0000,0.00000,0.00002
3.62,11.62,0.0192,0.0000,0.00000,0.00028
3.88,11.62,0.1436,0.0000,0.00000,0.00221
4.12,11.62,0.5331,0.0000,0.00000,0.00838
4.38,11.62,1.0397,0.0000,0.00000,0.01592
4.62,11.62,1.3903,0.0000,0.00000,0.01934
4.88,11.62,1.7052,0.0000,0.00000,0.02171
5.12,11.62,1.7566,0.0000,0.00000,0.02200
5.38,11.62,1.7275,0.0000,0.00000,0.02084
5.62,11.62,1.9810,0.0000,0.00000,0.02242
5.88,11.62,1.9081,0.0000,0.00000,0.02111
6.12,11.62,1.9882,0.0000,0.00000,0.02074
6.38,11.62,2.2725,0.0000,0.00000,0.02265
6.62,11.62,1.6760,0.0000,0.00000,0.01685
6.88,11.62,1.7297,0.0000,0.00000,0.01691
7.12,11.62,2.3958,0.0000,0.00000,0.02263
7.38,11.62,1.9093,0.0000,0.00000,0.01787
2.62,11.88,0.0000,0.0000,0.00000,0.00000
2.88,11.88,0.0000,0.0000,0.00000,0.00000
3.12,11.88,0.0000,0.0000,0.00000,0.00000
3.38,11.88,0.0011,0.0000,0.00000,0.00002
3.62,11.88,0.0176,0.0000,0.00000,0.00028
3.88,11.88,0.1405,0.0000,0.00000,0.00232
4.12,11.88,0.5455,0.0000,0.00000,0.00910
4.38,11.88,1.0692,0.0000,0.00000,0.01734
4.62,11.88,1.3905,0.0000,0.00000,0.02059
4.88,11.88,1.7057,0.0000,0.00000,0.02287
5.12,11.88,1.8014,0.0000,0.00000,0.02315
5.38,11.88,1.7277,0.0000,0.00000,0.02102
5.62,11.88,1.9649,0.0000,0.00000,0.02237
5.88,11.88,1.9671,0.0000,0.00000,0.02196
6.12,11.88,2.0364,0.0000,0.00000,0.02179
6.38,11.88,2.2915,0.0000,0.00000,0.02377
6.62,11.88,1.7085,0.0000,0.00000,0.01810
6.88,11.88,1.7589,0.0000,0.00000,0.01819
7.12,11.88,2.4175,0.0000,0.00000,0.02407
7.38,11.88,1.9248,0.0000,0.00000,0.01898
2.62,12.12,0.0000,0.0000,0.00000,0.00000
2.88,12.12,0.0000,0.0000,0.00000,0.00000
3.12,12.12,0.0000,0.0000,0.00000,0.00000
3.38,12.12,0.0009,0.0000,0.00000,0.00001
3.62,12.12,0.0158,0.0000,0.00000,0.00027
3.88,12.12,0.1368,0.0000,0.00000,0.00236
4.12,12.12,0.5578,0.0000,0.00000,0.00957
4.38,12.12,1.1007,0.0000,0.00000,0.01845
4.62,12.12,1.3904,0.0000,0.00000,0.02182
4.88,12.12,1.6981,0.0000,0.00000,0.02431
5.12,12.12,1.8347,0.0000,0.00000,0.02478
5.38,12.12,1.7168,0.0000,0.00000,0.02174
5.62,12.12,1.9417,0.0000,0.00000,0.02282
5.88,12.12,2.0314,0.0000,0.00000,0.02327
6.12,12.12,2.0852,0.0000,0.00000,0.02303
6.38,12.12,2.3049,0.0000,0.00000,0.02490
6.62,12.12,1.7445,0.0000,0.00000,0.01939
6.88,12.12,1.7932,0.0000,0.00000,0.01958
7.12,12.12,2.4403,0.0000,0.00000,0.02569
7.38,12.12,1.9403,0.0000,0.00000,0.02024
2.62,12.38,0.0000,0.0000,0.00000,0.00000
2.88,12.38,0.0000,0.0000,0.00000,0.00000
3.12,12.38,0.0000,0.0000,0.00000,0.00000
3.38,12.38,0.0007,0.0000,0.00000,0.00001
3.62,12.38,0.0143,0.0000,0.00000,0.00026
3.88,12.38,0.1333,0.0000,0.00000,0.00238
4.12,12.38,0.5650,0.0000,0.00000,0.00995
4.38,12.38,1.1232,0.0000,0.00000,0.01952
4.62,12.38,1.3888,0.0000,0.00000,0.02299
4.88,12.38,1.6902,0.0000,0.00000,0.02563
5.12,12.38,1.8637,0.0000,0.00000,0.02682
5.38,12.38,1.7058,0.0000,0.00000,0.02337
5.62,12.38,1.9219,0.0000,0.00000,0.02434
5.88,12.38,2.0960,0.0000,0.00000,0.02550
6.12,12.38,2.1245,0.0000,0.00000,0.02474
6.38,12.38,2.3054,0.0000,0.00000,0.02607
6.62,12.38,1.7833,0.0000,0.00000,0.02054
6.88,12.38,1.8339,0.0000,0.00000,0.02095
7.12,12.38,2.4625,0.0000,0.00000,0.02746
7.38,12.38,1.9534,0.0000,0.00000,0.02165
2.62,12.62,0.0000,0.0000,0.00000,0.00000
2.88,12.62,0.0000,0.0000,0.00000,0.00000
3.12,12.62,0.0000,0.0000,0.00000,0.00000
3.38,12.62,0.0006,0.0000,0.00000,0.00001
3.62,12.62,0.0133,0.0000,0.00000,0.00025
3.88,12.62,0.1303,0.0000,0.00000,0.00243
4.12,12.62,0.5679,0.0000,0.00000,0.01049
4.38,12.62,1.1384,0.0000,0.00000,0.02093
4.62,12.62,1.3909,0.0000,0.00000,0.02459
4.88,12.62,1.6914,0.0000,0.00000,0.02737
5.12,12.62,1.9013,0.0000,0.00000,0.02946
5.38,12.62,1.7065,0.0000,0.00000,0.02562
5.62,12.62,1.9061,0.0000,0.00000,0.02638
5.88,12.62,2.1512,0.0000,0.00000,0.02824
6.12,12.62,2.1452,0.0000,0.00000,0.02684
6.38,12.62,2.2927,0.0000,0.00000,0.02775
6.62,12.62,1.8334,0.0000,0.00000,0.02246
6.88,12.62,1.8883,0.0000,0.00000,0.02303
7.12,12.62,2.4878,0.0000,0.00000,0.02983
7.38,12.62,1.9664,0.0000,0.00000,0.02348
2.62,12.88,0.0000,0.0000,0.00000,0.00000
2.88,12.88,0.0000,0.0000,0.00000,0.00000
3.12,12.88,0.0000,0.0000,0.00000,0.00000
3.38,12.88,0.0006,0.0000,0.00000,0.00001
3.62,12.88,0.0123,0.0000,0.00000,0.00025
3.88,12.88,0.1259,0.0000,0.00000,0.00250
4.12,12.88,0.5621,0.0000,0.00000,0.01116
4.38,12.88,1.1418,0.0000,0.00000,0.02274
4.62,12.88,1.3895,0.0000,0.00000,0.02688
4.88,12.88,1.6796,0.0000,0.00000,0.02973
5.12,12.88,1.9177,0.0000,0.00000,0.03236
5.38,12.88,1.7057,0.0000,0.00000,0.02807
5.62,12.88,1.8943,0.0000,0.00000,0.02898
5.88,12.88,2.1987,0.0000,0.00000,0.03187
6.12,12.88,2.1460,0.0000,0.00000,0.02973
6.38,12.88,2.2643,0.0000,0.00000,0.03057
6.62,12.88,1.8944,0.0000,0.00000,0.02606
6.88,12.88,1.9539,0.0000,0.00000,0.02648
7.12,12.88,2.5093,0.0000,0.00000,0.03313
7.38,12.88,1.9727,0.0000,0.00000,0.02589
2.62,13.12,0.0000,0.0000,0.00000,0.00000
2.88,13.12,0.0000,0.0000,0.00000,0.00000
3.12,13.12,0.0000,0.0000,0.00000,0.00000
3.38,13.12,0.0005,0.0000,0.00000,0.00001
3.62,13.12,0.0112,0.0000,0.00000,0.00023
3.88,13.12,0.1199,0.0000,0.00000,0.00251
4.12,13.12,0.5523,0.0000,0.00000,0.01169
4.38,13.12,1.1474,0.0000,0.00000,0.02467
4.62,13.12,1.4006,0.0000,0.00000,0.02990
4.88,13.12,1.6656,0.0000,0.00000,0.03311
5.12,13.12,1.9211,0.0000,0.00000,0.03631
5.38,13.12,1.7156,0.0000,0.00000,0.03168
5.62,13.12,1.9000,0.0000,0.00000,0.03292
5.88,13.12,2.2476,0.0000,0.00000,0.03707
6.12,13.12,2.1296,0.0000,0.00000,0.03370
6.38,13.12,2.2186,0.0000,0.00000,0.03418
6.62,13.12,1.9664,0.0000,0.00000,0.03070
6.88,13.12,2.0334,0.0000,0.00000,0.03096
7.12,13.12,2.5311,0.0000,0.00000,0.03737
7.38,13.12,1.9759,0.0000,0.00000,0.02897
2.62,13.38,0.0000,0.0000,0.00000,0.00000
2.88,13.38,0.0000,0.0000,0.00000,0.00000
3.12,13.38,0.0000,0.0000,0.00000,0.00000
3.38,13.38,0.0004,0.0000,0.00000,0.00001
3.62,13.38,0.0100,0.0000,0.00000,0.00021
3.88,13.38,0.1121,0.0000,0.00000,0.00245
4.12,13.38,0.5344,0.0000,0.00000,0.01188
4.38,13.38,1.1516,0.0000,0.00000,0.02615
4.62,13.38,1.4339,0.0000,0.00000,0.03302
4.88,13.38,1.6673,0.0000,0.00000,0.03712
5.12,13.38,1.9341,0.0000,0.00000,0.04149
5.38,13.38,1.7555,0.0000,0.00000,0.03711
5.62,13.38,1.9207,0.0000,0.00000,0.03832
5.88,13.38,2.2793,0.0000,0.00000,0.04320
6.12,13.38,2.0831,0.0000,0.00000,0.03780
6.38,13.38,2.1527,0.0000,0.00000,0.03741
6.62,13.38,2.0553,0.0000,0.00000,0.03562
6.88,13.38,2.1356,0.0000,0.00000,0.03643
7.12,13.38,2.5606,0.0000,0.00000,0.04288
7.38,13.38,1.9810,0.0000,0.00000,0.03303
2.62,13.62,0.0000,0.0000,0.00000,0.00000
2.88,13.62,0.0000,0.0000,0.00000,0.00000
3.12,13.62,0.0000,0.0000,0.00000,0.00000
3.38,13.62,0.0003,0.0000,0.00000,0.00001
3.62,13.62,0.0087,0.0000,0.00000,0.00020
3.88,13.62,0.1004,0.0000,0.00000,0.00234
4.12,13.62,0.4964,0.0000,0.00000,0.01168
4.38,13.62,1.1323,0.0000,0.00000,0.02710
4.62,13.62,1.4664,0.0000,0.00000,0.03596
4.88,13.62,1.6509,0.0000,0.00000,0.04067
5.12,13.62,1.9190,0.0000,0.00000,0.04641
5.38,13.62,1.8132,0.0000,0.00000,0.04347
5.62,13.62,1.9561,0.0000,0.00000,0.04481
5.88,13.62,2.2862,0.0000,0.00000,0.04986
6.12,13.62,2.0073,0.0000,0.00000,0.04198
6.38,13.62,2.0722,0.0000,0.00000,0.04114
6.62,13.62,2.1605,0.0000,0.00000,0.04239
6.88,13.62,2.2558,0.0000,0.00000,0.04390
7.12,13.62,2.5922,0.0000,0.00000,0.04999
7.38,13.62,1.9835,0.0000,0.00000,0.03816
2.62,13.88,0.0000,0.0000,0.00000,0.00000
2.88,13.88,0.0000,0.0000,0.00000,0.00000
3.12,13.88,0.0000,0.0000,0.00000,0.00000
3.38,13.88,0.0003,0.0000,0.00000,0.00001
3.62,13.88,0.0073,0.0000,0.00000,0.00019
3.88,13.88,0.0861,0.0000,0.00000,0.00221
4.12,13.88,0.4474,0.0000,0.00000,0.01142
4.38,13.88,1.1004,0.0000,0.00000,0.02817
4.62,13.88,1.4954,0.0000,0.00000,0.03904
4.88,13.88,1.6145,0.0000,0.00000,0.04345
5.12,13.88,1.8750,0.0000,0.00000,0.05066
5.38,13.88,1.8752,0.0000,0.00000,0.05063
5.62,13.88,1.9935,0.0000,0.00000,0.05250
5.88,13.88,2.2767,0.0000,0.00000,0.05762
6.12,13.88,1.9314,0.0000,0.00000,0.04725
6.38,13.88,1.9919,0.0000,0.00000,0.04617
6.62,13.88,2.2619,0.0000,0.00000,0.05140
6.88,13.88,2.3706,0.0001,0.00000,0.05312
7.12,13.88,2.6140,0.0001,0.00000,0.05787
7.38,13.88,1.9778,0.0001,0.00000,0.04367
2.62,14.12,0.0000,0.0000,0.00000,0.00000
2.88,14.12,0.0000,0.0000,0.00000,0.00000
3.12,14.12,0.0000,0.0000,0.00000,0.00000
3.38,14.12,0.0002,0.0000,0.00000,0.00001
3.62,14.12,0.0058,0.0000,0.00000,0.00017
3.88,14.12,0.0716,0.0000,0.00000,0.00202
4.12,14.12,0.3978,0.0000,0.00000,0.01110
4.38,14.12,1.0638,0.0000,0.00000,0.02942
4.62,14.12,1.5161,0.0000,0.00000,0.04252
4.88,14.12,1.5702,0.0000,0.00000,0.04642
5.12,14.12,1.8245,0.0000,0.00000,0.05593
5.38,14.12,1.9370,0.0000,0.00000,0.06004
5.62,14.12,2.0006,0.0000,0.00000,0.06131
5.88,14.12,2.2288,0.0000,0.00000,0.06644
6.12,14.12,1.8886,0.0000,0.00000,0.05530
6.38,14.12,1.9487,0.0000,0.00000,0.05421
6.62,14.12,2.3533,0.0001,0.00000,0.06345
6.88,14.12,2.4713,0.0003,0.00000,0.06512
7.12,14.12,2.6336,0.0005,0.00000,0.06821
7.38,14.12,1.9734,0.0004,0.00000,0.05092
2.62,14.38,0.0000,0.0000,0.00000,0.00000
2.88,14.38,0.0000,0.0000,0.00000,0.00000
3.12,14.38,0.0000,0.0000,0.00000,0.00000
3.38,14.38,0.0001,0.0000,0.00000,0.00000
3.62,14.38,0.0044,0.0000,0.00000,0.00013
3.88,14.38,0.0577,0.0000,0.00000,0.00174
4.12,14.38,0.3476,0.0000,0.00000,0.01040
4.38,14.38,1.0198,0.0000,0.00000,0.03028
4.62,14.38,1.5319,0.0000,0.00000,0.04635
4.88,14.38,1.5355,0.0000,0.00000,0.05015
5.12,14.38,1.7763,0.0000,0.00000,0.06219
5.38,14.38,1.9866,0.0000,0.00000,0.07096
5.62,14.38,1.9552,0.0000,0.00000,0.07053
5.88,14.38,2.1296,0.0000,0.00000,0.07695
6.12,14.38,1.9129,0.0000,0.00000,0.06901
6.38,14.38,1.9760,0.0000,0.00000,0.06761
6.62,14.38,2.4224,0.0001,0.00000,0.07941
6.88,14.38,2.5365,0.0005,0.00000,0.08138
7.12,14.38,2.6402,0.0008,0.00000,0.08363
7.38,14.38,1.9698,0.0007,0.00000,0.06239
2.62,14.62,0.0000,0.0000,0.00000,0.00000
2.88,14.62,0.0000,0.0000,0.00000,0.00000
3.12,14.62,0.0000,0.0000,0.00000,0.00000
3.38,14.62,0.0001,0.0000,0.00000,0.00000
3.62,14.62,0.0032,0.0000,0.00000,0.00011
3.88,14.62,0.0449,0.0000,0.00000,0.00148
4.12,14.62,0.2963,0.0000,0.00000,0.00960
4.38,14.62,0.9579,0.0000,0.00000,0.03070
4.62,14.62,1.5292,0.0000,0.00000,0.05000
4.88,14.62,1.5176,0.0000,0.00000,0.05418
5.12,14.62,1.7306,0.0000,0.00000,0.06766
5.38,14.62,2.0079,0.0000,0.00000,0.08078
5.62,14.62,1.8777,0.0000,0.00000,0.07943
5.88,14.62,2.0065,0.0000,0.00000,0.08952
6.12,14.62,1.9912,0.0000,0.00000,0.08996
6.38,14.62,2.0319,0.0000,0.00000,0.08726
6.62,14.62,2.4028,0.0001,0.00000,0.09781
6.88,14.62,2.4903,0.0003,0.00000,0.09845
7.12,14.62,2.5607,0.0005,0.00000,0.09971
7.38,14.62,1.9483,0.0004,0.00000,0.07685
2.62,14.88,0.0000,0.0000,0.00000,0.00000
2.88,14.88,0.0000,0.0000,0.00000,0.00000
3.12,14.88,0.0000,0.0000,0.00000,0.00000
3.38,14.88,0.0001,0.0000,0.00000,0.00000
3.62,14.88,0.0023,0.0000,0.00000,0.00009
3.88,14.88,0.0334,0.0000,0.00000,0.00126
4.12,14.88,0.2419,0.0000,0.00000,0.00878
4.38,14.88,0.8602,0.0000,0.00000,0.03054
4.62,14.88,1.4799,0.0000,0.00000,0.05334
4.88,14.88,1.5120,0.0000,0.00000,0.05929
5.12,14.88,1.6787,0.0000,0.00000,0.07270
5.38,14.88,1.9887,0.0000,0.00000,0.08953
5.62,14.88,1.8332,0.0000,0.00000,0.08937
5.88,14.88,1.9204,0.0000,0.00000,0.10350
6.12,14.88,2.0698,0.0000,0.00000,0.11555
6.38,14.88,2.0492,0.0000,0.00000,0.11207
6.62,14.88,2.2651,0.0000,0.00000,0.11818
6.88,14.88,2.2982,0.0001,0.00000,0.11418
7.12,14.88,2.3558,0.0001,0.00000,0.11253
7.38,14.88,1.9629,0.0001,0.00000,0.09574
2.62,15.12,0.0000,0.0000,0.00000,0.00000
2.88,15.12,0.0000,0.0000,0.00000,0.00000
3.12,15.12,0.0000,0.0000,0.00000,0.00000
3.38,15.12,0.0000,0.0000,0.00000,0.00000
3.62,15.12,0.0014,0.0000,0.00000,0.00006
3.88,15.12,0.0227,0.0000,0.00000,0.00096
4.12,15.12,0.1836,0.0000,0.00000,0.00746
4.38,15.12,0.7245,0.0000,0.00000,0.02882
4.62,15.12,1.3798,0.0000,0.00000,0.05573
4.88,15.12,1.5181,0.0000,0.00000,0.06584
5.12,15.12,1.6141,0.0000,0.00000,0.07727
5.38,15.12,1.9192,0.0000,0.00000,0.09676
5.62,15.12,1.8484,0.0000,0.00000,0.10160
5.88,15.12,1.8839,0.0000,0.00000,0.11703
6.12,15.12,2.0843,0.0000,0.00000,0.13782
6.38,15.12,2.0062,0.0000,0.00000,0.13709
6.62,15.12,2.0733,0.0000,0.00000,0.14103
6.88,15.12,2.0758,0.0000,0.00000,0.13426
7.12,15.12,2.1392,0.0000,0.00000,0.12666
7.38,15.12,2.0703,0.0000,0.00000,0.11883
7.62,15.12,1.4933,0.0000,0.00000,0.08618
2.62,15.38,0.0000,0.0000,0.00000,0.00000
2.88,15.38,0.0000,0.0000,0.00000,0.00000
3.12,15.38,0.0000,0.0000,0.00000,0.00000
3.38,15.38,0.0000,0.0000,0.00000,0.00000
3.62,15.38,0.0007,0.0000,0.00000,0.00003
3.88,15.38,0.0138,0.0000,0.00000,0.00062
4.12,15.38,0.1265,0.0000,0.00000,0.00558
4.38,15.38,0.5597,0.0000,0.00000,0.02464
4.62,15.38,1.2201,0.0000,0.00000,0.05496
4.88,15.38,1.5083,0.0000,0.00000,0.07219
5.12,15.38,1.5452,0.0000,0.00000,0.08130
5.38,15.38,1.8028,0.0000,0.00000,0.10146
5.62,15.38,1.8726,0.0000,0.00000,0.11498
5.88,15.38,1.8524,0.0000,0.00000,0.12937
6.12,15.38,2.0124,0.0000,0.00000,0.15377
6.38,15.38,1.9603,0.0000,0.00000,0.16322
6.62,15.38,1.9550,0.0000,0.00000,0.17054
6.88,15.38,1.9673,0.0000,0.00000,0.16438
7.12,15.38,1.9716,0.0000,0.00000,0.14335
7.38,15.38,2.1029,0.0000,0.00000,0.13461
7.62,15.38,1.7967,0.0000,0.00000,0.10873
7.88,15.38,1.1949,0.0000,0.00000,0.06837
2.62,15.62,0.0000,0.0000,0.00000,0.00000
2.88,15.62,0.0000,0.0000,0.00000,0.00000
3.12,15.62,0.0000,0.0000,0.00000,0.00000
3.38,15.62,0.0000,0.0000,0.00000,0.00000
3.62,15.62,0.0004,0.0000,0.00000,0.00002
3.88,15.62,0.0075,0.0000,0.00000,0.00036
4.12,15.62,0.0769,0.0000,0.00000,0.00368
4.38,15.62,0.3889,0.0000,0.00000,0.01888
4.62,15.62,1.0056,0.0000,0.00000,0.05030
4.88,15.62,1.4506,0.0000,0.00000,0.07692
5.12,15.62,1.4978,0.0000,0.00000,0.08696
5.38,15.62,1.6638,0.0000,0.00000,0.10403
5.62,15.62,1.8361,0.0000,0.00000,0.12493
5.88,15.62,1.8113,0.0000,0.00000,0.14084
6.12,15.62,1.9140,0.0000,0.00000,0.16709
6.38,15.62,1.9475,0.0000,0.00000,0.18914
6.62,15.62,1.9204,0.0000,0.00000,0.19995
6.88,15.62,1.9364,0.0000,0.00000,0.19445
7.12,15.62,1.8307,0.0000,0.00000,0.15973
7.38,15.62,1.8990,0.0000,0.00000,0.13516
7.62,15.62,1.9609,0.0000,0.00000,0.12145
7.88,15.62,1.7101,0.0000,0.00000,0.09547
8.12,15.62,1.3190,0.0000,0.00000,0.06483
8.38,15.62,0.8920,0.0000,0.00000,0.03740
8.62,15.62,0.5552,0.0000,0.00000,0.01879
8.88,15.62,0.3930,0.0000,0.00000,0.01000
9.12,15.62,0.3417,0.0000,0.00000,0.00673
9.38,15.62,0.3320,0.0000,0.00000,0.00555
9.62,15.62,0.3290,0.0000,0.00000,0.00490
9.88,15.62,0.3241,0.0000,0.00000,0.00425
10.12,15.62,0.3223,0.0000,0.00000,0.00366
10.38,15.62,0.3218,0.0000,0.00000,0.00310
10.62,15.62,0.3201,0.0000,0.00000,0.00260
10.88,15.62,0.3208,0.0000,0.00000,0.00229
11.12,15.62,0.3184,0.0000,0.00000,0.00207
11.38,15.62,0.3127,0.0000,0.00000,0.00188
11.62,15.62,0.3116,0.0000,0.00000,0.00173
11.88,15.62,0.3134,0.0000,0.00000,0.00158
12.12,15.62,0.3131,0.0000,0.00000,0.00146
12.38,15.62,0.3108,0.0000,0.00000,0.00136
12.62,15.62,0.3087,0.0000,0.00000,0.00129
12.88,15.62,0.3080,0.0000,0.00000,0.00120
13.12,15.62,0.3081,0.0000,0.00000,0.00114
13.38,15.62,0.3068,0.0000,0.00000,0.00108
13.62,15.62,0.3050,0.0000,0.00000,0.00102
13.88,15.62,0.3040,0.0000,0.00000,0.00098
14.12,15.62,0.3034,0.0000,0.00000,0.00095
14.38,15.62,0.3026,0.0000,0.00000,0.00093
14.62,15.62,0.3008,0.0000,0.00000,0.00090
14.88,15.62,0.3003,0.0000,0.00000,0.00087
15.12,15.62,0.2996,0.0000,0.00000,0.00084
15.38,15.62,0.2992,0.0000,0.00000,0.00082
15.62,15.62,0.2986,0.0000,0.00000,0.00082
15.88,15.62,0.2950,0.0000,0.00000,0.00080
16.12,15.62,0.2915,0.0000,0.00000,0.00079
16.38,15.62,0.2899,0.0000,0.00000,0.00081
16.62,15.62,0.2870,0.0000,0.00000,0.00085
16.88,15.62,0.2836,0.0000,0.00000,0.00089
2.62,15.88,0.0000,0.0000,0.00000,0.00000
2.88,15.88,0.0000,0.0000,0.00000,0.00000
3.12,15.88,0.0000,0.0000,0.00000,0.00000
3.38,15.88,0.0000,0.0000,0.00000,0.00000
3.62,15.88,0.0001,0.0000,0.00000,0.00001
3.88,15.88,0.0034,0.0000,0.00000,0.00017
4.12,15.88,0.0402,0.0000,0.00000,0.00207
4.38,15.88,0.2403,0.0000,0.00000,0.01270
4.62,15.88,0.7561,0.0000,0.00000,0.04150
4.88,15.88,1.3058,0.0000,0.00000,0.07641
5.12,15.88,1.4608,0.0000,0.00000,0.09344
5.38,15.88,1.5399,0.0000,0.00000,0.10592
5.62,15.88,1.7225,0.0000,0.00000,0.12799
5.88,15.88,1.7568,0.0000,0.00000,0.14847
6.12,15.88,1.8183,0.0000,0.00000,0.17296
6.38,15.88,1.8918,0.0000,0.00000,0.19702
6.62,15.88,1.8612,0.0000,0.00000,0.20864
6.88,15.88,1.8984,0.0000,0.00000,0.20911
7.12,15.88,1.8337,0.0000,0.00000,0.18114
7.38,15.88,1.6957,0.0000,0.00000,0.13899
7.62,15.88,1.7480,0.0000,0.00000,0.11507
7.88,15.88,1.8434,0.0000,0.00000,0.10208
8.12,15.88,1.7364,0.0000,0.00000,0.08270
8.38,15.88,1.4591,0.0000,0.00000,0.05831
8.62,15.88,1.2256,0.0000,0.00000,0.03890
8.88,15.88,1.1163,0.0000,0.00000,0.02725
9.12,15.88,1.0812,0.0000,0.00000,0.02105
9.38,15.88,1.0808,0.0000,0.00000,0.01807
9.62,15.88,1.0807,0.0000,0.00000,0.01612
9.88,15.88,1.0721,0.0000,0.00000,0.01404
10.12,15.88,1.0705,0.0000,0.00000,0.01215
10.38,15.88,1.0709,0.0000,0.00000,0.01033
10.62,15.88,1.0664,0.0000,0.00000,0.00868
10.88,15.88,1.0696,0.0000,0.00000,0.00764
11.12,15.88,1.0646,0.0000,0.00000,0.00695
11.38,15.88,1.0493,0.0000,0.00000,0.00635
11.62,15.88,1.0477,0.0000,0.00000,0.00583
11.88,15.88,1.0539,0.0000,0.00000,0.00535
12.12,15.88,1.0524,0.0000,0.00000,0.00492
12.38,15.88,1.0453,0.0000,0.00000,0.00461
12.62,15.88,1.0392,0.0000,0.00000,0.00437
12.88,15.88,1.0372,0.0000,0.00000,0.00407
13.12,15.88,1.0385,0.0000,0.00000,0.00384
13.38,15.88,1.0348,0.0000,0.00000,0.00366
13.62,15.88,1.0294,0.0000,0.00000,0.00345
13.88,15.88,1.0263,0.0000,0.00000,0.00332
14.12,15.88,1.0245,0.0000,0.00000,0.00323
14.38,15.88,1.0220,0.0000,0.00000,0.00314
14.62,15.88,1.0164,0.0000,0.00000,0.00304
14.88,15.88,1.0151,0.0000,0.00000,0.00295
15.12,15.88,1.0132,0.0000,0.00000,0.00285
15.38,15.88,1.0122,0.0000,0.00000,0.00279
15.62,15.88,1.0102,0.0000,0.00000,0.00277
15.88,15.88,0.9981,0.0000,0.00000,0.00272
16.12,15.88,0.9865,0.0000,0.00000,0.00268
16.38,15.88,0.9806,0.0000,0.00000,0.00275
16.62,15.88,0.9707,0.0000,0.00000,0.00288
16.88,15.88,0.9597,0.0000,0.00000,0.00300
2.62,16.12,0.0000,0.0000,0.00000,0.00000
2.88,16.12,0.0000,0.0000,0.00000,0.00000
3.12,16.12,0.0000,0.0000,0.00000,0.00000
3.38,16.12,0.0000,0.0000,0.00000,0.00000
3.62,16.12,0.0000,0.0000,0.00000,0.00000
3.88,16.12,0.0012,0.0000,0.00000,0.00006
4.12,16.12,0.0173,0.0000,0.00000,0.00094
4.38,16.12,0.1264,0.0000,0.00000,0.00715
4.62,16.12,0.4906,0.0000,0.00000,0.02925
4.88,16.12,1.0420,0.0000,0.00000,0.06654
5.12,16.12,1.3662,0.0000,0.00000,0.09462
5.38,16.12,1.4468,0.0000,0.00000,0.10772
5.62,16.12,1.5771,0.0000,0.00000,0.12609
5.88,16.12,1.6706,0.0000,0.00000,0.14807
6.12,16.12,1.7164,0.0000,0.00000,0.16729
6.38,16.12,1.7850,0.0000,0.00000,0.18525
6.62,16.12,1.7682,0.0000,0.00000,0.19548
6.88,16.12,1.7934,0.0000,0.00000,0.20045
7.12,16.12,1.8710,0.0000,0.00000,0.19345
7.38,16.12,1.7761,0.0000,0.00000,0.16132
7.62,16.12,1.6110,0.0000,0.00000,0.12070
7.88,16.12,1.5557,0.0000,0.00000,0.09227
8.12,16.12,1.5503,0.0000,0.00000,0.07424
8.38,16.12,1.5855,0.0000,0.00000,0.06140
8.62,16.12,1.6658,0.0000,0.00000,0.05121
8.88,16.12,1.7157,0.0000,0.00000,0.04153
9.12,16.12,1.7249,0.0000,0.00000,0.03371
9.38,16.12,1.7362,0.0000,0.00000,0.02913
9.62,16.12,1.7386,0.0000,0.00000,0.02593
9.88,16.12,1.7277,0.0000,0.00000,0.02258
10.12,16.12,1.7261,0.0000,0.00000,0.01958
10.38,16.12,1.7265,0.0000,0.00000,0.01671
10.62,16.12,1.7202,0.0000,0.00000,0.01411
10.88,16.12,1.7257,0.0000,0.00000,0.01244
11.12,16.12,1.7197,0.0000,0.00000,0.01133
11.38,16.12,1.6987,0.0000,0.00000,0.01040
11.62,16.12,1.6976,0.0000,0.00000,0.00958
11.88,16.12,1.7077,0.0000,0.00000,0.00881
12.12,16.12,1.7063,0.0000,0.00000,0.00812
12.38,16.12,1.6966,0.0000,0.00000,0.00760
12.62,16.12,1.6881,0.0000,0.00000,0.00719
12.88,16.12,1.6856,0.0000,0.00000,0.00671
13.12,16.12,1.6889,0.0000,0.00000,0.00632
13.38,16.12,1.6852,0.0000,0.00000,0.00602
13.62,16.12,1.6773,0.0000,0.00000,0.00568
13.88,16.12,1.6731,0.0000,0.00000,0.00545
14.12,16.12,1.6710,0.0000,0.00000,0.00531
14.38,16.12,1.6677,0.0000,0.00000,0.00516
14.62,16.12,1.6607,0.0000,0.00000,0.00502
14.88,16.12,1.6602,0.0000,0.00000,0.00487
15.12,16.12,1.6582,0.0000,0.00000,0.00470
15.38,16.12,1.6579,0.0000,0.00000,0.00459
15.62,16.12,1.6543,0.0000,0.00000,0.00455
15.88,16.12,1.6350,0.0000,0.00000,0.00446
16.12,16.12,1.6164,0.0000,0.00000,0.00441
16.38,16.12,1.6051,0.0000,0.00000,0.00452
16.62,16.12,1.5885,0.0000,0.00000,0.00474
16.88,16.12,1.5717,0.0000,0.00000,0.00493
2.62,16.38,0.0000,0.0000,0.00000,0.00000
2.88,16.38,0.0000,0.0000,0.00000,0.00000
3.12,16.38,0.0000,0.0000,0.00000,0.00000
3.38,16.38,0.0000,0.0000,0.00000,0.00000
3.62,16.38,0.0000,0.0000,0.00000,0.00000
3.88,16.38,0.0003,0.0000,0.00000,0.00002
4.12,16.38,0.0060,0.0000,0.00000,0.00034
4.38,16.38,0.0546,0.0000,0.00000,0.00328
4.62,16.38,0.2640,0.0000,0.00000,0.01686
4.88,16.38,0.7104,0.0000,0.00000,0.04835
5.12,16.38,1.1556,0.0000,0.00000,0.08432
5.38,16.38,1.3516,0.0000,0.00000,0.10615
5.62,16.38,1.4560,0.0000,0.00000,0.12228
5.88,16.38,1.5533,0.0000,0.00000,0.13983
6.12,16.38,1.6040,0.0000,0.00000,0.15451
6.38,16.38,1.6822,0.0000,0.00000,0.16876
6.62,16.38,1.7091,0.0000,0.00000,0.17734
6.88,16.38,1.6666,0.0000,0.00000,0.17740
7.12,16.38,1.7220,0.0000,0.00000,0.17730
7.38,16.38,1.8157,0.0000,0.00000,0.17012
7.62,16.38,1.7709,0.0000,0.00000,0.14313
7.88,16.38,1.6035,0.0000,0.00000,0.10623
8.12,16.38,1.4467,0.0000,0.00000,0.07665
8.38,16.38,1.3987,0.0000,0.00000,0.05854
8.62,16.38,1.4172,0.0000,0.00000,0.04685
8.88,16.38,1.4091,0.0000,0.00000,0.03697
9.12,16.38,1.3738,0.0000,0.00000,0.02889
9.38,16.38,1.3507,0.0000,0.00000,0.02376
9.62,16.38,1.3336,0.0000,0.00000,0.02041
9.88,16.38,1.3151,0.0000,0.00000,0.01751
10.12,16.38,1.3047,0.0000,0.00000,0.01508
10.38,16.38,1.2986,0.0000,0.00000,0.01297
10.62,16.38,1.2914,0.0000,0.00000,0.01115
10.88,16.38,1.2923,0.0000,0.00000,0.00990
11.12,16.38,1.2866,0.0000,0.00000,0.00901
11.38,16.38,1.2730,0.0000,0.00000,0.00827
11.62,16.38,1.2704,0.0000,0.00000,0.00761
11.88,16.38,1.2747,0.0000,0.00000,0.00704
12.12,16.38,1.2741,0.0000,0.00000,0.00651
12.38,16.38,1.2689,0.0000,0.00000,0.00607
12.62,16.38,1.2628,0.0000,0.00000,0.00571
12.88,16.38,1.2597,0.0000,0.00000,0.00533
13.12,16.38,1.2609,0.0000,0.00000,0.00500
13.38,16.38,1.2593,0.0000,0.00000,0.00472
13.62,16.38,1.2532,0.0000,0.00000,0.00443
13.88,16.38,1.2490,0.0000,0.00000,0.00424
14.12,16.38,1.2470,0.0000,0.00000,0.00412
14.38,16.38,1.2448,0.0000,0.00000,0.00400
14.62,16.38,1.2408,0.0000,0.00000,0.00389
14.88,16.38,1.2393,0.0000,0.00000,0.00376
15.12,16.38,1.2372,0.0000,0.00000,0.00361
15.38,16.38,1.2375,0.0000,0.00000,0.00350
15.62,16.38,1.2330,0.0000,0.00000,0.00343
15.88,16.38,1.2180,0.0000,0.00000,0.00335
16.12,16.38,1.2027,0.0000,0.00000,0.00332
16.38,16.38,1.1903,0.0000,0.00000,0.00339
16.62,16.38,1.1749,0.0000,0.00000,0.00353
16.88,16.38,1.1610,0.0000,0.00000,0.00367
2.62,16.62,0.0000,0.0000,0.00000,0.00000
2.88,16.62,0.0000,0.0000,0.00000,0.00000
3.12,16.62,0.0000,0.0000,0.00000,0.00000
3.38,16.62,0.0000,0.0000,0.00000,0.00000
3.62,16.62,0.0000,0.0000,0.00000,0.00000
3.88,16.62,0.0001,0.0000,0.00000,0.00000
4.12,16.62,0.0017,0.0000,0.00000,0.00010
4.38,16.62,0.0190,0.0000,0.00000,0.00118
4.62,16.62,0.1157,0.0000,0.00000,0.00770
4.88,16.62,0.4020,0.0000,0.00000,0.02842
5.12,16.62,0.8370,0.0000,0.00000,0.06326
5.38,16.62,1.1762,0.0000,0.00000,0.09563
5.62,16.62,1.3482,0.0000,0.00000,0.11613
5.88,16.62,1.4409,0.0000,0.00000,0.12907
6.12,16.62,1.4817,0.0000,0.00000,0.13855
6.38,16.62,1.5513,0.0000,0.00000,0.14968
6.62,16.62,1.6457,0.0000,0.00000,0.16014
6.88,16.62,1.6318,0.0000,0.00000,0.15909
7.12,16.62,1.5683,0.0000,0.00000,0.15179
7.38,16.62,1.6022,0.0000,0.00000,0.14724
7.62,16.62,1.7007,0.0000,0.00000,0.13839
7.88,16.62,1.7351,0.0000,0.00000,0.11962
8.12,16.62,1.6799,0.0000,0.00000,0.09610
8.38,16.62,1.5848,0.0000,0.00000,0.07421
8.62,16.62,1.4750,0.0000,0.00000,0.05659
8.88,16.62,1.3682,0.0000,0.00000,0.04316
9.12,16.62,1.2771,0.0000,0.00000,0.03271
9.38,16.62,1.2029,0.0000,0.00000,0.02518
9.62,16.62,1.1509,0.0000,0.00000,0.02035
9.88,16.62,1.1130,0.0000,0.00000,0.01690
10.12,16.62,1.0827,0.0000,0.00000,0.01418
10.38,16.62,1.0615,0.0000,0.00000,0.01227
10.62,16.62,1.0460,0.0000,0.00000,0.01083
10.88,16.62,1.0368,0.0000,0.00000,0.00966
11.12,16.62,1.0275,0.0000,0.00000,0.00871
11.38,16.62,1.0123,0.0000,0.00000,0.00782
11.62,16.62,0.9991,0.0000,0.00000,0.00706
11.88,16.62,0.9901,0.0000,0.00000,0.00655
12.12,16.62,0.9846,0.0000,0.00000,0.00609
12.38,16.62,0.9797,0.0000,0.00000,0.00559
12.62,16.62,0.9705,0.0000,0.00000,0.00515
12.88,16.62,0.9592,0.0000,0.00000,0.00476
13.12,16.62,0.9502,0.0000,0.00000,0.00442
13.38,16.62,0.9451,0.0000,0.00000,0.00410
13.62,16.62,0.9385,0.0000,0.00000,0.00380
13.88,16.62,0.9275,0.0000,0.00000,0.00357
14.12,16.62,0.9187,0.0000,0.00000,0.00338
14.38,16.62,0.9160,0.0000,0.00000,0.00324
14.62,16.62,0.9104,0.0000,0.00000,0.00313
14.88,16.62,0.8987,0.0000,0.00000,0.00298
15.12,16.62,0.8880,0.0000,0.00000,0.00282
15.38,16.62,0.8812,0.0000,0.00000,0.00268
15.62,16.62,0.8734,0.0000,0.00000,0.00255
15.88,16.62,0.8591,0.0000,0.00000,0.00246
16.12,16.62,0.8415,0.0000,0.00000,0.00239
16.38,16.62,0.8270,0.0000,0.00000,0.00239
16.62,16.62,0.8089,0.0000,0.00000,0.00246
16.88,16.62,0.7876,0.0000,0.00000,0.00250
2.62,16.88,0.0000,0.0000,0.00000,0.00000
2.88,16.88,0.0000,0.0000,0.00000,0.00000
3.12,16.88,0.0000,0.0000,0.00000,0.00000
3.38,16.88,0.0000,0.0000,0.00000,0.00000
3.62,16.88,0.0000,0.0000,0.00000,0.00000
3.88,16.88,0.0000,0.0000,0.00000,0.00000
4.12,16.88,0.0004,0.0000,0.00000,0.00002
4.38,16.88,0.0052,0.0000,0.00000,0.00032
4.62,16.88,0.0405,0.0000,0.00000,0.00275
4.88,16.88,0.1838,0.0000,0.00000,0.01334
5.12,16.88,0.4990,0.0000,0.00000,0.03888
5.38,16.88,0.8834,0.0000,0.00000,0.07357
5.62,16.88,1.1694,0.0000,0.00000,0.10142
5.88,16.88,1.3278,0.0000,0.00000,0.11662
6.12,16.88,1.3816,0.0000,0.00000,0.12329
6.38,16.88,1.4029,0.0000,0.00000,0.12798
6.62,16.88,1.4852,0.0000,0.00000,0.13628
6.88,16.88,1.5796,0.0000,0.00000,0.14227
7.12,16.88,1.5815,0.0000,0.00000,0.13898
7.38,16.88,1.5117,0.0000,0.00000,0.12781
7.62,16.88,1.4662,0.0000,0.00000,0.11386
7.88,16.88,1.4815,0.0000,0.00000,0.10102
8.12,16.88,1.5549,0.0000,0.00000,0.08993
8.38,16.88,1.6406,0.0000,0.00000,0.07898
8.62,16.88,1.6723,0.0000,0.00000,0.06714
8.88,16.88,1.6701,0.0000,0.00000,0.05597
9.12,16.88,1.6518,0.0000,0.00000,0.04570
9.38,16.88,1.6071,0.0000,0.00000,0.03697
9.62,16.88,1.5691,0.0000,0.00000,0.03071
9.88,16.88,1.5385,0.0000,0.00000,0.02585
10.12,16.88,1.5038,0.0000,0.00000,0.02171
10.38,16.88,1.4791,0.0000,0.00000,0.01883
10.62,16.88,1.4625,0.0000,0.00000,0.01665
10.88,16.88,1.4494,0.0000,0.00000,0.01476
11.12,16.88,1.4385,0.0000,0.00000,0.01323
11.38,16.88,1.4165,0.0000,0.00000,0.01173
11.62,16.88,1.3939,0.0000,0.00000,0.01048
11.88,16.88,1.3786,0.0000,0.00000,0.00968
12.12,16.88,1.3702,0.0000,0.00000,0.00902
12.38,16.88,1.3614,0.0000,0.00000,0.00827
12.62,16.88,1.3484,0.0000,0.00000,0.00755
12.88,16.88,1.3310,0.0000,0.00000,0.00692
13.12,16.88,1.3186,0.0000,0.00000,0.00643
13.38,16.88,1.3125,0.0000,0.00000,0.00598
13.62,16.88,1.3050,0.0000,0.00000,0.00558
13.88,16.88,1.2890,0.0000,0.00000,0.00524
14.12,16.88,1.2748,0.0000,0.00000,0.00487
14.38,16.88,1.2752,0.0000,0.00000,0.00463
14.62,16.88,1.2749,0.0000,0.00000,0.00451
14.88,16.88,1.2593,0.0000,0.00000,0.00431
15.12,16.88,1.2424,0.0000,0.00000,0.00408
15.38,16.88,1.2297,0.0000,0.00000,0.00385
15.62,16.88,1.2209,0.0000,0.00000,0.00367
15.88,16.88,1.2065,0.0000,0.00000,0.00352
16.12,16.88,1.1857,0.0000,0.00000,0.00340
16.38,16.88,1.1715,0.0000,0.00000,0.00340
16.62,16.88,1.1499,0.0000,0.00000,0.00349
16.88,16.88,1.1177,0.0000,0.00000,0.00352
2.62,17.12,0.0000,0.0000,0.00000,0.00000
2.88,17.12,0.0000,0.0000,0.00000,0.00000
3.12,17.12,0.0000,0.0000,0.00000,0.00000
3.38,17.12,0.0000,0.0000,0.00000,0.00000
3.62,17.12,0.0000,0.0000,0.00000,0.00000
3.88,17.12,0.0000,0.0000,0.00000,0.00000
4.12,17.12,0.0001,0.0000,0.00000,0.00000
4.38,17.12,0.0011,0.0000,0.00000,0.00007
4.62,17.12,0.0112,0.0000,0.00000,0.00077
4.88,17.12,0.0661,0.0000,0.00000,0.00491
5.12,17.12,0.2353,0.0000,0.00000,0.01865
5.38,17.12,0.5341,0.0000,0.00000,0.04449
5.62,17.12,0.8656,0.0000,0.00000,0.07357
5.88,17.12,1.1337,0.0000,0.00000,0.09623
6.12,17.12,1.2892,0.0000,0.00000,0.10937
6.38,17.12,1.3238,0.0000,0.00000,0.11245
6.62,17.12,1.3227,0.0000,0.00000,0.11276
6.88,17.12,1.3933,0.0000,0.00000,0.11778
7.12,17.12,1.5082,0.0000,0.00000,0.12366
7.38,17.12,1.5569,0.0000,0.00000,0.12055
7.62,17.12,1.4999,0.0000,0.00000,0.10622
7.88,17.12,1.3961,0.0000,0.00000,0.08796
8.12,17.12,1.3325,0.0000,0.00000,0.07317
8.38,17.12,1.3373,0.0000,0.00000,0.06273
8.62,17.12,1.3631,0.0000,0.00000,0.05432
8.88,17.12,1.4010,0.0000,0.00000,0.04737
9.12,17.12,1.4422,0.0000,0.00000,0.04106
9.38,17.12,1.4593,0.0000,0.00000,0.03521
9.62,17.12,1.4733,0.0000,0.00000,0.03038
9.88,17.12,1.4826,0.0000,0.00000,0.02615
10.12,17.12,1.4757,0.0000,0.00000,0.02235
10.38,17.12,1.4749,0.0000,0.00000,0.01956
10.62,17.12,1.4768,0.0000,0.00000,0.01729
10.88,17.12,1.4719,0.0000,0.00000,0.01528
11.12,17.12,1.4700,0.0000,0.00000,0.01375
11.38,17.12,1.4597,0.0000,0.00000,0.01225
11.62,17.12,1.4458,0.0000,0.00000,0.01094
11.88,17.12,1.4412,0.0000,0.00000,0.01007
12.12,17.12,1.4397,0.0000,0.00000,0.00941
12.38,17.12,1.4312,0.0000,0.00000,0.00866
12.62,17.12,1.4245,0.0000,0.00000,0.00792
12.88,17.12,1.4172,0.0000,0.00000,0.00726
13.12,17.12,1.4172,0.0000,0.00000,0.00677
13.38,17.12,1.4131,0.0000,0.00000,0.00636
13.62,17.12,1.4036,0.0000,0.00000,0.00600
13.88,17.12,1.3957,0.0000,0.00000,0.00570
14.12,17.12,1.3888,0.0000,0.00000,0.00530
14.38,17.12,1.3927,0.0000,0.00000,0.00502
14.62,17.12,1.4020,0.0000,0.00000,0.00492
14.88,17.12,1.3990,0.0000,0.00000,0.00478
15.12,17.12,1.3912,0.0000,0.00000,0.00455
15.38,17.12,1.3822,0.0000,0.00000,0.00431
15.62,17.12,1.3777,0.0000,0.00000,0.00415
15.88,17.12,1.3732,0.0000,0.00000,0.00404
16.12,17.12,1.3637,0.0000,0.00000,0.00393
16.38,17.12,1.3563,0.0000,0.00000,0.00397
16.62,17.12,1.3400,0.0000,0.00000,0.00411
16.88,17.12,1.3156,0.0000,0.00000,0.00413
2.62,17.38,0.0000,0.0000,0.00000,0.00000
2.88,17.38,0.0000,0.0000,0.00000,0.00000
3.12,17.38,0.0000,0.0000,0.00000,0.00000
3.38,17.38,0.0000,0.0000,0.00000,0.00000
3.62,17.38,0.0000,0.0000,0.00000,0.00000
3.88,17.38,0.0000,0.0000,0.00000,0.00000
4.12,17.38,0.0000,0.0000,0.00000,0.00000
4.38,17.38,0.0002,0.0000,0.00000,0.00001
4.62,17.38,0.0023,0.0000,0.00000,0.00016
4.88,17.38,0.0178,0.0000,0.00000,0.00134
5.12,17.38,0.0829,0.0000,0.00000,0.00651
5.38,17.38,0.2439,0.0000,0.00000,0.01970
5.62,17.38,0.5028,0.0000,0.00000,0.04099
5.88,17.38,0.8043,0.0000,0.00000,0.06589
6.12,17.38,1.0747,0.0000,0.00000,0.08799
6.38,17.38,1.2422,0.0000,0.00000,0.09942
6.62,17.38,1.2789,0.0000,0.00000,0.09949
6.88,17.38,1.2613,0.0000,0.00000,0.09702
7.12,17.38,1.2945,0.0000,0.00000,0.09879
7.38,17.38,1.3983,0.0000,0.00000,0.10206
7.62,17.38,1.4989,0.0000,0.00000,0.09954
7.88,17.38,1.5167,0.0000,0.00000,0.08829
8.12,17.38,1.4447,0.0000,0.00000,0.07293
8.38,17.38,1.3526,0.0000,0.00000,0.05871
8.62,17.38,1.2744,0.0000,0.00000,0.04767
8.88,17.38,1.2094,0.0000,0.00000,0.03919
9.12,17.38,1.1665,0.0000,0.00000,0.03262
9.38,17.38,1.1336,0.0000,0.00000,0.02729
9.62,17.38,1.1135,0.0000,0.00000,0.02279
9.88,17.38,1.1072,0.0000,0.00000,0.01930
10.12,17.38,1.1003,0.0000,0.00000,0.01659
10.38,17.38,1.1010,0.0000,0.00000,0.01449
10.62,17.38,1.1049,0.0000,0.00000,0.01267
10.88,17.38,1.1011,0.0000,0.00000,0.01117
11.12,17.38,1.1057,0.0000,0.00000,0.01017
11.38,17.38,1.1083,0.0000,0.00000,0.00922
11.62,17.38,1.1029,0.0000,0.00000,0.00824
11.88,17.38,1.1089,0.0000,0.00000,0.00753
12.12,17.38,1.1142,0.0000,0.00000,0.00701
12.38,17.38,1.1109,0.0000,0.00000,0.00649
12.62,17.38,1.1140,0.0000,0.00000,0.00600
12.88,17.38,1.1167,0.0000,0.00000,0.00553
13.12,17.38,1.1232,0.0000,0.00000,0.00518
13.38,17.38,1.1193,0.0000,0.00000,0.00488
13.62,17.38,1.1074,0.0000,0.00000,0.00463
13.88,17.38,1.1068,0.0000,0.00000,0.00445
14.12,17.38,1.1079,0.0000,0.00000,0.00418
14.38,17.38,1.1058,0.0000,0.00000,0.00394
14.62,17.38,1.1108,0.0000,0.00000,0.00385
14.88,17.38,1.1170,0.0000,0.00000,0.00379
15.12,17.38,1.1156,0.0000,0.00000,0.00362
15.38,17.38,1.1050,0.0000,0.00000,0.00343
15.62,17.38,1.0969,0.0000,0.00000,0.00331
15.88,17.38,1.0969,0.0000,0.00000,0.00323
16.12,17.38,1.0935,0.0000,0.00000,0.00316
16.38,17.38,1.0806,0.0000,0.00000,0.00319
16.62,17.38,1.0648,0.0000,0.00000,0.00329
16.88,17.38,1.0547,0.0000,0.00000,0.00332
2.62,17.62,0.0000,0.0000,0.00000,0.00000
2.88,17.62,0.0000,0.0000,0.00000,0.00000
3.12,17.62,0.0000,0.0000,0.00000,0.00000
3.38,17.62,0.0000,0.0000,0.00000,0.00000
3.62,17.62,0.0000,0.0000,0.00000,0.00000
3.88,17.62,0.0000,0.0000,0.00000,0.00000
4.12,17.62,0.0000,0.0000,0.00000,0.00000
4.38,17.62,0.0000,0.0000,0.00000,0.00000
4.62,17.62,0.0003,0.0000,0.00000,0.00002
4.88,17.62,0.0034,0.0000,0.00000,0.00025
5.12,17.62,0.0208,0.0000,0.00000,0.00156
5.38,17.62,0.0810,0.0000,0.00000,0.00618
5.62,17.62,0.2174,0.0000,0.00000,0.01690
5.88,17.62,0.4329,0.0000,0.00000,0.03423
6.12,17.62,0.7002,0.0000,0.00000,0.05539
6.38,17.62,0.9780,0.0000,0.00000,0.07489
6.62,17.62,1.1802,0.0000,0.00000,0.08541
6.88,17.62,1.2436,0.0000,0.00000,0.08555
7.12,17.62,1.2164,0.0000,0.00000,0.08160
7.38,17.62,1.2058,0.0000,0.00000,0.07885
7.62,17.62,1.2570,0.0000,0.00000,0.07713
7.88,17.62,1.3497,0.0000,0.00000,0.07410
8.12,17.62,1.4278,0.0000,0.00000,0.06864
8.38,17.62,1.4764,0.0000,0.00000,0.06122
8.62,17.62,1.4823,0.0000,0.00000,0.05307
8.88,17.62,1.4307,0.0000,0.00000,0.04419
9.12,17.62,1.3631,0.0000,0.00000,0.03610
9.38,17.62,1.2989,0.0000,0.00000,0.02943
9.62,17.62,1.2379,0.0000,0.00000,0.02364
9.88,17.62,1.1925,0.0000,0.00000,0.01925
10.12,17.62,1.1531,0.0000,0.00000,0.01610
10.38,17.62,1.1235,0.0000,0.00000,0.01363
10.62,17.62,1.1076,0.0000,0.00000,0.01162
10.88,17.62,1.0872,0.0000,0.00000,0.01010
11.12,17.62,1.0742,0.0000,0.00000,0.00915
11.38,17.62,1.0665,0.0000,0.00000,0.00829
11.62,17.62,1.0514,0.0000,0.00000,0.00735
11.88,17.62,1.0494,0.0000,0.00000,0.00665
12.12,17.62,1.0492,0.0000,0.00000,0.00612
12.38,17.62,1.0429,0.0000,0.00000,0.00564
12.62,17.62,1.0457,0.0000,0.00000,0.00526
12.88,17.62,1.0438,0.0000,0.00000,0.00487
13.12,17.62,1.0423,0.0000,0.00000,0.00458
13.38,17.62,1.0402,0.0000,0.00000,0.00434
13.62,17.62,1.0283,0.0000,0.00000,0.00408
13.88,17.62,1.0267,0.0000,0.00000,0.00389
14.12,17.62,1.0289,0.0000,0.00000,0.00371
14.38,17.62,1.0206,0.0000,0.00000,0.00350
14.62,17.62,1.0187,0.0000,0.00000,0.00339
14.88,17.62,1.0217,0.0000,0.00000,0.00334
15.12,17.62,1.0163,0.0000,0.00000,0.00320
15.38,17.62,1.0041,0.0000,0.00000,0.00304
15.62,17.62,0.9914,0.0000,0.00000,0.00293
15.88,17.62,0.9912,0.0000,0.00000,0.00286
16.12,17.62,0.9871,0.0000,0.00000,0.00279
16.38,17.62,0.9667,0.0000,0.00000,0.00280
16.62,17.62,0.9501,0.0000,0.00000,0.00289
16.88,17.62,0.9437,0.0000,0.00000,0.00293
2.62,17.88,0.0000,0.0000,0.00000,0.00000
2.88,17.88,0.0000,0.0000,0.00000,0.00000
3.12,17.88,0.0000,0.0000,0.00000,0.00000
3.38,17.88,0.0000,0.0000,0.00000,0.00000
3.62,17.88,0.0000,0.0000,0.00000,0.00000
3.88,17.88,0.0000,0.0000,0.00000,0.00000
4.12,17.88,0.0000,0.0000,0.00000,0.00000
4.38,17.88,0.0000,0.0000,0.00000,0.00000
4.62,17.88,0.0000,0.0000,0.00000,0.00000
4.88,17.88,0.0005,0.0000,0.00000,0.00003
5.12,17.88,0.0037,0.0000,0.00000,0.00025
5.38,17.88,0.0191,0.0000,0.00000,0.00136
5.62,17.88,0.0669,0.0000,0.00000,0.00495
5.88,17.88,0.1662,0.0000,0.00000,0.01250
6.12,17.88,0.3307,0.0000,0.00000,0.02490
6.38,17.88,0.5663,0.0000,0.00000,0.04160
6.62,17.88,0.8344,0.0000,0.00000,0.05730
6.88,17.88,1.0576,0.0000,0.00000,0.06694
7.12,17.88,1.1752,0.0000,0.00000,0.06965
7.38,17.88,1.1899,0.0000,0.00000,0.06657
7.62,17.88,1.1509,0.0000,0.00000,0.06075
7.88,17.88,1.1359,0.0000,0.00000,0.05599
8.12,17.88,1.1663,0.0000,0.00000,0.05259
8.38,17.88,1.2393,0.0000,0.00000,0.04959
8.62,17.88,1.3166,0.0000,0.00000,0.04624
8.88,17.88,1.3645,0.0000,0.00000,0.04155
9.12,17.88,1.3991,0.0000,0.00000,0.03646
9.38,17.88,1.4266,0.0000,0.00000,0.03170
9.62,17.88,1.4359,0.0000,0.00000,0.02703
9.88,17.88,1.4318,0.0000,0.00000,0.02279
10.12,17.88,1.4105,0.0000,0.00000,0.01927
10.38,17.88,1.3904,0.0000,0.00000,0.01637
10.62,17.88,1.3855,0.0000,0.00000,0.01402
10.88,17.88,1.3707,0.0000,0.00000,0.01221
11.12,17.88,1.3492,0.0000,0.00000,0.01096
11.38,17.88,1.3327,0.0000,0.00000,0.00980
11.62,17.88,1.3135,0.0000,0.00000,0.00862
11.88,17.88,1.3008,0.0000,0.00000,0.00777
12.12,17.88,1.2889,0.0000,0.00000,0.00712
12.38,17.88,1.2724,0.0000,0.00000,0.00650
12.62,17.88,1.2675,0.0000,0.00000,0.00605
12.88,17.88,1.2560,0.0000,0.00000,0.00565
13.12,17.88,1.2410,0.0000,0.00000,0.00528
13.38,17.88,1.2371,0.0000,0.00000,0.00500
13.62,17.88,1.2254,0.0000,0.00000,0.00467
13.88,17.88,1.2167,0.0000,0.00000,0.00437
14.12,17.88,1.2132,0.0000,0.00000,0.00416
14.38,17.88,1.2036,0.0000,0.00000,0.00396
14.62,17.88,1.2006,0.0000,0.00000,0.00381
14.88,17.88,1.1961,0.0000,0.00000,0.00371
15.12,17.88,1.1836,0.0000,0.00000,0.00357
15.38,17.88,1.1740,0.0000,0.00000,0.00347
15.62,17.88,1.1648,0.0000,0.00000,0.00338
15.88,17.88,1.1676,0.0000,0.00000,0.00329
16.12,17.88,1.1656,0.0000,0.00000,0.00322
16.38,17.88,1.1468,0.0000,0.00000,0.00324
16.62,17.88,1.1323,0.0000,0.00000,0.00334
16.88,17.88,1.1233,0.0000,0.00000,0.00339
2.62,18.12,0.0000,0.0000,0.00000,0.00000
2.88,18.12,0.0000,0.0000,0.00000,0.00000
3.12,18.12,0.0000,0.0000,0.00000,0.00000
3.38,18.12,0.0000,0.0000,0.00000,0.00000
3.62,18.12,0.0000,0.0000,0.00000,0.00000
3.88,18.12,0.0000,0.0000,0.00000,0.00000
4.12,18.12,0.0000,0.0000,0.00000,0.00000
4.38,18.12,0.0000,0.0000,0.00000,0.00000
4.62,18.12,0.0000,0.0000,0.00000,0.00000
4.88,18.12,0.0000,0.0000,0.00000,0.00000
5.12,18.12,0.0004,0.0000,0.00000,0.00003
5.38,18.12,0.0030,0.0000,0.00000,0.00020
5.62,18.12,0.0137,0.0000,0.00000,0.00096
5.88,18.12,0.0437,0.0000,0.00000,0.00305
6.12,18.12,0.1094,0.0000,0.00000,0.00774
6.38,18.12,0.2280,0.0000,0.00000,0.01589
6.62,18.12,0.4086,0.0000,0.00000,0.02642
6.88,18.12,0.6390,0.0000,0.00000,0.03781
7.12,18.12,0.8724,0.0000,0.00000,0.04783
7.38,18.12,1.0482,0.0000,0.00000,0.05309
7.62,18.12,1.1287,0.0000,0.00000,0.05265
7.88,18.12,1.1334,0.0000,0.00000,0.04863
8.12,18.12,1.0993,0.0000,0.00000,0.04326
8.38,18.12,1.0766,0.0000,0.00000,0.03849
8.62,18.12,1.0659,0.0000,0.00000,0.03438
8.88,18.12,1.0660,0.0000,0.00000,0.03066
9.12,18.12,1.0920,0.0000,0.00000,0.02753
9.38,18.12,1.1349,0.0000,0.00000,0.02487
9.62,18.12,1.1795,0.0000,0.00000,0.02236
9.88,18.12,1.2117,0.0000,0.00000,0.01968
10.12,18.12,1.2255,0.0000,0.00000,0.01714
10.38,18.12,1.2429,0.0000,0.00000,0.01492
10.62,18.12,1.2687,0.0000,0.00000,0.01302
10.88,18.12,1.2841,0.0000,0.00000,0.01156
11.12,18.12,1.2860,0.0000,0.00000,0.01047
11.38,18.12,1.2842,0.0000,0.00000,0.00935
11.62,18.12,1.2879,0.0000,0.00000,0.00829
11.88,18.12,1.2892,0.0000,0.00000,0.00754
12.12,18.12,1.2792,0.0000,0.00000,0.00692
12.38,18.12,1.2743,0.0000,0.00000,0.00637
12.62,18.12,1.2817,0.0000,0.00000,0.00603
12.88,18.12,1.2774,0.0000,0.00000,0.00569
13.12,18.12,1.2638,0.0000,0.00000,0.00529
13.38,18.12,1.2593,0.0000,0.00000,0.00499
13.62,18.12,1.2564,0.0000,0.00000,0.00472
13.88,18.12,1.2507,0.0000,0.00000,0.00444
14.12,18.12,1.2441,0.0000,0.00000,0.00420
14.38,18.12,1.2410,0.0000,0.00000,0.00402
14.62,18.12,1.2463,0.0000,0.00000,0.00389
14.88,18.12,1.2426,0.0000,0.00000,0.00379
15.12,18.12,1.2265,0.0000,0.00000,0.00367
15.38,18.12,1.2183,0.0000,0.00000,0.00361
15.62,18.12,1.2183,0.0000,0.00000,0.00355
15.88,18.12,1.2234,0.0000,0.00000,0.00343
16.12,18.12,1.2196,0.0000,0.00000,0.00334
16.38,18.12,1.2036,0.0000,0.00000,0.00336
16.62,18.12,1.1923,0.0000,0.00000,0.00346
16.88,18.12,1.1854,0.0000,0.00000,0.00352
2.62,18.38,0.0000,0.0000,0.00000,0.00000
2.88,18.38,0.0000,0.0000,0.00000,0.00000
3.12,18.38,0.0000,0.0000,0.00000,0.00000
3.38,18.38,0.0000,0.0000,0.00000,0.00000
3.62,18.38,0.0000,0.0000,0.00000,0.00000
3.88,18.38,0.0000,0.0000,0.00000,0.00000
4.12,18.38,0.0000,0.0000,0.00000,0.00000
4.38,18.38,0.0000,0.0000,0.00000,0.00000
4.62,18.38,0.0000,0.0000,0.00000,0.00000
4.88,18.38,0.0000,0.0000,0.00000,0.00000
5.12,18.38,0.0000,0.0000,0.00000,0.00000
5.38,18.38,0.0003,0.0000,0.00000,0.00002
5.62,18.38,0.0018,0.0000,0.00000,0.00012
5.88,18.38,0.0077,0.0000,0.00000,0.00049
6.12,18.38,0.0246,0.0000,0.00000,0.00162
6.38,18.38,0.0624,0.0000,0.00000,0.00402
6.62,18.38,0.1355,0.0000,0.00000,0.00805
6.88,18.38,0.2585,0.0000,0.00000,0.01427
7.12,18.38,0.4315,0.0000,0.00000,0.02233
7.38,18.38,0.6331,0.0000,0.00000,0.03032
7.62,18.38,0.8266,0.0000,0.00000,0.03615
7.88,18.38,0.9751,0.0000,0.00000,0.03823
8.12,18.38,1.0602,0.0000,0.00000,0.03702
8.38,18.38,1.0957,0.0000,0.00000,0.03414
8.62,18.38,1.0800,0.0000,0.00000,0.02983
8.88,18.38,1.0401,0.0000,0.00000,0.02547
9.12,18.38,1.0130,0.0000,0.00000,0.02201
9.38,18.38,0.9895,0.0000,0.00000,0.01903
9.62,18.38,0.9738,0.0000,0.00000,0.01657
9.88,18.38,0.9641,0.0000,0.00000,0.01445
10.12,18.38,0.9527,0.0000,0.00000,0.01260
10.38,18.38,0.9541,0.0000,0.00000,0.01101
10.62,18.38,0.9630,0.0000,0.00000,0.00965
10.88,18.38,0.9694,0.0000,0.00000,0.00861
11.12,18.38,0.9719,0.0000,0.00000,0.00778
11.38,18.38,0.9732,0.0000,0.00000,0.00692
11.62,18.38,0.9900,0.0000,0.00000,0.00618
11.88,18.38,1.0006,0.0000,0.00000,0.00564
12.12,18.38,0.9947,0.0000,0.00000,0.00519
12.38,18.38,1.0069,0.0000,0.00000,0.00489
12.62,18.38,1.0299,0.0000,0.00000,0.00474
12.88,18.38,1.0385,0.0000,0.00000,0.00452
13.12,18.38,1.0349,0.0000,0.00000,0.00420
13.38,18.38,1.0330,0.0000,0.00000,0.00397
13.62,18.38,1.0452,0.0000,0.00000,0.00384
13.88,18.38,1.0541,0.0000,0.00000,0.00369
14.12,18.38,1.0501,0.0000,0.00000,0.00351
14.38,18.38,1.0518,0.0000,0.00000,0.00339
14.62,18.38,1.0642,0.0000,0.00000,0.00334
14.88,18.38,1.0693,0.0000,0.00000,0.00329
15.12,18.38,1.0588,0.0000,0.00000,0.00321
15.38,18.38,1.0499,0.0000,0.00000,0.00314
15.62,18.38,1.0556,0.0000,0.00000,0.00308
15.88,18.38,1.0610,0.0000,0.00000,0.00298
16.12,18.38,1.0545,0.0000,0.00000,0.00289
16.38,18.38,1.0419,0.0000,0.00000,0.00288
16.62,18.38,1.0340,0.0000,0.00000,0.00294
16.88,18.38,1.0332,0.0000,0.00000,0.00300
2.62,18.62,0.0000,0.0000,0.00000,0.00000
2.88,18.62,0.0000,0.0000,0.00000,0.00000
3.12,18.62,0.0000,0.0000,0.00000,0.00000
3.38,18.62,0.0000,0.0000,0.00000,0.00000
3.62,18.62,0.0000,0.0000,0.00000,0.00000
3.88,18.62,0.0000,0.0000,0.00000,0.00000
4.12,18.62,0.0000,0.0000,0.00000,0.00000
4.38,18.62,0.0000,0.0000,0.00000,0.00000
4.62,18.62,0.0000,0.0000,0.00000,0.00000
4.88,18.62,0.0000,0.0000,0.00000,0.00000
5.12,18.62,0.0000,0.0000,0.00000,0.00000
5.38,18.62,0.0000,0.0000,0.00000,0.00000
5.62,18.62,0.0002,0.0000,0.00000,0.00001
5.88,18.62,0.0009,0.0000,0.00000,0.00005
6.12,18.62,0.0036,0.0000,0.00000,0.00021
6.38,18.62,0.0113,0.0000,0.00000,0.00064
6.62,18.62,0.0302,0.0000,0.00000,0.00161
6.88,18.62,0.0698,0.0000,0.00000,0.00357
7.12,18.62,0.1385,0.0000,0.00000,0.00680
7.38,18.62,0.2441,0.0000,0.00000,0.01126
7.62,18.62,0.3840,0.0000,0.00000,0.01625
7.88,18.62,0.5404,0.0000,0.00000,0.02016
8.12,18.62,0.6980,0.0000,0.00000,0.02274
8.38,18.62,0.8423,0.0000,0.00000,0.02409
8.62,18.62,0.9468,0.0000,0.00000,0.02363
8.88,18.62,1.0138,0.0000,0.00000,0.02213
9.12,18.62,1.0583,0.0000,0.00000,0.02020
9.38,18.62,1.0653,0.0000,0.00000,0.01767
9.62,18.62,1.0523,0.0000,0.00000,0.01513
9.88,18.62,1.0373,0.0000,0.00000,0.01301
10.12,18.62,1.0140,0.0000,0.00000,0.01133
10.38,18.62,0.9933,0.0000,0.00000,0.00986
10.62,18.62,0.9751,0.0000,0.00000,0.00860
10.88,18.62,0.9550,0.0000,0.00000,0.00760
11.12,18.62,0.9363,0.0000,0.00000,0.00679
11.38,18.62,0.9214,0.0000,0.00000,0.00601
11.62,18.62,0.9199,0.0000,0.00000,0.00530
11.88,18.62,0.9108,0.0000,0.00000,0.00470
12.12,18.62,0.8922,0.0000,0.00000,0.00429
12.38,18.62,0.8958,0.0000,0.00000,0.00408
12.62,18.62,0.9071,0.0000,0.00000,0.00392
12.88,18.62,0.9073,0.0000,0.00000,0.00370
13.12,18.62,0.8990,0.0000,0.00000,0.00344
13.38,18.62,0.8897,0.0000,0.00000,0.00323
13.62,18.62,0.8985,0.0000,0.00000,0.00314
13.88,18.62,0.9092,0.0000,0.00000,0.00307
14.12,18.62,0.9049,0.0000,0.00000,0.00295
14.38,18.62,0.9046,0.0000,0.00000,0.00288
14.62,18.62,0.9112,0.0000,0.00000,0.00284
14.88,18.62,0.9170,0.0000,0.00000,0.00281
15.12,18.62,0.9132,0.0000,0.00000,0.00275
15.38,18.62,0.9048,0.0000,0.00000,0.00268
15.62,18.62,0.9103,0.0000,0.00000,0.00265
15.88,18.62,0.9143,0.0000,0.00000,0.00257
16.12,18.62,0.9071,0.0000,0.00000,0.00248
16.38,18.62,0.8981,0.0000,0.00000,0.00244
16.62,18.62,0.8914,0.0000,0.00000,0.00245
16.88,18.62,0.8921,0.0000,0.00000,0.00250
2.62,18.88,0.0000,0.0000,0.00000,0.00000
2.88,18.88,0.0000,0.0000,0.00000,0.00000
3.12,18.88,0.0000,0.0000,0.00000,0.00000
3.38,18.88,0.0000,0.0000,0.00000,0.00000
3.62,18.88,0.0000,0.0000,0.00000,0.00000
3.88,18.88,0.0000,0.0000,0.00000,0.00000
4.12,18.88,0.0000,0.0000,0.00000,0.00000
4.38,18.88,0.0000,0.0000,0.00000,0.00000
4.62,18.88,0.0000,0.0000,0.00000,0.00000
4.88,18.88,0.0000,0.0000,0.00000,0.00000
5.12,18.88,0.0000,0.0000,0.00000,0.00000
5.38,18.88,0.0000,0.0000,0.00000,0.00000
5.62,18.88,0.0000,0.0000,0.00000,0.00000
5.88,18.88,0.0001,0.0000,0.00000,0.00000
6.12,18.88,0.0003,0.0000,0.00000,0.00002
6.38,18.88,0.0013,0.0000,0.00000,0.00006
6.62,18.88,0.0045,0.0000,0.00000,0.00021
6.88,18.88,0.0127,0.0000,0.00000,0.00061
7.12,18.88,0.0298,0.0000,0.00000,0.00141
7.38,18.88,0.0615,0.0000,0.00000,0.00279
7.62,18.88,0.1115,0.0000,0.00000,0.00465
7.88,18.88,0.1816,0.0000,0.00000,0.00657
8.12,18.88,0.2776,0.0000,0.00000,0.00864
8.38,18.88,0.3940,0.0000,0.00000,0.01069
8.62,18.88,0.5145,0.0000,0.00000,0.01223
8.88,18.88,0.6313,0.0000,0.00000,0.01323
9.12,18.88,0.7413,0.0000,0.00000,0.01360
9.38,18.88,0.8280,0.0000,0.00000,0.01311
9.62,18.88,0.8975,0.0000,0.00000,0.01212
9.88,18.88,0.9563,0.0000,0.00000,0.01110
10.12,18.88,0.9932,0.0000,0.00000,0.01025
10.38,18.88,1.0181,0.0000,0.00000,0.00938
10.62,18.88,1.0377,0.0000,0.00000,0.00856
10.88,18.88,1.0470,0.0000,0.00000,0.00784
11.12,18.88,1.0508,0.0000,0.00000,0.00716
11.38,18.88,1.0523,0.0000,0.00000,0.00648
11.62,18.88,1.0530,0.0000,0.00000,0.00580
11.88,18.88,1.0427,0.0000,0.00000,0.00515
12.12,18.88,1.0248,0.0000,0.00000,0.00472
12.38,18.88,1.0193,0.0000,0.00000,0.00448
12.62,18.88,1.0192,0.0000,0.00000,0.00425
12.88,18.88,1.0128,0.0000,0.00000,0.00402
13.12,18.88,0.9990,0.0000,0.00000,0.00375
13.38,18.88,0.9816,0.0000,0.00000,0.00350
13.62,18.88,0.9767,0.0000,0.00000,0.00335
13.88,18.88,0.9767,0.0000,0.00000,0.00325
14.12,18.88,0.9661,0.0000,0.00000,0.00315
14.38,18.88,0.9587,0.0000,0.00000,0.00302
14.62,18.88,0.9578,0.0000,0.00000,0.00292
14.88,18.88,0.9564,0.0000,0.00000,0.00285
15.12,18.88,0.9483,0.0000,0.00000,0.00280
15.38,18.88,0.9376,0.0000,0.00000,0.00274
15.62,18.88,0.9401,0.0000,0.00000,0.00271
15.88,18.88,0.9401,0.0000,0.00000,0.00262
16.12,18.88,0.9250,0.0000,0.00000,0.00250
16.38,18.88,0.9106,0.0000,0.00000,0.00244
16.62,18.88,0.9023,0.0000,0.00000,0.00242
16.88,18.88,0.8991,0.0000,0.00000,0.00243
2.62,19.12,0.0000,0.0000,0.00000,0.00000
2.88,19.12,0.0000,0.0000,0.00000,0.00000
3.12,19.12,0.0000,0.0000,0.00000,0.00000
3.38,19.12,0.0000,0.0000,0.00000,0.00000
3.62,19.12,0.0000,0.0000,0.00000,0.00000
3.88,19.12,0.0000,0.0000,0.00000,0.00000
4.12,19.12,0.0000,0.0000,0.00000,0.00000
4.38,19.12,0.0000,0.0000,0.00000,0.00000
4.62,19.12,0.0000,0.0000,0.00000,0.00000
4.88,19.12,0.0000,0.0000,0.00000,0.00000
5.12,19.12,0.0000,0.0000,0.00000,0.00000
5.38,19.12,0.0000,0.0000,0.00000,0.00000
5.62,19.12,0.0000,0.0000,0.00000,0.00000
5.88,19.12,0.0000,0.0000,0.00000,0.00000
6.12,19.12,0.0000,0.0000,0.00000,0.00000
6.38,19.12,0.0001,0.0000,0.00000,0.00000
6.62,19.12,0.0005,0.0000,0.00000,0.00002
6.88,19.12,0.0016,0.0000,0.00000,0.00007
7.12,19.12,0.0046,0.0000,0.00000,0.00021
7.38,19.12,0.0108,0.0000,0.00000,0.00048
7.62,19.12,0.0214,0.0000,0.00000,0.00086
7.88,19.12,0.0393,0.0000,0.00000,0.00137
8.12,19.12,0.0687,0.0000,0.00000,0.00208
8.38,19.12,0.1103,0.0000,0.00000,0.00293
8.62,19.12,0.1631,0.0000,0.00000,0.00383
8.88,19.12,0.2262,0.0000,0.00000,0.00475
9.12,19.12,0.2988,0.0000,0.00000,0.00553
9.38,19.12,0.3754,0.0000,0.00000,0.00603
9.62,19.12,0.4546,0.0000,0.00000,0.00621
9.88,19.12,0.5324,0.0000,0.00000,0.00625
10.12,19.12,0.5996,0.0000,0.00000,0.00630
10.38,19.12,0.6594,0.0000,0.00000,0.00620
10.62,19.12,0.7159,0.0000,0.00000,0.00602
10.88,19.12,0.7664,0.0000,0.00000,0.00584
11.12,19.12,0.8121,0.0000,0.00000,0.00560
11.38,19.12,0.8524,0.0000,0.00000,0.00528
11.62,19.12,0.8868,0.0000,0.00000,0.00493
11.88,19.12,0.9122,0.0000,0.00000,0.00457
12.12,19.12,0.9257,0.0000,0.00000,0.00434
12.38,19.12,0.9389,0.0000,0.00000,0.00419
12.62,19.12,0.9601,0.0000,0.00000,0.00405
12.88,19.12,0.9771,0.0000,0.00000,0.00392
13.12,19.12,0.9841,0.0000,0.00000,0.00376
13.38,19.12,0.9870,0.0000,0.00000,0.00358
13.62,19.12,0.9933,0.0000,0.00000,0.00345
13.88,19.12,1.0011,0.0000,0.00000,0.00339
14.12,19.12,1.0002,0.0000,0.00000,0.00332
14.38,19.12,1.0023,0.0000,0.00000,0.00319
14.62,19.12,1.0131,0.0000,0.00000,0.00307
14.88,19.12,1.0170,0.0000,0.00000,0.00302
15.12,19.12,1.0112,0.0000,0.00000,0.00297
15.38,19.12,1.0068,0.0000,0.00000,0.00291
15.62,19.12,1.0130,0.0000,0.00000,0.00285
15.88,19.12,1.0178,0.0000,0.00000,0.00276
16.12,19.12,1.0046,0.0000,0.00000,0.00265
16.38,19.12,0.9891,0.0000,0.00000,0.00260
16.62,19.12,0.9838,0.0000,0.00000,0.00260
16.88,19.12,0.9800,0.0000,0.00000,0.00260
2.62,19.38,0.0000,0.0000,0.00000,0.00000
2.88,19.38,0.0000,0.0000,0.00000,0.00000
3.12,19.38,0.0000,0.0000,0.00000,0.00000
3.38,19.38,0.0000,0.0000,0.00000,0.00000
3.62,19.38,0.0000,0.0000,0.00000,0.00000
3.88,19.38,0.0000,0.0000,0.00000,0.00000
4.12,19.38,0.0000,0.0000,0.00000,0.00000
4.38,19.38,0.0000,0.0000,0.00000,0.00000
4.62,19.38,0.0000,0.0000,0.00000,0.00000
4.88,19.38,0.0000,0.0000,0.00000,0.00000
5.12,19.38,0.0000,0.0000,0.00000,0.00000
5.38,19.38,0.0000,0.0000,0.00000,0.00000
5.62,19.38,0.0000,0.0000,0.00000,0.00000
5.88,19.38,0.0000,0.0000,0.00000,0.00000
6.12,19.38,0.0000,0.0000,0.00000,0.00000
6.38,19.38,0.0000,0.0000,0.00000,0.00000
6.62,19.38,0.0000,0.0000,0.00000,0.00000
6.88,19.38,0.0001,0.0000,0.00000,0.00001
7.12,19.38,0.0005,0.0000,0.00000,0.00002
7.38,19.38,0.0014,0.0000,0.00000,0.00005
7.62,19.38,0.0029,0.0000,0.00000,0.00010
7.88,19.38,0.0060,0.0000,0.00000,0.00020
8.12,19.38,0.0116,0.0000,0.00000,0.00035
8.38,19.38,0.0202,0.0000,0.00000,0.00053
8.62,19.38,0.0326,0.0000,0.00000,0.00077
8.88,19.38,0.0493,0.0000,0.00000,0.00106
9.12,19.38,0.0717,0.0000,0.00000,0.00140
9.38,19.38,0.1002,0.0000,0.00000,0.00173
9.62,19.38,0.1333,0.0000,0.00000,0.00194
9.88,19.38,0.1706,0.0000,0.00000,0.00212
10.12,19.38,0.2092,0.0000,0.00000,0.00235
10.38,19.38,0.2483,0.0000,0.00000,0.00248
10.62,19.38,0.2892,0.0000,0.00000,0.00254
10.88,19.38,0.3306,0.0000,0.00000,0.00261
11.12,19.38,0.3711,0.0000,0.00000,0.00263
11.38,19.38,0.4111,0.0000,0.00000,0.00259
11.62,19.38,0.4520,0.0000,0.00000,0.00255
11.88,19.38,0.4915,0.0000,0.00000,0.00253
12.12,19.38,0.5220,0.0000,0.00000,0.00253
12.38,19.38,0.5506,0.0000,0.00000,0.00252
12.62,19.38,0.5850,0.0000,0.00000,0.00249
12.88,19.38,0.6166,0.0000,0.00000,0.00246
13.12,19.38,0.6443,0.0000,0.00000,0.00245
13.38,19.38,0.6693,0.0000,0.00000,0.00242
13.62,19.38,0.6916,0.0000,0.00000,0.00240
13.88,19.38,0.7149,0.0000,0.00000,0.00243
14.12,19.38,0.7344,0.0000,0.00000,0.00246
14.38,19.38,0.7571,0.0000,0.00000,0.00243
14.62,19.38,0.7835,0.0000,0.00000,0.00239
14.88,19.38,0.7995,0.0000,0.00000,0.00239
15.12,19.38,0.8096,0.0000,0.00000,0.00237
15.38,19.38,0.8208,0.0000,0.00000,0.00233
15.62,19.38,0.8365,0.0000,0.00000,0.00230
15.88,19.38,0.8550,0.0000,0.00000,0.00228
16.12,19.38,0.8617,0.0000,0.00000,0.00226
16.38,19.38,0.8636,0.0000,0.00000,0.00227
16.62,19.38,0.8699,0.0000,0.00000,0.00230
16.88,19.38,0.8720,0.0000,0.00000,0.00231
2.62,19.62,0.0000,0.0000,0.00000,0.00000
2.88,19.62,0.0000,0.0000,0.00000,0.00000
3.12,19.62,0.0000,0.0000,0.00000,0.00000
3.38,19.62,0.0000,0.0000,0.00000,0.00000
3.62,19.62,0.0000,0.0000,0.00000,0.00000
3.88,19.62,0.0000,0.0000,0.00000,0.00000
4.12,19.62,0.0000,0.0000,0.00000,0.00000
4.38,19.62,0.0000,0.0000,0.00000,0.00000
4.62,19.62,0.0000,0.0000,0.00000,0.00000
4.88,19.62,0.0000,0.0000,0.00000,0.00000
5.12,19.62,0.0000,0.0000,0.00000,0.00000
5.38,19.62,0.0000,0.0000,0.00000,0.00000
5.62,19.62,0.0000,0.0000,0.00000,0.00000
5.88,19.62,0.0000,0.0000,0.00000,0.00000
6.12,19.62,0.0000,0.0000,0.00000,0.00000
6.38,19.62,0.0000,0.0000,0.00000,0.00000
6.62,19.62,0.0000,0.0000,0.00000,0.00000
6.88,19.62,0.0000,0.0000,0.00000,0.00000
7.12,19.62,0.0000,0.0000,0.00000,0.00000
7.38,19.62,0.0001,0.0000,0.00000,0.00000
7.62,19.62,0.0003,0.0000,0.00000,0.00001
7.88,19.62,0.0007,0.0000,0.00000,0.00002
8.12,19.62,0.0014,0.0000,0.00000,0.00004
8.38,19.62,0.0027,0.0000,0.00000,0.00006
8.62,19.62,0.0046,0.0000,0.00000,0.00010
8.88,19.62,0.0072,0.0000,0.00000,0.00015
9.12,19.62,0.0116,0.0000,0.00000,0.00025
9.38,19.62,0.0177,0.0000,0.00000,0.00035
9.62,19.62,0.0248,0.0000,0.00000,0.00039
9.88,19.62,0.0343,0.0000,0.00000,0.00044
10.12,19.62,0.0454,0.0000,0.00000,0.00053
10.38,19.62,0.0574,0.0000,0.00000,0.00060
10.62,19.62,0.0715,0.0000,0.00000,0.00064
10.88,19.62,0.0863,0.0000,0.00000,0.00068
11.12,19.62,0.1012,0.0000,0.00000,0.00071
11.38,19.62,0.1178,0.0000,0.00000,0.00073
11.62,19.62,0.1380,0.0000,0.00000,0.00077
11.88,19.62,0.1596,0.0000,0.00000,0.00082
12.12,19.62,0.1775,0.0000,0.00000,0.00087
12.38,19.62,0.1970,0.0000,0.00000,0.00090
12.62,19.62,0.2185,0.0000,0.00000,0.00091
12.88,19.62,0.2390,0.0000,0.00000,0.00092
13.12,19.62,0.2619,0.0000,0.00000,0.00096
13.38,19.62,0.2829,0.0000,0.00000,0.00099
13.62,19.62,0.3017,0.0000,0.00000,0.00102
13.88,19.62,0.3224,0.0000,0.00000,0.00109
14.12,19.62,0.3425,0.0000,0.00000,0.00116
14.38,19.62,0.3669,0.0000,0.00000,0.00118
14.62,19.62,0.3902,0.0000,0.00000,0.00119
14.88,19.62,0.4067,0.0000,0.00000,0.00122
15.12,19.62,0.4240,0.0000,0.00000,0.00122
15.38,19.62,0.4407,0.0000,0.00000,0.00123
15.62,19.62,0.4598,0.0000,0.00000,0.00125
15.88,19.62,0.4813,0.0000,0.00000,0.00129
16.12,19.62,0.4979,0.0000,0.00000,0.00134
16.38,19.62,0.5149,0.0000,0.00000,0.00139
16.62,19.62,0.5302,0.0000,0.00000,0.00143
16.88,19.62,0.5379,0.0000,0.00000,0.00145
2.62,19.88,0.0000,0.0000,0.00000,0.00000
2.88,19.88,0.0000,0.0000,0.00000,0.00000
3.12,19.88,0.0000,0.0000,0.00000,0.00000
3.38,19.88,0.0000,0.0000,0.00000,0.00000
3.62,19.88,0.0000,0.0000,0.00000,0.00000
3.88,19.88,0.0000,0.0000,0.00000,0.00000
4.12,19.88,0.0000,0.0000,0.00000,0.00000
4.38,19.88,0.0000,0.0000,0.00000,0.00000
4.62,19.88,0.0000,0.0000,0.00000,0.00000
4.88,19.88,0.0000,0.0000,0.00000,0.00000
5.12,19.88,0.0000,0.0000,0.00000,0.00000
5.38,19.88,0.0000,0.0000,0.00000,0.00000
5.62,19.88,0.0000,0.0000,0.00000,0.00000
5.88,19.88,0.0000,0.0000,0.00000,0.00000
6.12,19.88,0.0000,0.0000,0.00000,0.00000
6.38,19.88,0.0000,0.0000,0.00000,0.00000
6.62,19.88,0.0000,0.0000,0.00000,0.00000
6.88,19.88,0.0000,0.0000,0.00000,0.00000
7.12,19.88,0.0000,0.0000,0.00000,0.00000
7.38,19.88,0.0000,0.0000,0.00000,0.00000
7.62,19.88,0.0000,0.0000,0.00000,0.00000
7.88,19.88,0.0000,0.0000,0.00000,0.00000
8.12,19.88,0.0001,0.0000,0.00000,0.00000
8.38,19.88,0.0003,0.0000,0.00000,0.00000
8.62,19.88,0.0005,0.0000,0.00000,0.00001
8.88,19.88,0.0007,0.0000,0.00000,0.00001
9.12,19.88,0.0013,0.0000,0.00000,0.00003
9.38,19.88,0.0021,0.0000,0.00000,0.00005
9.62,19.88,0.0032,0.0000,0.00000,0.00005
9.88,19.88,0.0048,0.0000,0.00000,0.00006
10.12,19.88,0.0067,0.0000,0.00000,0.00007
10.38,19.88,0.0088,0.0000,0.00000,0.00009
10.62,19.88,0.0114,0.0000,0.00000,0.00010
10.88,19.88,0.0142,0.0000,0.00000,0.00011
11.12,19.88,0.0174,0.0000,0.00000,0.00011
11.38,19.88,0.0211,0.0000,0.00000,0.00012
11.62,19.88,0.0262,0.0000,0.00000,0.00014
11.88,19.88,0.0321,0.0000,0.00000,0.00016
12.12,19.88,0.0369,0.0000,0.00000,0.00018
12.38,19.88,0.0434,0.0000,0.00000,0.00019
12.62,19.88,0.0504,0.0000,0.00000,0.00020
12.88,19.88,0.0571,0.0000,0.00000,0.00021
13.12,19.88,0.0658,0.0000,0.00000,0.00023
13.38,19.88,0.0738,0.0000,0.00000,0.00025
13.62,19.88,0.0811,0.0000,0.00000,0.00027
13.88,19.88,0.0893,0.0000,0.00000,0.00030
14.12,19.88,0.0981,0.0000,0.00000,0.00034
14.38,19.88,0.1096,0.0000,0.00000,0.00036
14.62,19.88,0.1199,0.0000,0.00000,0.00037
14.88,19.88,0.1279,0.0000,0.00000,0.00038
15.12,19.88,0.1379,0.0000,0.00000,0.00039
15.38,19.88,0.1472,0.0000,0.00000,0.00040
15.62,19.88,0.1581,0.0000,0.00000,0.00043
15.88,19.88,0.1696,0.0000,0.00000,0.00046
16.12,19.88,0.1795,0.0000,0.00000,0.00050
16.38,19.88,0.1925,0.0000,0.00000,0.00054
16.62,19.88,0.2033,0.0000,0.00000,0.00057
16.88,19.88,0.2092,0.0000,0.00000,0.00059
2.62,20.12,0.0000,0.0000,0.00000,0.00000
2.88,20.12,0.0000,0.0000,0.00000,0.00000
3.12,20.12,0.0000,0.0000,0.00000,0.00000
3.38,20.12,0.0000,0.0000,0.00000,0.00000
3.62,20.12,0.0000,0.0000,0.00000,0.00000
3.88,20.12,0.0000,0.0000,0.00000,0.00000
4.12,20.12,0.0000,0.0000,0.00000,0.00000
4.38,20.12,0.0000,0.0000,0.00000,0.00000
4.62,20.12,0.0000,0.0000,0.00000,0.00000
4.88,20.12,0.0000,0.0000,0.00000,0.00000
5.12,20.12,0.0000,0.0000,0.00000,0.00000
5.38,20.12,0.0000,0.0000,0.00000,0.00000
5.62,20.12,0.0000,0.0000,0.00000,0.00000
5.88,20.12,0.0000,0.0000,0.00000,0.00000
6.12,20.12,0.0000,0.0000,0.00000,0.00000
6.38,20.12,0.0000,0.0000,0.00000,0.00000
6.62,20.12,0.0000,0.0000,0.00000,0.00000
6.88,20.12,0.0000,0.0000,0.00000,0.00000
7.12,20.12,0.0000,0.0000,0.00000,0.00000
7.38,20.12,0.0000,0.0000,0.00000,0.00000
7.62,20.12,0.0000,0.0000,0.00000,0.00000
7.88,20.12,0.0000,0.0000,0.00000,0.00000
8.12,20.12,0.0000,0.0000,0.00000,0.00000
8.38,20.12,0.0000,0.0000,0.00000,0.00000
8.62,20.12,0.0000,0.0000,0.00000,0.00000
8.88,20.12,0.0000,0.0000,0.00000,0.00000
9.12,20.12,0.0001,0.0000,0.00000,0.00000
9.38,20.12,0.0002,0.0000,0.00000,0.00000
9.62,20.12,0.0003,0.0000,0.00000,0.00000
9.88,20.12,0.0005,0.0000,0.00000,0.00000
10.12,20.12,0.0007,0.0000,0.00000,0.00001
10.38,20.12,0.0009,0.0000,0.00000,0.00001
10.62,20.12,0.0012,0.0000,0.00000,0.00001
10.88,20.12,0.0016,0.0000,0.00000,0.00001
11.12,20.12,0.0022,0.0000,0.00000,0.00001
11.38,20.12,0.0027,0.0000,0.00000,0.00001
11.62,20.12,0.0034,0.0000,0.00000,0.00001
11.88,20.12,0.0043,0.0000,0.00000,0.00002
12.12,20.12,0.0051,0.0000,0.00000,0.00002
12.38,20.12,0.0065,0.0000,0.00000,0.00003
12.62,20.12,0.0078,0.0000,0.00000,0.00003
12.88,20.12,0.0089,0.0000,0.00000,0.00003
13.12,20.12,0.0105,0.0000,0.00000,0.00003
13.38,20.12,0.0122,0.0000,0.00000,0.00004
13.62,20.12,0.0135,0.0000,0.00000,0.00004
13.88,20.12,0.0150,0.0000,0.00000,0.00005
14.12,20.12,0.0172,0.0000,0.00000,0.00006
14.38,20.12,0.0201,0.0000,0.00000,0.00007
14.62,20.12,0.0225,0.0000,0.00000,0.00007
14.88,20.12,0.0245,0.0000,0.00000,0.00007
15.12,20.12,0.0273,0.0000,0.00000,0.00007
15.38,20.12,0.0297,0.0000,0.00000,0.00008
15.62,20.12,0.0328,0.0000,0.00000,0.00009
15.88,20.12,0.0360,0.0000,0.00000,0.00010
16.12,20.12,0.0388,0.0000,0.00000,0.00011
16.38,20.12,0.0430,0.0000,0.00000,0.00012
16.62,20.12,0.0465,0.0000,0.00000,0.00013
16.88,20.12,0.0484,0.0000,0.00000,0.00014
2.62,20.38,0.0000,0.0000,0.00000,0.00000
2.88,20.38,0.0000,0.0000,0.00000,0.00000
3.12,20.38,0.0000,0.0000,0.00000,0.00000
3.38,20.38,0.0000,0.0000,0.00000,0.00000
3.62,20.38,0.0000,0.0000,0.00000,0.00000
3.88,20.38,0.0000,0.0000,0.00000,0.00000
4.12,20.38,0.0000,0.0000,0.00000,0.00000
4.38,20.38,0.0000,0.0000,0.00000,0.00000
4.62,20.38,0.0000,0.0000,0.00000,0.00000
4.88,20.38,0.0000,0.0000,0.00000,0.00000
5.12,20.38,0.0000,0.0000,0.00000,0.00000
5.38,20.38,0.0000,0.0000,0.00000,0.00000
5.62,20.38,0.0000,0.0000,0.00000,0.00000
5.88,20.38,0.0000,0.0000,0.00000,0.00000
6.12,20.38,0.0000,0.0000,0.00000,0.00000
6.38,20.38,0.0000,0.0000,0.00000,0.00000
6.62,20.38,0.0000,0.0000,0.00000,0.00000
6.88,20.38,0.0000,0.0000,0.00000,0.00000
7.12,20.38,0.0000,0.0000,0.00000,0.00000
7.38,20.38,0.0000,0.0000,0.00000,0.00000
7.62,20.38,0.0000,0.0000,0.00000,0.00000
7.88,20.38,0.0000,0.0000,0.00000,0.00000
8.12,20.38,0.0000,0.0000,0.00000,0.00000
8.38,20.38,0.0000,0.0000,0.00000,0.00000
8.62,20.38,0.0000,0.0000,0.00000,0.00000
8.88,20.38,0.0000,0.0000,0.00000,0.00000
9.12,20.38,0.0000,0.0000,0.00000,0.00000
9.38,20.38,0.0000,0.0000,0.00000,0.00000
9.62,20.38,0.0000,0.0000,0.00000,0.00000
9.88,20.38,0.0000,0.0000,0.00000,0.00000
10.12,20.38,0.0001,0.0000,0.00000,0.00000
10.38,20.38,0.0001,0.0000,0.00000,0.00000
10.62,20.38,0.0001,0.0000,0.00000,0.00000
10.88,20.38,0.0002,0.0000,0.00000,0.00000
11.12,20.38,0.0003,0.0000,0.00000,0.00000
11.38,20.38,0.0003,0.0000,0.00000,0.00000
11.62,20.38,0.0004,0.0000,0.00000,0.00000
11.88,20.38,0.0005,0.0000,0.00000,0.00000
12.12,20.38,0.0006,0.0000,0.00000,0.00000
12.38,20.38,0.0008,0.0000,0.00000,0.00000
12.62,20.38,0.0010,0.0000,0.00000,0.00000
12.88,20.38,0.0011,0.0000,0.00000,0.00000
13.12,20.38,0.0012,0.0000,0.00000,0.00000
13.38,20.38,0.0015,0.0000,0.00000,0.00000
13.62,20.38,0.0016,0.0000,0.00000,0.00000
13.88,20.38,0.0017,0.0000,0.00000,0.00001
14.12,20.38,0.0021,0.0000,0.00000,0.00001
14.38,20.38,0.0026,0.0000,0.00000,0.00001
14.62,20.38,0.0029,0.0000,0.00000,0.00001
14.88,20.38,0.0033,0.0000,0.00000,0.00001
15.12,20.38,0.0037,0.0000,0.00000,0.00001
15.38,20.38,0.0041,0.0000,0.00000,0.00001
15.62,20.38,0.0046,0.0000,0.00000,0.00001
15.88,20.38,0.0052,0.0000,0.00000,0.00001
16.12,20.38,0.0057,0.0000,0.00000,0.00002
16.38,20.38,0.0065,0.0000,0.00000,0.00002
16.62,20.38,0.0072,0.0000,0.00000,0.00002
16.88,20.38,0.0075,0.0000,0.00000,0.00002
