x,y,rho,contact,casualty,pressure
2.62,0.12,0.2358,0.0000,0.00000,0.12458
2.88,0.12,0.4294,0.0000,0.00000,0.21662
3.12,0.12,0.5502,0.0000,0.00000,0.25263
3.38,0.12,0.5212,0.0000,0.00000,0.21569
3.62,0.12,0.4924,0.0000,0.00000,0.20710
3.88,0.12,0.5410,0.0000,0.00000,0.23299
4.12,0.12,0.5644,0.0000,0.00000,0.23182
4.38,0.12,0.5374,0.0000,0.00000,0.21851
4.62,0.12,0.5278,0.0000,0.00000,0.22687
4.88,0.12,0.5498,0.0000,0.00000,0.24400
5.12,0.12,0.5609,0.0000,0.00000,0.24862
5.38,0.12,0.5507,0.0000,0.00000,0.24673
5.62,0.12,0.5599,0.0000,0.00000,0.25769
5.88,0.12,0.5758,0.0000,0.00000,0.26946
6.12,0.12,0.5853,0.0001,0.00000,0.27921
6.38,0.12,0.5879,0.0007,0.00000,0.29192
6.62,0.12,0.5776,0.0019,0.00000,0.30980
6.88,0.12,0.5889,0.0045,0.00000,0.35538
7.12,0.12,0.5187,0.0068,0.00000,0.33917
7.38,0.12,0.3223,0.0054,0.00000,0.21792
2.62,0.38,0.4592,0.0000,0.00000,0.22739
2.88,0.38,0.8736,0.0000,0.00000,0.41112
3.12,0.38,1.1764,0.0000,0.00000,0.49980
3.38,0.38,1.1306,0.0000,0.00000,0.42669
3.62,0.38,1.0197,0.0000,0.00000,0.38780
3.88,0.38,1.0979,0.0000,0.00000,0.43256
4.12,0.38,1.1748,0.0000,0.00000,0.44184
4.38,0.38,1.1269,0.0000,0.00000,0.41538
4.62,0.38,1.0888,0.0000,0.00000,0.42192
4.88,0.38,1.1296,0.0000,0.00000,0.45438
5.12,0.38,1.1591,0.0000,0.00000,0.46640
5.38,0.38,1.1399,0.0000,0.00000,0.46367
5.62,0.38,1.1442,0.0000,0.00000,0.48286
5.88,0.38,1.1594,0.0000,0.00000,0.50420
6.12,0.38,1.1784,0.0006,0.00000,0.52896
6.38,0.38,1.1716,0.0028,0.00000,0.55470
6.62,0.38,1.1539,0.0060,0.00000,0.59047
6.88,0.38,1.2267,0.0101,0.00000,0.69596
7.12,0.38,1.1078,0.0136,0.00000,0.67427
7.38,0.38,0.6910,0.0107,0.00000,0.43418
2.62,0.62,0.5289,0.0000,0.00000,0.23902
2.88,0.62,1.0894,0.0000,0.00000,0.46615
3.12,0.62,1.5940,0.0000,0.00000,0.61344
3.38,0.62,1.5884,0.0000,0.00000,0.53656
3.62,0.62,1.3657,0.0000,0.00000,0.45412
3.88,0.62,1.4124,0.0000,0.00000,0.49140
4.12,0.62,1.5562,0.0000,0.00000,0.52116
4.38,0.62,1.5231,0.0000,0.00000,0.49427
4.62,0.62,1.4449,0.0000,0.00000,0.48628
4.88,0.62,1.4829,0.0000,0.00000,0.52169
5.12,0.62,1.5330,0.0000,0.00000,0.54377
5.38,0.62,1.5139,0.0000,0.00000,0.54444
5.62,0.62,1.4982,0.0000,0.00000,0.56378
5.88,0.62,1.4994,0.0001,0.00000,0.58861
6.12,0.62,1.5411,0.0010,0.00000,0.62994
6.38,0.62,1.5209,0.0045,0.00000,0.65983
6.62,0.62,1.4898,0.0090,0.00000,0.69648
6.88,0.62,1.6545,0.0124,0.00000,0.84680
7.12,0.62,1.5340,0.0150,0.00000,0.83863
7.38,0.62,0.9597,0.0115,0.00000,0.54297
2.62,0.88,0.3486,0.0000,0.00000,0.14006
2.88,0.88,0.8246,0.0000,0.00000,0.31431
3.12,0.88,1.3677,0.0000,0.00000,0.47352
3.38,0.88,1.4615,0.0000,0.00000,0.44724
3.62,0.88,1.2290,0.0000,0.00000,0.35906
3.88,0.88,1.1925,0.0000,0.00000,0.36252
4.12,0.88,1.3395,0.0000,0.00000,0.39958
4.38,0.88,1.3659,0.0000,0.00000,0.39357
4.62,0.88,1.2885,0.0000,0.00000,0.37747
4.88,0.88,1.2964,0.0000,0.00000,0.39737
5.12,0.88,1.3442,0.0000,0.00000,0.42072
5.38,0.88,1.3406,0.0000,0.00000,0.42798
5.62,0.88,1.3157,0.0000,0.00000,0.44105
5.88,0.88,1.3080,0.0000,0.00000,0.46167
6.12,0.88,1.3713,0.0006,0.00000,0.50509
6.38,0.88,1.3477,0.0027,0.00000,0.52227
6.62,0.88,1.3012,0.0052,0.00000,0.53170
6.88,0.88,1.4982,0.0066,0.00000,0.65772
7.12,0.88,1.4208,0.0075,0.00000,0.66695
7.38,0.88,0.8906,0.0056,0.00000,0.43553
2.62,1.12,0.1675,0.0000,0.00000,0.05552
2.88,1.12,0.4800,0.0000,0.00000,0.15419
3.12,1.12,0.9205,0.0000,0.00000,0.27767
3.38,1.12,1.0896,0.0000,0.00000,0.29950
3.62,1.12,0.9547,0.0000,0.00000,0.24469
3.88,1.12,0.8787,0.0000,0.00000,0.22725
4.12,1.12,0.9755,0.0000,0.00000,0.25485
4.38,1.12,1.0439,0.0000,0.00000,0.26742
4.62,1.12,1.0048,0.0000,0.00000,0.25762
4.88,1.12,0.9900,0.0000,0.00000,0.26294
5.12,1.12,1.0210,0.0000,0.00000,0.27858
5.38,1.12,1.0411,0.0000,0.00000,0.29094
5.62,1.12,1.0326,0.0000,0.00000,0.30083
5.88,1.12,1.0246,0.0000,0.00000,0.31489
6.12,1.12,1.0928,0.0001,0.00000,0.35128
6.38,1.12,1.0786,0.0006,0.00000,0.35917
6.62,1.12,1.0285,0.0012,0.00000,0.34786
6.88,1.12,1.1933,0.0014,0.00000,0.42288
7.12,1.12,1.1245,0.0015,0.00000,0.42830
7.38,1.12,0.6950,0.0011,0.00000,0.27863
2.62,1.38,0.0886,0.0000,0.00000,0.02108
2.88,1.38,0.3002,0.0000,0.00000,0.07190
3.12,1.38,0.6498,0.0000,0.00000,0.15287
3.38,1.38,0.8641,0.0000,0.00000,0.19343
3.62,1.38,0.8339,0.0000,0.00000,0.17404
3.88,1.38,0.7591,0.0000,0.00000,0.15457
4.12,1.38,0.8066,0.0000,0.00000,0.17016
4.38,1.38,0.8876,0.0000,0.00000,0.18913
4.62,1.38,0.8848,0.0000,0.00000,0.18714
4.88,1.38,0.8595,0.0000,0.00000,0.18685
5.12,1.38,0.8801,0.0000,0.00000,0.19839
5.38,1.38,0.9213,0.0000,0.00000,0.21378
5.62,1.38,0.9247,0.0000,0.00000,0.22150
5.88,1.38,0.9141,0.0000,0.00000,0.22977
6.12,1.38,0.9838,0.0000,0.00000,0.25863
6.38,1.38,0.9865,0.0000,0.00000,0.26565
6.62,1.38,0.9640,0.0001,0.00000,0.25700
6.88,1.38,1.0872,0.0001,0.00000,0.29937
7.12,1.38,0.9429,0.0001,0.00000,0.28300
7.38,1.38,0.5420,0.0001,0.00000,0.17515
2.62,1.62,0.0603,0.0000,0.00000,0.00941
2.88,1.62,0.2287,0.0000,0.00000,0.03689
3.12,1.62,0.5451,0.0000,0.00000,0.09060
3.38,1.62,0.8039,0.0000,0.00000,0.13511
3.62,1.62,0.8453,0.0000,0.00000,0.13776
3.88,1.62,0.7795,0.0000,0.00000,0.12245
4.12,1.62,0.7956,0.0000,0.00000,0.12928
4.38,1.62,0.8825,0.0000,0.00000,0.14736
4.62,1.62,0.9077,0.0000,0.00000,0.14969
4.88,1.62,0.8764,0.0000,0.00000,0.14836
5.12,1.62,0.8918,0.0000,0.00000,0.15936
5.38,1.62,0.9460,0.0000,0.00000,0.17518
5.62,1.62,0.9527,0.0000,0.00000,0.18214
5.88,1.62,0.9467,0.0000,0.00000,0.18848
6.12,1.62,1.0246,0.0000,0.00000,0.21067
6.38,1.62,1.0350,0.0000,0.00000,0.21594
6.62,1.62,1.0566,0.0000,0.00000,0.21708
6.88,1.62,1.1539,0.0000,0.00000,0.24341
7.12,1.62,0.8796,0.0000,0.00000,0.20478
7.38,1.62,0.4411,0.0000,0.00000,0.11468
2.62,1.88,0.0444,0.0000,0.00000,0.00456
2.88,1.88,0.1851,0.0000,0.00000,0.02019
3.12,1.88,0.4904,0.0000,0.00000,0.05779
3.38,1.88,0.8002,0.0000,0.00000,0.09996
3.62,1.88,0.8982,0.0000,0.00000,0.11210
3.88,1.88,0.8390,0.0000,0.00000,0.10110
4.12,1.88,0.8293,0.0000,0.00000,0.10340
4.38,1.88,0.9217,0.0000,0.00000,0.11956
4.62,1.88,0.9751,0.0000,0.00000,0.12467
4.88,1.88,0.9463,0.0000,0.00000,0.12371
5.12,1.88,0.9584,0.0000,0.00000,0.13395
5.38,1.88,1.0238,0.0000,0.00000,0.14830
5.62,1.88,1.0364,0.0000,0.00000,0.15445
5.88,1.88,1.0370,0.0000,0.00000,0.16068
6.12,1.88,1.1187,0.0000,0.00000,0.18036
6.38,1.88,1.1244,0.0000,0.00000,0.18435
6.62,1.88,1.1820,0.0000,0.00000,0.18800
6.88,1.88,1.2742,0.0000,0.00000,0.20492
7.12,1.88,0.8871,0.0000,0.00000,0.15789
7.38,1.88,0.3922,0.0000,0.00000,0.08054
2.62,2.12,0.0300,0.0000,0.00000,0.00206
2.88,2.12,0.1411,0.0000,0.00000,0.01081
3.12,2.12,0.4326,0.0000,0.00000,0.03716
3.38,2.12,0.7962,0.0000,0.00000,0.07355
3.62,2.12,0.9529,0.0000,0.00000,0.08806
3.88,2.12,0.8957,0.0000,0.00000,0.07955
4.12,2.12,0.8550,0.0000,0.00000,0.07995
4.38,2.12,0.9511,0.0000,0.00000,0.09521
4.62,2.12,1.0383,0.0000,0.00000,0.10267
4.88,2.12,1.0133,0.0000,0.00000,0.10151
5.12,2.12,1.0124,0.0000,0.00000,0.10923
5.38,2.12,1.0857,0.0000,0.00000,0.12231
5.62,2.12,1.1033,0.0000,0.00000,0.12740
5.88,2.12,1.1041,0.0000,0.00000,0.13262
6.12,2.12,1.1819,0.0000,0.00000,0.14966
6.38,2.12,1.1792,0.0000,0.00000,0.15230
6.62,2.12,1.2634,0.0000,0.00000,0.15562
6.88,2.12,1.3680,0.0000,0.00000,0.16919
7.12,2.12,0.9201,0.0000,0.00000,0.12735
7.38,2.12,0.3827,0.0000,0.00000,0.06297
2.62,2.38,0.0178,0.0000,0.00000,0.00087
2.88,2.38,0.0998,0.0000,0.00000,0.00566
3.12,2.38,0.3654,0.0000,0.00000,0.02341
3.38,2.38,0.7649,0.0000,0.00000,0.05226
3.62,2.38,0.9862,0.0000,0.00000,0.06710
3.88,2.38,0.9438,0.0000,0.00000,0.06184
4.12,2.38,0.8712,0.0000,0.00000,0.06137
4.38,2.38,0.9595,0.0000,0.00000,0.07448
4.62,2.38,1.0805,0.0000,0.00000,0.08379
4.88,2.38,1.0656,0.0000,0.00000,0.08387
5.12,2.38,1.0440,0.0000,0.00000,0.08840
5.38,2.38,1.1142,0.0000,0.00000,0.09931
5.62,2.38,1.1354,0.0000,0.00000,0.10379
5.88,2.38,1.1350,0.0000,0.00000,0.10748
6.12,2.38,1.2015,0.0000,0.00000,0.11930
6.38,2.38,1.1821,0.0000,0.00000,0.11913
6.62,2.38,1.2828,0.0000,0.00000,0.12338
6.88,2.38,1.4083,0.0000,0.00000,0.13665
7.12,2.38,0.9440,0.0000,0.00000,0.10320
7.38,2.38,0.3878,0.0000,0.00000,0.05096
2.62,2.62,0.0099,0.0000,0.00000,0.00035
2.88,2.62,0.0681,0.0000,0.00000,0.00278
3.12,2.62,0.2957,0.0000,0.00000,0.01330
3.38,2.62,0.6995,0.0000,0.00000,0.03358
3.62,2.62,0.9859,0.0000,0.00000,0.04831
3.88,2.62,0.9818,0.0000,0.00000,0.04795
4.12,2.62,0.8822,0.0000,0.00000,0.04763
4.38,2.62,0.9445,0.0000,0.00000,0.05796
4.62,2.62,1.0903,0.0000,0.00000,0.06867
4.88,2.62,1.0994,0.0000,0.00000,0.07119
5.12,2.62,1.0651,0.0000,0.00000,0.07232
5.38,2.62,1.1255,0.0000,0.00000,0.07945
5.62,2.62,1.1523,0.0000,0.00000,0.08431
5.88,2.62,1.1615,0.0000,0.00000,0.08859
6.12,2.62,1.2240,0.0000,0.00000,0.09763
6.38,2.62,1.1828,0.0000,0.00000,0.09540
6.62,2.62,1.2851,0.0000,0.00000,0.09966
6.88,2.62,1.4276,0.0000,0.00000,0.11217
7.12,2.62,0.9632,0.0000,0.00000,0.08427
7.38,2.62,0.3977,0.0000,0.00000,0.04105
2.62,2.88,0.0054,0.0000,0.00000,0.00015
2.88,2.88,0.0457,0.0000,0.00000,0.00140
3.12,2.88,0.2295,0.0000,0.00000,0.00757
3.38,2.88,0.6145,0.0000,0.00000,0.02169
3.62,2.88,0.9615,0.0000,0.00000,0.03541
3.88,2.88,1.0130,0.0000,0.00000,0.03841
4.12,2.88,0.9007,0.0000,0.00000,0.03793
4.38,2.88,0.9326,0.0000,0.00000,0.04519
4.62,2.88,1.0894,0.0000,0.00000,0.05621
4.88,2.88,1.1220,0.0000,0.00000,0.06088
5.12,2.88,1.0815,0.0000,0.00000,0.06035
5.38,2.88,1.1316,0.0000,0.00000,0.06429
5.62,2.88,1.1655,0.0000,0.00000,0.06898
5.88,2.88,1.1901,0.0000,0.00000,0.07378
6.12,2.88,1.2574,0.0000,0.00000,0.08158
6.38,2.88,1.1984,0.0000,0.00000,0.07817
6.62,2.88,1.2983,0.0000,0.00000,0.08140
6.88,2.88,1.4548,0.0000,0.00000,0.09297
7.12,2.88,0.9851,0.0000,0.00000,0.06978
7.38,2.88,0.4069,0.0000,0.00000,0.03364
2.62,3.12,0.0030,0.0000,0.00000,0.00009
2.88,3.12,0.0298,0.0000,0.00000,0.00092
3.12,3.12,0.1709,0.0000,0.00000,0.00530
3.38,3.12,0.5256,0.0000,0.00000,0.01636
3.62,3.12,0.9237,0.0000,0.00000,0.02911
3.88,3.12,1.0396,0.0000,0.00000,0.03387
4.12,3.12,0.9324,0.0000,0.00000,0.03271
4.38,3.12,0.9356,0.0000,0.00000,0.03648
4.62,3.12,1.0917,0.0000,0.00000,0.04612
4.88,3.12,1.1448,0.0000,0.00000,0.05177
5.12,3.12,1.1055,0.0000,0.00000,0.05153
5.38,3.12,1.1521,0.0000,0.00000,0.05357
5.62,3.12,1.1921,0.0000,0.00000,0.05715
5.88,3.12,1.2243,0.0000,0.00000,0.06162
6.12,3.12,1.2928,0.0000,0.00000,0.06815
6.38,3.12,1.2243,0.0000,0.00000,0.06433
6.62,3.12,1.3245,0.0000,0.00000,0.06583
6.88,3.12,1.4867,0.0000,0.00000,0.07560
7.12,3.12,1.0027,0.0000,0.00000,0.05773
7.38,3.12,0.4102,0.0000,0.00000,0.02837
2.62,3.38,0.0016,0.0000,0.00000,0.00005
2.88,3.38,0.0182,0.0000,0.00000,0.00052
3.12,3.38,0.1211,0.0000,0.00000,0.00338
3.38,3.38,0.4374,0.0000,0.00000,0.01196
3.62,3.38,0.8729,0.0000,0.00000,0.02389
3.88,3.38,1.0630,0.0000,0.00000,0.02972
4.12,3.38,0.9708,0.0000,0.00000,0.02817
4.38,3.38,0.9394,0.0000,0.00000,0.02946
4.62,3.38,1.0882,0.0000,0.00000,0.03740
4.88,3.38,1.1680,0.0000,0.00000,0.04331
5.12,3.38,1.1387,0.0000,0.00000,0.04416
5.38,3.38,1.1779,0.0000,0.00000,0.04582
5.62,3.38,1.2132,0.0000,0.00000,0.04845
5.88,3.38,1.2483,0.0000,0.00000,0.05137
6.12,3.38,1.3210,0.0000,0.00000,0.05585
6.38,3.38,1.2541,0.0000,0.00000,0.05311
6.62,3.38,1.3609,0.0000,0.00000,0.05497
6.88,3.38,1.5272,0.0000,0.00000,0.06363
7.12,3.38,1.0262,0.0000,0.00000,0.04939
7.38,3.38,0.4171,0.0000,0.00000,0.02478
2.62,3.62,0.0008,0.0000,0.00000,0.00002
2.88,3.62,0.0103,0.0000,0.00000,0.00022
3.12,3.62,0.0816,0.0000,0.00000,0.00182
3.38,3.62,0.3486,0.0000,0.00000,0.00796
3.62,3.62,0.7972,0.0000,0.00000,0.01828
3.88,3.62,1.0754,0.0000,0.00000,0.02455
4.12,3.62,1.0215,0.0000,0.00000,0.02369
4.38,3.62,0.9560,0.0000,0.00000,0.02441
4.62,3.62,1.0902,0.0000,0.00000,0.03160
4.88,3.62,1.1944,0.0000,0.00000,0.03745
5.12,3.62,1.1732,0.0000,0.00000,0.03846
5.38,3.62,1.1980,0.0000,0.00000,0.04015
5.62,3.62,1.2297,0.0000,0.00000,0.04288
5.88,3.62,1.2706,0.0000,0.00000,0.04485
6.12,3.62,1.3468,0.0000,0.00000,0.04746
6.38,3.62,1.2802,0.0000,0.00000,0.04563
6.62,3.62,1.3868,0.0000,0.00000,0.04878
6.88,3.62,1.5567,0.0000,0.00000,0.05649
7.12,3.62,1.0520,0.0000,0.00000,0.04335
7.38,3.62,0.4321,0.0000,0.00000,0.02152
2.62,3.88,0.0004,0.0000,0.00000,0.00001
2.88,3.88,0.0056,0.0000,0.00000,0.00010
3.12,3.88,0.0534,0.0000,0.00000,0.00107
3.38,3.88,0.2667,0.0000,0.00000,0.00550
3.62,3.88,0.7028,0.0000,0.00000,0.01411
3.88,3.88,1.0679,0.0000,0.00000,0.02094
4.12,3.88,1.0755,0.0000,0.00000,0.02148
4.38,3.88,0.9817,0.0000,0.00000,0.02162
4.62,3.88,1.0887,0.0000,0.00000,0.02779
4.88,3.88,1.2104,0.0000,0.00000,0.03344
5.12,3.88,1.2018,0.0000,0.00000,0.03426
5.38,3.88,1.2197,0.0000,0.00000,0.03562
5.62,3.88,1.2541,0.0000,0.00000,0.03850
5.88,3.88,1.3000,0.0000,0.00000,0.04066
6.12,3.88,1.3774,0.0000,0.00000,0.04221
6.38,3.88,1.3084,0.0000,0.00000,0.04030
6.62,3.88,1.4046,0.0000,0.00000,0.04418
6.88,3.88,1.5727,0.0000,0.00000,0.05086
7.12,3.88,1.0747,0.0000,0.00000,0.03784
7.38,3.88,0.4507,0.0000,0.00000,0.01816
2.62,4.12,0.0002,0.0000,0.00000,0.00000
2.88,4.12,0.0031,0.0000,0.00000,0.00006
3.12,4.12,0.0343,0.0000,0.00000,0.00069
3.38,4.12,0.1985,0.0000,0.00000,0.00392
3.62,4.12,0.6044,0.0000,0.00000,0.01125
3.88,4.12,1.0359,0.0000,0.00000,0.01896
4.12,4.12,1.1156,0.0000,0.00000,0.02109
4.38,4.12,1.0059,0.0000,0.00000,0.02048
4.62,4.12,1.0805,0.0000,0.00000,0.02525
4.88,4.12,1.2188,0.0000,0.00000,0.03074
5.12,4.12,1.2294,0.0000,0.00000,0.03182
5.38,4.12,1.2431,0.0000,0.00000,0.03266
5.62,4.12,1.2732,0.0000,0.00000,0.03473
5.88,4.12,1.3202,0.0000,0.00000,0.03647
6.12,4.12,1.4006,0.0000,0.00000,0.03732
6.38,4.12,1.3287,0.0000,0.00000,0.03497
6.62,4.12,1.4154,0.0000,0.00000,0.03858
6.88,4.12,1.5892,0.0000,0.00000,0.04496
7.12,4.12,1.1067,0.0000,0.00000,0.03342
7.38,4.12,0.4788,0.0000,0.00000,0.01593
2.62,4.38,0.0001,0.0000,0.00000,0.00000
2.88,4.38,0.0017,0.0000,0.00000,0.00004
3.12,4.38,0.0218,0.0000,0.00000,0.00047
3.38,4.38,0.1456,0.0000,0.00000,0.00288
3.62,4.38,0.5098,0.0000,0.00000,0.00914
3.88,4.38,0.9784,0.0000,0.00000,0.01692
4.12,4.38,1.1354,0.0000,0.00000,0.02008
4.38,4.38,1.0339,0.0000,0.00000,0.01997
4.62,4.38,1.0779,0.0000,0.00000,0.02410
4.88,4.38,1.2266,0.0000,0.00000,0.02877
5.12,4.38,1.2561,0.0000,0.00000,0.02929
5.38,4.38,1.2679,0.0000,0.00000,0.02973
5.62,4.38,1.2948,0.0000,0.00000,0.03138
5.88,4.38,1.3413,0.0000,0.00000,0.03271
6.12,4.38,1.4249,0.0000,0.00000,0.03380
6.38,4.38,1.3487,0.0000,0.00000,0.03187
6.62,4.38,1.4204,0.0000,0.00000,0.03469
6.88,4.38,1.6008,0.0000,0.00000,0.04047
7.12,4.38,1.1443,0.0000,0.00000,0.03031
7.38,4.38,0.5154,0.0000,0.00000,0.01453
2.62,4.62,0.0000,0.0000,0.00000,0.00000
2.88,4.62,0.0010,0.0000,0.00000,0.00003
3.12,4.62,0.0139,0.0000,0.00000,0.00037
3.38,4.62,0.1066,0.0000,0.00000,0.00240
3.62,4.62,0.4255,0.0000,0.00000,0.00815
3.88,4.62,0.9086,0.0000,0.00000,0.01585
4.12,4.62,1.1439,0.0000,0.00000,0.01951
4.38,4.62,1.0667,0.0000,0.00000,0.01933
4.62,4.62,1.0748,0.0000,0.00000,0.02189
4.88,4.62,1.2256,0.0000,0.00000,0.02554
5.12,4.62,1.2793,0.0000,0.00000,0.02572
5.38,4.62,1.2932,0.0000,0.00000,0.02638
5.62,4.62,1.3128,0.0000,0.00000,0.02825
5.88,4.62,1.3536,0.0000,0.00000,0.02952
6.12,4.62,1.4461,0.0000,0.00000,0.03164
6.38,4.62,1.3779,0.0000,0.00000,0.03053
6.62,4.62,1.4376,0.0000,0.00000,0.03184
6.88,4.62,1.6240,0.0000,0.00000,0.03613
7.12,4.62,1.1914,0.0000,0.00000,0.02717
7.38,4.62,0.5575,0.0000,0.00000,0.01318
2.62,4.88,0.0000,0.0000,0.00000,0.00000
2.88,4.88,0.0005,0.0000,0.00000,0.00002
3.12,4.88,0.0087,0.0000,0.00000,0.00023
3.38,4.88,0.0762,0.0000,0.00000,0.00174
3.62,4.88,0.3470,0.0000,0.00000,0.00686
3.88,4.88,0.8296,0.0000,0.00000,0.01471
4.12,4.88,1.1466,0.0000,0.00000,0.01909
4.38,4.88,1.1082,0.0000,0.00000,0.01843
4.62,4.88,1.0823,0.0000,0.00000,0.01880
4.88,4.88,1.2263,0.0000,0.00000,0.02164
5.12,4.88,1.3017,0.0000,0.00000,0.02273
5.38,4.88,1.3188,0.0000,0.00000,0.02416
5.62,4.88,1.3283,0.0000,0.00000,0.02598
5.88,4.88,1.3633,0.0000,0.00000,0.02709
6.12,4.88,1.4677,0.0000,0.00000,0.02972
6.38,4.88,1.4076,0.0000,0.00000,0.02873
6.62,4.88,1.4519,0.0000,0.00000,0.02836
6.88,4.88,1.6448,0.0000,0.00000,0.03142
7.12,4.88,1.2377,0.0000,0.00000,0.02436
7.38,4.88,0.5991,0.0000,0.00000,0.01236
2.62,5.12,0.0000,0.0000,0.00000,0.00000
2.88,5.12,0.0003,0.0000,0.00000,0.00001
3.12,5.12,0.0052,0.0000,0.00000,0.00012
3.38,5.12,0.0536,0.0000,0.00000,0.00118
3.62,5.12,0.2763,0.0000,0.00000,0.00565
3.88,5.12,0.7409,0.0000,0.00000,0.01332
4.12,5.12,1.1303,0.0000,0.00000,0.01785
4.38,5.12,1.1498,0.0000,0.00000,0.01697
4.62,5.12,1.1035,0.0000,0.00000,0.01659
4.88,5.12,1.2287,0.0000,0.00000,0.01926
5.12,5.12,1.3205,0.0000,0.00000,0.02127
5.38,5.12,1.3493,0.0000,0.00000,0.02329
5.62,5.12,1.3539,0.0000,0.00000,0.02487
5.88,5.12,1.3824,0.0000,0.00000,0.02570
6.12,5.12,1.4929,0.0000,0.00000,0.02798
6.38,5.12,1.4332,0.0000,0.00000,0.02658
6.62,5.12,1.4510,0.0000,0.00000,0.02541
6.88,5.12,1.6445,0.0000,0.00000,0.02834
7.12,5.12,1.2741,0.0000,0.00000,0.02324
7.38,5.12,0.6404,0.0000,0.00000,0.01259
2.62,5.38,0.0000,0.0000,0.00000,0.00000
2.88,5.38,0.0001,0.0000,0.00000,0.00000
3.12,5.38,0.0032,0.0000,0.00000,0.00008
3.38,5.38,0.0378,0.0000,0.00000,0.00093
3.62,5.38,0.2175,0.0000,0.00000,0.00487
3.88,5.38,0.6529,0.0000,0.00000,0.01202
4.12,5.38,1.0989,0.0000,0.00000,0.01655
4.38,5.38,1.1854,0.0000,0.00000,0.01588
4.62,5.38,1.1293,0.0000,0.00000,0.01533
4.88,5.38,1.2273,0.0000,0.00000,0.01774
5.12,5.38,1.3311,0.0000,0.00000,0.01995
5.38,5.38,1.3761,0.0000,0.00000,0.02183
5.62,5.38,1.3763,0.0000,0.00000,0.02323
5.88,5.38,1.3954,0.0000,0.00000,0.02406
6.12,5.38,1.5151,0.0000,0.00000,0.02607
6.38,5.38,1.4620,0.0000,0.00000,0.02476
6.62,5.38,1.4553,0.0000,0.00000,0.02359
6.88,5.38,1.6502,0.0000,0.00000,0.02672
7.12,5.38,1.3170,0.0000,0.00000,0.02304
7.38,5.38,0.6865,0.0000,0.00000,0.01316
2.62,5.62,0.0000,0.0000,0.00000,0.00000
2.88,5.62,0.0001,0.0000,0.00000,0.00000
3.12,5.62,0.0021,0.0000,0.00000,0.00004
3.38,5.62,0.0269,0.0000,0.00000,0.00057
3.62,5.62,0.1718,0.0000,0.00000,0.00322
3.88,5.62,0.5740,0.0000,0.00000,0.00896
4.12,5.62,1.0568,0.0000,0.00000,0.01414
4.38,5.62,1.2071,0.0000,0.00000,0.01500
4.62,5.62,1.1525,0.0000,0.00000,0.01483
4.88,5.62,1.2251,0.0000,0.00000,0.01701
5.12,5.62,1.3392,0.0000,0.00000,0.01901
5.38,5.62,1.4005,0.0000,0.00000,0.02025
5.62,5.62,1.3932,0.0000,0.00000,0.02107
5.88,5.62,1.4046,0.0000,0.00000,0.02199
6.12,5.62,1.5402,0.0000,0.00000,0.02432
6.38,5.62,1.4965,0.0000,0.00000,0.02375
6.62,5.62,1.4648,0.0000,0.00000,0.02269
6.88,5.62,1.6599,0.0000,0.00000,0.02540
7.12,5.62,1.3623,0.0000,0.00000,0.02209
7.38,5.62,0.7335,0.0000,0.00000,0.01279
2.62,5.88,0.0000,0.0000,0.00000,0.00000
2.88,5.88,0.0000,0.0000,0.00000,0.00000
3.12,5.88,0.0014,0.0000,0.00000,0.00002
3.38,5.88,0.0198,0.0000,0.00000,0.00027
3.62,5.88,0.1385,0.0000,0.00000,0.00179
3.88,5.88,0.5070,0.0000,0.00000,0.00622
4.12,5.88,1.0079,0.0000,0.00000,0.01196
4.38,5.88,1.2194,0.0000,0.00000,0.01448
4.62,5.88,1.1793,0.0000,0.00000,0.01500
4.88,5.88,1.2289,0.0000,0.00000,0.01700
5.12,5.88,1.3496,0.0000,0.00000,0.01892
5.38,5.88,1.4299,0.0000,0.00000,0.02019
5.62,5.88,1.4134,0.0000,0.00000,0.02068
5.88,5.88,1.4076,0.0000,0.00000,0.02126
6.12,5.88,1.5527,0.0000,0.00000,0.02363
6.38,5.88,1.5220,0.0000,0.00000,0.02329
6.62,5.88,1.4677,0.0000,0.00000,0.02176
6.88,5.88,1.6645,0.0000,0.00000,0.02384
7.12,5.88,1.4084,0.0000,0.00000,0.02070
7.38,5.88,0.7838,0.0000,0.00000,0.01200
2.62,6.12,0.0000,0.0000,0.00000,0.00000
2.88,6.12,0.0000,0.0000,0.00000,0.00000
3.12,6.12,0.0009,0.0000,0.00000,0.00001
3.38,6.12,0.0143,0.0000,0.00000,0.00015
3.62,6.12,0.1105,0.0000,0.00000,0.00123
3.88,6.12,0.4428,0.0000,0.00000,0.00503
4.12,6.12,0.9513,0.0000,0.00000,0.01107
4.38,6.12,1.2254,0.0000,0.00000,0.01478
4.62,6.12,1.2100,0.0000,0.00000,0.01542
4.88,6.12,1.2400,0.0000,0.00000,0.01667
5.12,6.12,1.3613,0.0000,0.00000,0.01911
5.38,6.12,1.4590,0.0000,0.00000,0.02186
5.62,6.12,1.4382,0.0000,0.00000,0.02273
5.88,6.12,1.4142,0.0000,0.00000,0.02257
6.12,6.12,1.5657,0.0000,0.00000,0.02467
6.38,6.12,1.5495,0.0000,0.00000,0.02414
6.62,6.12,1.4711,0.0000,0.00000,0.02149
6.88,6.12,1.6718,0.0000,0.00000,0.02296
7.12,6.12,1.4621,0.0000,0.00000,0.02028
7.38,6.12,0.8408,0.0000,0.00000,0.01198
2.62,6.38,0.0000,0.0000,0.00000,0.00000
2.88,6.38,0.0000,0.0000,0.00000,0.00000
3.12,6.38,0.0006,0.0000,0.00000,0.00001
3.38,6.38,0.0102,0.0000,0.00000,0.00011
3.62,6.38,0.0878,0.0000,0.00000,0.00098
3.88,6.38,0.3840,0.0000,0.00000,0.00443
4.12,6.38,0.8896,0.0000,0.00000,0.01087
4.38,6.38,1.2236,0.0000,0.00000,0.01584
4.62,6.38,1.2447,0.0000,0.00000,0.01644
4.88,6.38,1.2520,0.0000,0.00000,0.01651
5.12,6.38,1.3664,0.0000,0.00000,0.01913
5.38,6.38,1.4865,0.0000,0.00000,0.02312
5.62,6.38,1.4679,0.0000,0.00000,0.02427
5.88,6.38,1.4267,0.0000,0.00000,0.02341
6.12,6.38,1.5868,0.0000,0.00000,0.02576
6.38,6.38,1.5876,0.0000,0.00000,0.02548
6.62,6.38,1.4764,0.0000,0.00000,0.02190
6.88,6.38,1.6757,0.0000,0.00000,0.02313
7.12,6.38,1.5169,0.0000,0.00000,0.02111
7.38,6.38,0.9012,0.0000,0.00000,0.01284
2.62,6.62,0.0000,0.0000,0.00000,0.00000
2.88,6.62,0.0000,0.0000,0.00000,0.00000
3.12,6.62,0.0004,0.0000,0.00000,0.00000
3.38,6.62,0.0077,0.0000,0.00000,0.00008
3.62,6.62,0.0716,0.0000,0.00000,0.00080
3.88,6.62,0.3355,0.0000,0.00000,0.00401
4.12,6.62,0.8269,0.0000,0.00000,0.01085
4.38,6.62,1.2102,0.0000,0.00000,0.01691
4.62,6.62,1.2787,0.0000,0.00000,0.01751
4.88,6.62,1.2684,0.0000,0.00000,0.01665
5.12,6.62,1.3691,0.0000,0.00000,0.01872
5.38,6.62,1.5130,0.0000,0.00000,0.02221
5.62,6.62,1.5019,0.0000,0.00000,0.02278
5.88,6.62,1.4352,0.0000,0.00000,0.02170
6.12,6.62,1.6005,0.0000,0.00000,0.02420
6.38,6.62,1.6233,0.0000,0.00000,0.02417
6.62,6.62,1.4753,0.0000,0.00000,0.02085
6.88,6.62,1.6650,0.0000,0.00000,0.02285
7.12,6.62,1.5604,0.0000,0.00000,0.02189
7.38,6.62,0.9569,0.0000,0.00000,0.01375
2.62,6.88,0.0000,0.0000,0.00000,0.00000
2.88,6.88,0.0000,0.0000,0.00000,0.00000
3.12,6.88,0.0003,0.0000,0.00000,0.00000
3.38,6.88,0.0060,0.0000,0.00000,0.00006
3.62,6.88,0.0600,0.0000,0.00000,0.00068
3.88,6.88,0.2960,0.0000,0.00000,0.00367
4.12,6.88,0.7681,0.0000,0.00000,0.01051
4.38,6.88,1.1905,0.0000,0.00000,0.01708
4.62,6.88,1.3091,0.0000,0.00000,0.01807
4.88,6.88,1.2862,0.0000,0.00000,0.01702
5.12,6.88,1.3662,0.0000,0.00000,0.01860
5.38,6.88,1.5297,0.0000,0.00000,0.02118
5.62,6.88,1.5323,0.0000,0.00000,0.02081
5.88,6.88,1.4435,0.0000,0.00000,0.01948
6.12,6.88,1.6126,0.0000,0.00000,0.02175
6.38,6.88,1.6582,0.0000,0.00000,0.02199
6.62,6.88,1.4756,0.0000,0.00000,0.01917
6.88,6.88,1.6575,0.0000,0.00000,0.02164
7.12,6.88,1.6109,0.0000,0.00000,0.02159
7.38,6.88,1.0195,0.0000,0.00000,0.01394
2.62,7.12,0.0000,0.0000,0.00000,0.00000
2.88,7.12,0.0000,0.0000,0.00000,0.00000
3.12,7.12,0.0002,0.0000,0.00000,0.00000
3.38,7.12,0.0049,0.0000,0.00000,0.00005
3.62,7.12,0.0514,0.0000,0.00000,0.00058
3.88,7.12,0.2656,0.0000,0.00000,0.00323
4.12,7.12,0.7227,0.0000,0.00000,0.00948
4.38,7.12,1.1773,0.0000,0.00000,0.01611
4.62,7.12,1.3381,0.0000,0.00000,0.01828
4.88,7.12,1.3059,0.0000,0.00000,0.01793
5.12,7.12,1.3655,0.0000,0.00000,0.01912
5.38,7.12,1.5431,0.0000,0.00000,0.02095
5.62,7.12,1.5586,0.0000,0.00000,0.02022
5.88,7.12,1.4463,0.0000,0.00000,0.01871
6.12,7.12,1.6183,0.0000,0.00000,0.02078
6.38,7.12,1.6927,0.0000,0.00000,0.02130
6.62,7.12,1.4813,0.0000,0.00000,0.01829
6.88,7.12,1.6608,0.0000,0.00000,0.02031
7.12,7.12,1.6788,0.0000,0.00000,0.02063
7.38,7.12,1.0969,0.0000,0.00000,0.01356
2.62,7.38,0.0000,0.0000,0.00000,0.00000
2.88,7.38,0.0000,0.0000,0.00000,0.00000
3.12,7.38,0.0002,0.0000,0.00000,0.00000
3.38,7.38,0.0040,0.0000,0.00000,0.00004
3.62,7.38,0.0445,0.0000,0.00000,0.00049
3.88,7.38,0.2394,0.0000,0.00000,0.00279
4.12,7.38,0.6788,0.0000,0.00000,0.00839
4.38,7.38,1.1554,0.0000,0.00000,0.01488
4.62,7.38,1.3560,0.0000,0.00000,0.01797
4.88,7.38,1.3260,0.0000,0.00000,0.01847
5.12,7.38,1.3687,0.0000,0.00000,0.01941
5.38,7.38,1.5560,0.0000,0.00000,0.02070
5.62,7.38,1.5873,0.0000,0.00000,0.02005
5.88,7.38,1.4512,0.0000,0.00000,0.01849
6.12,7.38,1.6253,0.0000,0.00000,0.02059
6.38,7.38,1.7310,0.0000,0.00000,0.02142
6.62,7.38,1.4832,0.0000,0.00000,0.01788
6.88,7.38,1.6521,0.0000,0.00000,0.01924
7.12,7.38,1.7380,0.0000,0.00000,0.01993
7.38,7.38,1.1709,0.0000,0.00000,0.01336
2.62,7.62,0.0000,0.0000,0.00000,0.00000
2.88,7.62,0.0000,0.0000,0.00000,0.00000
3.12,7.62,0.0001,0.0000,0.00000,0.00000
3.38,7.62,0.0034,0.0000,0.00000,0.00004
3.62,7.62,0.0390,0.0000,0.00000,0.00042
3.88,7.62,0.2174,0.0000,0.00000,0.00248
4.12,7.62,0.6396,0.0000,0.00000,0.00779
4.38,7.62,1.1331,0.0000,0.00000,0.01425
4.62,7.62,1.3764,0.0000,0.00000,0.01752
4.88,7.62,1.3591,0.0000,0.00000,0.01795
5.12,7.62,1.3793,0.0000,0.00000,0.01849
5.38,7.62,1.5697,0.0000,0.00000,0.01999
5.62,7.62,1.6219,0.0000,0.00000,0.01993
5.88,7.62,1.4632,0.0000,0.00000,0.01831
6.12,7.62,1.6359,0.0000,0.00000,0.02066
6.38,7.62,1.7707,0.0000,0.00000,0.02206
6.62,7.62,1.4841,0.0000,0.00000,0.01781
6.88,7.62,1.6411,0.0000,0.00000,0.01831
7.12,7.62,1.7934,0.0000,0.00000,0.01934
7.38,7.62,1.2414,0.0000,0.00000,0.01325
2.62,7.88,0.0000,0.0000,0.00000,0.00000
2.88,7.88,0.0000,0.0000,0.00000,0.00000
3.12,7.88,0.0001,0.0000,0.00000,0.00000
3.38,7.88,0.0029,0.0000,0.00000,0.00003
3.62,7.88,0.0348,0.0000,0.00000,0.00037
3.88,7.88,0.1989,0.0000,0.00000,0.00227
4.12,7.88,0.6037,0.0000,0.00000,0.00731
4.38,7.88,1.1094,0.0000,0.00000,0.01373
4.62,7.88,1.3963,0.0000,0.00000,0.01721
4.88,7.88,1.4006,0.0000,0.00000,0.01744
5.12,7.88,1.3992,0.0000,0.00000,0.01744
5.38,7.88,1.5876,0.0000,0.00000,0.01924
5.62,7.88,1.6603,0.0000,0.00000,0.01990
5.88,7.88,1.4771,0.0000,0.00000,0.01810
6.12,7.88,1.6430,0.0000,0.00000,0.02027
6.38,7.88,1.8055,0.0000,0.00000,0.02204
6.62,7.88,1.4853,0.0000,0.00000,0.01747
6.88,7.88,1.6376,0.0000,0.00000,0.01773
7.12,7.88,1.8555,0.0000,0.00000,0.01932
7.38,7.88,1.3147,0.0000,0.00000,0.01353
2.62,8.12,0.0000,0.0000,0.00000,0.00000
2.88,8.12,0.0000,0.0000,0.00000,0.00000
3.12,8.12,0.0001,0.0000,0.00000,0.00000
3.38,8.12,0.0026,0.0000,0.00000,0.00003
3.62,8.12,0.0318,0.0000,0.00000,0.00035
3.88,8.12,0.1847,0.0000,0.00000,0.00213
4.12,8.12,0.5732,0.0000,0.00000,0.00688
4.38,8.12,1.0845,0.0000,0.00000,0.01314
4.62,8.12,1.4072,0.0000,0.00000,0.01679
4.88,8.12,1.4296,0.0000,0.00000,0.01694
5.12,8.12,1.4077,0.0000,0.00000,0.01665
5.38,8.12,1.5995,0.0000,0.00000,0.01856
5.62,8.12,1.6980,0.0000,0.00000,0.01960
5.88,8.12,1.4892,0.0000,0.00000,0.01747
6.12,8.12,1.6477,0.0000,0.00000,0.01917
6.38,8.12,1.8398,0.0000,0.00000,0.02102
6.62,8.12,1.4872,0.0000,0.00000,0.01668
6.88,8.12,1.6342,0.0000,0.00000,0.01760
7.12,8.12,1.9150,0.0000,0.00000,0.02021
7.38,8.12,1.3849,0.0000,0.00000,0.01453
2.62,8.38,0.0000,0.0000,0.00000,0.00000
2.88,8.38,0.0000,0.0000,0.00000,0.00000
3.12,8.38,0.0001,0.0000,0.00000,0.00000
3.38,8.38,0.0024,0.0000,0.00000,0.00003
3.62,8.38,0.0299,0.0000,0.00000,0.00034
3.88,8.38,0.1768,0.0000,0.00000,0.00206
4.12,8.38,0.5568,0.0000,0.00000,0.00664
4.38,8.38,1.0703,0.0000,0.00000,0.01273
4.62,8.38,1.4137,0.0000,0.00000,0.01639
4.88,8.38,1.4470,0.0000,0.00000,0.01648
5.12,8.38,1.4051,0.0000,0.00000,0.01601
5.38,8.38,1.6036,0.0000,0.00000,0.01799
5.62,8.38,1.7327,0.0000,0.00000,0.01926
5.88,8.38,1.5056,0.0000,0.00000,0.01694
6.12,8.38,1.6615,0.0000,0.00000,0.01839
6.38,8.38,1.8821,0.0000,0.00000,0.02031
6.62,8.38,1.4922,0.0000,0.00000,0.01598
6.88,8.38,1.6256,0.0000,0.00000,0.01723
7.12,8.38,1.9647,0.0000,0.00000,0.02064
7.38,8.38,1.4477,0.0000,0.00000,0.01516
2.62,8.62,0.0000,0.0000,0.00000,0.00000
2.88,8.62,0.0000,0.0000,0.00000,0.00000
3.12,8.62,0.0001,0.0000,0.00000,0.00000
3.38,8.62,0.0022,0.0000,0.00000,0.00003
3.62,8.62,0.0285,0.0000,0.00000,0.00033
3.88,8.62,0.1714,0.0000,0.00000,0.00202
4.12,8.62,0.5459,0.0000,0.00000,0.00653
4.38,8.62,1.0590,0.0000,0.00000,0.01258
4.62,8.62,1.4191,0.0000,0.00000,0.01635
4.88,8.62,1.4712,0.0000,0.00000,0.01656
5.12,8.62,1.4133,0.0000,0.00000,0.01582
5.38,8.62,1.6126,0.0000,0.00000,0.01759
5.62,8.62,1.7702,0.0000,0.00000,0.01901
5.88,8.62,1.5274,0.0000,0.00000,0.01661
6.12,8.62,1.6779,0.0000,0.00000,0.01786
6.38,8.62,1.9217,0.0000,0.00000,0.01986
6.62,8.62,1.4973,0.0000,0.00000,0.01547
6.88,8.62,1.6186,0.0000,0.00000,0.01651
7.12,8.62,2.0113,0.0000,0.00000,0.02001
7.38,8.62,1.5059,0.0000,0.00000,0.01482
2.62,8.88,0.0000,0.0000,0.00000,0.00000
2.88,8.88,0.0000,0.0000,0.00000,0.00000
3.12,8.88,0.0001,0.0000,0.00000,0.00000
3.38,8.88,0.0021,0.0000,0.00000,0.00002
3.62,8.88,0.0273,0.0000,0.00000,0.00032
3.88,8.88,0.1660,0.0000,0.00000,0.00202
4.12,8.88,0.5335,0.0000,0.00000,0.00668
4.38,8.88,1.0448,0.0000,0.00000,0.01288
4.62,8.88,1.4249,0.0000,0.00000,0.01672
4.88,8.88,1.5021,0.0000,0.00000,0.01714
5.12,8.88,1.4313,0.0000,0.00000,0.01628
5.38,8.88,1.6305,0.0000,0.00000,0.01780
5.62,8.88,1.8153,0.0000,0.00000,0.01916
5.88,8.88,1.5517,0.0000,0.00000,0.01646
6.12,8.88,1.6888,0.0000,0.00000,0.01748
6.38,8.88,1.9518,0.0000,0.00000,0.01959
6.62,8.88,1.5016,0.0000,0.00000,0.01508
6.88,8.88,1.6172,0.0000,0.00000,0.01562
7.12,8.88,2.0586,0.0000,0.00000,0.01888
7.38,8.88,1.5618,0.0000,0.00000,0.01401
2.62,9.12,0.0000,0.0000,0.00000,0.00000
2.88,9.12,0.0000,0.0000,0.00000,0.00000
3.12,9.12,0.0001,0.0000,0.00000,0.00000
3.38,9.12,0.0020,0.0000,0.00000,0.00002
3.62,9.12,0.0267,0.0000,0.00000,0.00033
3.88,9.12,0.1624,0.0000,0.00000,0.00211
4.12,9.12,0.5228,0.0000,0.00000,0.00694
4.38,9.12,1.0292,0.0000,0.00000,0.01323
4.62,9.12,1.4275,0.0000,0.00000,0.01704
4.88,9.12,1.5311,0.0000,0.00000,0.01767
5.12,9.12,1.4474,0.0000,0.00000,0.01686
5.38,9.12,1.6409,0.0000,0.00000,0.01822
5.62,9.12,1.8494,0.0000,0.00000,0.01959
5.88,9.12,1.5691,0.0000,0.00000,0.01654
6.12,9.12,1.7002,0.0000,0.00000,0.01739
6.38,9.12,1.9885,0.0000,0.00000,0.01968
6.62,9.12,1.5147,0.0000,0.00000,0.01492
6.88,9.12,1.6220,0.0000,0.00000,0.01503
7.12,9.12,2.1041,0.0000,0.00000,0.01832
7.38,9.12,1.6127,0.0000,0.00000,0.01371
2.62,9.38,0.0000,0.0000,0.00000,0.00000
2.88,9.38,0.0000,0.0000,0.00000,0.00000
3.12,9.38,0.0001,0.0000,0.00000,0.00000
3.38,9.38,0.0020,0.0000,0.00000,0.00003
3.62,9.38,0.0267,0.0000,0.00000,0.00040
3.88,9.38,0.1635,0.0000,0.00000,0.00241
4.12,9.38,0.5232,0.0000,0.00000,0.00741
4.38,9.38,1.0247,0.0000,0.00000,0.01340
4.62,9.38,1.4359,0.0000,0.00000,0.01708
4.88,9.38,1.5662,0.0000,0.00000,0.01787
5.12,9.38,1.4678,0.0000,0.00000,0.01682
5.38,9.38,1.6491,0.0000,0.00000,0.01803
5.62,9.38,1.8761,0.0000,0.00000,0.01957
5.88,9.38,1.5823,0.0000,0.00000,0.01644
6.12,9.38,1.7110,0.0000,0.00000,0.01711
6.38,9.38,2.0237,0.0000,0.00000,0.01946
6.62,9.38,1.5271,0.0000,0.00000,0.01468
6.88,9.38,1.6272,0.0000,0.00000,0.01488
7.12,9.38,2.1478,0.0000,0.00000,0.01857
7.38,9.38,1.6610,0.0000,0.00000,0.01407
2.62,9.62,0.0000,0.0000,0.00000,0.00000
2.88,9.62,0.0000,0.0000,0.00000,0.00000
3.12,9.62,0.0001,0.0000,0.00000,0.00000
3.38,9.62,0.0020,0.0000,0.00000,0.00003
3.62,9.62,0.0272,0.0000,0.00000,0.00046
3.88,9.62,0.1668,0.0000,0.00000,0.00267
4.12,9.62,0.5294,0.0000,0.00000,0.00781
4.38,9.62,1.0240,0.0000,0.00000,0.01358
4.62,9.62,1.4398,0.0000,0.00000,0.01740
4.88,9.62,1.5955,0.0000,0.00000,0.01866
5.12,9.62,1.4880,0.0000,0.00000,0.01716
5.38,9.62,1.6603,0.0000,0.00000,0.01768
5.62,9.62,1.9051,0.0000,0.00000,0.01916
5.88,9.62,1.5994,0.0000,0.00000,0.01625
6.12,9.62,1.7251,0.0000,0.00000,0.01710
6.38,9.62,2.0600,0.0000,0.00000,0.01967
6.62,9.62,1.5405,0.0000,0.00000,0.01471
6.88,9.62,1.6325,0.0000,0.00000,0.01492
7.12,9.62,2.1877,0.0000,0.00000,0.01916
7.38,9.62,1.7049,0.0000,0.00000,0.01473
2.62,9.88,0.0000,0.0000,0.00000,0.00000
2.88,9.88,0.0000,0.0000,0.00000,0.00000
3.12,9.88,0.0001,0.0000,0.00000,0.00000
3.38,9.88,0.0021,0.0000,0.00000,0.00003
3.62,9.88,0.0282,0.0000,0.00000,0.00041
3.88,9.88,0.1719,0.0000,0.00000,0.00244
4.12,9.88,0.5385,0.0000,0.00000,0.00722
4.38,9.88,1.0247,0.0000,0.00000,0.01287
4.62,9.88,1.4393,0.0000,0.00000,0.01729
4.88,9.88,1.6186,0.0000,0.00000,0.01940
5.12,9.88,1.5091,0.0000,0.00000,0.01779
5.38,9.88,1.6710,0.0000,0.00000,0.01761
5.62,9.88,1.9312,0.0000,0.00000,0.01893
5.88,9.88,1.6211,0.0000,0.00000,0.01629
6.12,9.88,1.7437,0.0000,0.00000,0.01750
6.38,9.88,2.0960,0.0000,0.00000,0.02045
6.62,9.88,1.5569,0.0000,0.00000,0.01518
6.88,9.88,1.6407,0.0000,0.00000,0.01533
7.12,9.88,2.2224,0.0000,0.00000,0.02011
7.38,9.88,1.7413,0.0000,0.00000,0.01564
2.62,10.12,0.0000,0.0000,0.00000,0.00000
2.88,10.12,0.0000,0.0000,0.00000,0.00000
3.12,10.12,0.0001,0.0000,0.00000,0.00000
3.38,10.12,0.0021,0.0000,0.00000,0.00003
3.62,10.12,0.0292,0.0000,0.00000,0.00036
3.88,10.12,0.1765,0.0000,0.00000,0.00220
4.12,10.12,0.5458,0.0000,0.00000,0.00669
4.38,10.12,1.0254,0.0000,0.00000,0.01222
4.62,10.12,1.4431,0.0000,0.00000,0.01673
4.88,10.12,1.6475,0.0000,0.00000,0.01920
5.12,10.12,1.5387,0.0000,0.00000,0.01803
5.38,10.12,1.6845,0.0000,0.00000,0.01777
5.62,10.12,1.9551,0.0000,0.00000,0.01910
5.88,10.12,1.6467,0.0000,0.00000,0.01656
6.12,10.12,1.7659,0.0000,0.00000,0.01778
6.38,10.12,2.1297,0.0000,0.00000,0.02080
6.62,10.12,1.5724,0.0000,0.00000,0.01532
6.88,10.12,1.6480,0.0000,0.00000,0.01549
7.12,10.12,2.2515,0.0000,0.00000,0.02056
7.38,10.12,1.7721,0.0000,0.00000,0.01606
2.62,10.38,0.0000,0.0000,0.00000,0.00000
2.88,10.38,0.0000,0.0000,0.00000,0.00000
3.12,10.38,0.0001,0.0000,0.00000,0.00000
3.38,10.38,0.0022,0.0000,0.00000,0.00003
3.62,10.38,0.0301,0.0000,0.00000,0.00038
3.88,10.38,0.1815,0.0000,0.00000,0.00230
4.12,10.38,0.5563,0.0000,0.00000,0.00707
4.38,10.38,1.0312,0.0000,0.00000,0.01290
4.62,10.38,1.4463,0.0000,0.00000,0.01724
4.88,10.38,1.6731,0.0000,0.00000,0.01941
5.12,10.38,1.5713,0.0000,0.00000,0.01833
5.38,10.38,1.7011,0.0000,0.00000,0.01807
5.62,10.38,1.9769,0.0000,0.00000,0.01948
5.88,10.38,1.6719,0.0000,0.00000,0.01689
6.12,10.38,1.7860,0.0000,0.00000,0.01760
6.38,10.38,2.1575,0.0000,0.00000,0.02033
6.62,10.38,1.5868,0.0000,0.00000,0.01496
6.88,10.38,1.6580,0.0000,0.00000,0.01514
7.12,10.38,2.2819,0.0000,0.00000,0.02011
7.38,10.38,1.8026,0.0000,0.00000,0.01571
2.62,10.62,0.0000,0.0000,0.00000,0.00000
2.88,10.62,0.0000,0.0000,0.00000,0.00000
3.12,10.62,0.0001,0.0000,0.00000,0.00000
3.38,10.62,0.0022,0.0000,0.00000,0.00003
3.62,10.62,0.0304,0.0000,0.00000,0.00040
3.88,10.62,0.1842,0.0000,0.00000,0.00255
4.12,10.62,0.5669,0.0000,0.00000,0.00809
4.38,10.62,1.0419,0.0000,0.00000,0.01476
4.62,10.62,1.4459,0.0000,0.00000,0.01889
4.88,10.62,1.6880,0.0000,0.00000,0.02049
5.12,10.62,1.6011,0.0000,0.00000,0.01913
5.38,10.62,1.7142,0.0000,0.00000,0.01860
5.62,10.62,1.9932,0.0000,0.00000,0.02010
5.88,10.62,1.7011,0.0000,0.00000,0.01747
6.12,10.62,1.8104,0.0000,0.00000,0.01753
6.38,10.62,2.1825,0.0000,0.00000,0.01989
6.62,10.62,1.6003,0.0000,0.00000,0.01469
6.88,10.62,1.6684,0.0000,0.00000,0.01480
7.12,10.62,2.3091,0.0000,0.00000,0.01957
7.38,10.62,1.8294,0.0000,0.00000,0.01528
2.62,10.88,0.0000,0.0000,0.00000,0.00000
2.88,10.88,0.0000,0.0000,0.00000,0.00000
3.12,10.88,0.0001,0.0000,0.00000,0.00000
3.38,10.88,0.0022,0.0000,0.00000,0.00003
3.62,10.88,0.0298,0.0000,0.00000,0.00043
3.88,10.88,0.1843,0.0000,0.00000,0.00281
4.12,10.88,0.5773,0.0000,0.00000,0.00923
4.38,10.88,1.0572,0.0000,0.00000,0.01657
4.62,10.88,1.4436,0.0000,0.00000,0.02002
4.88,10.88,1.6974,0.0000,0.00000,0.02109
5.12,10.88,1.6324,0.0000,0.00000,0.01973
5.38,10.88,1.7252,0.0000,0.00000,0.01912
5.62,10.88,2.0057,0.0000,0.00000,0.02083
5.88,10.88,1.7405,0.0000,0.00000,0.01824
6.12,10.88,1.8460,0.0000,0.00000,0.01782
6.38,10.88,2.2096,0.0000,0.00000,0.01990
6.62,10.88,1.6156,0.0000,0.00000,0.01471
6.88,10.88,1.6814,0.0000,0.00000,0.01475
7.12,10.88,2.3364,0.0000,0.00000,0.01951
7.38,10.88,1.8553,0.0000,0.00000,0.01527
2.62,11.12,0.0000,0.0000,0.00000,0.00000
2.88,11.12,0.0000,0.0000,0.00000,0.00000
3.12,11.12,0.0001,0.0000,0.00000,0.00000
3.38,11.12,0.0021,0.0000,0.00000,0.00003
3.62,11.12,0.0290,0.0000,0.00000,0.00045
3.88,11.12,0.1844,0.0000,0.00000,0.00300
4.12,11.12,0.5904,0.0000,0.00000,0.00983
4.38,11.12,1.0759,0.0000,0.00000,0.01721
4.62,11.12,1.4372,0.0000,0.00000,0.02002
4.88,11.12,1.7016,0.0000,0.00000,0.02121
5.12,11.12,1.6674,0.0000,0.00000,0.02033
5.38,11.12,1.7322,0.0000,0.00000,0.01941
5.62,11.12,2.0090,0.0000,0.00000,0.02095
5.88,11.12,1.7845,0.0000,0.00000,0.01863
6.12,11.12,1.8863,0.0000,0.00000,0.01821
6.38,11.12,2.2341,0.0000,0.00000,0.02022
6.62,11.12,1.6306,0.0000,0.00000,0.01504
6.88,11.12,1.6962,0.0000,0.00000,0.01530
7.12,11.12,2.3645,0.0000,0.00000,0.02043
7.38,11.12,1.8813,0.0000,0.00000,0.01605
2.62,11.38,0.0000,0.0000,0.00000,0.00000
2.88,11.38,0.0000,0.0000,0.00000,0.00000
3.12,11.38,0.0001,0.0000,0.00000,0.00000
3.38,11.38,0.0020,0.0000,0.00000,0.00003
3.62,11.38,0.0284,0.0000,0.00000,0.00047
3.88,11.38,0.1860,0.0000,0.00000,0.00311
4.12,11.38,0.6076,0.0000,0.00000,0.01010
4.38,11.38,1.1014,0.0000,0.00000,0.01745
4.62,11.38,1.4353,0.0000,0.00000,0.02020
4.88,11.38,1.7077,0.0000,0.00000,0.02199
5.12,11.38,1.7085,0.0000,0.00000,0.02159
5.38,11.38,1.7408,0.0000,0.00000,0.01995
5.62,11.38,2.0082,0.0000,0.00000,0.02095
5.88,11.38,1.8323,0.0000,0.00000,0.01901
6.12,11.38,1.9303,0.0000,0.00000,0.01886
6.38,11.38,2.2589,0.0000,0.00000,0.02100
6.62,11.38,1.6505,0.0000,0.00000,0.01579
6.88,11.38,1.7142,0.0000,0.00000,0.01614
7.12,11.38,2.3894,0.0000,0.00000,0.02153
7.38,11.38,1.9031,0.0000,0.00000,0.01693
2.62,11.62,0.0000,0.0000,0.00000,0.00000
2.88,11.62,0.0000,0.0000,0.00000,0.00000
3.12,11.62,0.0001,0.0000,0.00000,0.00000
3.38,11.62,0.0019,0.0000,0.00000,0.00003
3.62,11.62,0.0276,0.0000,0.00000,0.00047
3.88,11.62,0.1865,0.0000,0.00000,0.00320
4.12,11.62,0.6278,0.0000,0.00000,0.01063
4.38,11.62,1.1380,0.0000,0.00000,0.01847
4.62,11.62,1.4404,0.0000,0.00000,0.02119
4.88,11.62,1.7125,0.0000,0.00000,0.02315
5.12,11.62,1.7516,0.0000,0.00000,0.02293
5.38,11.62,1.7535,0.0000,0.00000,0.02078
5.62,11.62,2.0121,0.0000,0.00000,0.02171
5.88,11.62,1.8890,0.0000,0.00000,0.02030
6.12,11.62,1.9773,0.0000,0.00000,0.02011
6.38,11.62,2.2830,0.0000,0.00000,0.02220
6.62,11.62,1.6759,0.0000,0.00000,0.01677
6.88,11.62,1.7339,0.0000,0.00000,0.01687
7.12,11.62,2.4062,0.0000,0.00000,0.02226
7.38,11.62,1.9160,0.0000,0.00000,0.01748
2.62,11.88,0.0000,0.0000,0.00000,0.00000
2.88,11.88,0.0000,0.0000,0.00000,0.00000
3.12,11.88,0.0001,0.0000,0.00000,0.00000
3.38,11.88,0.0018,0.0000,0.00000,0.00003
3.62,11.88,0.0265,0.0000,0.00000,0.00047
3.88,11.88,0.1854,0.0000,0.00000,0.00331
4.12,11.88,0.6453,0.0000,0.00000,0.01139
4.38,11.88,1.1745,0.0000,0.00000,0.01997
4.62,11.88,1.4447,0.0000,0.00000,0.02238
4.88,11.88,1.7130,0.0000,0.00000,0.02409
5.12,11.88,1.7950,0.0000,0.00000,0.02422
5.38,11.88,1.7621,0.0000,0.00000,0.02196
5.62,11.88,2.0085,0.0000,0.00000,0.02309
5.88,11.88,1.9489,0.0000,0.00000,0.02219
6.12,11.88,2.0224,0.0000,0.00000,0.02171
6.38,11.88,2.2980,0.0000,0.00000,0.02361
6.62,11.88,1.7007,0.0000,0.00000,0.01805
6.88,11.88,1.7566,0.0000,0.00000,0.01808
7.12,11.88,2.4242,0.0000,0.00000,0.02367
7.38,11.88,1.9296,0.0000,0.00000,0.01858
2.62,12.12,0.0000,0.0000,0.00000,0.00000
2.88,12.12,0.0000,0.0000,0.00000,0.00000
3.12,12.12,0.0001,0.0000,0.00000,0.00000
3.38,12.12,0.0017,0.0000,0.00000,0.00003
3.62,12.12,0.0255,0.0000,0.00000,0.00048
3.88,12.12,0.1844,0.0000,0.00000,0.00347
4.12,12.12,0.6617,0.0000,0.00000,0.01240
4.38,12.12,1.2097,0.0000,0.00000,0.02199
4.62,12.12,1.4464,0.0000,0.00000,0.02402
4.88,12.12,1.7086,0.0000,0.00000,0.02532
5.12,12.12,1.8388,0.0000,0.00000,0.02594
5.38,12.12,1.7618,0.0000,0.00000,0.02355
5.62,12.12,1.9878,0.0000,0.00000,0.02462
5.88,12.12,2.0077,0.0000,0.00000,0.02405
6.12,12.12,2.0697,0.0000,0.00000,0.02327
6.38,12.12,2.3114,0.0000,0.00000,0.02535
6.62,12.12,1.7290,0.0000,0.00000,0.02018
6.88,12.12,1.7840,0.0000,0.00000,0.02015
7.12,12.12,2.4446,0.0000,0.00000,0.02578
7.38,12.12,1.9442,0.0000,0.00000,0.02016
2.62,12.38,0.0000,0.0000,0.00000,0.00000
2.88,12.38,0.0000,0.0000,0.00000,0.00000
3.12,12.38,0.0001,0.0000,0.00000,0.00000
3.38,12.38,0.0017,0.0000,0.00000,0.00003
3.62,12.38,0.0244,0.0000,0.00000,0.00047
3.88,12.38,0.1825,0.0000,0.00000,0.00361
4.12,12.38,0.6776,0.0000,0.00000,0.01349
4.38,12.38,1.2462,0.0000,0.00000,0.02444
4.62,12.38,1.4480,0.0000,0.00000,0.02633
4.88,12.38,1.7034,0.0000,0.00000,0.02709
5.12,12.38,1.8856,0.0000,0.00000,0.02795
5.38,12.38,1.7614,0.0000,0.00000,0.02501
5.62,12.38,1.9640,0.0000,0.00000,0.02614
5.88,12.38,2.0707,0.0000,0.00000,0.02631
6.12,12.38,2.1192,0.0000,0.00000,0.02526
6.38,12.38,2.3260,0.0000,0.00000,0.02754
6.62,12.38,1.7703,0.0000,0.00000,0.02278
6.88,12.38,1.8256,0.0000,0.00000,0.02258
7.12,12.38,2.4732,0.0000,0.00000,0.02816
7.38,12.38,1.9631,0.0000,0.00000,0.02190
2.62,12.62,0.0000,0.0000,0.00000,0.00000
2.88,12.62,0.0000,0.0000,0.00000,0.00000
3.12,12.62,0.0001,0.0000,0.00000,0.00000
3.38,12.62,0.0016,0.0000,0.00000,0.00003
3.62,12.62,0.0229,0.0000,0.00000,0.00047
3.88,12.62,0.1789,0.0000,0.00000,0.00371
4.12,12.62,0.6905,0.0000,0.00000,0.01431
4.38,12.62,1.2837,0.0000,0.00000,0.02649
4.62,12.62,1.4594,0.0000,0.00000,0.02853
4.88,12.62,1.7040,0.0000,0.00000,0.02892
5.12,12.62,1.9218,0.0000,0.00000,0.02983
5.38,12.62,1.7474,0.0000,0.00000,0.02599
5.62,12.62,1.9333,0.0000,0.00000,0.02738
5.88,12.62,2.1335,0.0000,0.00000,0.02921
6.12,12.62,2.1613,0.0000,0.00000,0.02793
6.38,12.62,2.3279,0.0000,0.00000,0.02958
6.62,12.62,1.8136,0.0000,0.00000,0.02455
6.88,12.62,1.8721,0.0000,0.00000,0.02469
7.12,12.62,2.5001,0.0000,0.00000,0.03094
7.38,12.62,1.9791,0.0000,0.00000,0.02410
2.62,12.88,0.0000,0.0000,0.00000,0.00000
2.88,12.88,0.0000,0.0000,0.00000,0.00000
3.12,12.88,0.0001,0.0000,0.00000,0.00000
3.38,12.88,0.0015,0.0000,0.00000,0.00003
3.62,12.88,0.0218,0.0000,0.00000,0.00048
3.88,12.88,0.1774,0.0000,0.00000,0.00390
4.12,12.88,0.7064,0.0000,0.00000,0.01540
4.38,12.88,1.3241,0.0000,0.00000,0.02863
4.62,12.88,1.4759,0.0000,0.00000,0.03035
4.88,12.88,1.7024,0.0000,0.00000,0.03058
5.12,12.88,1.9471,0.0000,0.00000,0.03207
5.38,12.88,1.7348,0.0000,0.00000,0.02759
5.62,12.88,1.9093,0.0000,0.00000,0.02920
5.88,12.88,2.1900,0.0000,0.00000,0.03265
6.12,12.88,2.1797,0.0000,0.00000,0.03080
6.38,12.88,2.3080,0.0000,0.00000,0.03145
6.62,12.88,1.8636,0.0000,0.00000,0.02626
6.88,12.88,1.9258,0.0000,0.00000,0.02719
7.12,12.88,2.5188,0.0000,0.00000,0.03454
7.38,12.88,1.9859,0.0000,0.00000,0.02699
2.62,13.12,0.0000,0.0000,0.00000,0.00000
2.88,13.12,0.0000,0.0000,0.00000,0.00000
3.12,13.12,0.0001,0.0000,0.00000,0.00000
3.38,13.12,0.0014,0.0000,0.00000,0.00003
3.62,13.12,0.0208,0.0000,0.00000,0.00047
3.88,13.12,0.1748,0.0000,0.00000,0.00405
4.12,13.12,0.7147,0.0000,0.00000,0.01658
4.38,13.12,1.3552,0.0000,0.00000,0.03118
4.62,13.12,1.4920,0.0000,0.00000,0.03276
4.88,13.12,1.6924,0.0000,0.00000,0.03308
5.12,13.12,1.9648,0.0000,0.00000,0.03584
5.38,13.12,1.7422,0.0000,0.00000,0.03109
5.62,13.12,1.9060,0.0000,0.00000,0.03239
5.88,13.12,2.2412,0.0000,0.00000,0.03659
6.12,13.12,2.1724,0.0000,0.00000,0.03359
6.38,13.12,2.2705,0.0000,0.00000,0.03368
6.62,13.12,1.9319,0.0000,0.00000,0.02932
6.88,13.12,2.0005,0.0000,0.00000,0.03104
7.12,13.12,2.5426,0.0000,0.00000,0.03912
7.38,13.12,1.9924,0.0000,0.00000,0.03052
2.62,13.38,0.0000,0.0000,0.00000,0.00000
2.88,13.38,0.0000,0.0000,0.00000,0.00000
3.12,13.38,0.0001,0.0000,0.00000,0.00000
3.38,13.38,0.0014,0.0000,0.00000,0.00003
3.62,13.38,0.0197,0.0000,0.00000,0.00046
3.88,13.38,0.1694,0.0000,0.00000,0.00402
4.12,13.38,0.7092,0.0000,0.00000,0.01704
4.38,13.38,1.3751,0.0000,0.00000,0.03309
4.62,13.38,1.5225,0.0000,0.00000,0.03581
4.88,13.38,1.6867,0.0000,0.00000,0.03671
5.12,13.38,1.9707,0.0000,0.00000,0.04067
5.38,13.38,1.7592,0.0000,0.00000,0.03566
5.62,13.38,1.9139,0.0000,0.00000,0.03636
5.88,13.38,2.2865,0.0000,0.00000,0.04097
6.12,13.38,2.1500,0.0000,0.00000,0.03659
6.38,13.38,2.2244,0.0000,0.00000,0.03658
6.62,13.38,2.0162,0.0000,0.00000,0.03381
6.88,13.38,2.0916,0.0000,0.00000,0.03595
7.12,13.38,2.5697,0.0000,0.00000,0.04411
7.38,13.38,1.9982,0.0000,0.00000,0.03421
2.62,13.62,0.0000,0.0000,0.00000,0.00000
2.88,13.62,0.0000,0.0000,0.00000,0.00000
3.12,13.62,0.0001,0.0000,0.00000,0.00000
3.38,13.62,0.0013,0.0000,0.00000,0.00003
3.62,13.62,0.0189,0.0000,0.00000,0.00044
3.88,13.62,0.1625,0.0000,0.00000,0.00395
4.12,13.62,0.6918,0.0000,0.00000,0.01704
4.38,13.62,1.3827,0.0000,0.00000,0.03425
4.62,13.62,1.5603,0.0000,0.00000,0.03862
4.88,13.62,1.6745,0.0000,0.00000,0.04003
5.12,13.62,1.9574,0.0000,0.00000,0.04507
5.38,13.62,1.7908,0.0000,0.00000,0.04069
5.62,13.62,1.9376,0.0000,0.00000,0.04148
5.88,13.62,2.3186,0.0000,0.00000,0.04662
6.12,13.62,2.1003,0.0000,0.00000,0.04006
6.38,13.62,2.1582,0.0000,0.00000,0.03946
6.62,13.62,2.1129,0.0000,0.00000,0.03892
6.88,13.62,2.2005,0.0000,0.00000,0.04158
7.12,13.62,2.6023,0.0000,0.00000,0.04956
7.38,13.62,2.0050,0.0000,0.00000,0.03818
2.62,13.88,0.0000,0.0000,0.00000,0.00000
2.88,13.88,0.0000,0.0000,0.00000,0.00000
3.12,13.88,0.0001,0.0000,0.00000,0.00000
3.38,13.88,0.0013,0.0000,0.00000,0.00003
3.62,13.88,0.0179,0.0000,0.00000,0.00043
3.88,13.88,0.1523,0.0000,0.00000,0.00386
4.12,13.88,0.6590,0.0000,0.00000,0.01681
4.38,13.88,1.3712,0.0000,0.00000,0.03505
4.62,13.88,1.5981,0.0000,0.00000,0.04132
4.88,13.88,1.6537,0.0000,0.00000,0.04306
5.12,13.88,1.9306,0.0000,0.00000,0.04944
5.38,13.88,1.8497,0.0000,0.00000,0.04692
5.62,13.88,1.9835,0.0000,0.00000,0.04836
5.88,13.88,2.3318,0.0000,0.00000,0.05404
6.12,13.88,2.0188,0.0000,0.00000,0.04441
6.38,13.88,2.0692,0.0000,0.00000,0.04274
6.62,13.88,2.2200,0.0000,0.00000,0.04547
6.88,13.88,2.3214,0.0000,0.00000,0.04857
7.12,13.88,2.6277,0.0000,0.00000,0.05566
7.38,13.88,2.0016,0.0000,0.00000,0.04247
2.62,14.12,0.0000,0.0000,0.00000,0.00000
2.88,14.12,0.0000,0.0000,0.00000,0.00000
3.12,14.12,0.0001,0.0000,0.00000,0.00000
3.38,14.12,0.0012,0.0000,0.00000,0.00002
3.62,14.12,0.0161,0.0000,0.00000,0.00040
3.88,14.12,0.1371,0.0000,0.00000,0.00362
4.12,14.12,0.6091,0.0000,0.00000,0.01617
4.38,14.12,1.3418,0.0000,0.00000,0.03573
4.62,14.12,1.6378,0.0000,0.00000,0.04467
4.88,14.12,1.6282,0.0000,0.00000,0.04632
5.12,14.12,1.8930,0.0000,0.00000,0.05399
5.38,14.12,1.9269,0.0000,0.00000,0.05424
5.62,14.12,2.0335,0.0000,0.00000,0.05592
5.88,14.12,2.3192,0.0000,0.00000,0.06205
6.12,14.12,1.9351,0.0000,0.00000,0.05021
6.38,14.12,1.9885,0.0000,0.00000,0.04849
6.62,14.12,2.3249,0.0000,0.00000,0.05551
6.88,14.12,2.4381,0.0000,0.00000,0.05873
7.12,14.12,2.6499,0.0000,0.00000,0.06432
7.38,14.12,1.9959,0.0000,0.00000,0.04851
2.62,14.38,0.0000,0.0000,0.00000,0.00000
2.88,14.38,0.0000,0.0000,0.00000,0.00000
3.12,14.38,0.0000,0.0000,0.00000,0.00000
3.38,14.38,0.0010,0.0000,0.00000,0.00002
3.62,14.38,0.0139,0.0000,0.00000,0.00036
3.88,14.38,0.1183,0.0000,0.00000,0.00331
4.12,14.38,0.5471,0.0000,0.00000,0.01545
4.38,14.38,1.2992,0.0000,0.00000,0.03672
4.62,14.38,1.6764,0.0000,0.00000,0.04859
4.88,14.38,1.5944,0.0000,0.00000,0.04948
5.12,14.38,1.8376,0.0000,0.00000,0.05867
5.38,14.38,2.0032,0.0000,0.00000,0.06313
5.62,14.38,2.0632,0.0000,0.00000,0.06446
5.88,14.38,2.2746,0.0000,0.00000,0.07074
6.12,14.38,1.8858,0.0000,0.00000,0.05845
6.38,14.38,1.9460,0.0000,0.00000,0.05789
6.62,14.38,2.4130,0.0000,0.00000,0.06984
6.88,14.38,2.5381,0.0000,0.00000,0.07313
7.12,14.38,2.6781,0.0000,0.00000,0.07720
7.38,14.38,1.9997,0.0000,0.00000,0.05765
2.62,14.62,0.0000,0.0000,0.00000,0.00000
2.88,14.62,0.0000,0.0000,0.00000,0.00000
3.12,14.62,0.0000,0.0000,0.00000,0.00000
3.38,14.62,0.0008,0.0000,0.00000,0.00002
3.62,14.62,0.0111,0.0000,0.00000,0.00032
3.88,14.62,0.0973,0.0000,0.00000,0.00298
4.12,14.62,0.4780,0.0000,0.00000,0.01463
4.38,14.62,1.2404,0.0000,0.00000,0.03744
4.62,14.62,1.7010,0.0000,0.00000,0.05224
4.88,14.62,1.5629,0.0000,0.00000,0.05265
5.12,14.62,1.7814,0.0000,0.00000,0.06412
5.38,14.62,2.0640,0.0000,0.00000,0.07388
5.62,14.62,2.0456,0.0000,0.00000,0.07409
5.88,14.62,2.1912,0.0000,0.00000,0.08089
6.12,14.62,1.9056,0.0000,0.00000,0.07144
6.38,14.62,1.9759,0.0000,0.00000,0.07271
6.62,14.62,2.4857,0.0000,0.00000,0.08911
6.88,14.62,2.6017,0.0000,0.00000,0.09252
7.12,14.62,2.6837,0.0000,0.00000,0.09536
7.38,14.62,1.9895,0.0000,0.00000,0.07075
2.62,14.88,0.0000,0.0000,0.00000,0.00000
2.88,14.88,0.0000,0.0000,0.00000,0.00000
3.12,14.88,0.0000,0.0000,0.00000,0.00000
3.38,14.88,0.0005,0.0000,0.00000,0.00001
3.62,14.88,0.0080,0.0000,0.00000,0.00026
3.88,14.88,0.0760,0.0000,0.00000,0.00256
4.12,14.88,0.4061,0.0000,0.00000,0.01346
4.38,14.88,1.1584,0.0000,0.00000,0.03744
4.62,14.88,1.6949,0.0000,0.00000,0.05544
4.88,14.88,1.5425,0.0000,0.00000,0.05592
5.12,14.88,1.7304,0.0000,0.00000,0.06948
5.38,14.88,2.0850,0.0000,0.00000,0.08498
5.62,14.88,1.9631,0.0000,0.00000,0.08391
5.88,14.88,2.0583,0.0000,0.00000,0.09323
6.12,14.88,1.9833,0.0000,0.00000,0.09237
6.38,14.88,2.0541,0.0000,0.00000,0.09468
6.62,14.88,2.4968,0.0000,0.00000,0.11242
6.88,14.88,2.5951,0.0000,0.00000,0.11736
7.12,14.88,2.6465,0.0000,0.00000,0.12119
7.38,14.88,1.9463,0.0000,0.00000,0.09012
2.62,15.12,0.0000,0.0000,0.00000,0.00000
2.88,15.12,0.0000,0.0000,0.00000,0.00000
3.12,15.12,0.0000,0.0000,0.00000,0.00000
3.38,15.12,0.0003,0.0000,0.00000,0.00001
3.62,15.12,0.0054,0.0000,0.00000,0.00019
3.88,15.12,0.0567,0.0000,0.00000,0.00206
4.12,15.12,0.3338,0.0000,0.00000,0.01202
4.38,15.12,1.0482,0.0000,0.00000,0.03722
4.62,15.12,1.6543,0.0000,0.00000,0.05948
4.88,15.12,1.5475,0.0000,0.00000,0.06041
5.12,15.12,1.6883,0.0000,0.00000,0.07363
5.38,15.12,2.0681,0.0000,0.00000,0.09424
5.62,15.12,1.8768,0.0000,0.00000,0.09377
5.88,15.12,1.9224,0.0000,0.00000,0.10789
6.12,15.12,2.0583,0.0000,0.00000,0.12103
6.38,15.12,2.0881,0.0000,0.00000,0.12317
6.62,15.12,2.3733,0.0000,0.00000,0.13724
6.88,15.12,2.4512,0.0000,0.00000,0.14148
7.12,15.12,2.4851,0.0000,0.00000,0.14464
7.38,15.12,1.8306,0.0000,0.00000,0.10996
2.62,15.38,0.0000,0.0000,0.00000,0.00000
2.88,15.38,0.0000,0.0000,0.00000,0.00000
3.12,15.38,0.0000,0.0000,0.00000,0.00000
3.38,15.38,0.0002,0.0000,0.00000,0.00001
3.62,15.38,0.0034,0.0000,0.00000,0.00013
3.88,15.38,0.0392,0.0000,0.00000,0.00155
4.12,15.38,0.2574,0.0000,0.00000,0.01030
4.38,15.38,0.8998,0.0000,0.00000,0.03615
4.62,15.38,1.5682,0.0000,0.00000,0.06385
4.88,15.38,1.5705,0.0000,0.00000,0.06750
5.12,15.38,1.6286,0.0000,0.00000,0.07739
5.38,15.38,1.9911,0.0000,0.00000,0.10149
5.62,15.38,1.8540,0.0000,0.00000,0.10651
5.88,15.38,1.8501,0.0000,0.00000,0.12488
6.12,15.38,2.0800,0.0000,0.00000,0.15168
6.38,15.38,2.0459,0.0000,0.00000,0.15595
6.62,15.38,2.1507,0.0000,0.00000,0.16496
6.88,15.38,2.1927,0.0000,0.00000,0.16364
7.12,15.38,2.2182,0.0000,0.00000,0.16059
7.38,15.38,1.8026,0.0000,0.00000,0.13482
7.62,15.38,1.0663,0.0000,0.00000,0.08458
2.62,15.62,0.0000,0.0000,0.00000,0.00000
2.88,15.62,0.0000,0.0000,0.00000,0.00000
3.12,15.62,0.0000,0.0000,0.00000,0.00000
3.38,15.62,0.0001,0.0000,0.00000,0.00000
3.62,15.62,0.0018,0.0000,0.00000,0.00008
3.88,15.62,0.0241,0.0000,0.00000,0.00107
4.12,15.62,0.1808,0.0000,0.00000,0.00815
4.38,15.62,0.7141,0.0000,0.00000,0.03244
4.62,15.62,1.4167,0.0000,0.00000,0.06507
4.88,15.62,1.5839,0.0000,0.00000,0.07584
5.12,15.62,1.5504,0.0000,0.00000,0.08211
5.38,15.62,1.8463,0.0000,0.00000,0.10773
5.62,15.62,1.8713,0.0000,0.00000,0.12428
5.88,15.62,1.8271,0.0000,0.00000,0.14387
6.12,15.62,2.0261,0.0000,0.00000,0.17687
6.38,15.62,1.9821,0.0000,0.00000,0.19086
6.62,15.62,1.9593,0.0000,0.00000,0.20121
6.88,15.62,1.9550,0.0000,0.00000,0.19458
7.12,15.62,1.9589,0.0000,0.00000,0.17798
7.38,15.62,1.9059,0.0000,0.00000,0.16536
7.62,15.62,1.4887,0.0000,0.00000,0.12554
7.88,15.62,0.9309,0.0000,0.00000,0.07090
8.12,15.62,0.5340,0.0000,0.00000,0.03238
8.38,15.62,0.3588,0.0000,0.00000,0.01553
8.62,15.62,0.3121,0.0000,0.00000,0.00998
8.88,15.62,0.3053,0.0000,0.00000,0.00793
9.12,15.62,0.3060,0.0000,0.00000,0.00672
9.38,15.62,0.3054,0.0000,0.00000,0.00561
9.62,15.62,0.3043,0.0000,0.00000,0.00460
9.88,15.62,0.3042,0.0000,0.00000,0.00381
10.12,15.62,0.3039,0.0000,0.00000,0.00321
10.38,15.62,0.3020,0.0000,0.00000,0.00276
10.62,15.62,0.3016,0.0000,0.00000,0.00247
10.88,15.62,0.3017,0.0000,0.00000,0.00222
11.12,15.62,0.3003,0.0000,0.00000,0.00197
11.38,15.62,0.2987,0.0000,0.00000,0.00177
11.62,15.62,0.2994,0.0000,0.00000,0.00162
11.88,15.62,0.3004,0.0000,0.00000,0.00146
12.12,15.62,0.3002,0.0000,0.00000,0.00133
12.38,15.62,0.3005,0.0000,0.00000,0.00123
12.62,15.62,0.3016,0.0000,0.00000,0.00116
12.88,15.62,0.3000,0.0000,0.00000,0.00109
13.12,15.62,0.2963,0.0000,0.00000,0.00102
13.38,15.62,0.2950,0.0000,0.00000,0.00097
13.62,15.62,0.2964,0.0000,0.00000,0.00093
13.88,15.62,0.2971,0.0000,0.00000,0.00090
14.12,15.62,0.2964,0.0000,0.00000,0.00086
14.38,15.62,0.2961,0.0000,0.00000,0.00084
14.62,15.62,0.2958,0.0000,0.00000,0.00082
14.88,15.62,0.2948,0.0000,0.00000,0.00079
15.12,15.62,0.2931,0.0000,0.00000,0.00077
15.38,15.62,0.2924,0.0000,0.00000,0.00075
15.62,15.62,0.2929,0.0000,0.00000,0.00074
15.88,15.62,0.2910,0.0000,0.00000,0.00073
16.12,15.62,0.2860,0.0000,0.00000,0.00071
16.38,15.62,0.2829,0.0000,0.00000,0.00072
16.62,15.62,0.2808,0.0000,0.00000,0.00075
16.88,15.62,0.2787,0.0000,0.00000,0.00080
2.62,15.88,0.0000,0.0000,0.00000,0.00000
2.88,15.88,0.0000,0.0000,0.00000,0.00000
3.12,15.88,0.0000,0.0000,0.00000,0.00000
3.38,15.88,0.0000,0.0000,0.00000,0.00000
3.62,15.88,0.0008,0.0000,0.00000,0.00004
3.88,15.88,0.0127,0.0000,0.00000,0.00062
4.12,15.88,0.1113,0.0000,0.00000,0.00553
4.38,15.88,0.5078,0.0000,0.00000,0.02550
4.62,15.88,1.1894,0.0000,0.00000,0.06064
4.88,15.88,1.5482,0.0000,0.00000,0.08270
5.12,15.88,1.4920,0.0000,0.00000,0.08866
5.38,15.88,1.6778,0.0000,0.00000,0.11161
5.62,15.88,1.8531,0.0000,0.00000,0.13961
5.88,15.88,1.8000,0.0000,0.00000,0.15960
6.12,15.88,1.9060,0.0000,0.00000,0.19124
6.38,15.88,1.9343,0.0000,0.00000,0.22160
6.62,15.88,1.8915,0.0000,0.00000,0.24234
6.88,15.88,1.8520,0.0000,0.00000,0.23592
7.12,15.88,1.7504,0.0000,0.00000,0.19980
7.38,15.88,1.7961,0.0000,0.00000,0.17511
7.62,15.88,1.7517,0.0000,0.00000,0.14887
7.88,15.88,1.4654,0.0000,0.00000,0.10440
8.12,15.88,1.1798,0.0000,0.00000,0.06476
8.38,15.88,1.0418,0.0000,0.00000,0.04254
8.62,15.88,1.0049,0.0000,0.00000,0.03187
8.88,15.88,1.0047,0.0000,0.00000,0.02620
9.12,15.88,1.0134,0.0000,0.00000,0.02227
9.38,15.88,1.0178,0.0000,0.00000,0.01867
9.62,15.88,1.0191,0.0000,0.00000,0.01541
9.88,15.88,1.0205,0.0000,0.00000,0.01281
10.12,15.88,1.0196,0.0000,0.00000,0.01079
10.38,15.88,1.0154,0.0000,0.00000,0.00932
10.62,15.88,1.0160,0.0000,0.00000,0.00835
10.88,15.88,1.0176,0.0000,0.00000,0.00750
11.12,15.88,1.0128,0.0000,0.00000,0.00665
11.38,15.88,1.0076,0.0000,0.00000,0.00599
11.62,15.88,1.0097,0.0000,0.00000,0.00547
11.88,15.88,1.0122,0.0000,0.00000,0.00496
12.12,15.88,1.0115,0.0000,0.00000,0.00449
12.38,15.88,1.0134,0.0000,0.00000,0.00417
12.62,15.88,1.0170,0.0000,0.00000,0.00393
12.88,15.88,1.0114,0.0000,0.00000,0.00369
13.12,15.88,0.9994,0.0000,0.00000,0.00346
13.38,15.88,0.9952,0.0000,0.00000,0.00329
13.62,15.88,1.0004,0.0000,0.00000,0.00317
13.88,15.88,1.0033,0.0000,0.00000,0.00304
14.12,15.88,1.0011,0.0000,0.00000,0.00293
14.38,15.88,1.0005,0.0000,0.00000,0.00285
14.62,15.88,0.9997,0.0000,0.00000,0.00277
14.88,15.88,0.9963,0.0000,0.00000,0.00268
15.12,15.88,0.9908,0.0000,0.00000,0.00260
15.38,15.88,0.9887,0.0000,0.00000,0.00254
15.62,15.88,0.9907,0.0000,0.00000,0.00251
15.88,15.88,0.9845,0.0000,0.00000,0.00246
16.12,15.88,0.9677,0.0000,0.00000,0.00240
16.38,15.88,0.9570,0.0000,0.00000,0.00242
16.62,15.88,0.9499,0.0000,0.00000,0.00255
16.88,15.88,0.9431,0.0000,0.00000,0.00270
2.62,16.12,0.0000,0.0000,0.00000,0.00000
2.88,16.12,0.0000,0.0000,0.00000,0.00000
3.12,16.12,0.0000,0.0000,0.00000,0.00000
3.38,16.12,0.0000,0.0000,0.00000,0.00000
3.62,16.12,0.0003,0.0000,0.00000,0.00001
3.88,16.12,0.0056,0.0000,0.00000,0.00029
4.12,16.12,0.0592,0.0000,0.00000,0.00320
4.38,16.12,0.3204,0.0000,0.00000,0.01768
4.62,16.12,0.9088,0.0000,0.00000,0.05153
4.88,16.12,1.4176,0.0000,0.00000,0.08501
5.12,16.12,1.4583,0.0000,0.00000,0.09683
5.38,16.12,1.5295,0.0000,0.00000,0.11317
5.62,16.12,1.7499,0.0000,0.00000,0.14434
5.88,16.12,1.7569,0.0000,0.00000,0.16849
6.12,16.12,1.7873,0.0000,0.00000,0.19623
6.38,16.12,1.8710,0.0000,0.00000,0.23319
6.62,16.12,1.8684,0.0000,0.00000,0.26240
6.88,16.12,1.8460,0.0000,0.00000,0.26735
7.12,16.12,1.7123,0.0000,0.00000,0.23302
7.38,16.12,1.5684,0.0000,0.00000,0.17996
7.62,16.12,1.5439,0.0000,0.00000,0.13897
7.88,16.12,1.5757,0.0000,0.00000,0.10871
8.12,16.12,1.6113,0.0000,0.00000,0.08444
8.38,16.12,1.6263,0.0000,0.00000,0.06556
8.62,16.12,1.6299,0.0000,0.00000,0.05211
8.88,16.12,1.6388,0.0000,0.00000,0.04320
9.12,16.12,1.6522,0.0000,0.00000,0.03662
9.38,16.12,1.6592,0.0000,0.00000,0.03061
9.62,16.12,1.6618,0.0000,0.00000,0.02524
9.88,16.12,1.6636,0.0000,0.00000,0.02101
10.12,16.12,1.6617,0.0000,0.00000,0.01776
10.38,16.12,1.6558,0.0000,0.00000,0.01536
10.62,16.12,1.6570,0.0000,0.00000,0.01376
10.88,16.12,1.6590,0.0000,0.00000,0.01233
11.12,16.12,1.6501,0.0000,0.00000,0.01094
11.38,16.12,1.6426,0.0000,0.00000,0.00987
11.62,16.12,1.6462,0.0000,0.00000,0.00904
11.88,16.12,1.6487,0.0000,0.00000,0.00819
12.12,16.12,1.6475,0.0000,0.00000,0.00742
12.38,16.12,1.6510,0.0000,0.00000,0.00687
12.62,16.12,1.6561,0.0000,0.00000,0.00645
12.88,16.12,1.6474,0.0000,0.00000,0.00605
13.12,16.12,1.6291,0.0000,0.00000,0.00569
13.38,16.12,1.6238,0.0000,0.00000,0.00543
13.62,16.12,1.6326,0.0000,0.00000,0.00524
13.88,16.12,1.6365,0.0000,0.00000,0.00503
14.12,16.12,1.6335,0.0000,0.00000,0.00483
14.38,16.12,1.6335,0.0000,0.00000,0.00469
14.62,16.12,1.6327,0.0000,0.00000,0.00456
14.88,16.12,1.6278,0.0000,0.00000,0.00441
15.12,16.12,1.6194,0.0000,0.00000,0.00426
15.38,16.12,1.6166,0.0000,0.00000,0.00418
15.62,16.12,1.6202,0.0000,0.00000,0.00414
15.88,16.12,1.6114,0.0000,0.00000,0.00405
16.12,16.12,1.5845,0.0000,0.00000,0.00394
16.38,16.12,1.5654,0.0000,0.00000,0.00398
16.62,16.12,1.5537,0.0000,0.00000,0.00419
16.88,16.12,1.5437,0.0000,0.00000,0.00444
2.62,16.38,0.0000,0.0000,0.00000,0.00000
2.88,16.38,0.0000,0.0000,0.00000,0.00000
3.12,16.38,0.0000,0.0000,0.00000,0.00000
3.38,16.38,0.0000,0.0000,0.00000,0.00000
3.62,16.38,0.0001,0.0000,0.00000,0.00000
3.88,16.38,0.0022,0.0000,0.00000,0.00012
4.12,16.38,0.0272,0.0000,0.00000,0.00160
4.38,16.38,0.1768,0.0000,0.00000,0.01071
4.62,16.38,0.6126,0.0000,0.00000,0.03845
4.88,16.38,1.1732,0.0000,0.00000,0.07827
5.12,16.38,1.4069,0.0000,0.00000,0.10300
5.38,16.38,1.4385,0.0000,0.00000,0.11595
5.62,16.38,1.5914,0.0000,0.00000,0.14051
5.88,16.38,1.6859,0.0000,0.00000,0.16934
6.12,16.38,1.7115,0.0000,0.00000,0.19489
6.38,16.38,1.7725,0.0000,0.00000,0.22350
6.62,16.38,1.7747,0.0000,0.00000,0.24832
6.88,16.38,1.7797,0.0000,0.00000,0.26334
7.12,16.38,1.7849,0.0000,0.00000,0.25624
7.38,16.38,1.6559,0.0000,0.00000,0.21050
7.62,16.38,1.4719,0.0000,0.00000,0.15154
7.88,16.38,1.3832,0.0000,0.00000,0.10740
8.12,16.38,1.3659,0.0000,0.00000,0.07875
8.38,16.38,1.3426,0.0000,0.00000,0.05876
8.62,16.38,1.3144,0.0000,0.00000,0.04522
8.88,16.38,1.2955,0.0000,0.00000,0.03634
9.12,16.38,1.2851,0.0000,0.00000,0.03000
9.38,16.38,1.2780,0.0000,0.00000,0.02470
9.62,16.38,1.2735,0.0000,0.00000,0.02026
9.88,16.38,1.2707,0.0000,0.00000,0.01692
10.12,16.38,1.2673,0.0000,0.00000,0.01445
10.38,16.38,1.2619,0.0000,0.00000,0.01255
10.62,16.38,1.2587,0.0000,0.00000,0.01114
10.88,16.38,1.2554,0.0000,0.00000,0.00990
11.12,16.38,1.2457,0.0000,0.00000,0.00876
11.38,16.38,1.2409,0.0000,0.00000,0.00792
11.62,16.38,1.2424,0.0000,0.00000,0.00727
11.88,16.38,1.2393,0.0000,0.00000,0.00656
12.12,16.38,1.2364,0.0000,0.00000,0.00594
12.38,16.38,1.2380,0.0000,0.00000,0.00546
12.62,16.38,1.2383,0.0000,0.00000,0.00504
12.88,16.38,1.2307,0.0000,0.00000,0.00468
13.12,16.38,1.2177,0.0000,0.00000,0.00442
13.38,16.38,1.2141,0.0000,0.00000,0.00425
13.62,16.38,1.2190,0.0000,0.00000,0.00410
13.88,16.38,1.2183,0.0000,0.00000,0.00392
14.12,16.38,1.2151,0.0000,0.00000,0.00376
14.38,16.38,1.2149,0.0000,0.00000,0.00363
14.62,16.38,1.2130,0.0000,0.00000,0.00350
14.88,16.38,1.2086,0.0000,0.00000,0.00336
15.12,16.38,1.2006,0.0000,0.00000,0.00322
15.38,16.38,1.1965,0.0000,0.00000,0.00315
15.62,16.38,1.1992,0.0000,0.00000,0.00313
15.88,16.38,1.1934,0.0000,0.00000,0.00306
16.12,16.38,1.1726,0.0000,0.00000,0.00297
16.38,16.38,1.1544,0.0000,0.00000,0.00298
16.62,16.38,1.1431,0.0000,0.00000,0.00313
16.88,16.38,1.1360,0.0000,0.00000,0.00333
2.62,16.62,0.0000,0.0000,0.00000,0.00000
2.88,16.62,0.0000,0.0000,0.00000,0.00000
3.12,16.62,0.0000,0.0000,0.00000,0.00000
3.38,16.62,0.0000,0.0000,0.00000,0.00000
3.62,16.62,0.0000,0.0000,0.00000,0.00000
3.88,16.62,0.0007,0.0000,0.00000,0.00004
4.12,16.62,0.0106,0.0000,0.00000,0.00067
4.38,16.62,0.0828,0.0000,0.00000,0.00541
4.62,16.62,0.3527,0.0000,0.00000,0.02402
4.88,16.62,0.8479,0.0000,0.00000,0.06163
5.12,16.62,1.2552,0.0000,0.00000,0.09926
5.38,16.62,1.3770,0.0000,0.00000,0.11843
5.62,16.62,1.4509,0.0000,0.00000,0.13443
5.88,16.62,1.5592,0.0000,0.00000,0.15885
6.12,16.62,1.6195,0.0000,0.00000,0.18285
6.38,16.62,1.6658,0.0000,0.00000,0.20418
6.62,16.62,1.6620,0.0000,0.00000,0.21931
6.88,16.62,1.6338,0.0000,0.00000,0.22754
7.12,16.62,1.6880,0.0000,0.00000,0.23287
7.38,16.62,1.7419,0.0000,0.00000,0.22044
7.62,16.62,1.6792,0.0000,0.00000,0.18407
7.88,16.62,1.5492,0.0000,0.00000,0.13932
8.12,16.62,1.4109,0.0000,0.00000,0.09911
8.38,16.62,1.2822,0.0000,0.00000,0.06915
8.62,16.62,1.1882,0.0000,0.00000,0.05007
8.88,16.62,1.1186,0.0000,0.00000,0.03793
9.12,16.62,1.0668,0.0000,0.00000,0.02977
9.38,16.62,1.0384,0.0000,0.00000,0.02416
9.62,16.62,1.0217,0.0000,0.00000,0.01994
9.88,16.62,1.0101,0.0000,0.00000,0.01686
10.12,16.62,1.0038,0.0000,0.00000,0.01467
10.38,16.62,0.9969,0.0000,0.00000,0.01273
10.62,16.62,0.9879,0.0000,0.00000,0.01103
10.88,16.62,0.9771,0.0000,0.00000,0.00961
11.12,16.62,0.9666,0.0000,0.00000,0.00838
11.38,16.62,0.9619,0.0000,0.00000,0.00744
11.62,16.62,0.9590,0.0000,0.00000,0.00676
11.88,16.62,0.9508,0.0000,0.00000,0.00609
12.12,16.62,0.9435,0.0000,0.00000,0.00550
12.38,16.62,0.9401,0.0000,0.00000,0.00498
12.62,16.62,0.9334,0.0000,0.00000,0.00445
12.88,16.62,0.9222,0.0000,0.00000,0.00404
13.12,16.62,0.9100,0.0000,0.00000,0.00380
13.38,16.62,0.9028,0.0000,0.00000,0.00363
13.62,16.62,0.8978,0.0000,0.00000,0.00344
13.88,16.62,0.8884,0.0000,0.00000,0.00325
14.12,16.62,0.8825,0.0000,0.00000,0.00310
14.38,16.62,0.8796,0.0000,0.00000,0.00294
14.62,16.62,0.8715,0.0000,0.00000,0.00276
14.88,16.62,0.8615,0.0000,0.00000,0.00258
15.12,16.62,0.8498,0.0000,0.00000,0.00241
15.38,16.62,0.8398,0.0000,0.00000,0.00233
15.62,16.62,0.8374,0.0000,0.00000,0.00232
15.88,16.62,0.8280,0.0000,0.00000,0.00228
16.12,16.62,0.8103,0.0000,0.00000,0.00218
16.38,16.62,0.7932,0.0000,0.00000,0.00216
16.62,16.62,0.7764,0.0000,0.00000,0.00227
16.88,16.62,0.7638,0.0000,0.00000,0.00242
2.62,16.88,0.0000,0.0000,0.00000,0.00000
2.88,16.88,0.0000,0.0000,0.00000,0.00000
3.12,16.88,0.0000,0.0000,0.00000,0.00000
3.38,16.88,0.0000,0.0000,0.00000,0.00000
3.62,16.88,0.0000,0.0000,0.00000,0.00000
3.88,16.88,0.0002,0.0000,0.00000,0.00001
4.12,16.88,0.0034,0.0000,0.00000,0.00022
4.38,16.88,0.0324,0.0000,0.00000,0.00218
4.62,16.88,0.1697,0.0000,0.00000,0.01218
4.88,16.88,0.5162,0.0000,0.00000,0.03990
5.12,16.88,0.9649,0.0000,0.00000,0.08058
5.38,16.88,1.2476,0.0000,0.00000,0.11176
5.62,16.88,1.3534,0.0000,0.00000,0.12802
5.88,16.88,1.4210,0.0000,0.00000,0.14253
6.12,16.88,1.4755,0.0000,0.00000,0.15991
6.38,16.88,1.5373,0.0000,0.00000,0.17852
6.62,16.88,1.5925,0.0000,0.00000,0.19262
6.88,16.88,1.5769,0.0000,0.00000,0.19400
7.12,16.88,1.5286,0.0000,0.00000,0.18819
7.38,16.88,1.5317,0.0000,0.00000,0.18267
7.62,16.88,1.5819,0.0000,0.00000,0.17294
7.88,16.88,1.6372,0.0000,0.00000,0.15336
8.12,16.88,1.6509,0.0000,0.00000,0.12452
8.38,16.88,1.6141,0.0000,0.00000,0.09519
8.62,16.88,1.5694,0.0000,0.00000,0.07260
8.88,16.88,1.5185,0.0000,0.00000,0.05660
9.12,16.88,1.4676,0.0000,0.00000,0.04528
9.38,16.88,1.4356,0.0000,0.00000,0.03740
9.62,16.88,1.4102,0.0000,0.00000,0.03138
9.88,16.88,1.3911,0.0000,0.00000,0.02677
10.12,16.88,1.3802,0.0000,0.00000,0.02318
10.38,16.88,1.3685,0.0000,0.00000,0.01984
10.62,16.88,1.3593,0.0000,0.00000,0.01703
10.88,16.88,1.3475,0.0000,0.00000,0.01482
11.12,16.88,1.3349,0.0000,0.00000,0.01287
11.38,16.88,1.3262,0.0000,0.00000,0.01127
11.62,16.88,1.3229,0.0000,0.00000,0.01015
11.88,16.88,1.3181,0.0000,0.00000,0.00919
12.12,16.88,1.3081,0.0000,0.00000,0.00831
12.38,16.88,1.3020,0.0000,0.00000,0.00751
12.62,16.88,1.2954,0.0000,0.00000,0.00670
12.88,16.88,1.2823,0.0000,0.00000,0.00608
13.12,16.88,1.2703,0.0000,0.00000,0.00571
13.38,16.88,1.2625,0.0000,0.00000,0.00541
13.62,16.88,1.2505,0.0000,0.00000,0.00507
13.88,16.88,1.2378,0.0000,0.00000,0.00478
14.12,16.88,1.2367,0.0000,0.00000,0.00458
14.38,16.88,1.2367,0.0000,0.00000,0.00432
14.62,16.88,1.2257,0.0000,0.00000,0.00401
14.88,16.88,1.2104,0.0000,0.00000,0.00371
15.12,16.88,1.1976,0.0000,0.00000,0.00348
15.38,16.88,1.1916,0.0000,0.00000,0.00337
15.62,16.88,1.1899,0.0000,0.00000,0.00337
15.88,16.88,1.1771,0.0000,0.00000,0.00334
16.12,16.88,1.1619,0.0000,0.00000,0.00324
16.38,16.88,1.1468,0.0000,0.00000,0.00323
16.62,16.88,1.1241,0.0000,0.00000,0.00340
16.88,16.88,1.1035,0.0000,0.00000,0.00362
2.62,17.12,0.0000,0.0000,0.00000,0.00000
2.88,17.12,0.0000,0.0000,0.00000,0.00000
3.12,17.12,0.0000,0.0000,0.00000,0.00000
3.38,17.12,0.0000,0.0000,0.00000,0.00000
3.62,17.12,0.0000,0.0000,0.00000,0.00000
3.88,17.12,0.0000,0.0000,0.00000,0.00000
4.12,17.12,0.0009,0.0000,0.00000,0.00005
4.38,17.12,0.0101,0.0000,0.00000,0.00068
4.62,17.12,0.0657,0.0000,0.00000,0.00490
4.88,17.12,0.2543,0.0000,0.00000,0.02065
5.12,17.12,0.6079,0.0000,0.00000,0.05284
5.38,17.12,0.9823,0.0000,0.00000,0.08967
5.62,17.12,1.2180,0.0000,0.00000,0.11467
5.88,17.12,1.3169,0.0000,0.00000,0.12803
6.12,17.12,1.3508,0.0000,0.00000,0.13818
6.38,17.12,1.3850,0.0000,0.00000,0.14943
6.62,17.12,1.4688,0.0000,0.00000,0.16249
6.88,17.12,1.5453,0.0000,0.00000,0.16882
7.12,17.12,1.5274,0.0000,0.00000,0.16290
7.38,17.12,1.4454,0.0000,0.00000,0.15031
7.62,17.12,1.3798,0.0000,0.00000,0.13709
7.88,17.12,1.3725,0.0000,0.00000,0.12339
8.12,17.12,1.4044,0.0000,0.00000,0.10632
8.38,17.12,1.4416,0.0000,0.00000,0.08744
8.62,17.12,1.4714,0.0000,0.00000,0.07037
8.88,17.12,1.4857,0.0000,0.00000,0.05711
9.12,17.12,1.4876,0.0000,0.00000,0.04740
9.38,17.12,1.4816,0.0000,0.00000,0.04003
9.62,17.12,1.4665,0.0000,0.00000,0.03410
9.88,17.12,1.4553,0.0000,0.00000,0.02935
10.12,17.12,1.4467,0.0000,0.00000,0.02521
10.38,17.12,1.4367,0.0000,0.00000,0.02135
10.62,17.12,1.4364,0.0000,0.00000,0.01839
10.88,17.12,1.4330,0.0000,0.00000,0.01613
11.12,17.12,1.4205,0.0000,0.00000,0.01405
11.38,17.12,1.4082,0.0000,0.00000,0.01228
11.62,17.12,1.4083,0.0000,0.00000,0.01103
11.88,17.12,1.4083,0.0000,0.00000,0.00998
12.12,17.12,1.3982,0.0000,0.00000,0.00903
12.38,17.12,1.3911,0.0000,0.00000,0.00817
12.62,17.12,1.3892,0.0000,0.00000,0.00733
12.88,17.12,1.3839,0.0000,0.00000,0.00671
13.12,17.12,1.3781,0.0000,0.00000,0.00629
13.38,17.12,1.3765,0.0000,0.00000,0.00593
13.62,17.12,1.3694,0.0000,0.00000,0.00556
13.88,17.12,1.3648,0.0000,0.00000,0.00527
14.12,17.12,1.3720,0.0000,0.00000,0.00507
14.38,17.12,1.3747,0.0000,0.00000,0.00479
14.62,17.12,1.3701,0.0000,0.00000,0.00447
14.88,17.12,1.3618,0.0000,0.00000,0.00420
15.12,17.12,1.3523,0.0000,0.00000,0.00394
15.38,17.12,1.3559,0.0000,0.00000,0.00383
15.62,17.12,1.3649,0.0000,0.00000,0.00386
15.88,17.12,1.3623,0.0000,0.00000,0.00387
16.12,17.12,1.3583,0.0000,0.00000,0.00384
16.38,17.12,1.3498,0.0000,0.00000,0.00387
16.62,17.12,1.3340,0.0000,0.00000,0.00406
16.88,17.12,1.3212,0.0000,0.00000,0.00428
2.62,17.38,0.0000,0.0000,0.00000,0.00000
2.88,17.38,0.0000,0.0000,0.00000,0.00000
3.12,17.38,0.0000,0.0000,0.00000,0.00000
3.38,17.38,0.0000,0.0000,0.00000,0.00000
3.62,17.38,0.0000,0.0000,0.00000,0.00000
3.88,17.38,0.0000,0.0000,0.00000,0.00000
4.12,17.38,0.0002,0.0000,0.00000,0.00001
4.38,17.38,0.0023,0.0000,0.00000,0.00016
4.62,17.38,0.0195,0.0000,0.00000,0.00152
4.88,17.38,0.0969,0.0000,0.00000,0.00819
5.12,17.38,0.2988,0.0000,0.00000,0.02656
5.38,17.38,0.6173,0.0000,0.00000,0.05631
5.62,17.38,0.9373,0.0000,0.00000,0.08630
5.88,17.38,1.1623,0.0000,0.00000,0.10811
6.12,17.38,1.2745,0.0000,0.00000,0.12120
6.38,17.38,1.2927,0.0000,0.00000,0.12644
6.62,17.38,1.3079,0.0000,0.00000,0.13083
6.88,17.38,1.3782,0.0000,0.00000,0.13699
7.12,17.38,1.4686,0.0000,0.00000,0.14149
7.38,17.38,1.5076,0.0000,0.00000,0.13801
7.62,17.38,1.4525,0.0000,0.00000,0.12422
7.88,17.38,1.3519,0.0000,0.00000,0.10631
8.12,17.38,1.2687,0.0000,0.00000,0.08856
8.38,17.38,1.2174,0.0000,0.00000,0.07164
8.62,17.38,1.1812,0.0000,0.00000,0.05631
8.88,17.38,1.1600,0.0000,0.00000,0.04460
9.12,17.38,1.1541,0.0000,0.00000,0.03673
9.38,17.38,1.1478,0.0000,0.00000,0.03097
9.62,17.38,1.1377,0.0000,0.00000,0.02622
9.88,17.38,1.1344,0.0000,0.00000,0.02248
10.12,17.38,1.1317,0.0000,0.00000,0.01930
10.38,17.38,1.1293,0.0000,0.00000,0.01646
10.62,17.38,1.1374,0.0000,0.00000,0.01434
10.88,17.38,1.1422,0.0000,0.00000,0.01267
11.12,17.38,1.1325,0.0000,0.00000,0.01107
11.38,17.38,1.1233,0.0000,0.00000,0.00970
11.62,17.38,1.1280,0.0000,0.00000,0.00870
11.88,17.38,1.1303,0.0000,0.00000,0.00784
12.12,17.38,1.1229,0.0000,0.00000,0.00712
12.38,17.38,1.1142,0.0000,0.00000,0.00644
12.62,17.38,1.1130,0.0000,0.00000,0.00582
12.88,17.38,1.1133,0.0000,0.00000,0.00537
13.12,17.38,1.1064,0.0000,0.00000,0.00501
13.38,17.38,1.1040,0.0000,0.00000,0.00465
13.62,17.38,1.1050,0.0000,0.00000,0.00436
13.88,17.38,1.1052,0.0000,0.00000,0.00414
14.12,17.38,1.1060,0.0000,0.00000,0.00399
14.38,17.38,1.1021,0.0000,0.00000,0.00378
14.62,17.38,1.0995,0.0000,0.00000,0.00357
14.88,17.38,1.0978,0.0000,0.00000,0.00339
15.12,17.38,1.0873,0.0000,0.00000,0.00319
15.38,17.38,1.0829,0.0000,0.00000,0.00308
15.62,17.38,1.0896,0.0000,0.00000,0.00310
15.88,17.38,1.0909,0.0000,0.00000,0.00312
16.12,17.38,1.0855,0.0000,0.00000,0.00311
16.38,17.38,1.0743,0.0000,0.00000,0.00312
16.62,17.38,1.0614,0.0000,0.00000,0.00321
16.88,17.38,1.0554,0.0000,0.00000,0.00331
2.62,17.62,0.0000,0.0000,0.00000,0.00000
2.88,17.62,0.0000,0.0000,0.00000,0.00000
3.12,17.62,0.0000,0.0000,0.00000,0.00000
3.38,17.62,0.0000,0.0000,0.00000,0.00000
3.62,17.62,0.0000,0.0000,0.00000,0.00000
3.88,17.62,0.0000,0.0000,0.00000,0.00000
4.12,17.62,0.0000,0.0000,0.00000,0.00000
4.38,17.62,0.0004,0.0000,0.00000,0.00003
4.62,17.62,0.0043,0.0000,0.00000,0.00034
4.88,17.62,0.0276,0.0000,0.00000,0.00232
5.12,17.62,0.1103,0.0000,0.00000,0.00965
5.38,17.62,0.2942,0.0000,0.00000,0.02619
5.62,17.62,0.5627,0.0000,0.00000,0.04989
5.88,17.62,0.8541,0.0000,0.00000,0.07510
6.12,17.62,1.0999,0.0000,0.00000,0.09669
6.38,17.62,1.2269,0.0000,0.00000,0.10793
6.62,17.62,1.2485,0.0000,0.00000,0.11002
6.88,17.62,1.2350,0.0000,0.00000,0.10854
7.12,17.62,1.2645,0.0000,0.00000,0.11002
7.38,17.62,1.3530,0.0000,0.00000,0.11376
7.62,17.62,1.4357,0.0000,0.00000,0.11262
7.88,17.62,1.4638,0.0000,0.00000,0.10457
8.12,17.62,1.4370,0.0000,0.00000,0.09116
8.38,17.62,1.3746,0.0000,0.00000,0.07452
8.62,17.62,1.2960,0.0000,0.00000,0.05798
8.88,17.62,1.2276,0.0000,0.00000,0.04468
9.12,17.62,1.1815,0.0000,0.00000,0.03572
9.38,17.62,1.1452,0.0000,0.00000,0.02930
9.62,17.62,1.1143,0.0000,0.00000,0.02381
9.88,17.62,1.0941,0.0000,0.00000,0.01964
10.12,17.62,1.0789,0.0000,0.00000,0.01661
10.38,17.62,1.0674,0.0000,0.00000,0.01422
10.62,17.62,1.0638,0.0000,0.00000,0.01235
10.88,17.62,1.0616,0.0000,0.00000,0.01084
11.12,17.62,1.0524,0.0000,0.00000,0.00950
11.38,17.62,1.0456,0.0000,0.00000,0.00843
11.62,17.62,1.0463,0.0000,0.00000,0.00758
11.88,17.62,1.0470,0.0000,0.00000,0.00681
12.12,17.62,1.0455,0.0000,0.00000,0.00620
12.38,17.62,1.0399,0.0000,0.00000,0.00562
12.62,17.62,1.0375,0.0000,0.00000,0.00512
12.88,17.62,1.0396,0.0000,0.00000,0.00477
13.12,17.62,1.0323,0.0000,0.00000,0.00445
13.38,17.62,1.0259,0.0000,0.00000,0.00412
13.62,17.62,1.0280,0.0000,0.00000,0.00385
13.88,17.62,1.0272,0.0000,0.00000,0.00368
14.12,17.62,1.0234,0.0000,0.00000,0.00354
14.38,17.62,1.0175,0.0000,0.00000,0.00338
14.62,17.62,1.0136,0.0000,0.00000,0.00323
14.88,17.62,1.0122,0.0000,0.00000,0.00310
15.12,17.62,1.0021,0.0000,0.00000,0.00296
15.38,17.62,0.9920,0.0000,0.00000,0.00287
15.62,17.62,0.9925,0.0000,0.00000,0.00286
15.88,17.62,0.9895,0.0000,0.00000,0.00284
16.12,17.62,0.9777,0.0000,0.00000,0.00280
16.38,17.62,0.9627,0.0000,0.00000,0.00276
16.62,17.62,0.9480,0.0000,0.00000,0.00277
16.88,17.62,0.9393,0.0000,0.00000,0.00281
2.62,17.88,0.0000,0.0000,0.00000,0.00000
2.88,17.88,0.0000,0.0000,0.00000,0.00000
3.12,17.88,0.0000,0.0000,0.00000,0.00000
3.38,17.88,0.0000,0.0000,0.00000,0.00000
3.62,17.88,0.0000,0.0000,0.00000,0.00000
3.88,17.88,0.0000,0.0000,0.00000,0.00000
4.12,17.88,0.0000,0.0000,0.00000,0.00000
4.38,17.88,0.0001,0.0000,0.00000,0.00000
4.62,17.88,0.0007,0.0000,0.00000,0.00005
4.88,17.88,0.0058,0.0000,0.00000,0.00045
5.12,17.88,0.0304,0.0000,0.00000,0.00248
5.38,17.88,0.1048,0.0000,0.00000,0.00879
5.62,17.88,0.2514,0.0000,0.00000,0.02111
5.88,17.88,0.4712,0.0000,0.00000,0.03921
6.12,17.88,0.7376,0.0000,0.00000,0.06079
6.38,17.88,0.9851,0.0000,0.00000,0.07980
6.62,17.88,1.1540,0.0000,0.00000,0.09126
6.88,17.88,1.2052,0.0000,0.00000,0.09225
7.12,17.88,1.1792,0.0000,0.00000,0.08761
7.38,17.88,1.1665,0.0000,0.00000,0.08507
7.62,17.88,1.2049,0.0000,0.00000,0.08503
7.88,17.88,1.2746,0.0000,0.00000,0.08366
8.12,17.88,1.3415,0.0000,0.00000,0.07876
8.38,17.88,1.3877,0.0000,0.00000,0.07036
8.62,17.88,1.4066,0.0000,0.00000,0.05983
8.88,17.88,1.4028,0.0000,0.00000,0.04920
9.12,17.88,1.3907,0.0000,0.00000,0.04079
9.38,17.88,1.3730,0.0000,0.00000,0.03406
9.62,17.88,1.3500,0.0000,0.00000,0.02780
9.88,17.88,1.3279,0.0000,0.00000,0.02276
10.12,17.88,1.3081,0.0000,0.00000,0.01906
10.38,17.88,1.2910,0.0000,0.00000,0.01621
10.62,17.88,1.2757,0.0000,0.00000,0.01391
10.88,17.88,1.2595,0.0000,0.00000,0.01201
11.12,17.88,1.2458,0.0000,0.00000,0.01051
11.38,17.88,1.2367,0.0000,0.00000,0.00941
11.62,17.88,1.2278,0.0000,0.00000,0.00848
11.88,17.88,1.2214,0.0000,0.00000,0.00764
12.12,17.88,1.2146,0.0000,0.00000,0.00690
12.38,17.88,1.2057,0.0000,0.00000,0.00618
12.62,17.88,1.1991,0.0000,0.00000,0.00560
12.88,17.88,1.1982,0.0000,0.00000,0.00522
13.12,17.88,1.1937,0.0000,0.00000,0.00493
13.38,17.88,1.1845,0.0000,0.00000,0.00463
13.62,17.88,1.1812,0.0000,0.00000,0.00435
13.88,17.88,1.1779,0.0000,0.00000,0.00414
14.12,17.88,1.1767,0.0000,0.00000,0.00398
14.38,17.88,1.1754,0.0000,0.00000,0.00382
14.62,17.88,1.1693,0.0000,0.00000,0.00367
14.88,17.88,1.1646,0.0000,0.00000,0.00354
15.12,17.88,1.1588,0.0000,0.00000,0.00343
15.38,17.88,1.1515,0.0000,0.00000,0.00334
15.62,17.88,1.1501,0.0000,0.00000,0.00329
15.88,17.88,1.1468,0.0000,0.00000,0.00325
16.12,17.88,1.1378,0.0000,0.00000,0.00319
16.38,17.88,1.1239,0.0000,0.00000,0.00314
16.62,17.88,1.1058,0.0000,0.00000,0.00314
16.88,17.88,1.0922,0.0000,0.00000,0.00318
2.62,18.12,0.0000,0.0000,0.00000,0.00000
2.88,18.12,0.0000,0.0000,0.00000,0.00000
3.12,18.12,0.0000,0.0000,0.00000,0.00000
3.38,18.12,0.0000,0.0000,0.00000,0.00000
3.62,18.12,0.0000,0.0000,0.00000,0.00000
3.88,18.12,0.0000,0.0000,0.00000,0.00000
4.12,18.12,0.0000,0.0000,0.00000,0.00000
4.38,18.12,0.0000,0.0000,0.00000,0.00000
4.62,18.12,0.0001,0.0000,0.00000,0.00000
4.88,18.12,0.0009,0.0000,0.00000,0.00006
5.12,18.12,0.0062,0.0000,0.00000,0.00045
5.38,18.12,0.0272,0.0000,0.00000,0.00207
5.62,18.12,0.0810,0.0000,0.00000,0.00633
5.88,18.12,0.1863,0.0000,0.00000,0.01467
6.12,18.12,0.3540,0.0000,0.00000,0.02761
6.38,18.12,0.5784,0.0000,0.00000,0.04410
6.62,18.12,0.8288,0.0000,0.00000,0.06102
6.88,18.12,1.0297,0.0000,0.00000,0.07177
7.12,18.12,1.1301,0.0000,0.00000,0.07347
7.38,18.12,1.1451,0.0000,0.00000,0.06985
7.62,18.12,1.1246,0.0000,0.00000,0.06563
7.88,18.12,1.1104,0.0000,0.00000,0.06155
8.12,18.12,1.1107,0.0000,0.00000,0.05684
8.38,18.12,1.1310,0.0000,0.00000,0.05208
8.62,18.12,1.1649,0.0000,0.00000,0.04695
8.88,18.12,1.1948,0.0000,0.00000,0.04100
9.12,18.12,1.2234,0.0000,0.00000,0.03581
9.38,18.12,1.2485,0.0000,0.00000,0.03119
9.62,18.12,1.2622,0.0000,0.00000,0.02637
9.88,18.12,1.2710,0.0000,0.00000,0.02216
10.12,18.12,1.2771,0.0000,0.00000,0.01887
10.38,18.12,1.2800,0.0000,0.00000,0.01620
10.62,18.12,1.2785,0.0000,0.00000,0.01393
10.88,18.12,1.2696,0.0000,0.00000,0.01197
11.12,18.12,1.2639,0.0000,0.00000,0.01052
11.38,18.12,1.2628,0.0000,0.00000,0.00947
11.62,18.12,1.2598,0.0000,0.00000,0.00852
11.88,18.12,1.2599,0.0000,0.00000,0.00772
12.12,18.12,1.2512,0.0000,0.00000,0.00696
12.38,18.12,1.2401,0.0000,0.00000,0.00616
12.62,18.12,1.2358,0.0000,0.00000,0.00556
12.88,18.12,1.2306,0.0000,0.00000,0.00517
13.12,18.12,1.2253,0.0000,0.00000,0.00492
13.38,18.12,1.2205,0.0000,0.00000,0.00472
13.62,18.12,1.2165,0.0000,0.00000,0.00447
13.88,18.12,1.2119,0.0000,0.00000,0.00423
14.12,18.12,1.2093,0.0000,0.00000,0.00405
14.38,18.12,1.2075,0.0000,0.00000,0.00391
14.62,18.12,1.2019,0.0000,0.00000,0.00375
14.88,18.12,1.1950,0.0000,0.00000,0.00362
15.12,18.12,1.1912,0.0000,0.00000,0.00351
15.38,18.12,1.1844,0.0000,0.00000,0.00338
15.62,18.12,1.1794,0.0000,0.00000,0.00329
15.88,18.12,1.1796,0.0000,0.00000,0.00324
16.12,18.12,1.1769,0.0000,0.00000,0.00319
16.38,18.12,1.1631,0.0000,0.00000,0.00316
16.62,18.12,1.1416,0.0000,0.00000,0.00319
16.88,18.12,1.1235,0.0000,0.00000,0.00326
2.62,18.38,0.0000,0.0000,0.00000,0.00000
2.88,18.38,0.0000,0.0000,0.00000,0.00000
3.12,18.38,0.0000,0.0000,0.00000,0.00000
3.38,18.38,0.0000,0.0000,0.00000,0.00000
3.62,18.38,0.0000,0.0000,0.00000,0.00000
3.88,18.38,0.0000,0.0000,0.00000,0.00000
4.12,18.38,0.0000,0.0000,0.00000,0.00000
4.38,18.38,0.0000,0.0000,0.00000,0.00000
4.62,18.38,0.0000,0.0000,0.00000,0.00000
4.88,18.38,0.0001,0.0000,0.00000,0.00001
5.12,18.38,0.0009,0.0000,0.00000,0.00006
5.38,18.38,0.0049,0.0000,0.00000,0.00033
5.62,18.38,0.0182,0.0000,0.00000,0.00129
5.88,18.38,0.0515,0.0000,0.00000,0.00375
6.12,18.38,0.1184,0.0000,0.00000,0.00866
6.38,18.38,0.2363,0.0000,0.00000,0.01711
6.62,18.38,0.4112,0.0000,0.00000,0.02900
6.88,18.38,0.6174,0.0000,0.00000,0.04123
7.12,18.38,0.8205,0.0000,0.00000,0.05003
7.38,18.38,0.9802,0.0000,0.00000,0.05369
7.62,18.38,1.0774,0.0000,0.00000,0.05409
7.88,18.38,1.1141,0.0000,0.00000,0.05186
8.12,18.38,1.0925,0.0000,0.00000,0.04654
8.38,18.38,1.0522,0.0000,0.00000,0.04043
8.62,18.38,1.0224,0.0000,0.00000,0.03518
8.88,18.38,1.0007,0.0000,0.00000,0.03032
9.12,18.38,0.9944,0.0000,0.00000,0.02657
9.38,18.38,0.9959,0.0000,0.00000,0.02340
9.62,18.38,0.9983,0.0000,0.00000,0.02009
9.88,18.38,1.0052,0.0000,0.00000,0.01710
10.12,18.38,1.0137,0.0000,0.00000,0.01469
10.38,18.38,1.0214,0.0000,0.00000,0.01272
10.62,18.38,1.0270,0.0000,0.00000,0.01106
10.88,18.38,1.0319,0.0000,0.00000,0.00962
11.12,18.38,1.0399,0.0000,0.00000,0.00851
11.38,18.38,1.0474,0.0000,0.00000,0.00766
11.62,18.38,1.0530,0.0000,0.00000,0.00686
11.88,18.38,1.0654,0.0000,0.00000,0.00622
12.12,18.38,1.0677,0.0000,0.00000,0.00563
12.38,18.38,1.0642,0.0000,0.00000,0.00505
12.62,18.38,1.0663,0.0000,0.00000,0.00462
12.88,18.38,1.0626,0.0000,0.00000,0.00432
13.12,18.38,1.0609,0.0000,0.00000,0.00415
13.38,18.38,1.0679,0.0000,0.00000,0.00404
13.62,18.38,1.0711,0.0000,0.00000,0.00386
13.88,18.38,1.0685,0.0000,0.00000,0.00367
14.12,18.38,1.0662,0.0000,0.00000,0.00357
14.38,18.38,1.0656,0.0000,0.00000,0.00347
14.62,18.38,1.0654,0.0000,0.00000,0.00333
14.88,18.38,1.0630,0.0000,0.00000,0.00321
15.12,18.38,1.0622,0.0000,0.00000,0.00310
15.38,18.38,1.0570,0.0000,0.00000,0.00295
15.62,18.38,1.0521,0.0000,0.00000,0.00284
15.88,18.38,1.0567,0.0000,0.00000,0.00277
16.12,18.38,1.0575,0.0000,0.00000,0.00273
16.38,18.38,1.0449,0.0000,0.00000,0.00276
16.62,18.38,1.0269,0.0000,0.00000,0.00283
16.88,18.38,1.0147,0.0000,0.00000,0.00290
2.62,18.62,0.0000,0.0000,0.00000,0.00000
2.88,18.62,0.0000,0.0000,0.00000,0.00000
3.12,18.62,0.0000,0.0000,0.00000,0.00000
3.38,18.62,0.0000,0.0000,0.00000,0.00000
3.62,18.62,0.0000,0.0000,0.00000,0.00000
3.88,18.62,0.0000,0.0000,0.00000,0.00000
4.12,18.62,0.0000,0.0000,0.00000,0.00000
4.38,18.62,0.0000,0.0000,0.00000,0.00000
4.62,18.62,0.0000,0.0000,0.00000,0.00000
4.88,18.62,0.0000,0.0000,0.00000,0.00000
5.12,18.62,0.0001,0.0000,0.00000,0.00000
5.38,18.62,0.0006,0.0000,0.00000,0.00003
5.62,18.62,0.0027,0.0000,0.00000,0.00017
5.88,18.62,0.0094,0.0000,0.00000,0.00061
6.12,18.62,0.0267,0.0000,0.00000,0.00180
6.38,18.62,0.0653,0.0000,0.00000,0.00447
6.62,18.62,0.1346,0.0000,0.00000,0.00916
6.88,18.62,0.2406,0.0000,0.00000,0.01555
7.12,18.62,0.3889,0.0000,0.00000,0.02266
7.38,18.62,0.5632,0.0000,0.00000,0.02915
7.62,18.62,0.7405,0.0000,0.00000,0.03459
7.88,18.62,0.8942,0.0000,0.00000,0.03791
8.12,18.62,0.9861,0.0000,0.00000,0.03765
8.38,18.62,1.0297,0.0000,0.00000,0.03457
8.62,18.62,1.0483,0.0000,0.00000,0.03065
8.88,18.62,1.0439,0.0000,0.00000,0.02651
9.12,18.62,1.0313,0.0000,0.00000,0.02291
9.38,18.62,1.0073,0.0000,0.00000,0.01964
9.62,18.62,0.9842,0.0000,0.00000,0.01668
9.88,18.62,0.9689,0.0000,0.00000,0.01414
10.12,18.62,0.9521,0.0000,0.00000,0.01201
10.38,18.62,0.9396,0.0000,0.00000,0.01035
10.62,18.62,0.9302,0.0000,0.00000,0.00909
10.88,18.62,0.9254,0.0000,0.00000,0.00796
11.12,18.62,0.9237,0.0000,0.00000,0.00695
11.38,18.62,0.9196,0.0000,0.00000,0.00614
11.62,18.62,0.9154,0.0000,0.00000,0.00546
11.88,18.62,0.9202,0.0000,0.00000,0.00492
12.12,18.62,0.9239,0.0000,0.00000,0.00449
12.38,18.62,0.9217,0.0000,0.00000,0.00413
12.62,18.62,0.9212,0.0000,0.00000,0.00382
12.88,18.62,0.9174,0.0000,0.00000,0.00359
13.12,18.62,0.9165,0.0000,0.00000,0.00346
13.38,18.62,0.9250,0.0000,0.00000,0.00334
13.62,18.62,0.9287,0.0000,0.00000,0.00320
13.88,18.62,0.9265,0.0000,0.00000,0.00309
14.12,18.62,0.9300,0.0000,0.00000,0.00307
14.38,18.62,0.9340,0.0000,0.00000,0.00303
14.62,18.62,0.9350,0.0000,0.00000,0.00292
14.88,18.62,0.9369,0.0000,0.00000,0.00282
15.12,18.62,0.9410,0.0000,0.00000,0.00273
15.38,18.62,0.9409,0.0000,0.00000,0.00260
15.62,18.62,0.9406,0.0000,0.00000,0.00248
15.88,18.62,0.9463,0.0000,0.00000,0.00242
16.12,18.62,0.9488,0.0000,0.00000,0.00241
16.38,18.62,0.9408,0.0000,0.00000,0.00246
16.62,18.62,0.9299,0.0000,0.00000,0.00252
16.88,18.62,0.9309,0.0000,0.00000,0.00257
2.62,18.88,0.0000,0.0000,0.00000,0.00000
2.88,18.88,0.0000,0.0000,0.00000,0.00000
3.12,18.88,0.0000,0.0000,0.00000,0.00000
3.38,18.88,0.0000,0.0000,0.00000,0.00000
3.62,18.88,0.0000,0.0000,0.00000,0.00000
3.88,18.88,0.0000,0.0000,0.00000,0.00000
4.12,18.88,0.0000,0.0000,0.00000,0.00000
4.38,18.88,0.0000,0.0000,0.00000,0.00000
4.62,18.88,0.0000,0.0000,0.00000,0.00000
4.88,18.88,0.0000,0.0000,0.00000,0.00000
5.12,18.88,0.0000,0.0000,0.00000,0.00000
5.38,18.88,0.0000,0.0000,0.00000,0.00000
5.62,18.88,0.0002,0.0000,0.00000,0.00001
5.88,18.88,0.0011,0.0000,0.00000,0.00006
6.12,18.88,0.0038,0.0000,0.00000,0.00023
6.38,18.88,0.0115,0.0000,0.00000,0.00072
6.62,18.88,0.0285,0.0000,0.00000,0.00179
6.88,18.88,0.0615,0.0000,0.00000,0.00364
7.12,18.88,0.1194,0.0000,0.00000,0.00644
7.38,18.88,0.2055,0.0000,0.00000,0.01019
7.62,18.88,0.3210,0.0000,0.00000,0.01441
7.88,18.88,0.4557,0.0000,0.00000,0.01835
8.12,18.88,0.5819,0.0000,0.00000,0.02113
8.38,18.88,0.6992,0.0000,0.00000,0.02227
8.62,18.88,0.8106,0.0000,0.00000,0.02227
8.88,18.88,0.8998,0.0000,0.00000,0.02134
9.12,18.88,0.9632,0.0000,0.00000,0.01961
9.38,18.88,0.9931,0.0000,0.00000,0.01722
9.62,18.88,1.0132,0.0000,0.00000,0.01515
9.88,18.88,1.0313,0.0000,0.00000,0.01345
10.12,18.88,1.0297,0.0000,0.00000,0.01173
10.38,18.88,1.0244,0.0000,0.00000,0.01024
10.62,18.88,1.0206,0.0000,0.00000,0.00907
10.88,18.88,1.0155,0.0000,0.00000,0.00802
11.12,18.88,1.0099,0.0000,0.00000,0.00703
11.38,18.88,1.0024,0.0000,0.00000,0.00619
11.62,18.88,0.9916,0.0000,0.00000,0.00549
11.88,18.88,0.9838,0.0000,0.00000,0.00492
12.12,18.88,0.9804,0.0000,0.00000,0.00453
12.38,18.88,0.9738,0.0000,0.00000,0.00423
12.62,18.88,0.9652,0.0000,0.00000,0.00391
12.88,18.88,0.9538,0.0000,0.00000,0.00366
13.12,18.88,0.9456,0.0000,0.00000,0.00346
13.38,18.88,0.9416,0.0000,0.00000,0.00327
13.62,18.88,0.9350,0.0000,0.00000,0.00313
13.88,18.88,0.9308,0.0000,0.00000,0.00306
14.12,18.88,0.9335,0.0000,0.00000,0.00304
14.38,18.88,0.9316,0.0000,0.00000,0.00298
14.62,18.88,0.9274,0.0000,0.00000,0.00288
14.88,18.88,0.9278,0.0000,0.00000,0.00277
15.12,18.88,0.9274,0.0000,0.00000,0.00266
15.38,18.88,0.9270,0.0000,0.00000,0.00255
15.62,18.88,0.9277,0.0000,0.00000,0.00246
15.88,18.88,0.9273,0.0000,0.00000,0.00241
16.12,18.88,0.9263,0.0000,0.00000,0.00243
16.38,18.88,0.9186,0.0000,0.00000,0.00245
16.62,18.88,0.9088,0.0000,0.00000,0.00244
16.88,18.88,0.9125,0.0000,0.00000,0.00245
2.62,19.12,0.0000,0.0000,0.00000,0.00000
2.88,19.12,0.0000,0.0000,0.00000,0.00000
3.12,19.12,0.0000,0.0000,0.00000,0.00000
3.38,19.12,0.0000,0.0000,0.00000,0.00000
3.62,19.12,0.0000,0.0000,0.00000,0.00000
3.88,19.12,0.0000,0.0000,0.00000,0.00000
4.12,19.12,0.0000,0.0000,0.00000,0.00000
4.38,19.12,0.0000,0.0000,0.00000,0.00000
4.62,19.12,0.0000,0.0000,0.00000,0.00000
4.88,19.12,0.0000,0.0000,0.00000,0.00000
5.12,19.12,0.0000,0.0000,0.00000,0.00000
5.38,19.12,0.0000,0.0000,0.00000,0.00000
5.62,19.12,0.0000,0.0000,0.00000,0.00000
5.88,19.12,0.0001,0.0000,0.00000,0.00000
6.12,19.12,0.0003,0.0000,0.00000,0.00002
6.38,19.12,0.0012,0.0000,0.00000,0.00007
6.62,19.12,0.0039,0.0000,0.00000,0.00021
6.88,19.12,0.0107,0.0000,0.00000,0.00053
7.12,19.12,0.0248,0.0000,0.00000,0.00120
7.38,19.12,0.0496,0.0000,0.00000,0.00233
7.62,19.12,0.0892,0.0000,0.00000,0.00381
7.88,19.12,0.1439,0.0000,0.00000,0.00546
8.12,19.12,0.2091,0.0000,0.00000,0.00727
8.38,19.12,0.2910,0.0000,0.00000,0.00902
8.62,19.12,0.3876,0.0000,0.00000,0.01045
8.88,19.12,0.4841,0.0000,0.00000,0.01128
9.12,19.12,0.5740,0.0000,0.00000,0.01138
9.38,19.12,0.6458,0.0000,0.00000,0.01082
9.62,19.12,0.7133,0.0000,0.00000,0.01040
9.88,19.12,0.7787,0.0000,0.00000,0.01006
10.12,19.12,0.8204,0.0000,0.00000,0.00924
10.38,19.12,0.8556,0.0000,0.00000,0.00838
10.62,19.12,0.8886,0.0000,0.00000,0.00768
10.88,19.12,0.9156,0.0000,0.00000,0.00704
11.12,19.12,0.9422,0.0000,0.00000,0.00645
11.38,19.12,0.9614,0.0000,0.00000,0.00589
11.62,19.12,0.9724,0.0000,0.00000,0.00531
11.88,19.12,0.9788,0.0000,0.00000,0.00484
12.12,19.12,0.9867,0.0000,0.00000,0.00457
12.38,19.12,0.9956,0.0000,0.00000,0.00435
12.62,19.12,0.9971,0.0000,0.00000,0.00405
12.88,19.12,0.9941,0.0000,0.00000,0.00376
13.12,19.12,0.9954,0.0000,0.00000,0.00355
13.38,19.12,0.9969,0.0000,0.00000,0.00340
13.62,19.12,0.9953,0.0000,0.00000,0.00331
13.88,19.12,0.9931,0.0000,0.00000,0.00325
14.12,19.12,0.9935,0.0000,0.00000,0.00321
14.38,19.12,0.9919,0.0000,0.00000,0.00312
14.62,19.12,0.9895,0.0000,0.00000,0.00301
14.88,19.12,0.9906,0.0000,0.00000,0.00290
15.12,19.12,0.9837,0.0000,0.00000,0.00276
15.38,19.12,0.9793,0.0000,0.00000,0.00267
15.62,19.12,0.9812,0.0000,0.00000,0.00263
15.88,19.12,0.9774,0.0000,0.00000,0.00259
16.12,19.12,0.9728,0.0000,0.00000,0.00259
16.38,19.12,0.9646,0.0000,0.00000,0.00259
16.62,19.12,0.9549,0.0000,0.00000,0.00255
16.88,19.12,0.9552,0.0000,0.00000,0.00254
2.62,19.38,0.0000,0.0000,0.00000,0.00000
2.88,19.38,0.0000,0.0000,0.00000,0.00000
3.12,19.38,0.0000,0.0000,0.00000,0.00000
3.38,19.38,0.0000,0.0000,0.00000,0.00000
3.62,19.38,0.0000,0.0000,0.00000,0.00000
3.88,19.38,0.0000,0.0000,0.00000,0.00000
4.12,19.38,0.0000,0.0000,0.00000,0.00000
4.38,19.38,0.0000,0.0000,0.00000,0.00000
4.62,19.38,0.0000,0.0000,0.00000,0.00000
4.88,19.38,0.0000,0.0000,0.00000,0.00000
5.12,19.38,0.0000,0.0000,0.00000,0.00000
5.38,19.38,0.0000,0.0000,0.00000,0.00000
5.62,19.38,0.0000,0.0000,0.00000,0.00000
5.88,19.38,0.0000,0.0000,0.00000,0.00000
6.12,19.38,0.0000,0.0000,0.00000,0.00000
6.38,19.38,0.0001,0.0000,0.00000,0.00000
6.62,19.38,0.0003,0.0000,0.00000,0.00001
6.88,19.38,0.0012,0.0000,0.00000,0.00005
7.12,19.38,0.0034,0.0000,0.00000,0.00015
7.38,19.38,0.0081,0.0000,0.00000,0.00035
7.62,19.38,0.0169,0.0000,0.00000,0.00064
7.88,19.38,0.0305,0.0000,0.00000,0.00101
8.12,19.38,0.0493,0.0000,0.00000,0.00155
8.38,19.38,0.0771,0.0000,0.00000,0.00227
8.62,19.38,0.1134,0.0000,0.00000,0.00297
8.88,19.38,0.1553,0.0000,0.00000,0.00351
9.12,19.38,0.2041,0.0000,0.00000,0.00394
9.38,19.38,0.2528,0.0000,0.00000,0.00419
9.62,19.38,0.3046,0.0000,0.00000,0.00444
9.88,19.38,0.3594,0.0000,0.00000,0.00464
10.12,19.38,0.4048,0.0000,0.00000,0.00451
10.38,19.38,0.4519,0.0000,0.00000,0.00433
10.62,19.38,0.4972,0.0000,0.00000,0.00418
10.88,19.38,0.5390,0.0000,0.00000,0.00403
11.12,19.38,0.5839,0.0000,0.00000,0.00393
11.38,19.38,0.6165,0.0000,0.00000,0.00374
11.62,19.38,0.6453,0.0000,0.00000,0.00349
11.88,19.38,0.6745,0.0000,0.00000,0.00332
12.12,19.38,0.7005,0.0000,0.00000,0.00325
12.38,19.38,0.7308,0.0000,0.00000,0.00319
12.62,19.38,0.7538,0.0000,0.00000,0.00305
12.88,19.38,0.7720,0.0000,0.00000,0.00289
13.12,19.38,0.7918,0.0000,0.00000,0.00277
13.38,19.38,0.8105,0.0000,0.00000,0.00273
13.62,19.38,0.8289,0.0000,0.00000,0.00271
13.88,19.38,0.8402,0.0000,0.00000,0.00270
14.12,19.38,0.8503,0.0000,0.00000,0.00270
14.38,19.38,0.8669,0.0000,0.00000,0.00268
14.62,19.38,0.8804,0.0000,0.00000,0.00263
14.88,19.38,0.8900,0.0000,0.00000,0.00256
15.12,19.38,0.8917,0.0000,0.00000,0.00248
15.38,19.38,0.8945,0.0000,0.00000,0.00245
15.62,19.38,0.9049,0.0000,0.00000,0.00246
15.88,19.38,0.9089,0.0000,0.00000,0.00244
16.12,19.38,0.9127,0.0000,0.00000,0.00242
16.38,19.38,0.9175,0.0000,0.00000,0.00245
16.62,19.38,0.9186,0.0000,0.00000,0.00245
16.88,19.38,0.9226,0.0000,0.00000,0.00245
2.62,19.62,0.0000,0.0000,0.00000,0.00000
2.88,19.62,0.0000,0.0000,0.00000,0.00000
3.12,19.62,0.0000,0.0000,0.00000,0.00000
3.38,19.62,0.0000,0.0000,0.00000,0.00000
3.62,19.62,0.0000,0.0000,0.00000,0.00000
3.88,19.62,0.0000,0.0000,0.00000,0.00000
4.12,19.62,0.0000,0.0000,0.00000,0.00000
4.38,19.62,0.0000,0.0000,0.00000,0.00000
4.62,19.62,0.0000,0.0000,0.00000,0.00000
4.88,19.62,0.0000,0.0000,0.00000,0.00000
5.12,19.62,0.0000,0.0000,0.00000,0.00000
5.38,19.62,0.0000,0.0000,0.00000,0.00000
5.62,19.62,0.0000,0.0000,0.00000,0.00000
5.88,19.62,0.0000,0.0000,0.00000,0.00000
6.12,19.62,0.0000,0.0000,0.00000,0.00000
6.38,19.62,0.0000,0.0000,0.00000,0.00000
6.62,19.62,0.0000,0.0000,0.00000,0.00000
6.88,19.62,0.0001,0.0000,0.00000,0.00000
7.12,19.62,0.0003,0.0000,0.00000,0.00001
7.38,19.62,0.0008,0.0000,0.00000,0.00003
7.62,19.62,0.0022,0.0000,0.00000,0.00007
7.88,19.62,0.0046,0.0000,0.00000,0.00012
8.12,19.62,0.0083,0.0000,0.00000,0.00021
8.38,19.62,0.0138,0.0000,0.00000,0.00036
8.62,19.62,0.0214,0.0000,0.00000,0.00051
8.88,19.62,0.0315,0.0000,0.00000,0.00065
9.12,19.62,0.0454,0.0000,0.00000,0.00083
9.38,19.62,0.0615,0.0000,0.00000,0.00099
9.62,19.62,0.0805,0.0000,0.00000,0.00112
9.88,19.62,0.1018,0.0000,0.00000,0.00124
10.12,19.62,0.1229,0.0000,0.00000,0.00129
10.38,19.62,0.1479,0.0000,0.00000,0.00134
10.62,19.62,0.1726,0.0000,0.00000,0.00137
10.88,19.62,0.1971,0.0000,0.00000,0.00139
11.12,19.62,0.2253,0.0000,0.00000,0.00144
11.38,19.62,0.2454,0.0000,0.00000,0.00144
11.62,19.62,0.2663,0.0000,0.00000,0.00139
11.88,19.62,0.2924,0.0000,0.00000,0.00140
12.12,19.62,0.3159,0.0000,0.00000,0.00143
12.38,19.62,0.3441,0.0000,0.00000,0.00146
12.62,19.62,0.3700,0.0000,0.00000,0.00146
12.88,19.62,0.3925,0.0000,0.00000,0.00144
13.12,19.62,0.4159,0.0000,0.00000,0.00143
13.38,19.62,0.4381,0.0000,0.00000,0.00145
13.62,19.62,0.4616,0.0000,0.00000,0.00148
13.88,19.62,0.4811,0.0000,0.00000,0.00151
14.12,19.62,0.4973,0.0000,0.00000,0.00155
14.38,19.62,0.5214,0.0000,0.00000,0.00158
14.62,19.62,0.5451,0.0000,0.00000,0.00161
14.88,19.62,0.5628,0.0000,0.00000,0.00162
15.12,19.62,0.5766,0.0000,0.00000,0.00163
15.38,19.62,0.5907,0.0000,0.00000,0.00167
15.62,19.62,0.6094,0.0000,0.00000,0.00170
15.88,19.62,0.6227,0.0000,0.00000,0.00169
16.12,19.62,0.6358,0.0000,0.00000,0.00168
16.38,19.62,0.6537,0.0000,0.00000,0.00172
16.62,19.62,0.6653,0.0000,0.00000,0.00174
16.88,19.62,0.6731,0.0000,0.00000,0.00176
2.62,19.88,0.0000,0.0000,0.00000,0.00000
2.88,19.88,0.0000,0.0000,0.00000,0.00000
3.12,19.88,0.0000,0.0000,0.00000,0.00000
3.38,19.88,0.0000,0.0000,0.00000,0.00000
3.62,19.88,0.0000,0.0000,0.00000,0.00000
3.88,19.88,0.0000,0.0000,0.00000,0.00000
4.12,19.88,0.0000,0.0000,0.00000,0.00000
4.38,19.88,0.0000,0.0000,0.00000,0.00000
4.62,19.88,0.0000,0.0000,0.00000,0.00000
4.88,19.88,0.0000,0.0000,0.00000,0.00000
5.12,19.88,0.0000,0.0000,0.00000,0.00000
5.38,19.88,0.0000,0.0000,0.00000,0.00000
5.62,19.88,0.0000,0.0000,0.00000,0.00000
5.88,19.88,0.0000,0.0000,0.00000,0.00000
6.12,19.88,0.0000,0.0000,0.00000,0.00000
6.38,19.88,0.0000,0.0000,0.00000,0.00000
6.62,19.88,0.0000,0.0000,0.00000,0.00000
6.88,19.88,0.0000,0.0000,0.00000,0.00000
7.12,19.88,0.0000,0.0000,0.00000,0.00000
7.38,19.88,0.0001,0.0000,0.00000,0.00000
7.62,19.88,0.0002,0.0000,0.00000,0.00000
7.88,19.88,0.0005,0.0000,0.00000,0.00001
8.12,19.88,0.0009,0.0000,0.00000,0.00002
8.38,19.88,0.0016,0.0000,0.00000,0.00004
8.62,19.88,0.0027,0.0000,0.00000,0.00005
8.88,19.88,0.0043,0.0000,0.00000,0.00007
9.12,19.88,0.0066,0.0000,0.00000,0.00011
9.38,19.88,0.0096,0.0000,0.00000,0.00014
9.62,19.88,0.0137,0.0000,0.00000,0.00017
9.88,19.88,0.0185,0.0000,0.00000,0.00020
10.12,19.88,0.0238,0.0000,0.00000,0.00023
10.38,19.88,0.0304,0.0000,0.00000,0.00026
10.62,19.88,0.0371,0.0000,0.00000,0.00027
10.88,19.88,0.0442,0.0000,0.00000,0.00028
11.12,19.88,0.0531,0.0000,0.00000,0.00031
11.38,19.88,0.0598,0.0000,0.00000,0.00033
11.62,19.88,0.0673,0.0000,0.00000,0.00033
11.88,19.88,0.0774,0.0000,0.00000,0.00035
12.12,19.88,0.0871,0.0000,0.00000,0.00038
12.38,19.88,0.0999,0.0000,0.00000,0.00041
12.62,19.88,0.1128,0.0000,0.00000,0.00043
12.88,19.88,0.1239,0.0000,0.00000,0.00044
13.12,19.88,0.1360,0.0000,0.00000,0.00046
13.38,19.88,0.1481,0.0000,0.00000,0.00048
13.62,19.88,0.1606,0.0000,0.00000,0.00050
13.88,19.88,0.1726,0.0000,0.00000,0.00053
14.12,19.88,0.1826,0.0000,0.00000,0.00057
14.38,19.88,0.1960,0.0000,0.00000,0.00059
14.62,19.88,0.2108,0.0000,0.00000,0.00061
14.88,19.88,0.2232,0.0000,0.00000,0.00064
15.12,19.88,0.2350,0.0000,0.00000,0.00068
15.38,19.88,0.2486,0.0000,0.00000,0.00072
15.62,19.88,0.2634,0.0000,0.00000,0.00075
15.88,19.88,0.2743,0.0000,0.00000,0.00075
16.12,19.88,0.2848,0.0000,0.00000,0.00075
16.38,19.88,0.2996,0.0000,0.00000,0.00077
16.62,19.88,0.3111,0.0000,0.00000,0.00080
16.88,19.88,0.3188,0.0000,0.00000,0.00082
2.62,20.12,0.0000,0.0000,0.00000,0.00000
2.88,20.12,0.0000,0.0000,0.00000,0.00000
3.12,20.12,0.0000,0.0000,0.00000,0.00000
3.38,20.12,0.0000,0.0000,0.00000,0.00000
3.62,20.12,0.0000,0.0000,0.00000,0.00000
3.88,20.12,0.0000,0.0000,0.00000,0.00000
4.12,20.12,0.0000,0.0000,0.00000,0.00000
4.38,20.12,0.0000,0.0000,0.00000,0.00000
4.62,20.12,0.0000,0.0000,0.00000,0.00000
4.88,20.12,0.0000,0.0000,0.00000,0.00000
5.12,20.12,0.0000,0.0000,0.00000,0.00000
5.38,20.12,0.0000,0.0000,0.00000,0.00000
5.62,20.12,0.0000,0.0000,0.00000,0.00000
5.88,20.12,0.0000,0.0000,0.00000,0.00000
6.12,20.12,0.0000,0.0000,0.00000,0.00000
6.38,20.12,0.0000,0.0000,0.00000,0.00000
6.62,20.12,0.0000,0.0000,0.00000,0.00000
6.88,20.12,0.0000,0.0000,0.00000,0.00000
7.12,20.12,0.0000,0.0000,0.00000,0.00000
7.38,20.12,0.0000,0.0000,0.00000,0.00000
7.62,20.12,0.0000,0.0000,0.00000,0.00000
7.88,20.12,0.0000,0.0000,0.00000,0.00000
8.12,20.12,0.0001,0.0000,0.00000,0.00000
8.38,20.12,0.0001,0.0000,0.00000,0.00000
8.62,20.12,0.0002,0.0000,0.00000,0.00000
8.88,20.12,0.0004,0.0000,0.00000,0.00001
9.12,20.12,0.0006,0.0000,0.00000,0.00001
9.38,20.12,0.0010,0.0000,0.00000,0.00001
9.62,20.12,0.0015,0.0000,0.00000,0.00001
9.88,20.12,0.0023,0.0000,0.00000,0.00002
10.12,20.12,0.0031,0.0000,0.00000,0.00003
10.38,20.12,0.0040,0.0000,0.00000,0.00003
10.62,20.12,0.0050,0.0000,0.00000,0.00003
10.88,20.12,0.0061,0.0000,0.00000,0.00003
11.12,20.12,0.0077,0.0000,0.00000,0.00004
11.38,20.12,0.0091,0.0000,0.00000,0.00004
11.62,20.12,0.0107,0.0000,0.00000,0.00005
11.88,20.12,0.0126,0.0000,0.00000,0.00005
12.12,20.12,0.0146,0.0000,0.00000,0.00006
12.38,20.12,0.0179,0.0000,0.00000,0.00007
12.62,20.12,0.0213,0.0000,0.00000,0.00008
12.88,20.12,0.0239,0.0000,0.00000,0.00008
13.12,20.12,0.0269,0.0000,0.00000,0.00009
13.38,20.12,0.0304,0.0000,0.00000,0.00010
13.62,20.12,0.0338,0.0000,0.00000,0.00010
13.88,20.12,0.0372,0.0000,0.00000,0.00012
14.12,20.12,0.0403,0.0000,0.00000,0.00013
14.38,20.12,0.0440,0.0000,0.00000,0.00013
14.62,20.12,0.0483,0.0000,0.00000,0.00014
14.88,20.12,0.0521,0.0000,0.00000,0.00015
15.12,20.12,0.0565,0.0000,0.00000,0.00016
15.38,20.12,0.0625,0.0000,0.00000,0.00018
15.62,20.12,0.0683,0.0000,0.00000,0.00020
15.88,20.12,0.0724,0.0000,0.00000,0.00020
16.12,20.12,0.0764,0.0000,0.00000,0.00020
16.38,20.12,0.0821,0.0000,0.00000,0.00021
16.62,20.12,0.0876,0.0000,0.00000,0.00022
16.88,20.12,0.0918,0.0000,0.00000,0.00024
2.62,20.38,0.0000,0.0000,0.00000,0.00000
2.88,20.38,0.0000,0.0000,0.00000,0.00000
3.12,20.38,0.0000,0.0000,0.00000,0.00000
3.38,20.38,0.0000,0.0000,0.00000,0.00000
3.62,20.38,0.0000,0.0000,0.00000,0.00000
3.88,20.38,0.0000,0.0000,0.00000,0.00000
4.12,20.38,0.0000,0.0000,0.00000,0.00000
4.38,20.38,0.0000,0.0000,0.00000,0.00000
4.62,20.38,0.0000,0.0000,0.00000,0.00000
4.88,20.38,0.0000,0.0000,0.00000,0.00000
5.12,20.38,0.0000,0.0000,0.00000,0.00000
5.38,20.38,0.0000,0.0000,0.00000,0.00000
5.62,20.38,0.0000,0.0000,0.00000,0.00000
5.88,20.38,0.0000,0.0000,0.00000,0.00000
6.12,20.38,0.0000,0.0000,0.00000,0.00000
6.38,20.38,0.0000,0.0000,0.00000,0.00000
6.62,20.38,0.0000,0.0000,0.00000,0.00000
6.88,20.38,0.0000,0.0000,0.00000,0.00000
7.12,20.38,0.0000,0.0000,0.00000,0.00000
7.38,20.38,0.0000,0.0000,0.00000,0.00000
7.62,20.38,0.0000,0.0000,0.00000,0.00000
7.88,20.38,0.0000,0.0000,0.00000,0.00000
8.12,20.38,0.0000,0.0000,0.00000,0.00000
8.38,20.38,0.0000,0.0000,0.00000,0.00000
8.62,20.38,0.0000,0.0000,0.00000,0.00000
8.88,20.38,0.0000,0.0000,0.00000,0.00000
9.12,20.38,0.0000,0.0000,0.00000,0.00000
9.38,20.38,0.0001,0.0000,0.00000,0.00000
9.62,20.38,0.0001,0.0000,0.00000,0.00000
9.88,20.38,0.0002,0.0000,0.00000,0.00000
10.12,20.38,0.0003,0.0000,0.00000,0.00000
10.38,20.38,0.0004,0.0000,0.00000,0.00000
10.62,20.38,0.0005,0.0000,0.00000,0.00000
10.88,20.38,0.0006,0.0000,0.00000,0.00000
11.12,20.38,0.0008,0.0000,0.00000,0.00000
11.38,20.38,0.0010,0.0000,0.00000,0.00000
11.62,20.38,0.0012,0.0000,0.00000,0.00000
11.88,20.38,0.0014,0.0000,0.00000,0.00001
12.12,20.38,0.0017,0.0000,0.00000,0.00001
12.38,20.38,0.0023,0.0000,0.00000,0.00001
12.62,20.38,0.0028,0.0000,0.00000,0.00001
12.88,20.38,0.0032,0.0000,0.00000,0.00001
13.12,20.38,0.0037,0.0000,0.00000,0.00001
13.38,20.38,0.0043,0.0000,0.00000,0.00001
13.62,20.38,0.0049,0.0000,0.00000,0.00001
13.88,20.38,0.0055,0.0000,0.00000,0.00002
14.12,20.38,0.0061,0.0000,0.00000,0.00002
14.38,20.38,0.0067,0.0000,0.00000,0.00002
14.62,20.38,0.0074,0.0000,0.00000,0.00002
14.88,20.38,0.0081,0.0000,0.00000,0.00002
15.12,20.38,0.0091,0.0000,0.00000,0.00003
15.38,20.38,0.0106,0.0000,0.00000,0.00003
15.62,20.38,0.0119,0.0000,0.00000,0.00003
15.88,20.38,0.0128,0.0000,0.00000,0.00004
16.12,20.38,0.0137,0.0000,0.00000,0.00004
16.38,20.38,0.0150,0.0000,0.00000,0.00004
16.62,20.38,0.0165,0.0000,0.00000,0.00004
16.88,20.38,0.0177,0.0000,0.00000,0.00005
