x,y,rho,contact,casualty,pressure
2.62,0.12,0.2451,0.0000,0.00000,0.12909
2.88,0.12,0.4415,0.0000,0.00000,0.22406
3.12,0.12,0.5542,0.0000,0.00000,0.25924
3.38,0.12,0.5169,0.0000,0.00000,0.21918
3.62,0.12,0.4985,0.0000,0.00000,0.21530
3.88,0.12,0.5610,0.0000,0.00000,0.25036
4.12,0.12,0.5863,0.0000,0.00000,0.25097
4.38,0.12,0.5506,0.0000,0.00000,0.23201
4.62,0.12,0.5356,0.0000,0.00000,0.23394
4.88,0.12,0.5587,0.0000,0.00000,0.24570
5.12,0.12,0.5704,0.0000,0.00000,0.24664
5.38,0.12,0.5647,0.0000,0.00000,0.24619
5.62,0.12,0.5657,0.0000,0.00000,0.25648
5.88,0.12,0.5665,0.0005,0.00000,0.26381
6.12,0.12,0.5713,0.0026,0.00000,0.27243
6.38,0.12,0.5803,0.0054,0.00000,0.29121
6.62,0.12,0.5780,0.0112,0.00000,0.31473
6.88,0.12,0.5951,0.0749,0.00000,0.36460
7.12,0.12,0.5286,0.3336,0.00000,0.35265
7.38,0.12,0.3303,0.7301,0.00000,0.22889
2.62,0.38,0.4673,0.0000,0.00000,0.22875
2.88,0.38,0.8861,0.0000,0.00000,0.41629
3.12,0.38,1.1830,0.0000,0.00000,0.50670
3.38,0.38,1.1289,0.0000,0.00000,0.42937
3.62,0.38,1.0274,0.0000,0.00000,0.39440
3.88,0.38,1.1186,0.0000,0.00000,0.45129
4.12,0.38,1.2027,0.0000,0.00000,0.46593
4.38,0.38,1.1450,0.0000,0.00000,0.43306
4.62,0.38,1.0931,0.0000,0.00000,0.42788
4.88,0.38,1.1356,0.0000,0.00000,0.45115
5.12,0.38,1.1671,0.0000,0.00000,0.45960
5.38,0.38,1.1500,0.0000,0.00000,0.46132
5.62,0.38,1.1420,0.0001,0.00000,0.48033
5.88,0.38,1.1396,0.0007,0.00000,0.49609
6.12,0.38,1.1578,0.0037,0.00000,0.52152
6.38,0.38,1.1678,0.0087,0.00000,0.55681
6.62,0.38,1.1535,0.0332,0.00000,0.59609
6.88,0.38,1.2234,0.2974,0.00000,0.70645
7.12,0.38,1.1129,1.3667,0.00000,0.69728
7.38,0.38,0.6996,3.0131,0.00000,0.45567
2.62,0.62,0.5234,0.0000,0.00000,0.23138
2.88,0.62,1.0838,0.0000,0.00000,0.45902
3.12,0.62,1.5942,0.0000,0.00000,0.61266
3.38,0.62,1.5947,0.0000,0.00000,0.53654
3.62,0.62,1.3697,0.0000,0.00000,0.45158
3.88,0.62,1.4133,0.0000,0.00000,0.49535
4.12,0.62,1.5691,0.0000,0.00000,0.53435
4.38,0.62,1.5319,0.0000,0.00000,0.50441
4.62,0.62,1.4364,0.0000,0.00000,0.48456
4.88,0.62,1.4794,0.0000,0.00000,0.51152
5.12,0.62,1.5341,0.0000,0.00000,0.53133
5.38,0.62,1.5146,0.0000,0.00000,0.53844
5.62,0.62,1.4941,0.0000,0.00000,0.55909
5.88,0.62,1.4889,0.0005,0.00000,0.58162
6.12,0.62,1.5301,0.0025,0.00000,0.62837
6.38,0.62,1.5287,0.0074,0.00000,0.66861
6.62,0.62,1.4987,0.0480,0.00000,0.70380
6.88,0.62,1.6462,0.4833,0.00000,0.85340
7.12,0.62,1.5267,2.2439,0.00000,0.85682
7.38,0.62,0.9595,4.9586,0.00000,0.56159
2.62,0.88,0.3347,0.0000,0.00000,0.13252
2.88,0.88,0.8031,0.0000,0.00000,0.30359
3.12,0.88,1.3551,0.0000,0.00000,0.46904
3.38,0.88,1.4695,0.0000,0.00000,0.45133
3.62,0.88,1.2320,0.0000,0.00000,0.35804
3.88,0.88,1.1823,0.0000,0.00000,0.36012
4.12,0.88,1.3403,0.0000,0.00000,0.40482
4.38,0.88,1.3719,0.0000,0.00000,0.39725
4.62,0.88,1.2811,0.0000,0.00000,0.37333
4.88,0.88,1.2887,0.0000,0.00000,0.38838
5.12,0.88,1.3405,0.0000,0.00000,0.40859
5.38,0.88,1.3387,0.0000,0.00000,0.41850
5.62,0.88,1.3159,0.0000,0.00000,0.43065
5.88,0.88,1.3154,0.0001,0.00000,0.45257
6.12,0.88,1.3745,0.0007,0.00000,0.50546
6.38,0.88,1.3537,0.0029,0.00000,0.53212
6.62,0.88,1.3110,0.0277,0.00000,0.54188
6.88,0.88,1.4925,0.2917,0.00000,0.66241
7.12,0.88,1.4059,1.3592,0.00000,0.67013
7.38,0.88,0.8805,3.0061,0.00000,0.43837
2.62,1.12,0.1573,0.0000,0.00000,0.05443
2.88,1.12,0.4624,0.0000,0.00000,0.15103
3.12,1.12,0.9063,0.0000,0.00000,0.27718
3.38,1.12,1.0912,0.0000,0.00000,0.30627
3.62,1.12,0.9564,0.0000,0.00000,0.24813
3.88,1.12,0.8665,0.0000,0.00000,0.22553
4.12,1.12,0.9707,0.0000,0.00000,0.25500
4.38,1.12,1.0584,0.0000,0.00000,0.26723
4.62,1.12,1.0124,0.0000,0.00000,0.25310
4.88,1.12,0.9845,0.0000,0.00000,0.25608
5.12,1.12,1.0190,0.0000,0.00000,0.27231
5.38,1.12,1.0402,0.0000,0.00000,0.28376
5.62,1.12,1.0230,0.0000,0.00000,0.28720
5.88,1.12,1.0276,0.0000,0.00000,0.30239
6.12,1.12,1.0988,0.0001,0.00000,0.34785
6.38,1.12,1.0756,0.0005,0.00000,0.36387
6.62,1.12,1.0308,0.0061,0.00000,0.36214
6.88,1.12,1.1900,0.0650,0.00000,0.43740
7.12,1.12,1.1120,0.3031,0.00000,0.43376
7.38,1.12,0.6850,0.6706,0.00000,0.27882
2.62,1.38,0.0824,0.0000,0.00000,0.02192
2.88,1.38,0.2878,0.0000,0.00000,0.07264
3.12,1.38,0.6358,0.0000,0.00000,0.15507
3.38,1.38,0.8588,0.0000,0.00000,0.19885
3.62,1.38,0.8315,0.0000,0.00000,0.17743
3.88,1.38,0.7445,0.0000,0.00000,0.15183
4.12,1.38,0.7939,0.0000,0.00000,0.16344
4.38,1.38,0.8992,0.0000,0.00000,0.18342
4.62,1.38,0.8946,0.0000,0.00000,0.18230
4.88,1.38,0.8501,0.0000,0.00000,0.18052
5.12,1.38,0.8739,0.0000,0.00000,0.19479
5.38,1.38,0.9168,0.0000,0.00000,0.21058
5.62,1.38,0.9092,0.0000,0.00000,0.21225
5.88,1.38,0.9156,0.0000,0.00000,0.22025
6.12,1.38,0.9957,0.0000,0.00000,0.25345
6.38,1.38,0.9894,0.0000,0.00000,0.26662
6.62,1.38,0.9719,0.0005,0.00000,0.27475
6.88,1.38,1.0943,0.0053,0.00000,0.32557
7.12,1.38,0.9448,0.0249,0.00000,0.29993
7.38,1.38,0.5428,0.0550,0.00000,0.18194
2.62,1.62,0.0536,0.0000,0.00000,0.00948
2.88,1.62,0.2108,0.0000,0.00000,0.03722
3.12,1.62,0.5209,0.0000,0.00000,0.09344
3.38,1.62,0.7940,0.0000,0.00000,0.14144
3.62,1.62,0.8459,0.0000,0.00000,0.14164
3.88,1.62,0.7662,0.0000,0.00000,0.11804
4.12,1.62,0.7731,0.0000,0.00000,0.11696
4.38,1.62,0.8806,0.0000,0.00000,0.13718
4.62,1.62,0.9164,0.0000,0.00000,0.14648
4.88,1.62,0.8731,0.0000,0.00000,0.14439
5.12,1.62,0.8868,0.0000,0.00000,0.15494
5.38,1.62,0.9460,0.0000,0.00000,0.17261
5.62,1.62,0.9492,0.0000,0.00000,0.17693
5.88,1.62,0.9496,0.0000,0.00000,0.18302
6.12,1.62,1.0301,0.0000,0.00000,0.20657
6.38,1.62,1.0439,0.0000,0.00000,0.21547
6.62,1.62,1.0747,0.0000,0.00000,0.23013
6.88,1.62,1.1708,0.0002,0.00000,0.26561
7.12,1.62,0.8929,0.0008,0.00000,0.22231
7.38,1.62,0.4503,0.0017,0.00000,0.12368
2.62,1.88,0.0379,0.0000,0.00000,0.00482
2.88,1.88,0.1648,0.0000,0.00000,0.02163
3.12,1.88,0.4587,0.0000,0.00000,0.06249
3.38,1.88,0.7833,0.0000,0.00000,0.10775
3.62,1.88,0.8998,0.0000,0.00000,0.11771
3.88,1.88,0.8307,0.0000,0.00000,0.09913
4.12,1.88,0.8052,0.0000,0.00000,0.09375
4.38,1.88,0.9157,0.0000,0.00000,0.11144
4.62,1.88,0.9954,0.0000,0.00000,0.12465
4.88,1.88,0.9618,0.0000,0.00000,0.12304
5.12,1.88,0.9584,0.0000,0.00000,0.13009
5.38,1.88,1.0257,0.0000,0.00000,0.14666
5.62,1.88,1.0436,0.0000,0.00000,0.15293
5.88,1.88,1.0414,0.0000,0.00000,0.15993
6.12,1.88,1.1179,0.0000,0.00000,0.17920
6.38,1.88,1.1335,0.0000,0.00000,0.18285
6.62,1.88,1.2038,0.0000,0.00000,0.19431
6.88,1.88,1.2913,0.0000,0.00000,0.21674
7.12,1.88,0.8982,0.0000,0.00000,0.16712
7.38,1.88,0.3997,0.0000,0.00000,0.08530
2.62,2.12,0.0256,0.0000,0.00000,0.00256
2.88,2.12,0.1248,0.0000,0.00000,0.01251
3.12,2.12,0.3983,0.0000,0.00000,0.04012
3.38,2.12,0.7640,0.0000,0.00000,0.07681
3.62,2.12,0.9469,0.0000,0.00000,0.09131
3.88,2.12,0.8986,0.0000,0.00000,0.08037
4.12,2.12,0.8433,0.0000,0.00000,0.07634
4.38,2.12,0.9450,0.0000,0.00000,0.09159
4.62,2.12,1.0585,0.0000,0.00000,0.10462
4.88,2.12,1.0367,0.0000,0.00000,0.10326
5.12,2.12,1.0139,0.0000,0.00000,0.10789
5.38,2.12,1.0890,0.0000,0.00000,0.12363
5.62,2.12,1.1241,0.0000,0.00000,0.13109
5.88,2.12,1.1221,0.0000,0.00000,0.13675
6.12,2.12,1.1883,0.0000,0.00000,0.15209
6.38,2.12,1.1884,0.0000,0.00000,0.15325
6.62,2.12,1.2787,0.0000,0.00000,0.16141
6.88,2.12,1.3741,0.0000,0.00000,0.17767
7.12,2.12,0.9208,0.0000,0.00000,0.13152
7.38,2.12,0.3841,0.0000,0.00000,0.06361
2.62,2.38,0.0153,0.0000,0.00000,0.00109
2.88,2.38,0.0879,0.0000,0.00000,0.00615
3.12,2.38,0.3319,0.0000,0.00000,0.02303
3.38,2.38,0.7214,0.0000,0.00000,0.05012
3.62,2.38,0.9703,0.0000,0.00000,0.06546
3.88,2.38,0.9520,0.0000,0.00000,0.06076
4.12,2.38,0.8665,0.0000,0.00000,0.05805
4.38,2.38,0.9433,0.0000,0.00000,0.07073
4.62,2.38,1.0838,0.0000,0.00000,0.08436
4.88,2.38,1.0829,0.0000,0.00000,0.08513
5.12,2.38,1.0465,0.0000,0.00000,0.08758
5.38,2.38,1.1222,0.0000,0.00000,0.10068
5.62,2.38,1.1643,0.0000,0.00000,0.10786
5.88,2.38,1.1602,0.0000,0.00000,0.11207
6.12,2.38,1.2138,0.0000,0.00000,0.12363
6.38,2.38,1.1955,0.0000,0.00000,0.12372
6.62,2.38,1.2959,0.0000,0.00000,0.12995
6.88,2.38,1.4136,0.0000,0.00000,0.14470
7.12,2.38,0.9477,0.0000,0.00000,0.10748
7.38,2.38,0.3915,0.0000,0.00000,0.05169
2.62,2.62,0.0083,0.0000,0.00000,0.00039
2.88,2.62,0.0593,0.0000,0.00000,0.00278
3.12,2.62,0.2659,0.0000,0.00000,0.01267
3.38,2.62,0.6546,0.0000,0.00000,0.03185
3.62,2.62,0.9651,0.0000,0.00000,0.04681
3.88,2.62,0.9925,0.0000,0.00000,0.04712
4.12,2.62,0.8884,0.0000,0.00000,0.04478
4.38,2.62,0.9323,0.0000,0.00000,0.05365
4.62,2.62,1.0876,0.0000,0.00000,0.06669
4.88,2.62,1.1138,0.0000,0.00000,0.07005
5.12,2.62,1.0722,0.0000,0.00000,0.07183
5.38,2.62,1.1354,0.0000,0.00000,0.08137
5.62,2.62,1.1793,0.0000,0.00000,0.08671
5.88,2.62,1.1861,0.0000,0.00000,0.09101
6.12,2.62,1.2381,0.0000,0.00000,0.10145
6.38,2.62,1.2014,0.0000,0.00000,0.10097
6.62,2.62,1.3051,0.0000,0.00000,0.10461
6.88,2.62,1.4455,0.0000,0.00000,0.11685
7.12,2.62,0.9801,0.0000,0.00000,0.08768
7.38,2.62,0.4092,0.0000,0.00000,0.04255
2.62,2.88,0.0044,0.0000,0.00000,0.00014
2.88,2.88,0.0382,0.0000,0.00000,0.00128
3.12,2.88,0.1993,0.0000,0.00000,0.00696
3.38,2.88,0.5632,0.0000,0.00000,0.02068
3.62,2.88,0.9328,0.0000,0.00000,0.03573
3.88,2.88,1.0250,0.0000,0.00000,0.04029
4.12,2.88,0.9189,0.0000,0.00000,0.03777
4.38,2.88,0.9279,0.0000,0.00000,0.04268
4.62,2.88,1.0851,0.0000,0.00000,0.05414
4.88,2.88,1.1401,0.0000,0.00000,0.05875
5.12,2.88,1.1017,0.0000,0.00000,0.06077
5.38,2.88,1.1504,0.0000,0.00000,0.06850
5.62,2.88,1.1958,0.0000,0.00000,0.07241
5.88,2.88,1.2169,0.0000,0.00000,0.07584
6.12,2.88,1.2705,0.0000,0.00000,0.08500
6.38,2.88,1.2199,0.0000,0.00000,0.08447
6.62,2.88,1.3246,0.0000,0.00000,0.08641
6.88,2.88,1.4796,0.0000,0.00000,0.09656
7.12,2.88,1.0118,0.0000,0.00000,0.07387
7.38,2.88,0.4268,0.0000,0.00000,0.03678
2.62,3.12,0.0023,0.0000,0.00000,0.00007
2.88,3.12,0.0226,0.0000,0.00000,0.00075
3.12,3.12,0.1381,0.0000,0.00000,0.00452
3.38,3.12,0.4641,0.0000,0.00000,0.01502
3.62,3.12,0.8827,0.0000,0.00000,0.02938
3.88,3.12,1.0516,0.0000,0.00000,0.03629
4.12,3.12,0.9582,0.0000,0.00000,0.03368
4.38,3.12,0.9293,0.0000,0.00000,0.03608
4.62,3.12,1.0808,0.0000,0.00000,0.04589
4.88,3.12,1.1642,0.0000,0.00000,0.04980
5.12,3.12,1.1321,0.0000,0.00000,0.05125
5.38,3.12,1.1720,0.0000,0.00000,0.05843
5.62,3.12,1.2193,0.0000,0.00000,0.06245
5.88,3.12,1.2463,0.0000,0.00000,0.06490
6.12,3.12,1.2973,0.0000,0.00000,0.07150
6.38,3.12,1.2408,0.0000,0.00000,0.07050
6.62,3.12,1.3492,0.0000,0.00000,0.07237
6.88,3.12,1.5136,0.0000,0.00000,0.08198
7.12,3.12,1.0403,0.0000,0.00000,0.06434
7.38,3.12,0.4417,0.0000,0.00000,0.03302
2.62,3.38,0.0011,0.0000,0.00000,0.00005
2.88,3.38,0.0124,0.0000,0.00000,0.00054
3.12,3.38,0.0915,0.0000,0.00000,0.00325
3.38,3.38,0.3697,0.0000,0.00000,0.01106
3.62,3.38,0.8096,0.0000,0.00000,0.02329
3.88,3.38,1.0639,0.0000,0.00000,0.03121
4.12,3.38,1.0068,0.0000,0.00000,0.02970
4.38,3.38,0.9432,0.0000,0.00000,0.03097
4.62,3.38,1.0790,0.0000,0.00000,0.03906
4.88,3.38,1.1887,0.0000,0.00000,0.04223
5.12,3.38,1.1656,0.0000,0.00000,0.04288
5.38,3.38,1.1936,0.0000,0.00000,0.04836
5.62,3.38,1.2391,0.0000,0.00000,0.05206
5.88,3.38,1.2736,0.0000,0.00000,0.05464
6.12,3.38,1.3307,0.0000,0.00000,0.06084
6.38,3.38,1.2698,0.0000,0.00000,0.06038
6.62,3.38,1.3759,0.0000,0.00000,0.06259
6.88,3.38,1.5471,0.0000,0.00000,0.07165
7.12,3.38,1.0718,0.0000,0.00000,0.05696
7.38,3.38,0.4607,0.0000,0.00000,0.02965
2.62,3.62,0.0005,0.0000,0.00000,0.00003
2.88,3.62,0.0066,0.0000,0.00000,0.00028
3.12,3.62,0.0590,0.0000,0.00000,0.00184
3.38,3.62,0.2811,0.0000,0.00000,0.00712
3.62,3.62,0.7125,0.0000,0.00000,0.01716
3.88,3.62,1.0572,0.0000,0.00000,0.02569
4.12,3.62,1.0616,0.0000,0.00000,0.02618
4.38,3.62,0.9695,0.0000,0.00000,0.02716
4.62,3.62,1.0731,0.0000,0.00000,0.03381
4.88,3.62,1.2031,0.0000,0.00000,0.03651
5.12,3.62,1.1985,0.0000,0.00000,0.03643
5.38,3.62,1.2132,0.0000,0.00000,0.04026
5.62,3.62,1.2528,0.0000,0.00000,0.04345
5.88,3.62,1.2992,0.0000,0.00000,0.04623
6.12,3.62,1.3667,0.0000,0.00000,0.05242
6.38,3.62,1.3012,0.0000,0.00000,0.05257
6.62,3.62,1.3971,0.0000,0.00000,0.05417
6.88,3.62,1.5696,0.0000,0.00000,0.06133
7.12,3.62,1.1013,0.0000,0.00000,0.04881
7.38,3.62,0.4839,0.0000,0.00000,0.02559
2.62,3.88,0.0002,0.0000,0.00000,0.00001
2.88,3.88,0.0035,0.0000,0.00000,0.00010
3.12,3.88,0.0369,0.0000,0.00000,0.00087
3.38,3.88,0.2057,0.0000,0.00000,0.00440
3.62,3.88,0.6104,0.0000,0.00000,0.01254
3.88,3.88,1.0312,0.0000,0.00000,0.02108
4.12,3.88,1.1106,0.0000,0.00000,0.02342
4.38,3.88,1.0048,0.0000,0.00000,0.02449
4.62,3.88,1.0692,0.0000,0.00000,0.03018
4.88,3.88,1.2121,0.0000,0.00000,0.03310
5.12,3.88,1.2312,0.0000,0.00000,0.03300
5.38,3.88,1.2397,0.0000,0.00000,0.03587
5.62,3.88,1.2765,0.0000,0.00000,0.03877
5.88,3.88,1.3310,0.0000,0.00000,0.04079
6.12,3.88,1.4033,0.0000,0.00000,0.04503
6.38,3.88,1.3314,0.0000,0.00000,0.04474
6.62,3.88,1.4137,0.0000,0.00000,0.04573
6.88,3.88,1.5862,0.0000,0.00000,0.05083
7.12,3.88,1.1316,0.0000,0.00000,0.04011
7.38,3.88,0.5113,0.0000,0.00000,0.02101
2.62,4.12,0.0001,0.0000,0.00000,0.00000
2.88,4.12,0.0018,0.0000,0.00000,0.00003
3.12,4.12,0.0226,0.0000,0.00000,0.00041
3.38,4.12,0.1469,0.0000,0.00000,0.00260
3.62,4.12,0.5086,0.0000,0.00000,0.00885
3.88,4.12,0.9736,0.0000,0.00000,0.01720
4.12,4.12,1.1385,0.0000,0.00000,0.02112
4.38,4.12,1.0422,0.0000,0.00000,0.02197
4.62,4.12,1.0711,0.0000,0.00000,0.02635
4.88,4.12,1.2251,0.0000,0.00000,0.03037
5.12,4.12,1.2724,0.0000,0.00000,0.03114
5.38,4.12,1.2814,0.0000,0.00000,0.03307
5.62,4.12,1.3120,0.0000,0.00000,0.03551
5.88,4.12,1.3632,0.0000,0.00000,0.03679
6.12,4.12,1.4396,0.0000,0.00000,0.03930
6.38,4.12,1.3641,0.0000,0.00000,0.03846
6.62,4.12,1.4286,0.0000,0.00000,0.03939
6.88,4.12,1.6035,0.0000,0.00000,0.04420
7.12,4.12,1.1680,0.0000,0.00000,0.03528
7.38,4.12,0.5441,0.0000,0.00000,0.01867
2.62,4.38,0.0000,0.0000,0.00000,0.00000
2.88,4.38,0.0009,0.0000,0.00000,0.00001
3.12,4.38,0.0134,0.0000,0.00000,0.00019
3.38,4.38,0.1021,0.0000,0.00000,0.00157
3.62,4.38,0.4110,0.0000,0.00000,0.00671
3.88,4.38,0.8939,0.0000,0.00000,0.01537
4.12,4.38,1.1513,0.0000,0.00000,0.02044
4.38,4.38,1.0819,0.0000,0.00000,0.02001
4.62,4.38,1.0728,0.0000,0.00000,0.02191
4.88,4.38,1.2253,0.0000,0.00000,0.02636
5.12,4.38,1.2965,0.0000,0.00000,0.02836
5.38,4.38,1.3074,0.0000,0.00000,0.02994
5.62,4.38,1.3277,0.0000,0.00000,0.03184
5.88,4.38,1.3728,0.0000,0.00000,0.03282
6.12,4.38,1.4596,0.0000,0.00000,0.03479
6.38,4.38,1.3895,0.0000,0.00000,0.03383
6.62,4.38,1.4373,0.0000,0.00000,0.03515
6.88,4.38,1.6199,0.0000,0.00000,0.04079
7.12,4.38,1.2138,0.0000,0.00000,0.03370
7.38,4.38,0.5873,0.0000,0.00000,0.01836
2.62,4.62,0.0000,0.0000,0.00000,0.00000
2.88,4.62,0.0005,0.0000,0.00000,0.00001
3.12,4.62,0.0077,0.0000,0.00000,0.00011
3.38,4.62,0.0694,0.0000,0.00000,0.00118
3.62,4.62,0.3247,0.0000,0.00000,0.00597
3.88,4.62,0.8049,0.0000,0.00000,0.01505
4.12,4.62,1.1502,0.0000,0.00000,0.02080
4.38,4.62,1.1244,0.0000,0.00000,0.01921
4.62,4.62,1.0803,0.0000,0.00000,0.01873
4.88,4.62,1.2168,0.0000,0.00000,0.02259
5.12,4.62,1.3051,0.0000,0.00000,0.02533
5.38,4.62,1.3220,0.0000,0.00000,0.02665
5.62,4.62,1.3339,0.0000,0.00000,0.02795
5.88,4.62,1.3762,0.0000,0.00000,0.02943
6.12,4.62,1.4782,0.0000,0.00000,0.03211
6.38,4.62,1.4154,0.0000,0.00000,0.03116
6.62,4.62,1.4445,0.0000,0.00000,0.03178
6.88,4.62,1.6368,0.0000,0.00000,0.03681
7.12,4.62,1.2661,0.0000,0.00000,0.03108
7.38,4.62,0.6372,0.0000,0.00000,0.01738
2.62,4.88,0.0000,0.0000,0.00000,0.00000
2.88,4.88,0.0002,0.0000,0.00000,0.00000
3.12,4.88,0.0046,0.0000,0.00000,0.00008
3.38,4.88,0.0482,0.0000,0.00000,0.00092
3.62,4.88,0.2555,0.0000,0.00000,0.00504
3.88,4.88,0.7151,0.0000,0.00000,0.01372
4.12,4.88,1.1315,0.0000,0.00000,0.02027
4.38,4.88,1.1638,0.0000,0.00000,0.01912
4.62,4.88,1.0968,0.0000,0.00000,0.01765
4.88,4.88,1.2125,0.0000,0.00000,0.02081
5.12,4.88,1.3202,0.0000,0.00000,0.02371
5.38,4.88,1.3509,0.0000,0.00000,0.02432
5.62,4.88,1.3532,0.0000,0.00000,0.02474
5.88,4.88,1.3871,0.0000,0.00000,0.02679
6.12,4.88,1.5012,0.0000,0.00000,0.03039
6.38,4.88,1.4438,0.0000,0.00000,0.02970
6.62,4.88,1.4499,0.0000,0.00000,0.02934
6.88,4.88,1.6486,0.0000,0.00000,0.03294
7.12,4.88,1.3167,0.0000,0.00000,0.02775
7.38,4.88,0.6882,0.0000,0.00000,0.01564
2.62,5.12,0.0000,0.0000,0.00000,0.00000
2.88,5.12,0.0001,0.0000,0.00000,0.00000
3.12,5.12,0.0030,0.0000,0.00000,0.00004
3.38,5.12,0.0342,0.0000,0.00000,0.00058
3.62,5.12,0.2009,0.0000,0.00000,0.00352
3.88,5.12,0.6260,0.0000,0.00000,0.01088
4.12,5.12,1.0897,0.0000,0.00000,0.01823
4.38,5.12,1.1947,0.0000,0.00000,0.01896
4.62,5.12,1.1255,0.0000,0.00000,0.01773
4.88,5.12,1.2132,0.0000,0.00000,0.02034
5.12,5.12,1.3394,0.0000,0.00000,0.02330
5.38,5.12,1.3953,0.0000,0.00000,0.02385
5.62,5.12,1.3862,0.0000,0.00000,0.02368
5.88,5.12,1.4039,0.0000,0.00000,0.02536
6.12,5.12,1.5294,0.0000,0.00000,0.02893
6.38,5.12,1.4779,0.0000,0.00000,0.02824
6.62,5.12,1.4565,0.0000,0.00000,0.02759
6.88,5.12,1.6563,0.0000,0.00000,0.03099
7.12,5.12,1.3630,0.0000,0.00000,0.02601
7.38,5.12,0.7371,0.0000,0.00000,0.01452
2.62,5.38,0.0000,0.0000,0.00000,0.00000
2.88,5.38,0.0001,0.0000,0.00000,0.00000
3.12,5.38,0.0018,0.0000,0.00000,0.00002
3.38,5.38,0.0236,0.0000,0.00000,0.00033
3.62,5.38,0.1552,0.0000,0.00000,0.00235
3.88,5.38,0.5400,0.0000,0.00000,0.00850
4.12,5.38,1.0362,0.0000,0.00000,0.01635
4.38,5.38,1.2237,0.0000,0.00000,0.01897
4.62,5.38,1.1667,0.0000,0.00000,0.01841
4.88,5.38,1.2215,0.0000,0.00000,0.02045
5.12,5.38,1.3571,0.0000,0.00000,0.02340
5.38,5.38,1.4365,0.0000,0.00000,0.02489
5.62,5.38,1.4199,0.0000,0.00000,0.02510
5.88,5.38,1.4233,0.0000,0.00000,0.02578
6.12,5.38,1.5611,0.0000,0.00000,0.02819
6.38,5.38,1.5185,0.0000,0.00000,0.02687
6.62,5.38,1.4620,0.0000,0.00000,0.02607
6.88,5.38,1.6541,0.0000,0.00000,0.02982
7.12,5.38,1.4024,0.0000,0.00000,0.02515
7.38,5.38,0.7839,0.0000,0.00000,0.01397
2.62,5.62,0.0000,0.0000,0.00000,0.00000
2.88,5.62,0.0000,0.0000,0.00000,0.00000
3.12,5.62,0.0010,0.0000,0.00000,0.00001
3.38,5.62,0.0157,0.0000,0.00000,0.00022
3.62,5.62,0.1179,0.0000,0.00000,0.00181
3.88,5.62,0.4613,0.0000,0.00000,0.00743
4.12,5.62,0.9741,0.0000,0.00000,0.01558
4.38,5.62,1.2369,0.0000,0.00000,0.01922
4.62,5.62,1.2045,0.0000,0.00000,0.01890
4.88,5.62,1.2310,0.0000,0.00000,0.02021
5.12,5.62,1.3650,0.0000,0.00000,0.02321
5.38,5.62,1.4599,0.0000,0.00000,0.02591
5.62,5.62,1.4385,0.0000,0.00000,0.02660
5.88,5.62,1.4305,0.0000,0.00000,0.02604
6.12,5.62,1.5831,0.0000,0.00000,0.02717
6.38,5.62,1.5563,0.0000,0.00000,0.02558
6.62,5.62,1.4660,0.0000,0.00000,0.02416
6.88,5.62,1.6539,0.0000,0.00000,0.02736
7.12,5.62,1.4531,0.0000,0.00000,0.02364
7.38,5.62,0.8426,0.0000,0.00000,0.01349
2.62,5.88,0.0000,0.0000,0.00000,0.00000
2.88,5.88,0.0000,0.0000,0.00000,0.00000
3.12,5.88,0.0006,0.0000,0.00000,0.00001
3.38,5.88,0.0105,0.0000,0.00000,0.00015
3.62,5.88,0.0900,0.0000,0.00000,0.00145
3.88,5.88,0.3927,0.0000,0.00000,0.00654
4.12,5.88,0.9043,0.0000,0.00000,0.01464
4.38,5.88,1.2322,0.0000,0.00000,0.01881
4.62,5.88,1.2350,0.0000,0.00000,0.01820
4.88,5.88,1.2339,0.0000,0.00000,0.01863
5.12,5.88,1.3594,0.0000,0.00000,0.02182
5.38,5.88,1.4751,0.0000,0.00000,0.02505
5.62,5.88,1.4537,0.0000,0.00000,0.02542
5.88,5.88,1.4303,0.0000,0.00000,0.02444
6.12,5.88,1.5964,0.0000,0.00000,0.02536
6.38,5.88,1.5884,0.0000,0.00000,0.02409
6.62,5.88,1.4661,0.0000,0.00000,0.02218
6.88,5.88,1.6540,0.0000,0.00000,0.02498
7.12,5.88,1.5118,0.0000,0.00000,0.02268
7.38,5.88,0.9097,0.0000,0.00000,0.01360
2.62,6.12,0.0000,0.0000,0.00000,0.00000
2.88,6.12,0.0000,0.0000,0.00000,0.00000
3.12,6.12,0.0004,0.0000,0.00000,0.00000
3.38,6.12,0.0075,0.0000,0.00000,0.00010
3.62,6.12,0.0709,0.0000,0.00000,0.00109
3.88,6.12,0.3360,0.0000,0.00000,0.00535
4.12,6.12,0.8345,0.0000,0.00000,0.01291
4.38,6.12,1.2191,0.0000,0.00000,0.01776
4.62,6.12,1.2660,0.0000,0.00000,0.01750
4.88,6.12,1.2442,0.0000,0.00000,0.01728
5.12,6.12,1.3611,0.0000,0.00000,0.01991
5.38,6.12,1.5006,0.0000,0.00000,0.02300
5.62,6.12,1.4852,0.0000,0.00000,0.02361
5.88,6.12,1.4370,0.0000,0.00000,0.02318
6.12,6.12,1.6019,0.0000,0.00000,0.02421
6.38,6.12,1.6100,0.0000,0.00000,0.02307
6.62,6.12,1.4574,0.0000,0.00000,0.02065
6.88,6.12,1.6472,0.0000,0.00000,0.02318
7.12,6.12,1.5678,0.0000,0.00000,0.02210
7.38,6.12,0.9768,0.0000,0.00000,0.01385
2.62,6.38,0.0000,0.0000,0.00000,0.00000
2.88,6.38,0.0000,0.0000,0.00000,0.00000
3.12,6.38,0.0003,0.0000,0.00000,0.00000
3.38,6.38,0.0057,0.0000,0.00000,0.00007
3.62,6.38,0.0579,0.0000,0.00000,0.00081
3.88,6.38,0.2914,0.0000,0.00000,0.00422
4.12,6.38,0.7699,0.0000,0.00000,0.01099
4.38,6.38,1.1997,0.0000,0.00000,0.01646
4.62,6.38,1.2996,0.0000,0.00000,0.01721
4.88,6.38,1.2666,0.0000,0.00000,0.01675
5.12,6.38,1.3634,0.0000,0.00000,0.01843
5.38,6.38,1.5216,0.0000,0.00000,0.02120
5.62,6.38,1.5201,0.0000,0.00000,0.02245
5.88,6.38,1.4420,0.0000,0.00000,0.02258
6.12,6.38,1.6025,0.0000,0.00000,0.02410
6.38,6.38,1.6372,0.0000,0.00000,0.02341
6.62,6.38,1.4584,0.0000,0.00000,0.02021
6.88,6.38,1.6442,0.0000,0.00000,0.02214
7.12,6.38,1.6193,0.0000,0.00000,0.02180
7.38,6.38,1.0378,0.0000,0.00000,0.01407
2.62,6.62,0.0000,0.0000,0.00000,0.00000
2.88,6.62,0.0000,0.0000,0.00000,0.00000
3.12,6.62,0.0002,0.0000,0.00000,0.00000
3.38,6.62,0.0044,0.0000,0.00000,0.00005
3.62,6.62,0.0479,0.0000,0.00000,0.00064
3.88,6.62,0.2550,0.0000,0.00000,0.00350
4.12,6.62,0.7125,0.0000,0.00000,0.00969
4.38,6.62,1.1781,0.0000,0.00000,0.01560
4.62,6.62,1.3341,0.0000,0.00000,0.01727
4.88,6.62,1.2984,0.0000,0.00000,0.01680
5.12,6.62,1.3685,0.0000,0.00000,0.01803
5.38,6.62,1.5402,0.0000,0.00000,0.02066
5.62,6.62,1.5582,0.0000,0.00000,0.02189
5.88,6.62,1.4511,0.0000,0.00000,0.02200
6.12,6.62,1.6088,0.0000,0.00000,0.02421
6.38,6.62,1.6750,0.0000,0.00000,0.02441
6.62,6.62,1.4660,0.0000,0.00000,0.02083
6.88,6.62,1.6425,0.0000,0.00000,0.02231
7.12,6.62,1.6718,0.0000,0.00000,0.02218
7.38,6.62,1.1001,0.0000,0.00000,0.01449
2.62,6.88,0.0000,0.0000,0.00000,0.00000
2.88,6.88,0.0000,0.0000,0.00000,0.00000
3.12,6.88,0.0001,0.0000,0.00000,0.00000
3.38,6.88,0.0035,0.0000,0.00000,0.00004
3.62,6.88,0.0404,0.0000,0.00000,0.00051
3.88,6.88,0.2249,0.0000,0.00000,0.00298
4.12,6.88,0.6579,0.0000,0.00000,0.00884
4.38,6.88,1.1464,0.0000,0.00000,0.01536
4.62,6.88,1.3596,0.0000,0.00000,0.01795
4.88,6.88,1.3374,0.0000,0.00000,0.01763
5.12,6.88,1.3835,0.0000,0.00000,0.01866
5.38,6.88,1.5612,0.0000,0.00000,0.02108
5.62,6.88,1.5975,0.0000,0.00000,0.02158
5.88,6.88,1.4645,0.0000,0.00000,0.02065
6.12,6.88,1.6198,0.0000,0.00000,0.02298
6.38,6.88,1.7135,0.0000,0.00000,0.02405
6.62,6.88,1.4670,0.0000,0.00000,0.02088
6.88,6.88,1.6341,0.0000,0.00000,0.02249
7.12,6.88,1.7273,0.0000,0.00000,0.02248
7.38,6.88,1.1687,0.0000,0.00000,0.01475
2.62,7.12,0.0000,0.0000,0.00000,0.00000
2.88,7.12,0.0000,0.0000,0.00000,0.00000
3.12,7.12,0.0001,0.0000,0.00000,0.00000
3.38,7.12,0.0028,0.0000,0.00000,0.00003
3.62,7.12,0.0343,0.0000,0.00000,0.00041
3.88,7.12,0.1987,0.0000,0.00000,0.00260
4.12,7.12,0.6063,0.0000,0.00000,0.00842
4.38,7.12,1.1089,0.0000,0.00000,0.01562
4.62,7.12,1.3731,0.0000,0.00000,0.01873
4.88,7.12,1.3658,0.0000,0.00000,0.01827
5.12,7.12,1.3900,0.0000,0.00000,0.01897
5.38,7.12,1.5745,0.0000,0.00000,0.02109
5.62,7.12,1.6301,0.0000,0.00000,0.02116
5.88,7.12,1.4790,0.0000,0.00000,0.01943
6.12,7.12,1.6401,0.0000,0.00000,0.02150
6.38,7.12,1.7601,0.0000,0.00000,0.02292
6.62,7.12,1.4709,0.0000,0.00000,0.02009
6.88,7.12,1.6263,0.0000,0.00000,0.02201
7.12,7.12,1.7823,0.0000,0.00000,0.02235
7.38,7.12,1.2367,0.0000,0.00000,0.01477
2.62,7.38,0.0000,0.0000,0.00000,0.00000
2.88,7.38,0.0000,0.0000,0.00000,0.00000
3.12,7.38,0.0001,0.0000,0.00000,0.00000
3.38,7.38,0.0023,0.0000,0.00000,0.00002
3.62,7.38,0.0294,0.0000,0.00000,0.00035
3.88,7.38,0.1764,0.0000,0.00000,0.00232
4.12,7.38,0.5601,0.0000,0.00000,0.00800
4.38,7.38,1.0719,0.0000,0.00000,0.01542
4.62,7.38,1.3796,0.0000,0.00000,0.01878
4.88,7.38,1.3870,0.0000,0.00000,0.01832
5.12,7.38,1.3924,0.0000,0.00000,0.01886
5.38,7.38,1.5861,0.0000,0.00000,0.02121
5.62,7.38,1.6634,0.0000,0.00000,0.02151
5.88,7.38,1.4913,0.0000,0.00000,0.01913
6.12,7.38,1.6534,0.0000,0.00000,0.02060
6.38,7.38,1.8038,0.0000,0.00000,0.02209
6.62,7.38,1.4796,0.0000,0.00000,0.01930
6.88,7.38,1.6274,0.0000,0.00000,0.02162
7.12,7.38,1.8464,0.0000,0.00000,0.02285
7.38,7.38,1.3106,0.0000,0.00000,0.01547
2.62,7.62,0.0000,0.0000,0.00000,0.00000
2.88,7.62,0.0000,0.0000,0.00000,0.00000
3.12,7.62,0.0001,0.0000,0.00000,0.00000
3.38,7.62,0.0020,0.0000,0.00000,0.00002
3.62,7.62,0.0259,0.0000,0.00000,0.00030
3.88,7.62,0.1601,0.0000,0.00000,0.00202
4.12,7.62,0.5253,0.0000,0.00000,0.00705
4.38,7.62,1.0420,0.0000,0.00000,0.01400
4.62,7.62,1.3856,0.0000,0.00000,0.01788
4.88,7.62,1.4111,0.0000,0.00000,0.01791
5.12,7.62,1.3954,0.0000,0.00000,0.01825
5.38,7.62,1.5928,0.0000,0.00000,0.02107
5.62,7.62,1.6971,0.0000,0.00000,0.02205
5.88,7.62,1.5042,0.0000,0.00000,0.01918
6.12,7.62,1.6596,0.0000,0.00000,0.01990
6.38,7.62,1.8396,0.0000,0.00000,0.02114
6.62,7.62,1.4835,0.0000,0.00000,0.01804
6.88,7.62,1.6245,0.0000,0.00000,0.02073
7.12,7.62,1.9076,0.0000,0.00000,0.02343
7.38,7.62,1.3832,0.0000,0.00000,0.01651
2.62,7.88,0.0000,0.0000,0.00000,0.00000
2.88,7.88,0.0000,0.0000,0.00000,0.00000
3.12,7.88,0.0001,0.0000,0.00000,0.00000
3.38,7.88,0.0017,0.0000,0.00000,0.00002
3.62,7.88,0.0228,0.0000,0.00000,0.00027
3.88,7.88,0.1458,0.0000,0.00000,0.00181
4.12,7.88,0.4970,0.0000,0.00000,0.00637
4.38,7.88,1.0177,0.0000,0.00000,0.01291
4.62,7.88,1.3892,0.0000,0.00000,0.01701
4.88,7.88,1.4330,0.0000,0.00000,0.01723
5.12,7.88,1.3946,0.0000,0.00000,0.01709
5.38,7.88,1.5932,0.0000,0.00000,0.01992
5.62,7.88,1.7281,0.0000,0.00000,0.02159
5.88,7.88,1.5196,0.0000,0.00000,0.01917
6.12,7.88,1.6706,0.0000,0.00000,0.01997
6.38,7.88,1.8772,0.0000,0.00000,0.02098
6.62,7.88,1.4860,0.0000,0.00000,0.01708
6.88,7.88,1.6137,0.0000,0.00000,0.01939
7.12,7.88,1.9515,0.0000,0.00000,0.02288
7.38,7.88,1.4402,0.0000,0.00000,0.01659
2.62,8.12,0.0000,0.0000,0.00000,0.00000
2.88,8.12,0.0000,0.0000,0.00000,0.00000
3.12,8.12,0.0000,0.0000,0.00000,0.00000
3.38,8.12,0.0015,0.0000,0.00000,0.00002
3.62,8.12,0.0205,0.0000,0.00000,0.00025
3.88,8.12,0.1350,0.0000,0.00000,0.00170
4.12,8.12,0.4744,0.0000,0.00000,0.00609
4.38,8.12,0.9960,0.0000,0.00000,0.01252
4.62,8.12,1.3936,0.0000,0.00000,0.01669
4.88,8.12,1.4617,0.0000,0.00000,0.01695
5.12,8.12,1.4037,0.0000,0.00000,0.01664
5.38,8.12,1.5994,0.0000,0.00000,0.01954
5.62,8.12,1.7615,0.0000,0.00000,0.02167
5.88,8.12,1.5340,0.0000,0.00000,0.01945
6.12,8.12,1.6770,0.0000,0.00000,0.01998
6.38,8.12,1.9085,0.0000,0.00000,0.02059
6.62,8.12,1.4885,0.0000,0.00000,0.01620
6.88,8.12,1.6066,0.0000,0.00000,0.01802
7.12,8.12,1.9943,0.0000,0.00000,0.02165
7.38,8.12,1.4937,0.0000,0.00000,0.01588
2.62,8.38,0.0000,0.0000,0.00000,0.00000
2.88,8.38,0.0000,0.0000,0.00000,0.00000
3.12,8.38,0.0000,0.0000,0.00000,0.00000
3.38,8.38,0.0013,0.0000,0.00000,0.00002
3.62,8.38,0.0189,0.0000,0.00000,0.00022
3.88,8.38,0.1272,0.0000,0.00000,0.00155
4.12,8.38,0.4551,0.0000,0.00000,0.00562
4.38,8.38,0.9742,0.0000,0.00000,0.01190
4.62,8.38,1.3992,0.0000,0.00000,0.01641
4.88,8.38,1.4976,0.0000,0.00000,0.01697
5.12,8.38,1.4225,0.0000,0.00000,0.01671
5.38,8.38,1.6115,0.0000,0.00000,0.01981
5.62,8.38,1.7977,0.0000,0.00000,0.02202
5.88,8.38,1.5513,0.0000,0.00000,0.01913
6.12,8.38,1.6854,0.0000,0.00000,0.01865
6.38,8.38,1.9411,0.0000,0.00000,0.01909
6.62,8.38,1.4988,0.0000,0.00000,0.01489
6.88,8.38,1.6092,0.0000,0.00000,0.01634
7.12,8.38,2.0368,0.0000,0.00000,0.01973
7.38,8.38,1.5421,0.0000,0.00000,0.01453
2.62,8.62,0.0000,0.0000,0.00000,0.00000
2.88,8.62,0.0000,0.0000,0.00000,0.00000
3.12,8.62,0.0000,0.0000,0.00000,0.00000
3.38,8.62,0.0012,0.0000,0.00000,0.00001
3.62,8.62,0.0178,0.0000,0.00000,0.00020
3.88,8.62,0.1208,0.0000,0.00000,0.00140
4.12,8.62,0.4382,0.0000,0.00000,0.00522
4.38,8.62,0.9522,0.0000,0.00000,0.01139
4.62,8.62,1.4000,0.0000,0.00000,0.01623
4.88,8.62,1.5302,0.0000,0.00000,0.01699
5.12,8.62,1.4422,0.0000,0.00000,0.01631
5.38,8.62,1.6204,0.0000,0.00000,0.01868
5.62,8.62,1.8256,0.0000,0.00000,0.02039
5.88,8.62,1.5664,0.0000,0.00000,0.01719
6.12,8.62,1.6967,0.0000,0.00000,0.01682
6.38,8.62,1.9775,0.0000,0.00000,0.01792
6.62,8.62,1.5137,0.0000,0.00000,0.01393
6.88,8.62,1.6134,0.0000,0.00000,0.01501
7.12,8.62,2.0755,0.0000,0.00000,0.01841
7.38,8.62,1.5860,0.0000,0.00000,0.01371
2.62,8.88,0.0000,0.0000,0.00000,0.00000
2.88,8.88,0.0000,0.0000,0.00000,0.00000
3.12,8.88,0.0000,0.0000,0.00000,0.00000
3.38,8.88,0.0012,0.0000,0.00000,0.00001
3.62,8.88,0.0169,0.0000,0.00000,0.00019
3.88,8.88,0.1160,0.0000,0.00000,0.00136
4.12,8.88,0.4248,0.0000,0.00000,0.00520
4.38,8.88,0.9321,0.0000,0.00000,0.01150
4.62,8.88,1.3988,0.0000,0.00000,0.01647
4.88,8.88,1.5648,0.0000,0.00000,0.01723
5.12,8.88,1.4676,0.0000,0.00000,0.01575
5.38,8.88,1.6294,0.0000,0.00000,0.01696
5.62,8.88,1.8541,0.0000,0.00000,0.01837
5.88,8.88,1.5890,0.0000,0.00000,0.01555
6.12,8.88,1.7116,0.0000,0.00000,0.01580
6.38,8.88,2.0105,0.0000,0.00000,0.01758
6.62,8.88,1.5252,0.0000,0.00000,0.01355
6.88,8.88,1.6178,0.0000,0.00000,0.01435
7.12,8.88,2.1184,0.0000,0.00000,0.01802
7.38,8.88,1.6341,0.0000,0.00000,0.01363
2.62,9.12,0.0000,0.0000,0.00000,0.00000
2.88,9.12,0.0000,0.0000,0.00000,0.00000
3.12,9.12,0.0000,0.0000,0.00000,0.00000
3.38,9.12,0.0011,0.0000,0.00000,0.00001
3.62,9.12,0.0158,0.0000,0.00000,0.00018
3.88,9.12,0.1114,0.0000,0.00000,0.00138
4.12,9.12,0.4155,0.0000,0.00000,0.00540
4.38,9.12,0.9179,0.0000,0.00000,0.01186
4.62,9.12,1.3978,0.0000,0.00000,0.01680
4.88,9.12,1.6009,0.0000,0.00000,0.01765
5.12,9.12,1.4984,0.0000,0.00000,0.01570
5.38,9.12,1.6409,0.0000,0.00000,0.01605
5.62,9.12,1.8857,0.0000,0.00000,0.01751
5.88,9.12,1.6186,0.0000,0.00000,0.01506
6.12,9.12,1.7311,0.0000,0.00000,0.01544
6.38,9.12,2.0451,0.0000,0.00000,0.01748
6.62,9.12,1.5390,0.0000,0.00000,0.01337
6.88,9.12,1.6241,0.0000,0.00000,0.01374
7.12,9.12,2.1604,0.0000,0.00000,0.01733
7.38,9.12,1.6805,0.0000,0.00000,0.01320
2.62,9.38,0.0000,0.0000,0.00000,0.00000
2.88,9.38,0.0000,0.0000,0.00000,0.00000
3.12,9.38,0.0000,0.0000,0.00000,0.00000
3.38,9.38,0.0010,0.0000,0.00000,0.00001
3.62,9.38,0.0147,0.0000,0.00000,0.00018
3.88,9.38,0.1071,0.0000,0.00000,0.00139
4.12,9.38,0.4086,0.0000,0.00000,0.00551
4.38,9.38,0.9057,0.0000,0.00000,0.01184
4.62,9.38,1.3918,0.0000,0.00000,0.01667
4.88,9.38,1.6276,0.0000,0.00000,0.01827
5.12,9.38,1.5239,0.0000,0.00000,0.01654
5.38,9.38,1.6490,0.0000,0.00000,0.01610
5.62,9.38,1.9117,0.0000,0.00000,0.01730
5.88,9.38,1.6474,0.0000,0.00000,0.01500
6.12,9.38,1.7521,0.0000,0.00000,0.01520
6.38,9.38,2.0781,0.0000,0.00000,0.01722
6.62,9.38,1.5525,0.0000,0.00000,0.01316
6.88,9.38,1.6273,0.0000,0.00000,0.01337
7.12,9.38,2.1893,0.0000,0.00000,0.01691
7.38,9.38,1.7134,0.0000,0.00000,0.01294
2.62,9.62,0.0000,0.0000,0.00000,0.00000
2.88,9.62,0.0000,0.0000,0.00000,0.00000
3.12,9.62,0.0000,0.0000,0.00000,0.00000
3.38,9.62,0.0009,0.0000,0.00000,0.00001
3.62,9.62,0.0141,0.0000,0.00000,0.00018
3.88,9.62,0.1047,0.0000,0.00000,0.00139
4.12,9.62,0.4040,0.0000,0.00000,0.00550
4.38,9.62,0.8945,0.0000,0.00000,0.01159
4.62,9.62,1.3810,0.0000,0.00000,0.01629
4.88,9.62,1.6419,0.0000,0.00000,0.01871
5.12,9.62,1.5421,0.0000,0.00000,0.01751
5.38,9.62,1.6519,0.0000,0.00000,0.01653
5.62,9.62,1.9277,0.0000,0.00000,0.01743
5.88,9.62,1.6730,0.0000,0.00000,0.01516
6.12,9.62,1.7720,0.0000,0.00000,0.01510
6.38,9.62,2.1037,0.0000,0.00000,0.01694
6.62,9.62,1.5618,0.0000,0.00000,0.01281
6.88,9.62,1.6297,0.0000,0.00000,0.01311
7.12,9.62,2.2131,0.0000,0.00000,0.01690
7.38,9.62,1.7403,0.0000,0.00000,0.01303
2.62,9.88,0.0000,0.0000,0.00000,0.00000
2.88,9.88,0.0000,0.0000,0.00000,0.00000
3.12,9.88,0.0000,0.0000,0.00000,0.00000
3.38,9.88,0.0009,0.0000,0.00000,0.00001
3.62,9.88,0.0136,0.0000,0.00000,0.00017
3.88,9.88,0.1032,0.0000,0.00000,0.00130
4.12,9.88,0.4022,0.0000,0.00000,0.00512
4.38,9.88,0.8880,0.0000,0.00000,0.01082
4.62,9.88,1.3726,0.0000,0.00000,0.01542
4.88,9.88,1.6570,0.0000,0.00000,0.01813
5.12,9.88,1.5655,0.0000,0.00000,0.01736
5.38,9.88,1.6569,0.0000,0.00000,0.01659
5.62,9.88,1.9431,0.0000,0.00000,0.01791
5.88,9.88,1.7039,0.0000,0.00000,0.01586
6.12,9.88,1.7965,0.0000,0.00000,0.01538
6.38,9.88,2.1287,0.0000,0.00000,0.01689
6.62,9.88,1.5717,0.0000,0.00000,0.01258
6.88,9.88,1.6355,0.0000,0.00000,0.01283
7.12,9.88,2.2409,0.0000,0.00000,0.01687
7.38,9.88,1.7700,0.0000,0.00000,0.01313
2.62,10.12,0.0000,0.0000,0.00000,0.00000
2.88,10.12,0.0000,0.0000,0.00000,0.00000
3.12,10.12,0.0000,0.0000,0.00000,0.00000
3.38,10.12,0.0008,0.0000,0.00000,0.00001
3.62,10.12,0.0129,0.0000,0.00000,0.00016
3.88,10.12,0.1008,0.0000,0.00000,0.00122
4.12,10.12,0.4006,0.0000,0.00000,0.00482
4.38,10.12,0.8864,0.0000,0.00000,0.01031
4.62,10.12,1.3708,0.0000,0.00000,0.01495
4.88,10.12,1.6767,0.0000,0.00000,0.01778
5.12,10.12,1.5952,0.0000,0.00000,0.01708
5.38,10.12,1.6636,0.0000,0.00000,0.01640
5.62,10.12,1.9562,0.0000,0.00000,0.01832
5.88,10.12,1.7370,0.0000,0.00000,0.01674
6.12,10.12,1.8260,0.0000,0.00000,0.01596
6.38,10.12,2.1594,0.0000,0.00000,0.01728
6.62,10.12,1.5884,0.0000,0.00000,0.01283
6.88,10.12,1.6436,0.0000,0.00000,0.01279
7.12,10.12,2.2641,0.0000,0.00000,0.01681
7.38,10.12,1.7943,0.0000,0.00000,0.01314
2.62,10.38,0.0000,0.0000,0.00000,0.00000
2.88,10.38,0.0000,0.0000,0.00000,0.00000
3.12,10.38,0.0000,0.0000,0.00000,0.00000
3.38,10.38,0.0007,0.0000,0.00000,0.00001
3.62,10.38,0.0123,0.0000,0.00000,0.00015
3.88,10.38,0.0993,0.0000,0.00000,0.00125
4.12,10.38,0.4016,0.0000,0.00000,0.00500
4.38,10.38,0.8871,0.0000,0.00000,0.01058
4.62,10.38,1.3666,0.0000,0.00000,0.01502
4.88,10.38,1.6920,0.0000,0.00000,0.01761
5.12,10.38,1.6233,0.0000,0.00000,0.01657
5.38,10.38,1.6675,0.0000,0.00000,0.01584
5.62,10.38,1.9648,0.0000,0.00000,0.01810
5.88,10.38,1.7727,0.0000,0.00000,0.01697
6.12,10.38,1.8593,0.0000,0.00000,0.01649
6.38,10.38,2.1892,0.0000,0.00000,0.01805
6.62,10.38,1.6074,0.0000,0.00000,0.01350
6.88,10.38,1.6547,0.0000,0.00000,0.01320
7.12,10.38,2.2846,0.0000,0.00000,0.01717
7.38,10.38,1.8142,0.0000,0.00000,0.01343
2.62,10.62,0.0000,0.0000,0.00000,0.00000
2.88,10.62,0.0000,0.0000,0.00000,0.00000
3.12,10.62,0.0000,0.0000,0.00000,0.00000
3.38,10.62,0.0007,0.0000,0.00000,0.00001
3.62,10.62,0.0116,0.0000,0.00000,0.00015
3.88,10.62,0.0976,0.0000,0.00000,0.00133
4.12,10.62,0.4032,0.0000,0.00000,0.00555
4.38,10.62,0.8877,0.0000,0.00000,0.01151
4.62,10.62,1.3562,0.0000,0.00000,0.01539
4.88,10.62,1.7008,0.0000,0.00000,0.01741
5.12,10.62,1.6541,0.0000,0.00000,0.01632
5.38,10.62,1.6712,0.0000,0.00000,0.01561
5.62,10.62,1.9688,0.0000,0.00000,0.01784
5.88,10.62,1.8163,0.0000,0.00000,0.01702
6.12,10.62,1.8992,0.0000,0.00000,0.01694
6.38,10.62,2.2167,0.0000,0.00000,0.01862
6.62,10.62,1.6279,0.0000,0.00000,0.01398
6.88,10.62,1.6708,0.0000,0.00000,0.01391
7.12,10.62,2.3083,0.0000,0.00000,0.01825
7.38,10.62,1.8356,0.0000,0.00000,0.01431
2.62,10.88,0.0000,0.0000,0.00000,0.00000
2.88,10.88,0.0000,0.0000,0.00000,0.00000
3.12,10.88,0.0000,0.0000,0.00000,0.00000
3.38,10.88,0.0006,0.0000,0.00000,0.00001
3.62,10.88,0.0107,0.0000,0.00000,0.00014
3.88,10.88,0.0951,0.0000,0.00000,0.00136
4.12,10.88,0.4046,0.0000,0.00000,0.00588
4.38,10.88,0.8896,0.0000,0.00000,0.01219
4.62,10.88,1.3424,0.0000,0.00000,0.01591
4.88,10.88,1.7036,0.0000,0.00000,0.01788
5.12,10.88,1.6894,0.0000,0.00000,0.01690
5.38,10.88,1.6781,0.0000,0.00000,0.01583
5.62,10.88,1.9697,0.0000,0.00000,0.01771
5.88,10.88,1.8615,0.0000,0.00000,0.01708
6.12,10.88,1.9340,0.0000,0.00000,0.01715
6.38,10.88,2.2323,0.0000,0.00000,0.01885
6.62,10.88,1.6449,0.0000,0.00000,0.01440
6.88,10.88,1.6875,0.0000,0.00000,0.01483
7.12,10.88,2.3316,0.0000,0.00000,0.01970
7.38,10.88,1.8565,0.0000,0.00000,0.01550
2.62,11.12,0.0000,0.0000,0.00000,0.00000
2.88,11.12,0.0000,0.0000,0.00000,0.00000
3.12,11.12,0.0000,0.0000,0.00000,0.00000
3.38,11.12,0.0005,0.0000,0.00000,0.00001
3.62,11.12,0.0096,0.0000,0.00000,0.00012
3.88,11.12,0.0916,0.0000,0.00000,0.00122
4.12,11.12,0.4041,0.0000,0.00000,0.00541
4.38,11.12,0.8899,0.0000,0.00000,0.01155
4.62,11.12,1.3254,0.0000,0.00000,0.01582
4.88,11.12,1.7014,0.0000,0.00000,0.01857
5.12,11.12,1.7225,0.0000,0.00000,0.01773
5.38,11.12,1.6791,0.0000,0.00000,0.01607
5.62,11.12,1.9618,0.0000,0.00000,0.01775
5.88,11.12,1.9055,0.0000,0.00000,0.01737
6.12,11.12,1.9656,0.0000,0.00000,0.01741
6.38,11.12,2.2413,0.0000,0.00000,0.01926
6.62,11.12,1.6651,0.0000,0.00000,0.01515
6.88,11.12,1.7105,0.0000,0.00000,0.01604
7.12,11.12,2.3566,0.0000,0.00000,0.02141
7.38,11.12,1.8771,0.0000,0.00000,0.01688
2.62,11.38,0.0000,0.0000,0.00000,0.00000
2.88,11.38,0.0000,0.0000,0.00000,0.00000
3.12,11.38,0.0000,0.0000,0.00000,0.00000
3.38,11.38,0.0004,0.0000,0.00000,0.00000
3.62,11.38,0.0086,0.0000,0.00000,0.00011
3.88,11.38,0.0878,0.0000,0.00000,0.00108
4.12,11.38,0.4012,0.0000,0.00000,0.00494
4.38,11.38,0.8865,0.0000,0.00000,0.01084
4.62,11.38,1.3059,0.0000,0.00000,0.01540
4.88,11.38,1.6951,0.0000,0.00000,0.01890
5.12,11.38,1.7528,0.0000,0.00000,0.01873
5.38,11.38,1.6761,0.0000,0.00000,0.01673
5.62,11.38,1.9512,0.0000,0.00000,0.01840
5.88,11.38,1.9564,0.0000,0.00000,0.01842
6.12,11.38,2.0038,0.0000,0.00000,0.01833
6.38,11.38,2.2554,0.0000,0.00000,0.02022
6.62,11.38,1.6951,0.0000,0.00000,0.01615
6.88,11.38,1.7359,0.0000,0.00000,0.01718
7.12,11.38,2.3721,0.0000,0.00000,0.02287
7.38,11.38,1.8876,0.0000,0.00000,0.01803
2.62,11.62,0.0000,0.0000,0.00000,0.00000
2.88,11.62,0.0000,0.0000,0.00000,0.00000
3.12,11.62,0.0000,0.0000,0.00000,0.00000
3.38,11.62,0.0003,0.0000,0.00000,0.00000
3.62,11.62,0.0077,0.0000,0.00000,0.00010
3.88,11.62,0.0851,0.0000,0.00000,0.00106
4.12,11.62,0.4007,0.0000,0.00000,0.00502
4.38,11.62,0.8880,0.0000,0.00000,0.01121
4.62,11.62,1.2907,0.0000,0.00000,0.01584
4.88,11.62,1.6891,0.0000,0.00000,0.01953
5.12,11.62,1.7849,0.0000,0.00000,0.01997
5.38,11.62,1.6697,0.0000,0.00000,0.01772
5.62,11.62,1.9301,0.0000,0.00000,0.01935
5.88,11.62,2.0036,0.0000,0.00000,0.01987
6.12,11.62,2.0389,0.0000,0.00000,0.01968
6.38,11.62,2.2653,0.0000,0.00000,0.02159
6.62,11.62,1.7290,0.0000,0.00000,0.01733
6.88,11.62,1.7651,0.0000,0.00000,0.01809
7.12,11.62,2.3857,0.0000,0.00000,0.02381
7.38,11.62,1.8952,0.0000,0.00000,0.01875
2.62,11.88,0.0000,0.0000,0.00000,0.00000
2.88,11.88,0.0000,0.0000,0.00000,0.00000
3.12,11.88,0.0000,0.0000,0.00000,0.00000
3.38,11.88,0.0003,0.0000,0.00000,0.00000
3.62,11.88,0.0072,0.0000,0.00000,0.00010
3.88,11.88,0.0831,0.0000,0.00000,0.00113
4.12,11.88,0.4003,0.0000,0.00000,0.00549
4.38,11.88,0.8904,0.0000,0.00000,0.01231
4.62,11.88,1.2801,0.0000,0.00000,0.01702
4.88,11.88,1.6840,0.0000,0.00000,0.02051
5.12,11.88,1.8152,0.0000,0.00000,0.02110
5.38,11.88,1.6613,0.0000,0.00000,0.01875
5.62,11.88,1.9044,0.0000,0.00000,0.02078
5.88,11.88,2.0504,0.0000,0.00000,0.02208
6.12,11.88,2.0676,0.0000,0.00000,0.02157
6.38,11.88,2.2625,0.0000,0.00000,0.02327
6.62,11.88,1.7639,0.0000,0.00000,0.01875
6.88,11.88,1.8045,0.0000,0.00000,0.01887
7.12,11.88,2.4094,0.0000,0.00000,0.02428
7.38,11.88,1.9098,0.0000,0.00000,0.01906
2.62,12.12,0.0000,0.0000,0.00000,0.00000
2.88,12.12,0.0000,0.0000,0.00000,0.00000
3.12,12.12,0.0000,0.0000,0.00000,0.00000
3.38,12.12,0.0002,0.0000,0.00000,0.00000
3.62,12.12,0.0068,0.0000,0.00000,0.00010
3.88,12.12,0.0807,0.0000,0.00000,0.00118
4.12,12.12,0.3947,0.0000,0.00000,0.00580
4.38,12.12,0.8849,0.0000,0.00000,0.01305
4.62,12.12,1.2672,0.0000,0.00000,0.01807
4.88,12.12,1.6749,0.0000,0.00000,0.02213
5.12,12.12,1.8421,0.0000,0.00000,0.02338
5.38,12.12,1.6635,0.0000,0.00000,0.02098
5.62,12.12,1.8939,0.0000,0.00000,0.02336
5.88,12.12,2.1055,0.0000,0.00000,0.02519
6.12,12.12,2.0904,0.0000,0.00000,0.02383
6.38,12.12,2.2507,0.0000,0.00000,0.02501
6.62,12.12,1.8087,0.0000,0.00000,0.02039
6.88,12.12,1.8564,0.0000,0.00000,0.02006
7.12,12.12,2.4364,0.0000,0.00000,0.02523
7.38,12.12,1.9243,0.0000,0.00000,0.01973
2.62,12.38,0.0000,0.0000,0.00000,0.00000
2.88,12.38,0.0000,0.0000,0.00000,0.00000
3.12,12.38,0.0000,0.0000,0.00000,0.00000
3.38,12.38,0.0002,0.0000,0.00000,0.00000
3.62,12.38,0.0063,0.0000,0.00000,0.00009
3.88,12.38,0.0766,0.0000,0.00000,0.00112
4.12,12.38,0.3812,0.0000,0.00000,0.00564
4.38,12.38,0.8703,0.0000,0.00000,0.01318
4.62,12.38,1.2533,0.0000,0.00000,0.01927
4.88,12.38,1.6593,0.0000,0.00000,0.02484
5.12,12.38,1.8609,0.0000,0.00000,0.02712
5.38,12.38,1.6712,0.0000,0.00000,0.02424
5.62,12.38,1.8916,0.0000,0.00000,0.02636
5.88,12.38,2.1614,0.0000,0.00000,0.02830
6.12,12.38,2.0996,0.0000,0.00000,0.02557
6.38,12.38,2.2248,0.0000,0.00000,0.02595
6.62,12.38,1.8638,0.0000,0.00000,0.02191
6.88,12.38,1.9204,0.0000,0.00000,0.02217
7.12,12.38,2.4629,0.0000,0.00000,0.02777
7.38,12.38,1.9354,0.0000,0.00000,0.02169
2.62,12.62,0.0000,0.0000,0.00000,0.00000
2.88,12.62,0.0000,0.0000,0.00000,0.00000
3.12,12.62,0.0000,0.0000,0.00000,0.00000
3.38,12.62,0.0002,0.0000,0.00000,0.00000
3.62,12.62,0.0056,0.0000,0.00000,0.00008
3.88,12.62,0.0702,0.0000,0.00000,0.00106
4.12,12.62,0.3584,0.0000,0.00000,0.00552
4.38,12.62,0.8480,0.0000,0.00000,0.01364
4.62,12.62,1.2436,0.0000,0.00000,0.02112
4.88,12.62,1.6377,0.0000,0.00000,0.02789
5.12,12.62,1.8681,0.0000,0.00000,0.03080
5.38,12.62,1.6836,0.0000,0.00000,0.02725
5.62,12.62,1.8900,0.0000,0.00000,0.02907
5.88,12.62,2.2003,0.0000,0.00000,0.03160
6.12,12.62,2.0802,0.0000,0.00000,0.02779
6.38,12.62,2.1773,0.0000,0.00000,0.02770
6.62,12.62,1.9279,0.0000,0.00000,0.02468
6.88,12.62,1.9948,0.0000,0.00000,0.02566
7.12,12.62,2.4842,0.0000,0.00000,0.03172
7.38,12.62,1.9389,0.0000,0.00000,0.02470
2.62,12.88,0.0000,0.0000,0.00000,0.00000
2.88,12.88,0.0000,0.0000,0.00000,0.00000
3.12,12.88,0.0000,0.0000,0.00000,0.00000
3.38,12.88,0.0001,0.0000,0.00000,0.00000
3.62,12.88,0.0048,0.0000,0.00000,0.00008
3.88,12.88,0.0611,0.0000,0.00000,0.00101
4.12,12.88,0.3247,0.0000,0.00000,0.00551
4.38,12.88,0.8162,0.0000,0.00000,0.01445
4.62,12.88,1.2424,0.0000,0.00000,0.02331
4.88,12.88,1.6171,0.0000,0.00000,0.03068
5.12,12.88,1.8668,0.0000,0.00000,0.03413
5.38,12.88,1.7097,0.0000,0.00000,0.03082
5.62,12.88,1.8947,0.0000,0.00000,0.03304
5.88,12.88,2.2182,0.0000,0.00000,0.03660
6.12,12.88,2.0232,0.0000,0.00000,0.03145
6.38,12.88,2.0989,0.0000,0.00000,0.03105
6.62,12.88,2.0081,0.0000,0.00000,0.02964
6.88,12.88,2.0930,0.0000,0.00000,0.03061
7.12,12.88,2.5098,0.0000,0.00000,0.03621
7.38,12.88,1.9407,0.0000,0.00000,0.02789
2.62,13.12,0.0000,0.0000,0.00000,0.00000
2.88,13.12,0.0000,0.0000,0.00000,0.00000
3.12,13.12,0.0000,0.0000,0.00000,0.00000
3.38,13.12,0.0001,0.0000,0.00000,0.00000
3.62,13.12,0.0039,0.0000,0.00000,0.00007
3.88,13.12,0.0509,0.0000,0.00000,0.00093
4.12,13.12,0.2873,0.0000,0.00000,0.00536
4.38,13.12,0.7832,0.0000,0.00000,0.01517
4.62,13.12,1.2467,0.0000,0.00000,0.02553
4.88,13.12,1.5864,0.0000,0.00000,0.03338
5.12,13.12,1.8482,0.0000,0.00000,0.03809
5.38,13.12,1.7526,0.0000,0.00000,0.03617
5.62,13.12,1.9115,0.0000,0.00000,0.03907
5.88,13.12,2.2212,0.0000,0.00000,0.04359
6.12,13.12,1.9532,0.0000,0.00000,0.03637
6.38,13.12,2.0132,0.0000,0.00000,0.03530
6.62,13.12,2.1042,0.0000,0.00000,0.03632
6.88,13.12,2.2097,0.0000,0.00000,0.03712
7.12,13.12,2.5409,0.0000,0.00000,0.04160
7.38,13.12,1.9433,0.0000,0.00000,0.03161
2.62,13.38,0.0000,0.0000,0.00000,0.00000
2.88,13.38,0.0000,0.0000,0.00000,0.00000
3.12,13.38,0.0000,0.0000,0.00000,0.00000
3.38,13.38,0.0001,0.0000,0.00000,0.00000
3.62,13.38,0.0029,0.0000,0.00000,0.00006
3.88,13.38,0.0404,0.0000,0.00000,0.00079
4.12,13.38,0.2485,0.0000,0.00000,0.00500
4.38,13.38,0.7495,0.0000,0.00000,0.01566
4.62,13.38,1.2506,0.0000,0.00000,0.02779
4.88,13.38,1.5438,0.0000,0.00000,0.03643
5.12,13.38,1.8182,0.0000,0.00000,0.04324
5.38,13.38,1.8102,0.0000,0.00000,0.04324
5.62,13.38,1.9231,0.0000,0.00000,0.04601
5.88,13.38,2.1961,0.0000,0.00000,0.05118
6.12,13.38,1.8994,0.0000,0.00000,0.04237
6.38,13.38,1.9528,0.0000,0.00000,0.04061
6.62,13.38,2.2048,0.0000,0.00000,0.04450
6.88,13.38,2.3234,0.0000,0.00000,0.04528
7.12,13.38,2.5673,0.0000,0.00000,0.04860
7.38,13.38,1.9431,0.0000,0.00000,0.03652
2.62,13.62,0.0000,0.0000,0.00000,0.00000
2.88,13.62,0.0000,0.0000,0.00000,0.00000
3.12,13.62,0.0000,0.0000,0.00000,0.00000
3.38,13.62,0.0001,0.0000,0.00000,0.00000
3.62,13.62,0.0020,0.0000,0.00000,0.00004
3.88,13.62,0.0303,0.0000,0.00000,0.00063
4.12,13.62,0.2094,0.0000,0.00000,0.00452
4.38,13.62,0.7077,0.0000,0.00000,0.01610
4.62,13.62,1.2421,0.0000,0.00000,0.03047
4.88,13.62,1.4984,0.0000,0.00000,0.03997
5.12,13.62,1.7862,0.0000,0.00000,0.04863
5.38,13.62,1.8608,0.0000,0.00000,0.05094
5.62,13.62,1.8980,0.0000,0.00000,0.05328
5.88,13.62,2.1304,0.0000,0.00000,0.05965
6.12,13.62,1.8828,0.0000,0.00000,0.05103
6.38,13.62,1.9300,0.0000,0.00000,0.04840
6.62,13.62,2.2859,0.0000,0.00000,0.05458
6.88,13.62,2.3998,0.0000,0.00000,0.05479
7.12,13.62,2.5612,0.0000,0.00000,0.05655
7.38,13.62,1.9334,0.0000,0.00000,0.04248
2.62,13.88,0.0000,0.0000,0.00000,0.00000
2.88,13.88,0.0000,0.0000,0.00000,0.00000
3.12,13.88,0.0000,0.0000,0.00000,0.00000
3.38,13.88,0.0000,0.0000,0.00000,0.00000
3.62,13.88,0.0013,0.0000,0.00000,0.00003
3.88,13.88,0.0218,0.0000,0.00000,0.00049
4.12,13.88,0.1736,0.0000,0.00000,0.00412
4.38,13.88,0.6590,0.0000,0.00000,0.01670
4.62,13.88,1.2192,0.0000,0.00000,0.03356
4.88,13.88,1.4565,0.0000,0.00000,0.04390
5.12,13.88,1.7474,0.0000,0.00000,0.05371
5.38,13.88,1.8826,0.0000,0.00000,0.05846
5.62,13.88,1.8326,0.0000,0.00000,0.06051
5.88,13.88,2.0380,0.0000,0.00000,0.06941
6.12,13.88,1.9239,0.0000,0.00000,0.06444
6.38,13.88,1.9538,0.0000,0.00000,0.06063
6.62,13.88,2.3162,0.0000,0.00000,0.06683
6.88,13.88,2.3878,0.0000,0.00000,0.06453
7.12,13.88,2.4890,0.0000,0.00000,0.06411
7.38,13.88,1.9546,0.0000,0.00000,0.05041
2.62,14.12,0.0000,0.0000,0.00000,0.00000
2.88,14.12,0.0000,0.0000,0.00000,0.00000
3.12,14.12,0.0000,0.0000,0.00000,0.00000
3.38,14.12,0.0000,0.0000,0.00000,0.00000
3.62,14.12,0.0008,0.0000,0.00000,0.00002
3.88,14.12,0.0155,0.0000,0.00000,0.00038
4.12,14.12,0.1422,0.0000,0.00000,0.00374
4.38,14.12,0.5945,0.0000,0.00000,0.01652
4.62,14.12,1.1632,0.0000,0.00000,0.03494
4.88,14.12,1.4133,0.0000,0.00000,0.04686
5.12,14.12,1.7030,0.0000,0.00000,0.05856
5.38,14.12,1.8859,0.0000,0.00000,0.06610
5.62,14.12,1.7770,0.0000,0.00000,0.06787
5.88,14.12,1.9562,0.0000,0.00000,0.07929
6.12,14.12,2.0010,0.0000,0.00000,0.08088
6.38,14.12,1.9895,0.0000,0.00000,0.07608
6.62,14.12,2.2597,0.0000,0.00000,0.08018
6.88,14.12,2.2431,0.0000,0.00000,0.07299
7.12,14.12,2.3266,0.0000,0.00000,0.06955
7.38,14.12,2.0808,0.0000,0.00000,0.06195
2.62,14.38,0.0000,0.0000,0.00000,0.00000
2.88,14.38,0.0000,0.0000,0.00000,0.00000
3.12,14.38,0.0000,0.0000,0.00000,0.00000
3.38,14.38,0.0000,0.0000,0.00000,0.00000
3.62,14.38,0.0005,0.0000,0.00000,0.00001
3.88,14.38,0.0111,0.0000,0.00000,0.00031
4.12,14.38,0.1125,0.0000,0.00000,0.00323
4.38,14.38,0.5077,0.0000,0.00000,0.01529
4.62,14.38,1.0697,0.0000,0.00000,0.03482
4.88,14.38,1.3714,0.0000,0.00000,0.04976
5.12,14.38,1.6455,0.0000,0.00000,0.06324
5.38,14.38,1.8591,0.0000,0.00000,0.07319
5.62,14.38,1.7596,0.0000,0.00000,0.07572
5.88,14.38,1.9043,0.0000,0.00000,0.08869
6.12,14.38,2.0548,0.0000,0.00000,0.09668
6.38,14.38,1.9738,0.0000,0.00000,0.09038
6.62,14.38,2.1173,0.0000,0.00000,0.09194
6.88,14.38,2.0521,0.0000,0.00000,0.08253
7.12,14.38,2.1400,0.0000,0.00000,0.07550
7.38,14.38,2.2471,0.0000,0.00000,0.07509
7.62,14.38,1.7441,0.0000,0.00000,0.05849
2.62,14.62,0.0000,0.0000,0.00000,0.00000
2.88,14.62,0.0000,0.0000,0.00000,0.00000
3.12,14.62,0.0000,0.0000,0.00000,0.00000
3.38,14.62,0.0000,0.0000,0.00000,0.00000
3.62,14.62,0.0003,0.0000,0.00000,0.00001
3.88,14.62,0.0075,0.0000,0.00000,0.00023
4.12,14.62,0.0825,0.0000,0.00000,0.00259
4.38,14.62,0.4052,0.0000,0.00000,0.01336
4.62,14.62,0.9529,0.0000,0.00000,0.03413
4.88,14.62,1.3312,0.0000,0.00000,0.05315
5.12,14.62,1.5703,0.0000,0.00000,0.06720
5.38,14.62,1.7954,0.0000,0.00000,0.07873
5.62,14.62,1.7755,0.0000,0.00000,0.08391
5.88,14.62,1.8706,0.0000,0.00000,0.09702
6.12,14.62,2.0518,0.0000,0.00000,0.10978
6.38,14.62,1.9264,0.0000,0.00000,0.10335
6.62,14.62,1.9857,0.0000,0.00000,0.10366
6.88,14.62,2.0034,0.0000,0.00000,0.09876
7.12,14.62,2.0221,0.0000,0.00000,0.08534
7.38,14.62,2.2699,0.0000,0.00000,0.08393
7.62,14.62,1.9981,0.0000,0.00000,0.07176
2.62,14.88,0.0000,0.0000,0.00000,0.00000
2.88,14.88,0.0000,0.0000,0.00000,0.00000
3.12,14.88,0.0000,0.0000,0.00000,0.00000
3.38,14.88,0.0000,0.0000,0.00000,0.00000
3.62,14.88,0.0002,0.0000,0.00000,0.00001
3.88,14.88,0.0045,0.0000,0.00000,0.00015
4.12,14.88,0.0540,0.0000,0.00000,0.00186
4.38,14.88,0.2972,0.0000,0.00000,0.01082
4.62,14.88,0.8116,0.0000,0.00000,0.03213
4.88,14.88,1.2700,0.0000,0.00000,0.05541
5.12,14.88,1.4937,0.0000,0.00000,0.07026
5.38,14.88,1.7204,0.0000,0.00000,0.08311
5.62,14.88,1.7938,0.0000,0.00000,0.09143
5.88,14.88,1.8225,0.0000,0.00000,0.10243
6.12,14.88,1.9954,0.0000,0.00000,0.11884
6.38,14.88,1.9192,0.0000,0.00000,0.11766
6.62,14.88,1.9211,0.0000,0.00000,0.11606
6.88,14.88,2.0431,0.0000,0.00000,0.11632
7.12,14.88,1.9410,0.0000,0.00000,0.09687
7.38,14.88,2.0823,0.0000,0.00000,0.08605
7.62,14.88,2.1545,0.0000,0.00000,0.08183
7.88,14.88,1.7499,0.0000,0.00000,0.06481
2.62,15.12,0.0000,0.0000,0.00000,0.00000
2.88,15.12,0.0000,0.0000,0.00000,0.00000
3.12,15.12,0.0000,0.0000,0.00000,0.00000
3.38,15.12,0.0000,0.0000,0.00000,0.00000
3.62,15.12,0.0001,0.0000,0.00000,0.00000
3.88,15.12,0.0023,0.0000,0.00000,0.00008
4.12,15.12,0.0307,0.0000,0.00000,0.00116
4.38,15.12,0.1963,0.0000,0.00000,0.00794
4.62,15.12,0.6425,0.0000,0.00000,0.02806
4.88,15.12,1.1561,0.0000,0.00000,0.05477
5.12,15.12,1.4179,0.0000,0.00000,0.07251
5.38,15.12,1.6347,0.0000,0.00000,0.08644
5.62,15.12,1.7693,0.0000,0.00000,0.09687
5.88,15.12,1.7619,0.0000,0.00000,0.10536
6.12,15.12,1.9101,0.0000,0.00000,0.12298
6.38,15.12,1.9429,0.0000,0.00000,0.13006
6.62,15.12,1.8755,0.0000,0.00000,0.12529
6.88,15.12,2.0087,0.0000,0.00000,0.12613
7.12,15.12,1.9472,0.0000,0.00000,0.11063
7.38,15.12,1.8804,0.0000,0.00000,0.08878
7.62,15.12,2.0767,0.0000,0.00000,0.08377
7.88,15.12,2.0192,0.0000,0.00000,0.07615
8.12,15.12,1.6082,0.0000,0.00000,0.05722
2.62,15.38,0.0000,0.0000,0.00000,0.00000
2.88,15.38,0.0000,0.0000,0.00000,0.00000
3.12,15.38,0.0000,0.0000,0.00000,0.00000
3.38,15.38,0.0000,0.0000,0.00000,0.00000
3.62,15.38,0.0000,0.0000,0.00000,0.00000
3.88,15.38,0.0010,0.0000,0.00000,0.00004
4.12,15.38,0.0148,0.0000,0.00000,0.00061
4.38,15.38,0.1146,0.0000,0.00000,0.00508
4.62,15.38,0.4566,0.0000,0.00000,0.02163
4.88,15.38,0.9723,0.0000,0.00000,0.04941
5.12,15.38,1.3227,0.0000,0.00000,0.07248
5.38,15.38,1.5391,0.0000,0.00000,0.08786
5.62,15.38,1.6983,0.0000,0.00000,0.09891
5.88,15.38,1.7066,0.0000,0.00000,0.10633
6.12,15.38,1.8040,0.0000,0.00000,0.12091
6.38,15.38,1.9318,0.0000,0.00000,0.13399
6.62,15.38,1.8529,0.0000,0.00000,0.13053
6.88,15.38,1.8983,0.0000,0.00000,0.12846
7.12,15.38,1.9978,0.0000,0.00000,0.12346
7.38,15.38,1.8571,0.0000,0.00000,0.09974
7.62,15.38,1.8438,0.0000,0.00000,0.08180
7.88,15.38,2.0058,0.0000,0.00000,0.07732
8.12,15.38,1.9555,0.0000,0.00000,0.06808
8.38,15.38,1.6075,0.0000,0.00000,0.05049
8.62,15.38,1.1464,0.0000,0.00000,0.03173
2.62,15.62,0.0000,0.0000,0.00000,0.00000
2.88,15.62,0.0000,0.0000,0.00000,0.00000
3.12,15.62,0.0000,0.0000,0.00000,0.00000
3.38,15.62,0.0000,0.0000,0.00000,0.00000
3.62,15.62,0.0000,0.0000,0.00000,0.00000
3.88,15.62,0.0004,0.0000,0.00000,0.00001
4.12,15.62,0.0062,0.0000,0.00000,0.00026
4.38,15.62,0.0581,0.0000,0.00000,0.00274
4.62,15.62,0.2814,0.0000,0.00000,0.01420
4.88,15.62,0.7304,0.0000,0.00000,0.03944
5.12,15.62,1.1641,0.0000,0.00000,0.06764
5.38,15.62,1.4220,0.0000,0.00000,0.08654
5.62,15.62,1.6003,0.0000,0.00000,0.09835
5.88,15.62,1.6535,0.0000,0.00000,0.10593
6.12,15.62,1.6843,0.0000,0.00000,0.11533
6.38,15.62,1.8382,0.0000,0.00000,0.12872
6.62,15.62,1.8586,0.0000,0.00000,0.13062
6.88,15.62,1.7992,0.0000,0.00000,0.12484
7.12,15.62,1.9201,0.0000,0.00000,0.12455
7.38,15.62,1.9505,0.0000,0.00000,0.11373
7.62,15.62,1.7907,0.0000,0.00000,0.08951
7.88,15.62,1.7627,0.0000,0.00000,0.07242
8.12,15.62,1.8984,0.0000,0.00000,0.06595
8.38,15.62,1.9153,0.0000,0.00000,0.05840
8.62,15.62,1.7167,0.0000,0.00000,0.04536
8.88,15.62,1.4965,0.0000,0.00000,0.03338
9.12,15.62,1.2333,0.0000,0.00000,0.02334
9.38,15.62,0.8741,0.0000,0.00000,0.01411
9.62,15.62,0.5687,0.0000,0.00000,0.00782
9.88,15.62,0.4162,0.0000,0.00000,0.00488
10.12,15.62,0.3669,0.0000,0.00000,0.00375
10.38,15.62,0.3508,0.0000,0.00000,0.00319
10.62,15.62,0.3449,0.0000,0.00000,0.00280
10.88,15.62,0.3413,0.0000,0.00000,0.00246
11.12,15.62,0.3371,0.0000,0.00000,0.00217
11.38,15.62,0.3352,0.0000,0.00000,0.00194
11.62,15.62,0.3350,0.0000,0.00000,0.00178
11.88,15.62,0.3350,0.0000,0.00000,0.00164
12.12,15.62,0.3336,0.0000,0.00000,0.00153
12.38,15.62,0.3305,0.0000,0.00000,0.00143
12.62,15.62,0.3293,0.0000,0.00000,0.00133
12.88,15.62,0.3294,0.0000,0.00000,0.00127
13.12,15.62,0.3278,0.0000,0.00000,0.00122
13.38,15.62,0.3255,0.0000,0.00000,0.00116
13.62,15.62,0.3236,0.0000,0.00000,0.00109
13.88,15.62,0.3219,0.0000,0.00000,0.00105
14.12,15.62,0.3201,0.0000,0.00000,0.00101
14.38,15.62,0.3191,0.0000,0.00000,0.00098
14.62,15.62,0.3181,0.0000,0.00000,0.00095
14.88,15.62,0.3149,0.0000,0.00000,0.00091
15.12,15.62,0.3110,0.0000,0.00000,0.00087
15.38,15.62,0.3087,0.0000,0.00000,0.00085
15.62,15.62,0.3069,0.0000,0.00000,0.00083
15.88,15.62,0.3044,0.0000,0.00000,0.00082
16.12,15.62,0.3014,0.0000,0.00000,0.00082
16.38,15.62,0.2971,0.0000,0.00000,0.00084
16.62,15.62,0.2946,0.0000,0.00000,0.00090
16.88,15.62,0.2949,0.0000,0.00000,0.00096
2.62,15.88,0.0000,0.0000,0.00000,0.00000
2.88,15.88,0.0000,0.0000,0.00000,0.00000
3.12,15.88,0.0000,0.0000,0.00000,0.00000
3.38,15.88,0.0000,0.0000,0.00000,0.00000
3.62,15.88,0.0000,0.0000,0.00000,0.00000
3.88,15.88,0.0001,0.0000,0.00000,0.00000
4.12,15.88,0.0022,0.0000,0.00000,0.00010
4.38,15.88,0.0247,0.0000,0.00000,0.00122
4.62,15.88,0.1463,0.0000,0.00000,0.00780
4.88,15.88,0.4743,0.0000,0.00000,0.02709
5.12,15.88,0.9179,0.0000,0.00000,0.05618
5.38,15.88,1.2508,0.0000,0.00000,0.08043
5.62,15.88,1.4759,0.0000,0.00000,0.09574
5.88,15.88,1.5939,0.0000,0.00000,0.10498
6.12,15.88,1.5896,0.0000,0.00000,0.10970
6.38,15.88,1.6780,0.0000,0.00000,0.11737
6.62,15.88,1.8159,0.0000,0.00000,0.12403
6.88,15.88,1.7767,0.0000,0.00000,0.11947
7.12,15.88,1.7465,0.0000,0.00000,0.11407
7.38,15.88,1.8740,0.0000,0.00000,0.11314
7.62,15.88,1.9102,0.0000,0.00000,0.10207
7.88,15.88,1.7621,0.0000,0.00000,0.07990
8.12,15.88,1.6601,0.0000,0.00000,0.06194
8.38,15.88,1.7148,0.0000,0.00000,0.05304
8.62,15.88,1.8355,0.0000,0.00000,0.04762
8.88,15.88,1.8682,0.0000,0.00000,0.04113
9.12,15.88,1.7240,0.0000,0.00000,0.03230
9.38,15.88,1.4733,0.0000,0.00000,0.02326
9.62,15.88,1.2644,0.0000,0.00000,0.01683
9.88,15.88,1.1712,0.0000,0.00000,0.01340
10.12,15.88,1.1446,0.0000,0.00000,0.01157
10.38,15.88,1.1316,0.0000,0.00000,0.01021
10.62,15.88,1.1300,0.0000,0.00000,0.00913
10.88,15.88,1.1273,0.0000,0.00000,0.00815
11.12,15.88,1.1181,0.0000,0.00000,0.00723
11.38,15.88,1.1168,0.0000,0.00000,0.00651
11.62,15.88,1.1190,0.0000,0.00000,0.00596
11.88,15.88,1.1208,0.0000,0.00000,0.00552
12.12,15.88,1.1171,0.0000,0.00000,0.00516
12.38,15.88,1.1072,0.0000,0.00000,0.00481
12.62,15.88,1.1038,0.0000,0.00000,0.00449
12.88,15.88,1.1051,0.0000,0.00000,0.00427
13.12,15.88,1.1006,0.0000,0.00000,0.00411
13.38,15.88,1.0936,0.0000,0.00000,0.00390
13.62,15.88,1.0878,0.0000,0.00000,0.00367
13.88,15.88,1.0827,0.0000,0.00000,0.00353
14.12,15.88,1.0773,0.0000,0.00000,0.00342
14.38,15.88,1.0753,0.0000,0.00000,0.00331
14.62,15.88,1.0728,0.0000,0.00000,0.00321
14.88,15.88,1.0628,0.0000,0.00000,0.00307
15.12,15.88,1.0503,0.0000,0.00000,0.00295
15.38,15.88,1.0430,0.0000,0.00000,0.00288
15.62,15.88,1.0377,0.0000,0.00000,0.00282
15.88,15.88,1.0299,0.0000,0.00000,0.00278
16.12,15.88,1.0201,0.0000,0.00000,0.00277
16.38,15.88,1.0061,0.0000,0.00000,0.00287
16.62,15.88,0.9972,0.0000,0.00000,0.00307
16.88,15.88,0.9975,0.0000,0.00000,0.00325
2.62,16.12,0.0000,0.0000,0.00000,0.00000
2.88,16.12,0.0000,0.0000,0.00000,0.00000
3.12,16.12,0.0000,0.0000,0.00000,0.00000
3.38,16.12,0.0000,0.0000,0.00000,0.00000
3.62,16.12,0.0000,0.0000,0.00000,0.00000
3.88,16.12,0.0000,0.0000,0.00000,0.00000
4.12,16.12,0.0006,0.0000,0.00000,0.00003
4.38,16.12,0.0085,0.0000,0.00000,0.00043
4.62,16.12,0.0630,0.0000,0.00000,0.00344
4.88,16.12,0.2587,0.0000,0.00000,0.01516
5.12,16.12,0.6240,0.0000,0.00000,0.03888
5.38,16.12,1.0035,0.0000,0.00000,0.06558
5.62,16.12,1.2972,0.0000,0.00000,0.08642
5.88,16.12,1.5035,0.0000,0.00000,0.10057
6.12,16.12,1.5397,0.0000,0.00000,0.10482
6.38,16.12,1.5310,0.0000,0.00000,0.10564
6.62,16.12,1.6670,0.0000,0.00000,0.11187
6.88,16.12,1.7716,0.0000,0.00000,0.11391
7.12,16.12,1.6990,0.0000,0.00000,0.10593
7.38,16.12,1.6696,0.0000,0.00000,0.09948
7.62,16.12,1.7981,0.0000,0.00000,0.09734
7.88,16.12,1.8757,0.0000,0.00000,0.08888
8.12,16.12,1.7760,0.0000,0.00000,0.07182
8.38,16.12,1.6326,0.0000,0.00000,0.05521
8.62,16.12,1.5719,0.0000,0.00000,0.04419
8.88,16.12,1.5394,0.0000,0.00000,0.03607
9.12,16.12,1.5394,0.0000,0.00000,0.02969
9.38,16.12,1.6140,0.0000,0.00000,0.02551
9.62,16.12,1.7097,0.0000,0.00000,0.02264
9.88,16.12,1.7778,0.0000,0.00000,0.02035
10.12,16.12,1.8006,0.0000,0.00000,0.01828
10.38,16.12,1.7952,0.0000,0.00000,0.01625
10.62,16.12,1.7990,0.0000,0.00000,0.01461
10.88,16.12,1.7978,0.0000,0.00000,0.01309
11.12,16.12,1.7847,0.0000,0.00000,0.01165
11.38,16.12,1.7848,0.0000,0.00000,0.01054
11.62,16.12,1.7891,0.0000,0.00000,0.00967
11.88,16.12,1.7922,0.0000,0.00000,0.00895
12.12,16.12,1.7866,0.0000,0.00000,0.00836
12.38,16.12,1.7717,0.0000,0.00000,0.00778
12.62,16.12,1.7690,0.0000,0.00000,0.00726
12.88,16.12,1.7736,0.0000,0.00000,0.00693
13.12,16.12,1.7676,0.0000,0.00000,0.00667
13.38,16.12,1.7590,0.0000,0.00000,0.00633
13.62,16.12,1.7531,0.0000,0.00000,0.00598
13.88,16.12,1.7468,0.0000,0.00000,0.00576
14.12,16.12,1.7408,0.0000,0.00000,0.00559
14.38,16.12,1.7418,0.0000,0.00000,0.00544
14.62,16.12,1.7410,0.0000,0.00000,0.00528
14.88,16.12,1.7278,0.0000,0.00000,0.00506
15.12,16.12,1.7106,0.0000,0.00000,0.00485
15.38,16.12,1.7007,0.0000,0.00000,0.00472
15.62,16.12,1.6943,0.0000,0.00000,0.00464
15.88,16.12,1.6835,0.0000,0.00000,0.00456
16.12,16.12,1.6699,0.0000,0.00000,0.00456
16.38,16.12,1.6491,0.0000,0.00000,0.00473
16.62,16.12,1.6327,0.0000,0.00000,0.00504
16.88,16.12,1.6292,0.0000,0.00000,0.00532
2.62,16.38,0.0000,0.0000,0.00000,0.00000
2.88,16.38,0.0000,0.0000,0.00000,0.00000
3.12,16.38,0.0000,0.0000,0.00000,0.00000
3.38,16.38,0.0000,0.0000,0.00000,0.00000
3.62,16.38,0.0000,0.0000,0.00000,0.00000
3.88,16.38,0.0000,0.0000,0.00000,0.00000
4.12,16.38,0.0001,0.0000,0.00000,0.00001
4.38,16.38,0.0023,0.0000,0.00000,0.00011
4.62,16.38,0.0217,0.0000,0.00000,0.00117
4.88,16.38,0.1142,0.0000,0.00000,0.00661
5.12,16.38,0.3515,0.0000,0.00000,0.02159
5.38,16.38,0.6961,0.0000,0.00000,0.04476
5.62,16.38,1.0373,0.0000,0.00000,0.06876
5.88,16.38,1.3296,0.0000,0.00000,0.08861
6.12,16.38,1.4811,0.0000,0.00000,0.09804
6.38,16.38,1.4692,0.0000,0.00000,0.09771
6.62,16.38,1.4909,0.0000,0.00000,0.09816
6.88,16.38,1.6410,0.0000,0.00000,0.10271
7.12,16.38,1.7246,0.0000,0.00000,0.10192
7.38,16.38,1.6455,0.0000,0.00000,0.09252
7.62,16.38,1.5854,0.0000,0.00000,0.08364
7.88,16.38,1.6717,0.0000,0.00000,0.07967
8.12,16.38,1.7983,0.0000,0.00000,0.07465
8.38,16.38,1.8062,0.0000,0.00000,0.06522
8.62,16.38,1.6750,0.0000,0.00000,0.05298
8.88,16.38,1.5050,0.0000,0.00000,0.04067
9.12,16.38,1.4076,0.0000,0.00000,0.03121
9.38,16.38,1.4067,0.0000,0.00000,0.02521
9.62,16.38,1.4339,0.0000,0.00000,0.02106
9.88,16.38,1.4361,0.0000,0.00000,0.01793
10.12,16.38,1.4076,0.0000,0.00000,0.01538
10.38,16.38,1.3742,0.0000,0.00000,0.01323
10.62,16.38,1.3582,0.0000,0.00000,0.01168
10.88,16.38,1.3434,0.0000,0.00000,0.01036
11.12,16.38,1.3244,0.0000,0.00000,0.00919
11.38,16.38,1.3159,0.0000,0.00000,0.00835
11.62,16.38,1.3093,0.0000,0.00000,0.00762
11.88,16.38,1.3047,0.0000,0.00000,0.00699
12.12,16.38,1.2944,0.0000,0.00000,0.00649
12.38,16.38,1.2808,0.0000,0.00000,0.00598
12.62,16.38,1.2809,0.0000,0.00000,0.00557
12.88,16.38,1.2834,0.0000,0.00000,0.00530
13.12,16.38,1.2764,0.0000,0.00000,0.00507
13.38,16.38,1.2717,0.0000,0.00000,0.00481
13.62,16.38,1.2714,0.0000,0.00000,0.00458
13.88,16.38,1.2679,0.0000,0.00000,0.00440
14.12,16.38,1.2634,0.0000,0.00000,0.00425
14.38,16.38,1.2658,0.0000,0.00000,0.00415
14.62,16.38,1.2690,0.0000,0.00000,0.00404
14.88,16.38,1.2631,0.0000,0.00000,0.00385
15.12,16.38,1.2533,0.0000,0.00000,0.00367
15.38,16.38,1.2472,0.0000,0.00000,0.00358
15.62,16.38,1.2441,0.0000,0.00000,0.00350
15.88,16.38,1.2368,0.0000,0.00000,0.00343
16.12,16.38,1.2274,0.0000,0.00000,0.00342
16.38,16.38,1.2128,0.0000,0.00000,0.00354
16.62,16.38,1.1966,0.0000,0.00000,0.00375
16.88,16.38,1.1868,0.0000,0.00000,0.00391
2.62,16.62,0.0000,0.0000,0.00000,0.00000
2.88,16.62,0.0000,0.0000,0.00000,0.00000
3.12,16.62,0.0000,0.0000,0.00000,0.00000
3.38,16.62,0.0000,0.0000,0.00000,0.00000
3.62,16.62,0.0000,0.0000,0.00000,0.00000
3.88,16.62,0.0000,0.0000,0.00000,0.00000
4.12,16.62,0.0000,0.0000,0.00000,0.00000
4.38,16.62,0.0005,0.0000,0.00000,0.00002
4.62,16.62,0.0057,0.0000,0.00000,0.00030
4.88,16.62,0.0390,0.0000,0.00000,0.00225
5.12,16.62,0.1560,0.0000,0.00000,0.00955
5.38,16.62,0.3935,0.0000,0.00000,0.02508
5.62,16.62,0.7109,0.0000,0.00000,0.04662
5.88,16.62,1.0445,0.0000,0.00000,0.06873
6.12,16.62,1.3239,0.0000,0.00000,0.08535
6.38,16.62,1.4488,0.0000,0.00000,0.09212
6.62,16.62,1.4253,0.0000,0.00000,0.09010
6.88,16.62,1.4370,0.0000,0.00000,0.08843
7.12,16.62,1.5683,0.0000,0.00000,0.09080
7.38,16.62,1.6724,0.0000,0.00000,0.08998
7.62,16.62,1.6278,0.0000,0.00000,0.08161
7.88,16.62,1.5297,0.0000,0.00000,0.07094
8.12,16.62,1.5198,0.0000,0.00000,0.06335
8.38,16.62,1.6032,0.0000,0.00000,0.05961
8.62,16.62,1.6946,0.0000,0.00000,0.05603
8.88,16.62,1.7312,0.0000,0.00000,0.04963
9.12,16.62,1.6871,0.0000,0.00000,0.04136
9.38,16.62,1.5932,0.0000,0.00000,0.03320
9.62,16.62,1.4998,0.0000,0.00000,0.02638
9.88,16.62,1.4143,0.0000,0.00000,0.02144
10.12,16.62,1.3347,0.0000,0.00000,0.01768
10.38,16.62,1.2740,0.0000,0.00000,0.01474
10.62,16.62,1.2276,0.0000,0.00000,0.01264
10.88,16.62,1.1861,0.0000,0.00000,0.01096
11.12,16.62,1.1514,0.0000,0.00000,0.00961
11.38,16.62,1.1197,0.0000,0.00000,0.00866
11.62,16.62,1.0877,0.0000,0.00000,0.00774
11.88,16.62,1.0633,0.0000,0.00000,0.00694
12.12,16.62,1.0364,0.0000,0.00000,0.00634
12.38,16.62,1.0130,0.0000,0.00000,0.00574
12.62,16.62,1.0029,0.0000,0.00000,0.00525
12.88,16.62,0.9869,0.0000,0.00000,0.00485
13.12,16.62,0.9669,0.0000,0.00000,0.00449
13.38,16.62,0.9560,0.0000,0.00000,0.00423
13.62,16.62,0.9496,0.0000,0.00000,0.00404
13.88,16.62,0.9404,0.0000,0.00000,0.00381
14.12,16.62,0.9242,0.0000,0.00000,0.00357
14.38,16.62,0.9099,0.0000,0.00000,0.00339
14.62,16.62,0.9049,0.0000,0.00000,0.00323
14.88,16.62,0.8969,0.0000,0.00000,0.00303
15.12,16.62,0.8838,0.0000,0.00000,0.00286
15.38,16.62,0.8742,0.0000,0.00000,0.00279
15.62,16.62,0.8665,0.0000,0.00000,0.00271
15.88,16.62,0.8532,0.0000,0.00000,0.00257
16.12,16.62,0.8365,0.0000,0.00000,0.00246
16.38,16.62,0.8176,0.0000,0.00000,0.00249
16.62,16.62,0.7997,0.0000,0.00000,0.00260
16.88,16.62,0.7865,0.0000,0.00000,0.00267
2.62,16.88,0.0000,0.0000,0.00000,0.00000
2.88,16.88,0.0000,0.0000,0.00000,0.00000
3.12,16.88,0.0000,0.0000,0.00000,0.00000
3.38,16.88,0.0000,0.0000,0.00000,0.00000
3.62,16.88,0.0000,0.0000,0.00000,0.00000
3.88,16.88,0.0000,0.0000,0.00000,0.00000
4.12,16.88,0.0000,0.0000,0.00000,0.00000
4.38,16.88,0.0001,0.0000,0.00000,0.00000
4.62,16.88,0.0011,0.0000,0.00000,0.00006
4.88,16.88,0.0099,0.0000,0.00000,0.00059
5.12,16.88,0.0517,0.0000,0.00000,0.00321
5.38,16.88,0.1707,0.0000,0.00000,0.01081
5.62,16.88,0.3912,0.0000,0.00000,0.02515
5.88,16.88,0.6877,0.0000,0.00000,0.04416
6.12,16.88,1.0177,0.0000,0.00000,0.06396
6.38,16.88,1.3056,0.0000,0.00000,0.07993
6.62,16.88,1.4237,0.0000,0.00000,0.08513
6.88,16.88,1.3786,0.0000,0.00000,0.08079
7.12,16.88,1.3587,0.0000,0.00000,0.07685
7.38,16.88,1.4780,0.0000,0.00000,0.07832
7.62,16.88,1.6197,0.0000,0.00000,0.07878
7.88,16.88,1.6273,0.0000,0.00000,0.07224
8.12,16.88,1.5182,0.0000,0.00000,0.06119
8.38,16.88,1.4240,0.0000,0.00000,0.05196
8.62,16.88,1.4056,0.0000,0.00000,0.04627
8.88,16.88,1.4598,0.0000,0.00000,0.04267
9.12,16.88,1.5402,0.0000,0.00000,0.03955
9.38,16.88,1.6130,0.0000,0.00000,0.03567
9.62,16.88,1.6763,0.0000,0.00000,0.03158
9.88,16.88,1.7087,0.0000,0.00000,0.02798
10.12,16.88,1.7092,0.0000,0.00000,0.02450
10.38,16.88,1.6963,0.0000,0.00000,0.02123
10.62,16.88,1.6684,0.0000,0.00000,0.01857
10.88,16.88,1.6373,0.0000,0.00000,0.01636
11.12,16.88,1.6132,0.0000,0.00000,0.01452
11.38,16.88,1.5843,0.0000,0.00000,0.01309
11.62,16.88,1.5515,0.0000,0.00000,0.01177
11.88,16.88,1.5260,0.0000,0.00000,0.01062
12.12,16.88,1.4992,0.0000,0.00000,0.00976
12.38,16.88,1.4786,0.0000,0.00000,0.00892
12.62,16.88,1.4650,0.0000,0.00000,0.00818
12.88,16.88,1.4391,0.0000,0.00000,0.00752
13.12,16.88,1.4145,0.0000,0.00000,0.00696
13.38,16.88,1.4012,0.0000,0.00000,0.00658
13.62,16.88,1.3872,0.0000,0.00000,0.00627
13.88,16.88,1.3724,0.0000,0.00000,0.00586
14.12,16.88,1.3518,0.0000,0.00000,0.00544
14.38,16.88,1.3290,0.0000,0.00000,0.00510
14.62,16.88,1.3176,0.0000,0.00000,0.00483
14.88,16.88,1.3044,0.0000,0.00000,0.00454
15.12,16.88,1.2876,0.0000,0.00000,0.00431
15.38,16.88,1.2777,0.0000,0.00000,0.00424
15.62,16.88,1.2656,0.0000,0.00000,0.00413
15.88,16.88,1.2459,0.0000,0.00000,0.00389
16.12,16.88,1.2218,0.0000,0.00000,0.00369
16.38,16.88,1.1934,0.0000,0.00000,0.00369
16.62,16.88,1.1699,0.0000,0.00000,0.00383
16.88,16.88,1.1570,0.0000,0.00000,0.00393
2.62,17.12,0.0000,0.0000,0.00000,0.00000
2.88,17.12,0.0000,0.0000,0.00000,0.00000
3.12,17.12,0.0000,0.0000,0.00000,0.00000
3.38,17.12,0.0000,0.0000,0.00000,0.00000
3.62,17.12,0.0000,0.0000,0.00000,0.00000
3.88,17.12,0.0000,0.0000,0.00000,0.00000
4.12,17.12,0.0000,0.0000,0.00000,0.00000
4.38,17.12,0.0000,0.0000,0.00000,0.00000
4.62,17.12,0.0002,0.0000,0.00000,0.00001
4.88,17.12,0.0018,0.0000,0.00000,0.00011
5.12,17.12,0.0124,0.0000,0.00000,0.00075
5.38,17.12,0.0551,0.0000,0.00000,0.00336
5.62,17.12,0.1651,0.0000,0.00000,0.01018
5.88,17.12,0.3595,0.0000,0.00000,0.02219
6.12,17.12,0.6317,0.0000,0.00000,0.03846
6.38,17.12,0.9598,0.0000,0.00000,0.05676
6.62,17.12,1.2518,0.0000,0.00000,0.07120
6.88,17.12,1.3800,0.0000,0.00000,0.07536
7.12,17.12,1.3398,0.0000,0.00000,0.07031
7.38,17.12,1.2914,0.0000,0.00000,0.06519
7.62,17.12,1.3575,0.0000,0.00000,0.06429
7.88,17.12,1.4953,0.0000,0.00000,0.06467
8.12,17.12,1.5856,0.0000,0.00000,0.06165
8.38,17.12,1.5641,0.0000,0.00000,0.05424
8.62,17.12,1.4537,0.0000,0.00000,0.04544
8.88,17.12,1.3540,0.0000,0.00000,0.03866
9.12,17.12,1.3095,0.0000,0.00000,0.03395
9.38,17.12,1.3020,0.0000,0.00000,0.02964
9.62,17.12,1.3262,0.0000,0.00000,0.02602
9.88,17.12,1.3581,0.0000,0.00000,0.02329
10.12,17.12,1.3863,0.0000,0.00000,0.02087
10.38,17.12,1.4103,0.0000,0.00000,0.01851
10.62,17.12,1.4198,0.0000,0.00000,0.01654
10.88,17.12,1.4264,0.0000,0.00000,0.01491
11.12,17.12,1.4386,0.0000,0.00000,0.01348
11.38,17.12,1.4475,0.0000,0.00000,0.01226
11.62,17.12,1.4505,0.0000,0.00000,0.01117
11.88,17.12,1.4543,0.0000,0.00000,0.01025
12.12,17.12,1.4613,0.0000,0.00000,0.00960
12.38,17.12,1.4729,0.0000,0.00000,0.00895
12.62,17.12,1.4810,0.0000,0.00000,0.00835
12.88,17.12,1.4775,0.0000,0.00000,0.00779
13.12,17.12,1.4741,0.0000,0.00000,0.00731
13.38,17.12,1.4768,0.0000,0.00000,0.00698
13.62,17.12,1.4729,0.0000,0.00000,0.00667
13.88,17.12,1.4677,0.0000,0.00000,0.00626
14.12,17.12,1.4664,0.0000,0.00000,0.00587
14.38,17.12,1.4642,0.0000,0.00000,0.00557
14.62,17.12,1.4663,0.0000,0.00000,0.00536
14.88,17.12,1.4640,0.0000,0.00000,0.00511
15.12,17.12,1.4599,0.0000,0.00000,0.00490
15.38,17.12,1.4611,0.0000,0.00000,0.00483
15.62,17.12,1.4573,0.0000,0.00000,0.00472
15.88,17.12,1.4491,0.0000,0.00000,0.00452
16.12,17.12,1.4384,0.0000,0.00000,0.00437
16.38,17.12,1.4192,0.0000,0.00000,0.00439
16.62,17.12,1.3989,0.0000,0.00000,0.00455
16.88,17.12,1.3912,0.0000,0.00000,0.00469
2.62,17.38,0.0000,0.0000,0.00000,0.00000
2.88,17.38,0.0000,0.0000,0.00000,0.00000
3.12,17.38,0.0000,0.0000,0.00000,0.00000
3.38,17.38,0.0000,0.0000,0.00000,0.00000
3.62,17.38,0.0000,0.0000,0.00000,0.00000
3.88,17.38,0.0000,0.0000,0.00000,0.00000
4.12,17.38,0.0000,0.0000,0.00000,0.00000
4.38,17.38,0.0000,0.0000,0.00000,0.00000
4.62,17.38,0.0000,0.0000,0.00000,0.00000
4.88,17.38,0.0002,0.0000,0.00000,0.00001
5.12,17.38,0.0022,0.0000,0.00000,0.00012
5.38,17.38,0.0133,0.0000,0.00000,0.00075
5.62,17.38,0.0518,0.0000,0.00000,0.00300
5.88,17.38,0.1422,0.0000,0.00000,0.00832
6.12,17.38,0.3030,0.0000,0.00000,0.01769
6.38,17.38,0.5425,0.0000,0.00000,0.03105
6.62,17.38,0.8478,0.0000,0.00000,0.04655
6.88,17.38,1.1454,0.0000,0.00000,0.05915
7.12,17.38,1.3135,0.0000,0.00000,0.06337
7.38,17.38,1.3158,0.0000,0.00000,0.06034
7.62,17.38,1.2510,0.0000,0.00000,0.05513
7.88,17.38,1.2482,0.0000,0.00000,0.05203
8.12,17.38,1.3371,0.0000,0.00000,0.05094
8.38,17.38,1.4564,0.0000,0.00000,0.04931
8.62,17.38,1.5318,0.0000,0.00000,0.04634
8.88,17.38,1.5411,0.0000,0.00000,0.04221
9.12,17.38,1.4907,0.0000,0.00000,0.03699
9.38,17.38,1.3956,0.0000,0.00000,0.03079
9.62,17.38,1.3020,0.0000,0.00000,0.02508
9.88,17.38,1.2247,0.0000,0.00000,0.02075
10.12,17.38,1.1575,0.0000,0.00000,0.01738
10.38,17.38,1.1076,0.0000,0.00000,0.01465
10.62,17.38,1.0684,0.0000,0.00000,0.01250
10.88,17.38,1.0382,0.0000,0.00000,0.01087
11.12,17.38,1.0238,0.0000,0.00000,0.00965
11.38,17.38,1.0212,0.0000,0.00000,0.00869
11.62,17.38,1.0202,0.0000,0.00000,0.00783
11.88,17.38,1.0205,0.0000,0.00000,0.00715
12.12,17.38,1.0268,0.0000,0.00000,0.00669
12.38,17.38,1.0371,0.0000,0.00000,0.00626
12.62,17.38,1.0473,0.0000,0.00000,0.00588
12.88,17.38,1.0546,0.0000,0.00000,0.00554
13.12,17.38,1.0576,0.0000,0.00000,0.00523
13.38,17.38,1.0630,0.0000,0.00000,0.00498
13.62,17.38,1.0666,0.0000,0.00000,0.00476
13.88,17.38,1.0703,0.0000,0.00000,0.00452
14.12,17.38,1.0789,0.0000,0.00000,0.00428
14.38,17.38,1.0865,0.0000,0.00000,0.00412
14.62,17.38,1.0946,0.0000,0.00000,0.00401
14.88,17.38,1.1003,0.0000,0.00000,0.00387
15.12,17.38,1.0987,0.0000,0.00000,0.00371
15.38,17.38,1.0996,0.0000,0.00000,0.00362
15.62,17.38,1.1037,0.0000,0.00000,0.00353
15.88,17.38,1.1043,0.0000,0.00000,0.00341
16.12,17.38,1.1045,0.0000,0.00000,0.00334
16.38,17.38,1.0966,0.0000,0.00000,0.00338
16.62,17.38,1.0771,0.0000,0.00000,0.00349
16.88,17.38,1.0661,0.0000,0.00000,0.00358
2.62,17.62,0.0000,0.0000,0.00000,0.00000
2.88,17.62,0.0000,0.0000,0.00000,0.00000
3.12,17.62,0.0000,0.0000,0.00000,0.00000
3.38,17.62,0.0000,0.0000,0.00000,0.00000
3.62,17.62,0.0000,0.0000,0.00000,0.00000
3.88,17.62,0.0000,0.0000,0.00000,0.00000
4.12,17.62,0.0000,0.0000,0.00000,0.00000
4.38,17.62,0.0000,0.0000,0.00000,0.00000
4.62,17.62,0.0000,0.0000,0.00000,0.00000
4.88,17.62,0.0000,0.0000,0.00000,0.00000
5.12,17.62,0.0003,0.0000,0.00000,0.00001
5.38,17.62,0.0023,0.0000,0.00000,0.00012
5.62,17.62,0.0116,0.0000,0.00000,0.00061
5.88,17.62,0.0407,0.0000,0.00000,0.00220
6.12,17.62,0.1077,0.0000,0.00000,0.00592
6.38,17.62,0.2292,0.0000,0.00000,0.01259
6.62,17.62,0.4237,0.0000,0.00000,0.02250
6.88,17.62,0.6955,0.0000,0.00000,0.03463
7.12,17.62,0.9912,0.0000,0.00000,0.04573
7.38,17.62,1.2150,0.0000,0.00000,0.05245
7.62,17.62,1.2974,0.0000,0.00000,0.05278
7.88,17.62,1.2628,0.0000,0.00000,0.04828
8.12,17.62,1.2017,0.0000,0.00000,0.04300
8.38,17.62,1.1938,0.0000,0.00000,0.03903
8.62,17.62,1.2578,0.0000,0.00000,0.03708
8.88,17.62,1.3600,0.0000,0.00000,0.03625
9.12,17.62,1.4553,0.0000,0.00000,0.03494
9.38,17.62,1.5069,0.0000,0.00000,0.03199
9.62,17.62,1.5198,0.0000,0.00000,0.02804
9.88,17.62,1.4966,0.0000,0.00000,0.02418
10.12,17.62,1.4388,0.0000,0.00000,0.02056
10.38,17.62,1.3804,0.0000,0.00000,0.01744
10.62,17.62,1.3260,0.0000,0.00000,0.01477
10.88,17.62,1.2674,0.0000,0.00000,0.01256
11.12,17.62,1.2171,0.0000,0.00000,0.01090
11.38,17.62,1.1810,0.0000,0.00000,0.00960
11.62,17.62,1.1520,0.0000,0.00000,0.00846
11.88,17.62,1.1259,0.0000,0.00000,0.00746
12.12,17.62,1.1004,0.0000,0.00000,0.00668
12.38,17.62,1.0771,0.0000,0.00000,0.00606
12.62,17.62,1.0667,0.0000,0.00000,0.00558
12.88,17.62,1.0609,0.0000,0.00000,0.00521
13.12,17.62,1.0425,0.0000,0.00000,0.00487
13.38,17.62,1.0267,0.0000,0.00000,0.00459
13.62,17.62,1.0209,0.0000,0.00000,0.00435
13.88,17.62,1.0193,0.0000,0.00000,0.00412
14.12,17.62,1.0156,0.0000,0.00000,0.00388
14.38,17.62,1.0048,0.0000,0.00000,0.00369
14.62,17.62,0.9983,0.0000,0.00000,0.00356
14.88,17.62,0.9947,0.0000,0.00000,0.00342
15.12,17.62,0.9805,0.0000,0.00000,0.00325
15.38,17.62,0.9703,0.0000,0.00000,0.00312
15.62,17.62,0.9684,0.0000,0.00000,0.00301
15.88,17.62,0.9617,0.0000,0.00000,0.00287
16.12,17.62,0.9556,0.0000,0.00000,0.00277
16.38,17.62,0.9428,0.0000,0.00000,0.00276
16.62,17.62,0.9184,0.0000,0.00000,0.00283
16.88,17.62,0.9025,0.0000,0.00000,0.00290
2.62,17.88,0.0000,0.0000,0.00000,0.00000
2.88,17.88,0.0000,0.0000,0.00000,0.00000
3.12,17.88,0.0000,0.0000,0.00000,0.00000
3.38,17.88,0.0000,0.0000,0.00000,0.00000
3.62,17.88,0.0000,0.0000,0.00000,0.00000
3.88,17.88,0.0000,0.0000,0.00000,0.00000
4.12,17.88,0.0000,0.0000,0.00000,0.00000
4.38,17.88,0.0000,0.0000,0.00000,0.00000
4.62,17.88,0.0000,0.0000,0.00000,0.00000
4.88,17.88,0.0000,0.0000,0.00000,0.00000
5.12,17.88,0.0000,0.0000,0.00000,0.00000
5.38,17.88,0.0003,0.0000,0.00000,0.00001
5.62,17.88,0.0018,0.0000,0.00000,0.00008
5.88,17.88,0.0082,0.0000,0.00000,0.00039
6.12,17.88,0.0274,0.0000,0.00000,0.00138
6.38,17.88,0.0719,0.0000,0.00000,0.00368
6.62,17.88,0.1578,0.0000,0.00000,0.00790
6.88,17.88,0.3030,0.0000,0.00000,0.01450
7.12,17.88,0.5182,0.0000,0.00000,0.02336
7.38,17.88,0.7874,0.0000,0.00000,0.03312
7.62,17.88,1.0434,0.0000,0.00000,0.04031
7.88,17.88,1.2086,0.0000,0.00000,0.04251
8.12,17.88,1.2530,0.0000,0.00000,0.04068
8.38,17.88,1.2114,0.0000,0.00000,0.03610
8.62,17.88,1.1551,0.0000,0.00000,0.03126
8.88,17.88,1.1292,0.0000,0.00000,0.02814
9.12,17.88,1.1426,0.0000,0.00000,0.02622
9.38,17.88,1.1858,0.0000,0.00000,0.02444
9.62,17.88,1.2541,0.0000,0.00000,0.02275
9.88,17.88,1.3216,0.0000,0.00000,0.02115
10.12,17.88,1.3714,0.0000,0.00000,0.01946
10.38,17.88,1.4222,0.0000,0.00000,0.01795
10.62,17.88,1.4625,0.0000,0.00000,0.01638
10.88,17.88,1.4783,0.0000,0.00000,0.01478
11.12,17.88,1.4797,0.0000,0.00000,0.01333
11.38,17.88,1.4748,0.0000,0.00000,0.01193
11.62,17.88,1.4711,0.0000,0.00000,0.01067
11.88,17.88,1.4660,0.0000,0.00000,0.00952
12.12,17.88,1.4481,0.0000,0.00000,0.00849
12.38,17.88,1.4251,0.0000,0.00000,0.00769
12.62,17.88,1.4188,0.0000,0.00000,0.00708
12.88,17.88,1.4140,0.0000,0.00000,0.00661
13.12,17.88,1.3890,0.0000,0.00000,0.00621
13.38,17.88,1.3663,0.0000,0.00000,0.00587
13.62,17.88,1.3585,0.0000,0.00000,0.00558
13.88,17.88,1.3514,0.0000,0.00000,0.00526
14.12,17.88,1.3375,0.0000,0.00000,0.00492
14.38,17.88,1.3155,0.0000,0.00000,0.00465
14.62,17.88,1.2991,0.0000,0.00000,0.00443
14.88,17.88,1.2851,0.0000,0.00000,0.00424
15.12,17.88,1.2656,0.0000,0.00000,0.00406
15.38,17.88,1.2511,0.0000,0.00000,0.00390
15.62,17.88,1.2387,0.0000,0.00000,0.00373
15.88,17.88,1.2246,0.0000,0.00000,0.00355
16.12,17.88,1.2116,0.0000,0.00000,0.00342
16.38,17.88,1.1909,0.0000,0.00000,0.00336
16.62,17.88,1.1659,0.0000,0.00000,0.00343
16.88,17.88,1.1523,0.0000,0.00000,0.00353
2.62,18.12,0.0000,0.0000,0.00000,0.00000
2.88,18.12,0.0000,0.0000,0.00000,0.00000
3.12,18.12,0.0000,0.0000,0.00000,0.00000
3.38,18.12,0.0000,0.0000,0.00000,0.00000
3.62,18.12,0.0000,0.0000,0.00000,0.00000
3.88,18.12,0.0000,0.0000,0.00000,0.00000
4.12,18.12,0.0000,0.0000,0.00000,0.00000
4.38,18.12,0.0000,0.0000,0.00000,0.00000
4.62,18.12,0.0000,0.0000,0.00000,0.00000
4.88,18.12,0.0000,0.0000,0.00000,0.00000
5.12,18.12,0.0000,0.0000,0.00000,0.00000
5.38,18.12,0.0000,0.0000,0.00000,0.00000
5.62,18.12,0.0002,0.0000,0.00000,0.00001
5.88,18.12,0.0011,0.0000,0.00000,0.00005
6.12,18.12,0.0050,0.0000,0.00000,0.00023
6.38,18.12,0.0165,0.0000,0.00000,0.00077
6.62,18.12,0.0435,0.0000,0.00000,0.00198
6.88,18.12,0.0956,0.0000,0.00000,0.00425
7.12,18.12,0.1866,0.0000,0.00000,0.00808
7.38,18.12,0.3351,0.0000,0.00000,0.01378
7.62,18.12,0.5436,0.0000,0.00000,0.02033
7.88,18.12,0.7832,0.0000,0.00000,0.02618
8.12,18.12,1.0013,0.0000,0.00000,0.03042
8.38,18.12,1.1480,0.0000,0.00000,0.03163
8.62,18.12,1.2093,0.0000,0.00000,0.02997
8.88,18.12,1.1949,0.0000,0.00000,0.02694
9.12,18.12,1.1360,0.0000,0.00000,0.02332
9.38,18.12,1.0730,0.0000,0.00000,0.01995
9.62,18.12,1.0375,0.0000,0.00000,0.01751
9.88,18.12,1.0251,0.0000,0.00000,0.01566
10.12,18.12,1.0295,0.0000,0.00000,0.01422
10.38,18.12,1.0563,0.0000,0.00000,0.01322
10.62,18.12,1.0916,0.0000,0.00000,0.01234
10.88,18.12,1.1256,0.0000,0.00000,0.01150
11.12,18.12,1.1569,0.0000,0.00000,0.01068
11.38,18.12,1.1803,0.0000,0.00000,0.00972
11.62,18.12,1.2067,0.0000,0.00000,0.00886
11.88,18.12,1.2339,0.0000,0.00000,0.00810
12.12,18.12,1.2483,0.0000,0.00000,0.00738
12.38,18.12,1.2566,0.0000,0.00000,0.00682
12.62,18.12,1.2722,0.0000,0.00000,0.00638
12.88,18.12,1.2846,0.0000,0.00000,0.00602
13.12,18.12,1.2874,0.0000,0.00000,0.00575
13.38,18.12,1.2926,0.0000,0.00000,0.00551
13.62,18.12,1.3039,0.0000,0.00000,0.00528
13.88,18.12,1.3078,0.0000,0.00000,0.00502
14.12,18.12,1.3076,0.0000,0.00000,0.00476
14.38,18.12,1.3063,0.0000,0.00000,0.00456
14.62,18.12,1.3049,0.0000,0.00000,0.00438
14.88,18.12,1.3018,0.0000,0.00000,0.00422
15.12,18.12,1.2996,0.0000,0.00000,0.00409
15.38,18.12,1.2984,0.0000,0.00000,0.00397
15.62,18.12,1.2944,0.0000,0.00000,0.00385
15.88,18.12,1.2931,0.0000,0.00000,0.00376
16.12,18.12,1.2870,0.0000,0.00000,0.00368
16.38,18.12,1.2707,0.0000,0.00000,0.00365
16.62,18.12,1.2580,0.0000,0.00000,0.00372
16.88,18.12,1.2550,0.0000,0.00000,0.00384
2.62,18.38,0.0000,0.0000,0.00000,0.00000
2.88,18.38,0.0000,0.0000,0.00000,0.00000
3.12,18.38,0.0000,0.0000,0.00000,0.00000
3.38,18.38,0.0000,0.0000,0.00000,0.00000
3.62,18.38,0.0000,0.0000,0.00000,0.00000
3.88,18.38,0.0000,0.0000,0.00000,0.00000
4.12,18.38,0.0000,0.0000,0.00000,0.00000
4.38,18.38,0.0000,0.0000,0.00000,0.00000
4.62,18.38,0.0000,0.0000,0.00000,0.00000
4.88,18.38,0.0000,0.0000,0.00000,0.00000
5.12,18.38,0.0000,0.0000,0.00000,0.00000
5.38,18.38,0.0000,0.0000,0.00000,0.00000
5.62,18.38,0.0000,0.0000,0.00000,0.00000
5.88,18.38,0.0001,0.0000,0.00000,0.00000
6.12,18.38,0.0006,0.0000,0.00000,0.00003
6.38,18.38,0.0025,0.0000,0.00000,0.00011
6.62,18.38,0.0082,0.0000,0.00000,0.00033
6.88,18.38,0.0213,0.0000,0.00000,0.00085
7.12,18.38,0.0469,0.0000,0.00000,0.00188
7.38,18.38,0.0951,0.0000,0.00000,0.00376
7.62,18.38,0.1810,0.0000,0.00000,0.00658
7.88,18.38,0.3163,0.0000,0.00000,0.01027
8.12,18.38,0.4969,0.0000,0.00000,0.01461
8.38,18.38,0.6993,0.0000,0.00000,0.01855
8.62,18.38,0.8930,0.0000,0.00000,0.02119
8.88,18.38,1.0468,0.0000,0.00000,0.02222
9.12,18.38,1.1401,0.0000,0.00000,0.02150
9.38,18.38,1.1694,0.0000,0.00000,0.01965
9.62,18.38,1.1531,0.0000,0.00000,0.01752
9.88,18.38,1.1114,0.0000,0.00000,0.01524
10.12,18.38,1.0629,0.0000,0.00000,0.01315
10.38,18.38,1.0169,0.0000,0.00000,0.01131
10.62,18.38,0.9741,0.0000,0.00000,0.00973
10.88,18.38,0.9398,0.0000,0.00000,0.00857
11.12,18.38,0.9183,0.0000,0.00000,0.00769
11.38,18.38,0.9004,0.0000,0.00000,0.00682
11.62,18.38,0.8899,0.0000,0.00000,0.00611
11.88,18.38,0.8887,0.0000,0.00000,0.00560
12.12,18.38,0.8891,0.0000,0.00000,0.00517
12.38,18.38,0.8893,0.0000,0.00000,0.00478
12.62,18.38,0.8909,0.0000,0.00000,0.00442
12.88,18.38,0.8941,0.0000,0.00000,0.00416
13.12,18.38,0.9035,0.0000,0.00000,0.00401
13.38,18.38,0.9176,0.0000,0.00000,0.00384
13.62,18.38,0.9331,0.0000,0.00000,0.00368
13.88,18.38,0.9413,0.0000,0.00000,0.00354
14.12,18.38,0.9474,0.0000,0.00000,0.00340
14.38,18.38,0.9578,0.0000,0.00000,0.00331
14.62,18.38,0.9671,0.0000,0.00000,0.00323
14.88,18.38,0.9742,0.0000,0.00000,0.00313
15.12,18.38,0.9837,0.0000,0.00000,0.00306
15.38,18.38,0.9923,0.0000,0.00000,0.00301
15.62,18.38,1.0015,0.0000,0.00000,0.00296
15.88,18.38,1.0112,0.0000,0.00000,0.00295
16.12,18.38,1.0081,0.0000,0.00000,0.00293
16.38,18.38,0.9980,0.0000,0.00000,0.00293
16.62,18.38,0.9973,0.0000,0.00000,0.00299
16.88,18.38,0.9990,0.0000,0.00000,0.00306
2.62,18.62,0.0000,0.0000,0.00000,0.00000
2.88,18.62,0.0000,0.0000,0.00000,0.00000
3.12,18.62,0.0000,0.0000,0.00000,0.00000
3.38,18.62,0.0000,0.0000,0.00000,0.00000
3.62,18.62,0.0000,0.0000,0.00000,0.00000
3.88,18.62,0.0000,0.0000,0.00000,0.00000
4.12,18.62,0.0000,0.0000,0.00000,0.00000
4.38,18.62,0.0000,0.0000,0.00000,0.00000
4.62,18.62,0.0000,0.0000,0.00000,0.00000
4.88,18.62,0.0000,0.0000,0.00000,0.00000
5.12,18.62,0.0000,0.0000,0.00000,0.00000
5.38,18.62,0.0000,0.0000,0.00000,0.00000
5.62,18.62,0.0000,0.0000,0.00000,0.00000
5.88,18.62,0.0000,0.0000,0.00000,0.00000
6.12,18.62,0.0000,0.0000,0.00000,0.00000
6.38,18.62,0.0002,0.0000,0.00000,0.00001
6.62,18.62,0.0010,0.0000,0.00000,0.00003
6.88,18.62,0.0031,0.0000,0.00000,0.00011
7.12,18.62,0.0080,0.0000,0.00000,0.00029
7.38,18.62,0.0187,0.0000,0.00000,0.00068
7.62,18.62,0.0410,0.0000,0.00000,0.00140
7.88,18.62,0.0823,0.0000,0.00000,0.00259
8.12,18.62,0.1503,0.0000,0.00000,0.00434
8.38,18.62,0.2520,0.0000,0.00000,0.00653
8.62,18.62,0.3886,0.0000,0.00000,0.00895
8.88,18.62,0.5483,0.0000,0.00000,0.01128
9.12,18.62,0.7106,0.0000,0.00000,0.01296
9.38,18.62,0.8565,0.0000,0.00000,0.01378
9.62,18.62,0.9766,0.0000,0.00000,0.01408
9.88,18.62,1.0650,0.0000,0.00000,0.01380
10.12,18.62,1.1198,0.0000,0.00000,0.01292
10.38,18.62,1.1411,0.0000,0.00000,0.01150
10.62,18.62,1.1349,0.0000,0.00000,0.00998
10.88,18.62,1.1119,0.0000,0.00000,0.00880
11.12,18.62,1.0915,0.0000,0.00000,0.00792
11.38,18.62,1.0670,0.0000,0.00000,0.00703
11.62,18.62,1.0349,0.0000,0.00000,0.00622
11.88,18.62,1.0098,0.0000,0.00000,0.00567
12.12,18.62,0.9899,0.0000,0.00000,0.00525
12.38,18.62,0.9670,0.0000,0.00000,0.00477
12.62,18.62,0.9416,0.0000,0.00000,0.00432
12.88,18.62,0.9173,0.0000,0.00000,0.00398
13.12,18.62,0.9028,0.0000,0.00000,0.00373
13.38,18.62,0.8957,0.0000,0.00000,0.00348
13.62,18.62,0.8882,0.0000,0.00000,0.00326
13.88,18.62,0.8782,0.0000,0.00000,0.00310
14.12,18.62,0.8664,0.0000,0.00000,0.00295
14.38,18.62,0.8577,0.0000,0.00000,0.00282
14.62,18.62,0.8533,0.0000,0.00000,0.00273
14.88,18.62,0.8486,0.0000,0.00000,0.00266
15.12,18.62,0.8452,0.0000,0.00000,0.00260
15.38,18.62,0.8439,0.0000,0.00000,0.00255
15.62,18.62,0.8415,0.0000,0.00000,0.00249
15.88,18.62,0.8384,0.0000,0.00000,0.00243
16.12,18.62,0.8274,0.0000,0.00000,0.00237
16.38,18.62,0.8151,0.0000,0.00000,0.00235
16.62,18.62,0.8137,0.0000,0.00000,0.00237
16.88,18.62,0.8109,0.0000,0.00000,0.00239
2.62,18.88,0.0000,0.0000,0.00000,0.00000
2.88,18.88,0.0000,0.0000,0.00000,0.00000
3.12,18.88,0.0000,0.0000,0.00000,0.00000
3.38,18.88,0.0000,0.0000,0.00000,0.00000
3.62,18.88,0.0000,0.0000,0.00000,0.00000
3.88,18.88,0.0000,0.0000,0.00000,0.00000
4.12,18.88,0.0000,0.0000,0.00000,0.00000
4.38,18.88,0.0000,0.0000,0.00000,0.00000
4.62,18.88,0.0000,0.0000,0.00000,0.00000
4.88,18.88,0.0000,0.0000,0.00000,0.00000
5.12,18.88,0.0000,0.0000,0.00000,0.00000
5.38,18.88,0.0000,0.0000,0.00000,0.00000
5.62,18.88,0.0000,0.0000,0.00000,0.00000
5.88,18.88,0.0000,0.0000,0.00000,0.00000
6.12,18.88,0.0000,0.0000,0.00000,0.00000
6.38,18.88,0.0000,0.0000,0.00000,0.00000
6.62,18.88,0.0001,0.0000,0.00000,0.00000
6.88,18.88,0.0003,0.0000,0.00000,0.00001
7.12,18.88,0.0009,0.0000,0.00000,0.00003
7.38,18.88,0.0026,0.0000,0.00000,0.00008
7.62,18.88,0.0067,0.0000,0.00000,0.00020
7.88,18.88,0.0148,0.0000,0.00000,0.00043
8.12,18.88,0.0294,0.0000,0.00000,0.00082
8.38,18.88,0.0555,0.0000,0.00000,0.00137
8.62,18.88,0.0989,0.0000,0.00000,0.00218
8.88,18.88,0.1624,0.0000,0.00000,0.00325
9.12,18.88,0.2469,0.0000,0.00000,0.00443
9.38,18.88,0.3510,0.0000,0.00000,0.00553
9.62,18.88,0.4698,0.0000,0.00000,0.00661
9.88,18.88,0.5921,0.0000,0.00000,0.00753
10.12,18.88,0.7028,0.0000,0.00000,0.00793
10.38,18.88,0.7980,0.0000,0.00000,0.00778
10.62,18.88,0.8819,0.0000,0.00000,0.00748
10.88,18.88,0.9493,0.0000,0.00000,0.00726
11.12,18.88,1.0112,0.0000,0.00000,0.00709
11.38,18.88,1.0611,0.0000,0.00000,0.00679
11.62,18.88,1.0910,0.0000,0.00000,0.00639
11.88,18.88,1.1142,0.0000,0.00000,0.00608
12.12,18.88,1.1311,0.0000,0.00000,0.00577
12.38,18.88,1.1385,0.0000,0.00000,0.00541
12.62,18.88,1.1359,0.0000,0.00000,0.00507
12.88,18.88,1.1238,0.0000,0.00000,0.00476
13.12,18.88,1.1167,0.0000,0.00000,0.00448
13.38,18.88,1.1158,0.0000,0.00000,0.00420
13.62,18.88,1.1093,0.0000,0.00000,0.00393
13.88,18.88,1.1007,0.0000,0.00000,0.00373
14.12,18.88,1.0866,0.0000,0.00000,0.00354
14.38,18.88,1.0709,0.0000,0.00000,0.00333
14.62,18.88,1.0630,0.0000,0.00000,0.00322
14.88,18.88,1.0528,0.0000,0.00000,0.00318
15.12,18.88,1.0411,0.0000,0.00000,0.00313
15.38,18.88,1.0325,0.0000,0.00000,0.00308
15.62,18.88,1.0166,0.0000,0.00000,0.00300
15.88,18.88,1.0034,0.0000,0.00000,0.00291
16.12,18.88,0.9867,0.0000,0.00000,0.00279
16.38,18.88,0.9678,0.0000,0.00000,0.00271
16.62,18.88,0.9593,0.0000,0.00000,0.00269
16.88,18.88,0.9500,0.0000,0.00000,0.00268
2.62,19.12,0.0000,0.0000,0.00000,0.00000
2.88,19.12,0.0000,0.0000,0.00000,0.00000
3.12,19.12,0.0000,0.0000,0.00000,0.00000
3.38,19.12,0.0000,0.0000,0.00000,0.00000
3.62,19.12,0.0000,0.0000,0.00000,0.00000
3.88,19.12,0.0000,0.0000,0.00000,0.00000
4.12,19.12,0.0000,0.0000,0.00000,0.00000
4.38,19.12,0.0000,0.0000,0.00000,0.00000
4.62,19.12,0.0000,0.0000,0.00000,0.00000
4.88,19.12,0.0000,0.0000,0.00000,0.00000
5.12,19.12,0.0000,0.0000,0.00000,0.00000
5.38,19.12,0.0000,0.0000,0.00000,0.00000
5.62,19.12,0.0000,0.0000,0.00000,0.00000
5.88,19.12,0.0000,0.0000,0.00000,0.00000
6.12,19.12,0.0000,0.0000,0.00000,0.00000
6.38,19.12,0.0000,0.0000,0.00000,0.00000
6.62,19.12,0.0000,0.0000,0.00000,0.00000
6.88,19.12,0.0000,0.0000,0.00000,0.00000
7.12,19.12,0.0001,0.0000,0.00000,0.00000
7.38,19.12,0.0003,0.0000,0.00000,0.00001
7.62,19.12,0.0007,0.0000,0.00000,0.00002
7.88,19.12,0.0018,0.0000,0.00000,0.00005
8.12,19.12,0.0038,0.0000,0.00000,0.00009
8.38,19.12,0.0079,0.0000,0.00000,0.00017
8.62,19.12,0.0157,0.0000,0.00000,0.00031
8.88,19.12,0.0291,0.0000,0.00000,0.00055
9.12,19.12,0.0505,0.0000,0.00000,0.00088
9.38,19.12,0.0814,0.0000,0.00000,0.00126
9.62,19.12,0.1238,0.0000,0.00000,0.00173
9.88,19.12,0.1780,0.0000,0.00000,0.00225
10.12,19.12,0.2383,0.0000,0.00000,0.00266
10.38,19.12,0.3041,0.0000,0.00000,0.00294
10.62,19.12,0.3772,0.0000,0.00000,0.00322
10.88,19.12,0.4501,0.0000,0.00000,0.00349
11.12,19.12,0.5234,0.0000,0.00000,0.00374
11.38,19.12,0.5929,0.0000,0.00000,0.00391
11.62,19.12,0.6541,0.0000,0.00000,0.00398
11.88,19.12,0.7103,0.0000,0.00000,0.00403
12.12,19.12,0.7602,0.0000,0.00000,0.00399
12.38,19.12,0.8063,0.0000,0.00000,0.00391
12.62,19.12,0.8443,0.0000,0.00000,0.00389
12.88,19.12,0.8707,0.0000,0.00000,0.00380
13.12,19.12,0.9009,0.0000,0.00000,0.00368
13.38,19.12,0.9360,0.0000,0.00000,0.00358
13.62,19.12,0.9642,0.0000,0.00000,0.00347
13.88,19.12,0.9899,0.0000,0.00000,0.00337
14.12,19.12,1.0079,0.0000,0.00000,0.00325
14.38,19.12,1.0204,0.0000,0.00000,0.00313
14.62,19.12,1.0365,0.0000,0.00000,0.00312
14.88,19.12,1.0482,0.0000,0.00000,0.00314
15.12,19.12,1.0582,0.0000,0.00000,0.00316
15.38,19.12,1.0695,0.0000,0.00000,0.00318
15.62,19.12,1.0744,0.0000,0.00000,0.00317
15.88,19.12,1.0829,0.0000,0.00000,0.00314
16.12,19.12,1.0823,0.0000,0.00000,0.00306
16.38,19.12,1.0749,0.0000,0.00000,0.00300
16.62,19.12,1.0728,0.0000,0.00000,0.00298
16.88,19.12,1.0660,0.0000,0.00000,0.00297
2.62,19.38,0.0000,0.0000,0.00000,0.00000
2.88,19.38,0.0000,0.0000,0.00000,0.00000
3.12,19.38,0.0000,0.0000,0.00000,0.00000
3.38,19.38,0.0000,0.0000,0.00000,0.00000
3.62,19.38,0.0000,0.0000,0.00000,0.00000
3.88,19.38,0.0000,0.0000,0.00000,0.00000
4.12,19.38,0.0000,0.0000,0.00000,0.00000
4.38,19.38,0.0000,0.0000,0.00000,0.00000
4.62,19.38,0.0000,0.0000,0.00000,0.00000
4.88,19.38,0.0000,0.0000,0.00000,0.00000
5.12,19.38,0.0000,0.0000,0.00000,0.00000
5.38,19.38,0.0000,0.0000,0.00000,0.00000
5.62,19.38,0.0000,0.0000,0.00000,0.00000
5.88,19.38,0.0000,0.0000,0.00000,0.00000
6.12,19.38,0.0000,0.0000,0.00000,0.00000
6.38,19.38,0.0000,0.0000,0.00000,0.00000
6.62,19.38,0.0000,0.0000,0.00000,0.00000
6.88,19.38,0.0000,0.0000,0.00000,0.00000
7.12,19.38,0.0000,0.0000,0.00000,0.00000
7.38,19.38,0.0000,0.0000,0.00000,0.00000
7.62,19.38,0.0000,0.0000,0.00000,0.00000
7.88,19.38,0.0001,0.0000,0.00000,0.00000
8.12,19.38,0.0003,0.0000,0.00000,0.00001
8.38,19.38,0.0007,0.0000,0.00000,0.00001
8.62,19.38,0.0016,0.0000,0.00000,0.00003
8.88,19.38,0.0035,0.0000,0.00000,0.00006
9.12,19.38,0.0069,0.0000,0.00000,0.00011
9.38,19.38,0.0120,0.0000,0.00000,0.00019
9.62,19.38,0.0198,0.0000,0.00000,0.00027
9.88,19.38,0.0315,0.0000,0.00000,0.00039
10.12,19.38,0.0469,0.0000,0.00000,0.00051
10.38,19.38,0.0659,0.0000,0.00000,0.00064
10.62,19.38,0.0888,0.0000,0.00000,0.00078
10.88,19.38,0.1152,0.0000,0.00000,0.00092
11.12,19.38,0.1453,0.0000,0.00000,0.00108
11.38,19.38,0.1771,0.0000,0.00000,0.00123
11.62,19.38,0.2105,0.0000,0.00000,0.00137
11.88,19.38,0.2447,0.0000,0.00000,0.00149
12.12,19.38,0.2794,0.0000,0.00000,0.00155
12.38,19.38,0.3162,0.0000,0.00000,0.00160
12.62,19.38,0.3505,0.0000,0.00000,0.00168
12.88,19.38,0.3808,0.0000,0.00000,0.00172
13.12,19.38,0.4153,0.0000,0.00000,0.00174
13.38,19.38,0.4526,0.0000,0.00000,0.00178
13.62,19.38,0.4865,0.0000,0.00000,0.00180
13.88,19.38,0.5210,0.0000,0.00000,0.00180
14.12,19.38,0.5530,0.0000,0.00000,0.00179
14.38,19.38,0.5791,0.0000,0.00000,0.00179
14.62,19.38,0.6049,0.0000,0.00000,0.00183
14.88,19.38,0.6300,0.0000,0.00000,0.00190
15.12,19.38,0.6570,0.0000,0.00000,0.00197
15.38,19.38,0.6841,0.0000,0.00000,0.00204
15.62,19.38,0.7086,0.0000,0.00000,0.00208
15.88,19.38,0.7360,0.0000,0.00000,0.00211
16.12,19.38,0.7554,0.0000,0.00000,0.00212
16.38,19.38,0.7673,0.0000,0.00000,0.00214
16.62,19.38,0.7797,0.0000,0.00000,0.00217
16.88,19.38,0.7858,0.0000,0.00000,0.00219
2.62,19.62,0.0000,0.0000,0.00000,0.00000
2.88,19.62,0.0000,0.0000,0.00000,0.00000
3.12,19.62,0.0000,0.0000,0.00000,0.00000
3.38,19.62,0.0000,0.0000,0.00000,0.00000
3.62,19.62,0.0000,0.0000,0.00000,0.00000
3.88,19.62,0.0000,0.0000,0.00000,0.00000
4.12,19.62,0.0000,0.0000,0.00000,0.00000
4.38,19.62,0.0000,0.0000,0.00000,0.00000
4.62,19.62,0.0000,0.0000,0.00000,0.00000
4.88,19.62,0.0000,0.0000,0.00000,0.00000
5.12,19.62,0.0000,0.0000,0.00000,0.00000
5.38,19.62,0.0000,0.0000,0.00000,0.00000
5.62,19.62,0.0000,0.0000,0.00000,0.00000
5.88,19.62,0.0000,0.0000,0.00000,0.00000
6.12,19.62,0.0000,0.0000,0.00000,0.00000
6.38,19.62,0.0000,0.0000,0.00000,0.00000
6.62,19.62,0.0000,0.0000,0.00000,0.00000
6.88,19.62,0.0000,0.0000,0.00000,0.00000
7.12,19.62,0.0000,0.0000,0.00000,0.00000
7.38,19.62,0.0000,0.0000,0.00000,0.00000
7.62,19.62,0.0000,0.0000,0.00000,0.00000
7.88,19.62,0.0000,0.0000,0.00000,0.00000
8.12,19.62,0.0000,0.0000,0.00000,0.00000
8.38,19.62,0.0000,0.0000,0.00000,0.00000
8.62,19.62,0.0001,0.0000,0.00000,0.00000
8.88,19.62,0.0003,0.0000,0.00000,0.00000
9.12,19.62,0.0007,0.0000,0.00000,0.00001
9.38,19.62,0.0013,0.0000,0.00000,0.00002
9.62,19.62,0.0022,0.0000,0.00000,0.00003
9.88,19.62,0.0038,0.0000,0.00000,0.00004
10.12,19.62,0.0061,0.0000,0.00000,0.00006
10.38,19.62,0.0091,0.0000,0.00000,0.00008
10.62,19.62,0.0125,0.0000,0.00000,0.00011
10.88,19.62,0.0172,0.0000,0.00000,0.00014
11.12,19.62,0.0235,0.0000,0.00000,0.00018
11.38,19.62,0.0310,0.0000,0.00000,0.00022
11.62,19.62,0.0399,0.0000,0.00000,0.00026
11.88,19.62,0.0496,0.0000,0.00000,0.00031
12.12,19.62,0.0606,0.0000,0.00000,0.00034
12.38,19.62,0.0733,0.0000,0.00000,0.00037
12.62,19.62,0.0858,0.0000,0.00000,0.00041
12.88,19.62,0.0982,0.0000,0.00000,0.00044
13.12,19.62,0.1128,0.0000,0.00000,0.00047
13.38,19.62,0.1283,0.0000,0.00000,0.00050
13.62,19.62,0.1435,0.0000,0.00000,0.00053
13.88,19.62,0.1606,0.0000,0.00000,0.00055
14.12,19.62,0.1787,0.0000,0.00000,0.00058
14.38,19.62,0.1939,0.0000,0.00000,0.00060
14.62,19.62,0.2081,0.0000,0.00000,0.00063
14.88,19.62,0.2243,0.0000,0.00000,0.00068
15.12,19.62,0.2433,0.0000,0.00000,0.00074
15.38,19.62,0.2620,0.0000,0.00000,0.00078
15.62,19.62,0.2815,0.0000,0.00000,0.00081
15.88,19.62,0.3029,0.0000,0.00000,0.00085
16.12,19.62,0.3196,0.0000,0.00000,0.00088
16.38,19.62,0.3333,0.0000,0.00000,0.00092
16.62,19.62,0.3473,0.0000,0.00000,0.00095
16.88,19.62,0.3572,0.0000,0.00000,0.00098
2.62,19.88,0.0000,0.0000,0.00000,0.00000
2.88,19.88,0.0000,0.0000,0.00000,0.00000
3.12,19.88,0.0000,0.0000,0.00000,0.00000
3.38,19.88,0.0000,0.0000,0.00000,0.00000
3.62,19.88,0.0000,0.0000,0.00000,0.00000
3.88,19.88,0.0000,0.0000,0.00000,0.00000
4.12,19.88,0.0000,0.0000,0.00000,0.00000
4.38,19.88,0.0000,0.0000,0.00000,0.00000
4.62,19.88,0.0000,0.0000,0.00000,0.00000
4.88,19.88,0.0000,0.0000,0.00000,0.00000
5.12,19.88,0.0000,0.0000,0.00000,0.00000
5.38,19.88,0.0000,0.0000,0.00000,0.00000
5.62,19.88,0.0000,0.0000,0.00000,0.00000
5.88,19.88,0.0000,0.0000,0.00000,0.00000
6.12,19.88,0.0000,0.0000,0.00000,0.00000
6.38,19.88,0.0000,0.0000,0.00000,0.00000
6.62,19.88,0.0000,0.0000,0.00000,0.00000
6.88,19.88,0.0000,0.0000,0.00000,0.00000
7.12,19.88,0.0000,0.0000,0.00000,0.00000
7.38,19.88,0.0000,0.0000,0.00000,0.00000
7.62,19.88,0.0000,0.0000,0.00000,0.00000
7.88,19.88,0.0000,0.0000,0.00000,0.00000
8.12,19.88,0.0000,0.0000,0.00000,0.00000
8.38,19.88,0.0000,0.0000,0.00000,0.00000
8.62,19.88,0.0000,0.0000,0.00000,0.00000
8.88,19.88,0.0000,0.0000,0.00000,0.00000
9.12,19.88,0.0000,0.0000,0.00000,0.00000
9.38,19.88,0.0001,0.0000,0.00000,0.00000
9.62,19.88,0.0002,0.0000,0.00000,0.00000
9.88,19.88,0.0003,0.0000,0.00000,0.00000
10.12,19.88,0.0006,0.0000,0.00000,0.00000
10.38,19.88,0.0009,0.0000,0.00000,0.00001
10.62,19.88,0.0012,0.0000,0.00000,0.00001
10.88,19.88,0.0016,0.0000,0.00000,0.00001
11.12,19.88,0.0024,0.0000,0.00000,0.00002
11.38,19.88,0.0035,0.0000,0.00000,0.00002
11.62,19.88,0.0050,0.0000,0.00000,0.00003
11.88,19.88,0.0066,0.0000,0.00000,0.00004
12.12,19.88,0.0084,0.0000,0.00000,0.00004
12.38,19.88,0.0108,0.0000,0.00000,0.00005
12.62,19.88,0.0135,0.0000,0.00000,0.00006
12.88,19.88,0.0160,0.0000,0.00000,0.00007
13.12,19.88,0.0190,0.0000,0.00000,0.00007
13.38,19.88,0.0223,0.0000,0.00000,0.00008
13.62,19.88,0.0260,0.0000,0.00000,0.00009
13.88,19.88,0.0305,0.0000,0.00000,0.00010
14.12,19.88,0.0357,0.0000,0.00000,0.00011
14.38,19.88,0.0402,0.0000,0.00000,0.00012
14.62,19.88,0.0443,0.0000,0.00000,0.00013
14.88,19.88,0.0498,0.0000,0.00000,0.00015
15.12,19.88,0.0564,0.0000,0.00000,0.00017
15.38,19.88,0.0625,0.0000,0.00000,0.00018
15.62,19.88,0.0701,0.0000,0.00000,0.00019
15.88,19.88,0.0785,0.0000,0.00000,0.00021
16.12,19.88,0.0844,0.0000,0.00000,0.00023
16.38,19.88,0.0901,0.0000,0.00000,0.00024
16.62,19.88,0.0965,0.0000,0.00000,0.00025
16.88,19.88,0.1011,0.0000,0.00000,0.00026
2.62,20.12,0.0000,0.0000,0.00000,0.00000
2.88,20.12,0.0000,0.0000,0.00000,0.00000
3.12,20.12,0.0000,0.0000,0.00000,0.00000
3.38,20.12,0.0000,0.0000,0.00000,0.00000
3.62,20.12,0.0000,0.0000,0.00000,0.00000
3.88,20.12,0.0000,0.0000,0.00000,0.00000
4.12,20.12,0.0000,0.0000,0.00000,0.00000
4.38,20.12,0.0000,0.0000,0.00000,0.00000
4.62,20.12,0.0000,0.0000,0.00000,0.00000
4.88,20.12,0.0000,0.0000,0.00000,0.00000
5.12,20.12,0.0000,0.0000,0.00000,0.00000
5.38,20.12,0.0000,0.0000,0.00000,0.00000
5.62,20.12,0.0000,0.0000,0.00000,0.00000
5.88,20.12,0.0000,0.0000,0.00000,0.00000
6.12,20.12,0.0000,0.0000,0.00000,0.00000
6.38,20.12,0.0000,0.0000,0.00000,0.00000
6.62,20.12,0.0000,0.0000,0.00000,0.00000
6.88,20.12,0.0000,0.0000,0.00000,0.00000
7.12,20.12,0.0000,0.0000,0.00000,0.00000
7.38,20.12,0.0000,0.0000,0.00000,0.00000
7.62,20.12,0.0000,0.0000,0.00000,0.00000
7.88,20.12,0.0000,0.0000,0.00000,0.00000
8.12,20.12,0.0000,0.0000,0.00000,0.00000
8.38,20.12,0.0000,0.0000,0.00000,0.00000
8.62,20.12,0.0000,0.0000,0.00000,0.00000
8.88,20.12,0.0000,0.0000,0.00000,0.00000
9.12,20.12,0.0000,0.0000,0.00000,0.00000
9.38,20.12,0.0000,0.0000,0.00000,0.00000
9.62,20.12,0.0000,0.0000,0.00000,0.00000
9.88,20.12,0.0000,0.0000,0.00000,0.00000
10.12,20.12,0.0000,0.0000,0.00000,0.00000
10.38,20.12,0.0001,0.0000,0.00000,0.00000
10.62,20.12,0.0001,0.0000,0.00000,0.00000
10.88,20.12,0.0001,0.0000,0.00000,0.00000
11.12,20.12,0.0001,0.0000,0.00000,0.00000
11.38,20.12,0.0003,0.0000,0.00000,0.00000
11.62,20.12,0.0004,0.0000,0.00000,0.00000
11.88,20.12,0.0006,0.0000,0.00000,0.00000
12.12,20.12,0.0008,0.0000,0.00000,0.00000
12.38,20.12,0.0011,0.0000,0.00000,0.00000
12.62,20.12,0.0014,0.0000,0.00000,0.00001
12.88,20.12,0.0017,0.0000,0.00000,0.00001
13.12,20.12,0.0021,0.0000,0.00000,0.00001
13.38,20.12,0.0025,0.0000,0.00000,0.00001
13.62,20.12,0.0030,0.0000,0.00000,0.00001
13.88,20.12,0.0037,0.0000,0.00000,0.00001
14.12,20.12,0.0045,0.0000,0.00000,0.00001
14.38,20.12,0.0052,0.0000,0.00000,0.00001
14.62,20.12,0.0059,0.0000,0.00000,0.00002
14.88,20.12,0.0071,0.0000,0.00000,0.00002
15.12,20.12,0.0085,0.0000,0.00000,0.00002
15.38,20.12,0.0095,0.0000,0.00000,0.00003
15.62,20.12,0.0111,0.0000,0.00000,0.00003
15.88,20.12,0.0129,0.0000,0.00000,0.00003
16.12,20.12,0.0140,0.0000,0.00000,0.00004
16.38,20.12,0.0153,0.0000,0.00000,0.00004
16.62,20.12,0.0168,0.0000,0.00000,0.00004
16.88,20.12,0.0178,0.0000,0.00000,0.00004
2.62,20.38,0.0000,0.0000,0.00000,0.00000
2.88,20.38,0.0000,0.0000,0.00000,0.00000
3.12,20.38,0.0000,0.0000,0.00000,0.00000
3.38,20.38,0.0000,0.0000,0.00000,0.00000
3.62,20.38,0.0000,0.0000,0.00000,0.00000
3.88,20.38,0.0000,0.0000,0.00000,0.00000
4.12,20.38,0.0000,0.0000,0.00000,0.00000
4.38,20.38,0.0000,0.0000,0.00000,0.00000
4.62,20.38,0.0000,0.0000,0.00000,0.00000
4.88,20.38,0.0000,0.0000,0.00000,0.00000
5.12,20.38,0.0000,0.0000,0.00000,0.00000
5.38,20.38,0.0000,0.0000,0.00000,0.00000
5.62,20.38,0.0000,0.0000,0.00000,0.00000
5.88,20.38,0.0000,0.0000,0.00000,0.00000
6.12,20.38,0.0000,0.0000,0.00000,0.00000
6.38,20.38,0.0000,0.0000,0.00000,0.00000
6.62,20.38,0.0000,0.0000,0.00000,0.00000
6.88,20.38,0.0000,0.0000,0.00000,0.00000
7.12,20.38,0.0000,0.0000,0.00000,0.00000
7.38,20.38,0.0000,0.0000,0.00000,0.00000
7.62,20.38,0.0000,0.0000,0.00000,0.00000
7.88,20.38,0.0000,0.0000,0.00000,0.00000
8.12,20.38,0.0000,0.0000,0.00000,0.00000
8.38,20.38,0.0000,0.0000,0.00000,0.00000
8.62,20.38,0.0000,0.0000,0.00000,0.00000
8.88,20.38,0.0000,0.0000,0.00000,0.00000
9.12,20.38,0.0000,0.0000,0.00000,0.00000
9.38,20.38,0.0000,0.0000,0.00000,0.00000
9.62,20.38,0.0000,0.0000,0.00000,0.00000
9.88,20.38,0.0000,0.0000,0.00000,0.00000
10.12,20.38,0.0000,0.0000,0.00000,0.00000
10.38,20.38,0.0000,0.0000,0.00000,0.00000
10.62,20.38,0.0000,0.0000,0.00000,0.00000
10.88,20.38,0.0000,0.0000,0.00000,0.00000
11.12,20.38,0.0000,0.0000,0.00000,0.00000
11.38,20.38,0.0000,0.0000,0.00000,0.00000
11.62,20.38,0.0000,0.0000,0.00000,0.00000
11.88,20.38,0.0000,0.0000,0.00000,0.00000
12.12,20.38,0.0001,0.0000,0.00000,0.00000
12.38,20.38,0.0001,0.0000,0.00000,0.00000
12.62,20.38,0.0001,0.0000,0.00000,0.00000
12.88,20.38,0.0001,0.0000,0.00000,0.00000
13.12,20.38,0.0002,0.0000,0.00000,0.00000
13.38,20.38,0.0002,0.0000,0.00000,0.00000
13.62,20.38,0.0002,0.0000,0.00000,0.00000
13.88,20.38,0.0003,0.0000,0.00000,0.00000
14.12,20.38,0.0004,0.0000,0.00000,0.00000
14.38,20.38,0.0004,0.0000,0.00000,0.00000
14.62,20.38,0.0005,0.0000,0.00000,0.00000
14.88,20.38,0.0007,0.0000,0.00000,0.00000
15.12,20.38,0.0009,0.0000,0.00000,0.00000
15.38,20.38,0.0010,0.0000,0.00000,0.00000
15.62,20.38,0.0012,0.0000,0.00000,0.00000
15.88,20.38,0.0015,0.0000,0.00000,0.00000
16.12,20.38,0.0016,0.0000,0.00000,0.00000
16.38,20.38,0.0018,0.0000,0.00000,0.00000
16.62,20.38,0.0021,0.0000,0.00000,0.00000
16.88,20.38,0.0022,0.0000,0.00000,0.00001
