x,y,rho,contact,casualty,pressure
2.62,0.12,0.2576,0.0000,0.00000,0.13038
2.88,0.12,0.4642,0.0000,0.00000,0.22606
3.12,0.12,0.5815,0.0000,0.00000,0.26371
3.38,0.12,0.5443,0.0000,0.00000,0.23175
3.62,0.12,0.5375,0.0000,0.00000,0.23694
3.88,0.12,0.6043,0.0000,0.00000,0.27115
4.12,0.12,0.6110,0.0000,0.00000,0.26448
4.38,0.12,0.5747,0.0000,0.00000,0.24620
4.62,0.12,0.5846,0.0000,0.00000,0.25257
4.88,0.12,0.6069,0.0000,0.00000,0.25806
5.12,0.12,0.5919,0.0000,0.00000,0.24985
5.38,0.12,0.5731,0.0000,0.00000,0.24881
5.62,0.12,0.5925,0.0000,0.00000,0.26614
5.88,0.12,0.6031,0.0001,0.00000,0.27727
6.12,0.12,0.6107,0.0005,0.00000,0.29171
6.38,0.12,0.6357,0.0013,0.00000,0.31848
6.62,0.12,0.6217,0.0085,0.00000,0.33135
6.88,0.12,0.6168,0.0881,0.00000,0.36901
7.12,0.12,0.5487,0.4060,0.00000,0.36185
7.38,0.12,0.3477,0.8929,0.00000,0.23967
2.62,0.38,0.5002,0.0000,0.00000,0.23555
2.88,0.38,0.9387,0.0000,0.00000,0.42471
3.12,0.38,1.2277,0.0000,0.00000,0.51505
3.38,0.38,1.1502,0.0000,0.00000,0.44711
3.62,0.38,1.0720,0.0000,0.00000,0.42813
3.88,0.38,1.1913,0.0000,0.00000,0.48578
4.12,0.38,1.2418,0.0000,0.00000,0.48560
4.38,0.38,1.1660,0.0000,0.00000,0.45115
4.62,0.38,1.1590,0.0000,0.00000,0.45962
4.88,0.38,1.2150,0.0000,0.00000,0.47996
5.12,0.38,1.2014,0.0000,0.00000,0.46983
5.38,0.38,1.1617,0.0000,0.00000,0.46426
5.62,0.38,1.1874,0.0000,0.00000,0.49223
5.88,0.38,1.1977,0.0002,0.00000,0.51147
6.12,0.38,1.2087,0.0009,0.00000,0.54157
6.38,0.38,1.2369,0.0026,0.00000,0.58791
6.62,0.38,1.2142,0.0134,0.00000,0.61629
6.88,0.38,1.2625,0.1226,0.00000,0.71198
7.12,0.38,1.1478,0.5565,0.00000,0.70660
7.38,0.38,0.7257,1.2194,0.00000,0.46641
2.62,0.62,0.5747,0.0000,0.00000,0.24409
2.88,0.62,1.1651,0.0000,0.00000,0.47580
3.12,0.62,1.6483,0.0000,0.00000,0.62457
3.38,0.62,1.5796,0.0000,0.00000,0.54784
3.62,0.62,1.3758,0.0000,0.00000,0.47744
3.88,0.62,1.4837,0.0000,0.00000,0.52844
4.12,0.62,1.6106,0.0000,0.00000,0.55349
4.38,0.62,1.5282,0.0000,0.00000,0.51744
4.62,0.62,1.4775,0.0000,0.00000,0.51650
4.88,0.62,1.5570,0.0000,0.00000,0.55145
5.12,0.62,1.5680,0.0000,0.00000,0.54980
5.38,0.62,1.5166,0.0000,0.00000,0.53966
5.62,0.62,1.5297,0.0000,0.00000,0.56591
5.88,0.62,1.5332,0.0001,0.00000,0.58836
6.12,0.62,1.5517,0.0008,0.00000,0.63079
6.38,0.62,1.5575,0.0029,0.00000,0.67715
6.62,0.62,1.5340,0.0108,0.00000,0.71042
6.88,0.62,1.6834,0.0776,0.00000,0.85311
7.12,0.62,1.5616,0.3389,0.00000,0.85622
7.38,0.62,0.9817,0.7357,0.00000,0.56217
2.62,0.88,0.3790,0.0000,0.00000,0.14146
2.88,0.88,0.8844,0.0000,0.00000,0.31983
3.12,0.88,1.4185,0.0000,0.00000,0.48323
3.38,0.88,1.4466,0.0000,0.00000,0.45345
3.62,0.88,1.2055,0.0000,0.00000,0.36423
3.88,0.88,1.2277,0.0000,0.00000,0.38184
4.12,0.88,1.3830,0.0000,0.00000,0.42595
4.38,0.88,1.3524,0.0000,0.00000,0.40720
4.62,0.88,1.2743,0.0000,0.00000,0.39094
4.88,0.88,1.3323,0.0000,0.00000,0.41991
5.12,0.88,1.3725,0.0000,0.00000,0.43088
5.38,0.88,1.3367,0.0000,0.00000,0.42377
5.62,0.88,1.3294,0.0000,0.00000,0.43658
5.88,0.88,1.3306,0.0000,0.00000,0.45228
6.12,0.88,1.3654,0.0004,0.00000,0.49143
6.38,0.88,1.3448,0.0015,0.00000,0.51798
6.62,0.88,1.3192,0.0041,0.00000,0.53477
6.88,0.88,1.5183,0.0197,0.00000,0.65749
7.12,0.88,1.4301,0.0786,0.00000,0.66315
7.38,0.88,0.8926,0.1664,0.00000,0.43237
2.62,1.12,0.1818,0.0000,0.00000,0.05663
2.88,1.12,0.5202,0.0000,0.00000,0.16026
3.12,1.12,0.9714,0.0000,0.00000,0.29006
3.38,1.12,1.0962,0.0000,0.00000,0.30743
3.62,1.12,0.9324,0.0000,0.00000,0.24481
3.88,1.12,0.8945,0.0000,0.00000,0.23911
4.12,1.12,1.0242,0.0000,0.00000,0.27918
4.38,1.12,1.0562,0.0000,0.00000,0.28015
4.62,1.12,0.9958,0.0000,0.00000,0.26401
4.88,1.12,1.0155,0.0000,0.00000,0.27847
5.12,1.12,1.0592,0.0000,0.00000,0.29355
5.38,1.12,1.0486,0.0000,0.00000,0.29543
5.62,1.12,1.0341,0.0000,0.00000,0.30090
5.88,1.12,1.0376,0.0000,0.00000,0.30738
6.12,1.12,1.0884,0.0001,0.00000,0.33450
6.38,1.12,1.0660,0.0003,0.00000,0.34606
6.62,1.12,1.0375,0.0007,0.00000,0.34939
6.88,1.12,1.2078,0.0022,0.00000,0.42704
7.12,1.12,1.1199,0.0071,0.00000,0.42197
7.38,1.12,0.6831,0.0142,0.00000,0.26956
2.62,1.38,0.0975,0.0000,0.00000,0.02235
2.88,1.38,0.3333,0.0000,0.00000,0.07734
3.12,1.38,0.7082,0.0000,0.00000,0.16461
3.38,1.38,0.8968,0.0000,0.00000,0.20214
3.62,1.38,0.8198,0.0000,0.00000,0.17272
3.88,1.38,0.7623,0.0000,0.00000,0.15912
4.12,1.38,0.8590,0.0000,0.00000,0.18492
4.38,1.38,0.9317,0.0000,0.00000,0.19800
4.62,1.38,0.9027,0.0000,0.00000,0.19197
4.88,1.38,0.8977,0.0000,0.00000,0.19751
5.12,1.38,0.9360,0.0000,0.00000,0.21184
5.38,1.38,0.9494,0.0000,0.00000,0.22451
5.62,1.38,0.9359,0.0000,0.00000,0.23249
5.88,1.38,0.9410,0.0000,0.00000,0.23420
6.12,1.38,1.0075,0.0000,0.00000,0.25215
6.38,1.38,0.9992,0.0000,0.00000,0.25761
6.62,1.38,0.9859,0.0001,0.00000,0.25804
6.88,1.38,1.1084,0.0001,0.00000,0.30566
7.12,1.38,0.9405,0.0003,0.00000,0.28391
7.38,1.38,0.5295,0.0005,0.00000,0.17252
2.62,1.62,0.0693,0.0000,0.00000,0.01064
2.88,1.62,0.2634,0.0000,0.00000,0.04163
3.12,1.62,0.6191,0.0000,0.00000,0.10072
3.38,1.62,0.8709,0.0000,0.00000,0.14250
3.62,1.62,0.8549,0.0000,0.00000,0.13425
3.88,1.62,0.7833,0.0000,0.00000,0.11888
4.12,1.62,0.8514,0.0000,0.00000,0.13301
4.38,1.62,0.9489,0.0000,0.00000,0.15157
4.62,1.62,0.9433,0.0000,0.00000,0.15214
4.88,1.62,0.9246,0.0000,0.00000,0.15313
5.12,1.62,0.9643,0.0000,0.00000,0.16585
5.38,1.62,0.9960,0.0000,0.00000,0.18014
5.62,1.62,0.9783,0.0000,0.00000,0.18754
5.88,1.62,0.9862,0.0000,0.00000,0.19160
6.12,1.62,1.0697,0.0000,0.00000,0.20861
6.38,1.62,1.0755,0.0000,0.00000,0.21250
6.62,1.62,1.1053,0.0000,0.00000,0.21649
6.88,1.62,1.2039,0.0000,0.00000,0.24836
7.12,1.62,0.9006,0.0000,0.00000,0.21083
7.38,1.62,0.4409,0.0000,0.00000,0.11810
2.62,1.88,0.0524,0.0000,0.00000,0.00579
2.88,1.88,0.2182,0.0000,0.00000,0.02475
3.12,1.88,0.5709,0.0000,0.00000,0.06683
3.38,1.88,0.8931,0.0000,0.00000,0.10661
3.62,1.88,0.9340,0.0000,0.00000,0.10901
3.88,1.88,0.8448,0.0000,0.00000,0.09375
4.12,1.88,0.8805,0.0000,0.00000,0.10032
4.38,1.88,0.9980,0.0000,0.00000,0.11893
4.62,1.88,1.0223,0.0000,0.00000,0.12268
4.88,1.88,0.9975,0.0000,0.00000,0.12237
5.12,1.88,1.0370,0.0000,0.00000,0.13304
5.38,1.88,1.0860,0.0000,0.00000,0.14443
5.62,1.88,1.0678,0.0000,0.00000,0.14985
5.88,1.88,1.0766,0.0000,0.00000,0.15692
6.12,1.88,1.1623,0.0000,0.00000,0.17217
6.38,1.88,1.1647,0.0000,0.00000,0.17406
6.62,1.88,1.2388,0.0000,0.00000,0.18241
6.88,1.88,1.3410,0.0000,0.00000,0.20567
7.12,1.88,0.9232,0.0000,0.00000,0.16101
7.38,1.88,0.4001,0.0000,0.00000,0.08273
2.62,2.12,0.0357,0.0000,0.00000,0.00293
2.88,2.12,0.1676,0.0000,0.00000,0.01400
3.12,2.12,0.5064,0.0000,0.00000,0.04325
3.38,2.12,0.8980,0.0000,0.00000,0.07786
3.62,2.12,1.0069,0.0000,0.00000,0.08552
3.88,2.12,0.9032,0.0000,0.00000,0.07300
4.12,2.12,0.8991,0.0000,0.00000,0.07509
4.38,2.12,1.0272,0.0000,0.00000,0.09012
4.62,2.12,1.0819,0.0000,0.00000,0.09624
4.88,2.12,1.0547,0.0000,0.00000,0.09786
5.12,2.12,1.0906,0.0000,0.00000,0.10679
5.38,2.12,1.1559,0.0000,0.00000,0.11732
5.62,2.12,1.1392,0.0000,0.00000,0.12340
5.88,2.12,1.1458,0.0000,0.00000,0.13021
6.12,2.12,1.2264,0.0000,0.00000,0.14110
6.38,2.12,1.2111,0.0000,0.00000,0.14000
6.62,2.12,1.3076,0.0000,0.00000,0.14733
6.88,2.12,1.4265,0.0000,0.00000,0.16334
7.12,2.12,0.9526,0.0000,0.00000,0.12120
7.38,2.12,0.3895,0.0000,0.00000,0.05842
2.62,2.38,0.0218,0.0000,0.00000,0.00125
2.88,2.38,0.1210,0.0000,0.00000,0.00713
3.12,2.38,0.4345,0.0000,0.00000,0.02634
3.38,2.38,0.8758,0.0000,0.00000,0.05409
3.62,2.38,1.0580,0.0000,0.00000,0.06443
3.88,2.38,0.9554,0.0000,0.00000,0.05631
4.12,2.38,0.9122,0.0000,0.00000,0.05639
4.38,2.38,1.0414,0.0000,0.00000,0.06814
4.62,2.38,1.1209,0.0000,0.00000,0.07573
4.88,2.38,1.0908,0.0000,0.00000,0.07875
5.12,2.38,1.1166,0.0000,0.00000,0.08554
5.38,2.38,1.1904,0.0000,0.00000,0.09527
5.62,2.38,1.1718,0.0000,0.00000,0.10070
5.88,2.38,1.1759,0.0000,0.00000,0.10639
6.12,2.38,1.2549,0.0000,0.00000,0.11669
6.38,2.38,1.2242,0.0000,0.00000,0.11457
6.62,2.38,1.3275,0.0000,0.00000,0.11786
6.88,2.38,1.4627,0.0000,0.00000,0.12807
7.12,2.38,0.9758,0.0000,0.00000,0.09308
7.38,2.38,0.3959,0.0000,0.00000,0.04389
2.62,2.62,0.0128,0.0000,0.00000,0.00051
2.88,2.62,0.0859,0.0000,0.00000,0.00366
3.12,2.62,0.3609,0.0000,0.00000,0.01617
3.38,2.62,0.8152,0.0000,0.00000,0.03768
3.62,2.62,1.0688,0.0000,0.00000,0.04949
3.88,2.62,0.9933,0.0000,0.00000,0.04532
4.12,2.62,0.9169,0.0000,0.00000,0.04395
4.38,2.62,1.0357,0.0000,0.00000,0.05298
4.62,2.62,1.1417,0.0000,0.00000,0.06088
4.88,2.62,1.1150,0.0000,0.00000,0.06318
5.12,2.62,1.1263,0.0000,0.00000,0.06748
5.38,2.62,1.2045,0.0000,0.00000,0.07619
5.62,2.62,1.1906,0.0000,0.00000,0.08047
5.88,2.62,1.1979,0.0000,0.00000,0.08524
6.12,2.62,1.2806,0.0000,0.00000,0.09601
6.38,2.62,1.2376,0.0000,0.00000,0.09473
6.62,2.62,1.3333,0.0000,0.00000,0.09557
6.88,2.62,1.4773,0.0000,0.00000,0.10318
7.12,2.62,0.9970,0.0000,0.00000,0.07621
7.38,2.62,0.4116,0.0000,0.00000,0.03687
2.62,2.88,0.0074,0.0000,0.00000,0.00023
2.88,2.88,0.0593,0.0000,0.00000,0.00204
3.12,2.88,0.2856,0.0000,0.00000,0.01039
3.38,2.88,0.7267,0.0000,0.00000,0.02745
3.62,2.88,1.0563,0.0000,0.00000,0.04039
3.88,2.88,1.0329,0.0000,0.00000,0.03917
4.12,2.88,0.9281,0.0000,0.00000,0.03588
4.38,2.88,1.0182,0.0000,0.00000,0.04120
4.62,2.88,1.1446,0.0000,0.00000,0.04861
4.88,2.88,1.1305,0.0000,0.00000,0.05088
5.12,2.88,1.1361,0.0000,0.00000,0.05424
5.38,2.88,1.2217,0.0000,0.00000,0.06242
5.62,2.88,1.2140,0.0000,0.00000,0.06648
5.88,2.88,1.2236,0.0000,0.00000,0.06983
6.12,2.88,1.3144,0.0000,0.00000,0.07841
6.38,2.88,1.2626,0.0000,0.00000,0.07787
6.62,2.88,1.3439,0.0000,0.00000,0.07874
6.88,2.88,1.4916,0.0000,0.00000,0.08577
7.12,2.88,1.0169,0.0000,0.00000,0.06481
7.38,2.88,0.4260,0.0000,0.00000,0.03223
2.62,3.12,0.0043,0.0000,0.00000,0.00011
2.88,3.12,0.0399,0.0000,0.00000,0.00108
3.12,3.12,0.2184,0.0000,0.00000,0.00630
3.38,3.12,0.6343,0.0000,0.00000,0.01937
3.62,3.12,1.0345,0.0000,0.00000,0.03237
3.88,3.12,1.0782,0.0000,0.00000,0.03360
4.12,3.12,0.9563,0.0000,0.00000,0.03011
4.38,3.12,1.0137,0.0000,0.00000,0.03321
4.62,3.12,1.1597,0.0000,0.00000,0.04026
4.88,3.12,1.1616,0.0000,0.00000,0.04259
5.12,3.12,1.1557,0.0000,0.00000,0.04472
5.38,3.12,1.2425,0.0000,0.00000,0.05124
5.62,3.12,1.2419,0.0000,0.00000,0.05540
5.88,3.12,1.2536,0.0000,0.00000,0.05886
6.12,3.12,1.3507,0.0000,0.00000,0.06508
6.38,3.12,1.2957,0.0000,0.00000,0.06390
6.62,3.12,1.3700,0.0000,0.00000,0.06484
6.88,3.12,1.5199,0.0000,0.00000,0.07179
7.12,3.12,1.0411,0.0000,0.00000,0.05537
7.38,3.12,0.4393,0.0000,0.00000,0.02809
2.62,3.38,0.0025,0.0000,0.00000,0.00004
2.88,3.38,0.0257,0.0000,0.00000,0.00051
3.12,3.38,0.1598,0.0000,0.00000,0.00355
3.38,3.38,0.5362,0.0000,0.00000,0.01301
3.62,3.38,0.9887,0.0000,0.00000,0.02466
3.88,3.38,1.1108,0.0000,0.00000,0.02747
4.12,3.38,0.9843,0.0000,0.00000,0.02501
4.38,3.38,1.0124,0.0000,0.00000,0.02807
4.62,3.38,1.1811,0.0000,0.00000,0.03526
4.88,3.38,1.2016,0.0000,0.00000,0.03700
5.12,3.38,1.1779,0.0000,0.00000,0.03760
5.38,3.38,1.2581,0.0000,0.00000,0.04261
5.62,3.38,1.2665,0.0000,0.00000,0.04647
5.88,3.38,1.2795,0.0000,0.00000,0.05022
6.12,3.38,1.3812,0.0000,0.00000,0.05510
6.38,3.38,1.3273,0.0000,0.00000,0.05293
6.62,3.38,1.4035,0.0000,0.00000,0.05345
6.88,3.38,1.5615,0.0000,0.00000,0.06009
7.12,3.38,1.0756,0.0000,0.00000,0.04714
7.38,3.38,0.4577,0.0000,0.00000,0.02427
2.62,3.62,0.0013,0.0000,0.00000,0.00002
2.88,3.62,0.0155,0.0000,0.00000,0.00026
3.12,3.62,0.1121,0.0000,0.00000,0.00218
3.38,3.62,0.4393,0.0000,0.00000,0.00933
3.62,3.62,0.9213,0.0000,0.00000,0.01983
3.88,3.62,1.1335,0.0000,0.00000,0.02402
4.12,3.62,1.0212,0.0000,0.00000,0.02230
4.38,3.62,1.0127,0.0000,0.00000,0.02473
4.62,3.62,1.1872,0.0000,0.00000,0.03135
4.88,3.62,1.2293,0.0000,0.00000,0.03275
5.12,3.62,1.1971,0.0000,0.00000,0.03292
5.38,3.62,1.2699,0.0000,0.00000,0.03765
5.62,3.62,1.2828,0.0000,0.00000,0.04088
5.88,3.62,1.2910,0.0000,0.00000,0.04346
6.12,3.62,1.3978,0.0000,0.00000,0.04709
6.38,3.62,1.3513,0.0000,0.00000,0.04477
6.62,3.62,1.4261,0.0000,0.00000,0.04548
6.88,3.62,1.5928,0.0000,0.00000,0.05202
7.12,3.62,1.1111,0.0000,0.00000,0.04150
7.38,3.62,0.4814,0.0000,0.00000,0.02169
2.62,3.88,0.0007,0.0000,0.00000,0.00001
2.88,3.88,0.0093,0.0000,0.00000,0.00015
3.12,3.88,0.0782,0.0000,0.00000,0.00146
3.38,3.88,0.3522,0.0000,0.00000,0.00700
3.62,3.88,0.8374,0.0000,0.00000,0.01687
3.88,3.88,1.1428,0.0000,0.00000,0.02289
4.12,3.88,1.0710,0.0000,0.00000,0.02171
4.38,3.88,1.0208,0.0000,0.00000,0.02281
4.62,3.88,1.1798,0.0000,0.00000,0.02896
4.88,3.88,1.2503,0.0000,0.00000,0.03047
5.12,3.88,1.2211,0.0000,0.00000,0.02944
5.38,3.88,1.2880,0.0000,0.00000,0.03320
5.62,3.88,1.3121,0.0000,0.00000,0.03648
5.88,3.88,1.3205,0.0000,0.00000,0.03819
6.12,3.88,1.4264,0.0000,0.00000,0.04052
6.38,3.88,1.3784,0.0000,0.00000,0.03819
6.62,3.88,1.4398,0.0000,0.00000,0.03930
6.88,3.88,1.6084,0.0000,0.00000,0.04528
7.12,3.88,1.1416,0.0000,0.00000,0.03576
7.38,3.88,0.5084,0.0000,0.00000,0.01844
2.62,4.12,0.0004,0.0000,0.00000,0.00001
2.88,4.12,0.0056,0.0000,0.00000,0.00009
3.12,4.12,0.0543,0.0000,0.00000,0.00088
3.38,4.12,0.2766,0.0000,0.00000,0.00475
3.62,4.12,0.7432,0.0000,0.00000,0.01350
3.88,4.12,1.1291,0.0000,0.00000,0.02118
4.12,4.12,1.1178,0.0000,0.00000,0.02103
4.38,4.12,1.0365,0.0000,0.00000,0.02075
4.62,4.12,1.1718,0.0000,0.00000,0.02605
4.88,4.12,1.2667,0.0000,0.00000,0.02819
5.12,4.12,1.2429,0.0000,0.00000,0.02664
5.38,4.12,1.3069,0.0000,0.00000,0.02895
5.62,4.12,1.3433,0.0000,0.00000,0.03183
5.88,4.12,1.3470,0.0000,0.00000,0.03296
6.12,4.12,1.4517,0.0000,0.00000,0.03515
6.38,4.12,1.4047,0.0000,0.00000,0.03335
6.62,4.12,1.4470,0.0000,0.00000,0.03425
6.88,4.12,1.6128,0.0000,0.00000,0.03950
7.12,4.12,1.1692,0.0000,0.00000,0.03104
7.38,4.12,0.5383,0.0000,0.00000,0.01586
2.62,4.38,0.0002,0.0000,0.00000,0.00000
2.88,4.38,0.0034,0.0000,0.00000,0.00004
3.12,4.38,0.0370,0.0000,0.00000,0.00048
3.38,4.38,0.2136,0.0000,0.00000,0.00304
3.62,4.38,0.6480,0.0000,0.00000,0.01031
3.88,4.38,1.0940,0.0000,0.00000,0.01876
4.12,4.38,1.1575,0.0000,0.00000,0.02015
4.38,4.38,1.0637,0.0000,0.00000,0.01860
4.62,4.38,1.1714,0.0000,0.00000,0.02179
4.88,4.38,1.2814,0.0000,0.00000,0.02449
5.12,4.38,1.2603,0.0000,0.00000,0.02419
5.38,4.38,1.3181,0.0000,0.00000,0.02593
5.62,4.38,1.3610,0.0000,0.00000,0.02787
5.88,4.38,1.3594,0.0000,0.00000,0.02834
6.12,4.38,1.4669,0.0000,0.00000,0.03089
6.38,4.38,1.4289,0.0000,0.00000,0.03010
6.62,4.38,1.4525,0.0000,0.00000,0.03023
6.88,4.38,1.6161,0.0000,0.00000,0.03465
7.12,4.38,1.2009,0.0000,0.00000,0.02801
7.38,4.38,0.5734,0.0000,0.00000,0.01479
2.62,4.62,0.0001,0.0000,0.00000,0.00000
2.88,4.62,0.0020,0.0000,0.00000,0.00002
3.12,4.62,0.0248,0.0000,0.00000,0.00028
3.38,4.62,0.1619,0.0000,0.00000,0.00204
3.62,4.62,0.5563,0.0000,0.00000,0.00785
3.88,4.62,1.0457,0.0000,0.00000,0.01583
4.12,4.62,1.1903,0.0000,0.00000,0.01840
4.38,4.62,1.0935,0.0000,0.00000,0.01711
4.62,4.62,1.1695,0.0000,0.00000,0.01916
4.88,4.62,1.2967,0.0000,0.00000,0.02148
5.12,4.62,1.2834,0.0000,0.00000,0.02166
5.38,4.62,1.3307,0.0000,0.00000,0.02332
5.62,4.62,1.3792,0.0000,0.00000,0.02486
5.88,4.62,1.3745,0.0000,0.00000,0.02502
6.12,4.62,1.4847,0.0000,0.00000,0.02737
6.38,4.62,1.4576,0.0000,0.00000,0.02715
6.62,4.62,1.4651,0.0000,0.00000,0.02714
6.88,4.62,1.6280,0.0000,0.00000,0.03117
7.12,4.62,1.2425,0.0000,0.00000,0.02592
7.38,4.62,0.6157,0.0000,0.00000,0.01414
2.62,4.88,0.0001,0.0000,0.00000,0.00000
2.88,4.88,0.0012,0.0000,0.00000,0.00001
3.12,4.88,0.0165,0.0000,0.00000,0.00017
3.38,4.88,0.1219,0.0000,0.00000,0.00143
3.62,4.88,0.4728,0.0000,0.00000,0.00601
3.88,4.88,0.9868,0.0000,0.00000,0.01322
4.12,4.88,1.2119,0.0000,0.00000,0.01681
4.38,4.88,1.1202,0.0000,0.00000,0.01650
4.62,4.88,1.1631,0.0000,0.00000,0.01838
4.88,4.88,1.3087,0.0000,0.00000,0.02043
5.12,4.88,1.3103,0.0000,0.00000,0.02009
5.38,4.88,1.3508,0.0000,0.00000,0.02123
5.62,4.88,1.4026,0.0000,0.00000,0.02279
5.88,4.88,1.3876,0.0000,0.00000,0.02282
6.12,4.88,1.4995,0.0000,0.00000,0.02477
6.38,4.88,1.4875,0.0000,0.00000,0.02486
6.62,4.88,1.4787,0.0000,0.00000,0.02484
6.88,4.88,1.6433,0.0000,0.00000,0.02853
7.12,4.88,1.2946,0.0000,0.00000,0.02433
7.38,4.88,0.6685,0.0000,0.00000,0.01367
2.62,5.12,0.0000,0.0000,0.00000,0.00000
2.88,5.12,0.0007,0.0000,0.00000,0.00001
3.12,5.12,0.0110,0.0000,0.00000,0.00011
3.38,5.12,0.0912,0.0000,0.00000,0.00097
3.62,5.12,0.3948,0.0000,0.00000,0.00456
3.88,5.12,0.9119,0.0000,0.00000,0.01149
4.12,5.12,1.2150,0.0000,0.00000,0.01665
4.38,5.12,1.1484,0.0000,0.00000,0.01708
4.62,5.12,1.1634,0.0000,0.00000,0.01827
4.88,5.12,1.3190,0.0000,0.00000,0.02026
5.12,5.12,1.3376,0.0000,0.00000,0.01955
5.38,5.12,1.3775,0.0000,0.00000,0.02003
5.62,5.12,1.4314,0.0000,0.00000,0.02158
5.88,5.12,1.4070,0.0000,0.00000,0.02174
6.12,5.12,1.5213,0.0000,0.00000,0.02382
6.38,5.12,1.5232,0.0000,0.00000,0.02446
6.62,5.12,1.4883,0.0000,0.00000,0.02371
6.88,5.12,1.6518,0.0000,0.00000,0.02609
7.12,5.12,1.3510,0.0000,0.00000,0.02217
7.38,5.12,0.7294,0.0000,0.00000,0.01255
2.62,5.38,0.0000,0.0000,0.00000,0.00000
2.88,5.38,0.0005,0.0000,0.00000,0.00000
3.12,5.38,0.0076,0.0000,0.00000,0.00007
3.38,5.38,0.0687,0.0000,0.00000,0.00067
3.62,5.38,0.3285,0.0000,0.00000,0.00357
3.88,5.38,0.8343,0.0000,0.00000,0.01023
4.12,5.38,1.2039,0.0000,0.00000,0.01653
4.38,5.38,1.1786,0.0000,0.00000,0.01757
4.62,5.38,1.1741,0.0000,0.00000,0.01777
4.88,5.38,1.3291,0.0000,0.00000,0.01936
5.12,5.38,1.3632,0.0000,0.00000,0.01907
5.38,5.38,1.4033,0.0000,0.00000,0.01937
5.62,5.38,1.4542,0.0000,0.00000,0.02035
5.88,5.38,1.4183,0.0000,0.00000,0.02052
6.12,5.38,1.5308,0.0000,0.00000,0.02284
6.38,5.38,1.5434,0.0000,0.00000,0.02369
6.62,5.38,1.4802,0.0000,0.00000,0.02250
6.88,5.38,1.6419,0.0000,0.00000,0.02420
7.12,5.38,1.3962,0.0000,0.00000,0.02062
7.38,5.38,0.7865,0.0000,0.00000,0.01178
2.62,5.62,0.0000,0.0000,0.00000,0.00000
2.88,5.62,0.0003,0.0000,0.00000,0.00000
3.12,5.62,0.0054,0.0000,0.00000,0.00004
3.38,5.62,0.0528,0.0000,0.00000,0.00051
3.62,5.62,0.2747,0.0000,0.00000,0.00291
3.88,5.62,0.7607,0.0000,0.00000,0.00888
4.12,5.62,1.1831,0.0000,0.00000,0.01515
4.38,5.62,1.2084,0.0000,0.00000,0.01658
4.62,5.62,1.1931,0.0000,0.00000,0.01654
4.88,5.62,1.3372,0.0000,0.00000,0.01820
5.12,5.62,1.3828,0.0000,0.00000,0.01874
5.38,5.62,1.4246,0.0000,0.00000,0.01916
5.62,5.62,1.4716,0.0000,0.00000,0.01930
5.88,5.62,1.4260,0.0000,0.00000,0.01901
6.12,5.62,1.5414,0.0000,0.00000,0.02120
6.38,5.62,1.5651,0.0000,0.00000,0.02210
6.62,5.62,1.4743,0.0000,0.00000,0.02110
6.88,5.62,1.6348,0.0000,0.00000,0.02310
7.12,5.62,1.4408,0.0000,0.00000,0.02033
7.38,5.62,0.8413,0.0000,0.00000,0.01196
2.62,5.88,0.0000,0.0000,0.00000,0.00000
2.88,5.88,0.0002,0.0000,0.00000,0.00000
3.12,5.88,0.0038,0.0000,0.00000,0.00004
3.38,5.88,0.0402,0.0000,0.00000,0.00043
3.62,5.88,0.2280,0.0000,0.00000,0.00253
3.88,5.88,0.6895,0.0000,0.00000,0.00791
4.12,5.88,1.1550,0.0000,0.00000,0.01393
4.38,5.88,1.2340,0.0000,0.00000,0.01579
4.62,5.88,1.2141,0.0000,0.00000,0.01599
4.88,5.88,1.3395,0.0000,0.00000,0.01777
5.12,5.88,1.3895,0.0000,0.00000,0.01830
5.38,5.88,1.4412,0.0000,0.00000,0.01842
5.62,5.88,1.4924,0.0000,0.00000,0.01837
5.88,5.88,1.4385,0.0000,0.00000,0.01797
6.12,5.88,1.5584,0.0000,0.00000,0.02011
6.38,5.88,1.5959,0.0000,0.00000,0.02113
6.62,5.88,1.4817,0.0000,0.00000,0.02008
6.88,5.88,1.6447,0.0000,0.00000,0.02257
7.12,5.88,1.4964,0.0000,0.00000,0.02096
7.38,5.88,0.8998,0.0000,0.00000,0.01287
2.62,6.12,0.0000,0.0000,0.00000,0.00000
2.88,6.12,0.0001,0.0000,0.00000,0.00000
3.12,6.12,0.0026,0.0000,0.00000,0.00004
3.38,6.12,0.0303,0.0000,0.00000,0.00047
3.62,6.12,0.1896,0.0000,0.00000,0.00271
3.88,6.12,0.6279,0.0000,0.00000,0.00795
4.12,6.12,1.1292,0.0000,0.00000,0.01346
4.38,6.12,1.2596,0.0000,0.00000,0.01524
4.62,6.12,1.2386,0.0000,0.00000,0.01547
4.88,6.12,1.3474,0.0000,0.00000,0.01723
5.12,6.12,1.4020,0.0000,0.00000,0.01811
5.38,6.12,1.4678,0.0000,0.00000,0.01861
5.62,6.12,1.5230,0.0000,0.00000,0.01870
5.88,6.12,1.4519,0.0000,0.00000,0.01785
6.12,6.12,1.5708,0.0000,0.00000,0.01946
6.38,6.12,1.6221,0.0000,0.00000,0.02019
6.62,6.12,1.4834,0.0000,0.00000,0.01887
6.88,6.12,1.6488,0.0000,0.00000,0.02186
7.12,6.12,1.5530,0.0000,0.00000,0.02168
7.38,6.12,0.9627,0.0000,0.00000,0.01397
2.62,6.38,0.0000,0.0000,0.00000,0.00000
2.88,6.38,0.0001,0.0000,0.00000,0.00000
3.12,6.38,0.0018,0.0000,0.00000,0.00004
3.38,6.38,0.0231,0.0000,0.00000,0.00052
3.62,6.38,0.1583,0.0000,0.00000,0.00289
3.88,6.38,0.5689,0.0000,0.00000,0.00803
4.12,6.38,1.0914,0.0000,0.00000,0.01308
4.38,6.38,1.2743,0.0000,0.00000,0.01484
4.62,6.38,1.2638,0.0000,0.00000,0.01522
4.88,6.38,1.3605,0.0000,0.00000,0.01700
5.12,6.38,1.4203,0.0000,0.00000,0.01843
5.38,6.38,1.4963,0.0000,0.00000,0.01973
5.62,6.38,1.5493,0.0000,0.00000,0.02003
5.88,6.38,1.4616,0.0000,0.00000,0.01856
6.12,6.38,1.5883,0.0000,0.00000,0.01986
6.38,6.38,1.6590,0.0000,0.00000,0.02052
6.62,6.38,1.4863,0.0000,0.00000,0.01851
6.88,6.38,1.6446,0.0000,0.00000,0.02125
7.12,6.38,1.6058,0.0000,0.00000,0.02194
7.38,6.38,1.0265,0.0000,0.00000,0.01461
2.62,6.62,0.0000,0.0000,0.00000,0.00000
2.88,6.62,0.0000,0.0000,0.00000,0.00000
3.12,6.62,0.0013,0.0000,0.00000,0.00003
3.38,6.62,0.0183,0.0000,0.00000,0.00036
3.62,6.62,0.1354,0.0000,0.00000,0.00219
3.88,6.62,0.5197,0.0000,0.00000,0.00677
4.12,6.62,1.0499,0.0000,0.00000,0.01220
4.38,6.62,1.2759,0.0000,0.00000,0.01479
4.62,6.62,1.2815,0.0000,0.00000,0.01564
4.88,6.62,1.3679,0.0000,0.00000,0.01742
5.12,6.62,1.4302,0.0000,0.00000,0.01870
5.38,6.62,1.5169,0.0000,0.00000,0.02010
5.62,6.62,1.5713,0.0000,0.00000,0.02085
5.88,6.62,1.4705,0.0000,0.00000,0.01944
6.12,6.62,1.6051,0.0000,0.00000,0.02083
6.38,6.62,1.6934,0.0000,0.00000,0.02143
6.62,6.62,1.4844,0.0000,0.00000,0.01860
6.88,6.62,1.6373,0.0000,0.00000,0.02098
7.12,6.62,1.6585,0.0000,0.00000,0.02222
7.38,6.62,1.0910,0.0000,0.00000,0.01509
2.62,6.88,0.0000,0.0000,0.00000,0.00000
2.88,6.88,0.0000,0.0000,0.00000,0.00000
3.12,6.88,0.0010,0.0000,0.00000,0.00001
3.38,6.88,0.0148,0.0000,0.00000,0.00019
3.62,6.88,0.1180,0.0000,0.00000,0.00142
3.88,6.88,0.4792,0.0000,0.00000,0.00542
4.12,6.88,1.0100,0.0000,0.00000,0.01127
4.38,6.88,1.2736,0.0000,0.00000,0.01465
4.62,6.88,1.3046,0.0000,0.00000,0.01585
4.88,6.88,1.3839,0.0000,0.00000,0.01773
5.12,6.88,1.4426,0.0000,0.00000,0.01896
5.38,6.88,1.5395,0.0000,0.00000,0.01999
5.62,6.88,1.5999,0.0000,0.00000,0.02094
5.88,6.88,1.4868,0.0000,0.00000,0.02012
6.12,6.88,1.6252,0.0000,0.00000,0.02128
6.38,6.88,1.7269,0.0000,0.00000,0.02101
6.62,6.88,1.4800,0.0000,0.00000,0.01774
6.88,6.88,1.6307,0.0000,0.00000,0.02040
7.12,6.88,1.7153,0.0000,0.00000,0.02229
7.38,6.88,1.1592,0.0000,0.00000,0.01540
2.62,7.12,0.0000,0.0000,0.00000,0.00000
2.88,7.12,0.0000,0.0000,0.00000,0.00000
3.12,7.12,0.0007,0.0000,0.00000,0.00001
3.38,7.12,0.0121,0.0000,0.00000,0.00013
3.62,7.12,0.1034,0.0000,0.00000,0.00110
3.88,7.12,0.4441,0.0000,0.00000,0.00479
4.12,7.12,0.9754,0.0000,0.00000,0.01080
4.38,7.12,1.2748,0.0000,0.00000,0.01463
4.62,7.12,1.3298,0.0000,0.00000,0.01579
4.88,7.12,1.4020,0.0000,0.00000,0.01729
5.12,7.12,1.4553,0.0000,0.00000,0.01841
5.38,7.12,1.5604,0.0000,0.00000,0.01915
5.62,7.12,1.6284,0.0000,0.00000,0.02006
5.88,7.12,1.4999,0.0000,0.00000,0.01988
6.12,7.12,1.6394,0.0000,0.00000,0.02120
6.38,7.12,1.7572,0.0000,0.00000,0.02048
6.62,7.12,1.4760,0.0000,0.00000,0.01690
6.88,7.12,1.6232,0.0000,0.00000,0.01945
7.12,7.12,1.7673,0.0000,0.00000,0.02160
7.38,7.12,1.2228,0.0000,0.00000,0.01507
2.62,7.38,0.0000,0.0000,0.00000,0.00000
2.88,7.38,0.0000,0.0000,0.00000,0.00000
3.12,7.38,0.0006,0.0000,0.00000,0.00001
3.38,7.38,0.0102,0.0000,0.00000,0.00010
3.62,7.38,0.0925,0.0000,0.00000,0.00097
3.88,7.38,0.4151,0.0000,0.00000,0.00449
4.12,7.38,0.9449,0.0000,0.00000,0.01069
4.38,7.38,1.2742,0.0000,0.00000,0.01517
4.62,7.38,1.3488,0.0000,0.00000,0.01627
4.88,7.38,1.4159,0.0000,0.00000,0.01682
5.12,7.38,1.4626,0.0000,0.00000,0.01734
5.38,7.38,1.5758,0.0000,0.00000,0.01814
5.62,7.38,1.6552,0.0000,0.00000,0.01893
5.88,7.38,1.5045,0.0000,0.00000,0.01848
6.12,7.38,1.6401,0.0000,0.00000,0.02023
6.38,7.38,1.7816,0.0000,0.00000,0.02036
6.62,7.38,1.4741,0.0000,0.00000,0.01665
6.88,7.38,1.6172,0.0000,0.00000,0.01867
7.12,7.38,1.8166,0.0000,0.00000,0.02091
7.38,7.38,1.2828,0.0000,0.00000,0.01472
2.62,7.62,0.0000,0.0000,0.00000,0.00000
2.88,7.62,0.0000,0.0000,0.00000,0.00000
3.12,7.62,0.0005,0.0000,0.00000,0.00000
3.38,7.62,0.0089,0.0000,0.00000,0.00009
3.62,7.62,0.0843,0.0000,0.00000,0.00089
3.88,7.62,0.3918,0.0000,0.00000,0.00428
4.12,7.62,0.9176,0.0000,0.00000,0.01066
4.38,7.62,1.2699,0.0000,0.00000,0.01574
4.62,7.62,1.3669,0.0000,0.00000,0.01700
4.88,7.62,1.4374,0.0000,0.00000,0.01705
5.12,7.62,1.4754,0.0000,0.00000,0.01720
5.38,7.62,1.5947,0.0000,0.00000,0.01807
5.62,7.62,1.6866,0.0000,0.00000,0.01857
5.88,7.62,1.5127,0.0000,0.00000,0.01735
6.12,7.62,1.6460,0.0000,0.00000,0.01941
6.38,7.62,1.8149,0.0000,0.00000,0.02068
6.62,7.62,1.4796,0.0000,0.00000,0.01682
6.88,7.62,1.6209,0.0000,0.00000,0.01810
7.12,7.62,1.8788,0.0000,0.00000,0.02031
7.38,7.62,1.3525,0.0000,0.00000,0.01442
2.62,7.88,0.0000,0.0000,0.00000,0.00000
2.88,7.88,0.0000,0.0000,0.00000,0.00000
3.12,7.88,0.0004,0.0000,0.00000,0.00000
3.38,7.88,0.0079,0.0000,0.00000,0.00008
3.62,7.88,0.0787,0.0000,0.00000,0.00085
3.88,7.88,0.3764,0.0000,0.00000,0.00414
4.12,7.88,0.8999,0.0000,0.00000,0.01048
4.38,7.88,1.2666,0.0000,0.00000,0.01562
4.62,7.88,1.3801,0.0000,0.00000,0.01714
4.88,7.88,1.4578,0.0000,0.00000,0.01758
5.12,7.88,1.4899,0.0000,0.00000,0.01782
5.38,7.88,1.6163,0.0000,0.00000,0.01873
5.62,7.88,1.7242,0.0000,0.00000,0.01905
5.88,7.88,1.5266,0.0000,0.00000,0.01729
6.12,7.88,1.6559,0.0000,0.00000,0.01943
6.38,7.88,1.8488,0.0000,0.00000,0.02143
6.62,7.88,1.4845,0.0000,0.00000,0.01753
6.88,7.88,1.6262,0.0000,0.00000,0.01836
7.12,7.88,1.9443,0.0000,0.00000,0.02059
7.38,7.88,1.4247,0.0000,0.00000,0.01471
2.62,8.12,0.0000,0.0000,0.00000,0.00000
2.88,8.12,0.0000,0.0000,0.00000,0.00000
3.12,8.12,0.0004,0.0000,0.00000,0.00000
3.38,8.12,0.0073,0.0000,0.00000,0.00008
3.62,8.12,0.0748,0.0000,0.00000,0.00081
3.88,8.12,0.3633,0.0000,0.00000,0.00401
4.12,8.12,0.8805,0.0000,0.00000,0.01009
4.38,8.12,1.2585,0.0000,0.00000,0.01511
4.62,8.12,1.3950,0.0000,0.00000,0.01727
4.88,8.12,1.4849,0.0000,0.00000,0.01840
5.12,8.12,1.5066,0.0000,0.00000,0.01853
5.38,8.12,1.6372,0.0000,0.00000,0.01973
5.62,8.12,1.7630,0.0000,0.00000,0.02028
5.88,8.12,1.5436,0.0000,0.00000,0.01762
6.12,8.12,1.6700,0.0000,0.00000,0.01898
6.38,8.12,1.8868,0.0000,0.00000,0.02138
6.62,8.12,1.4914,0.0000,0.00000,0.01791
6.88,8.12,1.6285,0.0000,0.00000,0.01889
7.12,8.12,2.0009,0.0000,0.00000,0.02151
7.38,8.12,1.4888,0.0000,0.00000,0.01556
2.62,8.38,0.0000,0.0000,0.00000,0.00000
2.88,8.38,0.0000,0.0000,0.00000,0.00000
3.12,8.38,0.0004,0.0000,0.00000,0.00000
3.38,8.38,0.0070,0.0000,0.00000,0.00008
3.62,8.38,0.0720,0.0000,0.00000,0.00080
3.88,8.38,0.3525,0.0000,0.00000,0.00394
4.12,8.38,0.8616,0.0000,0.00000,0.00982
4.38,8.38,1.2468,0.0000,0.00000,0.01474
4.62,8.38,1.4070,0.0000,0.00000,0.01729
4.88,8.38,1.5129,0.0000,0.00000,0.01877
5.12,8.38,1.5234,0.0000,0.00000,0.01881
5.38,8.38,1.6550,0.0000,0.00000,0.02030
5.62,8.38,1.7972,0.0000,0.00000,0.02123
5.88,8.38,1.5576,0.0000,0.00000,0.01781
6.12,8.38,1.6823,0.0000,0.00000,0.01843
6.38,8.38,1.9240,0.0000,0.00000,0.02094
6.62,8.38,1.4998,0.0000,0.00000,0.01740
6.88,8.38,1.6280,0.0000,0.00000,0.01833
7.12,8.38,2.0456,0.0000,0.00000,0.02137
7.38,8.38,1.5410,0.0000,0.00000,0.01566
2.62,8.62,0.0000,0.0000,0.00000,0.00000
2.88,8.62,0.0000,0.0000,0.00000,0.00000
3.12,8.62,0.0003,0.0000,0.00000,0.00000
3.38,8.62,0.0066,0.0000,0.00000,0.00007
3.62,8.62,0.0700,0.0000,0.00000,0.00078
3.88,8.62,0.3470,0.0000,0.00000,0.00389
4.12,8.62,0.8538,0.0000,0.00000,0.00974
4.38,8.62,1.2424,0.0000,0.00000,0.01459
4.62,8.62,1.4169,0.0000,0.00000,0.01701
4.88,8.62,1.5368,0.0000,0.00000,0.01835
5.12,8.62,1.5384,0.0000,0.00000,0.01824
5.38,8.62,1.6712,0.0000,0.00000,0.01959
5.62,8.62,1.8323,0.0000,0.00000,0.02094
5.88,8.62,1.5760,0.0000,0.00000,0.01769
6.12,8.62,1.6989,0.0000,0.00000,0.01842
6.38,8.62,1.9634,0.0000,0.00000,0.02104
6.62,8.62,1.5084,0.0000,0.00000,0.01692
6.88,8.62,1.6248,0.0000,0.00000,0.01791
7.12,8.62,2.0854,0.0000,0.00000,0.02174
7.38,8.62,1.5894,0.0000,0.00000,0.01621
2.62,8.88,0.0000,0.0000,0.00000,0.00000
2.88,8.88,0.0000,0.0000,0.00000,0.00000
3.12,8.88,0.0003,0.0000,0.00000,0.00000
3.38,8.88,0.0064,0.0000,0.00000,0.00007
3.62,8.88,0.0690,0.0000,0.00000,0.00078
3.88,8.88,0.3455,0.0000,0.00000,0.00392
4.12,8.88,0.8542,0.0000,0.00000,0.00988
4.38,8.88,1.2478,0.0000,0.00000,0.01487
4.62,8.88,1.4346,0.0000,0.00000,0.01723
4.88,8.88,1.5676,0.0000,0.00000,0.01841
5.12,8.88,1.5573,0.0000,0.00000,0.01805
5.38,8.88,1.6878,0.0000,0.00000,0.01903
5.62,8.88,1.8673,0.0000,0.00000,0.02053
5.88,8.88,1.5960,0.0000,0.00000,0.01747
6.12,8.88,1.7176,0.0000,0.00000,0.01836
6.38,8.88,2.0070,0.0000,0.00000,0.02121
6.62,8.88,1.5229,0.0000,0.00000,0.01687
6.88,8.88,1.6283,0.0000,0.00000,0.01848
7.12,8.88,2.1317,0.0000,0.00000,0.02343
7.38,8.88,1.6420,0.0000,0.00000,0.01778
2.62,9.12,0.0000,0.0000,0.00000,0.00000
2.88,9.12,0.0000,0.0000,0.00000,0.00000
3.12,9.12,0.0003,0.0000,0.00000,0.00000
3.38,9.12,0.0062,0.0000,0.00000,0.00007
3.62,9.12,0.0688,0.0000,0.00000,0.00080
3.88,9.12,0.3479,0.0000,0.00000,0.00409
4.12,9.12,0.8617,0.0000,0.00000,0.01038
4.38,9.12,1.2554,0.0000,0.00000,0.01561
4.62,9.12,1.4461,0.0000,0.00000,0.01795
4.88,9.12,1.5907,0.0000,0.00000,0.01902
5.12,9.12,1.5721,0.0000,0.00000,0.01842
5.38,9.12,1.7021,0.0000,0.00000,0.01888
5.62,9.12,1.9007,0.0000,0.00000,0.02017
5.88,9.12,1.6151,0.0000,0.00000,0.01721
6.12,9.12,1.7320,0.0000,0.00000,0.01831
6.38,9.12,2.0433,0.0000,0.00000,0.02145
6.62,9.12,1.5358,0.0000,0.00000,0.01683
6.88,9.12,1.6317,0.0000,0.00000,0.01833
7.12,9.12,2.1698,0.0000,0.00000,0.02364
7.38,9.12,1.6850,0.0000,0.00000,0.01808
2.62,9.38,0.0000,0.0000,0.00000,0.00000
2.88,9.38,0.0000,0.0000,0.00000,0.00000
3.12,9.38,0.0002,0.0000,0.00000,0.00000
3.38,9.38,0.0062,0.0000,0.00000,0.00008
3.62,9.38,0.0699,0.0000,0.00000,0.00084
3.88,9.38,0.3548,0.0000,0.00000,0.00432
4.12,9.38,0.8744,0.0000,0.00000,0.01113
4.38,9.38,1.2606,0.0000,0.00000,0.01684
4.62,9.38,1.4496,0.0000,0.00000,0.01903
4.88,9.38,1.6106,0.0000,0.00000,0.01971
5.12,9.38,1.5890,0.0000,0.00000,0.01871
5.38,9.38,1.7145,0.0000,0.00000,0.01889
5.62,9.38,1.9303,0.0000,0.00000,0.02027
5.88,9.38,1.6382,0.0000,0.00000,0.01742
6.12,9.38,1.7505,0.0000,0.00000,0.01841
6.38,9.38,2.0776,0.0000,0.00000,0.02148
6.62,9.38,1.5485,0.0000,0.00000,0.01645
6.88,9.38,1.6375,0.0000,0.00000,0.01724
7.12,9.38,2.2060,0.0000,0.00000,0.02218
7.38,9.38,1.7240,0.0000,0.00000,0.01700
2.62,9.62,0.0000,0.0000,0.00000,0.00000
2.88,9.62,0.0000,0.0000,0.00000,0.00000
3.12,9.62,0.0002,0.0000,0.00000,0.00000
3.38,9.62,0.0061,0.0000,0.00000,0.00008
3.62,9.62,0.0703,0.0000,0.00000,0.00086
3.88,9.62,0.3590,0.0000,0.00000,0.00456
4.12,9.62,0.8837,0.0000,0.00000,0.01207
4.38,9.62,1.2646,0.0000,0.00000,0.01843
4.62,9.62,1.4537,0.0000,0.00000,0.02045
4.88,9.62,1.6385,0.0000,0.00000,0.02079
5.12,9.62,1.6195,0.0000,0.00000,0.01939
5.38,9.62,1.7302,0.0000,0.00000,0.01934
5.62,9.62,1.9531,0.0000,0.00000,0.02092
5.88,9.62,1.6594,0.0000,0.00000,0.01811
6.12,9.62,1.7704,0.0000,0.00000,0.01843
6.38,9.62,2.1101,0.0000,0.00000,0.02092
6.62,9.62,1.5626,0.0000,0.00000,0.01586
6.88,9.62,1.6465,0.0000,0.00000,0.01663
7.12,9.62,2.2412,0.0000,0.00000,0.02166
7.38,9.62,1.7604,0.0000,0.00000,0.01671
2.62,9.88,0.0000,0.0000,0.00000,0.00000
2.88,9.88,0.0000,0.0000,0.00000,0.00000
3.12,9.88,0.0002,0.0000,0.00000,0.00000
3.38,9.88,0.0062,0.0000,0.00000,0.00008
3.62,9.88,0.0709,0.0000,0.00000,0.00091
3.88,9.88,0.3632,0.0000,0.00000,0.00487
4.12,9.88,0.8952,0.0000,0.00000,0.01304
4.38,9.88,1.2748,0.0000,0.00000,0.01969
4.62,9.88,1.4592,0.0000,0.00000,0.02141
4.88,9.88,1.6630,0.0000,0.00000,0.02198
5.12,9.88,1.6517,0.0000,0.00000,0.02052
5.38,9.88,1.7455,0.0000,0.00000,0.01989
5.62,9.88,1.9739,0.0000,0.00000,0.02148
5.88,9.88,1.6860,0.0000,0.00000,0.01897
6.12,9.88,1.7941,0.0000,0.00000,0.01905
6.38,9.88,2.1407,0.0000,0.00000,0.02131
6.62,9.88,1.5763,0.0000,0.00000,0.01599
6.88,9.88,1.6545,0.0000,0.00000,0.01676
7.12,9.88,2.2713,0.0000,0.00000,0.02219
7.38,9.88,1.7919,0.0000,0.00000,0.01727
2.62,10.12,0.0000,0.0000,0.00000,0.00000
2.88,10.12,0.0000,0.0000,0.00000,0.00000
3.12,10.12,0.0003,0.0000,0.00000,0.00000
3.38,10.12,0.0063,0.0000,0.00000,0.00009
3.62,10.12,0.0725,0.0000,0.00000,0.00098
3.88,10.12,0.3705,0.0000,0.00000,0.00522
4.12,10.12,0.9134,0.0000,0.00000,0.01377
4.38,10.12,1.2933,0.0000,0.00000,0.02032
4.62,10.12,1.4658,0.0000,0.00000,0.02179
4.88,10.12,1.6831,0.0000,0.00000,0.02287
5.12,10.12,1.6865,0.0000,0.00000,0.02159
5.38,10.12,1.7642,0.0000,0.00000,0.02036
5.62,10.12,1.9962,0.0000,0.00000,0.02171
5.88,10.12,1.7179,0.0000,0.00000,0.01932
6.12,10.12,1.8200,0.0000,0.00000,0.01962
6.38,10.12,2.1704,0.0000,0.00000,0.02214
6.62,10.12,1.5922,0.0000,0.00000,0.01630
6.88,10.12,1.6665,0.0000,0.00000,0.01635
7.12,10.12,2.3021,0.0000,0.00000,0.02159
7.38,10.12,1.8218,0.0000,0.00000,0.01686
2.62,10.38,0.0000,0.0000,0.00000,0.00000
2.88,10.38,0.0000,0.0000,0.00000,0.00000
3.12,10.38,0.0003,0.0000,0.00000,0.00000
3.38,10.38,0.0066,0.0000,0.00000,0.00010
3.62,10.38,0.0747,0.0000,0.00000,0.00108
3.88,10.38,0.3812,0.0000,0.00000,0.00565
4.12,10.38,0.9393,0.0000,0.00000,0.01454
4.38,10.38,1.3181,0.0000,0.00000,0.02076
4.62,10.38,1.4699,0.0000,0.00000,0.02179
4.88,10.38,1.6977,0.0000,0.00000,0.02330
5.12,10.38,1.7236,0.0000,0.00000,0.02247
5.38,10.38,1.7850,0.0000,0.00000,0.02088
5.62,10.38,2.0158,0.0000,0.00000,0.02192
5.88,10.38,1.7524,0.0000,0.00000,0.01945
6.12,10.38,1.8508,0.0000,0.00000,0.01944
6.38,10.38,2.2016,0.0000,0.00000,0.02176
6.62,10.38,1.6113,0.0000,0.00000,0.01590
6.88,10.38,1.6812,0.0000,0.00000,0.01562
7.12,10.38,2.3304,0.0000,0.00000,0.02051
7.38,10.38,1.8478,0.0000,0.00000,0.01601
2.62,10.62,0.0000,0.0000,0.00000,0.00000
2.88,10.62,0.0000,0.0000,0.00000,0.00000
3.12,10.62,0.0003,0.0000,0.00000,0.00000
3.38,10.62,0.0067,0.0000,0.00000,0.00010
3.62,10.62,0.0760,0.0000,0.00000,0.00116
3.88,10.62,0.3903,0.0000,0.00000,0.00614
4.12,10.62,0.9676,0.0000,0.00000,0.01587
4.38,10.62,1.3509,0.0000,0.00000,0.02236
4.62,10.62,1.4764,0.0000,0.00000,0.02255
4.88,10.62,1.7092,0.0000,0.00000,0.02375
5.12,10.62,1.7607,0.0000,0.00000,0.02321
5.38,10.62,1.8018,0.0000,0.00000,0.02139
5.62,10.62,2.0292,0.0000,0.00000,0.02239
5.88,10.62,1.7937,0.0000,0.00000,0.02021
6.12,10.62,1.8898,0.0000,0.00000,0.01960
6.38,10.62,2.2310,0.0000,0.00000,0.02129
6.62,10.62,1.6278,0.0000,0.00000,0.01557
6.88,10.62,1.6950,0.0000,0.00000,0.01551
7.12,10.62,2.3558,0.0000,0.00000,0.02049
7.38,10.62,1.8707,0.0000,0.00000,0.01602
2.62,10.88,0.0000,0.0000,0.00000,0.00000
2.88,10.88,0.0000,0.0000,0.00000,0.00000
3.12,10.88,0.0003,0.0000,0.00000,0.00000
3.38,10.88,0.0066,0.0000,0.00000,0.00010
3.62,10.88,0.0758,0.0000,0.00000,0.00119
3.88,10.88,0.3939,0.0000,0.00000,0.00647
4.12,10.88,0.9907,0.0000,0.00000,0.01709
4.38,10.88,1.3850,0.0000,0.00000,0.02412
4.62,10.88,1.4804,0.0000,0.00000,0.02338
4.88,10.88,1.7150,0.0000,0.00000,0.02399
5.12,10.88,1.8003,0.0000,0.00000,0.02394
5.38,10.88,1.8159,0.0000,0.00000,0.02197
5.62,10.88,2.0367,0.0000,0.00000,0.02286
5.88,10.88,1.8394,0.0000,0.00000,0.02097
6.12,10.88,1.9325,0.0000,0.00000,0.02008
6.38,10.88,2.2588,0.0000,0.00000,0.02148
6.62,10.88,1.6439,0.0000,0.00000,0.01566
6.88,10.88,1.7088,0.0000,0.00000,0.01566
7.12,10.88,2.3802,0.0000,0.00000,0.02088
7.38,10.88,1.8929,0.0000,0.00000,0.01640
2.62,11.12,0.0000,0.0000,0.00000,0.00000
2.88,11.12,0.0000,0.0000,0.00000,0.00000
3.12,11.12,0.0003,0.0000,0.00000,0.00000
3.38,11.12,0.0067,0.0000,0.00000,0.00011
3.62,11.12,0.0755,0.0000,0.00000,0.00125
3.88,11.12,0.3959,0.0000,0.00000,0.00675
4.12,11.12,1.0140,0.0000,0.00000,0.01779
4.38,11.12,1.4256,0.0000,0.00000,0.02491
4.62,11.12,1.4874,0.0000,0.00000,0.02362
4.88,11.12,1.7222,0.0000,0.00000,0.02438
5.12,11.12,1.8486,0.0000,0.00000,0.02500
5.38,11.12,1.8314,0.0000,0.00000,0.02242
5.62,11.12,2.0389,0.0000,0.00000,0.02271
5.88,11.12,1.8894,0.0000,0.00000,0.02094
6.12,11.12,1.9812,0.0000,0.00000,0.02038
6.38,11.12,2.2905,0.0000,0.00000,0.02203
6.62,11.12,1.6644,0.0000,0.00000,0.01606
6.88,11.12,1.7223,0.0000,0.00000,0.01624
7.12,11.12,2.3995,0.0000,0.00000,0.02191
7.38,11.12,1.9102,0.0000,0.00000,0.01728
2.62,11.38,0.0000,0.0000,0.00000,0.00000
2.88,11.38,0.0000,0.0000,0.00000,0.00000
3.12,11.38,0.0004,0.0000,0.00000,0.00000
3.38,11.38,0.0070,0.0000,0.00000,0.00012
3.62,11.38,0.0754,0.0000,0.00000,0.00133
3.88,11.38,0.3971,0.0000,0.00000,0.00711
4.12,11.38,1.0367,0.0000,0.00000,0.01859
4.38,11.38,1.4653,0.0000,0.00000,0.02566
4.62,11.38,1.4878,0.0000,0.00000,0.02371
4.88,11.38,1.7210,0.0000,0.00000,0.02459
5.12,11.38,1.8932,0.0000,0.00000,0.02588
5.38,11.38,1.8406,0.0000,0.00000,0.02279
5.62,11.38,2.0348,0.0000,0.00000,0.02265
5.88,11.38,1.9482,0.0000,0.00000,0.02117
6.12,11.38,2.0368,0.0000,0.00000,0.02083
6.38,11.38,2.3208,0.0000,0.00000,0.02258
6.62,11.38,1.6874,0.0000,0.00000,0.01661
6.88,11.38,1.7422,0.0000,0.00000,0.01713
7.12,11.38,2.4246,0.0000,0.00000,0.02327
7.38,11.38,1.9312,0.0000,0.00000,0.01839
2.62,11.62,0.0000,0.0000,0.00000,0.00000
2.88,11.62,0.0000,0.0000,0.00000,0.00000
3.12,11.62,0.0004,0.0000,0.00000,0.00001
3.38,11.62,0.0071,0.0000,0.00000,0.00012
3.62,11.62,0.0753,0.0000,0.00000,0.00140
3.88,11.62,0.3994,0.0000,0.00000,0.00749
4.12,11.62,1.0647,0.0000,0.00000,0.01972
4.38,11.62,1.5132,0.0000,0.00000,0.02708
4.62,11.62,1.4883,0.0000,0.00000,0.02411
4.88,11.62,1.7158,0.0000,0.00000,0.02435
5.12,11.62,1.9389,0.0000,0.00000,0.02603
5.38,11.62,1.8449,0.0000,0.00000,0.02291
5.62,11.62,2.0237,0.0000,0.00000,0.02292
5.88,11.62,2.0138,0.0000,0.00000,0.02207
6.12,11.62,2.0977,0.0000,0.00000,0.02177
6.38,11.62,2.3494,0.0000,0.00000,0.02345
6.62,11.62,1.7130,0.0000,0.00000,0.01739
6.88,11.62,1.7681,0.0000,0.00000,0.01771
7.12,11.62,2.4550,0.0000,0.00000,0.02381
7.38,11.62,1.9556,0.0000,0.00000,0.01878
2.62,11.88,0.0000,0.0000,0.00000,0.00000
2.88,11.88,0.0000,0.0000,0.00000,0.00000
3.12,11.88,0.0004,0.0000,0.00000,0.00001
3.38,11.88,0.0072,0.0000,0.00000,0.00013
3.62,11.88,0.0751,0.0000,0.00000,0.00143
3.88,11.88,0.4010,0.0000,0.00000,0.00767
4.12,11.88,1.0938,0.0000,0.00000,0.02055
4.38,11.88,1.5691,0.0000,0.00000,0.02852
4.62,11.88,1.4985,0.0000,0.00000,0.02481
4.88,11.88,1.7149,0.0000,0.00000,0.02433
5.12,11.88,1.9828,0.0000,0.00000,0.02614
5.38,11.88,1.8377,0.0000,0.00000,0.02276
5.62,11.88,2.0006,0.0000,0.00000,0.02295
5.88,11.88,2.0831,0.0000,0.00000,0.02315
6.12,11.88,2.1620,0.0000,0.00000,0.02309
6.38,11.88,2.3729,0.0000,0.00000,0.02464
6.62,11.88,1.7369,0.0000,0.00000,0.01836
6.88,11.88,1.7890,0.0000,0.00000,0.01864
7.12,11.88,2.4734,0.0000,0.00000,0.02494
7.38,11.88,1.9698,0.0000,0.00000,0.01967
2.62,12.12,0.0000,0.0000,0.00000,0.00000
2.88,12.12,0.0000,0.0000,0.00000,0.00000
3.12,12.12,0.0004,0.0000,0.00000,0.00001
3.38,12.12,0.0074,0.0000,0.00000,0.00013
3.62,12.12,0.0748,0.0000,0.00000,0.00138
3.88,12.12,0.3991,0.0000,0.00000,0.00743
4.12,12.12,1.1123,0.0000,0.00000,0.02042
4.38,12.12,1.6134,0.0000,0.00000,0.02899
4.62,12.12,1.5042,0.0000,0.00000,0.02525
4.88,12.12,1.7090,0.0000,0.00000,0.02478
5.12,12.12,2.0167,0.0000,0.00000,0.02705
5.38,12.12,1.8175,0.0000,0.00000,0.02314
5.62,12.12,1.9654,0.0000,0.00000,0.02318
5.88,12.12,2.1504,0.0000,0.00000,0.02436
6.12,12.12,2.2231,0.0000,0.00000,0.02439
6.38,12.12,2.3886,0.0000,0.00000,0.02565
6.62,12.12,1.7606,0.0000,0.00000,0.01946
6.88,12.12,1.8050,0.0000,0.00000,0.02048
7.12,12.12,2.4761,0.0000,0.00000,0.02770
7.38,12.12,1.9704,0.0000,0.00000,0.02190
2.62,12.38,0.0000,0.0000,0.00000,0.00000
2.88,12.38,0.0000,0.0000,0.00000,0.00000
3.12,12.38,0.0005,0.0000,0.00000,0.00001
3.38,12.38,0.0078,0.0000,0.00000,0.00013
3.62,12.38,0.0750,0.0000,0.00000,0.00136
3.88,12.38,0.3982,0.0000,0.00000,0.00728
4.12,12.38,1.1335,0.0000,0.00000,0.02049
4.38,12.38,1.6648,0.0000,0.00000,0.02974
4.62,12.38,1.5192,0.0000,0.00000,0.02599
4.88,12.38,1.7076,0.0000,0.00000,0.02584
5.12,12.38,2.0536,0.0000,0.00000,0.02909
5.38,12.38,1.8009,0.0000,0.00000,0.02459
5.62,12.38,1.9335,0.0000,0.00000,0.02431
5.88,12.38,2.2223,0.0000,0.00000,0.02648
6.12,12.38,2.2795,0.0000,0.00000,0.02621
6.38,12.38,2.3981,0.0000,0.00000,0.02701
6.62,12.38,1.7938,0.0000,0.00000,0.02107
6.88,12.38,1.8363,0.0000,0.00000,0.02299
7.12,12.38,2.4925,0.0000,0.00000,0.03123
7.38,12.38,1.9804,0.0000,0.00000,0.02472
2.62,12.62,0.0000,0.0000,0.00000,0.00000
2.88,12.62,0.0000,0.0000,0.00000,0.00000
3.12,12.62,0.0005,0.0000,0.00000,0.00001
3.38,12.62,0.0080,0.0000,0.00000,0.00015
3.62,12.62,0.0736,0.0000,0.00000,0.00141
3.88,12.62,0.3918,0.0000,0.00000,0.00742
4.12,12.62,1.1446,0.0000,0.00000,0.02116
4.38,12.62,1.7128,0.0000,0.00000,0.03121
4.62,12.62,1.5449,0.0000,0.00000,0.02739
4.88,12.62,1.7146,0.0000,0.00000,0.02748
5.12,12.62,2.0940,0.0000,0.00000,0.03168
5.38,12.62,1.7941,0.0000,0.00000,0.02645
5.62,12.62,1.9093,0.0000,0.00000,0.02600
5.88,12.62,2.2886,0.0000,0.00000,0.02951
6.12,12.62,2.3194,0.0000,0.00000,0.02889
6.38,12.62,2.3983,0.0000,0.00000,0.02931
6.62,12.62,1.8401,0.0000,0.00000,0.02346
6.88,12.62,1.8843,0.0000,0.00000,0.02531
7.12,12.62,2.5186,0.0000,0.00000,0.03367
7.38,12.62,1.9959,0.0000,0.00000,0.02655
2.62,12.88,0.0000,0.0000,0.00000,0.00000
2.88,12.88,0.0000,0.0000,0.00000,0.00000
3.12,12.88,0.0005,0.0000,0.00000,0.00001
3.38,12.88,0.0079,0.0000,0.00000,0.00016
3.62,12.88,0.0710,0.0000,0.00000,0.00145
3.88,12.88,0.3795,0.0000,0.00000,0.00752
4.12,12.88,1.1372,0.0000,0.00000,0.02172
4.38,12.88,1.7397,0.0000,0.00000,0.03268
4.62,12.88,1.5705,0.0000,0.00000,0.02901
4.88,12.88,1.7199,0.0000,0.00000,0.02915
5.12,12.88,2.1198,0.0000,0.00000,0.03401
5.38,12.88,1.7908,0.0000,0.00000,0.02831
5.62,12.88,1.8923,0.0000,0.00000,0.02811
5.88,12.88,2.3412,0.0000,0.00000,0.03312
6.12,12.88,2.3353,0.0000,0.00000,0.03192
6.38,12.88,2.3832,0.0000,0.00000,0.03192
6.62,12.88,1.8969,0.0000,0.00000,0.02641
6.88,12.88,1.9440,0.0000,0.00000,0.02823
7.12,12.88,2.5434,0.0000,0.00000,0.03665
7.38,12.88,2.0072,0.0000,0.00000,0.02876
2.62,13.12,0.0000,0.0000,0.00000,0.00000
2.88,13.12,0.0000,0.0000,0.00000,0.00000
3.12,13.12,0.0005,0.0000,0.00000,0.00001
3.38,13.12,0.0077,0.0000,0.00000,0.00017
3.62,13.12,0.0684,0.0000,0.00000,0.00147
3.88,13.12,0.3662,0.0000,0.00000,0.00754
4.12,13.12,1.1181,0.0000,0.00000,0.02214
4.38,13.12,1.7517,0.0000,0.00000,0.03410
4.62,13.12,1.6037,0.0000,0.00000,0.03080
4.88,13.12,1.7264,0.0000,0.00000,0.03100
5.12,13.12,2.1300,0.0000,0.00000,0.03653
5.38,13.12,1.7983,0.0000,0.00000,0.03061
5.62,13.12,1.8940,0.0000,0.00000,0.03048
5.88,13.12,2.3824,0.0000,0.00000,0.03644
6.12,13.12,2.3187,0.0000,0.00000,0.03443
6.38,13.12,2.3434,0.0000,0.00000,0.03431
6.62,13.12,1.9660,0.0000,0.00000,0.02997
6.88,13.12,2.0205,0.0000,0.00000,0.03237
7.12,13.12,2.5685,0.0000,0.00000,0.04122
7.38,13.12,2.0144,0.0000,0.00000,0.03223
2.62,13.38,0.0000,0.0000,0.00000,0.00000
2.88,13.38,0.0000,0.0000,0.00000,0.00000
3.12,13.38,0.0005,0.0000,0.00000,0.00001
3.38,13.38,0.0078,0.0000,0.00000,0.00018
3.62,13.38,0.0674,0.0000,0.00000,0.00149
3.88,13.38,0.3544,0.0000,0.00000,0.00758
4.12,13.38,1.0881,0.0000,0.00000,0.02245
4.38,13.38,1.7492,0.0000,0.00000,0.03530
4.62,13.38,1.6480,0.0000,0.00000,0.03278
4.88,13.38,1.7369,0.0000,0.00000,0.03328
5.12,13.38,2.1293,0.0000,0.00000,0.03962
5.38,13.38,1.8203,0.0000,0.00000,0.03368
5.62,13.38,1.9089,0.0000,0.00000,0.03313
5.88,13.38,2.4056,0.0000,0.00000,0.03940
6.12,13.38,2.2690,0.0000,0.00000,0.03644
6.38,13.38,2.2810,0.0000,0.00000,0.03669
6.62,13.38,2.0509,0.0000,0.00000,0.03430
6.88,13.38,2.1211,0.0000,0.00000,0.03720
7.12,13.38,2.6053,0.0000,0.00000,0.04610
7.38,13.38,2.0270,0.0000,0.00000,0.03585
2.62,13.62,0.0000,0.0000,0.00000,0.00000
2.88,13.62,0.0000,0.0000,0.00000,0.00000
3.12,13.62,0.0005,0.0000,0.00000,0.00001
3.38,13.62,0.0079,0.0000,0.00000,0.00019
3.62,13.62,0.0666,0.0000,0.00000,0.00153
3.88,13.62,0.3413,0.0000,0.00000,0.00753
4.12,13.62,1.0487,0.0000,0.00000,0.02231
4.38,13.62,1.7389,0.0000,0.00000,0.03607
4.62,13.62,1.7025,0.0000,0.00000,0.03498
4.88,13.62,1.7427,0.0000,0.00000,0.03584
5.12,13.62,2.1119,0.0000,0.00000,0.04315
5.38,13.62,1.8601,0.0000,0.00000,0.03780
5.62,13.62,1.9456,0.0000,0.00000,0.03704
5.88,13.62,2.4213,0.0000,0.00000,0.04357
6.12,13.62,2.1952,0.0000,0.00000,0.03894
6.38,13.62,2.2015,0.0000,0.00000,0.03925
6.62,13.62,2.1515,0.0000,0.00000,0.03953
6.88,13.62,2.2439,0.0000,0.00000,0.04306
7.12,13.62,2.6528,0.0000,0.00000,0.05173
7.38,13.62,2.0442,0.0000,0.00000,0.03994
2.62,13.88,0.0000,0.0000,0.00000,0.00000
2.88,13.88,0.0000,0.0000,0.00000,0.00000
3.12,13.88,0.0005,0.0000,0.00000,0.00001
3.38,13.88,0.0081,0.0000,0.00000,0.00021
3.62,13.88,0.0653,0.0000,0.00000,0.00160
3.88,13.88,0.3248,0.0000,0.00000,0.00748
4.12,13.88,1.0002,0.0000,0.00000,0.02206
4.38,13.88,1.7213,0.0000,0.00000,0.03705
4.62,13.88,1.7575,0.0000,0.00000,0.03774
4.88,13.88,1.7342,0.0000,0.00000,0.03828
5.12,13.88,2.0788,0.0000,0.00000,0.04648
5.38,13.88,1.9274,0.0000,0.00000,0.04305
5.62,13.88,2.0079,0.0000,0.00000,0.04292
5.88,13.88,2.4276,0.0000,0.00000,0.04996
6.12,13.88,2.1048,0.0000,0.00000,0.04311
6.38,13.88,2.1163,0.0000,0.00000,0.04353
6.62,13.88,2.2668,0.0000,0.00000,0.04734
6.88,13.88,2.3757,0.0000,0.00000,0.05094
7.12,13.88,2.6922,0.0000,0.00000,0.05854
7.38,13.88,2.0518,0.0000,0.00000,0.04472
2.62,14.12,0.0000,0.0000,0.00000,0.00000
2.88,14.12,0.0000,0.0000,0.00000,0.00000
3.12,14.12,0.0005,0.0000,0.00000,0.00001
3.38,14.12,0.0080,0.0000,0.00000,0.00022
3.62,14.12,0.0628,0.0000,0.00000,0.00167
3.88,14.12,0.3034,0.0000,0.00000,0.00754
4.12,14.12,0.9329,0.0000,0.00000,0.02201
4.38,14.12,1.6713,0.0000,0.00000,0.03814
4.62,14.12,1.7883,0.0000,0.00000,0.04058
4.88,14.12,1.7015,0.0000,0.00000,0.04048
5.12,14.12,2.0267,0.0000,0.00000,0.04973
5.38,14.12,2.0142,0.0000,0.00000,0.04958
5.62,14.12,2.0772,0.0000,0.00000,0.05055
5.88,14.12,2.4101,0.0000,0.00000,0.05802
6.12,14.12,2.0059,0.0000,0.00000,0.04867
6.38,14.12,2.0301,0.0000,0.00000,0.04918
6.62,14.12,2.3758,0.0000,0.00000,0.05735
6.88,14.12,2.5004,0.0000,0.00000,0.06120
7.12,14.12,2.7240,0.0000,0.00000,0.06750
7.38,14.12,2.0536,0.0000,0.00000,0.05103
2.62,14.38,0.0000,0.0000,0.00000,0.00000
2.88,14.38,0.0000,0.0000,0.00000,0.00000
3.12,14.38,0.0005,0.0000,0.00000,0.00001
3.38,14.38,0.0073,0.0000,0.00000,0.00021
3.62,14.38,0.0576,0.0000,0.00000,0.00161
3.88,14.38,0.2776,0.0000,0.00000,0.00742
4.12,14.38,0.8613,0.0000,0.00000,0.02201
4.38,14.38,1.6166,0.0000,0.00000,0.03984
4.62,14.38,1.8189,0.0000,0.00000,0.04472
4.88,14.38,1.6624,0.0000,0.00000,0.04416
5.12,14.38,1.9584,0.0000,0.00000,0.05493
5.38,14.38,2.0992,0.0000,0.00000,0.05884
5.62,14.38,2.1363,0.0000,0.00000,0.06019
5.88,14.38,2.3755,0.0000,0.00000,0.06763
6.12,14.38,1.9353,0.0000,0.00000,0.05628
6.38,14.38,1.9772,0.0000,0.00000,0.05729
6.62,14.38,2.4762,0.0000,0.00000,0.07073
6.88,14.38,2.6062,0.0000,0.00000,0.07512
7.12,14.38,2.7454,0.0000,0.00000,0.08008
7.38,14.38,2.0497,0.0000,0.00000,0.05997
2.62,14.62,0.0000,0.0000,0.00000,0.00000
2.88,14.62,0.0000,0.0000,0.00000,0.00000
3.12,14.62,0.0004,0.0000,0.00000,0.00001
3.38,14.62,0.0058,0.0000,0.00000,0.00017
3.62,14.62,0.0490,0.0000,0.00000,0.00137
3.88,14.62,0.2456,0.0000,0.00000,0.00678
4.12,14.62,0.7830,0.0000,0.00000,0.02136
4.38,14.62,1.5557,0.0000,0.00000,0.04170
4.62,14.62,1.8524,0.0000,0.00000,0.05005
4.88,14.62,1.6397,0.0000,0.00000,0.04898
5.12,14.62,1.9003,0.0000,0.00000,0.06186
5.38,14.62,2.1784,0.0000,0.00000,0.07135
5.62,14.62,2.1578,0.0000,0.00000,0.07241
5.88,14.62,2.3057,0.0000,0.00000,0.08040
6.12,14.62,1.9191,0.0000,0.00000,0.06982
6.38,14.62,1.9788,0.0000,0.00000,0.07203
6.62,14.62,2.5465,0.0000,0.00000,0.09040
6.88,14.62,2.6756,0.0000,0.00000,0.09447
7.12,14.62,2.7597,0.0004,0.00000,0.09759
7.38,14.62,2.0473,0.0024,0.00000,0.07247
2.62,14.88,0.0000,0.0000,0.00000,0.00000
2.88,14.88,0.0000,0.0000,0.00000,0.00000
3.12,14.88,0.0002,0.0000,0.00000,0.00001
3.38,14.88,0.0042,0.0000,0.00000,0.00011
3.62,14.88,0.0390,0.0000,0.00000,0.00108
3.88,14.88,0.2085,0.0000,0.00000,0.00595
4.12,14.88,0.6902,0.0000,0.00000,0.02021
4.38,14.88,1.4607,0.0000,0.00000,0.04270
4.62,14.88,1.8534,0.0000,0.00000,0.05462
4.88,14.88,1.6224,0.0000,0.00000,0.05301
5.12,14.88,1.8396,0.0000,0.00000,0.06839
5.38,14.88,2.2144,0.0000,0.00000,0.08536
5.62,14.88,2.1159,0.0000,0.00000,0.08658
5.88,14.88,2.1995,0.0000,0.00000,0.09793
6.12,14.88,1.9766,0.0000,0.00000,0.09469
6.38,14.88,2.0468,0.0000,0.00000,0.09992
6.62,14.88,2.5822,0.0000,0.00000,0.12262
6.88,14.88,2.6990,0.0010,0.00000,0.12520
7.12,14.88,2.7559,0.0131,0.00000,0.12616
7.38,14.88,2.0381,0.0789,0.00000,0.09399
2.62,15.12,0.0000,0.0000,0.00000,0.00000
2.88,15.12,0.0000,0.0000,0.00000,0.00000
3.12,15.12,0.0001,0.0000,0.00000,0.00000
3.38,15.12,0.0029,0.0000,0.00000,0.00008
3.62,15.12,0.0302,0.0000,0.00000,0.00092
3.88,15.12,0.1707,0.0000,0.00000,0.00541
4.12,15.12,0.5892,0.0000,0.00000,0.01922
4.38,15.12,1.3377,0.0000,0.00000,0.04356
4.62,15.12,1.8285,0.0000,0.00000,0.05987
4.88,15.12,1.6320,0.0000,0.00000,0.05885
5.12,15.12,1.7812,0.0000,0.00000,0.07558
5.38,15.12,2.1810,0.0000,0.00000,0.09892
5.62,15.12,2.0121,0.0000,0.00000,0.10031
5.88,15.12,2.0575,0.0000,0.00000,0.11791
6.12,15.12,2.0675,0.0000,0.00000,0.13104
6.38,15.12,2.1464,0.0000,0.00000,0.14479
6.62,15.12,2.5745,0.0004,0.00000,0.17445
6.88,15.12,2.6688,0.0124,0.00000,0.17713
7.12,15.12,2.7157,0.1595,0.00000,0.17892
7.38,15.12,2.0115,0.9417,0.00000,0.14535
2.62,15.38,0.0000,0.0000,0.00000,0.00000
2.88,15.38,0.0000,0.0000,0.00000,0.00000
3.12,15.38,0.0001,0.0000,0.00000,0.00000
3.38,15.38,0.0020,0.0000,0.00000,0.00007
3.62,15.38,0.0228,0.0000,0.00000,0.00081
3.88,15.38,0.1340,0.0000,0.00000,0.00493
4.12,15.38,0.4837,0.0000,0.00000,0.01805
4.38,15.38,1.1877,0.0000,0.00000,0.04387
4.62,15.38,1.7745,0.0000,0.00000,0.06557
4.88,15.38,1.6750,0.0000,0.00000,0.06685
5.12,15.38,1.7370,0.0000,0.00000,0.08210
5.38,15.38,2.1053,0.0000,0.00000,0.10933
5.62,15.38,1.9209,0.0000,0.00000,0.11340
5.88,15.38,1.9169,0.0000,0.00000,0.13726
6.12,15.38,2.1025,0.0000,0.00000,0.16898
6.38,15.38,2.1380,0.0000,0.00000,0.19128
6.62,15.38,2.3873,0.0017,0.00000,0.22904
6.88,15.38,2.4740,0.0560,0.00000,0.24483
7.12,15.38,2.5298,0.7082,0.00000,0.26521
7.38,15.38,1.9170,3.8539,0.00000,0.27493
2.62,15.62,0.0000,0.0000,0.00000,0.00000
2.88,15.62,0.0000,0.0000,0.00000,0.00000
3.12,15.62,0.0001,0.0000,0.00000,0.00000
3.38,15.62,0.0013,0.0000,0.00000,0.00005
3.62,15.62,0.0159,0.0000,0.00000,0.00063
3.88,15.62,0.0977,0.0000,0.00000,0.00402
4.12,15.62,0.3744,0.0000,0.00000,0.01568
4.38,15.62,0.9999,0.0000,0.00000,0.04166
4.62,15.62,1.6547,0.0000,0.00000,0.06883
4.88,15.62,1.7013,0.0000,0.00000,0.07474
5.12,15.62,1.6689,0.0000,0.00000,0.08545
5.38,15.62,1.9836,0.0000,0.00000,0.11467
5.62,15.62,1.9141,0.0000,0.00000,0.12875
5.88,15.62,1.8609,0.0000,0.00000,0.15583
6.12,15.62,2.0728,0.0000,0.00000,0.19759
6.38,15.62,2.0319,0.0000,0.00000,0.22278
6.62,15.62,2.0791,0.0030,0.00000,0.26409
6.88,15.62,2.1158,0.0948,0.00000,0.29909
7.12,15.62,2.0972,1.1630,0.00000,0.34737
7.38,15.62,1.7107,5.6205,0.00000,0.47571
7.62,15.62,1.1083,10.6704,0.00000,0.61256
7.88,15.62,0.6011,7.1277,0.00000,0.40288
8.12,15.62,0.3402,1.6272,0.00000,0.12023
8.38,15.62,0.2694,0.1338,0.00000,0.02892
8.62,15.62,0.2603,0.0040,0.00000,0.01415
8.88,15.62,0.2630,0.0000,0.00000,0.01101
9.12,15.62,0.2684,0.0000,0.00000,0.00918
9.38,15.62,0.2762,0.0000,0.00000,0.00760
9.62,15.62,0.2818,0.0000,0.00000,0.00611
9.88,15.62,0.2835,0.0000,0.00000,0.00480
10.12,15.62,0.2860,0.0000,0.00000,0.00390
10.38,15.62,0.2878,0.0000,0.00000,0.00339
10.62,15.62,0.2868,0.0000,0.00000,0.00302
10.88,15.62,0.2859,0.0000,0.00000,0.00272
11.12,15.62,0.2855,0.0000,0.00000,0.00239
11.38,15.62,0.2875,0.0000,0.00000,0.00205
11.62,15.62,0.2901,0.0000,0.00000,0.00179
11.88,15.62,0.2895,0.0000,0.00000,0.00159
12.12,15.62,0.2885,0.0000,0.00000,0.00142
12.38,15.62,0.2888,0.0000,0.00000,0.00127
12.62,15.62,0.2905,0.0000,0.00000,0.00117
12.88,15.62,0.2918,0.0000,0.00000,0.00109
13.12,15.62,0.2912,0.0000,0.00000,0.00102
13.38,15.62,0.2915,0.0000,0.00000,0.00096
13.62,15.62,0.2926,0.0000,0.00000,0.00090
13.88,15.62,0.2925,0.0000,0.00000,0.00085
14.12,15.62,0.2902,0.0000,0.00000,0.00079
14.38,15.62,0.2881,0.0000,0.00000,0.00076
14.62,15.62,0.2902,0.0000,0.00000,0.00074
14.88,15.62,0.2926,0.0000,0.00000,0.00074
15.12,15.62,0.2907,0.0000,0.00000,0.00072
15.38,15.62,0.2897,0.0000,0.00000,0.00069
15.62,15.62,0.2912,0.0000,0.00000,0.00069
15.88,15.62,0.2907,0.0000,0.00000,0.00068
16.12,15.62,0.2876,0.0000,0.00000,0.00067
16.38,15.62,0.2840,0.0000,0.00000,0.00069
16.62,15.62,0.2815,0.0000,0.00000,0.00073
16.88,15.62,0.2806,0.0000,0.00000,0.00076
2.62,15.88,0.0000,0.0000,0.00000,0.00000
2.88,15.88,0.0000,0.0000,0.00000,0.00000
3.12,15.88,0.0000,0.0000,0.00000,0.00000
3.38,15.88,0.0007,0.0000,0.00000,0.00003
3.62,15.88,0.0093,0.0000,0.00000,0.00039
3.88,15.88,0.0623,0.0000,0.00000,0.00275
4.12,15.88,0.2639,0.0000,0.00000,0.01213
4.38,15.88,0.7829,0.0000,0.00000,0.03653
4.62,15.88,1.4681,0.0000,0.00000,0.06903
4.88,15.88,1.6906,0.0000,0.00000,0.08328
5.12,15.88,1.5875,0.0000,0.00000,0.08991
5.38,15.88,1.8212,0.0000,0.00000,0.11942
5.62,15.88,1.9370,0.0000,0.00000,0.14801
5.88,15.88,1.8521,0.0000,0.00000,0.17445
6.12,15.88,1.9854,0.0000,0.00000,0.21784
6.38,15.88,1.9653,0.0002,0.00000,0.25574
6.62,15.88,1.9006,0.0038,0.00000,0.30302
6.88,15.88,1.8398,0.0704,0.00000,0.33824
7.12,15.88,1.6539,0.7649,0.00000,0.38167
7.38,15.88,1.4687,3.4034,0.00000,0.61481
7.62,15.88,1.3261,5.7207,0.00000,0.85056
7.88,15.88,1.1036,3.5173,0.00000,0.58872
8.12,15.88,0.9186,0.7872,0.00000,0.22056
8.38,15.88,0.8555,0.0647,0.00000,0.08018
8.62,15.88,0.8559,0.0020,0.00000,0.04759
8.88,15.88,0.8734,0.0000,0.00000,0.03740
9.12,15.88,0.8948,0.0000,0.00000,0.03109
9.38,15.88,0.9196,0.0000,0.00000,0.02565
9.62,15.88,0.9354,0.0000,0.00000,0.02057
9.88,15.88,0.9422,0.0000,0.00000,0.01619
10.12,15.88,0.9559,0.0000,0.00000,0.01325
10.38,15.88,0.9659,0.0000,0.00000,0.01149
10.62,15.88,0.9631,0.0000,0.00000,0.01020
10.88,15.88,0.9606,0.0000,0.00000,0.00915
11.12,15.88,0.9619,0.0000,0.00000,0.00805
11.38,15.88,0.9695,0.0000,0.00000,0.00690
11.62,15.88,0.9774,0.0000,0.00000,0.00600
11.88,15.88,0.9760,0.0000,0.00000,0.00535
12.12,15.88,0.9737,0.0000,0.00000,0.00479
12.38,15.88,0.9750,0.0000,0.00000,0.00430
12.62,15.88,0.9800,0.0000,0.00000,0.00396
12.88,15.88,0.9845,0.0000,0.00000,0.00371
13.12,15.88,0.9827,0.0000,0.00000,0.00345
13.38,15.88,0.9841,0.0000,0.00000,0.00325
13.62,15.88,0.9879,0.0000,0.00000,0.00306
13.88,15.88,0.9874,0.0000,0.00000,0.00287
14.12,15.88,0.9793,0.0000,0.00000,0.00270
14.38,15.88,0.9724,0.0000,0.00000,0.00257
14.62,15.88,0.9798,0.0000,0.00000,0.00252
14.88,15.88,0.9877,0.0000,0.00000,0.00251
15.12,15.88,0.9814,0.0000,0.00000,0.00243
15.38,15.88,0.9780,0.0000,0.00000,0.00235
15.62,15.88,0.9830,0.0000,0.00000,0.00233
15.88,15.88,0.9811,0.0000,0.00000,0.00231
16.12,15.88,0.9702,0.0000,0.00000,0.00228
16.38,15.88,0.9580,0.0000,0.00000,0.00232
16.62,15.88,0.9501,0.0000,0.00000,0.00246
16.88,15.88,0.9478,0.0000,0.00000,0.00257
2.62,16.12,0.0000,0.0000,0.00000,0.00000
2.88,16.12,0.0000,0.0000,0.00000,0.00000
3.12,16.12,0.0000,0.0000,0.00000,0.00000
3.38,16.12,0.0003,0.0000,0.00000,0.00001
3.62,16.12,0.0044,0.0000,0.00000,0.00021
3.88,16.12,0.0338,0.0000,0.00000,0.00165
4.12,16.12,0.1660,0.0000,0.00000,0.00847
4.38,16.12,0.5657,0.0000,0.00000,0.02970
4.62,16.12,1.2374,0.0000,0.00000,0.06606
4.88,16.12,1.6389,0.0000,0.00000,0.09157
5.12,16.12,1.5449,0.0000,0.00000,0.09809
5.38,16.12,1.6565,0.0000,0.00000,0.12323
5.62,16.12,1.8905,0.0000,0.00000,0.16263
5.88,16.12,1.8320,0.0000,0.00000,0.19246
6.12,16.12,1.8679,0.0000,0.00000,0.23543
6.38,16.12,1.9340,0.0008,0.00000,0.29176
6.62,16.12,1.8767,0.0088,0.00000,0.35249
6.88,16.12,1.7927,0.0583,0.00000,0.40314
7.12,16.12,1.5745,0.3164,0.00000,0.44232
7.38,16.12,1.3894,1.1086,0.00000,0.61740
7.62,16.12,1.4267,1.7143,0.00000,0.80549
7.88,16.12,1.4884,1.0216,0.00000,0.60678
8.12,16.12,1.4766,0.2275,0.00000,0.29010
8.38,16.12,1.4584,0.0191,0.00000,0.13819
8.62,16.12,1.4662,0.0007,0.00000,0.08776
8.88,16.12,1.4868,0.0000,0.00000,0.06712
9.12,16.12,1.5133,0.0000,0.00000,0.05469
9.38,16.12,1.5436,0.0000,0.00000,0.04483
9.62,16.12,1.5581,0.0000,0.00000,0.03581
9.88,16.12,1.5621,0.0000,0.00000,0.02805
10.12,16.12,1.5825,0.0000,0.00000,0.02272
10.38,16.12,1.5984,0.0000,0.00000,0.01949
10.62,16.12,1.5903,0.0000,0.00000,0.01714
10.88,16.12,1.5833,0.0000,0.00000,0.01528
11.12,16.12,1.5855,0.0000,0.00000,0.01349
11.38,16.12,1.5970,0.0000,0.00000,0.01159
11.62,16.12,1.6065,0.0000,0.00000,0.01002
11.88,16.12,1.6016,0.0000,0.00000,0.00890
12.12,16.12,1.5970,0.0000,0.00000,0.00797
12.38,16.12,1.5973,0.0000,0.00000,0.00715
12.62,16.12,1.6029,0.0000,0.00000,0.00658
12.88,16.12,1.6087,0.0000,0.00000,0.00615
13.12,16.12,1.6052,0.0000,0.00000,0.00571
13.38,16.12,1.6069,0.0000,0.00000,0.00538
13.62,16.12,1.6129,0.0000,0.00000,0.00506
13.88,16.12,1.6106,0.0000,0.00000,0.00474
14.12,16.12,1.5964,0.0000,0.00000,0.00446
14.38,16.12,1.5862,0.0000,0.00000,0.00425
14.62,16.12,1.5981,0.0000,0.00000,0.00415
14.88,16.12,1.6103,0.0000,0.00000,0.00413
15.12,16.12,1.5998,0.0000,0.00000,0.00400
15.38,16.12,1.5938,0.0000,0.00000,0.00386
15.62,16.12,1.6017,0.0000,0.00000,0.00382
15.88,16.12,1.5979,0.0000,0.00000,0.00378
16.12,16.12,1.5781,0.0000,0.00000,0.00371
16.38,16.12,1.5572,0.0000,0.00000,0.00379
16.62,16.12,1.5465,0.0000,0.00000,0.00402
16.88,16.12,1.5459,0.0000,0.00000,0.00421
2.62,16.38,0.0000,0.0000,0.00000,0.00000
2.88,16.38,0.0000,0.0000,0.00000,0.00000
3.12,16.38,0.0000,0.0000,0.00000,0.00000
3.38,16.38,0.0001,0.0000,0.00000,0.00001
3.62,16.38,0.0017,0.0000,0.00000,0.00009
3.88,16.38,0.0158,0.0000,0.00000,0.00087
4.12,16.38,0.0923,0.0000,0.00000,0.00531
4.38,16.38,0.3693,0.0000,0.00000,0.02192
4.62,16.38,0.9573,0.0000,0.00000,0.05790
4.88,16.38,1.4956,0.0000,0.00000,0.09467
5.12,16.38,1.5358,0.0000,0.00000,0.10862
5.38,16.38,1.5305,0.0000,0.00000,0.12499
5.62,16.38,1.7530,0.0000,0.00000,0.16286
5.88,16.38,1.7940,0.0000,0.00000,0.19897
6.12,16.38,1.7703,0.0001,0.00000,0.23888
6.38,16.38,1.8395,0.0017,0.00000,0.29725
6.62,16.38,1.8220,0.0154,0.00000,0.36659
6.88,16.38,1.7938,0.0775,0.00000,0.46308
7.12,16.38,1.7339,0.2309,0.00000,0.56747
7.38,16.38,1.5659,0.4624,0.00000,0.65202
7.62,16.38,1.4423,0.5413,0.00000,0.66135
7.88,16.38,1.4020,0.2941,0.00000,0.48697
8.12,16.38,1.3691,0.0679,0.00000,0.27369
8.38,16.38,1.3305,0.0077,0.00000,0.15160
8.62,16.38,1.3048,0.0006,0.00000,0.09539
8.88,16.38,1.2900,0.0000,0.00000,0.06729
9.12,16.38,1.2850,0.0000,0.00000,0.05179
9.38,16.38,1.2848,0.0000,0.00000,0.04172
9.62,16.38,1.2760,0.0000,0.00000,0.03334
9.88,16.38,1.2651,0.0000,0.00000,0.02609
10.12,16.38,1.2709,0.0000,0.00000,0.02075
10.38,16.38,1.2763,0.0000,0.00000,0.01725
10.62,16.38,1.2629,0.0000,0.00000,0.01476
10.88,16.38,1.2512,0.0000,0.00000,0.01297
11.12,16.38,1.2490,0.0000,0.00000,0.01151
11.38,16.38,1.2535,0.0000,0.00000,0.00999
11.62,16.38,1.2532,0.0000,0.00000,0.00852
11.88,16.38,1.2420,0.0000,0.00000,0.00738
12.12,16.38,1.2346,0.0000,0.00000,0.00653
12.38,16.38,1.2291,0.0000,0.00000,0.00584
12.62,16.38,1.2273,0.0000,0.00000,0.00535
12.88,16.38,1.2275,0.0000,0.00000,0.00495
13.12,16.38,1.2199,0.0000,0.00000,0.00454
13.38,16.38,1.2168,0.0000,0.00000,0.00424
13.62,16.38,1.2194,0.0000,0.00000,0.00398
13.88,16.38,1.2136,0.0000,0.00000,0.00372
14.12,16.38,1.1997,0.0000,0.00000,0.00350
14.38,16.38,1.1906,0.0000,0.00000,0.00331
14.62,16.38,1.1963,0.0000,0.00000,0.00320
14.88,16.38,1.2023,0.0000,0.00000,0.00317
15.12,16.38,1.1922,0.0000,0.00000,0.00307
15.38,16.38,1.1841,0.0000,0.00000,0.00294
15.62,16.38,1.1869,0.0000,0.00000,0.00289
15.88,16.38,1.1823,0.0000,0.00000,0.00284
16.12,16.38,1.1634,0.0000,0.00000,0.00278
16.38,16.38,1.1430,0.0000,0.00000,0.00282
16.62,16.38,1.1366,0.0000,0.00000,0.00301
16.88,16.38,1.1412,0.0000,0.00000,0.00317
2.62,16.62,0.0000,0.0000,0.00000,0.00000
2.88,16.62,0.0000,0.0000,0.00000,0.00000
3.12,16.62,0.0000,0.0000,0.00000,0.00000
3.38,16.62,0.0000,0.0000,0.00000,0.00000
3.62,16.62,0.0005,0.0000,0.00000,0.00003
3.88,16.62,0.0061,0.0000,0.00000,0.00036
4.12,16.62,0.0432,0.0000,0.00000,0.00269
4.38,16.62,0.2065,0.0000,0.00000,0.01357
4.62,16.62,0.6466,0.0000,0.00000,0.04409
4.88,16.62,1.2356,0.0000,0.00000,0.08874
5.12,16.62,1.4977,0.0000,0.00000,0.11766
5.38,16.62,1.4704,0.0000,0.00000,0.12969
5.62,16.62,1.5840,0.0000,0.00000,0.15510
5.88,16.62,1.7051,0.0000,0.00000,0.19022
6.12,16.62,1.6991,0.0003,0.00000,0.22775
6.38,16.62,1.7211,0.0028,0.00000,0.28144
6.62,16.62,1.7128,0.0177,0.00000,0.34652
6.88,16.62,1.6928,0.0724,0.00000,0.45351
7.12,16.62,1.7298,0.1858,0.00000,0.61207
7.38,16.62,1.7073,0.2995,0.00000,0.70781
7.62,16.62,1.5812,0.2885,0.00000,0.64544
7.88,16.62,1.4284,0.1494,0.00000,0.46302
8.12,16.62,1.2995,0.0424,0.00000,0.28896
8.38,16.62,1.2029,0.0085,0.00000,0.17605
8.62,16.62,1.1388,0.0013,0.00000,0.11017
8.88,16.62,1.0978,0.0001,0.00000,0.07317
9.12,16.62,1.0699,0.0000,0.00000,0.05324
9.38,16.62,1.0496,0.0000,0.00000,0.04185
9.62,16.62,1.0335,0.0000,0.00000,0.03373
9.88,16.62,1.0253,0.0000,0.00000,0.02732
10.12,16.62,1.0236,0.0000,0.00000,0.02205
10.38,16.62,1.0233,0.0000,0.00000,0.01794
10.62,16.62,1.0186,0.0000,0.00000,0.01506
10.88,16.62,1.0132,0.0000,0.00000,0.01308
11.12,16.62,1.0101,0.0000,0.00000,0.01154
11.38,16.62,1.0092,0.0000,0.00000,0.01004
11.62,16.62,1.0033,0.0000,0.00000,0.00843
11.88,16.62,0.9938,0.0000,0.00000,0.00712
12.12,16.62,0.9868,0.0000,0.00000,0.00613
12.38,16.62,0.9760,0.0000,0.00000,0.00538
12.62,16.62,0.9689,0.0000,0.00000,0.00487
12.88,16.62,0.9648,0.0000,0.00000,0.00440
13.12,16.62,0.9525,0.0000,0.00000,0.00394
13.38,16.62,0.9426,0.0000,0.00000,0.00361
13.62,16.62,0.9389,0.0000,0.00000,0.00335
13.88,16.62,0.9311,0.0000,0.00000,0.00312
14.12,16.62,0.9179,0.0000,0.00000,0.00293
14.38,16.62,0.9034,0.0000,0.00000,0.00273
14.62,16.62,0.8979,0.0000,0.00000,0.00257
14.88,16.62,0.8946,0.0000,0.00000,0.00249
15.12,16.62,0.8815,0.0000,0.00000,0.00239
15.38,16.62,0.8682,0.0000,0.00000,0.00227
15.62,16.62,0.8628,0.0000,0.00000,0.00221
15.88,16.62,0.8578,0.0000,0.00000,0.00216
16.12,16.62,0.8400,0.0000,0.00000,0.00210
16.38,16.62,0.8141,0.0000,0.00000,0.00209
16.62,16.62,0.8038,0.0000,0.00000,0.00222
16.88,16.62,0.8065,0.0000,0.00000,0.00237
2.62,16.88,0.0000,0.0000,0.00000,0.00000
2.88,16.88,0.0000,0.0000,0.00000,0.00000
3.12,16.88,0.0000,0.0000,0.00000,0.00000
3.38,16.88,0.0000,0.0000,0.00000,0.00000
3.62,16.88,0.0001,0.0000,0.00000,0.00001
3.88,16.88,0.0019,0.0000,0.00000,0.00011
4.12,16.88,0.0163,0.0000,0.00000,0.00106
4.38,16.88,0.0955,0.0000,0.00000,0.00689
4.62,16.88,0.3701,0.0000,0.00000,0.02822
4.88,16.88,0.8897,0.0000,0.00000,0.07094
5.12,16.88,1.3343,0.0000,0.00000,0.11310
5.38,16.88,1.4310,0.0000,0.00000,0.13241
5.62,16.88,1.4545,0.0000,0.00000,0.14731
5.88,16.88,1.5515,0.0000,0.00000,0.17336
6.12,16.88,1.6033,0.0006,0.00000,0.21117
6.38,16.88,1.6387,0.0043,0.00000,0.26894
6.62,16.88,1.6512,0.0195,0.00000,0.33080
6.88,16.88,1.6105,0.0598,0.00000,0.39701
7.12,16.88,1.5839,0.1283,0.00000,0.49582
7.38,16.88,1.5933,0.1880,0.00000,0.57345
7.62,16.88,1.5936,0.1752,0.00000,0.54790
7.88,16.88,1.5652,0.0969,0.00000,0.43822
8.12,16.88,1.5143,0.0351,0.00000,0.31648
8.38,16.88,1.4576,0.0105,0.00000,0.21736
8.62,16.88,1.4093,0.0024,0.00000,0.14820
8.88,16.88,1.3740,0.0003,0.00000,0.10483
9.12,16.88,1.3479,0.0000,0.00000,0.07863
9.38,16.88,1.3283,0.0000,0.00000,0.06117
9.62,16.88,1.3154,0.0000,0.00000,0.04857
9.88,16.88,1.3133,0.0000,0.00000,0.03958
10.12,16.88,1.3103,0.0000,0.00000,0.03244
10.38,16.88,1.3092,0.0000,0.00000,0.02673
10.62,16.88,1.3161,0.0000,0.00000,0.02255
10.88,16.88,1.3217,0.0000,0.00000,0.01941
11.12,16.88,1.3215,0.0000,0.00000,0.01675
11.38,16.88,1.3195,0.0000,0.00000,0.01431
11.62,16.88,1.3141,0.0000,0.00000,0.01206
11.88,16.88,1.3103,0.0000,0.00000,0.01028
12.12,16.88,1.3073,0.0000,0.00000,0.00882
12.38,16.88,1.3006,0.0000,0.00000,0.00768
12.62,16.88,1.2969,0.0000,0.00000,0.00687
12.88,16.88,1.2931,0.0000,0.00000,0.00614
13.12,16.88,1.2859,0.0000,0.00000,0.00553
13.38,16.88,1.2801,0.0000,0.00000,0.00510
13.62,16.88,1.2746,0.0000,0.00000,0.00474
13.88,16.88,1.2709,0.0000,0.00000,0.00445
14.12,16.88,1.2638,0.0000,0.00000,0.00419
14.38,16.88,1.2494,0.0000,0.00000,0.00393
14.62,16.88,1.2440,0.0000,0.00000,0.00370
14.88,16.88,1.2389,0.0000,0.00000,0.00355
15.12,16.88,1.2269,0.0000,0.00000,0.00341
15.38,16.88,1.2182,0.0000,0.00000,0.00329
15.62,16.88,1.2136,0.0000,0.00000,0.00321
15.88,16.88,1.2093,0.0000,0.00000,0.00314
16.12,16.88,1.1903,0.0000,0.00000,0.00306
16.38,16.88,1.1609,0.0000,0.00000,0.00307
16.62,16.88,1.1495,0.0000,0.00000,0.00325
16.88,16.88,1.1513,0.0000,0.00000,0.00345
2.62,17.12,0.0000,0.0000,0.00000,0.00000
2.88,17.12,0.0000,0.0000,0.00000,0.00000
3.12,17.12,0.0000,0.0000,0.00000,0.00000
3.38,17.12,0.0000,0.0000,0.00000,0.00000
3.62,17.12,0.0000,0.0000,0.00000,0.00000
3.88,17.12,0.0005,0.0000,0.00000,0.00003
4.12,17.12,0.0049,0.0000,0.00000,0.00035
4.38,17.12,0.0360,0.0000,0.00000,0.00283
4.62,17.12,0.1732,0.0000,0.00000,0.01421
4.88,17.12,0.5275,0.0000,0.00000,0.04441
5.12,17.12,1.0022,0.0000,0.00000,0.08779
5.38,17.12,1.2930,0.0000,0.00000,0.12074
5.62,17.12,1.3682,0.0000,0.00000,0.13865
5.88,17.12,1.4042,0.0001,0.00000,0.15620
6.12,17.12,1.4527,0.0009,0.00000,0.18649
6.38,17.12,1.5159,0.0058,0.00000,0.24293
6.62,17.12,1.5846,0.0212,0.00000,0.30977
6.88,17.12,1.5962,0.0532,0.00000,0.35350
7.12,17.12,1.5407,0.0956,0.00000,0.38154
7.38,17.12,1.4761,0.1254,0.00000,0.40233
7.62,17.12,1.4492,0.1162,0.00000,0.38916
7.88,17.12,1.4550,0.0695,0.00000,0.33881
8.12,17.12,1.4666,0.0325,0.00000,0.27243
8.38,17.12,1.4716,0.0160,0.00000,0.20813
8.62,17.12,1.4650,0.0059,0.00000,0.15712
8.88,17.12,1.4547,0.0011,0.00000,0.12149
9.12,17.12,1.4408,0.0001,0.00000,0.09493
9.38,17.12,1.4247,0.0000,0.00000,0.07295
9.62,17.12,1.4090,0.0000,0.00000,0.05677
9.88,17.12,1.3957,0.0000,0.00000,0.04530
10.12,17.12,1.3830,0.0000,0.00000,0.03668
10.38,17.12,1.3711,0.0000,0.00000,0.03037
10.62,17.12,1.3683,0.0000,0.00000,0.02538
10.88,17.12,1.3691,0.0000,0.00000,0.02116
11.12,17.12,1.3625,0.0000,0.00000,0.01768
11.38,17.12,1.3539,0.0000,0.00000,0.01488
11.62,17.12,1.3420,0.0000,0.00000,0.01258
11.88,17.12,1.3331,0.0000,0.00000,0.01079
12.12,17.12,1.3300,0.0000,0.00000,0.00930
12.38,17.12,1.3309,0.0000,0.00000,0.00813
12.62,17.12,1.3323,0.0000,0.00000,0.00722
12.88,17.12,1.3260,0.0000,0.00000,0.00640
13.12,17.12,1.3237,0.0000,0.00000,0.00577
13.38,17.12,1.3271,0.0000,0.00000,0.00540
13.62,17.12,1.3229,0.0000,0.00000,0.00508
13.88,17.12,1.3252,0.0000,0.00000,0.00478
14.12,17.12,1.3302,0.0000,0.00000,0.00451
14.38,17.12,1.3267,0.0000,0.00000,0.00426
14.62,17.12,1.3302,0.0000,0.00000,0.00406
14.88,17.12,1.3303,0.0000,0.00000,0.00391
15.12,17.12,1.3261,0.0000,0.00000,0.00379
15.38,17.12,1.3290,0.0000,0.00000,0.00368
15.62,17.12,1.3296,0.0000,0.00000,0.00360
15.88,17.12,1.3262,0.0000,0.00000,0.00352
16.12,17.12,1.3146,0.0000,0.00000,0.00345
16.38,17.12,1.2985,0.0000,0.00000,0.00350
16.62,17.12,1.2979,0.0000,0.00000,0.00371
16.88,17.12,1.3056,0.0000,0.00000,0.00392
2.62,17.38,0.0000,0.0000,0.00000,0.00000
2.88,17.38,0.0000,0.0000,0.00000,0.00000
3.12,17.38,0.0000,0.0000,0.00000,0.00000
3.38,17.38,0.0000,0.0000,0.00000,0.00000
3.62,17.38,0.0000,0.0000,0.00000,0.00000
3.88,17.38,0.0001,0.0000,0.00000,0.00001
4.12,17.38,0.0012,0.0000,0.00000,0.00009
4.38,17.38,0.0105,0.0000,0.00000,0.00087
4.62,17.38,0.0633,0.0000,0.00000,0.00535
4.88,17.38,0.2461,0.0000,0.00000,0.02125
5.12,17.38,0.6037,0.0000,0.00000,0.05380
5.38,17.38,0.9920,0.0000,0.00000,0.09294
5.62,17.38,1.2278,0.0000,0.00000,0.12406
5.88,17.38,1.3117,0.0001,0.00000,0.14437
6.12,17.38,1.3333,0.0015,0.00000,0.16343
6.38,17.38,1.3612,0.0080,0.00000,0.20116
6.62,17.38,1.4265,0.0226,0.00000,0.25896
6.88,17.38,1.4952,0.0445,0.00000,0.30754
7.12,17.38,1.5242,0.0685,0.00000,0.32938
7.38,17.38,1.4960,0.0864,0.00000,0.33470
7.62,17.38,1.4369,0.0856,0.00000,0.31855
7.88,17.38,1.3783,0.0551,0.00000,0.27617
8.12,17.38,1.3287,0.0314,0.00000,0.22388
8.38,17.38,1.2944,0.0207,0.00000,0.17688
8.62,17.38,1.2723,0.0089,0.00000,0.13916
8.88,17.38,1.2607,0.0017,0.00000,0.11098
9.12,17.38,1.2465,0.0001,0.00000,0.08725
9.38,17.38,1.2338,0.0000,0.00000,0.06714
9.62,17.38,1.2228,0.0000,0.00000,0.05288
9.88,17.38,1.2061,0.0000,0.00000,0.04188
10.12,17.38,1.1928,0.0000,0.00000,0.03316
10.38,17.38,1.1810,0.0000,0.00000,0.02722
10.62,17.38,1.1711,0.0000,0.00000,0.02254
10.88,17.38,1.1655,0.0000,0.00000,0.01827
11.12,17.38,1.1544,0.0000,0.00000,0.01472
11.38,17.38,1.1423,0.0000,0.00000,0.01220
11.62,17.38,1.1325,0.0000,0.00000,0.01042
11.88,17.38,1.1233,0.0000,0.00000,0.00901
12.12,17.38,1.1167,0.0000,0.00000,0.00784
12.38,17.38,1.1164,0.0000,0.00000,0.00690
12.62,17.38,1.1149,0.0000,0.00000,0.00610
12.88,17.38,1.1042,0.0000,0.00000,0.00539
13.12,17.38,1.0970,0.0000,0.00000,0.00487
13.38,17.38,1.0951,0.0000,0.00000,0.00454
13.62,17.38,1.0888,0.0000,0.00000,0.00426
13.88,17.38,1.0894,0.0000,0.00000,0.00397
14.12,17.38,1.0913,0.0000,0.00000,0.00370
14.38,17.38,1.0858,0.0000,0.00000,0.00347
14.62,17.38,1.0883,0.0000,0.00000,0.00333
14.88,17.38,1.0868,0.0000,0.00000,0.00324
15.12,17.38,1.0774,0.0000,0.00000,0.00312
15.38,17.38,1.0709,0.0000,0.00000,0.00300
15.62,17.38,1.0658,0.0000,0.00000,0.00291
15.88,17.38,1.0639,0.0000,0.00000,0.00284
16.12,17.38,1.0573,0.0000,0.00000,0.00279
16.38,17.38,1.0423,0.0000,0.00000,0.00282
16.62,17.38,1.0355,0.0000,0.00000,0.00296
16.88,17.38,1.0362,0.0000,0.00000,0.00309
2.62,17.62,0.0000,0.0000,0.00000,0.00000
2.88,17.62,0.0000,0.0000,0.00000,0.00000
3.12,17.62,0.0000,0.0000,0.00000,0.00000
3.38,17.62,0.0000,0.0000,0.00000,0.00000
3.62,17.62,0.0000,0.0000,0.00000,0.00000
3.88,17.62,0.0000,0.0000,0.00000,0.00000
4.12,17.62,0.0002,0.0000,0.00000,0.00002
4.38,17.62,0.0023,0.0000,0.00000,0.00019
4.62,17.62,0.0179,0.0000,0.00000,0.00153
4.88,17.62,0.0890,0.0000,0.00000,0.00783
5.12,17.62,0.2836,0.0000,0.00000,0.02562
5.38,17.62,0.6055,0.0000,0.00000,0.05755
5.62,17.62,0.9360,0.0000,0.00000,0.09583
5.88,17.62,1.1577,0.0001,0.00000,0.12766
6.12,17.62,1.2584,0.0014,0.00000,0.14996
6.38,17.62,1.2854,0.0072,0.00000,0.17205
6.62,17.62,1.2956,0.0180,0.00000,0.20474
6.88,17.62,1.3214,0.0325,0.00000,0.24428
7.12,17.62,1.3741,0.0494,0.00000,0.27138
7.38,17.62,1.4316,0.0640,0.00000,0.28465
7.62,17.62,1.4575,0.0668,0.00000,0.28247
7.88,17.62,1.4403,0.0415,0.00000,0.25333
8.12,17.62,1.3841,0.0205,0.00000,0.20818
8.38,17.62,1.3206,0.0133,0.00000,0.16591
8.62,17.62,1.2704,0.0059,0.00000,0.13005
8.88,17.62,1.2315,0.0012,0.00000,0.10022
9.12,17.62,1.1977,0.0001,0.00000,0.07748
9.38,17.62,1.1783,0.0000,0.00000,0.06199
9.62,17.62,1.1643,0.0000,0.00000,0.05092
9.88,17.62,1.1482,0.0000,0.00000,0.04085
10.12,17.62,1.1405,0.0000,0.00000,0.03211
10.38,17.62,1.1352,0.0000,0.00000,0.02575
10.62,17.62,1.1289,0.0000,0.00000,0.02097
10.88,17.62,1.1250,0.0000,0.00000,0.01696
11.12,17.62,1.1173,0.0000,0.00000,0.01357
11.38,17.62,1.1119,0.0000,0.00000,0.01120
11.62,17.62,1.1136,0.0000,0.00000,0.00964
11.88,17.62,1.1128,0.0000,0.00000,0.00840
12.12,17.62,1.1110,0.0000,0.00000,0.00740
12.38,17.62,1.1109,0.0000,0.00000,0.00662
12.62,17.62,1.1061,0.0000,0.00000,0.00587
12.88,17.62,1.0967,0.0000,0.00000,0.00523
13.12,17.62,1.0898,0.0000,0.00000,0.00475
13.38,17.62,1.0858,0.0000,0.00000,0.00439
13.62,17.62,1.0839,0.0000,0.00000,0.00408
13.88,17.62,1.0812,0.0000,0.00000,0.00376
14.12,17.62,1.0766,0.0000,0.00000,0.00348
14.38,17.62,1.0717,0.0000,0.00000,0.00327
14.62,17.62,1.0730,0.0000,0.00000,0.00316
14.88,17.62,1.0688,0.0000,0.00000,0.00308
15.12,17.62,1.0564,0.0000,0.00000,0.00297
15.38,17.62,1.0445,0.0000,0.00000,0.00285
15.62,17.62,1.0399,0.0000,0.00000,0.00275
15.88,17.62,1.0412,0.0000,0.00000,0.00269
16.12,17.62,1.0368,0.0000,0.00000,0.00265
16.38,17.62,1.0215,0.0000,0.00000,0.00267
16.62,17.62,1.0042,0.0000,0.00000,0.00277
16.88,17.62,0.9901,0.0000,0.00000,0.00285
2.62,17.88,0.0000,0.0000,0.00000,0.00000
2.88,17.88,0.0000,0.0000,0.00000,0.00000
3.12,17.88,0.0000,0.0000,0.00000,0.00000
3.38,17.88,0.0000,0.0000,0.00000,0.00000
3.62,17.88,0.0000,0.0000,0.00000,0.00000
3.88,17.88,0.0000,0.0000,0.00000,0.00000
4.12,17.88,0.0000,0.0000,0.00000,0.00000
4.38,17.88,0.0004,0.0000,0.00000,0.00003
4.62,17.88,0.0040,0.0000,0.00000,0.00033
4.88,17.88,0.0246,0.0000,0.00000,0.00212
5.12,17.88,0.0999,0.0000,0.00000,0.00903
5.38,17.88,0.2748,0.0000,0.00000,0.02666
5.62,17.88,0.5403,0.0000,0.00000,0.05663
5.88,17.88,0.8252,0.0001,0.00000,0.09307
6.12,17.88,1.0587,0.0007,0.00000,0.12749
6.38,17.88,1.1973,0.0034,0.00000,0.15269
6.62,17.88,1.2461,0.0092,0.00000,0.17346
6.88,17.88,1.2409,0.0217,0.00000,0.19558
7.12,17.88,1.2331,0.0390,0.00000,0.20832
7.38,17.88,1.2607,0.0517,0.00000,0.21396
7.62,17.88,1.3118,0.0527,0.00000,0.21974
7.88,17.88,1.3601,0.0305,0.00000,0.21180
8.12,17.88,1.3798,0.0121,0.00000,0.18764
8.38,17.88,1.3798,0.0078,0.00000,0.15920
8.62,17.88,1.3701,0.0040,0.00000,0.12994
8.88,17.88,1.3489,0.0009,0.00000,0.10030
9.12,17.88,1.3266,0.0001,0.00000,0.07842
9.38,17.88,1.3041,0.0000,0.00000,0.06488
9.62,17.88,1.2767,0.0000,0.00000,0.05380
9.88,17.88,1.2567,0.0000,0.00000,0.04363
10.12,17.88,1.2474,0.0000,0.00000,0.03488
10.38,17.88,1.2382,0.0000,0.00000,0.02757
10.62,17.88,1.2312,0.0000,0.00000,0.02218
10.88,17.88,1.2228,0.0000,0.00000,0.01811
11.12,17.88,1.2126,0.0000,0.00000,0.01475
11.38,17.88,1.2097,0.0000,0.00000,0.01225
11.62,17.88,1.2102,0.0000,0.00000,0.01038
11.88,17.88,1.2091,0.0000,0.00000,0.00885
12.12,17.88,1.2113,0.0000,0.00000,0.00778
12.38,17.88,1.2094,0.0000,0.00000,0.00701
12.62,17.88,1.2060,0.0000,0.00000,0.00628
12.88,17.88,1.2035,0.0000,0.00000,0.00564
13.12,17.88,1.1989,0.0000,0.00000,0.00513
13.38,17.88,1.1969,0.0000,0.00000,0.00474
13.62,17.88,1.1988,0.0000,0.00000,0.00437
13.88,17.88,1.1964,0.0000,0.00000,0.00402
14.12,17.88,1.1993,0.0000,0.00000,0.00378
14.38,17.88,1.2020,0.0000,0.00000,0.00361
14.62,17.88,1.2014,0.0000,0.00000,0.00348
14.88,17.88,1.1976,0.0000,0.00000,0.00338
15.12,17.88,1.1935,0.0000,0.00000,0.00328
15.38,17.88,1.1926,0.0000,0.00000,0.00319
15.62,17.88,1.1941,0.0000,0.00000,0.00311
15.88,17.88,1.1944,0.0000,0.00000,0.00304
16.12,17.88,1.1951,0.0000,0.00000,0.00301
16.38,17.88,1.1890,0.0000,0.00000,0.00304
16.62,17.88,1.1745,0.0000,0.00000,0.00315
16.88,17.88,1.1588,0.0000,0.00000,0.00324
2.62,18.12,0.0000,0.0000,0.00000,0.00000
2.88,18.12,0.0000,0.0000,0.00000,0.00000
3.12,18.12,0.0000,0.0000,0.00000,0.00000
3.38,18.12,0.0000,0.0000,0.00000,0.00000
3.62,18.12,0.0000,0.0000,0.00000,0.00000
3.88,18.12,0.0000,0.0000,0.00000,0.00000
4.12,18.12,0.0000,0.0000,0.00000,0.00000
4.38,18.12,0.0001,0.0000,0.00000,0.00000
4.62,18.12,0.0007,0.0000,0.00000,0.00005
4.88,18.12,0.0050,0.0000,0.00000,0.00040
5.12,18.12,0.0252,0.0000,0.00000,0.00234
5.38,18.12,0.0880,0.0000,0.00000,0.00918
5.62,18.12,0.2224,0.0000,0.00000,0.02488
5.88,18.12,0.4328,0.0000,0.00000,0.05141
6.12,18.12,0.6836,0.0001,0.00000,0.08561
6.38,18.12,0.9159,0.0008,0.00000,0.11817
6.62,18.12,1.0880,0.0037,0.00000,0.14645
6.88,18.12,1.1814,0.0136,0.00000,0.17002
7.12,18.12,1.2051,0.0283,0.00000,0.17657
7.38,18.12,1.1918,0.0372,0.00000,0.16859
7.62,18.12,1.1823,0.0363,0.00000,0.16532
7.88,18.12,1.1949,0.0216,0.00000,0.16275
8.12,18.12,1.2118,0.0105,0.00000,0.15040
8.38,18.12,1.2311,0.0085,0.00000,0.13354
8.62,18.12,1.2520,0.0047,0.00000,0.11422
8.88,18.12,1.2684,0.0010,0.00000,0.09181
9.12,18.12,1.2861,0.0001,0.00000,0.07436
9.38,18.12,1.2869,0.0000,0.00000,0.06248
9.62,18.12,1.2708,0.0000,0.00000,0.05152
9.88,18.12,1.2633,0.0000,0.00000,0.04206
10.12,18.12,1.2614,0.0000,0.00000,0.03420
10.38,18.12,1.2550,0.0000,0.00000,0.02736
10.62,18.12,1.2487,0.0000,0.00000,0.02234
10.88,18.12,1.2376,0.0000,0.00000,0.01829
11.12,18.12,1.2287,0.0000,0.00000,0.01509
11.38,18.12,1.2242,0.0000,0.00000,0.01264
11.62,18.12,1.2154,0.0000,0.00000,0.01048
11.88,18.12,1.2062,0.0000,0.00000,0.00869
12.12,18.12,1.2047,0.0000,0.00000,0.00759
12.38,18.12,1.2002,0.0000,0.00000,0.00685
12.62,18.12,1.1972,0.0000,0.00000,0.00618
12.88,18.12,1.1961,0.0000,0.00000,0.00557
13.12,18.12,1.1880,0.0000,0.00000,0.00507
13.38,18.12,1.1815,0.0000,0.00000,0.00465
13.62,18.12,1.1764,0.0000,0.00000,0.00427
13.88,18.12,1.1711,0.0000,0.00000,0.00395
14.12,18.12,1.1764,0.0000,0.00000,0.00376
14.38,18.12,1.1773,0.0000,0.00000,0.00361
14.62,18.12,1.1700,0.0000,0.00000,0.00346
14.88,18.12,1.1595,0.0000,0.00000,0.00331
15.12,18.12,1.1550,0.0000,0.00000,0.00317
15.38,18.12,1.1578,0.0000,0.00000,0.00308
15.62,18.12,1.1542,0.0000,0.00000,0.00299
15.88,18.12,1.1465,0.0000,0.00000,0.00292
16.12,18.12,1.1447,0.0000,0.00000,0.00291
16.38,18.12,1.1372,0.0000,0.00000,0.00294
16.62,18.12,1.1253,0.0000,0.00000,0.00303
16.88,18.12,1.1174,0.0000,0.00000,0.00313
2.62,18.38,0.0000,0.0000,0.00000,0.00000
2.88,18.38,0.0000,0.0000,0.00000,0.00000
3.12,18.38,0.0000,0.0000,0.00000,0.00000
3.38,18.38,0.0000,0.0000,0.00000,0.00000
3.62,18.38,0.0000,0.0000,0.00000,0.00000
3.88,18.38,0.0000,0.0000,0.00000,0.00000
4.12,18.38,0.0000,0.0000,0.00000,0.00000
4.38,18.38,0.0000,0.0000,0.00000,0.00000
4.62,18.38,0.0001,0.0000,0.00000,0.00000
4.88,18.38,0.0008,0.0000,0.00000,0.00006
5.12,18.38,0.0046,0.0000,0.00000,0.00048
5.38,18.38,0.0200,0.0000,0.00000,0.00246
5.62,18.38,0.0648,0.0000,0.00000,0.00831
5.88,18.38,0.1605,0.0000,0.00000,0.02147
6.12,18.38,0.3163,0.0000,0.00000,0.04509
6.38,18.38,0.5193,0.0001,0.00000,0.07524
6.62,18.38,0.7341,0.0012,0.00000,0.10679
6.88,18.38,0.9228,0.0061,0.00000,0.14021
7.12,18.38,1.0607,0.0152,0.00000,0.16021
7.38,18.38,1.1333,0.0243,0.00000,0.15708
7.62,18.38,1.1541,0.0270,0.00000,0.14904
7.88,18.38,1.1461,0.0176,0.00000,0.13873
8.12,18.38,1.1252,0.0083,0.00000,0.12181
8.38,18.38,1.1055,0.0054,0.00000,0.10586
8.62,18.38,1.0906,0.0028,0.00000,0.09038
8.88,18.38,1.0825,0.0006,0.00000,0.07301
9.12,18.38,1.0920,0.0001,0.00000,0.05940
9.38,18.38,1.0996,0.0001,0.00000,0.05068
9.62,18.38,1.0986,0.0002,0.00000,0.04250
9.88,18.38,1.1026,0.0002,0.00000,0.03466
10.12,18.38,1.1107,0.0002,0.00000,0.02835
10.38,18.38,1.1185,0.0001,0.00000,0.02330
10.62,18.38,1.1225,0.0000,0.00000,0.01931
10.88,18.38,1.1194,0.0000,0.00000,0.01573
11.12,18.38,1.1198,0.0000,0.00000,0.01296
11.38,18.38,1.1233,0.0000,0.00000,0.01095
11.62,18.38,1.1226,0.0000,0.00000,0.00922
11.88,18.38,1.1176,0.0000,0.00000,0.00780
12.12,18.38,1.1154,0.0000,0.00000,0.00685
12.38,18.38,1.1153,0.0000,0.00000,0.00615
12.62,18.38,1.1127,0.0000,0.00000,0.00554
12.88,18.38,1.1125,0.0000,0.00000,0.00510
13.12,18.38,1.1084,0.0000,0.00000,0.00467
13.38,18.38,1.1030,0.0000,0.00000,0.00424
13.62,18.38,1.0996,0.0000,0.00000,0.00393
13.88,18.38,1.0929,0.0000,0.00000,0.00369
14.12,18.38,1.0895,0.0000,0.00000,0.00352
14.38,18.38,1.0899,0.0000,0.00000,0.00338
14.62,18.38,1.0875,0.0000,0.00000,0.00324
14.88,18.38,1.0780,0.0000,0.00000,0.00307
15.12,18.38,1.0690,0.0000,0.00000,0.00291
15.38,18.38,1.0654,0.0000,0.00000,0.00280
15.62,18.38,1.0604,0.0000,0.00000,0.00273
15.88,18.38,1.0509,0.0000,0.00000,0.00269
16.12,18.38,1.0419,0.0000,0.00000,0.00266
16.38,18.38,1.0296,0.0000,0.00000,0.00266
16.62,18.38,1.0176,0.0000,0.00000,0.00273
16.88,18.38,1.0154,0.0000,0.00000,0.00282
2.62,18.62,0.0000,0.0000,0.00000,0.00000
2.88,18.62,0.0000,0.0000,0.00000,0.00000
3.12,18.62,0.0000,0.0000,0.00000,0.00000
3.38,18.62,0.0000,0.0000,0.00000,0.00000
3.62,18.62,0.0000,0.0000,0.00000,0.00000
3.88,18.62,0.0000,0.0000,0.00000,0.00000
4.12,18.62,0.0000,0.0000,0.00000,0.00000
4.38,18.62,0.0000,0.0000,0.00000,0.00000
4.62,18.62,0.0000,0.0000,0.00000,0.00000
4.88,18.62,0.0001,0.0000,0.00000,0.00001
5.12,18.62,0.0007,0.0000,0.00000,0.00007
5.38,18.62,0.0037,0.0000,0.00000,0.00048
5.62,18.62,0.0141,0.0000,0.00000,0.00208
5.88,18.62,0.0427,0.0000,0.00000,0.00743
6.12,18.62,0.1049,0.0000,0.00000,0.02139
6.38,18.62,0.2126,0.0000,0.00000,0.04204
6.62,18.62,0.3584,0.0003,0.00000,0.06352
6.88,18.62,0.5243,0.0027,0.00000,0.09134
7.12,18.62,0.6958,0.0106,0.00000,0.11609
7.38,18.62,0.8571,0.0214,0.00000,0.12647
7.62,18.62,0.9829,0.0226,0.00000,0.12984
7.88,18.62,1.0549,0.0128,0.00000,0.12184
8.12,18.62,1.0909,0.0043,0.00000,0.10712
8.38,18.62,1.1010,0.0016,0.00000,0.09395
8.62,18.62,1.0864,0.0007,0.00000,0.07865
8.88,18.62,1.0594,0.0002,0.00000,0.06195
9.12,18.62,1.0398,0.0003,0.00000,0.04970
9.38,18.62,1.0257,0.0013,0.00000,0.04268
9.62,18.62,1.0126,0.0024,0.00000,0.03598
9.88,18.62,1.0038,0.0025,0.00000,0.02869
10.12,18.62,0.9992,0.0023,0.00000,0.02312
10.38,18.62,1.0030,0.0013,0.00000,0.01892
10.62,18.62,1.0059,0.0003,0.00000,0.01542
10.88,18.62,0.9998,0.0000,0.00000,0.01268
11.12,18.62,0.9984,0.0000,0.00000,0.01071
11.38,18.62,1.0062,0.0000,0.00000,0.00912
11.62,18.62,1.0139,0.0000,0.00000,0.00781
11.88,18.62,1.0163,0.0000,0.00000,0.00684
12.12,18.62,1.0178,0.0000,0.00000,0.00615
12.38,18.62,1.0216,0.0000,0.00000,0.00545
12.62,18.62,1.0227,0.0000,0.00000,0.00487
12.88,18.62,1.0282,0.0000,0.00000,0.00459
13.12,18.62,1.0321,0.0000,0.00000,0.00423
13.38,18.62,1.0367,0.0000,0.00000,0.00386
13.62,18.62,1.0442,0.0000,0.00000,0.00364
13.88,18.62,1.0402,0.0000,0.00000,0.00346
14.12,18.62,1.0332,0.0000,0.00000,0.00330
14.38,18.62,1.0375,0.0000,0.00000,0.00320
14.62,18.62,1.0451,0.0000,0.00000,0.00309
14.88,18.62,1.0472,0.0000,0.00000,0.00296
15.12,18.62,1.0422,0.0000,0.00000,0.00282
15.38,18.62,1.0389,0.0000,0.00000,0.00272
15.62,18.62,1.0439,0.0000,0.00000,0.00268
15.88,18.62,1.0444,0.0000,0.00000,0.00268
16.12,18.62,1.0361,0.0000,0.00000,0.00263
16.38,18.62,1.0290,0.0000,0.00000,0.00259
16.62,18.62,1.0267,0.0000,0.00000,0.00267
16.88,18.62,1.0317,0.0000,0.00000,0.00280
2.62,18.88,0.0000,0.0000,0.00000,0.00000
2.88,18.88,0.0000,0.0000,0.00000,0.00000
3.12,18.88,0.0000,0.0000,0.00000,0.00000
3.38,18.88,0.0000,0.0000,0.00000,0.00000
3.62,18.88,0.0000,0.0000,0.00000,0.00000
3.88,18.88,0.0000,0.0000,0.00000,0.00000
4.12,18.88,0.0000,0.0000,0.00000,0.00000
4.38,18.88,0.0000,0.0000,0.00000,0.00000
4.62,18.88,0.0000,0.0000,0.00000,0.00000
4.88,18.88,0.0000,0.0000,0.00000,0.00000
5.12,18.88,0.0001,0.0000,0.00000,0.00001
5.38,18.88,0.0007,0.0000,0.00000,0.00006
5.62,18.88,0.0029,0.0000,0.00000,0.00043
5.88,18.88,0.0093,0.0000,0.00000,0.00247
6.12,18.88,0.0264,0.0000,0.00000,0.00956
6.38,18.88,0.0638,0.0000,0.00000,0.02015
6.62,18.88,0.1264,0.0002,0.00000,0.02966
6.88,18.88,0.2135,0.0025,0.00000,0.04282
7.12,18.88,0.3250,0.0116,0.00000,0.05765
7.38,18.88,0.4644,0.0213,0.00000,0.07071
7.62,18.88,0.6122,0.0168,0.00000,0.08163
7.88,18.88,0.7405,0.0065,0.00000,0.08407
8.12,18.88,0.8530,0.0014,0.00000,0.08194
8.38,18.88,0.9445,0.0002,0.00000,0.07789
8.62,18.88,1.0061,0.0001,0.00000,0.06725
8.88,18.88,1.0398,0.0001,0.00000,0.05455
9.12,18.88,1.0522,0.0013,0.00000,0.04627
9.38,18.88,1.0592,0.0058,0.00000,0.04187
9.62,18.88,1.0579,0.0106,0.00000,0.03637
9.88,18.88,1.0460,0.0113,0.00000,0.02869
10.12,18.88,1.0343,0.0105,0.00000,0.02273
10.38,18.88,1.0280,0.0057,0.00000,0.01769
10.62,18.88,1.0197,0.0013,0.00000,0.01381
10.88,18.88,1.0021,0.0001,0.00000,0.01171
11.12,18.88,0.9887,0.0000,0.00000,0.01019
11.38,18.88,0.9884,0.0000,0.00000,0.00866
11.62,18.88,0.9898,0.0000,0.00000,0.00743
11.88,18.88,0.9872,0.0000,0.00000,0.00652
12.12,18.88,0.9860,0.0000,0.00000,0.00585
12.38,18.88,0.9831,0.0000,0.00000,0.00514
12.62,18.88,0.9775,0.0000,0.00000,0.00455
12.88,18.88,0.9782,0.0000,0.00000,0.00427
13.12,18.88,0.9808,0.0000,0.00000,0.00396
13.38,18.88,0.9869,0.0000,0.00000,0.00365
13.62,18.88,0.9908,0.0000,0.00000,0.00343
13.88,18.88,0.9842,0.0000,0.00000,0.00325
14.12,18.88,0.9801,0.0000,0.00000,0.00311
14.38,18.88,0.9832,0.0000,0.00000,0.00302
14.62,18.88,0.9858,0.0000,0.00000,0.00292
14.88,18.88,0.9864,0.0000,0.00000,0.00281
15.12,18.88,0.9832,0.0000,0.00000,0.00270
15.38,18.88,0.9811,0.0000,0.00000,0.00262
15.62,18.88,0.9869,0.0000,0.00000,0.00258
15.88,18.88,0.9916,0.0000,0.00000,0.00258
16.12,18.88,0.9886,0.0000,0.00000,0.00253
16.38,18.88,0.9877,0.0000,0.00000,0.00248
16.62,18.88,0.9928,0.0000,0.00000,0.00257
16.88,18.88,1.0001,0.0000,0.00000,0.00272
2.62,19.12,0.0000,0.0000,0.00000,0.00000
2.88,19.12,0.0000,0.0000,0.00000,0.00000
3.12,19.12,0.0000,0.0000,0.00000,0.00000
3.38,19.12,0.0000,0.0000,0.00000,0.00000
3.62,19.12,0.0000,0.0000,0.00000,0.00000
3.88,19.12,0.0000,0.0000,0.00000,0.00000
4.12,19.12,0.0000,0.0000,0.00000,0.00000
4.38,19.12,0.0000,0.0000,0.00000,0.00000
4.62,19.12,0.0000,0.0000,0.00000,0.00000
4.88,19.12,0.0000,0.0000,0.00000,0.00000
5.12,19.12,0.0000,0.0000,0.00000,0.00000
5.38,19.12,0.0001,0.0000,0.00000,0.00001
5.62,19.12,0.0006,0.0000,0.00000,0.00010
5.88,19.12,0.0020,0.0000,0.00000,0.00099
6.12,19.12,0.0059,0.0000,0.00000,0.00446
6.38,19.12,0.0156,0.0000,0.00000,0.00906
6.62,19.12,0.0348,0.0001,0.00000,0.01169
6.88,19.12,0.0667,0.0015,0.00000,0.01550
7.12,19.12,0.1141,0.0067,0.00000,0.02175
7.38,19.12,0.1840,0.0114,0.00000,0.03052
7.62,19.12,0.2721,0.0076,0.00000,0.03924
7.88,19.12,0.3689,0.0021,0.00000,0.04472
8.12,19.12,0.4773,0.0003,0.00000,0.04813
8.38,19.12,0.5857,0.0000,0.00000,0.04953
8.62,19.12,0.6836,0.0000,0.00000,0.04594
8.88,19.12,0.7672,0.0002,0.00000,0.04017
9.12,19.12,0.8310,0.0021,0.00000,0.03690
9.38,19.12,0.8927,0.0096,0.00000,0.03653
9.62,19.12,0.9419,0.0175,0.00000,0.03428
9.88,19.12,0.9690,0.0186,0.00000,0.02805
10.12,19.12,0.9896,0.0173,0.00000,0.02256
10.38,19.12,1.0056,0.0094,0.00000,0.01723
10.62,19.12,1.0159,0.0021,0.00000,0.01338
10.88,19.12,1.0139,0.0002,0.00000,0.01175
11.12,19.12,1.0080,0.0000,0.00000,0.01017
11.38,19.12,1.0154,0.0000,0.00000,0.00866
11.62,19.12,1.0192,0.0000,0.00000,0.00759
11.88,19.12,1.0150,0.0000,0.00000,0.00662
12.12,19.12,1.0148,0.0000,0.00000,0.00581
12.38,19.12,1.0099,0.0000,0.00000,0.00513
12.62,19.12,0.9984,0.0000,0.00000,0.00466
12.88,19.12,0.9905,0.0000,0.00000,0.00440
13.12,19.12,0.9900,0.0000,0.00000,0.00404
13.38,19.12,0.9916,0.0000,0.00000,0.00368
13.62,19.12,0.9860,0.0000,0.00000,0.00339
13.88,19.12,0.9780,0.0000,0.00000,0.00319
14.12,19.12,0.9742,0.0000,0.00000,0.00309
14.38,19.12,0.9683,0.0000,0.00000,0.00300
14.62,19.12,0.9628,0.0000,0.00000,0.00291
14.88,19.12,0.9580,0.0000,0.00000,0.00277
15.12,19.12,0.9527,0.0000,0.00000,0.00265
15.38,19.12,0.9463,0.0000,0.00000,0.00257
15.62,19.12,0.9387,0.0000,0.00000,0.00249
15.88,19.12,0.9344,0.0000,0.00000,0.00246
16.12,19.12,0.9289,0.0000,0.00000,0.00240
16.38,19.12,0.9241,0.0000,0.00000,0.00235
16.62,19.12,0.9240,0.0000,0.00000,0.00241
16.88,19.12,0.9231,0.0000,0.00000,0.00249
2.62,19.38,0.0000,0.0000,0.00000,0.00000
2.88,19.38,0.0000,0.0000,0.00000,0.00000
3.12,19.38,0.0000,0.0000,0.00000,0.00000
3.38,19.38,0.0000,0.0000,0.00000,0.00000
3.62,19.38,0.0000,0.0000,0.00000,0.00000
3.88,19.38,0.0000,0.0000,0.00000,0.00000
4.12,19.38,0.0000,0.0000,0.00000,0.00000
4.38,19.38,0.0000,0.0000,0.00000,0.00000
4.62,19.38,0.0000,0.0000,0.00000,0.00000
4.88,19.38,0.0000,0.0000,0.00000,0.00000
5.12,19.38,0.0000,0.0000,0.00000,0.00000
5.38,19.38,0.0000,0.0000,0.00000,0.00000
5.62,19.38,0.0001,0.0000,0.00000,0.00003
5.88,19.38,0.0005,0.0000,0.00000,0.00040
6.12,19.38,0.0015,0.0000,0.00000,0.00182
6.38,19.38,0.0038,0.0000,0.00000,0.00346
6.62,19.38,0.0090,0.0004,0.00000,0.00387
6.88,19.38,0.0190,0.0020,0.00000,0.00500
7.12,19.38,0.0350,0.0041,0.00000,0.00831
7.38,19.38,0.0596,0.0041,0.00000,0.01379
7.62,19.38,0.0940,0.0019,0.00000,0.01908
7.88,19.38,0.1381,0.0004,0.00000,0.02235
8.12,19.38,0.1960,0.0000,0.00000,0.02423
8.38,19.38,0.2603,0.0000,0.00000,0.02616
8.62,19.38,0.3277,0.0000,0.00000,0.02660
8.88,19.38,0.3956,0.0001,0.00000,0.02401
9.12,19.38,0.4601,0.0013,0.00000,0.02226
9.38,19.38,0.5307,0.0058,0.00000,0.02344
9.62,19.38,0.5974,0.0106,0.00000,0.02307
9.88,19.38,0.6543,0.0113,0.00000,0.01970
10.12,19.38,0.7068,0.0105,0.00000,0.01640
10.38,19.38,0.7502,0.0057,0.00000,0.01308
10.62,19.38,0.7884,0.0013,0.00000,0.01095
10.88,19.38,0.8155,0.0001,0.00000,0.01014
11.12,19.38,0.8367,0.0000,0.00000,0.00881
11.38,19.38,0.8692,0.0000,0.00000,0.00753
11.62,19.38,0.8938,0.0000,0.00000,0.00673
11.88,19.38,0.9082,0.0000,0.00000,0.00588
12.12,19.38,0.9204,0.0000,0.00000,0.00512
12.38,19.38,0.9299,0.0000,0.00000,0.00468
12.62,19.38,0.9371,0.0000,0.00000,0.00470
12.88,19.38,0.9377,0.0000,0.00000,0.00477
13.12,19.38,0.9444,0.0000,0.00000,0.00417
13.38,19.38,0.9571,0.0000,0.00000,0.00355
13.62,19.38,0.9617,0.0000,0.00000,0.00325
13.88,19.38,0.9657,0.0000,0.00000,0.00312
14.12,19.38,0.9668,0.0000,0.00000,0.00307
14.38,19.38,0.9624,0.0000,0.00000,0.00303
14.62,19.38,0.9695,0.0000,0.00000,0.00300
14.88,19.38,0.9726,0.0000,0.00000,0.00284
15.12,19.38,0.9735,0.0000,0.00000,0.00267
15.38,19.38,0.9749,0.0000,0.00000,0.00260
15.62,19.38,0.9684,0.0000,0.00000,0.00253
15.88,19.38,0.9654,0.0000,0.00000,0.00250
16.12,19.38,0.9587,0.0000,0.00000,0.00245
16.38,19.38,0.9528,0.0000,0.00000,0.00241
16.62,19.38,0.9536,0.0000,0.00000,0.00243
16.88,19.38,0.9486,0.0000,0.00000,0.00245
2.62,19.62,0.0000,0.0000,0.00000,0.00000
2.88,19.62,0.0000,0.0000,0.00000,0.00000
3.12,19.62,0.0000,0.0000,0.00000,0.00000
3.38,19.62,0.0000,0.0000,0.00000,0.00000
3.62,19.62,0.0000,0.0000,0.00000,0.00000
3.88,19.62,0.0000,0.0000,0.00000,0.00000
4.12,19.62,0.0000,0.0000,0.00000,0.00000
4.38,19.62,0.0000,0.0000,0.00000,0.00000
4.62,19.62,0.0000,0.0000,0.00000,0.00000
4.88,19.62,0.0000,0.0000,0.00000,0.00000
5.12,19.62,0.0000,0.0000,0.00000,0.00000
5.38,19.62,0.0000,0.0000,0.00000,0.00000
5.62,19.62,0.0002,0.0000,0.00000,0.00001
5.88,19.62,0.0004,0.0000,0.00000,0.00008
6.12,19.62,0.0007,0.0000,0.00000,0.00037
6.38,19.62,0.0014,0.0004,0.00000,0.00069
6.62,19.62,0.0032,0.0044,0.00000,0.00087
6.88,19.62,0.0066,0.0199,0.00000,0.00177
7.12,19.62,0.0117,0.0329,0.00000,0.00392
7.38,19.62,0.0193,0.0201,0.00000,0.00654
7.62,19.62,0.0307,0.0046,0.00000,0.00887
7.88,19.62,0.0465,0.0004,0.00000,0.01099
8.12,19.62,0.0679,0.0000,0.00000,0.01256
8.38,19.62,0.0928,0.0000,0.00000,0.01377
8.62,19.62,0.1221,0.0000,0.00000,0.01428
8.88,19.62,0.1554,0.0000,0.00000,0.01216
9.12,19.62,0.1914,0.0003,0.00000,0.01081
9.38,19.62,0.2319,0.0013,0.00000,0.01179
9.62,19.62,0.2720,0.0024,0.00000,0.01151
9.88,19.62,0.3143,0.0025,0.00000,0.01011
10.12,19.62,0.3596,0.0023,0.00000,0.00881
10.38,19.62,0.3992,0.0013,0.00000,0.00763
10.62,19.62,0.4373,0.0003,0.00000,0.00699
10.88,19.62,0.4704,0.0000,0.00000,0.00674
11.12,19.62,0.5011,0.0000,0.00000,0.00596
11.38,19.62,0.5392,0.0000,0.00000,0.00499
11.62,19.62,0.5719,0.0000,0.00000,0.00440
11.88,19.62,0.6000,0.0000,0.00000,0.00394
12.12,19.62,0.6240,0.0000,0.00000,0.00355
12.38,19.62,0.6473,0.0000,0.00000,0.00344
12.62,19.62,0.6747,0.0000,0.00000,0.00394
12.88,19.62,0.6883,0.0000,0.00000,0.00433
13.12,19.62,0.7046,0.0000,0.00000,0.00359
13.38,19.62,0.7331,0.0000,0.00000,0.00280
13.62,19.62,0.7553,0.0000,0.00000,0.00260
13.88,19.62,0.7756,0.0000,0.00000,0.00259
14.12,19.62,0.7886,0.0000,0.00000,0.00256
14.38,19.62,0.7984,0.0000,0.00000,0.00254
14.62,19.62,0.8234,0.0000,0.00000,0.00257
14.88,19.62,0.8379,0.0000,0.00000,0.00248
15.12,19.62,0.8514,0.0000,0.00000,0.00236
15.38,19.62,0.8710,0.0000,0.00000,0.00233
15.62,19.62,0.8804,0.0000,0.00000,0.00231
15.88,19.62,0.8905,0.0000,0.00000,0.00230
16.12,19.62,0.8938,0.0000,0.00000,0.00228
16.38,19.62,0.8978,0.0000,0.00000,0.00226
16.62,19.62,0.9101,0.0000,0.00000,0.00230
16.88,19.62,0.9123,0.0000,0.00000,0.00232
2.62,19.88,0.0000,0.0000,0.00000,0.00000
2.88,19.88,0.0000,0.0000,0.00000,0.00000
3.12,19.88,0.0000,0.0000,0.00000,0.00000
3.38,19.88,0.0000,0.0000,0.00000,0.00000
3.62,19.88,0.0000,0.0000,0.00000,0.00000
3.88,19.88,0.0000,0.0000,0.00000,0.00000
4.12,19.88,0.0000,0.0000,0.00000,0.00000
4.38,19.88,0.0000,0.0000,0.00000,0.00000
4.62,19.88,0.0000,0.0000,0.00000,0.00000
4.88,19.88,0.0000,0.0000,0.00000,0.00000
5.12,19.88,0.0000,0.0000,0.00000,0.00000
5.38,19.88,0.0001,0.0000,0.00000,0.00000
5.62,19.88,0.0003,0.0000,0.00000,0.00000
5.88,19.88,0.0007,0.0000,0.00000,0.00001
6.12,19.88,0.0009,0.0000,0.00000,0.00003
6.38,19.88,0.0012,0.0016,0.00000,0.00008
6.62,19.88,0.0019,0.0200,0.00000,0.00036
6.88,19.88,0.0033,0.0896,0.00000,0.00156
7.12,19.88,0.0052,0.1477,0.00000,0.00327
7.38,19.88,0.0075,0.0896,0.00000,0.00380
7.62,19.88,0.0113,0.0200,0.00000,0.00408
7.88,19.88,0.0169,0.0016,0.00000,0.00561
8.12,19.88,0.0244,0.0000,0.00000,0.00699
8.38,19.88,0.0326,0.0000,0.00000,0.00732
8.62,19.88,0.0422,0.0000,0.00000,0.00694
8.88,19.88,0.0540,0.0000,0.00000,0.00544
9.12,19.88,0.0676,0.0000,0.00000,0.00506
9.38,19.88,0.0829,0.0001,0.00000,0.00592
9.62,19.88,0.0968,0.0002,0.00000,0.00533
9.88,19.88,0.1134,0.0002,0.00000,0.00449
10.12,19.88,0.1342,0.0002,0.00000,0.00412
10.38,19.88,0.1531,0.0001,0.00000,0.00381
10.62,19.88,0.1738,0.0000,0.00000,0.00354
10.88,19.88,0.1939,0.0000,0.00000,0.00343
11.12,19.88,0.2116,0.0000,0.00000,0.00311
11.38,19.88,0.2321,0.0000,0.00000,0.00246
11.62,19.88,0.2519,0.0000,0.00000,0.00206
11.88,19.88,0.2724,0.0000,0.00000,0.00191
12.12,19.88,0.2919,0.0000,0.00000,0.00178
12.38,19.88,0.3095,0.0000,0.00000,0.00178
12.62,19.88,0.3320,0.0000,0.00000,0.00215
12.88,19.88,0.3450,0.0000,0.00000,0.00242
13.12,19.88,0.3579,0.0000,0.00000,0.00197
13.38,19.88,0.3809,0.0000,0.00000,0.00152
13.62,19.88,0.4013,0.0000,0.00000,0.00147
13.88,19.88,0.4210,0.0000,0.00000,0.00154
14.12,19.88,0.4362,0.0000,0.00000,0.00150
14.38,19.88,0.4495,0.0000,0.00000,0.00146
14.62,19.88,0.4723,0.0000,0.00000,0.00150
14.88,19.88,0.4881,0.0000,0.00000,0.00149
15.12,19.88,0.5045,0.0000,0.00000,0.00146
15.38,19.88,0.5279,0.0000,0.00000,0.00148
15.62,19.88,0.5425,0.0000,0.00000,0.00148
15.88,19.88,0.5562,0.0000,0.00000,0.00147
16.12,19.88,0.5686,0.0000,0.00000,0.00148
16.38,19.88,0.5794,0.0000,0.00000,0.00150
16.62,19.88,0.5939,0.0000,0.00000,0.00155
16.88,19.88,0.6022,0.0000,0.00000,0.00158
2.62,20.12,0.0000,0.0000,0.00000,0.00000
2.88,20.12,0.0000,0.0000,0.00000,0.00000
3.12,20.12,0.0000,0.0000,0.00000,0.00000
3.38,20.12,0.0000,0.0000,0.00000,0.00000
3.62,20.12,0.0000,0.0000,0.00000,0.00000
3.88,20.12,0.0000,0.0000,0.00000,0.00000
4.12,20.12,0.0000,0.0000,0.00000,0.00000
4.38,20.12,0.0000,0.0000,0.00000,0.00000
4.62,20.12,0.0000,0.0000,0.00000,0.00000
4.88,20.12,0.0000,0.0000,0.00000,0.00000
5.12,20.12,0.0000,0.0000,0.00000,0.00000
5.38,20.12,0.0000,0.0000,0.00000,0.00000
5.62,20.12,0.0002,0.0000,0.00000,0.00000
5.88,20.12,0.0006,0.0000,0.00000,0.00000
6.12,20.12,0.0008,0.0001,0.00000,0.00000
6.38,20.12,0.0009,0.0029,0.00000,0.00003
6.62,20.12,0.0010,0.0348,0.00000,0.00033
6.88,20.12,0.0017,0.1561,0.00000,0.00156
7.12,20.12,0.0026,0.2574,0.00000,0.00291
7.38,20.12,0.0032,0.1561,0.00000,0.00265
7.62,20.12,0.0044,0.0348,0.00000,0.00252
7.88,20.12,0.0064,0.0029,0.00000,0.00349
8.12,20.12,0.0090,0.0001,0.00000,0.00365
8.38,20.12,0.0116,0.0000,0.00000,0.00322
8.62,20.12,0.0142,0.0000,0.00000,0.00277
8.88,20.12,0.0171,0.0000,0.00000,0.00207
9.12,20.12,0.0208,0.0000,0.00000,0.00221
9.38,20.12,0.0252,0.0000,0.00000,0.00281
9.62,20.12,0.0280,0.0000,0.00000,0.00225
9.88,20.12,0.0316,0.0000,0.00000,0.00162
10.12,20.12,0.0373,0.0000,0.00000,0.00150
10.38,20.12,0.0424,0.0000,0.00000,0.00143
10.62,20.12,0.0493,0.0000,0.00000,0.00128
10.88,20.12,0.0566,0.0000,0.00000,0.00123
11.12,20.12,0.0620,0.0000,0.00000,0.00114
11.38,20.12,0.0678,0.0000,0.00000,0.00086
11.62,20.12,0.0741,0.0000,0.00000,0.00068
11.88,20.12,0.0819,0.0000,0.00000,0.00063
12.12,20.12,0.0897,0.0000,0.00000,0.00060
12.38,20.12,0.0958,0.0000,0.00000,0.00058
12.62,20.12,0.1046,0.0000,0.00000,0.00067
12.88,20.12,0.1100,0.0000,0.00000,0.00074
13.12,20.12,0.1148,0.0000,0.00000,0.00061
13.38,20.12,0.1235,0.0000,0.00000,0.00051
13.62,20.12,0.1319,0.0000,0.00000,0.00053
13.88,20.12,0.1405,0.0000,0.00000,0.00057
14.12,20.12,0.1479,0.0000,0.00000,0.00054
14.38,20.12,0.1542,0.0000,0.00000,0.00051
14.62,20.12,0.1639,0.0000,0.00000,0.00053
14.88,20.12,0.1720,0.0000,0.00000,0.00055
15.12,20.12,0.1805,0.0000,0.00000,0.00055
15.38,20.12,0.1923,0.0000,0.00000,0.00057
15.62,20.12,0.2001,0.0000,0.00000,0.00057
15.88,20.12,0.2069,0.0000,0.00000,0.00056
16.12,20.12,0.2156,0.0000,0.00000,0.00058
16.38,20.12,0.2224,0.0000,0.00000,0.00060
16.62,20.12,0.2294,0.0000,0.00000,0.00063
16.88,20.12,0.2349,0.0000,0.00000,0.00065
2.62,20.38,0.0000,0.0000,0.00000,0.00000
2.88,20.38,0.0000,0.0000,0.00000,0.00000
3.12,20.38,0.0000,0.0000,0.00000,0.00000
3.38,20.38,0.0000,0.0000,0.00000,0.00000
3.62,20.38,0.0000,0.0000,0.00000,0.00000
3.88,20.38,0.0000,0.0000,0.00000,0.00000
4.12,20.38,0.0000,0.0000,0.00000,0.00000
4.38,20.38,0.0000,0.0000,0.00000,0.00000
4.62,20.38,0.0000,0.0000,0.00000,0.00000
4.88,20.38,0.0000,0.0000,0.00000,0.00000
5.12,20.38,0.0000,0.0000,0.00000,0.00000
5.38,20.38,0.0000,0.0000,0.00000,0.00000
5.62,20.38,0.0001,0.0000,0.00000,0.00000
5.88,20.38,0.0003,0.0000,0.00000,0.00000
6.12,20.38,0.0005,0.0001,0.00000,0.00000
6.38,20.38,0.0004,0.0023,0.00000,0.00002
6.62,20.38,0.0004,0.0284,0.00000,0.00022
6.88,20.38,0.0008,0.1275,0.00000,0.00100
7.12,20.38,0.0012,0.2101,0.00000,0.00176
7.38,20.38,0.0013,0.1275,0.00000,0.00144
7.62,20.38,0.0017,0.0284,0.00000,0.00144
7.88,20.38,0.0023,0.0023,0.00000,0.00200
8.12,20.38,0.0031,0.0001,0.00000,0.00163
8.38,20.38,0.0038,0.0000,0.00000,0.00108
8.62,20.38,0.0043,0.0000,0.00000,0.00086
8.88,20.38,0.0047,0.0000,0.00000,0.00064
9.12,20.38,0.0056,0.0000,0.00000,0.00078
9.38,20.38,0.0067,0.0000,0.00000,0.00106
9.62,20.38,0.0068,0.0000,0.00000,0.00076
9.88,20.38,0.0069,0.0000,0.00000,0.00043
10.12,20.38,0.0079,0.0000,0.00000,0.00037
10.38,20.38,0.0087,0.0000,0.00000,0.00035
10.62,20.38,0.0101,0.0000,0.00000,0.00031
10.88,20.38,0.0119,0.0000,0.00000,0.00029
11.12,20.38,0.0130,0.0000,0.00000,0.00027
11.38,20.38,0.0140,0.0000,0.00000,0.00020
11.62,20.38,0.0152,0.0000,0.00000,0.00015
11.88,20.38,0.0170,0.0000,0.00000,0.00014
12.12,20.38,0.0188,0.0000,0.00000,0.00013
12.38,20.38,0.0200,0.0000,0.00000,0.00013
12.62,20.38,0.0220,0.0000,0.00000,0.00014
12.88,20.38,0.0233,0.0000,0.00000,0.00014
13.12,20.38,0.0244,0.0000,0.00000,0.00012
13.38,20.38,0.0263,0.0000,0.00000,0.00011
13.62,20.38,0.0283,0.0000,0.00000,0.00012
13.88,20.38,0.0304,0.0000,0.00000,0.00013
14.12,20.38,0.0323,0.0000,0.00000,0.00012
14.38,20.38,0.0340,0.0000,0.00000,0.00012
14.62,20.38,0.0363,0.0000,0.00000,0.00012
14.88,20.38,0.0385,0.0000,0.00000,0.00013
15.12,20.38,0.0408,0.0000,0.00000,0.00013
15.38,20.38,0.0440,0.0000,0.00000,0.00014
15.62,20.38,0.0461,0.0000,0.00000,0.00014
15.88,20.38,0.0479,0.0000,0.00000,0.00013
16.12,20.38,0.0506,0.0000,0.00000,0.00014
16.38,20.38,0.0526,0.0000,0.00000,0.00015
16.62,20.38,0.0543,0.0000,0.00000,0.00015
16.88,20.38,0.0560,0.0000,0.00000,0.00016
