x,y,rho,contact,casualty,pressure
2.62,0.12,0.2431,0.0027,0.00000,0.09646
2.88,0.12,0.5060,0.0051,0.00000,0.17524
3.12,0.12,0.7169,0.0078,0.00000,0.23079
3.38,0.12,0.7507,0.0096,0.00000,0.23919
3.62,0.12,0.8531,0.0082,0.00000,0.24194
3.88,0.12,0.9624,0.0051,0.00000,0.24933
4.12,0.12,0.9530,0.0047,0.00000,0.23764
4.38,0.12,0.9929,0.0060,0.00000,0.21465
4.62,0.12,1.1229,0.0057,0.00000,0.19979
4.88,0.12,1.1931,0.0043,0.00000,0.19391
5.12,0.12,1.1483,0.0025,0.00000,0.18370
5.38,0.12,1.1039,0.0010,0.00000,0.17259
5.62,0.12,1.1235,0.0006,0.00000,0.17065
5.88,0.12,1.1945,0.0012,0.00000,0.16874
6.12,0.12,1.2723,0.0037,0.00000,0.16467
6.38,0.12,1.2437,0.0098,0.00000,0.16156
6.62,0.12,1.1140,0.0601,0.00000,0.16062
6.88,0.12,1.1463,0.6205,0.00000,0.16930
7.12,0.12,1.0961,2.9107,0.00000,0.15150
7.38,0.12,0.7185,6.4518,0.00000,0.09523
2.62,0.38,0.5069,0.0045,0.00000,0.18490
2.88,0.38,1.0538,0.0107,0.00000,0.35069
3.12,0.38,1.4514,0.0243,0.00000,0.46988
3.38,0.38,1.3798,0.0351,0.00000,0.46310
3.62,0.38,1.4061,0.0265,0.00000,0.43680
3.88,0.38,1.5276,0.0143,0.00000,0.43690
4.12,0.38,1.4767,0.0112,0.00000,0.41331
4.38,0.38,1.4706,0.0125,0.00000,0.36634
4.62,0.38,1.5403,0.0141,0.00000,0.32989
4.88,0.38,1.5492,0.0149,0.00000,0.31477
5.12,0.38,1.5300,0.0103,0.00000,0.30157
5.38,0.38,1.5286,0.0044,0.00000,0.28116
5.62,0.38,1.5237,0.0029,0.00000,0.26859
5.88,0.38,1.5376,0.0045,0.00000,0.26000
6.12,0.38,1.5934,0.0081,0.00000,0.25320
6.38,0.38,1.5938,0.0173,0.00000,0.25080
6.62,0.38,1.4403,0.1076,0.00000,0.24850
6.88,0.38,1.5422,1.1195,0.00000,0.26682
7.12,0.38,1.5882,5.2480,0.00000,0.25174
7.38,0.38,1.0899,11.6292,0.00000,0.16567
2.62,0.62,0.7152,0.0043,0.00000,0.21865
2.88,0.62,1.4315,0.0163,0.00000,0.43294
3.12,0.62,1.8822,0.0524,0.00000,0.59261
3.38,0.62,1.6834,0.0832,0.00000,0.57085
3.62,0.62,1.6309,0.0591,0.00000,0.52772
3.88,0.62,1.7463,0.0287,0.00000,0.53029
4.12,0.62,1.7018,0.0199,0.00000,0.50751
4.38,0.62,1.7124,0.0187,0.00000,0.46018
4.62,0.62,1.7459,0.0223,0.00000,0.41617
4.88,0.62,1.7079,0.0264,0.00000,0.38914
5.12,0.62,1.7173,0.0197,0.00000,0.37070
5.38,0.62,1.7471,0.0097,0.00000,0.34308
5.62,0.62,1.7293,0.0078,0.00000,0.32272
5.88,0.62,1.7208,0.0104,0.00000,0.31160
6.12,0.62,1.7536,0.0134,0.00000,0.30257
6.38,0.62,1.7811,0.0209,0.00000,0.30044
6.62,0.62,1.5764,0.1298,0.00000,0.29694
6.88,0.62,1.6915,1.3659,0.00000,0.31492
7.12,0.62,1.8817,6.4029,0.00000,0.30207
7.38,0.62,1.3603,14.1860,0.00000,0.20350
2.62,0.88,0.8594,0.0028,0.00000,0.17580
2.88,0.88,1.5024,0.0172,0.00000,0.34700
3.12,0.88,1.7604,0.0665,0.00000,0.47589
3.38,0.88,1.6195,0.1099,0.00000,0.47461
3.62,0.88,1.7154,0.0784,0.00000,0.46870
3.88,0.88,1.7617,0.0386,0.00000,0.48105
4.12,0.88,1.6897,0.0253,0.00000,0.46718
4.38,0.88,1.7645,0.0212,0.00000,0.44638
4.62,0.88,1.8256,0.0222,0.00000,0.41602
4.88,0.88,1.8027,0.0250,0.00000,0.38153
5.12,0.88,1.8135,0.0201,0.00000,0.35683
5.38,0.88,1.8239,0.0119,0.00000,0.32949
5.62,0.88,1.8419,0.0103,0.00000,0.30971
5.88,0.88,1.8819,0.0126,0.00000,0.30048
6.12,0.88,1.8566,0.0143,0.00000,0.28702
6.38,0.88,1.9049,0.0190,0.00000,0.28312
6.62,0.88,1.6976,0.1268,0.00000,0.27869
6.88,0.88,1.7667,1.3560,0.00000,0.28776
7.12,0.88,2.0461,6.3633,0.00000,0.27705
7.38,0.88,1.5357,14.1019,0.00000,0.18859
2.62,1.12,1.1515,0.0015,0.00000,0.13270
2.88,1.12,1.7426,0.0112,0.00000,0.24468
3.12,1.12,1.7463,0.0455,0.00000,0.32509
3.38,1.12,1.6832,0.0773,0.00000,0.35198
3.62,1.12,1.9814,0.0610,0.00000,0.38478
3.88,1.12,1.9361,0.0373,0.00000,0.39679
4.12,1.12,1.8330,0.0244,0.00000,0.38701
4.38,1.12,1.9335,0.0178,0.00000,0.38280
4.62,1.12,1.9828,0.0171,0.00000,0.36828
4.88,1.12,1.9936,0.0189,0.00000,0.34366
5.12,1.12,2.0138,0.0170,0.00000,0.32256
5.38,1.12,2.0036,0.0114,0.00000,0.30117
5.62,1.12,2.0390,0.0079,0.00000,0.28432
5.88,1.12,2.1093,0.0074,0.00000,0.27695
6.12,1.12,1.9684,0.0085,0.00000,0.25923
6.38,1.12,2.0172,0.0132,0.00000,0.25243
6.62,1.12,1.9418,0.1010,0.00000,0.24651
6.88,1.12,2.0088,1.0648,0.00000,0.24392
7.12,1.12,2.2896,4.9737,0.00000,0.23091
7.38,1.12,1.7300,11.0159,0.00000,0.15706
2.62,1.38,1.4107,0.0010,0.00000,0.10456
2.88,1.38,1.9850,0.0056,0.00000,0.17743
3.12,1.38,1.7956,0.0188,0.00000,0.22602
3.38,1.38,1.7417,0.0315,0.00000,0.26643
3.62,1.38,2.1263,0.0339,0.00000,0.31032
3.88,1.38,2.0502,0.0329,0.00000,0.31706
4.12,1.38,1.9957,0.0223,0.00000,0.31422
4.38,1.38,2.0522,0.0128,0.00000,0.31413
4.62,1.38,2.0391,0.0116,0.00000,0.30978
4.88,1.38,2.0848,0.0134,0.00000,0.30427
5.12,1.38,2.1342,0.0128,0.00000,0.29156
5.38,1.38,2.1480,0.0096,0.00000,0.27374
5.62,1.38,2.1349,0.0052,0.00000,0.25673
5.88,1.38,2.1950,0.0034,0.00000,0.25239
6.12,1.38,1.9885,0.0060,0.00000,0.23683
6.38,1.38,2.0241,0.0121,0.00000,0.22814
6.62,1.38,2.1366,0.0555,0.00000,0.22132
6.88,1.38,2.2089,0.4877,0.00000,0.20543
7.12,1.38,2.4018,2.2222,0.00000,0.18314
7.38,1.38,1.7953,4.9052,0.00000,0.12210
2.62,1.62,1.5475,0.0025,0.00000,0.08909
2.88,1.62,2.0707,0.0087,0.00000,0.13864
3.12,1.62,1.7452,0.0157,0.00000,0.16793
3.38,1.62,1.7393,0.0160,0.00000,0.21494
3.62,1.62,2.1887,0.0202,0.00000,0.25958
3.88,1.62,2.1168,0.0274,0.00000,0.25988
4.12,1.62,2.1035,0.0212,0.00000,0.26359
4.38,1.62,2.0696,0.0130,0.00000,0.26565
4.62,1.62,2.0584,0.0097,0.00000,0.26396
4.88,1.62,2.1768,0.0078,0.00000,0.26711
5.12,1.62,2.2230,0.0064,0.00000,0.26104
5.38,1.62,2.2695,0.0054,0.00000,0.24973
5.62,1.62,2.1877,0.0037,0.00000,0.23424
5.88,1.62,2.2287,0.0034,0.00000,0.23198
6.12,1.62,2.0417,0.0075,0.00000,0.22103
6.38,1.62,2.0653,0.0130,0.00000,0.21150
6.62,1.62,2.3116,0.0227,0.00000,0.20356
6.88,1.62,2.3690,0.1180,0.00000,0.17759
7.12,1.62,2.4603,0.5026,0.00000,0.14841
7.38,1.62,1.8163,1.0998,0.00000,0.09701
2.62,1.88,1.7268,0.0040,0.00000,0.07763
2.88,1.88,2.2439,0.0135,0.00000,0.11450
3.12,1.88,1.8104,0.0225,0.00000,0.13444
3.38,1.88,1.7902,0.0173,0.00000,0.18153
3.62,1.88,2.2330,0.0126,0.00000,0.22319
3.88,1.88,2.2027,0.0154,0.00000,0.22272
4.12,1.88,2.2501,0.0153,0.00000,0.22941
4.38,1.88,2.1367,0.0135,0.00000,0.23094
4.62,1.88,2.1439,0.0097,0.00000,0.22947
4.88,1.88,2.3041,0.0052,0.00000,0.23352
5.12,1.88,2.3288,0.0035,0.00000,0.23038
5.38,1.88,2.4151,0.0043,0.00000,0.22654
5.62,1.88,2.2737,0.0051,0.00000,0.21629
5.88,1.88,2.2801,0.0045,0.00000,0.21585
6.12,1.88,2.1519,0.0054,0.00000,0.20837
6.38,1.88,2.1822,0.0079,0.00000,0.19755
6.62,1.88,2.5019,0.0096,0.00000,0.18840
6.88,1.88,2.5365,0.0376,0.00000,0.15727
7.12,1.88,2.5531,0.1595,0.00000,0.12506
7.38,1.88,1.8682,0.3497,0.00000,0.08068
2.62,2.12,1.8119,0.0025,0.00000,0.06308
2.88,2.12,2.3479,0.0086,0.00000,0.09156
3.12,2.12,1.9263,0.0153,0.00000,0.10827
3.38,2.12,1.8967,0.0130,0.00000,0.15228
3.62,2.12,2.2375,0.0071,0.00000,0.19164
3.88,2.12,2.2503,0.0056,0.00000,0.19514
4.12,2.12,2.3766,0.0068,0.00000,0.20017
4.38,2.12,2.2253,0.0085,0.00000,0.20050
4.62,2.12,2.2253,0.0076,0.00000,0.20435
4.88,2.12,2.3621,0.0054,0.00000,0.21055
5.12,2.12,2.3718,0.0051,0.00000,0.20545
5.38,2.12,2.4884,0.0069,0.00000,0.20139
5.62,2.12,2.3165,0.0081,0.00000,0.19476
5.88,2.12,2.3048,0.0052,0.00000,0.19674
6.12,2.12,2.2562,0.0026,0.00000,0.19170
6.38,2.12,2.2956,0.0031,0.00000,0.17927
6.62,2.12,2.6336,0.0090,0.00000,0.17028
6.88,2.12,2.6587,0.0737,0.00000,0.14001
7.12,2.12,2.6411,0.3410,0.00000,0.10810
7.38,2.12,1.9240,0.7555,0.00000,0.06889
2.62,2.38,1.8185,0.0006,0.00000,0.05303
2.88,2.38,2.3793,0.0022,0.00000,0.07599
3.12,2.38,2.0560,0.0046,0.00000,0.08950
3.38,2.38,2.0622,0.0054,0.00000,0.13066
3.62,2.38,2.2746,0.0041,0.00000,0.17161
3.88,2.38,2.2926,0.0029,0.00000,0.17767
4.12,2.38,2.4448,0.0026,0.00000,0.17787
4.38,2.38,2.2950,0.0038,0.00000,0.17648
4.62,2.38,2.3026,0.0052,0.00000,0.18197
4.88,2.38,2.3896,0.0055,0.00000,0.18997
5.12,2.38,2.3800,0.0060,0.00000,0.18815
5.38,2.38,2.4922,0.0068,0.00000,0.18500
5.62,2.38,2.3452,0.0072,0.00000,0.18090
5.88,2.38,2.3453,0.0045,0.00000,0.18324
6.12,2.38,2.3486,0.0016,0.00000,0.17634
6.38,2.38,2.3795,0.0018,0.00000,0.16072
6.62,2.38,2.6991,0.0232,0.00000,0.15115
6.88,2.38,2.7264,0.2674,0.00000,0.12423
7.12,2.38,2.7071,1.2621,0.00000,0.09515
7.38,2.38,1.9710,2.7994,0.00000,0.06028
2.62,2.62,1.8731,0.0001,0.00000,0.04517
2.88,2.62,2.4737,0.0002,0.00000,0.06413
3.12,2.62,2.2210,0.0008,0.00000,0.07447
3.38,2.62,2.2197,0.0016,0.00000,0.11072
3.62,2.62,2.3051,0.0024,0.00000,0.15222
3.88,2.62,2.3338,0.0026,0.00000,0.16321
4.12,2.62,2.4994,0.0017,0.00000,0.16326
4.38,2.62,2.3903,0.0016,0.00000,0.16100
4.62,2.62,2.3878,0.0024,0.00000,0.16257
4.88,2.62,2.4057,0.0029,0.00000,0.17010
5.12,2.62,2.4100,0.0032,0.00000,0.17548
5.38,2.62,2.5192,0.0032,0.00000,0.17610
5.62,2.62,2.4148,0.0035,0.00000,0.17263
5.88,2.62,2.4119,0.0027,0.00000,0.17386
6.12,2.62,2.4290,0.0012,0.00000,0.16591
6.38,2.62,2.4580,0.0016,0.00000,0.14810
6.62,2.62,2.7598,0.0360,0.00000,0.13611
6.88,2.62,2.7724,0.4351,0.00000,0.10920
7.12,2.62,2.7406,2.0593,0.00000,0.08057
7.38,2.62,1.9926,4.5681,0.00000,0.04988
2.62,2.88,1.8897,0.0000,0.00000,0.03885
2.88,2.88,2.5222,0.0000,0.00000,0.05460
3.12,2.88,2.3573,0.0001,0.00000,0.06183
3.38,2.88,2.3658,0.0005,0.00000,0.09142
3.62,2.88,2.3368,0.0012,0.00000,0.13170
3.88,2.88,2.3673,0.0015,0.00000,0.15116
4.12,2.88,2.5272,0.0010,0.00000,0.15465
4.38,2.88,2.4747,0.0005,0.00000,0.15226
4.62,2.88,2.4698,0.0005,0.00000,0.15202
4.88,2.88,2.4507,0.0006,0.00000,0.15770
5.12,2.88,2.4874,0.0007,0.00000,0.16430
5.38,2.88,2.5750,0.0007,0.00000,0.16649
5.62,2.88,2.5184,0.0010,0.00000,0.16411
5.88,2.88,2.5188,0.0015,0.00000,0.16451
6.12,2.88,2.5439,0.0013,0.00000,0.15653
6.38,2.88,2.5456,0.0013,0.00000,0.13764
6.62,2.88,2.8055,0.0219,0.00000,0.12389
6.88,2.88,2.8126,0.2638,0.00000,0.09846
7.12,2.88,2.7808,1.2485,0.00000,0.07015
7.38,2.88,2.0202,2.7694,0.00000,0.04189
2.62,3.12,1.9213,0.0000,0.00000,0.03603
2.88,3.12,2.5850,0.0000,0.00000,0.04974
3.12,3.12,2.4839,0.0003,0.00000,0.05331
3.38,3.12,2.4963,0.0014,0.00000,0.07558
3.62,3.12,2.3959,0.0024,0.00000,0.11349
3.88,3.12,2.4262,0.0018,0.00000,0.13925
4.12,3.12,2.5188,0.0008,0.00000,0.14378
4.38,3.12,2.4908,0.0003,0.00000,0.14124
4.62,3.12,2.5075,0.0001,0.00000,0.14329
4.88,3.12,2.4880,0.0003,0.00000,0.14823
5.12,3.12,2.5466,0.0004,0.00000,0.15408
5.38,3.12,2.6053,0.0003,0.00000,0.15636
5.62,3.12,2.6304,0.0004,0.00000,0.15488
5.88,3.12,2.6392,0.0012,0.00000,0.15502
6.12,3.12,2.6652,0.0018,0.00000,0.14724
6.38,3.12,2.6447,0.0016,0.00000,0.12829
6.62,3.12,2.8648,0.0057,0.00000,0.11431
6.88,3.12,2.8503,0.0595,0.00000,0.09183
7.12,3.12,2.8035,0.2792,0.00000,0.06445
7.38,3.12,2.0326,0.6183,0.00000,0.03726
2.62,3.38,1.9687,0.0000,0.00000,0.03263
2.88,3.38,2.6598,0.0001,0.00000,0.04452
3.12,3.38,2.5924,0.0015,0.00000,0.04575
3.38,3.38,2.6038,0.0068,0.00000,0.06230
3.62,3.38,2.4751,0.0114,0.00000,0.09736
3.88,3.38,2.5094,0.0072,0.00000,0.12701
4.12,3.38,2.5200,0.0019,0.00000,0.13192
4.38,3.38,2.4883,0.0003,0.00000,0.12873
4.62,3.38,2.4886,0.0003,0.00000,0.13254
4.88,3.38,2.4692,0.0010,0.00000,0.13877
5.12,3.38,2.5790,0.0017,0.00000,0.14514
5.38,3.38,2.6347,0.0012,0.00000,0.14582
5.62,3.38,2.7280,0.0009,0.00000,0.14451
5.88,3.38,2.7294,0.0017,0.00000,0.14576
6.12,3.38,2.7577,0.0027,0.00000,0.13881
6.38,3.38,2.7337,0.0023,0.00000,0.11971
6.62,3.38,2.9334,0.0021,0.00000,0.10394
6.88,3.38,2.9058,0.0062,0.00000,0.08174
7.12,3.38,2.8519,0.0240,0.00000,0.05671
7.38,3.38,2.0668,0.0515,0.00000,0.03267
2.62,3.62,1.9899,0.0000,0.00000,0.02792
2.88,3.62,2.7002,0.0003,0.00000,0.03788
3.12,3.62,2.6763,0.0034,0.00000,0.03805
3.38,3.62,2.7148,0.0155,0.00000,0.05088
3.62,3.62,2.5752,0.0261,0.00000,0.08416
3.88,3.62,2.5980,0.0170,0.00000,0.11810
4.12,3.62,2.5376,0.0050,0.00000,0.12545
4.38,3.62,2.5097,0.0010,0.00000,0.12193
4.62,3.62,2.4818,0.0005,0.00000,0.12505
4.88,3.62,2.4652,0.0017,0.00000,0.13315
5.12,3.62,2.6326,0.0029,0.00000,0.14136
5.38,3.62,2.6815,0.0025,0.00000,0.14096
5.62,3.62,2.7984,0.0022,0.00000,0.14001
5.88,3.62,2.7955,0.0027,0.00000,0.14158
6.12,3.62,2.8374,0.0034,0.00000,0.13299
6.38,3.62,2.8011,0.0030,0.00000,0.11195
6.62,3.62,2.9793,0.0025,0.00000,0.09334
6.88,3.62,2.9562,0.0019,0.00000,0.07008
7.12,3.62,2.9132,0.0018,0.00000,0.04844
7.38,3.62,2.1145,0.0023,0.00000,0.02863
2.62,3.88,2.0180,0.0000,0.00000,0.02324
2.88,3.88,2.7438,0.0003,0.00000,0.03156
3.12,3.88,2.7391,0.0036,0.00000,0.03147
3.38,3.88,2.7874,0.0164,0.00000,0.04110
3.62,3.88,2.6509,0.0282,0.00000,0.07144
3.88,3.88,2.6784,0.0202,0.00000,0.10908
4.12,3.88,2.5693,0.0083,0.00000,0.12186
4.38,3.88,2.5426,0.0027,0.00000,0.12019
4.62,3.88,2.4976,0.0007,0.00000,0.12173
4.88,3.88,2.4887,0.0011,0.00000,0.12867
5.12,3.88,2.6988,0.0020,0.00000,0.13724
5.38,3.88,2.7536,0.0024,0.00000,0.13741
5.62,3.88,2.8848,0.0028,0.00000,0.13700
5.88,3.88,2.8577,0.0025,0.00000,0.13807
6.12,3.88,2.8898,0.0023,0.00000,0.12824
6.38,3.88,2.8481,0.0027,0.00000,0.10582
6.62,3.88,3.0222,0.0034,0.00000,0.08661
6.88,3.88,2.9904,0.0030,0.00000,0.06334
7.12,3.88,2.9389,0.0020,0.00000,0.04272
7.38,3.88,2.1320,0.0011,0.00000,0.02512
2.62,4.12,2.0248,0.0001,0.00000,0.01981
2.88,4.12,2.7590,0.0002,0.00000,0.02713
3.12,4.12,2.7743,0.0018,0.00000,0.02731
3.38,4.12,2.8367,0.0079,0.00000,0.03420
3.62,4.12,2.7024,0.0142,0.00000,0.05882
3.88,4.12,2.7303,0.0124,0.00000,0.09659
4.12,4.12,2.5948,0.0082,0.00000,0.11695
4.38,4.12,2.5679,0.0038,0.00000,0.11913
4.62,4.12,2.5027,0.0008,0.00000,0.11928
4.88,4.12,2.5033,0.0003,0.00000,0.12389
5.12,4.12,2.7471,0.0006,0.00000,0.13133
5.38,4.12,2.8112,0.0011,0.00000,0.13195
5.62,4.12,2.9550,0.0015,0.00000,0.13332
5.88,4.12,2.9235,0.0011,0.00000,0.13578
6.12,4.12,2.9495,0.0009,0.00000,0.12608
6.38,4.12,2.8781,0.0025,0.00000,0.10088
6.62,4.12,3.0352,0.0082,0.00000,0.08062
6.88,4.12,3.0181,0.0129,0.00000,0.06001
7.12,4.12,2.9801,0.0096,0.00000,0.04059
7.38,4.12,2.1641,0.0042,0.00000,0.02343
2.62,4.38,2.0537,0.0032,0.00000,0.01832
2.88,4.38,2.7987,0.0015,0.00000,0.02522
3.12,4.38,2.8130,0.0007,0.00000,0.02529
3.38,4.38,2.8741,0.0017,0.00000,0.02989
3.62,4.38,2.7507,0.0032,0.00000,0.04849
3.88,4.38,2.7799,0.0039,0.00000,0.08294
4.12,4.38,2.6105,0.0040,0.00000,0.10890
4.38,4.38,2.5746,0.0022,0.00000,0.11582
4.62,4.38,2.5006,0.0005,0.00000,0.11698
4.88,4.38,2.5122,0.0001,0.00000,0.12147
5.12,4.38,2.7661,0.0001,0.00000,0.12812
5.38,4.38,2.8300,0.0002,0.00000,0.12864
5.62,4.38,2.9814,0.0003,0.00000,0.13162
5.88,4.38,2.9747,0.0002,0.00000,0.13627
6.12,4.38,3.0136,0.0007,0.00000,0.12677
6.38,4.38,2.9313,0.0067,0.00000,0.09871
6.62,4.38,3.0780,0.0296,0.00000,0.07646
6.88,4.38,3.0496,0.0510,0.00000,0.05735
7.12,4.38,3.0030,0.0369,0.00000,0.03927
7.38,4.38,2.1789,0.0147,0.00000,0.02259
2.62,4.62,2.0993,0.0389,0.00000,0.01692
2.88,4.62,2.8601,0.0177,0.00000,0.02335
3.12,4.62,2.8690,0.0038,0.00000,0.02332
3.38,4.62,2.9226,0.0005,0.00000,0.02633
3.62,4.62,2.8001,0.0003,0.00000,0.04020
3.88,4.62,2.8312,0.0006,0.00000,0.07066
4.12,4.62,2.6520,0.0008,0.00000,0.10056
4.38,4.62,2.6110,0.0005,0.00000,0.11339
4.62,4.62,2.5075,0.0001,0.00000,0.11523
4.88,4.62,2.5119,0.0000,0.00000,0.11885
5.12,4.62,2.7816,0.0000,0.00000,0.12545
5.38,4.62,2.8668,0.0001,0.00000,0.12662
5.62,4.62,3.0107,0.0002,0.00000,0.12940
5.88,4.62,3.0029,0.0003,0.00000,0.13440
6.12,4.62,3.0515,0.0012,0.00000,0.12658
6.38,4.62,2.9997,0.0110,0.00000,0.09919
6.62,4.62,3.1553,0.0492,0.00000,0.07691
6.88,4.62,3.1055,0.0865,0.00000,0.05877
7.12,4.62,3.0407,0.0669,0.00000,0.03983
7.38,4.62,2.2014,0.0337,0.00000,0.02213
2.62,4.88,2.1195,0.1867,0.00000,0.01551
2.88,4.88,2.8909,0.0845,0.00000,0.02144
3.12,4.88,2.9121,0.0181,0.00000,0.02149
3.38,4.88,2.9746,0.0016,0.00000,0.02356
3.62,4.88,2.8383,0.0001,0.00000,0.03385
3.88,4.88,2.8639,0.0001,0.00000,0.06106
4.12,4.88,2.7162,0.0002,0.00000,0.09433
4.38,4.88,2.6972,0.0003,0.00000,0.11230
4.62,4.88,2.5689,0.0005,0.00000,0.11333
4.88,4.88,2.5586,0.0004,0.00000,0.11613
5.12,4.88,2.8177,0.0006,0.00000,0.12396
5.38,4.88,2.9159,0.0010,0.00000,0.12681
5.62,4.88,3.0381,0.0017,0.00000,0.12829
5.88,4.88,3.0150,0.0026,0.00000,0.13317
6.12,4.88,3.0742,0.0031,0.00000,0.12839
6.38,4.88,3.0376,0.0094,0.00000,0.10246
6.62,4.88,3.1932,0.0367,0.00000,0.08514
6.88,4.88,3.1694,0.0766,0.00000,0.07405
7.12,4.88,3.1170,0.1055,0.00000,0.05008
7.38,4.88,2.2518,0.1332,0.00000,0.02502
2.62,5.12,2.1440,0.4696,0.00000,0.01445
2.88,5.12,2.9236,0.2128,0.00000,0.02010
3.12,5.12,2.9416,0.0458,0.00000,0.02036
3.38,5.12,3.0023,0.0043,0.00000,0.02189
3.62,5.12,2.8687,0.0005,0.00000,0.02949
3.88,5.12,2.9046,0.0004,0.00000,0.05327
4.12,5.12,2.7861,0.0007,0.00000,0.08806
4.38,5.12,2.7789,0.0014,0.00000,0.11049
4.62,5.12,2.6493,0.0022,0.00000,0.11245
4.88,5.12,2.6430,0.0021,0.00000,0.11580
5.12,5.12,2.8646,0.0035,0.00000,0.12455
5.38,5.12,2.9514,0.0061,0.00000,0.12805
5.62,5.12,3.0539,0.0091,0.00000,0.12813
5.88,5.12,3.0285,0.0128,0.00000,0.13258
6.12,5.12,3.0861,0.0127,0.00000,0.12937
6.38,5.12,3.0487,0.0151,0.00000,0.10575
6.62,5.12,3.2082,0.0381,0.00000,0.09787
6.88,5.12,3.2067,0.1212,0.00000,0.09567
7.12,5.12,3.1548,0.3313,0.00000,0.06404
7.38,5.12,2.2720,0.6074,0.00000,0.02916
2.62,5.38,2.1539,1.1356,0.00000,0.01361
2.88,5.38,2.9407,0.5158,0.00000,0.01906
3.12,5.38,2.9654,0.1121,0.00000,0.01939
3.38,5.38,3.0321,0.0110,0.00000,0.02045
3.62,5.38,2.9013,0.0018,0.00000,0.02593
3.88,5.38,2.9394,0.0026,0.00000,0.04556
4.12,5.38,2.8397,0.0034,0.00000,0.08056
4.38,5.38,2.8455,0.0038,0.00000,0.10934
4.62,5.38,2.7236,0.0045,0.00000,0.11490
4.88,5.38,2.7211,0.0054,0.00000,0.11775
5.12,5.38,2.9089,0.0108,0.00000,0.12475
5.38,5.38,2.9855,0.0182,0.00000,0.12685
5.62,5.38,3.0612,0.0231,0.00000,0.12628
5.88,5.38,3.0392,0.0306,0.00000,0.13083
6.12,5.38,3.0991,0.0354,0.00000,0.12812
6.38,5.38,3.0773,0.0434,0.00000,0.10621
6.62,5.38,3.2336,0.0895,0.00000,0.10193
6.88,5.38,3.2188,0.2889,0.00000,0.10220
7.12,5.38,3.1665,0.8539,0.00000,0.06814
7.38,5.38,2.2841,1.6212,0.00000,0.03039
2.62,5.62,2.1677,2.3080,0.00000,0.01295
2.88,5.62,2.9603,1.0521,0.00000,0.01813
3.12,5.62,2.9818,0.2321,0.00000,0.01837
3.38,5.62,3.0450,0.0245,0.00000,0.01920
3.62,5.62,2.9213,0.0056,0.00000,0.02321
3.88,5.62,2.9662,0.0094,0.00000,0.03890
4.12,5.62,2.8813,0.0120,0.00000,0.07244
4.38,5.62,2.9020,0.0087,0.00000,0.10570
4.62,5.62,2.7956,0.0072,0.00000,0.11478
4.88,5.62,2.7970,0.0111,0.00000,0.11722
5.12,5.62,2.9379,0.0232,0.00000,0.12277
5.38,5.62,3.0080,0.0362,0.00000,0.12461
5.62,5.62,3.0761,0.0402,0.00000,0.12511
5.88,5.62,3.0662,0.0508,0.00000,0.13209
6.12,5.62,3.1176,0.0713,0.00000,0.13080
6.38,5.62,3.1156,0.0989,0.00000,0.10854
6.62,5.62,3.2783,0.1841,0.00000,0.10478
6.88,5.62,3.2433,0.5526,0.00000,0.10677
7.12,5.62,3.1795,1.6106,0.00000,0.07199
7.38,5.62,2.2945,3.0434,0.00000,0.03230
2.62,5.88,2.1612,3.0778,0.00000,0.01235
2.88,5.88,2.9547,1.4132,0.00000,0.01730
3.12,5.88,2.9833,0.3199,0.00000,0.01776
3.38,5.88,3.0509,0.0385,0.00000,0.01889
3.62,5.88,2.9240,0.0124,0.00000,0.02187
3.88,5.88,2.9721,0.0224,0.00000,0.03400
4.12,5.88,2.9158,0.0299,0.00000,0.06395
4.38,5.88,2.9489,0.0220,0.00000,0.09824
4.62,5.88,2.8490,0.0179,0.00000,0.11114
4.88,5.88,2.8574,0.0275,0.00000,0.11406
5.12,5.88,2.9582,0.0478,0.00000,0.11926
5.38,5.88,3.0244,0.0670,0.00000,0.12279
5.62,5.88,3.0820,0.0750,0.00000,0.12384
5.88,5.88,3.0948,0.0935,0.00000,0.13219
6.12,5.88,3.1557,0.1365,0.00000,0.13351
6.38,5.88,3.1636,0.1926,0.00000,0.11287
6.62,5.88,3.3257,0.3255,0.00000,0.11224
6.88,5.88,3.2949,0.9063,0.00000,0.11777
7.12,5.88,3.2277,2.6020,0.00000,0.08067
7.38,5.88,2.3258,4.8946,0.00000,0.03650
2.62,6.12,2.1707,3.6701,0.00000,0.01204
2.88,6.12,2.9668,1.7043,0.00000,0.01686
3.12,6.12,2.9869,0.4044,0.00000,0.01760
3.38,6.12,3.0438,0.0621,0.00000,0.01911
3.62,6.12,2.9159,0.0260,0.00000,0.02139
3.88,6.12,2.9773,0.0434,0.00000,0.03066
4.12,6.12,2.9463,0.0611,0.00000,0.05619
4.38,6.12,2.9736,0.0522,0.00000,0.09015
4.62,6.12,2.8862,0.0501,0.00000,0.10778
4.88,6.12,2.9132,0.0728,0.00000,0.11186
5.12,6.12,2.9747,0.1082,0.00000,0.11672
5.38,6.12,3.0341,0.1364,0.00000,0.12118
5.62,6.12,3.0784,0.1535,0.00000,0.12163
5.88,6.12,3.1173,0.1770,0.00000,0.13066
6.12,6.12,3.1950,0.2338,0.00000,0.13389
6.38,6.12,3.1964,0.3232,0.00000,0.11510
6.62,6.12,3.3531,0.5245,0.00000,0.11879
6.88,6.12,3.3484,1.3134,0.00000,0.12860
7.12,6.12,3.2881,3.5776,0.00000,0.08949
7.38,6.12,2.3658,6.6168,0.00000,0.04088
2.62,6.38,2.2099,5.1529,0.00000,0.01190
2.88,6.38,3.0160,2.4374,0.00000,0.01670
3.12,6.38,3.0221,0.6419,0.00000,0.01812
3.38,6.38,3.0625,0.1461,0.00000,0.02025
3.62,6.38,2.9255,0.0684,0.00000,0.02163
3.88,6.38,2.9948,0.0866,0.00000,0.02862
4.12,6.38,2.9867,0.1185,0.00000,0.05010
4.38,6.38,3.0113,0.1105,0.00000,0.08229
4.62,6.38,2.9241,0.1135,0.00000,0.10354
4.88,6.38,2.9598,0.1595,0.00000,0.10990
5.12,6.38,2.9987,0.2279,0.00000,0.11655
5.38,6.38,3.0559,0.2739,0.00000,0.12305
5.62,6.38,3.0594,0.2913,0.00000,0.12253
5.88,6.38,3.0982,0.3005,0.00000,0.13128
6.12,6.38,3.2043,0.3594,0.00000,0.13547
6.38,6.38,3.2204,0.4889,0.00000,0.11771
6.62,6.38,3.3699,0.7856,0.00000,0.12436
6.88,6.38,3.3811,1.7418,0.00000,0.13704
7.12,6.38,3.3233,4.2799,0.00000,0.09583
7.38,6.38,2.3877,7.5894,0.00000,0.04368
2.62,6.62,2.2231,6.9191,0.00000,0.01213
2.88,6.62,3.0384,3.3757,0.00000,0.01738
3.12,6.62,3.0578,1.0370,0.00000,0.02033
3.38,6.62,3.1029,0.3440,0.00000,0.02351
3.62,6.62,2.9547,0.1831,0.00000,0.02290
3.88,6.62,3.0179,0.1803,0.00000,0.02683
4.12,6.62,3.0198,0.2192,0.00000,0.04482
4.38,6.62,3.0652,0.1999,0.00000,0.07610
4.62,6.62,2.9768,0.1965,0.00000,0.10173
4.88,6.62,3.0042,0.2768,0.00000,0.11168
5.12,6.62,3.0204,0.4100,0.00000,0.12037
5.38,6.62,3.0756,0.4952,0.00000,0.12733
5.62,6.62,3.0559,0.5052,0.00000,0.12420
5.88,6.62,3.1065,0.4987,0.00000,0.13165
6.12,6.62,3.2301,0.5868,0.00000,0.13758
6.38,6.62,3.2545,0.7702,0.00000,0.12130
6.62,6.62,3.3873,1.1352,0.00000,0.12789
6.88,6.62,3.3969,2.2187,0.00000,0.14080
7.12,6.62,3.3400,4.9160,0.00000,0.09890
7.38,6.62,2.4002,8.3027,0.00000,0.04533
2.62,6.88,2.2366,7.9422,0.00000,0.01325
2.88,6.88,3.0661,4.0187,0.00000,0.01954
3.12,6.88,3.0824,1.4303,0.00000,0.02446
3.38,6.88,3.1032,0.6225,0.00000,0.02873
3.62,6.88,2.9688,0.3859,0.00000,0.02558
3.88,6.88,3.0501,0.3418,0.00000,0.02607
4.12,6.88,3.0347,0.3716,0.00000,0.04070
4.38,6.88,3.0941,0.3256,0.00000,0.07094
4.62,6.88,3.0274,0.3016,0.00000,0.10024
4.88,6.88,3.0592,0.4309,0.00000,0.11352
5.12,6.88,3.0531,0.6580,0.00000,0.12313
5.38,6.88,3.1083,0.7978,0.00000,0.13014
5.62,6.88,3.0855,0.8110,0.00000,0.12582
5.88,6.88,3.1436,0.7971,0.00000,0.13274
6.12,6.88,3.2582,0.9206,0.00000,0.14037
6.38,6.88,3.2841,1.1586,0.00000,0.12414
6.62,6.88,3.4078,1.5664,0.00000,0.12906
6.88,6.88,3.4109,2.7612,0.00000,0.14161
7.12,6.88,3.3509,5.6539,0.00000,0.10013
7.38,6.88,2.4109,9.1557,0.00000,0.04642
2.62,7.12,2.2425,9.4735,0.00000,0.01513
2.88,7.12,3.0877,4.9294,0.00000,0.02252
3.12,7.12,3.1121,1.9452,0.00000,0.02894
3.38,7.12,3.1235,0.9678,0.00000,0.03413
3.62,7.12,2.9933,0.6293,0.00000,0.02907
3.88,7.12,3.0634,0.5452,0.00000,0.02693
4.12,7.12,3.0311,0.5694,0.00000,0.03846
4.38,7.12,3.1100,0.5016,0.00000,0.06578
4.62,7.12,3.0585,0.4649,0.00000,0.09586
4.88,7.12,3.0817,0.6490,0.00000,0.11238
5.12,7.12,3.0634,0.9735,0.00000,0.12315
5.38,7.12,3.1285,1.1685,0.00000,0.13141
5.62,7.12,3.1150,1.1946,0.00000,0.12948
5.88,7.12,3.1778,1.1668,0.00000,0.13676
6.12,7.12,3.2881,1.2863,0.00000,0.14302
6.38,7.12,3.3138,1.5619,0.00000,0.12563
6.62,7.12,3.4329,2.0564,0.00000,0.13032
6.88,7.12,3.4233,3.3504,0.00000,0.14232
7.12,7.12,3.3437,6.2149,0.00000,0.10094
7.38,7.12,2.4076,9.4280,0.00000,0.04738
2.62,7.38,2.2562,12.8416,0.00000,0.01760
2.88,7.38,3.1120,6.7122,0.00000,0.02613
3.12,7.38,3.1445,2.7025,0.00000,0.03355
3.38,7.38,3.1638,1.3762,0.00000,0.03937
3.62,7.38,3.0355,0.8994,0.00000,0.03322
3.88,7.38,3.0928,0.7813,0.00000,0.02955
4.12,7.38,3.0447,0.7910,0.00000,0.03817
4.38,7.38,3.1123,0.7152,0.00000,0.06159
4.62,7.38,3.0609,0.6985,0.00000,0.09123
4.88,7.38,3.0830,0.9404,0.00000,0.11132
5.12,7.38,3.0708,1.3724,0.00000,0.12424
5.38,7.38,3.1465,1.6489,0.00000,0.13200
5.62,7.38,3.1521,1.6629,0.00000,0.12953
5.88,7.38,3.2310,1.5715,0.00000,0.13685
6.12,7.38,3.3309,1.6644,0.00000,0.14325
6.38,7.38,3.3216,1.9856,0.00000,0.12621
6.62,7.38,3.4408,2.6124,0.00000,0.13230
6.88,7.38,3.4505,3.9702,0.00000,0.14437
7.12,7.38,3.3713,6.5404,0.00000,0.10321
7.38,7.38,2.4354,8.9999,0.00000,0.04942
2.62,7.62,2.2711,14.2045,0.00000,0.02126
2.88,7.62,3.1350,7.5570,0.00000,0.03180
3.12,7.62,3.1656,3.1755,0.00000,0.04061
3.38,7.62,3.1733,1.7697,0.00000,0.04717
3.62,7.62,3.0495,1.2862,0.00000,0.03918
3.88,7.62,3.1368,1.1258,0.00000,0.03329
4.12,7.62,3.0865,1.0762,0.00000,0.03904
4.38,7.62,3.1196,1.0027,0.00000,0.05877
4.62,7.62,3.0513,1.0421,0.00000,0.08777
4.88,7.62,3.0866,1.3748,0.00000,0.11115
5.12,7.62,3.0964,1.9230,0.00000,0.12662
5.38,7.62,3.1667,2.2362,0.00000,0.13325
5.62,7.62,3.1693,2.1942,0.00000,0.12732
5.88,7.62,3.2535,2.0293,0.00000,0.13332
6.12,7.62,3.3473,2.1053,0.00000,0.14291
6.38,7.62,3.3147,2.4759,0.00000,0.12956
6.62,7.62,3.4375,3.2658,0.00000,0.13743
6.88,7.62,3.4653,4.7770,0.00000,0.14932
7.12,7.62,3.3904,7.3480,0.00000,0.10728
7.38,7.62,2.4560,9.4326,0.00000,0.05199
2.62,7.88,2.2633,11.7789,0.00000,0.02637
2.88,7.88,3.1156,6.8023,0.00000,0.03911
3.12,7.88,3.1482,3.4345,0.00000,0.04908
3.38,7.88,3.1743,2.2890,0.00000,0.05686
3.62,7.88,3.0582,1.8468,0.00000,0.04656
3.88,7.88,3.1565,1.6329,0.00000,0.03764
4.12,7.88,3.1078,1.5063,0.00000,0.04104
4.38,7.88,3.1411,1.4237,0.00000,0.05837
4.62,7.88,3.0689,1.5459,0.00000,0.08782
4.88,7.88,3.1105,2.0875,0.00000,0.11665
5.12,7.88,3.1219,2.7808,0.00000,0.13600
5.38,7.88,3.1598,2.9401,0.00000,0.13884
5.62,7.88,3.1593,2.7558,0.00000,0.12762
5.88,7.88,3.2492,2.5724,0.00000,0.13141
6.12,7.88,3.3389,2.6894,0.00000,0.14236
6.38,7.88,3.3084,3.1306,0.00000,0.13249
6.62,7.88,3.4394,4.0910,0.00000,0.14258
6.88,7.88,3.4743,5.8542,0.00000,0.15426
7.12,7.88,3.4010,8.7659,0.00000,0.11157
7.38,7.88,2.4678,10.9588,0.00000,0.05490
2.62,8.12,2.2434,9.9550,0.00000,0.03115
2.88,8.12,3.0768,6.4350,0.00000,0.04547
3.12,8.12,3.1112,3.9178,0.00000,0.05561
3.38,8.12,3.1613,2.9217,0.00000,0.06395
3.62,8.12,3.0533,2.4434,0.00000,0.05227
3.88,8.12,3.1494,2.2221,0.00000,0.04215
4.12,8.12,3.0964,2.1057,0.00000,0.04407
4.38,8.12,3.1343,2.0047,0.00000,0.05893
4.62,8.12,3.0773,2.1858,0.00000,0.08809
4.88,8.12,3.1333,2.9547,0.00000,0.12134
5.12,8.12,3.1498,3.8505,0.00000,0.14518
5.38,8.12,3.1612,3.9274,0.00000,0.14558
5.62,8.12,3.1515,3.5769,0.00000,0.13034
5.88,8.12,3.2349,3.2935,0.00000,0.13241
6.12,8.12,3.3167,3.4092,0.00000,0.14207
6.38,8.12,3.2946,3.9550,0.00000,0.13165
6.62,8.12,3.4336,5.1508,0.00000,0.14231
6.88,8.12,3.4789,7.2408,0.00000,0.15493
7.12,8.12,3.4164,10.4898,0.00000,0.11362
7.38,8.12,2.4870,12.8326,0.00000,0.05699
2.62,8.38,2.2514,9.9581,0.00000,0.03599
2.88,8.38,3.0785,7.0730,0.00000,0.05219
3.12,8.38,3.0969,4.8806,0.00000,0.06303
3.38,8.38,3.1351,3.7557,0.00000,0.07182
3.62,8.38,3.0347,3.0215,0.00000,0.05831
3.88,8.38,3.1278,2.7729,0.00000,0.04626
4.12,8.38,3.0647,2.8139,0.00000,0.04596
4.38,8.38,3.1217,2.7659,0.00000,0.05879
4.62,8.38,3.0834,2.9313,0.00000,0.08688
4.88,8.38,3.1267,3.6772,0.00000,0.11910
5.12,8.38,3.1508,4.6921,0.00000,0.14474
5.38,8.38,3.1831,5.0396,0.00000,0.15010
5.62,8.38,3.1731,4.7241,0.00000,0.13492
5.88,8.38,3.2405,4.2737,0.00000,0.13419
6.12,8.38,3.3178,4.2942,0.00000,0.14256
6.38,8.38,3.2958,4.8928,0.00000,0.13284
6.62,8.38,3.4308,6.3559,0.00000,0.14380
6.88,8.38,3.4749,8.8272,0.00000,0.15493
7.12,8.38,3.4172,12.3997,0.00000,0.11328
7.38,8.38,2.4976,14.8822,0.00000,0.05706
2.62,8.62,2.2693,10.7137,0.00000,0.04103
2.88,8.62,3.0978,8.1189,0.00000,0.05951
3.12,8.62,3.1143,6.0122,0.00000,0.07230
3.38,8.62,3.1496,4.7255,0.00000,0.08291
3.62,8.62,3.0478,3.7616,0.00000,0.06684
3.88,8.62,3.1267,3.4021,0.00000,0.05032
4.12,8.62,3.0565,3.5149,0.00000,0.04647
4.38,8.62,3.1244,3.5933,0.00000,0.05769
4.62,8.62,3.0890,3.8463,0.00000,0.08558
4.88,8.62,3.1325,4.4893,0.00000,0.11692
5.12,8.62,3.1618,5.4836,0.00000,0.14344
5.38,8.62,3.2020,6.1487,0.00000,0.15450
5.62,8.62,3.1914,6.0530,0.00000,0.13888
5.88,8.62,3.2468,5.4993,0.00000,0.13386
6.12,8.62,3.3340,5.3921,0.00000,0.14237
6.38,8.62,3.3101,5.9842,0.00000,0.13694
6.62,8.62,3.4330,7.6739,0.00000,0.14954
6.88,8.62,3.4704,10.4104,0.00000,0.15747
7.12,8.62,3.4145,14.0134,0.00000,0.11362
7.38,8.62,2.5040,16.1560,0.00000,0.05711
2.62,8.88,2.2853,12.2825,0.00000,0.04426
2.88,8.88,3.1112,9.3291,0.00000,0.06471
3.12,8.88,3.1344,6.8573,0.00000,0.08191
3.38,8.88,3.1763,5.5069,0.00000,0.09682
3.62,8.88,3.0670,4.5286,0.00000,0.07684
3.88,8.88,3.1313,4.1328,0.00000,0.05414
4.12,8.88,3.0563,4.2511,0.00000,0.04714
4.38,8.88,3.1174,4.4555,0.00000,0.05711
4.62,8.88,3.0829,4.9429,0.00000,0.08459
4.88,8.88,3.1461,5.5887,0.00000,0.11517
5.12,8.88,3.1790,6.4755,0.00000,0.13986
5.38,8.88,3.2092,7.2688,0.00000,0.15279
5.62,8.88,3.2063,7.4039,0.00000,0.13963
5.88,8.88,3.2446,6.8868,0.00000,0.13398
6.12,8.88,3.3244,6.7725,0.00000,0.14289
6.38,8.88,3.3113,7.4022,0.00000,0.13994
6.62,8.88,3.4412,9.2603,0.00000,0.15279
6.88,8.88,3.4703,12.1640,0.00000,0.15936
7.12,8.88,3.4081,15.6944,0.00000,0.11505
7.38,8.88,2.5063,17.3019,0.00000,0.05817
2.62,9.12,2.2990,14.7741,0.00000,0.04540
2.88,9.12,3.1147,10.9004,0.00000,0.06733
3.12,9.12,3.1375,7.7502,0.00000,0.08998
3.38,9.12,3.1811,6.2434,0.00000,0.10940
3.62,9.12,3.0695,5.2018,0.00000,0.08448
3.88,9.12,3.1303,4.9264,0.00000,0.05682
4.12,9.12,3.0531,5.1884,0.00000,0.04875
4.38,9.12,3.1062,5.5452,0.00000,0.05829
4.62,9.12,3.0579,6.2721,0.00000,0.08498
4.88,9.12,3.1184,6.9323,0.00000,0.11419
5.12,9.12,3.1752,7.7383,0.00000,0.13721
5.38,9.12,3.2120,8.5819,0.00000,0.15111
5.62,9.12,3.2119,8.7946,0.00000,0.14045
5.88,9.12,3.2354,8.4061,0.00000,0.13599
6.12,9.12,3.3077,8.4026,0.00000,0.14486
6.38,9.12,3.2899,9.1072,0.00000,0.14096
6.62,9.12,3.4235,11.1562,0.00000,0.15200
6.88,9.12,3.4649,14.3392,0.00000,0.15878
7.12,9.12,3.4201,18.2463,0.00000,0.11551
7.38,9.12,2.5343,19.9694,0.00000,0.05873
2.62,9.38,2.3019,17.4832,0.00000,0.04643
2.88,9.38,3.1086,12.7203,0.00000,0.06956
3.12,9.38,3.1363,8.9016,0.00000,0.09550
3.38,9.38,3.1879,7.1642,0.00000,0.11722
3.62,9.38,3.0753,6.0271,0.00000,0.08840
3.88,9.38,3.1325,5.9299,0.00000,0.05809
4.12,9.38,3.0477,6.3564,0.00000,0.05069
4.38,9.38,3.0983,6.9085,0.00000,0.06088
4.62,9.38,3.0553,7.8767,0.00000,0.08773
4.88,9.38,3.1127,8.5497,0.00000,0.11577
5.12,9.38,3.1740,9.3898,0.00000,0.13584
5.38,9.38,3.2115,10.3168,0.00000,0.14889
5.62,9.38,3.2193,10.4437,0.00000,0.14081
5.88,9.38,3.2194,10.0905,0.00000,0.13901
6.12,9.38,3.2696,10.1351,0.00000,0.14758
6.38,9.38,3.2504,10.8835,0.00000,0.14175
6.62,9.38,3.4011,13.2383,0.00000,0.15026
6.88,9.38,3.4485,16.8943,0.00000,0.15721
7.12,9.38,3.4076,21.5965,0.00000,0.11514
7.38,9.38,2.5460,24.1961,0.00000,0.05870
2.62,9.62,2.3161,20.2260,0.00000,0.04917
2.88,9.62,3.1245,14.6108,0.00000,0.07365
3.12,9.62,3.1441,10.1322,0.00000,0.10106
3.38,9.62,3.1914,8.2609,0.00000,0.12326
3.62,9.62,3.0865,7.0493,0.00000,0.09048
3.88,9.62,3.1469,6.9918,0.00000,0.05738
4.12,9.62,3.0461,7.5128,0.00000,0.05152
4.38,9.62,3.0955,8.3357,0.00000,0.06372
4.62,9.62,3.0692,9.5489,0.00000,0.09095
4.88,9.62,3.1172,10.2692,0.00000,0.11790
5.12,9.62,3.1628,11.2498,0.00000,0.13525
5.38,9.62,3.2010,12.2691,0.00000,0.14740
5.62,9.62,3.2198,12.3640,0.00000,0.14211
5.88,9.62,3.1891,12.0352,0.00000,0.14177
6.12,9.62,3.2227,12.0731,0.00000,0.14840
6.38,9.62,3.1997,12.8303,0.00000,0.14145
6.62,9.62,3.3539,15.4426,0.00000,0.14837
6.88,9.62,3.4112,19.5906,0.00000,0.15419
7.12,9.62,3.3847,25.2105,0.00000,0.11336
7.38,9.62,2.5543,28.9201,0.00000,0.05825
2.62,9.88,2.3147,22.5967,0.00000,0.05160
2.88,9.88,3.1233,16.3800,0.00000,0.07694
3.12,9.88,3.1449,11.2819,0.00000,0.10613
3.38,9.88,3.1928,9.3129,0.00000,0.12925
3.62,9.88,3.0767,8.0016,0.00000,0.09256
3.88,9.88,3.1235,7.8613,0.00000,0.05594
4.12,9.88,3.0229,8.5323,0.00000,0.05090
4.38,9.88,3.0788,9.6405,0.00000,0.06497
4.62,9.88,3.0543,11.0006,0.00000,0.09050
4.88,9.88,3.0980,11.8373,0.00000,0.11359
5.12,9.88,3.1456,12.8833,0.00000,0.13038
5.38,9.88,3.1715,13.7882,0.00000,0.14463
5.62,9.88,3.1984,14.2030,0.00000,0.14304
5.88,9.88,3.1531,14.2299,0.00000,0.14360
6.12,9.88,3.1892,14.3768,0.00000,0.14699
6.38,9.88,3.1736,15.2169,0.00000,0.13788
6.62,9.88,3.3285,18.0221,0.00000,0.14359
6.88,9.88,3.3809,22.3811,0.00000,0.14951
7.12,9.88,3.3548,28.1173,0.00000,0.11072
7.38,9.88,2.5480,31.8442,0.00000,0.05736
2.62,10.12,2.3057,23.5817,0.00000,0.05259
2.88,10.12,3.1079,17.8306,0.00000,0.07890
3.12,10.12,3.1201,12.6662,0.00000,0.11158
3.38,10.12,3.1599,10.4343,0.00000,0.13732
3.62,10.12,3.0523,8.9971,0.00000,0.09725
3.88,10.12,3.1073,8.8816,0.00000,0.05661
4.12,10.12,2.9962,9.7056,0.00000,0.05011
4.38,10.12,3.0357,10.9409,0.00000,0.06441
4.62,10.12,3.0227,12.3730,0.00000,0.08790
4.88,10.12,3.0757,13.4197,0.00000,0.10635
5.12,10.12,3.1258,14.5434,0.00000,0.12211
5.38,10.12,3.1465,15.3131,0.00000,0.13900
5.62,10.12,3.1863,15.9882,0.00000,0.14215
5.88,10.12,3.1333,16.3842,0.00000,0.14530
6.12,10.12,3.1809,16.8417,0.00000,0.14642
6.38,10.12,3.1773,17.8957,0.00000,0.13355
6.62,10.12,3.3314,20.9051,0.00000,0.13684
6.88,10.12,3.3734,25.4018,0.00000,0.14484
7.12,10.12,3.3422,30.5826,0.00000,0.10910
7.38,10.12,2.5545,33.3647,0.00000,0.05695
2.62,10.38,2.2694,22.4463,0.00000,0.05392
2.88,10.38,3.0710,18.6058,0.00000,0.08253
3.12,10.38,3.1029,14.4772,0.00000,0.11808
3.38,10.38,3.1593,12.0237,0.00000,0.14438
3.62,10.38,3.0624,10.3420,0.00000,0.10177
3.88,10.38,3.1268,10.3225,0.00000,0.05895
4.12,10.38,3.0092,11.2983,0.00000,0.05097
4.38,10.38,3.0397,12.5760,0.00000,0.06418
4.62,10.38,3.0303,13.9792,0.00000,0.08479
4.88,10.38,3.0613,15.0002,0.00000,0.09936
5.12,10.38,3.0953,15.9614,0.00000,0.11478
5.38,10.38,3.1247,16.6695,0.00000,0.13394
5.62,10.38,3.1690,17.4895,0.00000,0.13969
5.88,10.38,3.1179,18.2647,0.00000,0.14446
6.12,10.38,3.1828,19.1454,0.00000,0.14492
6.38,10.38,3.1800,20.3522,0.00000,0.12870
6.62,10.38,3.3245,23.4892,0.00000,0.12876
6.88,10.38,3.3470,28.3368,0.00000,0.13900
7.12,10.38,3.3124,33.5062,0.00000,0.10743
7.38,10.38,2.5609,36.1302,0.00000,0.05694
2.62,10.62,2.2666,22.3604,0.00000,0.05700
2.88,10.62,3.0803,20.0744,0.00000,0.08898
3.12,10.62,3.1358,16.8340,0.00000,0.12462
3.38,10.62,3.2078,14.1572,0.00000,0.14621
3.62,10.62,3.0904,12.1207,0.00000,0.10185
3.88,10.62,3.1345,11.9780,0.00000,0.05963
4.12,10.62,3.0336,12.8826,0.00000,0.05132
4.38,10.62,3.0806,14.1503,0.00000,0.06363
4.62,10.62,3.0534,15.5881,0.00000,0.08125
4.88,10.62,3.0681,16.6282,0.00000,0.09323
5.12,10.62,3.1100,17.3639,0.00000,0.10922
5.38,10.62,3.1367,17.9959,0.00000,0.12986
5.62,10.62,3.1631,18.9276,0.00000,0.13687
5.88,10.62,3.1068,20.0794,0.00000,0.14237
6.12,10.62,3.1796,21.2679,0.00000,0.14225
6.38,10.62,3.1832,22.5813,0.00000,0.12512
6.62,10.62,3.3354,26.0791,0.00000,0.12251
6.88,10.62,3.3373,31.5413,0.00000,0.13219
7.12,10.62,3.3033,37.4778,0.00000,0.10474
7.38,10.62,2.5947,41.0976,0.00000,0.05711
2.62,10.88,2.2986,25.4749,0.00000,0.05827
2.88,10.88,3.1202,22.8185,0.00000,0.09256
3.12,10.88,3.1640,19.3298,0.00000,0.12786
3.38,10.88,3.2243,16.5772,0.00000,0.14441
3.62,10.88,3.1052,14.3292,0.00000,0.09914
3.88,10.88,3.1446,13.7543,0.00000,0.05832
4.12,10.88,3.0484,14.2964,0.00000,0.04949
4.38,10.88,3.0962,15.4898,0.00000,0.06004
4.62,10.88,3.0570,17.1155,0.00000,0.07568
4.88,10.88,3.0821,18.4944,0.00000,0.08813
5.12,10.88,3.1341,19.1897,0.00000,0.10552
5.38,10.88,3.1394,19.5414,0.00000,0.12593
5.62,10.88,3.1535,20.3292,0.00000,0.13292
5.88,10.88,3.0975,21.7826,0.00000,0.13858
6.12,10.88,3.1768,23.3019,0.00000,0.13693
6.38,10.88,3.1733,24.8010,0.00000,0.12016
6.62,10.88,3.3303,28.6574,0.00000,0.11677
6.88,10.88,3.3379,34.5674,0.00000,0.12586
7.12,10.88,3.3229,41.6255,0.00000,0.10182
7.38,10.88,2.6515,46.6909,0.00000,0.05690
2.62,11.12,2.2907,28.6682,0.00000,0.05652
2.88,11.12,3.1102,25.0477,0.00000,0.09119
3.12,11.12,3.1562,21.1212,0.00000,0.12892
3.38,11.12,3.2182,18.7283,0.00000,0.14680
3.62,11.12,3.1032,16.5850,0.00000,0.09963
3.88,11.12,3.1387,15.5620,0.00000,0.05643
4.12,11.12,3.0464,15.9290,0.00000,0.04639
4.38,11.12,3.0937,17.1213,0.00000,0.05504
4.62,11.12,3.0464,18.7024,0.00000,0.06902
4.88,11.12,3.0674,20.3295,0.00000,0.08228
5.12,11.12,3.1191,21.2708,0.00000,0.10097
5.38,11.12,3.1182,21.5488,0.00000,0.12100
5.62,11.12,3.1387,22.2499,0.00000,0.12821
5.88,11.12,3.0833,23.7310,0.00000,0.13336
6.12,11.12,3.1646,25.1159,0.00000,0.13003
6.38,11.12,3.1505,26.6647,0.00000,0.11405
6.62,11.12,3.3012,30.4845,0.00000,0.11061
6.88,11.12,3.3149,36.3985,0.00000,0.12029
7.12,11.12,3.3223,44.5547,0.00000,0.10000
7.38,11.12,2.6864,50.7385,0.00000,0.05724
2.62,11.38,2.2890,30.0275,0.00000,0.05440
2.88,11.38,3.1070,26.6841,0.00000,0.08830
3.12,11.38,3.1381,23.0440,0.00000,0.12689
3.38,11.38,3.1858,20.8568,0.00000,0.14659
3.62,11.38,3.0743,18.7852,0.00000,0.09908
3.88,11.38,3.1081,17.5915,0.00000,0.05433
4.12,11.38,3.0202,18.0732,0.00000,0.04435
4.38,11.38,3.0637,19.2976,0.00000,0.05219
4.62,11.38,3.0137,20.4913,0.00000,0.06357
4.88,11.38,3.0288,21.9995,0.00000,0.07535
5.12,11.38,3.0962,23.3413,0.00000,0.09476
5.38,11.38,3.0905,23.9892,0.00000,0.11544
5.62,11.38,3.0925,24.8432,0.00000,0.12310
5.88,11.38,3.0461,26.1182,0.00000,0.12778
6.12,11.38,3.1530,27.0270,0.00000,0.12475
6.38,11.38,3.1436,28.3705,0.00000,0.11029
6.62,11.38,3.2767,31.7381,0.00000,0.10568
6.88,11.38,3.2731,37.5044,0.00000,0.11468
7.12,11.38,3.2974,46.8526,0.00000,0.09784
7.38,11.38,2.6906,54.2375,0.00000,0.05744
2.62,11.62,2.2849,31.2713,0.00000,0.05257
2.88,11.62,3.1018,28.7605,0.00000,0.08467
3.12,11.62,3.1316,25.7028,0.00000,0.12185
3.38,11.62,3.1734,23.4458,0.00000,0.14254
3.62,11.62,3.0427,21.2573,0.00000,0.09727
3.88,11.62,3.0629,19.9065,0.00000,0.05384
4.12,11.62,2.9918,20.3960,0.00000,0.04478
4.38,11.62,3.0411,21.7029,0.00000,0.05183
4.62,11.62,2.9992,22.6360,0.00000,0.06021
4.88,11.62,2.9997,23.7459,0.00000,0.06952
5.12,11.62,3.0658,25.2069,0.00000,0.08912
5.38,11.62,3.0732,26.3406,0.00000,0.11077
5.62,11.62,3.0735,27.4984,0.00000,0.11773
5.88,11.62,3.0340,28.7129,0.00000,0.12111
6.12,11.62,3.1689,29.5226,0.00000,0.12006
6.38,11.62,3.1758,30.9708,0.00000,0.10818
6.62,11.62,3.2984,33.9947,0.00000,0.10259
6.88,11.62,3.2726,39.4687,0.00000,0.11130
7.12,11.62,3.2940,49.3513,0.00000,0.09739
7.38,11.62,2.6787,57.5894,0.00000,0.05848
2.62,11.88,2.2898,33.6275,0.00000,0.04767
2.88,11.88,3.1004,31.3487,0.00000,0.07696
3.12,11.88,3.1422,28.3866,0.00000,0.11415
3.38,11.88,3.1865,25.7800,0.00000,0.13785
3.62,11.88,3.0395,23.3223,0.00000,0.09596
3.88,11.88,3.0567,21.8424,0.00000,0.05471
4.12,11.88,2.9952,22.2498,0.00000,0.04614
4.38,11.88,3.0473,23.7946,0.00000,0.05161
4.62,11.88,3.0130,24.8735,0.00000,0.05749
4.88,11.88,2.9913,25.4905,0.00000,0.06444
5.12,11.88,3.0454,26.7289,0.00000,0.08338
5.38,11.88,3.0733,28.3047,0.00000,0.10595
5.62,11.88,3.0785,29.9235,0.00000,0.11212
5.88,11.88,3.0387,31.3640,0.00000,0.11347
6.12,11.88,3.1876,32.4193,0.00000,0.11422
6.38,11.88,3.2051,34.1897,0.00000,0.10472
6.62,11.88,3.3271,37.1988,0.00000,0.09888
6.88,11.88,3.2968,42.6529,0.00000,0.10897
7.12,11.88,3.3110,52.5374,0.00000,0.09834
7.38,11.88,2.6720,60.7502,0.00000,0.06032
2.62,12.12,2.3226,36.9060,0.00000,0.04130
2.88,12.12,3.1145,34.1442,0.00000,0.06742
3.12,12.12,3.1509,30.5449,0.00000,0.10402
3.38,12.12,3.1868,27.1919,0.00000,0.12952
3.62,12.12,3.0468,24.3337,0.00000,0.09212
3.88,12.12,3.0820,22.9933,0.00000,0.05452
4.12,12.12,3.0028,23.3796,0.00000,0.04621
4.38,12.12,3.0368,25.1253,0.00000,0.04992
4.62,12.12,3.0085,26.6367,0.00000,0.05409
4.88,12.12,2.9938,27.1723,0.00000,0.05955
5.12,12.12,3.0478,28.3382,0.00000,0.07730
5.38,12.12,3.0739,30.2129,0.00000,0.09973
5.62,12.12,3.0705,32.2839,0.00000,0.10515
5.88,12.12,3.0401,34.0819,0.00000,0.10461
6.12,12.12,3.1939,35.0853,0.00000,0.10715
6.38,12.12,3.2053,36.5559,0.00000,0.10043
6.62,12.12,3.3290,39.7729,0.00000,0.09372
6.88,12.12,3.3086,46.1089,0.00000,0.10386
7.12,12.12,3.3173,56.6140,0.00000,0.09702
7.38,12.12,2.6545,65.1854,0.00000,0.06116
2.62,12.38,2.3356,40.1806,0.00000,0.03636
2.88,12.38,3.1057,36.7871,0.00000,0.06033
3.12,12.38,3.1432,32.3988,0.00000,0.09638
3.38,12.38,3.1825,28.4552,0.00000,0.12252
3.62,12.38,3.0450,25.2974,0.00000,0.08836
3.88,12.38,3.0891,23.9418,0.00000,0.05353
4.12,12.38,3.0076,24.3072,0.00000,0.04523
4.38,12.38,3.0372,26.3127,0.00000,0.04783
4.62,12.38,2.9998,28.2351,0.00000,0.05107
4.88,12.38,2.9863,28.9367,0.00000,0.05610
5.12,12.38,3.0211,30.1762,0.00000,0.07264
5.38,12.38,3.0449,32.3046,0.00000,0.09370
5.62,12.38,3.0618,34.6554,0.00000,0.09855
5.88,12.38,3.0442,36.4916,0.00000,0.09717
6.12,12.38,3.1846,36.9664,0.00000,0.10124
6.38,12.38,3.1818,37.7556,0.00000,0.09698
6.62,12.38,3.3136,41.4838,0.00000,0.08856
6.88,12.38,3.3113,49.3528,0.00000,0.09725
7.12,12.38,3.3223,61.0206,0.00000,0.09396
7.38,12.38,2.6510,70.4551,0.00000,0.06101
2.62,12.62,2.3403,41.9876,0.00000,0.03276
2.88,12.62,3.1043,38.6961,0.00000,0.05489
3.12,12.62,3.1229,34.3075,0.00000,0.08829
3.38,12.62,3.1460,30.3973,0.00000,0.11259
3.62,12.62,3.0087,27.1657,0.00000,0.08298
3.88,12.62,3.0606,25.4537,0.00000,0.05248
4.12,12.62,2.9987,25.8446,0.00000,0.04374
4.38,12.62,3.0403,28.1873,0.00000,0.04507
4.62,12.62,2.9931,30.2311,0.00000,0.04805
4.88,12.62,2.9927,31.0297,0.00000,0.05354
5.12,12.62,3.0241,32.2078,0.00000,0.06933
5.38,12.62,3.0289,34.3390,0.00000,0.08908
5.62,12.62,3.0472,36.7504,0.00000,0.09330
5.88,12.62,3.0328,38.4878,0.00000,0.09086
6.12,12.62,3.1702,38.8210,0.00000,0.09559
6.38,12.62,3.1682,39.5158,0.00000,0.09253
6.62,12.62,3.3027,43.8131,0.00000,0.08279
6.88,12.62,3.2936,52.8049,0.00000,0.09140
7.12,12.62,3.2892,65.1779,0.00000,0.09088
7.38,12.62,2.6308,75.2792,0.00000,0.06007
2.62,12.88,2.3014,42.5631,0.00000,0.03044
2.88,12.88,3.0589,39.6189,0.00000,0.05184
3.12,12.88,3.0958,35.8053,0.00000,0.08281
3.38,12.88,3.1383,32.7434,0.00000,0.10389
3.62,12.88,2.9844,29.8178,0.00000,0.07831
3.88,12.88,3.0180,27.6522,0.00000,0.05245
4.12,12.88,2.9716,27.9591,0.00000,0.04326
4.38,12.88,3.0299,30.4308,0.00000,0.04280
4.62,12.88,2.9933,32.4827,0.00000,0.04512
4.88,12.88,3.0131,33.4001,0.00000,0.05122
5.12,12.88,3.0611,34.4481,0.00000,0.06702
5.38,12.88,3.0441,36.1170,0.00000,0.08589
5.62,12.88,3.0448,38.2845,0.00000,0.08863
5.88,12.88,3.0209,40.2778,0.00000,0.08381
6.12,12.88,3.1588,41.3707,0.00000,0.08910
6.38,12.88,3.1616,42.7535,0.00000,0.08776
6.62,12.88,3.2942,47.2858,0.00000,0.07763
6.88,12.88,3.2943,56.5759,0.00000,0.08708
7.12,12.88,3.2997,69.3064,0.00000,0.08878
7.38,12.88,2.6510,79.9887,0.00000,0.05938
2.62,13.12,2.2978,43.9672,0.00000,0.02868
2.88,13.12,3.0558,40.8928,0.00000,0.04956
3.12,13.12,3.1036,37.0624,0.00000,0.07783
3.38,13.12,3.1564,34.7024,0.00000,0.09495
3.62,13.12,2.9963,32.3187,0.00000,0.07305
3.88,13.12,3.0212,29.9036,0.00000,0.05197
4.12,13.12,2.9538,29.8633,0.00000,0.04285
4.38,13.12,3.0068,32.3429,0.00000,0.04099
4.62,13.12,3.0030,34.6090,0.00000,0.04286
4.88,13.12,3.0261,35.6313,0.00000,0.04905
5.12,13.12,3.0769,36.6693,0.00000,0.06401
5.38,13.12,3.0678,37.8796,0.00000,0.08239
5.62,13.12,3.0698,39.7198,0.00000,0.08476
5.88,13.12,3.0230,42.2161,0.00000,0.07720
6.12,13.12,3.1476,44.5895,0.00000,0.08164
6.38,13.12,3.1534,47.2913,0.00000,0.08216
6.62,13.12,3.2821,51.9279,0.00000,0.07236
6.88,13.12,3.2762,60.8092,0.00000,0.08189
7.12,13.12,3.2896,73.2654,0.00000,0.08607
7.38,13.12,2.6559,83.9835,0.00000,0.05874
2.62,13.38,2.3346,46.3420,0.00000,0.02690
2.88,13.38,3.0947,42.9245,0.00000,0.04673
3.12,13.38,3.1210,38.4364,0.00000,0.07335
3.38,13.38,3.1603,35.6747,0.00000,0.08921
3.62,13.38,3.0269,33.4818,0.00000,0.06931
3.88,13.38,3.0678,31.3491,0.00000,0.05006
4.12,13.38,2.9567,31.1433,0.00000,0.04125
4.38,13.38,2.9861,33.5545,0.00000,0.03906
4.62,13.38,2.9974,35.9276,0.00000,0.04067
4.88,13.38,3.0227,37.0534,0.00000,0.04635
5.12,13.38,3.0827,38.3255,0.00000,0.05975
5.38,13.38,3.0925,39.5914,0.00000,0.07802
5.62,13.38,3.0902,41.5238,0.00000,0.08134
5.88,13.38,3.0120,44.6304,0.00000,0.07254
6.12,13.38,3.1242,48.0112,0.00000,0.07626
6.38,13.38,3.1413,51.8785,0.00000,0.07767
6.62,13.38,3.2762,56.8968,0.00000,0.06746
6.88,13.38,3.2648,65.7303,0.00000,0.07594
7.12,13.38,3.2883,77.4930,0.00000,0.08278
7.38,13.38,2.6649,87.2041,0.00000,0.05816
2.62,13.62,2.3330,49.7730,0.00000,0.02501
2.88,13.62,3.0816,45.0204,0.00000,0.04310
3.12,13.62,3.1145,39.5117,0.00000,0.06783
3.38,13.62,3.1660,35.7606,0.00000,0.08350
3.62,13.62,3.0363,33.0261,0.00000,0.06510
3.88,13.62,3.0831,31.5468,0.00000,0.04662
4.12,13.62,2.9808,31.8658,0.00000,0.03912
4.38,13.62,3.0003,34.1386,0.00000,0.03761
4.62,13.62,2.9776,36.2229,0.00000,0.03849
4.88,13.62,2.9872,37.5677,0.00000,0.04302
5.12,13.62,3.0499,39.2725,0.00000,0.05497
5.38,13.62,3.0885,41.0961,0.00000,0.07297
5.62,13.62,3.1042,43.5207,0.00000,0.07725
5.88,13.62,3.0325,47.1620,0.00000,0.06835
6.12,13.62,3.1464,50.8109,0.00000,0.07194
6.38,13.62,3.1552,54.8968,0.00000,0.07442
6.62,13.62,3.2839,60.5384,0.00000,0.06339
6.88,13.62,3.2670,70.1014,0.00000,0.07069
7.12,13.62,3.3002,81.4127,0.00000,0.08141
7.38,13.62,2.6750,89.7102,0.00000,0.05961
2.62,13.88,2.3465,53.7247,0.00000,0.02357
2.88,13.88,3.0787,47.1974,0.00000,0.04015
3.12,13.88,3.0908,40.5228,0.00000,0.06230
3.38,13.88,3.1307,35.8091,0.00000,0.07620
3.62,13.88,3.0035,32.3633,0.00000,0.05919
3.88,13.88,3.0665,31.7774,0.00000,0.04222
4.12,13.88,2.9966,33.1614,0.00000,0.03658
4.38,13.88,3.0188,35.3711,0.00000,0.03631
4.62,13.88,2.9751,37.0829,0.00000,0.03682
4.88,13.88,2.9680,38.4607,0.00000,0.04059
5.12,13.88,3.0068,40.2554,0.00000,0.05161
5.38,13.88,3.0560,42.4919,0.00000,0.06854
5.62,13.88,3.1070,45.1807,0.00000,0.07246
5.88,13.88,3.0867,48.9030,0.00000,0.06353
6.12,13.88,3.2092,52.4865,0.00000,0.06774
6.38,13.88,3.1936,56.3340,0.00000,0.07201
6.62,13.88,3.3051,62.4814,0.00000,0.06046
6.88,13.88,3.2683,73.0610,0.00000,0.06663
7.12,13.88,3.3014,84.6920,0.00000,0.08056
7.38,13.88,2.6819,92.4698,0.00000,0.06091
2.62,14.12,2.3495,56.1705,0.00000,0.02291
2.88,14.12,3.0604,49.2518,0.00000,0.03785
3.12,14.12,3.0680,42.4764,0.00000,0.05698
3.38,14.12,3.1242,37.6589,0.00000,0.06953
3.62,14.12,3.0109,34.2209,0.00000,0.05470
3.88,14.12,3.0641,34.1252,0.00000,0.03949
4.12,14.12,2.9693,35.8679,0.00000,0.03436
4.38,14.12,2.9880,37.5782,0.00000,0.03439
4.62,14.12,2.9738,38.7073,0.00000,0.03509
4.88,14.12,2.9907,39.8614,0.00000,0.03891
5.12,14.12,2.9994,41.4341,0.00000,0.04932
5.38,14.12,3.0173,43.5661,0.00000,0.06500
5.62,14.12,3.0855,46.0150,0.00000,0.06890
5.88,14.12,3.0980,49.4228,0.00000,0.06002
6.12,14.12,3.2200,53.5044,0.00000,0.06428
6.38,14.12,3.1926,57.9599,0.00000,0.06976
6.62,14.12,3.2925,64.1311,0.00000,0.05778
6.88,14.12,3.2664,75.1166,0.00000,0.06299
7.12,14.12,3.3230,87.9556,0.00000,0.07840
7.38,14.12,2.7168,97.0858,0.00000,0.06028
2.62,14.38,2.3620,58.2361,0.00000,0.02200
2.88,14.38,3.0507,51.8003,0.00000,0.03489
3.12,14.38,3.0611,45.7188,0.00000,0.05061
3.38,14.38,3.1321,41.3375,0.00000,0.06194
3.62,14.38,3.0219,38.1269,0.00000,0.04991
3.88,14.38,3.0664,37.3556,0.00000,0.03743
4.12,14.38,2.9517,38.4197,0.00000,0.03281
4.38,14.38,2.9712,39.7142,0.00000,0.03273
4.62,14.38,2.9784,40.2712,0.00000,0.03364
4.88,14.38,3.0120,40.9485,0.00000,0.03753
5.12,14.38,3.0079,42.5149,0.00000,0.04722
5.38,14.38,3.0014,44.5638,0.00000,0.06249
5.62,14.38,3.0799,46.6251,0.00000,0.06754
5.88,14.38,3.0758,49.7152,0.00000,0.05805
6.12,14.38,3.1819,54.2672,0.00000,0.06125
6.38,14.38,3.1732,59.1905,0.00000,0.06781
6.62,14.38,3.2876,65.3344,0.00000,0.05584
6.88,14.38,3.2616,76.6532,0.00000,0.06053
7.12,14.38,3.3137,91.1814,0.00000,0.07654
7.38,14.38,2.7366,103.2143,0.00000,0.05933
2.62,14.62,2.3858,62.2896,0.00000,0.02146
2.88,14.62,3.0534,55.9163,0.00000,0.03265
3.12,14.62,3.0637,50.1872,0.00000,0.04461
3.38,14.62,3.1378,45.3186,0.00000,0.05349
3.62,14.62,3.0130,41.3106,0.00000,0.04401
3.88,14.62,3.0466,39.2015,0.00000,0.03449
4.12,14.62,2.9452,39.6036,0.00000,0.03079
4.38,14.62,2.9731,40.8812,0.00000,0.03100
4.62,14.62,2.9717,41.1070,0.00000,0.03208
4.88,14.62,3.0114,41.5073,0.00000,0.03623
5.12,14.62,3.0241,43.3591,0.00000,0.04543
5.38,14.62,3.0042,45.6731,0.00000,0.05981
5.62,14.62,3.0908,47.6341,0.00000,0.06577
5.88,14.62,3.0891,50.6237,0.00000,0.05609
6.12,14.62,3.1811,54.2576,0.00000,0.05855
6.38,14.62,3.1532,57.9201,0.00000,0.06612
6.62,14.62,3.2770,64.9923,0.00000,0.05428
6.88,14.62,3.2614,78.2940,0.00000,0.05870
7.12,14.62,3.3214,94.8330,0.00000,0.07520
7.38,14.62,2.7787,109.0107,0.00000,0.05868
2.62,14.88,2.3830,66.4859,0.00000,0.02029
2.88,14.88,3.0451,60.1150,0.00000,0.02977
3.12,14.88,3.0725,54.6757,0.00000,0.03858
3.38,14.88,3.1583,48.5743,0.00000,0.04551
3.62,14.88,3.0203,43.0020,0.00000,0.03852
3.88,14.88,3.0413,39.7443,0.00000,0.03151
4.12,14.88,2.9550,39.8332,0.00000,0.02898
4.38,14.88,2.9789,41.3015,0.00000,0.02948
4.62,14.88,2.9521,41.6608,0.00000,0.03005
4.88,14.88,2.9924,42.1439,0.00000,0.03422
5.12,14.88,3.0156,44.0565,0.00000,0.04340
5.38,14.88,2.9908,46.7634,0.00000,0.05744
5.62,14.88,3.0853,48.9326,0.00000,0.06416
5.88,14.88,3.0975,51.9348,0.00000,0.05448
6.12,14.88,3.2026,54.7732,0.00000,0.05693
6.38,14.88,3.1741,57.4588,0.00000,0.06552
6.62,14.88,3.3031,65.2536,0.00000,0.05344
6.88,14.88,3.2811,79.8761,0.00000,0.05699
7.12,14.88,3.3280,97.0798,0.00000,0.07335
7.38,14.88,2.7665,110.6727,0.00000,0.05743
2.62,15.12,2.4038,69.3610,0.00000,0.01848
2.88,15.12,3.0824,63.0391,0.00000,0.02670
3.12,15.12,3.0860,57.2858,0.00000,0.03402
3.38,15.12,3.1326,49.8047,0.00000,0.04039
3.62,15.12,3.0066,43.2427,0.00000,0.03530
3.88,15.12,3.0586,39.8544,0.00000,0.02995
4.12,15.12,2.9826,40.0788,0.00000,0.02827
4.38,15.12,2.9893,41.8437,0.00000,0.02862
4.62,15.12,2.9357,42.7378,0.00000,0.02833
4.88,15.12,2.9651,43.6637,0.00000,0.03202
5.12,15.12,2.9913,45.7551,0.00000,0.04041
5.38,15.12,2.9850,48.7516,0.00000,0.05435
5.62,15.12,3.1018,50.9352,0.00000,0.06321
5.88,15.12,3.1057,53.8547,0.00000,0.05427
6.12,15.12,3.2190,57.0908,0.00000,0.05621
6.38,15.12,3.1991,59.9975,0.00000,0.06502
6.62,15.12,3.3168,67.2824,0.00000,0.05299
6.88,15.12,3.3099,81.8254,0.00000,0.05635
7.12,15.12,3.3784,99.2707,0.00000,0.07273
7.38,15.12,2.8018,112.0524,0.00000,0.05702
2.62,15.38,2.3740,70.6413,0.00000,0.01696
2.88,15.38,3.0779,64.8333,0.00000,0.02464
3.12,15.38,3.1000,58.8170,0.00000,0.03106
3.38,15.38,3.1356,50.5716,0.00000,0.03684
3.62,15.38,3.0030,43.9689,0.00000,0.03329
3.88,15.38,3.0556,41.1094,0.00000,0.02932
4.12,15.38,2.9714,41.2933,0.00000,0.02795
4.38,15.38,2.9761,42.5949,0.00000,0.02836
4.62,15.38,2.9331,44.0227,0.00000,0.02792
4.88,15.38,2.9543,45.7167,0.00000,0.03083
5.12,15.38,2.9781,47.9893,0.00000,0.03758
5.38,15.38,2.9885,51.2201,0.00000,0.05091
5.62,15.38,3.1277,54.2301,0.00000,0.06200
5.88,15.38,3.1234,58.0458,0.00000,0.05428
6.12,15.38,3.2255,61.5641,0.00000,0.05535
6.38,15.38,3.2018,64.0327,0.00000,0.06361
6.62,15.38,3.3007,70.1721,0.00000,0.05194
6.88,15.38,3.2716,84.2102,0.00000,0.05541
7.12,15.38,3.3340,101.4045,0.00000,0.07182
7.38,15.38,2.7803,113.5234,0.00000,0.05646
2.62,15.62,2.3599,70.9318,0.00000,0.01566
2.88,15.62,3.0797,65.3715,0.00000,0.02298
3.12,15.62,3.1095,59.2402,0.00000,0.02881
3.38,15.62,3.1516,51.7981,0.00000,0.03416
3.62,15.62,3.0320,46.3861,0.00000,0.03193
3.88,15.62,3.0776,43.6369,0.00000,0.02908
4.12,15.62,2.9771,43.1605,0.00000,0.02756
4.38,15.62,2.9845,43.6423,0.00000,0.02813
4.62,15.62,2.9572,45.1842,0.00000,0.02845
4.88,15.62,2.9735,47.0932,0.00000,0.03122
5.12,15.62,2.9982,49.3201,0.00000,0.03647
5.38,15.62,3.0032,53.2349,0.00000,0.04901
5.62,15.62,3.1248,58.2791,0.00000,0.06106
5.88,15.62,3.1139,63.7496,0.00000,0.05399
6.12,15.62,3.1988,66.2455,0.00000,0.05469
6.38,15.62,3.1768,67.3667,0.00000,0.06306
6.62,15.62,3.2901,73.5801,0.00001,0.05178
6.88,15.62,3.2583,88.0228,0.00011,0.05524
7.12,15.62,3.3361,105.1004,0.00053,0.07171
7.38,15.62,2.8247,116.8969,0.00119,0.05648
2.62,15.88,2.3236,70.6283,0.00000,0.01465
2.88,15.88,3.0517,64.4900,0.00000,0.02172
3.12,15.88,3.1020,58.1231,0.00000,0.02750
3.38,15.88,3.1765,52.3560,0.00000,0.03276
3.62,15.88,3.0627,48.4759,0.00000,0.03097
3.88,15.88,3.0825,45.1863,0.00000,0.02841
4.12,15.88,2.9865,43.8450,0.00000,0.02696
4.38,15.88,3.0093,44.2067,0.00000,0.02759
4.62,15.88,2.9733,45.9133,0.00000,0.02827
4.88,15.88,2.9677,47.5114,0.00000,0.03102
5.12,15.88,3.0024,49.8353,0.00000,0.03553
5.38,15.88,3.0209,54.5230,0.00000,0.04787
5.62,15.88,3.1201,60.6960,0.00000,0.06065
5.88,15.88,3.1011,67.1176,0.00000,0.05431
6.12,15.88,3.1751,69.4535,0.00000,0.05493
6.38,15.88,3.1746,70.8711,0.00001,0.06325
6.62,15.88,3.3094,78.5654,0.00031,0.05185
6.88,15.88,3.2307,93.2721,0.00374,0.05545
7.12,15.88,3.2925,110.5655,0.01771,0.07229
7.38,15.88,2.8387,124.1960,0.03930,0.05706
2.62,16.12,2.3007,71.9203,0.00000,0.01407
2.88,16.12,3.0592,64.3947,0.00000,0.02108
3.12,16.12,3.1274,56.8446,0.00000,0.02681
3.38,16.12,3.2113,51.0104,0.00000,0.03161
3.62,16.12,3.0820,47.3494,0.00000,0.02939
3.88,16.12,3.0863,44.6749,0.00000,0.02656
4.12,16.12,2.9900,43.9258,0.00000,0.02536
4.38,16.12,3.0142,44.5955,0.00000,0.02598
4.62,16.12,2.9871,46.5369,0.00000,0.02707
4.88,16.12,2.9775,48.0105,0.00000,0.03050
5.12,16.12,3.0158,50.3003,0.00000,0.03535
5.38,16.12,3.0389,54.6669,0.00000,0.04748
5.62,16.12,3.1148,60.0672,0.00000,0.06086
5.88,16.12,3.0855,66.3877,0.00000,0.05613
6.12,16.12,3.1581,70.5990,0.00000,0.05674
6.38,16.12,3.1749,75.0228,0.00011,0.06434
6.62,16.12,3.3121,84.3427,0.00372,0.05327
6.88,16.12,3.2947,99.6329,0.04553,0.05743
7.12,16.12,3.5287,121.7789,0.21568,0.07396
7.38,16.12,3.2141,143.3234,0.47783,0.05861
2.62,16.38,2.3406,74.9836,0.00000,0.01439
2.88,16.38,3.1193,65.3739,0.00000,0.02160
3.12,16.38,3.1472,55.5798,0.00000,0.02690
3.38,16.38,3.1851,48.2064,0.00000,0.03050
3.62,16.38,3.0496,44.0353,0.00000,0.02741
3.88,16.38,3.0862,43.2801,0.00000,0.02444
4.12,16.38,2.9943,44.5522,0.00000,0.02332
4.38,16.38,3.0018,45.4414,0.00000,0.02365
4.62,16.38,2.9956,47.0703,0.00000,0.02526
4.88,16.38,3.0164,48.9571,0.00000,0.02950
5.12,16.38,3.0585,51.4272,0.00000,0.03498
5.38,16.38,3.0491,54.8496,0.00000,0.04682
5.62,16.38,3.0945,59.1012,0.00000,0.06100
5.88,16.38,3.0767,65.0401,0.00000,0.05883
6.12,16.38,3.1627,70.9076,0.00000,0.05935
6.38,16.38,3.1595,77.7314,0.00050,0.06724
6.62,16.38,3.2544,86.8578,0.01667,0.05979
6.88,16.38,3.4535,104.5904,0.20399,0.06430
7.12,16.38,4.2856,140.7972,0.96340,0.07936
7.38,16.38,4.6559,179.2168,2.09368,0.06612
2.62,16.62,2.3249,74.7027,0.00000,0.01494
2.88,16.62,3.0938,64.9641,0.00000,0.02250
3.12,16.62,3.1283,54.7526,0.00000,0.02729
3.38,16.62,3.1762,46.8690,0.00000,0.02946
3.62,16.62,3.0258,42.4092,0.00000,0.02580
3.88,16.62,3.0590,42.4749,0.00000,0.02307
4.12,16.62,2.9819,44.9589,0.00000,0.02211
4.38,16.62,3.0041,46.4848,0.00000,0.02247
4.62,16.62,3.0044,47.9465,0.00000,0.02401
4.88,16.62,3.0154,50.1447,0.00000,0.02774
5.12,16.62,3.0423,52.9852,0.00000,0.03284
5.38,16.62,3.0322,56.1378,0.00000,0.04403
5.62,16.62,3.0884,59.8022,0.00000,0.05960
5.88,16.62,3.0716,64.9664,0.00000,0.06106
6.12,16.62,3.1303,70.4201,0.00000,0.06026
6.38,16.62,3.1117,76.8703,0.00083,0.06917
6.62,16.62,3.1944,83.8275,0.02749,0.06895
6.88,16.62,3.5165,99.7510,0.33595,0.07236
7.12,16.62,4.7564,138.2963,1.56495,0.08775
7.38,16.62,5.5684,172.4815,3.13738,0.08375
2.62,16.88,2.3473,70.2430,0.00000,0.01553
2.88,16.88,3.1089,62.9459,0.00000,0.02332
3.12,16.88,3.1147,54.3354,0.00000,0.02717
3.38,16.88,3.1515,46.9390,0.00000,0.02784
3.62,16.88,3.0185,42.7033,0.00000,0.02456
3.88,16.88,3.0589,42.6783,0.00000,0.02250
4.12,16.88,2.9893,45.1892,0.00000,0.02164
4.38,16.88,3.0047,47.3737,0.00000,0.02215
4.62,16.88,2.9860,48.6830,0.00000,0.02332
4.88,16.88,2.9905,50.6942,0.00000,0.02621
5.12,16.88,3.0017,53.9040,0.00000,0.03099
5.38,16.88,2.9942,57.8578,0.00000,0.04193
5.62,16.88,3.0773,61.8377,0.00000,0.05905
5.88,16.88,3.0788,66.0404,0.00000,0.06396
6.12,16.88,3.1123,69.6469,0.00000,0.06070
6.38,16.88,3.0683,74.1039,0.00050,0.06948
6.62,16.88,3.1244,78.4800,0.01667,0.07610
6.88,16.88,3.3016,85.6257,0.20339,0.07573
7.12,16.88,4.0837,101.6716,0.92664,0.09165
7.38,16.88,4.3969,107.5307,1.65312,0.10015
7.62,16.88,3.6260,80.8325,1.18774,0.07054
7.88,16.88,2.9509,57.0818,0.34075,0.03380
2.62,17.12,2.3569,68.8077,0.00000,0.01547
2.88,17.12,3.1113,62.5541,0.00000,0.02330
3.12,17.12,3.1178,54.6774,0.00000,0.02695
3.38,17.12,3.1574,47.4944,0.00000,0.02693
3.62,17.12,3.0267,43.5683,0.00000,0.02370
3.88,17.12,3.0526,43.4271,0.00000,0.02156
4.12,17.12,2.9939,45.5242,0.00000,0.02079
4.38,17.12,3.0150,48.0419,0.00000,0.02139
4.62,17.12,2.9896,49.3105,0.00000,0.02260
4.88,17.12,2.9904,51.1853,0.00000,0.02561
5.12,17.12,2.9972,54.8517,0.00000,0.03045
5.38,17.12,3.0043,59.8714,0.00000,0.04027
5.62,17.12,3.1139,64.6754,0.00000,0.05740
5.88,17.12,3.1045,68.2378,0.00000,0.06547
6.12,17.12,3.0845,69.7415,0.00000,0.06091
6.38,17.12,3.0181,71.6532,0.00011,0.06823
6.62,17.12,3.0705,74.2204,0.00372,0.08121
6.88,17.12,3.0677,75.9655,0.04533,0.07990
7.12,17.12,3.2697,75.7014,0.20382,0.08924
7.38,17.12,3.3742,69.0643,0.34126,0.10279
7.62,17.12,3.2774,56.7722,0.21497,0.08038
7.88,17.12,3.3093,54.5552,0.05207,0.04559
8.12,17.12,3.2190,71.1102,0.00497,0.02493
8.38,17.12,2.9247,88.5309,0.00019,0.01480
2.62,17.38,2.3805,69.8509,0.00000,0.01599
2.88,17.38,3.1144,63.4559,0.00000,0.02376
3.12,17.38,3.1215,55.5886,0.00000,0.02690
3.38,17.38,3.1537,48.6024,0.00000,0.02607
3.62,17.38,3.0250,45.0896,0.00000,0.02247
3.88,17.38,3.0534,45.0453,0.00000,0.01995
4.12,17.38,2.9958,46.7586,0.00000,0.01944
4.38,17.38,3.0140,49.3224,0.00000,0.02032
4.62,17.38,3.0022,50.9876,0.00000,0.02190
4.88,17.38,3.0026,52.7438,0.00000,0.02502
5.12,17.38,3.0215,55.9965,0.00000,0.02923
5.38,17.38,3.0316,60.7938,0.00000,0.03681
5.62,17.38,3.1305,65.7328,0.00000,0.05237
5.88,17.38,3.1087,69.3732,0.00000,0.06362
6.12,17.38,3.0595,69.9538,0.00000,0.06086
6.38,17.38,2.9875,70.0798,0.00001,0.06481
6.62,17.38,3.0408,71.0335,0.00031,0.07994
6.88,17.38,3.0584,71.8017,0.00372,0.08283
7.12,17.38,3.0670,70.4161,0.01668,0.08157
7.38,17.38,3.0926,65.2213,0.02753,0.08750
7.62,17.38,3.0982,58.7272,0.01678,0.07796
7.88,17.38,3.1433,57.8782,0.00380,0.05532
8.12,17.38,3.2158,65.8877,0.00032,0.03627
8.38,17.38,3.2792,70.9618,0.00001,0.02424
8.62,17.38,3.1004,62.8657,0.00000,0.01675
8.88,17.38,2.7619,50.5519,0.00000,0.01146
2.62,17.62,2.3973,69.7462,0.00000,0.01692
2.88,17.62,3.0936,64.1627,0.00000,0.02493
3.12,17.62,3.0940,56.9758,0.00000,0.02803
3.38,17.62,3.1233,50.3951,0.00000,0.02678
3.62,17.62,2.9901,47.3093,0.00000,0.02225
3.88,17.62,3.0321,47.5103,0.00000,0.01886
4.12,17.62,2.9832,49.0461,0.00000,0.01858
4.38,17.62,2.9980,51.2555,0.00000,0.01998
4.62,17.62,3.0047,53.3885,0.00000,0.02193
4.88,17.62,3.0141,55.6617,0.00000,0.02434
5.12,17.62,3.0564,58.0246,0.00000,0.02725
5.38,17.62,3.0437,60.6829,0.00000,0.03300
5.62,17.62,3.0865,63.9318,0.00000,0.04627
5.88,17.62,3.0614,67.9016,0.00000,0.05930
6.12,17.62,3.0466,69.4243,0.00000,0.06034
6.38,17.62,3.0285,69.3121,0.00000,0.06035
6.62,17.62,3.0429,69.2296,0.00001,0.07027
6.88,17.62,3.0580,69.2327,0.00011,0.07636
7.12,17.62,3.0766,69.3472,0.00050,0.07154
7.38,17.62,3.1115,67.4349,0.00083,0.06572
7.62,17.62,3.1335,63.2042,0.00050,0.06158
7.88,17.62,3.1127,60.8511,0.00011,0.05524
8.12,17.62,3.0901,62.0476,0.00001,0.04602
8.38,17.62,3.1380,62.1791,0.00000,0.03591
8.62,17.62,3.2193,60.6506,0.00000,0.02653
8.88,17.62,3.2768,59.4333,0.00000,0.01912
9.12,17.62,3.3244,65.3770,0.00000,0.01438
2.62,17.88,2.3869,70.1294,0.00000,0.01669
2.88,17.88,3.0758,64.8905,0.00000,0.02450
3.12,17.88,3.0927,58.6166,0.00000,0.02809
3.38,17.88,3.1400,53.0601,0.00000,0.02765
3.62,17.88,2.9811,50.3190,0.00000,0.02267
3.88,17.88,2.9955,50.0672,0.00000,0.01862
4.12,17.88,2.9240,50.9733,0.00000,0.01826
4.38,17.88,2.9343,52.8556,0.00000,0.01999
4.62,17.88,3.0080,55.8330,0.00000,0.02251
4.88,17.88,3.0360,58.9942,0.00000,0.02408
5.12,17.88,3.0516,60.4025,0.00000,0.02551
5.38,17.88,3.0281,60.9516,0.00000,0.02977
5.62,17.88,3.0686,62.6248,0.00000,0.04035
5.88,17.88,3.0594,66.9999,0.00000,0.05361
6.12,17.88,3.0527,70.0972,0.00000,0.05973
6.38,17.88,3.0591,70.1144,0.00000,0.06042
6.62,17.88,3.0759,69.1799,0.00000,0.06466
6.88,17.88,3.0740,68.3002,0.00000,0.06853
7.12,17.88,3.0794,68.9471,0.00000,0.06536
7.38,17.88,3.0724,69.2558,0.00000,0.05393
7.62,17.88,3.0680,66.7025,0.00000,0.04575
7.88,17.88,3.1088,63.9763,0.00000,0.04575
8.12,17.88,3.1514,63.4241,0.00000,0.04656
8.38,17.88,3.1121,63.9128,0.00000,0.04289
8.62,17.88,3.0760,65.4782,0.00000,0.03536
8.88,17.88,3.1682,67.3804,0.00000,0.02793
9.12,17.88,3.4130,72.9276,0.00000,0.02205
9.38,17.88,3.5321,80.4612,0.00000,0.01701
9.62,17.88,3.3114,88.7999,0.00000,0.01302
2.62,18.12,2.4406,69.6571,0.00000,0.01591
2.88,18.12,3.1448,64.1921,0.00000,0.02344
3.12,18.12,3.1115,58.4207,0.00000,0.02695
3.38,18.12,3.1174,54.8690,0.00000,0.02694
3.62,18.12,2.9610,53.4431,0.00000,0.02228
3.88,18.12,2.9909,52.7752,0.00000,0.01830
4.12,18.12,2.9289,52.8968,0.00000,0.01770
4.38,18.12,2.9086,54.4797,0.00000,0.01940
4.62,18.12,2.9766,57.8653,0.00000,0.02237
4.88,18.12,3.0183,61.4886,0.00000,0.02337
5.12,18.12,3.0484,62.6393,0.00000,0.02372
5.38,18.12,3.0211,62.6061,0.00000,0.02686
5.62,18.12,3.0411,63.5882,0.00000,0.03501
5.88,18.12,3.0609,67.2574,0.00000,0.04762
6.12,18.12,3.0970,70.8418,0.00000,0.05892
6.38,18.12,3.0881,71.4146,0.00000,0.06380
6.62,18.12,3.0808,70.6648,0.00000,0.06419
6.88,18.12,3.0921,69.3801,0.00000,0.06283
7.12,18.12,3.1155,69.0158,0.00000,0.06204
7.38,18.12,3.1090,69.4101,0.00000,0.05413
7.62,18.12,3.0760,68.2021,0.00000,0.04313
7.88,18.12,3.0587,66.0565,0.00000,0.03896
8.12,18.12,3.0947,65.6680,0.00000,0.03914
8.38,18.12,3.1327,66.8474,0.00000,0.03915
8.62,18.12,3.1199,69.0804,0.00000,0.03770
8.88,18.12,3.0887,72.1214,0.00000,0.03476
9.12,18.12,3.1319,76.1352,0.00000,0.02993
9.38,18.12,3.2325,78.2030,0.00000,0.02385
9.62,18.12,3.3791,81.9113,0.00000,0.01863
9.88,18.12,3.3357,91.5247,0.00000,0.01429
10.12,18.12,3.0031,101.3047,0.00000,0.01033
2.62,18.38,2.3850,68.5341,0.00000,0.01466
2.88,18.38,3.0917,63.2759,0.00000,0.02206
3.12,18.38,3.0824,58.3689,0.00000,0.02593
3.38,18.38,3.1204,57.1970,0.00000,0.02652
3.62,18.38,2.9570,57.3511,0.00000,0.02220
3.88,18.38,2.9611,56.0073,0.00000,0.01803
4.12,18.38,2.9474,55.6018,0.00000,0.01719
4.38,18.38,2.9551,57.4812,0.00000,0.01856
4.62,18.38,2.9831,60.3582,0.00000,0.02133
4.88,18.38,2.9826,63.4442,0.00000,0.02234
5.12,18.38,3.0319,64.9934,0.00000,0.02267
5.38,18.38,3.0484,65.4034,0.00000,0.02495
5.62,18.38,3.0860,65.6546,0.00000,0.03088
5.88,18.38,3.0793,66.8265,0.00000,0.04179
6.12,18.38,3.0975,68.7951,0.00000,0.05492
6.38,18.38,3.1113,69.9840,0.00000,0.06115
6.62,18.38,3.1136,71.0057,0.00000,0.05779
6.88,18.38,3.1216,71.3958,0.00000,0.05302
7.12,18.38,3.1092,70.4280,0.00000,0.05357
7.38,18.38,3.0791,69.4141,0.00000,0.05369
7.62,18.38,3.0896,68.0759,0.00000,0.04760
7.88,18.38,3.1196,66.4656,0.00000,0.03958
8.12,18.38,3.1140,66.9365,0.00000,0.03365
8.38,18.38,3.0671,68.2500,0.00000,0.03162
8.62,18.38,3.0590,70.0266,0.00000,0.03322
8.88,18.38,3.1197,72.8809,0.00000,0.03538
9.12,18.38,3.1179,75.2229,0.00000,0.03444
9.38,18.38,3.0603,74.7101,0.00000,0.02982
9.62,18.38,3.1151,76.5423,0.00000,0.02413
9.88,18.38,3.2279,84.7488,0.00000,0.01945
10.12,18.38,3.3019,91.5362,0.00000,0.01549
10.38,18.38,3.2043,86.2692,0.00000,0.01213
10.62,18.38,2.8417,73.9782,0.00000,0.00916
2.62,18.62,2.3514,69.8373,0.00000,0.01374
2.88,18.62,3.0345,64.8149,0.00000,0.02083
3.12,18.62,2.9962,60.7740,0.00000,0.02476
3.38,18.62,3.0145,60.7854,0.00000,0.02553
3.62,18.62,2.8810,61.5397,0.00000,0.02126
3.88,18.62,2.9294,60.0160,0.00000,0.01748
4.12,18.62,2.9663,59.6744,0.00000,0.01718
4.38,18.62,2.9411,61.9628,0.00000,0.01801
4.62,18.62,2.9590,64.3342,0.00000,0.01960
4.88,18.62,2.9780,66.1792,0.00000,0.02093
5.12,18.62,3.0218,66.8176,0.00000,0.02210
5.38,18.62,3.0417,67.3692,0.00000,0.02337
5.62,18.62,3.0964,67.6442,0.00000,0.02647
5.88,18.62,3.1042,67.1480,0.00000,0.03464
6.12,18.62,3.1158,66.9732,0.00000,0.04676
6.38,18.62,3.1315,67.7407,0.00000,0.05368
6.62,18.62,3.1338,69.7682,0.00000,0.05140
6.88,18.62,3.1509,71.7552,0.00000,0.04643
7.12,18.62,3.1326,71.2226,0.00000,0.04477
7.38,18.62,3.0800,70.0330,0.00000,0.04763
7.62,18.62,3.0452,69.0005,0.00000,0.04773
7.88,18.62,3.0409,67.2510,0.00000,0.04209
8.12,18.62,3.0875,67.5448,0.00000,0.03534
8.38,18.62,3.1176,69.3512,0.00000,0.03103
8.62,18.62,3.0878,71.5743,0.00000,0.02997
8.88,18.62,3.0688,73.3056,0.00000,0.03131
9.12,18.62,3.0920,74.1132,0.00000,0.03276
9.38,18.62,3.1302,74.5606,0.00000,0.03184
9.62,18.62,3.1076,77.4223,0.00000,0.02832
9.88,18.62,3.0802,83.2013,0.00000,0.02460
10.12,18.62,3.1711,88.1487,0.00000,0.02103
10.38,18.62,3.3279,88.8149,0.00000,0.01757
10.62,18.62,3.3530,87.6646,0.00000,0.01450
10.88,18.62,3.3471,94.3965,0.00000,0.01264
2.62,18.88,2.2707,71.1821,0.00000,0.01167
2.88,18.88,2.8964,66.3343,0.00000,0.01726
3.12,18.88,2.8743,63.0801,0.00000,0.02031
3.38,18.88,2.9380,64.2720,0.00000,0.02144
3.62,18.88,2.8283,65.8631,0.00000,0.01854
3.88,18.88,2.8490,65.3493,0.00000,0.01626
4.12,18.88,2.9607,65.3733,0.00000,0.01680
4.38,18.88,2.9704,66.2821,0.00000,0.01738
4.62,18.88,2.9701,67.5455,0.00000,0.01787
4.88,18.88,2.9704,68.8255,0.00000,0.01899
5.12,18.88,3.0069,68.4245,0.00000,0.02030
5.38,18.88,3.0395,68.0251,0.00000,0.02093
5.62,18.88,3.0611,67.9521,0.00000,0.02227
5.88,18.88,3.0680,67.6727,0.00000,0.02728
6.12,18.88,3.1171,67.0155,0.00000,0.03565
6.38,18.88,3.1649,66.8168,0.00000,0.04296
6.62,18.88,3.1745,67.8767,0.00000,0.04657
6.88,18.88,3.1619,69.4691,0.00000,0.04603
7.12,18.88,3.1350,69.8391,0.00000,0.04226
7.38,18.88,3.1125,69.5939,0.00000,0.04076
7.62,18.88,3.0989,69.5417,0.00000,0.04080
7.88,18.88,3.0657,68.8122,0.00000,0.04004
8.12,18.88,3.0669,69.1631,0.00000,0.03885
8.38,18.88,3.1134,70.7837,0.00000,0.03597
8.62,18.88,3.1752,73.1239,0.00000,0.03170
8.88,18.88,3.1660,75.1488,0.00000,0.02865
9.12,18.88,3.0979,76.4661,0.00000,0.02828
9.38,18.88,3.0822,77.5986,0.00000,0.02870
9.62,18.88,3.1195,80.1791,0.00000,0.02813
9.88,18.88,3.1641,83.6148,0.00000,0.02700
10.12,18.88,3.1621,88.1537,0.00000,0.02465
10.38,18.88,3.1585,91.8272,0.00000,0.02127
10.62,18.88,3.2503,94.1075,0.00000,0.01840
10.88,18.88,3.4994,98.6308,0.00000,0.01658
11.12,18.88,3.6113,108.6066,0.00000,0.01424
11.38,18.88,3.3806,118.7154,0.00000,0.01116
2.62,19.12,2.2618,68.9005,0.00000,0.00934
2.88,19.12,2.9237,65.9330,0.00000,0.01348
3.12,19.12,2.8875,65.5762,0.00000,0.01567
3.38,19.12,2.8942,69.7005,0.00000,0.01706
3.62,19.12,2.8672,73.2959,0.00000,0.01592
3.88,19.12,2.8763,72.1549,0.00000,0.01477
4.12,19.12,2.9275,70.2022,0.00000,0.01507
4.38,19.12,2.9640,69.2449,0.00000,0.01545
4.62,19.12,3.0263,69.5079,0.00000,0.01585
4.88,19.12,3.0411,69.9215,0.00000,0.01679
5.12,19.12,3.0294,68.8738,0.00000,0.01798
5.38,19.12,3.0307,67.9189,0.00000,0.01883
5.62,19.12,3.0584,67.6216,0.00000,0.01987
5.88,19.12,3.0942,67.7132,0.00000,0.02259
6.12,19.12,3.1279,67.0996,0.00000,0.02676
6.38,19.12,3.1464,66.6072,0.00000,0.03213
6.62,19.12,3.1840,66.9379,0.00000,0.03916
6.88,19.12,3.1984,67.3838,0.00000,0.04438
7.12,19.12,3.1774,67.9579,0.00000,0.04290
7.38,19.12,3.1290,68.2815,0.00000,0.03783
7.62,19.12,3.0974,68.8955,0.00000,0.03411
7.88,19.12,3.1151,69.6919,0.00000,0.03405
8.12,19.12,3.1679,70.7396,0.00000,0.03607
8.38,19.12,3.1742,72.2025,0.00000,0.03621
8.62,19.12,3.1622,74.2916,0.00000,0.03315
8.88,19.12,3.1655,77.0824,0.00000,0.02899
9.12,19.12,3.1665,79.2333,0.00000,0.02607
9.38,19.12,3.1231,79.8624,0.00000,0.02470
9.62,19.12,3.0600,80.9666,0.00000,0.02447
9.88,19.12,3.0918,82.4409,0.00000,0.02489
10.12,19.12,3.1855,85.6388,0.00000,0.02446
10.38,19.12,3.1972,89.1338,0.00000,0.02249
10.62,19.12,3.1524,92.3131,0.00000,0.01978
10.88,19.12,3.2003,97.0871,0.00000,0.01754
11.12,19.12,3.3300,105.7152,0.00000,0.01579
11.38,19.12,3.4858,110.2822,0.00000,0.01386
11.62,19.12,3.4493,100.5010,0.00000,0.01164
11.88,19.12,3.0940,83.3503,0.00000,0.00939
2.62,19.38,2.4002,63.5642,0.00000,0.00838
2.88,19.38,3.1274,64.7081,0.00000,0.01159
3.12,19.38,3.0961,71.0665,0.00000,0.01278
3.38,19.38,2.9516,77.6109,0.00000,0.01333
3.62,19.38,2.9010,81.3315,0.00000,0.01274
3.88,19.38,2.9766,78.9101,0.00000,0.01209
4.12,19.38,3.0039,73.5194,0.00000,0.01224
4.38,19.38,2.9885,70.6203,0.00000,0.01289
4.62,19.38,3.0035,70.8526,0.00000,0.01388
4.88,19.38,3.0471,70.9364,0.00000,0.01511
5.12,19.38,3.0886,69.3555,0.00000,0.01621
5.38,19.38,3.0758,67.8495,0.00000,0.01701
5.62,19.38,3.0499,67.9967,0.00000,0.01780
5.88,19.38,3.0736,68.3011,0.00000,0.01947
6.12,19.38,3.1367,66.7809,0.00000,0.02166
6.38,19.38,3.1563,65.9966,0.00000,0.02471
6.62,19.38,3.1402,66.5679,0.00000,0.03019
6.88,19.38,3.1423,66.9370,0.00000,0.03708
7.12,19.38,3.1852,67.3929,0.00000,0.04063
7.38,19.38,3.1865,67.1740,0.00000,0.03873
7.62,19.38,3.1453,67.4105,0.00000,0.03430
7.88,19.38,3.1225,68.6622,0.00000,0.03133
8.12,19.38,3.1472,70.2803,0.00000,0.03020
8.38,19.38,3.1877,72.4875,0.00000,0.03036
8.62,19.38,3.1862,74.9355,0.00000,0.03076
8.88,19.38,3.1401,77.6771,0.00000,0.02967
9.12,19.38,3.1025,79.2942,0.00000,0.02661
9.38,19.38,3.1085,79.3336,0.00000,0.02392
9.62,19.38,3.1303,80.5149,0.00000,0.02291
9.88,19.38,3.1326,82.5626,0.00000,0.02272
10.12,19.38,3.1321,84.7244,0.00000,0.02247
10.38,19.38,3.1396,86.0388,0.00000,0.02179
10.62,19.38,3.1746,88.5686,0.00000,0.02036
10.88,19.38,3.1671,94.6589,0.00000,0.01846
11.12,19.38,3.1312,102.5431,0.00000,0.01659
11.38,19.38,3.1905,104.7560,0.00000,0.01486
11.62,19.38,3.3240,101.6986,0.00000,0.01367
11.88,19.38,3.3918,97.9555,0.00000,0.01291
12.12,19.38,3.2056,95.4325,0.00000,0.01170
12.38,19.38,2.8098,89.1519,0.00001,0.00937
2.88,19.62,2.7603,60.2830,0.00000,0.00883
3.12,19.62,3.0549,76.9742,0.00000,0.00979
3.38,19.62,3.1695,85.4652,0.00000,0.01037
3.62,19.62,3.0886,84.9056,0.00000,0.01002
3.88,19.62,3.0083,80.7559,0.00000,0.00942
4.12,19.62,2.9472,74.8701,0.00000,0.00963
4.38,19.62,3.0119,71.3423,0.00000,0.01082
4.62,19.62,3.0465,70.7884,0.00000,0.01280
4.88,19.62,3.0203,70.4927,0.00000,0.01497
5.12,19.62,3.0132,69.1561,0.00000,0.01573
5.38,19.62,3.0608,67.9348,0.00000,0.01564
5.62,19.62,3.1037,69.2404,0.00000,0.01639
5.88,19.62,3.0910,70.0475,0.00000,0.01784
6.12,19.62,3.0701,67.4293,0.00000,0.01914
6.38,19.62,3.0939,66.1678,0.00000,0.02099
6.62,19.62,3.1199,67.4231,0.00000,0.02400
6.88,19.62,3.1299,68.4968,0.00000,0.02866
7.12,19.62,3.1552,68.9540,0.00000,0.03369
7.38,19.62,3.1600,68.3922,0.00000,0.03635
7.62,19.62,3.1560,67.7892,0.00000,0.03557
7.88,19.62,3.1670,67.7296,0.00000,0.03220
8.12,19.62,3.1526,68.5539,0.00000,0.02815
8.38,19.62,3.1236,71.1413,0.00000,0.02596
8.62,19.62,3.1079,74.2225,0.00000,0.02660
8.88,19.62,3.1295,77.7102,0.00000,0.02786
9.12,19.62,3.1324,79.7652,0.00000,0.02713
9.38,19.62,3.1062,79.5184,0.00000,0.02572
9.62,19.62,3.1278,80.5421,0.00000,0.02461
9.88,19.62,3.1823,82.8334,0.00000,0.02346
10.12,19.62,3.1993,84.9044,0.00000,0.02195
10.38,19.62,3.1428,86.4720,0.00000,0.02101
10.62,19.62,3.1122,88.8570,0.00000,0.02068
10.88,19.62,3.1452,92.7634,0.00000,0.02030
11.12,19.62,3.1811,97.5486,0.00000,0.01882
11.38,19.62,3.1488,100.8041,0.00000,0.01619
11.62,19.62,3.1278,103.2051,0.00000,0.01468
11.88,19.62,3.2157,105.9402,0.00000,0.01498
12.12,19.62,3.3592,109.5253,0.00000,0.01506
12.38,19.62,3.3895,112.4841,0.00008,0.01354
12.62,19.62,3.4101,121.8427,0.00127,0.01221
3.38,19.88,2.9050,93.2112,0.00000,0.00751
3.62,19.88,3.1383,85.2765,0.00000,0.00787
3.88,19.88,3.1640,76.7822,0.00000,0.00802
4.12,19.88,3.0003,71.5485,0.00000,0.00845
4.38,19.88,2.9278,70.0558,0.00000,0.00945
4.62,19.88,2.9227,70.0059,0.00000,0.01167
4.88,19.88,2.9957,69.2123,0.00000,0.01468
5.12,19.88,3.0021,67.5707,0.00000,0.01559
5.38,19.88,2.9762,68.0148,0.00000,0.01571
5.62,19.88,3.0080,72.5510,0.00000,0.01703
5.88,19.88,3.0870,75.6269,0.00000,0.01775
6.12,19.88,3.0924,72.0197,0.00000,0.01776
6.38,19.88,3.0612,68.8848,0.00000,0.01870
6.62,19.88,3.0566,70.3028,0.00000,0.02043
6.88,19.88,3.1016,71.9486,0.00000,0.02306
7.12,19.88,3.1557,71.5026,0.00000,0.02671
7.38,19.88,3.1634,70.7885,0.00000,0.03021
7.62,19.88,3.1213,70.7285,0.00000,0.03264
7.88,19.88,3.1209,70.4063,0.00000,0.03252
8.12,19.88,3.1574,70.0036,0.00000,0.02969
8.38,19.88,3.1532,71.2623,0.00000,0.02576
8.62,19.88,3.0948,73.4162,0.00000,0.02384
8.88,19.88,3.0963,77.2833,0.00000,0.02445
9.12,19.88,3.1563,80.5151,0.00000,0.02540
9.38,19.88,3.1781,80.4462,0.00000,0.02585
9.62,19.88,3.1584,80.7758,0.00000,0.02549
9.88,19.88,3.1399,82.6729,0.00000,0.02426
10.12,19.88,3.1726,84.8768,0.00000,0.02224
10.38,19.88,3.2245,87.6800,0.00000,0.02136
10.62,19.88,3.2215,90.9927,0.00000,0.02166
10.88,19.88,3.1552,92.9146,0.00000,0.02232
11.12,19.88,3.1325,95.1093,0.00000,0.02191
11.38,19.88,3.1837,99.2797,0.00000,0.01912
11.62,19.88,3.2180,102.8329,0.00000,0.01673
11.88,19.88,3.1817,106.9180,0.00000,0.01616
12.12,19.88,3.1903,115.0059,0.00001,0.01597
12.38,19.88,3.3051,125.3057,0.00031,0.01542
12.62,19.88,3.5680,135.6655,0.00420,0.01529
12.88,19.88,3.7241,143.3186,0.02397,0.01456
13.12,19.88,3.5362,146.9491,0.06097,0.01258
3.88,20.12,2.8749,68.5162,0.00000,0.00627
4.12,20.12,2.9670,63.7173,0.00000,0.00708
4.38,20.12,3.0145,65.6828,0.00000,0.00820
4.62,20.12,2.9048,67.8494,0.00000,0.00986
4.88,20.12,2.8565,67.9867,0.00000,0.01182
5.12,20.12,2.9110,67.7057,0.00000,0.01298
5.38,20.12,3.0013,70.9261,0.00000,0.01494
5.62,20.12,3.0164,76.7457,0.00000,0.01730
5.88,20.12,3.0173,80.7479,0.00000,0.01715
6.12,20.12,3.0334,76.9325,0.00000,0.01616
6.38,20.12,3.1019,72.5744,0.00000,0.01647
6.62,20.12,3.1170,73.8342,0.00000,0.01780
6.88,20.12,3.1012,76.1015,0.00000,0.02020
7.12,20.12,3.0980,75.3036,0.00000,0.02297
7.38,20.12,3.1385,74.1947,0.00000,0.02481
7.62,20.12,3.1473,73.9749,0.00000,0.02702
7.88,20.12,3.1361,73.7257,0.00000,0.02946
8.12,20.12,3.1326,73.1527,0.00000,0.02960
8.38,20.12,3.1425,73.4382,0.00000,0.02686
8.62,20.12,3.1490,73.9506,0.00000,0.02403
8.88,20.12,3.1526,75.8207,0.00000,0.02267
9.12,20.12,3.1448,78.2018,0.00000,0.02253
9.38,20.12,3.1328,79.2494,0.00000,0.02333
9.62,20.12,3.1409,79.7642,0.00000,0.02389
9.88,20.12,3.1411,81.0896,0.00000,0.02294
10.12,20.12,3.1410,83.6253,0.00000,0.02126
10.38,20.12,3.1659,87.0258,0.00000,0.02092
10.62,20.12,3.2261,90.2696,0.00000,0.02199
10.88,20.12,3.2509,91.7226,0.00000,0.02360
11.12,20.12,3.2046,94.2742,0.00000,0.02381
11.38,20.12,3.1568,99.3742,0.00000,0.02103
11.62,20.12,3.1697,102.7964,0.00000,0.01840
11.88,20.12,3.2208,105.8307,0.00000,0.01752
12.12,20.12,3.2258,112.5032,0.00001,0.01688
12.38,20.12,3.1980,124.5304,0.00049,0.01609
12.62,20.12,3.2851,137.4530,0.00625,0.01599
12.88,20.12,3.4823,145.4039,0.03159,0.01607
13.12,20.12,3.6689,148.3213,0.06981,0.01556
13.38,20.12,3.5407,133.9147,0.08084,0.01407
13.62,20.12,3.1828,110.6084,0.06241,0.01187
4.12,20.38,2.3405,51.0218,0.00000,0.00480
4.38,20.38,2.7611,57.2789,0.00000,0.00632
4.62,20.38,3.0090,62.3905,0.00000,0.00800
4.88,20.38,3.0156,66.6241,0.00000,0.00925
5.12,20.38,2.9185,70.7491,0.00000,0.01015
5.38,20.38,2.9155,75.4237,0.00000,0.01180
5.62,20.38,3.0034,78.2272,0.00000,0.01368
5.88,20.38,3.0624,80.7794,0.00000,0.01428
6.12,20.38,3.0331,78.4120,0.00000,0.01434
6.38,20.38,3.0445,75.2230,0.00000,0.01485
6.62,20.38,3.0849,76.9256,0.00000,0.01580
6.88,20.38,3.1479,79.9166,0.00000,0.01804
7.12,20.38,3.1352,79.1405,0.00000,0.02073
7.38,20.38,3.1093,77.8245,0.00000,0.02150
7.62,20.38,3.0985,76.7833,0.00000,0.02209
7.88,20.38,3.1365,75.5098,0.00000,0.02463
8.12,20.38,3.1629,74.2042,0.00000,0.02667
8.38,20.38,3.1501,73.9884,0.00000,0.02631
8.62,20.38,3.1408,74.6026,0.00000,0.02488
8.88,20.38,3.1603,75.5232,0.00000,0.02290
9.12,20.38,3.1614,76.2471,0.00000,0.02127
9.38,20.38,3.1249,77.3355,0.00000,0.02133
9.62,20.38,3.0968,78.1142,0.00000,0.02202
9.88,20.38,3.1007,79.2878,0.00000,0.02146
10.12,20.38,3.1456,81.8347,0.00000,0.02046
10.38,20.38,3.1869,85.0699,0.00000,0.02036
10.62,20.38,3.2058,87.8514,0.00000,0.02116
10.88,20.38,3.1900,88.9541,0.00000,0.02212
11.12,20.38,3.1932,91.2923,0.00000,0.02191
11.38,20.38,3.2135,96.1895,0.00000,0.02016
11.62,20.38,3.1879,101.0058,0.00000,0.01872
11.88,20.38,3.1542,105.1034,0.00000,0.01809
12.12,20.38,3.1809,109.5954,0.00001,0.01779
12.38,20.38,3.2389,117.1981,0.00030,0.01748
12.62,20.38,3.2627,127.9715,0.00372,0.01709
12.88,20.38,3.2908,139.8635,0.01835,0.01667
13.12,20.38,3.4077,148.2775,0.03959,0.01680
13.38,20.38,3.5237,142.6095,0.04829,0.01700
13.62,20.38,3.6092,133.4878,0.04740,0.01626
13.88,20.38,3.6845,137.1574,0.05900,0.01613
4.62,20.62,2.6903,53.6319,0.00000,0.00584
4.88,20.62,3.0845,67.8711,0.00000,0.00723
5.12,20.62,3.1719,79.2202,0.00000,0.00845
5.38,20.62,3.0835,81.7999,0.00000,0.00958
5.62,20.62,2.9669,80.6484,0.00000,0.01046
5.88,20.62,2.9398,83.5877,0.00000,0.01130
6.12,20.62,3.0220,84.1693,0.00000,0.01233
6.38,20.62,3.0754,81.3790,0.00000,0.01347
6.62,20.62,3.0422,80.6831,0.00000,0.01437
6.88,20.62,3.0423,82.0749,0.00000,0.01563
7.12,20.62,3.0629,80.3356,0.00000,0.01753
7.38,20.62,3.1072,78.9796,0.00000,0.01849
7.62,20.62,3.1014,78.2356,0.00000,0.01871
7.88,20.62,3.0728,76.9433,0.00000,0.02036
8.12,20.62,3.0926,75.3424,0.00000,0.02272
8.38,20.62,3.1517,74.5177,0.00000,0.02382
8.62,20.62,3.1605,74.6069,0.00000,0.02382
8.88,20.62,3.1324,75.4739,0.00000,0.02266
9.12,20.62,3.1231,76.8894,0.00000,0.02132
9.38,20.62,3.1414,78.4336,0.00000,0.02117
9.62,20.62,3.1566,79.1164,0.00000,0.02136
9.88,20.62,3.1519,80.2602,0.00000,0.02088
10.12,20.62,3.1438,82.3529,0.00000,0.02032
10.38,20.62,3.1495,84.3331,0.00000,0.01998
10.62,20.62,3.1834,85.9641,0.00000,0.01991
10.88,20.62,3.1839,86.9378,0.00000,0.02017
11.12,20.62,3.1590,88.9954,0.00000,0.01974
11.38,20.62,3.1713,93.5027,0.00000,0.01896
11.62,20.62,3.2240,99.0641,0.00000,0.01900
11.88,20.62,3.2196,104.0136,0.00000,0.01906
12.12,20.62,3.1731,108.6810,0.00000,0.01879
12.38,20.62,3.1411,112.6660,0.00007,0.01866
12.62,20.62,3.1910,118.7610,0.00083,0.01870
12.88,20.62,3.2828,128.8867,0.00416,0.01859
13.12,20.62,3.3053,137.5630,0.00982,0.01874
13.38,20.62,3.2931,140.3565,0.01598,0.01877
13.62,20.62,3.3798,141.3879,0.02551,0.01850
13.88,20.62,3.6435,145.4023,0.05214,0.01924
14.12,20.62,3.8836,153.5109,0.08484,0.02002
14.38,20.62,3.7575,164.2508,0.06624,0.01870
5.12,20.88,3.0672,91.3267,0.00000,0.00662
5.38,20.88,3.3238,90.5525,0.00000,0.00825
5.62,20.88,3.2164,87.1712,0.00000,0.00932
5.88,20.88,3.0039,89.2217,0.00000,0.00997
6.12,20.88,2.9127,91.7662,0.00000,0.01041
6.38,20.88,2.9309,89.9677,0.00000,0.01083
6.62,20.88,3.0122,85.4420,0.00000,0.01181
6.88,20.88,3.0381,81.6721,0.00000,0.01333
7.12,20.88,2.9747,78.7704,0.00000,0.01499
7.38,20.88,2.9562,78.5892,0.00000,0.01580
7.62,20.88,3.0458,79.3053,0.00000,0.01587
7.88,20.88,3.1039,79.2044,0.00000,0.01695
8.12,20.88,3.0860,77.8456,0.00000,0.01918
8.38,20.88,3.0701,76.5785,0.00000,0.02054
8.62,20.88,3.0984,75.5756,0.00000,0.02079
8.88,20.88,3.1540,75.7096,0.00000,0.02096
9.12,20.88,3.1783,78.3993,0.00000,0.02149
9.38,20.88,3.1651,81.6574,0.00000,0.02195
9.62,20.88,3.1522,82.9592,0.00000,0.02141
9.88,20.88,3.1806,83.9663,0.00000,0.02056
10.12,20.88,3.1912,85.6942,0.00000,0.02031
10.38,20.88,3.1515,87.1343,0.00000,0.01986
10.62,20.88,3.1293,87.6072,0.00000,0.01899
10.88,20.88,3.1766,87.9213,0.00000,0.01894
11.12,20.88,3.2262,89.5064,0.00000,0.01910
11.38,20.88,3.2228,94.1887,0.00000,0.01909
11.62,20.88,3.2079,99.6141,0.00000,0.01962
11.88,20.88,3.1838,102.8571,0.00000,0.02026
12.12,20.88,3.1966,106.1544,0.00000,0.02059
12.38,20.88,3.1796,109.8989,0.00001,0.02049
12.62,20.88,3.1496,115.9489,0.00007,0.02016
12.88,20.88,3.2004,123.3083,0.00036,0.02037
13.12,20.88,3.2846,126.9011,0.00108,0.02117
13.38,20.88,3.3023,129.3784,0.00282,0.02102
13.62,20.88,3.2398,134.4361,0.00838,0.02026
13.88,20.88,3.2783,141.3684,0.02583,0.02032
14.12,20.88,3.4605,148.4399,0.04420,0.02099
14.38,20.88,3.6972,156.8037,0.03984,0.02117
14.62,20.88,3.7320,169.1328,0.05964,0.02090
14.88,20.88,3.5251,183.7393,0.16657,0.01934
5.62,21.12,3.0806,86.5630,0.00000,0.00754
5.88,21.12,3.1108,85.3744,0.00000,0.00862
6.12,21.12,3.0521,90.0110,0.00000,0.00938
6.38,21.12,2.9123,92.1496,0.00000,0.00954
6.62,21.12,2.8577,89.1069,0.00000,0.00999
6.88,21.12,2.9320,83.8710,0.00000,0.01097
7.12,21.12,3.0098,81.5306,0.00000,0.01253
7.38,21.12,2.9690,80.7589,0.00000,0.01373
7.62,21.12,2.9421,80.2993,0.00000,0.01416
7.88,21.12,2.9833,80.8504,0.00000,0.01468
8.12,21.12,3.0742,80.8150,0.00000,0.01613
8.38,21.12,3.1085,79.9862,0.00000,0.01756
8.62,21.12,3.1033,78.6172,0.00000,0.01819
8.88,21.12,3.1216,78.1781,0.00000,0.01907
9.12,21.12,3.1674,81.1000,0.00000,0.02074
9.38,21.12,3.1954,84.8632,0.00000,0.02183
9.62,21.12,3.1687,86.1112,0.00000,0.02154
9.88,21.12,3.1511,87.3020,0.00000,0.02080
10.12,21.12,3.1745,89.4294,0.00000,0.02045
10.38,21.12,3.2129,90.8408,0.00000,0.01998
10.62,21.12,3.1974,90.6191,0.00000,0.01914
10.88,21.12,3.1852,90.8339,0.00000,0.01900
11.12,21.12,3.2041,91.9958,0.00000,0.01930
11.38,21.12,3.2361,95.3239,0.00000,0.01999
11.62,21.12,3.2279,98.8456,0.00000,0.02083
11.88,21.12,3.1647,101.4849,0.00000,0.02133
12.12,21.12,3.1388,103.8184,0.00000,0.02208
12.38,21.12,3.1782,106.1324,0.00000,0.02283
12.62,21.12,3.2065,110.5337,0.00001,0.02278
12.88,21.12,3.2070,117.0987,0.00006,0.02266
13.12,21.12,3.1902,120.9679,0.00027,0.02300
13.38,21.12,3.1872,121.6882,0.00063,0.02280
13.62,21.12,3.2244,125.8692,0.00189,0.02287
13.88,21.12,3.2403,133.9142,0.00883,0.02345
14.12,21.12,3.2171,140.4188,0.02551,0.02350
14.38,21.12,3.3083,147.0212,0.04631,0.02294
14.62,21.12,3.4995,156.6889,0.10108,0.02309
14.88,21.12,3.7424,167.7358,0.24488,0.02339
15.12,21.12,3.7157,180.3867,0.36203,0.02143
15.38,21.12,3.3848,193.1422,0.32114,0.01805
5.88,21.38,2.5462,69.5714,0.00000,0.00605
6.12,21.38,2.8804,79.0300,0.00000,0.00773
6.38,21.38,3.0989,86.6277,0.00000,0.00966
6.62,21.38,3.0615,90.9128,0.00000,0.01082
6.88,21.38,2.9270,90.7182,0.00000,0.01019
7.12,21.38,2.8823,91.6282,0.00000,0.00993
7.38,21.38,2.9545,90.2857,0.00000,0.01124
7.62,21.38,3.0075,85.0716,0.00000,0.01310
7.88,21.38,2.9767,81.8236,0.00000,0.01414
8.12,21.38,2.9818,82.1326,0.00000,0.01476
8.38,21.38,3.0501,83.4286,0.00000,0.01567
8.62,21.38,3.1491,84.1546,0.00000,0.01667
8.88,21.38,3.1610,83.8392,0.00000,0.01758
9.12,21.38,3.1296,85.6970,0.00000,0.01909
9.38,21.38,3.1382,88.7473,0.00000,0.02026
9.62,21.38,3.1797,89.0654,0.00000,0.02060
9.88,21.38,3.1974,89.2967,0.00000,0.02087
10.12,21.38,3.1874,90.8847,0.00000,0.02089
10.38,21.38,3.2075,92.1569,0.00000,0.02033
10.62,21.38,3.2204,92.2513,0.00000,0.01964
10.88,21.38,3.2397,92.7168,0.00000,0.01982
11.12,21.38,3.2328,93.4147,0.00000,0.02007
11.38,21.38,3.2111,95.6423,0.00000,0.02062
11.62,21.38,3.2051,97.6591,0.00000,0.02182
11.88,21.38,3.2139,99.9717,0.00000,0.02296
12.12,21.38,3.1889,101.4604,0.00000,0.02415
12.38,21.38,3.1705,102.4457,0.00000,0.02527
12.62,21.38,3.1723,105.5373,0.00005,0.02560
12.88,21.38,3.2079,111.5294,0.00059,0.02574
13.12,21.38,3.2271,116.5047,0.00265,0.02595
13.38,21.38,3.1594,117.5555,0.00439,0.02527
13.62,21.38,3.1219,120.4747,0.00323,0.02554
13.88,21.38,3.1590,126.7737,0.00715,0.02757
14.12,21.38,3.2232,132.3194,0.03188,0.02924
14.38,21.38,3.2473,138.0335,0.07921,0.02816
14.62,21.38,3.2902,145.1036,0.15831,0.02584
14.88,21.38,3.4781,152.7697,0.28273,0.02523
15.12,21.38,3.6431,162.9751,0.33151,0.02511
15.38,21.38,3.7042,171.2003,0.28289,0.02368
15.62,21.38,3.9644,167.9421,0.35875,0.02203
6.38,21.62,2.8199,76.2160,0.00000,0.00904
6.62,21.62,3.1846,93.1127,0.00000,0.01108
6.88,21.62,3.2298,101.4745,0.00000,0.01003
7.12,21.62,3.0744,104.2533,0.00000,0.00890
7.38,21.62,2.9343,102.6759,0.00000,0.00943
7.62,21.62,2.8887,94.0958,0.00000,0.01114
7.88,21.62,2.9824,86.0734,0.00000,0.01303
8.12,21.62,3.0444,84.0568,0.00000,0.01436
8.38,21.62,3.0218,85.5080,0.00000,0.01511
8.62,21.62,3.0406,88.1473,0.00000,0.01553
8.88,21.62,3.0976,88.4999,0.00000,0.01581
9.12,21.62,3.1527,88.6269,0.00000,0.01725
9.38,21.62,3.1427,90.2924,0.00000,0.01882
9.62,21.62,3.1384,91.7515,0.00000,0.01935
9.88,21.62,3.1743,92.7052,0.00000,0.01999
10.12,21.62,3.2121,92.4793,0.00000,0.02090
10.38,21.62,3.2264,91.7477,0.00000,0.02107
10.62,21.62,3.2004,92.0130,0.00000,0.02023
10.88,21.62,3.1953,93.2103,0.00000,0.01972
11.12,21.62,3.2121,93.3111,0.00000,0.01995
11.38,21.62,3.2336,94.4179,0.00000,0.02076
11.62,21.62,3.2360,96.7954,0.00000,0.02223
11.88,21.62,3.2284,99.8764,0.00000,0.02377
12.12,21.62,3.2312,101.5574,0.00000,0.02543
12.38,21.62,3.2450,101.5928,0.00001,0.02707
12.62,21.62,3.2152,103.5736,0.00022,0.02758
12.88,21.62,3.1753,108.6888,0.00264,0.02778
13.12,21.62,3.1875,112.9478,0.01185,0.02876
13.38,21.62,3.2088,114.0061,0.01955,0.02962
13.62,21.62,3.1902,116.1999,0.01219,0.03052
13.88,21.62,3.1103,121.8365,0.00763,0.03206
14.12,21.62,3.1327,127.9259,0.03495,0.03462
14.38,21.62,3.2748,132.1014,0.12583,0.03496
14.62,21.62,3.4051,135.7467,0.25539,0.03203
14.88,21.62,3.4248,140.4731,0.31458,0.02937
15.12,21.62,3.4067,149.2640,0.26154,0.02767
15.38,21.62,3.4130,157.4691,0.21198,0.02579
15.62,21.62,3.7521,157.5249,0.31039,0.02433
15.88,21.62,4.2920,155.4200,0.49964,0.02230
16.12,21.62,4.4049,154.5042,0.68432,0.01822
6.88,21.88,3.1576,110.2883,0.00000,0.00822
7.12,21.88,3.3835,112.0595,0.00000,0.00818
7.38,21.88,3.2533,109.7777,0.00000,0.00885
7.62,21.88,2.9780,101.5898,0.00000,0.00971
7.88,21.88,2.8695,93.4492,0.00000,0.01091
8.12,21.88,2.9034,90.0445,0.00000,0.01208
8.38,21.88,3.0195,89.1631,0.00000,0.01347
8.62,21.88,3.0657,88.8866,0.00000,0.01450
8.88,21.88,3.0260,88.8387,0.00000,0.01496
9.12,21.88,3.0289,89.6656,0.00000,0.01633
9.38,21.88,3.0911,91.2015,0.00000,0.01791
9.62,21.88,3.1508,93.4603,0.00000,0.01843
9.88,21.88,3.1520,95.2418,0.00000,0.01867
10.12,21.88,3.1341,94.1433,0.00000,0.01944
10.38,21.88,3.1499,92.0241,0.00000,0.02036
10.62,21.88,3.2001,92.1209,0.00000,0.02032
10.88,21.88,3.2100,93.8378,0.00000,0.01951
11.12,21.88,3.1739,94.5932,0.00000,0.01929
11.38,21.88,3.2128,95.4706,0.00000,0.02044
11.62,21.88,3.2744,97.4597,0.00000,0.02229
11.88,21.88,3.2670,100.5109,0.00000,0.02358
12.12,21.88,3.2491,103.4533,0.00000,0.02510
12.38,21.88,3.2336,103.4334,0.00001,0.02715
12.62,21.88,3.2130,103.4915,0.00036,0.02855
12.88,21.88,3.2043,106.6579,0.00436,0.02989
13.12,21.88,3.1957,110.0618,0.01954,0.03214
13.38,21.88,3.1721,111.1737,0.03222,0.03468
13.62,21.88,3.1797,112.9383,0.01968,0.03694
13.88,21.88,3.1791,118.8143,0.00760,0.03907
14.12,21.88,3.1847,126.3170,0.03464,0.04160
14.38,21.88,3.2448,130.1805,0.15498,0.04188
14.62,21.88,3.3346,131.7731,0.30719,0.03975
14.88,21.88,3.3513,133.9336,0.31785,0.03728
15.12,21.88,3.3326,140.9015,0.24400,0.03368
15.38,21.88,3.2666,149.1113,0.21709,0.02905
15.62,21.88,3.4548,151.5437,0.30027,0.02466
15.88,21.88,3.8079,150.1787,0.43427,0.02142
16.12,21.88,4.1153,148.8472,0.59949,0.01868
16.38,21.88,4.6417,148.4156,0.93292,0.01578
7.38,22.12,3.1538,106.9759,0.00000,0.00741
7.62,22.12,3.1316,100.6228,0.00000,0.00847
7.88,22.12,3.0632,100.0480,0.00000,0.00942
8.12,22.12,2.9128,100.1140,0.00000,0.00961
8.38,22.12,2.8725,97.8107,0.00000,0.01040
8.62,22.12,2.9577,93.9761,0.00000,0.01191
8.88,22.12,3.0488,92.3475,0.00000,0.01370
9.12,22.12,3.0483,93.1352,0.00000,0.01564
9.38,22.12,3.0222,94.2113,0.00000,0.01672
9.62,22.12,3.0505,95.0994,0.00000,0.01688
9.88,22.12,3.1143,95.5783,0.00000,0.01709
10.12,22.12,3.1444,94.4507,0.00000,0.01786
10.38,22.12,3.1163,93.4764,0.00000,0.01885
10.62,22.12,3.1482,94.4605,0.00000,0.01928
10.88,22.12,3.1978,95.6079,0.00000,0.01903
11.12,22.12,3.2009,96.1529,0.00000,0.01897
11.38,22.12,3.2155,96.8003,0.00000,0.02011
11.62,22.12,3.2216,98.4492,0.00000,0.02192
11.88,22.12,3.2211,101.1845,0.00000,0.02331
12.12,22.12,3.2398,103.7932,0.00000,0.02508
12.38,22.12,3.2270,104.1529,0.00001,0.02737
12.62,22.12,3.1846,104.2142,0.00022,0.02961
12.88,22.12,3.1752,106.3338,0.00264,0.03253
13.12,22.12,3.2126,108.7447,0.01185,0.03650
13.38,22.12,3.1978,109.0561,0.01954,0.04020
13.62,22.12,3.1637,110.3356,0.01191,0.04352
13.88,22.12,3.1587,115.6346,0.00434,0.04759
14.12,22.12,3.1983,122.7185,0.02094,0.05202
14.38,22.12,3.2480,127.3632,0.09909,0.05407
14.62,22.12,3.2521,130.8728,0.20417,0.05270
14.88,22.12,3.2280,134.4512,0.24325,0.04862
15.12,22.12,3.2552,138.9569,0.25448,0.04314
15.38,22.12,3.3581,142.4786,0.27425,0.03711
15.62,22.12,3.5155,144.4732,0.34657,0.02926
15.88,22.12,3.5316,144.6585,0.42828,0.02258
16.12,22.12,3.5040,145.6272,0.47682,0.01796
16.38,22.12,3.5784,146.1178,0.61711,0.01375
7.62,22.38,2.6409,88.4716,0.00000,0.00606
7.88,22.38,2.9965,104.4486,0.00000,0.00726
8.12,22.38,3.1609,114.2679,0.00000,0.00785
8.38,22.38,3.0939,112.3718,0.00000,0.00854
8.62,22.38,2.9565,107.0966,0.00000,0.00940
8.88,22.38,2.9229,104.8013,0.00000,0.01071
9.12,22.38,3.0202,103.7911,0.00000,0.01267
9.38,22.38,3.0805,101.4526,0.00000,0.01445
9.62,22.38,3.0540,98.9101,0.00000,0.01541
9.88,22.38,3.0414,97.8900,0.00000,0.01579
10.12,22.38,3.1110,97.3686,0.00000,0.01647
10.38,22.38,3.1580,97.5801,0.00000,0.01745
10.62,22.38,3.1706,98.5920,0.00000,0.01795
10.88,22.38,3.1439,98.8067,0.00000,0.01811
11.12,22.38,3.1517,98.4083,0.00000,0.01877
11.38,22.38,3.2160,97.8007,0.00000,0.02024
11.62,22.38,3.2190,98.5242,0.00000,0.02175
11.88,22.38,3.1922,101.2101,0.00000,0.02309
12.12,22.38,3.1772,103.3005,0.00000,0.02524
12.38,22.38,3.1955,103.7156,0.00000,0.02822
12.62,22.38,3.2217,104.5991,0.00005,0.03114
12.88,22.38,3.2160,107.3870,0.00059,0.03472
13.12,22.38,3.2144,109.4666,0.00264,0.03983
13.38,22.38,3.2049,108.6150,0.00436,0.04555
13.62,22.38,3.2150,108.8458,0.00266,0.05237
13.88,22.38,3.2012,112.6741,0.00105,0.06057
14.12,22.38,3.1752,118.3171,0.00600,0.06878
14.38,22.38,3.1877,121.9000,0.03097,0.07496
14.62,22.38,3.2419,126.5379,0.07826,0.07678
14.88,22.38,3.2474,134.2876,0.13704,0.07178
15.12,22.38,3.2598,141.4553,0.20855,0.06187
15.38,22.38,3.4135,145.2046,0.26680,0.04957
15.62,22.38,3.5603,146.4567,0.32513,0.03776
15.88,22.38,3.5933,147.0999,0.38424,0.02875
16.12,22.38,3.2660,150.8654,0.38408,0.01995
8.12,22.62,2.9158,128.1396,0.00000,0.00586
8.38,22.62,3.2523,126.6490,0.00000,0.00721
8.62,22.62,3.2856,123.1698,0.00000,0.00826
8.88,22.62,3.1198,122.3585,0.00000,0.00899
9.12,22.62,2.9717,120.5567,0.00000,0.00983
9.38,22.62,2.9446,115.2657,0.00000,0.01134
9.62,22.62,3.0556,108.8069,0.00000,0.01334
9.88,22.62,3.1002,104.1083,0.00000,0.01459
10.12,22.62,3.0736,102.2999,0.00000,0.01509
10.38,22.62,3.0441,102.6243,0.00000,0.01570
10.62,22.62,3.0921,102.7304,0.00000,0.01636
10.88,22.62,3.1463,102.0398,0.00000,0.01716
11.12,22.62,3.1448,100.8806,0.00000,0.01851
11.38,22.62,3.1536,99.9422,0.00000,0.02044
11.62,22.62,3.1721,99.8320,0.00000,0.02214
11.88,22.62,3.1991,100.7700,0.00000,0.02338
12.12,22.62,3.1981,101.7208,0.00000,0.02546
12.38,22.62,3.1847,102.4733,0.00000,0.02889
12.62,22.62,3.2065,104.6664,0.00000,0.03254
12.88,22.62,3.2460,108.1183,0.00005,0.03720
13.12,22.62,3.2435,109.5830,0.00023,0.04372
13.38,22.62,3.1951,108.7155,0.00037,0.05137
13.62,22.62,3.1908,108.4748,0.00023,0.06263
13.88,22.62,3.2003,109.4322,0.00013,0.07817
14.12,22.62,3.1796,112.1701,0.00134,0.09482
14.38,22.62,3.1284,114.1080,0.01175,0.10961
14.62,22.62,3.1373,117.4271,0.05394,0.11972
14.88,22.62,3.1704,124.8447,0.13719,0.11735
15.12,22.62,3.3094,136.1927,0.22327,0.09848
15.38,22.62,3.5652,148.6293,0.30380,0.07010
15.62,22.62,3.7057,155.6967,0.39236,0.04982
15.88,22.62,3.6954,159.7993,0.41539,0.03754
16.12,22.62,3.1611,166.3285,0.35681,0.02476
8.62,22.88,3.2511,133.6902,0.00000,0.00727
8.88,22.88,3.4557,135.9816,0.00000,0.00861
9.12,22.88,3.2920,136.9671,0.00000,0.00912
9.38,22.88,3.0336,133.4514,0.00000,0.00984
9.62,22.88,2.9552,125.1082,0.00000,0.01127
9.88,22.88,3.0022,116.4446,0.00000,0.01242
10.12,22.88,3.0953,112.0465,0.00002,0.01326
10.38,22.88,3.0778,109.4116,0.00004,0.01450
10.62,22.88,3.0221,107.4656,0.00002,0.01575
10.88,22.88,3.0499,106.9657,0.00002,0.01676
11.12,22.88,3.1245,105.5741,0.00005,0.01803
11.38,22.88,3.1807,103.6130,0.00009,0.02012
11.62,22.88,3.1927,103.0218,0.00005,0.02219
11.88,22.88,3.1925,103.1006,0.00001,0.02361
12.12,22.88,3.2234,102.9142,0.00000,0.02576
12.38,22.88,3.2365,102.8872,0.00001,0.02918
12.62,22.88,3.2255,105.0104,0.00001,0.03351
12.88,22.88,3.2172,108.1412,0.00007,0.04010
13.12,22.88,3.2071,109.2716,0.00028,0.04887
13.38,22.88,3.1835,108.3465,0.00046,0.05822
13.62,22.88,3.1756,107.5886,0.00028,0.07286
13.88,22.88,3.1542,106.6931,0.00009,0.09713
14.12,22.88,3.1214,106.7719,0.00100,0.12940
14.38,22.88,3.0708,106.9161,0.01288,0.16540
14.62,22.88,3.0698,108.2413,0.07108,0.19755
14.88,22.88,3.1018,113.5264,0.19122,0.20828
15.12,22.88,3.2469,127.5202,0.34516,0.17744
15.38,22.88,3.6781,148.9776,0.63978,0.11639
15.62,22.88,4.0379,168.0668,0.93282,0.07066
15.88,22.88,3.6415,181.0588,0.80589,0.04517
9.12,23.12,3.2608,153.9979,0.00000,0.00806
9.38,23.12,3.2324,155.1457,0.00000,0.00920
9.62,23.12,3.1687,144.7280,0.00001,0.01053
9.88,23.12,3.0319,133.8260,0.00008,0.01092
10.12,23.12,2.9768,129.0757,0.00037,0.01120
10.38,23.12,3.0286,123.1976,0.00061,0.01276
10.62,23.12,3.0745,116.6868,0.00039,0.01514
10.88,23.12,3.0684,113.2413,0.00024,0.01690
11.12,23.12,3.0580,111.3081,0.00068,0.01763
11.38,23.12,3.1022,109.0807,0.00109,0.01867
11.62,23.12,3.1896,107.4527,0.00066,0.02038
11.88,23.12,3.2136,106.0409,0.00016,0.02252
12.12,23.12,3.1992,105.5896,0.00007,0.02549
12.38,23.12,3.1971,106.4248,0.00020,0.02909
12.62,23.12,3.2177,108.8701,0.00038,0.03364
12.88,23.12,3.1929,110.1122,0.00094,0.04077
13.12,23.12,3.1505,109.4400,0.00337,0.05060
13.38,23.12,3.1325,108.0146,0.00549,0.06272
13.62,23.12,3.1407,106.9928,0.00333,0.08317
13.88,23.12,3.1114,105.0765,0.00076,0.11841
14.12,23.12,3.0418,103.2607,0.00064,0.16977
14.38,23.12,2.9791,102.3760,0.00769,0.23862
14.62,23.12,2.9755,103.1769,0.04426,0.31950
14.88,23.12,2.9861,107.2660,0.14505,0.38497
15.12,23.12,3.1938,122.8317,0.47161,0.36288
15.38,23.12,4.0712,156.1306,1.43306,0.23359
15.62,23.12,5.0434,195.1415,2.43243,0.11469
15.88,23.12,4.3400,218.8333,2.15322,0.05492
9.38,23.38,2.7953,178.8675,0.00000,0.00711
9.62,23.38,3.1567,164.1909,0.00007,0.00904
9.88,23.38,3.2936,153.1447,0.00074,0.01024
10.12,23.38,3.1818,148.2425,0.00308,0.01072
10.38,23.38,3.0334,141.4497,0.00490,0.01143
10.62,23.38,2.9762,132.1359,0.00306,0.01300
10.88,23.38,3.0634,123.6114,0.00171,0.01513
11.12,23.38,3.1044,118.6564,0.00365,0.01669
11.38,23.38,3.0735,116.2564,0.00526,0.01775
11.62,23.38,3.0852,113.6070,0.00310,0.01857
11.88,23.38,3.1322,110.1480,0.00093,0.02035
12.12,23.38,3.1779,109.7150,0.00093,0.02355
12.38,23.38,3.1697,111.3273,0.00261,0.02780
12.62,23.38,3.1409,113.7067,0.00426,0.03301
12.88,23.38,3.1229,114.1840,0.00572,0.03954
13.12,23.38,3.1328,112.2525,0.01544,0.04879
13.38,23.38,3.1293,109.3046,0.02462,0.06434
13.62,23.38,3.1027,106.9746,0.01491,0.09345
13.88,23.38,3.0576,104.3639,0.00334,0.14116
14.12,23.38,2.9878,101.8997,0.00045,0.21247
14.38,23.38,2.9051,100.2132,0.00186,0.32174
14.62,23.38,2.8644,101.2425,0.01237,0.47377
14.88,23.38,2.8311,104.2382,0.07718,0.63672
15.12,23.38,3.0575,116.6942,0.49765,0.67084
15.38,23.38,4.1925,156.9570,1.99072,0.47876
15.62,23.38,6.0631,219.8323,4.12728,0.24154
9.88,23.62,3.0803,169.4877,0.00389,0.00869
10.12,23.62,3.3663,162.4864,0.01377,0.01044
10.38,23.62,3.3280,154.3618,0.01942,0.01138
10.62,23.62,3.1239,145.5374,0.01195,0.01186
10.88,23.62,3.0351,138.5016,0.00836,0.01275
11.12,23.62,3.0097,134.4561,0.01328,0.01415
11.38,23.62,3.0849,131.2432,0.01360,0.01604
11.62,23.62,3.1316,124.8046,0.00760,0.01737
11.88,23.62,3.0964,118.7697,0.00456,0.01895
12.12,23.62,3.0977,118.5828,0.00689,0.02164
12.38,23.62,3.1273,119.5163,0.01356,0.02590
12.62,23.62,3.1411,119.2814,0.01899,0.03166
12.88,23.62,3.1449,118.5884,0.01639,0.03859
13.12,23.62,3.1362,117.6342,0.02700,0.04760
13.38,23.62,3.1131,115.3287,0.04073,0.06397
13.62,23.62,3.0920,112.4892,0.02466,0.09637
13.88,23.62,3.0598,108.7768,0.00594,0.15133
14.12,23.62,2.9947,105.0985,0.00221,0.24180
14.38,23.62,2.8818,101.8505,0.00309,0.39385
14.62,23.62,2.7677,100.5302,0.00515,0.61428
14.88,23.62,2.5964,98.2527,0.03674,0.86725
15.12,23.62,2.5193,98.1033,0.28148,1.01084
15.38,23.62,3.1258,121.8108,1.29985,0.90090
10.38,23.88,3.1052,150.5358,0.03972,0.00990
10.62,23.88,3.1929,143.7234,0.02405,0.01111
10.88,23.88,3.2421,149.8263,0.02783,0.01223
11.12,23.88,3.1020,156.3671,0.04221,0.01258
11.38,23.88,3.0201,155.2051,0.03552,0.01326
11.62,23.88,3.0624,146.0103,0.02425,0.01465
11.88,23.88,3.1312,136.4424,0.02223,0.01729
12.12,23.88,3.1473,132.1889,0.02774,0.02093
12.38,23.88,3.1051,129.9687,0.03425,0.02458
12.62,23.88,3.0926,128.0091,0.03662,0.02836
12.88,23.88,3.1294,125.7423,0.02336,0.03457
13.12,23.88,3.1397,124.2739,0.01944,0.04415
13.38,23.88,3.0944,123.2496,0.02565,0.05948
13.62,23.88,3.0486,121.7282,0.01694,0.08791
13.88,23.88,3.0270,117.4534,0.01096,0.13965
14.12,23.88,2.9797,111.5894,0.02508,0.23376
14.38,23.88,2.8310,105.9766,0.03985,0.40545
14.62,23.88,2.6490,101.2487,0.03870,0.66326
14.88,23.88,2.4163,95.9031,0.06849,0.95113
15.12,23.88,2.0944,87.7247,0.16414,1.18210
15.38,23.88,2.0183,85.5957,0.44274,1.28610
10.62,24.12,2.6045,125.9523,0.02954,0.00894
10.88,24.12,3.0787,156.4239,0.05225,0.01113
11.12,24.12,3.2951,177.7916,0.07929,0.01198
11.38,24.12,3.2435,178.0399,0.07987,0.01228
11.62,24.12,3.1182,170.1921,0.08044,0.01277
11.88,24.12,3.0578,160.2993,0.07414,0.01453
12.12,24.12,3.1039,150.0253,0.07231,0.01828
12.38,24.12,3.1363,141.4988,0.06413,0.02228
12.62,24.12,3.0963,137.0349,0.04693,0.02511
12.88,24.12,3.0399,134.5068,0.02261,0.02913
13.12,24.12,3.0449,133.3765,0.01023,0.03616
13.38,24.12,3.0655,131.8107,0.01540,0.04818
13.62,24.12,3.0619,129.5150,0.02589,0.06953
13.88,24.12,3.0365,125.7537,0.06103,0.10688
14.12,24.12,3.0180,120.5606,0.15445,0.17519
14.38,24.12,2.9349,116.4123,0.23508,0.31337
14.62,24.12,2.7962,115.4703,0.23210,0.54085
14.88,24.12,2.5864,121.2122,0.32188,0.78505
15.12,24.12,2.3037,128.8057,0.53803,0.98999
11.12,24.38,2.8883,202.1765,0.08519,0.00982
11.38,24.38,3.2477,200.0228,0.11627,0.01125
11.62,24.38,3.3968,193.3825,0.15208,0.01233
11.88,24.38,3.2926,182.0985,0.16032,0.01336
12.12,24.38,3.1182,168.7341,0.16832,0.01581
12.38,24.38,3.0302,158.1519,0.14156,0.01909
12.62,24.38,3.0678,150.6857,0.08054,0.02190
12.88,24.38,3.0770,144.4821,0.03173,0.02516
13.12,24.38,3.0637,142.2538,0.02363,0.02953
13.38,24.38,3.0811,140.1630,0.05477,0.03622
13.62,24.38,3.0989,137.0684,0.10480,0.04763
13.88,24.38,3.1256,133.3779,0.22166,0.06706
14.12,24.38,3.2576,130.9379,0.45721,0.09951
14.38,24.38,3.2968,131.5046,0.66196,0.16939
14.62,24.38,3.1238,135.7905,0.68920,0.29863
14.88,24.38,2.6509,153.0521,0.75923,0.45060
15.12,24.38,2.4610,191.6077,1.16781,0.59048
11.62,24.62,3.2568,216.1244,0.17761,0.01067
11.88,24.62,3.5422,196.8356,0.24409,0.01289
12.12,24.62,3.4665,179.8913,0.32891,0.01572
12.38,24.62,3.2167,170.9523,0.32861,0.01787
12.62,24.62,3.0624,164.6601,0.20715,0.01864
12.88,24.62,3.0618,156.3262,0.09498,0.02033
13.12,24.62,3.1827,150.4824,0.08720,0.02377
13.38,24.62,3.2273,145.7059,0.15230,0.02758
13.62,24.62,3.1308,141.9483,0.21721,0.03251
13.88,24.62,3.1830,138.1382,0.37412,0.04101
14.12,24.62,3.4474,136.7769,0.66721,0.05171
14.38,24.62,3.6183,137.6508,0.96143,0.07389
14.62,24.62,3.5093,138.3436,1.09897,0.11745
14.88,24.62,2.6517,144.4985,1.00110,0.17639
12.12,24.88,3.4176,174.1690,0.46922,0.01363
12.38,24.88,3.4766,163.7054,0.57165,0.01551
12.62,24.88,3.3801,165.2335,0.47727,0.01604
12.88,24.88,3.1816,163.5474,0.29326,0.01622
13.12,24.88,3.1614,156.9039,0.22853,0.01701
13.38,24.88,3.1557,151.1865,0.26590,0.01853
13.62,24.88,3.1344,149.0915,0.27286,0.02174
13.88,24.88,3.2515,144.4706,0.36176,0.02689
14.12,24.88,3.3917,139.6835,0.55111,0.03121
14.38,24.88,3.6468,137.2226,0.80926,0.03742
14.62,24.88,3.5803,131.5208,1.05439,0.04583
14.88,24.88,2.5929,115.7037,0.93287,0.05407
12.38,25.12,3.1302,137.6064,0.70702,0.01068
12.62,25.12,3.4500,156.7610,0.71971,0.01249
12.88,25.12,3.4838,165.5173,0.52242,0.01351
13.12,25.12,3.4523,161.1272,0.39614,0.01338
13.38,25.12,3.2585,157.3014,0.37820,0.01335
13.62,25.12,3.2630,157.2323,0.35288,0.01498
13.88,25.12,3.3981,150.5568,0.34918,0.01926
14.12,25.12,3.4910,142.0586,0.39658,0.02419
14.38,25.12,3.8255,140.6483,0.53943,0.02674
14.62,25.12,3.6032,136.0017,0.77131,0.02546
12.88,25.38,3.3203,165.5983,0.57352,0.01017
13.12,25.38,3.6372,165.4671,0.51835,0.01129
13.38,25.38,3.6082,162.8854,0.61149,0.01185
13.62,25.38,3.5073,158.5004,0.67714,0.01373
13.88,25.38,3.2723,147.8726,0.46817,0.02277
14.12,25.38,3.3637,142.6190,0.30290,0.03287
14.38,25.38,3.6641,149.9080,0.35741,0.03032
13.38,25.62,3.6797,164.2825,1.00783,0.00987
13.62,25.62,3.6857,152.5977,1.16049,0.01533
13.88,25.62,3.3280,138.2150,0.63033,0.03442
14.12,25.62,3.5264,140.5965,0.22352,0.05294
14.38,25.62,3.4638,159.1298,0.18741,0.04686
13.88,25.88,3.0608,122.4703,0.50776,0.03777
14.12,25.88,3.4684,123.7882,0.12738,0.05639
14.12,26.12,2.4591,83.5245,0.04375,0.03815
