x,y,rho,contact,casualty,pressure
2.62,0.12,0.2781,0.0027,0.00000,0.11658
2.88,0.12,0.5798,0.0051,0.00000,0.22654
3.12,0.12,0.8287,0.0078,0.00000,0.31523
3.38,0.12,0.8558,0.0114,0.00000,0.33241
3.62,0.12,0.9453,0.0131,0.00000,0.34274
3.88,0.12,1.1114,0.0095,0.00000,0.36037
4.12,0.12,1.1466,0.0074,0.00000,0.35052
4.38,0.12,1.1718,0.0076,0.00000,0.32786
4.62,0.12,1.2398,0.0060,0.00000,0.31237
4.88,0.12,1.2471,0.0037,0.00000,0.29528
5.12,0.12,1.2556,0.0029,0.00000,0.27135
5.38,0.12,1.2774,0.0036,0.00000,0.24020
5.62,0.12,1.2819,0.0047,0.00000,0.21656
5.88,0.12,1.2507,0.0060,0.00000,0.20266
6.12,0.12,1.2751,0.0045,0.00000,0.20070
6.38,0.12,1.3423,0.0058,0.00000,0.20962
6.62,0.12,1.2946,0.1323,0.00000,0.21544
6.88,0.12,1.2938,1.6050,0.00000,0.22584
7.12,0.12,1.1364,7.5937,0.00000,0.20540
7.38,0.12,0.7041,16.8420,0.00000,0.13594
2.62,0.38,0.5492,0.0042,0.00000,0.20954
2.88,0.38,1.1323,0.0092,0.00000,0.40387
3.12,0.38,1.5524,0.0176,0.00000,0.54417
3.38,0.38,1.4462,0.0287,0.00000,0.53086
3.62,0.38,1.4375,0.0320,0.00000,0.50096
3.88,0.38,1.6162,0.0213,0.00000,0.50243
4.12,0.38,1.5941,0.0133,0.00000,0.47098
4.38,0.38,1.5667,0.0129,0.00000,0.42471
4.62,0.38,1.6338,0.0111,0.00000,0.39306
4.88,0.38,1.6323,0.0069,0.00000,0.36167
5.12,0.38,1.6403,0.0047,0.00000,0.32932
5.38,0.38,1.6625,0.0052,0.00000,0.29136
5.62,0.38,1.6627,0.0075,0.00000,0.26213
5.88,0.38,1.6408,0.0115,0.00000,0.24958
6.12,0.38,1.6718,0.0107,0.00000,0.25261
6.38,0.38,1.6965,0.0096,0.00000,0.25761
6.62,0.38,1.5477,0.1474,0.00000,0.25397
6.88,0.38,1.6479,1.7766,0.00000,0.27743
7.12,0.38,1.6666,8.4005,0.00000,0.27537
7.38,0.38,1.1291,18.6280,0.00000,0.19211
2.62,0.62,0.7364,0.0032,0.00000,0.23251
2.88,0.62,1.4713,0.0089,0.00000,0.44722
3.12,0.62,1.9314,0.0215,0.00000,0.59430
3.38,0.62,1.7052,0.0383,0.00000,0.55803
3.62,0.62,1.6355,0.0424,0.00000,0.50409
3.88,0.62,1.8016,0.0265,0.00000,0.49978
4.12,0.62,1.7598,0.0135,0.00000,0.47043
4.38,0.62,1.7327,0.0122,0.00000,0.42379
4.62,0.62,1.7921,0.0115,0.00000,0.38579
4.88,0.62,1.7775,0.0073,0.00000,0.34721
5.12,0.62,1.7833,0.0042,0.00000,0.31422
5.38,0.62,1.8008,0.0039,0.00000,0.27858
5.62,0.62,1.8175,0.0063,0.00000,0.25178
5.88,0.62,1.8288,0.0122,0.00000,0.24294
6.12,0.62,1.8513,0.0138,0.00000,0.24728
6.38,0.62,1.8412,0.0122,0.00000,0.24800
6.62,0.62,1.5836,0.1636,0.00000,0.23149
6.88,0.62,1.7501,1.9721,0.00000,0.25274
7.12,0.62,2.0113,9.3306,0.00000,0.26364
7.38,0.62,1.4667,20.6945,0.00000,0.18709
2.62,0.88,0.8520,0.0012,0.00000,0.17884
2.88,0.88,1.5176,0.0041,0.00000,0.33710
3.12,0.88,1.8035,0.0116,0.00000,0.43772
3.38,0.88,1.6312,0.0223,0.00000,0.41036
3.62,0.88,1.7056,0.0251,0.00000,0.38237
3.88,0.88,1.8079,0.0154,0.00000,0.38427
4.12,0.88,1.7657,0.0074,0.00000,0.36792
4.38,0.88,1.8256,0.0071,0.00000,0.34294
4.62,0.88,1.8785,0.0070,0.00000,0.31700
4.88,0.88,1.8489,0.0045,0.00000,0.28338
5.12,0.88,1.8690,0.0026,0.00000,0.25759
5.38,0.88,1.8749,0.0018,0.00000,0.23432
5.62,0.88,1.9020,0.0027,0.00000,0.21628
5.88,0.88,1.9470,0.0061,0.00000,0.20739
6.12,0.88,1.9379,0.0078,0.00000,0.20186
6.38,0.88,1.9716,0.0085,0.00000,0.20176
6.62,0.88,1.7001,0.1363,0.00000,0.18612
6.88,0.88,1.8025,1.6489,0.00000,0.19639
7.12,0.88,2.1613,7.8041,0.00000,0.20733
7.38,0.88,1.6395,17.3110,0.00000,0.14740
2.62,1.12,1.1466,0.0002,0.00000,0.12886
2.88,1.12,1.7753,0.0008,0.00000,0.23011
3.12,1.12,1.8212,0.0026,0.00000,0.28599
3.38,1.12,1.7165,0.0055,0.00000,0.27907
3.62,1.12,1.9852,0.0066,0.00000,0.28480
3.88,1.12,1.9951,0.0044,0.00000,0.29097
4.12,1.12,1.9260,0.0038,0.00000,0.28314
4.38,1.12,2.0306,0.0060,0.00000,0.27419
4.62,1.12,2.0528,0.0063,0.00000,0.25922
4.88,1.12,2.0261,0.0047,0.00000,0.23532
5.12,1.12,2.0749,0.0036,0.00000,0.21859
5.38,1.12,2.0798,0.0022,0.00000,0.20683
5.62,1.12,2.1051,0.0014,0.00000,0.19531
5.88,1.12,2.1629,0.0017,0.00000,0.18410
6.12,1.12,2.0577,0.0020,0.00000,0.16744
6.38,1.12,2.1255,0.0036,0.00000,0.16661
6.62,1.12,1.9763,0.0698,0.00000,0.16013
6.88,1.12,2.0289,0.8379,0.00000,0.16374
7.12,1.12,2.3616,3.9613,0.00000,0.16926
7.38,1.12,1.8000,8.7845,0.00000,0.12007
2.62,1.38,1.4573,0.0000,0.00000,0.09915
2.88,1.38,2.0627,0.0001,0.00000,0.16156
3.12,1.38,1.8673,0.0003,0.00000,0.18666
3.38,1.38,1.7683,0.0006,0.00000,0.19521
3.62,1.38,2.1569,0.0009,0.00000,0.21845
3.88,1.38,2.1267,0.0010,0.00000,0.22281
4.12,1.38,2.0787,0.0029,0.00000,0.22046
4.38,1.38,2.1407,0.0067,0.00000,0.21746
4.62,1.38,2.1241,0.0090,0.00000,0.20838
4.88,1.38,2.1342,0.0099,0.00000,0.19713
5.12,1.38,2.1894,0.0095,0.00000,0.18943
5.38,1.38,2.2161,0.0057,0.00000,0.18264
5.62,1.38,2.2404,0.0023,0.00000,0.17197
5.88,1.38,2.3173,0.0009,0.00000,0.16313
6.12,1.38,2.1036,0.0006,0.00000,0.14487
6.38,1.38,2.1299,0.0019,0.00000,0.13845
6.62,1.38,2.1702,0.0337,0.00000,0.13434
6.88,1.38,2.2395,0.3950,0.00000,0.13411
7.12,1.38,2.5019,1.8643,0.00000,0.13595
7.38,1.38,1.8918,4.1332,0.00000,0.09658
2.62,1.62,1.6470,0.0000,0.00000,0.08695
2.88,1.62,2.1917,0.0001,0.00000,0.12772
3.12,1.62,1.8023,0.0001,0.00000,0.13208
3.38,1.62,1.7476,0.0002,0.00000,0.14567
3.62,1.62,2.2433,0.0002,0.00000,0.17413
3.88,1.62,2.2188,0.0004,0.00000,0.17358
4.12,1.62,2.2158,0.0016,0.00000,0.17357
4.38,1.62,2.1880,0.0047,0.00000,0.17282
4.62,1.62,2.1644,0.0092,0.00000,0.16807
4.88,1.62,2.2367,0.0140,0.00000,0.16720
5.12,1.62,2.2852,0.0150,0.00000,0.16541
5.38,1.62,2.3588,0.0093,0.00000,0.16084
5.62,1.62,2.3240,0.0034,0.00000,0.14916
5.88,1.62,2.3756,0.0011,0.00000,0.14400
6.12,1.62,2.1369,0.0006,0.00000,0.12981
6.38,1.62,2.1534,0.0016,0.00000,0.11894
6.62,1.62,2.3754,0.0300,0.00000,0.11444
6.88,1.62,2.4328,0.3560,0.00000,0.11030
7.12,1.62,2.5802,1.6834,0.00000,0.10843
7.38,1.62,1.9256,3.7342,0.00000,0.07694
2.62,1.88,1.8448,0.0002,0.00000,0.07764
2.88,1.88,2.3809,0.0008,0.00000,0.10853
3.12,1.88,1.8693,0.0013,0.00000,0.10496
3.38,1.88,1.8308,0.0009,0.00000,0.11642
3.62,1.88,2.3662,0.0004,0.00000,0.14041
3.88,1.88,2.3619,0.0003,0.00000,0.13777
4.12,1.88,2.3926,0.0010,0.00000,0.13973
4.38,1.88,2.2472,0.0039,0.00000,0.13974
4.62,1.88,2.2230,0.0091,0.00000,0.13883
4.88,1.88,2.3441,0.0130,0.00000,0.14212
5.12,1.88,2.3920,0.0129,0.00000,0.14226
5.38,1.88,2.5287,0.0088,0.00000,0.14037
5.62,1.88,2.4037,0.0040,0.00000,0.12797
5.88,1.88,2.3913,0.0014,0.00000,0.12250
6.12,1.88,2.1967,0.0007,0.00000,0.11320
6.38,1.88,2.2368,0.0011,0.00000,0.10493
6.62,1.88,2.5789,0.0170,0.00000,0.10300
6.88,1.88,2.6250,0.2034,0.00000,0.09564
7.12,1.88,2.6905,0.9623,0.00000,0.08961
7.38,1.88,1.9888,2.1351,0.00000,0.06297
2.62,2.12,1.9364,0.0012,0.00000,0.06312
2.88,2.12,2.4907,0.0042,0.00000,0.08671
3.12,2.12,1.9815,0.0065,0.00000,0.08311
3.38,2.12,1.9411,0.0040,0.00000,0.09450
3.62,2.12,2.3925,0.0012,0.00000,0.11398
3.88,2.12,2.4231,0.0006,0.00000,0.11160
4.12,2.12,2.5230,0.0015,0.00000,0.11303
4.38,2.12,2.3123,0.0050,0.00000,0.11309
4.62,2.12,2.2913,0.0095,0.00000,0.11643
4.88,2.12,2.4056,0.0097,0.00000,0.12032
5.12,2.12,2.4294,0.0075,0.00000,0.11933
5.38,2.12,2.6031,0.0054,0.00000,0.11859
5.62,2.12,2.4447,0.0031,0.00000,0.10901
5.88,2.12,2.4192,0.0013,0.00000,0.10481
6.12,2.12,2.2974,0.0005,0.00000,0.09960
6.38,2.12,2.3344,0.0004,0.00000,0.09423
6.62,2.12,2.7061,0.0043,0.00000,0.09347
6.88,2.12,2.7469,0.0506,0.00000,0.08508
7.12,2.12,2.7756,0.2387,0.00000,0.07754
7.38,2.12,2.0428,0.5292,0.00000,0.05408
2.62,2.38,1.9469,0.0038,0.00000,0.05343
2.88,2.38,2.5250,0.0126,0.00000,0.07224
3.12,2.38,2.1040,0.0197,0.00000,0.06883
3.38,2.38,2.0805,0.0122,0.00000,0.08136
3.62,2.38,2.3838,0.0034,0.00000,0.10120
3.88,2.38,2.4301,0.0013,0.00000,0.10013
4.12,2.38,2.5977,0.0021,0.00000,0.09796
4.38,2.38,2.4022,0.0044,0.00000,0.09699
4.62,2.38,2.3912,0.0068,0.00000,0.10157
4.88,2.38,2.4499,0.0058,0.00000,0.10422
5.12,2.38,2.4609,0.0035,0.00000,0.10225
5.38,2.38,2.6486,0.0021,0.00000,0.10157
5.62,2.38,2.4881,0.0013,0.00000,0.09538
5.88,2.38,2.4660,0.0006,0.00000,0.09306
6.12,2.38,2.4146,0.0002,0.00000,0.08965
6.38,2.38,2.4510,0.0004,0.00000,0.08477
6.62,2.38,2.8108,0.0059,0.00000,0.08392
6.88,2.38,2.8256,0.0687,0.00000,0.07573
7.12,2.38,2.8214,0.3240,0.00000,0.06772
7.38,2.38,2.0694,0.7183,0.00000,0.04681
2.62,2.62,2.0113,0.0101,0.00000,0.04575
2.88,2.62,2.6359,0.0335,0.00000,0.06182
3.12,2.62,2.2945,0.0524,0.00000,0.05889
3.38,2.62,2.2570,0.0322,0.00000,0.06911
3.62,2.62,2.3939,0.0082,0.00000,0.08780
3.88,2.62,2.4384,0.0021,0.00000,0.09157
4.12,2.62,2.6444,0.0025,0.00000,0.08916
4.38,2.62,2.5047,0.0036,0.00000,0.08639
4.62,2.62,2.4923,0.0043,0.00000,0.08971
4.88,2.62,2.4832,0.0037,0.00000,0.09142
5.12,2.62,2.5021,0.0021,0.00000,0.09027
5.38,2.62,2.6768,0.0009,0.00000,0.08920
5.62,2.62,2.5436,0.0003,0.00000,0.08388
5.88,2.62,2.5334,0.0001,0.00000,0.08214
6.12,2.62,2.5354,0.0002,0.00000,0.07951
6.38,2.62,2.5582,0.0013,0.00000,0.07455
6.62,2.62,2.8763,0.0247,0.00000,0.07360
6.88,2.62,2.8865,0.2906,0.00000,0.06607
7.12,2.62,2.8869,1.3730,0.00000,0.05720
7.38,2.62,2.1183,3.0454,0.00000,0.03866
2.62,2.88,2.0528,0.0150,0.00000,0.03894
2.88,2.88,2.7214,0.0502,0.00000,0.05308
3.12,2.88,2.4756,0.0786,0.00000,0.05084
3.38,2.88,2.4342,0.0481,0.00000,0.05662
3.62,2.88,2.4124,0.0116,0.00000,0.07051
3.88,2.88,2.4467,0.0020,0.00000,0.07799
4.12,2.88,2.6579,0.0024,0.00000,0.07788
4.38,2.88,2.5858,0.0042,0.00000,0.07582
4.62,2.88,2.5749,0.0048,0.00000,0.07894
4.88,2.88,2.5278,0.0044,0.00000,0.08074
5.12,2.88,2.5641,0.0033,0.00000,0.08173
5.38,2.88,2.6903,0.0015,0.00000,0.08082
5.62,2.88,2.6165,0.0003,0.00000,0.07579
5.88,2.88,2.6269,0.0000,0.00000,0.07424
6.12,2.88,2.6662,0.0002,0.00000,0.07306
6.38,2.88,2.6680,0.0021,0.00000,0.06828
6.62,2.88,2.9226,0.0407,0.00000,0.06603
6.88,2.88,2.9194,0.4789,0.00000,0.05880
7.12,2.88,2.9266,2.2628,0.00000,0.04967
7.38,2.88,2.1491,5.0190,0.00000,0.03283
2.62,3.12,2.0820,0.0090,0.00000,0.03482
2.88,3.12,2.7898,0.0301,0.00000,0.04720
3.12,3.12,2.6379,0.0474,0.00000,0.04451
3.38,3.12,2.6076,0.0294,0.00000,0.04731
3.62,3.12,2.4692,0.0071,0.00000,0.05718
3.88,3.12,2.4882,0.0010,0.00000,0.06497
4.12,3.12,2.6535,0.0015,0.00000,0.06644
4.38,3.12,2.6302,0.0037,0.00000,0.06672
4.62,3.12,2.6251,0.0061,0.00000,0.07051
4.88,3.12,2.5753,0.0070,0.00000,0.07184
5.12,3.12,2.6516,0.0057,0.00000,0.07324
5.38,3.12,2.7338,0.0026,0.00000,0.07283
5.62,3.12,2.7285,0.0005,0.00000,0.06926
5.88,3.12,2.7351,0.0001,0.00000,0.06744
6.12,3.12,2.7871,0.0001,0.00000,0.06682
6.38,3.12,2.7809,0.0013,0.00000,0.06274
6.62,3.12,2.9882,0.0248,0.00000,0.05970
6.88,3.12,2.9572,0.2909,0.00000,0.05281
7.12,3.12,2.9526,1.3733,0.00000,0.04381
7.38,3.12,2.1659,3.0449,0.00000,0.02842
2.62,3.38,2.1034,0.0020,0.00000,0.03004
2.88,3.38,2.8392,0.0068,0.00000,0.04046
3.12,3.38,2.7556,0.0108,0.00000,0.03795
3.38,3.38,2.7475,0.0070,0.00000,0.04020
3.62,3.38,2.5641,0.0019,0.00000,0.04881
3.88,3.38,2.5749,0.0004,0.00000,0.05701
4.12,3.38,2.6461,0.0006,0.00000,0.05852
4.38,3.38,2.6333,0.0021,0.00000,0.05826
4.62,3.38,2.6265,0.0051,0.00000,0.06207
4.88,3.38,2.5989,0.0075,0.00000,0.06408
5.12,3.38,2.7357,0.0063,0.00000,0.06519
5.38,3.38,2.7896,0.0029,0.00000,0.06447
5.62,3.38,2.8524,0.0008,0.00000,0.06277
5.88,3.38,2.8582,0.0002,0.00000,0.06201
6.12,3.38,2.9124,0.0001,0.00000,0.06147
6.38,3.38,2.8820,0.0003,0.00000,0.05714
6.62,3.38,3.0500,0.0056,0.00000,0.05386
6.88,3.38,3.0078,0.0653,0.00000,0.04758
7.12,3.38,3.0003,0.3070,0.00000,0.03865
7.38,3.38,2.1999,0.6799,0.00000,0.02455
2.62,3.62,2.1134,0.0002,0.00000,0.02532
2.88,3.62,2.8668,0.0006,0.00000,0.03408
3.12,3.62,2.8349,0.0009,0.00000,0.03189
3.38,3.62,2.8591,0.0007,0.00000,0.03346
3.62,3.62,2.6751,0.0006,0.00000,0.04167
3.88,3.62,2.6783,0.0008,0.00000,0.05215
4.12,3.62,2.6389,0.0009,0.00000,0.05536
4.38,3.62,2.6181,0.0010,0.00000,0.05403
4.62,3.62,2.5989,0.0025,0.00000,0.05608
4.88,3.62,2.5952,0.0049,0.00000,0.05837
5.12,3.62,2.8051,0.0053,0.00000,0.06012
5.38,3.62,2.8495,0.0033,0.00000,0.05965
5.62,3.62,2.9586,0.0019,0.00000,0.05954
5.88,3.62,2.9589,0.0009,0.00000,0.05915
6.12,3.62,3.0128,0.0002,0.00000,0.05777
6.38,3.62,2.9646,0.0001,0.00000,0.05278
6.62,3.62,3.1122,0.0005,0.00000,0.04893
6.88,3.62,3.0594,0.0056,0.00000,0.04304
7.12,3.62,3.0426,0.0255,0.00000,0.03484
7.38,3.62,2.2288,0.0561,0.00000,0.02203
2.62,3.88,2.1560,0.0000,0.00000,0.02135
2.88,3.88,2.9296,0.0000,0.00000,0.02884
3.12,3.88,2.9169,0.0000,0.00000,0.02732
3.38,3.88,2.9524,0.0002,0.00000,0.02865
3.62,3.88,2.7812,0.0008,0.00000,0.03600
3.88,3.88,2.7835,0.0021,0.00000,0.04791
4.12,3.88,2.6459,0.0026,0.00000,0.05380
4.38,3.88,2.6086,0.0015,0.00000,0.05288
4.62,3.88,2.5665,0.0010,0.00000,0.05261
4.88,3.88,2.5739,0.0023,0.00000,0.05355
5.12,3.88,2.8522,0.0035,0.00000,0.05524
5.38,3.88,2.9107,0.0034,0.00000,0.05590
5.62,3.88,3.0462,0.0031,0.00000,0.05764
5.88,3.88,3.0231,0.0018,0.00000,0.05677
6.12,3.88,3.0676,0.0005,0.00000,0.05383
6.38,3.88,3.0140,0.0002,0.00000,0.04888
6.62,3.88,3.1647,0.0003,0.00000,0.04527
6.88,3.88,3.1170,0.0007,0.00000,0.03952
7.12,3.88,3.0999,0.0016,0.00000,0.03197
7.38,3.88,2.2706,0.0023,0.00000,0.02028
2.62,4.12,2.1917,0.0000,0.00000,0.01813
2.88,4.12,2.9816,0.0000,0.00000,0.02458
3.12,4.12,2.9836,0.0000,0.00000,0.02378
3.38,4.12,3.0321,0.0001,0.00000,0.02510
3.62,4.12,2.8760,0.0008,0.00000,0.03100
3.88,4.12,2.8778,0.0026,0.00000,0.04268
4.12,4.12,2.6665,0.0037,0.00000,0.05005
4.38,4.12,2.6103,0.0022,0.00000,0.04970
4.62,4.12,2.5401,0.0007,0.00000,0.04897
4.88,4.12,2.5608,0.0008,0.00000,0.05032
5.12,4.12,2.8985,0.0015,0.00000,0.05233
5.38,4.12,2.9730,0.0022,0.00000,0.05330
5.62,4.12,3.1190,0.0026,0.00000,0.05554
5.88,4.12,3.0797,0.0019,0.00000,0.05465
6.12,4.12,3.1186,0.0011,0.00000,0.05080
6.38,4.12,3.0558,0.0008,0.00000,0.04551
6.62,4.12,3.2087,0.0010,0.00000,0.04216
6.88,4.12,3.1607,0.0016,0.00000,0.03648
7.12,4.12,3.1399,0.0019,0.00000,0.02955
7.38,4.12,2.2996,0.0013,0.00000,0.01893
2.62,4.38,2.2202,0.0000,0.00000,0.01606
2.88,4.38,3.0227,0.0000,0.00000,0.02173
3.12,4.38,3.0357,0.0000,0.00000,0.02097
3.38,4.38,3.0963,0.0000,0.00000,0.02179
3.62,4.38,2.9512,0.0003,0.00000,0.02608
3.88,4.38,2.9512,0.0014,0.00000,0.03600
4.12,4.38,2.6976,0.0021,0.00000,0.04353
4.38,4.38,2.6314,0.0013,0.00000,0.04483
4.62,4.38,2.5317,0.0003,0.00000,0.04554
4.88,4.38,2.5577,0.0002,0.00000,0.04851
5.12,4.38,2.9323,0.0004,0.00000,0.05138
5.38,4.38,3.0229,0.0008,0.00000,0.05178
5.62,4.38,3.1771,0.0012,0.00000,0.05281
5.88,4.38,3.1270,0.0013,0.00000,0.05204
6.12,4.38,3.1631,0.0015,0.00000,0.04838
6.38,4.38,3.0999,0.0017,0.00000,0.04230
6.62,4.38,3.2598,0.0033,0.00000,0.03862
6.88,4.38,3.2031,0.0052,0.00000,0.03352
7.12,4.38,3.1706,0.0047,0.00000,0.02741
7.38,4.38,2.3202,0.0027,0.00000,0.01770
2.62,4.62,2.2460,0.0002,0.00000,0.01454
2.88,4.62,3.0580,0.0002,0.00000,0.01972
3.12,4.62,3.0728,0.0001,0.00000,0.01909
3.38,4.62,3.1382,0.0000,0.00000,0.01971
3.62,4.62,3.0060,0.0001,0.00000,0.02290
3.88,4.62,3.0126,0.0003,0.00000,0.03087
4.12,4.62,2.7412,0.0005,0.00000,0.03839
4.38,4.62,2.6694,0.0003,0.00000,0.04154
4.62,4.62,2.5425,0.0001,0.00000,0.04248
4.88,4.62,2.5706,0.0000,0.00000,0.04556
5.12,4.62,2.9573,0.0001,0.00000,0.04832
5.38,4.62,3.0524,0.0003,0.00000,0.04841
5.62,4.62,3.2116,0.0006,0.00000,0.04868
5.88,4.62,3.1666,0.0010,0.00000,0.04835
6.12,4.62,3.2117,0.0015,0.00000,0.04599
6.38,4.62,3.1410,0.0031,0.00000,0.03986
6.62,4.62,3.2991,0.0085,0.00000,0.03633
6.88,4.62,3.2445,0.0141,0.00000,0.03242
7.12,4.62,3.2120,0.0127,0.00000,0.02653
7.38,4.62,2.3503,0.0073,0.00000,0.01686
2.62,4.88,2.2651,0.0005,0.00000,0.01342
2.88,4.88,3.0843,0.0008,0.00000,0.01828
3.12,4.88,3.1017,0.0008,0.00000,0.01789
3.38,4.88,3.1729,0.0005,0.00000,0.01841
3.62,4.88,3.0461,0.0003,0.00000,0.02054
3.88,4.88,3.0566,0.0001,0.00000,0.02695
4.12,4.88,2.7967,0.0001,0.00000,0.03540
4.38,4.88,2.7316,0.0000,0.00000,0.04129
4.62,4.88,2.5757,0.0000,0.00000,0.04224
4.88,4.88,2.5979,0.0001,0.00000,0.04367
5.12,4.88,2.9771,0.0003,0.00000,0.04532
5.38,4.88,3.0744,0.0009,0.00000,0.04545
5.62,4.88,3.2360,0.0021,0.00000,0.04548
5.88,4.88,3.1963,0.0034,0.00000,0.04547
6.12,4.88,3.2528,0.0040,0.00000,0.04419
6.38,4.88,3.1837,0.0069,0.00000,0.03870
6.62,4.88,3.3408,0.0160,0.00000,0.03614
6.88,4.88,3.2811,0.0283,0.00000,0.03336
7.12,4.88,3.2434,0.0337,0.00000,0.02695
7.38,4.88,2.3716,0.0295,0.00000,0.01662
2.62,5.12,2.2874,0.0022,0.00000,0.01233
2.88,5.12,3.1136,0.0044,0.00000,0.01682
3.12,5.12,3.1270,0.0058,0.00000,0.01641
3.38,5.12,3.1971,0.0049,0.00000,0.01659
3.62,5.12,3.0718,0.0034,0.00000,0.01794
3.88,5.12,3.0882,0.0016,0.00000,0.02344
4.12,5.12,2.8533,0.0004,0.00000,0.03232
4.38,5.12,2.7998,0.0001,0.00000,0.04008
4.62,5.12,2.6273,0.0001,0.00000,0.04212
4.88,5.12,2.6441,0.0005,0.00000,0.04285
5.12,5.12,2.9919,0.0017,0.00000,0.04367
5.38,5.12,3.0865,0.0042,0.00000,0.04307
5.62,5.12,3.2525,0.0086,0.00000,0.04281
5.88,5.12,3.2164,0.0139,0.00000,0.04397
6.12,5.12,3.2771,0.0159,0.00000,0.04368
6.38,5.12,3.2159,0.0202,0.00000,0.03860
6.62,5.12,3.3741,0.0329,0.00000,0.03710
6.88,5.12,3.3168,0.0665,0.00000,0.03540
7.12,5.12,3.2826,0.1310,0.00000,0.02812
7.38,5.12,2.4003,0.1910,0.00000,0.01675
2.62,5.38,2.2981,0.0072,0.00000,0.01137
2.88,5.38,3.1293,0.0167,0.00000,0.01550
3.12,5.38,3.1459,0.0248,0.00000,0.01509
3.38,5.38,3.2189,0.0245,0.00000,0.01518
3.62,5.38,3.0911,0.0206,0.00000,0.01627
3.88,5.38,3.1149,0.0108,0.00000,0.02110
4.12,5.38,2.9083,0.0026,0.00000,0.02940
4.38,5.38,2.8626,0.0006,0.00000,0.03735
4.62,5.38,2.6854,0.0011,0.00000,0.04026
4.88,5.38,2.7039,0.0028,0.00000,0.04153
5.12,5.38,3.0083,0.0070,0.00000,0.04270
5.38,5.38,3.0920,0.0139,0.00000,0.04174
5.62,5.38,3.2488,0.0253,0.00000,0.04135
5.88,5.38,3.2242,0.0400,0.00000,0.04417
6.12,5.38,3.3000,0.0453,0.00000,0.04534
6.38,5.38,3.2497,0.0513,0.00000,0.04053
6.62,5.38,3.4029,0.0780,0.00000,0.04017
6.88,5.38,3.3459,0.1951,0.00000,0.03986
7.12,5.38,3.3148,0.5137,0.00000,0.03120
7.38,5.38,2.4243,0.9058,0.00000,0.01791
2.62,5.62,2.3102,0.0158,0.00000,0.01076
2.88,5.62,3.1468,0.0343,0.00000,0.01471
3.12,5.62,3.1628,0.0531,0.00000,0.01445
3.38,5.62,3.2343,0.0653,0.00000,0.01475
3.62,5.62,3.1066,0.0677,0.00000,0.01558
3.88,5.62,3.1386,0.0383,0.00000,0.01937
4.12,5.62,2.9600,0.0102,0.00000,0.02695
4.38,5.62,2.9300,0.0035,0.00000,0.03554
4.62,5.62,2.7649,0.0061,0.00000,0.03931
4.88,5.62,2.7754,0.0119,0.00000,0.04080
5.12,5.62,3.0199,0.0217,0.00000,0.04280
5.38,5.62,3.1000,0.0347,0.00000,0.04238
5.62,5.62,3.2382,0.0541,0.00000,0.04154
5.88,5.62,3.2219,0.0808,0.00000,0.04485
6.12,5.62,3.3170,0.0904,0.00000,0.04688
6.38,5.62,3.2787,0.0981,0.00000,0.04240
6.62,5.62,3.4253,0.1561,0.00000,0.04359
6.88,5.62,3.3730,0.4436,0.00000,0.04522
7.12,5.62,3.3469,1.2616,0.00000,0.03579
7.38,5.62,2.4491,2.3108,0.00000,0.02035
2.62,5.88,2.3249,0.0516,0.00000,0.01046
2.88,5.88,3.1702,0.0696,0.00000,0.01452
3.12,5.88,3.1868,0.0938,0.00000,0.01487
3.38,5.88,3.2563,0.1267,0.00000,0.01571
3.62,5.88,3.1329,0.1421,0.00000,0.01626
3.88,5.88,3.1703,0.0849,0.00000,0.01861
4.12,5.88,3.0062,0.0269,0.00000,0.02463
4.38,5.88,2.9916,0.0137,0.00000,0.03330
4.62,5.88,2.8561,0.0215,0.00000,0.03818
4.88,5.88,2.8656,0.0361,0.00000,0.04000
5.12,5.88,3.0410,0.0553,0.00000,0.04238
5.38,5.88,3.1089,0.0744,0.00000,0.04219
5.62,5.88,3.2316,0.0959,0.00000,0.04099
5.88,5.88,3.2336,0.1282,0.00000,0.04505
6.12,5.88,3.3368,0.1484,0.00000,0.04868
6.38,5.88,3.2969,0.1711,0.00000,0.04474
6.62,5.88,3.4411,0.2839,0.00000,0.04732
6.88,5.88,3.4038,0.7496,0.00000,0.05097
7.12,5.88,3.3788,1.9521,0.00000,0.04139
7.38,5.88,2.4678,3.4244,0.00000,0.02384
2.62,6.12,2.3418,0.3350,0.00000,0.01078
2.88,6.12,3.1981,0.2509,0.00000,0.01527
3.12,6.12,3.2194,0.2144,0.00000,0.01632
3.38,6.12,3.2878,0.2351,0.00000,0.01773
3.62,6.12,3.1637,0.2455,0.00000,0.01799
3.88,6.12,3.2055,0.1513,0.00000,0.01901
4.12,6.12,3.0588,0.0591,0.00000,0.02315
4.38,6.12,3.0544,0.0397,0.00000,0.03119
4.62,6.12,2.9311,0.0515,0.00000,0.03763
4.88,6.12,2.9431,0.0786,0.00000,0.04056
5.12,6.12,3.0785,0.1178,0.00000,0.04305
5.38,6.12,3.1434,0.1451,0.00000,0.04328
5.62,6.12,3.2507,0.1599,0.00000,0.04207
5.88,6.12,3.2599,0.1961,0.00000,0.04635
6.12,6.12,3.3508,0.2499,0.00000,0.05112
6.38,6.12,3.3118,0.3202,0.00000,0.04716
6.62,6.12,3.4596,0.5262,0.00000,0.05057
6.88,6.12,3.4371,1.1562,0.00000,0.05702
7.12,6.12,3.4024,2.4832,0.00000,0.04834
7.38,6.12,2.4749,3.9305,0.00000,0.02856
2.62,6.38,2.3596,1.3596,0.00000,0.01168
2.88,6.38,3.2211,0.7884,0.00000,0.01656
3.12,6.38,3.2375,0.4415,0.00000,0.01782
3.38,6.38,3.3018,0.4082,0.00000,0.01969
3.62,6.38,3.1810,0.4257,0.00000,0.02002
3.88,6.38,3.2338,0.2725,0.00000,0.02045
4.12,6.38,3.1114,0.1273,0.00000,0.02395
4.38,6.38,3.1161,0.0967,0.00000,0.03155
4.62,6.38,2.9928,0.1027,0.00000,0.03805
4.88,6.38,3.0035,0.1385,0.00000,0.04130
5.12,6.38,3.1189,0.2093,0.00000,0.04436
5.38,6.38,3.1790,0.2525,0.00000,0.04535
5.62,6.38,3.2644,0.2614,0.00000,0.04382
5.88,6.38,3.2846,0.3124,0.00000,0.04745
6.12,6.38,3.3653,0.4227,0.00000,0.05235
6.38,6.38,3.3239,0.5711,0.00000,0.04829
6.62,6.38,3.4653,0.8897,0.00000,0.05251
6.88,6.38,3.4651,1.7245,0.00000,0.06225
7.12,6.38,3.4293,3.2821,0.00000,0.05564
7.38,6.38,2.4911,4.8161,0.00000,0.03404
2.62,6.62,2.3687,2.5852,0.00000,0.01307
2.88,6.62,3.2326,1.4341,0.00000,0.01843
3.12,6.62,3.2483,0.7151,0.00000,0.01975
3.38,6.62,3.3104,0.6444,0.00000,0.02211
3.62,6.62,3.1883,0.6946,0.00000,0.02269
3.88,6.62,3.2571,0.4659,0.00000,0.02272
4.12,6.62,3.1622,0.2518,0.00000,0.02583
4.38,6.62,3.1719,0.2035,0.00000,0.03229
4.62,6.62,3.0469,0.1996,0.00000,0.03735
4.88,6.62,3.0532,0.2358,0.00000,0.04053
5.12,6.62,3.1535,0.3325,0.00000,0.04454
5.38,6.62,3.2098,0.4002,0.00000,0.04662
5.62,6.62,3.2707,0.4269,0.00000,0.04556
5.88,6.62,3.3032,0.5012,0.00000,0.04959
6.12,6.62,3.3744,0.6405,0.00000,0.05446
6.38,6.62,3.3301,0.8529,0.00000,0.04986
6.62,6.62,3.4689,1.2707,0.00000,0.05453
6.88,6.62,3.4953,2.3064,0.00000,0.06658
7.12,6.62,3.4589,4.1702,0.00000,0.06177
7.38,6.62,2.5163,5.8736,0.00000,0.03891
2.62,6.88,2.3746,3.5666,0.00000,0.01510
2.88,6.88,3.2408,2.0866,0.00000,0.02131
3.12,6.88,3.2593,1.1534,0.00000,0.02266
3.38,6.88,3.3218,0.9803,0.00000,0.02490
3.62,6.88,3.2024,0.9732,0.00000,0.02530
3.88,6.88,3.2876,0.6820,0.00000,0.02498
4.12,6.88,3.2087,0.4294,0.00000,0.02676
4.38,6.88,3.2152,0.3612,0.00000,0.03126
4.62,6.88,3.0951,0.3507,0.00000,0.03620
4.88,6.88,3.0962,0.3830,0.00000,0.04089
5.12,6.88,3.1683,0.4925,0.00000,0.04608
5.38,6.88,3.2276,0.5933,0.00000,0.04895
5.62,6.88,3.2822,0.6674,0.00000,0.04896
5.88,6.88,3.3265,0.7671,0.00000,0.05470
6.12,6.88,3.3883,0.8910,0.00000,0.05996
6.38,6.88,3.3428,1.1266,0.00000,0.05404
6.62,6.88,3.4808,1.6498,0.00000,0.05840
6.88,6.88,3.5353,2.8967,0.00000,0.07186
7.12,6.88,3.5040,5.0099,0.00000,0.06774
7.38,6.88,2.5600,6.7660,0.00000,0.04331
2.62,7.12,2.3793,5.5576,0.00000,0.01684
2.88,7.12,3.2424,3.2801,0.00000,0.02390
3.12,7.12,3.2660,1.8154,0.00000,0.02570
3.38,7.12,3.3410,1.3585,0.00000,0.02821
3.62,7.12,3.2287,1.2023,0.00000,0.02858
3.88,7.12,3.3162,0.8970,0.00000,0.02805
4.12,7.12,3.2450,0.6609,0.00000,0.02805
4.38,7.12,3.2495,0.5589,0.00000,0.03083
4.62,7.12,3.1320,0.5278,0.00000,0.03658
4.88,7.12,3.1372,0.5624,0.00000,0.04259
5.12,7.12,3.1827,0.6882,0.00000,0.04809
5.38,7.12,3.2382,0.8312,0.00000,0.05122
5.62,7.12,3.2876,0.9534,0.00000,0.05197
5.88,7.12,3.3394,1.0722,0.00000,0.05890
6.12,7.12,3.3998,1.1954,0.00000,0.06418
6.38,7.12,3.3659,1.4694,0.00000,0.05758
6.62,7.12,3.5117,2.1130,0.00000,0.06150
6.88,7.12,3.5759,3.5923,0.00000,0.07518
7.12,7.12,3.5445,5.9895,0.00000,0.07198
7.38,7.12,2.6046,7.8350,0.00000,0.04680
2.62,7.38,2.3964,7.4213,0.00000,0.01888
2.88,7.38,3.2554,4.3504,0.00000,0.02698
3.12,7.38,3.2752,2.3399,0.00000,0.02966
3.38,7.38,3.3523,1.6458,0.00000,0.03278
3.62,7.38,3.2494,1.3905,0.00000,0.03283
3.88,7.38,3.3379,1.1152,0.00000,0.03187
4.12,7.38,3.2660,0.9216,0.00000,0.02996
4.38,7.38,3.2753,0.8007,0.00000,0.03158
4.62,7.38,3.1681,0.7682,0.00000,0.03811
4.88,7.38,3.1859,0.8183,0.00000,0.04470
5.12,7.38,3.2144,0.9609,0.00000,0.04933
5.38,7.38,3.2696,1.1313,0.00000,0.05183
5.62,7.38,3.3071,1.2750,0.00000,0.05291
5.88,7.38,3.3445,1.4114,0.00000,0.06045
6.12,7.38,3.4003,1.5816,0.00000,0.06630
6.38,7.38,3.3809,1.9343,0.00000,0.06015
6.62,7.38,3.5310,2.7232,0.00000,0.06313
6.88,7.38,3.5748,4.4425,0.00000,0.07568
7.12,7.38,3.5308,7.1676,0.00000,0.07346
7.38,7.38,2.6114,9.2253,0.00000,0.04854
2.62,7.62,2.4118,8.3745,0.00000,0.02223
2.88,7.62,3.2693,4.9872,0.00000,0.03189
3.12,7.62,3.2877,2.7254,0.00000,0.03557
3.38,7.62,3.3620,1.8927,0.00000,0.03878
3.62,7.62,3.2640,1.5542,0.00000,0.03688
3.88,7.62,3.3525,1.2991,0.00000,0.03464
4.12,7.62,3.2724,1.1462,0.00000,0.03115
4.38,7.62,3.2886,1.0815,0.00000,0.03239
4.62,7.62,3.2037,1.1221,0.00000,0.03961
4.88,7.62,3.2396,1.1784,0.00000,0.04687
5.12,7.62,3.2575,1.3202,0.00000,0.05141
5.38,7.62,3.3067,1.5116,0.00000,0.05325
5.62,7.62,3.3298,1.6683,0.00000,0.05337
5.88,7.62,3.3480,1.8406,0.00000,0.06038
6.12,7.62,3.3966,2.0978,0.00000,0.06721
6.38,7.62,3.3827,2.5499,0.00000,0.06313
6.62,7.62,3.5373,3.5403,0.00000,0.06670
6.88,7.62,3.5757,5.5459,0.00000,0.07799
7.12,7.62,3.5246,8.5177,0.00000,0.07468
7.38,7.62,2.6080,10.6512,0.00000,0.04913
2.62,7.88,2.4195,8.6565,0.00000,0.02669
2.88,7.88,3.2800,5.4380,0.00000,0.03805
3.12,7.88,3.3043,3.1954,0.00000,0.04226
3.38,7.88,3.3780,2.2414,0.00000,0.04540
3.62,7.88,3.2738,1.7794,0.00000,0.04137
3.88,7.88,3.3540,1.5249,0.00000,0.03784
4.12,7.88,3.2712,1.4046,0.00000,0.03308
4.38,7.88,3.2982,1.4103,0.00000,0.03337
4.62,7.88,3.2265,1.5363,0.00000,0.03985
4.88,7.88,3.2696,1.5899,0.00000,0.04730
5.12,7.88,3.2949,1.7380,0.00000,0.05266
5.38,7.88,3.3422,1.9708,0.00000,0.05473
5.62,7.88,3.3491,2.1677,0.00000,0.05370
5.88,7.88,3.3552,2.3974,0.00000,0.05864
6.12,7.88,3.4044,2.7499,0.00000,0.06470
6.38,7.88,3.3791,3.3004,0.00000,0.06296
6.62,7.88,3.5250,4.5052,0.00000,0.06878
6.88,7.88,3.5777,6.8140,0.00000,0.07917
7.12,7.88,3.5337,9.9812,0.00000,0.07348
7.38,7.88,2.6032,12.0236,0.00000,0.04737
2.62,8.12,2.4314,9.0536,0.00000,0.03127
2.88,8.12,3.2980,6.1453,0.00000,0.04408
3.12,8.12,3.3193,3.9871,0.00000,0.04795
3.38,8.12,3.3842,2.8218,0.00000,0.05067
3.62,8.12,3.2852,2.1621,0.00000,0.04604
3.88,8.12,3.3677,1.9262,0.00000,0.04270
4.12,8.12,3.2772,1.8604,0.00000,0.03683
4.38,8.12,3.3024,1.8702,0.00000,0.03504
4.62,8.12,3.2415,1.9922,0.00000,0.03989
4.88,8.12,3.2891,2.0328,0.00000,0.04764
5.12,8.12,3.3198,2.2102,0.00000,0.05383
5.38,8.12,3.3624,2.5137,0.00000,0.05612
5.62,8.12,3.3657,2.8180,0.00000,0.05448
5.88,8.12,3.3682,3.1515,0.00000,0.05766
6.12,8.12,3.4233,3.5866,0.00000,0.06264
6.38,8.12,3.3833,4.1955,0.00000,0.06210
6.62,8.12,3.5149,5.5329,0.00000,0.06908
6.88,8.12,3.5741,8.1525,0.00000,0.07856
7.12,8.12,3.5378,11.7857,0.00000,0.07095
7.38,8.12,2.6020,14.0637,0.00000,0.04487
2.62,8.38,2.4332,10.2925,0.00000,0.03451
2.88,8.38,3.3022,7.3479,0.00000,0.04873
3.12,8.38,3.3248,5.0831,0.00000,0.05383
3.38,8.38,3.3861,3.6326,0.00000,0.05778
3.62,8.38,3.2955,2.7643,0.00000,0.05295
3.88,8.38,3.3833,2.5589,0.00000,0.04969
4.12,8.38,3.2936,2.5288,0.00000,0.04220
4.38,8.38,3.3209,2.4633,0.00000,0.03789
4.62,8.38,3.2631,2.5171,0.00000,0.04122
4.88,8.38,3.3072,2.5540,0.00000,0.04888
5.12,8.38,3.3375,2.7689,0.00000,0.05462
5.38,8.38,3.3649,3.1554,0.00000,0.05595
5.62,8.38,3.3716,3.6055,0.00000,0.05432
5.88,8.38,3.3734,4.0394,0.00000,0.05788
6.12,8.38,3.4403,4.5123,0.00000,0.06286
6.38,8.38,3.4007,5.1868,0.00000,0.06349
6.62,8.38,3.5303,6.7167,0.00000,0.07150
6.88,8.38,3.5883,9.7362,0.00000,0.07964
7.12,8.38,3.5520,14.0232,0.00000,0.06974
7.38,8.38,2.6183,16.7919,0.00000,0.04329
2.62,8.62,2.4365,11.4587,0.00000,0.03685
2.88,8.62,3.3085,8.5120,0.00000,0.05245
3.12,8.62,3.3300,6.2045,0.00000,0.05947
3.38,8.62,3.3857,4.6074,0.00000,0.06575
3.62,8.62,3.3058,3.6773,0.00000,0.06242
3.88,8.62,3.4013,3.4738,0.00000,0.05999
4.12,8.62,3.3100,3.3764,0.00000,0.04920
4.38,8.62,3.3411,3.1720,0.00000,0.04152
4.62,8.62,3.2858,3.1594,0.00000,0.04397
4.88,8.62,3.3179,3.2434,0.00000,0.05100
5.12,8.62,3.3466,3.5332,0.00000,0.05524
5.38,8.62,3.3641,4.0021,0.00000,0.05548
5.62,8.62,3.3798,4.5372,0.00000,0.05443
5.88,8.62,3.3740,5.0117,0.00000,0.05916
6.12,8.62,3.4469,5.5218,0.00000,0.06450
6.38,8.62,3.4125,6.2837,0.00000,0.06583
6.62,8.62,3.5500,8.0826,0.00000,0.07439
6.88,8.62,3.6011,11.5582,0.00000,0.08093
7.12,8.62,3.5505,16.5665,0.00000,0.06869
7.38,8.62,2.6194,20.0031,0.00000,0.04187
2.62,8.88,2.4406,12.4617,0.00000,0.03880
2.88,8.88,3.3170,9.5187,0.00000,0.05659
3.12,8.88,3.3442,7.2332,0.00000,0.06705
3.38,8.88,3.3936,5.6868,0.00000,0.07589
3.62,8.88,3.3105,4.8425,0.00000,0.07333
3.88,8.88,3.4071,4.5792,0.00000,0.07094
4.12,8.88,3.3200,4.3373,0.00000,0.05610
4.38,8.88,3.3584,3.9962,0.00000,0.04532
4.62,8.88,3.3009,3.9457,0.00000,0.04789
4.88,8.88,3.3158,4.1238,0.00000,0.05487
5.12,8.88,3.3516,4.5472,0.00000,0.05804
5.38,8.88,3.3675,5.1467,0.00000,0.05788
5.62,8.88,3.3902,5.7826,0.00000,0.05739
5.88,8.88,3.3760,6.3008,0.00000,0.06228
6.12,8.88,3.4482,6.8013,0.00000,0.06724
6.38,8.88,3.4018,7.6132,0.00000,0.06799
6.62,8.88,3.5362,9.6894,0.00000,0.07496
6.88,8.88,3.5898,13.5676,0.00000,0.07859
7.12,8.88,3.5477,19.2550,0.00000,0.06537
7.38,8.88,2.6329,23.3742,0.00000,0.03973
2.62,9.12,2.4549,14.2387,0.00000,0.04197
2.88,9.12,3.3305,10.7613,0.00000,0.06250
3.12,9.12,3.3622,8.1199,0.00000,0.07649
3.38,9.12,3.4013,6.6164,0.00000,0.08717
3.62,9.12,3.3058,5.9102,0.00000,0.08357
3.88,9.12,3.3975,5.6200,0.00000,0.07953
4.12,9.12,3.3244,5.2648,0.00000,0.06101
4.38,9.12,3.3741,4.8624,0.00000,0.04804
4.62,9.12,3.3097,4.8493,0.00000,0.05099
4.88,9.12,3.3137,5.1460,0.00000,0.05846
5.12,9.12,3.3537,5.7079,0.00000,0.06134
5.38,9.12,3.3618,6.4888,0.00000,0.06121
5.62,9.12,3.3946,7.2815,0.00000,0.06065
5.88,9.12,3.3724,7.9203,0.00000,0.06483
6.12,9.12,3.4418,8.4285,0.00000,0.07003
6.38,9.12,3.3929,9.3192,0.00000,0.07058
6.62,9.12,3.5256,11.6888,0.00000,0.07452
6.88,9.12,3.5597,15.8035,0.00000,0.07340
7.12,9.12,3.5148,21.6911,0.00000,0.05912
7.38,9.12,2.6298,25.8813,0.00000,0.03581
2.62,9.38,2.4751,16.2438,0.00000,0.04417
2.88,9.38,3.3464,12.0600,0.00000,0.06594
3.12,9.38,3.3762,8.8404,0.00000,0.08229
3.38,9.38,3.4052,7.3195,0.00000,0.09574
3.62,9.38,3.3058,6.7734,0.00000,0.09284
3.88,9.38,3.3956,6.5955,0.00000,0.08768
4.12,9.38,3.3273,6.2379,0.00000,0.06583
4.38,9.38,3.3776,5.8441,0.00000,0.05046
4.62,9.38,3.3168,5.9199,0.00000,0.05272
4.88,9.38,3.3209,6.3125,0.00000,0.06049
5.12,9.38,3.3451,6.9462,0.00000,0.06335
5.38,9.38,3.3338,7.8869,0.00000,0.06337
5.62,9.38,3.3764,8.8137,0.00000,0.06272
5.88,9.38,3.3464,9.6438,0.00000,0.06672
6.12,9.38,3.4213,10.3118,0.00000,0.07331
6.38,9.38,3.3862,11.3620,0.00000,0.07391
6.62,9.38,3.5192,14.0247,0.00000,0.07441
6.88,9.38,3.5392,18.4012,0.00000,0.06934
7.12,9.38,3.4968,24.4517,0.00000,0.05455
7.38,9.38,2.6322,28.6501,0.00000,0.03296
2.62,9.62,2.4760,17.2690,0.00000,0.04473
2.88,9.62,3.3505,13.2593,0.00000,0.06699
3.12,9.62,3.3887,10.0131,0.00000,0.08542
3.38,9.62,3.4198,8.3976,0.00000,0.10191
3.62,9.62,3.3157,7.8429,0.00000,0.10111
3.88,9.62,3.3944,7.7444,0.00000,0.09608
4.12,9.62,3.3192,7.3990,0.00000,0.07151
4.38,9.62,3.3640,7.0176,0.00000,0.05337
4.62,9.62,3.3185,7.1539,0.00000,0.05360
4.88,9.62,3.3241,7.6473,0.00000,0.06103
5.12,9.62,3.3312,8.4247,0.00000,0.06491
5.38,9.62,3.3101,9.5587,0.00000,0.06577
5.62,9.62,3.3598,10.5535,0.00000,0.06448
5.88,9.62,3.3166,11.4743,0.00000,0.06656
6.12,9.62,3.3917,12.2809,0.00000,0.07261
6.38,9.62,3.3738,13.4322,0.00000,0.07423
6.62,9.62,3.5124,16.2155,0.00000,0.07343
6.88,9.62,3.5240,20.7941,0.00000,0.06666
7.12,9.62,3.4871,27.1672,0.00000,0.05254
7.38,9.62,2.6410,31.5118,0.00000,0.03206
2.62,9.88,2.4788,17.7999,0.00000,0.04543
2.88,9.88,3.3647,14.6744,0.00000,0.06754
3.12,9.88,3.4069,11.8977,0.00000,0.08629
3.38,9.88,3.4304,10.0919,0.00000,0.10470
3.62,9.88,3.3173,9.3533,0.00000,0.10754
3.88,9.88,3.3926,9.2226,0.00000,0.10458
4.12,9.88,3.3159,8.8408,0.00000,0.07781
4.38,9.88,3.3457,8.4540,0.00000,0.05656
4.62,9.88,3.3045,8.5630,0.00000,0.05481
4.88,9.88,3.3149,9.0876,0.00000,0.06173
5.12,9.88,3.3236,10.1165,0.00000,0.06712
5.38,9.88,3.2929,11.5410,0.00000,0.06938
5.62,9.88,3.3393,12.6280,0.00000,0.06699
5.88,9.88,3.2928,13.6237,0.00000,0.06562
6.12,9.88,3.3690,14.5628,0.00000,0.06973
6.38,9.88,3.3547,15.6950,0.00000,0.07171
6.62,9.88,3.4906,18.2806,0.00000,0.06980
6.88,9.88,3.4913,22.8193,0.00000,0.06292
7.12,9.88,3.4601,29.5269,0.00000,0.04989
7.38,9.88,2.6455,34.0284,0.00000,0.03053
2.62,10.12,2.4852,19.8578,0.00000,0.04736
2.88,10.12,3.3779,16.8440,0.00000,0.06929
3.12,10.12,3.4129,14.0311,0.00000,0.08769
3.38,10.12,3.4203,11.8640,0.00000,0.10836
3.62,10.12,3.3053,10.9304,0.00000,0.11575
3.88,10.12,3.3897,10.8242,0.00000,0.11563
4.12,10.12,3.3086,10.4473,0.00000,0.08523
4.38,10.12,3.3253,10.0843,0.00000,0.05958
4.62,10.12,3.2898,10.1735,0.00000,0.05665
4.88,10.12,3.3006,10.6701,0.00000,0.06320
5.12,10.12,3.3076,11.9218,0.00000,0.06898
5.38,10.12,3.2704,13.5961,0.00000,0.07258
5.62,10.12,3.3205,14.7738,0.00000,0.06962
5.88,10.12,3.2771,15.8545,0.00000,0.06563
6.12,10.12,3.3528,16.9847,0.00000,0.06839
6.38,10.12,3.3350,18.3139,0.00000,0.06877
6.62,10.12,3.4682,20.9845,0.00000,0.06312
6.88,10.12,3.4606,25.6958,0.00000,0.05685
7.12,10.12,3.4338,32.6627,0.00000,0.04615
7.38,10.12,2.6569,37.1892,0.00000,0.02847
2.62,10.38,2.4843,24.1077,0.00000,0.04989
2.88,10.38,3.3726,19.8553,0.00000,0.07265
3.12,10.38,3.4040,16.1066,0.00000,0.09061
3.38,10.38,3.4068,13.3660,0.00000,0.11168
3.62,10.38,3.2954,12.3011,0.00000,0.12102
3.88,10.38,3.3918,12.4311,0.00000,0.12358
4.12,10.38,3.3060,12.2415,0.00000,0.09116
4.38,10.38,3.3087,11.9401,0.00000,0.06217
4.62,10.38,3.2745,12.0121,0.00000,0.05818
4.88,10.38,3.2811,12.4805,0.00000,0.06382
5.12,10.38,3.2882,13.8614,0.00000,0.06861
5.38,10.38,3.2576,15.6600,0.00000,0.07270
5.62,10.38,3.3171,16.8635,0.00000,0.06928
5.88,10.38,3.2699,17.8865,0.00000,0.06372
6.12,10.38,3.3367,19.0785,0.00000,0.06652
6.38,10.38,3.3122,20.8112,0.00000,0.06692
6.62,10.38,3.4554,24.1849,0.00000,0.05873
6.88,10.38,3.4428,29.7320,0.00000,0.05204
7.12,10.38,3.4140,37.2200,0.00000,0.04265
7.38,10.38,2.6760,41.9543,0.00000,0.02653
2.62,10.62,2.4938,29.5516,0.00000,0.05295
2.88,10.62,3.3723,23.3184,0.00000,0.07686
3.12,10.62,3.3996,18.1162,0.00000,0.09388
3.38,10.62,3.3941,14.7077,0.00000,0.11361
3.62,10.62,3.2720,13.5339,0.00000,0.12341
3.88,10.62,3.3756,13.9643,0.00000,0.12848
4.12,10.62,3.3033,14.0977,0.00000,0.09633
4.38,10.62,3.3026,13.8783,0.00000,0.06569
4.62,10.62,3.2699,13.9278,0.00000,0.06000
4.88,10.62,3.2686,14.4413,0.00000,0.06438
5.12,10.62,3.2667,15.9724,0.00000,0.06790
5.38,10.62,3.2357,17.8916,0.00000,0.07061
5.62,10.62,3.2970,19.1342,0.00000,0.06631
5.88,10.62,3.2564,20.0331,0.00000,0.06074
6.12,10.62,3.3312,21.0962,0.00000,0.06441
6.38,10.62,3.2948,23.0843,0.00000,0.06518
6.62,10.62,3.4400,27.0738,0.00000,0.05520
6.88,10.62,3.4310,33.5101,0.00000,0.04699
7.12,10.62,3.4209,42.1163,0.00000,0.03828
7.38,10.62,2.7147,47.9338,0.00000,0.02404
2.62,10.88,2.4920,33.4235,0.00000,0.05496
2.88,10.88,3.3538,25.8243,0.00000,0.07946
3.12,10.88,3.3886,19.5486,0.00000,0.09670
3.38,10.88,3.3952,15.8659,0.00000,0.11667
3.62,10.88,3.2570,14.8078,0.00000,0.12661
3.88,10.88,3.3475,15.4373,0.00000,0.13278
4.12,10.88,3.2833,15.7909,0.00000,0.10080
4.38,10.88,3.2914,15.6530,0.00000,0.06925
4.62,10.88,3.2715,15.7683,0.00000,0.06190
4.88,10.88,3.2665,16.4563,0.00000,0.06571
5.12,10.88,3.2539,18.2690,0.00000,0.06862
5.38,10.88,3.2212,20.3560,0.00000,0.06808
5.62,10.88,3.2755,21.6067,0.00000,0.06191
5.88,10.88,3.2375,22.3969,0.00000,0.05663
6.12,10.88,3.3263,23.3745,0.00000,0.06085
6.38,10.88,3.2941,25.5702,0.00000,0.06245
6.62,10.88,3.4450,29.8607,0.00000,0.05176
6.88,10.88,3.4231,36.5944,0.00000,0.04257
7.12,10.88,3.4091,45.9247,0.00000,0.03480
7.38,10.88,2.7023,52.7575,0.00000,0.02201
2.62,11.12,2.4909,34.7264,0.00000,0.05666
2.88,11.12,3.3353,27.2298,0.00000,0.08151
3.12,11.12,3.3765,20.8737,0.00000,0.09848
3.38,11.12,3.4044,17.1574,0.00000,0.11808
3.62,11.12,3.2594,16.2071,0.00000,0.12619
3.88,11.12,3.3255,17.0106,0.00000,0.13099
4.12,11.12,3.2544,17.5630,0.00000,0.10003
4.38,11.12,3.2694,17.4995,0.00000,0.06981
4.62,11.12,3.2543,17.6729,0.00000,0.06272
4.88,11.12,3.2540,18.5255,0.00000,0.06712
5.12,11.12,3.2632,20.6086,0.00000,0.06912
5.38,11.12,3.2324,22.8312,0.00000,0.06440
5.62,11.12,3.2594,24.1001,0.00000,0.05647
5.88,11.12,3.2218,24.9323,0.00000,0.05162
6.12,11.12,3.3248,25.9824,0.00000,0.05626
6.38,11.12,3.2841,28.3501,0.00000,0.05918
6.62,11.12,3.4278,32.7005,0.00000,0.04907
6.88,11.12,3.4069,39.4750,0.00000,0.04032
7.12,11.12,3.3976,49.0451,0.00000,0.03370
7.38,11.12,2.6712,56.2397,0.00000,0.02149
2.62,11.38,2.5001,36.1807,0.00000,0.05638
2.88,11.38,3.3310,29.1676,0.00000,0.08119
3.12,11.38,3.3640,23.0304,0.00000,0.09750
3.38,11.38,3.3968,19.0608,0.00000,0.11601
3.62,11.38,3.2606,17.9974,0.00000,0.12281
3.88,11.38,3.3082,18.9257,0.00000,0.12611
4.12,11.38,3.2173,19.5217,0.00000,0.09595
4.38,11.38,3.2355,19.3592,0.00000,0.06701
4.62,11.38,3.2288,19.5767,0.00000,0.06147
4.88,11.38,3.2331,20.5844,0.00000,0.06659
5.12,11.38,3.2644,22.8751,0.00000,0.06710
5.38,11.38,3.2407,25.3798,0.00000,0.06048
5.62,11.38,3.2564,26.7949,0.00000,0.05238
5.88,11.38,3.2152,27.7572,0.00000,0.04754
6.12,11.38,3.3093,28.8039,0.00000,0.05181
6.38,11.38,3.2681,31.2102,0.00000,0.05470
6.62,11.38,3.4196,35.7709,0.00000,0.04582
6.88,11.38,3.3923,42.9675,0.00000,0.03911
7.12,11.38,3.3741,52.6877,0.00000,0.03388
7.38,11.38,2.6414,59.9652,0.00000,0.02184
2.62,11.62,2.5056,37.9220,0.00000,0.05543
2.88,11.62,3.3302,31.3342,0.00000,0.08057
3.12,11.62,3.3596,25.3704,0.00000,0.09682
3.38,11.62,3.3916,21.2016,0.00000,0.11394
3.62,11.62,3.2557,20.0764,0.00000,0.12010
3.88,11.62,3.2818,20.9727,0.00000,0.12148
4.12,11.62,3.1707,21.2865,0.00000,0.09037
4.38,11.62,3.1888,20.7667,0.00000,0.06186
4.62,11.62,3.2017,21.0485,0.00000,0.05829
4.88,11.62,3.2228,22.3623,0.00000,0.06385
5.12,11.62,3.2575,24.8938,0.00000,0.06273
5.38,11.62,3.2301,27.8823,0.00000,0.05631
5.62,11.62,3.2503,29.7286,0.00000,0.04914
5.88,11.62,3.2131,30.9208,0.00000,0.04439
6.12,11.62,3.2987,31.8379,0.00000,0.04862
6.38,11.62,3.2599,34.2244,0.00000,0.05096
6.62,11.62,3.4201,39.3969,0.00000,0.04286
6.88,11.62,3.3940,47.4750,0.00000,0.03779
7.12,11.62,3.3725,57.2016,0.00000,0.03329
7.38,11.62,2.6448,64.4969,0.00000,0.02150
2.62,11.88,2.5019,38.6050,0.00000,0.05446
2.88,11.88,3.3186,32.3526,0.00000,0.08026
3.12,11.88,3.3468,26.4026,0.00000,0.09733
3.38,11.88,3.3853,22.5371,0.00000,0.11411
3.62,11.88,3.2521,21.8741,0.00000,0.11912
3.88,11.88,3.2710,22.9601,0.00000,0.11724
4.12,11.88,3.1476,23.0314,0.00000,0.08402
4.38,11.88,3.1543,22.1031,0.00000,0.05565
4.62,11.88,3.1763,22.3178,0.00000,0.05401
4.88,11.88,3.2119,23.8120,0.00000,0.06039
5.12,11.88,3.2360,26.4327,0.00000,0.05771
5.38,11.88,3.2036,29.8301,0.00000,0.05079
5.62,11.88,3.2425,32.4615,0.00000,0.04506
5.88,11.88,3.2134,34.2548,0.00000,0.04202
6.12,11.88,3.3025,35.4736,0.00000,0.04649
6.38,11.88,3.2604,38.1494,0.00000,0.04805
6.62,11.88,3.4132,43.6582,0.00000,0.04038
6.88,11.88,3.3955,52.2822,0.00000,0.03588
7.12,11.88,3.3891,62.2113,0.00000,0.03173
7.38,11.88,2.6816,69.9512,0.00000,0.02059
2.62,12.12,2.4842,39.0426,0.00000,0.05234
2.88,12.12,3.2841,33.2140,0.00000,0.07695
3.12,12.12,3.3146,27.3927,0.00000,0.09448
3.38,12.12,3.3719,23.8299,0.00000,0.11309
3.62,12.12,3.2532,23.5413,0.00000,0.11609
3.88,12.12,3.2807,24.8269,0.00000,0.11037
4.12,12.12,3.1531,24.7579,0.00000,0.07754
4.38,12.12,3.1467,23.5522,0.00000,0.05114
4.62,12.12,3.1544,23.6690,0.00000,0.05005
4.88,12.12,3.1833,25.1700,0.00000,0.05572
5.12,12.12,3.2035,27.7486,0.00000,0.05198
5.38,12.12,3.1755,31.3867,0.00000,0.04490
5.62,12.12,3.2437,34.8819,0.00000,0.04092
5.88,12.12,3.2148,37.6483,0.00000,0.03994
6.12,12.12,3.3135,39.7589,0.00000,0.04450
6.38,12.12,3.2852,43.0181,0.00000,0.04490
6.62,12.12,3.4293,48.4506,0.00000,0.03704
6.88,12.12,3.3915,57.1579,0.00000,0.03245
7.12,12.12,3.3784,67.2956,0.00000,0.02903
7.38,12.12,2.6945,75.5824,0.00000,0.01921
2.62,12.38,2.4758,40.6534,0.00000,0.05008
2.88,12.38,3.2572,35.1496,0.00000,0.07317
3.12,12.38,3.2891,29.4876,0.00000,0.09083
3.38,12.38,3.3564,25.7678,0.00000,0.11042
3.62,12.38,3.2373,25.2259,0.00000,0.11045
3.88,12.38,3.2781,26.2502,0.00000,0.10155
4.12,12.38,3.1613,26.0422,0.00000,0.07101
4.38,12.38,3.1410,24.7330,0.00000,0.04784
4.62,12.38,3.1213,24.9097,0.00000,0.04657
4.88,12.38,3.1434,26.6785,0.00000,0.05028
5.12,12.38,3.1823,29.4637,0.00000,0.04573
5.38,12.38,3.1643,33.2072,0.00000,0.03909
5.62,12.38,3.2489,37.1749,0.00000,0.03686
5.88,12.38,3.2217,40.8362,0.00000,0.03745
6.12,12.38,3.3329,43.6117,0.00000,0.04201
6.38,12.38,3.2999,47.1024,0.00000,0.04123
6.62,12.38,3.4242,52.6542,0.00000,0.03302
6.88,12.38,3.3889,61.7794,0.00000,0.02875
7.12,12.38,3.3944,72.2426,0.00000,0.02642
7.38,12.38,2.7285,80.9300,0.00000,0.01793
2.62,12.62,2.4758,43.1251,0.00000,0.04879
2.88,12.62,3.2480,37.8254,0.00000,0.07105
3.12,12.62,3.2827,32.2732,0.00000,0.08778
3.38,12.62,3.3477,27.8744,0.00000,0.10559
3.62,12.62,3.2147,26.5607,0.00000,0.10294
3.88,12.62,3.2735,27.2208,0.00000,0.09312
4.12,12.62,3.1750,27.0368,0.00000,0.06483
4.38,12.62,3.1438,25.8352,0.00000,0.04419
4.62,12.62,3.0989,26.2895,0.00000,0.04248
4.88,12.62,3.1151,28.4548,0.00000,0.04357
5.12,12.62,3.1795,31.4809,0.00000,0.03857
5.38,12.62,3.1698,35.2683,0.00000,0.03302
5.62,12.62,3.2436,39.4489,0.00000,0.03220
5.88,12.62,3.2053,43.6639,0.00000,0.03343
6.12,12.62,3.3227,46.4469,0.00000,0.03745
6.38,12.62,3.3016,49.7781,0.00000,0.03639
6.62,12.62,3.4256,55.8017,0.00000,0.02908
6.88,12.62,3.3574,65.5766,0.00000,0.02562
7.12,12.62,3.3502,76.3571,0.00000,0.02399
7.38,12.62,2.7259,85.3398,0.00000,0.01655
2.62,12.88,2.4685,45.9816,0.00000,0.04619
2.88,12.88,3.2409,40.3133,0.00000,0.06686
3.12,12.88,3.2840,34.3674,0.00000,0.08120
3.38,12.88,3.3512,29.2733,0.00000,0.09579
3.62,12.88,3.2072,27.3450,0.00000,0.09231
3.88,12.88,3.2713,27.8125,0.00000,0.08416
4.12,12.88,3.1747,27.8441,0.00000,0.05879
4.38,12.88,3.1471,27.0898,0.00000,0.04018
4.62,12.88,3.0912,27.9738,0.00000,0.03834
4.88,12.88,3.0963,30.4073,0.00000,0.03756
5.12,12.88,3.1787,33.3781,0.00000,0.03226
5.38,12.88,3.1798,37.0650,0.00000,0.02797
5.62,12.88,3.2432,41.3863,0.00000,0.02811
5.88,12.88,3.1913,45.8775,0.00000,0.02906
6.12,12.88,3.2959,48.6381,0.00000,0.03172
6.38,12.88,3.2665,52.0507,0.00000,0.03048
6.62,12.88,3.3954,58.4065,0.00000,0.02511
6.88,12.88,3.3297,68.5533,0.00000,0.02338
7.12,12.88,3.3418,79.8813,0.00000,0.02263
7.38,12.88,2.7560,89.4237,0.00000,0.01586
2.62,13.12,2.4672,48.9223,0.00000,0.04216
2.88,13.12,3.2366,41.9090,0.00000,0.06083
3.12,13.12,3.2733,34.7665,0.00000,0.07340
3.38,13.12,3.3398,29.5237,0.00000,0.08565
3.62,13.12,3.1956,27.6884,0.00000,0.08165
3.88,13.12,3.2553,28.0111,0.00000,0.07463
4.12,13.12,3.1513,28.1829,0.00000,0.05269
4.38,13.12,3.1424,28.0398,0.00000,0.03614
4.62,13.12,3.0902,29.2755,0.00000,0.03403
4.88,13.12,3.0867,32.0175,0.00000,0.03285
5.12,13.12,3.1680,35.1060,0.00000,0.02803
5.38,13.12,3.1712,38.6904,0.00000,0.02467
5.62,13.12,3.2436,42.9689,0.00000,0.02538
5.88,13.12,3.1881,47.3057,0.00000,0.02569
6.12,13.12,3.2726,49.9249,0.00000,0.02695
6.38,13.12,3.2300,53.6968,0.00000,0.02601
6.62,13.12,3.3747,60.6157,0.00000,0.02228
6.88,13.12,3.3217,71.2647,0.00000,0.02200
7.12,13.12,3.3323,83.3042,0.00000,0.02241
7.38,13.12,2.7448,93.4088,0.00000,0.01607
2.62,13.38,2.4439,50.8935,0.00000,0.03880
2.88,13.38,3.2129,43.3128,0.00000,0.05607
3.12,13.38,3.2520,35.6198,0.00000,0.06840
3.38,13.38,3.3188,30.1343,0.00000,0.07969
3.62,13.38,3.1695,28.1715,0.00000,0.07287
3.88,13.38,3.2243,28.2405,0.00000,0.06363
4.12,13.38,3.1183,28.3415,0.00000,0.04545
4.38,13.38,3.1286,28.6500,0.00000,0.03220
4.62,13.38,3.0934,30.0946,0.00000,0.03034
4.88,13.38,3.0926,33.1168,0.00000,0.02957
5.12,13.38,3.1605,36.4659,0.00000,0.02574
5.38,13.38,3.1560,40.0838,0.00000,0.02279
5.62,13.38,3.2481,44.5065,0.00000,0.02337
5.88,13.38,3.2019,48.8538,0.00000,0.02316
6.12,13.38,3.2750,51.3209,0.00000,0.02392
6.38,13.38,3.2128,55.3669,0.00000,0.02344
6.62,13.38,3.3630,62.8629,0.00000,0.02026
6.88,13.38,3.3305,74.0314,0.00000,0.02037
7.12,13.38,3.3442,86.2592,0.00000,0.02164
7.38,13.38,2.7447,96.2482,0.00000,0.01589
2.62,13.62,2.4191,51.7980,0.00000,0.03560
2.88,13.62,3.1914,44.6085,0.00000,0.05127
3.12,13.62,3.2277,37.3351,0.00000,0.06365
3.38,13.62,3.2916,31.7824,0.00000,0.07489
3.62,13.62,3.1412,29.6207,0.00000,0.06610
3.88,13.62,3.1991,29.2506,0.00000,0.05492
4.12,13.62,3.1007,28.9698,0.00000,0.03925
4.38,13.62,3.1240,29.3899,0.00000,0.02838
4.62,13.62,3.0932,30.9639,0.00000,0.02683
4.88,13.62,3.0900,34.2432,0.00000,0.02657
5.12,13.62,3.1521,37.7992,0.00000,0.02419
5.38,13.62,3.1492,41.5241,0.00000,0.02187
5.62,13.62,3.2492,46.0712,0.00000,0.02214
5.88,13.62,3.2094,50.6353,0.00000,0.02141
6.12,13.62,3.2881,53.6370,0.00000,0.02198
6.38,13.62,3.2133,58.2981,0.00000,0.02169
6.62,13.62,3.3583,66.2248,0.00000,0.01846
6.88,13.62,3.3398,77.8483,0.00000,0.01860
7.12,13.62,3.3606,89.4298,0.00000,0.02053
7.38,13.62,2.7598,98.3204,0.00000,0.01541
2.62,13.88,2.4031,52.5537,0.00000,0.03417
2.88,13.88,3.1750,45.3282,0.00000,0.04839
3.12,13.88,3.2114,38.3586,0.00000,0.05835
3.38,13.88,3.2811,33.3574,0.00000,0.06693
3.62,13.88,3.1252,31.5865,0.00000,0.05845
3.88,13.88,3.1752,30.7707,0.00000,0.04844
4.12,13.88,3.0879,29.9993,0.00000,0.03482
4.38,13.88,3.1187,30.3855,0.00000,0.02537
4.62,13.88,3.0751,32.1746,0.00000,0.02368
4.88,13.88,3.0732,35.9203,0.00000,0.02351
5.12,13.88,3.1433,39.9255,0.00000,0.02252
5.38,13.88,3.1530,43.9110,0.00000,0.02104
5.62,13.88,3.2439,48.1729,0.00000,0.02113
5.88,13.88,3.1976,52.5661,0.00000,0.02031
6.12,13.88,3.2908,56.3218,0.00000,0.02098
6.38,13.88,3.2293,61.6867,0.00000,0.02067
6.62,13.88,3.3800,69.3713,0.00000,0.01716
6.88,13.88,3.3543,80.7881,0.00000,0.01744
7.12,13.88,3.3649,92.0730,0.00000,0.02006
7.38,13.88,2.7645,100.5310,0.00000,0.01532
2.62,14.12,2.4047,53.3566,0.00000,0.03305
2.88,14.12,3.1743,46.1664,0.00000,0.04606
3.12,14.12,3.2114,39.2659,0.00000,0.05379
3.38,14.12,3.2828,34.3161,0.00000,0.05941
3.62,14.12,3.1198,32.7643,0.00000,0.05145
3.88,14.12,3.1583,31.8737,0.00000,0.04260
4.12,14.12,3.0677,30.9377,0.00000,0.03055
4.38,14.12,3.0985,31.4029,0.00000,0.02231
4.62,14.12,3.0592,33.5436,0.00000,0.02044
4.88,14.12,3.0688,37.8168,0.00000,0.02030
5.12,14.12,3.1328,42.4221,0.00000,0.02041
5.38,14.12,3.1388,46.9804,0.00000,0.01986
5.62,14.12,3.2163,51.1545,0.00000,0.02006
5.88,14.12,3.1787,55.2438,0.00000,0.01940
6.12,14.12,3.2949,59.2140,0.00000,0.02019
6.38,14.12,3.2403,64.8445,0.00000,0.02003
6.62,14.12,3.3890,71.6708,0.00000,0.01649
6.88,14.12,3.3726,82.2181,0.00000,0.01678
7.12,14.12,3.4038,94.0326,0.00000,0.01963
7.38,14.12,2.8182,103.2038,0.00000,0.01509
2.62,14.38,2.4224,53.3164,0.00000,0.03089
2.88,14.38,3.1868,46.9710,0.00000,0.04217
3.12,14.38,3.2179,40.3881,0.00000,0.04819
3.38,14.38,3.2863,34.9480,0.00000,0.05226
3.62,14.38,3.1208,33.2052,0.00000,0.04518
3.88,14.38,3.1556,32.5164,0.00000,0.03716
4.12,14.38,3.0521,31.7266,0.00000,0.02650
4.38,14.38,3.0798,32.3728,0.00000,0.01950
4.62,14.38,3.0597,34.9188,0.00000,0.01785
4.88,14.38,3.0792,39.6055,0.00000,0.01773
5.12,14.38,3.1264,44.8092,0.00000,0.01814
5.38,14.38,3.1207,50.2485,0.00000,0.01819
5.62,14.38,3.1866,54.5170,0.00000,0.01914
5.88,14.38,3.1550,58.2970,0.00000,0.01888
6.12,14.38,3.2808,62.6904,0.00000,0.01926
6.38,14.38,3.2457,68.9522,0.00000,0.01898
6.62,14.38,3.4056,75.7619,0.00000,0.01585
6.88,14.38,3.3847,86.0735,0.00003,0.01619
7.12,14.38,3.4039,97.4549,0.00014,0.01886
7.38,14.38,2.8217,106.1976,0.00031,0.01450
2.62,14.62,2.4183,52.6505,0.00000,0.02737
2.88,14.62,3.1757,47.4141,0.00000,0.03767
3.12,14.62,3.2101,41.3149,0.00000,0.04308
3.38,14.62,3.2875,35.4704,0.00000,0.04706
3.62,14.62,3.1176,33.3007,0.00000,0.04063
3.88,14.62,3.1503,32.8599,0.00000,0.03294
4.12,14.62,3.0413,32.5539,0.00000,0.02357
4.38,14.62,3.0676,33.3699,0.00000,0.01762
4.62,14.62,3.0596,36.0671,0.00000,0.01618
4.88,14.62,3.0888,40.9348,0.00000,0.01604
5.12,14.62,3.1448,46.8218,0.00000,0.01649
5.38,14.62,3.1368,53.4087,0.00000,0.01679
5.62,14.62,3.1847,58.1108,0.00000,0.01855
5.88,14.62,3.1535,62.0895,0.00000,0.01883
6.12,14.62,3.2639,67.1083,0.00000,0.01875
6.38,14.62,3.2092,73.9570,0.00000,0.01844
6.62,14.62,3.3667,81.5955,0.00008,0.01564
6.88,14.62,3.3996,92.8142,0.00097,0.01597
7.12,14.62,3.4692,103.7690,0.00464,0.01863
7.38,14.62,2.8983,111.9402,0.01063,0.01439
2.62,14.88,2.4085,52.7792,0.00000,0.02285
2.88,14.88,3.1600,47.8626,0.00000,0.03246
3.12,14.88,3.1944,41.9782,0.00000,0.03868
3.38,14.88,3.2753,36.0967,0.00000,0.04364
3.62,14.88,3.1028,33.6353,0.00000,0.03725
3.88,14.88,3.1359,33.2898,0.00000,0.02936
4.12,14.88,3.0355,33.4875,0.00000,0.02114
4.38,14.88,3.0623,34.3493,0.00000,0.01576
4.62,14.88,3.0547,36.7149,0.00000,0.01439
4.88,14.88,3.0906,41.2112,0.00000,0.01478
5.12,14.88,3.1538,47.2777,0.00000,0.01583
5.38,14.88,3.1426,54.4670,0.00000,0.01627
5.62,14.88,3.1838,60.1317,0.00000,0.01814
5.88,14.88,3.1496,65.3752,0.00000,0.01837
6.12,14.88,3.2318,71.2377,0.00000,0.01795
6.38,14.88,3.1892,78.9724,0.00003,0.01842
6.62,14.88,3.3499,87.7514,0.00096,0.01636
6.88,14.88,3.3690,100.1789,0.01194,0.01654
7.12,14.88,3.4865,114.3081,0.05833,0.01920
7.38,14.88,3.0179,127.5484,0.13997,0.01492
2.62,15.12,2.3950,52.3721,0.00000,0.02000
2.88,15.12,3.1383,47.4639,0.00000,0.02870
3.12,15.12,3.1738,41.8499,0.00000,0.03510
3.38,15.12,3.2581,36.7650,0.00000,0.04054
3.62,15.12,3.0857,34.8295,0.00000,0.03446
3.88,15.12,3.1105,34.2281,0.00000,0.02708
4.12,15.12,3.0206,34.2877,0.00000,0.01973
4.38,15.12,3.0583,34.8910,0.00000,0.01458
4.62,15.12,3.0563,36.7007,0.00000,0.01323
4.88,15.12,3.0863,40.5816,0.00000,0.01386
5.12,15.12,3.1258,46.0742,0.00000,0.01511
5.38,15.12,3.1120,52.8028,0.00000,0.01562
5.62,15.12,3.1741,59.0309,0.00000,0.01756
5.88,15.12,3.1453,65.3983,0.00000,0.01776
6.12,15.12,3.2055,72.2139,0.00000,0.01697
6.38,15.12,3.1760,81.2529,0.00013,0.01823
6.62,15.12,3.2911,91.2441,0.00437,0.01766
6.88,15.12,3.3450,106.9719,0.05517,0.01791
7.12,15.12,3.6806,133.7052,0.28221,0.02008
7.38,15.12,3.5032,166.2650,0.74106,0.01535
2.62,15.38,2.4142,51.9883,0.00000,0.01884
2.88,15.38,3.1501,47.1561,0.00000,0.02702
3.12,15.38,3.1644,41.7461,0.00000,0.03308
3.38,15.38,3.2307,37.4777,0.00000,0.03839
3.62,15.38,3.0717,36.3354,0.00000,0.03268
3.88,15.38,3.1009,35.1200,0.00000,0.02605
4.12,15.38,3.0143,34.4044,0.00000,0.01920
4.38,15.38,3.0618,34.7508,0.00000,0.01420
4.62,15.38,3.0624,36.3338,0.00000,0.01279
4.88,15.38,3.0736,39.9074,0.00000,0.01330
5.12,15.38,3.0932,44.7463,0.00000,0.01441
5.38,15.38,3.0846,50.6034,0.00000,0.01480
5.62,15.38,3.1610,56.4194,0.00000,0.01664
5.88,15.38,3.1438,62.4570,0.00000,0.01704
6.12,15.38,3.2047,68.7202,0.00000,0.01646
6.38,15.38,3.1646,77.3189,0.00021,0.01870
6.62,15.38,3.1892,87.3079,0.00743,0.01980
6.88,15.38,3.2414,105.0052,0.09841,0.01954
7.12,15.38,3.7067,140.5967,0.55409,0.02024
7.38,15.38,3.9623,188.5337,1.63001,0.01584
2.62,15.62,2.4118,53.7823,0.00000,0.01865
2.88,15.62,3.1374,48.1481,0.00000,0.02650
3.12,15.62,3.1541,42.1221,0.00000,0.03142
3.38,15.62,3.2278,37.5646,0.00000,0.03562
3.62,15.62,3.0794,36.3309,0.00000,0.03013
3.88,15.62,3.1039,34.8840,0.00000,0.02424
4.12,15.62,3.0098,33.9110,0.00000,0.01820
4.38,15.62,3.0496,34.3540,0.00000,0.01356
4.62,15.62,3.0349,36.0485,0.00000,0.01210
4.88,15.62,3.0388,39.6737,0.00000,0.01278
5.12,15.62,3.0858,44.2241,0.00000,0.01413
5.38,15.62,3.0972,49.3676,0.00000,0.01438
5.62,15.62,3.1671,54.0886,0.00000,0.01594
5.88,15.62,3.1459,58.6932,0.00000,0.01670
6.12,15.62,3.2010,63.0619,0.00000,0.01637
6.38,15.62,3.1577,69.3999,0.00013,0.01916
6.62,15.62,3.1633,77.0574,0.00488,0.02184
6.88,15.62,3.1790,88.3307,0.07201,0.02111
7.12,15.62,3.5606,109.4743,0.48208,0.02131
7.38,15.62,3.9996,142.8294,1.60369,0.02096
7.62,15.62,4.4694,158.5046,2.53575,0.01880
7.88,15.62,3.8533,113.4839,1.56873,0.01353
8.12,15.62,2.9336,69.9489,0.34762,0.00903
8.38,15.62,2.6853,61.2587,0.02827,0.00796
8.62,15.62,2.6895,62.3173,0.00085,0.00814
8.88,15.62,2.6557,63.3414,0.00000,0.00818
9.12,15.62,2.6620,64.1160,0.00000,0.00843
9.38,15.62,2.6997,65.2530,0.00000,0.00807
9.62,15.62,2.7510,66.9535,0.00000,0.00735
9.88,15.62,2.7933,70.6966,0.00000,0.00659
10.12,15.62,2.7963,76.3606,0.00000,0.00593
10.38,15.62,2.7888,79.8641,0.00000,0.00577
10.62,15.62,2.7875,81.5338,0.00000,0.00583
10.88,15.62,2.8307,86.3101,0.00000,0.00545
11.12,15.62,2.8686,93.7858,0.00000,0.00499
11.38,15.62,2.9062,100.5803,0.00000,0.00500
11.62,15.62,2.9326,105.4266,0.00000,0.00510
11.88,15.62,2.9522,110.5795,0.00000,0.00503
12.12,15.62,2.9203,114.5183,0.00000,0.00485
12.38,15.62,2.9231,115.9357,0.00000,0.00487
12.62,15.62,2.9359,116.9253,0.00000,0.00502
12.88,15.62,2.9631,119.1930,0.00000,0.00532
13.12,15.62,3.0003,122.5674,0.00000,0.00579
13.38,15.62,3.0425,126.0057,0.00000,0.00624
13.62,15.62,3.0651,129.6178,0.00000,0.00638
13.88,15.62,3.0568,132.8032,0.00000,0.00582
14.12,15.62,3.0534,135.3754,0.00000,0.00554
14.38,15.62,3.0288,138.4349,0.00000,0.00580
14.62,15.62,3.0969,143.8312,0.00000,0.00606
14.88,15.62,3.1153,147.4741,0.00000,0.00628
15.12,15.62,3.2014,149.3968,0.00000,0.00681
15.38,15.62,3.3031,151.7293,0.00001,0.00766
15.62,15.62,3.4221,152.4853,0.00017,0.00892
15.88,15.62,3.4362,154.5656,0.00200,0.01032
16.12,15.62,3.4189,158.1966,0.00891,0.01092
16.38,15.62,3.2450,157.4523,0.01473,0.01079
16.62,15.62,3.1290,151.5952,0.00945,0.01007
16.88,15.62,3.2838,152.6060,0.00286,0.00802
2.62,15.88,2.4015,56.5015,0.00000,0.01786
2.88,15.88,3.1341,49.5391,0.00000,0.02522
3.12,15.88,3.1546,42.2780,0.00000,0.02938
3.38,15.88,3.2292,36.5896,0.00000,0.03279
3.62,15.88,3.0764,34.4916,0.00000,0.02731
3.88,15.88,3.0952,33.5691,0.00000,0.02198
4.12,15.88,2.9992,33.2401,0.00000,0.01730
4.38,15.88,3.0304,34.0836,0.00000,0.01325
4.62,15.88,3.0105,36.1015,0.00000,0.01164
4.88,15.88,3.0184,39.7796,0.00000,0.01235
5.12,15.88,3.1009,44.0588,0.00000,0.01394
5.38,15.88,3.1172,48.5833,0.00000,0.01437
5.62,15.88,3.1699,52.1849,0.00000,0.01584
5.88,15.88,3.1458,55.6026,0.00000,0.01709
6.12,15.88,3.1944,58.7594,0.00000,0.01696
6.38,15.88,3.1408,63.2686,0.00003,0.01905
6.62,15.88,3.1640,68.7929,0.00132,0.02225
6.88,15.88,3.1429,73.2530,0.02359,0.02214
7.12,15.88,3.3836,77.3521,0.19811,0.02304
7.38,15.88,3.6774,86.8635,0.74995,0.02720
7.62,15.88,3.9955,92.7194,1.17293,0.02823
7.88,15.88,3.8001,73.8691,0.70088,0.02128
8.12,15.88,3.3490,57.1975,0.15517,0.01382
8.38,15.88,3.2178,56.2137,0.01269,0.01091
8.62,15.88,3.2805,59.7094,0.00038,0.01055
8.88,15.88,3.2885,62.9510,0.00000,0.01091
9.12,15.88,3.3037,65.0171,0.00000,0.01157
9.38,15.88,3.3180,66.3525,0.00000,0.01116
9.62,15.88,3.3365,68.0612,0.00000,0.00998
9.88,15.88,3.3404,71.3053,0.00000,0.00877
10.12,15.88,3.3430,75.6509,0.00000,0.00786
10.38,15.88,3.3683,78.3456,0.00000,0.00748
10.62,15.88,3.3885,80.1064,0.00000,0.00748
10.88,15.88,3.4207,83.5246,0.00000,0.00743
11.12,15.88,3.4232,88.6360,0.00000,0.00711
11.38,15.88,3.4153,94.0546,0.00000,0.00716
11.62,15.88,3.3932,98.4374,0.00000,0.00741
11.88,15.88,3.4028,102.8560,0.00000,0.00746
12.12,15.88,3.4004,106.0898,0.00000,0.00736
12.38,15.88,3.4095,108.1168,0.00000,0.00735
12.62,15.88,3.4057,110.4611,0.00000,0.00751
12.88,15.88,3.4238,112.6923,0.00000,0.00770
13.12,15.88,3.4483,114.3554,0.00000,0.00782
13.38,15.88,3.4481,115.7638,0.00000,0.00805
13.62,15.88,3.4662,118.7641,0.00000,0.00814
13.88,15.88,3.4933,122.7833,0.00000,0.00753
14.12,15.88,3.5039,126.1507,0.00000,0.00734
14.38,15.88,3.4719,130.1208,0.00000,0.00782
14.62,15.88,3.5119,135.6031,0.00000,0.00825
14.88,15.88,3.5241,139.3842,0.00000,0.00861
15.12,15.88,3.5613,142.7221,0.00000,0.00933
15.38,15.88,3.5286,145.4368,0.00001,0.01042
15.62,15.88,3.5277,146.5455,0.00017,0.01199
15.88,15.88,3.5302,148.8561,0.00146,0.01361
16.12,15.88,3.5292,151.4694,0.00545,0.01441
16.38,15.88,3.4665,151.3407,0.00841,0.01468
16.62,15.88,3.4748,148.0508,0.00548,0.01414
16.88,15.88,3.5429,151.1554,0.00216,0.01133
2.62,16.12,2.3826,57.4929,0.00000,0.01676
2.88,16.12,3.1377,50.3401,0.00000,0.02351
3.12,16.12,3.1502,42.4735,0.00000,0.02688
3.38,16.12,3.2027,35.6061,0.00000,0.02946
3.62,16.12,3.0371,32.5784,0.00000,0.02430
3.88,16.12,3.0658,32.5213,0.00000,0.01997
4.12,16.12,2.9861,33.1632,0.00000,0.01699
4.38,16.12,3.0142,34.2744,0.00000,0.01379
4.62,16.12,3.0141,36.3530,0.00000,0.01187
4.88,16.12,3.0263,39.7336,0.00000,0.01204
5.12,16.12,3.1173,43.5607,0.00000,0.01345
5.38,16.12,3.1184,47.5833,0.00000,0.01441
5.62,16.12,3.1643,50.6616,0.00000,0.01629
5.88,16.12,3.1276,53.6946,0.00000,0.01786
6.12,16.12,3.1706,56.7749,0.00000,0.01805
6.38,16.12,3.1207,60.0870,0.00000,0.01883
6.62,16.12,3.1669,64.0004,0.00016,0.02112
6.88,16.12,3.1141,66.5804,0.00362,0.02196
7.12,16.12,3.1221,65.5304,0.03669,0.02190
7.38,16.12,3.2024,62.5396,0.15245,0.02472
7.62,16.12,3.3152,59.6618,0.24441,0.02729
7.88,16.12,3.3001,54.3195,0.14675,0.02320
8.12,16.12,3.2001,52.1387,0.03262,0.01658
8.38,16.12,3.2047,54.9878,0.00267,0.01321
8.62,16.12,3.2680,59.9005,0.00008,0.01282
8.88,16.12,3.3033,64.4092,0.00000,0.01295
9.12,16.12,3.3250,67.2083,0.00000,0.01301
9.38,16.12,3.3315,68.4435,0.00000,0.01251
9.62,16.12,3.3399,69.6454,0.00000,0.01112
9.88,16.12,3.3303,71.9158,0.00000,0.00958
10.12,16.12,3.3324,74.5260,0.00000,0.00871
10.38,16.12,3.3565,76.0407,0.00000,0.00851
10.62,16.12,3.3828,77.3544,0.00000,0.00850
10.88,16.12,3.4061,79.5941,0.00000,0.00887
11.12,16.12,3.4067,83.1752,0.00000,0.00922
11.38,16.12,3.3876,87.6171,0.00000,0.00989
11.62,16.12,3.3647,91.2908,0.00000,0.01087
11.88,16.12,3.3807,94.4620,0.00000,0.01147
12.12,16.12,3.3928,96.6869,0.00000,0.01178
12.38,16.12,3.3977,98.5746,0.00000,0.01159
12.62,16.12,3.3928,101.2696,0.00000,0.01142
12.88,16.12,3.4066,103.6403,0.00000,0.01092
13.12,16.12,3.4301,104.4685,0.00000,0.00986
13.38,16.12,3.4106,104.4098,0.00000,0.00926
13.62,16.12,3.4173,106.8136,0.00000,0.00892
13.88,16.12,3.4530,111.4120,0.00000,0.00848
14.12,16.12,3.4648,116.0186,0.00000,0.00871
14.38,16.12,3.4573,121.1359,0.00000,0.00965
14.62,16.12,3.4744,125.9913,0.00000,0.01050
14.88,16.12,3.5056,129.3581,0.00000,0.01134
15.12,16.12,3.5224,133.6976,0.00000,0.01246
15.38,16.12,3.4721,138.0567,0.00009,0.01376
15.62,16.12,3.4530,141.2584,0.00118,0.01501
15.88,16.12,3.4733,143.7368,0.00677,0.01575
16.12,16.12,3.4777,145.2199,0.01782,0.01632
16.38,16.12,3.4543,146.1807,0.02258,0.01727
16.62,16.12,3.4603,145.0008,0.01605,0.01716
16.88,16.12,3.4512,149.5176,0.01210,0.01370
2.62,16.38,2.3520,55.8790,0.00000,0.01642
2.88,16.38,3.1197,50.0409,0.00000,0.02299
3.12,16.38,3.1394,42.8605,0.00000,0.02574
3.38,16.38,3.1876,35.4387,0.00000,0.02767
3.62,16.38,2.9913,31.8811,0.00000,0.02278
3.88,16.38,3.0116,32.6295,0.00000,0.01908
4.12,16.38,2.9690,34.1510,0.00000,0.01711
4.38,16.38,3.0022,35.1877,0.00000,0.01451
4.62,16.38,3.0242,36.7666,0.00000,0.01240
4.88,16.38,3.0348,39.6816,0.00000,0.01194
5.12,16.38,3.1158,43.0709,0.00000,0.01287
5.38,16.38,3.0938,46.7095,0.00000,0.01414
5.62,16.38,3.1427,49.7918,0.00000,0.01649
5.88,16.38,3.0961,52.6448,0.00000,0.01812
6.12,16.38,3.1430,55.6139,0.00000,0.01866
6.38,16.38,3.1083,58.1885,0.00000,0.01871
6.62,16.38,3.1063,60.4168,0.00001,0.01975
6.88,16.38,3.1194,62.0442,0.00025,0.02107
7.12,16.38,3.1002,61.1567,0.00279,0.02022
7.38,16.38,3.0782,57.8099,0.01213,0.01940
7.62,16.38,3.1003,54.5577,0.01978,0.02064
7.88,16.38,3.1533,52.1652,0.01195,0.02018
8.12,16.38,3.2133,52.0640,0.00266,0.01711
8.38,16.38,3.2494,55.0490,0.00022,0.01490
8.62,16.38,3.2576,59.9772,0.00001,0.01464
8.88,16.38,3.2943,64.4568,0.00000,0.01465
9.12,16.38,3.3184,67.2999,0.00000,0.01408
9.38,16.38,3.3203,68.5737,0.00000,0.01312
9.62,16.38,3.3265,69.3939,0.00000,0.01172
9.88,16.38,3.3261,70.6249,0.00000,0.01040
10.12,16.38,3.3278,72.0916,0.00000,0.00983
10.38,16.38,3.3264,73.8828,0.00000,0.00977
10.62,16.38,3.3449,75.4479,0.00000,0.00938
10.88,16.38,3.3705,76.7302,0.00000,0.00968
11.12,16.38,3.3890,79.1201,0.00000,0.01082
11.38,16.38,3.3836,82.5657,0.00000,0.01239
11.62,16.38,3.3925,85.4683,0.00000,0.01411
11.88,16.38,3.4075,87.4175,0.00000,0.01516
12.12,16.38,3.4022,88.7699,0.00000,0.01580
12.38,16.38,3.4176,90.8839,0.00000,0.01546
12.62,16.38,3.4428,94.0637,0.00000,0.01485
12.88,16.38,3.4608,96.4791,0.00000,0.01367
13.12,16.38,3.4614,97.0419,0.00000,0.01176
13.38,16.38,3.4359,96.8545,0.00000,0.01059
13.62,16.38,3.4473,99.1664,0.00000,0.00997
13.88,16.38,3.4665,103.9536,0.00000,0.00980
14.12,16.38,3.4742,109.2921,0.00000,0.01050
14.38,16.38,3.4985,113.8435,0.00000,0.01192
14.62,16.38,3.4954,117.2392,0.00000,0.01333
14.88,16.38,3.4996,120.2723,0.00000,0.01476
15.12,16.38,3.4824,124.2387,0.00001,0.01648
15.38,16.38,3.4428,129.5044,0.00040,0.01839
15.62,16.38,3.4430,135.6368,0.00535,0.01980
15.88,16.38,3.4581,139.4258,0.03026,0.02034
16.12,16.38,3.4951,140.8793,0.07850,0.02145
16.38,16.38,3.5647,143.3247,0.09993,0.02304
16.62,16.38,3.5920,144.1268,0.07876,0.02245
16.88,16.38,3.5732,148.6344,0.07319,0.01754
2.62,16.62,2.3697,55.4456,0.00000,0.01649
2.88,16.62,3.1383,50.5142,0.00000,0.02316
3.12,16.62,3.1342,43.8664,0.00000,0.02581
3.38,16.62,3.1591,36.1242,0.00000,0.02757
3.62,16.62,2.9505,32.4505,0.00000,0.02267
3.88,16.62,2.9616,33.2938,0.00000,0.01887
4.12,16.62,2.9359,34.8912,0.00000,0.01698
4.38,16.62,2.9711,35.9202,0.00000,0.01444
4.62,16.62,3.0290,37.1409,0.00000,0.01248
4.88,16.62,3.0360,39.7845,0.00000,0.01183
5.12,16.62,3.0967,43.0626,0.00000,0.01242
5.38,16.62,3.0610,46.6937,0.00000,0.01366
5.62,16.62,3.1126,49.9438,0.00000,0.01595
5.88,16.62,3.0693,52.3862,0.00000,0.01749
6.12,16.62,3.0983,54.3971,0.00000,0.01819
6.38,16.62,3.1240,56.4795,0.00000,0.01824
6.62,16.62,3.0987,58.1340,0.00000,0.01889
6.88,16.62,3.0864,59.0134,0.00001,0.02032
7.12,16.62,3.0960,58.4873,0.00008,0.02007
7.38,16.62,3.0977,56.8221,0.00036,0.01843
7.62,16.62,3.0941,55.0561,0.00059,0.01820
7.88,16.62,3.0963,53.1596,0.00036,0.01826
8.12,16.62,3.1029,52.6255,0.00008,0.01735
8.38,16.62,3.1211,54.9645,0.00001,0.01598
8.62,16.62,3.1293,59.5568,0.00000,0.01412
8.88,16.62,3.1556,64.1704,0.00000,0.01297
9.12,16.62,3.1774,67.2021,0.00000,0.01213
9.38,16.62,3.1874,68.4600,0.00000,0.01092
9.62,16.62,3.1943,68.7202,0.00000,0.01004
9.88,16.62,3.2083,69.0769,0.00000,0.00977
10.12,16.62,3.2236,70.2233,0.00000,0.00976
10.38,16.62,3.2221,72.9145,0.00000,0.00964
10.62,16.62,3.2327,75.4272,0.00000,0.00903
10.88,16.62,3.2395,76.5929,0.00000,0.00890
11.12,16.62,3.2500,78.2263,0.00000,0.00983
11.38,16.62,3.2601,80.8830,0.00000,0.01111
11.62,16.62,3.2863,83.2127,0.00000,0.01221
11.88,16.62,3.2891,84.2781,0.00000,0.01287
12.12,16.62,3.2780,84.7893,0.00000,0.01332
12.38,16.62,3.2990,86.9950,0.00000,0.01335
12.62,16.62,3.3259,90.5397,0.00000,0.01302
12.88,16.62,3.3430,92.5905,0.00000,0.01241
13.12,16.62,3.3246,92.4831,0.00000,0.01125
13.38,16.62,3.3151,92.5859,0.00000,0.01036
13.62,16.62,3.3327,95.0789,0.00000,0.01019
13.88,16.62,3.3434,99.7041,0.00000,0.01069
14.12,16.62,3.3746,105.0686,0.00000,0.01178
14.38,16.62,3.4025,108.5133,0.00000,0.01342
14.62,16.62,3.4009,110.9284,0.00000,0.01546
14.88,16.62,3.3807,114.2107,0.00000,0.01783
15.12,16.62,3.3552,118.3096,0.00003,0.02025
15.38,16.62,3.3277,123.7952,0.00086,0.02291
15.62,16.62,3.3550,131.1505,0.01080,0.02585
15.88,16.62,3.3807,136.7736,0.05880,0.02880
16.12,16.62,3.4646,140.3978,0.14953,0.03136
16.38,16.62,3.5760,145.7528,0.19794,0.03217
16.62,16.62,3.5379,149.8597,0.19842,0.02953
16.88,16.62,3.4881,155.3060,0.24692,0.02246
2.62,16.88,2.3466,58.0046,0.00000,0.01703
2.88,16.88,3.0912,52.0711,0.00000,0.02367
3.12,16.88,3.0952,44.9883,0.00000,0.02567
3.38,16.88,3.1418,36.8800,0.00000,0.02706
3.62,16.88,2.9477,33.1898,0.00000,0.02264
3.88,16.88,2.9475,33.7076,0.00000,0.01916
4.12,16.88,2.9114,34.8546,0.00000,0.01725
4.38,16.88,2.9367,35.9551,0.00000,0.01454
4.62,16.88,3.0231,37.1750,0.00000,0.01271
4.88,16.88,3.0276,39.8123,0.00000,0.01199
5.12,16.88,3.0906,43.3212,0.00000,0.01236
5.38,16.88,3.0611,47.0295,0.00000,0.01356
5.62,16.88,3.0847,50.0143,0.00000,0.01587
5.88,16.88,3.0683,52.1795,0.00000,0.01763
6.12,16.88,3.0768,53.5289,0.00000,0.01835
6.38,16.88,3.1016,54.9595,0.00000,0.01831
6.62,16.88,3.1207,56.3646,0.00000,0.01904
6.88,16.88,3.1196,56.9841,0.00000,0.02038
7.12,16.88,3.1021,56.4567,0.00000,0.02034
7.38,16.88,3.0972,55.3594,0.00000,0.01928
7.62,16.88,3.0945,54.5049,0.00000,0.01882
7.88,16.88,3.0910,53.7559,0.00000,0.01822
8.12,16.88,3.1162,53.5244,0.00000,0.01811
8.38,16.88,3.1787,54.5988,0.00000,0.01729
8.62,16.88,3.2099,57.8344,0.00000,0.01407
8.88,16.88,3.2143,61.9786,0.00000,0.01158
9.12,16.88,3.2138,64.9040,0.00000,0.01030
9.38,16.88,3.2182,66.1004,0.00000,0.00913
9.62,16.88,3.2258,66.8059,0.00000,0.00868
9.88,16.88,3.2497,67.8146,0.00000,0.00900
10.12,16.88,3.2792,69.1432,0.00000,0.00930
10.38,16.88,3.2933,71.2235,0.00000,0.00918
10.62,16.88,3.2994,73.6483,0.00000,0.00856
10.88,16.88,3.2936,75.4345,0.00000,0.00816
11.12,16.88,3.3005,77.1669,0.00000,0.00875
11.38,16.88,3.3185,79.3259,0.00000,0.00955
11.62,16.88,3.3356,80.8256,0.00000,0.00995
11.88,16.88,3.3229,81.3850,0.00000,0.01027
12.12,16.88,3.3216,82.1795,0.00000,0.01060
12.38,16.88,3.3427,84.6216,0.00000,0.01095
12.62,16.88,3.3510,87.8317,0.00000,0.01095
12.88,16.88,3.3477,89.4900,0.00000,0.01103
13.12,16.88,3.3225,89.2570,0.00000,0.01082
13.38,16.88,3.3232,89.6869,0.00000,0.01041
13.62,16.88,3.3286,91.9148,0.00000,0.01078
13.88,16.88,3.3322,95.0746,0.00000,0.01184
14.12,16.88,3.3653,98.4002,0.00000,0.01326
14.38,16.88,3.3563,100.8665,0.00000,0.01513
14.62,16.88,3.3589,103.5154,0.00000,0.01780
14.88,16.88,3.3585,107.5518,0.00000,0.02142
15.12,16.88,3.3380,112.9401,0.00012,0.02510
15.38,16.88,3.3056,118.8128,0.00218,0.02930
15.62,16.88,3.3101,124.6085,0.01924,0.03563
15.88,16.88,3.3380,130.0690,0.08211,0.04458
16.12,16.88,3.4126,136.8278,0.17496,0.05179
16.38,16.88,3.5111,146.5499,0.25055,0.05262
16.62,16.88,3.6578,156.8890,0.43724,0.04696
16.88,16.88,3.8151,168.2539,0.76739,0.03491
2.62,17.12,2.3480,61.4719,0.00000,0.01715
2.88,17.12,3.0786,53.9974,0.00000,0.02358
3.12,17.12,3.0759,46.2414,0.00000,0.02506
3.38,17.12,3.1320,37.5791,0.00000,0.02662
3.62,17.12,2.9527,33.3910,0.00000,0.02318
3.88,17.12,2.9397,33.4757,0.00000,0.01952
4.12,17.12,2.9051,34.4365,0.00000,0.01727
4.38,17.12,2.9282,35.9220,0.00000,0.01458
4.62,17.12,3.0196,37.6682,0.00000,0.01292
4.88,17.12,3.0289,40.6085,0.00000,0.01233
5.12,17.12,3.0933,43.8978,0.00000,0.01249
5.38,17.12,3.0648,46.9682,0.00000,0.01337
5.62,17.12,3.0519,49.3131,0.00000,0.01560
5.88,17.12,3.0597,51.5330,0.00000,0.01766
6.12,17.12,3.0955,53.2517,0.00000,0.01879
6.38,17.12,3.1029,54.5927,0.00000,0.01927
6.62,17.12,3.1055,55.8397,0.00000,0.02014
6.88,17.12,3.1128,56.3507,0.00000,0.02057
7.12,17.12,3.1109,55.6589,0.00000,0.01965
7.38,17.12,3.1164,54.3464,0.00000,0.01862
7.62,17.12,3.1229,53.5682,0.00000,0.01823
7.88,17.12,3.1149,53.7207,0.00000,0.01767
8.12,17.12,3.1125,54.2503,0.00000,0.01725
8.38,17.12,3.1232,54.5615,0.00000,0.01604
8.62,17.12,3.1265,56.3454,0.00000,0.01353
8.88,17.12,3.1283,59.7412,0.00000,0.01171
9.12,17.12,3.1310,62.6588,0.00000,0.01060
9.38,17.12,3.1286,63.9213,0.00000,0.00952
9.62,17.12,3.1355,65.1629,0.00000,0.00902
9.88,17.12,3.1603,66.9677,0.00000,0.00897
10.12,17.12,3.1787,68.2595,0.00000,0.00897
10.38,17.12,3.1957,69.3363,0.00000,0.00887
10.62,17.12,3.2065,71.2360,0.00000,0.00810
10.88,17.12,3.2206,73.5069,0.00000,0.00753
11.12,17.12,3.2384,75.7156,0.00000,0.00779
11.38,17.12,3.2499,77.7646,0.00000,0.00821
11.62,17.12,3.2637,78.6978,0.00000,0.00846
11.88,17.12,3.2618,79.0937,0.00000,0.00897
12.12,17.12,3.2587,80.4342,0.00000,0.00947
12.38,17.12,3.2604,83.0701,0.00000,0.00971
12.62,17.12,3.2579,85.9567,0.00000,0.00958
12.88,17.12,3.2470,87.8261,0.00000,0.00975
13.12,17.12,3.2370,88.4626,0.00000,0.01006
13.38,17.12,3.2368,89.3224,0.00000,0.01034
13.62,17.12,3.2448,90.9608,0.00000,0.01114
13.88,17.12,3.2498,92.3340,0.00000,0.01235
14.12,17.12,3.2554,93.3146,0.00000,0.01394
14.38,17.12,3.2404,95.2700,0.00000,0.01621
14.62,17.12,3.2567,98.9645,0.00000,0.01951
14.88,17.12,3.2683,103.7694,0.00001,0.02437
15.12,17.12,3.2466,109.5051,0.00044,0.03064
15.38,17.12,3.2308,114.3915,0.00652,0.03955
15.62,17.12,3.2170,116.6703,0.04383,0.05376
15.88,17.12,3.2374,118.7039,0.14152,0.07708
16.12,17.12,3.2802,125.0920,0.23674,0.10477
16.38,17.12,3.4348,139.0279,0.40520,0.11839
16.62,17.12,4.1603,163.7339,1.15454,0.10666
16.88,17.12,5.0577,194.7925,2.34944,0.07863
2.62,17.38,2.3446,62.0746,0.00000,0.01641
2.88,17.38,3.0805,54.5920,0.00000,0.02260
3.12,17.38,3.0656,46.9512,0.00000,0.02428
3.38,17.38,3.1179,38.3296,0.00000,0.02679
3.62,17.38,2.9543,33.9164,0.00000,0.02438
3.88,17.38,2.9397,33.4843,0.00000,0.02006
4.12,17.38,2.9140,34.2605,0.00000,0.01691
4.38,17.38,2.9304,36.2051,0.00000,0.01409
4.62,17.38,3.0117,38.7303,0.00000,0.01272
4.88,17.38,3.0388,41.9665,0.00000,0.01263
5.12,17.38,3.0790,44.4018,0.00000,0.01282
5.38,17.38,3.0496,46.5030,0.00000,0.01290
5.62,17.38,3.0519,48.7390,0.00000,0.01400
5.88,17.38,3.0465,51.3992,0.00000,0.01576
6.12,17.38,3.0624,53.5531,0.00000,0.01779
6.38,17.38,3.0868,54.9340,0.00000,0.02047
6.62,17.38,3.1084,55.9261,0.00000,0.02247
6.88,17.38,3.1151,56.3884,0.00000,0.02146
7.12,17.38,3.1115,55.9471,0.00000,0.01979
7.38,17.38,3.1135,54.7761,0.00000,0.01914
7.62,17.38,3.1247,53.9742,0.00000,0.01799
7.88,17.38,3.1169,53.9413,0.00000,0.01660
8.12,17.38,3.1073,54.3926,0.00000,0.01545
8.38,17.38,3.1107,54.5805,0.00000,0.01379
8.62,17.38,3.1214,55.6199,0.00000,0.01226
8.88,17.38,3.1282,58.1202,0.00000,0.01163
9.12,17.38,3.1487,60.9417,0.00000,0.01111
9.38,17.38,3.1642,62.5642,0.00000,0.01018
9.62,17.38,3.1752,63.5672,0.00000,0.00963
9.88,17.38,3.1984,64.8039,0.00000,0.00950
10.12,17.38,3.2072,65.5057,0.00000,0.00940
10.38,17.38,3.2236,66.1824,0.00000,0.00921
10.62,17.38,3.2417,67.7620,0.00000,0.00837
10.88,17.38,3.2584,70.0631,0.00000,0.00775
11.12,17.38,3.2607,72.7461,0.00000,0.00762
11.38,17.38,3.2567,75.2787,0.00000,0.00760
11.62,17.38,3.2698,76.7778,0.00000,0.00774
11.88,17.38,3.2815,77.4486,0.00000,0.00831
12.12,17.38,3.2800,78.2544,0.00000,0.00886
12.38,17.38,3.2699,80.2132,0.00000,0.00900
12.62,17.38,3.2602,82.8114,0.00000,0.00904
12.88,17.38,3.2523,85.1523,0.00000,0.00931
13.12,17.38,3.2518,86.9922,0.00000,0.00973
13.38,17.38,3.2417,88.5411,0.00000,0.01042
13.62,17.38,3.2517,89.8281,0.00000,0.01153
13.88,17.38,3.2626,90.2359,0.00000,0.01296
14.12,17.38,3.2569,90.2311,0.00000,0.01485
14.38,17.38,3.2527,91.7738,0.00000,0.01764
14.62,17.38,3.2582,95.8444,0.00000,0.02168
14.88,17.38,3.2449,101.0607,0.00002,0.02789
15.12,17.38,3.2209,106.0423,0.00069,0.03792
15.38,17.38,3.2072,108.2324,0.00966,0.05478
15.62,17.38,3.1851,106.9621,0.05859,0.08342
15.88,17.38,3.1673,105.7753,0.16740,0.13430
16.12,17.38,3.1278,108.4440,0.25781,0.21420
16.38,17.38,3.3183,121.8550,0.52485,0.28803
16.62,17.38,4.3548,157.8227,1.74391,0.29465
16.88,17.38,5.6978,206.4903,3.64709,0.24431
2.62,17.62,2.3259,59.4695,0.00000,0.01617
2.88,17.62,3.0809,53.5445,0.00000,0.02238
3.12,17.62,3.0675,46.8944,0.00000,0.02429
3.38,17.62,3.1149,38.8579,0.00000,0.02711
3.62,17.62,2.9503,34.7457,0.00000,0.02487
3.88,17.62,2.9349,34.1335,0.00000,0.02051
4.12,17.62,2.9241,34.8510,0.00000,0.01696
4.38,17.62,2.9462,36.9360,0.00000,0.01382
4.62,17.62,3.0017,39.5978,0.00000,0.01249
4.88,17.62,3.0255,42.8006,0.00000,0.01265
5.12,17.62,3.0538,44.9546,0.00000,0.01308
5.38,17.62,3.0290,46.7690,0.00000,0.01260
5.62,17.62,3.0497,49.0058,0.00000,0.01225
5.88,17.62,3.0519,51.9214,0.00000,0.01302
6.12,17.62,3.0558,54.2472,0.00000,0.01544
6.38,17.62,3.0583,55.3729,0.00000,0.02004
6.62,17.62,3.0808,55.6797,0.00000,0.02342
6.88,17.62,3.1091,55.6773,0.00000,0.02192
7.12,17.62,3.1176,55.4694,0.00000,0.02074
7.38,17.62,3.1154,55.1904,0.00000,0.02124
7.62,17.62,3.1216,55.2133,0.00000,0.01935
7.88,17.62,3.1083,55.0650,0.00000,0.01641
8.12,17.62,3.0927,55.0696,0.00000,0.01438
8.38,17.62,3.0846,55.1981,0.00000,0.01250
8.62,17.62,3.0722,55.9291,0.00000,0.01122
8.88,17.62,3.0555,57.7571,0.00000,0.01089
9.12,17.62,3.0753,60.3811,0.00000,0.01060
9.38,17.62,3.1029,62.4978,0.00000,0.01001
9.62,17.62,3.1119,63.5378,0.00000,0.00954
9.88,17.62,3.1277,63.9935,0.00000,0.00962
10.12,17.62,3.1334,63.8136,0.00000,0.00960
10.38,17.62,3.1387,63.9417,0.00000,0.00913
10.62,17.62,3.1704,65.2494,0.00000,0.00848
10.88,17.62,3.2054,67.7863,0.00000,0.00803
11.12,17.62,3.2158,70.7823,0.00000,0.00772
11.38,17.62,3.2182,73.5617,0.00000,0.00761
11.62,17.62,3.2186,75.5130,0.00000,0.00767
11.88,17.62,3.2200,76.0931,0.00000,0.00795
12.12,17.62,3.2304,75.8722,0.00000,0.00828
12.38,17.62,3.2411,76.9708,0.00000,0.00844
12.62,17.62,3.2319,79.4107,0.00000,0.00879
12.88,17.62,3.2131,82.2632,0.00000,0.00931
13.12,17.62,3.1889,85.0104,0.00000,0.00983
13.38,17.62,3.1779,87.2601,0.00000,0.01065
13.62,17.62,3.1808,88.7557,0.00000,0.01181
13.88,17.62,3.1841,89.4500,0.00000,0.01329
14.12,17.62,3.2002,89.8508,0.00000,0.01540
14.38,17.62,3.2140,91.0623,0.00000,0.01853
14.62,17.62,3.2026,94.3911,0.00000,0.02319
14.88,17.62,3.1780,99.0132,0.00001,0.03091
15.12,17.62,3.1581,102.5207,0.00041,0.04447
15.38,17.62,3.1339,102.1928,0.00564,0.06920
15.62,17.62,3.1086,99.1954,0.03289,0.11527
15.88,17.62,3.0479,97.2563,0.08961,0.20022
16.12,17.62,2.9195,96.5368,0.13809,0.34903
16.38,17.62,2.9543,100.5693,0.31578,0.53753
16.62,17.62,3.4562,120.7479,1.07030,0.65332
16.88,17.62,3.9934,151.5022,2.21626,0.65498
2.62,17.88,2.3340,57.9828,0.00000,0.01591
2.88,17.88,3.1004,53.2924,0.00000,0.02211
3.12,17.88,3.0705,47.3915,0.00000,0.02414
3.38,17.88,3.0888,39.0361,0.00000,0.02675
3.62,17.88,2.9212,34.4509,0.00000,0.02401
3.88,17.88,2.9295,34.0880,0.00000,0.02005
4.12,17.88,2.9301,35.2836,0.00000,0.01714
4.38,17.88,2.9490,37.4145,0.00000,0.01399
4.62,17.88,2.9917,39.7747,0.00000,0.01240
4.88,17.88,2.9938,42.7521,0.00000,0.01216
5.12,17.88,3.0374,45.0098,0.00000,0.01249
5.38,17.88,3.0427,46.9862,0.00000,0.01206
5.62,17.88,3.0545,49.1174,0.00000,0.01132
5.88,17.88,3.0424,51.7279,0.00000,0.01131
6.12,17.88,3.0418,53.9341,0.00000,0.01275
6.38,17.88,3.0387,54.9656,0.00000,0.01599
6.62,17.88,3.0511,54.9136,0.00000,0.01867
6.88,17.88,3.0630,54.4532,0.00000,0.01824
7.12,17.88,3.0667,54.1215,0.00000,0.01826
7.38,17.88,3.0741,54.5304,0.00000,0.01910
7.62,17.88,3.0945,55.5454,0.00000,0.01798
7.88,17.88,3.0897,56.0239,0.00000,0.01568
8.12,17.88,3.0691,56.2565,0.00000,0.01387
8.38,17.88,3.0594,56.5099,0.00000,0.01213
8.62,17.88,3.0574,56.9766,0.00000,0.01087
8.88,17.88,3.0629,58.0416,0.00000,0.01051
9.12,17.88,3.0950,60.0869,0.00000,0.01047
9.38,17.88,3.1283,62.1241,0.00000,0.01033
9.62,17.88,3.1382,63.4168,0.00000,0.01002
9.88,17.88,3.1434,63.9806,0.00000,0.01015
10.12,17.88,3.1513,63.8258,0.00000,0.01008
10.38,17.88,3.1575,63.9198,0.00000,0.00953
10.62,17.88,3.1819,64.8281,0.00000,0.00907
10.88,17.88,3.2015,66.6044,0.00000,0.00839
11.12,17.88,3.2112,68.7009,0.00000,0.00787
11.38,17.88,3.2226,70.8940,0.00000,0.00774
11.62,17.88,3.2243,72.7928,0.00000,0.00771
11.88,17.88,3.2333,73.9637,0.00000,0.00775
12.12,17.88,3.2445,74.3273,0.00000,0.00802
12.38,17.88,3.2528,75.1713,0.00000,0.00842
12.62,17.88,3.2442,77.1043,0.00000,0.00891
12.88,17.88,3.2349,79.8496,0.00000,0.00939
13.12,17.88,3.2038,82.5950,0.00000,0.01004
13.38,17.88,3.1941,85.0047,0.00000,0.01112
13.62,17.88,3.1902,86.9787,0.00000,0.01240
13.88,17.88,3.1862,88.5064,0.00000,0.01385
14.12,17.88,3.2101,89.8722,0.00000,0.01611
14.38,17.88,3.2216,91.5693,0.00000,0.01963
14.62,17.88,3.1988,94.2100,0.00000,0.02491
14.88,17.88,3.1826,97.3126,0.00000,0.03380
15.12,17.88,3.1582,98.8275,0.00009,0.04973
15.38,17.88,3.1170,97.2364,0.00124,0.08034
15.62,17.88,3.0663,94.3585,0.00713,0.13972
15.88,17.88,2.9737,93.0169,0.01925,0.24611
16.12,17.88,2.8253,92.5522,0.03201,0.42864
16.38,17.88,2.6057,89.2743,0.08450,0.70040
16.62,17.88,2.4701,87.8693,0.27612,0.96726
16.88,17.88,2.2967,92.5614,0.55025,1.10866
2.62,18.12,2.3078,57.4335,0.00000,0.01636
2.88,18.12,3.0509,53.2750,0.00000,0.02229
3.12,18.12,3.0173,47.8579,0.00000,0.02250
3.38,18.12,3.0311,38.9498,0.00000,0.02318
3.62,18.12,2.8637,33.5209,0.00000,0.02104
3.88,18.12,2.8922,33.4113,0.00000,0.01881
4.12,18.12,2.9113,35.3224,0.00000,0.01706
4.38,18.12,2.9162,37.8366,0.00000,0.01417
4.62,18.12,2.9760,40.1777,0.00000,0.01242
4.88,18.12,2.9778,42.8677,0.00000,0.01167
5.12,18.12,3.0170,44.8326,0.00000,0.01158
5.38,18.12,3.0521,46.6454,0.00000,0.01127
5.62,18.12,3.0917,48.5122,0.00000,0.01080
5.88,18.12,3.0760,50.6229,0.00000,0.01054
6.12,18.12,3.0514,52.8540,0.00000,0.01088
6.38,18.12,3.0439,54.3795,0.00000,0.01227
6.62,18.12,3.0518,54.7744,0.00000,0.01381
6.88,18.12,3.0479,54.6269,0.00000,0.01409
7.12,18.12,3.0526,54.4950,0.00000,0.01428
7.38,18.12,3.0782,55.1238,0.00000,0.01464
7.62,18.12,3.1104,56.2882,0.00000,0.01457
7.88,18.12,3.1150,57.0212,0.00000,0.01411
8.12,18.12,3.0993,57.4706,0.00000,0.01357
8.38,18.12,3.0820,57.8133,0.00000,0.01215
8.62,18.12,3.0719,57.9572,0.00000,0.01083
8.88,18.12,3.0773,58.2039,0.00000,0.01051
9.12,18.12,3.0982,59.3592,0.00000,0.01060
9.38,18.12,3.1185,60.7856,0.00000,0.01041
9.62,18.12,3.1239,62.1545,0.00000,0.01010
9.88,18.12,3.1238,63.2741,0.00000,0.01001
10.12,18.12,3.1350,64.0217,0.00000,0.00975
10.38,18.12,3.1488,65.1439,0.00000,0.00961
10.62,18.12,3.1595,66.1450,0.00000,0.00962
10.88,18.12,3.1582,66.7269,0.00000,0.00895
11.12,18.12,3.1584,67.7772,0.00000,0.00826
11.38,18.12,3.1645,69.5616,0.00000,0.00778
11.62,18.12,3.1673,71.1057,0.00000,0.00741
11.88,18.12,3.1837,72.5963,0.00000,0.00737
12.12,18.12,3.1950,74.1884,0.00000,0.00790
12.38,18.12,3.2092,75.8205,0.00000,0.00874
12.62,18.12,3.2193,77.6179,0.00000,0.00937
12.88,18.12,3.2315,79.8535,0.00000,0.00963
13.12,18.12,3.2102,81.8534,0.00000,0.01023
13.38,18.12,3.1868,83.4201,0.00000,0.01140
13.62,18.12,3.1854,85.3548,0.00000,0.01272
13.88,18.12,3.1949,87.6959,0.00000,0.01414
14.12,18.12,3.2000,89.9356,0.00000,0.01644
14.38,18.12,3.1953,92.4020,0.00000,0.02008
14.62,18.12,3.1829,95.0924,0.00000,0.02555
14.88,18.12,3.1751,97.4597,0.00000,0.03454
15.12,18.12,3.1456,97.8503,0.00001,0.05081
15.38,18.12,3.0974,95.7338,0.00010,0.08301
15.62,18.12,3.0357,93.3566,0.00059,0.14450
15.88,18.12,2.9297,92.5544,0.00173,0.24925
16.12,18.12,2.7601,92.5654,0.00697,0.42270
16.38,18.12,2.5527,90.6823,0.05606,0.68001
16.62,18.12,2.4424,91.5262,0.24777,0.93535
16.88,18.12,2.2826,97.3387,0.53832,1.07604
2.62,18.38,2.3456,57.6084,0.00000,0.01743
2.88,18.38,3.0682,53.6332,0.00000,0.02315
3.12,18.38,3.0020,48.2172,0.00000,0.02095
3.38,18.38,2.9945,39.1923,0.00000,0.01949
3.62,18.38,2.8268,33.6488,0.00000,0.01845
3.88,18.38,2.8468,33.4604,0.00000,0.01714
4.12,18.38,2.9020,35.4635,0.00000,0.01563
4.38,18.38,2.9117,38.2007,0.00000,0.01359
4.62,18.38,2.9655,40.5742,0.00000,0.01250
4.88,18.38,2.9802,42.9450,0.00000,0.01174
5.12,18.38,3.0167,44.6692,0.00000,0.01137
5.38,18.38,3.0350,46.4288,0.00000,0.01091
5.62,18.38,3.0759,48.1061,0.00000,0.01048
5.88,18.38,3.0725,49.8779,0.00000,0.01010
6.12,18.38,3.0592,52.0514,0.00000,0.01001
6.38,18.38,3.0533,53.7286,0.00000,0.01086
6.62,18.38,3.0474,54.6734,0.00000,0.01212
6.88,18.38,3.0456,55.2559,0.00000,0.01227
7.12,18.38,3.0560,55.7250,0.00000,0.01190
7.38,18.38,3.0810,56.4682,0.00000,0.01180
7.62,18.38,3.1035,57.2856,0.00000,0.01196
7.88,18.38,3.0967,57.9299,0.00000,0.01220
8.12,18.38,3.0904,58.4503,0.00000,0.01239
8.38,18.38,3.0849,58.5902,0.00000,0.01161
8.62,18.38,3.0651,58.2434,0.00000,0.01066
8.88,18.38,3.0598,58.2650,0.00000,0.01034
9.12,18.38,3.0745,59.1941,0.00000,0.01021
9.38,18.38,3.0909,60.1625,0.00000,0.00987
9.62,18.38,3.0965,61.2340,0.00000,0.00976
9.88,18.38,3.1009,62.4094,0.00000,0.00962
10.12,18.38,3.1132,63.6708,0.00000,0.00926
10.38,18.38,3.1264,65.4535,0.00000,0.00933
10.62,18.38,3.1377,66.9215,0.00000,0.00959
10.88,18.38,3.1448,67.6131,0.00000,0.00944
11.12,18.38,3.1401,68.6356,0.00000,0.00880
11.38,18.38,3.1374,70.2925,0.00000,0.00805
11.62,18.38,3.1335,71.4627,0.00000,0.00743
11.88,18.38,3.1350,72.5315,0.00000,0.00735
12.12,18.38,3.1381,74.3850,0.00000,0.00801
12.38,18.38,3.1565,76.7977,0.00000,0.00883
12.62,18.38,3.1700,78.8772,0.00000,0.00930
12.88,18.38,3.1766,80.7764,0.00000,0.00945
13.12,18.38,3.1712,82.2238,0.00000,0.01009
13.38,18.38,3.1539,83.4285,0.00000,0.01122
13.62,18.38,3.1571,85.7355,0.00000,0.01241
13.88,18.38,3.1765,88.7626,0.00000,0.01395
14.12,18.38,3.1718,91.0389,0.00000,0.01640
14.38,18.38,3.1534,92.8198,0.00000,0.01989
14.62,18.38,3.1432,95.1362,0.00000,0.02487
14.88,18.38,3.1372,97.6361,0.00000,0.03273
15.12,18.38,3.1172,98.3329,0.00001,0.04673
15.38,18.38,3.0782,96.7794,0.00006,0.07409
15.62,18.38,3.0253,95.1482,0.00029,0.12605
15.88,18.38,2.9282,94.8255,0.00103,0.21410
16.12,18.38,2.7503,95.6445,0.01764,0.35407
16.38,18.38,2.7981,104.3632,0.21082,0.51590
16.62,18.38,3.3187,131.5380,0.99718,0.59712
16.88,18.38,3.8920,165.4443,2.21182,0.58637
2.62,18.62,2.2985,59.2959,0.00000,0.01642
2.88,18.62,2.9878,54.9075,0.00000,0.02156
3.12,18.62,2.9341,49.1119,0.00000,0.01891
3.38,18.62,2.9522,40.2609,0.00000,0.01737
3.62,18.62,2.8235,35.1929,0.00000,0.01713
3.88,18.62,2.8441,34.9112,0.00000,0.01584
4.12,18.62,2.9110,36.5643,0.00000,0.01435
4.38,18.62,2.9397,39.0706,0.00000,0.01318
4.62,18.62,2.9783,41.1868,0.00000,0.01281
4.88,18.62,2.9976,43.3588,0.00000,0.01227
5.12,18.62,3.0525,45.1096,0.00000,0.01185
5.38,18.62,3.0544,46.7913,0.00000,0.01103
5.62,18.62,3.0782,48.3933,0.00000,0.01028
5.88,18.62,3.0792,50.3051,0.00000,0.00976
6.12,18.62,3.0774,52.2477,0.00000,0.00968
6.38,18.62,3.0858,53.4210,0.00000,0.01027
6.62,18.62,3.0988,54.5006,0.00000,0.01103
6.88,18.62,3.1182,55.7427,0.00000,0.01108
7.12,18.62,3.1241,56.9054,0.00000,0.01079
7.38,18.62,3.1283,57.6412,0.00000,0.01057
7.62,18.62,3.1479,58.0954,0.00000,0.01066
7.88,18.62,3.1520,58.7322,0.00000,0.01090
8.12,18.62,3.1598,59.2606,0.00000,0.01076
8.38,18.62,3.1665,59.0777,0.00000,0.01031
8.62,18.62,3.1532,58.1609,0.00000,0.01014
8.88,18.62,3.1465,58.1117,0.00000,0.01014
9.12,18.62,3.1436,59.4344,0.00000,0.00997
9.38,18.62,3.1403,60.7322,0.00000,0.00975
9.62,18.62,3.1346,61.9730,0.00000,0.01006
9.88,18.62,3.1240,63.4509,0.00000,0.01016
10.12,18.62,3.1187,64.9920,0.00000,0.00962
10.38,18.62,3.1280,66.5155,0.00000,0.00940
10.62,18.62,3.1464,67.7728,0.00000,0.00945
10.88,18.62,3.1601,68.9526,0.00000,0.00960
11.12,18.62,3.1524,70.5738,0.00000,0.00914
11.38,18.62,3.1492,72.6543,0.00000,0.00843
11.62,18.62,3.1554,74.4066,0.00000,0.00784
11.88,18.62,3.1617,75.7389,0.00000,0.00778
12.12,18.62,3.1658,77.1442,0.00000,0.00839
12.38,18.62,3.1757,79.0200,0.00000,0.00883
12.62,18.62,3.1694,81.2255,0.00000,0.00884
12.88,18.62,3.1548,83.6607,0.00000,0.00886
13.12,18.62,3.1521,85.4362,0.00000,0.00949
13.38,18.62,3.1492,87.4224,0.00000,0.01045
13.62,18.62,3.1542,90.8598,0.00000,0.01147
13.88,18.62,3.1634,94.0435,0.00000,0.01302
14.12,18.62,3.1500,95.4622,0.00000,0.01537
14.38,18.62,3.1175,95.8907,0.00000,0.01835
14.62,18.62,3.0969,97.4666,0.00000,0.02229
14.88,18.62,3.0977,100.3099,0.00000,0.02830
15.12,18.62,3.0833,102.1230,0.00006,0.03825
15.38,18.62,3.0531,101.9686,0.00074,0.05677
15.62,18.62,3.0244,101.6190,0.00333,0.09202
15.88,18.62,2.9513,102.7549,0.00668,0.15004
16.12,18.62,2.8494,108.0354,0.03350,0.22815
16.38,18.62,3.0584,128.3163,0.35211,0.28320
16.62,18.62,4.0797,173.5998,1.65343,0.25762
16.88,18.62,5.4200,226.6243,3.66541,0.19057
2.62,18.88,2.3022,61.7360,0.00000,0.01604
2.88,18.88,2.9797,56.0843,0.00000,0.02082
3.12,18.88,2.9338,49.5326,0.00000,0.01816
3.38,18.88,2.9390,40.9880,0.00000,0.01637
3.62,18.88,2.8116,36.5351,0.00000,0.01582
3.88,18.88,2.8433,36.3539,0.00000,0.01509
4.12,18.88,2.8896,37.7422,0.00000,0.01430
4.38,18.88,2.9037,39.9853,0.00000,0.01366
4.62,18.88,2.9450,41.7327,0.00000,0.01361
4.88,18.88,2.9570,43.7549,0.00000,0.01287
5.12,18.88,3.0094,45.5647,0.00000,0.01220
5.38,18.88,3.0150,47.1119,0.00000,0.01131
5.62,18.88,3.0284,48.7192,0.00000,0.01035
5.88,18.88,3.0340,50.7824,0.00000,0.00953
6.12,18.88,3.0450,52.4218,0.00000,0.00957
6.38,18.88,3.0562,53.1394,0.00000,0.01008
6.62,18.88,3.0735,54.1262,0.00000,0.01025
6.88,18.88,3.0930,55.8850,0.00000,0.01011
7.12,18.88,3.0959,57.5780,0.00000,0.00991
7.38,18.88,3.0884,58.1987,0.00000,0.00983
7.62,18.88,3.0909,58.5746,0.00000,0.01025
7.88,18.88,3.1049,59.5746,0.00000,0.01041
8.12,18.88,3.1300,60.3135,0.00000,0.00956
8.38,18.88,3.1427,60.1360,0.00000,0.00901
8.62,18.88,3.1326,58.8584,0.00000,0.00955
8.88,18.88,3.1223,58.2545,0.00000,0.01022
9.12,18.88,3.1173,59.6111,0.00000,0.01021
9.38,18.88,3.1115,61.4505,0.00000,0.00974
9.62,18.88,3.1029,63.1023,0.00000,0.00987
9.88,18.88,3.0945,65.1116,0.00000,0.01021
10.12,18.88,3.0888,66.9396,0.00000,0.00972
10.38,18.88,3.0935,68.0317,0.00000,0.00920
10.62,18.88,3.1026,69.0734,0.00000,0.00917
10.88,18.88,3.1037,70.7732,0.00000,0.00945
11.12,18.88,3.0966,73.2036,0.00000,0.00959
11.38,18.88,3.1003,76.3024,0.00000,0.00936
11.62,18.88,3.1236,78.8605,0.00000,0.00860
11.88,18.88,3.1418,80.0668,0.00000,0.00812
12.12,18.88,3.1537,80.6650,0.00000,0.00847
12.38,18.88,3.1601,81.6034,0.00000,0.00872
12.62,18.88,3.1382,83.5024,0.00000,0.00856
12.88,18.88,3.1173,86.6469,0.00000,0.00846
13.12,18.88,3.1167,89.6207,0.00000,0.00892
13.38,18.88,3.1222,92.8315,0.00000,0.00965
13.62,18.88,3.1317,97.1982,0.00000,0.01044
13.88,18.88,3.1309,100.1979,0.00000,0.01181
14.12,18.88,3.1045,100.6854,0.00000,0.01386
14.38,18.88,3.0893,100.8113,0.00000,0.01623
14.62,18.88,3.0824,102.4920,0.00000,0.01915
14.88,18.88,3.0895,105.7061,0.00001,0.02350
15.12,18.88,3.0874,108.8889,0.00027,0.02976
15.38,18.88,3.0639,110.6434,0.00331,0.03983
15.62,18.88,3.0684,113.2908,0.01517,0.05737
15.88,18.88,3.0115,118.0201,0.02959,0.08267
16.12,18.88,3.0103,127.2694,0.05374,0.10775
16.38,18.88,3.1759,146.3197,0.25833,0.11396
16.62,18.88,3.8872,177.5320,1.06658,0.09087
16.88,18.88,4.6694,213.3881,2.32349,0.05582
2.62,19.12,2.2872,63.6549,0.00000,0.01705
2.88,19.12,2.9614,56.6953,0.00000,0.02210
3.12,19.12,2.9394,49.4222,0.00000,0.01933
3.38,19.12,2.9343,41.8622,0.00000,0.01694
3.62,19.12,2.7780,38.6037,0.00000,0.01556
3.88,19.12,2.8212,38.7160,0.00000,0.01522
4.12,19.12,2.9030,39.6462,0.00000,0.01510
4.38,19.12,2.9224,41.1807,0.00000,0.01466
4.62,19.12,2.9783,42.6209,0.00000,0.01457
4.88,19.12,2.9809,44.7688,0.00000,0.01320
5.12,19.12,3.0120,46.5180,0.00000,0.01191
5.38,19.12,3.0399,47.8139,0.00000,0.01121
5.62,19.12,3.0604,49.1371,0.00000,0.01045
5.88,19.12,3.0721,50.9139,0.00000,0.00936
6.12,19.12,3.0991,52.5592,0.00000,0.00928
6.38,19.12,3.1130,53.3045,0.00000,0.00980
6.62,19.12,3.1238,54.1202,0.00000,0.00990
6.88,19.12,3.1396,56.1572,0.00000,0.00973
7.12,19.12,3.1571,58.1121,0.00000,0.00944
7.38,19.12,3.1637,58.9826,0.00000,0.00926
7.62,19.12,3.1597,60.2733,0.00000,0.00967
7.88,19.12,3.1704,61.9980,0.00000,0.00974
8.12,19.12,3.2021,62.2023,0.00000,0.00875
8.38,19.12,3.2294,61.9290,0.00000,0.00817
8.62,19.12,3.2296,61.3690,0.00000,0.00891
8.88,19.12,3.2051,60.8662,0.00000,0.00995
9.12,19.12,3.1905,61.8819,0.00000,0.00997
9.38,19.12,3.1902,63.4793,0.00000,0.00916
9.62,19.12,3.1898,64.5844,0.00000,0.00888
9.88,19.12,3.2014,66.3685,0.00000,0.00912
10.12,19.12,3.2109,68.2859,0.00000,0.00883
10.38,19.12,3.2123,69.3572,0.00000,0.00846
10.62,19.12,3.2112,71.0591,0.00000,0.00865
10.88,19.12,3.2036,74.2431,0.00000,0.00917
11.12,19.12,3.1979,78.3047,0.00000,0.00994
11.38,19.12,3.2058,82.2973,0.00000,0.01019
11.62,19.12,3.2340,84.2946,0.00000,0.00928
11.88,19.12,3.2567,84.0248,0.00000,0.00836
12.12,19.12,3.2625,83.8509,0.00000,0.00827
12.38,19.12,3.2531,84.7314,0.00000,0.00851
12.62,19.12,3.2147,86.3752,0.00000,0.00857
12.88,19.12,3.1955,89.7889,0.00000,0.00848
13.12,19.12,3.2123,94.2115,0.00000,0.00882
13.38,19.12,3.2271,98.4832,0.00000,0.00939
13.62,19.12,3.2187,102.8717,0.00000,0.00993
13.88,19.12,3.1905,105.5003,0.00000,0.01098
14.12,19.12,3.1511,105.9487,0.00000,0.01271
14.38,19.12,3.1572,107.2221,0.00000,0.01465
14.62,19.12,3.1532,109.9275,0.00000,0.01667
14.88,19.12,3.1332,113.2230,0.00003,0.01956
15.12,19.12,3.1253,117.5439,0.00050,0.02322
15.38,19.12,3.0875,121.8011,0.00558,0.02783
15.62,19.12,3.1015,127.7411,0.02615,0.03403
15.88,19.12,3.1020,134.5570,0.06135,0.04086
16.12,19.12,3.2231,142.0055,0.12375,0.04490
16.38,19.12,3.2591,152.2068,0.22528,0.04274
16.62,19.12,3.4042,165.2981,0.40326,0.03623
16.88,19.12,3.4076,181.4988,0.70196,0.02473
2.62,19.38,2.3095,63.5889,0.00000,0.01829
2.88,19.38,2.9954,56.6598,0.00000,0.02412
3.12,19.38,2.9510,49.6481,0.00000,0.02186
3.38,19.38,2.9217,43.1379,0.00000,0.01989
3.62,19.38,2.7527,40.6933,0.00000,0.01744
3.88,19.38,2.7645,40.9935,0.00000,0.01556
4.12,19.38,2.8724,41.6604,0.00000,0.01527
4.38,19.38,2.9000,42.4883,0.00000,0.01450
4.62,19.38,2.9527,43.5681,0.00000,0.01368
4.88,19.38,2.9606,45.8196,0.00000,0.01218
5.12,19.38,2.9853,47.6146,0.00000,0.01073
5.38,19.38,3.0196,48.9264,0.00000,0.00986
5.62,19.38,3.0601,49.9318,0.00000,0.00908
5.88,19.38,3.0736,51.2941,0.00000,0.00813
6.12,19.38,3.0752,53.2547,0.00000,0.00795
6.38,19.38,3.0763,54.5280,0.00000,0.00838
6.62,19.38,3.0774,55.4478,0.00000,0.00860
6.88,19.38,3.0903,57.4072,0.00000,0.00860
7.12,19.38,3.1086,59.4111,0.00000,0.00842
7.38,19.38,3.1124,60.9755,0.00000,0.00805
7.62,19.38,3.1115,63.5243,0.00000,0.00789
7.88,19.38,3.1237,65.8853,0.00000,0.00783
8.12,19.38,3.1438,65.4438,0.00000,0.00733
8.38,19.38,3.1591,65.0807,0.00000,0.00684
8.62,19.38,3.1482,65.5719,0.00000,0.00700
8.88,19.38,3.1245,65.9072,0.00000,0.00760
9.12,19.38,3.1173,67.0653,0.00000,0.00760
9.38,19.38,3.1260,68.6867,0.00000,0.00718
9.62,19.38,3.1451,69.3875,0.00000,0.00712
9.88,19.38,3.1622,70.4580,0.00000,0.00716
10.12,19.38,3.1664,72.0019,0.00000,0.00701
10.38,19.38,3.1666,73.3521,0.00000,0.00705
10.62,19.38,3.1726,75.9531,0.00000,0.00735
10.88,19.38,3.1742,80.2804,0.00000,0.00768
11.12,19.38,3.1731,85.3394,0.00000,0.00828
11.38,19.38,3.1860,89.4326,0.00000,0.00869
11.62,19.38,3.2055,90.5624,0.00000,0.00854
11.88,19.38,3.2228,89.4187,0.00000,0.00820
12.12,19.38,3.2228,89.2578,0.00000,0.00788
12.38,19.38,3.2163,91.0259,0.00000,0.00792
12.62,19.38,3.1838,93.1828,0.00000,0.00803
12.88,19.38,3.1766,96.6386,0.00000,0.00789
13.12,19.38,3.2020,101.7317,0.00000,0.00805
13.38,19.38,3.2212,106.7329,0.00000,0.00844
13.62,19.38,3.2131,111.1062,0.00000,0.00884
13.88,19.38,3.1783,113.5814,0.00000,0.00953
14.12,19.38,3.1485,114.8560,0.00000,0.01082
14.38,19.38,3.1401,117.5856,0.00000,0.01242
14.62,19.38,3.1360,121.2105,0.00001,0.01397
14.88,19.38,3.1257,124.2203,0.00016,0.01586
15.12,19.38,3.1124,128.7094,0.00093,0.01765
15.38,19.38,3.0720,134.4013,0.00447,0.01941
15.62,19.38,3.0802,141.7635,0.01835,0.02127
15.88,19.38,3.1266,147.9867,0.05993,0.02263
16.12,19.38,3.3199,150.4123,0.17441,0.02240
16.38,19.38,3.3568,153.1943,0.27997,0.01985
16.62,19.38,3.3258,159.2375,0.23645,0.01762
16.88,19.38,3.0684,170.0296,0.20133,0.01336
2.62,19.62,2.4808,64.5728,0.00000,0.01929
2.88,19.62,3.2359,59.5298,0.00000,0.02580
3.12,19.62,3.1230,53.6096,0.00000,0.02403
3.38,19.62,3.0271,46.8321,0.00000,0.02269
3.62,19.62,2.8927,43.8057,0.00000,0.01962
3.88,19.62,2.8942,43.8314,0.00000,0.01606
4.12,19.62,2.9799,44.3282,0.00000,0.01536
4.38,19.62,2.9876,44.9212,0.00000,0.01428
4.62,19.62,3.0302,45.3737,0.00000,0.01270
4.88,19.62,3.0510,46.9210,0.00000,0.01123
5.12,19.62,3.0832,48.7508,0.00000,0.01000
5.38,19.62,3.0988,50.4946,0.00000,0.00897
5.62,19.62,3.1391,51.9010,0.00000,0.00801
5.88,19.62,3.1646,53.4115,0.00000,0.00718
6.12,19.62,3.1614,55.5021,0.00000,0.00696
6.38,19.62,3.1671,57.3095,0.00000,0.00735
6.62,19.62,3.1753,59.0780,0.00000,0.00756
6.88,19.62,3.2007,61.5621,0.00000,0.00746
7.12,19.62,3.2290,63.8659,0.00000,0.00736
7.38,19.62,3.2401,65.6540,0.00000,0.00708
7.62,19.62,3.2478,67.5846,0.00000,0.00657
7.88,19.62,3.2607,69.5625,0.00000,0.00625
8.12,19.62,3.2706,70.1915,0.00000,0.00610
8.38,19.62,3.2766,70.7810,0.00000,0.00576
8.62,19.62,3.2614,71.8744,0.00000,0.00541
8.88,19.62,3.2570,73.0874,0.00000,0.00546
9.12,19.62,3.2737,75.2965,0.00000,0.00561
9.38,19.62,3.2858,78.6852,0.00000,0.00578
9.62,19.62,3.3087,80.7596,0.00000,0.00610
9.88,19.62,3.3230,81.0602,0.00000,0.00643
10.12,19.62,3.3276,80.9767,0.00000,0.00670
10.38,19.62,3.3324,82.2075,0.00000,0.00675
10.62,19.62,3.3396,85.3070,0.00000,0.00675
10.88,19.62,3.3365,88.7950,0.00000,0.00664
11.12,19.62,3.3217,92.2820,0.00000,0.00676
11.38,19.62,3.3255,95.6945,0.00000,0.00712
11.62,19.62,3.3334,97.4571,0.00000,0.00759
11.88,19.62,3.3495,97.8597,0.00000,0.00786
12.12,19.62,3.3590,99.1355,0.00000,0.00757
12.38,19.62,3.3639,101.5282,0.00000,0.00754
12.62,19.62,3.3358,103.7473,0.00000,0.00768
12.88,19.62,3.3257,106.7702,0.00000,0.00746
13.12,19.62,3.3311,111.5107,0.00000,0.00747
13.38,19.62,3.3450,116.6898,0.00000,0.00767
13.62,19.62,3.3575,121.9211,0.00000,0.00802
13.88,19.62,3.3411,125.4662,0.00000,0.00852
14.12,19.62,3.3174,127.6081,0.00000,0.00948
14.38,19.62,3.2831,130.6655,0.00002,0.01091
14.62,19.62,3.2828,134.2678,0.00014,0.01256
14.88,19.62,3.2905,136.3533,0.00080,0.01419
15.12,19.62,3.2753,140.7425,0.00308,0.01473
15.38,19.62,3.2309,146.9352,0.00568,0.01491
15.62,19.62,3.2201,154.3543,0.00862,0.01540
15.88,19.62,3.2323,159.2773,0.03236,0.01555
16.12,19.62,3.3924,159.0446,0.11679,0.01480
16.38,19.62,3.5062,160.0193,0.18959,0.01331
16.62,19.62,3.5801,163.7937,0.13849,0.01248
16.88,19.62,3.2635,173.3649,0.08140,0.00980
2.62,19.88,2.4298,65.1792,0.00000,0.01948
2.88,19.88,3.2391,62.5089,0.00000,0.02587
3.12,19.88,3.1315,58.4061,0.00000,0.02255
3.38,19.88,3.0345,51.7323,0.00000,0.01965
3.62,19.88,2.9542,48.5386,0.00000,0.01777
3.88,19.88,2.9390,48.4839,0.00000,0.01476
4.12,19.88,2.9980,48.4999,0.00000,0.01339
4.38,19.88,2.9939,48.8791,0.00000,0.01248
4.62,19.88,3.0288,48.8397,0.00000,0.01126
4.88,19.88,3.0416,49.4772,0.00000,0.01013
5.12,19.88,3.0535,51.2582,0.00000,0.00929
5.38,19.88,3.0477,53.5033,0.00000,0.00826
5.62,19.88,3.0566,55.5852,0.00000,0.00710
5.88,19.88,3.0845,57.3123,0.00000,0.00624
6.12,19.88,3.1017,59.5382,0.00000,0.00586
6.38,19.88,3.1157,62.3428,0.00000,0.00594
6.62,19.88,3.1336,65.4614,0.00000,0.00588
6.88,19.88,3.1564,68.7403,0.00000,0.00565
7.12,19.88,3.1686,71.4269,0.00000,0.00584
7.38,19.88,3.1779,73.3111,0.00000,0.00611
7.62,19.88,3.1861,74.4703,0.00000,0.00566
7.88,19.88,3.1964,76.2518,0.00000,0.00507
8.12,19.88,3.2061,78.5609,0.00000,0.00491
8.38,19.88,3.2091,80.5323,0.00000,0.00469
8.62,19.88,3.2103,82.1096,0.00000,0.00433
8.88,19.88,3.2101,83.9532,0.00000,0.00411
9.12,19.88,3.2207,87.4620,0.00000,0.00417
9.38,19.88,3.2352,93.0117,0.00000,0.00448
9.62,19.88,3.2504,96.8320,0.00000,0.00512
9.88,19.88,3.2586,96.8791,0.00000,0.00684
10.12,19.88,3.2622,95.7440,0.00000,0.00844
10.38,19.88,3.2644,97.0878,0.00000,0.00732
10.62,19.88,3.2677,100.8461,0.00000,0.00584
10.88,19.88,3.2651,103.6919,0.00000,0.00533
11.12,19.88,3.2549,105.6740,0.00000,0.00522
11.38,19.88,3.2536,108.6041,0.00000,0.00533
11.62,19.88,3.2532,111.4236,0.00000,0.00565
11.88,19.88,3.2722,113.7823,0.00000,0.00597
12.12,19.88,3.2850,116.4133,0.00000,0.00588
12.38,19.88,3.2736,118.7602,0.00000,0.00590
12.62,19.88,3.2543,120.7550,0.00000,0.00609
12.88,19.88,3.2450,123.4531,0.00000,0.00605
13.12,19.88,3.2274,127.4275,0.00000,0.00611
13.38,19.88,3.2352,132.2112,0.00000,0.00627
13.62,19.88,3.2473,138.3301,0.00000,0.00661
13.88,19.88,3.2587,143.2048,0.00000,0.00704
14.12,19.88,3.2338,145.3216,0.00002,0.00774
14.38,19.88,3.2187,147.7038,0.00024,0.00881
14.62,19.88,3.2348,150.8424,0.00114,0.01031
14.88,19.88,3.2261,151.4805,0.00282,0.01167
15.12,19.88,3.2340,155.2974,0.00593,0.01164
15.38,19.88,3.1991,161.1065,0.00870,0.01133
15.62,19.88,3.2231,168.1655,0.01054,0.01133
15.88,19.88,3.2105,171.7579,0.03306,0.01108
16.12,19.88,3.3327,169.6280,0.08590,0.01050
16.38,19.88,3.4352,170.4829,0.11519,0.01005
16.62,19.88,3.4764,174.1810,0.10277,0.01012
16.88,19.88,3.0896,184.5353,0.11215,0.00819
2.62,20.12,2.4026,66.6338,0.00000,0.02039
2.88,20.12,3.2503,64.7013,0.00000,0.02672
3.12,20.12,3.1019,61.2211,0.00000,0.02115
3.38,20.12,2.9882,54.7669,0.00000,0.01607
3.62,20.12,2.9513,52.0165,0.00000,0.01558
3.88,20.12,2.9155,52.5845,0.00000,0.01342
4.12,20.12,2.9651,52.5028,0.00000,0.01121
4.38,20.12,2.9558,52.4213,0.00000,0.01058
4.62,20.12,2.9884,51.7021,0.00000,0.01008
4.88,20.12,3.0023,51.4670,0.00000,0.00942
5.12,20.12,2.9972,52.9674,0.00000,0.00891
5.38,20.12,3.0003,55.0594,0.00000,0.00782
5.62,20.12,3.0076,57.4151,0.00000,0.00641
5.88,20.12,3.0372,59.3870,0.00000,0.00542
6.12,20.12,3.0680,62.3745,0.00000,0.00496
6.38,20.12,3.0821,66.6824,0.00000,0.00481
6.62,20.12,3.1063,69.8546,0.00000,0.00452
6.88,20.12,3.1227,71.4995,0.00000,0.00433
7.12,20.12,3.1182,73.5874,0.00000,0.00483
7.38,20.12,3.1309,76.5219,0.00000,0.00551
7.62,20.12,3.1444,78.7944,0.00000,0.00514
7.88,20.12,3.1582,81.3058,0.00000,0.00446
8.12,20.12,3.1744,85.1775,0.00000,0.00428
8.38,20.12,3.1759,89.0328,0.00000,0.00412
8.62,20.12,3.1910,91.2841,0.00000,0.00385
8.88,20.12,3.1919,92.9165,0.00000,0.00350
9.12,20.12,3.1957,96.4214,0.00000,0.00334
9.38,20.12,3.2209,102.1009,0.00000,0.00357
9.62,20.12,3.2261,105.7665,0.00000,0.00447
9.88,20.12,3.2222,105.3272,0.00000,0.00759
10.12,20.12,3.2335,105.1335,0.00000,0.01045
10.38,20.12,3.2430,107.8051,0.00000,0.00813
10.62,20.12,3.2421,112.9854,0.00000,0.00516
10.88,20.12,3.2410,117.5358,0.00000,0.00431
11.12,20.12,3.2426,119.8265,0.00000,0.00415
11.38,20.12,3.2407,121.5274,0.00000,0.00408
11.62,20.12,3.2306,124.2951,0.00000,0.00420
11.88,20.12,3.2500,129.0306,0.00000,0.00449
12.12,20.12,3.2708,133.4431,0.00000,0.00457
12.38,20.12,3.2495,136.7919,0.00000,0.00460
12.62,20.12,3.2412,139.7110,0.00000,0.00480
12.88,20.12,3.2430,141.8365,0.00000,0.00495
13.12,20.12,3.2214,143.2560,0.00000,0.00512
13.38,20.12,3.2297,146.0121,0.00000,0.00533
13.62,20.12,3.2260,152.2228,0.00000,0.00568
13.88,20.12,3.2511,158.4550,0.00000,0.00606
14.12,20.12,3.2265,160.7979,0.00009,0.00658
14.38,20.12,3.2336,162.0087,0.00111,0.00726
14.62,20.12,3.2596,164.6605,0.00504,0.00819
14.88,20.12,3.2423,164.4959,0.00891,0.00900
15.12,20.12,3.2836,166.7878,0.00815,0.00904
15.38,20.12,3.2557,170.5785,0.00800,0.00903
15.62,20.12,3.3355,176.5754,0.02497,0.00885
15.88,20.12,3.3417,180.2057,0.10368,0.00835
16.12,20.12,3.4390,177.4054,0.19545,0.00800
16.38,20.12,3.4470,176.0440,0.17410,0.00826
16.62,20.12,3.4722,177.0378,0.13647,0.00883
16.88,20.12,3.1559,185.5171,0.17706,0.00738
2.62,20.38,1.8674,73.4447,0.00000,0.01521
2.88,20.38,2.5248,70.2728,0.00000,0.01987
3.12,20.38,2.3777,65.1056,0.00000,0.01533
3.38,20.38,2.2757,58.0188,0.00000,0.01126
3.62,20.38,2.2536,55.6146,0.00000,0.01125
3.88,20.38,2.1990,56.9384,0.00000,0.00965
4.12,20.38,2.2188,57.3683,0.00000,0.00767
4.38,20.38,2.2126,57.2127,0.00000,0.00726
4.62,20.38,2.2482,55.4978,0.00000,0.00709
4.88,20.38,2.2708,53.9911,0.00000,0.00675
5.12,20.38,2.2681,54.9835,0.00000,0.00647
5.38,20.38,2.2873,56.6630,0.00000,0.00569
5.62,20.38,2.3120,59.2243,0.00000,0.00460
5.88,20.38,2.3366,61.5798,0.00000,0.00383
6.12,20.38,2.3578,65.4285,0.00000,0.00349
6.38,20.38,2.3611,71.0100,0.00000,0.00335
6.62,20.38,2.3705,73.3019,0.00000,0.00310
6.88,20.38,2.3628,71.9559,0.00000,0.00297
7.12,20.38,2.3448,72.8074,0.00000,0.00338
7.38,20.38,2.3688,77.0360,0.00000,0.00394
7.62,20.38,2.3971,81.0707,0.00000,0.00369
7.88,20.38,2.4087,84.8197,0.00000,0.00320
8.12,20.38,2.4174,90.3663,0.00000,0.00308
8.38,20.38,2.4190,96.0120,0.00000,0.00298
8.62,20.38,2.4390,98.3255,0.00000,0.00281
8.88,20.38,2.4597,98.9767,0.00000,0.00254
9.12,20.38,2.4826,102.1934,0.00000,0.00237
9.38,20.38,2.5108,107.7976,0.00000,0.00251
9.62,20.38,2.5083,110.2466,0.00000,0.00323
9.88,20.38,2.5034,107.8229,0.00000,0.00580
10.12,20.38,2.5288,108.1019,0.00000,0.00816
10.38,20.38,2.5365,112.1354,0.00000,0.00622
10.62,20.38,2.5223,119.3502,0.00000,0.00371
10.88,20.38,2.5313,126.8020,0.00000,0.00301
11.12,20.38,2.5516,129.6401,0.00000,0.00291
11.38,20.38,2.5505,129.0325,0.00000,0.00286
11.62,20.38,2.5316,130.7684,0.00000,0.00293
11.88,20.38,2.5476,138.2357,0.00000,0.00315
12.12,20.38,2.5855,145.4999,0.00000,0.00326
12.38,20.38,2.5915,151.2602,0.00000,0.00331
12.62,20.38,2.5986,155.7045,0.00000,0.00347
12.88,20.38,2.6051,156.6348,0.00000,0.00361
13.12,20.38,2.5828,154.5404,0.00000,0.00376
13.38,20.38,2.5822,154.6348,0.00000,0.00395
13.62,20.38,2.5699,161.4164,0.00000,0.00422
13.88,20.38,2.5955,169.6944,0.00001,0.00450
14.12,20.38,2.6024,172.4224,0.00020,0.00486
14.38,20.38,2.6255,172.1839,0.00247,0.00528
14.62,20.38,2.6592,174.9801,0.01108,0.00576
14.88,20.38,2.6950,174.6817,0.01844,0.00621
15.12,20.38,2.7906,175.0198,0.01211,0.00642
15.38,20.38,2.7936,176.7128,0.00787,0.00660
15.62,20.38,2.9306,181.0322,0.04873,0.00644
15.88,20.38,3.1058,184.9288,0.22041,0.00609
16.12,20.38,3.2786,182.4619,0.39484,0.00608
16.38,20.38,3.0479,178.5980,0.30344,0.00640
16.62,20.38,2.9466,175.6639,0.16096,0.00661
16.88,20.38,2.9002,179.7668,0.15342,0.00543
