x,y,rho,contact,casualty,pressure
2.62,0.12,0.4055,0.0702,0.00000,0.13109
2.88,0.12,0.7401,0.0431,0.00000,0.20351
3.12,0.12,0.9124,0.0190,0.00000,0.21548
3.38,0.12,0.8681,0.0064,0.00000,0.21031
3.62,0.12,0.8976,0.0030,0.00000,0.24126
3.88,0.12,0.8646,0.0037,0.00000,0.25315
4.12,0.12,0.8007,0.0070,0.00000,0.26273
4.38,0.12,0.8184,0.0127,0.00000,0.28754
4.62,0.12,0.8102,0.0141,0.00000,0.27551
4.88,0.12,0.7926,0.0078,0.00000,0.26017
5.12,0.12,0.7819,0.0032,0.00000,0.26412
5.38,0.12,0.7933,0.0037,0.00000,0.28524
5.62,0.12,0.8034,0.0070,0.00000,0.29446
5.88,0.12,0.7869,0.0097,0.00000,0.26669
6.12,0.12,0.8626,0.0094,0.00000,0.25185
6.38,0.12,0.9025,0.0095,0.00000,0.24445
6.62,0.12,0.8657,0.0082,0.00000,0.21498
6.88,0.12,0.9022,0.0076,0.00000,0.21690
7.12,0.12,0.7309,0.0086,0.00000,0.19853
7.38,0.12,0.4006,0.0066,0.00000,0.12430
2.62,0.38,0.8400,0.7111,0.00000,0.25432
2.88,0.38,1.4107,0.3446,0.00000,0.38665
3.12,0.38,1.5775,0.0978,0.00000,0.39335
3.38,0.38,1.4454,0.0234,0.00000,0.37499
3.62,0.38,1.5599,0.0126,0.00000,0.43557
3.88,0.38,1.5419,0.0157,0.00000,0.45591
4.12,0.38,1.4438,0.0209,0.00000,0.47410
4.38,0.38,1.5016,0.0274,0.00000,0.52176
4.62,0.38,1.4953,0.0265,0.00000,0.50618
4.88,0.38,1.4579,0.0156,0.00000,0.49111
5.12,0.38,1.4520,0.0096,0.00000,0.51035
5.38,0.38,1.4870,0.0126,0.00000,0.54584
5.62,0.38,1.4891,0.0191,0.00000,0.54888
5.88,0.38,1.4282,0.0231,0.00000,0.48950
6.12,0.38,1.5394,0.0213,0.00000,0.46241
6.38,0.38,1.5688,0.0190,0.00000,0.44813
6.62,0.38,1.4629,0.0146,0.00000,0.39368
6.88,0.38,1.6010,0.0137,0.00000,0.40829
7.12,0.38,1.4227,0.0166,0.00000,0.38597
7.38,0.38,0.8410,0.0128,0.00000,0.24608
2.62,0.62,1.2422,3.1205,0.00000,0.32469
2.88,0.62,1.9170,1.4450,0.00000,0.48110
3.12,0.62,1.9197,0.3514,0.00000,0.46650
3.38,0.62,1.7032,0.0602,0.00000,0.43498
3.62,0.62,1.9287,0.0292,0.00000,0.51729
3.88,0.62,1.9227,0.0383,0.00000,0.54271
4.12,0.62,1.8116,0.0435,0.00000,0.56296
4.38,0.62,1.9051,0.0413,0.00000,0.61815
4.62,0.62,1.9061,0.0321,0.00000,0.60687
4.88,0.62,1.8668,0.0196,0.00000,0.59893
5.12,0.62,1.8644,0.0170,0.00000,0.62458
5.38,0.62,1.9061,0.0234,0.00000,0.65430
5.62,0.62,1.9059,0.0305,0.00000,0.64316
5.88,0.62,1.8056,0.0341,0.00000,0.57000
6.12,0.62,1.9224,0.0325,0.00000,0.54479
6.38,0.62,1.9449,0.0267,0.00000,0.53254
6.62,0.62,1.7314,0.0184,0.00000,0.46283
6.88,0.62,1.9496,0.0187,0.00000,0.48937
7.12,0.62,1.9286,0.0227,0.00000,0.48318
7.38,0.62,1.2401,0.0170,0.00000,0.31685
2.62,0.88,1.4622,5.1338,0.00000,0.31583
2.88,0.88,2.0631,2.3665,0.00000,0.44923
3.12,0.88,1.8385,0.5663,0.00000,0.41037
3.38,0.88,1.6671,0.0934,0.00000,0.38176
3.62,0.88,1.9993,0.0458,0.00000,0.46208
3.88,0.88,1.9463,0.0603,0.00000,0.47887
4.12,0.88,1.8507,0.0606,0.00000,0.49695
4.38,0.88,1.9280,0.0468,0.00000,0.53623
4.62,0.88,1.9090,0.0303,0.00000,0.52620
4.88,0.88,1.9049,0.0195,0.00000,0.52257
5.12,0.88,1.8927,0.0224,0.00000,0.53350
5.38,0.88,1.8986,0.0304,0.00000,0.54377
5.62,0.88,1.9326,0.0344,0.00000,0.53769
5.88,0.88,1.8502,0.0377,0.00000,0.48776
6.12,0.88,1.9450,0.0409,0.00000,0.47237
6.38,0.88,2.0104,0.0352,0.00000,0.46754
6.62,0.88,1.6781,0.0274,0.00000,0.39259
6.88,0.88,1.8403,0.0311,0.00000,0.41363
7.12,0.88,2.0553,0.0313,0.00000,0.43999
7.38,0.88,1.4526,0.0202,0.00000,0.30473
2.62,1.12,1.7175,3.1292,0.00000,0.29577
2.88,1.12,2.2879,1.4689,0.00000,0.40510
3.12,1.12,1.8993,0.3884,0.00000,0.35507
3.38,1.12,1.8004,0.0908,0.00000,0.34148
3.62,1.12,2.1942,0.0543,0.00000,0.41476
3.88,1.12,2.0881,0.0628,0.00000,0.41948
4.12,1.12,2.0374,0.0545,0.00000,0.43698
4.38,1.12,2.0644,0.0388,0.00000,0.45940
4.62,1.12,2.0164,0.0256,0.00000,0.45058
4.88,1.12,2.0676,0.0191,0.00000,0.45532
5.12,1.12,2.0470,0.0256,0.00000,0.45481
5.38,1.12,1.9972,0.0340,0.00000,0.44689
5.62,1.12,2.0634,0.0356,0.00000,0.45145
5.88,1.12,2.0326,0.0380,0.00000,0.42899
6.12,1.12,2.0833,0.0453,0.00000,0.41424
6.38,1.12,2.1896,0.0446,0.00000,0.41120
6.62,1.12,1.7971,0.0423,0.00000,0.33519
6.88,1.12,1.9051,0.0478,0.00000,0.34466
7.12,1.12,2.2949,0.0419,0.00000,0.39372
7.38,1.12,1.7203,0.0251,0.00000,0.28794
2.62,1.38,1.9036,0.7172,0.00000,0.25331
2.88,1.38,2.4878,0.3689,0.00000,0.33954
3.12,1.38,2.0421,0.1426,0.00000,0.29521
3.38,1.38,1.9649,0.0640,0.00000,0.29523
3.62,1.38,2.3136,0.0419,0.00000,0.35328
3.88,1.38,2.2272,0.0376,0.00000,0.35682
4.12,1.38,2.2765,0.0277,0.00000,0.37773
4.38,1.38,2.2464,0.0192,0.00000,0.38667
4.62,1.38,2.1862,0.0141,0.00000,0.38421
4.88,1.38,2.2570,0.0119,0.00000,0.39865
5.12,1.38,2.2387,0.0172,0.00000,0.39574
5.38,1.38,2.1747,0.0245,0.00000,0.37952
5.62,1.38,2.2432,0.0265,0.00000,0.38675
5.88,1.38,2.2626,0.0259,0.00000,0.37890
6.12,1.38,2.2255,0.0331,0.00000,0.35764
6.38,1.38,2.3116,0.0410,0.00000,0.35412
6.62,1.38,1.9642,0.0434,0.00000,0.29316
6.88,1.38,2.0545,0.0487,0.00000,0.29299
7.12,1.38,2.4958,0.0587,0.00000,0.34123
7.38,1.38,1.9036,0.0708,0.00000,0.25620
2.62,1.62,1.9740,0.0740,0.00000,0.21005
2.88,1.62,2.5791,0.0577,0.00000,0.27861
3.12,1.62,2.1787,0.0447,0.00000,0.24532
3.38,1.62,2.1033,0.0321,0.00000,0.24812
3.62,1.62,2.2870,0.0241,0.00000,0.27917
3.88,1.62,2.2413,0.0181,0.00000,0.28262
4.12,1.62,2.4109,0.0105,0.00000,0.30531
4.38,1.62,2.3343,0.0064,0.00000,0.30269
4.62,1.62,2.2779,0.0053,0.00000,0.30233
4.88,1.62,2.2908,0.0055,0.00000,0.31256
5.12,1.62,2.2843,0.0094,0.00000,0.30997
5.38,1.62,2.2864,0.0176,0.00000,0.30220
5.62,1.62,2.3369,0.0222,0.00000,0.31027
5.88,1.62,2.3985,0.0178,0.00000,0.31150
6.12,1.62,2.2604,0.0215,0.00000,0.28715
6.38,1.62,2.3121,0.0331,0.00000,0.28668
6.62,1.62,2.1061,0.0380,0.00000,0.25561
6.88,1.62,2.1727,0.0864,0.00000,0.25641
7.12,1.62,2.5661,0.2982,0.00000,0.29648
7.38,1.62,1.9609,0.6225,0.00000,0.22498
2.62,1.88,2.0746,0.0154,0.00000,0.18561
2.88,1.88,2.7312,0.0198,0.00000,0.24599
3.12,1.88,2.4021,0.0167,0.00000,0.22046
3.38,1.88,2.3111,0.0136,0.00000,0.21860
3.62,1.88,2.2926,0.0151,0.00000,0.22447
3.88,1.88,2.2703,0.0129,0.00000,0.22376
4.12,1.88,2.5395,0.0066,0.00000,0.24626
4.38,1.88,2.4466,0.0028,0.00000,0.24120
4.62,1.88,2.4193,0.0025,0.00000,0.24237
4.88,1.88,2.3445,0.0039,0.00000,0.24311
5.12,1.88,2.3494,0.0071,0.00000,0.24335
5.38,1.88,2.4419,0.0147,0.00000,0.24693
5.62,1.88,2.4553,0.0205,0.00000,0.24973
5.88,1.88,2.5375,0.0158,0.00000,0.25315
6.12,1.88,2.3050,0.0167,0.00000,0.23005
6.38,1.88,2.3222,0.0271,0.00000,0.23367
6.62,1.88,2.3011,0.0468,0.00000,0.23140
6.88,1.88,2.3948,0.2780,0.00000,0.24093
7.12,1.88,2.7445,1.2422,0.00000,0.27495
7.38,1.88,2.0897,2.7295,0.00000,0.20875
2.62,2.12,2.1169,0.0142,0.00000,0.16168
2.88,2.12,2.8134,0.0178,0.00000,0.21502
3.12,2.12,2.5744,0.0121,0.00000,0.19607
3.38,2.12,2.4799,0.0076,0.00000,0.18952
3.62,2.12,2.2818,0.0081,0.00000,0.17862
3.88,2.12,2.2719,0.0073,0.00000,0.17664
4.12,2.12,2.6089,0.0041,0.00000,0.19940
4.38,2.12,2.5430,0.0017,0.00000,0.19636
4.62,2.12,2.5653,0.0019,0.00000,0.19932
4.88,2.12,2.4238,0.0032,0.00000,0.19502
5.12,2.12,2.4234,0.0046,0.00000,0.19779
5.38,2.12,2.5632,0.0083,0.00000,0.20641
5.62,2.12,2.5314,0.0128,0.00000,0.20245
5.88,2.12,2.6060,0.0119,0.00000,0.20398
6.12,2.12,2.3172,0.0110,0.00000,0.18412
6.38,2.12,2.3214,0.0165,0.00000,0.18829
6.62,2.12,2.4700,0.0512,0.00000,0.20107
6.88,2.12,2.5623,0.4400,0.00000,0.21350
7.12,2.12,2.8229,2.0323,0.00000,0.23885
7.38,2.12,2.1300,4.4892,0.00000,0.18050
2.62,2.38,2.1429,0.0154,0.00000,0.14330
2.88,2.38,2.8733,0.0193,0.00000,0.19114
3.12,2.38,2.7211,0.0129,0.00000,0.17642
3.38,2.38,2.6353,0.0066,0.00000,0.16725
3.62,2.38,2.3033,0.0046,0.00000,0.14836
3.88,2.38,2.2867,0.0039,0.00000,0.14591
4.12,2.38,2.6250,0.0034,0.00000,0.16488
4.38,2.38,2.5848,0.0023,0.00000,0.16091
4.62,2.38,2.6494,0.0026,0.00000,0.16360
4.88,2.38,2.4993,0.0037,0.00000,0.15946
5.12,2.38,2.4981,0.0035,0.00000,0.16439
5.38,2.38,2.6288,0.0044,0.00000,0.17421
5.62,2.38,2.5588,0.0083,0.00000,0.16894
5.88,2.38,2.6164,0.0109,0.00000,0.17144
6.12,2.38,2.3292,0.0086,0.00000,0.15597
6.38,2.38,2.3491,0.0104,0.00000,0.15751
6.62,2.38,2.6272,0.0340,0.00000,0.17389
6.88,2.38,2.6974,0.2715,0.00000,0.18785
7.12,2.38,2.8592,1.2376,0.00000,0.20877
7.38,2.38,2.1352,2.7265,0.00000,0.15745
2.62,2.62,2.2136,0.0135,0.00000,0.12761
2.88,2.62,2.9843,0.0170,0.00000,0.17030
3.12,2.62,2.8801,0.0122,0.00000,0.15736
3.38,2.62,2.7996,0.0083,0.00000,0.14774
3.62,2.62,2.4135,0.0072,0.00000,0.12929
3.88,2.62,2.3806,0.0053,0.00000,0.12545
4.12,2.62,2.6400,0.0041,0.00000,0.13754
4.38,2.62,2.6079,0.0033,0.00000,0.13527
4.62,2.62,2.7023,0.0041,0.00000,0.13937
4.88,2.62,2.6058,0.0051,0.00000,0.13668
5.12,2.62,2.6126,0.0039,0.00000,0.14092
5.38,2.62,2.6915,0.0040,0.00000,0.14907
5.62,2.62,2.5993,0.0084,0.00000,0.14616
5.88,2.62,2.6463,0.0124,0.00000,0.15122
6.12,2.62,2.4109,0.0094,0.00000,0.13981
6.38,2.62,2.4361,0.0103,0.00000,0.13783
6.62,2.62,2.7784,0.0194,0.00000,0.15335
6.88,2.62,2.8516,0.0716,0.00000,0.16844
7.12,2.62,2.9662,0.2854,0.00000,0.18737
7.38,2.62,2.2023,0.6149,0.00000,0.14122
2.62,2.88,2.2451,0.0130,0.00000,0.11496
2.88,2.88,3.0408,0.0165,0.00000,0.15288
3.12,2.88,2.9778,0.0129,0.00000,0.13894
3.38,2.88,2.9197,0.0120,0.00000,0.12728
3.62,2.88,2.5476,0.0128,0.00000,0.11221
3.88,2.88,2.5021,0.0085,0.00000,0.10847
4.12,2.88,2.6401,0.0041,0.00000,0.11374
4.38,2.88,2.6288,0.0031,0.00000,0.11504
4.62,2.88,2.7347,0.0043,0.00000,0.12123
4.88,2.88,2.6954,0.0047,0.00000,0.11888
5.12,2.88,2.7049,0.0040,0.00000,0.11888
5.38,2.88,2.7259,0.0044,0.00000,0.12299
5.62,2.88,2.6354,0.0093,0.00000,0.12285
5.88,2.88,2.6651,0.0141,0.00000,0.12934
6.12,2.88,2.5318,0.0108,0.00000,0.12459
6.38,2.88,2.5685,0.0118,0.00000,0.12283
6.62,2.88,2.9113,0.0175,0.00000,0.13675
6.88,2.88,2.9536,0.0194,0.00000,0.14975
7.12,2.88,3.0141,0.0335,0.00000,0.16446
7.38,2.88,2.2257,0.0572,0.00000,0.12347
2.62,3.12,2.2704,0.0142,0.00000,0.10840
2.88,3.12,3.0855,0.0182,0.00000,0.14348
3.12,3.12,3.0534,0.0149,0.00000,0.12733
3.38,3.12,3.0203,0.0162,0.00000,0.11235
3.62,3.12,2.6975,0.0193,0.00000,0.10015
3.88,3.12,2.6597,0.0123,0.00000,0.09797
4.12,3.12,2.6794,0.0043,0.00000,0.09723
4.38,3.12,2.6869,0.0027,0.00000,0.09892
4.62,3.12,2.7583,0.0038,0.00000,0.10508
4.88,3.12,2.7498,0.0038,0.00000,0.10343
5.12,3.12,2.7609,0.0037,0.00000,0.10058
5.38,3.12,2.7477,0.0040,0.00000,0.10076
5.62,3.12,2.6989,0.0064,0.00000,0.10112
5.88,3.12,2.7152,0.0098,0.00000,0.10612
6.12,3.12,2.7008,0.0095,0.00000,0.10788
6.38,3.12,2.7283,0.0131,0.00000,0.10979
6.62,3.12,3.0204,0.0190,0.00000,0.12340
6.88,3.12,3.0450,0.0157,0.00000,0.13560
7.12,3.12,3.0850,0.0117,0.00000,0.14812
7.38,3.12,2.2730,0.0087,0.00000,0.11095
2.62,3.38,2.2766,0.0159,0.00000,0.09711
2.88,3.38,3.1022,0.0202,0.00000,0.12852
3.12,3.38,3.1050,0.0162,0.00000,0.11384
3.38,3.38,3.1126,0.0182,0.00000,0.09946
3.62,3.38,2.8534,0.0223,0.00000,0.08907
3.88,3.38,2.8383,0.0135,0.00000,0.08734
4.12,3.38,2.7620,0.0040,0.00000,0.08242
4.38,3.38,2.7742,0.0025,0.00000,0.08266
4.62,3.38,2.7712,0.0036,0.00000,0.08671
4.88,3.38,2.7712,0.0029,0.00000,0.08562
5.12,3.38,2.7837,0.0024,0.00000,0.08303
5.38,3.38,2.7604,0.0022,0.00000,0.08252
5.62,3.38,2.7791,0.0026,0.00000,0.08340
5.88,3.38,2.7895,0.0048,0.00000,0.08575
6.12,3.38,2.8813,0.0073,0.00000,0.09063
6.38,3.38,2.8874,0.0124,0.00000,0.09487
6.62,3.38,3.1111,0.0179,0.00000,0.10742
6.88,3.38,3.1037,0.0168,0.00000,0.11914
7.12,3.38,3.1188,0.0146,0.00000,0.13079
7.38,3.38,2.2932,0.0103,0.00000,0.09814
2.62,3.62,2.2970,0.0188,0.00000,0.08723
2.88,3.62,3.1332,0.0236,0.00000,0.11538
3.12,3.62,3.1593,0.0168,0.00000,0.10217
3.38,3.62,3.2026,0.0132,0.00000,0.08845
3.62,3.62,2.9981,0.0141,0.00000,0.07738
3.88,3.62,3.0046,0.0086,0.00000,0.07410
4.12,3.62,2.8567,0.0027,0.00000,0.06786
4.38,3.62,2.8587,0.0015,0.00000,0.06697
4.62,3.62,2.7581,0.0020,0.00000,0.06759
4.88,3.62,2.7489,0.0017,0.00000,0.06682
5.12,3.62,2.7681,0.0024,0.00000,0.06610
5.38,3.62,2.7593,0.0033,0.00000,0.06834
5.62,3.62,2.8614,0.0026,0.00000,0.07267
5.88,3.62,2.8688,0.0030,0.00000,0.07346
6.12,3.62,3.0319,0.0056,0.00000,0.07811
6.38,3.62,3.0228,0.0103,0.00000,0.08176
6.62,3.62,3.1975,0.0159,0.00000,0.09277
6.88,3.62,3.1527,0.0188,0.00000,0.10476
7.12,3.62,3.1372,0.0207,0.00000,0.11660
7.38,3.62,2.3018,0.0156,0.00000,0.08788
2.62,3.88,2.3469,0.0190,0.00000,0.07952
2.88,3.88,3.1995,0.0236,0.00000,0.10508
3.12,3.88,3.2288,0.0152,0.00000,0.09300
3.38,3.88,3.2859,0.0077,0.00000,0.07994
3.62,3.88,3.1163,0.0075,0.00000,0.06812
3.88,3.88,3.1369,0.0074,0.00000,0.06340
4.12,3.88,2.9444,0.0041,0.00000,0.05731
4.38,3.88,2.9309,0.0016,0.00000,0.05597
4.62,3.88,2.7396,0.0010,0.00000,0.05371
4.88,3.88,2.7184,0.0021,0.00000,0.05325
5.12,3.88,2.7460,0.0080,0.00000,0.05449
5.38,3.88,2.7596,0.0131,0.00000,0.05860
5.62,3.88,2.9467,0.0085,0.00000,0.06478
5.88,3.88,2.9604,0.0042,0.00000,0.06490
6.12,3.88,3.1586,0.0053,0.00000,0.06892
6.38,3.88,3.1269,0.0092,0.00000,0.07189
6.62,3.88,3.2663,0.0148,0.00000,0.08180
6.88,3.88,3.2071,0.0214,0.00000,0.09363
7.12,3.88,3.1840,0.0270,0.00000,0.10519
7.38,3.88,2.3359,0.0209,0.00000,0.07952
2.62,4.12,2.3875,0.0170,0.00000,0.07346
2.88,4.12,3.2532,0.0212,0.00000,0.09682
3.12,4.12,3.2811,0.0134,0.00000,0.08484
3.38,4.12,3.3441,0.0062,0.00000,0.07192
3.62,4.12,3.1954,0.0078,0.00000,0.06082
3.88,4.12,3.2255,0.0109,0.00000,0.05625
4.12,4.12,3.0150,0.0080,0.00000,0.05081
4.38,4.12,2.9947,0.0046,0.00000,0.04947
4.62,4.12,2.7429,0.0029,0.00000,0.04557
4.88,4.12,2.7135,0.0038,0.00000,0.04535
5.12,4.12,2.7463,0.0132,0.00000,0.04775
5.38,4.12,2.7777,0.0219,0.00000,0.05061
5.62,4.12,3.0250,0.0144,0.00000,0.05510
5.88,4.12,3.0399,0.0059,0.00000,0.05573
6.12,4.12,3.2444,0.0058,0.00000,0.06086
6.38,4.12,3.2049,0.0098,0.00000,0.06457
6.62,4.12,3.3343,0.0163,0.00000,0.07433
6.88,4.12,3.2571,0.0252,0.00000,0.08550
7.12,4.12,3.2199,0.0331,0.00000,0.09622
7.38,4.12,2.3609,0.0258,0.00000,0.07279
2.62,4.38,2.4169,0.0179,0.00000,0.06761
2.88,4.38,3.2918,0.0229,0.00000,0.08897
3.12,4.38,3.3161,0.0160,0.00000,0.07748
3.38,4.38,3.3817,0.0078,0.00000,0.06531
3.62,4.38,3.2496,0.0086,0.00000,0.05574
3.88,4.38,3.2919,0.0123,0.00000,0.05211
4.12,4.38,3.0754,0.0108,0.00000,0.04717
4.38,4.38,3.0491,0.0097,0.00000,0.04574
4.62,4.38,2.7701,0.0079,0.00000,0.04149
4.88,4.38,2.7426,0.0051,0.00000,0.04172
5.12,4.38,2.7829,0.0089,0.00000,0.04391
5.38,4.38,2.8213,0.0148,0.00000,0.04432
5.62,4.38,3.0900,0.0113,0.00000,0.04698
5.88,4.38,3.1049,0.0062,0.00000,0.04914
6.12,4.38,3.3027,0.0067,0.00000,0.05570
6.38,4.38,3.2538,0.0110,0.00000,0.05969
6.62,4.38,3.3847,0.0179,0.00000,0.06915
6.88,4.38,3.3172,0.0277,0.00000,0.08019
7.12,4.38,3.2908,0.0364,0.00000,0.09070
7.38,4.38,2.4156,0.0286,0.00000,0.06869
2.62,4.62,2.4312,0.0376,0.00000,0.05816
2.88,4.62,3.3132,0.0403,0.00000,0.07692
3.12,4.62,3.3419,0.0301,0.00000,0.06844
3.38,4.62,3.4132,0.0148,0.00000,0.05960
3.62,4.62,3.2846,0.0106,0.00000,0.05197
3.88,4.62,3.3324,0.0144,0.00000,0.04910
4.12,4.62,3.1233,0.0148,0.00000,0.04408
4.38,4.62,3.1005,0.0159,0.00000,0.04238
4.62,4.62,2.8282,0.0150,0.00000,0.03983
4.88,4.62,2.8066,0.0083,0.00000,0.04094
5.12,4.62,2.8474,0.0049,0.00000,0.04136
5.38,4.62,2.8840,0.0075,0.00000,0.04045
5.62,4.62,3.1424,0.0091,0.00000,0.04290
5.88,4.62,3.1550,0.0080,0.00000,0.04552
6.12,4.62,3.3393,0.0092,0.00000,0.05190
6.38,4.62,3.2873,0.0139,0.00000,0.05616
6.62,4.62,3.4226,0.0225,0.00000,0.06543
6.88,4.62,3.3542,0.0368,0.00000,0.07536
7.12,4.62,3.3272,0.0510,0.00000,0.08468
7.38,4.62,2.4416,0.0465,0.00000,0.06401
2.62,4.88,2.4485,0.2263,0.00000,0.05223
2.88,4.88,3.3393,0.1427,0.00000,0.06936
3.12,4.88,3.3685,0.0697,0.00000,0.06255
3.38,4.88,3.4369,0.0273,0.00000,0.05539
3.62,4.88,3.3016,0.0130,0.00000,0.04860
3.88,4.88,3.3512,0.0173,0.00000,0.04597
4.12,4.88,3.1686,0.0232,0.00000,0.04155
4.38,4.88,3.1591,0.0275,0.00000,0.04056
4.62,4.88,2.9104,0.0281,0.00000,0.04028
4.88,4.88,2.8938,0.0170,0.00000,0.04181
5.12,4.88,2.9294,0.0083,0.00000,0.04041
5.38,4.88,2.9633,0.0087,0.00000,0.03895
5.62,4.88,3.1945,0.0112,0.00000,0.04124
5.88,4.88,3.2000,0.0099,0.00000,0.04299
6.12,4.88,3.3639,0.0106,0.00000,0.04808
6.38,4.88,3.3124,0.0187,0.00000,0.05273
6.62,4.88,3.4499,0.0394,0.00000,0.06196
6.88,4.88,3.3869,0.0799,0.00000,0.07158
7.12,4.88,3.3649,0.1428,0.00000,0.08048
7.38,4.88,2.4687,0.2032,0.00000,0.06079
2.62,5.12,2.4693,1.0404,0.00000,0.04983
2.88,5.12,3.3701,0.5381,0.00000,0.06631
3.12,5.12,3.3958,0.1788,0.00000,0.05975
3.38,5.12,3.4590,0.0500,0.00000,0.05271
3.62,5.12,3.3258,0.0189,0.00000,0.04637
3.88,5.12,3.3775,0.0213,0.00000,0.04381
4.12,5.12,3.2182,0.0313,0.00000,0.04002
4.38,5.12,3.2187,0.0367,0.00000,0.03941
4.62,5.12,3.0050,0.0381,0.00000,0.03920
4.88,5.12,2.9937,0.0247,0.00000,0.03941
5.12,5.12,3.0236,0.0128,0.00000,0.03795
5.38,5.12,3.0541,0.0102,0.00000,0.03733
5.62,5.12,3.2431,0.0112,0.00000,0.03948
5.88,5.12,3.2419,0.0105,0.00000,0.04121
6.12,5.12,3.3888,0.0118,0.00000,0.04591
6.38,5.12,3.3402,0.0273,0.00000,0.05077
6.62,5.12,3.4721,0.0788,0.00000,0.05944
6.88,5.12,3.4114,0.2028,0.00000,0.06831
7.12,5.12,3.3911,0.4773,0.00000,0.07638
7.38,5.12,2.4884,0.8466,0.00000,0.05759
2.62,5.38,2.4977,2.3532,0.00000,0.04860
2.88,5.38,3.4134,1.1717,0.00000,0.06472
3.12,5.38,3.4354,0.3473,0.00000,0.05795
3.38,5.38,3.4906,0.0821,0.00000,0.05049
3.62,5.38,3.3603,0.0281,0.00000,0.04432
3.88,5.38,3.4094,0.0252,0.00000,0.04159
4.12,5.38,3.2675,0.0330,0.00000,0.03805
4.38,5.38,3.2747,0.0314,0.00000,0.03692
4.62,5.38,3.1038,0.0274,0.00000,0.03578
4.88,5.38,3.1003,0.0190,0.00000,0.03553
5.12,5.38,3.1295,0.0125,0.00000,0.03525
5.38,5.38,3.1532,0.0098,0.00000,0.03540
5.62,5.38,3.2918,0.0102,0.00000,0.03737
5.88,5.38,3.2842,0.0113,0.00000,0.03979
6.12,5.38,3.4123,0.0150,0.00000,0.04461
6.38,5.38,3.3754,0.0386,0.00000,0.04943
6.62,5.38,3.5099,0.1205,0.00000,0.05783
6.88,5.38,3.4530,0.3628,0.00000,0.06713
7.12,5.38,3.4289,0.9879,0.00000,0.07528
7.38,5.38,2.5162,1.8595,0.00000,0.05677
2.62,5.62,2.5031,2.8788,0.00000,0.04588
2.88,5.62,3.4340,1.4596,0.00000,0.06123
3.12,5.62,3.4704,0.4423,0.00000,0.05486
3.38,5.62,3.5298,0.1049,0.00000,0.04774
3.62,5.62,3.3987,0.0362,0.00000,0.04174
3.88,5.62,3.4429,0.0295,0.00000,0.03892
4.12,5.62,3.3243,0.0359,0.00000,0.03618
4.38,5.62,3.3394,0.0292,0.00000,0.03505
4.62,5.62,3.2065,0.0191,0.00000,0.03348
4.88,5.62,3.2123,0.0146,0.00000,0.03353
5.12,5.62,3.2388,0.0132,0.00000,0.03397
5.38,5.62,3.2505,0.0105,0.00000,0.03432
5.62,5.62,3.3482,0.0099,0.00000,0.03593
5.88,5.62,3.3374,0.0125,0.00000,0.03782
6.12,5.62,3.4432,0.0207,0.00000,0.04185
6.38,5.62,3.4129,0.0499,0.00000,0.04721
6.62,5.62,3.5509,0.1391,0.00000,0.05634
6.88,5.62,3.5095,0.4586,0.00000,0.06757
7.12,5.62,3.4803,1.3369,0.00000,0.07709
7.38,5.62,2.5444,2.5347,0.00000,0.05819
2.62,5.88,2.5257,2.4966,0.00000,0.04395
2.88,5.88,3.4774,1.3639,0.00000,0.05871
3.12,5.88,3.5176,0.4789,0.00000,0.05253
3.38,5.88,3.5715,0.1370,0.00000,0.04560
3.62,5.88,3.4453,0.0508,0.00000,0.03968
3.88,5.88,3.4886,0.0314,0.00000,0.03690
4.12,5.88,3.3893,0.0331,0.00000,0.03558
4.38,5.88,3.4110,0.0322,0.00000,0.03545
4.62,5.88,3.3090,0.0260,0.00000,0.03322
4.88,5.88,3.3178,0.0213,0.00000,0.03236
5.12,5.88,3.3374,0.0183,0.00000,0.03292
5.38,5.88,3.3421,0.0147,0.00000,0.03435
5.62,5.88,3.4099,0.0148,0.00000,0.03641
5.88,5.88,3.3911,0.0206,0.00000,0.03696
6.12,5.88,3.4833,0.0343,0.00000,0.03963
6.38,5.88,3.4650,0.0701,0.00000,0.04554
6.62,5.88,3.5987,0.1664,0.00000,0.05529
6.88,5.88,3.5636,0.5476,0.00000,0.06718
7.12,5.88,3.5251,1.5994,0.00000,0.07701
7.38,5.88,2.5619,2.9875,0.00000,0.05805
2.62,6.12,2.5485,2.6307,0.00000,0.04333
2.88,6.12,3.5173,1.5125,0.00000,0.05789
3.12,6.12,3.5623,0.5796,0.00000,0.05171
3.38,6.12,3.6122,0.1872,0.00000,0.04445
3.62,6.12,3.4972,0.0779,0.00000,0.03810
3.88,6.12,3.5465,0.0423,0.00000,0.03524
4.12,6.12,3.4582,0.0361,0.00000,0.03514
4.38,6.12,3.4749,0.0402,0.00000,0.03595
4.62,6.12,3.3905,0.0395,0.00000,0.03313
4.88,6.12,3.4043,0.0356,0.00000,0.03127
5.12,6.12,3.4248,0.0304,0.00000,0.03160
5.38,6.12,3.4308,0.0243,0.00000,0.03397
5.62,6.12,3.4816,0.0261,0.00000,0.03692
5.88,6.12,3.4647,0.0377,0.00000,0.03689
6.12,6.12,3.5486,0.0607,0.00000,0.03860
6.38,6.12,3.5263,0.1106,0.00000,0.04464
6.62,6.12,3.6416,0.2277,0.00000,0.05458
6.88,6.12,3.6040,0.6831,0.00000,0.06559
7.12,6.12,3.5634,1.9007,0.00000,0.07454
7.38,6.12,2.5815,3.4625,0.00000,0.05619
2.62,6.38,2.5802,3.8220,0.00000,0.04207
2.88,6.38,3.5592,2.1471,0.00000,0.05607
3.12,6.38,3.6040,0.7908,0.00000,0.05030
3.38,6.38,3.6477,0.2543,0.00000,0.04321
3.62,6.38,3.5403,0.1159,0.00000,0.03664
3.88,6.38,3.5953,0.0684,0.00000,0.03344
4.12,6.38,3.5157,0.0541,0.00000,0.03277
4.38,6.38,3.5323,0.0535,0.00000,0.03324
4.62,6.38,3.4630,0.0519,0.00000,0.03175
4.88,6.38,3.4832,0.0522,0.00000,0.03104
5.12,6.38,3.5040,0.0485,0.00000,0.03047
5.38,6.38,3.5167,0.0379,0.00000,0.03112
5.62,6.38,3.5614,0.0388,0.00000,0.03334
5.88,6.38,3.5401,0.0556,0.00000,0.03429
6.12,6.38,3.6111,0.0913,0.00000,0.03678
6.38,6.38,3.5807,0.1651,0.00000,0.04285
6.62,6.38,3.6820,0.3245,0.00000,0.05225
6.88,6.38,3.6302,0.8765,0.00000,0.06113
7.12,6.38,3.5810,2.2526,0.00000,0.06814
7.38,6.38,2.5907,3.9615,0.00000,0.05126
2.62,6.62,2.6056,5.0350,0.00000,0.04019
2.88,6.62,3.5883,2.8063,0.00000,0.05347
3.12,6.62,3.6376,1.0269,0.00000,0.04906
3.38,6.62,3.6871,0.3339,0.00000,0.04313
3.62,6.62,3.5789,0.1565,0.00000,0.03620
3.88,6.62,3.6285,0.0989,0.00000,0.03222
4.12,6.62,3.5593,0.0754,0.00000,0.03042
4.38,6.62,3.5855,0.0666,0.00000,0.03022
4.62,6.62,3.5327,0.0639,0.00000,0.03021
4.88,6.62,3.5612,0.0685,0.00000,0.03089
5.12,6.62,3.5813,0.0660,0.00000,0.02946
5.38,6.62,3.5977,0.0519,0.00000,0.02816
5.62,6.62,3.6324,0.0520,0.00000,0.02915
5.88,6.62,3.5987,0.0713,0.00000,0.03080
6.12,6.62,3.6628,0.1129,0.00000,0.03425
6.38,6.62,3.6242,0.2102,0.00000,0.04055
6.62,6.62,3.7181,0.4388,0.00000,0.04986
6.88,6.62,3.6588,1.1359,0.00000,0.05793
7.12,6.62,3.6100,2.7544,0.00000,0.06400
7.38,6.62,2.6156,4.7214,0.00000,0.04798
2.62,6.88,2.6214,5.5024,0.00000,0.03815
2.88,6.88,3.6106,3.1954,0.00000,0.05119
3.12,6.88,3.6706,1.2865,0.00000,0.04836
3.38,6.88,3.7339,0.4604,0.00000,0.04359
3.62,6.88,3.6245,0.2114,0.00000,0.03652
3.88,6.88,3.6657,0.1317,0.00000,0.03212
4.12,6.88,3.6011,0.0904,0.00000,0.02926
4.38,6.88,3.6384,0.0739,0.00000,0.02819
4.62,6.88,3.5999,0.0752,0.00000,0.02817
4.88,6.88,3.6353,0.0813,0.00000,0.02896
5.12,6.88,3.6531,0.0782,0.00000,0.02782
5.38,6.88,3.6713,0.0660,0.00000,0.02674
5.62,6.88,3.7001,0.0721,0.00000,0.02753
5.88,6.88,3.6572,0.0930,0.00000,0.02903
6.12,6.88,3.7112,0.1312,0.00000,0.03255
6.38,6.88,3.6602,0.2457,0.00000,0.03918
6.62,6.88,3.7563,0.5446,0.00000,0.04910
6.88,6.88,3.6838,1.4335,0.00000,0.05698
7.12,6.88,3.6230,3.5424,0.00000,0.06247
7.38,6.88,2.6287,6.1668,0.00000,0.04681
2.62,7.12,2.6418,5.3622,0.00000,0.03532
2.88,7.12,3.6398,3.4073,0.00000,0.04837
3.12,7.12,3.7008,1.6193,0.00000,0.04712
3.38,7.12,3.7677,0.6588,0.00000,0.04328
3.62,7.12,3.6645,0.2956,0.00000,0.03663
3.88,7.12,3.7116,0.1779,0.00000,0.03260
4.12,7.12,3.6481,0.1132,0.00000,0.02895
4.38,7.12,3.6896,0.0891,0.00000,0.02719
4.62,7.12,3.6575,0.0955,0.00000,0.02698
4.88,7.12,3.6991,0.1006,0.00000,0.02763
5.12,7.12,3.7130,0.0951,0.00000,0.02693
5.38,7.12,3.7285,0.0860,0.00000,0.02631
5.62,7.12,3.7564,0.0988,0.00000,0.02706
5.88,7.12,3.7184,0.1223,0.00000,0.02846
6.12,7.12,3.7663,0.1610,0.00000,0.03224
6.38,7.12,3.6925,0.3029,0.00000,0.03986
6.62,7.12,3.7845,0.6780,0.00000,0.05099
6.88,7.12,3.7172,1.7508,0.00000,0.05833
7.12,7.12,3.6601,4.3654,0.00000,0.06278
7.38,7.12,2.6590,7.6826,0.00000,0.04699
2.62,7.38,2.6569,5.5933,0.00000,0.03371
2.88,7.38,3.6589,3.7990,0.00000,0.04674
3.12,7.38,3.7239,1.9860,0.00000,0.04657
3.38,7.38,3.8009,0.8769,0.00000,0.04352
3.62,7.38,3.7005,0.4171,0.00000,0.03700
3.88,7.38,3.7487,0.2585,0.00000,0.03309
4.12,7.38,3.6873,0.1685,0.00000,0.02926
4.38,7.38,3.7348,0.1287,0.00000,0.02742
4.62,7.38,3.7044,0.1290,0.00000,0.02751
4.88,7.38,3.7475,0.1347,0.00000,0.02850
5.12,7.38,3.7565,0.1300,0.00000,0.02752
5.38,7.38,3.7740,0.1185,0.00000,0.02630
5.62,7.38,3.8055,0.1306,0.00000,0.02671
5.88,7.38,3.7731,0.1571,0.00000,0.02822
6.12,7.38,3.8177,0.2145,0.00000,0.03293
6.38,7.38,3.7328,0.4169,0.00000,0.04335
6.62,7.38,3.8203,0.9119,0.00000,0.05698
6.88,7.38,3.7436,2.1748,0.00000,0.06210
7.12,7.38,3.6832,5.1681,0.00000,0.06367
7.38,7.38,2.6792,8.9665,0.00000,0.04718
2.62,7.62,2.6809,6.6342,0.00000,0.03519
2.88,7.62,3.6922,4.5465,0.00000,0.04872
3.12,7.62,3.7569,2.3938,0.00000,0.04886
3.38,7.62,3.8337,1.1076,0.00000,0.04624
3.62,7.62,3.7336,0.5873,0.00000,0.03914
3.88,7.62,3.7857,0.3870,0.00000,0.03461
4.12,7.62,3.7216,0.2605,0.00000,0.03065
4.38,7.62,3.7725,0.1953,0.00000,0.02896
4.62,7.62,3.7442,0.1860,0.00000,0.02981
4.88,7.62,3.7876,0.1989,0.00000,0.03174
5.12,7.62,3.7919,0.1937,0.00000,0.03015
5.38,7.62,3.8101,0.1716,0.00000,0.02760
5.62,7.62,3.8430,0.1779,0.00000,0.02718
5.88,7.62,3.8139,0.2089,0.00000,0.02850
6.12,7.62,3.8587,0.3053,0.00000,0.03441
6.38,7.62,3.7717,0.6053,0.00000,0.04881
6.62,7.62,3.8580,1.3011,0.00000,0.06555
6.88,7.62,3.7731,2.8689,0.00000,0.06682
7.12,7.62,3.7115,6.3459,0.00000,0.06391
7.38,7.62,2.7040,10.7305,0.00000,0.04652
2.62,7.88,2.6978,7.8013,0.00000,0.03774
2.88,7.88,3.7174,5.4054,0.00000,0.05233
3.12,7.88,3.7835,2.8738,0.00000,0.05355
3.38,7.88,3.8541,1.3963,0.00000,0.05213
3.62,7.88,3.7537,0.8064,0.00000,0.04420
3.88,7.88,3.8171,0.5557,0.00000,0.03848
4.12,7.88,3.7529,0.3845,0.00000,0.03364
4.38,7.88,3.8019,0.3000,0.00000,0.03211
4.62,7.88,3.7755,0.2935,0.00000,0.03450
4.88,7.88,3.8272,0.3188,0.00000,0.03801
5.12,7.88,3.8312,0.3060,0.00000,0.03569
5.38,7.88,3.8427,0.2625,0.00000,0.03141
5.62,7.88,3.8739,0.2631,0.00000,0.02981
5.88,7.88,3.8492,0.3113,0.00000,0.03110
6.12,7.88,3.8952,0.4666,0.00000,0.03862
6.38,7.88,3.7936,0.8885,0.00000,0.05695
6.62,7.88,3.8775,1.8210,0.00000,0.07704
6.88,7.88,3.7978,3.6938,0.00000,0.07431
7.12,7.88,3.7312,7.4471,0.00000,0.06585
7.38,7.88,2.7138,12.0251,0.00000,0.04649
2.62,8.12,2.7206,8.9775,0.00000,0.04005
2.88,8.12,3.7469,6.3274,0.00000,0.05618
3.12,8.12,3.8091,3.4406,0.00000,0.06046
3.38,8.12,3.8668,1.7869,0.00000,0.06204
3.62,8.12,3.7682,1.1255,0.00000,0.05292
3.88,8.12,3.8463,0.8134,0.00000,0.04528
4.12,8.12,3.7843,0.5887,0.00000,0.03897
4.38,8.12,3.8226,0.4826,0.00000,0.03743
4.62,8.12,3.7972,0.4729,0.00000,0.04060
4.88,8.12,3.8654,0.4948,0.00000,0.04438
5.12,8.12,3.8714,0.4711,0.00000,0.04174
5.38,8.12,3.8774,0.4105,0.00000,0.03677
5.62,8.12,3.9100,0.4094,0.00000,0.03447
5.88,8.12,3.8856,0.4897,0.00000,0.03668
6.12,8.12,3.9270,0.7359,0.00000,0.04686
6.38,8.12,3.8036,1.3208,0.00000,0.06932
6.62,8.12,3.8855,2.4911,0.00000,0.09378
6.88,8.12,3.8238,4.5772,0.00000,0.08805
7.12,8.12,3.7580,8.2777,0.00000,0.07328
7.38,8.12,2.7294,12.5038,0.00000,0.04984
2.62,8.38,2.7290,10.0753,0.00000,0.04255
2.88,8.38,3.7641,7.3612,0.00000,0.06104
3.12,8.38,3.8360,4.2607,0.00000,0.07010
3.38,8.38,3.8871,2.4115,0.00000,0.07602
3.62,8.38,3.7865,1.6068,0.00000,0.06549
3.88,8.38,3.8688,1.1957,0.00000,0.05541
4.12,8.38,3.8095,0.9001,0.00000,0.04738
4.38,8.38,3.8414,0.7590,0.00000,0.04582
4.62,8.38,3.8155,0.7341,0.00000,0.04879
4.88,8.38,3.8917,0.7338,0.00000,0.05096
5.12,8.38,3.9004,0.7028,0.00000,0.04711
5.38,8.38,3.9081,0.6404,0.00000,0.04197
5.62,8.38,3.9385,0.6399,0.00000,0.04008
5.88,8.38,3.9105,0.7501,0.00000,0.04360
6.12,8.38,3.9495,1.1019,0.00000,0.05678
6.38,8.38,3.8153,1.8897,0.00000,0.08501
6.62,8.38,3.8935,3.3426,0.00000,0.11576
6.88,8.38,3.8412,5.6020,0.00000,0.10611
7.12,8.38,3.7714,8.9152,0.00000,0.08204
7.38,8.38,2.7394,12.2708,0.00000,0.05319
2.62,8.62,2.7516,11.3317,0.00000,0.04672
2.88,8.62,3.7919,8.7016,0.00000,0.06860
3.12,8.62,3.8625,5.4742,0.00000,0.08388
3.38,8.62,3.8996,3.3518,0.00000,0.09507
3.62,8.62,3.7997,2.2938,0.00000,0.08247
3.88,8.62,3.8819,1.7102,0.00000,0.06883
4.12,8.62,3.8206,1.3020,0.00000,0.05886
4.38,8.62,3.8544,1.1064,0.00000,0.05736
4.62,8.62,3.8311,1.0670,0.00000,0.06068
4.88,8.62,3.9069,1.0708,0.00000,0.06265
5.12,8.62,3.9159,1.0559,0.00000,0.05685
5.38,8.62,3.9325,0.9850,0.00000,0.04981
5.62,8.62,3.9596,0.9725,0.00000,0.04741
5.88,8.62,3.9253,1.1145,0.00000,0.05133
6.12,8.62,3.9600,1.5755,0.00000,0.06749
6.38,8.62,3.8229,2.5748,0.00000,0.10447
6.62,8.62,3.9011,4.3535,0.00000,0.14462
6.88,8.62,3.8651,6.8724,0.00000,0.12945
7.12,8.62,3.7982,9.9322,0.00000,0.09143
7.38,8.62,2.7645,12.6337,0.00000,0.05544
2.62,8.88,2.7667,12.4576,0.00000,0.05093
2.88,8.88,3.8028,10.1765,0.00000,0.07758
3.12,8.88,3.8779,6.9553,0.00000,0.10206
3.38,8.88,3.9107,4.5107,0.00000,0.11965
3.62,8.88,3.8079,3.1218,0.00000,0.10414
3.88,8.88,3.8889,2.3385,0.00000,0.08656
4.12,8.88,3.8296,1.8174,0.00000,0.07421
4.38,8.88,3.8659,1.5503,0.00000,0.07218
4.62,8.88,3.8423,1.4895,0.00000,0.07650
4.88,8.88,3.9145,1.5265,0.00000,0.08029
5.12,8.88,3.9243,1.5451,0.00000,0.07243
5.38,8.88,3.9532,1.4589,0.00000,0.06244
5.62,8.88,3.9784,1.4409,0.00000,0.05897
5.88,8.88,3.9424,1.6309,0.00000,0.06252
6.12,8.88,3.9745,2.1986,0.00000,0.08149
6.38,8.88,3.8372,3.4160,0.00000,0.12913
6.62,8.88,3.9145,5.5549,0.00000,0.18093
6.88,8.88,3.8901,8.3869,0.00000,0.16013
7.12,8.88,3.8240,11.3625,0.00000,0.10597
7.38,8.88,2.7907,13.7131,0.00000,0.06048
2.62,9.12,2.7923,13.7006,0.00000,0.05406
2.88,9.12,3.8207,11.7666,0.00000,0.08630
3.12,9.12,3.8875,8.5204,0.00000,0.12173
3.38,9.12,3.9067,5.7197,0.00000,0.14673
3.62,9.12,3.8097,3.9960,0.00000,0.12998
3.88,9.12,3.8987,3.0586,0.00000,0.11017
4.12,9.12,3.8444,2.4584,0.00000,0.09427
4.38,9.12,3.8825,2.1166,0.00000,0.09004
4.62,9.12,3.8513,2.0192,0.00000,0.09524
4.88,9.12,3.9074,2.0863,0.00000,0.10071
5.12,9.12,3.9195,2.1488,0.00000,0.09069
5.38,9.12,3.9688,2.0624,0.00000,0.07833
5.62,9.12,3.9979,2.0574,0.00000,0.07448
5.88,9.12,3.9594,2.3054,0.00000,0.07827
6.12,9.12,3.9859,2.9592,0.00000,0.10002
6.38,9.12,3.8522,4.3734,0.00000,0.15802
6.62,9.12,3.9298,6.8700,0.00000,0.22085
6.88,9.12,3.9211,9.9859,0.00000,0.19264
7.12,9.12,3.8555,12.7629,0.00000,0.12099
7.38,9.12,2.8193,14.5590,0.00000,0.06522
2.62,9.38,2.8114,15.2459,0.00000,0.05674
2.88,9.38,3.8327,13.5108,0.00000,0.09429
3.12,9.38,3.9022,10.1682,0.00000,0.14263
3.38,9.38,3.9114,7.0181,0.00000,0.17905
3.62,9.38,3.8187,4.9998,0.00000,0.16215
3.88,9.38,3.9049,3.9101,0.00000,0.13911
4.12,9.38,3.8543,3.2090,0.00000,0.11830
4.38,9.38,3.8985,2.7868,0.00000,0.11057
4.62,9.38,3.8636,2.6442,0.00000,0.11597
4.88,9.38,3.9082,2.7520,0.00000,0.12275
5.12,9.38,3.9209,2.8981,0.00000,0.11152
5.38,9.38,3.9740,2.8334,0.00000,0.09864
5.62,9.38,4.0019,2.8082,0.00000,0.09497
5.88,9.38,3.9671,3.0935,0.00000,0.09853
6.12,9.38,3.9939,3.8642,0.00000,0.12279
6.38,9.38,3.8684,5.4666,0.00000,0.19294
6.62,9.38,3.9421,8.2160,0.00000,0.26785
6.88,9.38,3.9497,11.5981,0.00000,0.22847
7.12,9.38,3.8880,14.5051,0.00000,0.13578
7.38,9.38,2.8560,16.1959,0.00000,0.06918
2.62,9.62,2.8419,16.4867,0.00000,0.06005
2.88,9.62,3.8652,15.1595,0.00000,0.10390
3.12,9.62,3.9355,11.8573,0.00000,0.16656
3.38,9.62,3.9226,8.4293,0.00000,0.21580
3.62,9.62,3.8282,6.1488,0.00000,0.19711
3.88,9.62,3.9062,4.8745,0.00000,0.16960
4.12,9.62,3.8553,4.0546,0.00000,0.14506
4.38,9.62,3.9042,3.5592,0.00000,0.13454
4.62,9.62,3.8762,3.3830,0.00000,0.13845
4.88,9.62,3.9172,3.5492,0.00000,0.14617
5.12,9.62,3.9228,3.8109,0.00000,0.13644
5.38,9.62,3.9661,3.7879,0.00000,0.12505
5.62,9.62,3.9923,3.7115,0.00000,0.12102
5.88,9.62,3.9649,4.0199,0.00000,0.12343
6.12,9.62,3.9901,4.9218,0.00000,0.15004
6.38,9.62,3.8791,6.6945,0.00000,0.23074
6.62,9.62,3.9574,9.6490,0.00000,0.31544
6.88,9.62,3.9837,13.2770,0.00000,0.26368
7.12,9.62,3.9187,16.4955,0.00000,0.15053
7.38,9.62,2.8890,18.4131,0.00000,0.07384
2.62,9.88,2.8724,18.4891,0.00000,0.06578
2.88,9.88,3.8845,17.0283,0.00000,0.11829
3.12,9.88,3.9573,13.4329,0.00000,0.19503
3.38,9.88,3.9350,9.8041,0.00000,0.25253
3.62,9.88,3.8385,7.3800,0.00000,0.22945
3.88,9.88,3.9077,5.9657,0.00000,0.19819
4.12,9.88,3.8581,5.0619,0.00000,0.17238
4.38,9.88,3.9046,4.5017,0.00000,0.16127
4.62,9.88,3.8811,4.2721,0.00000,0.16424
4.88,9.88,3.9190,4.4492,0.00000,0.17407
5.12,9.88,3.9182,4.7958,0.00000,0.16574
5.38,9.88,3.9520,4.8319,0.00000,0.15305
5.62,9.88,3.9762,4.7319,0.00000,0.14691
5.88,9.88,3.9642,5.0772,0.00000,0.15133
6.12,9.88,3.9875,6.0672,0.00000,0.18338
6.38,9.88,3.8791,7.9632,0.00000,0.27075
6.62,9.88,3.9612,11.1957,0.00000,0.36237
6.88,9.88,4.0272,15.1677,0.00000,0.30162
7.12,9.88,3.9636,18.6682,0.00000,0.16910
7.38,9.88,2.9249,20.7207,0.00000,0.08051
2.62,10.12,2.9129,21.1045,0.00000,0.07224
2.88,10.12,3.9044,19.1681,0.00000,0.13400
3.12,10.12,3.9734,15.0737,0.00000,0.22597
3.38,10.12,3.9498,11.2652,0.00000,0.29106
3.62,10.12,3.8541,8.7662,0.00000,0.26292
3.88,10.12,3.9115,7.2621,0.00000,0.22714
4.12,10.12,3.8674,6.2881,0.00000,0.19936
4.38,10.12,3.9054,5.6269,0.00000,0.18600
4.62,10.12,3.8808,5.3223,0.00000,0.18836
4.88,10.12,3.9188,5.4826,0.00000,0.20213
5.12,10.12,3.9193,5.8549,0.00000,0.19662
5.38,10.12,3.9490,5.9199,0.00000,0.18284
5.62,10.12,3.9677,5.8104,0.00000,0.17417
5.88,10.12,3.9632,6.2217,0.00000,0.18096
6.12,10.12,3.9819,7.3189,0.00000,0.21744
6.38,10.12,3.8831,9.3338,0.00000,0.30870
6.62,10.12,3.9688,12.8426,0.00000,0.40750
6.88,10.12,4.0738,17.1971,0.00000,0.34353
7.12,10.12,4.0109,20.8997,0.00000,0.19141
7.38,10.12,2.9611,22.8713,0.00000,0.08756
2.62,10.38,2.9512,23.6058,0.00000,0.07560
2.88,10.38,3.9286,21.5250,0.00000,0.14571
3.12,10.38,3.9985,17.1548,0.00000,0.25370
3.38,10.38,3.9648,13.0878,0.00000,0.32747
3.62,10.38,3.8700,10.3900,0.00000,0.29614
3.88,10.38,3.9168,8.7543,0.00000,0.25771
4.12,10.38,3.8753,7.6949,0.00000,0.22741
4.38,10.38,3.8966,6.9060,0.00000,0.20703
4.62,10.38,3.8730,6.5294,0.00000,0.20592
4.88,10.38,3.9183,6.6977,0.00000,0.22398
5.12,10.38,3.9205,7.0873,0.00000,0.22570
5.38,10.38,3.9419,7.1207,0.00000,0.21484
5.62,10.38,3.9543,6.9909,0.00000,0.20381
5.88,10.38,3.9576,7.5358,0.00000,0.21277
6.12,10.38,3.9760,8.8025,0.00000,0.25194
6.38,10.38,3.8948,10.9464,0.00000,0.34392
6.62,10.38,3.9804,14.6199,0.00000,0.44879
6.88,10.38,4.1126,19.3181,0.00000,0.38599
7.12,10.38,4.0551,23.3855,0.00000,0.21492
7.38,10.38,3.0051,25.4797,0.00000,0.09437
2.62,10.62,3.0102,26.5875,0.00000,0.07688
2.88,10.62,3.9604,24.2285,0.00000,0.15558
3.12,10.62,4.0281,19.5258,0.00000,0.27935
3.38,10.62,3.9804,15.1105,0.00000,0.36134
3.62,10.62,3.8861,12.1256,0.00000,0.32867
3.88,10.62,3.9053,10.3099,0.00000,0.28844
4.12,10.62,3.8643,9.1438,0.00000,0.25565
4.38,10.62,3.8897,8.2433,0.00000,0.22865
4.62,10.62,3.8721,7.8461,0.00000,0.22445
4.88,10.62,3.9111,8.0771,0.00000,0.24603
5.12,10.62,3.9141,8.5318,0.00000,0.25475
5.38,10.62,3.9320,8.5303,0.00000,0.24773
5.62,10.62,3.9402,8.3844,0.00000,0.23554
5.88,10.62,3.9430,9.0844,0.00000,0.24770
6.12,10.62,3.9596,10.5147,0.00000,0.28904
6.38,10.62,3.9021,12.7980,0.00000,0.37898
6.62,10.62,3.9896,16.5371,0.00000,0.48690
6.88,10.62,4.1265,21.4902,0.00000,0.42425
7.12,10.62,4.0660,26.2831,0.00000,0.23577
7.38,10.62,3.0538,29.2247,0.00000,0.10102
2.62,10.88,3.0851,30.0134,0.00000,0.07803
2.88,10.88,3.9714,26.9568,0.00000,0.16494
3.12,10.88,4.0387,21.6712,0.00000,0.30456
3.38,10.88,3.9801,16.9769,0.00000,0.39331
3.62,10.88,3.8905,13.8339,0.00000,0.35545
3.88,10.88,3.8922,11.8940,0.00000,0.31046
4.12,10.88,3.8572,10.6429,0.00000,0.27851
4.38,10.88,3.8894,9.6769,0.00000,0.25045
4.62,10.88,3.8789,9.3052,0.00000,0.24669
4.88,10.88,3.9087,9.6065,0.00000,0.27228
5.12,10.88,3.9167,10.1290,0.00000,0.28333
5.38,10.88,3.9346,10.1176,0.00000,0.27624
5.62,10.88,3.9382,9.9597,0.00000,0.26287
5.88,10.88,3.9287,10.7637,0.00000,0.27752
6.12,10.88,3.9388,12.3452,0.00000,0.32328
6.38,10.88,3.8936,14.7914,0.00000,0.41505
6.62,10.88,3.9775,18.5039,0.00000,0.52318
6.88,10.88,4.1225,23.5761,0.00000,0.45325
7.12,10.88,4.0760,29.1108,0.00000,0.24928
7.38,10.88,3.1365,32.9877,0.00000,0.10581
2.62,11.12,3.1599,32.6687,0.00000,0.07870
2.88,11.12,3.9942,29.3966,0.00000,0.17295
3.12,11.12,4.0532,23.7408,0.00000,0.32893
3.38,11.12,3.9752,18.8637,0.00000,0.42648
3.62,11.12,3.8927,15.6439,0.00000,0.38243
3.88,11.12,3.8978,13.6276,0.00000,0.32953
4.12,11.12,3.8696,12.3331,0.00000,0.29864
4.38,11.12,3.8904,11.3233,0.00000,0.27157
4.62,11.12,3.8852,10.9871,0.00000,0.26884
4.88,11.12,3.9079,11.3137,0.00000,0.29632
5.12,11.12,3.9251,11.8539,0.00000,0.30687
5.38,11.12,3.9456,11.8420,0.00000,0.29963
5.62,11.12,3.9396,11.6296,0.00000,0.28634
5.88,11.12,3.9133,12.4167,0.00000,0.29950
6.12,11.12,3.9195,14.1481,0.00000,0.34946
6.38,11.12,3.8921,16.8521,0.00000,0.44998
6.62,11.12,3.9743,20.5842,0.00000,0.55657
6.88,11.12,4.1129,25.6929,0.00000,0.47279
7.12,11.12,4.0682,31.6336,0.00000,0.25523
7.38,11.12,3.2034,35.9021,0.00000,0.10688
2.62,11.38,3.1941,35.1290,0.00000,0.07647
2.88,11.38,4.0116,31.9420,0.00000,0.17402
3.12,11.38,4.0681,26.0638,0.00000,0.34152
3.38,11.38,3.9832,20.9856,0.00000,0.45091
3.62,11.38,3.9051,17.6646,0.00000,0.40570
3.88,11.38,3.9022,15.5713,0.00000,0.34421
4.12,11.38,3.8759,14.2778,0.00000,0.31438
4.38,11.38,3.8909,13.1904,0.00000,0.29270
4.62,11.38,3.8971,12.8312,0.00000,0.29046
4.88,11.38,3.9109,13.1479,0.00000,0.31335
5.12,11.38,3.9323,13.6547,0.00000,0.32168
5.38,11.38,3.9491,13.5775,0.00000,0.31586
5.62,11.38,3.9301,13.3243,0.00000,0.30511
5.88,11.38,3.8953,14.1390,0.00000,0.31586
6.12,11.38,3.9002,15.9423,0.00000,0.36674
6.38,11.38,3.8935,18.8154,0.00000,0.47334
6.62,11.38,3.9790,22.6713,0.00000,0.57391
6.88,11.38,4.1295,27.9647,0.00000,0.47823
7.12,11.38,4.0870,34.1786,0.00000,0.25344
7.38,11.38,3.2482,38.3370,0.00000,0.10383
2.62,11.62,3.2377,38.4694,0.00000,0.07070
2.88,11.62,4.0318,35.0148,0.00000,0.16880
3.12,11.62,4.0848,28.6567,0.00000,0.34465
3.38,11.62,3.9929,23.3419,0.00000,0.46542
3.62,11.62,3.9156,19.9587,0.00000,0.42076
3.88,11.62,3.8989,17.7259,0.00000,0.35279
4.12,11.62,3.8785,16.3725,0.00000,0.32448
4.38,11.62,3.8946,15.1968,0.00000,0.30984
4.62,11.62,3.9129,14.8283,0.00000,0.30930
4.88,11.62,3.9207,15.1338,0.00000,0.32712
5.12,11.62,3.9424,15.5573,0.00000,0.33459
5.38,11.62,3.9511,15.3647,0.00000,0.33033
5.62,11.62,3.9197,15.0894,0.00000,0.31977
5.88,11.62,3.8867,16.0253,0.00000,0.32876
6.12,11.62,3.8900,17.8448,0.00000,0.37906
6.38,11.62,3.8974,20.6858,0.00000,0.48205
6.62,11.62,3.9856,24.6355,0.00000,0.57756
6.88,11.62,4.1571,30.2151,0.00000,0.48125
7.12,11.62,4.1099,36.7222,0.00000,0.25290
7.38,11.62,3.2653,40.6647,0.00000,0.10059
2.62,11.88,3.2962,42.1677,0.00000,0.06582
2.88,11.88,4.0565,38.3366,0.00000,0.16351
3.12,11.88,4.1055,31.3407,0.00000,0.34351
3.38,11.88,3.9918,25.6859,0.00000,0.47076
3.62,11.88,3.9171,22.2182,0.00000,0.42762
3.88,11.88,3.8906,19.8688,0.00000,0.35632
4.12,11.88,3.8777,18.4607,0.00000,0.33043
4.38,11.88,3.8974,17.2434,0.00000,0.32110
4.62,11.88,3.9295,16.9460,0.00000,0.32048
4.88,11.88,3.9326,17.2757,0.00000,0.33490
5.12,11.88,3.9527,17.6589,0.00000,0.34708
5.38,11.88,3.9626,17.4731,0.00000,0.34878
5.62,11.88,3.9263,17.1897,0.00000,0.33614
5.88,11.88,3.8949,18.1502,0.00000,0.34048
6.12,11.88,3.8880,19.9164,0.00000,0.38748
6.38,11.88,3.8912,22.5887,0.00000,0.47653
6.62,11.88,3.9757,26.5183,0.00000,0.56361
6.88,11.88,4.1738,32.4630,0.00000,0.47702
7.12,11.88,4.1335,39.4367,0.00000,0.25242
7.38,11.88,3.3208,43.4364,0.00000,0.09882
2.62,12.12,3.3813,45.7895,0.00000,0.06308
2.88,12.12,4.0722,41.5911,0.00000,0.15880
3.12,12.12,4.1175,33.9609,0.00000,0.33817
3.38,12.12,3.9988,27.8091,0.00000,0.46600
3.62,12.12,3.9278,24.1636,0.00000,0.42391
3.88,12.12,3.8733,21.8710,0.00000,0.35255
4.12,12.12,3.8657,20.5918,0.00000,0.33132
4.38,12.12,3.8944,19.4301,0.00000,0.32862
4.62,12.12,3.9434,19.2309,0.00000,0.32892
4.88,12.12,3.9476,19.5658,0.00000,0.34438
5.12,12.12,3.9694,19.8970,0.00000,0.36055
5.38,12.12,3.9740,19.7599,0.00000,0.36188
5.62,12.12,3.9290,19.5262,0.00000,0.34417
5.88,12.12,3.9058,20.4880,0.00000,0.34258
6.12,12.12,3.8885,22.1761,0.00000,0.38527
6.38,12.12,3.8878,24.7341,0.00000,0.46369
6.62,12.12,3.9591,28.6518,0.00000,0.53848
6.88,12.12,4.1564,34.9649,0.00000,0.45567
7.12,12.12,4.1282,42.7207,0.00000,0.24187
7.38,12.12,3.4227,47.5121,0.00000,0.09567
2.62,12.38,3.5001,49.4383,0.00000,0.06169
2.88,12.38,4.0768,44.5255,0.00000,0.15392
3.12,12.38,4.1081,36.2601,0.00000,0.32741
3.38,12.38,3.9851,29.7703,0.00000,0.44725
3.62,12.38,3.9255,26.0935,0.00000,0.40364
3.88,12.38,3.8528,24.0214,0.00000,0.33747
4.12,12.38,3.8577,22.9341,0.00000,0.32375
4.38,12.38,3.8955,21.8077,0.00000,0.32679
4.62,12.38,3.9649,21.6990,0.00000,0.32991
4.88,12.38,3.9631,22.0041,0.00000,0.35367
5.12,12.38,3.9792,22.1815,0.00000,0.37087
5.38,12.38,3.9724,21.9706,0.00000,0.36172
5.62,12.38,3.9195,21.8115,0.00000,0.33933
5.88,12.38,3.9141,22.9050,0.00000,0.33730
6.12,12.38,3.8882,24.6103,0.00000,0.37766
6.38,12.38,3.8891,27.1781,0.00000,0.44934
6.62,12.38,3.9475,31.1237,0.00000,0.51020
6.88,12.38,4.1437,37.8481,0.00000,0.42576
7.12,12.38,4.1290,46.4526,0.00000,0.22573
7.38,12.38,3.5213,52.0402,0.00000,0.09074
2.62,12.62,3.6245,53.3713,0.00000,0.05996
2.88,12.62,4.0837,47.3914,0.00000,0.14828
3.12,12.62,4.0985,38.4473,0.00000,0.31205
3.38,12.62,3.9565,31.8125,0.00000,0.41761
3.62,12.62,3.9069,28.2253,0.00000,0.37254
3.88,12.62,3.8403,26.3457,0.00000,0.31639
4.12,12.62,3.8690,25.3438,0.00000,0.31181
4.38,12.62,3.9051,24.1554,0.00000,0.31835
4.62,12.62,3.9929,24.1747,0.00000,0.32427
4.88,12.62,3.9787,24.5592,0.00000,0.35431
5.12,12.62,3.9879,24.6483,0.00000,0.37125
5.38,12.62,3.9771,24.3127,0.00000,0.35333
5.62,12.62,3.9074,24.0825,0.00000,0.32695
5.88,12.62,3.9088,25.2713,0.00000,0.32520
6.12,12.62,3.8802,27.0974,0.00000,0.36409
6.38,12.62,3.8967,29.8395,0.00000,0.43199
6.62,12.62,3.9472,33.8692,0.00000,0.48332
6.88,12.62,4.1353,40.9118,0.00000,0.39856
7.12,12.62,4.1221,50.1918,0.00000,0.21057
7.38,12.62,3.5916,56.2799,0.00000,0.08488
2.62,12.88,3.7077,57.3985,0.00000,0.05818
2.88,12.88,4.0874,50.6853,0.00000,0.14289
3.12,12.88,4.0979,41.0708,0.00000,0.29503
3.38,12.88,3.9483,34.1553,0.00000,0.38523
3.62,12.88,3.9073,30.5098,0.00000,0.33981
3.88,12.88,3.8437,28.5524,0.00000,0.29163
4.12,12.88,3.8824,27.5246,0.00000,0.29273
4.38,12.88,3.9051,26.4090,0.00000,0.30288
4.62,12.88,4.0204,26.6501,0.00000,0.31347
4.88,12.88,4.0095,27.2000,0.00000,0.34670
5.12,12.88,4.0179,27.3661,0.00000,0.36447
5.38,12.88,3.9944,26.9632,0.00000,0.34387
5.62,12.88,3.8956,26.4873,0.00000,0.31573
5.88,12.88,3.8977,27.5574,0.00000,0.31223
6.12,12.88,3.8680,29.4155,0.00000,0.34641
6.38,12.88,3.9004,32.3147,0.00000,0.40666
6.62,12.88,3.9458,36.4962,0.00000,0.44607
6.88,12.88,4.1270,43.8533,0.00000,0.36110
7.12,12.88,4.1221,53.7048,0.00000,0.18962
7.38,12.88,3.6754,60.1273,0.00000,0.07755
2.62,13.12,3.7555,61.2534,0.00000,0.05685
2.88,13.12,4.0983,54.5344,0.00000,0.13861
3.12,13.12,4.1107,44.2655,0.00000,0.27978
3.38,13.12,3.9579,36.7384,0.00000,0.35628
3.62,13.12,3.9180,32.8750,0.00000,0.31080
3.88,13.12,3.8435,30.6892,0.00000,0.26661
4.12,13.12,3.8863,29.5830,0.00000,0.26896
4.38,13.12,3.9029,28.6925,0.00000,0.28321
4.62,13.12,4.0487,29.2172,0.00000,0.29868
4.88,13.12,4.0458,29.8647,0.00000,0.33250
5.12,13.12,4.0590,30.0391,0.00000,0.35173
5.38,13.12,4.0211,29.5754,0.00000,0.33091
5.62,13.12,3.8921,28.9417,0.00000,0.30393
5.88,13.12,3.8918,29.9013,0.00000,0.29904
6.12,13.12,3.8574,31.6837,0.00000,0.32739
6.38,13.12,3.8920,34.5849,0.00000,0.37905
6.62,13.12,3.9277,38.9476,0.00000,0.41034
6.88,13.12,4.0931,46.7406,0.00000,0.32854
7.12,13.12,4.0901,57.1803,0.00000,0.17195
7.38,13.12,3.7486,64.0402,0.00000,0.07181
2.62,13.38,3.7914,65.0930,0.00000,0.05556
2.88,13.38,4.1272,58.6703,0.00000,0.13385
3.12,13.38,4.1349,47.7356,0.00000,0.26206
3.38,13.38,3.9641,39.4177,0.00000,0.32481
3.62,13.38,3.9237,35.2809,0.00000,0.28308
3.88,13.38,3.8343,32.9227,0.00000,0.24450
4.12,13.38,3.8812,31.7584,0.00000,0.24802
4.38,13.38,3.8974,31.0703,0.00000,0.26525
4.62,13.38,4.0718,31.8346,0.00000,0.28229
4.88,13.38,4.0740,32.4985,0.00000,0.31171
5.12,13.38,4.0906,32.5720,0.00000,0.33213
5.38,13.38,4.0525,32.0370,0.00000,0.31430
5.62,13.38,3.9049,31.3518,0.00000,0.28922
5.88,13.38,3.8935,32.3120,0.00000,0.28487
6.12,13.38,3.8467,34.0421,0.00000,0.31043
6.38,13.38,3.8842,36.8775,0.00000,0.35300
6.62,13.38,3.9189,41.4680,0.00000,0.38041
6.88,13.38,4.0886,49.9707,0.00000,0.30885
7.12,13.38,4.0881,61.0197,0.00000,0.16374
7.38,13.38,3.8138,68.0593,0.00000,0.06959
2.62,13.62,3.8414,69.1212,0.00000,0.05363
2.88,13.62,4.1343,62.3972,0.00000,0.12606
3.12,13.62,4.1405,50.7220,0.00000,0.23986
3.38,13.62,3.9682,41.8561,0.00000,0.29123
3.62,13.62,3.9333,37.5775,0.00000,0.25552
3.88,13.62,3.8355,35.1611,0.00000,0.22166
4.12,13.62,3.8834,34.0174,0.00000,0.22376
4.38,13.62,3.8849,33.4448,0.00000,0.24026
4.62,13.62,4.0793,34.3663,0.00000,0.25807
4.88,13.62,4.0906,35.0400,0.00000,0.28359
5.12,13.62,4.1149,35.0451,0.00000,0.30678
5.38,13.62,4.0838,34.5002,0.00000,0.29744
5.62,13.62,3.9163,33.7508,0.00000,0.27436
5.88,13.62,3.8977,34.6962,0.00000,0.26706
6.12,13.62,3.8447,36.4127,0.00000,0.28730
6.38,13.62,3.8932,39.2136,0.00000,0.32277
6.62,13.62,3.9203,43.9741,0.00000,0.34921
6.88,13.62,4.0782,53.2016,0.00000,0.28792
7.12,13.62,4.0767,64.9717,0.00000,0.15428
7.38,13.62,3.8743,72.3745,0.00000,0.06674
2.62,13.88,3.9116,73.7383,0.00000,0.05171
2.88,13.88,4.1362,66.2557,0.00000,0.11645
3.12,13.88,4.1362,53.6067,0.00000,0.21517
3.38,13.88,3.9711,44.1078,0.00000,0.25654
3.62,13.88,3.9456,39.7189,0.00000,0.22735
3.88,13.88,3.8435,37.4152,0.00000,0.20032
4.12,13.88,3.8901,36.3879,0.00000,0.20028
4.38,13.88,3.8723,35.8275,0.00000,0.21203
4.62,13.88,4.0846,36.8014,0.00000,0.22918
4.88,13.88,4.1069,37.4362,0.00000,0.25221
5.12,13.88,4.1324,37.3501,0.00000,0.27659
5.38,13.88,4.1055,36.8638,0.00000,0.27473
5.62,13.88,3.9201,36.1765,0.00000,0.25274
5.88,13.88,3.9059,37.1745,0.00000,0.24193
6.12,13.88,3.8493,38.8614,0.00000,0.25877
6.38,13.88,3.9121,41.5209,0.00000,0.29284
6.62,13.88,3.9279,46.2051,0.00000,0.31540
6.88,13.88,4.0807,55.9601,0.00000,0.25769
7.12,13.88,4.0869,68.4816,0.00000,0.13805
7.38,13.88,3.9529,76.2619,0.00000,0.06106
2.62,14.12,3.9631,78.2518,0.00000,0.05003
2.88,14.12,4.1425,70.4917,0.00000,0.10707
3.12,14.12,4.1371,56.9120,0.00000,0.19113
3.38,14.12,3.9675,46.5249,0.00000,0.22192
3.62,14.12,3.9432,41.9649,0.00000,0.19743
3.88,14.12,3.8292,39.8192,0.00000,0.17902
4.12,14.12,3.8832,38.7511,0.00000,0.17853
4.38,14.12,3.8671,37.9950,0.00000,0.18431
4.62,14.12,4.1045,38.9693,0.00000,0.19818
4.88,14.12,4.1362,39.6075,0.00000,0.21697
5.12,14.12,4.1530,39.4272,0.00000,0.23937
5.38,14.12,4.1256,38.9513,0.00000,0.24448
5.62,14.12,3.9257,38.4726,0.00000,0.22619
5.88,14.12,3.9131,39.7483,0.00000,0.21502
6.12,14.12,3.8466,41.5173,0.00000,0.22997
6.38,14.12,3.9218,44.0824,0.00000,0.26144
6.62,14.12,3.9277,48.7140,0.00000,0.28002
6.88,14.12,4.0916,58.9728,0.00000,0.22787
7.12,14.12,4.1157,72.3106,0.00000,0.12259
7.38,14.12,4.0469,80.3252,0.00000,0.05517
2.62,14.38,4.0130,82.3489,0.00000,0.04838
2.88,14.38,4.1606,74.8498,0.00000,0.09800
3.12,14.38,4.1478,60.5841,0.00000,0.17004
3.38,14.38,3.9599,49.3469,0.00000,0.19335
3.62,14.38,3.9382,44.5142,0.00000,0.17108
3.88,14.38,3.8130,42.3277,0.00000,0.15725
4.12,14.38,3.8731,40.9921,0.00000,0.15653
4.38,14.38,3.8714,39.8695,0.00000,0.15766
4.62,14.38,4.1360,40.8379,0.00000,0.16723
4.88,14.38,4.1698,41.6353,0.00000,0.18333
5.12,14.38,4.1765,41.4376,0.00000,0.20420
5.38,14.38,4.1507,40.8460,0.00000,0.21286
5.62,14.38,3.9400,40.5431,0.00000,0.19829
5.88,14.38,3.9194,42.2419,0.00000,0.18766
6.12,14.38,3.8392,44.2932,0.00000,0.20102
6.38,14.38,3.9262,46.9519,0.00000,0.22752
6.62,14.38,3.9264,51.8168,0.00000,0.24249
6.88,14.38,4.0920,62.7274,0.00000,0.19835
7.12,14.38,4.1243,76.7812,0.00000,0.10799
7.38,14.38,4.1316,84.7766,0.00000,0.04992
2.62,14.62,4.0709,86.6535,0.00000,0.04464
2.88,14.62,4.1753,79.1397,0.00000,0.08648
3.12,14.62,4.1586,64.1055,0.00000,0.14984
3.38,14.62,3.9566,52.1819,0.00000,0.17278
3.62,14.62,3.9394,46.9532,0.00000,0.15332
3.88,14.62,3.8104,44.4275,0.00000,0.13940
4.12,14.62,3.8754,42.9523,0.00000,0.13708
4.38,14.62,3.8786,41.7160,0.00000,0.13541
4.62,14.62,4.1580,42.7357,0.00000,0.14306
4.88,14.62,4.1907,43.7401,0.00000,0.15931
5.12,14.62,4.1978,43.5114,0.00000,0.17718
5.38,14.62,4.1763,42.7673,0.00000,0.18308
5.62,14.62,3.9499,42.4832,0.00000,0.17124
5.88,14.62,3.9233,44.4059,0.00000,0.16326
6.12,14.62,3.8359,46.8117,0.00000,0.17523
6.38,14.62,3.9316,49.9620,0.00000,0.19548
6.62,14.62,3.9242,55.5272,0.00000,0.20425
6.88,14.62,4.0598,67.1874,0.00000,0.16528
7.12,14.62,4.0845,81.7916,0.00000,0.09059
7.38,14.62,4.1645,89.5700,0.00000,0.04372
2.62,14.88,4.1363,91.0779,0.00000,0.03857
2.88,14.88,4.1679,83.3866,0.00000,0.07154
3.12,14.88,4.1471,67.5354,0.00000,0.12529
3.38,14.88,3.9541,54.9028,0.00000,0.15050
3.62,14.88,3.9439,49.2237,0.00000,0.13692
3.88,14.88,3.8049,46.3076,0.00000,0.12246
4.12,14.88,3.8750,44.8394,0.00000,0.11867
4.38,14.88,3.8864,43.7401,0.00000,0.11769
4.62,14.88,4.1810,44.8281,0.00000,0.12591
4.88,14.88,4.2132,45.8985,0.00000,0.14124
5.12,14.88,4.2156,45.6099,0.00000,0.15358
5.38,14.88,4.1907,44.9145,0.00000,0.15421
5.62,14.88,3.9535,44.6853,0.00000,0.14508
5.88,14.88,3.9396,46.5902,0.00000,0.14247
6.12,14.88,3.8494,49.2695,0.00000,0.15163
6.38,14.88,3.9467,53.1455,0.00000,0.16351
6.62,14.88,3.9319,59.7513,0.00000,0.16546
6.88,14.88,4.0369,72.3921,0.00000,0.13030
7.12,14.88,4.0601,87.4309,0.00000,0.07181
7.38,14.88,4.1647,94.3155,0.00000,0.03700
2.62,15.12,4.2117,96.2141,0.00000,0.03389
2.88,15.12,4.1514,88.2457,0.00000,0.05946
3.12,15.12,4.1197,71.3389,0.00000,0.10250
3.38,15.12,3.9473,57.7445,0.00000,0.12517
3.62,15.12,3.9445,51.5190,0.00000,0.11717
3.88,15.12,3.7945,48.2949,0.00000,0.10489
4.12,15.12,3.8734,46.9961,0.00000,0.10085
4.38,15.12,3.8979,46.1322,0.00000,0.10127
4.62,15.12,4.2173,47.0506,0.00000,0.10969
4.88,15.12,4.2544,47.8837,0.00000,0.12290
5.12,15.12,4.2380,47.5966,0.00000,0.12968
5.38,15.12,4.1991,47.1942,0.00000,0.12658
5.62,15.12,3.9521,47.2019,0.00000,0.12053
5.88,15.12,3.9501,49.0873,0.00000,0.12289
6.12,15.12,3.8614,51.8966,0.00000,0.12893
6.38,15.12,3.9621,56.2836,0.00000,0.13348
6.62,15.12,3.9400,63.6852,0.00000,0.13133
6.88,15.12,4.0305,77.3598,0.00000,0.10243
7.12,15.12,4.0500,93.1859,0.00000,0.05802
7.38,15.12,4.1634,99.4783,0.00000,0.03204
2.62,15.38,4.2876,101.1088,0.00000,0.03139
2.88,15.38,4.1378,92.8038,0.00000,0.05170
3.12,15.38,4.0979,74.9224,0.00000,0.08561
3.38,15.38,3.9339,60.4889,0.00000,0.10289
3.62,15.38,3.9344,53.7340,0.00000,0.09810
3.88,15.38,3.7820,50.2057,0.00000,0.08916
4.12,15.38,3.8721,49.2383,0.00000,0.08562
4.38,15.38,3.9043,48.7674,0.00000,0.08608
4.62,15.38,4.2505,49.3859,0.00000,0.09263
4.88,15.38,4.2918,49.8170,0.00000,0.10205
5.12,15.38,4.2481,49.5486,0.00000,0.10493
5.38,15.38,4.2044,49.4870,0.00000,0.10287
5.62,15.38,3.9590,49.8769,0.00000,0.10021
5.88,15.38,3.9644,51.8501,0.00000,0.10303
6.12,15.38,3.8722,54.6141,0.00000,0.10603
6.38,15.38,3.9733,59.1054,0.00000,0.10858
6.62,15.38,3.9477,66.8274,0.00000,0.10648
6.88,15.38,4.0468,81.2848,0.00000,0.08403
7.12,15.38,4.0712,98.1185,0.00001,0.04948
7.38,15.38,4.2160,104.6481,0.00002,0.02898
2.62,15.62,4.3759,105.3937,0.00000,0.02937
2.88,15.62,4.1430,96.6207,0.00000,0.04509
3.12,15.62,4.0934,77.9542,0.00000,0.07204
3.38,15.62,3.9233,62.9840,0.00000,0.08597
3.62,15.62,3.9239,55.9445,0.00000,0.08333
3.88,15.62,3.7731,52.2715,0.00000,0.07572
4.12,15.62,3.8728,51.5584,0.00000,0.07147
4.38,15.62,3.9064,51.3502,0.00000,0.07160
4.62,15.62,4.2758,51.7325,0.00000,0.07699
4.88,15.62,4.3168,51.8289,0.00000,0.08396
5.12,15.62,4.2447,51.5578,0.00000,0.08559
5.38,15.62,4.2061,51.7900,0.00000,0.08600
5.62,15.62,3.9681,52.5564,0.00000,0.08469
5.88,15.62,3.9808,54.5704,0.00000,0.08601
6.12,15.62,3.8764,57.2046,0.00000,0.08641
6.38,15.62,3.9749,61.8153,0.00000,0.08802
6.62,15.62,3.9499,69.9312,0.00000,0.08630
6.88,15.62,4.0685,85.1438,0.00006,0.06897
7.12,15.62,4.1015,103.0197,0.00026,0.04215
7.38,15.62,4.2684,110.0350,0.00058,0.02607
2.62,15.88,4.4374,108.8590,0.00000,0.02710
2.88,15.88,4.1265,99.6437,0.00000,0.03850
3.12,15.88,4.0745,80.4600,0.00000,0.06049
3.38,15.88,3.9074,65.2011,0.00000,0.07385
3.62,15.88,3.9156,58.2428,0.00000,0.07269
3.88,15.88,3.7720,54.7925,0.00000,0.06517
4.12,15.88,3.8831,54.2131,0.00000,0.06024
4.38,15.88,3.9208,53.9435,0.00000,0.06045
4.62,15.88,4.3069,54.0942,0.00000,0.06501
4.88,15.88,4.3402,54.0254,0.00000,0.07053
5.12,15.88,4.2384,53.7889,0.00000,0.07222
5.38,15.88,4.1957,54.1793,0.00000,0.07347
5.62,15.88,3.9632,55.0701,0.00000,0.07112
5.88,15.88,3.9908,56.9646,0.00000,0.07115
6.12,15.88,3.8721,59.5709,0.00000,0.07040
6.38,15.88,3.9712,64.6027,0.00000,0.07073
6.62,15.88,3.9507,73.3236,0.00006,0.06915
6.88,15.88,4.1024,89.0548,0.00068,0.05719
7.12,15.88,4.1546,107.5653,0.00320,0.03689
7.38,15.88,4.3432,114.9101,0.00710,0.02394
2.62,16.12,4.5083,113.1065,0.00002,0.02550
2.88,16.12,4.1037,103.2563,0.00001,0.03347
3.12,16.12,4.0406,83.5683,0.00000,0.05085
3.38,16.12,3.8854,68.1665,0.00000,0.06247
3.62,16.12,3.9083,61.2702,0.00000,0.06238
3.88,16.12,3.7777,57.8920,0.00000,0.05604
4.12,16.12,3.8976,57.1542,0.00000,0.05146
4.38,16.12,3.9367,56.6495,0.00000,0.05147
4.62,16.12,4.3300,56.6087,0.00000,0.05463
4.88,16.12,4.3551,56.5349,0.00000,0.05828
5.12,16.12,4.2303,56.3501,0.00000,0.05957
5.38,16.12,4.1794,56.6470,0.00000,0.06111
5.62,16.12,3.9491,57.3728,0.00000,0.05831
5.88,16.12,3.9858,59.0713,0.00000,0.05782
6.12,16.12,3.8612,61.6713,0.00000,0.05687
6.38,16.12,3.9648,67.1502,0.00001,0.05659
6.62,16.12,3.9406,76.6236,0.00025,0.05560
6.88,16.12,4.1080,93.0349,0.00303,0.04803
7.12,16.12,4.1721,112.1864,0.01437,0.03248
7.38,16.12,4.4190,119.8012,0.03188,0.02194
2.62,16.38,4.5334,118.0925,0.00055,0.02360
2.88,16.38,4.0902,108.0067,0.00025,0.02900
3.12,16.38,4.0224,88.2324,0.00005,0.04138
3.38,16.38,3.8692,73.1038,0.00000,0.04930
3.62,16.38,3.9008,65.9400,0.00000,0.04968
3.88,16.38,3.7878,61.9901,0.00000,0.04572
4.12,16.38,3.9146,60.3574,0.00000,0.04296
4.38,16.38,3.9432,59.2290,0.00000,0.04306
4.62,16.38,4.3371,59.0193,0.00000,0.04485
4.88,16.38,4.3649,59.1174,0.00000,0.04678
5.12,16.38,4.2252,59.1104,0.00000,0.04791
5.38,16.38,4.1700,59.4487,0.00000,0.04959
5.62,16.38,3.9472,60.2357,0.00000,0.04643
5.88,16.38,3.9864,61.9135,0.00000,0.04517
6.12,16.38,3.8594,64.4594,0.00000,0.04466
6.38,16.38,3.9659,69.6312,0.00001,0.04481
6.62,16.38,3.9316,79.1599,0.00042,0.04423
6.88,16.38,4.0908,96.2711,0.00517,0.03905
7.12,16.38,4.1686,116.2634,0.02450,0.02744
7.38,16.38,4.4952,124.4125,0.05437,0.01975
2.62,16.62,4.5040,123.7284,0.00770,0.02020
2.88,16.62,4.0788,114.2888,0.00347,0.02312
3.12,16.62,4.0163,94.6360,0.00073,0.03096
3.38,16.62,3.8707,79.8228,0.00006,0.03655
3.62,16.62,3.9060,71.9114,0.00000,0.03771
3.88,16.62,3.8003,66.9412,0.00000,0.03600
4.12,16.62,3.9278,63.9676,0.00000,0.03500
4.38,16.62,3.9470,61.8487,0.00000,0.03522
4.62,16.62,4.3360,61.1972,0.00000,0.03635
4.88,16.62,4.3638,61.3509,0.00000,0.03716
5.12,16.62,4.2265,61.7063,0.00000,0.03867
5.38,16.62,4.1741,62.4519,0.00000,0.04082
5.62,16.62,3.9474,63.6504,0.00000,0.03702
5.88,16.62,3.9830,65.5201,0.00000,0.03455
6.12,16.62,3.8527,68.0969,0.00000,0.03446
6.38,16.62,3.9587,72.6905,0.00001,0.03556
6.62,16.62,3.9232,81.8356,0.00044,0.03516
6.88,16.62,4.0697,99.1208,0.00533,0.03125
7.12,16.62,4.1464,119.6600,0.02527,0.02284
7.38,16.62,4.5300,128.5658,0.05607,0.01763
2.62,16.88,4.4605,128.5169,0.04646,0.01714
2.88,16.88,4.0959,121.0402,0.02094,0.01857
3.12,16.88,4.0382,101.2470,0.00442,0.02347
3.38,16.88,3.8880,85.7497,0.00036,0.02776
3.62,16.88,3.9163,76.5956,0.00001,0.02949
3.88,16.88,3.8127,70.7504,0.00000,0.02895
4.12,16.88,3.9542,67.1562,0.00000,0.02879
4.38,16.88,3.9662,64.5686,0.00000,0.02890
4.62,16.88,4.3292,63.3317,0.00000,0.02950
4.88,16.88,4.3492,63.1244,0.00000,0.02914
5.12,16.88,4.2294,63.7098,0.00000,0.02992
5.38,16.88,4.1862,65.0560,0.00000,0.03183
5.62,16.88,3.9503,66.8644,0.00000,0.02927
5.88,16.88,3.9844,68.8743,0.00000,0.02742
6.12,16.88,3.8515,71.5213,0.00000,0.02731
6.38,16.88,3.9578,76.0868,0.00003,0.02852
6.62,16.88,3.9241,85.1744,0.00101,0.02810
6.88,16.88,4.0659,102.4888,0.01239,0.02548
7.12,16.88,4.1708,123.7540,0.05873,0.01976
7.38,16.88,4.6375,133.6401,0.13031,0.01654
2.62,17.12,4.5014,131.8428,0.13450,0.01570
2.88,17.12,4.1286,124.9177,0.06061,0.01601
3.12,17.12,4.0585,104.4836,0.01279,0.01896
3.38,17.12,3.8960,87.9775,0.00105,0.02212
3.62,17.12,3.9195,78.2555,0.00003,0.02419
3.88,17.12,3.8108,72.5095,0.00000,0.02397
4.12,17.12,3.9713,69.3735,0.00000,0.02382
4.38,17.12,3.9899,67.1390,0.00000,0.02368
4.62,17.12,4.3222,65.5368,0.00000,0.02398
4.88,17.12,4.3310,64.7878,0.00000,0.02292
5.12,17.12,4.2302,65.2060,0.00000,0.02251
5.38,17.12,4.1981,66.9144,0.00000,0.02342
5.62,17.12,3.9581,69.3374,0.00000,0.02253
5.88,17.12,3.9922,71.5755,0.00000,0.02228
6.12,17.12,3.8554,74.4421,0.00000,0.02229
6.38,17.12,3.9596,79.2677,0.00007,0.02322
6.62,17.12,3.9276,88.7447,0.00235,0.02279
6.88,17.12,4.0716,106.6846,0.02872,0.02117
7.12,17.12,4.1704,128.5479,0.13612,0.01725
7.38,17.12,4.6357,138.0517,0.30205,0.01541
2.62,17.38,4.6067,132.9676,0.23254,0.01528
2.88,17.38,4.1492,124.5354,0.10479,0.01445
3.12,17.38,4.0584,104.3735,0.02211,0.01595
3.38,17.38,3.8812,88.5043,0.00181,0.01831
3.62,17.38,3.9101,79.4420,0.00005,0.02035
3.88,17.38,3.8083,74.4730,0.00000,0.01990
4.12,17.38,3.9755,71.6543,0.00000,0.01955
4.38,17.38,4.0003,69.6208,0.00000,0.01934
4.62,17.38,4.3081,67.6447,0.00000,0.01951
4.88,17.38,4.3138,66.2730,0.00000,0.01845
5.12,17.38,4.2349,66.2961,0.00000,0.01764
5.38,17.38,4.2087,67.9763,0.00000,0.01781
5.62,17.38,3.9674,70.7834,0.00000,0.01744
5.88,17.38,4.0001,73.7479,0.00000,0.01786
6.12,17.38,3.8572,77.2768,0.00000,0.01822
6.38,17.38,3.9569,82.5095,0.00012,0.01923
6.62,17.38,3.9238,92.6573,0.00405,0.01900
6.88,17.38,4.0848,111.4688,0.04955,0.01817
7.12,17.38,4.2082,134.0634,0.23476,0.01549
7.38,17.38,4.7144,143.2004,0.52095,0.01463
2.62,17.62,4.7737,133.5647,0.41317,0.01523
2.88,17.62,4.2084,124.4132,0.18619,0.01375
3.12,17.62,4.0665,105.1499,0.03929,0.01426
3.38,17.62,3.8638,90.6733,0.00321,0.01579
3.62,17.62,3.8994,82.3902,0.00010,0.01740
3.88,17.62,3.8201,77.9001,0.00000,0.01683
4.12,17.62,3.9853,74.6870,0.00000,0.01643
4.38,17.62,4.0017,72.1917,0.00000,0.01604
4.62,17.62,4.2879,69.4593,0.00000,0.01592
4.88,17.62,4.2988,67.3961,0.00000,0.01512
5.12,17.62,4.2427,67.1221,0.00000,0.01464
5.38,17.62,4.2188,68.8164,0.00000,0.01473
5.62,17.62,3.9785,71.9700,0.00000,0.01455
5.88,17.62,4.0061,75.6331,0.00000,0.01507
6.12,17.62,3.8525,79.7481,0.00000,0.01540
6.38,17.62,3.9454,85.6389,0.00023,0.01647
6.62,17.62,3.9070,96.3228,0.00624,0.01674
6.88,17.62,4.0621,114.1915,0.07448,0.01661
7.12,17.62,4.2054,135.6670,0.35178,0.01453
7.38,17.62,4.8388,144.8725,0.78029,0.01418
2.62,17.88,4.9113,131.3646,0.72550,0.01536
2.88,17.88,4.2513,123.7931,0.32697,0.01355
3.12,17.88,4.0658,106.7059,0.06902,0.01346
3.38,17.88,3.8585,94.0125,0.00564,0.01415
3.62,17.88,3.8997,85.9973,0.00017,0.01521
3.88,17.88,3.8353,81.3067,0.00000,0.01478
4.12,17.88,3.9971,77.5650,0.00000,0.01444
4.38,17.88,4.0021,74.6915,0.00000,0.01369
4.62,17.88,4.2720,71.2270,0.00000,0.01329
4.88,17.88,4.2844,68.5103,0.00000,0.01293
5.12,17.88,4.2406,68.0556,0.00000,0.01313
5.38,17.88,4.2194,70.0792,0.00000,0.01339
5.62,17.88,3.9870,73.7268,0.00000,0.01315
5.88,17.88,4.0071,77.4974,0.00001,0.01360
6.12,17.88,3.8459,81.7547,0.00009,0.01383
6.38,17.88,3.9351,88.5419,0.00091,0.01488
6.62,17.88,3.8953,99.4557,0.01013,0.01524
6.88,17.88,4.0512,114.3852,0.09808,0.01521
7.12,17.88,4.2307,132.5627,0.44981,0.01371
7.38,17.88,4.9896,141.6094,0.99386,0.01394
2.62,18.12,4.9789,128.5359,1.08140,0.01539
2.88,18.12,4.2555,122.7016,0.48839,0.01332
3.12,18.12,4.0539,107.9222,0.10368,0.01287
3.38,18.12,3.8497,96.4894,0.00861,0.01291
3.62,18.12,3.9011,88.1569,0.00027,0.01343
3.88,18.12,3.8501,82.8702,0.00000,0.01305
4.12,18.12,4.0137,79.0439,0.00000,0.01273
4.38,18.12,4.0102,76.2587,0.00000,0.01198
4.62,18.12,4.2702,72.5200,0.00000,0.01186
4.88,18.12,4.2825,69.4606,0.00000,0.01212
5.12,18.12,4.2241,69.0602,0.00000,0.01287
5.38,18.12,4.2027,71.8619,0.00000,0.01311
5.62,18.12,3.9907,76.3276,0.00000,0.01258
5.88,18.12,4.0097,79.8806,0.00006,0.01286
6.12,18.12,3.8516,84.0688,0.00079,0.01305
6.38,18.12,3.9308,91.6428,0.00530,0.01404
6.62,18.12,3.8998,102.6732,0.02340,0.01441
6.88,18.12,4.0872,114.3003,0.12200,0.01441
7.12,18.12,4.2907,127.8018,0.49328,0.01346
7.38,18.12,5.0459,134.6344,1.07141,0.01417
2.62,18.38,5.1210,127.2674,1.42023,0.01579
2.88,18.38,4.3270,121.6184,0.65301,0.01343
3.12,18.38,4.0795,108.4427,0.14526,0.01272
3.38,18.38,3.8531,98.2316,0.01353,0.01229
3.62,18.38,3.9049,89.9189,0.00054,0.01227
3.88,18.38,3.8667,84.2380,0.00001,0.01178
4.12,18.38,4.0300,80.3557,0.00000,0.01154
4.38,18.38,4.0229,77.3505,0.00000,0.01103
4.62,18.38,4.2682,73.2467,0.00000,0.01127
4.88,18.38,4.2768,69.9721,0.00000,0.01197
5.12,18.38,4.2056,69.7126,0.00000,0.01301
5.38,18.38,4.1826,73.3461,0.00000,0.01324
5.62,18.38,3.9850,78.7176,0.00001,0.01259
5.88,18.38,4.0126,82.7061,0.00029,0.01288
6.12,18.38,3.8725,87.4806,0.00363,0.01303
6.38,18.38,3.9452,95.0481,0.02104,0.01389
6.62,18.38,3.9211,105.1620,0.06416,0.01435
6.88,18.38,4.0967,114.1134,0.16196,0.01441
7.12,18.38,4.2301,124.3788,0.46595,0.01346
7.38,18.38,4.8819,129.4561,0.95419,0.01426
2.62,18.62,5.0116,121.6942,1.32194,0.01566
2.88,18.62,4.3132,116.3248,0.65398,0.01354
3.12,18.62,4.0906,106.6430,0.17143,0.01285
3.38,18.62,3.8671,99.7892,0.02143,0.01239
3.62,18.62,3.9059,92.7852,0.00126,0.01214
3.88,18.62,3.8722,87.3911,0.00003,0.01143
4.12,18.62,4.0323,82.7065,0.00000,0.01106
4.38,18.62,4.0312,78.6156,0.00000,0.01062
4.62,18.62,4.2703,73.8550,0.00000,0.01097
4.88,18.62,4.2730,70.3546,0.00000,0.01166
5.12,18.62,4.1886,70.0416,0.00000,0.01269
5.38,18.62,4.1618,73.8618,0.00000,0.01310
5.62,18.62,3.9763,79.6606,0.00010,0.01265
5.88,18.62,4.0142,84.4986,0.00124,0.01302
6.12,18.62,3.8901,89.6713,0.01067,0.01319
6.38,18.62,3.9842,96.5336,0.05572,0.01440
6.62,18.62,3.9784,105.4778,0.16252,0.01563
6.88,18.62,4.1413,113.9866,0.30678,0.01584
7.12,18.62,4.2935,125.1138,0.60966,0.01416
7.38,18.62,5.0301,131.3559,1.12427,0.01444
2.62,18.88,4.9435,114.4448,1.30687,0.01524
2.88,18.88,4.2692,109.4160,0.68499,0.01342
3.12,18.88,4.0588,102.8131,0.19965,0.01294
3.38,18.88,3.8591,98.8468,0.02856,0.01269
3.62,18.88,3.8972,93.5505,0.00187,0.01239
3.88,18.88,3.8624,88.8810,0.00005,0.01146
4.12,18.88,4.0224,83.6494,0.00000,0.01088
4.38,18.88,4.0306,78.9965,0.00000,0.01040
4.62,18.88,4.2679,74.3130,0.00000,0.01083
4.88,18.88,4.2700,71.0582,0.00000,0.01141
5.12,18.88,4.1778,70.6883,0.00000,0.01220
5.38,18.88,4.1549,74.3857,0.00005,0.01271
5.62,18.88,3.9812,80.1726,0.00072,0.01247
5.88,18.88,4.0225,85.1272,0.00554,0.01296
6.12,18.88,3.9188,89.7094,0.02845,0.01350
6.38,18.88,4.0557,95.5585,0.11006,0.01570
6.62,18.88,4.0826,103.2186,0.28094,0.01802
6.88,18.88,4.2382,111.9281,0.47234,0.01784
7.12,18.88,4.3711,124.0518,0.81550,0.01468
7.38,18.88,5.1245,130.8044,1.42970,0.01400
2.62,19.12,5.0340,110.5093,1.51992,0.01512
2.88,19.12,4.2514,105.4835,0.74320,0.01326
3.12,19.12,4.0233,100.1896,0.19026,0.01298
3.38,19.12,3.8254,97.2018,0.02297,0.01267
3.62,19.12,3.8771,92.4215,0.00130,0.01225
3.88,19.12,3.8487,87.5816,0.00003,0.01136
4.12,19.12,4.0074,82.3062,0.00000,0.01085
4.38,19.12,4.0250,78.0983,0.00000,0.01043
4.62,19.12,4.2582,74.3365,0.00000,0.01094
4.88,19.12,4.2583,71.8634,0.00000,0.01141
5.12,19.12,4.1595,71.8580,0.00001,0.01194
5.38,19.12,4.1435,75.7905,0.00020,0.01238
5.62,19.12,3.9922,81.5856,0.00275,0.01228
5.88,19.12,4.0370,86.3533,0.01634,0.01294
6.12,19.12,3.9380,90.1699,0.05758,0.01379
6.38,19.12,4.0768,94.6112,0.16177,0.01635
6.62,19.12,4.1140,101.1753,0.33438,0.01862
6.88,19.12,4.2383,110.0669,0.47046,0.01762
7.12,19.12,4.2653,122.0294,0.67911,0.01394
7.38,19.12,4.7948,128.2447,1.10640,0.01299
2.62,19.38,4.8016,109.3926,1.08788,0.01502
2.88,19.38,4.1343,104.4032,0.50324,0.01328
3.12,19.38,3.9845,100.1993,0.11366,0.01303
3.38,19.38,3.8117,97.8401,0.01094,0.01251
3.62,19.38,3.8736,92.7651,0.00047,0.01206
3.88,19.38,3.8393,87.1436,0.00001,0.01136
4.12,19.38,3.9990,81.3704,0.00000,0.01109
4.38,19.38,4.0256,77.2484,0.00000,0.01076
4.62,19.38,4.2462,74.1531,0.00000,0.01121
4.88,19.38,4.2430,72.2948,0.00000,0.01162
5.12,19.38,4.1424,72.8975,0.00001,0.01200
5.38,19.38,4.1304,77.2121,0.00038,0.01227
5.62,19.38,3.9962,83.1592,0.00496,0.01230
5.88,19.38,4.0405,88.1719,0.02729,0.01315
6.12,19.38,3.9484,91.7614,0.08343,0.01393
6.38,19.38,4.0595,94.5934,0.20706,0.01550
6.62,19.38,4.1231,100.0712,0.40330,0.01677
6.88,19.38,4.2815,109.8071,0.52893,0.01606
7.12,19.38,4.2593,122.6825,0.61370,0.01322
7.38,19.38,4.6268,129.4635,0.82294,0.01257
2.62,19.62,4.6333,111.7689,0.55811,0.01556
2.88,19.62,4.0643,105.8862,0.25259,0.01376
3.12,19.62,3.9396,100.8099,0.05395,0.01332
3.38,19.62,3.8013,98.3383,0.00456,0.01271
3.62,19.62,3.8767,93.9900,0.00015,0.01231
3.88,19.62,3.8425,88.7665,0.00000,0.01165
4.12,19.62,4.0077,82.3502,0.00000,0.01143
4.38,19.62,4.0355,77.5601,0.00000,0.01115
4.62,19.62,4.2288,74.4567,0.00000,0.01159
4.88,19.62,4.2173,72.5684,0.00000,0.01203
5.12,19.62,4.1239,73.2617,0.00002,0.01229
5.38,19.62,4.1216,77.3295,0.00052,0.01248
5.62,19.62,3.9979,83.0796,0.00671,0.01262
5.88,19.62,4.0403,88.1540,0.03569,0.01364
6.12,19.62,3.9613,91.5563,0.10296,0.01433
6.38,19.62,4.0822,93.7393,0.24378,0.01511
6.62,19.62,4.2131,98.9771,0.47013,0.01574
6.88,19.62,4.4352,110.2478,0.64460,0.01538
7.12,19.62,4.4483,124.4521,0.76789,0.01324
7.38,19.62,4.7680,132.3958,0.94614,0.01286
2.62,19.88,4.5448,113.4620,0.47848,0.01567
2.88,19.88,4.0436,107.5414,0.21630,0.01397
3.12,19.88,3.9333,101.3867,0.04669,0.01365
3.38,19.88,3.7999,98.6320,0.00446,0.01318
3.62,19.88,3.8864,95.5508,0.00029,0.01298
3.88,19.88,3.8613,91.3609,0.00002,0.01219
4.12,19.88,4.0240,84.6749,0.00000,0.01173
4.38,19.88,4.0439,79.2600,0.00000,0.01148
4.62,19.88,4.2002,75.8404,0.00000,0.01198
4.88,19.88,4.1797,73.3989,0.00000,0.01235
5.12,19.88,4.0960,73.4130,0.00004,0.01244
5.38,19.88,4.1071,76.6229,0.00104,0.01273
5.62,19.88,4.0005,81.7640,0.01197,0.01318
5.88,19.88,4.0533,86.1805,0.05589,0.01447
6.12,19.88,3.9738,89.2589,0.12167,0.01522
6.38,19.88,4.0698,92.7250,0.21301,0.01568
6.62,19.88,4.1746,99.0242,0.41301,0.01590
6.88,19.88,4.4518,110.6180,0.63586,0.01557
7.12,19.88,4.5505,125.4779,0.78569,0.01379
7.38,19.88,4.7985,135.1884,0.91802,0.01354
2.62,20.12,4.5649,115.0848,0.62285,0.01525
2.88,20.12,4.0968,109.8811,0.28868,0.01381
3.12,20.12,3.9880,102.9847,0.07389,0.01380
3.38,20.12,3.8228,99.4238,0.01471,0.01359
3.62,20.12,3.9016,96.6709,0.00295,0.01367
3.88,20.12,3.8690,93.0546,0.00040,0.01281
4.12,20.12,4.0319,86.6252,0.00003,0.01218
4.38,20.12,4.0438,81.2810,0.00000,0.01182
4.62,20.12,4.1580,77.8128,0.00000,0.01212
4.88,20.12,4.1390,74.9943,0.00001,0.01241
5.12,20.12,4.0694,74.1033,0.00027,0.01264
5.38,20.12,4.0910,76.2570,0.00302,0.01327
5.62,20.12,4.0058,80.7278,0.02169,0.01396
5.88,20.12,4.0732,84.5808,0.07994,0.01541
6.12,20.12,3.9818,87.8486,0.13576,0.01631
6.38,20.12,4.0336,92.4897,0.17910,0.01657
6.62,20.12,4.0930,98.3987,0.40776,0.01630
6.88,20.12,4.4234,108.0559,0.70733,0.01622
7.12,20.12,4.5024,123.0942,0.83283,0.01468
7.38,20.12,4.6983,134.2396,0.99129,0.01426
2.62,20.38,4.7721,113.8732,0.90595,0.01608
2.88,20.38,4.1963,109.4827,0.44555,0.01398
3.12,20.38,4.0653,103.0215,0.15847,0.01380
3.38,20.38,3.8946,99.3583,0.06343,0.01394
3.62,20.38,3.9520,96.8656,0.02225,0.01445
3.88,20.38,3.8879,93.3590,0.00518,0.01369
4.12,20.38,4.0374,87.2108,0.00072,0.01303
4.38,20.38,4.0316,82.3214,0.00005,0.01235
4.62,20.38,4.1209,79.2013,0.00001,0.01231
4.88,20.38,4.1140,76.7312,0.00015,0.01260
5.12,20.38,4.0578,75.3667,0.00211,0.01320
5.38,20.38,4.0863,76.6746,0.01373,0.01434
5.62,20.38,4.0146,80.6962,0.04875,0.01519
5.88,20.38,4.0856,84.3983,0.10454,0.01647
6.12,20.38,3.9813,87.7734,0.12965,0.01712
6.38,20.38,4.0184,92.2017,0.16011,0.01722
6.62,20.38,4.0627,96.3309,0.43815,0.01681
6.88,20.38,4.4260,103.3469,0.79452,0.01694
7.12,20.38,4.5413,117.5596,0.94507,0.01530
7.38,20.38,4.8799,129.0958,1.22696,0.01471
2.62,20.62,4.8322,112.6819,0.93524,0.01670
2.88,20.62,4.2126,108.3521,0.49044,0.01413
3.12,20.62,4.1035,100.6628,0.24282,0.01384
3.38,20.62,3.9717,95.9522,0.17174,0.01445
3.62,20.62,4.0109,94.6478,0.10599,0.01530
3.88,20.62,3.8965,92.2232,0.04008,0.01444
4.12,20.62,4.0202,86.5140,0.00738,0.01374
4.38,20.62,4.0042,82.0397,0.00058,0.01300
4.62,20.62,4.0968,79.3244,0.00004,0.01285
4.88,20.62,4.1114,77.6638,0.00063,0.01317
5.12,20.62,4.0755,76.6648,0.00829,0.01398
5.38,20.62,4.1135,77.9731,0.04470,0.01556
5.62,20.62,4.0625,82.0380,0.11312,0.01679
5.88,20.62,4.1192,85.9286,0.15976,0.01784
6.12,20.62,3.9970,89.4159,0.14344,0.01796
6.38,20.62,4.0057,93.3231,0.13978,0.01785
6.62,20.62,3.9775,96.0401,0.34450,0.01726
6.88,20.62,4.2646,100.7466,0.64758,0.01691
7.12,20.62,4.4645,112.8319,0.88808,0.01502
7.38,20.62,5.0187,124.4085,1.29654,0.01464
2.62,20.88,4.6944,113.1939,0.73158,0.01578
2.88,20.88,4.1172,107.9025,0.39421,0.01371
3.12,20.88,4.0469,98.1703,0.25392,0.01380
3.38,20.88,3.9971,91.9435,0.31495,0.01508
3.62,20.88,4.0808,91.4952,0.31713,0.01642
3.88,20.88,3.9278,90.7524,0.16054,0.01526
4.12,20.88,4.0138,85.7581,0.03454,0.01439
4.38,20.88,3.9874,81.3020,0.00331,0.01378
4.62,20.88,4.0897,78.5816,0.00034,0.01364
4.88,20.88,4.1163,77.5952,0.00109,0.01379
5.12,20.88,4.1084,77.4289,0.01361,0.01465
5.38,20.88,4.1506,79.1804,0.07272,0.01653
5.62,20.88,4.1156,83.3218,0.17938,0.01824
5.88,20.88,4.1613,87.6972,0.24207,0.01925
6.12,20.88,4.0506,92.2058,0.21508,0.01907
6.38,20.88,4.0418,96.7128,0.18027,0.01889
6.62,20.88,3.9515,99.4680,0.29581,0.01808
6.88,20.88,4.1569,101.9436,0.56048,0.01715
7.12,20.88,4.4101,111.5482,0.91423,0.01503
7.38,20.88,5.0899,122.9721,1.42420,0.01492
2.62,21.12,4.6302,113.9545,0.73732,0.01529
2.88,21.12,4.0939,108.7383,0.40307,0.01380
3.12,21.12,4.0312,98.4513,0.27531,0.01423
3.38,21.12,3.9999,91.1365,0.42205,0.01589
3.62,21.12,4.1525,88.8350,0.53704,0.01782
3.88,21.12,3.9934,87.6052,0.32178,0.01638
4.12,21.12,4.0279,83.8247,0.08555,0.01504
4.38,21.12,3.9835,80.2557,0.01443,0.01434
4.62,21.12,4.0959,77.8870,0.00321,0.01423
4.88,21.12,4.1203,77.2842,0.00125,0.01437
5.12,21.12,4.1305,77.4612,0.00973,0.01531
5.38,21.12,4.1587,79.1557,0.06209,0.01721
5.62,21.12,4.1189,82.5857,0.19584,0.01917
5.88,21.12,4.1825,86.5232,0.32516,0.02056
6.12,21.12,4.0918,91.9126,0.32563,0.02044
6.38,21.12,4.0889,98.3636,0.28723,0.02013
6.62,21.12,4.0154,102.7919,0.43310,0.01906
6.88,21.12,4.2270,103.5557,0.77228,0.01812
7.12,21.12,4.4841,111.2534,1.17273,0.01610
7.38,21.12,5.2113,121.9491,1.72410,0.01625
2.62,21.38,4.9157,113.6452,1.17355,0.01656
2.88,21.38,4.2155,108.6400,0.61657,0.01475
3.12,21.38,4.0444,98.9542,0.32135,0.01510
3.38,21.38,3.9512,91.6469,0.37890,0.01665
3.62,21.38,4.1434,87.2878,0.52112,0.01882
3.88,21.38,4.0558,84.5081,0.40062,0.01764
4.12,21.38,4.0624,81.6878,0.17322,0.01609
4.38,21.38,3.9907,79.3660,0.05720,0.01511
4.62,21.38,4.0968,77.5453,0.01626,0.01485
4.88,21.38,4.1211,76.9572,0.00298,0.01501
5.12,21.38,4.1539,76.9726,0.00434,0.01600
5.38,21.38,4.1669,78.4447,0.03905,0.01760
5.62,21.38,4.0890,80.9002,0.17234,0.01934
5.88,21.38,4.1621,83.1903,0.36768,0.02113
6.12,21.38,4.1009,87.3389,0.44777,0.02156
6.38,21.38,4.1241,94.8866,0.42297,0.02140
6.62,21.38,4.0710,102.4515,0.55766,0.02003
6.88,21.38,4.2663,104.4524,0.87296,0.01900
7.12,21.38,4.4016,110.8528,1.17747,0.01696
7.38,21.38,5.0386,120.1291,1.66562,0.01725
2.62,21.62,5.0226,110.2758,1.45573,0.01723
2.88,21.62,4.2390,104.2229,0.72189,0.01542
3.12,21.62,4.0341,95.9599,0.27740,0.01619
3.38,21.62,3.8996,90.5713,0.21488,0.01775
3.62,21.62,4.0703,86.5596,0.33280,0.01957
3.88,21.62,4.0731,82.4153,0.39898,0.01876
4.12,21.62,4.1014,79.0878,0.29969,0.01743
4.38,21.62,4.0104,77.5214,0.14032,0.01627
4.62,21.62,4.0933,76.1729,0.03902,0.01574
4.88,21.62,4.1103,75.5293,0.00589,0.01564
5.12,21.62,4.1711,75.8806,0.00316,0.01651
5.38,21.62,4.1815,78.0146,0.03212,0.01776
5.62,21.62,4.0807,80.6139,0.16183,0.01915
5.88,21.62,4.1457,81.6543,0.39576,0.02103
6.12,21.62,4.1207,83.2800,0.59298,0.02208
6.38,21.62,4.2090,88.9948,0.63963,0.02256
6.62,21.62,4.1210,97.1036,0.66140,0.02083
6.88,21.62,4.2933,100.1704,0.82974,0.01938
7.12,21.62,4.4226,105.3352,1.07102,0.01695
7.38,21.62,5.0448,113.1918,1.56458,0.01666
2.62,21.88,4.8348,105.5857,1.21330,0.01746
2.88,21.88,4.2116,98.6818,0.63002,0.01629
3.12,21.88,4.0841,91.8911,0.26809,0.01762
3.38,21.88,3.9239,88.8255,0.13958,0.01905
3.62,21.88,3.9947,86.3022,0.16156,0.02016
3.88,21.88,3.9760,81.6525,0.28716,0.01916
4.12,21.88,4.0564,77.0363,0.32547,0.01819
4.38,21.88,4.0001,75.1976,0.19444,0.01723
4.62,21.88,4.0892,74.1801,0.05871,0.01677
4.88,21.88,4.1012,73.6150,0.00938,0.01642
5.12,21.88,4.1828,74.6278,0.00827,0.01710
5.38,21.88,4.2119,77.5998,0.05886,0.01834
5.62,21.88,4.1609,80.6086,0.24170,0.02001
5.88,21.88,4.2388,81.0115,0.52329,0.02198
6.12,21.88,4.1939,81.0752,0.76208,0.02287
6.38,21.88,4.3102,83.7778,0.86235,0.02358
6.62,21.88,4.2021,87.9352,0.86714,0.02157
6.88,21.88,4.4155,89.3789,1.00909,0.01993
7.12,21.88,4.5552,95.3281,1.24357,0.01702
7.38,21.88,5.1351,103.7146,1.79557,0.01587
2.62,22.12,4.7126,101.7612,1.03066,0.01806
2.88,22.12,4.2363,94.7016,0.59977,0.01725
3.12,22.12,4.1238,88.5128,0.34133,0.01832
3.38,22.12,3.9092,86.7226,0.17825,0.01905
3.62,22.12,3.9288,86.0003,0.10311,0.01993
3.88,22.12,3.8782,83.2170,0.16422,0.01906
4.12,22.12,3.9942,77.7972,0.26176,0.01850
4.38,22.12,4.0129,74.5189,0.23383,0.01814
4.62,22.12,4.1216,73.6758,0.10305,0.01788
4.88,22.12,4.1016,73.3702,0.02573,0.01735
5.12,22.12,4.1884,74.5148,0.03682,0.01820
5.38,22.12,4.2783,77.4954,0.14352,0.02012
5.62,22.12,4.3024,80.0076,0.39362,0.02251
5.88,22.12,4.3723,79.5631,0.67198,0.02443
6.12,22.12,4.2441,79.0679,0.83564,0.02433
6.38,22.12,4.3221,80.5188,0.90512,0.02458
6.62,22.12,4.2601,82.3307,0.97898,0.02262
6.88,22.12,4.5599,84.5146,1.19115,0.02108
7.12,22.12,4.6237,93.1714,1.38047,0.01774
7.38,22.12,4.9657,100.9540,1.88419,0.01580
2.62,22.38,4.5098,97.6072,0.89980,0.01847
2.88,22.38,4.1786,90.3489,0.56695,0.01821
3.12,22.38,4.1184,84.6276,0.38767,0.01907
3.38,22.38,3.8960,83.3533,0.26809,0.01926
3.62,22.38,3.9467,84.1306,0.20817,0.02039
3.88,22.38,3.9312,83.8089,0.23226,0.02013
4.12,22.38,4.0931,78.7836,0.33563,0.02021
4.38,22.38,4.1167,75.1470,0.32771,0.01986
4.62,22.38,4.1766,74.5596,0.15936,0.01915
4.88,22.38,4.1283,74.9189,0.06536,0.01860
5.12,22.38,4.2426,75.9767,0.12736,0.02012
5.38,22.38,4.3687,77.9649,0.29075,0.02259
5.62,22.38,4.3513,79.6183,0.49495,0.02481
5.88,22.38,4.3538,79.3706,0.64431,0.02637
6.12,22.38,4.2059,78.8248,0.76284,0.02596
6.38,22.38,4.3123,79.2788,0.87999,0.02640
6.62,22.38,4.2888,81.1012,0.97202,0.02470
6.88,22.38,4.6117,86.3871,1.17148,0.02313
7.12,22.38,4.6918,97.5796,1.36672,0.01924
7.38,22.38,4.9718,104.2586,1.88244,0.01641
2.62,22.62,4.2449,92.6735,0.51565,0.01891
2.88,22.62,4.1321,85.7222,0.45777,0.02008
3.12,22.62,4.2057,79.8548,0.48449,0.02132
3.38,22.62,4.0453,78.2728,0.43964,0.02140
3.62,22.62,4.1099,79.0419,0.41688,0.02250
3.88,22.62,4.0454,79.1124,0.42240,0.02201
4.12,22.62,4.1918,76.6202,0.46651,0.02210
4.38,22.62,4.1404,75.5734,0.34335,0.02079
4.62,22.62,4.1658,75.2446,0.14447,0.01974
4.88,22.62,4.1779,75.7827,0.12644,0.02014
5.12,22.62,4.3276,76.5226,0.27294,0.02252
5.38,22.62,4.4105,77.4953,0.42333,0.02466
5.62,22.62,4.2958,78.5385,0.49357,0.02592
5.88,22.62,4.2809,78.5585,0.53823,0.02743
6.12,22.62,4.2211,76.9110,0.74686,0.02802
6.38,22.62,4.3818,76.1696,0.97283,0.02909
6.62,22.62,4.3248,78.6078,1.00532,0.02717
6.88,22.62,4.4885,85.4906,1.09166,0.02521
7.12,22.62,4.5069,97.9949,1.28524,0.02093
7.38,22.62,4.8768,107.1751,1.83295,0.01746
2.62,22.88,4.1054,90.0065,0.29293,0.01906
2.88,22.88,4.1445,83.2552,0.40036,0.02148
3.12,22.88,4.2834,76.4255,0.54410,0.02333
3.38,22.88,4.1517,74.2224,0.50910,0.02357
3.62,22.88,4.1845,75.2083,0.47009,0.02443
3.88,22.88,4.0425,75.0479,0.44900,0.02312
4.12,22.88,4.1392,73.9952,0.43546,0.02249
4.38,22.88,4.0488,73.9553,0.25930,0.02063
4.62,22.88,4.0847,73.1743,0.09759,0.01987
4.88,22.88,4.1649,73.4044,0.15424,0.02134
5.12,22.88,4.2803,74.1604,0.31292,0.02388
5.38,22.88,4.2853,75.0912,0.40575,0.02539
5.62,22.88,4.1964,75.3687,0.47173,0.02660
5.88,22.88,4.2522,74.9638,0.57571,0.02838
6.12,22.88,4.2625,72.6496,0.82874,0.02938
6.38,22.88,4.4544,70.2075,1.07016,0.03043
6.62,22.88,4.4145,71.4945,1.11710,0.02856
6.88,22.88,4.4060,79.8696,1.09510,0.02680
7.12,22.88,4.3162,94.8203,1.17307,0.02329
7.38,22.88,4.6712,108.0578,1.64018,0.01958
2.62,23.12,4.1517,91.1374,0.27777,0.01862
2.88,23.12,4.1758,84.8884,0.35123,0.02111
3.12,23.12,4.2191,77.6553,0.46488,0.02331
3.38,23.12,4.0879,74.9858,0.44497,0.02425
3.62,23.12,4.1657,75.7854,0.41750,0.02557
3.88,23.12,4.0133,74.9673,0.37477,0.02401
4.12,23.12,4.0468,72.9715,0.33160,0.02272
4.38,23.12,3.9640,71.1283,0.18098,0.02097
4.62,23.12,4.0011,69.1504,0.05801,0.02068
4.88,23.12,4.0505,68.8795,0.08642,0.02220
5.12,23.12,4.1010,70.1727,0.16423,0.02418
5.38,23.12,4.0952,71.9697,0.21975,0.02553
5.62,23.12,4.0897,72.4616,0.37526,0.02706
5.88,23.12,4.2066,71.8806,0.65988,0.02849
6.12,23.12,4.2593,70.1329,0.94347,0.02906
6.38,23.12,4.4533,65.6475,1.11982,0.02993
6.62,23.12,4.4497,63.0520,1.22770,0.02847
6.88,23.12,4.3675,69.7833,1.15811,0.02721
7.12,23.12,4.2315,83.7573,1.08112,0.02518
7.38,23.12,4.4818,98.4462,1.40443,0.02144
2.62,23.38,4.1499,91.5802,0.21939,0.01775
2.88,23.38,4.1220,86.9653,0.27012,0.01982
3.12,23.38,4.1233,80.2116,0.38648,0.02226
3.38,23.38,4.0390,76.3832,0.48191,0.02413
3.62,23.38,4.1751,75.8150,0.53957,0.02625
3.88,23.38,4.0609,75.2389,0.42877,0.02539
4.12,23.38,4.0593,73.0993,0.30701,0.02430
4.38,23.38,3.9539,69.5785,0.15443,0.02253
4.62,23.38,3.9680,66.3373,0.03737,0.02228
4.88,23.38,3.9747,64.9830,0.02084,0.02355
5.12,23.38,4.0044,65.8808,0.03702,0.02515
5.38,23.38,4.0127,68.2612,0.07976,0.02637
5.62,23.38,4.0473,69.6478,0.29023,0.02768
5.88,23.38,4.2381,68.1561,0.75753,0.02869
6.12,23.38,4.3833,65.9924,1.14821,0.02920
6.38,23.38,4.5221,62.5787,1.20223,0.03026
6.62,23.38,4.4712,59.2016,1.24360,0.02902
6.88,23.38,4.4010,63.0157,1.14415,0.02737
7.12,23.38,4.1849,73.2297,0.88636,0.02521
7.38,23.38,4.1929,87.0671,0.93774,0.02132
2.62,23.62,4.2763,91.6400,0.34038,0.01806
2.88,23.62,4.1440,86.1546,0.33281,0.01956
3.12,23.62,4.1591,78.1341,0.46655,0.02224
3.38,23.62,4.1334,72.6813,0.67025,0.02472
3.62,23.62,4.2314,71.9234,0.74590,0.02713
3.88,23.62,4.0724,73.5825,0.48747,0.02636
4.12,23.62,4.0332,73.1635,0.24594,0.02526
4.38,23.62,3.9315,69.3178,0.10520,0.02355
4.62,23.62,3.9529,65.3690,0.02248,0.02337
4.88,23.62,3.9397,63.0184,0.00335,0.02452
5.12,23.62,3.9627,62.8869,0.00575,0.02594
5.38,23.62,3.9571,64.9367,0.04427,0.02716
5.62,23.62,3.9946,66.6156,0.25294,0.02868
5.88,23.62,4.2255,64.4450,0.74063,0.03004
6.12,23.62,4.3759,60.7755,1.18279,0.03030
6.38,23.62,4.5012,59.2989,1.23027,0.03116
6.62,23.62,4.3794,59.9289,1.09469,0.02959
6.88,23.62,4.2804,64.5723,0.83214,0.02790
7.12,23.62,4.0947,72.1189,0.57760,0.02635
7.38,23.62,4.0537,83.3592,0.60200,0.02331
2.62,23.88,4.4504,90.5927,0.75006,0.01912
2.88,23.88,4.2230,82.7990,0.56037,0.02034
3.12,23.88,4.2625,72.7199,0.61888,0.02333
3.38,23.88,4.2625,65.5086,0.87316,0.02598
3.62,23.88,4.2905,64.7664,0.94467,0.02835
3.88,23.88,4.0497,68.6371,0.59376,0.02730
4.12,23.88,4.0031,70.3527,0.28834,0.02622
4.38,23.88,3.9238,67.7371,0.12122,0.02461
4.62,23.88,3.9307,64.5430,0.02547,0.02416
4.88,23.88,3.9079,62.6311,0.00220,0.02507
5.12,23.88,3.9350,62.5001,0.00274,0.02664
5.38,23.88,3.9400,64.4302,0.03251,0.02826
5.62,23.88,3.9642,66.5808,0.18425,0.02984
5.88,23.88,4.1398,64.8980,0.53472,0.03147
6.12,23.88,4.1997,60.4712,0.91397,0.03195
6.38,23.88,4.2803,59.4245,1.01912,0.03254
6.62,23.88,4.1346,63.0680,0.81947,0.03098
6.88,23.88,4.1372,68.6129,0.55399,0.03215
7.12,23.88,4.0975,75.4618,0.46182,0.03411
7.38,23.88,4.1783,85.0561,0.61826,0.03303
2.62,24.12,4.5545,85.9487,1.15726,0.01986
2.88,24.12,4.3813,77.4851,0.87098,0.02160
3.12,24.12,4.4545,67.6219,0.84370,0.02518
3.38,24.12,4.3953,60.2259,1.07724,0.02795
3.62,24.12,4.4144,58.8032,1.16982,0.03075
3.88,24.12,4.1598,63.0788,0.80196,0.03005
4.12,24.12,4.0946,65.7760,0.47203,0.02917
4.38,24.12,3.9794,64.9510,0.21986,0.02708
4.62,24.12,3.9274,63.3527,0.04709,0.02573
4.88,24.12,3.8887,62.7887,0.00429,0.02605
5.12,24.12,3.9178,63.6258,0.00795,0.02755
5.38,24.12,3.9738,65.9712,0.06521,0.02953
5.62,24.12,4.0568,68.1689,0.26845,0.03141
5.88,24.12,4.2264,66.2336,0.58579,0.03369
6.12,24.12,4.2351,62.0985,0.84526,0.03512
6.38,24.12,4.2864,60.5499,0.93738,0.03590
6.62,24.12,4.1784,63.4275,0.81355,0.03538
6.88,24.12,4.3018,68.0919,0.65192,0.04410
7.12,24.12,4.2651,75.0556,0.59495,0.05630
7.38,24.12,4.3255,84.6726,0.77030,0.06015
2.62,24.38,4.5647,80.9553,1.35566,0.02013
2.88,24.38,4.4276,73.3633,1.04322,0.02219
3.12,24.38,4.4958,65.2304,0.96579,0.02623
3.38,24.38,4.4334,58.3076,1.17701,0.02957
3.62,24.38,4.5053,56.1165,1.27659,0.03284
3.88,24.38,4.2396,59.8483,0.87643,0.03222
4.12,24.38,4.0888,62.5057,0.51027,0.03105
4.38,24.38,3.9555,62.8175,0.23586,0.02892
4.62,24.38,3.9324,62.3955,0.05046,0.02789
4.88,24.38,3.9058,62.3649,0.00608,0.02830
5.12,24.38,3.9341,63.5235,0.02835,0.02922
5.38,24.38,4.0188,65.6214,0.17885,0.03052
5.62,24.38,4.1994,66.9455,0.54815,0.03292
5.88,24.38,4.3908,65.6729,0.87645,0.03587
6.12,24.38,4.2974,63.4726,0.94786,0.03726
6.38,24.38,4.3639,59.9902,1.00368,0.03823
6.62,24.38,4.2747,58.7015,1.00222,0.03842
6.88,24.38,4.3982,62.4982,0.87234,0.05457
7.12,24.38,4.3168,70.1511,0.67775,0.07836
7.38,24.38,4.2566,79.4266,0.70985,0.08647
2.62,24.62,4.5529,79.6186,1.37418,0.02000
2.88,24.62,4.3075,73.2887,0.93600,0.02175
3.12,24.62,4.3356,67.0382,0.79705,0.02604
3.38,24.62,4.3398,60.6833,1.02985,0.03000
3.62,24.62,4.4716,57.7510,1.17133,0.03335
3.88,24.62,4.2120,60.2224,0.80345,0.03262
4.12,24.62,3.9994,62.0773,0.43556,0.03130
4.38,24.62,3.8830,62.4281,0.18957,0.03000
4.62,24.62,3.9216,62.2348,0.03983,0.03025
4.88,24.62,3.9151,61.6022,0.00755,0.03128
5.12,24.62,3.9619,61.9648,0.05751,0.03207
5.38,24.62,4.1010,62.7094,0.31465,0.03295
5.62,24.62,4.3403,62.5984,0.79003,0.03540
5.88,24.62,4.4252,62.4997,1.03322,0.03742
6.12,24.62,4.1808,62.2222,0.96759,0.03677
6.38,24.62,4.2618,57.5416,1.02108,0.03685
6.62,24.62,4.2498,53.4187,1.12799,0.03676
6.88,24.62,4.4425,56.4780,1.10199,0.05053
7.12,24.62,4.3529,65.2705,0.82396,0.06978
7.38,24.62,4.2821,75.1546,0.73444,0.07442
2.62,24.88,4.4028,80.6898,1.09005,0.02036
2.88,24.88,4.1773,74.5207,0.72087,0.02200
3.12,24.88,4.2621,69.9253,0.66194,0.02630
3.38,24.88,4.3037,64.7458,0.91507,0.03044
3.62,24.88,4.4442,60.4784,1.09310,0.03430
3.88,24.88,4.2512,60.5627,0.83350,0.03449
4.12,24.88,4.0513,62.2418,0.47693,0.03363
4.38,24.88,3.8970,63.0668,0.19521,0.03262
4.62,24.88,3.9103,62.6191,0.03903,0.03329
4.88,24.88,3.9055,61.2161,0.00885,0.03479
5.12,24.88,3.9677,60.6533,0.07273,0.03617
5.38,24.88,4.1437,59.7853,0.37962,0.03719
5.62,24.88,4.4251,58.0908,0.89503,0.03941
5.88,24.88,4.4606,58.2546,1.09690,0.04041
6.12,24.88,4.1852,58.9783,1.02859,0.03786
6.38,24.88,4.2715,54.8523,1.12333,0.03656
6.62,24.88,4.3384,50.9910,1.23822,0.03490
6.88,24.88,4.6521,53.3327,1.27858,0.04074
7.12,24.88,4.5007,62.9015,0.94374,0.04943
7.38,24.88,4.3540,74.1187,0.74105,0.05295
2.62,25.12,4.2367,81.8534,0.59964,0.02163
2.88,25.12,4.2008,74.7536,0.59996,0.02399
3.12,25.12,4.3840,70.9223,0.79666,0.02833
3.38,25.12,4.3641,67.0754,0.96929,0.03211
3.62,25.12,4.4366,61.6332,1.06772,0.03622
3.88,25.12,4.3077,59.2663,0.91241,0.03752
4.12,25.12,4.1398,61.8345,0.55764,0.03722
4.38,25.12,3.9395,64.2204,0.21355,0.03619
4.62,25.12,3.9109,63.9688,0.04025,0.03696
4.88,25.12,3.8947,62.0900,0.01146,0.03894
5.12,25.12,3.9578,60.7562,0.07723,0.04139
5.38,25.12,4.0905,59.0077,0.35285,0.04267
5.62,25.12,4.3378,56.8746,0.81467,0.04426
5.88,25.12,4.4400,56.8940,1.03444,0.04496
6.12,25.12,4.2872,57.5945,1.07231,0.04209
6.38,25.12,4.3600,54.7688,1.22354,0.03954
6.62,25.12,4.3347,52.7902,1.16453,0.03556
6.88,25.12,4.5780,54.7285,1.04653,0.03612
7.12,25.12,4.3901,63.0106,0.74500,0.04014
7.38,25.12,4.1240,74.0594,0.57345,0.04465
2.62,25.38,4.2543,81.0616,0.45380,0.02323
2.88,25.38,4.2967,72.6574,0.62226,0.02649
3.12,25.38,4.4646,67.9883,0.90979,0.03113
3.38,25.38,4.3006,65.7268,0.89864,0.03412
3.62,25.38,4.2330,62.9270,0.80503,0.03772
3.88,25.38,4.1819,60.9094,0.75687,0.04030
4.12,25.38,4.1403,62.8734,0.55175,0.04136
4.38,25.38,3.9510,65.2909,0.23097,0.04080
4.62,25.38,3.8980,65.2688,0.04592,0.04207
4.88,25.38,3.8843,63.2962,0.02391,0.04472
5.12,25.38,3.9688,61.4570,0.11785,0.04846
5.38,25.38,4.0546,59.7141,0.34351,0.05041
5.62,25.38,4.1584,58.2086,0.60648,0.05140
5.88,25.38,4.2113,57.3415,0.72912,0.05130
6.12,25.38,4.1604,56.8619,0.87602,0.04677
6.38,25.38,4.2880,55.6073,1.10688,0.04216
6.62,25.38,4.2130,55.9801,0.90701,0.03707
6.88,25.38,4.2778,58.6490,0.58673,0.03547
7.12,25.38,4.1656,65.3043,0.41118,0.03579
7.38,25.38,3.9508,75.0358,0.42089,0.03523
2.62,25.62,4.3058,78.5289,0.64856,0.02471
2.88,25.62,4.2688,70.2948,0.60517,0.02879
3.12,25.62,4.2805,65.3217,0.70084,0.03383
3.38,25.62,4.0738,64.8956,0.63586,0.03648
3.62,25.62,4.0449,66.3923,0.53431,0.04001
3.88,25.62,4.0478,67.2321,0.55533,0.04333
4.12,25.62,4.1268,67.4827,0.51867,0.04611
4.38,25.62,3.9869,67.5676,0.26363,0.04740
4.62,25.62,3.8746,66.0936,0.06067,0.04993
4.88,25.62,3.8383,63.3692,0.03802,0.05348
5.12,25.62,3.9462,60.9546,0.16985,0.05818
5.38,25.62,4.0602,58.6714,0.41919,0.06152
5.62,25.62,4.1253,57.0652,0.58878,0.06410
5.88,25.62,4.1017,56.3870,0.59867,0.06327
6.12,25.62,4.0658,56.7688,0.75073,0.05328
6.38,25.62,4.3031,57.2344,1.02720,0.04455
6.62,25.62,4.2543,59.3501,0.79017,0.03915
6.88,25.62,4.1705,63.4343,0.34947,0.03675
7.12,25.62,4.0511,69.4428,0.19377,0.03347
7.38,25.62,3.7978,77.9808,0.25278,0.02723
2.62,25.88,4.2133,77.7521,0.85819,0.02592
2.88,25.88,4.1750,70.2820,0.56757,0.03114
3.12,25.88,4.1782,65.7486,0.50132,0.03697
3.38,25.88,4.0792,65.7819,0.56216,0.04025
3.62,25.88,4.1429,69.1816,0.58823,0.04409
3.88,25.88,4.0748,72.3169,0.58109,0.04705
4.12,25.88,4.1476,71.6370,0.56337,0.05174
4.38,25.88,4.0352,69.4642,0.33478,0.05642
4.62,25.88,3.8663,66.2707,0.11032,0.06154
4.88,25.88,3.7992,62.7953,0.04783,0.06687
5.12,25.88,3.8559,60.0228,0.13071,0.07206
5.38,25.88,3.9692,56.8000,0.37629,0.07737
5.62,25.88,4.1383,54.2607,0.64756,0.08623
5.88,25.88,4.1852,55.0293,0.72516,0.08820
6.12,25.88,4.1061,57.8030,0.81042,0.06834
6.38,25.88,4.3193,60.0740,1.01729,0.05044
6.62,25.88,4.2360,63.2633,0.76986,0.04245
6.88,25.88,4.1545,67.8617,0.33174,0.03909
7.12,25.88,4.0860,74.2240,0.21269,0.03407
7.38,25.88,3.8602,83.5751,0.32885,0.02586
2.62,26.12,4.2443,80.9494,1.21023,0.02877
2.88,26.12,4.1549,71.9998,0.69621,0.03525
3.12,26.12,4.1720,66.4547,0.51180,0.04146
3.38,26.12,4.1447,65.9785,0.63164,0.04442
3.62,26.12,4.2535,69.6576,0.70827,0.04851
3.88,26.12,4.0862,73.2776,0.61999,0.05204
4.12,26.12,4.0632,72.7865,0.52882,0.05922
4.38,26.12,4.0382,69.6580,0.41044,0.06834
4.62,26.12,3.9246,65.3163,0.25446,0.07797
4.88,26.12,3.8271,61.7036,0.11294,0.08706
5.12,26.12,3.7913,59.4926,0.09767,0.09372
5.38,26.12,3.8887,57.0502,0.29998,0.10019
5.62,26.12,4.1415,54.3004,0.65381,0.11280
5.88,26.12,4.2958,54.9704,0.84945,0.11657
6.12,26.12,4.1897,57.7476,0.91778,0.08676
6.38,26.12,4.3125,60.3501,1.06336,0.05890
6.62,26.12,4.1768,63.3705,0.84162,0.04733
6.88,26.12,4.1227,66.6255,0.49405,0.04292
7.12,26.12,4.0848,73.2767,0.50707,0.03684
7.38,26.12,4.0324,85.1319,0.83315,0.02755
2.62,26.38,4.4183,82.3744,1.60792,0.04105
2.88,26.38,4.2059,71.0300,0.89668,0.04785
3.12,26.38,4.1645,65.2086,0.56741,0.05096
3.38,26.38,4.0796,65.7652,0.63879,0.05028
3.62,26.38,4.2430,69.4508,0.78311,0.05342
3.88,26.38,4.1693,72.2546,0.72821,0.05884
4.12,26.38,4.1091,71.3321,0.60625,0.06926
4.38,26.38,4.0504,67.4396,0.56762,0.08156
4.62,26.38,3.9472,62.4993,0.44939,0.09720
4.88,26.38,3.8449,59.4041,0.21988,0.11425
5.12,26.38,3.8194,58.5566,0.15985,0.12571
5.38,26.38,3.9338,58.1512,0.36399,0.12994
5.62,26.38,4.0900,56.1192,0.68095,0.13039
5.88,26.38,4.2070,55.7826,0.87877,0.12320
6.12,26.38,4.1944,57.6577,0.97079,0.09303
6.38,26.38,4.3295,59.8026,1.06544,0.06683
6.62,26.38,4.2060,61.5957,0.88503,0.05525
6.88,26.38,4.2293,63.4145,0.70466,0.05059
7.12,26.38,4.2079,69.6675,0.87648,0.04282
7.38,26.38,4.2817,82.7073,1.41770,0.03093
2.62,26.62,4.4233,76.4750,1.56739,0.07641
2.88,26.62,4.2516,65.5407,1.00368,0.08325
3.12,26.62,4.2163,61.5432,0.78348,0.07382
3.38,26.62,4.0557,64.1318,0.81817,0.06134
3.62,26.62,4.2523,67.8457,0.97872,0.06025
3.88,26.62,4.3079,69.2969,0.97559,0.06601
4.12,26.62,4.2559,67.2431,0.84726,0.07897
4.38,26.62,4.0768,62.6562,0.78463,0.09607
4.62,26.62,3.9436,58.0363,0.62450,0.12404
4.88,26.62,3.8301,55.7284,0.31326,0.15441
5.12,26.62,3.8035,55.5524,0.21987,0.16893
5.38,26.62,3.9032,56.2588,0.40338,0.16685
5.62,26.62,3.9263,55.8550,0.60712,0.15003
5.88,26.62,3.9642,56.4635,0.74735,0.12562
6.12,26.62,4.0641,58.9898,0.90153,0.09593
6.38,26.62,4.2656,60.8152,1.02971,0.07518
6.62,26.62,4.2521,61.2124,0.93056,0.06596
6.88,26.62,4.3243,62.2765,0.82057,0.06070
7.12,26.62,4.2517,67.1448,0.94357,0.05052
7.38,26.62,4.2783,78.9720,1.41991,0.03559
2.62,26.88,4.3737,72.0335,1.31446,0.11213
2.88,26.88,4.3230,60.1931,1.04037,0.12116
3.12,26.88,4.3555,56.6116,1.05681,0.09974
3.38,26.88,4.1322,60.2878,1.09609,0.07424
3.62,26.88,4.2704,63.9919,1.21736,0.06893
3.88,26.88,4.3650,64.5237,1.24735,0.07479
4.12,26.88,4.3801,62.1381,1.19448,0.08956
4.38,26.88,4.1908,57.6553,1.12515,0.11673
4.62,26.88,4.0125,53.6801,0.83771,0.16825
4.88,26.88,3.8363,51.9534,0.38911,0.21786
5.12,26.88,3.7182,51.9719,0.19176,0.22903
5.38,26.88,3.7740,52.7126,0.31116,0.21466
5.62,26.88,3.8207,53.4966,0.48645,0.18231
5.88,26.88,3.8016,55.9592,0.57101,0.13965
6.12,26.88,3.8380,59.9516,0.70262,0.10192
6.38,26.88,4.0494,61.7400,0.93568,0.08214
6.62,26.88,4.1704,61.2212,0.98482,0.07559
6.88,26.88,4.2387,61.9284,0.81905,0.07059
7.12,26.88,4.0775,65.0776,0.66393,0.06046
7.38,26.88,3.9053,74.1592,0.77799,0.04360
2.62,27.12,4.1825,73.2189,1.03381,0.11473
2.88,27.12,4.1802,58.1997,0.92657,0.12595
3.12,27.12,4.2625,51.8450,1.08553,0.10805
3.38,27.12,4.0978,54.1825,1.21070,0.08326
3.62,27.12,4.2019,58.1173,1.29057,0.07821
3.88,27.12,4.1890,58.4233,1.22328,0.08760
4.12,27.12,4.2199,56.2087,1.22224,0.11058
4.38,27.12,4.0645,53.7750,1.12108,0.15759
4.62,27.12,3.8583,51.3286,0.73815,0.24071
4.88,27.12,3.7408,49.6346,0.34389,0.31051
5.12,27.12,3.6343,49.5741,0.14733,0.31205
5.38,27.12,3.6574,50.4138,0.18532,0.27381
5.62,27.12,3.7125,51.0301,0.30913,0.21644
5.88,27.12,3.6633,52.6485,0.34512,0.15419
6.12,27.12,3.6801,56.2264,0.48206,0.10653
6.38,27.12,3.8845,59.4053,0.79661,0.08550
6.62,27.12,4.0459,60.4177,0.94677,0.08311
6.88,27.12,4.1914,61.2437,0.81075,0.08159
7.12,27.12,4.0639,64.1321,0.53734,0.07235
7.38,27.12,3.7952,72.8988,0.45761,0.05353
2.62,27.38,3.7073,70.7147,0.55462,0.13370
2.88,27.38,3.9219,55.7983,0.67560,0.13918
3.12,27.38,4.0954,47.8836,0.96021,0.11982
3.38,27.38,3.9676,47.6095,1.03102,0.09915
3.62,27.38,3.9178,50.4949,0.91928,0.09194
3.88,27.38,3.6987,49.3974,0.70471,0.10063
4.12,27.38,3.6369,47.4775,0.63799,0.14313
4.38,27.38,3.6102,47.5834,0.56434,0.23075
4.62,27.38,3.5486,46.6590,0.39093,0.34645
4.88,27.38,3.5715,45.7526,0.26592,0.42193
5.12,27.38,3.5152,45.7013,0.13881,0.41259
5.38,27.38,3.4838,46.3969,0.08816,0.34853
5.62,27.38,3.4769,46.3999,0.11616,0.25240
5.88,27.38,3.3853,45.7945,0.12387,0.16153
6.12,27.38,3.4041,48.5409,0.22172,0.10514
6.38,27.38,3.6656,54.4219,0.47476,0.08667
6.62,27.38,3.9974,57.7227,0.81679,0.09051
6.88,27.38,4.3095,58.6079,0.99992,0.09393
7.12,27.38,4.1238,63.7081,0.77652,0.08595
7.38,27.38,3.7700,77.2908,0.65845,0.06468
2.62,27.62,3.2094,63.5782,0.22295,0.16717
2.88,27.62,3.7240,50.9425,0.50968,0.16991
3.12,27.62,3.9662,43.8905,0.81811,0.14403
3.38,27.62,3.8356,42.9559,0.68618,0.12236
3.62,27.62,3.4754,44.5249,0.40199,0.09827
3.88,27.62,2.9667,40.2302,0.21380,0.08809
4.12,27.62,2.8694,37.7448,0.14739,0.14513
4.38,27.62,3.1589,39.1185,0.14125,0.28993
4.62,27.62,3.3587,37.7667,0.18755,0.45455
4.88,27.62,3.3649,36.8554,0.23683,0.53466
5.12,27.62,3.3087,36.5862,0.14022,0.53061
5.38,27.62,3.3038,38.5561,0.04191,0.45149
5.62,27.62,3.1447,40.7579,0.02277,0.28794
5.88,27.62,2.8615,38.3243,0.02196,0.14493
6.12,27.62,2.8982,40.3372,0.05412,0.08551
6.38,27.62,3.4233,48.4353,0.21152,0.08601
6.62,27.62,3.9737,51.7302,0.67229,0.10399
6.88,27.62,4.2423,52.0540,1.07084,0.11134
7.12,27.62,3.9653,59.4732,0.86476,0.10707
7.38,27.62,3.4564,77.2988,0.68038,0.08216
2.62,27.88,2.8541,54.9827,0.08296,0.17033
2.88,27.88,3.4872,43.6563,0.25952,0.19573
3.12,27.88,3.6192,36.8794,0.41581,0.17705
3.38,27.88,3.3518,36.0077,0.28778,0.14657
3.62,27.88,2.4507,35.1717,0.10711,0.09026
3.88,27.88,1.5892,26.7535,0.03451,0.05100
4.12,27.88,1.5177,23.8131,0.01700,0.09817
4.38,27.88,2.2042,27.7971,0.04062,0.28388
4.62,27.88,2.9897,27.2314,0.14560,0.53438
4.88,27.88,3.1441,25.2984,0.23447,0.66023
5.12,27.88,3.0781,24.5355,0.14199,0.66767
5.38,27.88,2.9234,27.9551,0.03250,0.55016
5.62,27.88,2.2049,30.9529,0.00411,0.29000
5.88,27.88,1.5507,25.7587,0.00186,0.09766
6.12,27.88,1.6075,27.1285,0.00947,0.04901
6.38,27.88,2.4957,37.1553,0.07999,0.08060
6.62,27.88,3.4569,40.3326,0.33747,0.12797
6.88,27.88,3.7528,40.5040,0.57074,0.14521
7.12,27.88,3.6257,48.7782,0.45277,0.14373
7.38,27.88,3.0224,65.8657,0.33050,0.10798
2.62,28.12,2.7242,48.1577,0.01694,0.17307
2.88,28.12,3.3918,36.7350,0.05606,0.22621
3.12,28.12,3.3909,27.8603,0.08850,0.21829
3.38,28.12,2.9655,23.6726,0.05627,0.17869
3.62,28.12,1.6818,19.1324,0.01571,0.09379
3.88,28.12,0.6130,11.4260,0.00301,0.03224
4.12,28.12,0.5427,9.4267,0.00212,0.07124
4.38,28.12,1.3994,13.2558,0.01794,0.29426
4.62,28.12,2.5620,14.5637,0.07925,0.62938
4.88,28.12,2.8946,13.9081,0.13049,0.79590
5.12,28.12,2.8537,13.4947,0.07914,0.80363
5.38,28.12,2.5256,15.0383,0.01769,0.64896
5.62,28.12,1.4020,15.3268,0.00154,0.30681
5.88,28.12,0.5546,10.8422,0.00020,0.07344
6.12,28.12,0.6294,11.8994,0.00145,0.03095
6.38,28.12,1.7287,20.3968,0.01608,0.08657
6.62,28.12,3.0190,26.2771,0.07164,0.16106
6.88,28.12,3.4022,30.2061,0.12209,0.18752
7.12,28.12,3.4231,39.9202,0.09558,0.18597
7.38,28.12,2.8091,55.2142,0.06712,0.13649
2.62,28.38,2.6869,48.4628,0.00137,0.18669
2.88,28.38,3.3857,36.5039,0.00457,0.25544
3.12,28.38,3.3823,25.9391,0.00716,0.25975
3.38,28.38,3.0011,18.0443,0.00441,0.23244
3.62,28.38,1.7059,11.0625,0.00108,0.13787
3.88,28.38,0.5852,5.2722,0.00018,0.06648
4.12,28.38,0.4924,3.5867,0.00040,0.12600
4.38,28.38,1.3609,5.4304,0.00394,0.41638
4.62,28.38,2.5187,7.2480,0.01746,0.80341
4.88,28.38,2.7974,8.1637,0.02877,0.93100
5.12,28.38,2.7834,8.3861,0.01749,0.93162
5.38,28.38,2.5065,8.2434,0.00426,0.81135
5.62,28.38,1.3634,7.1457,0.00182,0.42145
5.88,28.38,0.5053,4.8598,0.00241,0.12344
6.12,28.38,0.6100,6.3147,0.00155,0.06193
6.38,28.38,1.7498,13.1117,0.00161,0.12788
6.62,28.38,3.0401,21.3078,0.00582,0.21160
6.88,28.38,3.3458,28.7226,0.00988,0.22589
7.12,28.38,3.3431,38.9563,0.00769,0.21420
7.38,28.38,2.7327,53.0934,0.00531,0.15492
2.62,28.62,2.7175,52.4408,0.00004,0.20464
2.88,28.62,3.4592,40.1203,0.00014,0.28488
3.12,28.62,3.4714,30.1447,0.00022,0.30192
3.38,28.62,3.2636,21.2347,0.00016,0.30703
3.62,28.62,2.3463,14.2573,0.00035,0.24962
3.88,28.62,1.3896,8.7169,0.00143,0.21879
4.12,28.62,1.2707,5.7387,0.00238,0.34504
4.38,28.62,1.9956,5.9245,0.00175,0.69879
4.62,28.62,2.8186,7.0036,0.00175,1.05876
4.88,28.62,2.8424,8.0098,0.00242,1.09377
5.12,28.62,2.8323,8.4180,0.00207,1.08237
5.38,28.62,2.8124,8.4675,0.00564,1.04149
5.62,28.62,2.0069,8.3569,0.01980,0.67324
5.88,28.62,1.3240,8.1091,0.03015,0.31612
6.12,28.62,1.4665,11.3159,0.01774,0.19821
6.38,28.62,2.3859,17.5138,0.00395,0.22986
6.62,28.62,3.2781,24.6765,0.00049,0.28097
6.88,28.62,3.4315,32.4859,0.00031,0.26619
7.12,28.62,3.4099,42.1470,0.00023,0.24250
7.38,28.62,2.7311,56.2947,0.00016,0.17300
2.62,28.88,2.7483,53.5952,0.00000,0.21521
2.88,28.88,3.4921,41.6780,0.00000,0.30559
3.12,28.88,3.4766,32.5459,0.00001,0.32999
3.38,28.88,3.3780,24.3009,0.00032,0.36351
3.62,28.88,3.0668,19.4267,0.00390,0.39243
3.88,28.88,2.5829,15.5049,0.01753,0.46465
4.12,28.88,2.4679,11.3055,0.02919,0.66998
4.38,28.88,2.7829,9.1622,0.01821,1.01564
4.62,28.88,3.0247,8.8305,0.00441,1.30013
4.88,28.88,2.8885,9.0291,0.00087,1.35166
5.12,28.88,2.8844,9.2981,0.00549,1.33138
5.38,28.88,3.0290,10.0562,0.03537,1.25020
5.62,28.88,2.8141,12.0059,0.10764,0.93704
5.88,28.88,2.5786,15.3935,0.14665,0.59404
6.12,28.88,2.7253,20.2832,0.08207,0.41638
6.38,28.88,3.1290,24.2631,0.01775,0.36174
6.62,28.88,3.3930,28.6368,0.00144,0.33567
6.88,28.88,3.4538,35.6932,0.00004,0.29569
7.12,28.88,3.4614,45.2124,0.00000,0.26782
7.38,28.88,2.7245,59.7941,0.00000,0.18828
2.62,29.12,2.7649,52.9631,0.00000,0.21472
2.88,29.12,3.4291,41.4461,0.00000,0.31177
3.12,29.12,3.4503,32.3129,0.00004,0.34736
3.38,29.12,3.3938,25.9435,0.00144,0.39354
3.62,29.12,3.3141,25.3500,0.01771,0.46155
3.88,29.12,3.1464,25.2550,0.08159,0.58189
4.12,29.12,3.0559,20.4100,0.14446,0.80697
4.38,29.12,3.0013,14.4688,0.10401,1.14382
4.62,29.12,2.9269,11.1673,0.03320,1.48075
4.88,29.12,2.8842,9.9624,0.00676,1.68243
5.12,29.12,2.8837,10.3205,0.02394,1.66025
5.38,29.12,2.9417,13.2440,0.12397,1.41069
5.62,29.12,3.0609,19.8195,0.28575,1.04026
5.88,29.12,3.1500,27.5952,0.30747,0.71090
6.12,29.12,3.2487,31.9262,0.14998,0.51682
6.38,29.12,3.3804,31.7445,0.03047,0.42447
6.62,29.12,3.4205,31.8996,0.00241,0.36626
6.88,29.12,3.4366,37.0114,0.00007,0.31235
7.12,29.12,3.3619,45.6122,0.00000,0.27269
7.38,29.12,2.6131,58.1789,0.00000,0.18714
2.62,29.38,2.8346,57.4246,0.00000,0.20706
2.88,29.38,3.4493,45.8521,0.00000,0.29855
3.12,29.38,3.4655,36.8508,0.00007,0.33899
3.38,29.38,3.4776,31.3862,0.00248,0.39843
3.62,29.38,3.4177,33.6194,0.03238,0.46476
3.88,29.38,3.3786,37.0902,0.17225,0.57805
4.12,29.38,3.4970,35.0648,0.40567,0.80042
4.38,29.38,3.3277,27.9379,0.44666,1.19491
4.62,29.38,3.0004,18.2922,0.22153,1.68595
4.88,29.38,2.7812,12.4101,0.05158,1.97399
5.12,29.38,2.7968,13.3814,0.08074,1.97207
5.38,29.38,3.0666,22.9029,0.35689,1.64658
5.62,29.38,3.4280,37.2888,0.63782,1.11344
5.88,29.38,3.5083,44.5577,0.46859,0.70749
6.12,29.38,3.3664,43.7629,0.15413,0.50283
6.38,29.38,3.4315,39.9930,0.02371,0.41769
6.62,29.38,3.5239,37.5311,0.00162,0.37189
6.88,29.38,3.5075,41.1993,0.00004,0.30949
7.12,29.38,3.3931,47.4698,0.00000,0.26081
7.38,29.38,2.6266,56.2742,0.00000,0.17812
2.62,29.62,2.8105,68.1127,0.00000,0.20230
2.88,29.62,3.5160,54.2820,0.00000,0.28475
3.12,29.62,3.4492,44.7680,0.00005,0.31459
3.38,29.62,3.4300,39.1600,0.00202,0.37811
3.62,29.62,3.4008,41.1909,0.03521,0.45174
3.88,29.62,3.5879,47.8489,0.28645,0.56761
4.12,29.62,4.3405,60.5295,1.04886,0.76934
4.38,29.62,4.4773,64.6742,1.58680,1.17427
4.62,29.62,3.6160,41.8597,0.93125,1.81872
4.88,29.62,2.8082,20.2486,0.22480,2.24448
5.12,29.62,2.8302,22.1420,0.25762,2.24536
5.38,29.62,3.7126,49.2390,1.08263,1.78466
5.62,29.62,4.6075,76.5566,1.79581,1.08868
5.88,29.62,4.3418,69.4418,1.10850,0.66401
6.12,29.62,3.5268,51.6252,0.25904,0.48524
6.38,29.62,3.3499,43.6444,0.02387,0.40237
6.62,29.62,3.4926,41.5305,0.00094,0.35810
6.88,29.62,3.5202,45.2238,0.00001,0.29579
7.12,29.62,3.4995,50.7644,0.00000,0.25333
7.38,29.62,2.7378,59.0448,0.00000,0.17569
2.62,29.88,2.3681,85.4865,0.00000,0.15564
2.88,29.88,2.9991,66.8911,0.00000,0.21713
3.12,29.88,2.9385,54.6026,0.00001,0.23323
3.38,29.88,2.9338,50.2710,0.00158,0.27775
3.62,29.88,2.9193,54.2287,0.04263,0.33533
3.88,29.88,3.2046,64.7144,0.47655,0.41799
4.12,29.88,4.6728,97.0474,2.06518,0.54759
4.38,29.88,5.5476,118.2373,3.36212,0.87550
4.62,29.88,4.1737,76.9305,2.03091,1.62282
4.88,29.88,2.8138,32.1495,0.49300,2.32806
5.12,29.88,2.8280,34.9219,0.53538,2.30242
5.38,29.88,4.3027,86.5934,2.23461,1.56208
5.62,29.88,5.7739,131.9226,3.68370,0.79421
5.88,29.88,4.7723,105.5461,2.23641,0.46136
6.12,29.88,3.1781,66.0060,0.50030,0.35492
6.38,29.88,2.8697,52.7321,0.04136,0.29859
6.62,29.88,3.0513,50.0682,0.00127,0.26402
6.88,29.88,3.0547,53.5810,0.00000,0.21962
7.12,29.88,3.0402,60.0592,0.00000,0.19164
7.38,29.88,2.4652,69.7824,0.00000,0.13354
