x,y,rho,contact,casualty,pressure
2.62,0.12,0.4011,0.0096,0.00000,0.14421
2.88,0.12,0.7396,0.0144,0.00000,0.22449
3.12,0.12,0.9322,0.0171,0.00000,0.23553
3.38,0.12,0.9093,0.0198,0.00000,0.22031
3.62,0.12,0.9314,0.0183,0.00000,0.24402
3.88,0.12,0.8826,0.0144,0.00000,0.25519
4.12,0.12,0.8155,0.0112,0.00000,0.25569
4.38,0.12,0.8320,0.0126,0.00000,0.27022
4.62,0.12,0.8337,0.0170,0.00000,0.28520
4.88,0.12,0.8378,0.0177,0.00000,0.29438
5.12,0.12,0.8335,0.0233,0.00000,0.28941
5.38,0.12,0.8292,0.0281,0.00000,0.29474
5.62,0.12,0.8311,0.0211,0.00000,0.30110
5.88,0.12,0.8145,0.0116,0.00000,0.26062
6.12,0.12,0.8868,0.0078,0.00000,0.24196
6.38,0.12,0.9335,0.0051,0.00000,0.24442
6.62,0.12,0.9208,0.0025,0.00000,0.22025
6.88,0.12,0.9607,0.0018,0.00000,0.21488
7.12,0.12,0.7587,0.0017,0.00000,0.19664
7.38,0.12,0.4058,0.0011,0.00000,0.12602
2.62,0.38,0.8296,0.0315,0.00000,0.28870
2.88,0.38,1.4040,0.0492,0.00000,0.43578
3.12,0.38,1.5972,0.0599,0.00000,0.43618
3.38,0.38,1.4863,0.0635,0.00000,0.40092
3.62,0.38,1.5835,0.0528,0.00000,0.45389
3.88,0.38,1.5559,0.0382,0.00000,0.47745
4.12,0.38,1.4659,0.0280,0.00000,0.47641
4.38,0.38,1.5189,0.0291,0.00000,0.50191
4.62,0.38,1.5176,0.0380,0.00000,0.52357
4.88,0.38,1.4945,0.0397,0.00000,0.53086
5.12,0.38,1.4905,0.0448,0.00000,0.51523
5.38,0.38,1.5081,0.0476,0.00000,0.51516
5.62,0.38,1.5103,0.0394,0.00000,0.52437
5.88,0.38,1.4651,0.0334,0.00000,0.47744
6.12,0.38,1.5724,0.0316,0.00000,0.46416
6.38,0.38,1.5932,0.0221,0.00000,0.46049
6.62,0.38,1.4818,0.0105,0.00000,0.40081
6.88,0.38,1.6016,0.0075,0.00000,0.40260
7.12,0.38,1.4101,0.0078,0.00000,0.38761
7.38,0.38,0.8304,0.0054,0.00000,0.25464
2.62,0.62,1.2358,0.0708,0.00000,0.38047
2.88,0.62,1.9127,0.1085,0.00000,0.56259
3.12,0.62,1.9321,0.1358,0.00000,0.54277
3.38,0.62,1.7234,0.1353,0.00000,0.48857
3.62,0.62,1.9274,0.1018,0.00000,0.55572
3.88,0.62,1.9249,0.0690,0.00000,0.57514
4.12,0.62,1.8291,0.0508,0.00000,0.56626
4.38,0.62,1.9062,0.0495,0.00000,0.59335
4.62,0.62,1.8951,0.0604,0.00000,0.60948
4.88,0.62,1.8603,0.0644,0.00000,0.61158
5.12,0.62,1.8681,0.0655,0.00000,0.59743
5.38,0.62,1.9000,0.0589,0.00000,0.59246
5.62,0.62,1.8984,0.0555,0.00000,0.59713
5.88,0.62,1.8299,0.0639,0.00000,0.56711
6.12,0.62,1.9501,0.0651,0.00000,0.57230
6.38,0.62,1.9495,0.0441,0.00000,0.56161
6.62,0.62,1.7223,0.0214,0.00000,0.47510
6.88,0.62,1.9328,0.0174,0.00000,0.49434
7.12,0.62,1.9185,0.0189,0.00000,0.50321
7.38,0.62,1.2387,0.0133,0.00000,0.33958
2.62,0.88,1.4707,0.1981,0.00000,0.36642
2.88,0.88,2.0771,0.1956,0.00000,0.52434
3.12,0.88,1.8519,0.1990,0.00000,0.48333
3.38,0.88,1.6683,0.1751,0.00000,0.43867
3.62,0.88,1.9897,0.1216,0.00000,0.50527
3.88,0.88,1.9528,0.0837,0.00000,0.50202
4.12,0.88,1.8741,0.0689,0.00000,0.48976
4.38,0.88,1.9372,0.0670,0.00000,0.51478
4.62,0.88,1.8938,0.0750,0.00000,0.52159
4.88,0.88,1.8891,0.0787,0.00000,0.52735
5.12,0.88,1.9060,0.0781,0.00000,0.52620
5.38,0.88,1.9137,0.0681,0.00000,0.52000
5.62,0.88,1.9359,0.0668,0.00000,0.52069
5.88,0.88,1.8789,0.0790,0.00000,0.49767
6.12,0.88,1.9691,0.0789,0.00000,0.49972
6.38,0.88,1.9932,0.0530,0.00000,0.49390
6.62,0.88,1.6517,0.0268,0.00000,0.41045
6.88,0.88,1.8348,0.0236,0.00000,0.43401
7.12,0.88,2.0702,0.0260,0.00000,0.47353
7.38,0.88,1.4692,0.0181,0.00000,0.33392
2.62,1.12,1.7200,0.6250,0.00000,0.33740
2.88,1.12,2.2947,0.3964,0.00000,0.46557
3.12,1.12,1.9007,0.2445,0.00000,0.41145
3.38,1.12,1.7826,0.1580,0.00000,0.38447
3.62,1.12,2.1748,0.0975,0.00000,0.44442
3.88,1.12,2.0856,0.0727,0.00000,0.42372
4.12,1.12,2.0539,0.0691,0.00000,0.41942
4.38,1.12,2.0912,0.0696,0.00000,0.44577
4.62,1.12,2.0238,0.0724,0.00000,0.45002
4.88,1.12,2.0583,0.0699,0.00000,0.46092
5.12,1.12,2.0649,0.0671,0.00000,0.46070
5.38,1.12,2.0240,0.0639,0.00000,0.44966
5.62,1.12,2.0766,0.0625,0.00000,0.45445
5.88,1.12,2.0586,0.0669,0.00000,0.43533
6.12,1.12,2.0991,0.0698,0.00000,0.42472
6.38,1.12,2.1663,0.0520,0.00000,0.42646
6.62,1.12,1.7652,0.0276,0.00000,0.35467
6.88,1.12,1.8922,0.0229,0.00000,0.37053
7.12,1.12,2.3006,0.0246,0.00000,0.42615
7.38,1.12,1.7296,0.0171,0.00000,0.31296
2.62,1.38,1.8986,0.9735,0.00000,0.29608
2.88,1.38,2.4861,0.5598,0.00000,0.39948
3.12,1.38,2.0394,0.2881,0.00000,0.34602
3.38,1.38,1.9458,0.1472,0.00000,0.32791
3.62,1.38,2.2923,0.0722,0.00000,0.37194
3.88,1.38,2.2104,0.0519,0.00000,0.35529
4.12,1.38,2.2632,0.0528,0.00000,0.36543
4.38,1.38,2.2525,0.0534,0.00000,0.38486
4.62,1.38,2.1899,0.0479,0.00000,0.38772
4.88,1.38,2.2326,0.0426,0.00000,0.39491
5.12,1.38,2.2298,0.0425,0.00000,0.38679
5.38,1.38,2.1824,0.0437,0.00000,0.37360
5.62,1.38,2.2415,0.0425,0.00000,0.38094
5.88,1.38,2.2673,0.0383,0.00000,0.37439
6.12,1.38,2.2229,0.0388,0.00000,0.35907
6.38,1.38,2.2953,0.0330,0.00000,0.36168
6.62,1.38,1.9586,0.0201,0.00000,0.30786
6.88,1.38,2.0606,0.0171,0.00000,0.31522
7.12,1.38,2.5062,0.0186,0.00000,0.36601
7.38,1.38,1.9122,0.0133,0.00000,0.27364
2.62,1.62,1.9624,0.6032,0.00000,0.25686
2.88,1.62,2.5686,0.3830,0.00000,0.34066
3.12,1.62,2.1740,0.2444,0.00000,0.29113
3.38,1.62,2.0972,0.1364,0.00000,0.27456
3.62,1.62,2.2880,0.0628,0.00000,0.30020
3.88,1.62,2.2410,0.0411,0.00000,0.29518
4.12,1.62,2.3946,0.0413,0.00000,0.31625
4.38,1.62,2.3301,0.0426,0.00000,0.32111
4.62,1.62,2.2844,0.0347,0.00000,0.31907
4.88,1.62,2.2739,0.0290,0.00000,0.31946
5.12,1.62,2.2766,0.0288,0.00000,0.31271
5.38,1.62,2.2973,0.0273,0.00000,0.30604
5.62,1.62,2.3430,0.0229,0.00000,0.30719
5.88,1.62,2.4010,0.0165,0.00000,0.30737
6.12,1.62,2.2453,0.0143,0.00000,0.28867
6.38,1.62,2.2937,0.0159,0.00000,0.28959
6.62,1.62,2.1165,0.0155,0.00000,0.25935
6.88,1.62,2.1872,0.0146,0.00000,0.26530
7.12,1.62,2.5618,0.0139,0.00000,0.30661
7.38,1.62,1.9509,0.0096,0.00000,0.23128
2.62,1.88,2.0574,0.1530,0.00000,0.23515
2.88,1.88,2.7115,0.1288,0.00000,0.30887
3.12,1.88,2.3913,0.1159,0.00000,0.26204
3.38,1.88,2.3083,0.0778,0.00000,0.24171
3.62,1.88,2.3006,0.0421,0.00000,0.25042
3.88,1.88,2.2795,0.0276,0.00000,0.25085
4.12,1.88,2.5393,0.0281,0.00000,0.27586
4.38,1.88,2.4635,0.0344,0.00000,0.27214
4.62,1.88,2.4361,0.0342,0.00000,0.26854
4.88,1.88,2.3274,0.0298,0.00000,0.26383
5.12,1.88,2.3306,0.0248,0.00000,0.26419
5.38,1.88,2.4433,0.0201,0.00000,0.26780
5.62,1.88,2.4609,0.0143,0.00000,0.26199
5.88,1.88,2.5234,0.0102,0.00000,0.26076
6.12,1.88,2.2745,0.0090,0.00000,0.23901
6.38,1.88,2.3053,0.0138,0.00000,0.24050
6.62,1.88,2.3162,0.0204,0.00000,0.23063
6.88,1.88,2.4012,0.0214,0.00000,0.23961
7.12,1.88,2.7150,0.0169,0.00000,0.27432
7.38,1.88,2.0560,0.0099,0.00000,0.20754
2.62,2.12,2.1221,0.0237,0.00000,0.20079
2.88,2.12,2.8194,0.0301,0.00000,0.26420
3.12,2.12,2.5757,0.0340,0.00000,0.22889
3.38,2.12,2.4834,0.0290,0.00000,0.21091
3.62,2.12,2.3077,0.0194,0.00000,0.20491
3.88,2.12,2.3022,0.0122,0.00000,0.20252
4.12,2.12,2.6187,0.0133,0.00000,0.22404
4.38,2.12,2.5514,0.0209,0.00000,0.22323
4.62,2.12,2.5545,0.0276,0.00000,0.22844
4.88,2.12,2.3959,0.0260,0.00000,0.22368
5.12,2.12,2.4035,0.0177,0.00000,0.22337
5.38,2.12,2.5625,0.0121,0.00000,0.22728
5.62,2.12,2.5375,0.0108,0.00000,0.22171
5.88,2.12,2.5858,0.0122,0.00000,0.22333
6.12,2.12,2.2894,0.0125,0.00000,0.20065
6.38,2.12,2.3115,0.0157,0.00000,0.20188
6.62,2.12,2.4849,0.0225,0.00000,0.20600
6.88,2.12,2.5894,0.0264,0.00000,0.21410
7.12,2.12,2.8409,0.0221,0.00000,0.23844
7.38,2.12,2.1366,0.0128,0.00000,0.17942
2.62,2.38,2.1521,0.0127,0.00000,0.17296
2.88,2.38,2.8819,0.0192,0.00000,0.22925
3.12,2.38,2.7110,0.0213,0.00000,0.20547
3.38,2.38,2.6243,0.0185,0.00000,0.19093
3.62,2.38,2.3445,0.0106,0.00000,0.17377
3.88,2.38,2.3384,0.0053,0.00000,0.16584
4.12,2.38,2.6341,0.0067,0.00000,0.18013
4.38,2.38,2.5720,0.0134,0.00000,0.18298
4.62,2.38,2.6186,0.0224,0.00000,0.19774
4.88,2.38,2.4893,0.0221,0.00000,0.19684
5.12,2.38,2.5032,0.0132,0.00000,0.19072
5.38,2.38,2.6372,0.0079,0.00000,0.18791
5.62,2.38,2.5685,0.0110,0.00000,0.18532
5.88,2.38,2.6071,0.0183,0.00000,0.19165
6.12,2.38,2.3218,0.0209,0.00000,0.17142
6.38,2.38,2.3483,0.0205,0.00000,0.17390
6.62,2.38,2.6278,0.0207,0.00000,0.18710
6.88,2.38,2.7160,0.0238,0.00000,0.19142
7.12,2.38,2.8876,0.0245,0.00000,0.20484
7.38,2.38,2.1546,0.0171,0.00000,0.15267
2.62,2.62,2.2006,0.0193,0.00000,0.15522
2.88,2.62,2.9638,0.0334,0.00000,0.20664
3.12,2.62,2.8420,0.0386,0.00000,0.18816
3.38,2.62,2.7641,0.0273,0.00000,0.17400
3.62,2.62,2.4392,0.0113,0.00000,0.15239
3.88,2.62,2.4224,0.0045,0.00000,0.14306
4.12,2.62,2.6538,0.0057,0.00000,0.15217
4.38,2.62,2.6096,0.0105,0.00000,0.15410
4.62,2.62,2.6864,0.0178,0.00000,0.16964
4.88,2.62,2.6093,0.0189,0.00000,0.17257
5.12,2.62,2.6178,0.0141,0.00000,0.16558
5.38,2.62,2.6951,0.0112,0.00000,0.16007
5.62,2.62,2.6090,0.0137,0.00000,0.15750
5.88,2.62,2.6401,0.0216,0.00000,0.16329
6.12,2.62,2.4122,0.0258,0.00000,0.14820
6.38,2.62,2.4484,0.0226,0.00000,0.15365
6.62,2.62,2.7821,0.0181,0.00000,0.17302
6.88,2.62,2.8632,0.0217,0.00000,0.17677
7.12,2.62,2.9870,0.0338,0.00000,0.18481
7.38,2.62,2.2173,0.0407,0.00000,0.13701
2.62,2.88,2.2198,0.0258,0.00000,0.13702
2.88,2.88,3.0036,0.0465,0.00000,0.18281
3.12,2.88,2.9282,0.0539,0.00000,0.16761
3.38,2.88,2.8781,0.0350,0.00000,0.15449
3.62,2.88,2.5590,0.0130,0.00000,0.13354
3.88,2.88,2.5352,0.0059,0.00000,0.12417
4.12,2.88,2.6777,0.0073,0.00000,0.12911
4.38,2.88,2.6579,0.0112,0.00000,0.13099
4.62,2.88,2.7310,0.0174,0.00000,0.14255
4.88,2.88,2.6907,0.0190,0.00000,0.14425
5.12,2.88,2.6896,0.0191,0.00000,0.13981
5.38,2.88,2.7233,0.0198,0.00000,0.13784
5.62,2.88,2.6506,0.0178,0.00000,0.13585
5.88,2.88,2.6657,0.0225,0.00000,0.13902
6.12,2.88,2.5311,0.0284,0.00000,0.12938
6.38,2.88,2.5741,0.0245,0.00000,0.13328
6.62,2.88,2.9096,0.0195,0.00000,0.15297
6.88,2.88,2.9623,0.0460,0.00000,0.16295
7.12,2.88,3.0369,0.1516,0.00000,0.17451
7.38,2.88,2.2442,0.2998,0.00000,0.13024
2.62,3.12,2.2430,0.0244,0.00000,0.12324
2.88,3.12,3.0460,0.0392,0.00000,0.16458
3.12,3.12,3.0081,0.0400,0.00000,0.15107
3.38,3.12,2.9890,0.0249,0.00000,0.13866
3.62,3.12,2.7043,0.0117,0.00000,0.12038
3.88,3.12,2.6840,0.0104,0.00000,0.11185
4.12,3.12,2.7266,0.0135,0.00000,0.11304
4.38,3.12,2.7242,0.0169,0.00000,0.11593
4.62,3.12,2.7641,0.0214,0.00000,0.12371
4.88,3.12,2.7401,0.0211,0.00000,0.12113
5.12,3.12,2.7318,0.0245,0.00000,0.11793
5.38,3.12,2.7419,0.0281,0.00000,0.12027
5.62,3.12,2.7044,0.0210,0.00000,0.12011
5.88,3.12,2.7131,0.0234,0.00000,0.12168
6.12,3.12,2.6945,0.0392,0.00000,0.11796
6.38,3.12,2.7258,0.0428,0.00000,0.11902
6.62,3.12,3.0151,0.0379,0.00000,0.13468
6.88,3.12,3.0358,0.1433,0.00000,0.14996
7.12,3.12,3.0765,0.5953,0.00000,0.16613
7.38,3.12,2.2676,1.2775,0.00000,0.12499
2.62,3.38,2.2796,0.0193,0.00000,0.10930
2.88,3.38,3.1019,0.0256,0.00000,0.14588
3.12,3.38,3.0904,0.0203,0.00000,0.13352
3.38,3.38,3.0998,0.0120,0.00000,0.12170
3.62,3.38,2.8566,0.0104,0.00000,0.10692
3.88,3.38,2.8440,0.0178,0.00000,0.10093
4.12,3.38,2.7916,0.0245,0.00000,0.09900
4.38,3.38,2.7899,0.0249,0.00000,0.10107
4.62,3.38,2.7751,0.0239,0.00000,0.10572
4.88,3.38,2.7626,0.0209,0.00000,0.10225
5.12,3.38,2.7591,0.0260,0.00000,0.10066
5.38,3.38,2.7615,0.0301,0.00000,0.10421
5.62,3.38,2.7751,0.0209,0.00000,0.10463
5.88,3.38,2.7849,0.0217,0.00000,0.10558
6.12,3.38,2.8677,0.0444,0.00000,0.10679
6.38,3.38,2.8757,0.0567,0.00000,0.10678
6.62,3.38,3.1077,0.0536,0.00000,0.11830
6.88,3.38,3.1073,0.2244,0.00000,0.13254
7.12,3.38,3.1317,0.9649,0.00000,0.14740
7.38,3.38,2.3057,2.0932,0.00000,0.11093
2.62,3.62,2.3062,0.0446,0.00000,0.09758
2.88,3.62,3.1413,0.0348,0.00000,0.12979
3.12,3.62,3.1506,0.0172,0.00000,0.11752
3.38,3.62,3.1886,0.0069,0.00000,0.10559
3.62,3.62,2.9844,0.0090,0.00000,0.09361
3.88,3.62,2.9804,0.0210,0.00000,0.08976
4.12,3.62,2.8581,0.0309,0.00000,0.08616
4.38,3.62,2.8529,0.0300,0.00000,0.08743
4.62,3.62,2.7720,0.0248,0.00000,0.08938
4.88,3.62,2.7605,0.0194,0.00000,0.08736
5.12,3.62,2.7652,0.0230,0.00000,0.08774
5.38,3.62,2.7750,0.0261,0.00000,0.09044
5.62,3.62,2.8563,0.0183,0.00000,0.09024
5.88,3.62,2.8656,0.0174,0.00000,0.09028
6.12,3.62,3.0113,0.0318,0.00000,0.09421
6.38,3.62,3.0032,0.0394,0.00000,0.09494
6.62,3.62,3.1954,0.0387,0.00000,0.10461
6.88,3.62,3.1748,0.1467,0.00000,0.11587
7.12,3.62,3.1832,0.6003,0.00000,0.12735
7.38,3.62,2.3409,1.2814,0.00000,0.09557
2.62,3.88,2.3401,0.3413,0.00000,0.08819
2.88,3.88,3.1882,0.1710,0.00000,0.11697
3.12,3.88,3.2045,0.0466,0.00000,0.10505
3.38,3.88,3.2555,0.0081,0.00000,0.09362
3.62,3.88,3.0844,0.0073,0.00000,0.08438
3.88,3.88,3.0977,0.0156,0.00000,0.08280
4.12,3.88,2.9348,0.0215,0.00000,0.07871
4.38,3.88,2.9268,0.0238,0.00000,0.07873
4.62,3.88,2.7862,0.0237,0.00000,0.07797
4.88,3.88,2.7674,0.0182,0.00000,0.07665
5.12,3.88,2.7704,0.0167,0.00000,0.07778
5.38,3.88,2.7854,0.0154,0.00000,0.07932
5.62,3.88,2.9335,0.0102,0.00000,0.07916
5.88,3.88,2.9461,0.0101,0.00000,0.07819
6.12,3.88,3.1222,0.0162,0.00000,0.08278
6.38,3.88,3.1000,0.0195,0.00000,0.08576
6.62,3.88,3.2682,0.0229,0.00000,0.09615
6.88,3.88,3.2430,0.0552,0.00000,0.10539
7.12,3.88,3.2513,0.1642,0.00000,0.11434
7.38,3.88,2.3915,0.3098,0.00000,0.08557
2.62,4.12,2.3718,1.4701,0.00000,0.08301
2.88,4.12,3.2331,0.6830,0.00000,0.10982
3.12,4.12,3.2548,0.1572,0.00000,0.09747
3.38,4.12,3.3131,0.0200,0.00000,0.08546
3.62,4.12,3.1634,0.0099,0.00000,0.07778
3.88,4.12,3.1918,0.0121,0.00000,0.07794
4.12,4.12,3.0068,0.0125,0.00000,0.07358
4.38,4.12,2.9942,0.0184,0.00000,0.07252
4.62,4.12,2.8069,0.0249,0.00000,0.07015
4.88,4.12,2.7827,0.0184,0.00000,0.06861
5.12,4.12,2.7897,0.0104,0.00000,0.06900
5.38,4.12,2.8084,0.0058,0.00000,0.06980
5.62,4.12,3.0012,0.0033,0.00000,0.07125
5.88,4.12,3.0157,0.0051,0.00000,0.07103
6.12,4.12,3.2039,0.0095,0.00000,0.07598
6.38,4.12,3.1759,0.0150,0.00000,0.08045
6.62,4.12,3.3323,0.0232,0.00000,0.09138
6.88,4.12,3.2902,0.0374,0.00000,0.09885
7.12,4.12,3.2854,0.0590,0.00000,0.10578
7.38,4.12,2.4148,0.0667,0.00000,0.07894
2.62,4.38,2.3910,2.5724,0.00000,0.08010
2.88,4.38,3.2625,1.1843,0.00000,0.10581
3.12,4.38,3.2953,0.2680,0.00000,0.09333
3.38,4.38,3.3646,0.0384,0.00000,0.08086
3.62,4.38,3.2212,0.0225,0.00000,0.07277
3.88,4.38,3.2530,0.0185,0.00000,0.07178
4.12,4.38,3.0634,0.0145,0.00000,0.06654
4.38,4.38,3.0510,0.0193,0.00000,0.06542
4.62,4.38,2.8352,0.0255,0.00000,0.06296
4.88,4.38,2.8095,0.0176,0.00000,0.06219
5.12,4.38,2.8309,0.0067,0.00000,0.06246
5.38,4.38,2.8522,0.0020,0.00000,0.06291
5.62,4.38,3.0612,0.0016,0.00000,0.06575
5.88,4.38,3.0741,0.0042,0.00000,0.06736
6.12,4.38,3.2599,0.0084,0.00000,0.07307
6.38,4.38,3.2264,0.0153,0.00000,0.07716
6.62,4.38,3.3814,0.0269,0.00000,0.08725
6.88,4.38,3.3369,0.0532,0.00000,0.09429
7.12,4.38,3.3306,0.1113,0.00000,0.10102
7.38,4.38,2.4479,0.1682,0.00000,0.07547
2.62,4.62,2.4138,2.3156,0.00000,0.07545
2.88,4.62,3.2948,1.0759,0.00000,0.09980
3.12,4.62,3.3296,0.2533,0.00000,0.08879
3.38,4.62,3.4008,0.0499,0.00000,0.07761
3.62,4.62,3.2577,0.0396,0.00000,0.06881
3.88,4.62,3.2919,0.0301,0.00000,0.06584
4.12,4.62,3.1134,0.0228,0.00000,0.06022
4.38,4.62,3.1067,0.0260,0.00000,0.05929
4.62,4.62,2.8939,0.0296,0.00000,0.05694
4.88,4.62,2.8701,0.0191,0.00000,0.05712
5.12,4.62,2.8975,0.0062,0.00000,0.05768
5.38,4.62,2.9192,0.0021,0.00000,0.05760
5.62,4.62,3.1211,0.0036,0.00000,0.06071
5.88,4.62,3.1224,0.0066,0.00000,0.06367
6.12,4.62,3.2908,0.0090,0.00000,0.07008
6.38,4.62,3.2548,0.0158,0.00000,0.07374
6.62,4.62,3.4122,0.0350,0.00000,0.08277
6.88,4.62,3.3652,0.1218,0.00000,0.08952
7.12,4.62,3.3551,0.4036,0.00000,0.09616
7.38,4.62,2.4649,0.7948,0.00000,0.07191
2.62,4.88,2.4426,1.9844,0.00000,0.07032
2.88,4.88,3.3369,0.9420,0.00000,0.09333
3.12,4.88,3.3679,0.2392,0.00000,0.08418
3.38,4.88,3.4310,0.0554,0.00000,0.07449
3.62,4.88,3.2859,0.0398,0.00000,0.06535
3.88,4.88,3.3244,0.0288,0.00000,0.06176
4.12,4.88,3.1718,0.0237,0.00000,0.05717
4.38,4.88,3.1777,0.0278,0.00000,0.05701
4.62,4.88,2.9856,0.0295,0.00000,0.05466
4.88,4.88,2.9590,0.0189,0.00000,0.05440
5.12,4.88,2.9831,0.0072,0.00000,0.05441
5.38,4.88,3.0029,0.0055,0.00000,0.05411
5.62,4.88,3.1850,0.0111,0.00000,0.05738
5.88,4.88,3.1763,0.0151,0.00000,0.06068
6.12,4.88,3.3299,0.0137,0.00000,0.06705
6.38,4.88,3.2898,0.0195,0.00000,0.07059
6.62,4.88,3.4385,0.0527,0.00000,0.07880
6.88,4.88,3.3875,0.2696,0.00000,0.08461
7.12,4.88,3.3745,1.0455,0.00000,0.09021
7.38,4.88,2.4777,2.1841,0.00000,0.06731
2.62,5.12,2.4719,2.2329,0.00000,0.06480
2.88,5.12,3.3841,1.0792,0.00000,0.08655
3.12,5.12,3.4075,0.2894,0.00000,0.07942
3.38,5.12,3.4564,0.0642,0.00000,0.07134
3.62,5.12,3.3164,0.0310,0.00000,0.06212
3.88,5.12,3.3607,0.0192,0.00000,0.05841
4.12,5.12,3.2366,0.0174,0.00000,0.05553
4.38,5.12,3.2542,0.0227,0.00000,0.05680
4.62,5.12,3.0880,0.0231,0.00000,0.05410
4.88,5.12,3.0585,0.0153,0.00000,0.05219
5.12,5.12,3.0745,0.0090,0.00000,0.05167
5.38,5.12,3.0857,0.0115,0.00000,0.05227
5.62,5.12,3.2460,0.0212,0.00000,0.05631
5.88,5.12,3.2376,0.0267,0.00000,0.05958
6.12,5.12,3.3794,0.0258,0.00000,0.06512
6.38,5.12,3.3333,0.0330,0.00000,0.06727
6.62,5.12,3.4728,0.0745,0.00000,0.07429
6.88,5.12,3.4288,0.3962,0.00000,0.08107
7.12,5.12,3.4175,1.5622,0.00000,0.08736
7.38,5.12,2.5067,3.2796,0.00000,0.06524
2.62,5.38,2.4972,3.4894,0.00000,0.06030
2.88,5.38,3.4313,1.6781,0.00000,0.08102
3.12,5.38,3.4545,0.4414,0.00000,0.07542
3.38,5.38,3.4908,0.0882,0.00000,0.06871
3.62,5.38,3.3596,0.0341,0.00000,0.05985
3.88,5.38,3.4065,0.0178,0.00000,0.05596
4.12,5.38,3.3042,0.0140,0.00000,0.05366
4.38,5.38,3.3280,0.0186,0.00000,0.05494
4.62,5.38,3.1875,0.0208,0.00000,0.05189
4.88,5.38,3.1556,0.0177,0.00000,0.04979
5.12,5.38,3.1692,0.0151,0.00000,0.04968
5.38,5.38,3.1741,0.0186,0.00000,0.05083
5.62,5.38,3.3097,0.0290,0.00000,0.05517
5.88,5.38,3.2967,0.0366,0.00000,0.05878
6.12,5.38,3.4197,0.0420,0.00000,0.06421
6.38,5.38,3.3731,0.0560,0.00000,0.06511
6.62,5.38,3.5089,0.0962,0.00000,0.07091
6.88,5.38,3.4759,0.4107,0.00000,0.07962
7.12,5.38,3.4634,1.5141,0.00000,0.08782
7.38,5.38,2.5352,3.1038,0.00000,0.06583
2.62,5.62,2.5110,4.6907,0.00000,0.05719
2.88,5.62,3.4703,2.2677,0.00000,0.07679
3.12,5.62,3.5078,0.6022,0.00000,0.07074
3.38,5.62,3.5344,0.1181,0.00000,0.06372
3.62,5.62,3.4107,0.0425,0.00000,0.05635
3.88,5.62,3.4617,0.0219,0.00000,0.05334
4.12,5.62,3.3701,0.0149,0.00000,0.05060
4.38,5.62,3.3926,0.0166,0.00000,0.05055
4.62,5.62,3.2813,0.0236,0.00000,0.04824
4.88,5.62,3.2506,0.0299,0.00000,0.04807
5.12,5.62,3.2678,0.0269,0.00000,0.04860
5.38,5.62,3.2695,0.0253,0.00000,0.04936
5.62,5.62,3.3782,0.0344,0.00000,0.05347
5.88,5.62,3.3596,0.0429,0.00000,0.05701
6.12,5.62,3.4641,0.0519,0.00000,0.06232
6.38,5.62,3.4192,0.0746,0.00000,0.06348
6.62,5.62,3.5513,0.1266,0.00000,0.06893
6.88,5.62,3.5294,0.4286,0.00000,0.07719
7.12,5.62,3.5141,1.3884,0.00000,0.08486
7.38,5.62,2.5651,2.7119,0.00000,0.06350
2.62,5.88,2.5355,5.0198,0.00000,0.05507
2.88,5.88,3.5177,2.4875,0.00000,0.07375
3.12,5.88,3.5620,0.7065,0.00000,0.06692
3.38,5.88,3.5760,0.1517,0.00000,0.05910
3.62,5.88,3.4603,0.0497,0.00000,0.05248
3.88,5.88,3.5168,0.0267,0.00000,0.05043
4.12,5.88,3.4309,0.0207,0.00000,0.04798
4.38,5.88,3.4504,0.0194,0.00000,0.04714
4.62,5.88,3.3653,0.0298,0.00000,0.04599
4.88,5.88,3.3311,0.0439,0.00000,0.04772
5.12,5.88,3.3493,0.0392,0.00000,0.04868
5.38,5.88,3.3509,0.0305,0.00000,0.04928
5.62,5.88,3.4390,0.0338,0.00000,0.05279
5.88,5.88,3.4219,0.0399,0.00000,0.05457
6.12,5.88,3.5144,0.0542,0.00000,0.05859
6.38,5.88,3.4727,0.0918,0.00000,0.06071
6.62,5.88,3.6004,0.1736,0.00000,0.06656
6.88,5.88,3.5796,0.5207,0.00000,0.07347
7.12,5.88,3.5564,1.5082,0.00000,0.07952
7.38,5.88,2.5880,2.8132,0.00000,0.05923
2.62,6.12,2.5560,4.8800,0.00000,0.05261
2.88,6.12,3.5464,2.5121,0.00000,0.07038
3.12,6.12,3.5969,0.7827,0.00000,0.06336
3.38,6.12,3.6151,0.1894,0.00000,0.05514
3.62,6.12,3.5088,0.0592,0.00000,0.04885
3.88,6.12,3.5699,0.0335,0.00000,0.04784
4.12,6.12,3.4954,0.0307,0.00000,0.04674
4.38,6.12,3.5103,0.0274,0.00000,0.04616
4.62,6.12,3.4410,0.0344,0.00000,0.04560
4.88,6.12,3.4024,0.0463,0.00000,0.04779
5.12,6.12,3.4193,0.0450,0.00000,0.04888
5.38,6.12,3.4223,0.0376,0.00000,0.04969
5.62,6.12,3.4977,0.0364,0.00000,0.05266
5.88,6.12,3.4831,0.0401,0.00000,0.05299
6.12,6.12,3.5682,0.0610,0.00000,0.05602
6.38,6.12,3.5283,0.1174,0.00000,0.05864
6.62,6.12,3.6493,0.2433,0.00000,0.06464
6.88,6.12,3.6252,0.6934,0.00000,0.07030
7.12,6.12,3.5999,1.9009,0.00000,0.07518
7.38,6.12,2.6157,3.4738,0.00000,0.05604
2.62,6.38,2.5875,4.8290,0.00000,0.05014
2.88,6.38,3.5811,2.5746,0.00000,0.06709
3.12,6.38,3.6288,0.8558,0.00000,0.06075
3.38,6.38,3.6519,0.2287,0.00000,0.05307
3.62,6.38,3.5584,0.0815,0.00000,0.04677
3.88,6.38,3.6264,0.0463,0.00000,0.04551
4.12,6.38,3.5590,0.0396,0.00000,0.04576
4.38,6.38,3.5695,0.0351,0.00000,0.04682
4.62,6.38,3.5144,0.0376,0.00000,0.04537
4.88,6.38,3.4752,0.0444,0.00000,0.04542
5.12,6.38,3.4854,0.0475,0.00000,0.04611
5.38,6.38,3.4881,0.0471,0.00000,0.04695
5.62,6.38,3.5590,0.0481,0.00000,0.04941
5.88,6.38,3.5372,0.0541,0.00000,0.05052
6.12,6.38,3.6098,0.0824,0.00000,0.05415
6.38,6.38,3.5734,0.1617,0.00000,0.05726
6.62,6.38,3.6919,0.3595,0.00000,0.06355
6.88,6.38,3.6443,0.9887,0.00000,0.06776
7.12,6.38,3.6035,2.6113,0.00000,0.07115
7.38,6.38,2.6179,4.7485,0.00000,0.05305
2.62,6.62,2.6140,5.5856,0.00000,0.04880
2.88,6.62,3.6160,3.0006,0.00000,0.06532
3.12,6.62,3.6681,1.0077,0.00000,0.05969
3.38,6.62,3.6991,0.2842,0.00000,0.05261
3.62,6.62,3.6068,0.1153,0.00000,0.04587
3.88,6.62,3.6729,0.0654,0.00000,0.04360
4.12,6.62,3.6128,0.0511,0.00000,0.04478
4.38,6.62,3.6266,0.0424,0.00000,0.04723
4.62,6.62,3.5786,0.0369,0.00000,0.04410
4.88,6.62,3.5443,0.0396,0.00000,0.04144
5.12,6.62,3.5531,0.0476,0.00000,0.04155
5.38,6.62,3.5515,0.0558,0.00000,0.04284
5.62,6.62,3.6141,0.0665,0.00000,0.04588
5.88,6.62,3.5866,0.0835,0.00000,0.04870
6.12,6.62,3.6585,0.1264,0.00000,0.05327
6.38,6.62,3.6143,0.2402,0.00000,0.05666
6.62,6.62,3.7239,0.5431,0.00000,0.06310
6.88,6.62,3.6670,1.3531,0.00000,0.06616
7.12,6.62,3.6301,3.2267,0.00000,0.06794
7.38,6.62,2.6448,5.6691,0.00000,0.05028
2.62,6.88,2.6377,6.7946,0.00000,0.04845
2.88,6.88,3.6521,3.6660,0.00000,0.06471
3.12,6.88,3.7082,1.2536,0.00000,0.05874
3.38,6.88,3.7440,0.3696,0.00000,0.05127
3.62,6.88,3.6511,0.1538,0.00000,0.04459
3.88,6.88,3.7172,0.0902,0.00000,0.04211
4.12,6.88,3.6624,0.0728,0.00000,0.04247
4.38,6.88,3.6805,0.0599,0.00000,0.04393
4.62,6.88,3.6366,0.0457,0.00000,0.04096
4.88,6.88,3.6101,0.0479,0.00000,0.03854
5.12,6.88,3.6166,0.0623,0.00000,0.03873
5.38,6.88,3.6115,0.0738,0.00000,0.04031
5.62,6.88,3.6698,0.0980,0.00000,0.04424
5.88,6.88,3.6390,0.1348,0.00000,0.04865
6.12,6.88,3.7113,0.1918,0.00000,0.05385
6.38,6.88,3.6560,0.3375,0.00000,0.05703
6.62,6.88,3.7597,0.7432,0.00000,0.06347
6.88,6.88,3.6917,1.6656,0.00000,0.06615
7.12,6.88,3.6504,3.4627,0.00000,0.06706
7.38,6.88,2.6611,5.6734,0.00000,0.04913
2.62,7.12,2.6598,7.7071,0.00000,0.04832
2.88,7.12,3.6858,4.2455,0.00000,0.06458
3.12,7.12,3.7436,1.5424,0.00000,0.05858
3.38,7.12,3.7852,0.5006,0.00000,0.05112
3.62,7.12,3.6914,0.2136,0.00000,0.04428
3.88,7.12,3.7523,0.1338,0.00000,0.04136
4.12,7.12,3.7008,0.1203,0.00000,0.04027
4.38,7.12,3.7340,0.1018,0.00000,0.04045
4.62,7.12,3.6960,0.0772,0.00000,0.03864
4.88,7.12,3.6717,0.0828,0.00000,0.03788
5.12,7.12,3.6751,0.1052,0.00000,0.03873
5.38,7.12,3.6706,0.1157,0.00000,0.03977
5.62,7.12,3.7246,0.1539,0.00000,0.04348
5.88,7.12,3.6853,0.2123,0.00000,0.04887
6.12,7.12,3.7574,0.2844,0.00000,0.05507
6.38,7.12,3.6949,0.4624,0.00000,0.05987
6.62,7.12,3.7966,0.9368,0.00000,0.06777
6.88,7.12,3.7262,1.9150,0.00000,0.07007
7.12,7.12,3.6806,3.5633,0.00000,0.07023
7.38,7.12,2.6790,5.3861,0.00000,0.05106
2.62,7.38,2.6729,7.9821,0.00000,0.04645
2.88,7.38,3.7052,4.5692,0.00000,0.06277
3.12,7.38,3.7646,1.8187,0.00000,0.05928
3.38,7.38,3.8144,0.6709,0.00000,0.05414
3.62,7.38,3.7259,0.3038,0.00000,0.04630
3.88,7.38,3.7881,0.2068,0.00000,0.04210
4.12,7.38,3.7384,0.2040,0.00000,0.04061
4.38,7.38,3.7786,0.1750,0.00000,0.04063
4.62,7.38,3.7411,0.1325,0.00000,0.03916
4.88,7.38,3.7220,0.1416,0.00000,0.03916
5.12,7.38,3.7267,0.1757,0.00000,0.04028
5.38,7.38,3.7240,0.1884,0.00000,0.04081
5.62,7.38,3.7688,0.2408,0.00000,0.04391
5.88,7.38,3.7088,0.3178,0.00000,0.04834
6.12,7.38,3.7740,0.4072,0.00000,0.05487
6.38,7.38,3.7138,0.6290,0.00000,0.06353
6.62,7.38,3.8208,1.1831,0.00000,0.07466
6.88,7.38,3.7562,2.2910,0.00000,0.07528
7.12,7.38,3.7044,4.1110,0.00000,0.07289
7.38,7.38,2.6925,6.0106,0.00000,0.05233
2.62,7.62,2.6874,9.1551,0.00000,0.04435
2.88,7.62,3.7226,5.3686,0.00000,0.06118
3.12,7.62,3.7853,2.2916,0.00000,0.06193
3.38,7.62,3.8420,0.9317,0.00000,0.05981
3.62,7.62,3.7560,0.4382,0.00000,0.05002
3.88,7.62,3.8153,0.3137,0.00000,0.04442
4.12,7.62,3.7651,0.3206,0.00000,0.04356
4.38,7.62,3.8152,0.2785,0.00000,0.04394
4.62,7.62,3.7802,0.2127,0.00000,0.04228
4.88,7.62,3.7644,0.2230,0.00000,0.04235
5.12,7.62,3.7715,0.2695,0.00000,0.04292
5.38,7.62,3.7723,0.2936,0.00000,0.04337
5.62,7.62,3.8098,0.3806,0.00000,0.04652
5.88,7.62,3.7367,0.4902,0.00000,0.04957
6.12,7.62,3.7922,0.6021,0.00000,0.05574
6.38,7.62,3.7288,0.8809,0.00000,0.06705
6.62,7.62,3.8393,1.5626,0.00000,0.08064
6.88,7.62,3.7818,2.9221,0.00000,0.07857
7.12,7.62,3.7242,5.2059,0.00000,0.07219
7.38,7.62,2.7103,7.5930,0.00000,0.05093
2.62,7.88,2.7038,11.8417,0.00000,0.04465
2.88,7.88,3.7370,6.9400,0.00000,0.06295
3.12,7.88,3.8069,3.0525,0.00000,0.06801
3.38,7.88,3.8724,1.3298,0.00000,0.06818
3.62,7.88,3.7794,0.6514,0.00000,0.05573
3.88,7.88,3.8264,0.4792,0.00000,0.04873
4.12,7.88,3.7788,0.4935,0.00000,0.04840
4.38,7.88,3.8469,0.4345,0.00000,0.04871
4.62,7.88,3.8200,0.3373,0.00000,0.04683
4.88,7.88,3.8065,0.3429,0.00000,0.04698
5.12,7.88,3.8128,0.3945,0.00000,0.04707
5.38,7.88,3.8113,0.4311,0.00000,0.04757
5.62,7.88,3.8441,0.5820,0.00000,0.05142
5.88,7.88,3.7750,0.7567,0.00000,0.05430
6.12,7.88,3.8264,0.9206,0.00000,0.06099
6.38,7.88,3.7528,1.2985,0.00000,0.07443
6.62,7.88,3.8565,2.1512,0.00000,0.08973
6.88,7.88,3.8036,3.7783,0.00000,0.08424
7.12,7.88,3.7436,6.4421,0.00000,0.07300
7.38,7.88,2.7337,9.1775,0.00000,0.05044
2.62,8.12,2.7208,14.0916,0.00000,0.04832
2.88,8.12,3.7512,8.4054,0.00000,0.06954
3.12,8.12,3.8258,3.8976,0.00000,0.07889
3.38,8.12,3.9061,1.8617,0.00000,0.08129
3.62,8.12,3.8124,0.9845,0.00000,0.06474
3.88,8.12,3.8472,0.7336,0.00000,0.05483
4.12,8.12,3.7954,0.7421,0.00000,0.05478
4.38,8.12,3.8674,0.6600,0.00000,0.05479
4.62,8.12,3.8497,0.5243,0.00000,0.05132
4.88,8.12,3.8432,0.5206,0.00000,0.05043
5.12,8.12,3.8428,0.5726,0.00000,0.05113
5.38,8.12,3.8345,0.6135,0.00000,0.05256
5.62,8.12,3.8659,0.8246,0.00000,0.05787
5.88,8.12,3.7974,1.0780,0.00000,0.06143
6.12,8.12,3.8459,1.3441,0.00000,0.06939
6.38,8.12,3.7760,1.8874,0.00000,0.08544
6.62,8.12,3.8785,2.9809,0.00000,0.10358
6.88,8.12,3.8440,4.9355,0.00000,0.09634
7.12,8.12,3.7885,8.0190,0.00000,0.07952
7.38,8.12,2.7742,11.1992,0.00000,0.05335
2.62,8.38,2.7279,15.6404,0.00000,0.05335
2.88,8.38,3.7565,9.7156,0.00000,0.07912
3.12,8.38,3.8380,4.8976,0.00000,0.09479
3.38,8.38,3.9347,2.5789,0.00000,0.10049
3.62,8.38,3.8463,1.4643,0.00000,0.07774
3.88,8.38,3.8755,1.0901,0.00000,0.06258
4.12,8.38,3.8168,1.0612,0.00000,0.06204
4.38,8.38,3.8771,0.9478,0.00000,0.06157
4.62,8.38,3.8621,0.7838,0.00000,0.05688
4.88,8.38,3.8712,0.7804,0.00000,0.05563
5.12,8.38,3.8689,0.8365,0.00000,0.05691
5.38,8.38,3.8503,0.8774,0.00000,0.05928
5.62,8.38,3.8753,1.1346,0.00000,0.06648
5.88,8.38,3.8021,1.4641,0.00000,0.07083
6.12,8.38,3.8473,1.8515,0.00000,0.08020
6.38,8.38,3.7809,2.5901,0.00000,0.10006
6.62,8.38,3.8862,3.9897,0.00000,0.12397
6.88,8.38,3.8929,6.3477,0.00000,0.11570
7.12,8.38,3.8406,9.9214,0.00000,0.08970
7.38,8.38,2.8173,13.7033,0.00000,0.05725
2.62,8.62,2.7471,16.5659,0.00000,0.05856
2.88,8.62,3.7798,10.9270,0.00000,0.09042
3.12,8.62,3.8590,6.1210,0.00000,0.11578
3.38,8.62,3.9438,3.5139,0.00000,0.12643
3.62,8.62,3.8576,2.1025,0.00000,0.09594
3.88,8.62,3.8992,1.5768,0.00000,0.07389
4.12,8.62,3.8435,1.4829,0.00000,0.07194
4.38,8.62,3.8918,1.3199,0.00000,0.07066
4.62,8.62,3.8706,1.1305,0.00000,0.06593
4.88,8.62,3.8842,1.1448,0.00000,0.06566
5.12,8.62,3.8854,1.2147,0.00000,0.06685
5.38,8.62,3.8751,1.2643,0.00000,0.06942
5.62,8.62,3.8956,1.5711,0.00000,0.07867
5.88,8.62,3.8062,1.9636,0.00000,0.08467
6.12,8.62,3.8424,2.4441,0.00000,0.09620
6.38,8.62,3.7729,3.3661,0.00000,0.12053
6.62,8.62,3.8850,5.0909,0.00000,0.15117
6.88,8.62,3.9487,7.8520,0.00000,0.14092
7.12,8.62,3.8983,11.7236,0.00000,0.10215
7.38,8.62,2.8667,15.7433,0.00000,0.06101
2.62,8.88,2.7711,17.0487,0.00000,0.06158
2.88,8.88,3.7964,11.9592,0.00000,0.09993
3.12,8.88,3.8766,7.3797,0.00000,0.14012
3.38,8.88,3.9512,4.5923,0.00000,0.16055
3.62,8.88,3.8634,2.9194,0.00000,0.12129
3.88,8.88,3.9096,2.1982,0.00000,0.08999
4.12,8.88,3.8612,1.9848,0.00000,0.08573
4.38,8.88,3.9080,1.7744,0.00000,0.08444
4.62,8.88,3.8790,1.5702,0.00000,0.07978
4.88,8.88,3.8920,1.6157,0.00000,0.08021
5.12,8.88,3.8991,1.7190,0.00000,0.08130
5.38,8.88,3.8963,1.8013,0.00000,0.08444
5.62,8.88,3.9100,2.1757,0.00000,0.09685
5.88,8.88,3.8139,2.6396,0.00000,0.10547
6.12,8.88,3.8452,3.2484,0.00000,0.11944
6.38,8.88,3.7752,4.3975,0.00000,0.14787
6.62,8.88,3.8877,6.3745,0.00000,0.18496
6.88,8.88,3.9826,9.3793,0.00000,0.17248
7.12,8.88,3.9285,13.1598,0.00000,0.11867
7.38,8.88,2.9014,16.7553,0.00000,0.06608
2.62,9.12,2.8055,17.3679,0.00000,0.06042
2.88,9.12,3.8185,12.9619,0.00000,0.10421
3.12,9.12,3.8943,8.6999,0.00000,0.16187
3.38,9.12,3.9641,5.8216,0.00000,0.19598
3.62,9.12,3.8763,3.9271,0.00000,0.15008
3.88,9.12,3.9155,2.9544,0.00000,0.11028
4.12,9.12,3.8684,2.5890,0.00000,0.10299
4.38,9.12,3.9172,2.3681,0.00000,0.10220
4.62,9.12,3.8919,2.1671,0.00000,0.09743
4.88,9.12,3.9051,2.2376,0.00000,0.09766
5.12,9.12,3.9075,2.3717,0.00000,0.09773
5.38,9.12,3.9014,2.4749,0.00000,0.10182
5.62,9.12,3.9105,2.9124,0.00000,0.11857
5.88,9.12,3.8217,3.4502,0.00000,0.13053
6.12,9.12,3.8494,4.2119,0.00000,0.14743
6.38,9.12,3.7938,5.6423,0.00000,0.18091
6.62,9.12,3.9053,7.8580,0.00000,0.22466
6.88,9.12,3.9992,11.0034,0.00000,0.20680
7.12,9.12,3.9417,14.4019,0.00000,0.13563
7.38,9.12,2.9281,17.0879,0.00000,0.07115
2.62,9.38,2.8206,17.1014,0.00000,0.05868
2.88,9.38,3.8385,13.8171,0.00000,0.10880
3.12,9.38,3.9194,10.0877,0.00000,0.18517
3.38,9.38,3.9795,7.1565,0.00000,0.23359
3.62,9.38,3.8933,5.0370,0.00000,0.18270
3.88,9.38,3.9324,3.8230,0.00000,0.13556
4.12,9.38,3.8878,3.3460,0.00000,0.12371
4.38,9.38,3.9320,3.1445,0.00000,0.12320
4.62,9.38,3.9055,2.9577,0.00000,0.11838
4.88,9.38,3.9038,3.0509,0.00000,0.11810
5.12,9.38,3.8992,3.1938,0.00000,0.11716
5.38,9.38,3.9010,3.2905,0.00000,0.12206
5.62,9.38,3.9116,3.8039,0.00000,0.14383
5.88,9.38,3.8381,4.4257,0.00000,0.16063
6.12,9.38,3.8632,5.2675,0.00000,0.17979
6.38,9.38,3.8154,6.8921,0.00000,0.21873
6.62,9.38,3.9187,9.3215,0.00000,0.26863
6.88,9.38,4.0087,12.6427,0.00000,0.24000
7.12,9.38,3.9598,15.9444,0.00000,0.15058
7.38,9.38,2.9754,18.1886,0.00000,0.07617
2.62,9.62,2.8461,17.0801,0.00000,0.05822
2.88,9.62,3.8776,14.8431,0.00000,0.11614
3.12,9.62,3.9557,11.5661,0.00000,0.21198
3.38,9.62,3.9833,8.5245,0.00000,0.27396
3.62,9.62,3.9008,6.1776,0.00000,0.21846
3.88,9.62,3.9569,4.7878,0.00000,0.16452
4.12,9.62,3.9157,4.2699,0.00000,0.14831
4.38,9.62,3.9345,4.0941,0.00000,0.14807
4.62,9.62,3.9022,3.9127,0.00000,0.14262
4.88,9.62,3.8965,4.0181,0.00000,0.14086
5.12,9.62,3.8908,4.1636,0.00000,0.13928
5.38,9.62,3.8986,4.2666,0.00000,0.14502
5.62,9.62,3.9111,4.8507,0.00000,0.17198
5.88,9.62,3.8521,5.5588,0.00000,0.19539
6.12,9.62,3.8759,6.4368,0.00000,0.21718
6.38,9.62,3.8352,8.1461,0.00000,0.26144
6.62,9.62,3.9357,10.7444,0.00000,0.31784
6.88,9.62,4.0210,14.2717,0.00000,0.27658
7.12,9.62,3.9708,17.8296,0.00000,0.16726
7.38,9.62,3.0168,20.2892,0.00000,0.08255
2.62,9.88,2.8796,18.0582,0.00000,0.06054
2.88,9.88,3.9077,16.3314,0.00000,0.12789
3.12,9.88,3.9838,13.2097,0.00000,0.24236
3.38,9.88,3.9772,10.0046,0.00000,0.31494
3.62,9.88,3.8945,7.4732,0.00000,0.25279
3.88,9.88,3.9611,5.9492,0.00000,0.19036
4.12,9.88,3.9268,5.4186,0.00000,0.17198
4.38,9.88,3.9228,5.2592,0.00000,0.17485
4.62,9.88,3.8897,5.0379,0.00000,0.17053
4.88,9.88,3.8974,5.0957,0.00000,0.16696
5.12,9.88,3.8970,5.2380,0.00000,0.16282
5.38,9.88,3.9008,5.3971,0.00000,0.16819
5.62,9.88,3.9093,6.0398,0.00000,0.19979
5.88,9.88,3.8612,6.7986,0.00000,0.23016
6.12,9.88,3.8890,7.6733,0.00000,0.25466
6.38,9.88,3.8501,9.4333,0.00000,0.30160
6.62,9.88,3.9485,12.3318,0.00000,0.36488
6.88,9.88,4.0528,16.2724,0.00000,0.31558
7.12,9.88,4.0111,20.2686,0.00000,0.18743
7.38,9.88,3.0647,23.2234,0.00000,0.09102
2.62,10.12,2.9316,20.2147,0.00000,0.06491
2.88,10.12,3.9391,18.4286,0.00000,0.14220
3.12,10.12,4.0091,15.1011,0.00000,0.27138
3.38,10.12,3.9711,11.6508,0.00000,0.34928
3.62,10.12,3.8903,8.9834,0.00000,0.28274
3.88,10.12,3.9548,7.3492,0.00000,0.21439
4.12,10.12,3.9236,6.8091,0.00000,0.19517
4.38,10.12,3.9072,6.6814,0.00000,0.20392
4.62,10.12,3.8830,6.4114,0.00000,0.20325
4.88,10.12,3.9054,6.3413,0.00000,0.19607
5.12,10.12,3.9075,6.4164,0.00000,0.18590
5.38,10.12,3.9005,6.6319,0.00000,0.19129
5.62,10.12,3.9050,7.3421,0.00000,0.22848
5.88,10.12,3.8678,8.1553,0.00000,0.26398
6.12,10.12,3.8979,9.0464,0.00000,0.29246
6.38,10.12,3.8646,10.9314,0.00000,0.34750
6.62,10.12,3.9607,14.2195,0.00000,0.41848
6.88,10.12,4.0692,18.6251,0.00000,0.35655
7.12,10.12,4.0232,22.9943,0.00000,0.20585
7.38,10.12,3.0941,26.3546,0.00000,0.09753
2.62,10.38,2.9907,22.7217,0.00000,0.06979
2.88,10.38,3.9678,20.7796,0.00000,0.15780
3.12,10.38,4.0316,17.1752,0.00000,0.29974
3.38,10.38,3.9698,13.4298,0.00000,0.37840
3.62,10.38,3.8935,10.6146,0.00000,0.30924
3.88,10.38,3.9480,8.8904,0.00000,0.24039
4.12,10.38,3.9189,8.3528,0.00000,0.22307
4.38,10.38,3.8980,8.2573,0.00000,0.23809
4.62,10.38,3.8844,7.9731,0.00000,0.24045
4.88,10.38,3.9116,7.7659,0.00000,0.22705
5.12,10.38,3.9155,7.7562,0.00000,0.20896
5.38,10.38,3.9051,8.0198,0.00000,0.21470
5.62,10.38,3.9046,8.8136,0.00000,0.25505
5.88,10.38,3.8733,9.7097,0.00000,0.28940
6.12,10.38,3.9020,10.5904,0.00000,0.32124
6.38,10.38,3.8785,12.5856,0.00000,0.39003
6.62,10.38,3.9685,16.2348,0.00000,0.46891
6.88,10.38,4.0775,21.0590,0.00000,0.39193
7.12,10.38,4.0352,25.6163,0.00000,0.21982
7.38,10.38,3.1364,28.9535,0.00000,0.10140
2.62,10.62,3.0614,25.1540,0.00000,0.07403
2.88,10.62,3.9949,23.1472,0.00000,0.17365
3.12,10.62,4.0511,19.2973,0.00000,0.32649
3.38,10.62,3.9663,15.2328,0.00000,0.39903
3.62,10.62,3.8929,12.2986,0.00000,0.32844
3.88,10.62,3.9388,10.5531,0.00000,0.26659
4.12,10.62,3.9152,10.0142,0.00000,0.25273
4.38,10.62,3.8941,9.8736,0.00000,0.27080
4.62,10.62,3.8878,9.5937,0.00000,0.27447
4.88,10.62,3.9109,9.3372,0.00000,0.25457
5.12,10.62,3.9121,9.3270,0.00000,0.22791
5.38,10.62,3.9090,9.6594,0.00000,0.23319
5.62,10.62,3.9074,10.4941,0.00000,0.27742
5.88,10.62,3.8852,11.4147,0.00000,0.31404
6.12,10.62,3.9062,12.1775,0.00000,0.34674
6.38,10.62,3.8872,14.1692,0.00000,0.42020
6.62,10.62,3.9745,18.1427,0.00000,0.50558
6.88,10.62,4.0891,23.4570,0.00000,0.42654
7.12,10.62,4.0418,28.3101,0.00000,0.23877
7.38,10.62,3.1657,31.6548,0.00000,0.10769
2.62,10.88,3.1425,28.1816,0.00000,0.07747
2.88,10.88,4.0099,25.8257,0.00000,0.18613
3.12,10.88,4.0602,21.4813,0.00000,0.34712
3.38,10.88,3.9581,16.9761,0.00000,0.41371
3.62,10.88,3.8866,13.9101,0.00000,0.34413
3.88,10.88,3.9215,12.2551,0.00000,0.28938
4.12,10.88,3.9083,11.7886,0.00000,0.27607
4.38,10.88,3.8991,11.5693,0.00000,0.29059
4.62,10.88,3.8976,11.2951,0.00000,0.29434
4.88,10.88,3.9083,11.0553,0.00000,0.27553
5.12,10.88,3.9051,11.1312,0.00000,0.24417
5.38,10.88,3.9060,11.5608,0.00000,0.24804
5.62,10.88,3.8995,12.3646,0.00000,0.29740
5.88,10.88,3.9005,13.1693,0.00000,0.34217
6.12,10.88,3.9178,13.7520,0.00000,0.37340
6.38,10.88,3.8921,15.6840,0.00000,0.44013
6.62,10.88,3.9714,19.8162,0.00000,0.52775
6.88,10.88,4.1027,25.5643,0.00000,0.45550
7.12,10.88,4.0628,31.0333,0.00000,0.25858
7.38,10.88,3.2204,34.8177,0.00000,0.11578
2.62,11.12,3.2186,30.9752,0.00000,0.07784
2.88,11.12,4.0262,28.3979,0.00000,0.18845
3.12,11.12,4.0707,23.6016,0.00000,0.35151
3.38,11.12,3.9542,18.7131,0.00000,0.41865
3.62,11.12,3.8826,15.5571,0.00000,0.35987
3.88,11.12,3.9036,14.0384,0.00000,0.31601
4.12,11.12,3.8985,13.6532,0.00000,0.30109
4.38,11.12,3.9044,13.3451,0.00000,0.30703
4.62,11.12,3.9153,13.1222,0.00000,0.30834
4.88,11.12,3.9162,12.9592,0.00000,0.29252
5.12,11.12,3.9057,13.1350,0.00000,0.25719
5.38,11.12,3.9028,13.6386,0.00000,0.25815
5.62,11.12,3.8857,14.3623,0.00000,0.30939
5.88,11.12,3.9077,14.9622,0.00000,0.35848
6.12,11.12,3.9188,15.3786,0.00000,0.39080
6.38,11.12,3.8959,17.3034,0.00000,0.45820
6.62,11.12,3.9724,21.4324,0.00000,0.54693
6.88,11.12,4.1131,27.3469,0.00000,0.47136
7.12,11.12,4.0699,33.4778,0.00000,0.26487
7.38,11.12,3.2637,37.9126,0.00000,0.11695
2.62,11.38,3.2512,32.3176,0.00000,0.07650
2.88,11.38,4.0347,30.4107,0.00000,0.18598
3.12,11.38,4.0863,25.6295,0.00000,0.34680
3.38,11.38,3.9498,20.5612,0.00000,0.41409
3.62,11.38,3.8744,17.4144,0.00000,0.36821
3.88,11.38,3.8907,15.9252,0.00000,0.34128
4.12,11.38,3.8945,15.4979,0.00000,0.32811
4.38,11.38,3.9123,15.0904,0.00000,0.32613
4.62,11.38,3.9392,14.9948,0.00000,0.32269
4.88,11.38,3.9337,14.9853,0.00000,0.30547
5.12,11.38,3.9154,15.2532,0.00000,0.26788
5.38,11.38,3.9076,15.7994,0.00000,0.26951
5.62,11.38,3.8754,16.3701,0.00000,0.31811
5.88,11.38,3.9022,16.7608,0.00000,0.35801
6.12,11.38,3.9104,17.1211,0.00000,0.39055
6.38,11.38,3.9119,19.2114,0.00000,0.46821
6.62,11.38,3.9860,23.4076,0.00000,0.56022
6.88,11.38,4.1432,29.4153,0.00000,0.48065
7.12,11.38,4.1116,36.0684,0.00000,0.26648
7.38,11.38,3.3428,41.0488,0.00000,0.11544
2.62,11.62,3.3038,33.4823,0.00000,0.07411
2.88,11.62,4.0508,32.4117,0.00000,0.17964
3.12,11.62,4.0964,27.6996,0.00000,0.33524
3.38,11.62,3.9326,22.5467,0.00000,0.40172
3.62,11.62,3.8629,19.5227,0.00000,0.36515
3.88,11.62,3.8888,17.9719,0.00000,0.35224
4.12,11.62,3.9022,17.4626,0.00000,0.34515
4.38,11.62,3.9234,17.0122,0.00000,0.34218
4.62,11.62,3.9666,17.0288,0.00000,0.33650
4.88,11.62,3.9589,17.1099,0.00000,0.31699
5.12,11.62,3.9303,17.3707,0.00000,0.27644
5.38,11.62,3.9110,17.9554,0.00000,0.27771
5.62,11.62,3.8648,18.4119,0.00000,0.32441
5.88,11.62,3.8982,18.6425,0.00000,0.35646
6.12,11.62,3.9052,19.0286,0.00000,0.38620
6.38,11.62,3.9266,21.4524,0.00000,0.46567
6.62,11.62,3.9879,25.9065,0.00000,0.55724
6.88,11.62,4.1326,32.0626,0.00000,0.47959
7.12,11.62,4.1064,39.0154,0.00000,0.26427
7.38,11.62,3.4340,44.3097,0.00000,0.11252
2.62,11.88,3.3909,36.0475,0.00000,0.06993
2.88,11.88,4.0469,34.7556,0.00000,0.16582
3.12,11.88,4.0848,29.6469,0.00000,0.31333
3.38,11.88,3.9220,24.4778,0.00000,0.38634
3.62,11.88,3.8622,21.6848,0.00000,0.36110
3.88,11.88,3.8841,20.1027,0.00000,0.35152
4.12,11.88,3.9074,19.6421,0.00000,0.34824
4.38,11.88,3.9268,19.3100,0.00000,0.34904
4.62,11.88,3.9925,19.4311,0.00000,0.34214
4.88,11.88,3.9866,19.4877,0.00000,0.32136
5.12,11.88,3.9402,19.5339,0.00000,0.27887
5.38,11.88,3.9024,20.0374,0.00000,0.27752
5.62,11.88,3.8421,20.5191,0.00000,0.32406
5.88,11.88,3.8858,20.7321,0.00000,0.35577
6.12,11.88,3.8922,21.1226,0.00000,0.38049
6.38,11.88,3.9295,23.8558,0.00000,0.45221
6.62,11.88,3.9758,28.6141,0.00000,0.53907
6.88,11.88,4.1103,34.9892,0.00000,0.46688
7.12,11.88,4.1056,42.1862,0.00000,0.25758
7.38,11.88,3.5646,47.5037,0.00000,0.10987
2.62,12.12,3.5110,39.5922,0.00000,0.06744
2.88,12.12,4.0398,37.3546,0.00000,0.15565
3.12,12.12,4.0707,31.4878,0.00000,0.29628
3.38,12.12,3.9241,26.2214,0.00000,0.37396
3.62,12.12,3.8763,23.7416,0.00000,0.35801
3.88,12.12,3.8848,22.2785,0.00000,0.35001
4.12,12.12,3.9159,21.9808,0.00000,0.34776
4.38,12.12,3.9258,21.8723,0.00000,0.34841
4.62,12.12,4.0153,22.1367,0.00000,0.33816
4.88,12.12,4.0156,22.0981,0.00000,0.31601
5.12,12.12,3.9507,21.8684,0.00000,0.27483
5.38,12.12,3.8962,22.2825,0.00000,0.27249
5.62,12.12,3.8189,22.8081,0.00000,0.31815
5.88,12.12,3.8630,22.9805,0.00000,0.35059
6.12,12.12,3.8669,23.2896,0.00000,0.37257
6.38,12.12,3.9316,26.1968,0.00000,0.43969
6.62,12.12,3.9785,31.1006,0.00000,0.51815
6.88,12.12,4.1141,37.6914,0.00000,0.44292
7.12,12.12,4.1110,45.4437,0.00000,0.24212
7.38,12.12,3.6572,51.2489,0.00000,0.10426
2.62,12.38,3.6278,43.0516,0.00000,0.06598
2.88,12.38,4.0561,40.3860,0.00000,0.14891
3.12,12.38,4.0745,33.7990,0.00000,0.28027
3.38,12.38,3.9173,28.0992,0.00000,0.35334
3.62,12.38,3.8812,25.7390,0.00000,0.34601
3.88,12.38,3.8875,24.4023,0.00000,0.34887
4.12,12.38,3.9258,24.2666,0.00000,0.35028
4.38,12.38,3.9188,24.3524,0.00000,0.34208
4.62,12.38,4.0378,24.8335,0.00000,0.32407
4.88,12.38,4.0485,24.7977,0.00000,0.30037
5.12,12.38,3.9700,24.4334,0.00000,0.26489
5.38,12.38,3.9130,24.8717,0.00000,0.26636
5.62,12.38,3.8212,25.3431,0.00000,0.30882
5.88,12.38,3.8480,25.2753,0.00000,0.33577
6.12,12.38,3.8432,25.3932,0.00000,0.35794
6.38,12.38,3.9357,28.4421,0.00000,0.42949
6.62,12.38,3.9897,33.4728,0.00000,0.49809
6.88,12.38,4.1408,40.3961,0.00000,0.40851
7.12,12.38,4.1400,49.0691,0.00000,0.21671
7.38,12.38,3.7142,55.8567,0.00000,0.09329
2.62,12.62,3.6953,46.2199,0.00000,0.06318
2.88,12.62,4.0568,43.6448,0.00000,0.14033
3.12,12.62,4.0718,36.5600,0.00000,0.26117
3.38,12.62,3.9178,30.2829,0.00000,0.32894
3.62,12.62,3.8936,27.7323,0.00000,0.32878
3.88,12.62,3.8839,26.3476,0.00000,0.33918
4.12,12.62,3.9271,26.3183,0.00000,0.34565
4.38,12.62,3.9159,26.4858,0.00000,0.33140
4.62,12.62,4.0686,27.2257,0.00000,0.30513
4.88,12.62,4.0779,27.4559,0.00000,0.27824
5.12,12.62,3.9915,27.1890,0.00000,0.25049
5.38,12.62,3.9476,27.6474,0.00000,0.26038
5.62,12.62,3.8411,27.9397,0.00000,0.30001
5.88,12.62,3.8442,27.5915,0.00000,0.31747
6.12,12.62,3.8264,27.4993,0.00000,0.33961
6.38,12.62,3.9313,30.7117,0.00000,0.41557
6.62,12.62,3.9902,35.9386,0.00000,0.47318
6.88,12.62,4.1474,43.2468,0.00000,0.37054
7.12,12.62,4.1359,52.8941,0.00000,0.18970
7.38,12.62,3.7157,60.6117,0.00000,0.08092
2.62,12.88,3.7334,49.4466,0.00000,0.05870
2.88,12.88,4.0588,46.9718,0.00000,0.12769
3.12,12.88,4.0754,39.3944,0.00000,0.23519
3.38,12.88,3.9289,32.6148,0.00000,0.29846
3.62,12.88,3.9083,29.8085,0.00000,0.30298
3.88,12.88,3.8780,28.2705,0.00000,0.31411
4.12,12.88,3.9327,28.3536,0.00000,0.32718
4.38,12.88,3.9295,28.5513,0.00000,0.31719
4.62,12.88,4.1091,29.4162,0.00000,0.28868
4.88,12.88,4.1060,29.9610,0.00000,0.26026
5.12,12.88,4.0142,29.8357,0.00000,0.23812
5.38,12.88,3.9738,30.1503,0.00000,0.25248
5.62,12.88,3.8469,30.1800,0.00000,0.28923
5.88,12.88,3.8509,29.7896,0.00000,0.29966
6.12,12.88,3.8281,29.6993,0.00000,0.31913
6.38,12.88,3.9247,33.0346,0.00000,0.38928
6.62,12.88,3.9806,38.5019,0.00000,0.43574
6.88,12.88,4.1445,46.3655,0.00000,0.33351
7.12,12.88,4.1438,56.9240,0.00000,0.16851
7.38,12.88,3.7687,65.2284,0.00000,0.07231
2.62,13.12,3.7764,52.8392,0.00000,0.05443
2.88,13.12,4.0633,50.4330,0.00000,0.11635
3.12,13.12,4.0764,42.2766,0.00000,0.21022
3.38,13.12,3.9247,34.9614,0.00000,0.26435
3.62,13.12,3.9098,31.8221,0.00000,0.26954
3.88,13.12,3.8731,30.0560,0.00000,0.28200
4.12,13.12,3.9411,30.3463,0.00000,0.29966
4.38,13.12,3.9491,30.7670,0.00000,0.29346
4.62,13.12,4.1515,31.7086,0.00000,0.26867
4.88,13.12,4.1359,32.3601,0.00000,0.24551
5.12,13.12,4.0405,32.2271,0.00000,0.22847
5.38,13.12,3.9930,32.3618,0.00000,0.23994
5.62,13.12,3.8420,32.1959,0.00000,0.27287
5.88,13.12,3.8584,31.7781,0.00000,0.28372
6.12,13.12,3.8305,31.6797,0.00000,0.30072
6.38,13.12,3.9110,35.1413,0.00000,0.35901
6.62,13.12,3.9557,40.9441,0.00000,0.39621
6.88,13.12,4.1173,49.4189,0.00000,0.30378
7.12,13.12,4.1185,60.6412,0.00000,0.15438
7.38,13.12,3.8333,69.2802,0.00000,0.06678
2.62,13.38,3.8212,56.4965,0.00000,0.05002
2.88,13.38,4.0552,54.2873,0.00000,0.10515
3.12,13.38,4.0711,45.4211,0.00000,0.18866
3.38,13.38,3.9218,37.2250,0.00000,0.23724
3.62,13.38,3.9114,33.5763,0.00000,0.24098
3.88,13.38,3.8690,31.6566,0.00000,0.25078
4.12,13.38,3.9478,32.2336,0.00000,0.26998
4.38,13.38,3.9593,32.9967,0.00000,0.26832
4.62,13.38,4.1845,34.0923,0.00000,0.24926
4.88,13.38,4.1661,34.7503,0.00000,0.23120
5.12,13.38,4.0636,34.5462,0.00000,0.21795
5.38,13.38,4.0077,34.6278,0.00000,0.22338
5.62,13.38,3.8378,34.3660,0.00000,0.24984
5.88,13.38,3.8583,33.7014,0.00000,0.26292
6.12,13.38,3.8228,33.3991,0.00000,0.27802
6.38,13.38,3.9001,36.9315,0.00000,0.32326
6.62,13.38,3.9331,43.0236,0.00000,0.35637
6.88,13.38,4.1120,52.2174,0.00000,0.28801
7.12,13.38,4.1336,64.1758,0.00000,0.15363
7.38,13.38,3.9530,73.3364,0.00000,0.06683
2.62,13.62,3.8787,60.2043,0.00000,0.04540
2.88,13.62,4.0582,58.0613,0.00000,0.09355
3.12,13.62,4.0701,48.4260,0.00000,0.16934
3.38,13.62,3.9208,39.2417,0.00000,0.21825
3.62,13.62,3.9151,35.1460,0.00000,0.22168
3.88,13.62,3.8665,33.2420,0.00000,0.22266
4.12,13.62,3.9547,34.0751,0.00000,0.23765
4.38,13.62,3.9629,35.1311,0.00000,0.24323
4.62,13.62,4.2128,36.3892,0.00000,0.23388
4.88,13.62,4.1992,37.0728,0.00000,0.21910
5.12,13.62,4.0805,36.8987,0.00000,0.20538
5.38,13.62,4.0131,37.0683,0.00000,0.20297
5.62,13.62,3.8306,36.8382,0.00000,0.22192
5.88,13.62,3.8526,35.9770,0.00000,0.23573
6.12,13.62,3.8114,35.4795,0.00000,0.24641
6.38,13.62,3.8935,38.9313,0.00000,0.27777
6.62,13.62,3.9176,44.9670,0.00000,0.31273
6.88,13.62,4.1072,54.7279,0.00000,0.27365
7.12,13.62,4.1342,67.4645,0.00000,0.15406
7.38,13.62,4.0431,77.1865,0.00000,0.06727
2.62,13.88,3.9707,63.8879,0.00000,0.04224
2.88,13.88,4.0787,60.9812,0.00000,0.08391
3.12,13.88,4.0765,50.5869,0.00000,0.15066
3.38,13.88,3.9184,40.9393,0.00000,0.19709
3.62,13.88,3.9185,36.7938,0.00000,0.20340
3.88,13.88,3.8603,34.9412,0.00000,0.20057
4.12,13.88,3.9577,35.9395,0.00000,0.20925
4.38,13.88,3.9664,37.2943,0.00000,0.21751
4.62,13.88,4.2427,38.6995,0.00000,0.21636
4.88,13.88,4.2327,39.4413,0.00000,0.20428
5.12,13.88,4.0939,39.3400,0.00000,0.18927
5.38,13.88,4.0217,39.5314,0.00000,0.18155
5.62,13.88,3.8280,39.4154,0.00000,0.19433
5.88,13.88,3.8488,38.6374,0.00000,0.20854
6.12,13.88,3.8042,38.0526,0.00000,0.21753
6.38,13.88,3.8976,41.3756,0.00000,0.23868
6.62,13.88,3.9144,47.4676,0.00000,0.26887
6.88,13.88,4.0969,57.9673,0.00000,0.24263
7.12,13.88,4.1394,71.7235,0.00000,0.13995
7.38,13.88,4.1443,81.9892,0.00000,0.06278
2.62,14.12,4.0896,67.9934,0.00000,0.04022
2.88,14.12,4.0870,63.6555,0.00000,0.07791
3.12,14.12,4.0715,52.4165,0.00000,0.13757
3.38,14.12,3.9126,42.6802,0.00000,0.17767
3.62,14.12,3.9186,38.6127,0.00000,0.18299
3.88,14.12,3.8450,36.7106,0.00000,0.17934
4.12,14.12,3.9521,37.8671,0.00000,0.18585
4.38,14.12,3.9640,39.4425,0.00000,0.19386
4.62,14.12,4.2637,40.9378,0.00000,0.19582
4.88,14.12,4.2601,41.8303,0.00000,0.18553
5.12,14.12,4.1079,41.8571,0.00000,0.17086
5.38,14.12,4.0318,41.8851,0.00000,0.16227
5.62,14.12,3.8255,41.7557,0.00000,0.17131
5.88,14.12,3.8552,41.2246,0.00000,0.18543
6.12,14.12,3.8060,40.7422,0.00000,0.19483
6.38,14.12,3.9123,44.2069,0.00000,0.21284
6.62,14.12,3.9273,50.7646,0.00000,0.23753
6.88,14.12,4.0886,62.2537,0.00000,0.21368
7.12,14.12,4.1196,77.1157,0.00000,0.12366
7.38,14.12,4.1500,87.4157,0.00000,0.05637
2.62,14.38,4.1800,72.3686,0.00000,0.03799
2.88,14.38,4.0889,67.0659,0.00000,0.07322
3.12,14.38,4.0647,55.0166,0.00000,0.12857
3.38,14.38,3.9052,45.0214,0.00000,0.16435
3.62,14.38,3.9117,40.7952,0.00000,0.16726
3.88,14.38,3.8199,38.7223,0.00000,0.16090
4.12,14.38,3.9338,40.1027,0.00000,0.16532
4.38,14.38,3.9515,41.9195,0.00000,0.16998
4.62,14.38,4.2789,43.3746,0.00000,0.17108
4.88,14.38,4.2855,44.2236,0.00000,0.16363
5.12,14.38,4.1248,44.3242,0.00000,0.15267
5.38,14.38,4.0461,44.1444,0.00000,0.14684
5.62,14.38,3.8190,43.7771,0.00000,0.15438
5.88,14.38,3.8502,43.3142,0.00000,0.16700
6.12,14.38,3.8033,43.0377,0.00000,0.17716
6.38,14.38,3.9365,46.9406,0.00000,0.19357
6.62,14.38,3.9582,54.3256,0.00000,0.21114
6.88,14.38,4.1251,67.3069,0.00000,0.18942
7.12,14.38,4.1595,83.4678,0.00000,0.11127
7.38,14.38,4.1699,93.3061,0.00000,0.05166
2.62,14.62,4.1998,76.6218,0.00000,0.03593
2.88,14.62,4.1004,71.2285,0.00000,0.06996
3.12,14.62,4.0763,58.4524,0.00000,0.12182
3.38,14.62,3.9059,47.8665,0.00000,0.15420
3.62,14.62,3.9086,43.4239,0.00000,0.15644
3.88,14.62,3.8021,41.1549,0.00000,0.14819
4.12,14.62,3.9187,42.5370,0.00000,0.14840
4.38,14.62,3.9376,44.5190,0.00000,0.14694
4.62,14.62,4.2878,45.9427,0.00000,0.14542
4.88,14.62,4.3060,46.6251,0.00000,0.14092
5.12,14.62,4.1459,46.7034,0.00000,0.13502
5.38,14.62,4.0710,46.4347,0.00000,0.13314
5.62,14.62,3.8225,45.8680,0.00000,0.14015
5.88,14.62,3.8468,45.2143,0.00000,0.15116
6.12,14.62,3.7971,44.8958,0.00000,0.16281
6.38,14.62,3.9449,49.2012,0.00000,0.17589
6.62,14.62,3.9727,57.5053,0.00000,0.18487
6.88,14.62,4.1550,72.2368,0.00000,0.16519
7.12,14.62,4.1789,89.9048,0.00000,0.09894
7.38,14.62,4.1541,99.4483,0.00000,0.04712
2.62,14.88,4.2032,80.7353,0.00000,0.03489
2.88,14.88,4.1224,75.5299,0.00000,0.06879
3.12,14.88,4.1014,61.8040,0.00000,0.11692
3.38,14.88,3.9183,50.3655,0.00000,0.14328
3.62,14.88,3.9186,45.9138,0.00000,0.14369
3.88,14.88,3.7886,43.5602,0.00000,0.13628
4.12,14.88,3.9062,44.7389,0.00000,0.13585
4.38,14.88,3.9368,46.7152,0.00000,0.13128
4.62,14.88,4.3092,48.2019,0.00000,0.12639
4.88,14.88,4.3347,48.7474,0.00000,0.12193
5.12,14.88,4.1647,48.6930,0.00000,0.11971
5.38,14.88,4.0923,48.4295,0.00000,0.12223
5.62,14.88,3.8339,47.8440,0.00000,0.12936
5.88,14.88,3.8570,47.2956,0.00000,0.13760
6.12,14.88,3.7994,47.0576,0.00000,0.14734
6.38,14.88,3.9385,51.3606,0.00000,0.15484
6.62,14.88,3.9624,60.0228,0.00000,0.15722
6.88,14.88,4.1611,76.1057,0.00000,0.13770
7.12,14.88,4.2051,95.4062,0.00000,0.08326
7.38,14.88,4.2325,105.7207,0.00000,0.04181
2.62,15.12,4.2654,84.7321,0.00003,0.03357
2.88,15.12,4.1277,79.0736,0.00001,0.06557
3.12,15.12,4.0993,64.3650,0.00000,0.10824
3.38,15.12,3.9074,52.1708,0.00000,0.12766
3.62,15.12,3.9105,47.6538,0.00000,0.12642
3.88,15.12,3.7746,45.3455,0.00000,0.12123
4.12,15.12,3.9053,46.6101,0.00000,0.12290
4.38,15.12,3.9479,48.5591,0.00000,0.11951
4.62,15.12,4.3374,50.0347,0.00000,0.11337
4.88,15.12,4.3732,50.4744,0.00000,0.10867
5.12,15.12,4.1839,50.2574,0.00000,0.10851
5.38,15.12,4.1009,49.8576,0.00000,0.11312
5.62,15.12,3.8370,49.1766,0.00000,0.11954
5.88,15.12,3.8697,49.2576,0.00000,0.12503
6.12,15.12,3.8062,49.6195,0.00000,0.13053
6.38,15.12,3.9249,53.7091,0.00000,0.13230
6.62,15.12,3.9367,62.1475,0.00000,0.13129
6.88,15.12,4.1319,78.5322,0.00000,0.11163
7.12,15.12,4.1808,98.5645,0.00000,0.06757
7.38,15.12,4.3048,110.2537,0.00000,0.03640
2.62,15.38,4.3918,88.1674,0.00096,0.03210
2.88,15.38,4.1181,81.1185,0.00043,0.06012
3.12,15.38,4.0671,65.7306,0.00009,0.09647
3.38,15.38,3.8713,53.4509,0.00001,0.11046
3.62,15.38,3.8864,49.0460,0.00000,0.10900
3.88,15.38,3.7667,46.9483,0.00000,0.10647
4.12,15.38,3.9193,48.5652,0.00000,0.10939
4.38,15.38,3.9685,50.5118,0.00000,0.10805
4.62,15.38,4.3603,51.8533,0.00000,0.10352
4.88,15.38,4.3974,52.1840,0.00000,0.09957
5.12,15.38,4.1956,51.7428,0.00000,0.09955
5.38,15.38,4.1107,51.1463,0.00000,0.10294
5.62,15.38,3.8389,50.4789,0.00000,0.10716
5.88,15.38,3.8739,51.2913,0.00000,0.11209
6.12,15.38,3.8122,52.3178,0.00000,0.11654
6.38,15.38,3.9225,56.1608,0.00000,0.11476
6.62,15.38,3.9175,64.2749,0.00000,0.11065
6.88,15.38,4.0977,80.5175,0.00000,0.09090
7.12,15.38,4.1667,100.9222,0.00000,0.05529
7.38,15.38,4.4097,114.4492,0.00000,0.03229
2.62,15.62,4.5228,90.9300,0.01173,0.03037
2.88,15.62,4.1041,82.2184,0.00529,0.05394
3.12,15.62,4.0261,66.5527,0.00112,0.08542
3.38,15.62,3.8333,54.8001,0.00009,0.09674
3.62,15.62,3.8663,50.7640,0.00000,0.09488
3.88,15.62,3.7673,48.8939,0.00000,0.09389
4.12,15.62,3.9376,50.8191,0.00000,0.09750
4.38,15.62,3.9905,52.8290,0.00000,0.09765
4.62,15.62,4.3815,54.0643,0.00000,0.09498
4.88,15.62,4.4143,54.2098,0.00000,0.09201
5.12,15.62,4.1917,53.4246,0.00000,0.09276
5.38,15.62,4.1103,52.7093,0.00000,0.09624
5.62,15.62,3.8422,52.2483,0.00000,0.09889
5.88,15.62,3.8781,53.4242,0.00000,0.10275
6.12,15.62,3.8161,54.8831,0.00000,0.10678
6.38,15.62,3.9209,59.0053,0.00000,0.10309
6.62,15.62,3.9055,67.3154,0.00000,0.09683
6.88,15.62,4.0733,83.4242,0.00000,0.07790
7.12,15.62,4.1373,104.0315,0.00000,0.04745
7.38,15.62,4.4330,118.8549,0.00000,0.02876
2.62,15.88,4.5826,93.1131,0.05262,0.02911
2.88,15.88,4.0794,83.4651,0.02371,0.05006
3.12,15.88,3.9955,67.9520,0.00500,0.07908
3.38,15.88,3.8195,56.7735,0.00041,0.08820
3.62,15.88,3.8662,52.9646,0.00001,0.08432
3.88,15.88,3.7717,51.1428,0.00000,0.08479
4.12,15.88,3.9479,53.2953,0.00000,0.09030
4.38,15.88,4.0044,55.5239,0.00000,0.09056
4.62,15.88,4.3967,56.7296,0.00000,0.08698
4.88,15.88,4.4229,56.5983,0.00000,0.08371
5.12,15.88,4.1729,55.4005,0.00000,0.08594
5.38,15.88,4.0966,54.4768,0.00000,0.09126
5.62,15.88,3.8439,54.1030,0.00000,0.09380
5.88,15.88,3.8837,55.1980,0.00000,0.09600
6.12,15.88,3.8151,56.8532,0.00000,0.09803
6.38,15.88,3.9176,62.0335,0.00000,0.09216
6.62,15.88,3.9022,71.4840,0.00000,0.08456
6.88,15.88,4.0830,88.2293,0.00000,0.06763
7.12,15.88,4.1649,109.6549,0.00000,0.04169
7.38,15.88,4.4871,125.2412,0.00000,0.02588
2.62,16.12,4.6242,96.5677,0.08822,0.02875
2.88,16.12,4.0788,86.4285,0.03975,0.04772
3.12,16.12,3.9858,70.8101,0.00839,0.07434
3.38,16.12,3.8200,59.6321,0.00069,0.08134
3.62,16.12,3.8743,55.6401,0.00002,0.07581
3.88,16.12,3.7824,53.6961,0.00000,0.07740
4.12,16.12,3.9645,56.1000,0.00000,0.08505
4.38,16.12,4.0169,58.6739,0.00000,0.08523
4.62,16.12,4.3965,59.6701,0.00000,0.07958
4.88,16.12,4.4183,59.0760,0.00000,0.07519
5.12,16.12,4.1521,57.3592,0.00000,0.07782
5.38,16.12,4.0778,56.0779,0.00000,0.08322
5.62,16.12,3.8413,55.7515,0.00000,0.08524
5.88,16.12,3.8950,57.0967,0.00000,0.08776
6.12,16.12,3.8194,59.2050,0.00000,0.08952
6.38,16.12,3.9160,65.3072,0.00000,0.08338
6.62,16.12,3.9018,75.8371,0.00000,0.07574
6.88,16.12,4.0824,93.4173,0.00001,0.05984
7.12,16.12,4.1572,115.6765,0.00004,0.03704
7.38,16.12,4.4924,131.4319,0.00010,0.02370
2.62,16.38,4.6405,100.3788,0.07257,0.02837
2.88,16.38,4.0800,89.9878,0.03270,0.04478
3.12,16.38,3.9798,74.0759,0.00690,0.06815
3.38,16.38,3.8164,62.5934,0.00056,0.07438
3.62,16.38,3.8775,58.3030,0.00002,0.06914
3.88,16.38,3.7933,56.2259,0.00000,0.06999
4.12,16.38,3.9891,58.9187,0.00000,0.07797
4.38,16.38,4.0360,61.8981,0.00000,0.07960
4.62,16.38,4.3807,62.4007,0.00000,0.07433
4.88,16.38,4.3957,61.1933,0.00000,0.07044
5.12,16.38,4.1384,59.0654,0.00000,0.07246
5.38,16.38,4.0694,57.3637,0.00000,0.07481
5.62,16.38,3.8384,56.9426,0.00000,0.07461
5.88,16.38,3.9068,59.2145,0.00000,0.07818
6.12,16.38,3.8314,62.5296,0.00000,0.08134
6.38,16.38,3.9266,69.4508,0.00000,0.07616
6.62,16.38,3.9041,80.9405,0.00003,0.06756
6.88,16.38,4.0640,99.5490,0.00031,0.05226
7.12,16.38,4.1571,122.8377,0.00146,0.03296
7.38,16.38,4.5500,138.2211,0.00324,0.02228
2.62,16.62,4.6532,103.7205,0.11669,0.02676
2.88,16.62,4.0892,93.1476,0.05258,0.04017
3.12,16.62,3.9867,76.8319,0.01110,0.06012
3.38,16.62,3.8144,65.2206,0.00091,0.06650
3.62,16.62,3.8726,60.8765,0.00003,0.06277
3.88,16.62,3.7958,58.6736,0.00000,0.06293
4.12,16.62,4.0106,61.2618,0.00000,0.06973
4.38,16.62,4.0543,64.2476,0.00000,0.07278
4.62,16.62,4.3577,64.4062,0.00000,0.06984
4.88,16.62,4.3682,63.0617,0.00000,0.06849
5.12,16.62,4.1373,60.9949,0.00000,0.07048
5.38,16.62,4.0785,59.1065,0.00000,0.06919
5.62,16.62,3.8429,58.4361,0.00000,0.06658
5.88,16.62,3.9152,61.1859,0.00000,0.07030
6.12,16.62,3.8415,65.4992,0.00000,0.07412
6.38,16.62,3.9441,73.6322,0.00001,0.06993
6.62,16.62,3.9215,86.6864,0.00032,0.06066
6.88,16.62,4.0564,106.6969,0.00386,0.04639
7.12,16.62,4.1513,131.0076,0.01829,0.02993
7.38,16.62,4.5501,145.2358,0.04059,0.02097
2.62,16.88,4.7291,106.2627,0.24470,0.02444
2.88,16.88,4.1242,95.3406,0.11027,0.03467
3.12,16.88,3.9957,78.5590,0.02327,0.05092
3.38,16.88,3.8084,67.1827,0.00190,0.05721
3.62,16.88,3.8653,63.3450,0.00006,0.05574
3.88,16.88,3.7941,61.1855,0.00000,0.05746
4.12,16.88,4.0275,63.1578,0.00000,0.06358
4.38,16.88,4.0733,65.6311,0.00000,0.06663
4.62,16.88,4.3430,65.8090,0.00000,0.06455
4.88,16.88,4.3505,64.9138,0.00000,0.06461
5.12,16.88,4.1447,63.3607,0.00000,0.06712
5.38,16.88,4.0954,61.8944,0.00000,0.06488
5.62,16.88,3.8543,61.3644,0.00000,0.06226
5.88,16.88,3.9189,63.5331,0.00000,0.06564
6.12,16.88,3.8473,67.5329,0.00000,0.06861
6.38,16.88,3.9522,76.2551,0.00005,0.06453
6.62,16.88,3.9327,90.4269,0.00154,0.05583
6.88,16.88,4.0738,111.8248,0.01886,0.04293
7.12,16.88,4.2303,137.8320,0.08936,0.02823
7.38,16.88,4.7105,152.3999,0.19829,0.02035
2.62,17.12,4.6927,107.6623,0.28897,0.02158
2.88,17.12,4.1013,97.3340,0.13022,0.02998
3.12,17.12,3.9864,80.6632,0.02748,0.04410
3.38,17.12,3.8047,69.6182,0.00225,0.05071
3.62,17.12,3.8613,66.1531,0.00007,0.05019
3.88,17.12,3.7894,63.9844,0.00000,0.05258
4.12,17.12,4.0389,65.2075,0.00000,0.05873
4.38,17.12,4.0917,66.9210,0.00000,0.06167
4.62,17.12,4.3359,66.9571,0.00000,0.05991
4.88,17.12,4.3389,66.4231,0.00000,0.06028
5.12,17.12,4.1501,65.4842,0.00000,0.06256
5.38,17.12,4.1093,64.9361,0.00000,0.06060
5.62,17.12,3.8639,65.1373,0.00000,0.05967
5.88,17.12,3.9128,66.6003,0.00000,0.06383
6.12,17.12,3.8477,69.7970,0.00000,0.06529
6.38,17.12,3.9536,77.8637,0.00010,0.05975
6.62,17.12,3.9416,91.4184,0.00347,0.05167
6.88,17.12,4.0882,112.6733,0.04245,0.03989
7.12,17.12,4.2677,139.1848,0.20118,0.02643
7.38,17.12,4.8058,154.8200,0.44643,0.01941
2.62,17.38,4.6123,110.6021,0.28001,0.02001
2.88,17.38,4.0616,101.9085,0.12619,0.02691
3.12,17.38,3.9730,85.1999,0.02663,0.03923
3.38,17.38,3.8086,73.5971,0.00218,0.04625
3.62,17.38,3.8654,69.5486,0.00007,0.04638
3.88,17.38,3.7908,67.0362,0.00000,0.04872
4.12,17.38,4.0563,67.6202,0.00000,0.05467
4.38,17.38,4.1090,68.6990,0.00000,0.05677
4.62,17.38,4.3242,68.4121,0.00000,0.05537
4.88,17.38,4.3284,67.8350,0.00000,0.05739
5.12,17.38,4.1518,67.0219,0.00000,0.05978
5.38,17.38,4.1105,67.0611,0.00000,0.05718
5.62,17.38,3.8670,68.0319,0.00000,0.05704
5.88,17.38,3.9150,69.5985,0.00000,0.06255
6.12,17.38,3.8617,72.8362,0.00000,0.06354
6.38,17.38,3.9755,80.0260,0.00017,0.05719
6.62,17.38,3.9639,92.1536,0.00555,0.04898
6.88,17.38,4.0957,111.8719,0.06788,0.03734
7.12,17.38,4.2646,136.6601,0.32165,0.02479
7.38,17.38,4.8101,151.9203,0.71378,0.01823
2.62,17.62,4.7004,113.4616,0.39724,0.02041
2.88,17.62,4.0962,105.7708,0.17901,0.02580
3.12,17.62,3.9772,89.0090,0.03778,0.03629
3.38,17.62,3.8137,76.9644,0.00309,0.04292
3.62,17.62,3.8774,72.4670,0.00009,0.04343
3.88,17.62,3.8006,69.9064,0.00000,0.04558
4.12,17.62,4.0701,70.0698,0.00000,0.05122
4.38,17.62,4.1237,70.7582,0.00000,0.05270
4.62,17.62,4.3179,70.2695,0.00000,0.05144
4.88,17.62,4.3194,69.6206,0.00000,0.05449
5.12,17.62,4.1544,68.6879,0.00000,0.05708
5.38,17.62,4.1095,68.7004,0.00000,0.05449
5.62,17.62,3.8742,69.9890,0.00000,0.05451
5.88,17.62,3.9311,72.0013,0.00000,0.05911
6.12,17.62,3.8809,75.7188,0.00000,0.05965
6.38,17.62,4.0019,82.6689,0.00025,0.05472
6.62,17.62,3.9836,94.1797,0.00827,0.04733
6.88,17.62,4.1025,112.7197,0.10108,0.03621
7.12,17.62,4.2894,134.8204,0.47890,0.02419
7.38,17.62,4.8781,147.4719,1.06269,0.01759
2.62,17.88,4.8487,115.0099,0.55561,0.02129
2.88,17.88,4.1529,106.8250,0.25038,0.02596
3.12,17.88,3.9864,89.8308,0.05284,0.03541
3.38,17.88,3.8048,77.7744,0.00432,0.04091
3.62,17.88,3.8781,73.6359,0.00013,0.04077
3.88,17.88,3.8112,71.7349,0.00000,0.04260
4.12,17.88,4.0812,71.9373,0.00000,0.04835
4.38,17.88,4.1322,72.3702,0.00000,0.05030
4.62,17.88,4.3135,71.6955,0.00000,0.04904
4.88,17.88,4.3082,71.3006,0.00000,0.05072
5.12,17.88,4.1531,70.7060,0.00000,0.05228
5.38,17.88,4.1114,70.7546,0.00000,0.05060
5.62,17.88,3.8876,72.2234,0.00000,0.05118
5.88,17.88,3.9466,74.7959,0.00000,0.05368
6.12,17.88,3.8958,79.1309,0.00001,0.05334
6.38,17.88,4.0145,86.0188,0.00040,0.05055
6.62,17.88,3.9902,96.8068,0.01049,0.04515
6.88,17.88,4.1032,113.5680,0.12422,0.03521
7.12,17.88,4.2826,133.0094,0.58604,0.02372
7.38,17.88,4.8957,144.1751,1.29964,0.01721
2.62,18.12,4.8854,113.6581,0.68905,0.02129
2.88,18.12,4.1441,104.7246,0.31051,0.02579
3.12,18.12,3.9731,88.0742,0.06553,0.03441
3.38,18.12,3.7930,76.6263,0.00535,0.03832
3.62,18.12,3.8798,73.2960,0.00016,0.03787
3.88,18.12,3.8169,72.1726,0.00000,0.04027
4.12,18.12,4.0805,72.6993,0.00000,0.04615
4.38,18.12,4.1299,73.1241,0.00000,0.04833
4.62,18.12,4.3009,72.4901,0.00000,0.04725
4.88,18.12,4.2879,72.6965,0.00000,0.04699
5.12,18.12,4.1453,72.6859,0.00000,0.04655
5.38,18.12,4.1137,72.9609,0.00000,0.04486
5.62,18.12,3.9001,74.7686,0.00000,0.04555
5.88,18.12,3.9514,78.4418,0.00001,0.04760
6.12,18.12,3.8953,84.0000,0.00017,0.04787
6.38,18.12,3.9977,90.9614,0.00169,0.04618
6.62,18.12,3.9754,100.6601,0.01497,0.04198
6.88,18.12,4.1166,114.8881,0.12662,0.03350
7.12,18.12,4.3257,131.8664,0.56447,0.02314
7.38,18.12,4.9866,143.2151,1.24048,0.01721
2.62,18.38,4.8895,111.1974,0.73872,0.02095
2.88,18.38,4.1306,102.0610,0.33289,0.02507
3.12,18.38,3.9733,86.2742,0.07025,0.03292
3.38,18.38,3.7970,75.6164,0.00574,0.03597
3.62,18.38,3.8857,72.8279,0.00017,0.03636
3.88,18.38,3.8250,72.1698,0.00000,0.04011
4.12,18.38,4.0765,72.8147,0.00000,0.04598
4.38,18.38,4.1188,73.3298,0.00000,0.04712
4.62,18.38,4.2897,73.1138,0.00000,0.04514
4.88,18.38,4.2768,74.0653,0.00000,0.04301
5.12,18.38,4.1444,74.5164,0.00000,0.04134
5.38,18.38,4.1195,75.1411,0.00000,0.03991
5.62,18.38,3.9098,77.4157,0.00000,0.04031
5.88,18.38,3.9447,82.2021,0.00010,0.04226
6.12,18.38,3.8837,89.1470,0.00145,0.04320
6.38,18.38,3.9726,96.6474,0.01004,0.04179
6.62,18.38,3.9545,105.7048,0.04089,0.03827
6.88,18.38,4.0993,117.4082,0.15524,0.03118
7.12,18.38,4.2927,131.1443,0.52390,0.02210
7.38,18.38,4.9470,141.1671,1.08127,0.01683
2.62,18.62,4.8128,108.5183,0.62508,0.02022
2.88,18.62,4.0804,100.0427,0.28169,0.02412
3.12,18.62,3.9486,85.4888,0.05944,0.03188
3.38,18.62,3.7906,75.5880,0.00486,0.03542
3.62,18.62,3.8873,72.9300,0.00015,0.03679
3.88,18.62,3.8354,72.4567,0.00000,0.04109
4.12,18.62,4.0844,72.8710,0.00000,0.04630
4.38,18.62,4.1165,73.3541,0.00000,0.04549
4.62,18.62,4.2834,73.6883,0.00000,0.04184
4.88,18.62,4.2737,75.1992,0.00000,0.03901
5.12,18.62,4.1453,76.0053,0.00000,0.03819
5.38,18.62,4.1217,77.5117,0.00000,0.03783
5.62,18.62,3.9161,80.7892,0.00001,0.03754
5.88,18.62,3.9376,86.1552,0.00043,0.03813
6.12,18.62,3.8851,93.4966,0.00591,0.03860
6.38,18.62,3.9858,100.9313,0.03606,0.03754
6.62,18.62,3.9958,109.4068,0.11737,0.03478
6.88,18.62,4.1529,119.3844,0.29348,0.02824
7.12,18.62,4.3602,130.7567,0.70610,0.02016
7.38,18.62,5.0357,139.4357,1.28253,0.01574
2.62,18.88,4.7663,107.2918,0.66609,0.01976
2.88,18.88,4.0638,100.1810,0.30017,0.02323
3.12,18.88,3.9473,86.5965,0.06334,0.03071
3.38,18.88,3.7888,77.1266,0.00518,0.03474
3.62,18.88,3.8837,74.1747,0.00016,0.03646
3.88,18.88,3.8394,73.3606,0.00000,0.04038
4.12,18.88,4.0920,73.3466,0.00000,0.04456
4.38,18.88,4.1144,73.7508,0.00000,0.04241
4.62,18.88,4.2774,74.3852,0.00000,0.03851
4.88,18.88,4.2757,76.0513,0.00000,0.03643
5.12,18.88,4.1459,77.1560,0.00000,0.03655
5.38,18.88,4.1188,79.5794,0.00000,0.03622
5.62,18.88,3.9207,83.8519,0.00002,0.03506
5.88,18.88,3.9415,89.7760,0.00088,0.03486
6.12,18.88,3.8996,97.0201,0.01236,0.03544
6.38,18.88,4.0309,103.1596,0.07684,0.03502
6.62,18.88,4.1044,110.3847,0.24294,0.03269
6.88,18.88,4.2820,119.7804,0.49041,0.02623
7.12,18.88,4.4606,130.7455,0.87585,0.01873
7.38,18.88,5.0758,138.7748,1.38599,0.01508
2.62,19.12,5.0744,107.5316,1.12166,0.02108
2.88,19.12,4.2178,101.8784,0.50548,0.02339
3.12,19.12,3.9964,88.9248,0.10669,0.02942
3.38,19.12,3.7966,79.6531,0.00873,0.03230
3.62,19.12,3.8871,76.3361,0.00027,0.03355
3.88,19.12,3.8427,74.9678,0.00000,0.03728
4.12,19.12,4.0963,74.4814,0.00000,0.04152
4.38,19.12,4.1114,74.7809,0.00000,0.03939
4.62,19.12,4.2659,75.5265,0.00000,0.03613
4.88,19.12,4.2700,77.1001,0.00000,0.03454
5.12,19.12,4.1399,78.3651,0.00000,0.03439
5.38,19.12,4.1100,80.9659,0.00000,0.03303
5.62,19.12,3.9236,85.4333,0.00004,0.03144
5.88,19.12,3.9574,91.8194,0.00130,0.03181
6.12,19.12,3.9213,99.0563,0.01838,0.03332
6.38,19.12,4.0782,104.1226,0.11413,0.03380
6.62,19.12,4.1918,109.9461,0.34613,0.03180
6.88,19.12,4.3223,119.5112,0.60410,0.02566
7.12,19.12,4.4070,132.4507,0.91578,0.01874
7.38,19.12,4.9703,140.6318,1.40562,0.01599
2.62,19.38,5.3994,108.3916,1.51925,0.02256
2.88,19.38,4.3695,103.5178,0.68507,0.02394
3.12,19.38,4.0351,90.9429,0.14525,0.02862
3.38,19.38,3.8002,81.7714,0.01230,0.03001
3.62,19.38,3.8986,78.9684,0.00048,0.03056
3.88,19.38,3.8554,77.9957,0.00001,0.03415
4.12,19.38,4.1028,76.8359,0.00000,0.03898
4.38,19.38,4.1054,76.3523,0.00000,0.03717
4.62,19.38,4.2453,76.8018,0.00000,0.03408
4.88,19.38,4.2547,78.0306,0.00000,0.03254
5.12,19.38,4.1236,79.1914,0.00000,0.03194
5.38,19.38,4.0978,81.5013,0.00000,0.03000
5.62,19.38,3.9268,85.6659,0.00005,0.02860
5.88,19.38,3.9813,92.1951,0.00169,0.02940
6.12,19.38,3.9486,99.5539,0.02302,0.03098
6.38,19.38,4.0861,104.3668,0.13331,0.03192
6.62,19.38,4.1704,109.2409,0.36653,0.03050
6.88,19.38,4.2604,118.4493,0.59575,0.02530
7.12,19.38,4.4360,132.1629,0.97000,0.02030
7.38,19.38,5.2037,140.3492,1.64804,0.02000
2.62,19.62,5.2011,107.0934,1.38658,0.02114
2.88,19.62,4.2660,102.5075,0.63025,0.02228
3.12,19.62,4.0068,92.2685,0.14173,0.02643
3.38,19.62,3.8046,85.0904,0.01735,0.02793
3.62,19.62,3.9189,82.9183,0.00211,0.02917
3.88,19.62,3.8716,81.9748,0.00022,0.03305
4.12,19.62,4.1001,79.8413,0.00001,0.03791
4.38,19.62,4.0986,78.2450,0.00000,0.03559
4.62,19.62,4.2262,77.8980,0.00000,0.03222
4.88,19.62,4.2359,78.3798,0.00000,0.03075
5.12,19.62,4.0981,79.1099,0.00000,0.03014
5.38,19.62,4.0869,81.3142,0.00000,0.02832
5.62,19.62,3.9378,85.3062,0.00005,0.02707
5.88,19.62,4.0126,91.6824,0.00179,0.02781
6.12,19.62,3.9816,99.2426,0.02443,0.02898
6.38,19.62,4.0801,104.1910,0.14169,0.02990
6.62,19.62,4.1432,108.1675,0.38867,0.02892
6.88,19.62,4.2485,116.5067,0.62321,0.02470
7.12,19.62,4.4291,129.2581,1.00640,0.02142
7.38,19.62,5.2095,137.1532,1.72399,0.02304
2.62,19.88,4.8133,107.2353,0.93443,0.01931
2.88,19.88,4.1095,103.5721,0.44732,0.02060
3.12,19.88,3.9895,96.3853,0.13899,0.02438
3.38,19.88,3.8335,91.3096,0.04434,0.02617
3.62,19.88,3.9418,87.6808,0.01237,0.02806
3.88,19.88,3.8793,84.9191,0.00186,0.03184
4.12,19.88,4.0920,81.9439,0.00013,0.03603
4.38,19.88,4.1019,79.8969,0.00000,0.03330
4.62,19.88,4.2178,79.0440,0.00000,0.03016
4.88,19.88,4.2193,78.8976,0.00000,0.02878
5.12,19.88,4.0732,79.1533,0.00000,0.02824
5.38,19.88,4.0737,81.4700,0.00000,0.02728
5.62,19.88,3.9442,85.5822,0.00005,0.02668
5.88,19.88,4.0261,91.8266,0.00175,0.02737
6.12,19.88,3.9932,99.4973,0.02412,0.02804
6.38,19.88,4.0846,104.4191,0.14255,0.02837
6.62,19.88,4.1707,107.2141,0.40014,0.02728
6.88,19.88,4.3215,114.8969,0.64083,0.02371
7.12,19.88,4.4066,127.8310,0.97921,0.02001
7.38,19.88,4.9638,137.0895,1.61898,0.01985
2.62,20.12,4.9530,108.3677,0.96634,0.02086
2.88,20.12,4.1927,104.6813,0.49645,0.02122
3.12,20.12,4.0268,98.2237,0.21638,0.02408
3.38,20.12,3.8715,93.7984,0.11221,0.02554
3.62,20.12,3.9623,89.2889,0.04093,0.02732
3.88,20.12,3.8874,85.7934,0.00721,0.03027
4.12,20.12,4.0894,83.0006,0.00054,0.03332
4.38,20.12,4.1049,81.1447,0.00002,0.03083
4.62,20.12,4.2097,80.2266,0.00000,0.02852
4.88,20.12,4.2138,79.9409,0.00000,0.02691
5.12,20.12,4.0669,80.1089,0.00000,0.02598
5.38,20.12,4.0675,82.4937,0.00000,0.02585
5.62,20.12,3.9452,86.8068,0.00003,0.02617
5.88,20.12,4.0250,93.4044,0.00102,0.02708
6.12,20.12,3.9964,101.7781,0.01503,0.02749
6.38,20.12,4.0766,108.0187,0.10041,0.02727
6.62,20.12,4.1438,111.1356,0.32622,0.02580
6.88,20.12,4.3171,117.2221,0.58656,0.02268
7.12,20.12,4.3998,129.0367,0.90810,0.01810
7.38,20.12,4.8146,138.4988,1.44193,0.01565
2.62,20.38,5.1106,104.6691,1.26456,0.02247
2.88,20.38,4.2345,99.6168,0.67527,0.02158
3.12,20.38,4.0440,93.5319,0.33412,0.02386
3.38,20.38,3.8840,90.3713,0.18775,0.02507
3.62,20.38,3.9658,87.5200,0.06863,0.02658
3.88,20.38,3.8933,85.6155,0.01217,0.02855
4.12,20.38,4.0836,83.7683,0.00120,0.03064
4.38,20.38,4.1077,82.2094,0.00021,0.02881
4.62,20.38,4.2077,81.4899,0.00004,0.02737
4.88,20.38,4.2124,81.3862,0.00000,0.02554
5.12,20.38,4.0645,81.6043,0.00000,0.02430
5.38,20.38,4.0640,83.8453,0.00000,0.02433
5.62,20.38,3.9457,88.3121,0.00001,0.02472
5.88,20.38,4.0307,95.4839,0.00031,0.02586
6.12,20.38,4.0001,104.5257,0.00619,0.02646
6.38,20.38,4.0529,112.0613,0.05775,0.02640
6.62,20.38,4.0791,116.7194,0.24331,0.02491
6.88,20.38,4.2547,122.7568,0.50863,0.02196
7.12,20.38,4.3686,133.6436,0.80442,0.01710
7.38,20.38,4.6917,141.1367,1.22494,0.01397
2.62,20.62,5.0091,101.8946,1.14236,0.02286
2.88,20.62,4.1837,94.8448,0.64448,0.02138
3.12,20.62,4.0313,87.8694,0.35470,0.02316
3.38,20.62,3.8475,85.0425,0.18821,0.02406
3.62,20.62,3.9459,84.3059,0.05821,0.02548
3.88,20.62,3.9019,84.7015,0.01109,0.02687
4.12,20.62,4.0826,84.2947,0.00472,0.02851
4.38,20.62,4.1122,83.2859,0.00253,0.02689
4.62,20.62,4.2170,82.7748,0.00056,0.02562
4.88,20.62,4.2181,82.7979,0.00005,0.02409
5.12,20.62,4.0498,83.1202,0.00000,0.02318
5.38,20.62,4.0488,85.3262,0.00000,0.02343
5.62,20.62,3.9418,89.8216,0.00000,0.02352
5.88,20.62,4.0203,97.0198,0.00015,0.02443
6.12,20.62,3.9773,105.9434,0.00406,0.02509
6.38,20.62,4.0247,113.2786,0.04536,0.02533
6.62,20.62,4.0268,117.9193,0.20816,0.02394
6.88,20.62,4.1629,123.5073,0.45741,0.02117
7.12,20.62,4.2531,133.5723,0.78403,0.01638
7.38,20.62,4.5991,140.4375,1.27382,0.01333
2.62,20.88,4.8277,101.6988,0.80956,0.02322
2.88,20.88,4.0903,93.9376,0.43991,0.02155
3.12,20.88,3.9402,84.8468,0.21206,0.02275
3.38,20.88,3.7709,80.3120,0.09528,0.02338
3.62,20.88,3.9196,81.3271,0.02695,0.02468
3.88,20.88,3.9096,84.1137,0.01666,0.02559
4.12,20.88,4.0978,84.9500,0.02299,0.02695
4.38,20.88,4.1249,84.3347,0.01385,0.02532
4.62,20.88,4.2187,83.7669,0.00309,0.02394
4.88,20.88,4.2209,83.9296,0.00025,0.02284
5.12,20.88,4.0377,84.6977,0.00001,0.02250
5.38,20.88,4.0327,87.0084,0.00000,0.02316
5.62,20.88,3.9352,91.5349,0.00000,0.02307
5.88,20.88,3.9929,98.4091,0.00028,0.02345
6.12,20.88,3.9470,106.8769,0.00593,0.02374
6.38,20.88,4.0313,113.1051,0.05782,0.02410
6.62,20.88,4.0813,115.8583,0.24543,0.02302
6.88,20.88,4.2261,119.6367,0.51412,0.02062
7.12,20.88,4.3432,128.2210,0.89247,0.01609
7.38,20.88,4.9135,135.3159,1.51244,0.01336
2.62,21.12,4.8074,101.0537,0.92354,0.02371
2.88,21.12,4.0913,93.7721,0.45159,0.02194
3.12,21.12,3.9150,84.1788,0.13183,0.02288
3.38,21.12,3.7450,78.9074,0.02980,0.02345
3.62,21.12,3.9043,80.4937,0.01294,0.02479
3.88,21.12,3.9148,83.8825,0.03536,0.02550
4.12,21.12,4.1136,85.2032,0.05698,0.02646
4.38,21.12,4.1340,84.9771,0.03442,0.02477
4.62,21.12,4.2028,84.3296,0.00767,0.02337
4.88,21.12,4.2094,84.5697,0.00063,0.02250
5.12,21.12,4.0362,85.7720,0.00002,0.02232
5.38,21.12,4.0268,88.3859,0.00000,0.02318
5.62,21.12,3.9274,93.4951,0.00001,0.02316
5.88,21.12,3.9695,100.3927,0.00043,0.02321
6.12,21.12,3.9308,108.3990,0.00767,0.02286
6.38,21.12,4.0310,113.2915,0.06586,0.02303
6.62,21.12,4.0944,114.2208,0.26005,0.02207
6.88,21.12,4.2592,116.4949,0.53074,0.01980
7.12,21.12,4.4416,122.4346,0.93863,0.01555
7.38,21.12,5.1933,127.4433,1.62232,0.01336
2.62,21.38,4.9616,99.4707,1.21216,0.02437
2.88,21.38,4.2180,91.6813,0.63399,0.02236
3.12,21.38,3.9734,83.9484,0.18553,0.02281
3.38,21.38,3.7554,80.2585,0.02913,0.02345
3.62,21.38,3.8978,80.8898,0.01531,0.02522
3.88,21.38,3.9093,83.0066,0.04738,0.02575
4.12,21.38,4.0999,84.5117,0.07057,0.02608
4.38,21.38,4.1178,84.9111,0.04115,0.02456
4.62,21.38,4.1690,84.4498,0.00904,0.02361
4.88,21.38,4.1853,84.7269,0.00074,0.02309
5.12,21.38,4.0282,86.2990,0.00002,0.02265
5.38,21.38,4.0147,89.6761,0.00001,0.02329
5.62,21.38,3.9247,95.7862,0.00012,0.02350
5.88,21.38,3.9650,103.0182,0.00096,0.02356
6.12,21.38,3.9272,110.5692,0.00911,0.02279
6.38,21.38,4.0167,114.2143,0.06999,0.02259
6.62,21.38,4.0327,113.4854,0.26890,0.02147
6.88,21.38,4.2040,114.4316,0.53128,0.01974
7.12,21.38,4.3903,118.4533,0.89209,0.01594
7.38,21.38,5.0744,121.7060,1.50722,0.01369
2.62,21.62,4.9382,96.9326,1.30170,0.02409
2.88,21.62,4.2389,88.5940,0.72913,0.02239
3.12,21.62,3.9955,82.7738,0.23603,0.02256
3.38,21.62,3.7693,80.9198,0.04225,0.02268
3.62,21.62,3.9017,80.8205,0.02775,0.02409
3.88,21.62,3.9017,81.9085,0.05779,0.02446
4.12,21.62,4.0708,83.4848,0.06187,0.02485
4.38,21.62,4.0944,84.3094,0.03010,0.02404
4.62,21.62,4.1499,84.2445,0.00611,0.02405
4.88,21.62,4.1670,84.8493,0.00048,0.02410
5.12,21.62,4.0184,86.9354,0.00002,0.02332
5.38,21.62,4.0107,91.3412,0.00011,0.02344
5.62,21.62,3.9343,98.3850,0.00136,0.02366
5.88,21.62,3.9780,105.7705,0.00677,0.02396
6.12,21.62,3.9578,112.8391,0.02189,0.02316
6.38,21.62,4.0559,115.6682,0.10711,0.02257
6.62,21.62,4.0994,112.9124,0.40203,0.02167
6.88,21.62,4.3480,111.9063,0.73426,0.02187
7.12,21.62,4.4665,116.4161,0.95745,0.01906
7.38,21.62,4.9426,121.9020,1.38353,0.01559
2.62,21.88,4.9054,97.9637,1.40508,0.02353
2.88,21.88,4.1659,90.1237,0.71962,0.02185
3.12,21.88,3.9516,83.4043,0.20204,0.02221
3.38,21.88,3.7722,81.0063,0.03524,0.02205
3.62,21.88,3.9162,80.8325,0.04149,0.02307
3.88,21.88,3.9223,82.0258,0.08776,0.02364
4.12,21.88,4.0909,83.5992,0.08975,0.02456
4.38,21.88,4.1037,84.3174,0.04219,0.02415
4.62,21.88,4.1618,84.3944,0.00841,0.02455
4.88,21.88,4.1709,85.3484,0.00066,0.02485
5.12,21.88,4.0089,87.6087,0.00003,0.02393
5.38,21.88,4.0064,92.5560,0.00051,0.02376
5.62,21.88,3.9411,100.1553,0.00638,0.02385
5.88,21.88,3.9969,107.4033,0.03147,0.02431
6.12,21.88,4.0124,114.1793,0.07382,0.02341
6.38,21.88,4.1194,117.7255,0.17745,0.02237
6.62,21.88,4.2214,114.6318,0.54305,0.02157
6.88,21.88,4.5438,111.6498,0.92836,0.02312
7.12,21.88,4.5427,117.5453,0.97700,0.02115
7.38,21.88,4.7121,127.0515,1.15457,0.01671
2.62,22.12,5.0589,97.8610,1.75203,0.02341
2.88,22.12,4.1512,90.5199,0.80883,0.02118
3.12,22.12,3.9086,83.6346,0.18215,0.02198
3.38,22.12,3.7641,81.2791,0.02311,0.02213
3.62,22.12,3.9237,81.5069,0.03813,0.02322
3.88,22.12,3.9394,83.3832,0.11279,0.02400
4.12,22.12,4.1515,85.1980,0.15266,0.02542
4.38,22.12,4.1512,85.6153,0.08517,0.02509
4.62,22.12,4.1683,85.1984,0.01839,0.02513
4.88,22.12,4.1606,85.9472,0.00149,0.02516
5.12,22.12,3.9921,87.9283,0.00009,0.02432
5.38,22.12,3.9966,92.8233,0.00121,0.02423
5.62,22.12,3.9417,100.6815,0.01373,0.02422
5.88,22.12,4.0230,108.3276,0.07009,0.02472
6.12,22.12,4.0863,115.1984,0.17397,0.02382
6.38,22.12,4.1866,119.7580,0.29547,0.02244
6.62,22.12,4.2240,118.2170,0.59239,0.02074
6.88,22.12,4.4997,115.6175,0.95657,0.02082
7.12,22.12,4.4973,123.1267,1.14829,0.01807
7.38,22.12,4.7008,134.9283,1.55798,0.01433
2.62,22.38,5.2934,94.7393,2.13924,0.02384
2.88,22.38,4.2344,87.8796,0.96561,0.02130
3.12,22.38,3.9229,82.5039,0.20481,0.02241
3.38,22.38,3.7492,81.1982,0.01968,0.02272
3.62,22.38,3.9006,81.6267,0.02667,0.02379
3.88,22.38,3.9079,83.4905,0.10490,0.02412
4.12,22.38,4.1495,85.5526,0.16553,0.02532
4.38,22.38,4.1593,86.2708,0.09874,0.02506
4.62,22.38,4.1496,85.7428,0.02190,0.02504
4.88,22.38,4.1341,86.3112,0.00180,0.02497
5.12,22.38,3.9677,88.2098,0.00037,0.02437
5.38,22.38,3.9828,93.4226,0.00448,0.02454
5.62,22.38,3.9424,102.0678,0.03000,0.02456
5.88,22.38,4.0523,110.6124,0.11109,0.02520
6.12,22.38,4.1188,117.3807,0.25131,0.02429
6.38,22.38,4.1799,121.8831,0.37255,0.02266
6.62,22.38,4.1294,122.4036,0.52522,0.02010
6.88,22.38,4.3305,122.4293,0.81752,0.01849
7.12,22.38,4.5003,129.3953,1.40217,0.01488
7.38,22.38,5.1711,139.1792,2.42204,0.01234
2.62,22.62,5.2355,91.7246,1.99356,0.02390
2.88,22.62,4.2113,85.6733,0.89842,0.02149
3.12,22.62,3.9086,81.6189,0.18965,0.02265
3.38,22.62,3.7243,80.4226,0.01652,0.02328
3.62,22.62,3.8716,80.4193,0.01231,0.02461
3.88,22.62,3.8548,81.6670,0.05208,0.02421
4.12,22.62,4.0835,83.5739,0.08526,0.02443
4.38,22.62,4.1194,84.7240,0.05158,0.02411
4.62,22.62,4.1228,84.9568,0.01150,0.02445
4.88,22.62,4.1125,86.1876,0.00101,0.02470
5.12,22.62,3.9530,88.7071,0.00182,0.02460
5.38,22.62,3.9917,94.8228,0.02107,0.02524
5.62,22.62,3.9981,104.3768,0.10305,0.02541
5.88,22.62,4.1644,113.2468,0.23152,0.02622
6.12,22.62,4.1426,119.5772,0.31318,0.02472
6.38,22.62,4.1192,123.4490,0.37350,0.02241
6.62,22.62,4.1357,125.1817,0.49997,0.01984
6.88,22.62,4.3020,126.6015,0.71636,0.01796
7.12,22.62,4.4960,130.5290,1.27800,0.01435
7.38,22.62,5.2087,136.6903,2.29408,0.01227
2.62,22.88,4.9826,91.0907,1.48034,0.02377
2.88,22.88,4.1052,84.9927,0.66710,0.02173
3.12,22.88,3.8718,80.9222,0.14078,0.02281
3.38,22.88,3.6990,79.2619,0.01171,0.02352
3.62,22.88,3.8408,78.7491,0.00278,0.02501
3.88,22.88,3.8328,79.2957,0.01087,0.02455
4.12,22.88,4.0658,80.9362,0.01790,0.02454
4.38,22.88,4.0968,82.3511,0.01085,0.02404
4.62,22.88,4.1000,83.2227,0.00243,0.02446
4.88,22.88,4.0948,85.1913,0.00053,0.02485
5.12,22.88,3.9460,88.5555,0.00657,0.02502
5.38,22.88,4.0078,95.0191,0.06149,0.02605
5.62,22.88,4.0969,103.8314,0.26018,0.02650
5.88,22.88,4.3639,111.3952,0.50090,0.02755
6.12,22.88,4.2973,116.7168,0.53629,0.02565
6.38,22.88,4.2344,119.5761,0.54358,0.02289
6.62,22.88,4.3532,119.7163,0.75649,0.02030
6.88,22.88,4.5748,119.4560,0.98882,0.01846
7.12,22.88,4.7079,122.6156,1.26985,0.01505
7.38,22.88,5.1303,129.1592,1.93289,0.01288
2.62,23.12,5.0671,91.9393,1.47833,0.02464
2.88,23.12,4.1380,85.5555,0.66619,0.02237
3.12,23.12,3.8634,80.3504,0.14059,0.02325
3.38,23.12,3.6922,78.0895,0.01150,0.02375
3.62,23.12,3.8301,77.7584,0.00054,0.02490
3.88,23.12,3.8291,78.1683,0.00087,0.02445
4.12,23.12,4.0721,79.3073,0.00144,0.02500
4.38,23.12,4.0894,80.4097,0.00087,0.02479
4.62,23.12,4.0869,81.2925,0.00022,0.02531
4.88,23.12,4.0761,83.4883,0.00110,0.02564
5.12,23.12,3.9438,87.1579,0.01632,0.02568
5.38,23.12,4.0273,93.5181,0.11237,0.02677
5.62,23.12,4.1405,101.1523,0.38776,0.02702
5.88,23.12,4.4479,106.9721,0.72509,0.02761
6.12,23.12,4.5199,110.2561,0.89512,0.02595
6.38,23.12,4.5044,110.5182,0.94076,0.02363
6.62,23.12,4.4753,107.8001,1.06340,0.02095
6.88,23.12,4.7145,106.3288,1.27253,0.01986
7.12,23.12,4.7472,110.9117,1.45344,0.01732
7.38,23.12,4.9316,119.4304,2.00582,0.01514
2.62,23.38,5.2322,94.6063,1.75654,0.02567
2.88,23.38,4.2252,88.9871,0.79156,0.02310
3.12,23.38,3.8929,81.8416,0.16704,0.02394
3.38,23.38,3.7152,77.8741,0.01365,0.02420
3.62,23.38,3.8544,77.4431,0.00042,0.02491
3.88,23.38,3.8388,77.7615,0.00003,0.02439
4.12,23.38,4.0618,78.2848,0.00004,0.02546
4.38,23.38,4.0766,79.0990,0.00003,0.02559
4.62,23.38,4.0832,79.8456,0.00005,0.02628
4.88,23.38,4.0576,82.0009,0.00164,0.02672
5.12,23.38,3.9309,85.4217,0.02191,0.02672
5.38,23.38,4.0139,91.3776,0.12434,0.02760
5.62,23.38,4.1022,98.7134,0.36591,0.02704
5.88,23.38,4.4121,103.8269,0.74424,0.02658
6.12,23.38,4.6829,103.6840,1.19170,0.02515
6.38,23.38,4.7500,99.9077,1.35042,0.02351
6.62,23.38,4.5000,96.3635,1.21686,0.02245
6.88,23.38,4.6264,97.9736,1.22345,0.02853
7.12,23.38,4.5779,104.7731,1.39459,0.03577
7.38,23.38,4.6539,112.4912,1.96645,0.03739
2.62,23.62,5.0050,99.1533,1.57542,0.02565
2.88,23.62,4.1613,94.0168,0.70994,0.02347
3.12,23.62,3.9020,84.6013,0.14982,0.02446
3.38,23.62,3.7350,78.2089,0.01224,0.02483
3.62,23.62,3.8727,76.6357,0.00037,0.02563
3.88,23.62,3.8466,76.6505,0.00000,0.02499
4.12,23.62,4.0425,77.4116,0.00000,0.02599
4.38,23.62,4.0541,78.6077,0.00000,0.02622
4.62,23.62,4.0794,79.2686,0.00003,0.02724
4.88,23.62,4.0557,81.1838,0.00100,0.02825
5.12,23.62,3.9252,84.2952,0.01370,0.02827
5.38,23.62,3.9808,89.5901,0.08316,0.02851
5.62,23.62,4.0805,95.9799,0.29259,0.02738
5.88,23.62,4.4108,98.8502,0.75672,0.02648
6.12,23.62,4.6908,94.9414,1.36390,0.02498
6.38,23.62,4.7777,90.8701,1.58934,0.02376
6.62,23.62,4.6088,89.6819,1.43588,0.02911
6.88,23.62,4.6951,94.1237,1.32138,0.06209
7.12,23.62,4.6512,102.1535,1.44330,0.10721
7.38,23.62,4.8348,108.4980,2.06138,0.12446
2.62,23.88,4.9829,101.6170,1.56929,0.02570
2.88,23.88,4.1640,94.4768,0.70719,0.02380
3.12,23.88,3.9037,83.4582,0.14924,0.02501
3.38,23.88,3.7359,76.3836,0.01220,0.02560
3.62,23.88,3.8719,74.7547,0.00037,0.02654
3.88,23.88,3.8459,75.3639,0.00000,0.02605
4.12,23.88,4.0300,77.0324,0.00000,0.02710
4.38,23.88,4.0347,78.6753,0.00000,0.02739
4.62,23.88,4.0584,79.2757,0.00001,0.02853
4.88,23.88,4.0414,80.8772,0.00029,0.03014
5.12,23.88,3.9258,83.8976,0.00527,0.03034
5.38,23.88,3.9580,89.0963,0.04893,0.02975
5.62,23.88,4.0570,94.6877,0.24656,0.02821
5.88,23.88,4.3313,95.2852,0.71732,0.02724
6.12,23.88,4.5325,88.8431,1.30433,0.02582
6.38,23.88,4.7545,84.4412,1.64788,0.02563
6.62,23.88,4.7832,83.8202,1.69899,0.03827
6.88,23.88,4.7974,87.8816,1.55454,0.09827
7.12,23.88,4.6395,96.0750,1.50925,0.17952
7.38,23.88,4.7967,104.0560,1.97987,0.21075
2.62,24.12,5.2322,99.1283,1.99635,0.02609
2.88,24.12,4.2596,90.7553,0.89963,0.02399
3.12,24.12,3.9192,79.7183,0.18985,0.02562
3.38,24.12,3.7189,73.3302,0.01551,0.02661
3.62,24.12,3.8403,72.8417,0.00047,0.02755
3.88,24.12,3.8245,74.3941,0.00000,0.02742
4.12,24.12,4.0092,76.6004,0.00000,0.02894
4.38,24.12,4.0075,78.4610,0.00000,0.02933
4.62,24.12,4.0294,79.1008,0.00000,0.03029
4.88,24.12,4.0248,80.6101,0.00008,0.03205
5.12,24.12,3.9377,83.7773,0.00239,0.03249
5.38,24.12,3.9523,89.7776,0.03149,0.03134
5.62,24.12,4.0017,95.9520,0.19155,0.02905
5.88,24.12,4.2372,96.0599,0.60517,0.02768
6.12,24.12,4.4335,89.1296,1.13053,0.02669
6.38,24.12,4.6447,84.6968,1.44773,0.02842
6.62,24.12,4.6517,83.6109,1.55032,0.04568
6.88,24.12,4.7472,86.1542,1.53604,0.10889
7.12,24.12,4.6229,94.5643,1.57302,0.18547
7.38,24.12,4.6073,104.9653,1.93199,0.21095
2.62,24.38,5.0990,96.0100,1.83492,0.02620
2.88,24.38,4.2007,88.1279,0.82689,0.02443
3.12,24.38,3.9051,77.9775,0.17450,0.02653
3.38,24.38,3.7103,71.8962,0.01426,0.02809
3.62,24.38,3.8174,71.6544,0.00043,0.02925
3.88,24.38,3.7920,73.0792,0.00000,0.02919
4.12,24.38,3.9719,74.9638,0.00000,0.03092
4.38,24.38,3.9761,76.7102,0.00000,0.03169
4.62,24.38,4.0117,77.6977,0.00000,0.03290
4.88,24.38,4.0129,79.9672,0.00006,0.03418
5.12,24.38,3.9474,83.9194,0.00208,0.03391
5.38,24.38,3.9699,90.7705,0.02871,0.03252
5.62,24.38,3.9784,97.4434,0.17332,0.03005
5.88,24.38,4.1724,98.5682,0.52367,0.02807
6.12,24.38,4.3554,93.8389,0.90895,0.02697
6.38,24.38,4.4981,91.7198,1.09974,0.03158
6.62,24.38,4.5068,89.8564,1.32013,0.06528
6.88,24.38,4.8388,89.3022,1.64211,0.17900
7.12,24.38,4.8053,97.7712,1.80914,0.30877
7.38,24.38,4.5836,109.6550,2.04269,0.33383
2.62,24.62,4.8687,96.6770,1.21320,0.02669
2.88,24.62,4.1318,88.2485,0.54671,0.02540
3.12,24.62,3.9016,78.1293,0.11537,0.02773
3.38,24.62,3.7281,71.6448,0.00943,0.02983
3.62,24.62,3.8196,70.4983,0.00028,0.03139
3.88,24.62,3.7743,70.9088,0.00000,0.03140
4.12,24.62,3.9405,72.2788,0.00000,0.03328
4.38,24.62,3.9522,73.8141,0.00000,0.03456
4.62,24.62,4.0037,75.1408,0.00000,0.03623
4.88,24.62,3.9941,78.4864,0.00007,0.03666
5.12,24.62,3.9308,83.7163,0.00250,0.03514
5.38,24.62,3.9599,91.2374,0.03317,0.03342
5.62,24.62,3.9937,98.1276,0.18337,0.03105
5.88,24.62,4.1638,100.8631,0.49068,0.02804
6.12,24.62,4.3095,98.2332,0.78578,0.02547
6.38,24.62,4.4712,95.7664,1.00934,0.03280
6.62,24.62,4.5514,90.2338,1.50672,0.09572
6.88,24.62,4.9753,85.9354,2.05181,0.32269
7.12,24.62,4.8654,93.7337,1.97497,0.57491
7.38,24.62,4.4744,106.4773,1.89570,0.57620
2.62,24.88,4.6800,99.7485,0.77617,0.02685
2.88,24.88,4.0745,90.0964,0.34977,0.02636
3.12,24.88,3.8857,78.4643,0.07381,0.02938
3.38,24.88,3.7320,70.7228,0.00603,0.03230
3.62,24.88,3.8109,68.5243,0.00018,0.03414
3.88,24.88,3.7652,68.1763,0.00000,0.03418
4.12,24.88,3.9285,69.5532,0.00000,0.03621
4.38,24.88,3.9393,71.2325,0.00000,0.03762
4.62,24.88,3.9965,73.0110,0.00000,0.03906
4.88,24.88,3.9773,77.0186,0.00009,0.03867
5.12,24.88,3.9269,82.9143,0.00298,0.03672
5.38,24.88,3.9604,90.5877,0.03871,0.03487
5.62,24.88,4.0474,97.7353,0.20688,0.03242
5.88,24.88,4.2549,101.4410,0.54592,0.02847
6.12,24.88,4.4174,98.8620,0.95831,0.02360
6.38,24.88,4.6639,92.3017,1.39504,0.03082
6.62,24.88,4.8484,82.5286,1.98623,0.10786
6.88,24.88,5.2297,77.5790,2.40003,0.38286
7.12,24.88,4.9737,86.4875,1.99470,0.66255
7.38,24.88,4.4740,100.9898,1.68118,0.60210
2.62,25.12,4.7355,102.1488,0.99284,0.02752
2.88,25.12,4.1283,91.6581,0.44741,0.02811
3.12,25.12,3.8986,77.9630,0.09442,0.03224
3.38,25.12,3.7228,68.9515,0.00772,0.03581
3.62,25.12,3.7900,66.3692,0.00023,0.03773
3.88,25.12,3.7478,65.8809,0.00000,0.03796
4.12,25.12,3.9133,67.6959,0.00000,0.04017
4.38,25.12,3.9331,70.0592,0.00000,0.04107
4.62,25.12,3.9941,72.4659,0.00000,0.04149
4.88,25.12,3.9667,76.5879,0.00016,0.04047
5.12,25.12,3.9221,82.5629,0.00482,0.03826
5.38,25.12,3.9680,90.2428,0.05874,0.03595
5.62,25.12,4.0920,96.4875,0.29551,0.03292
5.88,25.12,4.3638,98.0516,0.73159,0.02904
6.12,25.12,4.6126,94.2216,1.27894,0.02337
6.38,25.12,4.9519,85.2289,1.85165,0.02816
6.62,25.12,5.1093,74.3271,2.22954,0.09900
6.88,25.12,5.2974,71.3211,2.22462,0.34388
7.12,25.12,4.8908,82.5057,1.60796,0.57024
7.38,25.12,4.3212,99.2745,1.23513,0.47719
2.62,25.38,4.8496,101.1146,1.37744,0.02837
2.88,25.38,4.1948,90.4046,0.62073,0.02999
3.12,25.38,3.9280,76.4115,0.13099,0.03537
3.38,25.38,3.7191,67.4874,0.01070,0.03950
3.62,25.38,3.7686,64.9922,0.00032,0.04161
3.88,25.38,3.7290,64.7846,0.00000,0.04232
4.12,25.38,3.8895,67.0785,0.00000,0.04474
4.38,25.38,3.9172,70.0457,0.00000,0.04502
4.62,25.38,3.9845,72.7986,0.00001,0.04445
4.88,25.38,3.9602,76.7990,0.00053,0.04295
5.12,25.38,3.9156,82.9646,0.01028,0.04004
5.38,25.38,3.9823,91.3388,0.09636,0.03645
5.62,25.38,4.1000,96.2647,0.42936,0.03149
5.88,25.38,4.4271,93.2281,0.99921,0.02798
6.12,25.38,4.7021,85.8523,1.61507,0.02510
6.38,25.38,4.9436,75.6954,2.10215,0.03148
6.62,25.38,4.9141,65.4912,2.11255,0.09676
6.88,25.38,4.9108,65.0198,1.69622,0.31615
7.12,25.38,4.5680,76.7974,1.10961,0.51106
7.38,25.38,4.2028,95.1111,0.91936,0.41482
2.62,25.62,4.6916,98.7357,1.39145,0.02820
2.88,25.62,4.1063,89.0756,0.62704,0.03133
3.12,25.62,3.9016,75.5638,0.13232,0.03817
3.38,25.62,3.7258,66.5222,0.01081,0.04316
3.62,25.62,3.7769,63.8578,0.00033,0.04580
3.88,25.62,3.7210,63.9064,0.00000,0.04667
4.12,25.62,3.8582,66.4351,0.00000,0.04876
4.38,25.62,3.8864,69.4475,0.00000,0.04883
4.62,25.62,3.9561,72.1954,0.00005,0.04812
4.88,25.62,3.9388,76.2936,0.00202,0.04622
5.12,25.62,3.8931,82.4351,0.02958,0.04236
5.38,25.62,4.0144,90.6768,0.19715,0.03725
5.62,25.62,4.1951,94.1714,0.68316,0.02986
5.88,25.62,4.6067,87.8976,1.39917,0.02574
6.12,25.62,4.8385,76.6381,1.99562,0.02689
6.38,25.62,4.8400,66.5432,2.17186,0.03742
6.62,25.62,4.5355,59.2272,1.79021,0.07920
6.88,25.62,4.3823,61.0705,1.21374,0.20144
7.12,25.62,4.1945,70.9742,0.89580,0.30516
7.38,25.62,4.2020,87.9136,1.05185,0.24507
2.62,25.88,4.7832,97.5300,1.51716,0.02890
2.88,25.88,4.1452,88.9043,0.68369,0.03332
3.12,25.88,3.9071,75.3764,0.14428,0.04150
3.38,25.88,3.7452,65.5317,0.01179,0.04765
3.62,25.88,3.7914,62.2754,0.00036,0.05084
3.88,25.88,3.7255,61.9211,0.00000,0.05205
4.12,25.88,3.8519,64.4443,0.00000,0.05419
4.38,25.88,3.8635,67.4949,0.00000,0.05438
4.62,25.88,3.9160,70.2052,0.00013,0.05364
4.88,25.88,3.9037,74.4373,0.00472,0.05089
5.12,25.88,3.8800,80.2246,0.06353,0.04597
5.38,25.88,4.0988,86.7571,0.36400,0.03937
5.62,25.88,4.3977,87.2422,1.04218,0.03010
5.88,25.88,4.8092,79.2377,1.82892,0.02427
6.12,25.88,4.9673,66.9899,2.28557,0.02751
6.38,25.88,4.7846,58.6408,2.08024,0.04122
6.62,25.88,4.3220,54.7394,1.41033,0.06077
6.88,25.88,4.2316,58.3113,0.91804,0.09499
7.12,25.88,4.0839,66.6901,0.86056,0.11752
7.38,25.88,4.0574,80.8946,1.22207,0.09157
2.62,26.12,4.8629,99.0167,1.59557,0.03030
2.88,26.12,4.1913,89.8072,0.71903,0.03569
3.12,26.12,3.9143,75.6440,0.15173,0.04494
3.38,26.12,3.7496,64.8098,0.01240,0.05243
3.62,26.12,3.7859,60.7175,0.00037,0.05633
3.88,26.12,3.7245,59.6903,0.00000,0.05866
4.12,26.12,3.8462,61.8279,0.00000,0.06186
4.38,26.12,3.8507,64.7208,0.00000,0.06246
4.62,26.12,3.8927,67.6428,0.00021,0.06146
4.88,26.12,3.8706,72.1815,0.00730,0.05749
5.12,26.12,3.8775,77.9895,0.09629,0.05164
5.38,26.12,4.1686,82.3538,0.52565,0.04296
5.62,26.12,4.5751,79.3619,1.35752,0.03189
5.88,26.12,4.8474,71.4904,2.01007,0.02551
6.12,26.12,4.7881,61.9596,2.10749,0.03160
6.38,26.12,4.5770,54.6892,1.73908,0.04831
6.62,26.12,4.1982,51.0736,1.13557,0.06062
6.88,26.12,4.2574,55.6273,0.78998,0.07078
7.12,26.12,4.2292,65.0293,0.88408,0.07336
7.38,26.12,4.1061,78.1248,1.36619,0.05535
2.62,26.38,4.6662,102.1630,1.30923,0.03245
2.88,26.38,4.1403,90.8480,0.58999,0.03944
3.12,26.38,3.9112,75.6276,0.12450,0.04940
3.38,26.38,3.7476,64.2667,0.01017,0.05765
3.62,26.38,3.7734,59.5699,0.00031,0.06266
3.88,26.38,3.7278,57.9597,0.00000,0.06633
4.12,26.38,3.8432,59.6584,0.00000,0.06977
4.38,26.38,3.8333,62.2665,0.00000,0.07045
4.62,26.38,3.8612,65.5866,0.00024,0.06966
4.88,26.38,3.8413,70.4490,0.00837,0.06564
5.12,26.38,3.8630,76.7355,0.11209,0.05907
5.38,26.38,4.1776,80.3608,0.62754,0.04727
5.62,26.38,4.7462,75.4238,1.62706,0.03426
5.88,26.38,4.9483,68.1024,2.15689,0.02926
6.12,26.38,4.5630,62.8483,1.76578,0.03935
6.38,26.38,4.3224,56.4967,1.31885,0.05757
6.62,26.38,4.1142,51.0803,0.99803,0.06785
6.88,26.38,4.2216,54.6735,0.79820,0.07459
7.12,26.38,4.2753,65.4825,0.87350,0.07499
7.38,26.38,4.1321,79.8454,1.30331,0.05594
2.62,26.62,4.3381,103.1392,0.92090,0.03496
2.88,26.62,4.0299,90.8550,0.41499,0.04427
3.12,26.62,3.8832,75.3262,0.08757,0.05482
3.38,26.62,3.7423,63.7261,0.00716,0.06335
3.62,26.62,3.7604,58.6121,0.00022,0.06992
3.88,26.62,3.7325,56.6329,0.00000,0.07507
4.12,26.62,3.8340,58.1353,0.00000,0.07790
4.38,26.62,3.8189,60.6966,0.00000,0.07882
4.62,26.62,3.8412,64.5702,0.00017,0.07872
4.88,26.62,3.8151,69.6206,0.00612,0.07531
5.12,26.62,3.8042,75.9561,0.08616,0.06865
5.38,26.62,4.0282,79.9865,0.52844,0.05590
5.62,26.62,4.5579,75.3366,1.51963,0.04187
5.88,26.62,4.7824,68.4873,2.08652,0.03699
6.12,26.62,4.3840,65.5165,1.56150,0.04737
6.38,26.62,4.2215,60.1197,1.10335,0.06416
6.62,26.62,4.1454,54.9418,0.94928,0.07513
6.88,26.62,4.2696,56.9555,0.85891,0.08390
7.12,26.62,4.2271,67.4766,0.78966,0.08427
7.38,26.62,3.9614,84.4936,0.95947,0.06297
2.62,26.88,3.9735,101.6614,0.42277,0.03805
2.88,26.88,3.9194,90.1784,0.19051,0.04906
3.12,26.88,3.8595,75.7412,0.04020,0.05981
3.38,26.88,3.7498,63.9282,0.00329,0.06907
3.62,26.88,3.7508,57.8630,0.00010,0.07693
3.88,26.88,3.7285,55.1835,0.00000,0.08401
4.12,26.88,3.8006,56.4204,0.00000,0.08792
4.38,26.88,3.7899,59.3095,0.00000,0.08956
4.62,26.88,3.8193,63.7644,0.00006,0.08895
4.88,26.88,3.7979,68.9282,0.00251,0.08474
5.12,26.88,3.7512,73.8541,0.03930,0.07751
5.38,26.88,3.8510,77.0161,0.28245,0.06694
5.62,26.88,4.2091,73.4889,0.94792,0.05504
5.88,26.88,4.4584,66.6577,1.43863,0.05000
6.12,26.88,4.2449,63.5768,1.16541,0.05615
6.38,26.88,4.1788,60.4060,0.92679,0.06936
6.62,26.88,4.1289,58.5491,0.85436,0.08401
6.88,26.88,4.2196,60.3963,0.77331,0.09683
7.12,26.88,4.1467,70.2947,0.67977,0.09541
7.38,26.88,3.9139,87.7081,0.79111,0.07092
2.62,27.12,3.8622,100.0631,0.12693,0.04048
2.88,27.12,3.9012,89.6128,0.05720,0.05133
3.12,27.12,3.8439,76.4585,0.01207,0.06288
3.38,27.12,3.7601,64.6215,0.00099,0.07516
3.62,27.12,3.7482,57.4919,0.00003,0.08469
3.88,27.12,3.7318,53.8296,0.00000,0.09370
4.12,27.12,3.7721,54.4121,0.00000,0.09995
4.38,27.12,3.7529,57.2549,0.00000,0.10384
4.62,27.12,3.7927,61.8818,0.00001,0.10264
4.88,27.12,3.7669,66.2752,0.00054,0.09554
5.12,27.12,3.6874,67.9565,0.01018,0.08498
5.38,27.12,3.6064,69.6560,0.08919,0.06998
5.62,27.12,3.6744,67.2213,0.34501,0.05589
5.88,27.12,3.8321,59.0047,0.57015,0.05300
6.12,27.12,3.8075,55.6057,0.52191,0.06275
6.38,27.12,3.8838,54.6370,0.54825,0.07934
6.62,27.12,3.9904,55.7139,0.67138,0.09613
6.88,27.12,4.1822,60.2054,0.70025,0.11043
7.12,27.12,4.1069,71.1523,0.72012,0.10563
7.38,27.12,3.8699,87.2589,0.97712,0.07564
2.62,27.38,3.8678,101.7807,0.19361,0.04260
2.88,27.38,3.9249,90.9559,0.08729,0.05356
3.12,27.38,3.8610,77.3417,0.01845,0.06657
3.38,27.38,3.7826,65.3510,0.00151,0.08234
3.62,27.38,3.7441,57.9084,0.00005,0.09442
3.88,27.38,3.7347,53.6801,0.00000,0.10657
4.12,27.38,3.7439,53.0802,0.00000,0.11586
4.38,27.38,3.7244,54.6776,0.00000,0.12488
4.62,27.38,3.7643,58.0613,0.00000,0.12670
4.88,27.38,3.7040,59.4331,0.00006,0.11544
5.12,27.38,3.5639,56.3884,0.00140,0.09571
5.38,27.38,2.9265,55.0478,0.01450,0.06248
5.62,27.38,2.2275,51.8850,0.06131,0.03563
5.88,27.38,2.1107,42.8868,0.10700,0.03220
6.12,27.38,2.5813,41.6842,0.11727,0.05260
6.38,27.38,3.3325,43.3915,0.21315,0.08621
6.62,27.38,3.7495,45.8367,0.45112,0.10871
6.88,27.38,4.0102,53.3052,0.63467,0.11988
7.12,27.38,3.9553,65.2687,0.73160,0.11335
7.38,27.38,3.6545,81.4962,1.01692,0.07897
2.62,27.62,3.9260,104.3935,0.34069,0.04476
2.88,27.62,4.0119,92.4713,0.15505,0.05686
3.12,27.62,3.9116,78.5350,0.03363,0.07164
3.38,27.62,3.8127,67.0254,0.00301,0.09066
3.62,27.62,3.7439,59.5706,0.00015,0.10586
3.88,27.62,3.7329,54.5702,0.00001,0.12389
4.12,27.62,3.7062,52.2601,0.00000,0.14026
4.38,27.62,3.6761,51.8399,0.00000,0.15842
4.62,27.62,3.6924,52.6174,0.00000,0.16808
4.88,27.62,3.6062,50.0396,0.00000,0.15693
5.12,27.62,3.3305,41.6742,0.00009,0.12576
5.38,27.62,2.1053,32.3671,0.00104,0.06535
5.62,27.62,0.9148,25.3951,0.00460,0.02045
5.88,27.62,0.6935,20.1261,0.00845,0.01289
6.12,27.62,1.4426,24.4206,0.01415,0.03581
6.38,27.62,2.7169,32.0070,0.05858,0.08340
6.62,27.62,3.4634,36.9273,0.19615,0.11941
6.88,27.62,3.7227,45.0105,0.36210,0.12871
7.12,27.62,3.7739,57.4318,0.56417,0.12115
7.38,27.62,3.5146,75.4708,0.92179,0.08440
2.62,27.88,3.8719,107.6157,0.39461,0.04448
2.88,27.88,3.9905,93.9600,0.19742,0.05829
3.12,27.88,3.8842,79.7854,0.05412,0.07601
3.38,27.88,3.8144,68.9550,0.00915,0.09912
3.62,27.88,3.7468,61.6126,0.00184,0.11808
3.88,27.88,3.7310,55.8218,0.00033,0.14353
4.12,27.88,3.6778,51.6909,0.00003,0.17187
4.38,27.88,3.6354,49.0299,0.00000,0.20452
4.62,27.88,3.6240,47.4365,0.00000,0.22664
4.88,27.88,3.5392,42.8901,0.00000,0.22746
5.12,27.88,3.2054,33.0152,0.00000,0.19871
5.38,27.88,1.8085,20.1136,0.00003,0.11053
5.62,27.88,0.5727,10.7129,0.00013,0.03532
5.88,27.88,0.3943,8.1023,0.00028,0.01673
6.12,27.88,1.1775,15.0269,0.00117,0.03897
6.38,27.88,2.5133,25.7724,0.00961,0.09044
6.62,27.88,3.3490,31.8947,0.04482,0.13045
6.88,27.88,3.6244,38.8777,0.15087,0.13779
7.12,27.88,3.7336,51.3399,0.47165,0.13114
7.38,27.88,3.5202,70.4343,0.97481,0.09276
2.62,28.12,3.8649,109.2773,0.61763,0.04289
2.88,28.12,3.9618,94.9595,0.37913,0.05814
3.12,28.12,3.8525,81.2949,0.15358,0.07839
3.38,28.12,3.8033,71.0121,0.05332,0.10580
3.62,28.12,3.7282,63.5668,0.01945,0.13103
3.88,28.12,3.7140,57.2042,0.00396,0.16607
4.12,28.12,3.6548,51.9567,0.00032,0.20898
4.38,28.12,3.6163,47.3703,0.00001,0.26188
4.62,28.12,3.5908,43.9073,0.00000,0.30193
4.88,28.12,3.5266,39.4480,0.00000,0.31934
5.12,28.12,3.3277,32.1321,0.00000,0.31258
5.38,28.12,2.2581,22.9023,0.00000,0.22680
5.62,28.12,1.1379,15.0429,0.00000,0.11713
5.88,28.12,0.9769,11.8226,0.00000,0.07316
6.12,28.12,1.8160,15.3102,0.00006,0.09191
6.38,28.12,2.9215,22.8876,0.00092,0.13096
6.62,28.12,3.4404,29.0318,0.01089,0.14966
6.88,28.12,3.6850,36.3031,0.10214,0.14977
7.12,28.12,3.7985,47.8518,0.46439,0.14624
7.38,28.12,3.5749,64.9587,1.02466,0.10547
2.62,28.38,4.0570,110.7500,0.89885,0.03978
2.88,28.38,4.1308,96.3305,0.64031,0.05552
3.12,28.38,3.9971,83.4171,0.35286,0.07761
3.38,28.38,3.8978,73.4473,0.19406,0.10938
3.62,28.38,3.7487,65.9479,0.08604,0.14381
3.88,28.38,3.7039,59.0775,0.01791,0.19258
4.12,28.38,3.6312,52.8897,0.00151,0.25326
4.38,28.38,3.5946,46.9938,0.00012,0.33125
4.62,28.38,3.5536,41.9903,0.00004,0.39914
4.88,28.38,3.4801,38.0132,0.00001,0.43239
5.12,28.38,3.4213,33.9792,0.00000,0.44232
5.38,28.38,3.0224,29.6321,0.00000,0.39857
5.62,28.38,2.3901,25.5934,0.00000,0.29431
5.88,28.38,2.2684,22.6802,0.00000,0.22144
6.12,28.38,2.8157,22.2173,0.00000,0.20309
6.38,28.38,3.3755,25.0848,0.00019,0.19378
6.62,28.38,3.5700,29.9676,0.00565,0.17698
6.88,28.38,3.7529,36.8948,0.06826,0.16491
7.12,28.38,3.8105,46.6593,0.32288,0.15831
7.38,28.38,3.4600,60.6500,0.71632,0.11440
2.62,28.62,4.1556,110.4981,0.99246,0.03556
2.88,28.62,4.1794,95.5158,0.76927,0.05055
3.12,28.62,4.0476,82.8245,0.55551,0.07286
3.38,28.62,3.9336,74.2936,0.36884,0.10752
3.62,28.62,3.7378,68.3490,0.15735,0.15065
3.88,28.62,3.6691,61.6528,0.03171,0.21646
4.12,28.62,3.6013,54.5217,0.00461,0.30380
4.38,28.62,3.5541,47.6672,0.00277,0.41445
4.62,28.62,3.4926,41.7094,0.00143,0.52396
4.88,28.62,3.4290,37.6473,0.00030,0.59181
5.12,28.62,3.3589,35.6981,0.00002,0.60116
5.38,28.62,3.3396,34.2079,0.00000,0.56767
5.62,28.62,3.2903,32.6460,0.00000,0.48256
5.88,28.62,3.2858,31.6758,0.00000,0.38460
6.12,28.62,3.3650,31.3025,0.00000,0.30224
6.38,28.62,3.5111,31.5955,0.00006,0.23705
6.62,28.62,3.6545,33.0890,0.00210,0.19996
6.88,28.62,3.7256,37.5707,0.02564,0.17689
7.12,28.62,3.6982,44.8859,0.12150,0.15915
7.38,28.62,3.2035,55.3964,0.26961,0.11225
2.62,28.88,4.1182,107.0658,1.10896,0.03130
2.88,28.88,4.0448,91.1603,0.86289,0.04512
3.12,28.88,3.9570,78.0753,0.71281,0.06733
3.38,28.88,3.8750,72.8645,0.43788,0.10306
3.62,28.88,3.7209,70.6626,0.14518,0.15148
3.88,28.88,3.6549,64.9609,0.03313,0.23499
4.12,28.88,3.5779,57.2476,0.02907,0.36306
4.38,28.88,3.5097,49.4360,0.03382,0.53516
4.62,28.88,3.4234,42.9189,0.01792,0.71946
4.88,28.88,3.3570,38.4263,0.00380,0.85133
5.12,28.88,3.2890,36.7727,0.00041,0.86466
5.38,28.88,3.2799,36.3959,0.00049,0.77810
5.62,28.88,3.3431,36.2987,0.00079,0.63566
5.88,28.88,3.4344,37.4606,0.00049,0.47984
6.12,28.88,3.4888,38.3064,0.00015,0.34804
6.38,28.88,3.5551,37.4562,0.00009,0.25550
6.62,28.88,3.6136,36.2448,0.00042,0.20757
6.88,28.88,3.5954,38.5394,0.00457,0.17681
7.12,28.88,3.5973,44.0059,0.02163,0.15414
7.38,28.88,3.0958,52.4325,0.04800,0.10730
2.62,29.12,4.2935,100.5369,1.28827,0.02809
2.88,29.12,4.0820,85.7355,0.91149,0.04050
3.12,29.12,3.9582,74.3643,0.70353,0.06042
3.38,29.12,3.8428,72.2609,0.38299,0.09238
3.62,29.12,3.6882,73.4823,0.10769,0.14048
3.88,29.12,3.6087,69.3608,0.06773,0.23705
4.12,29.12,3.5800,61.8500,0.14601,0.41638
4.38,29.12,3.5152,52.7789,0.17787,0.69532
4.62,29.12,3.3544,44.5718,0.09424,1.01961
4.88,29.12,3.2314,39.6080,0.02020,1.24811
5.12,29.12,3.1988,38.0129,0.00512,1.25298
5.38,29.12,3.2334,38.1420,0.01581,1.07536
5.62,29.12,3.3188,39.4268,0.02602,0.81369
5.88,29.12,3.4401,41.8026,0.01609,0.55868
6.12,29.12,3.5499,42.5929,0.00495,0.37638
6.38,29.12,3.5783,40.9936,0.00265,0.26509
6.62,29.12,3.5888,38.8702,0.00149,0.20632
6.88,29.12,3.5705,39.8775,0.00098,0.17229
7.12,29.12,3.5924,44.7369,0.00316,0.15257
7.38,29.12,3.1713,53.3999,0.00695,0.10757
2.62,29.38,4.3256,96.9377,1.18847,0.02383
2.88,29.38,4.1093,85.9584,0.73009,0.03437
3.12,29.38,3.9514,78.1360,0.46374,0.05072
3.38,29.38,3.8641,76.0753,0.25818,0.07706
3.62,29.38,3.7878,77.5313,0.13974,0.12037
3.88,29.38,3.7300,75.6908,0.23184,0.21940
4.12,29.38,3.8689,72.5335,0.51420,0.44033
4.38,29.38,3.8037,64.2393,0.61857,0.84886
4.62,29.38,3.3544,49.7602,0.32656,1.38327
4.88,29.38,3.0105,40.0540,0.07240,1.76654
5.12,29.38,2.9938,39.1120,0.04858,1.76161
5.38,29.38,3.2561,44.4734,0.19310,1.43214
5.62,29.38,3.5745,50.9316,0.31840,0.97377
5.88,29.38,3.6390,51.6798,0.19683,0.59538
6.12,29.38,3.5615,49.1667,0.06055,0.36867
6.38,29.38,3.5693,45.8722,0.03239,0.25370
6.62,29.38,3.6195,42.7027,0.01793,0.19713
6.88,29.38,3.5734,42.9019,0.00785,0.16092
7.12,29.38,3.5873,47.9968,0.01897,0.13984
7.38,29.38,3.1962,57.8974,0.04136,0.09795
2.62,29.62,4.1380,100.9671,1.12720,0.01936
2.88,29.62,4.0341,91.9216,0.69888,0.02776
3.12,29.62,3.9350,86.0439,0.47695,0.04054
3.38,29.62,3.8792,82.2182,0.38644,0.06130
3.62,29.62,3.8689,82.2964,0.42554,0.09476
3.88,29.62,3.9265,85.1952,0.77642,0.17934
4.12,29.62,4.5887,96.9781,1.62390,0.40063
4.38,29.62,4.7015,97.7323,1.93213,0.88382
4.62,29.62,3.6548,68.6793,1.01735,1.63073
4.88,29.62,2.8082,43.2019,0.23103,2.26165
5.12,29.62,2.8340,43.2411,0.22120,2.29334
5.38,29.62,3.6702,65.8780,0.91479,1.73514
5.62,29.62,4.5331,85.6941,1.50882,1.03655
5.88,29.62,4.2999,75.1902,0.93273,0.57468
6.12,29.62,3.6442,59.5505,0.28691,0.34071
6.38,29.62,3.5135,52.7469,0.15351,0.23185
6.62,29.62,3.6239,48.8510,0.08496,0.18040
6.88,29.62,3.5796,49.0031,0.03717,0.14433
7.12,29.62,3.6027,54.7568,0.08969,0.12245
7.38,29.62,3.1111,67.0130,0.19552,0.08434
2.62,29.88,4.5761,114.3906,1.54669,0.01740
2.88,29.88,4.3862,104.6000,1.04585,0.02458
3.12,29.88,4.2657,98.7622,0.83514,0.03343
3.38,29.88,4.2254,94.0425,0.76761,0.04801
3.62,29.88,4.2444,93.2712,0.90990,0.07130
3.88,29.88,4.4509,101.0511,1.62943,0.13767
4.12,29.88,5.7825,130.7577,3.35959,0.33547
4.38,29.88,6.0852,143.9713,3.98749,0.80940
4.62,29.88,4.1518,96.2132,2.09836,1.67113
4.88,29.88,2.6935,50.1071,0.47901,2.55015
5.12,29.88,2.7467,51.3271,0.48815,2.60159
5.38,29.88,4.2033,97.0157,2.02989,1.77579
5.62,29.88,5.6791,135.2365,3.34819,0.91085
5.88,29.88,4.8767,109.2854,2.06979,0.45252
6.12,29.88,3.5276,75.7902,0.63668,0.25845
6.38,29.88,3.2335,64.6856,0.34064,0.17495
6.62,29.88,3.3008,59.5640,0.18853,0.13540
6.88,29.88,3.2164,59.9400,0.08249,0.10622
7.12,29.88,3.2476,67.1865,0.19904,0.08832
7.38,29.88,2.8397,82.5560,0.43388,0.06007
