x,y,rho,contact,casualty,pressure
2.62,0.12,0.3947,0.0115,0.00000,0.12424
2.88,0.12,0.7182,0.0177,0.00000,0.20356
3.12,0.12,0.8928,0.0257,0.00000,0.23103
3.38,0.12,0.8739,0.0320,0.00000,0.22887
3.62,0.12,0.9225,0.0234,0.00000,0.24917
3.88,0.12,0.8930,0.0115,0.00000,0.24638
4.12,0.12,0.8214,0.0088,0.00000,0.23516
4.38,0.12,0.8471,0.0097,0.00000,0.24049
4.62,0.12,0.8494,0.0074,0.00000,0.24117
4.88,0.12,0.8113,0.0056,0.00000,0.22757
5.12,0.12,0.7938,0.0058,0.00000,0.21107
5.38,0.12,0.8063,0.0087,0.00000,0.22178
5.62,0.12,0.8197,0.0129,0.00000,0.24819
5.88,0.12,0.8251,0.0137,0.00000,0.24876
6.12,0.12,0.9099,0.0149,0.00000,0.25364
6.38,0.12,0.9553,0.0146,0.00000,0.25557
6.62,0.12,0.9384,0.0126,0.00000,0.21808
6.88,0.12,0.9700,0.0102,0.00000,0.20438
7.12,0.12,0.7591,0.0083,0.00000,0.17799
7.38,0.12,0.4034,0.0054,0.00000,0.10851
2.62,0.38,0.8213,0.0515,0.00000,0.24467
2.88,0.38,1.3926,0.0466,0.00000,0.39146
3.12,0.38,1.5867,0.0485,0.00000,0.42965
3.38,0.38,1.4776,0.0544,0.00000,0.41842
3.62,0.38,1.5872,0.0459,0.00000,0.45567
3.88,0.38,1.5701,0.0328,0.00000,0.44886
4.12,0.38,1.4640,0.0283,0.00000,0.43917
4.38,0.38,1.5229,0.0272,0.00000,0.46634
4.62,0.38,1.5321,0.0233,0.00000,0.46892
4.88,0.38,1.4733,0.0231,0.00000,0.44419
5.12,0.38,1.4624,0.0229,0.00000,0.42342
5.38,0.38,1.4945,0.0230,0.00000,0.44021
5.62,0.38,1.4910,0.0276,0.00000,0.46851
5.88,0.38,1.4559,0.0309,0.00000,0.45267
6.12,0.38,1.5671,0.0365,0.00000,0.44761
6.38,0.38,1.5950,0.0425,0.00000,0.43718
6.62,0.38,1.5081,0.0445,0.00000,0.36824
6.88,0.38,1.6321,0.0356,0.00000,0.35840
7.12,0.38,1.4190,0.0241,0.00000,0.33387
7.38,0.38,0.8269,0.0140,0.00000,0.21348
2.62,0.62,1.2342,0.4239,0.00000,0.33675
2.88,0.62,1.9117,0.2236,0.00000,0.51156
3.12,0.62,1.9346,0.0953,0.00000,0.51894
3.38,0.62,1.7234,0.0635,0.00000,0.48350
3.62,0.62,1.9232,0.0607,0.00000,0.52983
3.88,0.62,1.9261,0.0594,0.00000,0.52557
4.12,0.62,1.8224,0.0543,0.00000,0.53286
4.38,0.62,1.9003,0.0462,0.00000,0.58316
4.62,0.62,1.9007,0.0415,0.00000,0.58691
4.88,0.62,1.8506,0.0474,0.00000,0.56296
5.12,0.62,1.8598,0.0492,0.00000,0.55075
5.38,0.62,1.9029,0.0452,0.00000,0.56115
5.62,0.62,1.8988,0.0474,0.00000,0.56871
5.88,0.62,1.8257,0.0507,0.00000,0.53335
6.12,0.62,1.9214,0.0585,0.00000,0.51638
6.38,0.62,1.9266,0.0692,0.00000,0.49551
6.62,0.62,1.7259,0.0745,0.00000,0.41771
6.88,0.62,1.9357,0.0598,0.00000,0.42731
7.12,0.62,1.9094,0.0389,0.00000,0.42550
7.38,0.62,1.2290,0.0215,0.00000,0.28348
2.62,0.88,1.4772,1.8206,0.00000,0.35212
2.88,0.88,2.0777,0.8604,0.00000,0.49722
3.12,0.88,1.8455,0.2359,0.00000,0.44787
3.38,0.88,1.6635,0.0749,0.00000,0.39777
3.62,0.88,1.9800,0.0633,0.00000,0.45123
3.88,0.88,1.9435,0.0683,0.00000,0.45142
4.12,0.88,1.8593,0.0633,0.00000,0.46330
4.38,0.88,1.9256,0.0506,0.00000,0.50695
4.62,0.88,1.9062,0.0471,0.00000,0.51604
4.88,0.88,1.8989,0.0560,0.00000,0.51171
5.12,0.88,1.9054,0.0601,0.00000,0.50563
5.38,0.88,1.9111,0.0578,0.00000,0.49959
5.62,0.88,1.9516,0.0597,0.00000,0.49825
5.88,0.88,1.9012,0.0596,0.00000,0.46749
6.12,0.88,1.9618,0.0618,0.00000,0.44874
6.38,0.88,1.9916,0.0637,0.00000,0.43482
6.62,0.88,1.6571,0.0627,0.00000,0.36477
6.88,0.88,1.8296,0.0560,0.00000,0.38198
7.12,0.88,2.0717,0.0422,0.00000,0.41090
7.38,0.88,1.4767,0.0244,0.00000,0.28843
2.62,1.12,1.7332,2.9874,0.00000,0.33836
2.88,1.12,2.3046,1.3929,0.00000,0.45453
3.12,1.12,1.9059,0.3563,0.00000,0.37781
3.38,1.12,1.7936,0.0887,0.00000,0.33306
3.62,1.12,2.1846,0.0635,0.00000,0.38955
3.88,1.12,2.1027,0.0654,0.00000,0.39050
4.12,1.12,2.0605,0.0578,0.00000,0.39890
4.38,1.12,2.0823,0.0469,0.00000,0.41974
4.62,1.12,2.0340,0.0469,0.00000,0.42827
4.88,1.12,2.0737,0.0533,0.00000,0.44090
5.12,1.12,2.0716,0.0524,0.00000,0.43728
5.38,1.12,2.0238,0.0467,0.00000,0.42258
5.62,1.12,2.1005,0.0466,0.00000,0.42591
5.88,1.12,2.0967,0.0482,0.00000,0.40609
6.12,1.12,2.1168,0.0494,0.00000,0.38557
6.38,1.12,2.1947,0.0471,0.00000,0.38410
6.62,1.12,1.7934,0.0440,0.00000,0.32594
6.88,1.12,1.9061,0.0491,0.00000,0.34092
7.12,1.12,2.3236,0.0463,0.00000,0.38701
7.38,1.12,1.7536,0.0291,0.00000,0.28275
2.62,1.38,1.9172,1.8318,0.00000,0.28651
2.88,1.38,2.5087,0.8926,0.00000,0.38098
3.12,1.38,2.0638,0.2812,0.00000,0.31825
3.38,1.38,1.9682,0.0958,0.00000,0.28956
3.62,1.38,2.3003,0.0600,0.00000,0.33083
3.88,1.38,2.2388,0.0580,0.00000,0.33193
4.12,1.38,2.2940,0.0486,0.00000,0.34421
4.38,1.38,2.2494,0.0399,0.00000,0.34765
4.62,1.38,2.1817,0.0416,0.00000,0.35092
4.88,1.38,2.2361,0.0452,0.00000,0.36639
5.12,1.38,2.2398,0.0395,0.00000,0.36568
5.38,1.38,2.1871,0.0289,0.00000,0.35471
5.62,1.38,2.2608,0.0252,0.00000,0.35963
5.88,1.38,2.2932,0.0300,0.00000,0.34527
6.12,1.38,2.2314,0.0360,0.00000,0.31889
6.38,1.38,2.3105,0.0342,0.00000,0.31975
6.62,1.38,1.9816,0.0302,0.00000,0.28087
6.88,1.38,2.0724,0.0365,0.00000,0.29483
7.12,1.38,2.5181,0.0399,0.00000,0.34244
7.38,1.38,1.9245,0.0276,0.00000,0.25567
2.62,1.62,1.9734,0.4464,0.00000,0.22546
2.88,1.62,2.5849,0.2880,0.00000,0.29998
3.12,1.62,2.2049,0.1837,0.00000,0.26006
3.38,1.62,2.1327,0.1001,0.00000,0.24735
3.62,1.62,2.2943,0.0481,0.00000,0.26821
3.88,1.62,2.2520,0.0379,0.00000,0.26824
4.12,1.62,2.4076,0.0372,0.00000,0.28454
4.38,1.62,2.3218,0.0382,0.00000,0.28005
4.62,1.62,2.2818,0.0392,0.00000,0.28476
4.88,1.62,2.2881,0.0386,0.00000,0.29388
5.12,1.62,2.2844,0.0312,0.00000,0.29024
5.38,1.62,2.2912,0.0212,0.00000,0.28532
5.62,1.62,2.3412,0.0172,0.00000,0.28878
5.88,1.62,2.4049,0.0235,0.00000,0.28401
6.12,1.62,2.2426,0.0326,0.00000,0.25777
6.38,1.62,2.2907,0.0279,0.00000,0.25763
6.62,1.62,2.1359,0.0197,0.00000,0.23962
6.88,1.62,2.2164,0.0255,0.00000,0.25162
7.12,1.62,2.5943,0.0342,0.00000,0.29114
7.38,1.62,1.9772,0.0264,0.00000,0.21962
2.62,1.88,2.0730,0.0719,0.00000,0.19802
2.88,1.88,2.7350,0.0938,0.00000,0.26233
3.12,1.88,2.4329,0.1027,0.00000,0.23098
3.38,1.88,2.3566,0.0674,0.00000,0.22096
3.62,1.88,2.3163,0.0308,0.00000,0.22563
3.88,1.88,2.2823,0.0198,0.00000,0.22425
4.12,1.88,2.5215,0.0267,0.00000,0.24185
4.38,1.88,2.4375,0.0386,0.00000,0.23920
4.62,1.88,2.4496,0.0422,0.00000,0.25026
4.88,1.88,2.3854,0.0389,0.00000,0.25007
5.12,1.88,2.3741,0.0321,0.00000,0.24095
5.38,1.88,2.4550,0.0232,0.00000,0.24103
5.62,1.88,2.4579,0.0175,0.00000,0.24292
5.88,1.88,2.5255,0.0224,0.00000,0.24552
6.12,1.88,2.2892,0.0320,0.00000,0.22146
6.38,1.88,2.3198,0.0269,0.00000,0.22048
6.62,1.88,2.3521,0.0168,0.00000,0.21740
6.88,1.88,2.4413,0.0240,0.00000,0.22614
7.12,1.88,2.7496,0.0364,0.00000,0.25460
7.38,1.88,2.0817,0.0293,0.00000,0.19173
2.62,2.12,2.1381,0.0245,0.00000,0.17834
2.88,2.12,2.8450,0.0376,0.00000,0.23604
3.12,2.12,2.6160,0.0397,0.00000,0.21030
3.38,2.12,2.5229,0.0310,0.00000,0.19839
3.62,2.12,2.3228,0.0190,0.00000,0.18877
3.88,2.12,2.3018,0.0118,0.00000,0.18359
4.12,2.12,2.5772,0.0172,0.00000,0.19969
4.38,2.12,2.5082,0.0309,0.00000,0.20098
4.62,2.12,2.5650,0.0402,0.00000,0.21407
4.88,2.12,2.4774,0.0382,0.00000,0.20982
5.12,2.12,2.4763,0.0310,0.00000,0.20357
5.38,2.12,2.5956,0.0217,0.00000,0.20917
5.62,2.12,2.5491,0.0149,0.00000,0.20768
5.88,2.12,2.5964,0.0195,0.00000,0.20773
6.12,2.12,2.3162,0.0307,0.00000,0.18386
6.38,2.12,2.3288,0.0296,0.00000,0.18112
6.62,2.12,2.5181,0.0200,0.00000,0.18889
6.88,2.12,2.6122,0.0258,0.00000,0.19860
7.12,2.12,2.8397,0.0382,0.00000,0.21965
7.38,2.12,2.1321,0.0308,0.00000,0.16496
2.62,2.38,2.1483,0.0163,0.00000,0.15932
2.88,2.38,2.8855,0.0219,0.00000,0.21205
3.12,2.38,2.7413,0.0203,0.00000,0.19398
3.38,2.38,2.6665,0.0203,0.00000,0.18320
3.62,2.38,2.3786,0.0183,0.00000,0.16366
3.88,2.38,2.3500,0.0120,0.00000,0.15278
4.12,2.38,2.5811,0.0119,0.00000,0.16297
4.38,2.38,2.5300,0.0210,0.00000,0.16362
4.62,2.38,2.6258,0.0331,0.00000,0.17357
4.88,2.38,2.5612,0.0350,0.00000,0.17164
5.12,2.38,2.5591,0.0265,0.00000,0.17285
5.38,2.38,2.6588,0.0173,0.00000,0.18081
5.62,2.38,2.5806,0.0123,0.00000,0.17578
5.88,2.38,2.6177,0.0158,0.00000,0.17336
6.12,2.38,2.3550,0.0261,0.00000,0.15388
6.38,2.38,2.3674,0.0314,0.00000,0.15301
6.62,2.38,2.6713,0.0257,0.00000,0.16852
6.88,2.38,2.7434,0.0302,0.00000,0.17964
7.12,2.38,2.8741,0.0417,0.00000,0.19622
7.38,2.38,2.1371,0.0331,0.00000,0.14711
2.62,2.62,2.1940,0.0171,0.00000,0.14604
2.88,2.62,2.9670,0.0217,0.00000,0.19492
3.12,2.62,2.8804,0.0181,0.00000,0.17906
3.38,2.62,2.8270,0.0194,0.00000,0.16608
3.62,2.62,2.5186,0.0224,0.00000,0.14402
3.88,2.62,2.4835,0.0167,0.00000,0.13262
4.12,2.62,2.6182,0.0126,0.00000,0.13717
4.38,2.62,2.5765,0.0161,0.00000,0.13602
4.62,2.62,2.6817,0.0272,0.00000,0.14250
4.88,2.62,2.6600,0.0327,0.00000,0.14460
5.12,2.62,2.6540,0.0259,0.00000,0.14964
5.38,2.62,2.7031,0.0190,0.00000,0.15545
5.62,2.62,2.6053,0.0158,0.00000,0.14882
5.88,2.62,2.6343,0.0165,0.00000,0.14678
6.12,2.62,2.4614,0.0209,0.00000,0.13518
6.38,2.62,2.4933,0.0275,0.00000,0.13659
6.62,2.62,2.8473,0.0269,0.00000,0.15363
6.88,2.62,2.8951,0.0298,0.00000,0.16499
7.12,2.62,2.9600,0.0376,0.00000,0.17936
7.38,2.62,2.1864,0.0294,0.00000,0.13443
2.62,2.88,2.2268,0.0295,0.00000,0.13191
2.88,2.88,3.0249,0.0286,0.00000,0.17566
3.12,2.88,2.9835,0.0199,0.00000,0.15829
3.38,2.88,2.9617,0.0197,0.00000,0.14073
3.62,2.88,2.6795,0.0242,0.00000,0.12079
3.88,2.88,2.6442,0.0197,0.00000,0.11361
4.12,2.88,2.6611,0.0136,0.00000,0.11531
4.38,2.88,2.6286,0.0125,0.00000,0.11386
4.62,2.88,2.7051,0.0183,0.00000,0.11708
4.88,2.88,2.7244,0.0223,0.00000,0.12114
5.12,2.88,2.7228,0.0213,0.00000,0.12714
5.38,2.88,2.7371,0.0221,0.00000,0.13129
5.62,2.88,2.6505,0.0227,0.00000,0.12577
5.88,2.88,2.6544,0.0224,0.00000,0.12390
6.12,2.88,2.5956,0.0195,0.00000,0.11902
6.38,2.88,2.6379,0.0206,0.00000,0.12125
6.62,2.88,2.9766,0.0238,0.00000,0.13767
6.88,2.88,3.0046,0.0286,0.00000,0.14872
7.12,2.88,3.0388,0.0348,0.00000,0.16089
7.38,2.88,2.2390,0.0269,0.00000,0.12048
2.62,3.12,2.2507,0.1537,0.00000,0.11636
2.88,3.12,3.0647,0.0857,0.00000,0.15461
3.12,3.12,3.0561,0.0330,0.00000,0.13772
3.38,3.12,3.0684,0.0214,0.00000,0.11971
3.62,3.12,2.8364,0.0242,0.00000,0.10373
3.88,3.12,2.8136,0.0197,0.00000,0.10024
4.12,3.12,2.7270,0.0134,0.00000,0.09946
4.38,3.12,2.7118,0.0104,0.00000,0.09791
4.62,3.12,2.7307,0.0121,0.00000,0.09803
4.88,3.12,2.7620,0.0132,0.00000,0.10081
5.12,3.12,2.7561,0.0165,0.00000,0.10492
5.38,3.12,2.7589,0.0258,0.00000,0.10876
5.62,3.12,2.7279,0.0369,0.00000,0.10674
5.88,3.12,2.7138,0.0426,0.00000,0.10497
6.12,3.12,2.7614,0.0295,0.00000,0.10540
6.38,3.12,2.7921,0.0188,0.00000,0.10941
6.62,3.12,3.0780,0.0210,0.00000,0.12553
6.88,3.12,3.0869,0.0279,0.00000,0.13579
7.12,3.12,3.1061,0.0345,0.00000,0.14590
7.38,3.12,2.2865,0.0267,0.00000,0.10913
2.62,3.38,2.2815,0.6236,0.00000,0.09952
2.88,3.38,3.1085,0.3003,0.00000,0.13226
3.12,3.38,3.1159,0.0794,0.00000,0.11847
3.38,3.38,3.1515,0.0217,0.00000,0.10381
3.62,3.38,2.9735,0.0164,0.00000,0.09135
3.88,3.38,2.9782,0.0124,0.00000,0.08864
4.12,3.38,2.8191,0.0085,0.00000,0.08468
4.38,3.38,2.8057,0.0076,0.00000,0.08344
4.62,3.38,2.7410,0.0094,0.00000,0.08246
4.88,3.38,2.7619,0.0096,0.00000,0.08399
5.12,3.38,2.7468,0.0133,0.00000,0.08448
5.38,3.38,2.7512,0.0278,0.00000,0.08663
5.62,3.38,2.8038,0.0551,0.00000,0.08829
5.88,3.38,2.8043,0.0728,0.00000,0.08802
6.12,3.38,2.9431,0.0466,0.00000,0.09184
6.38,3.38,2.9403,0.0205,0.00000,0.09557
6.62,3.38,3.1572,0.0185,0.00000,0.10901
6.88,3.38,3.1415,0.0241,0.00000,0.11955
7.12,3.38,3.1459,0.0294,0.00000,0.12979
7.38,3.38,2.3134,0.0226,0.00000,0.09736
2.62,3.62,2.3071,1.0158,0.00000,0.08741
2.88,3.62,3.1460,0.4793,0.00000,0.11621
3.12,3.62,3.1717,0.1176,0.00000,0.10486
3.38,3.62,3.2317,0.0209,0.00000,0.09274
3.62,3.62,3.0853,0.0085,0.00000,0.08159
3.88,3.62,3.1067,0.0050,0.00000,0.07800
4.12,3.62,2.9135,0.0040,0.00000,0.07251
4.38,3.62,2.8975,0.0058,0.00000,0.07265
4.62,3.62,2.7380,0.0085,0.00000,0.07224
4.88,3.62,2.7357,0.0077,0.00000,0.07365
5.12,3.62,2.7121,0.0086,0.00000,0.07025
5.38,3.62,2.7266,0.0246,0.00000,0.06928
5.62,3.62,2.8759,0.0715,0.00000,0.07358
5.88,3.62,2.8962,0.1063,0.00000,0.07596
6.12,3.62,3.0840,0.0659,0.00000,0.08108
6.38,3.62,3.0619,0.0217,0.00000,0.08318
6.62,3.62,3.2369,0.0145,0.00000,0.09394
6.88,3.62,3.1915,0.0212,0.00000,0.10487
7.12,3.62,3.1732,0.0281,0.00000,0.11555
7.38,3.62,2.3298,0.0220,0.00000,0.08699
2.62,3.88,2.3540,0.6306,0.00000,0.08196
2.88,3.88,3.2088,0.3087,0.00000,0.10874
3.12,3.88,3.2363,0.0824,0.00000,0.09769
3.38,3.88,3.3022,0.0161,0.00000,0.08586
3.62,3.88,3.1705,0.0059,0.00000,0.07484
3.88,3.88,3.2068,0.0037,0.00000,0.07054
4.12,3.88,3.0089,0.0033,0.00000,0.06452
4.38,3.88,2.9923,0.0045,0.00000,0.06481
4.62,3.88,2.7503,0.0054,0.00000,0.06391
4.88,3.88,2.7220,0.0041,0.00000,0.06493
5.12,3.88,2.6882,0.0044,0.00000,0.06015
5.38,3.88,2.7139,0.0209,0.00000,0.05793
5.62,3.88,2.9527,0.0767,0.00000,0.06364
5.88,3.88,2.9841,0.1195,0.00000,0.06752
6.12,3.88,3.1881,0.0729,0.00000,0.07289
6.38,3.88,3.1580,0.0211,0.00000,0.07389
6.62,3.88,3.3121,0.0124,0.00000,0.08289
6.88,3.88,3.2471,0.0222,0.00000,0.09394
7.12,3.88,3.2153,0.0322,0.00000,0.10480
7.38,3.88,2.3587,0.0256,0.00000,0.07914
2.62,4.12,2.3925,0.1723,0.00000,0.07673
2.88,4.12,3.2603,0.1080,0.00000,0.10145
3.12,4.12,3.2871,0.0430,0.00000,0.08994
3.38,4.12,3.3541,0.0129,0.00000,0.07779
3.62,4.12,3.2257,0.0060,0.00000,0.06780
3.88,4.12,3.2736,0.0047,0.00000,0.06399
4.12,4.12,3.0852,0.0036,0.00000,0.05713
4.38,4.12,3.0687,0.0031,0.00000,0.05535
4.62,4.12,2.7798,0.0023,0.00000,0.05278
4.88,4.12,2.7382,0.0013,0.00000,0.05325
5.12,4.12,2.6947,0.0023,0.00000,0.04987
5.38,4.12,2.7278,0.0121,0.00000,0.04881
5.62,4.12,3.0265,0.0430,0.00000,0.05468
5.88,4.12,3.0654,0.0662,0.00000,0.05844
6.12,4.12,3.2753,0.0403,0.00000,0.06459
6.38,4.12,3.2366,0.0132,0.00000,0.06687
6.62,4.12,3.3745,0.0117,0.00000,0.07571
6.88,4.12,3.2930,0.0241,0.00000,0.08610
7.12,4.12,3.2498,0.0360,0.00000,0.09617
7.38,4.12,2.3822,0.0287,0.00000,0.07264
2.62,4.38,2.4173,0.0547,0.00000,0.06930
2.88,4.38,3.2948,0.0590,0.00000,0.09156
3.12,4.38,3.3256,0.0359,0.00000,0.08102
3.38,4.38,3.3969,0.0147,0.00000,0.06982
3.62,4.38,3.2626,0.0074,0.00000,0.06026
3.88,4.38,3.3136,0.0053,0.00000,0.05641
4.12,4.38,3.1411,0.0038,0.00000,0.05025
4.38,4.38,3.1281,0.0027,0.00000,0.04786
4.62,4.38,2.8265,0.0017,0.00000,0.04424
4.88,4.38,2.7823,0.0021,0.00000,0.04412
5.12,4.38,2.7402,0.0052,0.00000,0.04230
5.38,4.38,2.7797,0.0093,0.00000,0.04277
5.62,4.38,3.0981,0.0143,0.00000,0.04821
5.88,4.38,3.1315,0.0171,0.00000,0.05073
6.12,4.38,3.3277,0.0110,0.00000,0.05672
6.38,4.38,3.2845,0.0078,0.00000,0.06157
6.62,4.38,3.4231,0.0133,0.00000,0.07190
6.88,4.38,3.3417,0.0277,0.00000,0.08107
7.12,4.38,3.3004,0.0409,0.00000,0.08951
7.38,4.38,2.4196,0.0328,0.00000,0.06741
2.62,4.62,2.4363,0.0702,0.00000,0.06330
2.88,4.62,3.3211,0.0713,0.00000,0.08358
3.12,4.62,3.3507,0.0446,0.00000,0.07371
3.38,4.62,3.4239,0.0198,0.00000,0.06310
3.62,4.62,3.2917,0.0100,0.00000,0.05359
3.88,4.62,3.3447,0.0067,0.00000,0.04951
4.12,4.62,3.1737,0.0043,0.00000,0.04475
4.38,4.62,3.1616,0.0030,0.00000,0.04313
4.62,4.62,2.8906,0.0035,0.00000,0.03992
4.88,4.62,2.8567,0.0076,0.00000,0.03977
5.12,4.62,2.8229,0.0156,0.00000,0.03876
5.38,4.62,2.8594,0.0187,0.00000,0.03959
5.62,4.62,3.1549,0.0141,0.00000,0.04429
5.88,4.62,3.1765,0.0103,0.00000,0.04658
6.12,4.62,3.3514,0.0086,0.00000,0.05233
6.38,4.62,3.3018,0.0122,0.00000,0.05786
6.62,4.62,3.4406,0.0228,0.00000,0.06812
6.88,4.62,3.3717,0.0453,0.00000,0.07638
7.12,4.62,3.3451,0.0674,0.00000,0.08375
7.38,4.62,2.4545,0.0614,0.00000,0.06292
2.62,4.88,2.4581,0.3417,0.00000,0.06013
2.88,4.88,3.3516,0.2085,0.00000,0.07932
3.12,4.88,3.3742,0.0912,0.00000,0.06923
3.38,4.88,3.4393,0.0345,0.00000,0.05822
3.62,4.88,3.3090,0.0144,0.00000,0.04902
3.88,4.88,3.3660,0.0084,0.00000,0.04516
4.12,4.88,3.2039,0.0053,0.00000,0.04129
4.38,4.88,3.2006,0.0052,0.00000,0.04023
4.62,4.88,2.9833,0.0092,0.00000,0.03869
4.88,4.88,2.9598,0.0166,0.00000,0.03959
5.12,4.88,2.9296,0.0259,0.00000,0.03829
5.38,4.88,2.9519,0.0268,0.00000,0.03802
5.62,4.88,3.1992,0.0200,0.00000,0.04175
5.88,4.88,3.2096,0.0165,0.00000,0.04442
6.12,4.88,3.3639,0.0159,0.00000,0.05027
6.38,4.88,3.3129,0.0237,0.00000,0.05572
6.62,4.88,3.4518,0.0456,0.00000,0.06518
6.88,4.88,3.3878,0.0974,0.00000,0.07278
7.12,4.88,3.3644,0.1824,0.00000,0.07936
7.38,4.88,2.4666,0.2581,0.00000,0.05939
2.62,5.12,2.4866,1.5489,0.00000,0.05458
2.88,5.12,3.3915,0.7808,0.00000,0.07230
3.12,5.12,3.4040,0.2454,0.00000,0.06387
3.38,5.12,3.4522,0.0692,0.00000,0.05445
3.62,5.12,3.3218,0.0262,0.00000,0.04634
3.88,5.12,3.3836,0.0151,0.00000,0.04291
4.12,5.12,3.2479,0.0092,0.00000,0.03960
4.38,5.12,3.2625,0.0088,0.00000,0.03908
4.62,5.12,3.0998,0.0153,0.00000,0.03930
4.88,5.12,3.0780,0.0230,0.00000,0.04112
5.12,5.12,3.0442,0.0281,0.00000,0.03921
5.38,5.12,3.0506,0.0264,0.00000,0.03747
5.62,5.12,3.2494,0.0206,0.00000,0.03991
5.88,5.12,3.2506,0.0180,0.00000,0.04255
6.12,5.12,3.3800,0.0201,0.00000,0.04819
6.38,5.12,3.3269,0.0333,0.00000,0.05344
6.62,5.12,3.4680,0.0725,0.00000,0.06212
6.88,5.12,3.4144,0.2145,0.00000,0.06989
7.12,5.12,3.3934,0.5925,0.00000,0.07654
7.38,5.12,2.4855,1.0942,0.00000,0.05726
2.62,5.38,2.5096,3.6032,0.00000,0.04950
2.88,5.38,3.4290,1.7488,0.00000,0.06592
3.12,5.38,3.4437,0.4921,0.00000,0.05928
3.38,5.38,3.4847,0.1159,0.00000,0.05166
3.62,5.38,3.3593,0.0450,0.00000,0.04468
3.88,5.38,3.4161,0.0304,0.00000,0.04166
4.12,5.38,3.3045,0.0196,0.00000,0.03905
4.38,5.38,3.3305,0.0132,0.00000,0.03878
4.62,5.38,3.2166,0.0171,0.00000,0.03871
4.88,5.38,3.1957,0.0246,0.00000,0.03978
5.12,5.38,3.1571,0.0282,0.00000,0.03874
5.38,5.38,3.1552,0.0270,0.00000,0.03750
5.62,5.38,3.3111,0.0235,0.00000,0.03925
5.88,5.38,3.2987,0.0211,0.00000,0.04160
6.12,5.38,3.4091,0.0255,0.00000,0.04666
6.38,5.38,3.3610,0.0421,0.00000,0.05128
6.62,5.38,3.4993,0.0953,0.00000,0.05888
6.88,5.38,3.4519,0.3802,0.00000,0.06684
7.12,5.38,3.4301,1.2894,0.00000,0.07396
7.38,5.38,2.5114,2.5705,0.00000,0.05556
2.62,5.62,2.5355,4.9109,0.00000,0.04844
2.88,5.62,3.4796,2.3885,0.00000,0.06449
3.12,5.62,3.5056,0.6691,0.00000,0.05758
3.38,5.62,3.5396,0.1536,0.00000,0.04972
3.62,5.62,3.4195,0.0619,0.00000,0.04382
3.88,5.62,3.4680,0.0431,0.00000,0.04119
4.12,5.62,3.3764,0.0287,0.00000,0.03863
4.38,5.62,3.3974,0.0182,0.00000,0.03799
4.62,5.62,3.3109,0.0184,0.00000,0.03690
4.88,5.62,3.2922,0.0243,0.00000,0.03679
5.12,5.62,3.2598,0.0267,0.00000,0.03659
5.38,5.62,3.2659,0.0284,0.00000,0.03685
5.62,5.62,3.3909,0.0321,0.00000,0.03901
5.88,5.62,3.3682,0.0350,0.00000,0.04097
6.12,5.62,3.4632,0.0414,0.00000,0.04492
6.38,5.62,3.4096,0.0591,0.00000,0.04848
6.62,5.62,3.5367,0.1257,0.00000,0.05514
6.88,5.62,3.5064,0.5229,0.00000,0.06324
7.12,5.62,3.4894,1.8127,0.00000,0.07048
7.38,5.62,2.5516,3.6328,0.00000,0.05303
2.62,5.88,2.5652,5.0830,0.00000,0.04817
2.88,5.88,3.5358,2.5073,0.00000,0.06396
3.12,5.88,3.5723,0.7163,0.00000,0.05641
3.38,5.88,3.5985,0.1684,0.00000,0.04852
3.62,5.88,3.4855,0.0721,0.00000,0.04437
3.88,5.88,3.5246,0.0488,0.00000,0.04172
4.12,5.88,3.4454,0.0330,0.00000,0.03788
4.38,5.88,3.4610,0.0243,0.00000,0.03660
4.62,5.88,3.3943,0.0230,0.00000,0.03562
4.88,5.88,3.3804,0.0265,0.00000,0.03563
5.12,5.88,3.3578,0.0300,0.00000,0.03590
5.38,5.88,3.3706,0.0375,0.00000,0.03651
5.62,5.88,3.4753,0.0487,0.00000,0.03852
5.88,5.88,3.4489,0.0570,0.00000,0.04018
6.12,5.88,3.5274,0.0643,0.00000,0.04363
6.38,5.88,3.4667,0.0823,0.00000,0.04687
6.62,5.88,3.5879,0.1642,0.00000,0.05322
6.88,5.88,3.5637,0.6218,0.00000,0.06116
7.12,5.88,3.5359,2.0391,0.00000,0.06797
7.38,5.88,2.5768,4.0002,0.00000,0.05098
2.62,6.12,2.5934,4.8371,0.00000,0.04561
2.88,6.12,3.5891,2.4403,0.00000,0.06061
3.12,6.12,3.6358,0.7187,0.00000,0.05387
3.38,6.12,3.6555,0.1709,0.00000,0.04726
3.62,6.12,3.5469,0.0741,0.00000,0.04402
3.88,6.12,3.5798,0.0524,0.00000,0.04111
4.12,6.12,3.5095,0.0405,0.00000,0.03675
4.38,6.12,3.5245,0.0350,0.00000,0.03529
4.62,6.12,3.4767,0.0327,0.00000,0.03487
4.88,6.12,3.4739,0.0341,0.00000,0.03567
5.12,6.12,3.4572,0.0410,0.00000,0.03658
5.38,6.12,3.4538,0.0555,0.00000,0.03685
5.62,6.12,3.5345,0.0699,0.00000,0.03777
5.88,6.12,3.5097,0.0760,0.00000,0.03909
6.12,6.12,3.5830,0.0842,0.00000,0.04279
6.38,6.12,3.5225,0.1086,0.00000,0.04667
6.62,6.12,3.6390,0.2207,0.00000,0.05334
6.88,6.12,3.6168,0.7639,0.00000,0.06074
7.12,6.12,3.5838,2.3546,0.00000,0.06681
7.38,6.12,2.6066,4.5136,0.00000,0.04991
2.62,6.38,2.6131,4.7110,0.00000,0.04265
2.88,6.38,3.6235,2.4484,0.00000,0.05667
3.12,6.38,3.6759,0.7646,0.00000,0.05055
3.38,6.38,3.6927,0.1917,0.00000,0.04394
3.62,6.38,3.5890,0.0770,0.00000,0.03966
3.88,6.38,3.6256,0.0534,0.00000,0.03711
4.12,6.38,3.5661,0.0481,0.00000,0.03453
4.38,6.38,3.5802,0.0481,0.00000,0.03440
4.62,6.38,3.5431,0.0473,0.00000,0.03449
4.88,6.38,3.5525,0.0460,0.00000,0.03456
5.12,6.38,3.5427,0.0544,0.00000,0.03525
5.38,6.38,3.5187,0.0735,0.00000,0.03614
5.62,6.38,3.5803,0.0894,0.00000,0.03709
5.88,6.38,3.5603,0.0935,0.00000,0.03825
6.12,6.38,3.6336,0.1065,0.00000,0.04205
6.38,6.38,3.5704,0.1488,0.00000,0.04622
6.62,6.38,3.6815,0.3168,0.00000,0.05332
6.88,6.38,3.6541,0.9897,0.00000,0.06009
7.12,6.38,3.6123,2.8465,0.00000,0.06485
7.38,6.38,2.6198,5.3365,0.00000,0.04804
2.62,6.62,2.6325,4.8442,0.00000,0.04141
2.88,6.62,3.6479,2.5956,0.00000,0.05494
3.12,6.62,3.7028,0.8632,0.00000,0.04857
3.38,6.62,3.7263,0.2345,0.00000,0.04109
3.62,6.62,3.6284,0.0934,0.00000,0.03585
3.88,6.62,3.6696,0.0631,0.00000,0.03377
4.12,6.62,3.6150,0.0596,0.00000,0.03264
4.38,6.62,3.6305,0.0651,0.00000,0.03386
4.62,6.62,3.6018,0.0682,0.00000,0.03422
4.88,6.62,3.6146,0.0648,0.00000,0.03264
5.12,6.62,3.6121,0.0735,0.00000,0.03234
5.38,6.62,3.5843,0.0955,0.00000,0.03436
5.62,6.62,3.6345,0.1151,0.00000,0.03666
5.88,6.62,3.6104,0.1184,0.00000,0.03789
6.12,6.62,3.6842,0.1343,0.00000,0.04168
6.38,6.62,3.6190,0.2001,0.00000,0.04662
6.62,6.62,3.7238,0.4180,0.00000,0.05445
6.88,6.62,3.6831,1.1488,0.00000,0.06013
7.12,6.62,3.6327,3.0241,0.00000,0.06331
7.38,6.62,2.6293,5.4565,0.00000,0.04653
2.62,6.88,2.6479,5.1148,0.00000,0.04088
2.88,6.88,3.6746,2.8174,0.00000,0.05437
3.12,6.88,3.7325,0.9795,0.00000,0.04811
3.38,6.88,3.7597,0.2849,0.00000,0.04077
3.62,6.88,3.6661,0.1248,0.00000,0.03575
3.88,6.88,3.7206,0.0889,0.00000,0.03426
4.12,6.88,3.6698,0.0834,0.00000,0.03292
4.38,6.88,3.6877,0.0861,0.00000,0.03316
4.62,6.88,3.6655,0.0896,0.00000,0.03290
4.88,6.88,3.6725,0.0890,0.00000,0.03080
5.12,6.88,3.6705,0.1006,0.00000,0.03031
5.38,6.88,3.6436,0.1307,0.00000,0.03316
5.62,6.88,3.6889,0.1586,0.00000,0.03661
5.88,6.88,3.6610,0.1563,0.00000,0.03740
6.12,6.88,3.7333,0.1666,0.00000,0.04066
6.38,6.88,3.6638,0.2508,0.00000,0.04747
6.62,6.88,3.7629,0.5010,0.00000,0.05676
6.88,6.88,3.7069,1.2816,0.00000,0.05971
7.12,6.88,3.6515,3.2481,0.00000,0.06032
7.38,6.88,2.6426,5.7242,0.00000,0.04399
2.62,7.12,2.6559,5.9970,0.00000,0.03919
2.88,7.12,3.6947,3.3443,0.00000,0.05252
3.12,7.12,3.7581,1.1929,0.00000,0.04768
3.38,7.12,3.7907,0.3761,0.00000,0.04186
3.62,7.12,3.7027,0.1828,0.00000,0.03750
3.88,7.12,3.7734,0.1300,0.00000,0.03651
4.12,7.12,3.7253,0.1156,0.00000,0.03460
4.38,7.12,3.7370,0.1101,0.00000,0.03333
4.62,7.12,3.7137,0.1129,0.00000,0.03223
4.88,7.12,3.7158,0.1171,0.00000,0.03010
5.12,7.12,3.7159,0.1313,0.00000,0.02974
5.38,7.12,3.6987,0.1760,0.00000,0.03299
5.62,7.12,3.7427,0.2181,0.00000,0.03694
5.88,7.12,3.7016,0.2129,0.00000,0.03729
6.12,7.12,3.7662,0.2208,0.00000,0.04011
6.38,7.12,3.6982,0.3283,0.00000,0.04889
6.62,7.12,3.7961,0.6411,0.00000,0.05988
6.88,7.12,3.7210,1.6490,0.00000,0.05996
7.12,7.12,3.6587,4.3191,0.00000,0.05779
7.38,7.12,2.6510,7.7553,0.00000,0.04176
2.62,7.38,2.6690,7.3412,0.00000,0.03768
2.88,7.38,3.7153,4.1416,0.00000,0.05099
3.12,7.38,3.7833,1.5378,0.00000,0.04825
3.38,7.38,3.8215,0.5398,0.00000,0.04453
3.62,7.38,3.7361,0.2803,0.00000,0.04052
3.88,7.38,3.8109,0.1909,0.00000,0.03917
4.12,7.38,3.7649,0.1576,0.00000,0.03602
4.38,7.38,3.7772,0.1424,0.00000,0.03346
4.62,7.38,3.7493,0.1426,0.00000,0.03170
4.88,7.38,3.7474,0.1529,0.00000,0.03000
5.12,7.38,3.7533,0.1773,0.00000,0.03029
5.38,7.38,3.7472,0.2484,0.00000,0.03412
5.62,7.38,3.7894,0.3193,0.00000,0.03872
5.88,7.38,3.7352,0.3174,0.00000,0.03884
6.12,7.38,3.7965,0.3222,0.00000,0.04181
6.38,7.38,3.7248,0.4676,0.00000,0.05275
6.62,7.38,3.8152,0.8922,0.00000,0.06572
6.88,7.38,3.7314,2.1627,0.00000,0.06379
7.12,7.38,3.6719,5.4401,0.00000,0.05929
7.38,7.38,2.6679,9.6269,0.00000,0.04250
2.62,7.62,2.6921,8.6716,0.00000,0.03818
2.88,7.62,3.7476,5.0095,0.00000,0.05230
3.12,7.62,3.8139,2.0003,0.00000,0.05173
3.38,7.62,3.8374,0.8000,0.00000,0.04969
3.62,7.62,3.7517,0.4366,0.00000,0.04440
3.88,7.62,3.8340,0.2989,0.00000,0.04123
4.12,7.62,3.7920,0.2467,0.00000,0.03709
4.38,7.62,3.8160,0.2111,0.00000,0.03380
4.62,7.62,3.7922,0.1951,0.00000,0.03106
4.88,7.62,3.7916,0.2164,0.00000,0.03017
5.12,7.62,3.7972,0.2638,0.00000,0.03181
5.38,7.62,3.7864,0.3732,0.00000,0.03694
5.62,7.62,3.8276,0.4919,0.00000,0.04280
5.88,7.62,3.7646,0.5002,0.00000,0.04266
6.12,7.62,3.8210,0.4840,0.00000,0.04576
6.38,7.62,3.7479,0.6662,0.00000,0.05870
6.62,7.62,3.8393,1.2390,0.00000,0.07393
6.88,7.62,3.7540,2.7125,0.00000,0.07001
7.12,7.62,3.6897,6.1420,0.00000,0.06264
7.38,7.62,2.6861,10.3332,0.00000,0.04445
2.62,7.88,2.7187,9.9493,0.00000,0.04259
2.88,7.88,3.7847,5.9483,0.00000,0.05882
3.12,7.88,3.8503,2.5981,0.00000,0.05977
3.38,7.88,3.8545,1.1698,0.00000,0.05806
3.62,7.88,3.7647,0.6646,0.00000,0.04936
3.88,7.88,3.8536,0.4786,0.00000,0.04348
4.12,7.88,3.8178,0.4106,0.00000,0.03974
4.38,7.88,3.8530,0.3418,0.00000,0.03716
4.62,7.88,3.8329,0.3004,0.00000,0.03339
4.88,7.88,3.8397,0.3318,0.00000,0.03229
5.12,7.88,3.8454,0.4004,0.00000,0.03451
5.38,7.88,3.8186,0.5505,0.00000,0.04168
5.62,7.88,3.8539,0.7346,0.00000,0.05014
5.88,7.88,3.7878,0.7664,0.00000,0.05015
6.12,7.88,3.8443,0.7221,0.00000,0.05321
6.38,7.88,3.7691,0.9430,0.00000,0.06808
6.62,7.88,3.8648,1.7186,0.00000,0.08562
6.88,7.88,3.7948,3.4662,0.00000,0.07753
7.12,7.88,3.7338,7.1005,0.00000,0.06486
7.38,7.88,2.7215,11.3701,0.00000,0.04500
2.62,8.12,2.7430,10.2840,0.00000,0.04909
2.88,8.12,3.8202,6.5946,0.00000,0.06865
3.12,8.12,3.8889,3.2909,0.00000,0.07182
3.38,8.12,3.8852,1.6713,0.00000,0.07039
3.62,8.12,3.7899,0.9728,0.00000,0.05743
3.88,8.12,3.8686,0.7241,0.00000,0.04879
4.12,8.12,3.8353,0.6469,0.00000,0.04559
4.38,8.12,3.8832,0.5506,0.00000,0.04363
4.62,8.12,3.8671,0.4810,0.00000,0.03843
4.88,8.12,3.8827,0.5129,0.00000,0.03594
5.12,8.12,3.8886,0.5984,0.00000,0.03804
5.38,8.12,3.8474,0.7963,0.00000,0.04839
5.62,8.12,3.8740,1.0517,0.00000,0.06115
5.88,8.12,3.7972,1.1110,0.00000,0.06151
6.12,8.12,3.8547,1.0536,0.00000,0.06418
6.38,8.12,3.7853,1.3406,0.00000,0.08173
6.62,8.12,3.8879,2.3725,0.00000,0.10267
6.88,8.12,3.8348,4.4472,0.00000,0.08899
7.12,8.12,3.7701,8.3290,0.00000,0.06827
7.38,8.12,2.7383,12.7260,0.00000,0.04521
2.62,8.38,2.7627,10.7521,0.00000,0.05584
2.88,8.38,3.8509,7.3880,0.00000,0.07978
3.12,8.38,3.9266,4.1533,0.00000,0.08774
3.38,8.38,3.9159,2.3480,0.00000,0.08807
3.62,8.38,3.8160,1.4225,0.00000,0.06984
3.88,8.38,3.8823,1.0778,0.00000,0.05778
4.12,8.38,3.8477,0.9853,0.00000,0.05443
4.38,8.38,3.9000,0.8607,0.00000,0.05154
4.62,8.38,3.8880,0.7570,0.00000,0.04429
4.88,8.38,3.9180,0.7782,0.00000,0.04026
5.12,8.38,3.9267,0.8674,0.00000,0.04271
5.38,8.38,3.8730,1.1191,0.00000,0.05768
5.62,8.38,3.8922,1.4518,0.00000,0.07544
5.88,8.38,3.8046,1.5375,0.00000,0.07591
6.12,8.38,3.8618,1.4908,0.00000,0.07819
6.38,8.38,3.8034,1.8732,0.00000,0.09802
6.62,8.38,3.9114,3.1349,0.00000,0.12313
6.88,8.38,3.8779,5.4759,0.00000,0.10587
7.12,8.38,3.8130,9.4667,0.00000,0.07674
7.38,8.38,2.7609,13.6787,0.00000,0.04835
2.62,8.62,2.7947,12.9519,0.00000,0.06628
2.88,8.62,3.8899,8.9591,0.00000,0.09557
3.12,8.62,3.9612,5.2099,0.00000,0.10906
3.38,8.62,3.9256,3.1609,0.00000,0.11177
3.62,8.62,3.8282,2.0351,0.00000,0.08734
3.88,8.62,3.9020,1.5706,0.00000,0.07134
4.12,8.62,3.8638,1.4474,0.00000,0.06847
4.38,8.62,3.8987,1.2894,0.00000,0.06430
4.62,8.62,3.8919,1.1490,0.00000,0.05359
4.88,8.62,3.9481,1.1476,0.00000,0.04676
5.12,8.62,3.9622,1.2176,0.00000,0.04961
5.38,8.62,3.8978,1.5251,0.00000,0.07069
5.62,8.62,3.9129,1.9642,0.00000,0.09409
5.88,8.62,3.8195,2.0873,0.00000,0.09393
6.12,8.62,3.8728,2.0562,0.00000,0.09593
6.38,8.62,3.8204,2.5439,0.00000,0.11850
6.62,8.62,3.9292,4.0171,0.00000,0.14904
6.88,8.62,3.9012,6.6021,0.00000,0.12844
7.12,8.62,3.8285,10.5836,0.00000,0.08884
7.38,8.62,2.7719,14.3467,0.00000,0.05337
2.62,8.88,2.8249,15.8417,0.00000,0.07514
2.88,8.88,3.9221,10.9192,0.00000,0.11068
3.12,8.88,3.9896,6.4552,0.00000,0.13373
3.38,8.88,3.9323,4.1262,0.00000,0.14245
3.62,8.88,3.8347,2.7994,0.00000,0.11173
3.88,8.88,3.9061,2.2033,0.00000,0.09126
4.12,8.88,3.8673,2.0421,0.00000,0.08944
4.38,8.88,3.8938,1.8505,0.00000,0.08387
4.62,8.88,3.8944,1.6659,0.00000,0.06785
4.88,8.88,3.9695,1.6194,0.00000,0.05635
5.12,8.88,3.9850,1.6589,0.00000,0.05900
5.38,8.88,3.9140,2.0272,0.00000,0.08690
5.62,8.88,3.9262,2.6013,0.00000,0.11758
5.88,8.88,3.8276,2.7854,0.00000,0.11673
6.12,8.88,3.8783,2.7925,0.00000,0.11781
6.38,8.88,3.8338,3.3975,0.00000,0.14321
6.62,8.88,3.9397,5.0716,0.00000,0.17852
6.88,8.88,3.9198,8.0053,0.00000,0.15250
7.12,8.88,3.8533,12.3607,0.00000,0.10137
7.38,8.88,2.8030,16.2179,0.00000,0.05887
2.62,9.12,2.8565,17.6215,0.00000,0.07944
2.88,9.12,3.9523,12.6062,0.00000,0.12366
3.12,9.12,4.0160,7.9225,0.00000,0.16166
3.38,9.12,3.9534,5.3042,0.00000,0.17916
3.62,9.12,3.8508,3.7052,0.00000,0.14208
3.88,9.12,3.8933,2.9681,0.00000,0.11653
4.12,9.12,3.8565,2.7774,0.00000,0.11539
4.38,9.12,3.8999,2.5562,0.00000,0.10795
4.62,9.12,3.9052,2.3125,0.00000,0.08594
4.88,9.12,3.9718,2.1925,0.00000,0.06935
5.12,9.12,3.9879,2.1840,0.00000,0.07080
5.38,9.12,3.9249,2.6321,0.00000,0.10431
5.62,9.12,3.9353,3.3829,0.00000,0.14285
5.88,9.12,3.8384,3.6430,0.00000,0.14144
6.12,9.12,3.8896,3.6843,0.00000,0.14129
6.38,9.12,3.8546,4.4082,0.00000,0.17249
6.62,9.12,3.9570,6.3104,0.00000,0.21309
6.88,9.12,3.9288,9.6863,0.00000,0.17700
7.12,9.12,3.8545,14.7864,0.00000,0.11203
7.38,9.12,2.8181,19.3810,0.00000,0.06327
2.62,9.38,2.8738,18.8015,0.00000,0.08172
2.88,9.38,3.9598,14.1492,0.00000,0.13661
3.12,9.38,4.0307,9.5620,0.00000,0.19330
3.38,9.38,3.9801,6.6665,0.00000,0.22018
3.62,9.38,3.8773,4.7614,0.00000,0.17737
3.88,9.38,3.8929,3.8886,0.00000,0.14803
4.12,9.38,3.8567,3.6769,0.00000,0.14721
4.38,9.38,3.9125,3.4144,0.00000,0.13618
4.62,9.38,3.9176,3.0951,0.00000,0.10736
4.88,9.38,3.9627,2.9081,0.00000,0.08622
5.12,9.38,3.9752,2.8400,0.00000,0.08610
5.38,9.38,3.9329,3.3786,0.00000,0.12290
5.62,9.38,3.9492,4.3436,0.00000,0.16848
5.88,9.38,3.8683,4.7046,0.00000,0.16849
6.12,9.38,3.9196,4.7688,0.00000,0.16885
6.38,9.38,3.8792,5.5721,0.00000,0.20813
6.62,9.38,3.9744,7.7207,0.00000,0.25444
6.88,9.38,3.9437,11.5490,0.00000,0.20311
7.12,9.38,3.8654,17.2884,0.00000,0.12147
7.38,9.38,2.8401,22.4520,0.00000,0.06676
2.62,9.62,2.8986,20.3675,0.00000,0.07804
2.88,9.62,3.9867,15.8860,0.00000,0.14203
3.12,9.62,4.0577,11.2404,0.00000,0.22284
3.38,9.62,3.9970,8.0709,0.00000,0.26580
3.62,9.62,3.8952,5.9026,0.00000,0.21762
3.88,9.62,3.9080,4.9281,0.00000,0.18402
4.12,9.62,3.8704,4.7219,0.00000,0.18419
4.38,9.62,3.9137,4.4501,0.00000,0.16754
4.62,9.62,3.9135,4.0626,0.00000,0.13085
4.88,9.62,3.9566,3.8051,0.00000,0.10661
5.12,9.62,3.9669,3.6695,0.00000,0.10522
5.38,9.62,3.9360,4.2902,0.00000,0.14386
5.62,9.62,3.9575,5.4628,0.00000,0.19540
5.88,9.62,3.9017,5.9528,0.00000,0.19863
6.12,9.62,3.9494,6.0337,0.00000,0.19954
6.38,9.62,3.8986,6.8937,0.00000,0.24597
6.62,9.62,3.9917,9.3133,0.00000,0.30107
6.88,9.62,3.9719,13.4835,0.00000,0.23547
7.12,9.62,3.8866,19.2805,0.00000,0.13397
7.38,9.62,2.8577,24.1030,0.00000,0.07107
2.62,9.88,2.9078,20.9751,0.00000,0.07290
2.88,9.88,4.0044,17.2064,0.00000,0.14316
3.12,9.88,4.0827,12.8166,0.00000,0.24938
3.38,9.88,4.0121,9.5516,0.00000,0.31589
3.62,9.88,3.9080,7.1811,0.00000,0.26292
3.88,9.88,3.9140,6.0979,0.00000,0.22068
4.12,9.88,3.8705,5.9207,0.00000,0.22054
4.38,9.88,3.8996,5.6886,0.00000,0.20010
4.62,9.88,3.8997,5.2494,0.00000,0.15796
4.88,9.88,3.9517,4.8901,0.00000,0.13078
5.12,9.88,3.9632,4.6990,0.00000,0.12606
5.38,9.88,3.9439,5.3983,0.00000,0.16560
5.62,9.88,3.9638,6.7298,0.00000,0.22174
5.88,9.88,3.9146,7.3424,0.00000,0.22770
6.12,9.88,3.9544,7.4318,0.00000,0.22820
6.38,9.88,3.9036,8.3344,0.00000,0.27800
6.62,9.88,3.9987,10.9811,0.00000,0.34403
6.88,9.88,4.0198,15.4257,0.00000,0.27565
7.12,9.88,3.9433,21.1243,0.00000,0.15627
7.38,9.88,2.8967,25.3525,0.00000,0.08027
2.62,10.12,2.9343,22.3618,0.00000,0.06994
2.88,10.12,4.0232,18.9999,0.00000,0.14623
3.12,10.12,4.1009,14.6576,0.00000,0.27584
3.38,10.12,4.0146,11.2333,0.00000,0.36410
3.62,10.12,3.9081,8.6609,0.00000,0.30663
3.88,10.12,3.9047,7.4705,0.00000,0.25620
4.12,10.12,3.8624,7.3328,0.00000,0.25635
4.38,10.12,3.8895,7.1587,0.00000,0.23518
4.62,10.12,3.8894,6.6843,0.00000,0.18782
4.88,10.12,3.9376,6.1985,0.00000,0.15598
5.12,10.12,3.9518,5.9428,0.00000,0.14788
5.38,10.12,3.9510,6.6876,0.00000,0.18830
5.62,10.12,3.9651,8.1309,0.00000,0.24756
5.88,10.12,3.9088,8.8843,0.00000,0.25556
6.12,10.12,3.9419,9.0229,0.00000,0.25624
6.38,10.12,3.9053,9.9643,0.00000,0.30815
6.62,10.12,4.0040,12.6959,0.00000,0.38356
6.88,10.12,4.0630,17.3711,0.00000,0.31933
7.12,10.12,3.9901,23.3372,0.00000,0.18521
7.38,10.12,2.9392,27.6530,0.00000,0.09272
2.62,10.38,2.9644,24.7671,0.00000,0.06950
2.88,10.38,4.0255,21.4062,0.00000,0.15440
3.12,10.38,4.1047,16.8733,0.00000,0.30527
3.38,10.38,4.0116,13.1452,0.00000,0.40711
3.62,10.38,3.9118,10.3833,0.00000,0.34554
3.88,10.38,3.9071,9.1325,0.00000,0.29194
4.12,10.38,3.8695,9.0484,0.00000,0.29288
4.38,10.38,3.8852,8.9459,0.00000,0.27214
4.62,10.38,3.8824,8.4415,0.00000,0.21910
4.88,10.38,3.9268,7.7778,0.00000,0.18099
5.12,10.38,3.9431,7.4149,0.00000,0.17064
5.38,10.38,3.9474,8.1565,0.00000,0.20985
5.62,10.38,3.9513,9.6739,0.00000,0.26990
5.88,10.38,3.8914,10.6005,0.00000,0.28318
6.12,10.38,3.9183,10.8171,0.00000,0.28683
6.38,10.38,3.8950,11.7571,0.00000,0.34064
6.62,10.38,4.0006,14.4855,0.00000,0.42141
6.88,10.38,4.1070,19.4100,0.00000,0.35722
7.12,10.38,4.0448,26.0571,0.00000,0.20839
7.38,10.38,3.0061,31.1684,0.00000,0.10184
2.62,10.62,3.0160,26.6005,0.00000,0.07079
2.88,10.62,4.0488,23.8028,0.00000,0.16715
3.12,10.62,4.1233,19.3347,0.00000,0.33711
3.38,10.62,4.0070,15.3357,0.00000,0.44397
3.62,10.62,3.9131,12.4556,0.00000,0.37919
3.88,10.62,3.9208,11.1551,0.00000,0.32773
4.12,10.62,3.8943,11.1055,0.00000,0.32928
4.38,10.62,3.8891,11.0342,0.00000,0.31023
4.62,10.62,3.8838,10.4778,0.00000,0.25302
4.88,10.62,3.9257,9.6363,0.00000,0.20744
5.12,10.62,3.9433,9.1581,0.00000,0.19251
5.38,10.62,3.9443,9.8328,0.00000,0.22929
5.62,10.62,3.9370,11.3081,0.00000,0.29079
5.88,10.62,3.8804,12.3434,0.00000,0.31051
6.12,10.62,3.9019,12.6508,0.00000,0.31836
6.38,10.62,3.8774,13.5833,0.00000,0.37135
6.62,10.62,3.9841,16.3411,0.00000,0.45278
6.88,10.62,4.1304,21.5717,0.00000,0.38292
7.12,10.62,4.0726,28.9600,0.00000,0.21823
7.38,10.62,3.0602,34.9110,0.00000,0.10273
2.62,10.88,3.0726,29.2474,0.00000,0.07280
2.88,10.88,4.0606,26.6733,0.00000,0.17972
3.12,10.88,4.1301,22.0002,0.00000,0.36289
3.38,10.88,3.9915,17.7022,0.00000,0.46769
3.62,10.88,3.9071,14.7336,0.00000,0.39940
3.88,10.88,3.9337,13.3467,0.00000,0.35220
4.12,10.88,3.9205,13.2878,0.00000,0.35783
4.38,10.88,3.8898,13.1824,0.00000,0.34270
4.62,10.88,3.8899,12.5966,0.00000,0.28216
4.88,10.88,3.9273,11.6836,0.00000,0.23065
5.12,10.88,3.9452,11.0944,0.00000,0.21283
5.38,10.88,3.9502,11.6184,0.00000,0.24938
5.62,10.88,3.9344,12.9408,0.00000,0.31045
5.88,10.88,3.8806,13.9913,0.00000,0.33016
6.12,10.88,3.9002,14.4340,0.00000,0.34315
6.38,10.88,3.8740,15.4867,0.00000,0.39831
6.62,10.88,3.9711,18.3964,0.00000,0.48167
6.88,10.88,4.1305,24.0108,0.00000,0.40681
7.12,10.88,4.0822,31.9959,0.00000,0.22647
7.38,10.88,3.1272,38.4878,0.00000,0.10246
2.62,11.12,3.1341,32.8011,0.00000,0.07771
2.88,11.12,4.0744,29.9923,0.00000,0.19462
3.12,11.12,4.1383,24.7960,0.00000,0.38655
3.38,11.12,3.9810,19.9735,0.00000,0.48565
3.62,11.12,3.9024,16.8017,0.00000,0.41385
3.88,11.12,3.9299,15.3386,0.00000,0.36864
4.12,11.12,3.9304,15.2941,0.00000,0.37842
4.38,11.12,3.8825,15.2040,0.00000,0.36858
4.62,11.12,3.8973,14.6832,0.00000,0.30742
4.88,11.12,3.9297,13.7820,0.00000,0.25181
5.12,11.12,3.9446,13.0834,0.00000,0.23227
5.38,11.12,3.9551,13.4589,0.00000,0.26686
5.62,11.12,3.9311,14.6743,0.00000,0.32472
5.88,11.12,3.8825,15.7639,0.00000,0.34206
6.12,11.12,3.9015,16.3753,0.00000,0.35978
6.38,11.12,3.8885,17.6258,0.00000,0.42079
6.62,11.12,3.9726,20.6629,0.00000,0.50338
6.88,11.12,4.1152,26.5244,0.00000,0.41984
7.12,11.12,4.0680,34.7282,0.00000,0.22890
7.38,11.12,3.1841,41.1357,0.00000,0.10063
2.62,11.38,3.2197,35.8366,0.00000,0.08363
2.88,11.38,4.1024,32.7402,0.00000,0.20847
3.12,11.38,4.1569,27.1265,0.00000,0.40631
3.38,11.38,3.9798,21.9099,0.00000,0.50064
3.62,11.38,3.9062,18.6450,0.00000,0.42860
3.88,11.38,3.9067,17.1609,0.00000,0.38445
4.12,11.38,3.9140,17.1615,0.00000,0.39493
4.38,11.38,3.8747,17.1459,0.00000,0.38659
4.62,11.38,3.9192,16.6891,0.00000,0.32599
4.88,11.38,3.9441,15.7996,0.00000,0.26806
5.12,11.38,3.9464,15.0529,0.00000,0.24739
5.38,11.38,3.9488,15.3919,0.00000,0.27544
5.62,11.38,3.9143,16.6300,0.00000,0.32847
5.88,11.38,3.8790,17.8683,0.00000,0.34835
6.12,11.38,3.8945,18.5965,0.00000,0.37067
6.38,11.38,3.9049,19.9453,0.00000,0.43690
6.62,11.38,3.9832,22.9671,0.00000,0.51538
6.88,11.38,4.1171,28.9888,0.00000,0.42333
7.12,11.38,4.0747,37.4431,0.00000,0.22610
7.38,11.38,3.2507,43.6970,0.00000,0.09657
2.62,11.62,3.3546,39.2570,0.00000,0.08859
2.88,11.62,4.1167,34.9546,0.00000,0.21744
3.12,11.62,4.1585,28.7201,0.00000,0.41707
3.38,11.62,3.9762,23.5394,0.00000,0.50831
3.62,11.62,3.9111,20.4873,0.00000,0.44047
3.88,11.62,3.8771,19.0492,0.00000,0.39887
4.12,11.62,3.8901,19.0905,0.00000,0.40915
4.38,11.62,3.8698,19.1485,0.00000,0.39990
4.62,11.62,3.9459,18.7362,0.00000,0.33978
4.88,11.62,3.9637,17.8719,0.00000,0.27984
5.12,11.62,3.9571,17.1465,0.00000,0.25820
5.38,11.62,3.9552,17.4625,0.00000,0.28051
5.62,11.62,3.9049,18.7090,0.00000,0.33044
5.88,11.62,3.8717,20.1754,0.00000,0.35500
6.12,11.62,3.8788,21.0302,0.00000,0.37923
6.38,11.62,3.9134,22.4413,0.00000,0.44678
6.62,11.62,3.9897,25.4692,0.00000,0.52066
6.88,11.62,4.1209,31.6784,0.00000,0.42375
7.12,11.62,4.0758,40.3890,0.00000,0.22256
7.38,11.62,3.3256,46.5987,0.00000,0.09275
2.62,11.88,3.5316,43.1335,0.00000,0.09038
2.88,11.88,4.1238,37.2864,0.00000,0.21814
3.12,11.88,4.1451,30.2878,0.00000,0.41287
3.38,11.88,3.9698,25.2377,0.00000,0.50001
3.62,11.88,3.9151,22.4613,0.00000,0.44104
3.88,11.88,3.8517,21.1427,0.00000,0.40602
4.12,11.88,3.8741,21.2285,0.00000,0.41530
4.38,11.88,3.8677,21.3025,0.00000,0.40287
4.62,11.88,3.9631,20.9548,0.00000,0.34627
4.88,11.88,3.9807,20.1686,0.00000,0.28890
5.12,11.88,3.9718,19.4283,0.00000,0.26650
5.38,11.88,3.9703,19.5474,0.00000,0.28284
5.62,11.88,3.9002,20.6310,0.00000,0.32844
5.88,11.88,3.8638,22.3211,0.00000,0.35648
6.12,11.88,3.8658,23.5053,0.00000,0.38165
6.38,11.88,3.9205,25.0818,0.00000,0.44906
6.62,11.88,3.9925,28.1294,0.00000,0.52095
6.88,11.88,4.1271,34.5278,0.00000,0.42285
7.12,11.88,4.0866,43.3550,0.00000,0.21980
7.38,11.88,3.4263,49.3963,0.00000,0.09013
2.62,12.12,3.6652,46.4879,0.00000,0.08715
2.88,12.12,4.1204,39.7766,0.00000,0.20842
3.12,12.12,4.1286,32.2540,0.00000,0.39122
3.38,12.12,3.9536,27.2428,0.00000,0.47284
3.62,12.12,3.9089,24.6838,0.00000,0.42908
3.88,12.12,3.8409,23.4678,0.00000,0.40976
4.12,12.12,3.8798,23.5815,0.00000,0.41808
4.38,12.12,3.8729,23.6560,0.00000,0.39661
4.62,12.12,3.9761,23.3504,0.00000,0.34469
4.88,12.12,4.0008,22.6272,0.00000,0.29490
5.12,12.12,3.9890,21.8216,0.00000,0.27207
5.38,12.12,3.9789,21.6537,0.00000,0.28404
5.62,12.12,3.8904,22.4978,0.00000,0.32386
5.88,12.12,3.8652,24.3098,0.00000,0.35041
6.12,12.12,3.8643,25.8298,0.00000,0.37641
6.38,12.12,3.9189,27.6365,0.00000,0.43800
6.62,12.12,3.9829,30.8655,0.00000,0.50341
6.88,12.12,4.1216,37.6901,0.00000,0.41025
7.12,12.12,4.0869,46.7123,0.00000,0.21304
7.38,12.12,3.5101,52.4210,0.00000,0.08662
2.62,12.38,3.7282,50.1390,0.00000,0.07933
2.88,12.38,4.1225,43.0571,0.00000,0.19096
3.12,12.38,4.1285,35.0475,0.00000,0.35762
3.38,12.38,3.9484,29.7231,0.00000,0.43203
3.62,12.38,3.9067,27.1333,0.00000,0.40385
3.88,12.38,3.8360,25.9186,0.00000,0.40084
4.12,12.38,3.8867,26.0345,0.00000,0.41040
4.38,12.38,3.8857,26.0645,0.00000,0.38492
4.62,12.38,4.0045,25.7007,0.00000,0.33908
4.88,12.38,4.0272,24.9810,0.00000,0.29601
5.12,12.38,4.0096,24.1501,0.00000,0.27070
5.38,12.38,3.9957,23.8086,0.00000,0.27917
5.62,12.38,3.8917,24.5075,0.00000,0.31462
5.88,12.38,3.8698,26.3818,0.00000,0.33846
6.12,12.38,3.8601,28.0755,0.00000,0.36564
6.38,12.38,3.9122,30.1325,0.00000,0.41889
6.62,12.38,3.9701,33.7271,0.00000,0.47210
6.88,12.38,4.1084,41.2115,0.00000,0.38113
7.12,12.38,4.0858,50.7564,0.00000,0.19661
7.38,12.38,3.5852,56.4905,0.00000,0.08065
2.62,12.62,3.7485,54.0767,0.00000,0.07075
2.88,12.62,4.1201,46.8765,0.00000,0.17137
3.12,12.62,4.1303,38.2971,0.00000,0.32195
3.38,12.62,3.9525,32.2998,0.00000,0.39166
3.62,12.62,3.9135,29.4744,0.00000,0.37556
3.88,12.62,3.8349,28.2857,0.00000,0.38019
4.12,12.62,3.8913,28.4131,0.00000,0.38831
4.38,12.62,3.8988,28.2952,0.00000,0.36570
4.62,12.62,4.0410,27.8880,0.00000,0.32862
4.88,12.62,4.0513,27.2831,0.00000,0.28797
5.12,12.62,4.0233,26.4710,0.00000,0.25933
5.38,12.62,4.0163,26.0122,0.00000,0.26542
5.62,12.62,3.9027,26.6200,0.00000,0.29727
5.88,12.62,3.8689,28.5593,0.00000,0.32034
6.12,12.62,3.8501,30.4012,0.00000,0.35255
6.38,12.62,3.9191,32.7942,0.00000,0.40358
6.62,12.62,3.9734,36.7663,0.00000,0.44508
6.88,12.62,4.0883,44.7986,0.00000,0.34751
7.12,12.62,4.0636,55.0747,0.00000,0.17437
7.38,12.62,3.6343,61.4777,0.00000,0.07175
2.62,12.88,3.8043,58.0946,0.00000,0.06481
2.88,12.88,4.1073,50.6233,0.00000,0.15505
3.12,12.88,4.1126,41.2706,0.00000,0.29139
3.38,12.88,3.9531,34.4088,0.00000,0.35810
3.62,12.88,3.9256,31.3664,0.00000,0.34965
3.88,12.88,3.8370,30.2649,0.00000,0.35683
4.12,12.88,3.8996,30.4114,0.00000,0.36362
4.38,12.88,3.9083,30.2662,0.00000,0.34578
4.62,12.88,4.0745,30.0107,0.00000,0.31648
4.88,12.88,4.0796,29.5411,0.00000,0.27418
5.12,12.88,4.0398,28.7549,0.00000,0.24109
5.38,12.88,4.0301,28.2758,0.00000,0.24565
5.62,12.88,3.9054,28.8481,0.00000,0.27766
5.88,12.88,3.8720,30.8872,0.00000,0.30433
6.12,12.88,3.8491,32.8975,0.00000,0.34003
6.38,12.88,3.9346,35.6216,0.00000,0.38425
6.62,12.88,3.9809,39.8655,0.00000,0.41573
6.88,12.88,4.0808,48.3338,0.00000,0.31855
7.12,12.88,4.0595,59.4988,0.00000,0.15730
7.38,12.88,3.6918,66.8519,0.00000,0.06430
2.62,13.12,3.8935,61.6792,0.00000,0.06161
2.88,13.12,4.1028,53.9866,0.00000,0.14269
3.12,13.12,4.1005,43.8564,0.00000,0.26512
3.38,13.12,3.9524,36.1972,0.00000,0.32744
3.62,13.12,3.9293,33.0432,0.00000,0.32396
3.88,13.12,3.8196,32.0436,0.00000,0.32916
4.12,13.12,3.8930,32.1997,0.00000,0.33455
4.38,13.12,3.9173,32.1231,0.00000,0.32295
4.62,13.12,4.1095,32.1257,0.00000,0.30087
4.88,13.12,4.1093,31.7464,0.00000,0.26188
5.12,13.12,4.0574,31.0071,0.00000,0.22873
5.38,13.12,4.0326,30.5632,0.00000,0.23136
5.62,13.12,3.8871,31.1085,0.00000,0.26203
5.88,13.12,3.8715,33.2687,0.00000,0.29001
6.12,13.12,3.8510,35.4759,0.00000,0.32475
6.38,13.12,3.9507,38.5268,0.00000,0.36175
6.62,13.12,3.9849,43.0355,0.00000,0.38715
6.88,13.12,4.0825,52.0054,0.00000,0.29611
7.12,13.12,4.0671,64.0046,0.00000,0.14583
7.38,13.12,3.7367,71.9371,0.00000,0.05925
2.62,13.38,3.9984,65.1535,0.00000,0.05820
2.88,13.38,4.1064,57.1000,0.00000,0.12952
3.12,13.38,4.0927,46.1822,0.00000,0.23710
3.38,13.38,3.9388,38.0072,0.00000,0.29379
3.62,13.38,3.9207,34.8272,0.00000,0.29478
3.88,13.38,3.8024,33.8916,0.00000,0.29637
4.12,13.38,3.8796,34.1325,0.00000,0.29835
4.38,13.38,3.9164,34.1184,0.00000,0.29118
4.62,13.38,4.1405,34.2781,0.00000,0.27680
4.88,13.38,4.1393,34.0340,0.00000,0.24774
5.12,13.38,4.0736,33.4342,0.00000,0.21794
5.38,13.38,4.0364,32.9719,0.00000,0.21807
5.62,13.38,3.8643,33.4027,0.00000,0.24543
5.88,13.38,3.8604,35.6691,0.00000,0.27139
6.12,13.38,3.8454,38.0309,0.00000,0.30253
6.38,13.38,3.9649,41.2362,0.00000,0.33869
6.62,13.38,3.9872,45.9548,0.00000,0.36521
6.88,13.38,4.0776,55.4319,0.00000,0.28381
7.12,13.38,4.0694,68.0549,0.00000,0.14130
7.38,13.38,3.7990,76.2564,0.00000,0.05712
2.62,13.62,4.0795,68.2888,0.00000,0.05480
2.88,13.62,4.0952,59.9305,0.00000,0.11767
3.12,13.62,4.0723,48.4352,0.00000,0.21210
3.38,13.62,3.9170,40.0762,0.00000,0.26246
3.62,13.62,3.9090,36.8591,0.00000,0.26657
3.88,13.62,3.7990,35.7288,0.00000,0.26700
4.12,13.62,3.8776,36.0322,0.00000,0.26521
4.38,13.62,3.9079,36.1828,0.00000,0.25702
4.62,13.62,4.1581,36.4740,0.00000,0.24783
4.88,13.62,4.1700,36.4449,0.00000,0.22921
5.12,13.62,4.1011,36.0427,0.00000,0.20387
5.38,13.62,4.0562,35.5246,0.00000,0.20096
5.62,13.62,3.8563,35.8224,0.00000,0.22389
5.88,13.62,3.8593,38.1854,0.00000,0.24896
6.12,13.62,3.8442,40.5451,0.00000,0.27579
6.38,13.62,3.9695,43.6595,0.00000,0.31000
6.62,13.62,3.9841,48.6193,0.00000,0.34023
6.88,13.62,4.0766,58.7784,0.00000,0.27426
7.12,13.62,4.0781,72.0822,0.00000,0.14023
7.38,13.62,3.8838,80.4278,0.00000,0.05612
2.62,13.88,4.0944,71.7915,0.00000,0.05015
2.88,13.88,4.0892,63.5083,0.00000,0.10562
3.12,13.88,4.0721,51.4387,0.00000,0.18926
3.38,13.88,3.9172,42.5608,0.00000,0.23503
3.62,13.88,3.9134,38.9417,0.00000,0.24137
3.88,13.88,3.8026,37.3805,0.00000,0.24241
4.12,13.88,3.8853,37.7507,0.00000,0.23882
4.38,13.88,3.9085,38.2139,0.00000,0.22797
4.62,13.88,4.1765,38.7558,0.00000,0.22053
4.88,13.88,4.1991,38.9972,0.00000,0.20827
5.12,13.88,4.1283,38.7176,0.00000,0.18738
5.38,13.88,4.0783,38.1633,0.00000,0.18370
5.62,13.88,3.8590,38.3367,0.00000,0.20189
5.88,13.88,3.8737,40.5888,0.00000,0.22321
6.12,13.88,3.8493,42.8013,0.00000,0.24389
6.38,13.88,3.9689,45.8576,0.00000,0.27444
6.62,13.88,3.9823,51.1922,0.00000,0.30809
6.88,13.88,4.0918,62.2929,0.00000,0.26062
7.12,13.88,4.1022,76.5538,0.00000,0.13814
7.38,13.88,3.9594,85.0915,0.00000,0.05512
2.62,14.12,4.1089,75.0829,0.00000,0.04467
2.88,14.12,4.0987,67.3187,0.00000,0.09237
3.12,14.12,4.0824,54.7416,0.00000,0.16392
3.38,14.12,3.9189,45.0574,0.00000,0.20492
3.62,14.12,3.9195,41.0341,0.00000,0.21486
3.88,14.12,3.8032,39.2402,0.00000,0.21528
4.12,14.12,3.8934,39.7017,0.00000,0.20946
4.38,14.12,3.9148,40.4636,0.00000,0.20196
4.62,14.12,4.1959,41.2937,0.00000,0.19885
4.88,14.12,4.2242,41.7180,0.00000,0.18775
5.12,14.12,4.1425,41.3172,0.00000,0.16840
5.38,14.12,4.0846,40.5649,0.00000,0.16699
5.62,14.12,3.8548,40.5264,0.00000,0.18226
5.88,14.12,3.8848,42.5985,0.00000,0.19764
6.12,14.12,3.8521,44.8690,0.00000,0.21260
6.38,14.12,3.9691,48.1874,0.00000,0.24021
6.62,14.12,3.9813,54.0079,0.00000,0.27162
6.88,14.12,4.1015,66.0131,0.00000,0.23656
7.12,14.12,4.1105,81.2859,0.00000,0.12884
7.38,14.12,4.0036,90.2821,0.00000,0.05200
2.62,14.38,4.1446,77.4583,0.00000,0.04047
2.88,14.38,4.0980,70.1259,0.00000,0.08275
3.12,14.38,4.0801,57.2866,0.00000,0.14341
3.38,14.38,3.9090,47.1936,0.00000,0.17666
3.62,14.38,3.9167,43.2878,0.00000,0.18816
3.88,14.38,3.7949,41.5854,0.00000,0.18836
4.12,14.38,3.8921,42.0073,0.00000,0.18090
4.38,14.38,3.9181,42.9642,0.00000,0.17751
4.62,14.38,4.2184,44.0924,0.00000,0.18007
4.88,14.38,4.2525,44.5413,0.00000,0.16983
5.12,14.38,4.1507,43.7775,0.00000,0.14978
5.38,14.38,4.0853,42.6659,0.00000,0.14881
5.62,14.38,3.8499,42.3855,0.00000,0.16222
5.88,14.38,3.8849,44.4307,0.00000,0.17402
6.12,14.38,3.8455,46.9795,0.00000,0.18531
6.38,14.38,3.9647,50.7207,0.00000,0.20869
6.62,14.38,3.9729,57.0408,0.00000,0.23274
6.88,14.38,4.0947,69.5911,0.00000,0.20386
7.12,14.38,4.1098,85.6220,0.00000,0.11338
7.38,14.38,4.0715,95.4285,0.00000,0.04753
2.62,14.62,4.2107,80.6130,0.00000,0.03718
2.88,14.62,4.1120,73.2379,0.00000,0.07521
3.12,14.62,4.0856,60.0281,0.00000,0.12777
3.38,14.62,3.8997,49.7387,0.00000,0.15534
3.62,14.62,3.9096,45.9314,0.00000,0.16716
3.88,14.62,3.7866,44.2413,0.00000,0.16701
4.12,14.62,3.8909,44.5726,0.00000,0.15741
4.38,14.62,3.9201,45.7057,0.00000,0.15216
4.62,14.62,4.2415,47.0414,0.00000,0.15590
4.88,14.62,4.2788,47.3042,0.00000,0.14724
5.12,14.62,4.1561,46.0533,0.00000,0.12882
5.38,14.62,4.0916,44.7514,0.00000,0.12918
5.62,14.62,3.8562,44.4958,0.00000,0.14249
5.88,14.62,3.8884,46.6126,0.00000,0.15210
6.12,14.62,3.8412,49.4228,0.00000,0.16166
6.38,14.62,3.9618,53.5674,0.00000,0.18150
6.62,14.62,3.9650,60.3654,0.00000,0.19749
6.88,14.62,4.0908,73.2362,0.00000,0.17020
7.12,14.62,4.1134,89.9025,0.00000,0.09578
7.38,14.62,4.1285,100.5006,0.00000,0.04234
2.62,14.88,4.2489,85.0475,0.00000,0.03412
2.88,14.88,4.1178,77.7190,0.00000,0.06733
3.12,14.88,4.0907,63.9154,0.00000,0.11356
3.38,14.88,3.8950,53.1849,0.00000,0.13834
3.62,14.88,3.9045,49.0553,0.00000,0.14766
3.88,14.88,3.7883,47.2087,0.00000,0.14446
4.12,14.88,3.9071,47.5284,0.00000,0.13434
4.38,14.88,3.9274,48.7306,0.00000,0.12782
4.62,14.88,4.2552,50.0497,0.00000,0.13000
4.88,14.88,4.2916,50.0575,0.00000,0.12132
5.12,14.88,4.1526,48.4118,0.00000,0.10743
5.38,14.88,4.0948,47.0397,0.00000,0.11146
5.62,14.88,3.8623,47.0246,0.00000,0.12436
5.88,14.88,3.8919,49.2765,0.00000,0.13112
6.12,14.88,3.8381,52.2303,0.00000,0.13962
6.38,14.88,3.9630,56.5873,0.00000,0.15726
6.62,14.88,3.9613,63.7254,0.00000,0.16608
6.88,14.88,4.0986,77.0191,0.00000,0.13787
7.12,14.88,4.1344,94.6031,0.00000,0.07786
7.38,14.88,4.1833,106.0288,0.00000,0.03684
2.62,15.12,4.2990,89.5933,0.00000,0.03195
2.88,15.12,4.1219,82.2729,0.00000,0.06055
3.12,15.12,4.0855,67.8252,0.00000,0.09980
3.38,15.12,3.8852,56.8274,0.00000,0.11932
3.62,15.12,3.8984,52.4945,0.00000,0.12467
3.88,15.12,3.7862,50.5602,0.00000,0.11879
4.12,15.12,3.9247,50.8094,0.00000,0.10943
4.38,15.12,3.9461,51.7635,0.00000,0.10380
4.62,15.12,4.2750,52.7865,0.00000,0.10506
4.88,15.12,4.3043,52.6324,0.00000,0.09670
5.12,15.12,4.1553,51.0073,0.00000,0.08769
5.38,15.12,4.1030,49.6630,0.00000,0.09463
5.62,15.12,3.8702,49.8406,0.00000,0.10716
5.88,15.12,3.8996,52.2487,0.00000,0.11287
6.12,15.12,3.8355,55.2705,0.00000,0.11883
6.38,15.12,3.9574,59.4728,0.00000,0.13244
6.62,15.12,3.9405,66.4674,0.00000,0.13649
6.88,15.12,4.0623,79.9268,0.00001,0.10905
7.12,15.12,4.1101,98.2927,0.00003,0.06182
7.38,15.12,4.2713,110.7473,0.00007,0.03198
2.62,15.38,4.3488,93.5280,0.00000,0.02996
2.88,15.38,4.1116,86.1857,0.00000,0.05367
3.12,15.38,4.0690,71.2368,0.00000,0.08539
3.38,15.38,3.8688,60.2260,0.00000,0.09859
3.62,15.38,3.8882,56.1057,0.00000,0.10038
3.88,15.38,3.7774,54.3335,0.00000,0.09408
4.12,15.38,3.9365,54.4179,0.00000,0.08666
4.38,15.38,3.9699,54.9166,0.00000,0.08161
4.62,15.38,4.2981,55.4169,0.00000,0.08124
4.88,15.38,4.3188,55.1565,0.00000,0.07490
5.12,15.38,4.1679,53.8193,0.00000,0.07065
5.38,15.38,4.1199,52.5257,0.00000,0.07834
5.62,15.38,3.8835,52.7389,0.00000,0.09065
5.88,15.38,3.9159,55.1368,0.00000,0.09759
6.12,15.38,3.8381,58.0534,0.00000,0.10114
6.38,15.38,3.9515,62.0516,0.00000,0.10988
6.62,15.38,3.9214,69.0528,0.00002,0.11148
6.88,15.38,4.0280,83.0495,0.00023,0.08708
7.12,15.38,4.0963,102.2754,0.00109,0.04988
7.38,15.38,4.3949,115.6420,0.00242,0.02819
2.62,15.62,4.4158,97.9748,0.00010,0.02793
2.88,15.62,4.1058,90.7243,0.00005,0.04706
3.12,15.62,4.0527,75.0559,0.00001,0.07262
3.38,15.62,3.8506,63.6817,0.00000,0.08187
3.62,15.62,3.8811,60.0172,0.00000,0.08135
3.88,15.62,3.7734,58.6999,0.00000,0.07413
4.12,15.62,3.9385,58.3569,0.00000,0.06674
4.38,15.62,3.9784,58.1817,0.00000,0.06238
4.62,15.62,4.3158,58.0519,0.00000,0.06289
4.88,15.62,4.3346,57.6003,0.00000,0.06026
5.12,15.62,4.1805,56.4092,0.00000,0.05928
5.38,15.62,4.1369,55.1170,0.00000,0.06500
5.62,15.62,3.8907,55.2449,0.00000,0.07427
5.88,15.62,3.9258,57.4704,0.00000,0.08141
6.12,15.62,3.8410,60.3166,0.00000,0.08515
6.38,15.62,3.9454,64.6889,0.00001,0.09050
6.62,15.62,3.9118,72.5319,0.00023,0.08945
6.88,15.62,4.0328,87.7482,0.00281,0.06942
7.12,15.62,4.1152,108.0582,0.01331,0.04077
7.38,15.62,4.4577,121.8501,0.02953,0.02459
2.62,15.88,4.4636,103.6260,0.00337,0.02583
2.88,15.88,4.1065,96.9759,0.00152,0.04146
3.12,15.88,4.0477,80.1245,0.00032,0.06228
3.38,15.88,3.8428,67.6586,0.00003,0.06911
3.62,15.88,3.8809,64.3835,0.00000,0.06756
3.88,15.88,3.7797,63.6034,0.00000,0.05973
4.12,15.88,3.9450,62.4132,0.00000,0.05161
4.38,15.88,3.9770,61.3186,0.00000,0.04700
4.62,15.88,4.3218,60.5970,0.00000,0.04883
4.88,15.88,4.3480,59.8549,0.00000,0.05034
5.12,15.88,4.1891,58.5829,0.00000,0.05185
5.38,15.88,4.1414,57.1142,0.00000,0.05523
5.62,15.88,3.8853,57.0495,0.00000,0.06088
5.88,15.88,3.9292,59.3006,0.00000,0.06682
6.12,15.88,3.8401,62.4498,0.00000,0.07054
6.38,15.88,3.9380,67.8302,0.00003,0.07366
6.62,15.88,3.9147,76.9793,0.00103,0.07140
6.88,15.88,4.0679,93.2391,0.01259,0.05628
7.12,15.88,4.1741,114.8024,0.05965,0.03444
7.38,15.88,4.5370,129.2068,0.13236,0.02186
2.62,16.12,4.5250,109.2253,0.04106,0.02383
2.88,16.12,4.1126,102.7984,0.01850,0.03609
3.12,16.12,4.0374,84.9280,0.00390,0.05221
3.38,16.12,3.8393,71.4501,0.00032,0.05721
3.62,16.12,3.8883,68.3070,0.00001,0.05610
3.88,16.12,3.7842,67.7831,0.00000,0.04868
4.12,16.12,3.9433,65.7357,0.00000,0.04115
4.38,16.12,3.9707,63.9124,0.00000,0.03688
4.62,16.12,4.3281,62.8435,0.00000,0.03870
4.88,16.12,4.3572,61.8992,0.00000,0.04150
5.12,16.12,4.1878,60.6320,0.00000,0.04414
5.38,16.12,4.1386,59.0933,0.00000,0.04660
5.62,16.12,3.8768,58.9038,0.00000,0.05057
5.88,16.12,3.9271,61.3198,0.00000,0.05563
6.12,16.12,3.8462,64.8065,0.00000,0.05876
6.38,16.12,3.9548,71.0111,0.00005,0.06105
6.62,16.12,3.9194,80.9286,0.00170,0.05866
6.88,16.12,4.0526,97.3650,0.02075,0.04682
7.12,16.12,4.1653,119.4351,0.09834,0.02973
7.38,16.12,4.5812,133.9871,0.21822,0.01991
2.62,16.38,4.6482,115.1780,0.18404,0.02221
2.88,16.38,4.1610,108.0612,0.08294,0.03199
3.12,16.38,4.0444,88.7544,0.01750,0.04447
3.38,16.38,3.8309,74.1337,0.00143,0.04742
3.62,16.38,3.8865,70.6978,0.00004,0.04655
3.88,16.38,3.7890,70.1442,0.00000,0.04005
4.12,16.38,3.9550,68.0758,0.00000,0.03416
4.38,16.38,3.9796,66.1865,0.00000,0.03136
4.62,16.38,4.3383,64.8023,0.00000,0.03316
4.88,16.38,4.3685,63.6959,0.00000,0.03481
5.12,16.38,4.1825,62.6125,0.00000,0.03679
5.38,16.38,4.1303,61.3621,0.00000,0.03908
5.62,16.38,3.8696,61.4598,0.00000,0.04230
5.88,16.38,3.9255,64.1548,0.00000,0.04680
6.12,16.38,3.8480,67.5942,0.00000,0.04882
6.38,16.38,3.9663,73.7186,0.00003,0.05021
6.62,16.38,3.9211,83.7914,0.00103,0.04769
6.88,16.38,4.0293,100.5821,0.01259,0.03830
7.12,16.38,4.1127,122.8129,0.05965,0.02539
7.38,16.38,4.5435,136.7970,0.13236,0.01819
2.62,16.62,4.7066,118.1789,0.30452,0.02042
2.88,16.62,4.1689,110.1675,0.13723,0.02766
3.12,16.62,4.0438,90.1913,0.02896,0.03719
3.38,16.62,3.8176,75.3271,0.00237,0.03902
3.62,16.62,3.8791,72.3354,0.00007,0.03857
3.88,16.62,3.7925,72.2611,0.00000,0.03328
4.12,16.62,3.9695,70.6119,0.00000,0.02879
4.38,16.62,4.0056,68.8309,0.00000,0.02721
4.62,16.62,4.3586,66.8165,0.00000,0.02939
4.88,16.62,4.3784,65.2499,0.00000,0.03015
5.12,16.62,4.1666,64.2502,0.00000,0.03109
5.38,16.62,4.1112,63.4581,0.00000,0.03336
5.62,16.62,3.8548,64.2291,0.00000,0.03595
5.88,16.62,3.9179,67.5087,0.00000,0.03938
6.12,16.62,3.8433,71.0050,0.00000,0.03944
6.38,16.62,3.9658,76.7730,0.00001,0.03933
6.62,16.62,3.9179,86.9079,0.00023,0.03688
6.88,16.62,4.0225,104.5799,0.00282,0.03034
7.12,16.62,4.1104,127.5469,0.01337,0.02158
7.38,16.62,4.5988,141.4429,0.02967,0.01694
2.62,16.88,4.6022,117.2401,0.19930,0.01849
2.88,16.88,4.0901,109.2708,0.08981,0.02292
3.12,16.88,4.0149,90.5765,0.01895,0.02925
3.38,16.88,3.8023,76.8836,0.00155,0.03020
3.62,16.88,3.8657,74.6223,0.00005,0.03017
3.88,16.88,3.7879,74.9845,0.00000,0.02668
4.12,16.88,3.9823,73.3824,0.00000,0.02394
4.38,16.88,4.0305,71.3578,0.00000,0.02310
4.62,16.88,4.3659,68.6801,0.00000,0.02540
4.88,16.88,4.3767,66.6649,0.00000,0.02626
5.12,16.88,4.1526,65.7064,0.00000,0.02685
5.38,16.88,4.0983,65.4846,0.00000,0.02862
5.62,16.88,3.8423,66.9480,0.00000,0.02994
5.88,16.88,3.9075,70.6858,0.00000,0.03181
6.12,16.88,3.8402,74.7204,0.00000,0.03081
6.38,16.88,3.9710,81.1126,0.00000,0.03058
6.62,16.88,3.9234,91.8159,0.00006,0.02892
6.88,16.88,4.0059,109.9645,0.00068,0.02478
7.12,16.88,4.0792,133.5234,0.00322,0.01888
7.38,16.88,4.5975,147.2759,0.00715,0.01602
2.62,17.12,4.6270,118.2062,0.12890,0.01751
2.88,17.12,4.0682,110.9671,0.05809,0.01921
3.12,17.12,3.9834,93.5807,0.01226,0.02258
3.38,17.12,3.8078,80.6743,0.00100,0.02287
3.62,17.12,3.8758,77.4816,0.00003,0.02305
3.88,17.12,3.7843,76.7658,0.00000,0.02097
4.12,17.12,3.9851,74.9417,0.00000,0.01977
4.38,17.12,4.0411,72.9215,0.00000,0.01973
4.62,17.12,4.3617,70.0337,0.00000,0.02200
4.88,17.12,4.3683,67.8966,0.00000,0.02281
5.12,17.12,4.1454,67.2196,0.00000,0.02345
5.38,17.12,4.1031,68.0177,0.00000,0.02519
5.62,17.12,3.8468,70.3430,0.00000,0.02538
5.88,17.12,3.9081,73.9338,0.00000,0.02582
6.12,17.12,3.8491,78.0739,0.00000,0.02438
6.38,17.12,3.9967,85.4647,0.00001,0.02435
6.62,17.12,3.9490,97.6247,0.00047,0.02321
6.88,17.12,4.0085,117.3233,0.00578,0.02077
7.12,17.12,4.0809,142.2672,0.02738,0.01692
7.38,17.12,4.5860,155.0782,0.06076,0.01523
2.62,17.38,4.6936,121.6361,0.25937,0.01671
2.88,17.38,4.1088,117.0002,0.11688,0.01671
3.12,17.38,3.9978,100.1792,0.02467,0.01839
3.38,17.38,3.8353,86.6168,0.00202,0.01827
3.62,17.38,3.8922,80.5726,0.00006,0.01822
3.88,17.38,3.7895,77.2963,0.00000,0.01688
4.12,17.38,3.9993,75.1659,0.00000,0.01659
4.38,17.38,4.0525,73.6726,0.00000,0.01692
4.62,17.38,4.3583,71.0801,0.00000,0.01897
4.88,17.38,4.3683,69.2643,0.00000,0.01963
5.12,17.38,4.1441,69.0241,0.00000,0.02036
5.38,17.38,4.1071,70.6307,0.00000,0.02204
5.62,17.38,3.8529,73.7030,0.00000,0.02149
5.88,17.38,3.9112,76.9884,0.00000,0.02134
6.12,17.38,3.8494,80.5715,0.00000,0.01995
6.38,17.38,4.0087,87.5648,0.00007,0.01989
6.62,17.38,3.9757,100.0400,0.00245,0.01906
6.88,17.38,4.0449,121.7782,0.02992,0.01778
7.12,17.38,4.1357,148.6188,0.14178,0.01536
7.38,17.38,4.6332,160.5157,0.31462,0.01459
2.62,17.62,4.7634,124.0083,0.47061,0.01610
2.88,17.62,4.1736,120.8142,0.21208,0.01508
3.12,17.62,4.0272,103.5916,0.04475,0.01571
3.38,17.62,3.8401,89.2053,0.00366,0.01532
3.62,17.62,3.8960,81.8576,0.00011,0.01503
3.88,17.62,3.7945,77.5864,0.00000,0.01394
4.12,17.62,4.0076,75.3816,0.00000,0.01406
4.38,17.62,4.0644,74.1933,0.00000,0.01463
4.62,17.62,4.3697,71.9325,0.00000,0.01654
4.88,17.62,4.3838,70.6433,0.00000,0.01716
5.12,17.62,4.1543,70.7510,0.00000,0.01771
5.38,17.62,4.1169,72.4002,0.00000,0.01887
5.62,17.62,3.8610,75.4577,0.00000,0.01795
5.88,17.62,3.9098,78.7239,0.00000,0.01785
6.12,17.62,3.8429,82.2034,0.00000,0.01694
6.38,17.62,4.0007,88.5019,0.00018,0.01711
6.62,17.62,3.9734,100.0276,0.00600,0.01663
6.88,17.62,4.0754,121.9726,0.07324,0.01604
7.12,17.62,4.2760,149.3148,0.34694,0.01458
7.38,17.62,4.9449,161.1703,0.76985,0.01473
2.62,17.88,4.7751,118.8706,0.66257,0.01584
2.88,17.88,4.1486,114.3715,0.29858,0.01401
3.12,17.88,4.0133,98.8876,0.06301,0.01388
3.38,17.88,3.8232,86.8401,0.00515,0.01331
3.62,17.88,3.8888,81.3814,0.00016,0.01296
3.88,17.88,3.7987,78.4758,0.00000,0.01197
4.12,17.88,4.0077,76.4445,0.00000,0.01218
4.38,17.88,4.0652,75.0045,0.00000,0.01296
4.62,17.88,4.3654,72.6734,0.00000,0.01475
4.88,17.88,4.3839,71.6545,0.00000,0.01521
5.12,17.88,4.1717,72.0747,0.00000,0.01541
5.38,17.88,4.1378,73.9463,0.00000,0.01608
5.62,17.88,3.8843,77.0940,0.00000,0.01524
5.88,17.88,3.9246,80.4923,0.00000,0.01536
6.12,17.88,3.8542,84.2777,0.00001,0.01501
6.38,17.88,3.9874,90.6398,0.00042,0.01553
6.62,17.88,3.9499,101.5597,0.00976,0.01543
6.88,17.88,4.0838,122.3721,0.11275,0.01539
7.12,17.88,4.4084,148.6047,0.53002,0.01448
7.38,17.88,5.3013,159.8356,1.17485,0.01522
2.62,18.12,4.8490,113.1840,0.90082,0.01577
2.88,18.12,4.1374,108.2438,0.40595,0.01347
3.12,18.12,3.9878,94.8235,0.08567,0.01276
3.38,18.12,3.8067,84.9350,0.00700,0.01187
3.62,18.12,3.8875,81.2203,0.00021,0.01154
3.88,18.12,3.8076,79.6301,0.00000,0.01082
4.12,18.12,4.0071,77.8694,0.00000,0.01111
4.38,18.12,4.0605,76.1545,0.00000,0.01184
4.62,18.12,4.3470,73.4236,0.00000,0.01324
4.88,18.12,4.3663,72.3986,0.00000,0.01348
5.12,18.12,4.1785,73.3489,0.00000,0.01349
5.38,18.12,4.1527,76.1646,0.00000,0.01395
5.62,18.12,3.9166,80.2482,0.00000,0.01350
5.88,18.12,3.9547,84.1605,0.00001,0.01394
6.12,18.12,3.8809,88.4302,0.00015,0.01401
6.38,18.12,3.9865,94.7906,0.00204,0.01486
6.62,18.12,3.9420,104.9928,0.01816,0.01505
6.88,18.12,4.0641,123.4534,0.14068,0.01516
7.12,18.12,4.3350,146.9239,0.61411,0.01406
7.38,18.12,5.1996,156.7330,1.34679,0.01463
2.62,18.38,5.0072,111.5121,1.07369,0.01592
2.88,18.38,4.1816,106.6259,0.48385,0.01327
3.12,18.38,3.9791,94.4954,0.10211,0.01228
3.38,18.38,3.7933,85.4407,0.00834,0.01112
3.62,18.38,3.8736,81.7406,0.00025,0.01069
3.88,18.38,3.8077,80.1846,0.00000,0.01020
4.12,18.38,4.0158,78.6223,0.00000,0.01060
4.38,18.38,4.0643,76.9419,0.00000,0.01117
4.62,18.38,4.3296,74.1710,0.00000,0.01218
4.88,18.38,4.3470,73.1406,0.00000,0.01225
5.12,18.38,4.1689,74.4816,0.00000,0.01215
5.38,18.38,4.1496,78.5421,0.00002,0.01260
5.62,18.38,3.9376,84.0144,0.00009,0.01261
5.88,18.38,3.9779,88.9318,0.00020,0.01335
6.12,18.38,3.8944,94.1866,0.00088,0.01365
6.38,18.38,3.9805,100.5909,0.00831,0.01468
6.62,18.38,3.9580,109.7899,0.04571,0.01485
6.88,18.38,4.0829,124.5017,0.19038,0.01462
7.12,18.38,4.2655,143.4688,0.66368,0.01324
7.38,18.38,5.0415,151.2150,1.39881,0.01367
2.62,18.62,4.8973,113.0139,0.77563,0.01555
2.88,18.62,4.1298,108.0052,0.34953,0.01296
3.12,18.62,3.9569,96.3078,0.07376,0.01210
3.38,18.62,3.7797,87.2868,0.00603,0.01103
3.62,18.62,3.8605,82.7272,0.00018,0.01057
3.88,18.62,3.8032,80.3455,0.00000,0.00999
4.12,18.62,4.0214,78.5746,0.00000,0.01027
4.38,18.62,4.0688,77.0542,0.00000,0.01056
4.62,18.62,4.3161,74.9589,0.00000,0.01127
4.88,18.62,4.3356,74.2319,0.00000,0.01141
5.12,18.62,4.1551,75.5615,0.00002,0.01146
5.38,18.62,4.1344,80.3329,0.00029,0.01200
5.62,18.62,3.9512,86.9122,0.00131,0.01226
5.88,18.62,3.9997,92.9144,0.00259,0.01321
6.12,18.62,3.9078,98.8994,0.00435,0.01365
6.38,18.62,3.9858,104.9719,0.01684,0.01483
6.62,18.62,3.9670,113.1910,0.07432,0.01498
6.88,18.62,4.1109,125.4725,0.27213,0.01446
7.12,18.62,4.3778,141.3145,0.88152,0.01278
7.38,18.62,5.3798,147.3945,1.82354,0.01310
2.62,18.88,4.7452,115.7751,0.35006,0.01533
2.88,18.88,4.0767,110.1071,0.15775,0.01307
3.12,18.88,3.9496,98.3698,0.03329,0.01239
3.38,18.88,3.7714,89.3762,0.00272,0.01130
3.62,18.88,3.8451,84.0624,0.00008,0.01072
3.88,18.88,3.7980,80.7885,0.00000,0.01005
4.12,18.88,4.0364,78.4047,0.00000,0.01028
4.38,18.88,4.0848,76.8412,0.00000,0.01034
4.62,18.88,4.3038,75.6042,0.00000,0.01082
4.88,18.88,4.3184,75.3950,0.00000,0.01104
5.12,18.88,4.1351,76.6614,0.00014,0.01123
5.38,18.88,4.1149,81.4631,0.00175,0.01180
5.62,18.88,3.9582,88.4300,0.00804,0.01232
5.88,18.88,4.0139,95.1323,0.01543,0.01353
6.12,18.88,3.9145,101.2678,0.01962,0.01394
6.38,18.88,3.9892,106.4843,0.02848,0.01493
6.62,18.88,3.9550,113.8039,0.06405,0.01500
6.88,18.88,4.1194,125.9477,0.26429,0.01473
7.12,18.88,4.4686,141.6409,0.97309,0.01308
7.38,18.88,5.6267,148.5207,2.06096,0.01307
2.62,19.12,4.8983,119.7723,0.36757,0.01601
2.88,19.12,4.1586,112.5249,0.16566,0.01355
3.12,19.12,3.9750,99.2570,0.03498,0.01268
3.38,19.12,3.7641,89.5846,0.00287,0.01148
3.62,19.12,3.8338,84.2775,0.00009,0.01088
3.88,19.12,3.7924,81.0647,0.00000,0.01023
4.12,19.12,4.0471,78.3931,0.00000,0.01045
4.38,19.12,4.1022,76.6698,0.00000,0.01039
4.62,19.12,4.2881,76.0458,0.00000,0.01078
4.88,19.12,4.2929,76.4899,0.00001,0.01105
5.12,19.12,4.1153,77.8243,0.00042,0.01132
5.38,19.12,4.0997,81.8715,0.00511,0.01200
5.62,19.12,3.9557,88.1866,0.02344,0.01261
5.88,19.12,4.0199,95.3227,0.04467,0.01396
6.12,19.12,3.9226,102.1173,0.05355,0.01429
6.38,19.12,4.0125,107.9300,0.05713,0.01505
6.62,19.12,3.9572,115.6075,0.05240,0.01507
6.88,19.12,4.0918,127.1132,0.18173,0.01530
7.12,19.12,4.3835,141.7393,0.75704,0.01421
7.38,19.12,5.3963,149.7168,1.64617,0.01382
2.62,19.38,4.9327,119.9827,0.66823,0.01630
2.88,19.38,4.1497,111.3402,0.30168,0.01354
3.12,19.38,3.9762,97.6974,0.06454,0.01270
3.38,19.38,3.7635,88.3135,0.00583,0.01162
3.62,19.38,3.8327,83.6593,0.00033,0.01113
3.88,19.38,3.7969,81.0893,0.00003,0.01047
4.12,19.38,4.0620,78.6412,0.00000,0.01061
4.38,19.38,4.1209,76.9102,0.00000,0.01049
4.62,19.38,4.2746,76.5897,0.00000,0.01095
4.88,19.38,4.2748,77.4661,0.00002,0.01133
5.12,19.38,4.1129,78.7602,0.00066,0.01169
5.38,19.38,4.1004,81.5209,0.00807,0.01246
5.62,19.38,3.9448,86.4810,0.03757,0.01276
5.88,19.38,4.0038,93.9968,0.07428,0.01376
6.12,19.38,3.9225,101.9949,0.09213,0.01424
6.38,19.38,4.0413,108.9514,0.09370,0.01529
6.62,19.38,3.9774,116.7820,0.06293,0.01541
6.88,19.38,4.0915,126.5369,0.15221,0.01589
7.12,19.38,4.3483,139.2429,0.66057,0.01517
7.38,19.38,5.2626,147.6068,1.45863,0.01464
2.62,19.62,4.9847,115.8917,0.90424,0.01667
2.88,19.62,4.1322,106.9430,0.41429,0.01357
3.12,19.62,3.9494,95.4837,0.09848,0.01272
3.38,19.62,3.7605,88.5345,0.01569,0.01183
3.62,19.62,3.8533,84.7377,0.00314,0.01146
3.88,19.62,3.8261,82.2151,0.00069,0.01071
4.12,19.62,4.0931,79.8254,0.00011,0.01076
4.38,19.62,4.1426,78.0633,0.00001,0.01072
4.62,19.62,4.2593,77.4700,0.00000,0.01127
4.88,19.62,4.2627,78.1823,0.00003,0.01178
5.12,19.62,4.1224,79.3783,0.00093,0.01215
5.38,19.62,4.1115,81.4916,0.01164,0.01281
5.62,19.62,3.9418,85.3660,0.05597,0.01293
5.88,19.62,3.9979,91.9160,0.11617,0.01375
6.12,19.62,3.9362,99.8463,0.14074,0.01440
6.38,19.62,4.0513,107.7003,0.12566,0.01557
6.62,19.62,3.9732,115.3985,0.07613,0.01554
6.88,19.62,4.0928,123.4210,0.16810,0.01576
7.12,19.62,4.3552,134.0705,0.72410,0.01465
7.38,19.62,5.2829,141.4401,1.60068,0.01436
2.62,19.88,5.1350,108.9228,1.17751,0.01740
2.88,19.88,4.1900,101.6735,0.56231,0.01422
3.12,19.88,3.9649,93.0756,0.17349,0.01348
3.38,19.88,3.7843,88.4801,0.05904,0.01247
3.62,19.88,3.8857,85.7052,0.02348,0.01181
3.88,19.88,3.8514,83.2456,0.00741,0.01092
4.12,19.88,4.1063,81.1227,0.00130,0.01105
4.38,19.88,4.1503,79.5190,0.00011,0.01116
4.62,19.88,4.2395,78.4490,0.00005,0.01175
4.88,19.88,4.2435,78.8024,0.00012,0.01234
5.12,19.88,4.1226,80.0285,0.00162,0.01273
5.38,19.88,4.1263,82.5223,0.01968,0.01322
5.62,19.88,3.9830,86.1873,0.09401,0.01355
5.88,19.88,4.0578,91.2206,0.18926,0.01468
6.12,19.88,3.9919,98.5796,0.20811,0.01523
6.38,19.88,4.0678,107.2457,0.16814,0.01609
6.62,19.88,3.9652,114.9466,0.11074,0.01589
6.88,19.88,4.0781,121.8673,0.21719,0.01589
7.12,19.88,4.3453,130.2545,0.81439,0.01439
7.38,19.88,5.3305,134.3368,1.76107,0.01450
2.62,20.12,5.0920,103.8546,1.23809,0.01754
2.88,20.12,4.1762,97.2879,0.61721,0.01449
3.12,20.12,3.9712,88.6940,0.24580,0.01390
3.38,20.12,3.8155,84.1814,0.14227,0.01293
3.62,20.12,3.9178,83.3152,0.08393,0.01214
3.88,20.12,3.8676,82.3954,0.03155,0.01130
4.12,20.12,4.0902,81.1857,0.00582,0.01159
4.38,20.12,4.1364,80.2734,0.00076,0.01182
4.62,20.12,4.2290,79.5220,0.00144,0.01248
4.88,20.12,4.2367,80.2438,0.00242,0.01309
5.12,20.12,4.1177,81.7709,0.00342,0.01335
5.38,20.12,4.1251,84.7890,0.02482,0.01371
5.62,20.12,4.0258,88.8455,0.11403,0.01434
5.88,20.12,4.1177,93.8781,0.21642,0.01572
6.12,20.12,4.0327,101.9855,0.22363,0.01593
6.38,20.12,4.0781,110.4430,0.20327,0.01637
6.62,20.12,3.9938,116.5699,0.21060,0.01604
6.88,20.12,4.1414,121.8244,0.37107,0.01591
7.12,20.12,4.4173,129.2407,0.96096,0.01457
7.38,20.12,5.4057,131.6066,1.90871,0.01522
2.62,20.38,4.8858,103.7533,1.09734,0.01708
2.88,20.38,4.1321,96.6798,0.56382,0.01419
3.12,20.38,3.9698,86.3334,0.24973,0.01350
3.38,20.38,3.8269,80.2302,0.18234,0.01284
3.62,20.38,3.9411,80.0766,0.12771,0.01254
3.88,20.38,3.8854,80.6254,0.05115,0.01187
4.12,20.38,4.0687,80.7312,0.00985,0.01219
4.38,20.38,4.1154,80.9457,0.00461,0.01260
4.62,20.38,4.2262,80.9992,0.01744,0.01347
4.88,20.38,4.2498,82.7817,0.02877,0.01404
5.12,20.38,4.1266,85.0197,0.01902,0.01401
5.38,20.38,4.1157,87.9787,0.02352,0.01432
5.62,20.38,4.0209,92.1758,0.09089,0.01485
5.88,20.38,4.0898,98.1424,0.16747,0.01590
6.12,20.38,4.0004,107.4529,0.16949,0.01597
6.38,20.38,4.0629,114.6215,0.20060,0.01640
6.62,20.38,4.0799,117.8063,0.33666,0.01607
6.88,20.38,4.2882,120.6658,0.58028,0.01560
7.12,20.38,4.4931,127.4297,1.13194,0.01407
7.38,20.38,5.3189,130.2765,2.01937,0.01471
2.62,20.62,4.7732,103.1918,1.12800,0.01688
2.88,20.62,4.2045,96.7664,0.64744,0.01447
3.12,20.62,4.0350,86.8424,0.29807,0.01375
3.38,20.62,3.8062,80.4281,0.15680,0.01312
3.62,20.62,3.9052,78.9089,0.08523,0.01330
3.88,20.62,3.8714,79.3671,0.03163,0.01274
4.12,20.62,4.0517,80.8783,0.00722,0.01297
4.38,20.62,4.1054,82.3217,0.01786,0.01349
4.62,20.62,4.2393,82.7951,0.07808,0.01473
4.88,20.62,4.3016,85.4826,0.12873,0.01555
5.12,20.62,4.1611,88.4025,0.07879,0.01505
5.38,20.62,4.0992,90.7558,0.02672,0.01494
5.62,20.62,3.9856,94.4324,0.05000,0.01509
5.88,20.62,4.0445,100.0719,0.11689,0.01580
6.12,20.62,4.0076,108.7444,0.17398,0.01632
6.38,20.62,4.1090,114.6666,0.26340,0.01709
6.62,20.62,4.1451,115.7459,0.43554,0.01635
6.88,20.62,4.3306,117.3912,0.70084,0.01502
7.12,20.62,4.6008,123.7176,1.41977,0.01307
7.38,20.62,5.5466,127.3781,2.57274,0.01353
2.62,20.88,4.7933,101.0346,1.29293,0.01728
2.88,20.88,4.3379,96.3293,0.82597,0.01543
3.12,20.88,4.1672,88.2145,0.42715,0.01501
3.38,20.88,3.8408,83.0251,0.17002,0.01428
3.62,20.88,3.8864,80.0497,0.04456,0.01461
3.88,20.88,3.8598,79.4316,0.00910,0.01404
4.12,20.88,4.0505,81.2087,0.00371,0.01403
4.38,20.88,4.1043,82.7127,0.02882,0.01432
4.62,20.88,4.2468,82.9026,0.12871,0.01569
4.88,20.88,4.3317,85.7052,0.21221,0.01680
5.12,20.88,4.1775,88.9793,0.12891,0.01610
5.38,20.88,4.0830,91.2908,0.03245,0.01572
5.62,20.88,3.9618,94.6152,0.03619,0.01574
5.88,20.88,4.0498,98.7753,0.14597,0.01657
6.12,20.88,4.0977,105.6601,0.31450,0.01765
6.38,20.88,4.1867,111.9985,0.43006,0.01858
6.62,20.88,4.1497,113.7937,0.51415,0.01715
6.88,20.88,4.3033,114.8976,0.74338,0.01498
7.12,20.88,4.6861,120.6617,1.59998,0.01248
7.38,20.88,5.8392,126.4688,2.95496,0.01253
2.62,21.12,4.9398,101.4909,1.50035,0.01839
2.88,21.12,4.4050,98.0484,0.91326,0.01640
3.12,21.12,4.2217,90.4714,0.48129,0.01609
3.38,21.12,3.8781,86.0352,0.19641,0.01515
3.62,21.12,3.8889,82.6805,0.04044,0.01537
3.88,21.12,3.8531,81.0052,0.00372,0.01508
4.12,21.12,4.0470,81.7005,0.00163,0.01496
4.38,21.12,4.0945,82.0192,0.01743,0.01478
4.62,21.12,4.2175,81.4834,0.07807,0.01566
4.88,21.12,4.2632,83.6404,0.12871,0.01648
5.12,21.12,4.1127,87.0185,0.07816,0.01625
5.38,21.12,4.0590,90.2109,0.02035,0.01656
5.62,21.12,3.9571,94.1138,0.03896,0.01689
5.88,21.12,4.0601,97.8065,0.20225,0.01787
6.12,21.12,4.1675,103.4293,0.50278,0.01927
6.38,21.12,4.2658,109.3480,0.65357,0.02056
6.62,21.12,4.1740,112.4108,0.59353,0.01898
6.88,21.12,4.3131,112.8657,0.73766,0.01609
7.12,21.12,4.6059,117.2399,1.38924,0.01273
7.38,21.12,5.4515,125.4376,2.32350,0.01206
2.62,21.38,4.9476,103.8205,1.51827,0.01925
2.88,21.38,4.3480,100.0775,0.86173,0.01696
3.12,21.38,4.1648,92.0430,0.42026,0.01656
3.38,21.38,3.8621,87.4050,0.16980,0.01546
3.62,21.38,3.8901,84.3380,0.03468,0.01559
3.88,21.38,3.8432,82.3503,0.00281,0.01576
4.12,21.38,4.0247,82.2876,0.00041,0.01574
4.38,21.38,4.0725,81.7474,0.00389,0.01520
4.62,21.38,4.2048,80.6735,0.01742,0.01554
4.88,21.38,4.2073,82.0588,0.02872,0.01588
5.12,21.38,4.0404,85.0843,0.01751,0.01598
5.38,21.38,4.0373,88.6162,0.00728,0.01697
5.62,21.38,3.9624,92.8467,0.04720,0.01774
5.88,21.38,4.0973,96.7898,0.27743,0.01901
6.12,21.38,4.2907,100.6284,0.76349,0.02081
6.38,21.38,4.4704,103.6218,1.00722,0.02289
6.62,21.38,4.2933,106.8997,0.74019,0.02195
6.88,21.38,4.3337,109.5637,0.69378,0.01870
7.12,21.38,4.5698,116.1411,1.15983,0.01410
7.38,21.38,5.1900,126.0778,1.80785,0.01246
2.62,21.62,4.7642,106.6431,1.23070,0.01925
2.88,21.62,4.2882,101.4570,0.72675,0.01721
3.12,21.62,4.1157,92.7662,0.31615,0.01664
3.38,21.62,3.8223,87.2660,0.10066,0.01552
3.62,21.62,3.8730,84.2735,0.01781,0.01582
3.88,21.62,3.8297,82.5387,0.00135,0.01645
4.12,21.62,3.9992,82.1893,0.00007,0.01671
4.38,21.62,4.0425,81.2766,0.00032,0.01590
4.62,21.62,4.1913,80.3808,0.00143,0.01591
4.88,21.62,4.1861,81.4669,0.00236,0.01601
5.12,21.62,4.0133,83.8419,0.00159,0.01616
5.38,21.62,4.0276,87.1880,0.00602,0.01724
5.62,21.62,3.9887,91.0818,0.07738,0.01826
5.88,21.62,4.2260,93.2176,0.44257,0.01998
6.12,21.62,4.5431,92.6862,1.16474,0.02199
6.38,21.62,4.7227,92.8766,1.46474,0.02436
6.62,21.62,4.4085,97.7255,0.95181,0.02460
6.88,21.62,4.3407,105.8480,0.63978,0.02244
7.12,21.62,4.4601,116.4686,0.99447,0.01654
7.38,21.62,5.0329,126.3598,1.67028,0.01323
2.62,21.88,4.6533,108.7094,1.05825,0.01839
2.88,21.88,4.3594,103.0543,0.71897,0.01721
3.12,21.88,4.1678,93.2156,0.30353,0.01697
3.38,21.88,3.8214,85.6525,0.06635,0.01602
3.62,21.88,3.8627,82.2671,0.00716,0.01642
3.88,21.88,3.8202,81.2338,0.00039,0.01714
4.12,21.88,3.9722,81.0152,0.00001,0.01755
4.38,21.88,4.0083,79.9723,0.00001,0.01678
4.62,21.88,4.1611,79.3677,0.00004,0.01668
4.88,21.88,4.1673,80.5077,0.00007,0.01674
5.12,21.88,4.0151,82.6729,0.00029,0.01700
5.38,21.88,4.0282,85.9889,0.00845,0.01795
5.62,21.88,4.0164,89.4707,0.11153,0.01876
5.88,21.88,4.3590,89.5777,0.60811,0.02020
6.12,21.88,4.7749,85.2914,1.50471,0.02172
6.38,21.88,4.8990,83.5551,1.82483,0.02396
6.62,21.88,4.4931,89.7870,1.16109,0.02589
6.88,21.88,4.3567,101.5190,0.62147,0.02608
7.12,21.88,4.3852,113.4065,0.90031,0.01941
7.38,21.88,4.9704,122.8773,1.67592,0.01425
2.62,22.12,4.4900,109.7355,0.89602,0.01687
2.88,22.12,4.3007,104.1649,0.63376,0.01634
3.12,22.12,4.1378,92.8550,0.26672,0.01675
3.38,22.12,3.8145,83.3445,0.05202,0.01668
3.62,22.12,3.8623,79.5264,0.00438,0.01735
3.88,22.12,3.8183,79.1475,0.00046,0.01768
4.12,22.12,3.9556,79.3442,0.00020,0.01820
4.38,22.12,3.9805,78.3526,0.00006,0.01790
4.62,22.12,4.1311,77.7332,0.00001,0.01793
4.88,22.12,4.1451,78.9793,0.00000,0.01781
5.12,22.12,4.0182,81.2646,0.00026,0.01809
5.38,22.12,4.0303,84.6790,0.00853,0.01892
5.62,22.12,4.0015,87.9470,0.11032,0.01942
5.88,22.12,4.3348,88.1283,0.60000,0.02046
6.12,22.12,4.7518,83.6182,1.51019,0.02130
6.38,22.12,4.9367,80.4159,1.93367,0.02384
6.62,22.12,4.6055,85.0407,1.36782,0.02780
6.88,22.12,4.4264,95.6190,0.76334,0.02972
7.12,22.12,4.4765,107.2127,1.01745,0.02244
7.38,22.12,5.2010,118.5359,1.90408,0.01593
2.62,22.38,4.3792,108.3017,0.80644,0.01636
2.88,22.38,4.1050,102.6695,0.47023,0.01567
3.12,22.38,3.9887,90.8133,0.16166,0.01637
3.38,22.38,3.7832,81.1987,0.02830,0.01721
3.62,22.38,3.8687,77.5272,0.00458,0.01826
3.88,22.38,3.8212,77.5773,0.00405,0.01831
4.12,22.38,3.9441,78.1266,0.00265,0.01918
4.38,22.38,3.9577,77.0387,0.00096,0.01953
4.62,22.38,4.0979,76.0659,0.00030,0.01951
4.88,22.38,4.1062,77.2001,0.00007,0.01902
5.12,22.38,4.0122,79.7518,0.00044,0.01927
5.38,22.38,4.0291,83.4045,0.00812,0.01995
5.62,22.38,3.9729,86.7630,0.07719,0.02031
5.88,22.38,4.1740,88.8931,0.40009,0.02122
6.12,22.38,4.4298,86.5332,1.12461,0.02128
6.38,22.38,4.7127,82.3529,1.64468,0.02403
6.62,22.38,4.5466,84.1997,1.28927,0.02922
6.88,22.38,4.3663,91.5355,0.78362,0.03126
7.12,22.38,4.3596,102.3209,0.98337,0.02362
7.38,22.38,5.0206,115.3710,1.76036,0.01685
2.62,22.62,4.6384,105.2462,1.09897,0.01809
2.88,22.62,4.1486,99.1361,0.52941,0.01670
3.12,22.62,3.9721,87.8105,0.14534,0.01689
3.38,22.62,3.7790,79.8046,0.03103,0.01737
3.62,22.62,3.8695,77.2006,0.01575,0.01837
3.88,22.62,3.8337,77.7844,0.01942,0.01871
4.12,22.62,3.9534,78.1897,0.01495,0.02032
4.38,22.62,3.9481,76.6029,0.00818,0.02117
4.62,22.62,4.0688,75.0526,0.00343,0.02093
4.88,22.62,4.0718,75.9839,0.00075,0.02028
5.12,22.62,4.0038,78.6986,0.00154,0.02073
5.38,22.62,4.0277,82.5249,0.01896,0.02132
5.62,22.62,4.0092,86.2515,0.10292,0.02157
5.88,22.62,4.1414,89.5113,0.34292,0.02221
6.12,22.62,4.2860,88.9462,0.92323,0.02136
6.38,22.62,4.5825,85.8553,1.42364,0.02378
6.62,22.62,4.4049,88.2014,1.05322,0.02979
6.88,22.62,4.2524,94.4029,0.57363,0.03228
7.12,22.62,4.2960,104.8008,0.70864,0.02405
7.38,22.62,4.7850,117.3256,1.26405,0.01687
2.62,22.88,4.7194,102.6152,1.30735,0.01923
2.88,22.88,4.2322,96.7644,0.65245,0.01830
3.12,22.88,4.0800,86.5037,0.24385,0.01862
3.38,22.88,3.8396,80.0680,0.10189,0.01822
3.62,22.88,3.8816,78.3267,0.04894,0.01873
3.88,22.88,3.8318,79.0026,0.04630,0.01915
4.12,22.88,3.9622,78.5812,0.04811,0.02083
4.38,22.88,3.9431,76.3189,0.03660,0.02158
4.62,22.88,4.0490,74.4619,0.01627,0.02177
4.88,22.88,4.0502,75.4874,0.00333,0.02167
5.12,22.88,3.9939,78.1371,0.00298,0.02245
5.38,22.88,4.0305,82.3805,0.03374,0.02300
5.62,22.88,4.0727,86.8318,0.16530,0.02291
5.88,22.88,4.1978,89.4311,0.44133,0.02300
6.12,22.88,4.2699,88.2361,1.02560,0.02116
6.38,22.88,4.4896,84.9323,1.52316,0.02267
6.62,22.88,4.2302,88.1685,1.06021,0.02909
6.88,22.88,4.1652,95.0861,0.52777,0.03307
7.12,22.88,4.3455,107.1070,0.60449,0.02478
7.38,22.88,4.7349,119.8137,1.04156,0.01689
2.62,23.12,4.6866,100.2309,1.36417,0.01953
2.88,23.12,4.2309,94.0529,0.72575,0.01906
3.12,23.12,4.1382,83.5681,0.36561,0.01986
3.38,23.12,3.9142,77.2050,0.22567,0.01931
3.62,23.12,3.9177,76.8655,0.11139,0.01965
3.88,23.12,3.8214,78.2090,0.09149,0.01978
4.12,23.12,3.9704,77.3764,0.12115,0.02114
4.38,23.12,3.9500,75.0916,0.09224,0.02165
4.62,23.12,4.0398,73.4307,0.03452,0.02246
4.88,23.12,4.0352,74.8455,0.00611,0.02309
5.12,23.12,3.9951,77.6016,0.00391,0.02414
5.38,23.12,4.0228,82.2178,0.04273,0.02446
5.62,23.12,4.0701,86.6536,0.20608,0.02388
5.88,23.12,4.2126,87.8594,0.51825,0.02359
6.12,23.12,4.2740,84.7133,1.12171,0.02112
6.38,23.12,4.4611,79.5267,1.63338,0.02188
6.62,23.12,4.1797,81.4682,1.14801,0.02846
6.88,23.12,4.1398,86.7386,0.63259,0.03400
7.12,23.12,4.2943,98.2322,0.86754,0.02616
7.38,23.12,4.7307,112.2041,1.56941,0.01740
2.62,23.38,4.9030,102.0965,1.36855,0.02053
2.88,23.38,4.2696,94.6678,0.70037,0.01931
3.12,23.38,4.0838,81.9051,0.34296,0.01977
3.38,23.38,3.9090,73.4557,0.25477,0.01975
3.62,23.38,3.9429,73.6617,0.15326,0.02065
3.88,23.38,3.8521,75.3354,0.16088,0.02115
4.12,23.38,4.0208,74.6839,0.23042,0.02274
4.38,23.38,3.9742,73.2529,0.15196,0.02297
4.62,23.38,4.0332,72.0515,0.04248,0.02374
4.88,23.38,4.0186,73.5280,0.00559,0.02430
5.12,23.38,3.9901,76.2562,0.00596,0.02515
5.38,23.38,4.0374,80.6368,0.06871,0.02547
5.62,23.38,4.1619,84.0688,0.32264,0.02530
5.88,23.38,4.3590,84.2520,0.71488,0.02523
6.12,23.38,4.4006,80.5527,1.25835,0.02235
6.38,23.38,4.5500,75.6682,1.67388,0.02217
6.62,23.38,4.2238,77.6235,1.10543,0.02789
6.88,23.38,4.1991,81.5529,0.59470,0.03412
7.12,23.38,4.3576,90.7220,1.05250,0.02713
7.38,23.38,4.9212,104.1605,2.08186,0.01807
2.62,23.62,4.7868,106.5763,0.99240,0.02040
2.88,23.62,4.1703,98.6104,0.48859,0.01931
3.12,23.62,3.9741,84.4157,0.20694,0.02007
3.38,23.62,3.8220,74.0661,0.14770,0.02077
3.62,23.62,3.8985,72.6528,0.11578,0.02226
3.88,23.62,3.8780,72.8327,0.20849,0.02325
4.12,23.62,4.0740,72.0087,0.31932,0.02520
4.38,23.62,4.0000,71.4141,0.19555,0.02531
4.62,23.62,4.0268,71.0284,0.04553,0.02570
4.88,23.62,4.0105,72.8438,0.00470,0.02570
5.12,23.62,3.9860,75.2514,0.00880,0.02598
5.38,23.62,4.0580,78.7651,0.09053,0.02603
5.62,23.62,4.2548,80.7928,0.41011,0.02620
5.88,23.62,4.4744,80.3942,0.84007,0.02640
6.12,23.62,4.4625,78.0680,1.25375,0.02387
6.38,23.62,4.5282,74.8025,1.53174,0.02308
6.62,23.62,4.1949,76.5153,1.00624,0.02662
6.88,23.62,4.2376,80.4144,0.57884,0.03122
7.12,23.62,4.3699,88.2508,1.01231,0.02483
7.38,23.62,4.7932,100.2010,1.96091,0.01701
2.62,23.88,4.5304,108.5101,0.78842,0.02010
2.88,23.88,4.0927,99.7981,0.42209,0.02035
3.12,23.88,3.9917,85.3239,0.20238,0.02235
3.38,23.88,3.8167,74.6503,0.10625,0.02312
3.62,23.88,3.8634,71.7075,0.08818,0.02406
3.88,23.88,3.8487,70.2949,0.21542,0.02453
4.12,23.88,4.0283,69.2623,0.31827,0.02649
4.38,23.88,3.9722,69.1806,0.18645,0.02737
4.62,23.88,4.0119,69.9588,0.04153,0.02790
4.88,23.88,4.0137,72.8970,0.00752,0.02731
5.12,23.88,3.9957,75.6569,0.02381,0.02685
5.38,23.88,4.0413,79.0275,0.10048,0.02634
5.62,23.88,4.1645,81.1073,0.34456,0.02622
5.88,23.88,4.3380,80.7860,0.68900,0.02623
6.12,23.88,4.3891,78.8321,1.06331,0.02447
6.38,23.88,4.5016,76.5423,1.33939,0.02381
6.62,23.88,4.2957,77.8369,1.02020,0.02590
6.88,23.88,4.4688,81.3225,0.79250,0.02856
7.12,23.88,4.5948,89.9231,1.11862,0.02262
7.38,23.88,4.7892,102.1579,1.86028,0.01603
2.62,24.12,4.5583,107.9000,1.00652,0.02113
2.88,24.12,4.1652,98.2076,0.56927,0.02218
3.12,24.12,4.0417,82.3910,0.30266,0.02467
3.38,24.12,3.8097,71.4523,0.15450,0.02515
3.62,24.12,3.8582,68.6649,0.13143,0.02595
3.88,24.12,3.8290,67.1145,0.23848,0.02597
4.12,24.12,3.9429,66.5242,0.25491,0.02760
4.38,24.12,3.9146,67.0791,0.12472,0.02928
4.62,24.12,3.9812,68.9432,0.02690,0.02978
4.88,24.12,4.0143,72.7831,0.02054,0.02859
5.12,24.12,4.0377,76.1002,0.09090,0.02793
5.38,24.12,4.0654,79.5293,0.21007,0.02761
5.62,24.12,4.0722,82.4482,0.35712,0.02700
5.88,24.12,4.2295,82.3725,0.60698,0.02638
6.12,24.12,4.4224,78.8412,1.06933,0.02485
6.38,24.12,4.6096,76.8025,1.41259,0.02392
6.62,24.12,4.4392,78.6806,1.13050,0.02516
6.88,24.12,4.5480,79.8859,0.97304,0.02690
7.12,24.12,4.6669,86.7799,1.27314,0.02195
7.38,24.12,4.8563,98.1314,1.90289,0.01627
2.62,24.38,4.4406,105.7500,1.03482,0.02185
2.88,24.38,4.1342,95.2233,0.59188,0.02337
3.12,24.38,4.0116,78.4825,0.32299,0.02584
3.38,24.38,3.7823,67.6104,0.17520,0.02666
3.62,24.38,3.8851,65.5867,0.18484,0.02842
3.88,24.38,3.9088,64.5100,0.32850,0.02915
4.12,24.38,4.0209,64.2105,0.31665,0.03095
4.38,24.38,3.9553,65.6369,0.14398,0.03204
4.62,24.38,3.9677,68.6808,0.03289,0.03151
4.88,24.38,4.0029,72.6521,0.03950,0.03003
5.12,24.38,4.1010,75.7449,0.18598,0.02991
5.38,24.38,4.2222,78.3348,0.43700,0.03036
5.62,24.38,4.2220,80.7843,0.59912,0.02947
5.88,24.38,4.3282,80.7120,0.73721,0.02793
6.12,24.38,4.5184,76.2748,1.17650,0.02565
6.38,24.38,4.6359,73.8773,1.50095,0.02346
6.62,24.38,4.3883,75.8686,1.11250,0.02372
6.88,24.38,4.3172,74.7343,0.89151,0.02660
7.12,24.38,4.3222,77.8630,1.20130,0.02543
7.38,24.38,4.5557,89.0214,1.77041,0.02211
2.62,24.62,4.5531,104.3653,1.03410,0.02303
2.88,24.62,4.1849,92.9197,0.58669,0.02480
3.12,24.62,4.0078,76.5923,0.31347,0.02729
3.38,24.62,3.7879,66.5610,0.16034,0.02824
3.62,24.62,3.8819,64.7743,0.15441,0.03002
3.88,24.62,3.9435,63.7372,0.34114,0.03169
4.12,24.62,4.1314,63.2129,0.42777,0.03467
4.38,24.62,4.0324,65.4502,0.24464,0.03492
4.62,24.62,3.9807,69.1128,0.08033,0.03371
4.88,24.62,3.9948,72.3220,0.06576,0.03230
5.12,24.62,4.1074,74.0641,0.24334,0.03224
5.38,24.62,4.2756,74.7314,0.58590,0.03258
5.62,24.62,4.2754,76.4951,0.74029,0.03131
5.88,24.62,4.2676,79.0159,0.67896,0.02926
6.12,24.62,4.3506,77.0867,0.96247,0.02620
6.38,24.62,4.3866,74.6951,1.28571,0.02323
6.62,24.62,4.1853,76.1222,0.99192,0.02611
6.88,24.62,4.2129,74.8299,0.79051,0.04529
7.12,24.62,4.2124,77.2725,1.00314,0.07186
7.38,24.62,4.4574,89.0761,1.46831,0.08614
2.62,24.88,4.6790,103.7062,1.08928,0.02344
2.88,24.88,4.2131,92.3921,0.57083,0.02548
3.12,24.88,3.9828,77.1369,0.24557,0.02875
3.38,24.88,3.7766,67.5741,0.10333,0.03041
3.62,24.88,3.8260,64.9251,0.08749,0.03188
3.88,24.88,3.8612,63.4619,0.25741,0.03349
4.12,24.88,4.0748,62.8925,0.40696,0.03688
4.38,24.88,4.0261,65.5035,0.30781,0.03770
4.62,24.88,4.0113,69.3791,0.18438,0.03735
4.88,24.88,4.0065,71.8510,0.14499,0.03552
5.12,24.88,4.1060,71.7989,0.33222,0.03476
5.38,24.88,4.2468,70.8619,0.67425,0.03485
5.62,24.88,4.1554,73.1476,0.69101,0.03312
5.88,24.88,4.0844,78.8971,0.48078,0.03084
6.12,24.88,4.1264,80.2778,0.64695,0.02731
6.38,24.88,4.1455,78.1261,0.95781,0.02512
6.62,24.88,4.0263,77.3611,0.87170,0.04264
6.88,24.88,4.2204,75.9873,0.76744,0.12749
7.12,24.88,4.2701,79.6236,0.78196,0.26124
7.38,24.88,4.4548,90.1562,1.00212,0.34352
2.62,25.12,4.4723,103.5605,0.92121,0.02370
2.88,25.12,4.1884,92.2236,0.49746,0.02729
3.12,25.12,4.0302,77.5016,0.23348,0.03181
3.38,25.12,3.8063,67.8656,0.10040,0.03410
3.62,25.12,3.7996,64.1612,0.06432,0.03532
3.88,25.12,3.7975,62.2516,0.19735,0.03633
4.12,25.12,3.9850,61.5943,0.34538,0.03911
4.38,25.12,3.9689,63.8608,0.32165,0.04031
4.62,25.12,3.9897,67.8698,0.26461,0.04057
4.88,25.12,4.0051,70.2242,0.22577,0.03832
5.12,25.12,4.1860,69.3453,0.46636,0.03744
5.38,25.12,4.3553,67.7545,0.84133,0.03764
5.62,25.12,4.1921,71.0355,0.75588,0.03489
5.88,25.12,4.0729,78.3652,0.49897,0.03140
6.12,25.12,4.0578,81.7499,0.57888,0.02776
6.38,25.12,4.0732,79.4686,0.81946,0.02851
6.62,25.12,4.0042,74.6028,0.89775,0.07171
6.88,25.12,4.2469,71.1940,0.89856,0.26541
7.12,25.12,4.2876,74.8486,0.83022,0.57352
7.38,25.12,4.4257,83.7463,0.97397,0.76291
2.62,25.38,4.2515,101.0520,0.68409,0.02449
2.88,25.38,4.1380,88.6352,0.44933,0.02959
3.12,25.38,4.0395,74.2161,0.31489,0.03493
3.38,25.38,3.8133,65.4521,0.16267,0.03738
3.62,25.38,3.8064,62.3351,0.08486,0.03888
3.88,25.38,3.8281,60.7862,0.23026,0.04053
4.12,25.38,4.0379,60.0287,0.39343,0.04388
4.38,25.38,3.9882,62.1111,0.32140,0.04438
4.62,25.38,3.9331,66.1500,0.21715,0.04328
4.88,25.38,3.9709,68.4004,0.21514,0.04068
5.12,25.38,4.2689,67.6448,0.55684,0.03998
5.38,25.38,4.4924,66.9313,0.99491,0.03976
5.62,25.38,4.3159,71.5059,0.95031,0.03534
5.88,25.38,4.2350,77.7556,0.84502,0.03027
6.12,25.38,4.1899,80.5533,0.88310,0.02668
6.38,25.38,4.1702,78.5523,0.92171,0.03266
6.62,25.38,4.1325,71.9929,0.97677,0.11718
6.88,25.38,4.3591,68.0912,1.01119,0.48105
7.12,25.38,4.3158,72.2761,0.95940,1.05561
7.38,25.38,4.3828,80.9946,1.16818,1.40033
2.62,25.62,4.1703,97.6914,0.70953,0.02444
2.88,25.62,4.0943,84.3946,0.53828,0.03040
3.12,25.62,4.0447,70.0428,0.45446,0.03717
3.38,25.62,3.8369,62.0949,0.24671,0.04026
3.62,25.62,3.8236,60.0071,0.09976,0.04212
3.88,25.62,3.8258,59.3093,0.21436,0.04442
4.12,25.62,4.0423,59.2056,0.36478,0.04890
4.38,25.62,4.0349,61.5589,0.30398,0.04972
4.62,25.62,3.9850,65.2716,0.21187,0.04805
4.88,25.62,3.9903,67.7831,0.19787,0.04504
5.12,25.62,4.2146,68.3559,0.48475,0.04297
5.38,25.62,4.4224,68.8443,0.92535,0.04075
5.62,25.62,4.4030,72.4234,1.15175,0.03454
5.88,25.62,4.5632,75.2352,1.41150,0.02847
6.12,25.62,4.5891,74.3437,1.51292,0.02463
6.38,25.62,4.4656,71.8678,1.30094,0.03460
6.62,25.62,4.2312,68.7046,0.96991,0.15040
6.88,25.62,4.3311,68.1982,0.80167,0.63979
7.12,25.62,4.2254,73.3874,0.77637,1.40803
7.38,25.62,4.1801,83.4320,1.00423,1.86276
2.62,25.88,4.3581,98.2464,1.02845,0.02537
2.88,25.88,4.2084,83.1485,0.77324,0.03226
3.12,25.88,4.1328,66.8488,0.64627,0.04003
3.38,25.88,3.8690,57.8115,0.34624,0.04339
3.62,25.88,3.8063,55.8354,0.09686,0.04591
3.88,25.88,3.7542,55.6252,0.10409,0.04875
4.12,25.88,3.9117,56.7537,0.18673,0.05329
4.38,25.88,3.9352,59.3310,0.22578,0.05412
4.62,25.88,3.9583,62.4384,0.23955,0.05264
4.88,25.88,3.9517,66.1170,0.17892,0.04971
5.12,25.88,4.0147,69.8041,0.27423,0.04572
5.38,25.88,4.1793,72.3630,0.64616,0.04058
5.62,25.88,4.3746,73.2825,1.21366,0.03229
5.88,25.88,4.7134,72.3934,1.74573,0.02557
6.12,25.88,4.8170,69.3525,1.83406,0.02221
6.38,25.88,4.6967,66.1239,1.54757,0.02969
6.62,25.88,4.2494,65.0307,0.95241,0.10287
6.88,25.88,4.2155,66.8140,0.58563,0.39786
7.12,25.88,4.0825,73.0397,0.53108,0.85232
7.38,25.88,3.9208,85.2736,0.66951,1.11331
2.62,26.12,4.4897,98.0894,1.21008,0.02788
2.88,26.12,4.2185,82.7174,0.79857,0.03586
3.12,26.12,4.0578,65.6067,0.56339,0.04357
3.38,26.12,3.8338,54.9650,0.28481,0.04777
3.62,26.12,3.7996,51.9006,0.06603,0.05151
3.88,26.12,3.7255,51.0508,0.02533,0.05496
4.12,26.12,3.8119,52.3091,0.04866,0.05892
4.38,26.12,3.7930,54.6613,0.09700,0.05889
4.62,26.12,3.8257,57.7109,0.13450,0.05713
4.88,26.12,3.8525,62.4837,0.10051,0.05385
5.12,26.12,3.8997,68.6929,0.16915,0.04798
5.38,26.12,4.0855,72.8586,0.59794,0.04020
5.62,26.12,4.3635,71.7151,1.45394,0.02929
5.88,26.12,4.6424,68.8923,2.04241,0.02158
6.12,26.12,4.6208,67.8094,1.78935,0.02025
6.38,26.12,4.5146,65.3996,1.32428,0.02658
6.62,26.12,4.2141,62.3292,0.85666,0.05164
6.88,26.12,4.3259,62.2777,0.63476,0.12892
7.12,26.12,4.1638,67.9417,0.53057,0.23595
7.38,26.12,3.7807,80.0230,0.46309,0.28481
2.62,26.38,4.4982,97.2010,1.27626,0.02992
2.88,26.38,4.1512,82.2245,0.70676,0.03919
3.12,26.38,3.9323,65.9318,0.35290,0.04766
3.38,26.38,3.7935,54.6956,0.15157,0.05361
3.62,26.38,3.7751,50.2520,0.03226,0.05798
3.88,26.38,3.7062,48.2789,0.00439,0.06182
4.12,26.38,3.7657,48.8662,0.00639,0.06561
4.38,26.38,3.7301,50.6639,0.01899,0.06575
4.62,26.38,3.7580,53.8818,0.03257,0.06392
4.88,26.38,3.8027,58.7779,0.06696,0.05875
5.12,26.38,3.9554,64.3645,0.31741,0.05045
5.38,26.38,4.3135,66.4909,1.07297,0.04016
5.62,26.38,4.7690,63.5543,2.24522,0.02697
5.88,26.38,4.9097,61.7762,2.74705,0.01823
6.12,26.38,4.5189,64.8274,1.93204,0.02002
6.38,26.38,4.2736,64.7703,1.06275,0.03063
6.62,26.38,4.0941,60.3187,0.72198,0.04376
6.88,26.38,4.2985,58.6624,0.71889,0.06055
7.12,26.38,4.1820,63.5686,0.64452,0.07315
7.38,26.38,3.7575,74.3299,0.50520,0.06628
2.62,26.62,4.2935,97.3957,1.08566,0.02926
2.88,26.62,4.1164,81.3598,0.66740,0.03941
3.12,26.62,3.9867,65.7834,0.40049,0.05030
3.38,26.62,3.8498,54.7714,0.18549,0.05960
3.62,26.62,3.7635,49.5064,0.03936,0.06594
3.88,26.62,3.6980,47.1713,0.00326,0.07123
4.12,26.62,3.7460,47.6861,0.00049,0.07580
4.38,26.62,3.7175,49.3189,0.00166,0.07668
4.62,26.62,3.7400,52.4983,0.00896,0.07372
4.88,26.62,3.7936,56.7172,0.09177,0.06598
5.12,26.62,4.1157,60.4028,0.53948,0.05576
5.38,26.62,4.7249,59.9589,1.65349,0.04236
5.62,26.62,5.4428,55.4602,3.03361,0.02690
5.88,26.62,5.5138,54.0388,3.39343,0.01782
6.12,26.62,4.7939,58.7631,2.30102,0.02292
6.38,26.62,4.3745,60.9015,1.21508,0.03845
6.62,26.62,4.1718,59.1733,0.76953,0.05128
6.88,26.62,4.2484,59.3274,0.66282,0.06047
7.12,26.62,4.0847,63.7343,0.56039,0.06150
7.38,26.62,3.7531,73.8119,0.49919,0.04869
2.62,26.88,3.9085,96.4000,0.67805,0.02921
2.88,26.88,4.0984,79.3788,0.62375,0.04030
3.12,26.88,4.1036,63.9140,0.54644,0.05374
3.38,26.88,3.9279,53.0237,0.27707,0.06740
3.62,26.88,3.7801,47.9071,0.05873,0.07701
3.88,26.88,3.6976,46.3674,0.00474,0.08467
4.12,26.88,3.7233,47.0781,0.00015,0.09102
4.38,26.88,3.7012,48.8782,0.00020,0.09358
4.62,26.88,3.7090,52.0858,0.00575,0.08988
4.88,26.88,3.7557,55.8806,0.07943,0.07953
5.12,26.88,4.0628,58.5127,0.48915,0.06538
5.38,26.88,4.6291,57.4635,1.52928,0.04637
5.62,26.88,5.4632,53.5083,2.73238,0.02848
5.88,26.88,5.6422,51.2812,2.99291,0.02081
6.12,26.88,4.8964,53.4281,2.23037,0.02843
6.38,26.88,4.4224,56.2607,1.41957,0.04554
6.62,26.88,4.1915,57.9414,0.91916,0.05976
6.88,26.88,4.1299,60.4974,0.63067,0.07339
7.12,26.88,3.9075,64.2549,0.39271,0.08375
7.38,26.88,3.7017,74.0844,0.28516,0.07987
2.62,27.12,3.7776,91.9633,0.58087,0.03085
2.88,27.12,4.0755,75.5887,0.54000,0.04307
3.12,27.12,4.0339,60.6490,0.41370,0.05899
3.38,27.12,3.8718,50.4597,0.18502,0.07663
3.62,27.12,3.7571,46.1625,0.03688,0.08946
3.88,27.12,3.6970,45.1186,0.00290,0.10149
4.12,27.12,3.7084,45.3716,0.00009,0.11102
4.38,27.12,3.6683,46.9519,0.00006,0.11656
4.62,27.12,3.6856,50.4899,0.00230,0.11403
4.88,27.12,3.6729,54.3178,0.03326,0.09988
5.12,27.12,3.7492,56.1513,0.21596,0.07957
5.38,27.12,3.8719,56.1287,0.70904,0.05302
5.62,27.12,4.2781,55.6066,1.28259,0.03061
5.88,27.12,4.5278,53.7223,1.43682,0.02523
6.12,27.12,4.2386,51.4906,1.26837,0.03781
6.38,27.12,4.0949,52.8255,1.07916,0.05826
6.62,27.12,4.0224,55.7864,0.92450,0.07750
6.88,27.12,4.0763,60.5917,0.79983,0.10948
7.12,27.12,3.8459,65.5934,0.45207,0.16172
7.38,27.12,3.6493,77.0155,0.16722,0.19875
2.62,27.38,3.8570,87.0040,0.83688,0.03192
2.88,27.38,3.9728,72.0681,0.49137,0.04557
3.12,27.38,3.8715,58.4283,0.20049,0.06463
3.38,27.38,3.7733,49.5129,0.05676,0.08538
3.62,27.38,3.7068,45.7620,0.00924,0.10220
3.88,27.38,3.6893,44.2608,0.00067,0.12078
4.12,27.38,3.6907,43.6486,0.00002,0.13506
4.38,27.38,3.6417,44.3403,0.00001,0.14572
4.62,27.38,3.6616,47.5647,0.00042,0.14470
4.88,27.38,3.5795,50.1746,0.00622,0.12582
5.12,27.38,3.5151,52.5271,0.04181,0.09711
5.38,27.38,3.0450,54.5185,0.14171,0.05810
5.62,27.38,2.5137,52.3040,0.26061,0.02723
5.88,27.38,2.5307,47.7597,0.31342,0.02309
6.12,27.38,3.0037,45.6443,0.37108,0.04651
6.38,27.38,3.6018,49.9401,0.48096,0.08725
6.62,27.38,3.8638,55.2209,0.68263,0.12189
6.88,27.38,4.0580,62.1012,0.82938,0.16454
7.12,27.38,3.8611,66.9569,0.50379,0.25086
7.38,27.38,3.5638,78.2655,0.15257,0.32202
2.62,27.62,3.9678,83.0126,1.00324,0.03367
2.88,27.62,3.9499,70.4012,0.47312,0.04822
3.12,27.62,3.8073,58.5688,0.11446,0.06963
3.38,27.62,3.7291,50.6058,0.01415,0.09375
3.62,27.62,3.6725,46.8909,0.00117,0.11566
3.88,27.62,3.6613,44.6232,0.00006,0.14127
4.12,27.62,3.6364,43.2994,0.00000,0.16312
4.38,27.62,3.5985,42.8168,0.00000,0.18356
4.62,27.62,3.5909,44.1988,0.00003,0.18749
4.88,27.62,3.4567,44.0746,0.00047,0.16411
5.12,27.62,3.1702,46.4230,0.00324,0.11386
5.38,27.62,2.1152,45.7064,0.01116,0.05340
5.62,27.62,1.0718,34.7298,0.02100,0.01710
5.88,27.62,0.9181,27.3295,0.02992,0.01368
6.12,27.62,1.6394,34.9910,0.05589,0.04372
6.38,27.62,2.8060,50.2023,0.12320,0.11257
6.62,27.62,3.5598,57.3146,0.29144,0.17014
6.88,27.62,3.7704,62.8185,0.42649,0.19276
7.12,27.62,3.6872,65.7941,0.26841,0.24202
7.38,27.62,3.3264,76.3314,0.08045,0.27230
2.62,27.88,3.8655,81.3977,0.76226,0.03555
2.88,27.88,3.9208,70.9645,0.34513,0.05052
3.12,27.88,3.7906,60.7846,0.07388,0.07313
3.38,27.88,3.7364,53.2662,0.00634,0.10143
3.62,27.88,3.6639,49.3048,0.00023,0.12940
3.88,27.88,3.6318,46.2212,0.00000,0.16365
4.12,27.88,3.5877,43.8395,0.00000,0.19791
4.38,27.88,3.5501,41.6130,0.00000,0.23577
4.62,27.88,3.5077,40.1460,0.00000,0.25642
4.88,27.88,3.3059,36.3677,0.00001,0.23564
5.12,27.88,2.7147,33.7442,0.00009,0.15270
5.38,27.88,1.3922,26.5669,0.00033,0.05833
5.62,27.88,0.4002,14.3491,0.00065,0.01239
5.88,27.88,0.2367,10.9009,0.00132,0.00645
6.12,27.88,0.7557,26.1737,0.00433,0.03203
6.38,27.88,2.0770,47.7547,0.01698,0.10957
6.62,27.88,3.3166,55.9126,0.05670,0.18235
6.88,27.88,3.5868,60.4686,0.08962,0.19037
7.12,27.88,3.5261,64.2233,0.05709,0.19571
7.38,27.88,3.0100,76.6132,0.01713,0.17136
2.62,28.12,3.6582,84.2886,0.53614,0.03557
2.88,28.12,3.7809,73.6538,0.24297,0.05106
3.12,28.12,3.7154,63.8158,0.05335,0.07417
3.38,28.12,3.7130,56.5256,0.00560,0.10640
3.62,28.12,3.6406,52.3279,0.00045,0.14347
3.88,28.12,3.6035,48.1185,0.00003,0.19289
4.12,28.12,3.5531,43.8898,0.00000,0.24724
4.38,28.12,3.4990,39.5857,0.00000,0.30941
4.62,28.12,3.4352,36.0679,0.00000,0.35421
4.88,28.12,3.2313,30.2711,0.00000,0.34900
5.12,28.12,2.5765,23.1932,0.00000,0.25370
5.38,28.12,1.2511,13.3072,0.00001,0.11368
5.62,28.12,0.3232,5.2096,0.00004,0.03049
5.88,28.12,0.1829,4.8744,0.00009,0.01256
6.12,28.12,0.6349,16.6127,0.00021,0.03446
6.38,28.12,1.9327,34.4438,0.00112,0.10712
6.62,28.12,3.2551,47.7907,0.00442,0.17660
6.88,28.12,3.5319,58.5565,0.00720,0.17866
7.12,28.12,3.4994,65.0275,0.00460,0.16922
7.38,28.12,2.8574,77.9977,0.00138,0.12727
2.62,28.38,3.8093,90.2211,0.72517,0.03542
2.88,28.38,3.8339,77.3422,0.34279,0.05130
3.12,28.38,3.7289,66.6577,0.09728,0.07407
3.38,28.38,3.6923,59.4434,0.02301,0.10781
3.62,28.38,3.6113,55.1856,0.00406,0.15304
3.88,28.38,3.5793,49.7453,0.00033,0.22254
4.12,28.38,3.5178,43.2244,0.00005,0.30945
4.38,28.38,3.4550,37.2407,0.00007,0.40746
4.62,28.38,3.3911,33.0233,0.00004,0.48000
4.88,28.38,3.2623,27.7325,0.00001,0.50188
5.12,28.38,2.8764,20.4412,0.00003,0.44303
5.38,28.38,1.7398,12.5274,0.00032,0.27383
5.62,28.38,0.7701,7.2338,0.00143,0.12196
5.88,28.38,0.7004,6.4651,0.00236,0.06989
6.12,28.38,1.3239,13.5395,0.00143,0.08701
6.38,28.38,2.4276,26.4726,0.00035,0.14176
6.62,28.38,3.3386,41.8793,0.00016,0.18170
6.88,28.38,3.4899,56.4994,0.00022,0.17492
7.12,28.38,3.4948,63.9745,0.00014,0.16442
7.38,28.38,2.8352,75.2334,0.00004,0.11931
2.62,28.62,3.8150,91.6402,0.82937,0.03446
2.88,28.62,3.8493,77.8692,0.44544,0.04971
3.12,28.62,3.7446,67.7858,0.20580,0.07076
3.38,28.62,3.6814,61.7272,0.08433,0.10436
3.62,28.62,3.5861,58.0753,0.01763,0.15498
3.88,28.62,3.5270,52.0006,0.00175,0.24222
4.12,28.62,3.4575,43.4430,0.00147,0.37013
4.38,28.62,3.4055,36.0412,0.00236,0.52614
4.62,28.62,3.3692,31.3370,0.00143,0.64805
4.88,28.62,3.3006,27.5354,0.00033,0.69562
5.12,28.62,3.2304,22.8517,0.00035,0.68074
5.38,28.62,2.6348,18.5716,0.00389,0.54658
5.62,28.62,1.9357,15.2931,0.01742,0.36254
5.88,28.62,1.9646,14.1503,0.02872,0.24656
6.12,28.62,2.5394,18.6818,0.01742,0.21005
6.38,28.62,3.0807,26.9698,0.00389,0.20638
6.62,28.62,3.4118,38.4649,0.00032,0.19814
6.88,28.62,3.4674,51.2899,0.00001,0.18163
7.12,28.62,3.4973,60.4722,0.00000,0.17105
7.38,28.62,2.8990,73.1543,0.00000,0.12187
2.62,28.88,3.6988,85.6257,0.57353,0.03335
2.88,28.88,3.8008,74.1943,0.37671,0.04717
3.12,28.88,3.7182,66.6285,0.26390,0.06560
3.38,28.88,3.6993,63.2713,0.13299,0.09800
3.62,28.88,3.6516,61.8315,0.02933,0.15153
3.88,28.88,3.5659,56.7604,0.00655,0.24872
4.12,28.88,3.4451,46.9389,0.01816,0.41606
4.38,28.88,3.3814,37.1562,0.02964,0.65478
4.62,28.88,3.3419,30.8937,0.01795,0.87286
4.88,28.88,3.2539,27.9031,0.00405,0.96948
5.12,28.88,3.2492,26.3111,0.00186,0.94084
5.38,28.88,3.2154,25.1292,0.01787,0.83385
5.62,28.88,3.1146,24.2447,0.07879,0.66370
5.88,28.88,3.2157,25.0219,0.12915,0.47241
6.12,28.88,3.3877,27.9448,0.07816,0.33595
6.38,28.88,3.3838,31.8310,0.01743,0.25739
6.62,28.88,3.4703,38.7812,0.00143,0.21539
6.88,28.88,3.4876,48.8691,0.00004,0.18962
7.12,28.88,3.4951,59.5899,0.00000,0.17258
7.38,28.88,2.9536,74.4689,0.00000,0.12088
2.62,29.12,3.9075,81.8922,0.66634,0.02995
2.88,29.12,3.7419,72.4987,0.37334,0.04171
3.12,29.12,3.5951,65.8117,0.19309,0.05783
3.38,29.12,3.6070,63.8948,0.08680,0.08647
3.62,29.12,3.5902,64.6135,0.02461,0.13781
3.88,29.12,3.5800,62.3868,0.02889,0.23677
4.12,29.12,3.4707,53.8212,0.10032,0.43453
4.38,29.12,3.3926,41.4972,0.15931,0.76253
4.62,29.12,3.2742,32.2685,0.09570,1.11239
4.88,29.12,3.1619,28.7596,0.02162,1.32022
5.12,29.12,3.1156,28.9292,0.00733,1.28452
5.38,29.12,3.1838,30.1498,0.04322,1.11150
5.62,29.12,3.3530,32.3103,0.15255,0.86503
5.88,29.12,3.5116,35.5269,0.22668,0.58334
6.12,29.12,3.5771,37.7771,0.13195,0.38612
6.38,29.12,3.5111,39.5712,0.02899,0.28238
6.62,29.12,3.5550,43.5562,0.00237,0.22877
6.88,29.12,3.5368,51.3119,0.00007,0.19122
7.12,29.12,3.5452,60.7953,0.00000,0.16832
7.38,29.12,2.9976,74.6197,0.00000,0.11834
2.62,29.38,4.0984,83.2572,0.97363,0.02410
2.88,29.38,3.8822,75.2100,0.47135,0.03455
3.12,29.38,3.6830,69.1608,0.15501,0.04859
3.38,29.38,3.6629,66.6794,0.07012,0.07088
3.62,29.38,3.6282,67.7741,0.07514,0.10933
3.88,29.38,3.7188,69.4520,0.15199,0.19620
4.12,29.38,3.8510,67.1265,0.40101,0.40899
4.38,29.38,3.7774,55.8381,0.58740,0.83290
4.62,29.38,3.3464,39.8280,0.34500,1.35108
4.88,29.38,2.9944,30.9978,0.07943,1.69160
5.12,29.38,2.9942,31.1215,0.04711,1.72371
5.38,29.38,3.2462,37.0639,0.19447,1.48686
5.62,29.38,3.5564,44.4797,0.36990,1.05017
5.88,29.38,3.6530,46.2819,0.30609,0.63551
6.12,29.38,3.6161,46.2278,0.11787,0.39731
6.38,29.38,3.5849,48.4944,0.02074,0.28128
6.62,29.38,3.6078,51.0593,0.00153,0.21958
6.88,29.38,3.5347,56.1435,0.00004,0.17677
7.12,29.38,3.5377,63.1908,0.00000,0.15527
7.38,29.38,2.9702,75.0767,0.00000,0.11074
2.62,29.62,3.6542,85.6963,0.80907,0.01957
2.88,29.62,3.8115,78.6690,0.44429,0.02883
3.12,29.62,3.6594,74.4147,0.24037,0.04005
3.38,29.62,3.6882,71.3190,0.22123,0.05623
3.62,29.62,3.7214,73.7264,0.32731,0.07749
3.88,29.62,3.9275,82.2915,0.60055,0.13710
4.12,29.62,4.7136,95.6076,1.37043,0.32027
4.38,29.62,4.9112,94.8264,1.91005,0.79059
4.62,29.62,3.8505,63.3993,1.10508,1.52983
4.88,29.62,2.8891,36.8540,0.25799,2.10806
5.12,29.62,2.8872,36.4969,0.20707,2.18700
5.38,29.62,3.6835,58.8277,0.84247,1.76597
5.62,29.62,4.4444,80.0765,1.39971,1.10230
5.88,29.62,4.2397,70.1727,0.86825,0.61311
6.12,29.62,3.6806,55.7014,0.20543,0.37762
6.38,29.62,3.5299,55.7874,0.01947,0.26300
6.62,29.62,3.6144,60.1221,0.00080,0.20381
6.88,29.62,3.5302,63.3703,0.00001,0.16476
7.12,29.62,3.5507,65.4352,0.00000,0.14782
7.38,29.62,2.9314,72.6503,0.00000,0.10657
2.62,29.88,3.1508,94.9758,0.66874,0.01537
2.88,29.88,3.4959,88.1927,0.47517,0.02287
3.12,29.88,3.5593,85.1333,0.42087,0.03124
3.38,29.88,3.8309,82.1844,0.47877,0.04300
3.62,29.88,4.0150,87.2933,0.72240,0.05382
3.88,29.88,4.2685,103.1058,1.29709,0.08528
4.12,29.88,5.6911,134.4754,2.88197,0.20070
4.38,29.88,6.3041,147.8399,3.97620,0.59886
4.62,29.88,4.4469,96.1819,2.29314,1.47327
4.88,29.88,2.8238,45.7491,0.53697,2.37249
5.12,29.88,2.7564,45.3393,0.45588,2.45523
5.38,29.88,4.0470,91.3303,1.86071,1.71594
5.62,29.88,5.3382,132.4999,3.06705,0.89850
5.88,29.88,4.6187,105.6117,1.86239,0.45951
6.12,29.88,3.4395,69.6324,0.41685,0.28773
6.38,29.88,3.1208,66.7529,0.03451,0.20147
6.62,29.88,3.1700,76.4657,0.00107,0.15403
6.88,29.88,3.0859,79.5628,0.00000,0.12683
7.12,29.88,3.0994,74.7376,0.00000,0.11798
7.38,29.88,2.5049,75.1185,0.00000,0.08582
