x,y,rho,contact,casualty,pressure
2.62,0.12,0.3923,0.0091,0.00000,0.12424
2.88,0.12,0.6976,0.0127,0.00000,0.19231
3.12,0.12,0.8412,0.0111,0.00000,0.20432
3.38,0.12,0.8075,0.0086,0.00000,0.20473
3.62,0.12,0.8672,0.0072,0.00000,0.23935
3.88,0.12,0.8581,0.0046,0.00000,0.25306
4.12,0.12,0.7789,0.0022,0.00000,0.26094
4.38,0.12,0.7794,0.0024,0.00000,0.27857
4.62,0.12,0.7817,0.0047,0.00000,0.27692
4.88,0.12,0.7806,0.0082,0.00000,0.27892
5.12,0.12,0.7940,0.0111,0.00000,0.28614
5.38,0.12,0.8225,0.0114,0.00000,0.28700
5.62,0.12,0.8272,0.0142,0.00000,0.27717
5.88,0.12,0.8017,0.0160,0.00000,0.24687
6.12,0.12,0.8654,0.0099,0.00000,0.24000
6.38,0.12,0.8962,0.0036,0.00000,0.24006
6.62,0.12,0.9206,0.0031,0.00000,0.22881
6.88,0.12,1.0100,0.0055,0.00000,0.23577
7.12,0.12,0.7910,0.0057,0.00000,0.19603
7.38,0.12,0.4107,0.0035,0.00000,0.11204
2.62,0.38,0.8264,0.0173,0.00000,0.24918
2.88,0.38,1.3854,0.0293,0.00000,0.38144
3.12,0.38,1.5464,0.0355,0.00000,0.39410
3.38,0.38,1.4152,0.0351,0.00000,0.38177
3.62,0.38,1.5410,0.0307,0.00000,0.44414
3.88,0.38,1.5503,0.0203,0.00000,0.47124
4.12,0.38,1.4422,0.0106,0.00000,0.49361
4.38,0.38,1.4812,0.0106,0.00000,0.53771
4.62,0.38,1.4873,0.0167,0.00000,0.53689
4.88,0.38,1.4605,0.0215,0.00000,0.53614
5.12,0.38,1.4621,0.0266,0.00000,0.54451
5.38,0.38,1.5039,0.0330,0.00000,0.53918
5.62,0.38,1.5058,0.0386,0.00000,0.51363
5.88,0.38,1.4474,0.0341,0.00000,0.45505
6.12,0.38,1.5453,0.0187,0.00000,0.44068
6.38,0.38,1.5505,0.0071,0.00000,0.43116
6.62,0.38,1.4820,0.0067,0.00000,0.38525
6.88,0.38,1.6493,0.0146,0.00000,0.39599
7.12,0.38,1.4272,0.0188,0.00000,0.36056
7.38,0.38,0.8186,0.0135,0.00000,0.22398
2.62,0.62,1.2220,0.0251,0.00000,0.32909
2.88,0.62,1.9138,0.0524,0.00000,0.49440
3.12,0.62,1.9531,0.0743,0.00000,0.49290
3.38,0.62,1.7254,0.0714,0.00000,0.46473
3.62,0.62,1.9223,0.0592,0.00000,0.53930
3.88,0.62,1.9289,0.0421,0.00000,0.56463
4.12,0.62,1.8230,0.0251,0.00000,0.59143
4.38,0.62,1.9109,0.0234,0.00000,0.65244
4.62,0.62,1.9152,0.0312,0.00000,0.65529
4.88,0.62,1.8728,0.0345,0.00000,0.65207
5.12,0.62,1.8615,0.0441,0.00000,0.65505
5.38,0.62,1.9007,0.0653,0.00000,0.64037
5.62,0.62,1.9059,0.0763,0.00000,0.60350
5.88,0.62,1.8166,0.0594,0.00000,0.53516
6.12,0.62,1.9258,0.0312,0.00000,0.52184
6.38,0.62,1.9194,0.0127,0.00000,0.50741
6.62,0.62,1.7149,0.0117,0.00000,0.43419
6.88,0.62,1.9394,0.0262,0.00000,0.45743
7.12,0.62,1.8945,0.0364,0.00000,0.46124
7.38,0.62,1.2048,0.0281,0.00000,0.30832
2.62,0.88,1.4233,0.0334,0.00000,0.32864
2.88,0.88,2.0431,0.0726,0.00000,0.47345
3.12,0.88,1.8657,0.0990,0.00000,0.44521
3.38,0.88,1.6795,0.0819,0.00000,0.42101
3.62,0.88,1.9799,0.0650,0.00000,0.49679
3.88,0.88,1.9376,0.0537,0.00000,0.50079
4.12,0.88,1.8492,0.0370,0.00000,0.50885
4.38,0.88,1.9318,0.0330,0.00000,0.55247
4.62,0.88,1.9079,0.0382,0.00000,0.55658
4.88,0.88,1.9010,0.0399,0.00000,0.55995
5.12,0.88,1.8974,0.0539,0.00000,0.55800
5.38,0.88,1.9082,0.0830,0.00000,0.54377
5.62,0.88,1.9329,0.0979,0.00000,0.51851
5.88,0.88,1.8357,0.0827,0.00000,0.46794
6.12,0.88,1.9315,0.0521,0.00000,0.46308
6.38,0.88,1.9870,0.0257,0.00000,0.45718
6.62,0.88,1.6590,0.0249,0.00000,0.38001
6.88,0.88,1.8344,0.0465,0.00000,0.40663
7.12,0.88,2.0455,0.0601,0.00000,0.45223
7.38,0.88,1.4415,0.0555,0.00000,0.32277
2.62,1.12,1.6771,0.0367,0.00000,0.31382
2.88,1.12,2.2588,0.0735,0.00000,0.43469
3.12,1.12,1.8997,0.0919,0.00000,0.38986
3.38,1.12,1.7756,0.0714,0.00000,0.37767
3.62,1.12,2.1550,0.0618,0.00000,0.44976
3.88,1.12,2.0702,0.0570,0.00000,0.43764
4.12,1.12,2.0229,0.0403,0.00000,0.43396
4.38,1.12,2.0637,0.0355,0.00000,0.45425
4.62,1.12,2.0047,0.0399,0.00000,0.45607
4.88,1.12,2.0551,0.0411,0.00000,0.47163
5.12,1.12,2.0547,0.0533,0.00000,0.47106
5.38,1.12,2.0180,0.0739,0.00000,0.46046
5.62,1.12,2.0791,0.0825,0.00000,0.45532
5.88,1.12,2.0078,0.0778,0.00000,0.42553
6.12,1.12,2.0621,0.0604,0.00000,0.41985
6.38,1.12,2.1849,0.0394,0.00000,0.42121
6.62,1.12,1.7928,0.0530,0.00000,0.34918
6.88,1.12,1.9091,0.0937,0.00000,0.37027
7.12,1.12,2.2965,0.1194,0.00000,0.43228
7.38,1.12,1.7171,0.1398,0.00000,0.31968
2.62,1.38,1.8837,0.0297,0.00000,0.27186
2.88,1.38,2.4837,0.0563,0.00000,0.37100
3.12,1.38,2.0584,0.0685,0.00000,0.33174
3.38,1.38,1.9519,0.0554,0.00000,0.32775
3.62,1.38,2.2869,0.0510,0.00000,0.37895
3.88,1.38,2.2014,0.0484,0.00000,0.36735
4.12,1.38,2.2381,0.0331,0.00000,0.37519
4.38,1.38,2.2360,0.0252,0.00000,0.38398
4.62,1.38,2.1696,0.0269,0.00000,0.38277
4.88,1.38,2.2382,0.0297,0.00000,0.40321
5.12,1.38,2.2239,0.0397,0.00000,0.40730
5.38,1.38,2.1591,0.0529,0.00000,0.39765
5.62,1.38,2.2485,0.0544,0.00000,0.40128
5.88,1.38,2.2437,0.0476,0.00000,0.38896
6.12,1.38,2.2145,0.0389,0.00000,0.37617
6.38,1.38,2.3215,0.0384,0.00000,0.37418
6.62,1.38,1.9645,0.0817,0.00000,0.31256
6.88,1.38,2.0575,0.1463,0.00000,0.32426
7.12,1.38,2.4991,0.1788,0.00000,0.38150
7.38,1.38,1.9028,0.2202,0.00000,0.28600
2.62,1.62,1.9438,0.0211,0.00000,0.23294
2.88,1.62,2.5573,0.0386,0.00000,0.31300
3.12,1.62,2.1834,0.0473,0.00000,0.27917
3.38,1.62,2.1074,0.0408,0.00000,0.27618
3.62,1.62,2.2946,0.0383,0.00000,0.30348
3.88,1.62,2.2262,0.0379,0.00000,0.29932
4.12,1.62,2.3554,0.0252,0.00000,0.31926
4.38,1.62,2.3117,0.0146,0.00000,0.32108
4.62,1.62,2.2662,0.0147,0.00000,0.31997
4.88,1.62,2.2934,0.0193,0.00000,0.33130
5.12,1.62,2.2775,0.0281,0.00000,0.33450
5.38,1.62,2.2448,0.0377,0.00000,0.32761
5.62,1.62,2.3159,0.0351,0.00000,0.32896
5.88,1.62,2.3734,0.0229,0.00000,0.32894
6.12,1.62,2.2455,0.0172,0.00000,0.31035
6.38,1.62,2.3064,0.0303,0.00000,0.30673
6.62,1.62,2.0994,0.0845,0.00000,0.27106
6.88,1.62,2.1815,0.1563,0.00000,0.28160
7.12,1.62,2.5769,0.2099,0.00000,0.32850
7.38,1.62,1.9647,0.2887,0.00000,0.24782
2.62,1.88,2.0492,0.0133,0.00000,0.21623
2.88,1.88,2.7072,0.0222,0.00000,0.28742
3.12,1.88,2.3940,0.0255,0.00000,0.25577
3.38,1.88,2.3115,0.0226,0.00000,0.24923
3.62,1.88,2.3161,0.0217,0.00000,0.25855
3.88,1.88,2.2738,0.0226,0.00000,0.25750
4.12,1.88,2.4892,0.0169,0.00000,0.27761
4.38,1.88,2.4261,0.0116,0.00000,0.27396
4.62,1.88,2.4152,0.0131,0.00000,0.27742
4.88,1.88,2.3685,0.0168,0.00000,0.27842
5.12,1.88,2.3641,0.0229,0.00000,0.27811
5.38,1.88,2.4053,0.0306,0.00000,0.27626
5.62,1.88,2.4248,0.0260,0.00000,0.27213
5.88,1.88,2.5000,0.0135,0.00000,0.27526
6.12,1.88,2.2869,0.0115,0.00000,0.25280
6.38,1.88,2.3223,0.0242,0.00000,0.25209
6.62,1.88,2.3130,0.0571,0.00000,0.24641
6.88,1.88,2.4039,0.1416,0.00000,0.26265
7.12,1.88,2.7281,0.3686,0.00000,0.30058
7.38,1.88,2.0674,0.7130,0.00000,0.22650
2.62,2.12,2.1138,0.0114,0.00000,0.18739
2.88,2.12,2.8117,0.0162,0.00000,0.24977
3.12,2.12,2.5675,0.0158,0.00000,0.22675
3.38,2.12,2.4738,0.0129,0.00000,0.21868
3.62,2.12,2.3223,0.0121,0.00000,0.21379
3.88,2.12,2.3050,0.0136,0.00000,0.21373
4.12,2.12,2.5708,0.0123,0.00000,0.23051
4.38,2.12,2.5147,0.0122,0.00000,0.22528
4.62,2.12,2.5448,0.0161,0.00000,0.23273
4.88,2.12,2.4406,0.0177,0.00000,0.22998
5.12,2.12,2.4392,0.0187,0.00000,0.22766
5.38,2.12,2.5369,0.0220,0.00000,0.22926
5.62,2.12,2.5121,0.0168,0.00000,0.22088
5.88,2.12,2.5775,0.0090,0.00000,0.22113
6.12,2.12,2.3166,0.0120,0.00000,0.20037
6.38,2.12,2.3432,0.0218,0.00000,0.20233
6.62,2.12,2.5049,0.0357,0.00000,0.21372
6.88,2.12,2.5942,0.1357,0.00000,0.23171
7.12,2.12,2.8310,0.5234,0.00000,0.26120
7.38,2.12,2.1267,1.1127,0.00000,0.19663
2.62,2.38,2.1330,0.0369,0.00000,0.16319
2.88,2.38,2.8599,0.0338,0.00000,0.21751
3.12,2.38,2.7005,0.0262,0.00000,0.19764
3.38,2.38,2.6287,0.0168,0.00000,0.18525
3.62,2.38,2.3669,0.0135,0.00000,0.17295
3.88,2.38,2.3396,0.0156,0.00000,0.17422
4.12,2.38,2.5863,0.0135,0.00000,0.18779
4.38,2.38,2.5420,0.0134,0.00000,0.18275
4.62,2.38,2.6107,0.0186,0.00000,0.19004
4.88,2.38,2.5072,0.0194,0.00000,0.18877
5.12,2.38,2.5110,0.0182,0.00000,0.18808
5.38,2.38,2.6207,0.0178,0.00000,0.19044
5.62,2.38,2.5594,0.0119,0.00000,0.17895
5.88,2.38,2.5930,0.0071,0.00000,0.17475
6.12,2.38,2.3269,0.0122,0.00000,0.15861
6.38,2.38,2.3658,0.0213,0.00000,0.16400
6.62,2.38,2.6650,0.0280,0.00000,0.18465
6.88,2.38,2.7463,0.0872,0.00000,0.20450
7.12,2.38,2.8934,0.3264,0.00000,0.22941
7.38,2.38,2.1526,0.6831,0.00000,0.17286
2.62,2.62,2.2034,0.2819,0.00000,0.15038
2.88,2.62,2.9696,0.1513,0.00000,0.19952
3.12,2.62,2.8612,0.0603,0.00000,0.17826
3.38,2.62,2.8022,0.0276,0.00000,0.16125
3.62,2.62,2.4849,0.0207,0.00000,0.14657
3.88,2.62,2.4392,0.0201,0.00000,0.14763
4.12,2.62,2.6143,0.0154,0.00000,0.15770
4.38,2.62,2.5765,0.0138,0.00000,0.15364
4.62,2.62,2.6645,0.0174,0.00000,0.15985
4.88,2.62,2.6085,0.0169,0.00000,0.16216
5.12,2.62,2.6222,0.0153,0.00000,0.16348
5.38,2.62,2.7078,0.0138,0.00000,0.16475
5.62,2.62,2.6271,0.0093,0.00000,0.15377
5.88,2.62,2.6266,0.0057,0.00000,0.14767
6.12,2.62,2.3966,0.0084,0.00000,0.13535
6.38,2.62,2.4406,0.0160,0.00000,0.14264
6.62,2.62,2.8110,0.0221,0.00000,0.16709
6.88,2.62,2.8852,0.0394,0.00000,0.18514
7.12,2.62,2.9743,0.0972,0.00000,0.20436
7.38,2.62,2.1997,0.1713,0.00000,0.15347
2.62,2.88,2.2338,1.2053,0.00000,0.13363
2.88,2.88,3.0218,0.5890,0.00000,0.17764
3.12,2.88,2.9539,0.1852,0.00000,0.16022
3.38,2.88,2.9184,0.0676,0.00000,0.14482
3.62,2.88,2.6120,0.0470,0.00000,0.12879
3.88,2.88,2.5677,0.0338,0.00000,0.12640
4.12,2.88,2.6440,0.0182,0.00000,0.13120
4.38,2.88,2.6164,0.0147,0.00000,0.12972
4.62,2.88,2.6909,0.0170,0.00000,0.13467
4.88,2.88,2.6782,0.0138,0.00000,0.13743
5.12,2.88,2.6957,0.0107,0.00000,0.13951
5.38,2.88,2.7481,0.0085,0.00000,0.14109
5.62,2.88,2.6783,0.0058,0.00000,0.13502
5.88,2.88,2.6626,0.0037,0.00000,0.13058
6.12,2.88,2.5253,0.0045,0.00000,0.12310
6.38,2.88,2.5653,0.0099,0.00000,0.12914
6.62,2.88,2.9245,0.0171,0.00000,0.15100
6.88,2.88,2.9753,0.0271,0.00000,0.16416
7.12,2.88,3.0303,0.0394,0.00000,0.17727
7.38,2.88,2.2360,0.0386,0.00000,0.13254
2.62,3.12,2.2414,2.0986,0.00000,0.11921
2.88,3.12,3.0418,1.2432,0.00000,0.15916
3.12,3.12,3.0109,0.7136,0.00000,0.14569
3.38,3.12,3.0070,0.3549,0.00000,0.13266
3.62,3.12,2.7436,0.1253,0.00000,0.11723
3.88,3.12,2.7130,0.0490,0.00000,0.11304
4.12,3.12,2.6920,0.0199,0.00000,0.11296
4.38,3.12,2.6813,0.0157,0.00000,0.11411
4.62,3.12,2.7055,0.0183,0.00000,0.11800
4.88,3.12,2.7085,0.0133,0.00000,0.11838
5.12,3.12,2.7374,0.0090,0.00000,0.11886
5.38,3.12,2.7657,0.0066,0.00000,0.11980
5.62,3.12,2.7190,0.0046,0.00000,0.11663
5.88,3.12,2.7014,0.0028,0.00000,0.11308
6.12,3.12,2.6905,0.0028,0.00000,0.11161
6.38,3.12,2.7275,0.0075,0.00000,0.11856
6.62,3.12,3.0376,0.0155,0.00000,0.13821
6.88,3.12,3.0603,0.0271,0.00000,0.14882
7.12,3.12,3.0914,0.0374,0.00000,0.15884
7.38,3.12,2.2772,0.0297,0.00000,0.11849
2.62,3.38,2.2701,2.1421,0.00000,0.10662
2.88,3.38,3.0861,2.2178,0.00000,0.14267
3.12,3.38,3.0785,2.4068,0.00000,0.13076
3.38,3.38,3.1001,1.3830,0.00000,0.11814
3.62,3.38,2.8840,0.3391,0.00000,0.10554
3.88,3.38,2.8747,0.0549,0.00000,0.10292
4.12,3.38,2.7742,0.0153,0.00000,0.09926
4.38,3.38,2.7648,0.0127,0.00000,0.10041
4.62,3.38,2.7103,0.0157,0.00000,0.10323
4.88,3.38,2.7165,0.0107,0.00000,0.10271
5.12,3.38,2.7556,0.0057,0.00000,0.10080
5.38,3.38,2.7699,0.0043,0.00000,0.09920
5.62,3.38,2.7714,0.0043,0.00000,0.09674
5.88,3.38,2.7628,0.0035,0.00000,0.09411
6.12,3.38,2.8564,0.0026,0.00000,0.09701
6.38,3.38,2.8787,0.0057,0.00000,0.10487
6.62,3.38,3.1340,0.0129,0.00000,0.12280
6.88,3.38,3.1280,0.0265,0.00000,0.13319
7.12,3.38,3.1348,0.0387,0.00000,0.14251
7.38,3.38,2.3043,0.0308,0.00000,0.10638
2.62,3.62,2.3127,3.3015,0.00000,0.09715
2.88,3.62,3.1479,3.5391,0.00000,0.13010
3.12,3.62,3.1582,3.9286,0.00000,0.11859
3.38,3.62,3.2006,2.2471,0.00000,0.10505
3.62,3.62,3.0181,0.5104,0.00000,0.09294
3.88,3.62,3.0235,0.0542,0.00000,0.09006
4.12,3.62,2.8645,0.0094,0.00000,0.08430
4.38,3.62,2.8460,0.0092,0.00000,0.08454
4.62,3.62,2.7130,0.0126,0.00000,0.08570
4.88,3.62,2.7201,0.0079,0.00000,0.08742
5.12,3.62,2.7582,0.0027,0.00000,0.08619
5.38,3.62,2.7736,0.0026,0.00000,0.08256
5.62,3.62,2.8495,0.0062,0.00000,0.08066
5.88,3.62,2.8441,0.0084,0.00000,0.07962
6.12,3.62,2.9970,0.0057,0.00000,0.08490
6.38,3.62,3.0003,0.0058,0.00000,0.09133
6.62,3.62,3.2109,0.0120,0.00000,0.10606
6.88,3.62,3.1811,0.0260,0.00000,0.11636
7.12,3.62,3.1701,0.0387,0.00000,0.12565
7.38,3.62,2.3273,0.0309,0.00000,0.09402
2.62,3.88,2.3493,4.2835,0.00000,0.08743
2.88,3.88,3.2011,3.1853,0.00000,0.11673
3.12,3.88,3.2257,2.6099,0.00000,0.10588
3.38,3.88,3.2846,1.3848,0.00000,0.09321
3.62,3.88,3.1234,0.3094,0.00000,0.08116
3.88,3.88,3.1411,0.0312,0.00000,0.07708
4.12,3.88,2.9572,0.0060,0.00000,0.07141
4.38,3.88,2.9332,0.0095,0.00000,0.07134
4.62,3.88,2.7210,0.0141,0.00000,0.06976
4.88,3.88,2.7174,0.0085,0.00000,0.07193
5.12,3.88,2.7536,0.0022,0.00000,0.07256
5.38,3.88,2.7791,0.0025,0.00000,0.06990
5.62,3.88,2.9328,0.0085,0.00000,0.07003
5.88,3.88,2.9318,0.0130,0.00000,0.07015
6.12,3.88,3.1148,0.0090,0.00000,0.07635
6.38,3.88,3.0989,0.0077,0.00000,0.08184
6.62,3.88,3.2757,0.0141,0.00000,0.09405
6.88,3.88,3.2369,0.0271,0.00000,0.10287
7.12,3.88,3.2256,0.0390,0.00000,0.11101
7.38,3.88,2.3692,0.0310,0.00000,0.08310
2.62,4.12,2.3800,2.4384,0.00000,0.07801
2.88,4.12,3.2431,1.4019,0.00000,0.10394
3.12,4.12,3.2707,0.7463,0.00000,0.09493
3.38,4.12,3.3371,0.3348,0.00000,0.08487
3.62,4.12,3.1938,0.0770,0.00000,0.07302
3.88,4.12,3.2268,0.0108,0.00000,0.06770
4.12,4.12,3.0360,0.0061,0.00000,0.06235
4.38,4.12,3.0107,0.0146,0.00000,0.06215
4.62,4.12,2.7411,0.0214,0.00000,0.05840
4.88,4.12,2.7202,0.0126,0.00000,0.05842
5.12,4.12,2.7426,0.0029,0.00000,0.05913
5.38,4.12,2.7731,0.0016,0.00000,0.05899
5.62,4.12,2.9933,0.0052,0.00000,0.06198
5.88,4.12,3.0080,0.0088,0.00000,0.06333
6.12,4.12,3.2076,0.0075,0.00000,0.07015
6.38,4.12,3.1755,0.0083,0.00000,0.07567
6.62,4.12,3.3283,0.0151,0.00000,0.08683
6.88,4.12,3.2794,0.0278,0.00000,0.09410
7.12,4.12,3.2643,0.0398,0.00000,0.10075
7.38,4.12,2.3975,0.0341,0.00000,0.07531
2.62,4.38,2.4043,0.5574,0.00000,0.06936
2.88,4.38,3.2761,0.3023,0.00000,0.09267
3.12,4.38,3.3050,0.1239,0.00000,0.08621
3.38,4.38,3.3755,0.0518,0.00000,0.07899
3.62,4.38,3.2416,0.0202,0.00000,0.06800
3.88,4.38,3.2866,0.0090,0.00000,0.06261
4.12,4.38,3.0985,0.0120,0.00000,0.05736
4.38,4.38,3.0775,0.0307,0.00000,0.05688
4.62,4.38,2.7856,0.0449,0.00000,0.05253
4.88,4.38,2.7506,0.0264,0.00000,0.05074
5.12,4.38,2.7517,0.0059,0.00000,0.05032
5.38,4.38,2.7829,0.0009,0.00000,0.05122
5.62,4.38,3.0496,0.0019,0.00000,0.05584
5.88,4.38,3.0733,0.0047,0.00000,0.05843
6.12,4.38,3.2707,0.0073,0.00000,0.06581
6.38,4.38,3.2310,0.0121,0.00000,0.07161
6.62,4.38,3.3748,0.0263,0.00000,0.08255
6.88,4.38,3.3101,0.0501,0.00000,0.08934
7.12,4.38,3.2810,0.0774,0.00000,0.09536
7.38,4.38,2.4071,0.0955,0.00000,0.07120
2.62,4.62,2.4270,0.1037,0.00000,0.06258
2.88,4.62,3.3084,0.0828,0.00000,0.08356
3.12,4.62,3.3393,0.0558,0.00000,0.07745
3.38,4.62,3.4119,0.0402,0.00000,0.07083
3.62,4.62,3.2764,0.0294,0.00000,0.06187
3.88,4.62,3.3252,0.0204,0.00000,0.05833
4.12,4.62,3.1501,0.0243,0.00000,0.05395
4.38,4.62,3.1343,0.0471,0.00000,0.05316
4.62,4.62,2.8404,0.0640,0.00000,0.04878
4.88,4.62,2.7996,0.0376,0.00000,0.04675
5.12,4.62,2.7902,0.0090,0.00000,0.04599
5.38,4.62,2.8244,0.0020,0.00000,0.04696
5.62,4.62,3.1128,0.0026,0.00000,0.05203
5.88,4.62,3.1365,0.0064,0.00000,0.05512
6.12,4.62,3.3195,0.0118,0.00000,0.06216
6.38,4.62,3.2764,0.0245,0.00000,0.06746
6.62,4.62,3.4212,0.0701,0.00000,0.07792
6.88,4.62,3.3539,0.1436,0.00000,0.08534
7.12,4.62,3.3232,0.2408,0.00000,0.09181
7.38,4.62,2.4382,0.3671,0.00000,0.06862
2.62,4.88,2.4397,0.3637,0.00000,0.05874
2.88,4.88,3.3309,0.2264,0.00000,0.07839
3.12,4.88,3.3688,0.1251,0.00000,0.07210
3.38,4.88,3.4474,0.0752,0.00000,0.06517
3.62,4.88,3.3086,0.0483,0.00000,0.05679
3.88,4.88,3.3503,0.0329,0.00000,0.05357
4.12,4.88,3.1871,0.0332,0.00000,0.04996
4.38,4.88,3.1775,0.0479,0.00000,0.04946
4.62,4.88,2.9054,0.0580,0.00000,0.04597
4.88,4.88,2.8687,0.0350,0.00000,0.04485
5.12,4.88,2.8597,0.0116,0.00000,0.04428
5.38,4.88,2.8933,0.0069,0.00000,0.04502
5.62,4.88,3.1708,0.0084,0.00000,0.04994
5.88,4.88,3.1895,0.0120,0.00000,0.05347
6.12,4.88,3.3590,0.0188,0.00000,0.06015
6.38,4.88,3.3170,0.0416,0.00000,0.06404
6.62,4.88,3.4633,0.1314,0.00000,0.07303
6.88,4.88,3.4007,0.2843,0.00000,0.08137
7.12,4.88,3.3773,0.5133,0.00000,0.08884
7.38,4.88,2.4792,0.8398,0.00000,0.06655
2.62,5.12,2.4631,1.6626,0.00000,0.05613
2.88,5.12,3.3696,0.8495,0.00000,0.07516
3.12,5.12,3.4091,0.3039,0.00000,0.06962
3.38,5.12,3.4853,0.1144,0.00000,0.06309
3.62,5.12,3.3489,0.0527,0.00000,0.05420
3.88,5.12,3.3826,0.0316,0.00000,0.04981
4.12,5.12,3.2262,0.0309,0.00000,0.04659
4.38,5.12,3.2222,0.0409,0.00000,0.04700
4.62,5.12,2.9903,0.0486,0.00000,0.04523
4.88,5.12,2.9625,0.0342,0.00000,0.04567
5.12,5.12,2.9542,0.0190,0.00000,0.04540
5.38,5.12,2.9768,0.0161,0.00000,0.04523
5.62,5.12,3.2164,0.0175,0.00000,0.04934
5.88,5.12,3.2303,0.0189,0.00000,0.05373
6.12,5.12,3.3948,0.0274,0.00000,0.06095
6.38,5.12,3.3567,0.0537,0.00000,0.06304
6.62,5.12,3.4968,0.1482,0.00000,0.06957
6.88,5.12,3.4352,0.3558,0.00000,0.07792
7.12,5.12,3.4150,0.7812,0.00000,0.08595
7.38,5.12,2.5046,1.3896,0.00000,0.06452
2.62,5.38,2.4960,3.6651,0.00000,0.05513
2.88,5.38,3.4220,1.7665,0.00000,0.07399
3.12,5.38,3.4561,0.4996,0.00000,0.06929
3.38,5.38,3.5138,0.1252,0.00000,0.06329
3.62,5.38,3.3783,0.0480,0.00000,0.05350
3.88,5.38,3.4070,0.0293,0.00000,0.04771
4.12,5.38,3.2659,0.0303,0.00000,0.04489
4.38,5.38,3.2729,0.0366,0.00000,0.04595
4.62,5.38,3.0844,0.0398,0.00000,0.04492
4.88,5.38,3.0637,0.0325,0.00000,0.04653
5.12,5.38,3.0578,0.0251,0.00000,0.04749
5.38,5.38,3.0711,0.0242,0.00000,0.04758
5.62,5.38,3.2640,0.0254,0.00000,0.05114
5.88,5.38,3.2724,0.0253,0.00000,0.05495
6.12,5.38,3.4318,0.0377,0.00000,0.06146
6.38,5.38,3.3959,0.0650,0.00000,0.06274
6.62,5.38,3.5305,0.1379,0.00000,0.06837
6.88,5.38,3.4721,0.4146,0.00000,0.07657
7.12,5.38,3.4497,1.2236,0.00000,0.08441
7.38,5.38,2.5246,2.3880,0.00000,0.06331
2.62,5.62,2.5236,4.4433,0.00000,0.05323
2.88,5.62,3.4706,2.1347,0.00000,0.07165
3.12,5.62,3.5060,0.5721,0.00000,0.06807
3.38,5.62,3.5443,0.1247,0.00000,0.06288
3.62,5.62,3.4069,0.0520,0.00000,0.05273
3.88,5.62,3.4288,0.0337,0.00000,0.04630
4.12,5.62,3.3037,0.0332,0.00000,0.04408
4.38,5.62,3.3255,0.0384,0.00000,0.04542
4.62,5.62,3.1836,0.0379,0.00000,0.04377
4.88,5.62,3.1686,0.0308,0.00000,0.04473
5.12,5.62,3.1663,0.0262,0.00000,0.04729
5.38,5.62,3.1786,0.0305,0.00000,0.05016
5.62,5.62,3.3304,0.0334,0.00000,0.05377
5.88,5.62,3.3257,0.0301,0.00000,0.05430
6.12,5.62,3.4606,0.0433,0.00000,0.05770
6.38,5.62,3.4224,0.0771,0.00000,0.06056
6.62,5.62,3.5600,0.1600,0.00000,0.06858
6.88,5.62,3.5088,0.5531,0.00000,0.07717
7.12,5.62,3.4805,1.8144,0.00000,0.08425
7.38,5.62,2.5404,3.6306,0.00000,0.06288
2.62,5.88,2.5475,3.9521,0.00000,0.04835
2.88,5.88,3.5173,1.9680,0.00000,0.06538
3.12,5.88,3.5595,0.5787,0.00000,0.06237
3.38,5.88,3.5851,0.1533,0.00000,0.05770
3.62,5.88,3.4472,0.0766,0.00000,0.04925
3.88,5.88,3.4603,0.0498,0.00000,0.04434
4.12,5.88,3.3457,0.0439,0.00000,0.04352
4.38,5.88,3.3768,0.0469,0.00000,0.04553
4.62,5.88,3.2816,0.0436,0.00000,0.04290
4.88,5.88,3.2776,0.0351,0.00000,0.04229
5.12,5.88,3.2734,0.0314,0.00000,0.04538
5.38,5.88,3.2805,0.0384,0.00000,0.05030
5.62,5.88,3.4021,0.0409,0.00000,0.05389
5.88,5.88,3.3872,0.0359,0.00000,0.05265
6.12,5.88,3.4912,0.0503,0.00000,0.05445
6.38,5.88,3.4478,0.0973,0.00000,0.05896
6.62,5.88,3.5862,0.2171,0.00000,0.06864
6.88,5.88,3.5417,0.7068,0.00000,0.07622
7.12,5.88,3.5113,2.2098,0.00000,0.08161
7.38,5.88,2.5583,4.3430,0.00000,0.06046
2.62,6.12,2.5636,3.4310,0.00000,0.04415
2.88,6.12,3.5516,1.8078,0.00000,0.05998
3.12,6.12,3.6046,0.6157,0.00000,0.05711
3.38,6.12,3.6284,0.2087,0.00000,0.05286
3.62,6.12,3.4942,0.1178,0.00000,0.04644
3.88,6.12,3.5016,0.0779,0.00000,0.04274
4.12,6.12,3.4007,0.0649,0.00000,0.04228
4.38,6.12,3.4362,0.0623,0.00000,0.04440
4.62,6.12,3.3689,0.0524,0.00000,0.04166
4.88,6.12,3.3743,0.0416,0.00000,0.04035
5.12,6.12,3.3728,0.0411,0.00000,0.04264
5.38,6.12,3.3735,0.0498,0.00000,0.04713
5.62,6.12,3.4692,0.0515,0.00000,0.05114
5.88,6.12,3.4421,0.0492,0.00000,0.05106
6.12,6.12,3.5314,0.0717,0.00000,0.05375
6.38,6.12,3.4979,0.1418,0.00000,0.05928
6.62,6.12,3.6297,0.3087,0.00000,0.06880
6.88,6.12,3.5724,0.8658,0.00000,0.07440
7.12,6.12,3.5331,2.4411,0.00000,0.07802
7.38,6.12,2.5712,4.6205,0.00000,0.05745
2.62,6.38,2.5905,3.2950,0.00000,0.04383
2.88,6.38,3.5964,1.8342,0.00000,0.05958
3.12,6.38,3.6500,0.6981,0.00000,0.05627
3.38,6.38,3.6640,0.2633,0.00000,0.05161
3.62,6.38,3.5349,0.1490,0.00000,0.04546
3.88,6.38,3.5406,0.1026,0.00000,0.04158
4.12,6.38,3.4539,0.0863,0.00000,0.04037
4.38,6.38,3.4977,0.0777,0.00000,0.04148
4.62,6.38,3.4481,0.0623,0.00000,0.03939
4.88,6.38,3.4597,0.0510,0.00000,0.03898
5.12,6.38,3.4655,0.0559,0.00000,0.04098
5.38,6.38,3.4540,0.0676,0.00000,0.04414
5.62,6.38,3.5228,0.0713,0.00000,0.04819
5.88,6.38,3.4878,0.0757,0.00000,0.04995
6.12,6.38,3.5762,0.1091,0.00000,0.05445
6.38,6.38,3.5488,0.2065,0.00000,0.06058
6.62,6.38,3.6736,0.4327,0.00000,0.06950
6.88,6.38,3.6122,1.0715,0.00000,0.07342
7.12,6.38,3.5654,2.7097,0.00000,0.07549
7.38,6.38,2.5926,4.9104,0.00000,0.05526
2.62,6.62,2.6115,3.6097,0.00000,0.04462
2.88,6.62,3.6341,2.0845,0.00000,0.06056
3.12,6.62,3.6902,0.8394,0.00000,0.05665
3.38,6.62,3.6941,0.3208,0.00000,0.05086
3.62,6.62,3.5700,0.1725,0.00000,0.04413
3.88,6.62,3.5818,0.1285,0.00000,0.04058
4.12,6.62,3.5065,0.1155,0.00000,0.03917
4.38,6.62,3.5566,0.0985,0.00000,0.03921
4.62,6.62,3.5236,0.0781,0.00000,0.03791
4.88,6.62,3.5392,0.0699,0.00000,0.03865
5.12,6.62,3.5483,0.0826,0.00000,0.04068
5.38,6.62,3.5178,0.0965,0.00000,0.04301
5.62,6.62,3.5702,0.0995,0.00000,0.04673
5.88,6.62,3.5411,0.1092,0.00000,0.04951
6.12,6.62,3.6253,0.1498,0.00000,0.05513
6.38,6.62,3.5787,0.2741,0.00000,0.06185
6.62,6.62,3.6952,0.5727,0.00000,0.07098
6.88,6.62,3.6474,1.3744,0.00000,0.07340
7.12,6.62,3.6021,3.3776,0.00000,0.07369
7.38,6.62,2.6214,6.0541,0.00000,0.05363
2.62,6.88,2.6354,4.4742,0.00000,0.04414
2.88,6.88,3.6723,2.6091,0.00000,0.06015
3.12,6.88,3.7276,1.0595,0.00000,0.05654
3.38,6.88,3.7173,0.4029,0.00000,0.05038
3.62,6.88,3.6006,0.2139,0.00000,0.04354
3.88,6.88,3.6345,0.1657,0.00000,0.04056
4.12,6.88,3.5688,0.1508,0.00000,0.03863
4.38,6.88,3.6177,0.1237,0.00000,0.03783
4.62,6.88,3.5980,0.1012,0.00000,0.03739
4.88,6.88,3.6115,0.0979,0.00000,0.03844
5.12,6.88,3.6168,0.1212,0.00000,0.04006
5.38,6.88,3.5773,0.1374,0.00000,0.04181
5.62,6.88,3.6232,0.1350,0.00000,0.04455
5.88,6.88,3.5933,0.1462,0.00000,0.04755
6.12,6.88,3.6712,0.1914,0.00000,0.05350
6.38,6.88,3.6100,0.3425,0.00000,0.06088
6.62,6.88,3.7197,0.7176,0.00000,0.07096
6.88,6.88,3.6733,1.7227,0.00000,0.07340
7.12,6.88,3.6299,4.2660,0.00000,0.07349
7.38,6.88,2.6474,7.6718,0.00000,0.05375
2.62,7.12,2.6454,6.3643,0.00000,0.04328
2.88,7.12,3.6868,3.6228,0.00000,0.05928
3.12,7.12,3.7476,1.4103,0.00000,0.05653
3.38,7.12,3.7393,0.5250,0.00000,0.05123
3.62,7.12,3.6307,0.2886,0.00000,0.04513
3.88,7.12,3.6832,0.2283,0.00000,0.04247
4.12,7.12,3.6315,0.2018,0.00000,0.03955
4.38,7.12,3.6811,0.1621,0.00000,0.03765
4.62,7.12,3.6656,0.1355,0.00000,0.03719
4.88,7.12,3.6820,0.1376,0.00000,0.03821
5.12,7.12,3.6855,0.1756,0.00000,0.03990
5.38,7.12,3.6386,0.1927,0.00000,0.04118
5.62,7.12,3.6774,0.1799,0.00000,0.04279
5.88,7.12,3.6366,0.1878,0.00000,0.04557
6.12,7.12,3.7087,0.2414,0.00000,0.05157
6.38,7.12,3.6410,0.4305,0.00000,0.06040
6.62,7.12,3.7498,0.8882,0.00000,0.07246
6.88,7.12,3.6974,2.0849,0.00000,0.07493
7.12,7.12,3.6513,5.1041,0.00000,0.07458
7.38,7.12,2.6624,9.1156,0.00000,0.05462
2.62,7.38,2.6665,9.1939,0.00000,0.04364
2.88,7.38,3.7135,5.0978,0.00000,0.05951
3.12,7.38,3.7734,1.8955,0.00000,0.05651
3.38,7.38,3.7663,0.6822,0.00000,0.05147
3.62,7.38,3.6612,0.3825,0.00000,0.04645
3.88,7.38,3.7196,0.3149,0.00000,0.04466
4.12,7.38,3.6783,0.2796,0.00000,0.04149
4.38,7.38,3.7336,0.2225,0.00000,0.03884
4.62,7.38,3.7193,0.1832,0.00000,0.03772
4.88,7.38,3.7431,0.1942,0.00000,0.03877
5.12,7.38,3.7479,0.2558,0.00000,0.04092
5.38,7.38,3.6970,0.2712,0.00000,0.04199
5.62,7.38,3.7308,0.2399,0.00000,0.04336
5.88,7.38,3.6742,0.2424,0.00000,0.04600
6.12,7.38,3.7388,0.3166,0.00000,0.05235
6.38,7.38,3.6659,0.5754,0.00000,0.06373
6.62,7.38,3.7773,1.1699,0.00000,0.07836
6.88,7.38,3.7193,2.5672,0.00000,0.07870
7.12,7.38,3.6680,5.9003,0.00000,0.07541
7.38,7.38,2.6710,10.2424,0.00000,0.05442
2.62,7.62,2.6844,11.6578,0.00000,0.04152
2.88,7.62,3.7375,6.4608,0.00000,0.05707
3.12,7.62,3.7996,2.4196,0.00000,0.05559
3.38,7.62,3.7949,0.8744,0.00000,0.05142
3.62,7.62,3.6922,0.4789,0.00000,0.04644
3.88,7.62,3.7559,0.4023,0.00000,0.04538
4.12,7.62,3.7155,0.3630,0.00000,0.04292
4.38,7.62,3.7683,0.3000,0.00000,0.04079
4.62,7.62,3.7560,0.2545,0.00000,0.03928
4.88,7.62,3.7906,0.2820,0.00000,0.04047
5.12,7.62,3.7983,0.3711,0.00000,0.04341
5.38,7.62,3.7461,0.3779,0.00000,0.04454
5.62,7.62,3.7773,0.3252,0.00000,0.04581
5.88,7.62,3.7159,0.3276,0.00000,0.04818
6.12,7.62,3.7808,0.4364,0.00000,0.05524
6.38,7.62,3.6944,0.7966,0.00000,0.06951
6.62,7.62,3.7983,1.6013,0.00000,0.08637
6.88,7.62,3.7357,3.2252,0.00000,0.08234
7.12,7.62,3.6857,6.6648,0.00000,0.07367
7.38,7.62,2.6876,10.9966,0.00000,0.05183
2.62,7.88,2.7043,12.3916,0.00000,0.03988
2.88,7.88,3.7598,7.1006,0.00000,0.05575
3.12,7.88,3.8262,2.8605,0.00000,0.05658
3.38,7.88,3.8267,1.1237,0.00000,0.05386
3.62,7.88,3.7247,0.6344,0.00000,0.04891
3.88,7.88,3.7977,0.5439,0.00000,0.04895
4.12,7.88,3.7551,0.4889,0.00000,0.04724
4.38,7.88,3.8011,0.4169,0.00000,0.04508
4.62,7.88,3.7902,0.3680,0.00000,0.04239
4.88,7.88,3.8297,0.4184,0.00000,0.04373
5.12,7.88,3.8375,0.5413,0.00000,0.04782
5.38,7.88,3.7867,0.5385,0.00000,0.04846
5.62,7.88,3.8165,0.4598,0.00000,0.04879
5.88,7.88,3.7508,0.4690,0.00000,0.05130
6.12,7.88,3.8143,0.6313,0.00000,0.06018
6.38,7.88,3.7228,1.1224,0.00000,0.07850
6.62,7.88,3.8235,2.2091,0.00000,0.09872
6.88,7.88,3.7534,4.0878,0.00000,0.08910
7.12,7.88,3.6981,7.4169,0.00000,0.07301
7.38,7.88,2.7023,11.3787,0.00000,0.04961
2.62,8.12,2.7236,12.5175,0.00000,0.04084
2.88,8.12,3.7738,7.5107,0.00000,0.05783
3.12,8.12,3.8418,3.3104,0.00000,0.06117
3.38,8.12,3.8516,1.4531,0.00000,0.06105
3.62,8.12,3.7562,0.8865,0.00000,0.05690
3.88,8.12,3.8415,0.7796,0.00000,0.05760
4.12,8.12,3.7968,0.6935,0.00000,0.05479
4.38,8.12,3.8367,0.6040,0.00000,0.05093
4.62,8.12,3.8239,0.5453,0.00000,0.04663
4.88,8.12,3.8564,0.6026,0.00000,0.04842
5.12,8.12,3.8635,0.7631,0.00000,0.05421
5.38,8.12,3.8187,0.7780,0.00000,0.05473
5.62,8.12,3.8489,0.6868,0.00000,0.05402
5.88,8.12,3.7806,0.7123,0.00000,0.05641
6.12,8.12,3.8400,0.9294,0.00000,0.06672
6.38,8.12,3.7433,1.5596,0.00000,0.08882
6.62,8.12,3.8425,2.9979,0.00000,0.11321
6.88,8.12,3.7785,5.2039,0.00000,0.09984
7.12,8.12,3.7225,8.3422,0.00000,0.07755
7.38,8.12,2.7233,11.7500,0.00000,0.05131
2.62,8.38,2.7446,13.3820,0.00000,0.04374
2.88,8.38,3.7949,8.3007,0.00000,0.06322
3.12,8.38,3.8599,3.9112,0.00000,0.07114
3.38,8.38,3.8688,1.9061,0.00000,0.07523
3.62,8.38,3.7816,1.2702,0.00000,0.07064
3.88,8.38,3.8754,1.1286,0.00000,0.06938
4.12,8.38,3.8291,0.9900,0.00000,0.06303
4.38,8.38,3.8638,0.8808,0.00000,0.05657
4.62,8.38,3.8487,0.8119,0.00000,0.05138
4.88,8.38,3.8740,0.8601,0.00000,0.05425
5.12,8.38,3.8816,1.0563,0.00000,0.06249
5.38,8.38,3.8426,1.1041,0.00000,0.06438
5.62,8.38,3.8742,1.0169,0.00000,0.06354
5.88,8.38,3.8102,1.0689,0.00000,0.06539
6.12,8.38,3.8665,1.3309,0.00000,0.07661
6.38,8.38,3.7618,2.0739,0.00000,0.10320
6.62,8.38,3.8584,3.8399,0.00000,0.13298
6.88,8.38,3.8031,6.3830,0.00000,0.11529
7.12,8.38,3.7451,9.3978,0.00000,0.08557
7.38,8.38,2.7417,12.2806,0.00000,0.05533
2.62,8.62,2.7675,14.5982,0.00000,0.04681
2.88,8.62,3.8262,9.3002,0.00000,0.06958
3.12,8.62,3.8880,4.6388,0.00000,0.08401
3.38,8.62,3.8832,2.5251,0.00000,0.09381
3.62,8.62,3.7949,1.8444,0.00000,0.08810
3.88,8.62,3.8879,1.6242,0.00000,0.08408
4.12,8.62,3.8465,1.3925,0.00000,0.07456
4.38,8.62,3.8777,1.2494,0.00000,0.06616
4.62,8.62,3.8615,1.1635,0.00000,0.05980
4.88,8.62,3.8901,1.1905,0.00000,0.06328
5.12,8.62,3.9005,1.4096,0.00000,0.07440
5.38,8.62,3.8624,1.4761,0.00000,0.07795
5.62,8.62,3.8936,1.3977,0.00000,0.07674
5.88,8.62,3.8323,1.5021,0.00000,0.07840
6.12,8.62,3.8873,1.8559,0.00000,0.09161
6.38,8.62,3.7831,2.7235,0.00000,0.12302
6.62,8.62,3.8780,4.7481,0.00000,0.15771
6.88,8.62,3.8282,7.6361,0.00000,0.13313
7.12,8.62,3.7717,10.8407,0.00000,0.09342
7.38,8.62,2.7697,13.6245,0.00000,0.05885
2.62,8.88,2.7891,15.5360,0.00000,0.04995
2.88,8.88,3.8574,10.3205,0.00000,0.07581
3.12,8.88,3.9230,5.6002,0.00000,0.09650
3.38,8.88,3.9116,3.4112,0.00000,0.11233
3.62,8.88,3.8158,2.6408,0.00000,0.10780
3.88,8.88,3.8919,2.2587,0.00000,0.10291
4.12,8.88,3.8550,1.8686,0.00000,0.09077
4.38,8.88,3.8893,1.6848,0.00000,0.08134
4.62,8.88,3.8731,1.5884,0.00000,0.07356
4.88,8.88,3.8984,1.5859,0.00000,0.07668
5.12,8.88,3.9085,1.8251,0.00000,0.09054
5.38,8.88,3.8702,1.9152,0.00000,0.09501
5.62,8.88,3.9054,1.8463,0.00000,0.09309
5.88,8.88,3.8582,2.0334,0.00000,0.09575
6.12,8.88,3.9133,2.5771,0.00000,0.11158
6.38,8.88,3.8063,3.6432,0.00000,0.14482
6.62,8.88,3.8937,5.8720,0.00000,0.18148
6.88,8.88,3.8365,9.0916,0.00000,0.15140
7.12,8.88,3.7753,12.6385,0.00000,0.10216
7.38,8.88,2.7808,15.5491,0.00000,0.06240
2.62,9.12,2.8096,16.8307,0.00000,0.05367
2.88,9.12,3.8809,11.6761,0.00000,0.08339
3.12,9.12,3.9559,6.8941,0.00000,0.11259
3.38,9.12,3.9471,4.5621,0.00000,0.13603
3.62,9.12,3.8463,3.6270,0.00000,0.13289
3.88,9.12,3.8987,3.0184,0.00000,0.12652
4.12,9.12,3.8594,2.4222,0.00000,0.11127
4.38,9.12,3.8993,2.1955,0.00000,0.10076
4.62,9.12,3.8863,2.1077,0.00000,0.09121
4.88,9.12,3.9038,2.0852,0.00000,0.09349
5.12,9.12,3.9095,2.3571,0.00000,0.10932
5.38,9.12,3.8672,2.4872,0.00000,0.11339
5.62,9.12,3.9056,2.4371,0.00000,0.11040
5.88,9.12,3.8727,2.7321,0.00000,0.11552
6.12,9.12,3.9310,3.5166,0.00000,0.13531
6.38,9.12,3.8333,4.8443,0.00000,0.17023
6.62,9.12,3.9180,7.2664,0.00000,0.20827
6.88,9.12,3.8521,10.7507,0.00000,0.17303
7.12,9.12,3.7840,14.3918,0.00000,0.11372
7.38,9.12,2.7890,17.0025,0.00000,0.06708
2.62,9.38,2.8389,18.2577,0.00000,0.05799
2.88,9.38,3.8993,13.1761,0.00000,0.09391
3.12,9.38,3.9766,8.3495,0.00000,0.13672
3.38,9.38,3.9650,5.8582,0.00000,0.17122
3.62,9.38,3.8643,4.7263,0.00000,0.16731
3.88,9.38,3.9071,3.8876,0.00000,0.15643
4.12,9.38,3.8684,3.1084,0.00000,0.13591
4.38,9.38,3.9100,2.8295,0.00000,0.12223
4.62,9.38,3.8988,2.7429,0.00000,0.11062
4.88,9.38,3.9101,2.7152,0.00000,0.11258
5.12,9.38,3.9144,3.0345,0.00000,0.13006
5.38,9.38,3.8631,3.2050,0.00000,0.13279
5.62,9.38,3.8973,3.1955,0.00000,0.12915
5.88,9.38,3.8688,3.6167,0.00000,0.13813
6.12,9.38,3.9319,4.5572,0.00000,0.16326
6.38,9.38,3.8505,6.0407,0.00000,0.20080
6.62,9.38,3.9416,8.6459,0.00000,0.24110
6.88,9.38,3.8878,12.3786,0.00000,0.19947
7.12,9.38,3.8121,15.9584,0.00000,0.12768
7.38,9.38,2.7959,17.9714,0.00000,0.07247
2.62,9.62,2.8676,18.7249,0.00000,0.06111
2.88,9.62,3.9187,14.3610,0.00000,0.10552
3.12,9.62,3.9918,9.8963,0.00000,0.16544
3.38,9.62,3.9649,7.2605,0.00000,0.21230
3.62,9.62,3.8692,5.8698,0.00000,0.20661
3.88,9.62,3.9235,4.8608,0.00000,0.19204
4.12,9.62,3.8902,3.9619,0.00000,0.16685
4.38,9.62,3.9271,3.6015,0.00000,0.14804
4.62,9.62,3.9163,3.4800,0.00000,0.13314
4.88,9.62,3.9216,3.4539,0.00000,0.13592
5.12,9.62,3.9269,3.8379,0.00000,0.15585
5.38,9.62,3.8700,4.0651,0.00000,0.15637
5.62,9.62,3.8992,4.1266,0.00000,0.15240
5.88,9.62,3.8646,4.6571,0.00000,0.16585
6.12,9.62,3.9275,5.6058,0.00000,0.19568
6.38,9.62,3.8574,7.0491,0.00000,0.23269
6.62,9.62,3.9560,9.8043,0.00000,0.27442
6.88,9.62,3.9320,13.9286,0.00000,0.22738
7.12,9.62,3.8583,18.0032,0.00000,0.14203
7.38,9.62,2.8175,20.2322,0.00000,0.07756
2.62,9.88,2.8846,19.3209,0.00000,0.06384
2.88,9.88,3.9432,15.7916,0.00000,0.11908
3.12,9.88,4.0156,11.7492,0.00000,0.19824
3.38,9.88,3.9671,8.8272,0.00000,0.25578
3.62,9.88,3.8736,7.0730,0.00000,0.24613
3.88,9.88,3.9366,5.9315,0.00000,0.22908
4.12,9.88,3.9071,4.9298,0.00000,0.20190
4.38,9.88,3.9347,4.4707,0.00000,0.17953
4.62,9.88,3.9245,4.2920,0.00000,0.16117
4.88,9.88,3.9319,4.2375,0.00000,0.16280
5.12,9.88,3.9402,4.6702,0.00000,0.18271
5.38,9.88,3.8833,4.9964,0.00000,0.18171
5.62,9.88,3.9108,5.1877,0.00000,0.17919
5.88,9.88,3.8702,5.8627,0.00000,0.19895
6.12,9.88,3.9306,6.8276,0.00000,0.23539
6.38,9.88,3.8673,8.1930,0.00000,0.27355
6.62,9.88,3.9689,11.0453,0.00000,0.31444
6.88,9.88,3.9502,15.6013,0.00000,0.25347
7.12,9.88,3.8709,20.6784,0.00000,0.15200
7.38,9.88,2.8257,24.0139,0.00000,0.08074
2.62,10.12,2.9077,21.3410,0.00000,0.06833
2.88,10.12,3.9699,17.9748,0.00000,0.13583
3.12,10.12,4.0412,13.8996,0.00000,0.23526
3.38,10.12,3.9708,10.5523,0.00000,0.30137
3.62,10.12,3.8769,8.3984,0.00000,0.28497
3.88,10.12,3.9400,7.0760,0.00000,0.26445
4.12,10.12,3.9109,5.9563,0.00000,0.23720
4.38,10.12,3.9287,5.4277,0.00000,0.21486
4.62,10.12,3.9220,5.2167,0.00000,0.19346
4.88,10.12,3.9350,5.1458,0.00000,0.18980
5.12,10.12,3.9438,5.6065,0.00000,0.20694
5.38,10.12,3.8895,6.0145,0.00000,0.20760
5.62,10.12,3.9176,6.3040,0.00000,0.20810
5.88,10.12,3.8722,7.1234,0.00000,0.23140
6.12,10.12,3.9311,8.2386,0.00000,0.27519
6.38,10.12,3.8775,9.6906,0.00000,0.32206
6.62,10.12,3.9824,12.6332,0.00000,0.36227
6.88,10.12,3.9667,17.4689,0.00000,0.27658
7.12,10.12,3.8846,23.0562,0.00000,0.15547
7.38,10.12,2.8383,26.7395,0.00000,0.08044
2.62,10.38,2.9382,23.1271,0.00000,0.07241
2.88,10.38,3.9928,19.9113,0.00000,0.15107
3.12,10.38,4.0607,15.8160,0.00000,0.27031
3.38,10.38,3.9692,12.2325,0.00000,0.34576
3.62,10.38,3.8774,9.8150,0.00000,0.32495
3.88,10.38,3.9407,8.3167,0.00000,0.30180
4.12,10.38,3.9133,7.0768,0.00000,0.27451
4.38,10.38,3.9263,6.4744,0.00000,0.25343
4.62,10.38,3.9212,6.2642,0.00000,0.22922
4.88,10.38,3.9310,6.2445,0.00000,0.21847
5.12,10.38,3.9386,6.7088,0.00000,0.23377
5.38,10.38,3.8861,7.1175,0.00000,0.23784
5.62,10.38,3.9142,7.4443,0.00000,0.23926
5.88,10.38,3.8694,8.3819,0.00000,0.26274
6.12,10.38,3.9295,9.7695,0.00000,0.31359
6.38,10.38,3.8841,11.5032,0.00000,0.36719
6.62,10.38,3.9869,14.5073,0.00000,0.40430
6.88,10.38,3.9812,19.4079,0.00000,0.29702
7.12,10.38,3.8965,24.9473,0.00000,0.15803
7.38,10.38,2.8522,28.1271,0.00000,0.07995
2.62,10.62,2.9831,24.4877,0.00000,0.07762
2.88,10.62,4.0307,21.5776,0.00000,0.16752
3.12,10.62,4.0910,17.5625,0.00000,0.30453
3.38,10.62,3.9686,13.9047,0.00000,0.38659
3.62,10.62,3.8758,11.3593,0.00000,0.36379
3.88,10.62,3.9397,9.7095,0.00000,0.34216
4.12,10.62,3.9183,8.3447,0.00000,0.31555
4.38,10.62,3.9318,7.6447,0.00000,0.29267
4.62,10.62,3.9228,7.4357,0.00000,0.26455
4.88,10.62,3.9155,7.4979,0.00000,0.24771
5.12,10.62,3.9242,7.9474,0.00000,0.26167
5.38,10.62,3.8919,8.3034,0.00000,0.26943
5.62,10.62,3.9205,8.6248,0.00000,0.27123
5.88,10.62,3.8684,9.6602,0.00000,0.29344
6.12,10.62,3.9256,11.3138,0.00000,0.34826
6.38,10.62,3.8877,13.3305,0.00000,0.40218
6.62,10.62,3.9860,16.4355,0.00000,0.43715
6.88,10.62,3.9876,21.5509,0.00000,0.32136
7.12,10.62,3.9049,27.5611,0.00000,0.16821
7.38,10.62,2.8846,31.1307,0.00000,0.08418
2.62,10.88,3.0246,26.7050,0.00000,0.08245
2.88,10.88,4.0564,23.6478,0.00000,0.18319
3.12,10.88,4.1152,19.4792,0.00000,0.33710
3.38,10.88,3.9729,15.7481,0.00000,0.42427
3.62,10.88,3.8782,13.1363,0.00000,0.39801
3.88,10.88,3.9365,11.3135,0.00000,0.37589
4.12,10.88,3.9212,9.8191,0.00000,0.35041
4.38,10.88,3.9383,9.0454,0.00000,0.32582
4.62,10.88,3.9282,8.8223,0.00000,0.29403
4.88,10.88,3.9089,8.9162,0.00000,0.27545
5.12,10.88,3.9153,9.3179,0.00000,0.29012
5.38,10.88,3.8976,9.6079,0.00000,0.30030
5.62,10.88,3.9252,9.8822,0.00000,0.30286
5.88,10.88,3.8700,10.9697,0.00000,0.32591
6.12,10.88,3.9186,12.7527,0.00000,0.38446
6.38,10.88,3.8837,14.9128,0.00000,0.43741
6.62,10.88,3.9803,18.2766,0.00000,0.47324
6.88,10.88,3.9946,23.9104,0.00000,0.35473
7.12,10.88,3.9204,30.9038,0.00000,0.18496
7.38,10.88,2.9429,35.7029,0.00000,0.08965
2.62,11.12,3.0696,29.5816,0.00000,0.08414
2.88,11.12,4.0734,26.1628,0.00000,0.19109
3.12,11.12,4.1274,21.6801,0.00000,0.35880
3.38,11.12,3.9766,17.8079,0.00000,0.45655
3.62,11.12,3.8839,15.1050,0.00000,0.42677
3.88,11.12,3.9361,13.0622,0.00000,0.39360
4.12,11.12,3.9222,11.4665,0.00000,0.36648
4.38,11.12,3.9388,10.6973,0.00000,0.34821
4.62,11.12,3.9334,10.5004,0.00000,0.32036
4.88,11.12,3.9075,10.5540,0.00000,0.30302
5.12,11.12,3.9108,10.8502,0.00000,0.31772
5.38,11.12,3.9059,11.0494,0.00000,0.32708
5.62,11.12,3.9303,11.2276,0.00000,0.33156
5.88,11.12,3.8685,12.3231,0.00000,0.35915
6.12,11.12,3.9034,14.1892,0.00000,0.42209
6.38,11.12,3.8677,16.4076,0.00000,0.47059
6.62,11.12,3.9656,20.0825,0.00000,0.50454
6.88,11.12,4.0173,26.2763,0.00000,0.38689
7.12,11.12,3.9561,33.9423,0.00000,0.20206
7.38,11.12,3.0170,39.5277,0.00000,0.09286
2.62,11.38,3.1107,32.4260,0.00000,0.08379
2.88,11.38,4.0727,28.6927,0.00000,0.19565
3.12,11.38,4.1293,23.9363,0.00000,0.37542
3.38,11.38,3.9820,19.9977,0.00000,0.48433
3.62,11.38,3.8926,17.2611,0.00000,0.45091
3.88,11.38,3.9384,14.9886,0.00000,0.40491
4.12,11.38,3.9233,13.2646,0.00000,0.37688
4.38,11.38,3.9282,12.4526,0.00000,0.36633
4.62,11.38,3.9246,12.3037,0.00000,0.34391
4.88,11.38,3.8947,12.3580,0.00000,0.32908
5.12,11.38,3.8981,12.5536,0.00000,0.34274
5.38,11.38,3.9077,12.6697,0.00000,0.34818
5.62,11.38,3.9263,12.7741,0.00000,0.35436
5.88,11.38,3.8636,13.8462,0.00000,0.38791
6.12,11.38,3.8864,15.8238,0.00000,0.45642
6.38,11.38,3.8414,18.1480,0.00000,0.50411
6.62,11.38,3.9383,21.9694,0.00000,0.53553
6.88,11.38,4.0510,28.4512,0.00000,0.41463
7.12,11.38,4.0034,36.2966,0.00000,0.21475
7.38,11.38,3.0962,41.9097,0.00000,0.09276
2.62,11.62,3.1642,35.3333,0.00000,0.08408
2.88,11.62,4.0709,31.3177,0.00000,0.20103
3.12,11.62,4.1256,26.2378,0.00000,0.38952
3.38,11.62,3.9789,22.1873,0.00000,0.50214
3.62,11.62,3.8932,19.4400,0.00000,0.46544
3.88,11.62,3.9310,17.0098,0.00000,0.41423
4.12,11.62,3.9213,15.1629,0.00000,0.38696
4.38,11.62,3.9206,14.1927,0.00000,0.37765
4.62,11.62,3.9158,14.0254,0.00000,0.35875
4.88,11.62,3.8775,14.1861,0.00000,0.34856
5.12,11.62,3.8807,14.4291,0.00000,0.36248
5.38,11.62,3.9044,14.5776,0.00000,0.36799
5.62,11.62,3.9175,14.6525,0.00000,0.37517
5.88,11.62,3.8552,15.6582,0.00000,0.40722
6.12,11.62,3.8671,17.7404,0.00000,0.47866
6.38,11.62,3.8305,20.2708,0.00000,0.53531
6.62,11.62,3.9276,24.0460,0.00000,0.56531
6.88,11.62,4.0741,30.4825,0.00000,0.43146
7.12,11.62,4.0408,38.4066,0.00000,0.21852
7.38,11.62,3.2053,43.9491,0.00000,0.09091
2.62,11.88,3.2096,37.3380,0.00000,0.08525
2.88,11.88,4.0626,33.7082,0.00000,0.20624
3.12,11.88,4.1181,28.6324,0.00000,0.39960
3.38,11.88,3.9716,24.4458,0.00000,0.51169
3.62,11.88,3.8914,21.6323,0.00000,0.47342
3.88,11.88,3.9241,19.0641,0.00000,0.42087
4.12,11.88,3.9231,17.1118,0.00000,0.39400
4.38,11.88,3.9259,15.9719,0.00000,0.38326
4.62,11.88,3.9282,15.7572,0.00000,0.36704
4.88,11.88,3.8837,16.0122,0.00000,0.35856
5.12,11.88,3.8797,16.3799,0.00000,0.37102
5.38,11.88,3.8933,16.6124,0.00000,0.38203
5.62,11.88,3.8982,16.6593,0.00000,0.39284
5.88,11.88,3.8554,17.6424,0.00000,0.42272
6.12,11.88,3.8665,19.8571,0.00000,0.49579
6.38,11.88,3.8438,22.6051,0.00000,0.55907
6.62,11.88,3.9291,26.2656,0.00000,0.58235
6.88,11.88,4.0585,32.5924,0.00000,0.43310
7.12,11.88,4.0337,40.8807,0.00000,0.21355
7.38,11.88,3.3095,46.9445,0.00000,0.08781
2.62,12.12,3.2827,39.3999,0.00000,0.08519
2.88,12.12,4.0805,36.1473,0.00000,0.20740
3.12,12.12,4.1260,31.0252,0.00000,0.40162
3.38,12.12,3.9609,26.6837,0.00000,0.51209
3.62,12.12,3.8842,23.8133,0.00000,0.47478
3.88,12.12,3.9153,21.0890,0.00000,0.42244
4.12,12.12,3.9255,19.0387,0.00000,0.39528
4.38,12.12,3.9336,17.8145,0.00000,0.38266
4.62,12.12,3.9492,17.6280,0.00000,0.36923
4.88,12.12,3.9091,17.9685,0.00000,0.36154
5.12,12.12,3.8960,18.3901,0.00000,0.37233
5.38,12.12,3.8815,18.5988,0.00000,0.38594
5.62,12.12,3.8768,18.5714,0.00000,0.39939
5.88,12.12,3.8703,19.5968,0.00000,0.43133
6.12,12.12,3.8869,21.9344,0.00000,0.50546
6.38,12.12,3.8708,24.8436,0.00000,0.56740
6.62,12.12,3.9503,28.6158,0.00000,0.58157
6.88,12.12,4.0713,35.2234,0.00000,0.42578
7.12,12.12,4.0415,44.0155,0.00000,0.20672
7.38,12.12,3.3369,50.5608,0.00000,0.08443
2.62,12.38,3.3677,42.3398,0.00000,0.08300
2.88,12.38,4.0929,38.7408,0.00000,0.20506
3.12,12.38,4.1348,33.3258,0.00000,0.39859
3.38,12.38,3.9555,28.9066,0.00000,0.50602
3.62,12.38,3.8797,26.0231,0.00000,0.46881
3.88,12.38,3.8957,23.1687,0.00000,0.41611
4.12,12.38,3.9178,21.0427,0.00000,0.38955
4.38,12.38,3.9325,19.7766,0.00000,0.37624
4.62,12.38,3.9614,19.6891,0.00000,0.36651
4.88,12.38,3.9289,20.1621,0.00000,0.36222
5.12,12.38,3.9091,20.5386,0.00000,0.37178
5.38,12.38,3.8919,20.6407,0.00000,0.38285
5.62,12.38,3.8758,20.5429,0.00000,0.39432
5.88,12.38,3.8751,21.5560,0.00000,0.42822
6.12,12.38,3.8927,23.8337,0.00000,0.50282
6.38,12.38,3.8985,26.7527,0.00000,0.56247
6.62,12.38,3.9881,30.8567,0.00000,0.57102
6.88,12.38,4.1248,38.1516,0.00000,0.41773
7.12,12.38,4.0903,47.3776,0.00000,0.20330
7.38,12.38,3.3220,53.6780,0.00000,0.08249
2.62,12.62,3.4622,45.7777,0.00000,0.08075
2.88,12.62,4.1178,41.5947,0.00000,0.20168
3.12,12.62,4.1499,35.7243,0.00000,0.39099
3.38,12.62,3.9459,31.1543,0.00000,0.49201
3.62,12.62,3.8727,28.2713,0.00000,0.45748
3.88,12.62,3.8726,25.4187,0.00000,0.40840
4.12,12.62,3.9044,23.2594,0.00000,0.38109
4.38,12.62,3.9197,21.8971,0.00000,0.36446
4.62,12.62,3.9614,21.8912,0.00000,0.35958
4.88,12.62,3.9375,22.5141,0.00000,0.36353
5.12,12.62,3.9118,22.8220,0.00000,0.37132
5.38,12.62,3.9118,22.7707,0.00000,0.37655
5.62,12.62,3.8899,22.6182,0.00000,0.38441
5.88,12.62,3.8832,23.6590,0.00000,0.41810
6.12,12.62,3.8923,25.8759,0.00000,0.48973
6.38,12.62,3.9086,28.6860,0.00000,0.54463
6.62,12.62,3.9974,32.9202,0.00000,0.54651
6.88,12.62,4.1380,40.6701,0.00000,0.39870
7.12,12.62,4.1022,50.2655,0.00000,0.19440
7.38,12.62,3.3538,56.3855,0.00000,0.07805
2.62,12.88,3.5382,49.0617,0.00000,0.07845
2.88,12.88,4.1338,44.5560,0.00000,0.19636
3.12,12.88,4.1568,38.2764,0.00000,0.37552
3.38,12.88,3.9290,33.4193,0.00000,0.46576
3.62,12.88,3.8621,30.4974,0.00000,0.43941
3.88,12.88,3.8540,27.7783,0.00000,0.40171
4.12,12.88,3.8968,25.6652,0.00000,0.37439
4.38,12.88,3.9180,24.1870,0.00000,0.35404
4.62,12.88,3.9722,24.2588,0.00000,0.35030
4.88,12.88,3.9427,25.0305,0.00000,0.35725
5.12,12.88,3.9062,25.2322,0.00000,0.36387
5.38,12.88,3.9245,24.9600,0.00000,0.36632
5.62,12.88,3.8981,24.7139,0.00000,0.37095
5.88,12.88,3.8930,25.8999,0.00000,0.40182
6.12,12.88,3.8869,28.2010,0.00000,0.46742
6.38,12.88,3.8965,30.9843,0.00000,0.51911
6.62,12.88,3.9721,35.2304,0.00000,0.51744
6.88,12.88,4.1224,43.2321,0.00000,0.37803
7.12,12.88,4.1037,53.4183,0.00000,0.18537
7.38,12.88,3.4732,60.2018,0.00000,0.07446
2.62,13.12,3.6197,52.5107,0.00000,0.07461
2.88,13.12,4.1305,47.6765,0.00000,0.18609
3.12,13.12,4.1445,40.9750,0.00000,0.35253
3.38,13.12,3.9219,35.8245,0.00000,0.43451
3.62,13.12,3.8656,32.9016,0.00000,0.41527
3.88,13.12,3.8497,30.2947,0.00000,0.38597
4.12,13.12,3.8982,28.1967,0.00000,0.36211
4.38,13.12,3.9224,26.6805,0.00000,0.34445
4.62,13.12,3.9972,26.8635,0.00000,0.33985
4.88,13.12,3.9626,27.7024,0.00000,0.34447
5.12,13.12,3.9068,27.7702,0.00000,0.34953
5.38,13.12,3.9305,27.3625,0.00000,0.34869
5.62,13.12,3.8895,26.9965,0.00000,0.35144
5.88,13.12,3.8918,28.2967,0.00000,0.38561
6.12,13.12,3.8760,30.6891,0.00000,0.44728
6.38,13.12,3.8849,33.5380,0.00000,0.49344
6.62,13.12,3.9470,37.8341,0.00000,0.49088
6.88,13.12,4.1146,46.1745,0.00000,0.36258
7.12,13.12,4.1161,57.3580,0.00000,0.18011
7.38,13.12,3.6103,65.6115,0.00000,0.07326
2.62,13.38,3.6939,55.4545,0.00000,0.06963
2.88,13.38,4.1112,50.7569,0.00000,0.17138
3.12,13.38,4.1216,43.9227,0.00000,0.32307
3.38,13.38,3.9169,38.5442,0.00000,0.39991
3.62,13.38,3.8718,35.5275,0.00000,0.38557
3.88,13.38,3.8459,32.8558,0.00000,0.35758
4.12,13.38,3.9004,30.7966,0.00000,0.33757
4.38,13.38,3.9257,29.4418,0.00000,0.32951
4.62,13.38,4.0239,29.7373,0.00000,0.32710
4.88,13.38,3.9916,30.5232,0.00000,0.32874
5.12,13.38,3.9133,30.4595,0.00000,0.32966
5.38,13.38,3.9333,29.9588,0.00000,0.32303
5.62,13.38,3.8742,29.4555,0.00000,0.32698
5.88,13.38,3.8860,30.7830,0.00000,0.36581
6.12,13.38,3.8661,33.2926,0.00000,0.42168
6.38,13.38,3.8925,36.3782,0.00000,0.46244
6.62,13.38,3.9512,40.7851,0.00000,0.46115
6.88,13.38,4.1295,49.5719,0.00000,0.34186
7.12,13.38,4.1299,61.7549,0.00000,0.17033
7.38,13.38,3.6816,71.1272,0.00000,0.07007
2.62,13.62,3.7822,58.5112,0.00000,0.06547
2.88,13.62,4.1076,54.0823,0.00000,0.15854
3.12,13.62,4.1083,46.9922,0.00000,0.29825
3.38,13.62,3.9089,41.2764,0.00000,0.36970
3.62,13.62,3.8709,38.1442,0.00000,0.35633
3.88,13.62,3.8353,35.3637,0.00000,0.32853
4.12,13.62,3.9028,33.4322,0.00000,0.31178
4.38,13.62,3.9300,32.3674,0.00000,0.31053
4.62,13.62,4.0451,32.7384,0.00000,0.31148
4.88,13.62,4.0171,33.3225,0.00000,0.31235
5.12,13.62,3.9197,33.0567,0.00000,0.30606
5.38,13.62,3.9400,32.4734,0.00000,0.29343
5.62,13.62,3.8713,31.9297,0.00000,0.30113
5.88,13.62,3.8931,33.3452,0.00000,0.34079
6.12,13.62,3.8666,36.0015,0.00000,0.39055
6.38,13.62,3.9174,39.4044,0.00000,0.43146
6.62,13.62,3.9815,44.0977,0.00000,0.43257
6.88,13.62,4.1708,53.5636,0.00000,0.31736
7.12,13.62,4.1597,66.5883,0.00000,0.15659
7.38,13.62,3.6905,75.9981,0.00000,0.06508
2.62,13.88,3.8497,61.8026,0.00000,0.06109
2.88,13.88,4.1028,57.4157,0.00000,0.14530
3.12,13.88,4.1014,49.8535,0.00000,0.27390
3.38,13.88,3.9011,43.7468,0.00000,0.34082
3.62,13.88,3.8658,40.5723,0.00000,0.32940
3.88,13.88,3.8230,37.7871,0.00000,0.30498
4.12,13.88,3.9048,36.0562,0.00000,0.28967
4.38,13.88,3.9311,35.2999,0.00000,0.28786
4.62,13.88,4.0705,35.7857,0.00000,0.29213
4.88,13.88,4.0542,36.0340,0.00000,0.29598
5.12,13.88,3.9365,35.4039,0.00000,0.28167
5.38,13.88,3.9568,34.7804,0.00000,0.26488
5.62,13.88,3.8791,34.3132,0.00000,0.27675
5.88,13.88,3.9037,35.9076,0.00000,0.31327
6.12,13.88,3.8670,38.6365,0.00000,0.35395
6.38,13.88,3.9326,42.1772,0.00000,0.39239
6.62,13.88,3.9974,47.2123,0.00000,0.39933
6.88,13.88,4.2034,57.4849,0.00000,0.29808
7.12,13.88,4.1912,71.1319,0.00000,0.14873
7.38,13.88,3.7105,79.9750,0.00000,0.06191
2.62,14.12,3.9052,65.2881,0.00000,0.05611
2.88,14.12,4.1036,60.6937,0.00000,0.13028
3.12,14.12,4.0975,52.5220,0.00000,0.24710
3.38,14.12,3.8948,45.9716,0.00000,0.31183
3.62,14.12,3.8654,42.7647,0.00000,0.30422
3.88,14.12,3.8159,40.0026,0.00000,0.28307
4.12,14.12,3.9110,38.4575,0.00000,0.26818
4.38,14.12,3.9365,37.9472,0.00000,0.26478
4.62,14.12,4.1004,38.5537,0.00000,0.27167
4.88,14.12,4.0960,38.5689,0.00000,0.27745
5.12,14.12,3.9570,37.6391,0.00000,0.25636
5.38,14.12,3.9729,37.0520,0.00000,0.23674
5.62,14.12,3.8854,36.7459,0.00000,0.25012
5.88,14.12,3.9102,38.5308,0.00000,0.28409
6.12,14.12,3.8660,41.2985,0.00000,0.31952
6.38,14.12,3.9329,44.7534,0.00000,0.35329
6.62,14.12,3.9914,49.7472,0.00000,0.36290
6.88,14.12,4.2162,60.4991,0.00000,0.28030
7.12,14.12,4.2101,74.7922,0.00000,0.14411
7.38,14.12,3.7824,83.9002,0.00000,0.06015
2.62,14.38,3.9481,68.1755,0.00000,0.05079
2.88,14.38,4.0990,63.4074,0.00000,0.11525
3.12,14.38,4.0918,54.8228,0.00000,0.22128
3.38,14.38,3.8912,47.8983,0.00000,0.28580
3.62,14.38,3.8730,44.6941,0.00000,0.28070
3.88,14.38,3.8191,41.9872,0.00000,0.25977
4.12,14.38,3.9250,40.5574,0.00000,0.24588
4.38,14.38,3.9476,40.1208,0.00000,0.24251
4.62,14.38,4.1304,40.7702,0.00000,0.25102
4.88,14.38,4.1340,40.8533,0.00000,0.25701
5.12,14.38,3.9736,39.9581,0.00000,0.23278
5.38,14.38,3.9804,39.4617,0.00000,0.21194
5.62,14.38,3.8831,39.2630,0.00000,0.22310
5.88,14.38,3.9126,41.0971,0.00000,0.25348
6.12,14.38,3.8634,43.7888,0.00000,0.28789
6.38,14.38,3.9256,47.0102,0.00000,0.32104
6.62,14.38,3.9716,51.9539,0.00000,0.32697
6.88,14.38,4.2039,63.3407,0.00000,0.25499
7.12,14.38,4.2146,78.6642,0.00000,0.13344
7.38,14.38,3.8975,89.0064,0.00000,0.05647
2.62,14.62,4.0090,71.0603,0.00000,0.04629
2.88,14.62,4.0927,65.9277,0.00000,0.10290
3.12,14.62,4.0802,56.8840,0.00000,0.20057
3.38,14.62,3.8904,49.6019,0.00000,0.26605
3.62,14.62,3.8829,46.3962,0.00000,0.26322
3.88,14.62,3.8233,43.8075,0.00000,0.24044
4.12,14.62,3.9397,42.5040,0.00000,0.22486
4.38,14.62,3.9605,42.1210,0.00000,0.21951
4.62,14.62,4.1593,42.8185,0.00000,0.22737
4.88,14.62,4.1639,43.0476,0.00000,0.23316
5.12,14.62,3.9833,42.3040,0.00000,0.20985
5.38,14.62,3.9817,41.8886,0.00000,0.19077
5.62,14.62,3.8724,41.7113,0.00000,0.19956
5.88,14.62,3.9036,43.4650,0.00000,0.22632
6.12,14.62,3.8496,46.0233,0.00000,0.25858
6.38,14.62,3.9182,49.1271,0.00000,0.28839
6.62,14.62,3.9570,54.3919,0.00000,0.28923
6.88,14.62,4.1911,66.7476,0.00000,0.22628
7.12,14.62,4.2244,83.3397,0.00000,0.12034
7.38,14.62,4.0275,95.1292,0.00000,0.05213
2.62,14.88,4.0558,73.6656,0.00000,0.04323
2.88,14.88,4.0794,68.1556,0.00000,0.09473
3.12,14.88,4.0676,58.6874,0.00000,0.18413
3.38,14.88,3.8865,51.3024,0.00000,0.24417
3.62,14.88,3.8866,48.2015,0.00000,0.24014
3.88,14.88,3.8264,45.7721,0.00000,0.21696
4.12,14.88,3.9586,44.5739,0.00000,0.20159
4.38,14.88,3.9792,44.1600,0.00000,0.19614
4.62,14.88,4.1931,44.9248,0.00000,0.20257
4.88,14.88,4.1956,45.3139,0.00000,0.20663
5.12,14.88,3.9956,44.6050,0.00000,0.18556
5.38,14.88,3.9845,44.1014,0.00000,0.16964
5.62,14.88,3.8623,43.9200,0.00000,0.17771
5.88,14.88,3.8945,45.6290,0.00000,0.20399
6.12,14.88,3.8371,48.0297,0.00000,0.23275
6.38,14.88,3.9176,51.0799,0.00000,0.25406
6.62,14.88,3.9495,56.5721,0.00000,0.25243
6.88,14.88,4.1675,69.4793,0.00000,0.20097
7.12,14.88,4.2103,87.1301,0.00000,0.10938
7.38,14.88,4.1435,100.2625,0.00000,0.04876
2.62,15.12,4.1197,76.4511,0.00000,0.04156
2.88,15.12,4.0874,70.7745,0.00000,0.09019
3.12,15.12,4.0642,60.6442,0.00000,0.16936
3.38,15.12,3.8826,53.0278,0.00000,0.21534
3.62,15.12,3.8941,50.0738,0.00000,0.20834
3.88,15.12,3.8324,47.7976,0.00000,0.18991
4.12,15.12,3.9724,46.6898,0.00000,0.17726
4.38,15.12,3.9910,46.1828,0.00000,0.17223
4.62,15.12,4.2295,46.9841,0.00000,0.17797
4.88,15.12,4.2331,47.4190,0.00000,0.18042
5.12,15.12,4.0133,46.6067,0.00000,0.16265
5.38,15.12,3.9961,46.1078,0.00000,0.15134
5.62,15.12,3.8634,46.1780,0.00000,0.15909
5.88,15.12,3.8900,48.0315,0.00000,0.18294
6.12,15.12,3.8314,50.3565,0.00000,0.20709
6.38,15.12,3.9360,53.4433,0.00000,0.22260
6.62,15.12,3.9608,59.0998,0.00000,0.22078
6.88,15.12,4.1457,72.3170,0.00000,0.17798
7.12,15.12,4.1812,90.4139,0.00000,0.09868
7.38,15.12,4.2161,103.8718,0.00000,0.04563
2.62,15.38,4.1502,78.9205,0.00000,0.03960
2.88,15.38,4.0800,73.6915,0.00000,0.08506
3.12,15.38,4.0601,63.0467,0.00000,0.15341
3.38,15.38,3.8864,54.9795,0.00000,0.18486
3.62,15.38,3.9035,51.7712,0.00000,0.17565
3.88,15.38,3.8327,49.3148,0.00000,0.16353
4.12,15.38,3.9800,48.4387,0.00000,0.15399
4.38,15.38,3.9968,48.0874,0.00000,0.14855
4.62,15.38,4.2616,48.9098,0.00000,0.15333
4.88,15.38,4.2698,49.2579,0.00000,0.15492
5.12,15.38,4.0315,48.4527,0.00000,0.14204
5.38,15.38,4.0067,48.1920,0.00000,0.13637
5.62,15.38,3.8697,48.6376,0.00000,0.14377
5.88,15.38,3.8951,50.7848,0.00000,0.16302
6.12,15.38,3.8322,53.1523,0.00000,0.18305
6.38,15.38,3.9525,56.3871,0.00000,0.19534
6.62,15.38,3.9754,62.6168,0.00000,0.19375
6.88,15.38,4.1406,76.7746,0.00000,0.15605
7.12,15.38,4.1680,95.2385,0.00000,0.08732
7.38,15.38,4.2367,108.0255,0.00000,0.04200
2.62,15.62,4.1978,82.0546,0.00000,0.03700
2.88,15.62,4.0763,76.9244,0.00000,0.07740
3.12,15.62,4.0539,65.7021,0.00000,0.13547
3.38,15.62,3.8878,57.1085,0.00000,0.15797
3.62,15.62,3.9078,53.3016,0.00000,0.14867
3.88,15.62,3.8187,50.4193,0.00000,0.14019
4.12,15.62,3.9708,49.9745,0.00000,0.13367
4.38,15.62,3.9978,50.1248,0.00000,0.12880
4.62,15.62,4.2814,51.0381,0.00000,0.13163
4.88,15.62,4.2909,51.4038,0.00000,0.13165
5.12,15.62,4.0443,50.9341,0.00000,0.12283
5.38,15.62,4.0115,50.8757,0.00000,0.12112
5.62,15.62,3.8720,51.3308,0.00000,0.12826
5.88,15.62,3.9068,53.4057,0.00000,0.14500
6.12,15.62,3.8469,55.6883,0.00000,0.16245
6.38,15.62,3.9772,59.4088,0.00000,0.17228
6.62,15.62,3.9896,66.6460,0.00000,0.17133
6.88,15.62,4.1269,82.0130,0.00000,0.13690
7.12,15.62,4.1489,101.1317,0.00000,0.07678
7.38,15.62,4.2245,113.4528,0.00000,0.03848
2.62,15.88,4.2420,84.9919,0.00000,0.03446
2.88,15.88,4.0660,79.7225,0.00000,0.06976
3.12,15.88,4.0458,68.2267,0.00000,0.11920
3.38,15.88,3.8839,59.4407,0.00000,0.13600
3.62,15.88,3.9048,55.1934,0.00000,0.12627
3.88,15.88,3.8062,52.0362,0.00000,0.11876
4.12,15.88,3.9675,51.9201,0.00000,0.11467
4.38,15.88,3.9994,52.4504,0.00000,0.11021
4.62,15.88,4.2829,53.4798,0.00000,0.11197
4.88,15.88,4.2932,54.2046,0.00000,0.11229
5.12,15.88,4.0478,54.3342,0.00000,0.10637
5.38,15.88,4.0129,54.2668,0.00000,0.10658
5.62,15.88,3.8744,54.3744,0.00000,0.11311
5.88,15.88,3.9193,55.9038,0.00000,0.12796
6.12,15.88,3.8577,57.6502,0.00000,0.14317
6.38,15.88,3.9904,61.5861,0.00000,0.15202
6.62,15.88,3.9868,69.4290,0.00000,0.15165
6.88,15.88,4.0981,85.4268,0.00000,0.12158
7.12,15.88,4.1271,105.2634,0.00000,0.06918
7.38,15.88,4.2883,118.2634,0.00000,0.03621
2.62,16.12,4.2889,88.1953,0.00000,0.03171
2.88,16.12,4.0681,82.9744,0.00000,0.06131
3.12,16.12,4.0423,71.1068,0.00000,0.10204
3.38,16.12,3.8818,62.1142,0.00000,0.11475
3.62,16.12,3.9075,57.8013,0.00000,0.10576
3.88,16.12,3.8124,54.6079,0.00000,0.09853
4.12,16.12,3.9834,54.3533,0.00000,0.09525
4.38,16.12,4.0082,54.7358,0.00000,0.09075
4.62,16.12,4.2872,55.7511,0.00000,0.09365
4.88,16.12,4.2972,56.9244,0.00000,0.09711
5.12,16.12,4.0418,57.6693,0.00000,0.09281
5.38,16.12,4.0057,57.6475,0.00000,0.09247
5.62,16.12,3.8779,57.3881,0.00000,0.09864
5.88,16.12,3.9356,58.2566,0.00000,0.11201
6.12,16.12,3.8630,59.4780,0.00000,0.12396
6.38,16.12,3.9832,63.4608,0.00000,0.13045
6.62,16.12,3.9675,71.5526,0.00000,0.13050
6.88,16.12,4.0755,87.8600,0.00001,0.10692
7.12,16.12,4.1192,108.2564,0.00004,0.06259
7.38,16.12,4.4000,122.3456,0.00010,0.03425
2.62,16.38,4.3072,90.8155,0.00008,0.02869
2.88,16.38,4.0639,86.1421,0.00004,0.05237
3.12,16.38,4.0416,74.1102,0.00001,0.08469
3.38,16.38,3.8767,64.8927,0.00000,0.09450
3.62,16.38,3.9019,60.7047,0.00000,0.08798
3.88,16.38,3.8163,57.6928,0.00000,0.08247
4.12,16.38,4.0021,57.2563,0.00000,0.07979
4.38,16.38,4.0241,57.3232,0.00000,0.07638
4.62,16.38,4.2998,58.0230,0.00000,0.08089
4.88,16.38,4.3038,59.1106,0.00000,0.08622
5.12,16.38,4.0320,60.0781,0.00000,0.08285
5.38,16.38,3.9936,60.2916,0.00000,0.08131
5.62,16.38,3.8792,60.0828,0.00000,0.08667
5.88,16.38,3.9500,60.7486,0.00000,0.09900
6.12,16.38,3.8743,62.0397,0.00000,0.10859
6.38,16.38,3.9922,66.6338,0.00000,0.11245
6.62,16.38,3.9714,75.6885,0.00003,0.11246
6.88,16.38,4.0808,93.1840,0.00031,0.09310
7.12,16.38,4.1254,114.4540,0.00148,0.05567
7.38,16.38,4.4141,128.5905,0.00329,0.03185
2.62,16.62,4.3564,94.3326,0.00275,0.02629
2.88,16.62,4.0621,89.8412,0.00124,0.04477
3.12,16.62,4.0275,77.3493,0.00026,0.06993
3.38,16.62,3.8637,67.6696,0.00002,0.07758
3.62,16.62,3.8962,63.5117,0.00000,0.07402
3.88,16.62,3.8155,60.7383,0.00000,0.07062
4.12,16.62,4.0132,60.3583,0.00000,0.06835
4.38,16.62,4.0442,60.3282,0.00000,0.06733
4.62,16.62,4.3164,60.5450,0.00000,0.07330
4.88,16.62,4.3139,61.1628,0.00000,0.07758
5.12,16.62,4.0334,62.0996,0.00000,0.07360
5.38,16.62,3.9937,62.6648,0.00000,0.07150
5.62,16.62,3.8829,63.0177,0.00000,0.07598
5.88,16.62,3.9563,64.1680,0.00000,0.08608
6.12,16.62,3.8893,66.2518,0.00000,0.09408
6.38,16.62,4.0320,72.1086,0.00001,0.09748
6.62,16.62,4.0120,82.8642,0.00032,0.09660
6.88,16.62,4.1058,101.5527,0.00382,0.07788
7.12,16.62,4.1494,123.4265,0.01809,0.04708
7.38,16.62,4.3685,136.5722,0.04014,0.02888
2.62,16.88,4.4130,98.1086,0.03355,0.02419
2.88,16.88,4.0640,93.5234,0.01512,0.03909
3.12,16.88,4.0173,80.5700,0.00319,0.05907
3.38,16.88,3.8550,70.5529,0.00026,0.06468
3.62,16.88,3.8972,66.2654,0.00001,0.06294
3.88,16.88,3.8196,63.4243,0.00000,0.06082
4.12,16.88,4.0235,62.9559,0.00000,0.05897
4.38,16.88,4.0628,62.9956,0.00000,0.06022
4.62,16.88,4.3295,63.0880,0.00000,0.06631
4.88,16.88,4.3232,63.4352,0.00000,0.06781
5.12,16.88,4.0436,64.2742,0.00000,0.06316
5.38,16.88,4.0049,65.2392,0.00000,0.06188
5.62,16.88,3.8900,66.2734,0.00000,0.06539
5.88,16.88,3.9586,68.2545,0.00000,0.07196
6.12,16.88,3.8922,71.4675,0.00002,0.07767
6.38,16.88,4.0470,78.2604,0.00016,0.08176
6.62,16.88,4.0303,90.2359,0.00169,0.08139
6.88,16.88,4.1259,109.3141,0.01767,0.06460
7.12,16.88,4.1995,131.5925,0.08257,0.03991
7.38,16.88,4.4090,143.9667,0.18297,0.02641
2.62,17.12,4.5399,103.0814,0.15034,0.02308
2.88,17.12,4.1160,97.6522,0.06775,0.03490
3.12,17.12,4.0291,83.7873,0.01430,0.05049
3.38,17.12,3.8499,73.3995,0.00117,0.05384
3.62,17.12,3.8999,68.8936,0.00004,0.05282
3.88,17.12,3.8264,65.9016,0.00000,0.05227
4.12,17.12,4.0284,65.2267,0.00000,0.05185
4.38,17.12,4.0720,65.2781,0.00000,0.05440
4.62,17.12,4.3390,65.4850,0.00000,0.05879
4.88,17.12,4.3247,65.8046,0.00000,0.05751
5.12,17.12,4.0425,66.5985,0.00000,0.05365
5.38,17.12,4.0117,67.8960,0.00000,0.05404
5.62,17.12,3.9019,69.1668,0.00000,0.05641
5.88,17.12,3.9668,71.4507,0.00003,0.05976
6.12,17.12,3.8835,75.1359,0.00032,0.06314
6.38,17.12,4.0225,81.7519,0.00170,0.06692
6.62,17.12,4.0052,93.4999,0.00612,0.06761
6.88,17.12,4.1082,111.9271,0.03575,0.05518
7.12,17.12,4.1957,133.8141,0.15469,0.03549
7.38,17.12,4.4789,145.8822,0.34000,0.02460
2.62,17.38,4.5525,106.2334,0.24788,0.02142
2.88,17.38,4.1012,100.8650,0.11170,0.03024
3.12,17.38,4.0165,87.1405,0.02357,0.04193
3.38,17.38,3.8461,77.0509,0.00193,0.04388
3.62,17.38,3.9079,72.3716,0.00006,0.04292
3.88,17.38,3.8428,69.1907,0.00000,0.04354
4.12,17.38,4.0345,68.0592,0.00000,0.04531
4.38,17.38,4.0728,67.7589,0.00000,0.04873
4.62,17.38,4.3369,67.7893,0.00000,0.05165
4.88,17.38,4.3222,68.1417,0.00000,0.04906
5.12,17.38,4.0438,69.0572,0.00000,0.04609
5.38,17.38,4.0209,70.5169,0.00000,0.04749
5.62,17.38,3.9069,71.7065,0.00000,0.04905
5.88,17.38,3.9630,73.7421,0.00015,0.05099
6.12,17.38,3.8728,77.1378,0.00187,0.05376
6.38,17.38,4.0056,82.7763,0.00932,0.05702
6.62,17.38,3.9890,93.2421,0.02207,0.05867
6.88,17.38,4.0870,110.1343,0.05468,0.04990
7.12,17.38,4.1527,130.2136,0.18218,0.03296
7.38,17.38,4.5467,142.1910,0.38793,0.02330
2.62,17.62,4.4280,108.7593,0.15035,0.01884
2.88,17.62,4.0337,105.6865,0.06775,0.02595
3.12,17.62,3.9819,92.5389,0.01430,0.03548
3.38,17.62,3.8410,82.2816,0.00117,0.03713
3.62,17.62,3.9115,76.4135,0.00004,0.03577
3.88,17.62,3.8565,72.2579,0.00000,0.03639
4.12,17.62,4.0450,70.5488,0.00000,0.03907
4.38,17.62,4.0733,69.9537,0.00000,0.04259
4.62,17.62,4.3240,69.8538,0.00000,0.04544
4.88,17.62,4.3189,70.1622,0.00000,0.04321
5.12,17.62,4.0512,71.0113,0.00000,0.04051
5.38,17.62,4.0321,72.6798,0.00000,0.04182
5.62,17.62,3.9021,74.2158,0.00001,0.04296
5.88,17.62,3.9428,76.3936,0.00041,0.04502
6.12,17.62,3.8595,79.6513,0.00513,0.04871
6.38,17.62,4.0060,84.0623,0.02512,0.05262
6.62,17.62,3.9985,93.4152,0.05376,0.05527
6.88,17.62,4.1085,110.2627,0.08746,0.04862
7.12,17.62,4.2241,129.7254,0.21813,0.03266
7.38,17.62,4.8115,141.5452,0.44382,0.02330
2.62,17.88,4.3925,111.7125,0.03394,0.01711
2.88,17.88,4.0209,109.9934,0.01529,0.02281
3.12,17.88,3.9726,96.4545,0.00323,0.03092
3.38,17.88,3.8460,85.2906,0.00026,0.03296
3.62,17.88,3.9123,78.2447,0.00001,0.03166
3.88,17.88,3.8564,73.4542,0.00000,0.03159
4.12,17.88,4.0544,72.0103,0.00000,0.03368
4.38,17.88,4.0800,71.7200,0.00000,0.03679
4.62,17.88,4.3056,71.5860,0.00000,0.03997
4.88,17.88,4.3103,71.5647,0.00000,0.03872
5.12,17.88,4.0565,72.0341,0.00000,0.03608
5.38,17.88,4.0421,74.2103,0.00000,0.03666
5.62,17.88,3.9053,76.7619,0.00002,0.03766
5.88,17.88,3.9339,79.7935,0.00060,0.04013
6.12,17.88,3.8478,83.5590,0.00770,0.04448
6.38,17.88,3.9945,87.5033,0.03868,0.04897
6.62,17.88,3.9898,96.5756,0.08509,0.05201
6.88,17.88,4.1156,113.7604,0.11984,0.04716
7.12,17.88,4.2598,132.9894,0.22684,0.03253
7.38,17.88,4.9205,143.7982,0.42849,0.02345
2.62,18.12,4.4657,113.1063,0.01168,0.01685
2.88,18.12,4.0022,109.8282,0.00526,0.02046
3.12,18.12,3.9431,95.8557,0.00111,0.02664
3.38,18.12,3.8298,84.7644,0.00009,0.02900
3.62,18.12,3.8985,78.3706,0.00000,0.02868
3.88,18.12,3.8429,74.4237,0.00000,0.02851
4.12,18.12,4.0547,73.6122,0.00000,0.02983
4.38,18.12,4.0922,73.4104,0.00000,0.03225
4.62,18.12,4.2992,72.8333,0.00000,0.03524
4.88,18.12,4.3038,72.1555,0.00000,0.03470
5.12,18.12,4.0678,72.1525,0.00000,0.03241
5.38,18.12,4.0602,75.1021,0.00000,0.03210
5.62,18.12,3.9214,79.0132,0.00002,0.03262
5.88,18.12,3.9504,83.0837,0.00073,0.03550
6.12,18.12,3.8585,87.5690,0.00943,0.03986
6.38,18.12,3.9941,91.8209,0.04899,0.04414
6.62,18.12,3.9885,101.0236,0.11392,0.04663
6.88,18.12,4.1235,117.5110,0.15909,0.04280
7.12,18.12,4.2548,136.1726,0.25761,0.03036
7.38,18.12,4.9081,146.9065,0.45338,0.02256
2.62,18.38,4.5827,114.0411,0.09262,0.01743
2.88,18.38,4.0047,109.0020,0.04174,0.01931
3.12,18.38,3.9264,94.9347,0.00881,0.02381
3.38,18.38,3.8048,84.2875,0.00072,0.02597
3.62,18.38,3.8757,78.9738,0.00002,0.02620
3.88,18.38,3.8231,76.1089,0.00000,0.02578
4.12,18.38,4.0478,75.5387,0.00000,0.02673
4.38,18.38,4.0977,74.9691,0.00000,0.02839
4.62,18.38,4.2967,73.7966,0.00000,0.03055
4.88,18.38,4.2998,72.4579,0.00000,0.03050
5.12,18.38,4.0845,72.0350,0.00000,0.02902
5.38,18.38,4.0721,75.5562,0.00000,0.02849
5.62,18.38,3.9264,80.5459,0.00002,0.02882
5.88,18.38,3.9685,85.3726,0.00086,0.03200
6.12,18.38,3.8826,90.5954,0.01136,0.03592
6.38,18.38,4.0182,95.9154,0.06139,0.03927
6.62,18.38,4.0157,105.3299,0.15403,0.04057
6.88,18.38,4.1589,119.8004,0.23606,0.03761
7.12,18.38,4.2672,136.7989,0.37787,0.02764
7.38,18.38,4.9071,147.2786,0.62765,0.02151
2.62,18.62,4.6782,112.7958,0.40942,0.01782
2.88,18.62,4.0130,107.1503,0.18450,0.01832
3.12,18.62,3.9250,93.8562,0.03893,0.02139
3.38,18.62,3.7901,83.9909,0.00318,0.02320
3.62,18.62,3.8641,79.4916,0.00010,0.02374
3.88,18.62,3.8135,77.3784,0.00000,0.02295
4.12,18.62,4.0450,77.1301,0.00000,0.02383
4.38,18.62,4.0954,76.5361,0.00000,0.02502
4.62,18.62,4.2955,75.0512,0.00000,0.02642
4.88,18.62,4.3001,73.1787,0.00000,0.02661
5.12,18.62,4.0964,72.2645,0.00000,0.02577
5.38,18.62,4.0734,75.7712,0.00000,0.02574
5.62,18.62,3.9259,81.4609,0.00003,0.02626
5.88,18.62,3.9865,87.3579,0.00094,0.02909
6.12,18.62,3.9136,93.6828,0.01303,0.03253
6.38,18.62,4.0639,100.0189,0.07866,0.03530
6.62,18.62,4.0949,109.4213,0.23527,0.03585
6.88,18.62,4.2849,121.5502,0.42466,0.03370
7.12,18.62,4.3798,136.2035,0.65661,0.02587
7.38,18.62,4.9736,145.3134,0.96919,0.02117
2.62,18.88,4.8879,111.0180,0.76834,0.01926
2.88,18.88,4.1001,104.6617,0.34624,0.01812
3.12,18.88,3.9556,92.2091,0.07307,0.01937
3.38,18.88,3.7875,83.3665,0.00597,0.02016
3.62,18.88,3.8600,79.5738,0.00018,0.02057
3.88,18.88,3.8151,77.9671,0.00000,0.01999
4.12,18.88,4.0516,78.2132,0.00000,0.02121
4.38,18.88,4.0887,77.8999,0.00000,0.02212
4.62,18.88,4.2871,76.3818,0.00000,0.02299
4.88,18.88,4.2943,74.3825,0.00000,0.02309
5.12,18.88,4.1040,73.2313,0.00000,0.02267
5.38,18.88,4.0801,76.4135,0.00000,0.02323
5.62,18.88,3.9306,82.3708,0.00006,0.02397
5.88,18.88,3.9971,89.1357,0.00196,0.02619
6.12,18.88,3.9393,95.7217,0.02489,0.02891
6.38,18.88,4.1244,100.5522,0.13582,0.03164
6.62,18.88,4.1778,107.9821,0.36199,0.03217
6.88,18.88,4.3716,119.3868,0.60840,0.03034
7.12,18.88,4.4906,133.3260,0.92856,0.02452
7.38,18.88,5.0920,141.3028,1.35524,0.02157
2.62,19.12,4.8793,109.7360,0.65479,0.01993
2.88,19.12,4.1115,103.7487,0.29507,0.01777
3.12,19.12,3.9674,92.1047,0.06227,0.01757
3.38,19.12,3.7829,83.9011,0.00509,0.01746
3.62,19.12,3.8598,80.6624,0.00016,0.01775
3.88,19.12,3.8175,79.3610,0.00004,0.01737
4.12,19.12,4.0501,79.4487,0.00007,0.01846
4.38,19.12,4.0775,78.8838,0.00006,0.01893
4.62,19.12,4.2764,77.4291,0.00002,0.01960
4.88,19.12,4.2885,75.8961,0.00000,0.01985
5.12,19.12,4.1190,75.2754,0.00000,0.01986
5.38,19.12,4.1026,78.6327,0.00000,0.02084
5.62,19.12,3.9490,84.6043,0.00021,0.02191
5.88,19.12,4.0049,91.1986,0.00426,0.02395
6.12,19.12,3.9451,96.8967,0.04136,0.02598
6.38,19.12,4.1353,99.4858,0.18767,0.02868
6.62,19.12,4.1595,104.1358,0.41696,0.02940
6.88,19.12,4.2789,113.8386,0.60285,0.02800
7.12,19.12,4.3700,126.5364,0.96284,0.02410
7.38,19.12,4.9874,134.0503,1.56761,0.02302
2.62,19.38,4.7144,110.4291,0.31364,0.01896
2.88,19.38,4.0425,105.0496,0.14134,0.01654
3.12,19.38,3.9450,93.6846,0.02983,0.01600
3.38,19.38,3.7680,85.8072,0.00246,0.01578
3.62,19.38,3.8509,83.1131,0.00035,0.01618
3.88,19.38,3.8115,82.1653,0.00128,0.01584
4.12,19.38,4.0353,81.5251,0.00236,0.01656
4.38,19.38,4.0624,80.1549,0.00183,0.01668
4.62,19.38,4.2675,78.4772,0.00065,0.01734
4.88,19.38,4.2930,77.3542,0.00011,0.01777
5.12,19.38,4.1505,77.5749,0.00001,0.01807
5.38,19.38,4.1405,81.5986,0.00002,0.01922
5.62,19.38,3.9852,87.6588,0.00064,0.02046
5.88,19.38,4.0227,93.6233,0.00908,0.02253
6.12,19.38,3.9491,98.7626,0.05783,0.02423
6.38,19.38,4.1035,102.1183,0.19763,0.02655
6.62,19.38,4.1034,106.1491,0.41742,0.02723
6.88,19.38,4.2577,110.7402,0.63851,0.02731
7.12,19.38,4.4117,119.0453,1.07874,0.02531
7.38,19.38,5.1217,126.2308,1.85229,0.02491
2.62,19.62,4.7227,112.8567,0.22192,0.01852
2.88,19.62,4.0364,107.0757,0.10003,0.01583
3.12,19.62,3.9269,94.9514,0.02113,0.01523
3.38,19.62,3.7541,87.1126,0.00200,0.01505
3.62,19.62,3.8472,85.1607,0.00340,0.01558
3.88,19.62,3.8222,84.9161,0.01566,0.01552
4.12,19.62,4.0448,83.8231,0.02877,0.01620
4.38,19.62,4.0679,81.8698,0.02232,0.01611
4.62,19.62,4.2591,79.9229,0.00793,0.01664
4.88,19.62,4.2848,78.8892,0.00131,0.01708
5.12,19.62,4.1686,79.3853,0.00009,0.01756
5.38,19.62,4.1549,83.4982,0.00003,0.01864
5.62,19.62,3.9926,89.4220,0.00103,0.01957
5.88,19.62,4.0240,94.9750,0.01373,0.02136
6.12,19.62,3.9558,100.0162,0.07888,0.02277
6.38,19.62,4.1095,104.0349,0.24344,0.02462
6.62,19.62,4.1503,107.0832,0.51397,0.02536
6.88,19.62,4.3643,107.2108,0.81993,0.02745
7.12,19.62,4.5999,111.4654,1.31409,0.02738
7.38,19.62,5.4149,118.6509,2.13070,0.02615
2.62,19.88,4.8242,114.6915,0.39163,0.01895
2.88,19.88,4.0857,108.9519,0.17717,0.01594
3.12,19.88,3.9373,95.7204,0.03782,0.01511
3.38,19.88,3.7581,87.0569,0.00441,0.01474
3.62,19.88,3.8658,85.2687,0.01535,0.01541
3.88,19.88,3.8694,85.4533,0.07127,0.01580
4.12,19.88,4.1215,84.4771,0.13074,0.01687
4.38,19.88,4.1267,82.9711,0.10112,0.01665
4.62,19.88,4.2608,81.4321,0.03580,0.01673
4.88,19.88,4.2667,80.4251,0.00589,0.01706
5.12,19.88,4.1674,80.6105,0.00042,0.01764
5.38,19.88,4.1484,84.1121,0.00003,0.01852
5.62,19.88,3.9749,89.5583,0.00077,0.01906
5.88,19.88,4.0029,94.9801,0.01110,0.02052
6.12,19.88,3.9433,99.9224,0.07284,0.02152
6.38,19.88,4.1050,103.0704,0.26076,0.02285
6.62,19.88,4.2009,104.2821,0.58037,0.02381
6.88,19.88,4.4169,103.1462,0.89767,0.02743
7.12,19.88,4.6430,106.0593,1.33945,0.02904
7.38,19.88,5.4667,113.0064,2.04873,0.02707
2.62,20.12,4.8524,112.0378,0.66969,0.01894
2.88,20.12,4.0991,107.1771,0.31010,0.01591
3.12,20.12,3.9472,95.0335,0.07028,0.01515
3.38,20.12,3.7746,86.8397,0.00908,0.01446
3.62,20.12,3.8865,84.0982,0.02855,0.01490
3.88,20.12,3.8849,82.9885,0.13153,0.01550
4.12,20.12,4.1642,82.1758,0.23866,0.01710
4.38,20.12,4.1717,82.0174,0.18073,0.01704
4.62,20.12,4.2653,81.6154,0.06214,0.01691
4.88,20.12,4.2532,81.1496,0.00997,0.01712
5.12,20.12,4.1607,81.3660,0.00070,0.01764
5.38,20.12,4.1409,84.5238,0.00005,0.01830
5.62,20.12,3.9673,89.8380,0.00097,0.01874
5.88,20.12,3.9975,95.2102,0.01333,0.02020
6.12,20.12,3.9480,99.9407,0.08059,0.02116
6.38,20.12,4.1019,102.5596,0.25813,0.02244
6.62,20.12,4.1566,103.4630,0.52248,0.02301
6.88,20.12,4.3077,103.6616,0.74919,0.02620
7.12,20.12,4.4207,107.2741,1.06036,0.02783
7.38,20.12,5.1318,113.4783,1.61730,0.02587
2.62,20.38,4.8317,106.6056,0.76419,0.01863
2.88,20.38,4.1177,102.5354,0.38163,0.01577
3.12,20.38,3.9774,93.4509,0.10199,0.01509
3.38,20.38,3.7950,87.4480,0.01581,0.01425
3.62,20.38,3.8959,83.7239,0.03429,0.01456
3.88,20.38,3.8687,80.7352,0.15315,0.01524
4.12,20.38,4.1359,79.3334,0.26570,0.01698
4.38,20.38,4.1514,79.9058,0.18297,0.01692
4.62,20.38,4.2548,80.5176,0.05406,0.01699
4.88,20.38,4.2417,80.8779,0.00739,0.01722
5.12,20.38,4.1564,81.6828,0.00047,0.01760
5.38,20.38,4.1450,85.0681,0.00009,0.01820
5.62,20.38,3.9730,90.7652,0.00263,0.01862
5.88,20.38,4.0225,96.0639,0.03329,0.02007
6.12,20.38,4.0136,100.4780,0.16669,0.02146
6.38,20.38,4.2134,103.3552,0.37697,0.02344
6.62,20.38,4.1882,105.6064,0.51164,0.02353
6.88,20.38,4.2405,107.4332,0.56789,0.02568
7.12,20.38,4.2481,111.2058,0.74488,0.02673
7.38,20.38,4.8362,116.9411,1.17151,0.02463
2.62,20.62,4.7719,102.1086,0.62632,0.01842
2.88,20.62,4.1112,98.4128,0.34367,0.01566
3.12,20.62,3.9752,91.9784,0.10787,0.01494
3.38,20.62,3.7918,87.8484,0.02049,0.01419
3.62,20.62,3.9112,83.9570,0.04819,0.01481
3.88,20.62,3.9250,80.0881,0.21152,0.01622
4.12,20.62,4.2191,77.6668,0.35164,0.01845
4.38,20.62,4.1958,78.2382,0.21815,0.01781
4.62,20.62,4.2497,79.5154,0.05163,0.01750
4.88,20.62,4.2253,80.3237,0.00490,0.01758
5.12,20.62,4.1364,81.6785,0.00020,0.01765
5.38,20.62,4.1347,85.5595,0.00013,0.01832
5.62,20.62,3.9766,91.7582,0.00433,0.01885
5.88,20.62,4.0433,96.3841,0.05387,0.02016
6.12,20.62,4.0458,99.0781,0.25737,0.02141
6.38,20.62,4.2746,100.6946,0.51602,0.02347
6.62,20.62,4.2086,103.9547,0.56345,0.02327
6.88,20.62,4.2644,109.1465,0.54279,0.02438
7.12,20.62,4.3876,115.0906,0.78452,0.02442
7.38,20.62,5.1065,120.5915,1.34643,0.02274
2.62,20.88,4.7353,101.4489,0.53607,0.01858
2.88,20.88,4.0799,97.1157,0.27883,0.01585
3.12,20.88,3.9512,91.2649,0.08036,0.01528
3.38,20.88,3.7825,87.6924,0.01606,0.01471
3.62,20.88,3.9170,84.1954,0.05871,0.01548
3.88,20.88,3.9789,80.1143,0.25991,0.01746
4.12,20.88,4.3146,76.8075,0.42873,0.02021
4.38,20.88,4.2606,77.2192,0.26044,0.01910
4.62,20.88,4.2394,79.0939,0.05835,0.01808
4.88,20.88,4.2046,80.3954,0.00484,0.01787
5.12,20.88,4.1129,82.3242,0.00015,0.01774
5.38,20.88,4.1166,86.6787,0.00014,0.01861
5.62,20.88,3.9734,93.0259,0.00484,0.01939
5.88,20.88,4.0462,96.6651,0.06008,0.02064
6.12,20.88,4.0268,96.8407,0.28379,0.02130
6.38,20.88,4.2419,95.4400,0.54990,0.02282
6.62,20.88,4.1845,98.4591,0.55398,0.02256
6.88,20.88,4.2548,107.6103,0.51718,0.02332
7.12,20.88,4.4471,116.9298,0.86099,0.02282
7.38,20.88,5.2302,122.7562,1.57935,0.02151
2.62,21.12,4.8111,103.6577,0.61018,0.01964
2.88,21.12,4.0815,98.4651,0.28328,0.01669
3.12,21.12,3.9248,91.8488,0.06467,0.01628
3.38,21.12,3.7687,87.6453,0.01049,0.01612
3.62,21.12,3.9025,84.1258,0.05090,0.01705
3.88,21.12,3.9508,80.2783,0.22688,0.01843
4.12,21.12,4.2776,76.7882,0.37406,0.02061
4.38,21.12,4.2445,77.0050,0.22689,0.01953
4.62,21.12,4.1999,79.2240,0.05063,0.01833
4.88,21.12,4.1726,81.1636,0.00416,0.01811
5.12,21.12,4.0866,83.8377,0.00013,0.01810
5.38,21.12,4.0963,88.6687,0.00019,0.01915
5.62,21.12,3.9671,95.0843,0.00619,0.02013
5.88,21.12,4.0519,98.7278,0.07601,0.02140
6.12,21.12,4.0629,97.4718,0.34919,0.02183
6.38,21.12,4.2821,93.7894,0.62818,0.02304
6.62,21.12,4.1790,96.3878,0.53808,0.02283
6.88,21.12,4.1760,105.7225,0.43907,0.02372
7.12,21.12,4.2825,115.0176,0.75909,0.02277
7.38,21.12,4.9836,121.4986,1.42058,0.02113
2.62,21.38,4.9152,103.1512,1.07348,0.02088
2.88,21.38,4.0653,98.1963,0.48448,0.01774
3.12,21.38,3.8801,90.7357,0.10279,0.01765
3.38,21.38,3.7381,85.5008,0.01162,0.01795
3.62,21.38,3.8786,82.3284,0.03804,0.01920
3.88,21.38,3.9044,79.8474,0.16926,0.01979
4.12,21.38,4.2032,77.4258,0.27906,0.02116
4.38,21.38,4.2040,77.7893,0.16926,0.02025
4.62,21.38,4.1649,80.0708,0.03777,0.01910
4.88,21.38,4.1414,82.1739,0.00310,0.01892
5.12,21.38,4.0599,85.1512,0.00009,0.01906
5.38,21.38,4.0810,90.7823,0.00025,0.02014
5.62,21.38,3.9752,97.9978,0.00782,0.02103
5.88,21.38,4.0679,102.4631,0.09379,0.02212
6.12,21.38,4.0911,101.0138,0.42178,0.02228
6.38,21.38,4.2921,97.1080,0.72285,0.02329
6.62,21.38,4.1356,100.0865,0.53672,0.02388
6.88,21.38,4.1095,107.2083,0.36598,0.02640
7.12,21.38,4.2502,114.0476,0.69311,0.02611
7.38,21.38,5.0268,120.3000,1.35721,0.02407
2.62,21.62,5.1400,98.6129,1.64117,0.02256
2.88,21.62,4.1458,93.8160,0.74091,0.01980
3.12,21.62,3.8971,87.0595,0.15849,0.02046
3.38,21.62,3.7285,82.6140,0.01686,0.02048
3.62,21.62,3.8713,80.7418,0.03325,0.02141
3.88,21.62,3.9239,80.0184,0.14588,0.02214
4.12,21.62,4.2210,79.0181,0.24048,0.02359
4.38,21.62,4.2119,79.4185,0.14586,0.02243
4.62,21.62,4.1569,81.2138,0.03255,0.02087
4.88,21.62,4.1238,82.9200,0.00267,0.02055
5.12,21.62,4.0385,85.9325,0.00009,0.02073
5.38,21.62,4.0650,92.5617,0.00049,0.02155
5.62,21.62,3.9677,100.9728,0.01087,0.02191
5.88,21.62,4.0659,106.3742,0.11034,0.02274
6.12,21.62,4.1086,105.2857,0.46715,0.02297
6.38,21.62,4.3349,101.9195,0.80236,0.02419
6.62,21.62,4.2559,105.1834,0.63172,0.02630
6.88,21.62,4.2892,109.9790,0.43325,0.03159
7.12,21.62,4.4092,115.0292,0.71329,0.03288
7.38,21.62,5.0941,121.3537,1.34674,0.02948
2.62,21.88,5.1251,93.1102,1.63521,0.02290
2.88,21.88,4.1559,88.1157,0.75289,0.02173
3.12,21.88,3.9161,83.7207,0.18388,0.02375
3.38,21.88,3.7338,82.0603,0.03186,0.02321
3.62,21.88,3.8603,81.6165,0.02587,0.02323
3.88,21.88,3.9115,81.9269,0.09714,0.02386
4.12,21.88,4.1830,81.4224,0.15964,0.02532
4.38,21.88,4.1801,81.1000,0.09682,0.02424
4.62,21.88,4.1492,81.9793,0.02160,0.02258
4.88,21.88,4.1209,83.4502,0.00178,0.02219
5.12,21.88,4.0311,87.0645,0.00014,0.02250
5.38,21.88,4.0542,94.5869,0.00190,0.02311
5.62,21.88,3.9614,103.2433,0.02430,0.02299
5.88,21.88,4.0939,108.3414,0.17078,0.02382
6.12,21.88,4.2325,106.6579,0.59902,0.02468
6.38,21.88,4.4840,103.3237,0.97283,0.02605
6.62,21.88,4.3577,106.5466,0.81306,0.02773
6.88,21.88,4.3525,109.9676,0.60062,0.03252
7.12,21.88,4.4332,114.9735,0.84057,0.03382
7.38,21.88,4.9937,122.0617,1.47305,0.02943
2.62,22.12,4.8201,91.6830,1.08838,0.02257
2.88,22.12,4.0628,85.9390,0.56221,0.02317
3.12,22.12,3.9292,82.2654,0.23057,0.02606
3.38,22.12,3.7526,82.0449,0.08847,0.02522
3.62,22.12,3.8503,82.2652,0.04312,0.02462
3.88,22.12,3.8806,82.5086,0.11546,0.02468
4.12,22.12,4.1461,81.5796,0.18804,0.02610
4.38,22.12,4.1568,81.1156,0.11403,0.02533
4.62,22.12,4.1430,82.0779,0.02544,0.02384
4.88,22.12,4.1204,83.9451,0.00214,0.02347
5.12,22.12,4.0267,88.3783,0.00103,0.02389
5.38,22.12,4.0432,96.5878,0.01046,0.02449
5.62,22.12,3.9658,104.6765,0.06569,0.02438
5.88,22.12,4.1134,108.2184,0.26570,0.02522
6.12,22.12,4.2935,105.6078,0.68609,0.02605
6.38,22.12,4.5030,102.7248,0.97512,0.02678
6.62,22.12,4.3170,105.7725,0.81957,0.02667
6.88,22.12,4.3113,107.7522,0.72918,0.02825
7.12,22.12,4.4431,111.8351,1.13763,0.02744
7.38,22.12,5.1367,118.3028,2.00228,0.02372
2.62,22.38,4.8084,92.4342,0.80200,0.02530
2.88,22.38,4.1103,85.5061,0.48094,0.02636
3.12,22.38,3.9609,80.4197,0.28799,0.02878
3.38,22.38,3.7603,79.3269,0.14020,0.02756
3.62,22.38,3.8617,80.1905,0.07955,0.02657
3.88,22.38,3.9318,80.5961,0.22798,0.02642
4.12,22.38,4.2468,79.4946,0.37202,0.02823
4.38,22.38,4.2127,80.0015,0.22560,0.02692
4.62,22.38,4.1480,82.0369,0.05037,0.02498
4.88,22.38,4.1113,84.6112,0.00487,0.02461
5.12,22.38,4.0130,89.4208,0.00842,0.02516
5.38,22.38,4.0630,97.1466,0.05738,0.02622
5.62,22.38,4.0754,103.2287,0.22330,0.02682
5.88,22.38,4.2182,104.2546,0.48740,0.02748
6.12,22.38,4.2753,102.0409,0.72321,0.02698
6.38,22.38,4.3772,101.2214,0.80278,0.02643
6.62,22.38,4.2594,103.5617,0.76123,0.02556
6.88,22.38,4.4097,104.3887,0.89793,0.02641
7.12,22.38,4.5588,108.6317,1.36692,0.02429
7.38,22.38,5.2624,115.0430,2.26873,0.02056
2.62,22.62,4.7607,94.9307,0.69513,0.02726
2.88,22.62,4.1076,87.0556,0.40095,0.02821
3.12,22.62,3.9380,79.7948,0.22152,0.03043
3.38,22.62,3.7455,76.6481,0.10588,0.03047
3.62,22.62,3.8687,77.2710,0.08503,0.02972
3.88,22.62,3.9686,77.5587,0.28664,0.02878
4.12,22.62,4.3028,76.9083,0.46975,0.03022
4.38,22.62,4.2265,78.9175,0.28490,0.02812
4.62,22.62,4.1368,81.7584,0.06396,0.02594
4.88,22.62,4.0995,84.4102,0.01106,0.02581
5.12,22.62,4.0192,89.0443,0.04329,0.02656
5.38,22.62,4.1580,94.9053,0.19478,0.02834
5.62,22.62,4.3049,97.3231,0.55717,0.02986
5.88,22.62,4.4663,95.6290,0.89428,0.03030
6.12,22.62,4.3381,94.6479,0.83702,0.02790
6.38,22.62,4.2701,95.9332,0.62708,0.02596
6.62,22.62,4.1261,96.6939,0.63285,0.02526
6.88,22.62,4.3082,97.7407,0.85609,0.02700
7.12,22.62,4.3769,104.3453,1.21249,0.02463
7.38,22.62,4.9144,112.8131,1.90054,0.02053
2.62,22.88,4.6386,99.1095,0.79023,0.02638
2.88,22.88,4.0596,89.9013,0.44381,0.02772
3.12,22.88,3.9504,79.6176,0.23053,0.03204
3.38,22.88,3.7752,74.4914,0.10551,0.03402
3.62,22.88,3.8657,74.7592,0.07152,0.03304
3.88,22.88,3.9134,75.2331,0.22599,0.03054
4.12,22.88,4.2092,75.5925,0.36976,0.03077
4.38,22.88,4.1660,78.1424,0.22429,0.02882
4.62,22.88,4.1139,80.4820,0.05185,0.02713
4.88,22.88,4.0944,82.6312,0.02804,0.02710
5.12,22.88,4.0469,86.6773,0.13325,0.02799
5.38,22.88,4.2415,90.4472,0.39662,0.03027
5.62,22.88,4.4264,90.9438,0.82714,0.03200
5.88,22.88,4.6004,89.5957,1.13067,0.03224
6.12,22.88,4.4124,89.5980,0.90946,0.02875
6.38,22.88,4.2815,88.5222,0.58925,0.02584
6.62,22.88,4.0572,85.5183,0.55795,0.02521
6.88,22.88,4.1442,88.5884,0.67668,0.02742
7.12,22.88,4.2078,98.1693,0.92420,0.02530
7.38,22.88,4.7672,108.7267,1.46287,0.02171
2.62,23.12,4.7368,101.2565,1.04065,0.02612
2.88,23.12,4.0763,90.3723,0.58849,0.02749
3.12,23.12,3.9491,77.9950,0.31062,0.03312
3.38,23.12,3.7747,72.3342,0.13973,0.03578
3.62,23.12,3.8357,72.5930,0.05126,0.03537
3.88,23.12,3.8235,73.5808,0.10080,0.03231
4.12,23.12,4.0654,75.3969,0.16226,0.03125
4.38,23.12,4.0769,77.6275,0.09847,0.02985
4.62,23.12,4.0857,78.4807,0.02578,0.02875
4.88,23.12,4.0921,79.5795,0.04967,0.02830
5.12,23.12,4.0748,82.7296,0.23349,0.02931
5.38,23.12,4.2504,86.6390,0.53038,0.03188
5.62,23.12,4.3531,89.2033,0.85324,0.03290
5.88,23.12,4.5304,89.6056,1.09454,0.03270
6.12,23.12,4.4070,89.6773,0.90243,0.02895
6.38,23.12,4.3507,85.9393,0.65942,0.02578
6.62,23.12,4.1980,80.4713,0.67164,0.02589
6.88,23.12,4.3071,83.6252,0.72519,0.02978
7.12,23.12,4.3486,92.6717,0.87801,0.02959
7.38,23.12,4.8755,102.6534,1.31942,0.02706
2.62,23.38,4.8580,100.3019,1.10948,0.02687
2.88,23.38,4.0804,89.5089,0.57172,0.02835
3.12,23.38,3.8785,77.9493,0.23256,0.03384
3.38,23.38,3.7208,72.4095,0.08754,0.03606
3.62,23.38,3.7945,71.1299,0.02727,0.03643
3.88,23.38,3.7818,71.1875,0.04021,0.03402
4.12,23.38,3.9925,73.5881,0.06145,0.03281
4.38,23.38,4.0122,75.6379,0.03680,0.03179
4.62,23.38,4.0607,75.8931,0.01198,0.03086
4.88,23.38,4.0667,76.5528,0.04807,0.02971
5.12,23.38,4.0258,79.0002,0.22519,0.03017
5.38,23.38,4.1680,83.4985,0.49007,0.03243
5.62,23.38,4.2840,87.9988,0.78202,0.03290
5.88,23.38,4.4552,89.6475,1.01645,0.03229
6.12,23.38,4.2827,90.3871,0.80866,0.02824
6.38,23.38,4.2534,87.4241,0.59749,0.02534
6.62,23.38,4.2510,82.4963,0.68554,0.02774
6.88,23.38,4.5204,83.3645,0.82768,0.03694
7.12,23.38,4.5546,89.6238,1.04329,0.04285
7.38,23.38,4.9617,98.8793,1.49065,0.04333
2.62,23.62,4.8257,98.1721,1.05311,0.02815
2.88,23.62,4.0594,88.4159,0.49059,0.03137
3.12,23.62,3.8481,78.7798,0.12891,0.03802
3.38,23.62,3.7040,72.7400,0.03132,0.03972
3.62,23.62,3.7782,68.8695,0.04109,0.03852
3.88,23.62,3.7925,67.1191,0.11238,0.03538
4.12,23.62,4.0005,69.1962,0.15236,0.03459
4.38,23.62,4.0004,71.8607,0.08525,0.03371
4.62,23.62,4.0449,73.4719,0.02069,0.03258
4.88,23.62,4.0252,75.0807,0.02959,0.03123
5.12,23.62,3.9494,77.3515,0.14398,0.03116
5.38,23.62,4.0696,81.0246,0.38853,0.03267
5.62,23.62,4.2661,84.6730,0.78828,0.03296
5.88,23.62,4.4329,85.9045,1.07570,0.03247
6.12,23.62,4.2230,86.3420,0.82113,0.02841
6.38,23.62,4.1699,84.3036,0.56151,0.02520
6.62,23.62,4.1682,80.7623,0.62011,0.02849
6.88,23.62,4.4606,81.7682,0.78547,0.04196
7.12,23.62,4.5052,86.8597,1.04971,0.05366
7.38,23.62,4.8523,95.1275,1.47146,0.05698
2.62,23.88,4.5889,96.9347,0.74117,0.03043
2.88,23.88,3.9869,86.9654,0.33573,0.03667
3.12,23.88,3.8329,77.3902,0.07616,0.04471
3.38,23.88,3.7073,69.7873,0.03362,0.04646
3.62,23.88,3.8306,64.1552,0.13011,0.04361
3.88,23.88,3.9132,61.2441,0.30403,0.03929
4.12,23.88,4.1009,64.0401,0.33660,0.03792
4.38,23.88,4.0306,68.6876,0.16771,0.03578
4.62,23.88,4.0311,72.5039,0.03828,0.03380
4.88,23.88,4.0203,75.3355,0.04120,0.03282
5.12,23.88,4.0162,77.1889,0.18219,0.03313
5.38,23.88,4.1704,79.5524,0.48841,0.03437
5.62,23.88,4.3753,82.2312,0.97323,0.03448
5.88,23.88,4.5194,82.6214,1.30254,0.03397
6.12,23.88,4.3199,81.5764,1.02690,0.03010
6.38,23.88,4.2630,78.3057,0.71085,0.02681
6.62,23.88,4.1665,75.3442,0.63129,0.02874
6.88,23.88,4.2830,78.6273,0.62137,0.03951
7.12,23.88,4.2180,83.6368,0.71848,0.04792
7.38,23.88,4.4818,89.8824,0.97063,0.04710
2.62,24.12,4.2844,95.2869,0.38271,0.03662
2.88,24.12,3.8708,84.2110,0.17789,0.04584
3.12,24.12,3.8126,74.4276,0.06047,0.05211
3.38,24.12,3.7334,66.2874,0.08368,0.05154
3.62,24.12,3.9069,60.0404,0.26225,0.04738
3.88,24.12,4.0462,56.5552,0.50398,0.04336
4.12,24.12,4.1728,61.0376,0.46734,0.04119
4.38,24.12,4.0303,67.8867,0.20448,0.03769
4.62,24.12,4.0279,72.9722,0.05065,0.03545
4.88,24.12,4.0561,76.1648,0.09741,0.03488
5.12,24.12,4.1515,76.9723,0.36383,0.03564
5.38,24.12,4.3180,78.5342,0.72361,0.03652
5.62,24.12,4.4342,82.0159,1.06573,0.03601
5.88,24.12,4.5616,82.7755,1.29552,0.03519
6.12,24.12,4.3493,81.0764,1.04246,0.03172
6.38,24.12,4.2985,77.6110,0.74560,0.03069
6.62,24.12,4.1602,75.3113,0.56927,0.03260
6.88,24.12,4.2053,78.5118,0.46077,0.03850
7.12,24.12,4.1018,82.1170,0.44751,0.04166
7.38,24.12,4.2861,87.3597,0.55622,0.03586
2.62,24.38,4.2653,95.1010,0.28007,0.04409
2.88,24.38,3.8661,82.2716,0.16027,0.05385
3.12,24.38,3.8117,71.8017,0.14133,0.05630
3.38,24.38,3.7694,64.4157,0.21660,0.05255
3.62,24.38,3.9133,59.2236,0.35811,0.04829
3.88,24.38,4.0221,56.1560,0.54484,0.04557
4.12,24.38,4.1254,60.7603,0.48590,0.04371
4.38,24.38,3.9778,67.8110,0.21307,0.04009
4.62,24.38,4.0168,73.0916,0.05822,0.03843
4.88,24.38,4.0839,76.4793,0.12831,0.03815
5.12,24.38,4.2217,76.8492,0.43952,0.03827
5.38,24.38,4.3640,78.2080,0.78727,0.03801
5.62,24.38,4.4002,81.4678,1.01380,0.03620
5.88,24.38,4.5389,81.7465,1.17898,0.03445
6.12,24.38,4.3076,80.2156,0.97471,0.03116
6.38,24.38,4.2259,78.8007,0.67220,0.03258
6.62,24.38,4.0992,78.8578,0.43027,0.03649
6.88,24.38,4.1661,82.7646,0.33836,0.04113
7.12,24.38,4.1253,85.4187,0.39814,0.04244
7.38,24.38,4.2773,89.7510,0.49554,0.03453
2.62,24.62,4.2663,93.4611,0.37695,0.04236
2.88,24.62,3.9326,81.7483,0.27250,0.05144
3.12,24.62,3.9133,71.5136,0.31541,0.05472
3.38,24.62,3.8772,64.3850,0.41698,0.05174
3.62,24.62,3.9454,60.0027,0.45565,0.04917
3.88,24.62,3.9335,57.8215,0.48689,0.04729
4.12,24.62,4.0327,60.9485,0.42543,0.04606
4.38,24.62,3.9361,66.3972,0.20504,0.04317
4.62,24.62,3.9999,71.6773,0.06172,0.04173
4.88,24.62,4.0388,75.7957,0.09518,0.04082
5.12,24.62,4.1166,76.5071,0.29384,0.03928
5.38,24.62,4.2717,77.1837,0.63440,0.03821
5.62,24.62,4.3879,77.3547,1.11028,0.03565
5.88,24.62,4.6031,74.9788,1.49581,0.03282
6.12,24.62,4.4026,73.6867,1.29030,0.02903
6.38,24.62,4.2527,75.6562,0.83471,0.02922
6.62,24.62,4.0814,79.3193,0.48267,0.03388
6.88,24.62,4.1276,85.9908,0.34461,0.04213
7.12,24.62,4.0963,89.6481,0.39231,0.04450
7.38,24.62,4.1063,93.4151,0.43301,0.03508
2.62,24.88,4.3093,91.9215,0.64026,0.03924
2.88,24.88,4.0490,81.3946,0.43002,0.04789
3.12,24.88,4.0550,70.7060,0.39928,0.05344
3.38,24.88,3.9908,62.4916,0.49648,0.05149
3.62,24.88,4.0953,57.7167,0.59687,0.05095
3.88,24.88,4.0615,56.0547,0.61442,0.05120
4.12,24.88,4.1227,58.9013,0.51892,0.05076
4.38,24.88,3.9810,63.9779,0.26220,0.04696
4.62,24.88,3.9858,69.5979,0.10362,0.04332
4.88,24.88,3.9919,73.9258,0.12344,0.04091
5.12,24.88,4.0467,74.7438,0.26271,0.03920
5.38,24.88,4.3124,74.4705,0.67620,0.03902
5.62,24.88,4.6175,72.1317,1.43904,0.03654
5.88,24.88,4.8779,68.4297,2.01528,0.03246
6.12,24.88,4.6649,68.2762,1.76591,0.02793
6.38,24.88,4.5033,73.2192,1.22022,0.02687
6.62,24.88,4.2540,79.1082,0.76195,0.03231
6.88,24.88,4.1881,86.6684,0.47255,0.04353
7.12,24.88,4.0871,91.4236,0.40572,0.04538
7.38,24.88,3.9800,95.4663,0.45275,0.03429
2.62,25.12,4.3678,89.7680,0.84534,0.03932
2.88,25.12,4.0971,77.8617,0.48119,0.04662
3.12,25.12,4.0515,66.8675,0.30588,0.05159
3.38,25.12,3.9447,59.1456,0.37531,0.05027
3.62,25.12,4.1079,54.9789,0.57786,0.05144
3.88,25.12,4.1359,53.6285,0.68144,0.05405
4.12,25.12,4.1699,57.1221,0.56754,0.05410
4.38,25.12,3.9895,62.5817,0.27991,0.04980
4.62,25.12,3.9741,68.1658,0.13569,0.04562
4.88,25.12,4.0055,71.8651,0.18997,0.04287
5.12,25.12,4.0819,72.2528,0.38525,0.04133
5.38,25.12,4.4156,71.8256,0.87728,0.04102
5.62,25.12,4.7990,70.3339,1.67117,0.03804
5.88,25.12,5.0375,68.4997,2.23340,0.03341
6.12,25.12,4.8075,69.6832,1.97171,0.02886
6.38,25.12,4.7121,73.8309,1.49423,0.02781
6.62,25.12,4.4342,78.5691,1.01523,0.03401
6.88,25.12,4.2658,86.1057,0.64063,0.04597
7.12,25.12,4.1392,93.2576,0.57811,0.04636
7.38,25.12,4.1095,99.5173,0.80141,0.03396
2.62,25.38,4.3621,86.4463,0.90808,0.03913
2.88,25.38,4.0873,73.9211,0.51978,0.04562
3.12,25.38,3.9653,63.6609,0.28360,0.05004
3.38,25.38,3.8062,57.2103,0.24220,0.05043
3.62,25.38,3.9383,54.8310,0.37569,0.05230
3.88,25.38,4.0121,54.0810,0.52872,0.05524
4.12,25.38,4.0778,57.3905,0.46465,0.05524
4.38,25.38,3.9335,62.1411,0.22095,0.05211
4.62,25.38,3.9438,66.6971,0.09503,0.04998
4.88,25.38,3.9777,69.1649,0.15573,0.04738
5.12,25.38,4.0345,69.0773,0.42701,0.04457
5.38,25.38,4.3587,69.2209,0.97741,0.04304
5.62,25.38,4.7580,68.9211,1.72948,0.03976
5.88,25.38,5.1136,67.8808,2.31007,0.03637
6.12,25.38,5.0005,69.3699,2.15774,0.03248
6.38,25.38,4.8544,73.9064,1.73638,0.02992
6.62,25.38,4.5562,79.6459,1.23514,0.03472
6.88,25.38,4.3935,87.1008,0.82576,0.04692
7.12,25.38,4.2471,94.9173,0.77436,0.04810
7.38,25.38,4.2819,103.5331,1.10913,0.03534
2.62,25.62,4.2862,85.2423,0.88328,0.03816
2.88,25.62,4.0797,72.9414,0.55361,0.04596
3.12,25.62,3.9825,62.8196,0.33087,0.05256
3.38,25.62,3.8129,56.1450,0.19922,0.05535
3.62,25.62,3.9005,54.7078,0.24242,0.05785
3.88,25.62,3.9975,54.4967,0.41123,0.06060
4.12,25.62,4.0721,57.7699,0.39423,0.05954
4.38,25.62,3.9231,61.9884,0.18342,0.05624
4.62,25.62,3.9207,65.1721,0.05640,0.05487
4.88,25.62,3.9486,65.7741,0.11615,0.05184
5.12,25.62,3.9832,64.6509,0.44137,0.04750
5.38,25.62,4.3152,64.5505,1.03061,0.04560
5.62,25.62,4.7057,63.7881,1.73673,0.04271
5.88,25.62,5.1002,61.5977,2.28369,0.04015
6.12,25.62,5.0598,63.0303,2.18569,0.03655
6.38,25.62,4.7516,71.0226,1.72866,0.03228
6.62,25.62,4.4348,80.6496,1.22332,0.03510
6.88,25.62,4.3698,86.9457,0.88452,0.04632
7.12,25.62,4.2018,92.2433,0.82576,0.04787
7.38,25.62,4.2338,100.5978,1.12233,0.03514
2.62,25.88,4.2755,86.4861,0.82933,0.03927
2.88,25.88,4.0749,73.8321,0.48735,0.04839
3.12,25.88,3.9619,63.3297,0.24446,0.05614
3.38,25.88,3.8066,56.1163,0.13188,0.06008
3.62,25.88,3.8708,54.9276,0.14911,0.06325
3.88,25.88,3.9225,55.2900,0.23242,0.06607
4.12,25.88,3.9837,58.6669,0.21529,0.06460
4.38,25.88,3.8928,62.1573,0.09976,0.06133
4.62,25.88,3.9161,64.3023,0.04714,0.05973
4.88,25.88,4.0027,63.6658,0.17199,0.05690
5.12,25.88,4.0627,61.4819,0.53679,0.05228
5.38,25.88,4.3391,61.4535,1.03120,0.04925
5.62,25.88,4.6467,61.1554,1.57212,0.04566
5.88,25.88,4.9626,57.9667,1.99922,0.04286
6.12,25.88,4.8892,57.9123,1.86130,0.03958
6.38,25.88,4.4994,66.0653,1.36866,0.03624
6.62,25.88,4.1285,76.1648,0.91130,0.03802
6.88,25.88,4.1477,80.5346,0.73262,0.04510
7.12,25.88,4.1781,83.6127,0.84157,0.04405
7.38,25.88,4.4281,91.6064,1.26161,0.03184
2.62,26.12,4.3773,86.9249,0.88895,0.04236
2.88,26.12,4.1313,73.4983,0.52875,0.05139
3.12,26.12,3.8991,62.6777,0.22146,0.05819
3.38,26.12,3.7637,55.5242,0.14660,0.06284
3.62,26.12,3.8389,54.1296,0.18710,0.06617
3.88,26.12,3.7958,55.2356,0.14359,0.06869
4.12,26.12,3.8464,58.8575,0.06801,0.06942
4.38,26.12,3.8460,61.5821,0.02707,0.06772
4.62,26.12,3.9048,63.2332,0.05537,0.06600
4.88,26.12,4.0774,62.5558,0.27113,0.06409
5.12,26.12,4.2164,60.6747,0.68134,0.05959
5.38,26.12,4.4261,61.7351,1.09694,0.05530
5.62,26.12,4.6895,62.0085,1.56709,0.05642
5.88,26.12,4.9045,58.2991,1.88733,0.05825
6.12,26.12,4.7168,56.3681,1.61959,0.04956
6.38,26.12,4.3962,61.2067,1.09813,0.04265
6.62,26.12,4.0714,67.4841,0.76249,0.04202
6.88,26.12,4.1718,70.0941,0.76081,0.04363
7.12,26.12,4.2928,74.0267,0.99257,0.04028
7.38,26.12,4.6182,83.8105,1.52342,0.02902
2.62,26.38,4.4202,85.3414,1.01315,0.04425
2.88,26.38,4.2357,71.7239,0.69144,0.05374
3.12,26.38,3.9620,61.0805,0.32886,0.06164
3.38,26.38,3.8505,54.2562,0.27783,0.06841
3.62,26.38,3.9382,52.0181,0.37574,0.07202
3.88,26.38,3.8056,53.4457,0.22817,0.07432
4.12,26.38,3.8092,57.4220,0.05394,0.07792
4.38,26.38,3.8167,60.0860,0.00980,0.07714
4.62,26.38,3.8740,61.6158,0.05208,0.07496
4.88,26.38,4.0676,61.6169,0.27917,0.07212
5.12,26.38,4.3002,60.8185,0.74075,0.06675
5.38,26.38,4.5709,61.7986,1.28937,0.06729
5.62,26.38,4.8637,61.9194,1.81731,0.09538
5.88,26.38,4.9463,60.1737,1.95131,0.12018
6.12,26.38,4.5876,58.8825,1.48280,0.08686
6.38,26.38,4.3048,60.8034,0.92418,0.05246
6.62,26.38,4.0561,63.4530,0.69574,0.04296
6.88,26.38,4.2163,64.6822,0.80352,0.04198
7.12,26.38,4.2674,69.1858,1.04223,0.03976
7.38,26.38,4.4568,78.9251,1.53048,0.02940
2.62,26.62,4.3358,84.2127,0.98423,0.04636
2.88,26.62,4.2204,71.1183,0.67796,0.05701
3.12,26.62,4.0007,60.9583,0.33744,0.06664
3.38,26.62,3.9321,54.3286,0.33787,0.07531
3.62,26.62,4.0181,50.9598,0.47604,0.07983
3.88,26.62,3.8570,51.6515,0.28657,0.08253
4.12,26.62,3.8120,55.1760,0.06409,0.08752
4.38,26.62,3.7734,57.7904,0.00732,0.08650
4.62,26.62,3.8178,59.7089,0.03056,0.08379
4.88,26.62,3.9715,61.0589,0.21271,0.07918
5.12,26.62,4.2983,61.0049,0.76780,0.07254
5.38,26.62,4.6525,60.3533,1.55149,0.07671
5.62,26.62,4.8502,60.4089,1.98332,0.12728
5.88,26.62,4.7761,61.9127,1.80609,0.17199
6.12,26.62,4.3925,63.2541,1.25433,0.11794
6.38,26.62,4.1845,64.5953,0.76762,0.05868
6.62,26.62,4.0094,66.1548,0.57286,0.04155
6.88,26.62,4.2275,66.3483,0.71914,0.04080
7.12,26.62,4.3279,70.1163,1.09353,0.04089
7.38,26.62,4.5495,79.1227,1.67267,0.03145
2.62,26.88,4.2263,84.4443,0.81113,0.04934
2.88,26.88,4.0883,72.4743,0.47584,0.06081
3.12,26.88,3.9225,62.2453,0.21425,0.07185
3.38,26.88,3.9127,54.9371,0.26853,0.08225
3.62,26.88,3.9764,51.0313,0.40174,0.08750
3.88,26.88,3.8160,50.8103,0.24410,0.09021
4.12,26.88,3.7716,53.0787,0.05540,0.09591
4.38,26.88,3.7272,55.0918,0.00541,0.09643
4.62,26.88,3.7701,57.4920,0.01501,0.09409
4.88,26.88,3.8715,59.9937,0.15654,0.08790
5.12,26.88,4.2455,60.7545,0.75177,0.07877
5.38,26.88,4.6630,58.7980,1.74758,0.07159
5.62,26.88,4.9097,57.0344,2.31191,0.09454
5.88,26.88,4.7572,59.7695,2.04180,0.11804
6.12,26.88,4.3780,64.2317,1.40077,0.08516
6.38,26.88,4.2521,66.1736,0.94349,0.05113
6.62,26.88,4.0682,67.5683,0.69534,0.04014
6.88,26.88,4.2895,68.1075,0.77880,0.04043
7.12,26.88,4.3915,71.6835,1.14694,0.04157
7.38,26.88,4.4723,80.5401,1.66212,0.03265
2.62,27.12,3.9947,86.2363,0.54975,0.05104
2.88,27.12,3.9538,74.5221,0.27196,0.06423
3.12,27.12,3.8686,63.4402,0.10821,0.07742
3.38,27.12,3.8766,54.8197,0.18748,0.09014
3.62,27.12,3.9039,50.5967,0.30781,0.09688
3.88,27.12,3.7672,49.7180,0.20607,0.10185
4.12,27.12,3.7444,50.9671,0.05789,0.11024
4.38,27.12,3.6971,52.6737,0.00769,0.11410
4.62,27.12,3.7501,55.6126,0.00955,0.11268
4.88,27.12,3.8140,58.7171,0.11825,0.10369
5.12,27.12,4.1393,60.4137,0.65346,0.08953
5.38,27.12,4.6341,58.4717,1.76727,0.06821
5.62,27.12,5.2543,55.0405,2.78361,0.05720
5.88,27.12,5.2742,57.2260,2.79996,0.05360
6.12,27.12,4.7481,62.8433,1.98484,0.04578
6.38,27.12,4.4607,65.0532,1.33269,0.04393
6.62,27.12,4.1258,64.8128,0.93603,0.04273
6.88,27.12,4.2249,64.6579,0.83244,0.04357
7.12,27.12,4.2291,69.1044,0.95518,0.04386
7.38,27.12,3.9633,79.4550,1.17258,0.03372
2.62,27.38,3.7029,88.1116,0.23001,0.05181
2.88,27.38,3.8775,76.4278,0.10816,0.06801
3.12,27.38,3.8730,64.6876,0.05799,0.08383
3.38,27.38,3.8839,54.7031,0.17104,0.10031
3.62,27.38,3.9328,49.3530,0.33897,0.11137
3.88,27.38,3.8531,47.6176,0.30510,0.12196
4.12,27.38,3.7832,48.7144,0.12846,0.13351
4.38,27.38,3.6916,51.0174,0.02428,0.14069
4.62,27.38,3.7436,54.8281,0.01078,0.14181
4.88,27.38,3.7900,58.2310,0.11718,0.13072
5.12,27.38,4.1007,59.5097,0.63380,0.10944
5.38,27.38,4.5873,58.1423,1.66172,0.07685
5.62,27.38,5.1052,57.4513,2.63151,0.04894
5.88,27.38,5.0937,60.5554,2.76615,0.03394
6.12,27.38,4.6501,63.9431,2.02174,0.03366
6.38,27.38,4.4358,64.1046,1.40708,0.04354
6.62,27.38,4.1431,62.0214,1.05601,0.04825
6.88,27.38,4.2023,61.4901,0.91689,0.05006
7.12,27.38,4.2108,68.9671,0.91573,0.04889
7.38,27.38,3.8876,83.2003,0.98820,0.03671
2.62,27.62,3.5481,88.9247,0.04488,0.05393
2.88,27.62,3.8354,77.2235,0.02191,0.07257
3.12,27.62,3.8508,65.5658,0.02596,0.09013
3.38,27.62,3.8704,55.6031,0.12637,0.11055
3.62,27.62,3.9444,49.4965,0.33936,0.12783
3.88,27.62,3.9564,46.3277,0.42282,0.14835
4.12,27.62,3.8279,46.9681,0.22596,0.16661
4.38,27.62,3.6659,49.5202,0.04815,0.17976
4.62,27.62,3.6865,53.6868,0.01167,0.18447
4.88,27.62,3.7377,57.4683,0.09895,0.17192
5.12,27.62,3.9627,58.0143,0.49210,0.14134
5.38,27.62,4.1851,56.8151,1.09686,0.09380
5.62,27.62,4.2280,58.4976,1.44547,0.05309
5.88,27.62,4.1024,62.6783,1.42567,0.03417
6.12,27.62,4.0031,63.8858,1.15761,0.03645
6.38,27.62,4.0807,61.3980,1.01420,0.04864
6.62,27.62,4.0398,59.1885,0.97487,0.05452
6.88,27.62,4.2500,59.5110,1.05509,0.05882
7.12,27.62,4.2483,67.8974,1.07165,0.05868
7.38,27.62,4.0208,83.0567,1.09965,0.04433
2.62,27.88,3.5524,89.8706,0.00657,0.05789
2.88,27.88,3.8356,78.0037,0.00343,0.07878
3.12,27.88,3.8168,66.7685,0.00866,0.09760
3.38,27.88,3.8348,57.6944,0.06755,0.12177
3.62,27.88,3.8713,51.8016,0.25299,0.14551
3.88,27.88,3.9188,47.6635,0.38710,0.17790
4.12,27.88,3.7996,46.9891,0.22809,0.21036
4.38,27.88,3.6439,48.2577,0.05045,0.23971
4.62,27.88,3.6400,51.2677,0.00765,0.25018
4.88,27.88,3.6486,53.4926,0.04386,0.23452
5.12,27.88,3.7032,51.6282,0.20574,0.19447
5.38,27.88,3.5975,48.0471,0.39644,0.12093
5.62,27.88,3.4092,47.0653,0.40087,0.05930
5.88,27.88,3.3541,52.7546,0.33878,0.03679
6.12,27.88,3.4567,58.7742,0.35033,0.04274
6.38,27.88,3.6602,57.5375,0.46531,0.05782
6.62,27.88,3.8538,56.3120,0.71673,0.06369
6.88,27.88,4.3136,58.0814,1.08773,0.07156
7.12,27.88,4.3428,64.2009,1.19635,0.07536
7.38,27.88,4.0859,76.1651,1.18271,0.05744
2.62,28.12,3.5337,90.6731,0.01685,0.06284
2.88,28.12,3.8120,79.0155,0.00772,0.08648
3.12,28.12,3.7873,68.6099,0.00512,0.10716
3.38,28.12,3.8060,60.4061,0.04029,0.13591
3.62,28.12,3.7776,55.0524,0.17591,0.16771
3.88,28.12,3.7972,50.5617,0.28757,0.21446
4.12,28.12,3.7097,48.3886,0.17387,0.26789
4.38,28.12,3.6138,47.5749,0.03877,0.32448
4.62,28.12,3.5886,47.9754,0.00387,0.34920
4.88,28.12,3.5344,46.3261,0.00859,0.33350
5.12,28.12,3.4096,40.3990,0.03884,0.27759
5.38,28.12,2.7016,32.0101,0.06856,0.15243
5.62,28.12,1.9962,26.0396,0.05471,0.05295
5.88,28.12,1.8854,32.4965,0.03730,0.02486
6.12,28.12,2.3794,46.1285,0.05800,0.03699
6.38,28.12,3.1767,50.3485,0.15778,0.06445
6.62,28.12,3.6971,50.7396,0.48108,0.08014
6.88,28.12,4.1573,54.3641,0.92339,0.08944
7.12,28.12,4.1951,59.8390,1.06187,0.09254
7.38,28.12,3.8734,70.7844,1.04931,0.06933
2.62,28.38,3.5297,92.0987,0.06321,0.06774
2.88,28.38,3.8089,80.7467,0.02857,0.09408
3.12,28.38,3.7750,71.0849,0.00874,0.11651
3.38,28.38,3.7987,63.3657,0.03346,0.15150
3.62,28.38,3.7767,58.0817,0.14765,0.19867
3.88,28.38,3.7757,52.8908,0.24333,0.26948
4.12,28.38,3.6543,49.1037,0.14757,0.35250
4.38,28.38,3.5406,46.1903,0.03293,0.44463
4.62,28.38,3.4689,43.6769,0.00276,0.49960
4.88,28.38,3.3637,38.4679,0.00074,0.50140
5.12,28.38,3.0647,29.5802,0.00298,0.42082
5.38,28.38,1.8585,18.1358,0.00505,0.21150
5.62,28.38,0.7877,10.1143,0.00348,0.05451
5.88,28.38,0.6389,13.6802,0.00208,0.01648
6.12,28.38,1.3989,27.3256,0.00846,0.03306
6.38,28.38,2.6660,37.9291,0.06770,0.07682
6.62,28.38,3.4457,42.9514,0.30226,0.10931
6.88,28.38,3.8026,48.9691,0.61938,0.11178
7.12,28.38,3.8901,56.2684,0.79902,0.10249
7.38,28.38,3.7296,69.2824,0.98411,0.07324
2.62,28.62,3.4970,94.8042,0.20076,0.06680
2.88,28.62,3.7918,83.1987,0.09052,0.09525
3.12,28.62,3.7524,73.4787,0.02056,0.12160
3.38,28.62,3.7521,66.0351,0.01932,0.16369
3.62,28.62,3.7278,61.4017,0.07963,0.22807
3.88,28.62,3.6873,56.0259,0.13121,0.32876
4.12,28.62,3.5531,50.1328,0.07958,0.45678
4.38,28.62,3.4326,44.6519,0.01776,0.60374
4.62,28.62,3.3443,39.8203,0.00146,0.70755
4.88,28.62,3.2388,33.3031,0.00006,0.75154
5.12,28.62,2.8960,24.7311,0.00010,0.66706
5.38,28.62,1.6388,14.3728,0.00018,0.36831
5.62,28.62,0.6046,6.4366,0.00015,0.12609
5.88,28.62,0.5528,6.1646,0.00021,0.06098
6.12,28.62,1.3915,15.4028,0.00456,0.07728
6.38,28.62,2.6528,27.7598,0.05507,0.12250
6.62,28.62,3.3837,36.1364,0.25824,0.15233
6.88,28.62,3.6830,44.4826,0.55358,0.13855
7.12,28.62,3.8488,54.7657,0.91646,0.11202
7.38,28.62,4.0121,70.0300,1.49185,0.07516
2.62,28.88,3.6198,98.0627,0.34763,0.06379
2.88,28.88,3.8484,86.2150,0.15670,0.09292
3.12,28.88,3.7467,75.7448,0.03349,0.12300
3.38,28.88,3.7121,68.9919,0.00706,0.16956
3.62,28.88,3.6722,66.1258,0.01919,0.24438
3.88,28.88,3.5905,61.1349,0.03147,0.37111
4.12,28.88,3.4468,53.0377,0.01957,0.55927
4.38,28.88,3.3255,44.2978,0.00509,0.80048
4.62,28.88,3.2403,37.3031,0.00083,0.98319
4.88,28.88,3.1749,31.5584,0.00015,1.07544
5.12,28.88,2.9808,25.9553,0.00039,1.03452
5.38,28.88,2.1143,19.3205,0.00173,0.72518
5.62,28.88,1.3774,12.5135,0.00285,0.39160
5.88,28.88,1.5283,10.1853,0.00185,0.25667
6.12,28.88,2.3470,15.4546,0.00424,0.24006
6.38,28.88,3.1771,24.9111,0.04726,0.22638
6.62,28.88,3.5341,32.8105,0.22243,0.20356
6.88,28.88,3.7596,42.0550,0.49955,0.17095
7.12,28.88,3.9076,54.8019,0.93959,0.13153
7.38,28.88,4.0843,70.9710,1.65402,0.08277
2.62,29.12,3.6751,98.3395,0.37511,0.05869
2.88,29.12,3.7848,87.1168,0.17029,0.08518
3.12,29.12,3.6597,76.6976,0.03889,0.11458
3.38,29.12,3.6181,70.9250,0.01199,0.16269
3.62,29.12,3.5909,69.8610,0.02616,0.24289
3.88,29.12,3.5481,66.4350,0.04187,0.38625
4.12,29.12,3.3953,58.0855,0.04116,0.63826
4.38,29.12,3.2470,46.2867,0.03309,1.01672
4.62,29.12,3.1240,36.3578,0.01636,1.33269
4.88,29.12,3.0525,31.2014,0.00401,1.46858
5.12,29.12,3.0412,28.2849,0.00700,1.46832
5.38,29.12,2.7941,25.6438,0.03011,1.22981
5.62,29.12,2.5234,22.7183,0.04963,0.82649
5.88,29.12,2.7571,21.9398,0.03018,0.55266
6.12,29.12,3.2232,25.5514,0.00879,0.43568
6.38,29.12,3.4589,30.6661,0.02350,0.33164
6.62,29.12,3.5695,34.5802,0.10434,0.25233
6.88,29.12,3.6887,41.5691,0.23762,0.20322
7.12,29.12,3.6999,54.5595,0.47074,0.15406
7.38,29.12,3.5244,70.5246,0.84896,0.09403
2.62,29.38,3.6601,97.3612,0.42912,0.04967
2.88,29.38,3.7736,87.1870,0.20867,0.07158
3.12,29.38,3.6872,78.6562,0.07744,0.09580
3.38,29.38,3.6540,74.6277,0.08047,0.13917
3.62,29.38,3.6628,75.0201,0.16692,0.21475
3.88,29.38,3.7020,73.8479,0.26144,0.35877
4.12,29.38,3.6790,69.8263,0.35150,0.65604
4.38,29.38,3.5164,58.1066,0.37101,1.18679
4.62,29.38,3.1478,41.4361,0.19732,1.72834
4.88,29.38,2.8417,31.7257,0.04672,1.96184
5.12,29.38,2.8465,30.4724,0.05826,1.91815
5.38,29.38,3.1209,34.6854,0.24587,1.63769
5.62,29.38,3.3424,38.8727,0.40521,1.13881
5.88,29.38,3.4149,38.5094,0.24610,0.73130
6.12,29.38,3.4162,39.5583,0.05909,0.51759
6.38,29.38,3.5016,41.6015,0.02627,0.37994
6.62,29.38,3.6734,41.8178,0.04926,0.29371
6.88,29.38,3.6417,45.7237,0.06528,0.22693
7.12,29.38,3.5608,57.0318,0.10166,0.17133
7.38,29.38,3.0946,72.4996,0.17826,0.10783
2.62,29.62,3.5890,99.9215,0.59278,0.04157
2.88,29.62,3.7889,89.1745,0.33943,0.05965
3.12,29.62,3.7427,82.2841,0.22562,0.07718
3.38,29.62,3.7827,80.1001,0.31765,0.11060
3.62,29.62,3.8425,81.5233,0.55553,0.17258
3.88,29.62,3.9942,83.7050,0.85125,0.30165
4.12,29.62,4.5337,94.4672,1.43052,0.59322
4.38,29.62,4.5733,93.5013,1.70563,1.19950
4.62,29.62,3.5821,62.6387,0.93060,2.00034
4.88,29.62,2.7258,36.2447,0.21735,2.49560
5.12,29.62,2.6853,35.8425,0.22837,2.39659
5.38,29.62,3.5069,57.5165,0.95139,1.82940
5.62,29.62,4.3517,76.0030,1.56782,1.14874
5.88,29.62,4.1417,65.4639,0.95242,0.72822
6.12,29.62,3.6100,51.3986,0.23071,0.52944
6.38,29.62,3.5484,49.7719,0.10069,0.39563
6.62,29.62,3.6689,51.7062,0.13894,0.30458
6.88,29.62,3.5962,55.2510,0.08728,0.22737
7.12,29.62,3.5383,63.2440,0.02787,0.17750
7.38,29.62,2.8685,76.2539,0.01721,0.11743
2.62,29.88,3.8766,114.9734,0.93259,0.03418
2.88,29.88,3.9932,100.9879,0.58060,0.04894
3.12,29.88,3.9265,91.9447,0.46074,0.06046
3.38,29.88,4.0621,89.0025,0.65911,0.08358
3.62,29.88,4.1717,91.1685,1.04090,0.12810
3.88,29.88,4.3995,98.2651,1.57281,0.22678
4.12,29.88,5.6438,128.0761,2.98266,0.47037
4.38,29.88,6.0041,142.8510,3.74211,1.03201
4.62,29.88,4.1666,93.9766,2.06145,1.96726
4.88,29.88,2.6963,45.0860,0.47902,2.79234
5.12,29.88,2.6424,44.7600,0.46783,2.70303
5.38,29.88,3.9289,88.6904,1.93673,1.77840
5.62,29.88,5.2437,125.2082,3.19146,0.91771
5.88,29.88,4.4337,99.1344,1.93902,0.54317
6.12,29.88,3.2613,64.6673,0.47296,0.41056
6.38,29.88,3.1299,60.1485,0.21948,0.30618
6.62,29.88,3.3259,66.5222,0.30456,0.22570
6.88,29.88,3.2685,70.2993,0.18501,0.16563
7.12,29.88,3.1074,74.5286,0.04394,0.13300
7.38,29.88,2.3780,84.4391,0.00542,0.08990
