x,y,rho,contact,casualty,pressure
2.62,0.12,0.3244,0.0043,0.00000,0.27265
2.88,0.12,0.6677,0.0126,0.00000,0.52836
3.12,0.12,1.0059,0.0310,0.00000,0.72922
3.38,0.12,1.1341,0.0427,0.00000,0.73490
3.62,0.12,1.1984,0.0268,0.00000,0.69396
3.88,0.12,1.3018,0.0083,0.00000,0.68854
4.12,0.12,1.3308,0.0035,0.00000,0.64366
4.38,0.12,1.3121,0.0061,0.00000,0.58042
4.62,0.12,1.3186,0.0084,0.00000,0.53014
4.88,0.12,1.3263,0.0064,0.00000,0.49879
5.12,0.12,1.3327,0.0050,0.00000,0.49162
5.38,0.12,1.3348,0.0050,0.00000,0.47164
5.62,0.12,1.3010,0.0048,0.00000,0.43349
5.88,0.12,1.2440,0.0050,0.00000,0.41942
6.12,0.12,1.2588,0.0079,0.00000,0.45592
6.38,0.12,1.3145,0.0198,0.00000,0.48935
6.62,0.12,1.3317,0.1626,0.00000,0.47337
6.88,0.12,1.3636,1.6195,0.00000,0.46555
7.12,0.12,1.1440,7.4723,0.00000,0.41198
7.38,0.12,0.6761,16.5216,0.00000,0.26006
2.62,0.38,0.5898,0.0053,0.00000,0.45030
2.88,0.38,1.1523,0.0126,0.00000,0.82173
3.12,0.38,1.5739,0.0227,0.00000,1.03958
3.38,0.38,1.5432,0.0260,0.00000,0.94709
3.62,0.38,1.4895,0.0171,0.00000,0.82824
3.88,0.38,1.6024,0.0076,0.00000,0.79245
4.12,0.38,1.6250,0.0050,0.00000,0.71886
4.38,0.38,1.6032,0.0066,0.00000,0.64233
4.62,0.38,1.6423,0.0077,0.00000,0.59220
4.88,0.38,1.6507,0.0066,0.00000,0.54931
5.12,0.38,1.6468,0.0073,0.00000,0.52423
5.38,0.38,1.6659,0.0092,0.00000,0.49900
5.62,0.38,1.6492,0.0103,0.00000,0.46562
5.88,0.38,1.5989,0.0101,0.00000,0.44259
6.12,0.38,1.6415,0.0125,0.00000,0.46327
6.38,0.38,1.6753,0.0188,0.00000,0.48865
6.62,0.38,1.5789,0.0808,0.00000,0.44952
6.88,0.38,1.6974,0.7501,0.00000,0.43616
7.12,0.38,1.6428,3.4524,0.00000,0.41189
7.38,0.38,1.0722,7.6307,0.00000,0.27392
2.62,0.62,0.7260,0.0031,0.00000,0.45461
2.88,0.62,1.4032,0.0068,0.00000,0.82047
3.12,0.62,1.8310,0.0098,0.00000,1.00239
3.38,0.62,1.6462,0.0092,0.00000,0.84811
3.62,0.62,1.5350,0.0068,0.00000,0.69356
3.88,0.62,1.6872,0.0058,0.00000,0.65786
4.12,0.62,1.7021,0.0062,0.00000,0.59678
4.38,0.62,1.6870,0.0057,0.00000,0.53464
4.62,0.62,1.7492,0.0050,0.00000,0.49738
4.88,0.62,1.7444,0.0052,0.00000,0.45474
5.12,0.62,1.7314,0.0081,0.00000,0.41722
5.38,0.62,1.7654,0.0128,0.00000,0.39191
5.62,0.62,1.7784,0.0154,0.00000,0.37335
5.88,0.62,1.7428,0.0143,0.00000,0.35476
6.12,0.62,1.8016,0.0126,0.00000,0.35754
6.38,0.62,1.8355,0.0115,0.00000,0.36633
6.62,0.62,1.5932,0.0203,0.00000,0.31870
6.88,0.62,1.7628,0.1503,0.00000,0.31427
7.12,0.62,1.9796,0.6836,0.00000,0.32947
7.38,0.62,1.4165,1.5079,0.00000,0.23359
2.62,0.88,0.7027,0.0009,0.00000,0.29308
2.88,0.88,1.3333,0.0022,0.00000,0.54140
3.12,0.88,1.6903,0.0032,0.00000,0.66889
3.38,0.88,1.5199,0.0028,0.00000,0.55962
3.62,0.88,1.5285,0.0034,0.00000,0.46431
3.88,0.88,1.7127,0.0078,0.00000,0.45515
4.12,0.88,1.6970,0.0115,0.00000,0.41835
4.38,0.88,1.7146,0.0079,0.00000,0.37807
4.62,0.88,1.7908,0.0039,0.00000,0.35197
4.88,0.88,1.7805,0.0043,0.00000,0.31862
5.12,0.88,1.7920,0.0090,0.00000,0.28752
5.38,0.88,1.8247,0.0149,0.00000,0.26781
5.62,0.88,1.8559,0.0159,0.00000,0.25819
5.88,0.88,1.8459,0.0136,0.00000,0.24895
6.12,0.88,1.8880,0.0087,0.00000,0.24536
6.38,0.88,1.9720,0.0043,0.00000,0.24648
6.62,0.88,1.6510,0.0031,0.00000,0.20508
6.88,0.88,1.7653,0.0127,0.00000,0.20889
7.12,0.88,2.1537,0.0545,0.00000,0.24489
7.38,0.88,1.6330,0.1187,0.00000,0.18400
2.62,1.12,0.8226,0.0004,0.00000,0.18581
2.88,1.12,1.4724,0.0015,0.00000,0.35045
3.12,1.12,1.7776,0.0029,0.00000,0.44258
3.38,1.12,1.6560,0.0036,0.00000,0.38610
3.62,1.12,1.7792,0.0059,0.00000,0.34558
3.88,1.12,1.9218,0.0130,0.00000,0.34566
4.12,1.12,1.8643,0.0177,0.00000,0.31725
4.38,1.12,1.9117,0.0109,0.00000,0.28956
4.62,1.12,1.9706,0.0037,0.00000,0.26845
4.88,1.12,1.9543,0.0030,0.00000,0.24379
5.12,1.12,2.0043,0.0074,0.00000,0.22498
5.38,1.12,2.0210,0.0119,0.00000,0.20930
5.62,1.12,2.0607,0.0103,0.00000,0.19994
5.88,1.12,2.0921,0.0072,0.00000,0.19487
6.12,1.12,2.0494,0.0038,0.00000,0.18787
6.38,1.12,2.1512,0.0011,0.00000,0.18757
6.62,1.12,1.8745,0.0004,0.00000,0.15660
6.88,1.12,1.9454,0.0009,0.00000,0.15940
7.12,1.12,2.3745,0.0033,0.00000,0.19318
7.38,1.12,1.8295,0.0069,0.00000,0.14841
2.62,1.38,1.0674,0.0002,0.00000,0.14166
2.88,1.38,1.7542,0.0010,0.00000,0.25643
3.12,1.38,1.9398,0.0026,0.00000,0.31281
3.38,1.38,1.8118,0.0051,0.00000,0.27910
3.62,1.38,1.9927,0.0104,0.00000,0.26455
3.88,1.38,2.0603,0.0169,0.00000,0.26301
4.12,1.38,2.0070,0.0157,0.00000,0.24227
4.38,1.38,2.0701,0.0076,0.00000,0.22679
4.62,1.38,2.0826,0.0020,0.00000,0.21283
4.88,1.38,2.0580,0.0011,0.00000,0.19629
5.12,1.38,2.1286,0.0031,0.00000,0.18424
5.38,1.38,2.1391,0.0051,0.00000,0.16970
5.62,1.38,2.1831,0.0037,0.00000,0.15880
5.88,1.38,2.2654,0.0018,0.00000,0.15583
6.12,1.38,2.0959,0.0008,0.00000,0.14378
6.38,1.38,2.1569,0.0002,0.00000,0.14113
6.62,1.38,2.0472,0.0009,0.00000,0.12516
6.88,1.38,2.1307,0.0101,0.00000,0.12508
7.12,1.38,2.5132,0.0478,0.00000,0.14598
7.38,1.38,1.9284,0.1061,0.00000,0.11170
2.62,1.62,1.3330,0.0001,0.00000,0.12095
2.88,1.62,1.9645,0.0003,0.00000,0.19382
3.12,1.62,1.8949,0.0013,0.00000,0.20821
3.38,1.62,1.7911,0.0041,0.00000,0.18884
3.62,1.62,2.1121,0.0117,0.00000,0.19823
3.88,1.62,2.1298,0.0180,0.00000,0.19763
4.12,1.62,2.0982,0.0119,0.00000,0.18552
4.38,1.62,2.1477,0.0035,0.00000,0.17919
4.62,1.62,2.1350,0.0006,0.00000,0.17147
4.88,1.62,2.1411,0.0002,0.00000,0.16276
5.12,1.62,2.2267,0.0006,0.00000,0.15633
5.38,1.62,2.2636,0.0010,0.00000,0.14526
5.62,1.62,2.2789,0.0006,0.00000,0.13126
5.88,1.62,2.3694,0.0002,0.00000,0.12611
6.12,1.62,2.0997,0.0001,0.00000,0.11021
6.38,1.62,2.1416,0.0003,0.00000,0.10708
6.62,1.62,2.2475,0.0101,0.00000,0.10522
6.88,1.62,2.3255,0.1231,0.00000,0.10564
7.12,1.62,2.5972,0.5826,0.00000,0.11735
7.38,1.62,1.9690,1.2923,0.00000,0.08883
2.62,1.88,1.6521,0.0000,0.00000,0.11268
2.88,1.88,2.2389,0.0001,0.00000,0.16125
3.12,1.88,1.8967,0.0003,0.00000,0.14781
3.38,1.88,1.8149,0.0017,0.00000,0.13247
3.62,1.88,2.2828,0.0062,0.00000,0.15214
3.88,1.88,2.2578,0.0099,0.00000,0.15270
4.12,1.88,2.2298,0.0061,0.00000,0.14774
4.38,1.88,2.2192,0.0015,0.00000,0.14451
4.62,1.88,2.2106,0.0003,0.00000,0.13984
4.88,1.88,2.2856,0.0003,0.00000,0.13654
5.12,1.88,2.3713,0.0002,0.00000,0.13371
5.38,1.88,2.4456,0.0001,0.00000,0.12819
5.62,1.88,2.3978,0.0000,0.00000,0.11317
5.88,1.88,2.4511,0.0000,0.00000,0.10507
6.12,1.88,2.1383,0.0000,0.00000,0.08872
6.38,1.88,2.1804,0.0015,0.00000,0.08492
6.62,1.88,2.4643,0.0454,0.00000,0.08935
6.88,1.88,2.5440,0.5517,0.00000,0.09133
7.12,1.88,2.7250,2.6110,0.00000,0.09906
7.38,1.88,2.0441,5.7917,0.00000,0.07448
2.62,2.12,1.8473,0.0000,0.00000,0.09549
2.88,2.12,2.4138,0.0000,0.00000,0.13035
3.12,2.12,1.9251,0.0000,0.00000,0.11051
3.38,2.12,1.8571,0.0003,0.00000,0.09868
3.62,2.12,2.3788,0.0013,0.00000,0.11730
3.88,2.12,2.3524,0.0023,0.00000,0.11677
4.12,2.12,2.3621,0.0018,0.00000,0.11502
4.38,2.12,2.2563,0.0013,0.00000,0.11201
4.62,2.12,2.2532,0.0012,0.00000,0.11236
4.88,2.12,2.4072,0.0012,0.00000,0.11419
5.12,2.12,2.4781,0.0007,0.00000,0.11017
5.38,2.12,2.5884,0.0001,0.00000,0.10660
5.62,2.12,2.4699,0.0000,0.00000,0.09339
5.88,2.12,2.4800,0.0000,0.00000,0.08637
6.12,2.12,2.1842,0.0001,0.00000,0.07344
6.38,2.12,2.2151,0.0027,0.00000,0.06936
6.62,2.12,2.6079,0.0752,0.00000,0.07582
6.88,2.12,2.6994,0.9099,0.00000,0.07702
7.12,2.12,2.8202,4.3049,0.00000,0.08057
7.38,2.12,2.1004,9.5489,0.00000,0.05993
2.62,2.38,1.9118,0.0000,0.00000,0.07941
2.88,2.38,2.4667,0.0000,0.00000,0.10529
3.12,2.38,1.9500,0.0000,0.00000,0.08568
3.38,2.38,1.9169,0.0000,0.00000,0.07884
3.62,2.38,2.4343,0.0001,0.00000,0.09604
3.88,2.38,2.4443,0.0007,0.00000,0.09474
4.12,2.38,2.5123,0.0024,0.00000,0.09472
4.38,2.38,2.3016,0.0039,0.00000,0.09098
4.62,2.38,2.2922,0.0033,0.00000,0.09386
4.88,2.38,2.4991,0.0023,0.00000,0.09787
5.12,2.38,2.5569,0.0011,0.00000,0.09039
5.38,2.38,2.7016,0.0002,0.00000,0.08602
5.62,2.38,2.5165,0.0000,0.00000,0.07538
5.88,2.38,2.4888,0.0000,0.00000,0.07050
6.12,2.38,2.2496,0.0001,0.00000,0.06155
6.38,2.38,2.2890,0.0020,0.00000,0.05929
6.62,2.38,2.7412,0.0463,0.00000,0.06734
6.88,2.38,2.8135,0.5523,0.00000,0.06651
7.12,2.38,2.8720,2.6112,0.00000,0.06606
7.38,2.38,2.1249,5.7917,0.00000,0.04846
2.62,2.62,2.0075,0.0000,0.00000,0.06929
2.88,2.62,2.5843,0.0000,0.00000,0.09016
3.12,2.62,2.0648,0.0000,0.00000,0.07105
3.38,2.62,2.0325,0.0000,0.00000,0.06429
3.62,2.62,2.4952,0.0001,0.00000,0.07777
3.88,2.62,2.5292,0.0008,0.00000,0.07946
4.12,2.62,2.6390,0.0037,0.00000,0.08387
4.38,2.62,2.3769,0.0062,0.00000,0.07860
4.62,2.62,2.3675,0.0044,0.00000,0.07807
4.88,2.62,2.5621,0.0020,0.00000,0.08055
5.12,2.62,2.5994,0.0008,0.00000,0.07283
5.38,2.62,2.7636,0.0002,0.00000,0.06918
5.62,2.62,2.5438,0.0000,0.00000,0.06105
5.88,2.62,2.5070,0.0000,0.00000,0.05729
6.12,2.62,2.3410,0.0001,0.00000,0.05111
6.38,2.62,2.3903,0.0007,0.00000,0.05049
6.62,2.62,2.8530,0.0109,0.00000,0.05855
6.88,2.62,2.9140,0.1238,0.00000,0.05746
7.12,2.62,2.9487,0.5832,0.00000,0.05622
7.38,2.62,2.1763,1.2927,0.00000,0.04111
2.62,2.88,2.0629,0.0000,0.00000,0.06000
2.88,2.88,2.6700,0.0000,0.00000,0.07768
3.12,2.88,2.1980,0.0000,0.00000,0.06071
3.38,2.88,2.1541,0.0000,0.00000,0.05288
3.62,2.88,2.4928,0.0000,0.00000,0.06137
3.88,2.88,2.5347,0.0005,0.00000,0.06426
4.12,2.88,2.6929,0.0023,0.00000,0.07015
4.38,2.88,2.4601,0.0038,0.00000,0.06520
4.62,2.88,2.4576,0.0026,0.00000,0.06272
4.88,2.88,2.5862,0.0010,0.00000,0.06289
5.12,2.88,2.6038,0.0003,0.00000,0.05771
5.38,2.88,2.7730,0.0001,0.00000,0.05667
5.62,2.88,2.5609,0.0000,0.00000,0.05107
5.88,2.88,2.5403,0.0000,0.00000,0.04834
6.12,2.88,2.4500,0.0001,0.00000,0.04426
6.38,2.88,2.4970,0.0004,0.00000,0.04411
6.62,2.88,2.9275,0.0018,0.00000,0.05091
6.88,2.88,2.9795,0.0118,0.00000,0.05048
7.12,2.88,3.0121,0.0502,0.00000,0.05002
7.38,2.88,2.2225,0.1080,0.00000,0.03673
2.62,3.12,2.0724,0.0000,0.00000,0.05368
2.88,3.12,2.7128,0.0000,0.00000,0.06952
3.12,3.12,2.3421,0.0000,0.00000,0.05459
3.38,3.12,2.3045,0.0000,0.00000,0.04611
3.62,3.12,2.4818,0.0000,0.00000,0.05023
3.88,3.12,2.5174,0.0002,0.00000,0.05076
4.12,3.12,2.7206,0.0008,0.00000,0.05441
4.38,3.12,2.5565,0.0014,0.00000,0.05228
4.62,3.12,2.5559,0.0011,0.00000,0.05209
4.88,3.12,2.6170,0.0006,0.00000,0.05139
5.12,3.12,2.6312,0.0003,0.00000,0.04768
5.38,3.12,2.7813,0.0001,0.00000,0.04769
5.62,3.12,2.5999,0.0000,0.00000,0.04408
5.88,3.12,2.5961,0.0000,0.00000,0.04289
6.12,3.12,2.5642,0.0003,0.00000,0.04098
6.38,3.12,2.6072,0.0014,0.00000,0.04096
6.62,3.12,2.9964,0.0028,0.00000,0.04631
6.88,3.12,3.0257,0.0039,0.00000,0.04608
7.12,3.12,3.0460,0.0056,0.00000,0.04604
7.38,3.12,2.2448,0.0063,0.00000,0.03388
2.62,3.38,2.1027,0.0000,0.00000,0.04629
2.88,3.38,2.7825,0.0000,0.00000,0.06013
3.12,3.38,2.5040,0.0000,0.00000,0.04805
3.38,3.38,2.4658,0.0000,0.00000,0.04017
3.62,3.38,2.4991,0.0000,0.00000,0.04113
3.88,3.38,2.5274,0.0001,0.00000,0.04067
4.12,3.38,2.7362,0.0005,0.00000,0.04325
4.38,3.38,2.6378,0.0009,0.00000,0.04289
4.62,3.38,2.6423,0.0007,0.00000,0.04403
4.88,3.38,2.6621,0.0004,0.00000,0.04368
5.12,3.38,2.6789,0.0002,0.00000,0.04083
5.38,3.38,2.7832,0.0000,0.00000,0.04043
5.62,3.38,2.6515,0.0000,0.00000,0.03836
5.88,3.38,2.6651,0.0000,0.00000,0.03854
6.12,3.38,2.6872,0.0005,0.00000,0.03826
6.38,3.38,2.7212,0.0023,0.00000,0.03765
6.62,3.38,3.0589,0.0041,0.00000,0.04103
6.88,3.38,3.0705,0.0036,0.00000,0.04103
7.12,3.38,3.0862,0.0029,0.00000,0.04154
7.38,3.38,2.2730,0.0019,0.00000,0.03066
2.62,3.62,2.1362,0.0000,0.00000,0.03975
2.88,3.62,2.8511,0.0000,0.00000,0.05176
3.12,3.62,2.6539,0.0000,0.00000,0.04224
3.38,3.62,2.6230,0.0000,0.00000,0.03522
3.62,3.62,2.5492,0.0000,0.00000,0.03412
3.88,3.62,2.5749,0.0001,0.00000,0.03416
4.12,3.62,2.7480,0.0003,0.00000,0.03683
4.38,3.62,2.6957,0.0005,0.00000,0.03656
4.62,3.62,2.7017,0.0004,0.00000,0.03680
4.88,3.62,2.6953,0.0001,0.00000,0.03656
5.12,3.62,2.7324,0.0000,0.00000,0.03513
5.38,3.62,2.8041,0.0000,0.00000,0.03484
5.62,3.62,2.7345,0.0000,0.00000,0.03394
5.88,3.62,2.7457,0.0000,0.00000,0.03432
6.12,3.62,2.8122,0.0003,0.00000,0.03451
6.38,3.62,2.8406,0.0014,0.00000,0.03328
6.62,3.62,3.1249,0.0024,0.00000,0.03494
6.88,3.62,3.1096,0.0017,0.00000,0.03468
7.12,3.62,3.1127,0.0009,0.00000,0.03517
7.38,3.62,2.2899,0.0005,0.00000,0.02597
2.62,3.88,2.1745,0.0000,0.00000,0.03360
2.88,3.88,2.9224,0.0000,0.00000,0.04398
3.12,3.88,2.7965,0.0000,0.00000,0.03690
3.38,3.88,2.7788,0.0000,0.00000,0.03107
3.62,3.88,2.6253,0.0000,0.00000,0.02873
3.88,3.88,2.6413,0.0001,0.00000,0.02917
4.12,3.88,2.7463,0.0003,0.00000,0.03180
4.38,3.88,2.7216,0.0005,0.00000,0.03142
4.62,3.88,2.7259,0.0003,0.00000,0.03049
4.88,3.88,2.7140,0.0001,0.00000,0.02998
5.12,3.88,2.7952,0.0000,0.00000,0.03009
5.38,3.88,2.8446,0.0000,0.00000,0.03107
5.62,3.88,2.8420,0.0000,0.00000,0.03162
5.88,3.88,2.8460,0.0000,0.00000,0.03107
6.12,3.88,2.9453,0.0001,0.00000,0.03049
6.38,3.88,2.9548,0.0004,0.00000,0.02898
6.62,3.88,3.1854,0.0007,0.00000,0.02987
6.88,3.88,3.1528,0.0006,0.00000,0.02929
7.12,3.88,3.1505,0.0004,0.00000,0.02941
7.38,3.88,2.3166,0.0002,0.00000,0.02165
2.62,4.12,2.2011,0.0000,0.00000,0.02789
2.88,4.12,2.9757,0.0000,0.00000,0.03675
3.12,4.12,2.9096,0.0000,0.00000,0.03180
3.38,4.12,2.9078,0.0000,0.00000,0.02743
3.62,4.12,2.7073,0.0001,0.00000,0.02500
3.88,4.12,2.7172,0.0006,0.00000,0.02579
4.12,4.12,2.7421,0.0015,0.00000,0.02760
4.38,4.12,2.7345,0.0018,0.00000,0.02678
4.62,4.12,2.7339,0.0010,0.00000,0.02533
4.88,4.12,2.7243,0.0003,0.00000,0.02481
5.12,4.12,2.8570,0.0002,0.00000,0.02598
5.38,4.12,2.8910,0.0001,0.00000,0.02807
5.62,4.12,2.9528,0.0000,0.00000,0.02992
5.88,4.12,2.9497,0.0000,0.00000,0.02879
6.12,4.12,3.0735,0.0001,0.00000,0.02770
6.38,4.12,3.0639,0.0007,0.00000,0.02622
6.62,4.12,3.2536,0.0024,0.00000,0.02694
6.88,4.12,3.2030,0.0040,0.00000,0.02616
7.12,4.12,3.1892,0.0032,0.00000,0.02589
7.38,4.12,2.3427,0.0016,0.00000,0.01895
2.62,4.38,2.2211,0.0000,0.00000,0.02464
2.88,4.38,3.0171,0.0000,0.00000,0.03255
3.12,4.38,3.0016,0.0000,0.00000,0.02868
3.38,4.38,3.0212,0.0000,0.00000,0.02521
3.62,4.38,2.7946,0.0004,0.00000,0.02316
3.88,4.38,2.7998,0.0021,0.00000,0.02401
4.12,4.38,2.7495,0.0044,0.00000,0.02441
4.38,4.38,2.7468,0.0043,0.00000,0.02297
4.62,4.38,2.7297,0.0022,0.00000,0.02147
4.88,4.38,2.7241,0.0010,0.00000,0.02128
5.12,4.38,2.9209,0.0008,0.00000,0.02301
5.38,4.38,2.9536,0.0005,0.00000,0.02459
5.62,4.38,3.0651,0.0001,0.00000,0.02622
5.88,4.38,3.0494,0.0000,0.00000,0.02555
6.12,4.38,3.1846,0.0006,0.00000,0.02539
6.38,4.38,3.1556,0.0056,0.00000,0.02431
6.62,4.38,3.3158,0.0238,0.00000,0.02502
6.88,4.38,3.2503,0.0398,0.00000,0.02433
7.12,4.38,3.2238,0.0276,0.00000,0.02386
7.38,4.38,2.3653,0.0102,0.00000,0.01737
2.62,4.62,2.2464,0.0000,0.00000,0.02167
2.88,4.62,3.0598,0.0000,0.00000,0.02876
3.12,4.62,3.0779,0.0000,0.00000,0.02602
3.38,4.62,3.1169,0.0001,0.00000,0.02357
3.62,4.62,2.8815,0.0007,0.00000,0.02161
3.88,4.62,2.8758,0.0031,0.00000,0.02216
4.12,4.62,2.7425,0.0058,0.00000,0.02157
4.38,4.62,2.7299,0.0051,0.00000,0.01992
4.62,4.62,2.7099,0.0028,0.00000,0.01882
4.88,4.62,2.7259,0.0017,0.00000,0.01904
5.12,4.62,2.9887,0.0014,0.00000,0.02097
5.38,4.62,3.0190,0.0008,0.00000,0.02163
5.62,4.62,3.1638,0.0002,0.00000,0.02268
5.88,4.62,3.1399,0.0003,0.00000,0.02258
6.12,4.62,3.2756,0.0027,0.00000,0.02338
6.38,4.62,3.2196,0.0247,0.00000,0.02260
6.62,4.62,3.3540,0.1040,0.00000,0.02350
6.88,4.62,3.2890,0.1720,0.00000,0.02331
7.12,4.62,3.2640,0.1149,0.00000,0.02262
7.38,4.62,2.3946,0.0390,0.00000,0.01622
2.62,4.88,2.2708,0.0000,0.00000,0.01941
2.88,4.88,3.0962,0.0000,0.00000,0.02579
3.12,4.88,3.1288,0.0000,0.00000,0.02349
3.38,4.88,3.1805,0.0000,0.00000,0.02127
3.62,4.88,2.9560,0.0004,0.00000,0.01920
3.88,4.88,2.9416,0.0018,0.00000,0.01999
4.12,4.88,2.7271,0.0034,0.00000,0.01984
4.38,4.88,2.7065,0.0033,0.00000,0.01835
4.62,4.88,2.7012,0.0026,0.00000,0.01729
4.88,4.88,2.7377,0.0017,0.00000,0.01738
5.12,4.88,3.0484,0.0012,0.00000,0.01905
5.38,4.88,3.0845,0.0009,0.00000,0.01947
5.62,4.88,3.2513,0.0009,0.00000,0.02072
5.88,4.88,3.2087,0.0028,0.00000,0.02106
6.12,4.88,3.3321,0.0120,0.00000,0.02233
6.38,4.88,3.2664,0.0523,0.00000,0.02164
6.62,4.88,3.3953,0.1793,0.00000,0.02265
6.88,4.88,3.3267,0.2883,0.00000,0.02280
7.12,4.88,3.2964,0.1999,0.00000,0.02191
7.38,4.88,2.4170,0.0853,0.00000,0.01550
2.62,5.12,2.2966,0.0000,0.00000,0.01786
2.88,5.12,3.1327,0.0000,0.00000,0.02369
3.12,5.12,3.1711,0.0000,0.00000,0.02135
3.38,5.12,3.2305,0.0000,0.00000,0.01897
3.62,5.12,3.0213,0.0001,0.00000,0.01708
3.88,5.12,3.0020,0.0004,0.00000,0.01842
4.12,5.12,2.7256,0.0008,0.00000,0.01886
4.38,5.12,2.7034,0.0011,0.00000,0.01733
4.62,5.12,2.7212,0.0014,0.00000,0.01589
4.88,5.12,2.7720,0.0013,0.00000,0.01585
5.12,5.12,3.1025,0.0020,0.00000,0.01760
5.38,5.12,3.1365,0.0039,0.00000,0.01839
5.62,5.12,3.3036,0.0070,0.00000,0.02010
5.88,5.12,3.2528,0.0199,0.00000,0.02072
6.12,5.12,3.3792,0.0621,0.00000,0.02215
6.38,5.12,3.3083,0.1173,0.00000,0.02124
6.62,5.12,3.4353,0.1682,0.00000,0.02165
6.88,5.12,3.3689,0.2241,0.00000,0.02136
7.12,5.12,3.3397,0.2541,0.00000,0.02066
7.38,5.12,2.4491,0.3197,0.00000,0.01481
2.62,5.38,2.3229,0.0001,0.00000,0.01579
2.88,5.38,3.1696,0.0001,0.00000,0.02110
3.12,5.38,3.2106,0.0001,0.00000,0.01966
3.38,5.38,3.2758,0.0000,0.00000,0.01811
3.62,5.38,3.0845,0.0001,0.00000,0.01614
3.88,5.38,3.0664,0.0002,0.00000,0.01648
4.12,5.38,2.7410,0.0003,0.00000,0.01600
4.38,5.38,2.7134,0.0004,0.00000,0.01507
4.62,5.38,2.7650,0.0010,0.00000,0.01452
4.88,5.38,2.8289,0.0028,0.00000,0.01482
5.12,5.38,3.1494,0.0079,0.00000,0.01674
5.38,5.38,3.1786,0.0162,0.00000,0.01810
5.62,5.38,3.3404,0.0290,0.00000,0.02020
5.88,5.38,3.2855,0.0742,0.00000,0.02054
6.12,5.38,3.4153,0.2106,0.00000,0.02164
6.38,5.38,3.3447,0.3294,0.00000,0.02079
6.62,5.38,3.4767,0.2522,0.00000,0.02104
6.88,5.38,3.4071,0.2626,0.00000,0.02036
7.12,5.38,3.3689,0.6982,0.00000,0.01990
7.38,5.38,2.4685,1.4092,0.00000,0.01452
2.62,5.62,2.3471,0.0030,0.00000,0.01452
2.88,5.62,3.2037,0.0018,0.00000,0.01966
3.12,5.62,3.2464,0.0008,0.00000,0.01927
3.38,5.62,3.3173,0.0004,0.00000,0.01869
3.62,5.62,3.1387,0.0007,0.00000,0.01623
3.88,5.62,3.1205,0.0011,0.00000,0.01509
4.12,5.62,2.7718,0.0011,0.00000,0.01354
4.38,5.62,2.7483,0.0016,0.00000,0.01328
4.62,5.62,2.8292,0.0040,0.00000,0.01381
4.88,5.62,2.8967,0.0087,0.00000,0.01448
5.12,5.62,3.1894,0.0168,0.00000,0.01623
5.38,5.62,3.2216,0.0304,0.00000,0.01733
5.62,5.62,3.3842,0.0569,0.00000,0.01927
5.88,5.62,3.3257,0.1394,0.00000,0.01999
6.12,5.62,3.4485,0.3648,0.00000,0.02161
6.38,5.62,3.3720,0.5567,0.00000,0.02143
6.62,5.62,3.5058,0.4368,0.00000,0.02212
6.88,5.62,3.4440,0.5421,0.00000,0.02137
7.12,5.62,3.4038,1.6038,0.00000,0.02085
7.38,5.62,2.4925,3.2989,0.00000,0.01531
2.62,5.88,2.3631,0.0346,0.00000,0.01367
2.88,5.88,3.2268,0.0188,0.00000,0.01876
3.12,5.88,3.2690,0.0074,0.00000,0.01930
3.38,5.88,3.3417,0.0036,0.00000,0.01961
3.62,5.88,3.1699,0.0035,0.00000,0.01678
3.88,5.88,3.1555,0.0039,0.00000,0.01479
4.12,5.88,2.8181,0.0044,0.00000,0.01291
4.38,5.88,2.8054,0.0063,0.00000,0.01295
4.62,5.88,2.8995,0.0121,0.00000,0.01393
4.88,5.88,2.9673,0.0208,0.00000,0.01491
5.12,5.88,3.2251,0.0269,0.00000,0.01654
5.38,5.88,3.2529,0.0382,0.00000,0.01695
5.62,5.88,3.4108,0.0714,0.00000,0.01847
5.88,5.88,3.3615,0.1615,0.00000,0.02033
6.12,5.88,3.4849,0.3641,0.00000,0.02345
6.38,5.88,3.4065,0.5443,0.00000,0.02432
6.62,5.88,3.5373,0.5406,0.00000,0.02566
6.88,5.88,3.4880,0.8938,0.00000,0.02461
7.12,5.88,3.4516,2.4902,0.00000,0.02360
7.38,5.88,2.5255,4.9738,0.00000,0.01741
2.62,6.12,2.3734,0.1687,0.00000,0.01337
2.88,6.12,3.2415,0.0893,0.00000,0.01847
3.12,6.12,3.2796,0.0354,0.00000,0.01926
3.38,6.12,3.3491,0.0186,0.00000,0.01977
3.62,6.12,3.1860,0.0168,0.00000,0.01700
3.88,6.12,3.1843,0.0141,0.00000,0.01495
4.12,6.12,2.8830,0.0129,0.00000,0.01326
4.38,6.12,2.8832,0.0168,0.00000,0.01351
4.62,6.12,2.9709,0.0261,0.00000,0.01460
4.88,6.12,3.0303,0.0409,0.00000,0.01585
5.12,6.12,3.2462,0.0537,0.00000,0.01762
5.38,6.12,3.2698,0.0713,0.00000,0.01783
5.62,6.12,3.4245,0.1073,0.00000,0.01943
5.88,6.12,3.3886,0.1907,0.00000,0.02274
6.12,6.12,3.5123,0.3309,0.00000,0.02757
6.38,6.12,3.4448,0.4698,0.00000,0.02957
6.62,6.12,3.5792,0.6322,0.00000,0.03175
6.88,6.12,3.5397,1.2663,0.00000,0.02978
7.12,6.12,3.5014,3.3031,0.00000,0.02744
7.38,6.12,2.5567,6.4019,0.00000,0.02017
2.62,6.38,2.3864,0.5018,0.00000,0.01499
2.88,6.38,3.2622,0.2622,0.00000,0.02049
3.12,6.38,3.2972,0.1033,0.00000,0.02010
3.38,6.38,3.3610,0.0574,0.00000,0.01932
3.62,6.38,3.2072,0.0516,0.00000,0.01700
3.88,6.38,3.2198,0.0378,0.00000,0.01566
4.12,6.38,2.9576,0.0282,0.00000,0.01424
4.38,6.38,2.9671,0.0335,0.00000,0.01446
4.62,6.38,3.0423,0.0468,0.00000,0.01540
4.88,6.38,3.1025,0.0688,0.00000,0.01666
5.12,6.38,3.2854,0.0978,0.00000,0.01861
5.38,6.38,3.2998,0.1397,0.00000,0.01960
5.62,6.38,3.4404,0.1974,0.00000,0.02233
5.88,6.38,3.4197,0.2975,0.00000,0.02740
6.12,6.38,3.5395,0.4127,0.00000,0.03379
6.38,6.38,3.4741,0.5351,0.00000,0.03645
6.62,6.38,3.6097,0.8072,0.00000,0.03936
6.88,6.38,3.5938,1.6543,0.00000,0.03651
7.12,6.38,3.5587,4.0750,0.00000,0.03270
7.38,6.38,2.5896,7.6877,0.00000,0.02360
2.62,6.62,2.4006,1.5638,0.00000,0.01680
2.88,6.62,3.2883,0.7915,0.00000,0.02298
3.12,6.62,3.3244,0.2862,0.00000,0.02171
3.38,6.62,3.3792,0.1331,0.00000,0.01961
3.62,6.62,3.2283,0.0996,0.00000,0.01747
3.88,6.62,3.2555,0.0670,0.00000,0.01669
4.12,6.62,3.0334,0.0487,0.00000,0.01557
4.38,6.62,3.0519,0.0585,0.00000,0.01585
4.62,6.62,3.1177,0.0798,0.00000,0.01662
4.88,6.62,3.1807,0.1108,0.00000,0.01772
5.12,6.62,3.3339,0.1503,0.00000,0.01964
5.38,6.62,3.3448,0.2174,0.00000,0.02167
5.62,6.62,3.4741,0.3226,0.00000,0.02606
5.88,6.62,3.4605,0.4792,0.00000,0.03364
6.12,6.62,3.5603,0.6146,0.00000,0.04165
6.38,6.62,3.4958,0.7375,0.00000,0.04280
6.62,6.62,3.6390,1.0548,0.00000,0.04472
6.88,6.62,3.6494,2.0419,0.00000,0.04257
7.12,6.62,3.6086,4.7799,0.00000,0.03891
7.38,6.62,2.6119,8.7853,0.00000,0.02781
2.62,6.88,2.4114,3.7491,0.00000,0.01615
2.88,6.88,3.3079,1.8643,0.00000,0.02252
3.12,6.88,3.3488,0.6375,0.00000,0.02214
3.38,6.88,3.3997,0.2603,0.00000,0.02028
3.62,6.88,3.2506,0.1673,0.00000,0.01809
3.88,6.88,3.2893,0.1087,0.00000,0.01752
4.12,6.88,3.1105,0.0831,0.00000,0.01719
4.38,6.88,3.1438,0.1009,0.00000,0.01834
4.62,6.88,3.1965,0.1363,0.00000,0.01938
4.88,6.88,3.2546,0.1820,0.00000,0.02053
5.12,6.88,3.3812,0.2283,0.00000,0.02227
5.38,6.88,3.3951,0.3137,0.00000,0.02441
5.62,6.88,3.5108,0.4662,0.00000,0.02968
5.88,6.88,3.5015,0.6933,0.00000,0.04057
6.12,6.88,3.5846,0.8826,0.00000,0.05089
6.38,6.88,3.5195,1.0202,0.00000,0.04939
6.62,6.88,3.6635,1.3623,0.00000,0.04913
6.88,6.88,3.7086,2.3956,0.00000,0.04803
7.12,6.88,3.6687,5.1077,0.00000,0.04512
7.38,6.88,2.6453,8.9671,0.00000,0.03237
2.62,7.12,2.4305,5.5195,0.00000,0.01590
2.88,7.12,3.3314,2.7646,0.00000,0.02254
3.12,7.12,3.3698,0.9745,0.00000,0.02316
3.38,7.12,3.4207,0.4217,0.00000,0.02170
3.62,7.12,3.2872,0.2817,0.00000,0.01919
3.88,7.12,3.3375,0.1900,0.00000,0.01859
4.12,7.12,3.1863,0.1485,0.00000,0.01913
4.38,7.12,3.2320,0.1691,0.00000,0.02151
4.62,7.12,3.2769,0.2240,0.00000,0.02357
4.88,7.12,3.3321,0.2916,0.00000,0.02547
5.12,7.12,3.4323,0.3511,0.00000,0.02733
5.38,7.12,3.4457,0.4620,0.00000,0.02943
5.62,7.12,3.5407,0.6634,0.00000,0.03529
5.88,7.12,3.5346,0.9602,0.00000,0.04962
6.12,7.12,3.6108,1.2033,0.00000,0.06228
6.38,7.12,3.5558,1.3449,0.00000,0.05840
6.62,7.12,3.6997,1.6978,0.00000,0.05594
6.88,7.12,3.7668,2.7217,0.00000,0.05433
7.12,7.12,3.7177,5.1860,0.00000,0.05140
7.38,7.12,2.6748,8.5270,0.00000,0.03735
2.62,7.38,2.4393,6.0739,0.00000,0.01665
2.88,7.38,3.3410,3.1373,0.00000,0.02378
3.12,7.38,3.3861,1.2291,0.00000,0.02509
3.38,7.38,3.4521,0.5970,0.00000,0.02401
3.62,7.38,3.3347,0.4066,0.00000,0.02092
3.88,7.38,3.3907,0.2909,0.00000,0.02004
4.12,7.38,3.2569,0.2461,0.00000,0.02098
4.38,7.38,3.3107,0.2662,0.00000,0.02396
4.62,7.38,3.3412,0.3462,0.00000,0.02748
4.88,7.38,3.3925,0.4465,0.00000,0.03128
5.12,7.38,3.4706,0.5293,0.00000,0.03445
5.38,7.38,3.4933,0.6792,0.00000,0.03739
5.62,7.38,3.5721,0.9392,0.00000,0.04390
5.88,7.38,3.5650,1.3080,0.00000,0.06130
6.12,7.38,3.6326,1.6000,0.00000,0.07595
6.38,7.38,3.5881,1.7230,0.00000,0.06822
6.62,7.38,3.7273,2.0312,0.00000,0.06184
6.88,7.38,3.8223,2.9925,0.00000,0.06007
7.12,7.38,3.7734,5.1805,0.00000,0.05813
7.38,7.38,2.7200,7.9391,0.00000,0.04296
2.62,7.62,2.4504,6.1456,0.00000,0.01729
2.88,7.62,3.3539,3.2803,0.00000,0.02462
3.12,7.62,3.4070,1.4146,0.00000,0.02634
3.38,7.62,3.4848,0.7566,0.00000,0.02611
3.62,7.62,3.3750,0.5377,0.00000,0.02298
3.88,7.62,3.4356,0.4101,0.00000,0.02197
4.12,7.62,3.3208,0.3709,0.00000,0.02271
4.38,7.62,3.3837,0.3964,0.00000,0.02510
4.62,7.62,3.3964,0.5009,0.00000,0.02938
4.88,7.62,3.4476,0.6321,0.00000,0.03578
5.12,7.62,3.5013,0.7460,0.00000,0.04156
5.38,7.62,3.5336,0.9395,0.00000,0.04580
5.62,7.62,3.6007,1.2676,0.00000,0.05290
5.88,7.62,3.5976,1.7257,0.00000,0.07328
6.12,7.62,3.6559,2.0918,0.00000,0.09090
6.38,7.62,3.6201,2.1969,0.00000,0.08029
6.62,7.62,3.7536,2.4318,0.00000,0.06952
6.88,7.62,3.8769,3.3097,0.00000,0.06647
7.12,7.62,3.8251,5.2772,0.00000,0.06396
7.38,7.62,2.7677,7.5578,0.00000,0.04680
2.62,7.88,2.4697,5.5884,0.00000,0.01884
2.88,7.88,3.3769,3.0504,0.00000,0.02662
3.12,7.88,3.4322,1.3818,0.00000,0.02852
3.38,7.88,3.5101,0.8357,0.00000,0.02913
3.62,7.88,3.4045,0.6976,0.00000,0.02610
3.88,7.88,3.4730,0.5757,0.00000,0.02478
4.12,7.88,3.3784,0.5328,0.00000,0.02477
4.38,7.88,3.4492,0.5634,0.00000,0.02620
4.62,7.88,3.4443,0.6844,0.00000,0.03061
4.88,7.88,3.5041,0.8377,0.00000,0.03841
5.12,7.88,3.5369,1.0008,0.00000,0.04602
5.38,7.88,3.5757,1.2370,0.00000,0.05100
5.62,7.88,3.6267,1.6210,0.00000,0.05790
5.88,7.88,3.6245,2.1750,0.00000,0.07982
6.12,7.88,3.6733,2.6290,0.00000,0.10106
6.38,7.88,3.6482,2.7448,0.00000,0.09273
6.62,7.88,3.7803,2.9824,0.00000,0.08044
6.88,7.88,3.9351,3.8388,0.00000,0.07426
7.12,7.88,3.8830,5.6679,0.00000,0.06872
7.38,7.88,2.8189,7.6015,0.00000,0.04930
2.62,8.12,2.4795,5.4278,0.00000,0.02156
2.88,8.12,3.3901,2.9580,0.00000,0.03015
3.12,8.12,3.4482,1.3122,0.00000,0.03228
3.38,8.12,3.5292,0.8696,0.00000,0.03395
3.62,8.12,3.4294,0.8452,0.00000,0.03052
3.88,8.12,3.5046,0.7687,0.00000,0.02809
4.12,8.12,3.4215,0.7528,0.00000,0.02745
4.38,8.12,3.4962,0.7943,0.00000,0.02917
4.62,8.12,3.4808,0.9390,0.00000,0.03457
4.88,8.12,3.5526,1.1061,0.00000,0.04187
5.12,8.12,3.5723,1.3141,0.00000,0.04848
5.38,8.12,3.6228,1.5775,0.00000,0.05324
5.62,8.12,3.6532,1.9873,0.00000,0.05952
5.88,8.12,3.6423,2.6215,0.00000,0.08098
6.12,8.12,3.6820,3.2045,0.00000,0.10462
6.38,8.12,3.6804,3.4151,0.00000,0.10104
6.62,8.12,3.8164,3.7181,0.00000,0.08906
6.88,8.12,3.9979,4.6020,0.00000,0.08027
7.12,8.12,3.9419,6.4948,0.00000,0.07261
7.38,8.12,2.8637,8.4187,0.00000,0.05211
2.62,8.38,2.4836,5.3925,0.00000,0.02462
2.88,8.38,3.3960,2.9635,0.00000,0.03424
3.12,8.38,3.4558,1.3230,0.00000,0.03673
3.38,8.38,3.5443,0.9336,0.00000,0.03913
3.62,8.38,3.4529,0.9742,0.00000,0.03457
3.88,8.38,3.5412,0.9633,0.00000,0.03108
4.12,8.38,3.4606,1.0139,0.00000,0.03086
4.38,8.38,3.5282,1.0862,0.00000,0.03367
4.62,8.38,3.5051,1.2744,0.00000,0.04003
4.88,8.38,3.5833,1.4532,0.00000,0.04665
5.12,8.38,3.5899,1.6930,0.00000,0.05239
5.38,8.38,3.6502,1.9717,0.00000,0.05676
5.62,8.38,3.6697,2.3940,0.00000,0.06171
5.88,8.38,3.6637,3.0837,0.00000,0.08138
6.12,8.38,3.6991,3.8434,0.00000,0.10556
6.38,8.38,3.7199,4.2433,0.00000,0.10543
6.62,8.38,3.8551,4.6287,0.00000,0.09373
6.88,8.38,4.0648,5.5786,0.00000,0.08361
7.12,8.38,4.0081,7.7312,0.00000,0.07531
7.38,8.38,2.9161,9.9445,0.00000,0.05437
2.62,8.62,2.4820,4.7798,0.00000,0.02776
2.88,8.62,3.3979,2.7779,0.00000,0.03884
3.12,8.62,3.4632,1.3946,0.00000,0.04248
3.38,8.62,3.5577,1.0633,0.00000,0.04566
3.62,8.62,3.4715,1.1154,0.00000,0.03916
3.88,8.62,3.5722,1.1641,0.00000,0.03434
4.12,8.62,3.4927,1.2989,0.00000,0.03422
4.38,8.62,3.5533,1.4103,0.00000,0.03713
4.62,8.62,3.5236,1.6341,0.00000,0.04357
4.88,8.62,3.6101,1.8248,0.00000,0.05125
5.12,8.62,3.6062,2.1167,0.00000,0.05818
5.38,8.62,3.6590,2.4631,0.00000,0.06217
5.62,8.62,3.6732,2.9413,0.00000,0.06540
5.88,8.62,3.6937,3.6511,0.00000,0.08276
6.12,8.62,3.7259,4.5318,0.00000,0.10704
6.38,8.62,3.7576,5.1112,0.00000,0.11012
6.62,8.62,3.8854,5.6195,0.00000,0.09756
6.88,8.62,4.1188,6.7218,0.00000,0.08553
7.12,8.62,4.0612,9.0377,0.00000,0.07593
7.38,8.62,2.9651,11.2579,0.00000,0.05421
2.62,8.88,2.4938,4.3397,0.00000,0.03132
2.88,8.88,3.4171,2.7293,0.00000,0.04399
3.12,8.88,3.4793,1.5874,0.00000,0.04857
3.38,8.88,3.5694,1.2983,0.00000,0.05240
3.62,8.88,3.4887,1.3581,0.00000,0.04482
3.88,8.88,3.5933,1.4385,0.00000,0.03872
4.12,8.88,3.5110,1.6298,0.00000,0.03687
4.38,8.88,3.5739,1.7929,0.00000,0.03878
4.62,8.88,3.5457,2.0615,0.00000,0.04579
4.88,8.88,3.6456,2.2376,0.00000,0.05589
5.12,8.88,3.6318,2.5658,0.00000,0.06360
5.38,8.88,3.6673,3.0227,0.00000,0.06645
5.62,8.88,3.6733,3.6145,0.00000,0.06807
5.88,8.88,3.7206,4.3762,0.00000,0.08201
6.12,8.88,3.7473,5.3506,0.00000,0.10612
6.38,8.88,3.7936,6.0581,0.00000,0.11485
6.62,8.88,3.9182,6.7135,0.00000,0.10203
6.88,8.88,4.1585,8.0097,0.00000,0.08707
7.12,8.88,4.0931,10.3729,0.00000,0.07435
7.38,8.88,3.0102,12.3353,0.00000,0.05167
2.62,9.12,2.5046,4.7880,0.00000,0.03417
2.88,9.12,3.4299,3.1350,0.00000,0.04841
3.12,9.12,3.4961,1.9785,0.00000,0.05484
3.38,9.12,3.5931,1.6783,0.00000,0.06029
3.62,9.12,3.5094,1.7442,0.00000,0.05162
3.88,9.12,3.6045,1.8162,0.00000,0.04399
4.12,9.12,3.5255,2.0154,0.00000,0.03992
4.38,9.12,3.5965,2.2311,0.00000,0.04077
4.62,9.12,3.5670,2.5794,0.00000,0.04922
4.88,9.12,3.6744,2.7713,0.00000,0.06221
5.12,9.12,3.6553,3.1437,0.00000,0.06965
5.38,9.12,3.6839,3.6450,0.00000,0.07091
5.62,9.12,3.6755,4.2792,0.00000,0.07004
5.88,9.12,3.7383,5.1313,0.00000,0.07955
6.12,9.12,3.7686,6.2685,0.00000,0.10374
6.38,9.12,3.8324,7.1296,0.00000,0.11989
6.62,9.12,3.9469,7.9274,0.00000,0.10825
6.88,9.12,4.1833,9.3651,0.00000,0.08859
7.12,9.12,4.1161,11.7598,0.00000,0.07046
7.38,9.12,3.0641,13.4545,0.00000,0.04742
2.62,9.38,2.5228,6.5043,0.00000,0.03604
2.88,9.38,3.4437,4.1292,0.00000,0.05167
3.12,9.38,3.5093,2.5329,0.00000,0.06102
3.38,9.38,3.6130,2.1078,0.00000,0.06917
3.62,9.38,3.5293,2.1477,0.00000,0.05889
3.88,9.38,3.6190,2.2374,0.00000,0.04920
4.12,9.38,3.5423,2.4905,0.00000,0.04353
4.38,9.38,3.6176,2.7897,0.00000,0.04418
4.62,9.38,3.5871,3.2398,0.00000,0.05374
4.88,9.38,3.6930,3.4441,0.00000,0.06752
5.12,9.38,3.6665,3.8640,0.00000,0.07438
5.38,9.38,3.7045,4.3650,0.00000,0.07641
5.62,9.38,3.6891,4.9919,0.00000,0.07396
5.88,9.38,3.7495,5.9517,0.00000,0.07971
6.12,9.38,3.7786,7.2900,0.00000,0.10291
6.38,9.38,3.8632,8.3473,0.00000,0.12450
6.62,9.38,3.9735,9.3175,0.00000,0.11528
6.88,9.38,4.2080,10.8752,0.00000,0.09161
7.12,9.38,4.1387,13.2596,0.00000,0.06734
7.38,9.38,3.1172,14.6619,0.00000,0.04327
2.62,9.62,2.5423,8.8100,0.00000,0.03804
2.88,9.62,3.4597,5.3534,0.00000,0.05494
3.12,9.62,3.5227,3.0803,0.00000,0.06692
3.38,9.62,3.6248,2.4982,0.00000,0.07792
3.62,9.62,3.5411,2.5261,0.00000,0.06700
3.88,9.62,3.6311,2.6716,0.00000,0.05573
4.12,9.62,3.5619,3.0441,0.00000,0.04846
4.38,9.62,3.6474,3.5040,0.00000,0.04929
4.62,9.62,3.6094,4.1039,0.00000,0.05929
4.88,9.62,3.7011,4.2849,0.00000,0.07200
5.12,9.62,3.6702,4.7014,0.00000,0.07779
5.38,9.62,3.7287,5.2140,0.00000,0.08153
5.62,9.62,3.7141,5.9028,0.00000,0.07961
5.88,9.62,3.7694,7.0183,0.00000,0.08592
6.12,9.62,3.7894,8.5485,0.00000,0.10701
6.38,9.62,3.8760,9.7773,0.00000,0.12678
6.62,9.62,3.9813,10.9290,0.00000,0.11934
6.88,9.62,4.2391,12.6323,0.00000,0.09593
7.12,9.62,4.1788,15.0127,0.00000,0.06709
7.38,9.62,3.1772,16.1426,0.00000,0.04074
2.62,9.88,2.5516,10.1518,0.00000,0.04085
2.88,9.88,3.4710,6.0968,0.00000,0.05983
3.12,9.88,3.5335,3.4567,0.00000,0.07612
3.38,9.88,3.6267,2.8911,0.00000,0.09140
3.62,9.88,3.5450,3.0128,0.00000,0.07891
3.88,9.88,3.6427,3.2002,0.00000,0.06495
4.12,9.88,3.5803,3.6579,0.00000,0.05576
4.38,9.88,3.6738,4.2710,0.00000,0.05587
4.62,9.88,3.6298,5.0409,0.00000,0.06613
4.88,9.88,3.7135,5.2506,0.00000,0.07928
5.12,9.88,3.6804,5.6864,0.00000,0.08366
5.38,9.88,3.7486,6.2491,0.00000,0.08647
5.62,9.88,3.7329,7.0490,0.00000,0.08431
5.88,9.88,3.7868,8.3056,0.00000,0.09344
6.12,9.88,3.7932,9.9792,0.00000,0.11291
6.38,9.88,3.8771,11.3528,0.00000,0.12732
6.62,9.88,3.9851,12.7107,0.00000,0.12083
6.88,9.88,4.2637,14.5999,0.00000,0.09953
7.12,9.88,4.2026,17.1137,0.00000,0.06673
7.38,9.88,3.2249,18.2071,0.00000,0.03803
14.12,9.88,3.4852,44.6857,0.07862,0.03665
2.62,10.12,2.5518,9.9056,0.00000,0.04450
2.88,10.12,3.4792,6.1012,0.00000,0.06628
3.12,10.12,3.5459,3.6297,0.00000,0.08770
3.38,10.12,3.6326,3.2433,0.00000,0.10746
3.62,10.12,3.5518,3.5263,0.00000,0.09205
3.88,10.12,3.6509,3.7897,0.00000,0.07518
4.12,10.12,3.5906,4.3283,0.00000,0.06486
4.38,10.12,3.6924,5.0609,0.00000,0.06344
4.62,10.12,3.6476,6.0041,0.00000,0.07418
4.88,10.12,3.7326,6.2931,0.00000,0.08898
5.12,10.12,3.6978,6.7834,0.00000,0.09177
5.38,10.12,3.7650,7.4528,0.00000,0.09230
5.62,10.12,3.7433,8.4205,0.00000,0.08786
5.88,10.12,3.7892,9.7907,0.00000,0.09667
6.12,10.12,3.7902,11.5393,0.00000,0.11458
6.38,10.12,3.8789,12.9810,0.00000,0.12598
6.62,10.12,3.9834,14.5101,0.00000,0.11976
6.88,10.12,4.2760,16.6263,0.00000,0.10013
7.12,10.12,4.2210,19.4052,0.00000,0.06559
7.38,10.12,3.2782,20.6335,0.00000,0.03635
13.88,10.12,3.6568,72.3349,0.04745,0.04370
14.12,10.12,4.1553,72.9746,0.07574,0.04916
2.62,10.38,2.5590,8.6731,0.00000,0.04773
2.88,10.38,3.4952,5.6971,0.00000,0.07169
3.12,10.38,3.5627,3.7434,0.00000,0.09664
3.38,10.38,3.6467,3.5017,0.00000,0.11959
3.62,10.38,3.5636,3.8591,0.00000,0.10290
3.88,10.38,3.6512,4.2952,0.00000,0.08512
4.12,10.38,3.5893,5.0318,0.00000,0.07396
4.38,10.38,3.6912,5.9212,0.00000,0.07216
4.62,10.38,3.6490,7.0738,0.00000,0.08562
4.88,10.38,3.7467,7.4926,0.00000,0.10233
5.12,10.38,3.7121,8.0469,0.00000,0.10312
5.38,10.38,3.7815,8.7761,0.00000,0.10199
5.62,10.38,3.7558,9.8968,0.00000,0.09329
5.88,10.38,3.7874,11.4221,0.00000,0.09658
6.12,10.38,3.7828,13.2987,0.00000,0.11099
6.38,10.38,3.8833,14.7555,0.00000,0.12223
6.62,10.38,3.9888,16.4094,0.00000,0.11750
6.88,10.38,4.2845,18.8084,0.00000,0.09858
7.12,10.38,4.2274,21.9310,0.00000,0.06390
7.38,10.38,3.3346,23.3839,0.00000,0.03575
13.38,10.38,3.8948,88.7992,0.00054,0.05007
13.62,10.38,3.8995,84.9021,0.00525,0.05440
13.88,10.38,3.6269,83.6476,0.02073,0.05203
14.12,10.38,3.7664,88.1963,0.03864,0.05820
14.38,10.38,3.8460,97.7838,0.05549,0.06783
2.62,10.62,2.5762,8.4218,0.00000,0.05098
2.88,10.62,3.5148,5.8144,0.00000,0.07719
3.12,10.62,3.5790,4.0888,0.00000,0.10609
3.38,10.62,3.6681,3.8207,0.00000,0.13279
3.62,10.62,3.5871,4.1431,0.00000,0.11650
3.88,10.62,3.6612,4.7638,0.00000,0.09835
4.12,10.62,3.5931,5.7487,0.00000,0.08349
4.38,10.62,3.6855,6.8262,0.00000,0.08026
4.62,10.62,3.6469,8.2269,0.00000,0.09556
4.88,10.62,3.7541,8.7993,0.00000,0.11304
5.12,10.62,3.7161,9.4133,0.00000,0.11344
5.38,10.62,3.7895,10.1570,0.00000,0.11223
5.62,10.62,3.7653,11.3860,0.00000,0.10030
5.88,10.62,3.7944,13.0681,0.00000,0.09774
6.12,10.62,3.7857,15.1306,0.00000,0.10735
6.38,10.62,3.8808,16.6717,0.00000,0.11793
6.62,10.62,3.9776,18.5208,0.00000,0.11332
6.88,10.62,4.2744,21.2603,0.00000,0.09304
7.12,10.62,4.2306,24.8663,0.00000,0.05891
7.38,10.62,3.4132,26.7610,0.00000,0.03283
12.88,10.62,3.8037,93.6098,0.00000,0.03658
13.12,10.62,3.9862,88.0621,0.00000,0.04690
13.38,10.62,3.8125,82.9756,0.00008,0.05542
13.62,10.62,3.6336,80.2766,0.00098,0.06452
13.88,10.62,3.4775,81.5357,0.00553,0.06895
14.12,10.62,3.6004,86.1664,0.02574,0.08031
14.38,10.62,4.0338,92.0979,0.11076,0.10114
2.62,10.88,2.5766,9.3957,0.00000,0.05349
2.88,10.88,3.5106,6.4981,0.00000,0.08183
3.12,10.88,3.5830,4.6224,0.00000,0.11573
3.38,10.88,3.6857,4.2457,0.00000,0.14705
3.62,10.88,3.6040,4.5059,0.00000,0.13190
3.88,10.88,3.6755,5.2272,0.00000,0.11428
4.12,10.88,3.6107,6.3788,0.00000,0.09440
4.38,10.88,3.6942,7.6382,0.00000,0.08659
4.62,10.88,3.6489,9.3080,0.00000,0.09843
4.88,10.88,3.7545,10.0314,0.00000,0.11419
5.12,10.88,3.7209,10.7419,0.00000,0.11632
5.38,10.88,3.7952,11.5678,0.00000,0.11652
5.62,10.88,3.7698,12.9227,0.00000,0.10463
5.88,10.88,3.8070,14.7684,0.00000,0.09962
6.12,10.88,3.7933,17.0456,0.00000,0.10353
6.38,10.88,3.8639,18.7610,0.00000,0.11071
6.62,10.88,3.9536,20.8864,0.00000,0.10562
6.88,10.88,4.2563,23.8876,0.00000,0.08615
7.12,10.88,4.2180,27.8824,0.00000,0.05356
7.38,10.88,3.4585,30.1442,0.00000,0.02875
12.38,10.88,3.4776,55.2274,0.00000,0.02097
12.62,10.88,3.7796,70.7362,0.00000,0.02857
12.88,10.88,3.9415,81.5740,0.00000,0.03801
13.12,10.88,3.7787,78.9323,0.00000,0.05020
13.38,10.88,3.5591,74.9498,0.00001,0.06691
13.62,10.88,3.5000,72.4689,0.00018,0.08758
13.88,10.88,3.5116,73.7629,0.00383,0.10443
14.12,10.88,3.5842,79.7116,0.04407,0.11983
14.38,10.88,3.9097,86.0902,0.21668,0.14530
14.62,10.88,3.8929,84.5512,0.48402,0.15911
2.62,11.12,2.5835,10.4324,0.00000,0.05549
2.88,11.12,3.5220,7.1561,0.00000,0.08511
3.12,11.12,3.5898,5.0708,0.00000,0.12157
3.38,11.12,3.6840,4.6226,0.00000,0.15594
3.62,11.12,3.6075,4.8328,0.00000,0.14393
3.88,11.12,3.6976,5.5023,0.00000,0.12871
4.12,11.12,3.6309,6.6538,0.00000,0.10425
4.38,11.12,3.7024,8.1050,0.00000,0.09118
4.62,11.12,3.6546,10.0881,0.00000,0.09761
4.88,11.12,3.7508,11.0712,0.00000,0.10989
5.12,11.12,3.7168,12.0019,0.00000,0.11356
5.38,11.12,3.7929,12.9759,0.00000,0.11629
5.62,11.12,3.7704,14.5091,0.00000,0.10569
5.88,11.12,3.8195,16.6078,0.00000,0.09950
6.12,11.12,3.8015,19.1467,0.00000,0.09753
6.38,11.12,3.8437,21.0206,0.00000,0.09953
6.62,11.12,3.9231,23.4015,0.00000,0.09486
6.88,11.12,4.2457,26.5491,0.00000,0.08008
7.12,11.12,4.2221,30.7079,0.00000,0.05040
7.38,11.12,3.5024,32.9879,0.00000,0.02634
12.12,11.12,4.0343,67.6669,0.00000,0.01973
12.38,11.12,3.9240,66.1331,0.00000,0.02351
12.62,11.12,3.7626,70.1202,0.00000,0.03124
12.88,11.12,3.6880,73.2750,0.00000,0.04408
13.12,11.12,3.6439,70.1971,0.00000,0.06286
13.38,11.12,3.6244,66.7064,0.00000,0.08768
13.62,11.12,3.6092,66.0970,0.00014,0.11687
13.88,11.12,3.5639,68.6492,0.00452,0.15076
14.12,11.12,3.5638,75.1721,0.05520,0.18429
14.38,11.12,3.7111,80.1270,0.25531,0.22409
14.62,11.12,3.6819,72.3461,0.48279,0.24633
14.88,11.12,2.6753,55.6464,0.45468,0.19210
2.62,11.38,2.5856,11.1214,0.00000,0.05837
2.88,11.38,3.5335,7.5995,0.00000,0.09016
3.12,11.38,3.6019,5.3576,0.00000,0.13095
3.38,11.38,3.6864,4.9071,0.00000,0.17021
3.62,11.38,3.6047,5.1234,0.00000,0.15877
3.88,11.38,3.7003,5.6933,0.00000,0.14240
4.12,11.38,3.6401,6.7703,0.00000,0.11287
4.38,11.38,3.7232,8.3447,0.00000,0.09521
4.62,11.38,3.6697,10.5233,0.00000,0.09721
4.88,11.38,3.7393,11.7684,0.00000,0.10655
5.12,11.38,3.7015,13.0434,0.00000,0.11136
5.38,11.38,3.7832,14.3374,0.00000,0.11621
5.62,11.38,3.7615,16.1296,0.00000,0.10496
5.88,11.38,3.8236,18.4753,0.00000,0.09669
6.12,11.38,3.8083,21.2884,0.00000,0.09013
6.38,11.38,3.8454,23.3328,0.00000,0.08806
6.62,11.38,3.9213,25.9391,0.00000,0.08488
6.88,11.38,4.2390,29.2665,0.00000,0.07513
7.12,11.38,4.2111,33.5808,0.00000,0.04818
7.38,11.38,3.5360,35.7447,0.00000,0.02483
11.62,11.38,4.0669,80.1188,0.00000,0.01486
11.88,11.38,4.2642,76.1289,0.00000,0.01794
12.12,11.38,4.0405,73.5379,0.00000,0.02076
12.38,11.38,3.7960,71.4401,0.00000,0.02577
12.62,11.38,3.6320,69.3753,0.00000,0.03667
12.88,11.38,3.6517,67.1338,0.00000,0.05478
13.12,11.38,3.7015,64.2651,0.00000,0.07733
13.38,11.38,3.6138,62.4377,0.00000,0.10505
13.62,11.38,3.5281,63.7345,0.00010,0.14503
13.88,11.38,3.5087,65.9854,0.00339,0.20892
14.12,11.38,3.5306,68.2256,0.04132,0.29148
14.38,11.38,3.6235,69.5850,0.18771,0.38089
14.62,11.38,3.5348,65.8474,0.34217,0.43016
14.88,11.38,2.4922,71.3905,0.35153,0.37070
2.62,11.62,2.5939,12.0583,0.00000,0.06242
2.88,11.62,3.5410,8.3326,0.00000,0.09670
3.12,11.62,3.6092,5.9694,0.00000,0.14254
3.38,11.62,3.6917,5.4288,0.00000,0.18697
3.62,11.62,3.6043,5.6227,0.00000,0.17289
3.88,11.62,3.6931,6.1730,0.00000,0.15242
4.12,11.62,3.6373,7.2434,0.00000,0.11988
4.38,11.62,3.7432,8.7925,0.00000,0.10056
4.62,11.62,3.6907,10.9677,0.00000,0.09942
4.88,11.62,3.7399,12.3264,0.00000,0.10650
5.12,11.62,3.6922,13.9202,0.00000,0.11246
5.38,11.62,3.7764,15.6727,0.00000,0.11873
5.62,11.62,3.7567,17.7884,0.00000,0.10486
5.88,11.62,3.8306,20.2916,0.00000,0.09350
6.12,11.62,3.8175,23.3091,0.00000,0.08444
6.38,11.62,3.8650,25.4936,0.00000,0.08087
6.62,11.62,3.9340,28.2921,0.00000,0.07785
6.88,11.62,4.2237,32.0832,0.00000,0.06931
7.12,11.62,4.2008,36.9533,0.00000,0.04481
7.38,11.62,3.5963,39.3149,0.00000,0.02359
11.12,11.62,3.6489,93.1083,0.00000,0.01107
11.38,11.62,4.0139,83.2417,0.00000,0.01376
11.62,11.62,4.0630,74.8597,0.00000,0.01590
11.88,11.62,3.9515,72.3619,0.00000,0.01835
12.12,11.62,3.8355,71.6669,0.00000,0.02225
12.38,11.62,3.7716,70.0777,0.00000,0.02917
12.62,11.62,3.7184,67.9643,0.00000,0.04086
12.88,11.62,3.6451,65.5011,0.00000,0.05843
13.12,11.62,3.6197,63.5752,0.00000,0.08306
13.38,11.62,3.6127,62.3916,0.00000,0.11953
13.62,11.62,3.5727,61.9190,0.00004,0.17794
13.88,11.62,3.4582,60.2358,0.00138,0.27897
14.12,11.62,3.3114,56.7982,0.01682,0.44254
14.38,11.62,3.3100,54.9435,0.07757,0.65929
14.62,11.62,3.1828,58.8473,0.15588,0.84416
14.88,11.62,2.4356,82.8001,0.23424,0.89164
15.12,11.62,1.7803,128.0020,0.38652,0.91683
2.62,11.88,2.5969,13.6469,0.00000,0.06748
2.88,11.88,3.5352,9.6430,0.00000,0.10346
3.12,11.88,3.6040,7.1728,0.00000,0.15174
3.38,11.88,3.6941,6.3999,0.00000,0.19947
3.62,11.88,3.6074,6.4796,0.00000,0.18449
3.88,11.88,3.6936,7.0427,0.00000,0.16236
4.12,11.88,3.6352,8.1566,0.00000,0.12808
4.38,11.88,3.7421,9.6342,0.00000,0.10770
4.62,11.88,3.6920,11.7654,0.00000,0.10456
4.88,11.88,3.7493,13.1304,0.00000,0.11048
5.12,11.88,3.6986,14.9312,0.00000,0.11635
5.38,11.88,3.7825,17.0542,0.00000,0.12257
5.62,11.88,3.7613,19.4769,0.00000,0.10558
5.88,11.88,3.8429,22.1019,0.00000,0.09052
6.12,11.88,3.8257,25.2866,0.00000,0.08016
6.38,11.88,3.8767,27.5719,0.00000,0.07660
6.62,11.88,3.9380,30.5519,0.00000,0.07182
6.88,11.88,4.2016,34.9866,0.00000,0.06138
7.12,11.88,4.1779,40.7076,0.00000,0.03968
7.38,11.88,3.6373,43.6395,0.00000,0.02191
10.62,11.88,3.3243,43.2861,0.00000,0.00941
10.88,11.88,3.7240,60.6982,0.00000,0.01112
11.12,11.88,3.9330,73.6894,0.00000,0.01308
11.38,11.88,3.9284,71.9905,0.00000,0.01540
11.62,11.88,3.8927,68.1736,0.00000,0.01799
11.88,11.88,3.8577,66.8352,0.00000,0.02079
12.12,11.88,3.8439,67.2967,0.00000,0.02432
12.38,11.88,3.7914,68.1424,0.00000,0.03000
12.62,11.88,3.7583,69.6113,0.00000,0.03963
12.88,11.88,3.6825,69.0380,0.00000,0.05598
13.12,11.88,3.6677,67.3743,0.00000,0.08165
13.38,11.88,3.6553,64.3033,0.00000,0.11844
13.62,11.88,3.5161,58.2267,0.00001,0.18007
13.88,11.88,3.2329,49.9755,0.00026,0.30945
14.12,11.88,2.9630,41.9294,0.00318,0.56773
14.38,11.88,2.9314,37.9129,0.01552,0.96819
14.62,11.88,2.9077,41.7076,0.04091,1.39281
14.88,11.88,2.5625,57.5401,0.09798,1.63747
15.12,11.88,2.1012,75.1811,0.18087,1.74455
2.62,12.12,2.5981,15.2179,0.00000,0.07496
2.88,12.12,3.5301,10.8475,0.00000,0.11422
3.12,12.12,3.5959,8.2377,0.00000,0.16453
3.38,12.12,3.6912,7.3764,0.00000,0.21417
3.62,12.12,3.6100,7.4650,0.00000,0.19842
3.88,12.12,3.7045,7.9895,0.00000,0.17595
4.12,12.12,3.6368,9.1119,0.00000,0.13976
4.38,12.12,3.7261,10.6619,0.00000,0.11756
4.62,12.12,3.6758,12.9170,0.00000,0.11326
4.88,12.12,3.7525,14.2774,0.00000,0.11948
5.12,12.12,3.7025,16.1967,0.00000,0.12270
5.38,12.12,3.7851,18.4480,0.00000,0.12609
5.62,12.12,3.7644,21.0263,0.00000,0.10606
5.88,12.12,3.8578,23.8620,0.00000,0.08747
6.12,12.12,3.8353,27.3062,0.00000,0.07580
6.38,12.12,3.8748,29.6695,0.00000,0.07189
6.62,12.12,3.9267,32.8726,0.00000,0.06540
6.88,12.12,4.1938,38.0014,0.00000,0.05422
7.12,12.12,4.1876,44.6720,0.00000,0.03516
7.38,12.12,3.7009,48.1913,0.00000,0.01996
10.38,12.12,3.9070,49.0949,0.00000,0.01214
10.62,12.12,3.8790,50.1982,0.00000,0.01284
10.88,12.12,3.8979,56.2147,0.00000,0.01480
11.12,12.12,3.8936,61.7310,0.00000,0.01714
11.38,12.12,3.8787,62.2592,0.00000,0.01905
11.62,12.12,3.9096,62.0029,0.00000,0.02068
11.88,12.12,3.8748,63.1106,0.00000,0.02211
12.12,12.12,3.8399,65.4164,0.00000,0.02424
12.38,12.12,3.8021,67.8278,0.00000,0.02848
12.62,12.12,3.7932,71.1622,0.00000,0.03595
12.88,12.12,3.7353,73.0143,0.00000,0.04876
13.12,12.12,3.7053,73.0822,0.00000,0.06808
13.38,12.12,3.6234,67.0396,0.00000,0.09586
13.62,12.12,3.4029,53.3548,0.00000,0.14510
13.88,12.12,2.9417,37.3263,0.00002,0.25603
14.12,12.12,2.5295,26.7427,0.00025,0.50782
14.38,12.12,2.5146,24.3869,0.00140,0.96947
14.62,12.12,2.6631,27.8028,0.00578,1.56477
14.88,12.12,2.5820,32.6928,0.02261,2.01746
15.12,12.12,2.2734,36.2531,0.08405,2.17556
15.38,12.12,2.2475,42.9852,0.36327,2.14007
2.62,12.38,2.6021,16.8945,0.00000,0.08355
2.88,12.38,3.5254,11.5691,0.00000,0.12751
3.12,12.38,3.5847,8.3967,0.00000,0.18104
3.38,12.38,3.6836,7.7086,0.00000,0.23259
3.62,12.38,3.6054,8.1040,0.00000,0.21583
3.88,12.38,3.7093,8.6593,0.00000,0.19337
4.12,12.38,3.6349,9.8141,0.00000,0.15451
4.38,12.38,3.7192,11.5357,0.00000,0.12962
4.62,12.38,3.6655,13.9919,0.00000,0.12374
4.88,12.38,3.7496,15.3484,0.00000,0.13001
5.12,12.38,3.6977,17.3478,0.00000,0.12892
5.38,12.38,3.7827,19.6120,0.00000,0.12787
5.62,12.38,3.7585,22.3033,0.00000,0.10604
5.88,12.38,3.8684,25.5937,0.00000,0.08657
6.12,12.38,3.8499,29.5284,0.00000,0.07446
6.38,12.38,3.8890,31.9729,0.00000,0.06945
6.62,12.38,3.9323,35.3468,0.00000,0.06087
6.88,12.38,4.1877,41.0542,0.00000,0.04958
7.12,12.38,4.1789,48.6369,0.00000,0.03228
7.38,12.38,3.7441,52.6428,0.00000,0.01830
9.88,12.38,3.8689,56.5063,0.00000,0.01365
10.12,12.38,4.1636,53.9322,0.00000,0.01540
10.38,12.38,4.0741,52.6289,0.00000,0.01670
10.62,12.38,3.9023,53.7670,0.00000,0.01892
10.88,12.38,3.8721,54.5761,0.00000,0.02189
11.12,12.38,3.9167,55.7079,0.00000,0.02303
11.38,12.38,3.9007,57.2106,0.00000,0.02216
11.62,12.38,3.8871,58.8824,0.00000,0.02136
11.88,12.38,3.8719,61.4291,0.00000,0.02161
12.12,12.38,3.8692,64.7599,0.00000,0.02331
12.38,12.38,3.8018,68.0899,0.00000,0.02659
12.62,12.38,3.7795,72.4898,0.00000,0.03188
12.88,12.38,3.7716,76.2213,0.00000,0.04003
13.12,12.38,3.7775,77.7854,0.00000,0.05057
13.38,12.38,3.5770,72.1699,0.00000,0.06370
13.62,12.38,2.8211,55.0932,0.00000,0.08090
13.88,12.38,1.8749,29.6397,0.00000,0.12410
14.12,12.38,1.3672,14.6191,0.00001,0.25543
14.38,12.38,1.5054,16.0160,0.00006,0.59331
14.62,12.38,2.0871,24.2699,0.00086,1.22070
14.88,12.38,2.5654,29.2074,0.01782,1.87975
15.12,12.38,2.6782,37.6763,0.21225,2.06184
15.38,12.38,3.3130,70.0877,1.18163,1.71756
2.62,12.62,2.6011,18.7534,0.00000,0.09283
2.88,12.62,3.5223,12.1296,0.00000,0.14187
3.12,12.62,3.5799,8.1168,0.00000,0.19953
3.38,12.62,3.6827,7.4639,0.00000,0.25356
3.62,12.62,3.6003,8.0724,0.00000,0.23353
3.88,12.62,3.7046,8.8190,0.00000,0.20886
4.12,12.62,3.6278,10.1788,0.00000,0.16731
4.38,12.62,3.7225,12.0693,0.00000,0.14064
4.62,12.62,3.6626,14.6320,0.00000,0.13295
4.88,12.62,3.7429,15.9666,0.00000,0.13816
5.12,12.62,3.6835,18.0284,0.00000,0.13290
5.38,12.62,3.7793,20.4112,0.00000,0.12835
5.62,12.62,3.7510,23.3835,0.00000,0.10615
5.88,12.62,3.8638,27.2460,0.00000,0.08729
6.12,12.62,3.8413,31.7937,0.00000,0.07395
6.38,12.62,3.9004,34.4413,0.00000,0.06658
6.62,12.62,3.9389,38.1450,0.00000,0.05559
6.88,12.62,4.1921,44.5411,0.00000,0.04409
7.12,12.62,4.1927,53.0966,0.00000,0.02930
7.38,12.62,3.8331,57.5526,0.00000,0.01741
9.38,12.62,3.5607,31.0380,0.00000,0.01394
9.62,12.62,3.8944,42.5146,0.00000,0.01609
9.88,12.62,3.9995,51.1515,0.00000,0.01869
10.12,12.62,3.9407,51.2938,0.00000,0.02173
10.38,12.62,3.9038,50.7752,0.00000,0.02513
10.62,12.62,3.9031,51.3788,0.00000,0.02764
10.88,12.62,3.8956,51.8760,0.00000,0.02814
11.12,12.62,3.8664,53.1525,0.00000,0.02529
11.38,12.62,3.8590,55.4939,0.00000,0.02242
11.62,12.62,3.8894,57.3777,0.00000,0.02128
11.88,12.62,3.8557,59.9851,0.00000,0.02094
12.12,12.62,3.8326,63.9709,0.00000,0.02209
12.38,12.62,3.7997,68.4397,0.00000,0.02488
12.62,12.62,3.8119,74.2047,0.00000,0.02864
12.88,12.62,3.8062,80.3411,0.00000,0.03318
13.12,12.62,3.8605,84.3618,0.00000,0.03756
13.38,12.62,3.5605,83.1288,0.00000,0.03888
13.62,12.62,2.1916,67.1642,0.00000,0.03201
13.88,12.62,0.8774,32.3110,0.00000,0.03103
14.12,12.62,0.4304,10.4165,0.00000,0.06921
14.38,12.62,0.6938,13.7760,0.00000,0.25350
14.62,12.62,1.6070,26.4598,0.00082,0.77548
14.88,12.62,2.6087,33.9154,0.02688,1.44962
15.12,12.62,3.1242,49.5118,0.33327,1.59173
15.38,12.62,4.2466,96.1215,1.65616,1.13102
15.62,12.62,6.0833,154.1296,3.70167,0.61440
2.62,12.88,2.5957,18.8423,0.00000,0.10242
2.88,12.88,3.5228,12.0222,0.00000,0.15528
3.12,12.88,3.5823,7.8430,0.00000,0.21346
3.38,12.88,3.6904,7.0284,0.00000,0.26770
3.62,12.88,3.6036,7.5000,0.00000,0.24423
3.88,12.88,3.7038,8.5170,0.00000,0.21733
4.12,12.88,3.6239,10.1973,0.00000,0.17629
4.38,12.88,3.7249,12.1397,0.00000,0.15127
4.62,12.88,3.6569,14.6801,0.00000,0.14215
4.88,12.88,3.7419,16.1265,0.00000,0.14557
5.12,12.88,3.6759,18.3379,0.00000,0.13591
5.38,12.88,3.7754,20.9472,0.00000,0.12832
5.62,12.88,3.7360,24.2642,0.00000,0.10645
5.88,12.88,3.8474,28.5278,0.00000,0.08868
6.12,12.88,3.8133,33.6616,0.00000,0.07304
6.38,12.88,3.8904,36.8461,0.00000,0.06238
6.62,12.88,3.9150,41.3645,0.00000,0.04922
6.88,12.88,4.1650,48.9440,0.00000,0.03777
7.12,12.88,4.1756,58.9338,0.00000,0.02612
7.38,12.88,3.9732,64.0910,0.00000,0.01741
9.12,12.88,4.1395,35.3404,0.00000,0.01831
9.38,12.88,3.9534,37.0137,0.00000,0.01976
9.62,12.88,3.9095,42.7106,0.00000,0.02399
9.88,12.88,3.8960,47.8664,0.00000,0.02957
10.12,12.88,3.8833,48.3275,0.00000,0.03339
10.38,12.88,3.8955,48.4307,0.00000,0.03436
10.62,12.88,3.8656,49.3013,0.00000,0.03191
10.88,12.88,3.8525,50.8374,0.00000,0.02857
11.12,12.88,3.8638,52.2875,0.00000,0.02487
11.38,12.88,3.8521,54.1166,0.00000,0.02222
11.62,12.88,3.8335,56.0519,0.00000,0.02091
11.88,12.88,3.8151,58.9787,0.00000,0.02025
12.12,12.88,3.8402,63.3601,0.00000,0.02101
12.38,12.88,3.8088,69.3239,0.00000,0.02319
12.62,12.88,3.8083,77.6043,0.00000,0.02582
12.88,12.88,3.8187,86.7062,0.00000,0.02828
13.12,12.88,3.8829,92.4415,0.00000,0.02985
13.38,12.88,3.5762,91.7347,0.00000,0.02772
13.62,12.88,2.2327,75.4740,0.00000,0.01760
13.88,12.88,0.9394,37.7104,0.00000,0.01031
14.12,12.88,0.5242,13.1639,0.00000,0.02539
14.38,12.88,0.8676,16.2274,0.00000,0.13811
14.62,12.88,1.8296,29.9882,0.00049,0.50406
14.88,12.88,2.7779,39.7397,0.01625,0.96899
15.12,12.88,3.2178,56.2911,0.19887,1.02019
15.38,12.88,3.9978,89.1764,0.91905,0.69703
15.62,12.88,4.8213,113.5177,1.72375,0.39356
15.88,12.88,4.1204,101.8034,1.53061,0.21145
2.62,13.12,2.5895,15.2800,0.00000,0.11093
2.88,13.12,3.5219,10.4486,0.00000,0.16683
3.12,13.12,3.5855,7.5130,0.00000,0.22628
3.38,13.12,3.6994,6.8017,0.00000,0.28274
3.62,13.12,3.6091,7.0617,0.00000,0.25643
3.88,13.12,3.7098,8.1283,0.00000,0.22658
4.12,13.12,3.6303,9.9110,0.00000,0.18517
4.38,13.12,3.7299,11.8212,0.00000,0.16107
4.62,13.12,3.6522,14.2889,0.00000,0.15060
4.88,13.12,3.7450,15.9280,0.00000,0.15250
5.12,13.12,3.6744,18.3743,0.00000,0.13920
5.38,13.12,3.7706,21.2798,0.00000,0.12913
5.62,13.12,3.7210,24.9098,0.00000,0.10703
5.88,13.12,3.8335,29.3281,0.00000,0.08951
6.12,13.12,3.7848,34.8335,0.00000,0.07251
6.38,13.12,3.8820,38.6479,0.00000,0.06052
6.62,13.12,3.8765,44.1195,0.00000,0.04596
6.88,13.12,4.1000,52.9563,0.00000,0.03425
7.12,13.12,4.1368,64.4275,0.00000,0.02463
7.38,13.12,4.2213,70.0813,0.00000,0.01879
8.62,13.12,4.0623,35.2114,0.00000,0.02058
8.88,13.12,4.2543,36.5795,0.00000,0.02150
9.12,13.12,4.0996,37.8458,0.00000,0.02424
9.38,13.12,3.9091,39.6771,0.00000,0.02961
9.62,13.12,3.8713,41.6579,0.00000,0.03633
9.88,13.12,3.9025,43.7576,0.00000,0.04134
10.12,13.12,3.8818,45.5209,0.00000,0.04086
10.38,13.12,3.8654,47.6617,0.00000,0.03691
10.62,13.12,3.8676,48.8564,0.00000,0.03235
10.88,13.12,3.8761,50.1000,0.00000,0.02838
11.12,13.12,3.8435,51.3485,0.00000,0.02455
11.38,13.12,3.8126,53.1702,0.00000,0.02164
11.62,13.12,3.8249,55.4879,0.00000,0.02040
11.88,13.12,3.8217,58.9507,0.00000,0.01995
12.12,13.12,3.8145,64.5357,0.00000,0.02013
12.38,13.12,3.7891,72.7005,0.00000,0.02152
12.62,13.12,3.8247,82.6361,0.00000,0.02364
12.88,13.12,3.8353,92.3978,0.00000,0.02531
13.12,13.12,3.8397,98.0236,0.00000,0.02608
13.38,13.12,3.6451,94.1631,0.00000,0.02538
13.62,13.12,2.9506,76.8515,0.00000,0.02124
13.88,13.12,2.1018,46.5260,0.00000,0.02096
14.12,13.12,1.7382,26.2998,0.00000,0.04312
14.38,13.12,2.0308,26.1928,0.00000,0.13534
14.62,13.12,2.6204,36.7923,0.00011,0.35802
14.88,13.12,3.0305,48.5143,0.00363,0.59126
15.12,13.12,3.2165,64.1222,0.04419,0.59058
15.38,13.12,3.4816,82.4719,0.19944,0.42508
15.62,13.12,3.7202,91.8601,0.34655,0.28130
15.88,13.12,3.3448,91.6479,0.26464,0.17837
2.62,13.38,2.5942,12.4806,0.00000,0.12065
2.88,13.38,3.5239,9.7167,0.00000,0.17953
3.12,13.38,3.5835,8.1483,0.00000,0.23938
3.38,13.38,3.6947,7.4728,0.00000,0.29727
3.62,13.38,3.6074,7.4422,0.00000,0.26972
3.88,13.38,3.7150,8.1921,0.00000,0.23762
4.12,13.38,3.6298,9.7356,0.00000,0.19174
4.38,13.38,3.7200,11.6039,0.00000,0.16428
4.62,13.38,3.6459,14.0368,0.00000,0.15378
4.88,13.38,3.7466,15.7600,0.00000,0.15639
5.12,13.38,3.6785,18.3622,0.00000,0.14304
5.38,13.38,3.7775,21.4899,0.00000,0.13298
5.62,13.38,3.7183,25.3115,0.00000,0.10931
5.88,13.38,3.8203,29.6679,0.00000,0.09004
6.12,13.38,3.7685,35.1818,0.00000,0.07216
6.38,13.38,3.8914,39.2303,0.00000,0.06008
6.62,13.38,3.8485,44.9204,0.00000,0.04529
6.88,13.38,4.0173,53.7520,0.00000,0.03392
7.12,13.38,4.0364,64.3906,0.00000,0.02543
7.38,13.38,4.3559,67.8735,0.00000,0.02157
8.12,13.38,3.7073,24.7571,0.00000,0.01788
8.38,13.38,3.9853,29.5030,0.00000,0.02153
8.62,13.38,4.0240,34.9578,0.00000,0.02439
8.88,13.38,3.9108,36.3872,0.00000,0.02751
9.12,13.38,3.8597,36.7807,0.00000,0.03404
9.38,13.38,3.8847,37.7558,0.00000,0.04047
9.62,13.38,3.8814,39.1682,0.00000,0.04317
9.88,13.38,3.8460,41.0007,0.00000,0.04254
10.12,13.38,3.8449,43.3932,0.00000,0.04022
10.38,13.38,3.8863,45.9947,0.00000,0.03694
10.62,13.38,3.8740,47.8980,0.00000,0.03292
10.88,13.38,3.8335,49.6295,0.00000,0.02821
11.12,13.38,3.8285,51.0961,0.00000,0.02411
11.38,13.38,3.8378,53.1615,0.00000,0.02168
11.62,13.38,3.8215,56.3806,0.00000,0.02062
11.88,13.38,3.7980,61.3289,0.00000,0.02015
12.12,13.38,3.8157,68.2896,0.00000,0.02014
12.38,13.38,3.8076,77.2103,0.00000,0.02090
12.62,13.38,3.8251,87.0362,0.00000,0.02218
12.88,13.38,3.8258,95.7177,0.00000,0.02361
13.12,13.38,3.8357,100.3578,0.00000,0.02508
13.38,13.38,3.7760,96.5098,0.00000,0.02691
13.62,13.38,3.6107,82.8645,0.00000,0.02907
13.88,13.38,3.3119,64.2358,0.00000,0.03718
14.12,13.38,3.1122,50.5918,0.00000,0.06648
14.38,13.38,3.1861,46.5249,0.00000,0.13616
14.62,13.38,3.3008,51.0276,0.00001,0.24929
14.88,13.38,3.3569,60.5575,0.00030,0.34824
15.12,13.38,3.3781,72.4236,0.00363,0.34622
15.38,13.38,3.3903,84.7816,0.01628,0.26361
15.62,13.38,3.4392,92.5822,0.02738,0.19036
15.88,13.38,3.4156,98.2474,0.01868,0.13975
16.12,13.38,3.0561,111.0424,0.00612,0.09119
2.62,13.62,2.5960,12.4249,0.00000,0.13101
2.88,13.62,3.5198,10.4387,0.00000,0.19302
3.12,13.62,3.5831,9.5185,0.00000,0.25154
3.38,13.62,3.6924,8.8685,0.00000,0.30751
3.62,13.62,3.5972,8.7280,0.00000,0.27610
3.88,13.62,3.7013,9.0782,0.00000,0.24111
4.12,13.62,3.6202,10.2068,0.00000,0.19609
4.38,13.62,3.7026,11.6477,0.00000,0.16901
4.62,13.62,3.6355,13.7240,0.00000,0.15644
4.88,13.62,3.7343,15.2972,0.00000,0.15717
5.12,13.62,3.6828,17.7698,0.00000,0.14708
5.38,13.62,3.7881,20.8787,0.00000,0.14033
5.62,13.62,3.7377,24.6656,0.00000,0.11471
5.88,13.62,3.8233,28.7593,0.00000,0.09240
6.12,13.62,3.7643,33.9569,0.00000,0.07342
6.38,13.62,3.8875,38.1510,0.00000,0.06072
6.62,13.62,3.8358,43.5016,0.00000,0.04583
6.88,13.62,3.9501,51.0120,0.00000,0.03501
7.12,13.62,3.8754,58.4694,0.00000,0.02715
7.38,13.62,4.1074,59.0753,0.00000,0.02322
7.62,13.62,4.1458,51.5869,0.00000,0.02167
7.88,13.62,3.9285,39.0154,0.00000,0.02005
8.12,13.62,3.8706,31.6191,0.00000,0.02013
8.38,13.62,3.8275,32.6218,0.00000,0.02351
8.62,13.62,3.8248,35.4187,0.00000,0.02909
8.88,13.62,3.8321,35.8574,0.00000,0.03518
9.12,13.62,3.8284,35.9247,0.00000,0.04078
9.38,13.62,3.7972,36.8808,0.00000,0.04115
9.62,13.62,3.8084,38.7861,0.00000,0.03933
9.88,13.62,3.8542,40.5388,0.00000,0.03898
10.12,13.62,3.8612,42.3506,0.00000,0.03880
10.38,13.62,3.8367,44.5848,0.00000,0.03619
10.62,13.62,3.8321,46.9750,0.00000,0.03231
10.88,13.62,3.8431,49.0933,0.00000,0.02852
11.12,13.62,3.8469,51.4573,0.00000,0.02562
11.38,13.62,3.8231,54.7980,0.00000,0.02388
11.62,13.62,3.8143,59.1380,0.00000,0.02285
11.88,13.62,3.8216,64.5409,0.00000,0.02197
12.12,13.62,3.8384,71.5474,0.00000,0.02120
12.38,13.62,3.8113,80.0395,0.00000,0.02089
12.62,13.62,3.8200,87.7056,0.00000,0.02157
12.88,13.62,3.8442,93.1765,0.00000,0.02310
13.12,13.62,3.8509,95.9279,0.00000,0.02507
13.38,13.62,3.8365,94.9189,0.00000,0.02816
13.62,13.62,3.7402,87.9864,0.00000,0.03297
13.88,13.62,3.5777,78.4382,0.00000,0.04303
14.12,13.62,3.4224,70.4195,0.00000,0.06740
14.38,13.62,3.4160,65.1077,0.00000,0.11135
14.62,13.62,3.5081,64.7672,0.00000,0.16530
14.88,13.62,3.5607,69.5088,0.00001,0.20428
15.12,13.62,3.4265,75.7682,0.00011,0.20138
15.38,13.62,3.3632,82.5221,0.00049,0.16452
15.62,13.62,3.4090,89.0628,0.00081,0.12821
15.88,13.62,3.4773,95.0927,0.00052,0.10268
16.12,13.62,3.3785,103.9721,0.00015,0.07273
2.62,13.88,2.6102,12.2039,0.00000,0.14015
2.88,13.88,3.5407,10.7874,0.00000,0.20432
3.12,13.88,3.6000,10.3512,0.00000,0.25754
3.38,13.88,3.6902,9.9789,0.00000,0.30749
3.62,13.88,3.5833,10.0086,0.00000,0.27370
3.88,13.88,3.6764,10.0543,0.00000,0.23819
4.12,13.88,3.6067,10.7519,0.00000,0.19971
4.38,13.88,3.6792,11.5162,0.00000,0.17723
4.62,13.88,3.6273,12.9869,0.00000,0.16161
4.88,13.88,3.7145,14.2495,0.00000,0.15753
5.12,13.88,3.6777,16.3242,0.00000,0.14987
5.38,13.88,3.7689,19.1758,0.00000,0.14629
5.62,13.88,3.7465,22.6844,0.00000,0.12068
5.88,13.88,3.8157,26.4895,0.00000,0.09608
6.12,13.88,3.7674,31.3880,0.00000,0.07657
6.38,13.88,3.8571,36.2091,0.00000,0.06293
6.62,13.88,3.7956,41.0420,0.00000,0.04765
6.88,13.88,3.8408,46.1248,0.00000,0.03694
7.12,13.88,3.7322,50.7793,0.00000,0.02999
7.38,13.88,3.7230,51.6621,0.00000,0.02467
7.62,13.88,3.7185,48.3104,0.00000,0.02206
7.88,13.88,3.6662,42.1997,0.00000,0.02141
8.12,13.88,3.6819,37.2970,0.00000,0.02291
8.38,13.88,3.7259,35.6809,0.00000,0.02777
8.62,13.88,3.7951,35.8101,0.00000,0.03333
8.88,13.88,3.7929,36.2322,0.00000,0.03613
9.12,13.88,3.7779,37.2346,0.00000,0.03768
9.38,13.88,3.7910,38.2742,0.00000,0.03664
9.62,13.88,3.8150,39.5719,0.00000,0.03515
9.88,13.88,3.8100,40.6922,0.00000,0.03570
10.12,13.88,3.8177,42.1464,0.00000,0.03688
10.38,13.88,3.8426,44.1370,0.00000,0.03531
10.62,13.88,3.8463,46.7466,0.00000,0.03196
10.88,13.88,3.8161,49.6525,0.00000,0.02945
11.12,13.88,3.8222,53.1804,0.00000,0.02890
11.38,13.88,3.8428,57.1901,0.00000,0.02817
11.62,13.88,3.8476,61.7661,0.00000,0.02611
11.88,13.88,3.8131,66.8702,0.00000,0.02344
12.12,13.88,3.8199,72.6592,0.00000,0.02158
12.38,13.88,3.8397,78.7618,0.00000,0.02074
12.62,13.88,3.8280,82.6256,0.00000,0.02110
12.88,13.88,3.8206,84.6691,0.00000,0.02257
13.12,13.88,3.8106,86.2075,0.00000,0.02484
13.38,13.88,3.8229,87.3682,0.00000,0.02880
13.62,13.88,3.7877,86.2814,0.00000,0.03491
13.88,13.88,3.6956,83.3550,0.00000,0.04438
14.12,13.88,3.5611,79.1070,0.00000,0.06189
14.38,13.88,3.5201,73.4813,0.00000,0.08794
14.62,13.88,3.5142,70.6557,0.00000,0.11250
14.88,13.88,3.4899,71.8829,0.00000,0.12483
15.12,13.88,3.4381,75.1515,0.00000,0.12236
15.38,13.88,3.3808,79.6755,0.00000,0.10989
15.62,13.88,3.3519,87.4700,0.00000,0.09096
15.88,13.88,3.3476,95.8296,0.00000,0.07235
16.12,13.88,3.4383,101.2159,0.00000,0.05490
16.38,13.88,3.7157,104.0426,0.00000,0.04463
2.62,14.12,2.6197,11.4927,0.00000,0.14727
2.88,14.12,3.5608,10.5870,0.00000,0.21286
3.12,14.12,3.6227,10.4674,0.00000,0.25995
3.38,14.12,3.6892,10.2291,0.00000,0.30220
3.62,14.12,3.5730,10.2669,0.00000,0.26589
3.88,14.12,3.6474,10.0495,0.00000,0.22908
4.12,14.12,3.5926,10.4364,0.00000,0.19907
4.38,14.12,3.6587,10.8872,0.00000,0.18504
4.62,14.12,3.6182,12.0676,0.00000,0.16937
4.88,14.12,3.6789,13.2996,0.00000,0.16030
5.12,14.12,3.6678,15.1673,0.00000,0.15137
5.38,14.12,3.7317,17.7216,0.00000,0.14728
5.62,14.12,3.7338,20.9287,0.00000,0.12418
5.88,14.12,3.7816,24.7465,0.00000,0.09916
6.12,14.12,3.7716,29.5350,0.00000,0.08042
6.38,14.12,3.7981,34.4200,0.00000,0.06627
6.62,14.12,3.7605,38.3059,0.00000,0.05177
6.88,14.12,3.7567,41.1673,0.00000,0.04085
7.12,14.12,3.7641,44.4391,0.00000,0.03439
7.38,14.12,3.7366,47.0850,0.00000,0.02829
7.62,14.12,3.7034,47.0547,0.00000,0.02419
7.88,14.12,3.6729,43.6930,0.00000,0.02332
8.12,14.12,3.6986,39.4167,0.00000,0.02555
8.38,14.12,3.7439,37.1471,0.00000,0.02928
8.62,14.12,3.7470,36.9879,0.00000,0.03130
8.88,14.12,3.7627,37.6747,0.00000,0.03182
9.12,14.12,3.8083,38.5785,0.00000,0.03360
9.38,14.12,3.8059,39.4084,0.00000,0.03461
9.62,14.12,3.7813,40.2799,0.00000,0.03436
9.88,14.12,3.7936,40.8718,0.00000,0.03482
10.12,14.12,3.8296,42.1199,0.00000,0.03577
10.38,14.12,3.8258,44.5832,0.00000,0.03393
10.62,14.12,3.8134,48.0756,0.00000,0.03152
10.88,14.12,3.8258,51.5742,0.00000,0.03151
11.12,14.12,3.8391,54.9868,0.00000,0.03248
11.38,14.12,3.8148,58.7856,0.00000,0.03044
11.62,14.12,3.8069,63.2577,0.00000,0.02677
11.88,14.12,3.8108,67.5933,0.00000,0.02328
12.12,14.12,3.8287,71.2597,0.00000,0.02093
12.38,14.12,3.8367,74.0520,0.00000,0.01948
12.62,14.12,3.8153,75.0836,0.00000,0.01948
12.88,14.12,3.8155,75.7384,0.00000,0.02141
13.12,14.12,3.8236,77.7400,0.00000,0.02452
13.38,14.12,3.8194,80.4973,0.00000,0.02867
13.62,14.12,3.7799,82.0673,0.00000,0.03440
13.88,14.12,3.7326,82.2072,0.00000,0.04268
14.12,14.12,3.6340,80.3755,0.00000,0.05511
14.38,14.12,3.5409,75.7989,0.00000,0.06934
14.62,14.12,3.5000,72.8385,0.00000,0.08144
14.88,14.12,3.5142,73.4469,0.00000,0.08801
15.12,14.12,3.5002,77.3364,0.00000,0.08741
15.38,14.12,3.3114,83.4239,0.00000,0.07956
15.62,14.12,3.2855,92.1342,0.00000,0.06860
15.88,14.12,3.4275,100.8647,0.00000,0.05925
16.12,14.12,3.6214,103.6357,0.00000,0.04961
16.38,14.12,4.3971,102.1081,0.00000,0.04699
2.62,14.38,2.6444,11.8949,0.00000,0.15445
2.88,14.38,3.5883,10.7168,0.00000,0.22198
3.12,14.38,3.6431,10.2792,0.00000,0.26399
3.38,14.38,3.6795,9.7577,0.00000,0.29809
3.62,14.38,3.5691,9.5281,0.00000,0.25781
3.88,14.38,3.6287,9.1615,0.00000,0.21912
4.12,14.38,3.5757,9.4659,0.00000,0.19567
4.38,14.38,3.6339,10.0629,0.00000,0.18941
4.62,14.38,3.6079,11.3265,0.00000,0.17547
4.88,14.38,3.6455,12.7221,0.00000,0.16214
5.12,14.38,3.6615,14.6512,0.00000,0.15144
5.38,14.38,3.6910,17.2263,0.00000,0.14683
5.62,14.38,3.7047,20.3612,0.00000,0.12747
5.88,14.38,3.7268,24.1692,0.00000,0.10279
6.12,14.38,3.7674,28.5969,0.00000,0.08585
6.38,14.38,3.7413,32.4485,0.00000,0.07164
6.62,14.38,3.7459,35.1961,0.00000,0.05789
6.88,14.38,3.7458,37.4517,0.00000,0.04637
7.12,14.38,3.7494,40.6596,0.00000,0.03804
7.38,14.38,3.7444,44.1628,0.00000,0.03073
7.62,14.38,3.7345,45.3792,0.00000,0.02563
7.88,14.38,3.7256,43.0511,0.00000,0.02390
8.12,14.38,3.7168,39.5465,0.00000,0.02482
8.38,14.38,3.7238,37.9384,0.00000,0.02642
8.62,14.38,3.7597,37.9077,0.00000,0.02759
8.88,14.38,3.7922,38.3709,0.00000,0.02900
9.12,14.38,3.7782,38.9237,0.00000,0.03159
9.38,14.38,3.7874,39.5432,0.00000,0.03408
9.62,14.38,3.8184,40.2940,0.00000,0.03519
9.88,14.38,3.8098,41.1924,0.00000,0.03411
10.12,14.38,3.7889,42.9920,0.00000,0.03270
10.38,14.38,3.8068,45.9388,0.00000,0.03149
10.62,14.38,3.8364,49.4526,0.00000,0.03165
10.88,14.38,3.8322,52.8469,0.00000,0.03281
11.12,14.38,3.7976,56.0566,0.00000,0.03254
11.38,14.38,3.7796,59.2618,0.00000,0.02894
11.62,14.38,3.8038,62.4628,0.00000,0.02517
11.88,14.38,3.8003,65.0146,0.00000,0.02157
12.12,14.38,3.7821,66.8415,0.00000,0.01885
12.38,14.38,3.8001,68.1066,0.00000,0.01757
12.62,14.38,3.8214,68.9919,0.00000,0.01788
12.88,14.38,3.8233,70.6075,0.00000,0.01977
13.12,14.38,3.7920,73.0472,0.00000,0.02273
13.38,14.38,3.7814,75.7956,0.00000,0.02668
13.62,14.38,3.7796,78.5219,0.00000,0.03174
13.88,14.38,3.7625,81.0013,0.00000,0.03800
14.12,14.38,3.6774,80.8813,0.00000,0.04627
14.38,14.38,3.5996,77.8637,0.00000,0.05499
14.62,14.38,3.5902,77.1258,0.00000,0.06225
14.88,14.38,3.5432,80.2403,0.00000,0.06443
15.12,14.38,3.4808,84.7643,0.00000,0.06320
15.38,14.38,3.4405,90.4366,0.00000,0.06155
15.62,14.38,3.5758,98.6257,0.00000,0.05998
15.88,14.38,3.8190,107.7213,0.00000,0.05898
16.12,14.38,3.6858,112.3310,0.00000,0.04951
2.62,14.62,2.6546,12.9106,0.00000,0.15454
2.88,14.62,3.5956,10.9375,0.00000,0.22209
3.12,14.62,3.6554,9.8212,0.00000,0.26277
3.38,14.62,3.6809,8.9435,0.00000,0.29411
3.62,14.62,3.5700,8.4803,0.00000,0.25410
3.88,14.62,3.6199,8.1892,0.00000,0.21716
4.12,14.62,3.5712,8.6246,0.00000,0.19706
4.38,14.62,3.6189,9.3756,0.00000,0.19290
4.62,14.62,3.6015,10.6801,0.00000,0.17656
4.88,14.62,3.6238,12.2249,0.00000,0.15796
5.12,14.62,3.6476,14.3506,0.00000,0.14664
5.38,14.62,3.6630,17.1942,0.00000,0.14351
5.62,14.62,3.6848,20.4510,0.00000,0.12935
5.88,14.62,3.6794,23.8335,0.00000,0.10740
6.12,14.62,3.7252,27.3387,0.00000,0.09259
6.38,14.62,3.7135,30.2218,0.00000,0.07832
6.62,14.62,3.7169,32.3645,0.00000,0.06321
6.88,14.62,3.7608,34.5807,0.00000,0.05118
7.12,14.62,3.7794,37.8674,0.00000,0.04172
7.38,14.62,3.7849,41.4893,0.00000,0.03309
7.62,14.62,3.7841,43.2650,0.00000,0.02688
7.88,14.62,3.7697,41.9771,0.00000,0.02400
8.12,14.62,3.7519,39.3208,0.00000,0.02362
8.38,14.62,3.7617,37.8672,0.00000,0.02454
8.62,14.62,3.7780,37.6117,0.00000,0.02623
8.88,14.62,3.7812,37.6877,0.00000,0.02876
9.12,14.62,3.7904,37.8948,0.00000,0.03182
9.38,14.62,3.8080,38.7746,0.00000,0.03325
9.62,14.62,3.7986,40.4568,0.00000,0.03300
9.88,14.62,3.7985,42.1936,0.00000,0.03183
10.12,14.62,3.8228,44.1746,0.00000,0.03086
10.38,14.62,3.8302,46.9880,0.00000,0.03036
10.62,14.62,3.8010,50.1828,0.00000,0.03071
10.88,14.62,3.8008,53.2460,0.00000,0.03165
11.12,14.62,3.8198,56.0039,0.00000,0.03093
11.38,14.62,3.8018,58.1300,0.00000,0.02625
11.62,14.62,3.7636,59.5743,0.00000,0.02172
11.88,14.62,3.7479,60.4683,0.00000,0.01881
12.12,14.62,3.7772,61.5347,0.00000,0.01734
12.38,14.62,3.8175,63.4505,0.00000,0.01685
12.62,14.62,3.7938,65.3828,0.00000,0.01701
12.88,14.62,3.7783,67.5125,0.00000,0.01823
13.12,14.62,3.7774,69.6965,0.00000,0.02059
13.38,14.62,3.7751,72.4787,0.00000,0.02380
13.62,14.62,3.7320,75.9672,0.00000,0.02755
13.88,14.62,3.7217,79.6639,0.00000,0.03198
14.12,14.62,3.7145,81.3575,0.00000,0.03717
14.38,14.62,3.6442,82.3030,0.00000,0.04158
14.62,14.62,3.5641,85.9936,0.00000,0.04473
14.88,14.62,3.5757,90.5313,0.00000,0.04590
15.12,14.62,3.6862,89.8342,0.00000,0.04672
15.38,14.62,3.7472,88.9114,0.00000,0.04944
15.62,14.62,3.6945,97.9140,0.00000,0.05064
2.62,14.88,2.6507,12.8433,0.00000,0.15177
2.88,14.88,3.5978,10.4136,0.00000,0.21693
3.12,14.88,3.6511,8.8942,0.00000,0.25414
3.38,14.88,3.6612,7.9282,0.00000,0.28374
3.62,14.88,3.5535,7.4662,0.00000,0.24769
3.88,14.88,3.6177,7.4152,0.00000,0.21589
4.12,14.88,3.5737,8.0415,0.00000,0.20033
4.38,14.88,3.6258,8.8223,0.00000,0.19718
4.62,14.88,3.6071,10.0830,0.00000,0.17585
4.88,14.88,3.6203,11.7525,0.00000,0.15332
5.12,14.88,3.6268,14.0116,0.00000,0.14272
5.38,14.88,3.6458,16.8329,0.00000,0.14095
5.62,14.88,3.6661,19.9749,0.00000,0.13021
5.88,14.88,3.6763,22.8162,0.00000,0.11103
6.12,14.88,3.6858,25.4712,0.00000,0.09715
6.38,14.88,3.7248,27.9556,0.00000,0.08401
6.62,14.88,3.7453,30.1073,0.00000,0.06880
6.88,14.88,3.7613,32.3268,0.00000,0.05595
7.12,14.88,3.7545,35.3799,0.00000,0.04512
7.38,14.88,3.7498,38.7716,0.00000,0.03530
7.62,14.88,3.7580,40.9247,0.00000,0.02849
7.88,14.88,3.7561,40.5418,0.00000,0.02519
8.12,14.88,3.7493,38.4794,0.00000,0.02445
8.38,14.88,3.7569,36.9961,0.00000,0.02541
8.62,14.88,3.7757,36.4181,0.00000,0.02756
8.88,14.88,3.7967,36.1461,0.00000,0.03034
9.12,14.88,3.8032,36.6623,0.00000,0.03212
9.38,14.88,3.7915,38.2703,0.00000,0.03132
9.62,14.88,3.8022,40.4401,0.00000,0.03042
9.88,14.88,3.8278,42.4715,0.00000,0.03041
10.12,14.88,3.8200,44.7634,0.00000,0.03015
10.38,14.88,3.8035,47.5782,0.00000,0.03011
10.62,14.88,3.8027,50.2673,0.00000,0.03077
10.88,14.88,3.8069,52.5298,0.00000,0.03051
11.12,14.88,3.7861,54.4433,0.00000,0.02792
11.38,14.88,3.7691,55.6907,0.00000,0.02343
11.62,14.88,3.7774,56.2152,0.00000,0.02015
11.88,14.88,3.7894,56.7879,0.00000,0.01833
12.12,14.88,3.7716,58.1418,0.00000,0.01746
12.38,14.88,3.7661,60.4472,0.00000,0.01716
12.62,14.88,3.7707,62.5406,0.00000,0.01716
12.88,14.88,3.7700,65.1019,0.00000,0.01768
13.12,14.88,3.7153,67.8633,0.00000,0.01924
13.38,14.88,3.6897,70.8335,0.00000,0.02186
13.62,14.88,3.6939,74.4191,0.00000,0.02463
13.88,14.88,3.7092,79.5590,0.00000,0.02681
14.12,14.88,3.6757,84.7382,0.00000,0.02826
14.38,14.88,3.6601,89.9511,0.00000,0.02985
14.62,14.88,3.7351,97.3675,0.00000,0.03309
14.88,14.88,3.8160,102.4781,0.00000,0.03655
15.12,14.88,3.7324,93.2073,0.00000,0.03633
15.38,14.88,3.4134,77.5962,0.00000,0.03541
2.62,15.12,2.6268,11.7068,0.00000,0.14810
2.88,15.12,3.5796,9.2481,0.00000,0.21071
3.12,15.12,3.6255,7.6958,0.00000,0.24372
3.38,15.12,3.6346,7.0281,0.00000,0.27161
3.62,15.12,3.5261,6.8591,0.00000,0.23930
3.88,15.12,3.6013,6.9401,0.00000,0.21147
4.12,15.12,3.5580,7.5664,0.00000,0.19770
4.38,15.12,3.6379,8.4263,0.00000,0.19487
4.62,15.12,3.6099,9.7758,0.00000,0.17269
4.88,15.12,3.6324,11.4369,0.00000,0.15114
5.12,15.12,3.6162,13.5370,0.00000,0.14126
5.38,15.12,3.6466,15.8951,0.00000,0.13995
5.62,15.12,3.6443,18.5035,0.00000,0.13126
5.88,15.12,3.6731,20.9709,0.00000,0.11387
6.12,15.12,3.6692,23.5273,0.00000,0.10094
6.38,15.12,3.6927,26.0659,0.00000,0.08982
6.62,15.12,3.7141,28.3302,0.00000,0.07633
6.88,15.12,3.7372,30.6499,0.00000,0.06286
7.12,15.12,3.7527,33.4583,0.00000,0.05023
7.38,15.12,3.7505,36.3126,0.00000,0.03919
7.62,15.12,3.7542,38.4114,0.00000,0.03142
7.88,15.12,3.7595,38.8814,0.00000,0.02737
8.12,15.12,3.7643,37.6582,0.00000,0.02654
8.38,15.12,3.7823,36.2327,0.00000,0.02781
8.62,15.12,3.7971,35.4337,0.00000,0.02935
8.88,15.12,3.7821,35.3755,0.00000,0.03019
9.12,15.12,3.7838,36.3566,0.00000,0.03016
9.38,15.12,3.8040,38.0576,0.00000,0.02923
9.62,15.12,3.8160,40.0530,0.00000,0.02861
9.88,15.12,3.8024,42.0378,0.00000,0.02871
10.12,15.12,3.7979,44.3533,0.00000,0.02932
10.38,15.12,3.8065,47.0264,0.00000,0.02991
10.62,15.12,3.7875,49.4766,0.00000,0.02966
10.88,15.12,3.7576,50.9404,0.00000,0.02830
11.12,15.12,3.7634,51.9119,0.00000,0.02560
11.38,15.12,3.7909,53.0158,0.00000,0.02255
11.62,15.12,3.7778,53.9636,0.00000,0.02070
11.88,15.12,3.7412,54.5236,0.00000,0.01926
12.12,15.12,3.7369,55.4840,0.00000,0.01851
12.38,15.12,3.7638,57.8898,0.00000,0.01829
12.62,15.12,3.7439,60.9702,0.00000,0.01818
12.88,15.12,3.6907,64.4568,0.00000,0.01822
13.12,15.12,3.6651,67.8052,0.00000,0.01881
13.38,15.12,3.6831,71.7164,0.00000,0.02020
13.62,15.12,3.6638,77.0181,0.00000,0.02106
13.88,15.12,3.6776,83.4964,0.00000,0.02112
14.12,15.12,3.7813,90.2795,0.00000,0.02182
14.38,15.12,3.9505,97.2776,0.00000,0.02421
14.62,15.12,4.0413,107.8309,0.00000,0.02730
14.88,15.12,3.7330,117.4054,0.00000,0.02893
2.62,15.38,2.6053,10.7884,0.00000,0.14346
2.88,15.38,3.5570,8.3221,0.00000,0.20430
3.12,15.38,3.5979,6.8310,0.00000,0.23569
3.38,15.38,3.6230,6.5582,0.00000,0.26381
3.62,15.38,3.5127,6.7565,0.00000,0.23437
3.88,15.38,3.5885,6.8403,0.00000,0.20678
4.12,15.38,3.5313,7.3525,0.00000,0.19095
4.38,15.38,3.6113,8.1990,0.00000,0.18723
4.62,15.38,3.5703,9.5205,0.00000,0.16709
4.88,15.38,3.6272,11.0152,0.00000,0.15037
5.12,15.38,3.6139,12.8109,0.00000,0.14322
5.38,15.38,3.6516,14.7361,0.00000,0.14170
5.62,15.38,3.6313,16.8845,0.00000,0.13179
5.88,15.38,3.6390,19.0344,0.00000,0.11375
6.12,15.38,3.6617,21.5705,0.00000,0.10280
6.38,15.38,3.7005,24.1487,0.00000,0.09489
6.62,15.38,3.7198,26.5547,0.00000,0.08351
6.88,15.38,3.7267,29.2124,0.00000,0.06878
7.12,15.38,3.7358,32.0867,0.00000,0.05434
7.38,15.38,3.7418,34.5998,0.00000,0.04302
7.62,15.38,3.7397,36.4474,0.00000,0.03466
7.88,15.38,3.7432,37.3186,0.00000,0.02942
8.12,15.38,3.7616,36.8909,0.00000,0.02775
8.38,15.38,3.7756,36.0281,0.00000,0.02829
8.62,15.38,3.7729,35.5132,0.00000,0.02819
8.88,15.38,3.7754,35.5847,0.00000,0.02748
9.12,15.38,3.7908,36.3855,0.00000,0.02686
9.38,15.38,3.7777,37.7648,0.00000,0.02597
9.62,15.38,3.7836,39.4966,0.00000,0.02582
9.88,15.38,3.8036,41.1727,0.00000,0.02706
10.12,15.38,3.7993,43.2773,0.00000,0.02801
10.38,15.38,3.7670,45.8305,0.00000,0.02733
10.62,15.38,3.7569,48.0172,0.00000,0.02584
10.88,15.38,3.7750,48.9623,0.00000,0.02534
11.12,15.38,3.7814,49.8629,0.00000,0.02458
11.38,15.38,3.7403,51.2022,0.00000,0.02299
11.62,15.38,3.7199,52.1662,0.00000,0.02215
11.88,15.38,3.7351,52.4782,0.00000,0.02090
12.12,15.38,3.7251,53.7197,0.00000,0.01946
12.38,15.38,3.6836,56.8289,0.00000,0.01869
12.62,15.38,3.6833,60.9017,0.00000,0.01884
12.88,15.38,3.7109,65.7174,0.00000,0.01871
13.12,15.38,3.6920,70.8490,0.00000,0.01754
13.38,15.38,3.6408,75.2984,0.00000,0.01659
13.62,15.38,3.6942,80.3527,0.00000,0.01650
13.88,15.38,3.9421,86.2173,0.00000,0.01730
14.12,15.38,4.1859,93.7304,0.00000,0.01882
14.38,15.38,4.0526,102.4410,0.00000,0.02034
2.62,15.62,2.5923,10.6386,0.00000,0.13728
2.88,15.62,3.5447,8.1486,0.00000,0.19590
3.12,15.62,3.5863,6.7208,0.00000,0.22599
3.38,15.62,3.6235,6.5102,0.00000,0.25438
3.62,15.62,3.5085,6.7880,0.00000,0.22986
3.88,15.62,3.5719,6.8375,0.00000,0.20338
4.12,15.62,3.4972,7.2485,0.00000,0.18399
4.38,15.62,3.5676,7.8799,0.00000,0.17859
4.62,15.62,3.5274,8.9445,0.00000,0.16298
4.88,15.62,3.5973,10.3526,0.00000,0.15183
5.12,15.62,3.6067,11.9637,0.00000,0.14535
5.38,15.62,3.6487,13.5479,0.00000,0.14078
5.62,15.62,3.6487,15.3831,0.00000,0.13093
5.88,15.62,3.6604,17.3126,0.00000,0.11377
6.12,15.62,3.6721,19.7969,0.00000,0.10381
6.38,15.62,3.6882,22.4653,0.00000,0.09721
6.62,15.62,3.7052,24.9931,0.00000,0.08642
6.88,15.62,3.7205,27.8215,0.00000,0.07148
7.12,15.62,3.7314,30.6951,0.00000,0.05688
7.38,15.62,3.7490,33.0593,0.00000,0.04585
7.62,15.62,3.7465,34.8850,0.00000,0.03741
7.88,15.62,3.7433,36.0740,0.00000,0.03116
8.12,15.62,3.7501,36.3067,0.00000,0.02813
8.38,15.62,3.7579,35.9597,0.00000,0.02784
8.62,15.62,3.7643,35.5503,0.00000,0.02691
8.88,15.62,3.7663,35.4969,0.00000,0.02523
9.12,15.62,3.7567,36.0763,0.00000,0.02408
9.38,15.62,3.7617,37.2264,0.00000,0.02326
9.62,15.62,3.7917,38.7890,0.00000,0.02338
9.88,15.62,3.7823,40.3985,0.00000,0.02479
10.12,15.62,3.7598,42.3022,0.00000,0.02523
10.38,15.62,3.7704,44.4149,0.00000,0.02421
10.62,15.62,3.7887,46.3563,0.00000,0.02296
10.88,15.62,3.7542,47.3929,0.00000,0.02289
11.12,15.62,3.7351,48.2370,0.00000,0.02345
11.38,15.62,3.7355,49.3792,0.00000,0.02367
11.62,15.62,3.7269,50.6335,0.00000,0.02325
11.88,15.62,3.6762,51.5407,0.00000,0.02084
12.12,15.62,3.6600,53.8951,0.00000,0.01852
12.38,15.62,3.6887,58.2925,0.00000,0.01821
12.62,15.62,3.7136,63.6053,0.00000,0.01816
12.88,15.62,3.6935,69.6896,0.00000,0.01636
13.12,15.62,3.7113,75.3418,0.00000,0.01425
13.38,15.62,3.7523,75.4805,0.00000,0.01323
13.62,15.62,3.8287,74.8025,0.00000,0.01333
13.88,15.62,3.9966,80.3891,0.00000,0.01451
2.62,15.88,2.5900,10.0711,0.00000,0.12985
2.88,15.88,3.5406,8.0162,0.00000,0.18590
3.12,15.88,3.5808,6.9336,0.00000,0.21592
3.38,15.88,3.6183,6.5332,0.00000,0.24274
3.62,15.88,3.4907,6.5365,0.00000,0.21666
3.88,15.88,3.5311,6.4916,0.00000,0.18918
4.12,15.88,3.4553,6.8873,0.00000,0.17237
4.38,15.88,3.5265,7.4137,0.00000,0.17034
4.62,15.88,3.5011,8.2480,0.00000,0.16028
4.88,15.88,3.5611,9.5110,0.00000,0.15173
5.12,15.88,3.5882,11.0078,0.00000,0.14458
5.38,15.88,3.6358,12.4455,0.00000,0.13875
5.62,15.88,3.6412,14.0901,0.00000,0.13069
5.88,15.88,3.6641,15.9000,0.00000,0.11398
6.12,15.88,3.6873,18.4216,0.00000,0.10373
6.38,15.88,3.7109,21.2426,0.00000,0.09883
6.62,15.88,3.7232,23.7485,0.00000,0.08897
6.88,15.88,3.7297,26.2678,0.00000,0.07444
7.12,15.88,3.7163,28.7708,0.00000,0.05947
7.38,15.88,3.7195,30.9759,0.00000,0.04746
7.62,15.88,3.7076,32.8714,0.00000,0.03834
7.88,15.88,3.7006,34.3090,0.00000,0.03195
8.12,15.88,3.7206,35.0288,0.00000,0.02896
8.38,15.88,3.7470,35.2072,0.00000,0.02861
8.62,15.88,3.7483,35.0223,0.00000,0.02718
8.88,15.88,3.7500,34.9253,0.00000,0.02486
9.12,15.88,3.7613,35.5295,0.00000,0.02319
9.38,15.88,3.7623,36.9382,0.00000,0.02166
9.62,15.88,3.7522,38.5864,0.00000,0.02095
9.88,15.88,3.7602,40.0730,0.00000,0.02203
10.12,15.88,3.7771,41.6483,0.00000,0.02286
10.38,15.88,3.7585,43.2455,0.00000,0.02238
10.62,15.88,3.7327,44.6561,0.00000,0.02154
10.88,15.88,3.7266,45.5491,0.00000,0.02160
11.12,15.88,3.7409,46.5754,0.00000,0.02220
11.38,15.88,3.7053,48.2106,0.00000,0.02185
11.62,15.88,3.6729,50.2712,0.00000,0.02053
11.88,15.88,3.6753,52.2923,0.00000,0.01833
12.12,15.88,3.7005,56.4815,0.00000,0.01638
12.38,15.88,3.6929,62.5218,0.00000,0.01579
12.62,15.88,3.7185,68.3000,0.00000,0.01513
12.88,15.88,3.7884,73.6984,0.00000,0.01330
13.12,15.88,3.8758,77.5004,0.00000,0.01196
13.38,15.88,3.7606,71.2748,0.00000,0.01114
13.62,15.88,3.4348,60.7055,0.00000,0.01036
2.62,16.12,2.5932,9.7170,0.00000,0.12601
2.88,16.12,3.5346,7.7263,0.00000,0.17897
3.12,16.12,3.5660,6.6414,0.00000,0.20383
3.38,16.12,3.5963,6.0536,0.00000,0.22496
3.62,16.12,3.4635,5.8636,0.00000,0.19952
3.88,16.12,3.4992,5.8761,0.00000,0.17572
4.12,16.12,3.4212,6.3503,0.00000,0.16326
4.38,16.12,3.4801,6.8674,0.00000,0.16230
4.62,16.12,3.4771,7.6240,0.00000,0.15482
4.88,16.12,3.5424,8.6917,0.00000,0.14803
5.12,16.12,3.5596,10.0180,0.00000,0.14145
5.38,16.12,3.6073,11.4262,0.00000,0.13541
5.62,16.12,3.6309,13.0038,0.00000,0.12879
5.88,16.12,3.6623,14.7846,0.00000,0.11373
6.12,16.12,3.6777,17.3713,0.00000,0.10236
6.38,16.12,3.6889,20.2599,0.00000,0.09630
6.62,16.12,3.6858,22.6378,0.00000,0.08745
6.88,16.12,3.7072,24.8232,0.00000,0.07507
7.12,16.12,3.7217,27.0516,0.00000,0.06112
7.38,16.12,3.7304,29.0397,0.00000,0.04925
7.62,16.12,3.7111,30.6808,0.00000,0.04008
7.88,16.12,3.7046,32.1211,0.00000,0.03376
8.12,16.12,3.7081,33.2820,0.00000,0.03030
8.38,16.12,3.7214,34.0869,0.00000,0.02912
8.62,16.12,3.7444,34.2638,0.00000,0.02767
8.88,16.12,3.7715,34.4069,0.00000,0.02562
9.12,16.12,3.7660,35.2436,0.00000,0.02350
9.38,16.12,3.7475,36.7518,0.00000,0.02140
9.62,16.12,3.7586,38.2981,0.00000,0.02004
9.88,16.12,3.7630,39.7121,0.00000,0.02020
10.12,16.12,3.7263,40.8111,0.00000,0.02041
10.38,16.12,3.7130,41.6108,0.00000,0.02065
10.62,16.12,3.7332,42.8239,0.00000,0.02089
10.88,16.12,3.7137,44.5361,0.00000,0.02062
11.12,16.12,3.6733,46.1364,0.00000,0.02009
11.38,16.12,3.6716,47.8655,0.00000,0.01893
11.62,16.12,3.7075,50.3781,0.00000,0.01713
11.88,16.12,3.7018,54.1266,0.00000,0.01515
12.12,16.12,3.6629,59.4855,0.00000,0.01333
12.38,16.12,3.7073,64.4466,0.00000,0.01268
12.62,16.12,3.9047,68.7057,0.00000,0.01285
12.88,16.12,3.9838,74.5339,0.00000,0.01206
13.12,16.12,3.7067,79.9966,0.00000,0.01043
2.62,16.38,2.5795,9.3292,0.00000,0.12299
2.88,16.38,3.5093,7.1165,0.00000,0.17360
3.12,16.38,3.5423,5.8219,0.00000,0.19362
3.38,16.38,3.5728,5.2897,0.00000,0.21023
3.62,16.38,3.4343,5.1639,0.00000,0.18624
3.88,16.38,3.4789,5.2945,0.00000,0.16518
4.12,16.38,3.4080,5.8769,0.00000,0.15608
4.38,16.38,3.4675,6.4164,0.00000,0.15582
4.62,16.38,3.4713,7.0981,0.00000,0.14975
4.88,16.38,3.5334,7.9370,0.00000,0.14476
5.12,16.38,3.5384,9.0694,0.00000,0.14053
5.38,16.38,3.5747,10.4908,0.00000,0.13469
5.62,16.38,3.6024,12.1231,0.00000,0.12749
5.88,16.38,3.6357,13.9031,0.00000,0.11305
6.12,16.38,3.6527,16.3431,0.00000,0.10061
6.38,16.38,3.6767,19.1744,0.00000,0.09276
6.62,16.38,3.6885,21.6089,0.00000,0.08522
6.88,16.38,3.7087,23.7154,0.00000,0.07481
7.12,16.38,3.7191,25.8396,0.00000,0.06166
7.38,16.38,3.7236,27.6812,0.00000,0.05074
7.62,16.38,3.7043,29.1377,0.00000,0.04248
7.88,16.38,3.6965,30.4509,0.00000,0.03598
8.12,16.38,3.6922,31.7108,0.00000,0.03149
8.38,16.38,3.7087,33.0221,0.00000,0.02940
8.62,16.38,3.7263,33.7350,0.00000,0.02777
8.88,16.38,3.7418,34.0549,0.00000,0.02567
9.12,16.38,3.7528,34.7686,0.00000,0.02400
9.38,16.38,3.7490,36.1228,0.00000,0.02279
9.62,16.38,3.7206,37.5468,0.00000,0.02081
9.88,16.38,3.7024,38.6970,0.00000,0.01957
10.12,16.38,3.7158,39.2690,0.00000,0.01889
10.38,16.38,3.7152,40.0257,0.00000,0.01885
10.62,16.38,3.6794,41.9625,0.00000,0.01917
10.88,16.38,3.6768,44.6464,0.00000,0.01920
11.12,16.38,3.7140,47.0069,0.00000,0.01879
11.38,16.38,3.7203,49.3859,0.00000,0.01715
11.62,16.38,3.6626,51.3520,0.00000,0.01425
11.88,16.38,3.6723,53.9064,0.00000,0.01210
12.12,16.38,3.7092,56.2106,0.00000,0.01104
12.38,16.38,3.6823,57.2618,0.00000,0.01052
12.62,16.38,3.6733,61.2449,0.00000,0.01063
2.62,16.62,2.5780,8.5772,0.00000,0.12358
2.88,16.62,3.4984,6.3325,0.00000,0.17331
3.12,16.62,3.5220,4.9539,0.00000,0.18795
3.38,16.62,3.5460,4.6465,0.00000,0.19914
3.62,16.62,3.4028,4.7807,0.00000,0.17699
3.88,16.62,3.4586,4.9503,0.00000,0.15914
4.12,16.62,3.3892,5.5001,0.00000,0.15097
4.38,16.62,3.4364,6.0528,0.00000,0.15038
4.62,16.62,3.4312,6.6776,0.00000,0.14593
4.88,16.62,3.4931,7.3281,0.00000,0.14287
5.12,16.62,3.5154,8.2691,0.00000,0.14041
5.38,16.62,3.5566,9.6157,0.00000,0.13294
5.62,16.62,3.5753,11.2818,0.00000,0.12285
5.88,16.62,3.5985,13.0898,0.00000,0.10931
6.12,16.62,3.6185,15.3689,0.00000,0.09930
6.38,16.62,3.6452,18.0899,0.00000,0.09158
6.62,16.62,3.6653,20.5573,0.00000,0.08362
6.88,16.62,3.6778,22.7546,0.00000,0.07254
7.12,16.62,3.6898,25.0757,0.00000,0.05952
7.38,16.62,3.7046,26.9967,0.00000,0.04962
7.62,16.62,3.6947,28.3538,0.00000,0.04245
7.88,16.62,3.6953,29.5625,0.00000,0.03645
8.12,16.62,3.6932,30.9246,0.00000,0.03174
8.38,16.62,3.6953,32.4327,0.00000,0.02917
8.62,16.62,3.7101,33.1713,0.00000,0.02776
8.88,16.62,3.7296,33.1938,0.00000,0.02568
9.12,16.62,3.7168,33.6801,0.00000,0.02426
9.38,16.62,3.6979,35.0032,0.00000,0.02388
9.62,16.62,3.6969,36.3622,0.00000,0.02209
9.88,16.62,3.7026,37.5359,0.00000,0.02007
10.12,16.62,3.6933,38.5436,0.00000,0.01815
10.38,16.62,3.6740,39.8380,0.00000,0.01703
10.62,16.62,3.6948,42.0005,0.00000,0.01724
10.88,16.62,3.7307,45.0555,0.00000,0.01735
11.12,16.62,3.7070,48.7811,0.00000,0.01610
11.38,16.62,3.7231,51.8742,0.00000,0.01416
11.62,16.62,3.7401,50.7059,0.00000,0.01185
11.88,16.62,3.7157,48.3175,0.00000,0.01019
12.12,16.62,3.4742,46.5835,0.00000,0.00915
12.38,16.62,3.0537,43.4051,0.00000,0.00799
2.62,16.88,2.5573,8.0994,0.00000,0.11877
2.88,16.88,3.4713,5.8725,0.00000,0.16624
3.12,16.88,3.5092,4.4684,0.00000,0.17820
3.38,16.88,3.5440,4.1979,0.00000,0.18636
3.62,16.88,3.3897,4.4213,0.00000,0.16659
3.88,16.88,3.4323,4.6162,0.00000,0.15251
4.12,16.88,3.3559,5.1274,0.00000,0.14440
4.38,16.88,3.3934,5.7099,0.00000,0.14354
4.62,16.88,3.3765,6.3913,0.00000,0.14184
4.88,16.88,3.4349,6.9486,0.00000,0.14036
5.12,16.88,3.4757,7.7183,0.00000,0.13709
5.38,16.88,3.5303,8.9486,0.00000,0.12871
5.62,16.88,3.5529,10.5242,0.00000,0.11882
5.88,16.88,3.5683,12.2560,0.00000,0.10702
6.12,16.88,3.5895,14.3981,0.00000,0.09979
6.38,16.88,3.6254,16.9540,0.00000,0.09389
6.62,16.88,3.6613,19.3937,0.00000,0.08662
6.88,16.88,3.6594,21.7375,0.00000,0.07411
7.12,16.88,3.6601,24.1915,0.00000,0.05995
7.38,16.88,3.6860,26.1361,0.00000,0.04974
7.62,16.88,3.6809,27.3784,0.00000,0.04230
7.88,16.88,3.6564,28.4982,0.00000,0.03640
8.12,16.88,3.6564,29.8864,0.00000,0.03188
8.38,16.88,3.6752,31.3058,0.00000,0.02906
8.62,16.88,3.6824,32.0829,0.00000,0.02746
8.88,16.88,3.6686,32.1869,0.00000,0.02537
9.12,16.88,3.6684,32.8453,0.00000,0.02407
9.38,16.88,3.6924,34.3578,0.00000,0.02377
9.62,16.88,3.6811,35.8402,0.00000,0.02228
9.88,16.88,3.6491,37.1522,0.00000,0.02027
10.12,16.88,3.6740,38.6969,0.00000,0.01811
10.38,16.88,3.7079,40.7335,0.00000,0.01634
10.62,16.88,3.7090,43.5633,0.00000,0.01526
10.88,16.88,3.7300,46.6370,0.00000,0.01416
11.12,16.88,3.7760,50.3082,0.00000,0.01286
11.38,16.88,3.8691,52.6984,0.00000,0.01196
11.62,16.88,3.7736,47.6483,0.00000,0.01060
11.88,16.88,3.3667,39.0218,0.00000,0.00865
2.62,17.12,2.5610,8.2276,0.00000,0.11307
2.88,17.12,3.4761,5.7850,0.00000,0.15778
3.12,17.12,3.5054,4.2275,0.00000,0.16736
3.38,17.12,3.5276,3.8176,0.00000,0.17325
3.62,17.12,3.3856,3.9472,0.00000,0.15506
3.88,17.12,3.4291,4.1409,0.00000,0.14263
4.12,17.12,3.3302,4.6039,0.00000,0.13373
4.38,17.12,3.3461,5.1802,0.00000,0.13206
4.62,17.12,3.3063,5.9586,0.00000,0.13303
4.88,17.12,3.3707,6.5611,0.00000,0.13489
5.12,17.12,3.4383,7.2867,0.00000,0.13162
5.38,17.12,3.5015,8.4355,0.00000,0.12436
5.62,17.12,3.5399,9.8752,0.00000,0.11759
5.88,17.12,3.5514,11.5811,0.00000,0.10668
6.12,17.12,3.5587,13.7081,0.00000,0.09998
6.38,17.12,3.5814,16.0160,0.00000,0.09523
6.62,17.12,3.6178,18.2461,0.00000,0.08858
6.88,17.12,3.6283,20.4982,0.00000,0.07608
7.12,17.12,3.6446,22.8064,0.00000,0.06202
7.38,17.12,3.6624,24.7769,0.00000,0.05122
7.62,17.12,3.6572,26.1032,0.00000,0.04336
7.88,17.12,3.6512,27.3133,0.00000,0.03814
8.12,17.12,3.6603,28.8483,0.00000,0.03384
8.38,17.12,3.6423,30.2585,0.00000,0.02940
8.62,17.12,3.6333,31.2477,0.00000,0.02645
8.88,17.12,3.6540,32.0483,0.00000,0.02484
9.12,17.12,3.6706,33.5326,0.00000,0.02377
9.38,17.12,3.6529,35.0982,0.00000,0.02246
9.62,17.12,3.6528,36.1836,0.00000,0.02079
9.88,17.12,3.6798,37.1133,0.00000,0.01941
10.12,17.12,3.6896,38.8825,0.00000,0.01777
10.38,17.12,3.6499,41.4468,0.00000,0.01583
10.62,17.12,3.6969,44.4453,0.00000,0.01403
10.88,17.12,3.9057,46.9788,0.00000,0.01251
11.12,17.12,3.9926,50.5972,0.00000,0.01145
11.38,17.12,3.7282,54.0913,0.00000,0.01042
2.62,17.38,2.5453,8.3228,0.00000,0.10293
2.88,17.38,3.4637,5.6812,0.00000,0.14369
3.12,17.38,3.5015,3.9794,0.00000,0.15404
3.38,17.38,3.5352,3.4649,0.00000,0.16153
3.62,17.38,3.3867,3.4940,0.00000,0.14485
3.88,17.38,3.4106,3.6134,0.00000,0.13224
4.12,17.38,3.3136,3.9465,0.00000,0.12211
4.38,17.38,3.3495,4.4327,0.00000,0.11947
4.62,17.38,3.2929,5.2081,0.00000,0.11946
4.88,17.38,3.3266,5.8873,0.00000,0.12068
5.12,17.38,3.3905,6.7087,0.00000,0.11910
5.38,17.38,3.4687,7.9052,0.00000,0.11699
5.62,17.38,3.5235,9.2755,0.00000,0.11384
5.88,17.38,3.5264,10.9438,0.00000,0.10277
6.12,17.38,3.5330,13.0832,0.00000,0.09765
6.38,17.38,3.5556,15.2671,0.00000,0.09519
6.62,17.38,3.5864,17.3607,0.00000,0.08826
6.88,17.38,3.5942,19.4604,0.00000,0.07565
7.12,17.38,3.6046,21.4326,0.00000,0.06282
7.38,17.38,3.6292,23.3060,0.00000,0.05404
7.62,17.38,3.6520,24.9104,0.00000,0.04702
7.88,17.38,3.6447,26.4021,0.00000,0.04176
8.12,17.38,3.6305,28.0411,0.00000,0.03734
8.38,17.38,3.6263,29.5802,0.00000,0.03166
8.62,17.38,3.6305,31.0997,0.00000,0.02722
8.88,17.38,3.6269,32.6369,0.00000,0.02506
9.12,17.38,3.6429,34.5798,0.00000,0.02375
9.38,17.38,3.6652,36.1446,0.00000,0.02211
9.62,17.38,3.6781,37.2815,0.00000,0.01964
9.88,17.38,3.6444,37.6995,0.00000,0.01729
10.12,17.38,3.6589,38.4964,0.00000,0.01592
10.38,17.38,3.6841,39.0427,0.00000,0.01518
10.62,17.38,3.6760,39.5757,0.00000,0.01394
10.88,17.38,3.7197,42.1754,0.00000,0.01197
2.62,17.62,2.5620,7.8859,0.00000,0.09363
2.88,17.62,3.4858,5.3317,0.00000,0.13058
3.12,17.62,3.5044,3.6506,0.00000,0.14009
3.38,17.62,3.5303,3.0744,0.00000,0.14695
3.62,17.62,3.3908,3.0114,0.00000,0.13312
3.88,17.62,3.4369,3.1002,0.00000,0.12352
4.12,17.62,3.3363,3.3767,0.00000,0.11361
4.38,17.62,3.3634,3.8148,0.00000,0.11027
4.62,17.62,3.3214,4.5371,0.00000,0.10928
4.88,17.62,3.3458,5.1778,0.00000,0.10882
5.12,17.62,3.3753,6.0276,0.00000,0.10804
5.38,17.62,3.4211,7.2837,0.00000,0.10928
5.62,17.62,3.4501,8.6438,0.00000,0.10810
5.88,17.62,3.4687,10.2360,0.00000,0.09834
6.12,17.62,3.5118,12.3637,0.00000,0.09573
6.38,17.62,3.5260,14.5658,0.00000,0.09529
6.62,17.62,3.5324,16.5463,0.00000,0.08787
6.88,17.62,3.5562,18.4511,0.00000,0.07512
7.12,17.62,3.5878,20.1695,0.00000,0.06400
7.38,17.62,3.5995,21.9223,0.00000,0.05734
7.62,17.62,3.5985,23.6593,0.00000,0.04989
7.88,17.62,3.6052,25.4317,0.00000,0.04309
8.12,17.62,3.6214,27.4245,0.00000,0.03893
8.38,17.62,3.6182,29.3933,0.00000,0.03431
8.62,17.62,3.6046,31.1562,0.00000,0.03016
8.88,17.62,3.6285,32.5182,0.00000,0.02739
9.12,17.62,3.6644,34.5800,0.00000,0.02501
9.38,17.62,3.6501,37.1737,0.00000,0.02272
9.62,17.62,3.6704,38.7868,0.00000,0.02008
9.88,17.62,3.6893,37.0840,0.00000,0.01724
10.12,17.62,3.6891,34.6387,0.00000,0.01503
10.38,17.62,3.5029,32.6588,0.00000,0.01351
10.62,17.62,3.1190,30.0687,0.00000,0.01180
2.62,17.88,2.5113,7.8334,0.00000,0.08600
2.88,17.88,3.4328,5.1757,0.00000,0.11994
3.12,17.88,3.4848,3.3878,0.00000,0.12793
3.38,17.88,3.5473,2.7116,0.00000,0.13345
3.62,17.88,3.3995,2.5940,0.00000,0.12170
3.88,17.88,3.4393,2.7469,0.00000,0.11445
4.12,17.88,3.3416,3.0098,0.00000,0.10457
4.38,17.88,3.3795,3.2922,0.00000,0.10010
4.62,17.88,3.3626,3.8965,0.00000,0.10019
4.88,17.88,3.3781,4.5535,0.00000,0.10069
5.12,17.88,3.3647,5.4116,0.00000,0.10076
5.38,17.88,3.3882,6.6025,0.00000,0.10412
5.62,17.88,3.4158,7.9741,0.00000,0.10531
5.88,17.88,3.4387,9.5977,0.00000,0.09771
6.12,17.88,3.4751,11.6422,0.00000,0.09500
6.38,17.88,3.4991,13.7261,0.00000,0.09469
6.62,17.88,3.5256,15.6053,0.00000,0.08794
6.88,17.88,3.5372,17.5386,0.00000,0.07489
7.12,17.88,3.5382,19.1542,0.00000,0.06335
7.38,17.88,3.5518,20.6148,0.00000,0.05691
7.62,17.88,3.5725,22.3720,0.00000,0.04976
7.88,17.88,3.5819,24.7274,0.00000,0.04206
8.12,17.88,3.5790,27.0486,0.00000,0.03702
8.38,17.88,3.5958,28.7891,0.00000,0.03376
8.62,17.88,3.6265,30.2099,0.00000,0.03175
8.88,17.88,3.6383,31.8375,0.00000,0.02898
9.12,17.88,3.6481,34.5997,0.00000,0.02575
9.38,17.88,3.6886,37.6841,0.00000,0.02373
9.62,17.88,3.7835,38.7444,0.00000,0.02197
9.88,17.88,3.7119,34.4442,0.00000,0.01886
10.12,17.88,3.3575,27.8884,0.00000,0.01447
2.62,18.12,2.5092,8.9290,0.00000,0.07672
2.88,18.12,3.4242,5.4483,0.00000,0.10693
3.12,18.12,3.4378,3.2038,0.00000,0.11430
3.38,18.12,3.4713,2.4914,0.00000,0.12006
3.62,18.12,3.3491,2.3833,0.00000,0.10897
3.88,18.12,3.4271,2.4530,0.00000,0.10218
4.12,18.12,3.3411,2.6183,0.00000,0.09428
4.38,18.12,3.3693,2.7859,0.00000,0.08962
4.62,18.12,3.3445,3.2765,0.00000,0.08930
4.88,18.12,3.3742,3.9208,0.00000,0.09104
5.12,18.12,3.3827,4.7682,0.00000,0.09328
5.38,18.12,3.4012,5.9072,0.00000,0.09830
5.62,18.12,3.4061,7.2767,0.00000,0.10145
5.88,18.12,3.4230,8.8390,0.00000,0.09657
6.12,18.12,3.4677,10.7410,0.00000,0.09349
6.38,18.12,3.4946,12.8659,0.00000,0.09198
6.62,18.12,3.5025,14.8097,0.00000,0.08459
6.88,18.12,3.5027,16.6819,0.00000,0.07170
7.12,18.12,3.5222,18.2634,0.00000,0.06155
7.38,18.12,3.5397,19.8857,0.00000,0.05562
7.62,18.12,3.5340,21.7749,0.00000,0.04867
7.88,18.12,3.5454,24.0811,0.00000,0.04157
8.12,18.12,3.5730,26.2506,0.00000,0.03614
8.38,18.12,3.5809,28.1470,0.00000,0.03206
8.62,18.12,3.5647,29.2781,0.00000,0.02971
8.88,18.12,3.6060,30.5931,0.00000,0.02750
9.12,18.12,3.7847,33.3794,0.00000,0.02623
9.38,18.12,3.8766,36.8454,0.00000,0.02538
9.62,18.12,3.6441,38.6410,0.00000,0.02224
2.62,18.38,2.4778,9.7692,0.00000,0.07108
2.88,18.38,3.3862,5.7311,0.00000,0.09918
3.12,18.38,3.4168,3.1911,0.00000,0.10787
3.38,18.38,3.4534,2.3924,0.00000,0.11500
3.62,18.38,3.2905,2.2303,0.00000,0.10242
3.88,18.38,3.3451,2.1832,0.00000,0.09385
4.12,18.38,3.2966,2.2178,0.00000,0.08628
4.38,18.38,3.3536,2.3027,0.00000,0.08089
4.62,18.38,3.3200,2.7437,0.00000,0.08096
4.88,18.38,3.3276,3.4244,0.00000,0.08427
5.12,18.38,3.3357,4.2675,0.00000,0.08658
5.38,18.38,3.3695,5.2767,0.00000,0.09084
5.62,18.38,3.4101,6.4644,0.00000,0.09569
5.88,18.38,3.4401,7.9098,0.00000,0.09320
6.12,18.38,3.4738,9.7324,0.00000,0.08902
6.38,18.38,3.4955,11.7988,0.00000,0.08582
6.62,18.38,3.5085,13.6924,0.00000,0.07970
6.88,18.38,3.5007,15.6088,0.00000,0.06922
7.12,18.38,3.4941,17.4887,0.00000,0.06049
7.38,18.38,3.5034,19.4680,0.00000,0.05470
7.62,18.38,3.5348,21.4182,0.00000,0.04812
7.88,18.38,3.5452,23.7521,0.00000,0.04169
8.12,18.38,3.5172,25.9415,0.00000,0.03604
8.38,18.38,3.5224,27.5212,0.00000,0.03193
8.62,18.38,3.5423,27.1219,0.00000,0.02926
8.88,18.38,3.5254,26.6786,0.00000,0.02601
9.12,18.38,3.5963,29.3023,0.00000,0.02418
2.62,18.62,2.4671,9.2314,0.00000,0.06651
2.88,18.62,3.3649,5.4120,0.00000,0.09334
3.12,18.62,3.3817,3.0327,0.00000,0.10447
3.38,18.62,3.4047,2.2182,0.00000,0.11378
3.62,18.62,3.2383,1.9629,0.00000,0.10006
3.88,18.62,3.2899,1.7983,0.00000,0.08821
4.12,18.62,3.2337,1.7448,0.00000,0.07775
4.38,18.62,3.2876,1.8617,0.00000,0.07195
4.62,18.62,3.2770,2.3076,0.00000,0.07356
4.88,18.62,3.2990,2.9651,0.00000,0.07763
5.12,18.62,3.3237,3.8350,0.00000,0.08055
5.38,18.62,3.3644,4.9138,0.00000,0.08643
5.62,18.62,3.4157,6.0389,0.00000,0.09271
5.88,18.62,3.4401,7.2927,0.00000,0.08956
6.12,18.62,3.4730,8.7778,0.00000,0.08441
6.38,18.62,3.4889,10.5500,0.00000,0.08140
6.62,18.62,3.4867,12.3966,0.00000,0.07660
6.88,18.62,3.4708,14.3677,0.00000,0.06746
7.12,18.62,3.4890,16.4858,0.00000,0.06052
7.38,18.62,3.5034,19.0177,0.00000,0.05591
7.62,18.62,3.5089,21.6308,0.00000,0.04948
7.88,18.62,3.5294,24.1374,0.00000,0.04355
8.12,18.62,3.5467,24.8197,0.00000,0.03844
8.38,18.62,3.5240,24.1047,0.00000,0.03411
8.62,18.62,3.3462,22.4158,0.00000,0.02966
8.88,18.62,2.9895,20.2991,0.00000,0.02332
2.62,18.88,2.4619,10.2786,0.00000,0.06307
2.88,18.88,3.3568,5.6790,0.00000,0.08867
3.12,18.88,3.3682,2.7433,0.00000,0.09895
3.38,18.88,3.3902,1.8483,0.00000,0.10729
3.62,18.88,3.2215,1.6698,0.00000,0.09590
3.88,18.88,3.2625,1.5234,0.00000,0.08610
4.12,18.88,3.1881,1.4373,0.00000,0.07477
4.38,18.88,3.2454,1.5768,0.00000,0.06831
4.62,18.88,3.2822,1.9929,0.00000,0.06921
4.88,18.88,3.3270,2.6319,0.00000,0.07328
5.12,18.88,3.3526,3.5535,0.00000,0.07700
5.38,18.88,3.3691,4.6803,0.00000,0.08081
5.62,18.88,3.4093,5.8047,0.00000,0.08481
5.88,18.88,3.4466,7.0896,0.00000,0.08370
6.12,18.88,3.4843,8.4817,0.00000,0.08094
6.38,18.88,3.4607,9.9710,0.00000,0.07804
6.62,18.88,3.4531,11.6836,0.00000,0.07332
6.88,18.88,3.4695,13.8232,0.00000,0.06592
7.12,18.88,3.4882,16.4106,0.00000,0.06205
7.38,18.88,3.4878,19.4904,0.00000,0.06017
7.62,18.88,3.5401,22.2469,0.00000,0.05556
7.88,18.88,3.6328,24.0984,0.00000,0.04969
8.12,18.88,3.5857,22.6404,0.00000,0.04233
8.38,18.88,3.2370,18.9102,0.00000,0.03360
2.62,19.12,2.4417,11.4555,0.00000,0.05659
2.88,19.12,3.3368,6.0162,0.00000,0.08031
3.12,19.12,3.3621,2.4928,0.00000,0.09128
3.38,19.12,3.3978,1.5595,0.00000,0.09969
3.62,19.12,3.2055,1.5027,0.00000,0.08680
3.88,19.12,3.2386,1.4063,0.00000,0.07681
4.12,19.12,3.2034,1.3415,0.00000,0.07131
4.38,19.12,3.2866,1.5386,0.00000,0.06995
4.62,19.12,3.3275,1.9490,0.00000,0.06990
4.88,19.12,3.3460,2.5252,0.00000,0.07207
5.12,19.12,3.3922,3.3807,0.00000,0.07615
5.38,19.12,3.4305,4.5408,0.00000,0.07818
5.62,19.12,3.4642,5.8370,0.00000,0.07909
5.88,19.12,3.4559,7.2100,0.00000,0.07780
6.12,19.12,3.4795,8.6019,0.00000,0.07590
6.38,19.12,3.4655,10.0065,0.00000,0.07388
6.62,19.12,3.4598,11.9277,0.00000,0.07144
6.88,19.12,3.4354,14.3272,0.00000,0.06710
7.12,19.12,3.4791,16.6291,0.00000,0.06676
7.38,19.12,3.6343,19.3367,0.00000,0.06869
7.62,19.12,3.7457,22.1367,0.00000,0.06511
7.88,19.12,3.5449,24.0197,0.00000,0.05387
2.62,19.38,2.5370,8.8123,0.00000,0.05158
2.88,19.38,3.4507,4.7431,0.00000,0.07215
3.12,19.38,3.4115,2.0871,0.00000,0.07836
3.38,19.38,3.3830,1.4333,0.00000,0.08255
3.62,19.38,3.1906,1.4798,0.00000,0.07146
3.88,19.38,3.2793,1.4617,0.00000,0.06541
4.12,19.38,3.2528,1.4843,0.00000,0.06675
4.38,19.38,3.2773,1.7223,0.00000,0.07086
4.62,19.38,3.3258,2.1119,0.00000,0.07229
4.88,19.38,3.3737,2.6177,0.00000,0.07361
5.12,19.38,3.4357,3.4125,0.00000,0.07717
5.38,19.38,3.4129,4.6276,0.00000,0.07777
5.62,19.38,3.4438,6.0717,0.00000,0.07716
5.88,19.38,3.4698,7.4653,0.00000,0.07624
6.12,19.38,3.5079,8.9988,0.00000,0.07506
6.38,19.38,3.4474,10.6279,0.00000,0.07253
6.62,19.38,3.4565,12.5670,0.00000,0.07179
6.88,19.38,3.4533,14.2262,0.00000,0.07039
7.12,19.38,3.4462,15.0477,0.00000,0.06969
7.38,19.38,3.5143,17.0289,0.00000,0.06916
2.62,19.62,2.4543,4.6394,0.00000,0.04397
2.88,19.62,3.3662,2.8433,0.00000,0.06153
3.12,19.62,3.4276,1.6678,0.00000,0.06660
3.38,19.62,3.4814,1.3897,0.00000,0.07033
3.62,19.62,3.1983,1.4496,0.00000,0.06095
3.88,19.62,3.1886,1.4738,0.00000,0.05524
4.12,19.62,3.1573,1.5464,0.00000,0.05698
4.38,19.62,3.2241,1.8295,0.00000,0.06478
4.62,19.62,3.3010,2.3306,0.00000,0.07189
4.88,19.62,3.2873,2.8338,0.00000,0.07344
5.12,19.62,3.3678,3.5088,0.00000,0.07447
5.38,19.62,3.4004,4.6900,0.00000,0.07541
5.62,19.62,3.4488,6.4237,0.00000,0.07714
5.88,19.62,3.3973,8.2479,0.00000,0.07853
6.12,19.62,3.4433,9.8290,0.00000,0.08002
6.38,19.62,3.4704,10.9053,0.00000,0.07835
6.62,19.62,3.5245,11.8509,0.00000,0.07558
6.88,19.62,3.3323,12.4997,0.00000,0.06860
7.12,19.62,2.9527,11.8678,0.00000,0.05993
2.62,19.88,2.4667,2.0584,0.00000,0.03866
2.88,19.88,3.3545,1.6411,0.00000,0.05390
3.12,19.88,3.3099,1.4259,0.00000,0.05673
3.38,19.88,3.2707,1.3575,0.00000,0.05857
3.62,19.88,3.0476,1.3144,0.00000,0.05097
3.88,19.88,3.1161,1.2765,0.00000,0.04593
4.12,19.88,3.0250,1.3706,0.00000,0.04608
4.38,19.88,2.9851,1.7697,0.00000,0.05241
4.62,19.88,3.0878,2.4314,0.00000,0.06180
4.88,19.88,3.1647,2.9402,0.00000,0.06782
5.12,19.88,3.3118,3.5958,0.00000,0.07076
5.38,19.88,3.2802,4.9624,0.00000,0.07184
5.62,19.88,3.2887,6.9073,0.00000,0.07613
5.88,19.88,3.3042,8.6305,0.00000,0.08201
6.12,19.88,3.4822,9.5957,0.00000,0.08744
6.38,19.88,3.4389,9.7463,0.00000,0.08366
6.62,19.88,3.1686,9.4172,0.00000,0.07164
2.62,20.12,2.2254,1.2056,0.00000,0.03410
2.88,20.12,3.0552,1.2548,0.00000,0.04706
3.12,20.12,3.1261,1.3415,0.00000,0.04702
3.38,20.12,3.1712,1.2315,0.00000,0.04576
3.62,20.12,2.8182,1.1272,0.00000,0.03950
3.88,20.12,2.7331,1.1021,0.00000,0.03632
4.12,20.12,2.7265,1.2016,0.00000,0.03784
4.38,20.12,2.8417,1.5562,0.00000,0.04335
4.62,20.12,2.9815,2.2933,0.00000,0.05069
4.88,20.12,2.9432,3.0892,0.00000,0.05833
5.12,20.12,3.0213,3.8120,0.00000,0.06488
5.38,20.12,3.1010,4.8864,0.00000,0.06860
5.62,20.12,3.2233,6.1020,0.00000,0.07348
5.88,20.12,3.0807,7.0913,0.00000,0.07533
6.12,20.12,3.0205,7.8034,0.00000,0.07645
2.62,20.38,2.2095,0.7422,0.00000,0.03212
2.88,20.38,3.0074,0.9906,0.00000,0.04370
3.12,20.38,2.9775,1.1891,0.00000,0.04121
3.38,20.38,2.9370,1.0681,0.00000,0.03751
3.62,20.38,2.6609,0.9540,0.00000,0.03197
3.88,20.38,2.6690,0.9120,0.00000,0.03001
4.12,20.38,2.6740,1.1150,0.00000,0.03258
4.38,20.38,2.7210,1.6068,0.00000,0.03741
4.62,20.38,2.7918,2.3934,0.00000,0.04413
4.88,20.38,2.8312,3.2456,0.00000,0.05553
5.12,20.38,3.0493,3.6163,0.00000,0.06549
5.38,20.38,3.0529,3.9683,0.00000,0.06614
5.62,20.38,2.9167,4.3361,0.00000,0.06242
5.88,20.38,2.4647,4.6170,0.00000,0.05544
2.62,20.62,2.3732,0.5014,0.00000,0.03235
2.88,20.62,3.2110,0.8928,0.00000,0.04338
3.12,20.62,3.1143,1.1166,0.00000,0.03911
3.38,20.62,3.0235,0.9208,0.00000,0.03393
3.62,20.62,2.7841,0.7443,0.00000,0.02906
3.88,20.62,2.8138,0.7515,0.00000,0.02800
4.12,20.62,2.7118,1.1983,0.00000,0.03026
4.38,20.62,2.7353,1.9056,0.00000,0.03491
4.62,20.62,2.9305,2.4548,0.00000,0.04373
4.88,20.62,3.0565,2.8647,0.00000,0.05840
5.12,20.62,3.2623,2.8240,0.00000,0.06753
5.38,20.62,2.9110,2.6937,0.00000,0.05994
2.62,20.88,2.4016,0.4529,0.00000,0.02702
2.88,20.88,3.3019,0.8187,0.00000,0.03676
3.12,20.88,3.4078,0.9887,0.00000,0.03547
3.38,20.88,3.4848,0.8580,0.00000,0.03410
3.62,20.88,3.0686,0.7789,0.00000,0.03136
3.88,20.88,2.9214,0.8251,0.00000,0.03081
4.12,20.88,2.8385,1.2513,0.00000,0.03109
4.38,20.88,3.0262,1.8989,0.00000,0.03493
4.62,20.88,3.3658,2.1118,0.00000,0.04221
4.88,20.88,3.1586,2.0541,0.00000,0.05118
2.62,21.12,2.5329,0.3154,0.00000,0.02226
2.88,21.12,3.4624,0.5404,0.00000,0.03048
3.12,21.12,3.5033,0.7030,0.00000,0.03072
3.38,21.12,3.5308,0.9220,0.00000,0.03306
3.62,21.12,3.1536,1.2004,0.00000,0.03536
3.88,21.12,3.0787,1.1863,0.00000,0.03584
4.12,21.12,2.9067,1.2678,0.00000,0.03078
4.38,21.12,2.7914,1.7552,0.00000,0.02895
2.62,21.38,2.0748,0.1995,0.00000,0.01535
2.88,21.38,2.8922,0.3098,0.00000,0.02153
3.12,21.38,3.1474,0.4363,0.00000,0.02427
3.38,21.38,3.3946,0.8680,0.00000,0.03060
3.62,21.38,2.8448,1.4546,0.00000,0.03384
3.88,21.38,2.3963,1.4710,0.00000,0.03099
4.12,21.38,2.1673,1.2102,0.00000,0.02320
2.62,21.62,2.0625,0.1640,0.00000,0.01322
2.88,21.62,2.8132,0.2271,0.00000,0.01817
3.12,21.62,2.6889,0.2613,0.00000,0.01839
3.38,21.62,2.5685,0.5511,0.00000,0.02150
3.62,21.62,2.0163,1.1065,0.00000,0.02358
2.62,21.88,2.3147,0.1683,0.00000,0.01543
2.88,21.88,3.2791,0.2385,0.00000,0.02185
3.12,21.88,2.6964,0.2094,0.00000,0.01808
2.62,22.12,1.8333,0.1392,0.00000,0.01291
