x,y,rho,contact,casualty,pressure
2.62,0.12,0.3393,0.0005,0.00000,0.31216
2.88,0.12,0.6971,0.0022,0.00000,0.62516
3.12,0.12,1.0376,0.0069,0.00000,0.87803
3.38,0.12,1.1460,0.0176,0.00000,0.87840
3.62,0.12,1.1947,0.0261,0.00000,0.82812
3.88,0.12,1.2842,0.0196,0.00000,0.82894
4.12,0.12,1.2972,0.0104,0.00000,0.77503
4.38,0.12,1.2842,0.0061,0.00000,0.68945
4.62,0.12,1.3305,0.0050,0.00000,0.65597
4.88,0.12,1.3546,0.0054,0.00000,0.63855
5.12,0.12,1.3164,0.0057,0.00000,0.59933
5.38,0.12,1.3155,0.0037,0.00000,0.58910
5.62,0.12,1.3415,0.0016,0.00000,0.60526
5.88,0.12,1.3114,0.0008,0.00000,0.59277
6.12,0.12,1.3245,0.0010,0.00000,0.59247
6.38,0.12,1.3686,0.0090,0.00000,0.60476
6.62,0.12,1.3705,0.1928,0.00000,0.60992
6.88,0.12,1.3874,2.2603,0.00000,0.62605
7.12,0.12,1.1572,10.6170,0.00000,0.56270
7.38,0.12,0.6879,23.4918,0.00000,0.36241
2.62,0.38,0.5930,0.0011,0.00000,0.50405
2.88,0.38,1.1584,0.0043,0.00000,0.94431
3.12,0.38,1.5712,0.0107,0.00000,1.21797
3.38,0.38,1.5197,0.0212,0.00000,1.10783
3.62,0.38,1.4675,0.0295,0.00000,0.96819
3.88,0.38,1.5886,0.0242,0.00000,0.93814
4.12,0.38,1.5905,0.0158,0.00000,0.84840
4.38,0.38,1.5501,0.0097,0.00000,0.73306
4.62,0.38,1.6142,0.0066,0.00000,0.68664
4.88,0.38,1.6472,0.0046,0.00000,0.66257
5.12,0.38,1.6075,0.0033,0.00000,0.62419
5.38,0.38,1.6201,0.0025,0.00000,0.61746
5.62,0.38,1.6555,0.0022,0.00000,0.62905
5.88,0.38,1.6224,0.0019,0.00000,0.59535
6.12,0.38,1.6532,0.0024,0.00000,0.57373
6.38,0.38,1.6840,0.0102,0.00000,0.57415
6.62,0.38,1.6042,0.1670,0.00000,0.54305
6.88,0.38,1.7123,1.9360,0.00000,0.55859
7.12,0.38,1.6114,9.1064,0.00000,0.54537
7.38,0.38,1.0361,20.1647,0.00000,0.37226
2.62,0.62,0.6977,0.0014,0.00000,0.49287
2.88,0.62,1.3643,0.0049,0.00000,0.90488
3.12,0.62,1.7939,0.0106,0.00000,1.12541
3.38,0.62,1.6077,0.0180,0.00000,0.96848
3.62,0.62,1.5001,0.0239,0.00000,0.81359
3.88,0.62,1.6745,0.0202,0.00000,0.78845
4.12,0.62,1.6894,0.0143,0.00000,0.70738
4.38,0.62,1.6364,0.0085,0.00000,0.59975
4.62,0.62,1.6986,0.0048,0.00000,0.55330
4.88,0.62,1.7318,0.0028,0.00000,0.52714
5.12,0.62,1.7053,0.0026,0.00000,0.49747
5.38,0.62,1.7214,0.0036,0.00000,0.49299
5.62,0.62,1.7615,0.0044,0.00000,0.49514
5.88,0.62,1.7377,0.0049,0.00000,0.45273
6.12,0.62,1.7834,0.0049,0.00000,0.42190
6.38,0.62,1.8105,0.0089,0.00000,0.41789
6.62,0.62,1.6086,0.1023,0.00000,0.37266
6.88,0.62,1.7797,1.1744,0.00000,0.38258
7.12,0.62,1.9207,5.5313,0.00000,0.40154
7.38,0.62,1.3432,12.2551,0.00000,0.28545
2.62,0.88,0.6444,0.0007,0.00000,0.30316
2.88,0.88,1.2547,0.0025,0.00000,0.56656
3.12,0.88,1.6336,0.0051,0.00000,0.71316
3.38,0.88,1.4794,0.0081,0.00000,0.61797
3.62,0.88,1.4620,0.0109,0.00000,0.53639
3.88,0.88,1.6657,0.0099,0.00000,0.53690
4.12,0.88,1.6954,0.0074,0.00000,0.49001
4.38,0.88,1.6759,0.0048,0.00000,0.42097
4.62,0.88,1.7321,0.0035,0.00000,0.38474
4.88,0.88,1.7662,0.0040,0.00000,0.35924
5.12,0.88,1.7724,0.0081,0.00000,0.34120
5.38,0.88,1.7712,0.0120,0.00000,0.33519
5.62,0.88,1.8132,0.0105,0.00000,0.33126
5.88,0.88,1.8209,0.0089,0.00000,0.30219
6.12,0.88,1.8728,0.0074,0.00000,0.27885
6.38,0.88,1.9432,0.0065,0.00000,0.27926
6.62,0.88,1.6439,0.0376,0.00000,0.24023
6.88,0.88,1.7745,0.4171,0.00000,0.24185
7.12,0.88,2.1102,1.9603,0.00000,0.26707
7.38,0.88,1.5743,4.3401,0.00000,0.19510
2.62,1.12,0.7494,0.0001,0.00000,0.18431
2.88,1.12,1.3677,0.0005,0.00000,0.34991
3.12,1.12,1.6998,0.0011,0.00000,0.44983
3.38,1.12,1.6090,0.0019,0.00000,0.40863
3.62,1.12,1.6962,0.0036,0.00000,0.38041
3.88,1.12,1.8559,0.0049,0.00000,0.38754
4.12,1.12,1.8598,0.0048,0.00000,0.36059
4.38,1.12,1.8821,0.0042,0.00000,0.32238
4.62,1.12,1.9302,0.0054,0.00000,0.29384
4.88,1.12,1.9612,0.0092,0.00000,0.26989
5.12,1.12,1.9971,0.0174,0.00000,0.25976
5.38,1.12,1.9666,0.0214,0.00000,0.25082
5.62,1.12,2.0097,0.0145,0.00000,0.24421
5.88,1.12,2.0531,0.0107,0.00000,0.23007
6.12,1.12,2.0412,0.0104,0.00000,0.21278
6.38,1.12,2.1380,0.0065,0.00000,0.21593
6.62,1.12,1.8490,0.0082,0.00000,0.18670
6.88,1.12,1.9327,0.0738,0.00000,0.18439
7.12,1.12,2.3424,0.3426,0.00000,0.20827
7.38,1.12,1.7912,0.7554,0.00000,0.15498
2.62,1.38,1.0230,0.0000,0.00000,0.14900
2.88,1.38,1.6927,0.0001,0.00000,0.26543
3.12,1.38,1.9016,0.0002,0.00000,0.32096
3.38,1.38,1.7944,0.0010,0.00000,0.29265
3.62,1.38,1.9427,0.0027,0.00000,0.28671
3.88,1.38,2.0101,0.0047,0.00000,0.29121
4.12,1.38,1.9855,0.0053,0.00000,0.27486
4.38,1.38,2.0425,0.0049,0.00000,0.25576
4.62,1.38,2.0671,0.0067,0.00000,0.23455
4.88,1.38,2.0782,0.0117,0.00000,0.21416
5.12,1.38,2.1354,0.0179,0.00000,0.20763
5.38,1.38,2.1000,0.0173,0.00000,0.19760
5.62,1.38,2.1426,0.0105,0.00000,0.18909
5.88,1.38,2.2294,0.0101,0.00000,0.18396
6.12,1.38,2.0942,0.0128,0.00000,0.16775
6.38,1.38,2.1644,0.0076,0.00000,0.16826
6.62,1.38,2.0181,0.0024,0.00000,0.15073
6.88,1.38,2.0959,0.0059,0.00000,0.14808
7.12,1.38,2.4759,0.0259,0.00000,0.16601
7.38,1.38,1.8957,0.0563,0.00000,0.12422
2.62,1.62,1.3101,0.0000,0.00000,0.13592
2.88,1.62,1.9479,0.0000,0.00000,0.21657
3.12,1.62,1.9040,0.0003,0.00000,0.23030
3.38,1.62,1.7907,0.0015,0.00000,0.20742
3.62,1.62,2.0739,0.0042,0.00000,0.21875
3.88,1.62,2.0809,0.0063,0.00000,0.22039
4.12,1.62,2.0539,0.0057,0.00000,0.21110
4.38,1.62,2.1239,0.0049,0.00000,0.20633
4.62,1.62,2.1221,0.0055,0.00000,0.19355
4.88,1.62,2.1221,0.0073,0.00000,0.17709
5.12,1.62,2.2080,0.0092,0.00000,0.17327
5.38,1.62,2.2155,0.0088,0.00000,0.16621
5.62,1.62,2.2305,0.0079,0.00000,0.15626
5.88,1.62,2.3432,0.0097,0.00000,0.15492
6.12,1.62,2.1162,0.0113,0.00000,0.13748
6.38,1.62,2.1674,0.0067,0.00000,0.13324
6.62,1.62,2.2193,0.0021,0.00000,0.12734
6.88,1.62,2.2879,0.0007,0.00000,0.12596
7.12,1.62,2.5730,0.0009,0.00000,0.13542
7.38,1.62,1.9521,0.0017,0.00000,0.10006
2.62,1.88,1.6089,0.0000,0.00000,0.12375
2.88,1.88,2.1966,0.0001,0.00000,0.18093
3.12,1.88,1.8810,0.0005,0.00000,0.17142
3.38,1.88,1.7906,0.0019,0.00000,0.15432
3.62,1.88,2.2403,0.0052,0.00000,0.17361
3.88,1.88,2.2204,0.0075,0.00000,0.17241
4.12,1.88,2.1958,0.0057,0.00000,0.16669
4.38,1.88,2.2198,0.0040,0.00000,0.16620
4.62,1.88,2.1983,0.0034,0.00000,0.15959
4.88,1.88,2.2165,0.0037,0.00000,0.15003
5.12,1.88,2.3218,0.0061,0.00000,0.14950
5.38,1.88,2.3994,0.0130,0.00000,0.14815
5.62,1.88,2.3530,0.0213,0.00000,0.14005
5.88,1.88,2.4390,0.0230,0.00000,0.14199
6.12,1.88,2.1707,0.0204,0.00000,0.12556
6.38,1.88,2.2115,0.0120,0.00000,0.11552
6.62,1.88,2.4304,0.0052,0.00000,0.11472
6.88,1.88,2.5062,0.0024,0.00000,0.11331
7.12,1.88,2.7135,0.0019,0.00000,0.11580
7.38,1.88,2.0399,0.0029,0.00000,0.08398
2.62,2.12,1.8049,0.0002,0.00000,0.10557
2.88,2.12,2.3650,0.0007,0.00000,0.14640
3.12,2.12,1.8938,0.0019,0.00000,0.12825
3.38,2.12,1.8300,0.0034,0.00000,0.11696
3.62,2.12,2.3581,0.0050,0.00000,0.13728
3.88,2.12,2.3378,0.0054,0.00000,0.13439
4.12,2.12,2.3380,0.0036,0.00000,0.13069
4.38,2.12,2.2687,0.0022,0.00000,0.12765
4.62,2.12,2.2513,0.0026,0.00000,0.12478
4.88,2.12,2.3163,0.0066,0.00000,0.12199
5.12,2.12,2.4004,0.0138,0.00000,0.12179
5.38,2.12,2.5383,0.0263,0.00000,0.12430
5.62,2.12,2.4379,0.0408,0.00000,0.11951
5.88,2.12,2.4758,0.0411,0.00000,0.12463
6.12,2.12,2.2053,0.0330,0.00000,0.11384
6.38,2.12,2.2317,0.0186,0.00000,0.10152
6.62,2.12,2.5585,0.0090,0.00000,0.10081
6.88,2.12,2.6504,0.0124,0.00000,0.09783
7.12,2.12,2.8069,0.0423,0.00000,0.09805
7.38,2.12,2.0976,0.0908,0.00000,0.07130
2.62,2.38,1.8920,0.0018,0.00000,0.09209
2.88,2.38,2.4394,0.0060,0.00000,0.12251
3.12,2.38,1.9165,0.0105,0.00000,0.10038
3.38,2.38,1.8782,0.0101,0.00000,0.09310
3.62,2.38,2.4118,0.0083,0.00000,0.11291
3.88,2.38,2.4189,0.0068,0.00000,0.10743
4.12,2.38,2.4657,0.0037,0.00000,0.10236
4.38,2.38,2.2925,0.0016,0.00000,0.09656
4.62,2.38,2.2894,0.0035,0.00000,0.09657
4.88,2.38,2.4140,0.0116,0.00000,0.09848
5.12,2.38,2.4660,0.0216,0.00000,0.09879
5.38,2.38,2.6435,0.0326,0.00000,0.10287
5.62,2.38,2.5031,0.0440,0.00000,0.09713
5.88,2.38,2.4951,0.0377,0.00000,0.09885
6.12,2.38,2.2472,0.0240,0.00000,0.09163
6.38,2.38,2.2814,0.0121,0.00000,0.08510
6.62,2.38,2.6856,0.0138,0.00000,0.08903
6.88,2.38,2.7660,0.1073,0.00000,0.08668
7.12,2.38,2.8623,0.4955,0.00000,0.08703
7.38,2.38,2.1255,1.0954,0.00000,0.06397
2.62,2.62,1.9897,0.0093,0.00000,0.08217
2.88,2.62,2.5534,0.0306,0.00000,0.10727
3.12,2.62,2.0126,0.0486,0.00000,0.08499
3.38,2.62,1.9770,0.0349,0.00000,0.07827
3.62,2.62,2.4751,0.0216,0.00000,0.09471
3.88,2.62,2.5093,0.0196,0.00000,0.08824
4.12,2.62,2.6014,0.0109,0.00000,0.08291
4.38,2.62,2.3486,0.0033,0.00000,0.07671
4.62,2.62,2.3416,0.0041,0.00000,0.07832
4.88,2.62,2.4953,0.0113,0.00000,0.08226
5.12,2.62,2.5324,0.0195,0.00000,0.08370
5.38,2.62,2.7343,0.0291,0.00000,0.08847
5.62,2.62,2.5677,0.0369,0.00000,0.08082
5.88,2.62,2.5311,0.0258,0.00000,0.07747
6.12,2.62,2.3123,0.0108,0.00000,0.07068
6.38,2.62,2.3592,0.0049,0.00000,0.06900
6.62,2.62,2.8152,0.0397,0.00000,0.07679
6.88,2.62,2.8826,0.4679,0.00000,0.07567
7.12,2.62,2.9351,2.2107,0.00000,0.07578
7.38,2.62,2.1701,4.9019,0.00000,0.05580
2.62,2.88,2.0489,0.0233,0.00000,0.06985
2.88,2.88,2.6389,0.0774,0.00000,0.09168
3.12,2.88,2.1325,0.1216,0.00000,0.07401
3.38,2.88,2.0931,0.0805,0.00000,0.06810
3.62,2.88,2.4934,0.0387,0.00000,0.07961
3.88,2.88,2.5452,0.0310,0.00000,0.07392
4.12,2.88,2.6908,0.0169,0.00000,0.07054
4.38,2.88,2.4213,0.0050,0.00000,0.06547
4.62,2.88,2.4060,0.0050,0.00000,0.06715
4.88,2.88,2.5299,0.0101,0.00000,0.06990
5.12,2.88,2.5558,0.0144,0.00000,0.06994
5.38,2.88,2.7742,0.0197,0.00000,0.07384
5.62,2.88,2.6146,0.0240,0.00000,0.06807
5.88,2.88,2.5756,0.0180,0.00000,0.06543
6.12,2.88,2.3907,0.0089,0.00000,0.05988
6.38,2.88,2.4396,0.0055,0.00000,0.05837
6.62,2.88,2.9101,0.0657,0.00000,0.06564
6.88,2.88,2.9714,0.7726,0.00000,0.06483
7.12,2.88,3.0042,3.6442,0.00000,0.06451
7.38,2.88,2.2166,8.0806,0.00000,0.04740
2.62,3.12,2.0717,0.0278,0.00000,0.05795
2.88,3.12,2.6917,0.0926,0.00000,0.07684
3.12,3.12,2.2679,0.1452,0.00000,0.06431
3.38,3.12,2.2284,0.0929,0.00000,0.06010
3.62,3.12,2.4730,0.0347,0.00000,0.06751
3.88,3.12,2.5291,0.0206,0.00000,0.06302
4.12,3.12,2.7381,0.0107,0.00000,0.06203
4.38,3.12,2.5156,0.0050,0.00000,0.05850
4.62,3.12,2.5000,0.0075,0.00000,0.05875
4.88,3.12,2.5565,0.0105,0.00000,0.05867
5.12,3.12,2.5723,0.0109,0.00000,0.05743
5.38,3.12,2.7939,0.0138,0.00000,0.06106
5.62,3.12,2.6553,0.0189,0.00000,0.05815
5.88,3.12,2.6212,0.0179,0.00000,0.05730
6.12,3.12,2.4815,0.0122,0.00000,0.05366
6.38,3.12,2.5316,0.0117,0.00000,0.05241
6.62,3.12,2.9824,0.0643,0.00000,0.05892
6.88,3.12,3.0276,0.5083,0.00000,0.05888
7.12,3.12,3.0447,2.2370,0.00000,0.05892
7.38,3.12,2.2420,4.9107,0.00000,0.04329
2.62,3.38,2.1109,0.0145,0.00000,0.04706
2.88,3.38,2.7712,0.0485,0.00000,0.06228
3.12,3.38,2.4377,0.0759,0.00000,0.05299
3.38,3.38,2.3940,0.0476,0.00000,0.04990
3.62,3.38,2.4680,0.0149,0.00000,0.05405
3.88,3.38,2.5068,0.0059,0.00000,0.05216
4.12,3.38,2.7509,0.0033,0.00000,0.05431
4.38,3.38,2.5995,0.0049,0.00000,0.05277
4.62,3.38,2.5931,0.0091,0.00000,0.05242
4.88,3.38,2.5922,0.0106,0.00000,0.05066
5.12,3.38,2.6121,0.0106,0.00000,0.04891
5.38,3.38,2.8027,0.0139,0.00000,0.05145
5.62,3.38,2.6850,0.0191,0.00000,0.04955
5.88,3.38,2.6696,0.0166,0.00000,0.04862
6.12,3.38,2.5945,0.0124,0.00000,0.04605
6.38,3.38,2.6311,0.0297,0.00000,0.04569
6.62,3.38,3.0246,0.1208,0.00000,0.05200
6.88,3.38,3.0542,0.2915,0.00000,0.05418
7.12,3.38,3.0681,0.6268,0.00000,0.05613
7.38,3.38,2.2573,1.1607,0.00000,0.04154
2.62,3.62,2.1402,0.0031,0.00000,0.03954
2.88,3.62,2.8385,0.0102,0.00000,0.05218
3.12,3.62,2.5960,0.0160,0.00000,0.04480
3.38,3.62,2.5559,0.0100,0.00000,0.04131
3.62,3.62,2.4874,0.0028,0.00000,0.04248
3.88,3.62,2.5070,0.0009,0.00000,0.04309
4.12,3.62,2.7466,0.0013,0.00000,0.04699
4.38,3.62,2.6568,0.0050,0.00000,0.04574
4.62,3.62,2.6673,0.0094,0.00000,0.04573
4.88,3.62,2.6441,0.0108,0.00000,0.04553
5.12,3.62,2.6788,0.0113,0.00000,0.04496
5.38,3.62,2.8091,0.0110,0.00000,0.04515
5.62,3.62,2.7205,0.0112,0.00000,0.04252
5.88,3.62,2.7257,0.0094,0.00000,0.04154
6.12,3.62,2.7244,0.0102,0.00000,0.04032
6.38,3.62,2.7488,0.0449,0.00000,0.04055
6.62,3.62,3.0752,0.1873,0.00000,0.04586
6.88,3.62,3.0853,0.3443,0.00000,0.04845
7.12,3.62,3.0976,0.3933,0.00000,0.05088
7.38,3.62,2.2784,0.4977,0.00000,0.03775
2.62,3.88,2.1690,0.0006,0.00000,0.03560
2.88,3.88,2.9007,0.0021,0.00000,0.04711
3.12,3.88,2.7330,0.0033,0.00000,0.04092
3.38,3.88,2.6984,0.0020,0.00000,0.03663
3.62,3.88,2.5346,0.0006,0.00000,0.03544
3.88,3.88,2.5448,0.0003,0.00000,0.03697
4.12,3.88,2.7423,0.0016,0.00000,0.04091
4.38,3.88,2.6943,0.0062,0.00000,0.03933
4.62,3.88,2.7178,0.0107,0.00000,0.03916
4.88,3.88,2.7023,0.0107,0.00000,0.04079
5.12,3.88,2.7629,0.0098,0.00000,0.04273
5.38,3.88,2.8326,0.0063,0.00000,0.04194
5.62,3.88,2.7899,0.0035,0.00000,0.03863
5.88,3.88,2.8040,0.0030,0.00000,0.03718
6.12,3.88,2.8603,0.0053,0.00000,0.03678
6.38,3.88,2.8795,0.0282,0.00000,0.03739
6.62,3.88,3.1514,0.1251,0.00000,0.04132
6.88,3.88,3.1321,0.3323,0.00000,0.04144
7.12,3.88,3.1320,0.8201,0.00000,0.04168
7.38,3.88,2.3025,1.5926,0.00000,0.03060
2.62,4.12,2.1929,0.0047,0.00000,0.03174
2.88,4.12,2.9521,0.0158,0.00000,0.04218
3.12,4.12,2.8476,0.0247,0.00000,0.03762
3.38,4.12,2.8272,0.0153,0.00000,0.03385
3.62,4.12,2.6083,0.0044,0.00000,0.03096
3.88,4.12,2.6086,0.0018,0.00000,0.03170
4.12,4.12,2.7321,0.0032,0.00000,0.03489
4.38,4.12,2.7093,0.0083,0.00000,0.03418
4.62,4.12,2.7408,0.0121,0.00000,0.03405
4.88,4.12,2.7454,0.0104,0.00000,0.03579
5.12,4.12,2.8383,0.0083,0.00000,0.03881
5.38,4.12,2.8653,0.0044,0.00000,0.03842
5.62,4.12,2.8824,0.0012,0.00000,0.03590
5.88,4.12,2.8983,0.0006,0.00000,0.03416
6.12,4.12,2.9901,0.0014,0.00000,0.03381
6.38,4.12,2.9938,0.0077,0.00000,0.03395
6.62,4.12,3.2237,0.0466,0.00000,0.03669
6.88,4.12,3.1855,0.2858,0.00000,0.03563
7.12,4.12,3.1767,1.1812,0.00000,0.03486
7.38,4.12,2.3349,2.5692,0.00000,0.02546
2.62,4.38,2.2144,0.0212,0.00000,0.02821
2.88,4.38,2.9969,0.0706,0.00000,0.03788
3.12,4.38,2.9459,0.1110,0.00000,0.03516
3.38,4.38,2.9463,0.0714,0.00000,0.03247
3.62,4.38,2.7005,0.0243,0.00000,0.02870
3.88,4.38,2.6869,0.0096,0.00000,0.02843
4.12,4.38,2.7155,0.0066,0.00000,0.03040
4.38,4.38,2.7093,0.0101,0.00000,0.03040
4.62,4.38,2.7489,0.0124,0.00000,0.03009
4.88,4.38,2.7726,0.0086,0.00000,0.03041
5.12,4.38,2.9058,0.0050,0.00000,0.03233
5.38,4.38,2.9156,0.0023,0.00000,0.03258
5.62,4.38,2.9844,0.0006,0.00000,0.03200
5.88,4.38,2.9840,0.0003,0.00000,0.03099
6.12,4.38,3.0963,0.0008,0.00000,0.03121
6.38,4.38,3.0845,0.0024,0.00000,0.03084
6.62,4.38,3.2833,0.0164,0.00000,0.03277
6.88,4.38,3.2350,0.1532,0.00000,0.03202
7.12,4.38,3.2199,0.7040,0.00000,0.03159
7.38,4.38,2.3653,1.5551,0.00000,0.02313
2.62,4.62,2.2412,0.0349,0.00000,0.02481
2.88,4.62,3.0440,0.1167,0.00000,0.03372
3.12,4.62,3.0281,0.1862,0.00000,0.03249
3.38,4.62,3.0453,0.1309,0.00000,0.03096
3.62,4.62,2.8023,0.0612,0.00000,0.02748
3.88,4.62,2.7814,0.0280,0.00000,0.02688
4.12,4.62,2.7036,0.0099,0.00000,0.02786
4.38,4.62,2.6993,0.0066,0.00000,0.02812
4.62,4.62,2.7350,0.0069,0.00000,0.02699
4.88,4.62,2.7751,0.0040,0.00000,0.02598
5.12,4.62,2.9648,0.0015,0.00000,0.02686
5.38,4.62,2.9758,0.0006,0.00000,0.02708
5.62,4.62,3.0822,0.0004,0.00000,0.02774
5.88,4.62,3.0650,0.0012,0.00000,0.02812
6.12,4.62,3.1934,0.0023,0.00000,0.02964
6.38,4.62,3.1649,0.0031,0.00000,0.02902
6.62,4.62,3.3326,0.0064,0.00000,0.03008
6.88,4.62,3.2737,0.0369,0.00000,0.02928
7.12,4.62,3.2537,0.1602,0.00000,0.02891
7.38,4.62,2.3892,0.3497,0.00000,0.02117
2.62,4.88,2.2515,0.0212,0.00000,0.02186
2.88,4.88,3.0687,0.0713,0.00000,0.02968
3.12,4.88,3.0895,0.1181,0.00000,0.02864
3.38,4.88,3.1350,0.1010,0.00000,0.02752
3.62,4.88,2.9108,0.0720,0.00000,0.02490
3.88,4.88,2.8857,0.0378,0.00000,0.02431
4.12,4.88,2.7076,0.0099,0.00000,0.02496
4.38,4.88,2.6918,0.0023,0.00000,0.02609
4.62,4.88,2.7090,0.0015,0.00000,0.02461
4.88,4.88,2.7601,0.0008,0.00000,0.02326
5.12,4.88,3.0110,0.0002,0.00000,0.02407
5.38,4.88,3.0340,0.0001,0.00000,0.02382
5.62,4.88,3.1686,0.0005,0.00000,0.02496
5.88,4.88,3.1399,0.0023,0.00000,0.02702
6.12,4.88,3.2754,0.0040,0.00000,0.03006
6.38,4.88,3.2332,0.0039,0.00000,0.02872
6.62,4.88,3.3805,0.0043,0.00000,0.02837
6.88,4.88,3.3097,0.0090,0.00000,0.02676
7.12,4.88,3.2816,0.0238,0.00000,0.02591
7.38,4.88,2.4083,0.0428,0.00000,0.01889
2.62,5.12,2.2752,0.0048,0.00000,0.01965
2.88,5.12,3.1070,0.0163,0.00000,0.02653
3.12,5.12,3.1481,0.0295,0.00000,0.02521
3.38,5.12,3.2109,0.0357,0.00000,0.02384
3.62,5.12,3.0057,0.0372,0.00000,0.02161
3.88,5.12,2.9788,0.0211,0.00000,0.02113
4.12,5.12,2.7209,0.0050,0.00000,0.02163
4.38,5.12,2.6904,0.0006,0.00000,0.02356
4.62,5.12,2.6901,0.0001,0.00000,0.02258
4.88,5.12,2.7482,0.0001,0.00000,0.02213
5.12,5.12,3.0482,0.0000,0.00000,0.02389
5.38,5.12,3.0811,0.0001,0.00000,0.02275
5.62,5.12,3.2335,0.0007,0.00000,0.02319
5.88,5.12,3.1999,0.0030,0.00000,0.02569
6.12,5.12,3.3382,0.0055,0.00000,0.02926
6.38,5.12,3.2896,0.0061,0.00000,0.02785
6.62,5.12,3.4330,0.0081,0.00000,0.02717
6.88,5.12,3.3562,0.0226,0.00000,0.02514
7.12,5.12,3.3201,0.0681,0.00000,0.02384
7.38,5.12,2.4347,0.1282,0.00000,0.01727
2.62,5.38,2.3047,0.0006,0.00000,0.01788
2.88,5.38,3.1480,0.0016,0.00000,0.02418
3.12,5.38,3.1924,0.0033,0.00000,0.02305
3.38,5.38,3.2599,0.0060,0.00000,0.02164
3.62,5.38,3.0727,0.0078,0.00000,0.01934
3.88,5.38,3.0505,0.0046,0.00000,0.01895
4.12,5.38,2.7423,0.0010,0.00000,0.01956
4.38,5.38,2.7050,0.0001,0.00000,0.02193
4.62,5.38,2.6949,0.0000,0.00000,0.02136
4.88,5.38,2.7530,0.0001,0.00000,0.02164
5.12,5.38,3.0788,0.0002,0.00000,0.02398
5.38,5.38,3.1200,0.0006,0.00000,0.02199
5.62,5.38,3.2877,0.0019,0.00000,0.02123
5.88,5.38,3.2458,0.0064,0.00000,0.02246
6.12,5.38,3.3802,0.0142,0.00000,0.02523
6.38,5.38,3.3307,0.0213,0.00000,0.02511
6.62,5.38,3.4764,0.0301,0.00000,0.02588
6.88,5.38,3.4012,0.0883,0.00000,0.02444
7.12,5.38,3.3628,0.3046,0.00000,0.02326
7.38,5.38,2.4649,0.6200,0.00000,0.01684
2.62,5.62,2.3225,0.0005,0.00000,0.01674
2.88,5.62,3.1738,0.0007,0.00000,0.02272
3.12,5.62,3.2254,0.0007,0.00000,0.02214
3.38,5.62,3.3015,0.0008,0.00000,0.02119
3.62,5.62,3.1220,0.0008,0.00000,0.01856
3.88,5.62,3.1040,0.0004,0.00000,0.01768
4.12,5.62,2.7793,0.0002,0.00000,0.01742
4.38,5.62,2.7451,0.0003,0.00000,0.01897
4.62,5.62,2.7270,0.0004,0.00000,0.01931
4.88,5.62,2.7778,0.0007,0.00000,0.02010
5.12,5.62,3.1038,0.0018,0.00000,0.02143
5.38,5.62,3.1493,0.0037,0.00000,0.01977
5.62,5.62,3.3321,0.0078,0.00000,0.01960
5.88,5.62,3.2813,0.0209,0.00000,0.01997
6.12,5.62,3.4083,0.0513,0.00000,0.02201
6.38,5.62,3.3583,0.0835,0.00000,0.02333
6.62,5.62,3.5049,0.0998,0.00000,0.02560
6.88,5.62,3.4306,0.2223,0.00000,0.02443
7.12,5.62,3.3892,0.7247,0.00000,0.02315
7.38,5.62,2.4837,1.4747,0.00000,0.01674
2.62,5.88,2.3437,0.0015,0.00000,0.01536
2.88,5.88,3.2026,0.0019,0.00000,0.02105
3.12,5.88,3.2565,0.0016,0.00000,0.02138
3.38,5.88,3.3362,0.0012,0.00000,0.02138
3.62,5.88,3.1587,0.0007,0.00000,0.01851
3.88,5.88,3.1460,0.0003,0.00000,0.01699
4.12,5.88,2.8228,0.0007,0.00000,0.01572
4.38,5.88,2.7925,0.0016,0.00000,0.01614
4.62,5.88,2.7707,0.0021,0.00000,0.01720
4.88,5.88,2.8189,0.0036,0.00000,0.01863
5.12,5.88,3.1357,0.0089,0.00000,0.01920
5.38,5.88,3.1755,0.0173,0.00000,0.01838
5.62,5.88,3.3586,0.0308,0.00000,0.01946
5.88,5.88,3.3117,0.0665,0.00000,0.01982
6.12,5.88,3.4407,0.1500,0.00000,0.02179
6.38,5.88,3.3819,0.2394,0.00000,0.02398
6.62,5.88,3.5246,0.2571,0.00000,0.02703
6.88,5.88,3.4613,0.4207,0.00000,0.02576
7.12,5.88,3.4253,1.1504,0.00000,0.02424
7.38,5.88,2.5123,2.2473,0.00000,0.01750
2.62,6.12,2.3623,0.0057,0.00000,0.01425
2.88,6.12,3.2277,0.0072,0.00000,0.01964
3.12,6.12,3.2827,0.0059,0.00000,0.02045
3.38,6.12,3.3660,0.0043,0.00000,0.02101
3.62,6.12,3.1894,0.0023,0.00000,0.01825
3.88,6.12,3.1804,0.0010,0.00000,0.01655
4.12,6.12,2.8661,0.0022,0.00000,0.01491
4.38,6.12,2.8413,0.0050,0.00000,0.01476
4.62,6.12,2.8146,0.0080,0.00000,0.01540
4.88,6.12,2.8628,0.0133,0.00000,0.01682
5.12,6.12,3.1726,0.0277,0.00000,0.01824
5.38,6.12,3.2105,0.0495,0.00000,0.01911
5.62,6.12,3.3859,0.0815,0.00000,0.02143
5.88,6.12,3.3434,0.1513,0.00000,0.02165
6.12,6.12,3.4756,0.3001,0.00000,0.02351
6.38,6.12,3.4142,0.4670,0.00000,0.02652
6.62,6.12,3.5543,0.5170,0.00000,0.03024
6.88,6.12,3.4940,0.7455,0.00000,0.02839
7.12,6.12,3.4573,1.6761,0.00000,0.02616
7.38,6.12,2.5397,3.0790,0.00000,0.01875
2.62,6.38,2.3831,0.0272,0.00000,0.01448
2.88,6.38,3.2549,0.0263,0.00000,0.01983
3.12,6.38,3.3030,0.0193,0.00000,0.02010
3.38,6.38,3.3824,0.0127,0.00000,0.02012
3.62,6.38,3.2131,0.0069,0.00000,0.01764
3.88,6.38,3.2142,0.0038,0.00000,0.01631
4.12,6.38,2.9208,0.0063,0.00000,0.01482
4.38,6.38,2.8999,0.0135,0.00000,0.01451
4.62,6.38,2.8610,0.0227,0.00000,0.01452
4.88,6.38,2.9124,0.0353,0.00000,0.01564
5.12,6.38,3.2065,0.0600,0.00000,0.01803
5.38,6.38,3.2434,0.0958,0.00000,0.02072
5.62,6.38,3.4124,0.1448,0.00000,0.02437
5.88,6.38,3.3718,0.2450,0.00000,0.02445
6.12,6.38,3.5020,0.4531,0.00000,0.02622
6.38,6.38,3.4478,0.7002,0.00000,0.03053
6.62,6.38,3.5877,0.8238,0.00000,0.03520
6.88,6.38,3.5260,1.1842,0.00000,0.03152
7.12,6.38,3.4886,2.4208,0.00000,0.02725
7.38,6.38,2.5685,4.2716,0.00000,0.01915
2.62,6.62,2.3931,0.1825,0.00000,0.01495
2.88,6.62,3.2700,0.1152,0.00000,0.02035
3.12,6.62,3.3158,0.0591,0.00000,0.01985
3.38,6.62,3.3966,0.0336,0.00000,0.01909
3.62,6.62,3.2370,0.0207,0.00000,0.01697
3.88,6.62,3.2485,0.0147,0.00000,0.01621
4.12,6.62,2.9882,0.0197,0.00000,0.01529
4.38,6.62,2.9713,0.0346,0.00000,0.01525
4.62,6.62,2.9209,0.0562,0.00000,0.01498
4.88,6.62,2.9720,0.0819,0.00000,0.01570
5.12,6.62,3.2324,0.1138,0.00000,0.01809
5.38,6.62,3.2727,0.1596,0.00000,0.02192
5.62,6.62,3.4397,0.2173,0.00000,0.02675
5.88,6.62,3.4019,0.3354,0.00000,0.02734
6.12,6.62,3.5221,0.5969,0.00000,0.02983
6.38,6.62,3.4747,0.9204,0.00000,0.03653
6.62,6.62,3.6163,1.1298,0.00000,0.04326
6.88,6.62,3.5587,1.6492,0.00000,0.03739
7.12,6.62,3.5223,3.2317,0.00000,0.03048
7.38,6.62,2.5966,5.5504,0.00000,0.02102
2.62,6.88,2.3995,0.8103,0.00000,0.01416
2.88,6.88,3.2818,0.4269,0.00000,0.01935
3.12,6.88,3.3266,0.1570,0.00000,0.01900
3.38,6.88,3.4076,0.0740,0.00000,0.01850
3.62,6.88,3.2571,0.0565,0.00000,0.01702
3.88,6.88,3.2786,0.0490,0.00000,0.01683
4.12,6.88,3.0555,0.0562,0.00000,0.01640
4.38,6.88,3.0455,0.0777,0.00000,0.01673
4.62,6.88,2.9925,0.1151,0.00000,0.01642
4.88,6.88,3.0424,0.1620,0.00000,0.01700
5.12,6.88,3.2648,0.2020,0.00000,0.01921
5.38,6.88,3.3073,0.2577,0.00000,0.02361
5.62,6.88,3.4620,0.3247,0.00000,0.02925
5.88,6.88,3.4394,0.4468,0.00000,0.03089
6.12,6.88,3.5540,0.7227,0.00000,0.03459
6.38,6.88,3.5033,1.1127,0.00000,0.04370
6.62,6.88,3.6404,1.4996,0.00000,0.05302
6.88,6.88,3.5926,2.2186,0.00000,0.04586
7.12,6.88,3.5566,3.9291,0.00000,0.03660
7.38,6.88,2.6235,6.3430,0.00000,0.02494
2.62,7.12,2.4107,1.7300,0.00000,0.01367
2.88,7.12,3.3004,0.8853,0.00000,0.01879
3.12,7.12,3.3418,0.3002,0.00000,0.01879
3.38,7.12,3.4170,0.1397,0.00000,0.01872
3.62,7.12,3.2718,0.1287,0.00000,0.01776
3.88,7.12,3.3020,0.1241,0.00000,0.01811
4.12,7.12,3.1154,0.1330,0.00000,0.01825
4.38,7.12,3.1195,0.1477,0.00000,0.01896
4.62,7.12,3.0748,0.1870,0.00000,0.01859
4.88,7.12,3.1273,0.2566,0.00000,0.01945
5.12,7.12,3.3110,0.3166,0.00000,0.02198
5.38,7.12,3.3499,0.3976,0.00000,0.02711
5.62,7.12,3.4848,0.4896,0.00000,0.03373
5.88,7.12,3.4817,0.6178,0.00000,0.03627
6.12,7.12,3.5892,0.8947,0.00000,0.04050
6.38,7.12,3.5345,1.3622,0.00000,0.05122
6.62,7.12,3.6690,1.9730,0.00000,0.06299
6.88,7.12,3.6377,2.8958,0.00000,0.05563
7.12,7.12,3.5996,4.6044,0.00000,0.04451
7.38,7.12,2.6598,6.8992,0.00000,0.03017
2.62,7.38,2.4246,2.1501,0.00000,0.01512
2.88,7.38,3.3237,1.1634,0.00000,0.02066
3.12,7.38,3.3663,0.4626,0.00000,0.02019
3.38,7.38,3.4399,0.2450,0.00000,0.01967
3.62,7.38,3.2948,0.2238,0.00000,0.01885
3.88,7.38,3.3253,0.2253,0.00000,0.01968
4.12,7.38,3.1719,0.2418,0.00000,0.02067
4.38,7.38,3.1958,0.2371,0.00000,0.02209
4.62,7.38,3.1630,0.2600,0.00000,0.02184
4.88,7.38,3.2242,0.3491,0.00000,0.02300
5.12,7.38,3.3756,0.4481,0.00000,0.02565
5.38,7.38,3.4086,0.5750,0.00000,0.03090
5.62,7.38,3.5155,0.7069,0.00000,0.03776
5.88,7.38,3.5214,0.8642,0.00000,0.04085
6.12,7.38,3.6161,1.1797,0.00000,0.04611
6.38,7.38,3.5584,1.7389,0.00000,0.06010
6.62,7.38,3.6949,2.5162,0.00000,0.07545
6.88,7.38,3.6908,3.6030,0.00000,0.06755
7.12,7.38,3.6499,5.3462,0.00000,0.05404
7.38,7.38,2.6980,7.5561,0.00000,0.03668
2.62,7.62,2.4380,2.9988,0.00000,0.01921
2.88,7.62,3.3452,1.6832,0.00000,0.02586
3.12,7.62,3.3895,0.7393,0.00000,0.02384
3.38,7.62,3.4664,0.3913,0.00000,0.02181
3.62,7.62,3.3310,0.3203,0.00000,0.02090
3.88,7.62,3.3634,0.3208,0.00000,0.02204
4.12,7.62,3.2237,0.3389,0.00000,0.02307
4.38,7.62,3.2591,0.3200,0.00000,0.02498
4.62,7.62,3.2439,0.3334,0.00000,0.02576
4.88,7.62,3.3198,0.4431,0.00000,0.02750
5.12,7.62,3.4443,0.5877,0.00000,0.02965
5.38,7.62,3.4683,0.7548,0.00000,0.03333
5.62,7.62,3.5459,0.9127,0.00000,0.03871
5.88,7.62,3.5494,1.1047,0.00000,0.04235
6.12,7.62,3.6273,1.4995,0.00000,0.05022
6.38,7.62,3.5769,2.1906,0.00000,0.06865
6.62,7.62,3.7215,3.1184,0.00000,0.08726
6.88,7.62,3.7405,4.3414,0.00000,0.07780
7.12,7.62,3.6897,6.1142,0.00000,0.06157
7.38,7.62,2.7212,8.1875,0.00000,0.04209
2.62,7.88,2.4491,4.6043,0.00000,0.02330
2.88,7.88,3.3645,2.5370,0.00000,0.03129
3.12,7.88,3.4124,1.0756,0.00000,0.02859
3.38,7.88,3.4909,0.5583,0.00000,0.02586
3.62,7.88,3.3667,0.4539,0.00000,0.02464
3.88,7.88,3.4024,0.4373,0.00000,0.02554
4.12,7.88,3.2717,0.4257,0.00000,0.02566
4.38,7.88,3.3169,0.3940,0.00000,0.02729
4.62,7.88,3.3144,0.4199,0.00000,0.02897
4.88,7.88,3.3958,0.5603,0.00000,0.03131
5.12,7.88,3.4964,0.7454,0.00000,0.03282
5.38,7.88,3.5162,0.9321,0.00000,0.03462
5.62,7.88,3.5783,1.0942,0.00000,0.03866
5.88,7.88,3.5850,1.3059,0.00000,0.04402
6.12,7.88,3.6480,1.7812,0.00000,0.05525
6.38,7.88,3.5985,2.6104,0.00000,0.07638
6.62,7.88,3.7406,3.6475,0.00000,0.09582
6.88,7.88,3.7852,4.9217,0.00000,0.08314
7.12,7.88,3.7324,6.7384,0.00000,0.06332
7.38,7.88,2.7490,8.6977,0.00000,0.04293
2.62,8.12,2.4600,4.8816,0.00000,0.02308
2.88,8.12,3.3855,2.8003,0.00000,0.03157
3.12,8.12,3.4398,1.3150,0.00000,0.03085
3.38,8.12,3.5157,0.7702,0.00000,0.03018
3.62,8.12,3.3961,0.6566,0.00000,0.02960
3.88,8.12,3.4338,0.6236,0.00000,0.03064
4.12,8.12,3.3178,0.5704,0.00000,0.02973
4.38,8.12,3.3760,0.5095,0.00000,0.02997
4.62,8.12,3.3777,0.5500,0.00000,0.03111
4.88,8.12,3.4536,0.7253,0.00000,0.03377
5.12,8.12,3.5344,0.9402,0.00000,0.03490
5.38,8.12,3.5601,1.1377,0.00000,0.03539
5.62,8.12,3.6135,1.3071,0.00000,0.03834
5.88,8.12,3.6246,1.5442,0.00000,0.04504
6.12,8.12,3.6782,2.0915,0.00000,0.05868
6.38,8.12,3.6218,3.0288,0.00000,0.08188
6.62,8.12,3.7559,4.1585,0.00000,0.10212
6.88,8.12,3.8310,5.4785,0.00000,0.08651
7.12,8.12,3.7789,7.4380,0.00000,0.06319
7.38,8.12,2.7856,9.4232,0.00000,0.04180
2.62,8.38,2.4692,4.4624,0.00000,0.02299
2.88,8.38,3.4013,2.8158,0.00000,0.03183
3.12,8.38,3.4617,1.6081,0.00000,0.03238
3.38,8.38,3.5331,1.0658,0.00000,0.03334
3.62,8.38,3.4182,0.9234,0.00000,0.03469
3.88,8.38,3.4674,0.8947,0.00000,0.03742
4.12,8.38,3.3673,0.8099,0.00000,0.03616
4.38,8.38,3.4303,0.7010,0.00000,0.03472
4.62,8.38,3.4341,0.7371,0.00000,0.03412
4.88,8.38,3.5098,0.9465,0.00000,0.03645
5.12,8.38,3.5718,1.1996,0.00000,0.03771
5.38,8.38,3.5977,1.4307,0.00000,0.03756
5.62,8.38,3.6430,1.6395,0.00000,0.03891
5.88,8.38,3.6566,1.9168,0.00000,0.04510
6.12,8.38,3.7064,2.5254,0.00000,0.05890
6.38,8.38,3.6472,3.5682,0.00000,0.08297
6.62,8.38,3.7740,4.8954,0.00000,0.10468
6.88,8.38,3.8761,6.3967,0.00000,0.08865
7.12,8.38,3.8252,8.5981,0.00000,0.06350
7.38,8.38,2.8338,10.7523,0.00000,0.04122
2.62,8.62,2.4789,4.5372,0.00000,0.02515
2.88,8.62,3.4135,3.0529,0.00000,0.03482
3.12,8.62,3.4761,1.9303,0.00000,0.03555
3.38,8.62,3.5437,1.3736,0.00000,0.03694
3.62,8.62,3.4330,1.2444,0.00000,0.03946
3.88,8.62,3.4982,1.2325,0.00000,0.04352
4.12,8.62,3.4184,1.1283,0.00000,0.04225
4.38,8.62,3.4811,0.9799,0.00000,0.04005
4.62,8.62,3.4786,0.9971,0.00000,0.03813
4.88,8.62,3.5569,1.2334,0.00000,0.04005
5.12,8.62,3.6028,1.5486,0.00000,0.04187
5.38,8.62,3.6239,1.8415,0.00000,0.04155
5.62,8.62,3.6626,2.1079,0.00000,0.04122
5.88,8.62,3.6765,2.4302,0.00000,0.04586
6.12,8.62,3.7251,3.0998,0.00000,0.05874
6.38,8.62,3.6781,4.2773,0.00000,0.08353
6.62,8.62,3.8018,5.9246,0.00000,0.10725
6.88,8.62,3.9196,7.7031,0.00000,0.09137
7.12,8.62,3.8663,9.9575,0.00000,0.06398
7.38,8.62,2.8792,11.9673,0.00000,0.04032
2.62,8.88,2.4925,5.3555,0.00000,0.02730
2.88,8.88,3.4302,3.5628,0.00000,0.03796
3.12,8.88,3.4886,2.2283,0.00000,0.03989
3.38,8.88,3.5520,1.7046,0.00000,0.04209
3.62,8.88,3.4479,1.6668,0.00000,0.04370
3.88,8.88,3.5258,1.6293,0.00000,0.04696
4.12,8.88,3.4644,1.4968,0.00000,0.04539
4.38,8.88,3.5302,1.3467,0.00000,0.04375
4.62,8.88,3.5174,1.3706,0.00000,0.04260
4.88,8.88,3.5902,1.6323,0.00000,0.04529
5.12,8.88,3.6188,2.0272,0.00000,0.04778
5.38,8.88,3.6397,2.4004,0.00000,0.04709
5.62,8.88,3.6759,2.7163,0.00000,0.04515
5.88,8.88,3.6927,3.0691,0.00000,0.04783
6.12,8.88,3.7347,3.7786,0.00000,0.05904
6.38,8.88,3.7036,5.0812,0.00000,0.08351
6.62,8.88,3.8258,7.1049,0.00000,0.10816
6.88,8.88,3.9532,9.1804,0.00000,0.09307
7.12,8.88,3.8980,11.2373,0.00000,0.06388
7.38,8.88,2.9168,12.7166,0.00000,0.03894
2.62,9.12,2.5056,7.3798,0.00000,0.02991
2.88,9.12,3.4499,4.6323,0.00000,0.04163
3.12,9.12,3.5071,2.7034,0.00000,0.04540
3.38,9.12,3.5658,2.1487,0.00000,0.04844
3.62,9.12,3.4661,2.1843,0.00000,0.04790
3.88,9.12,3.5507,2.0756,0.00000,0.04917
4.12,9.12,3.4999,1.8963,0.00000,0.04712
4.38,9.12,3.5705,1.7661,0.00000,0.04657
4.62,9.12,3.5525,1.8491,0.00000,0.04727
4.88,9.12,3.6276,2.1588,0.00000,0.05199
5.12,9.12,3.6405,2.6330,0.00000,0.05614
5.38,9.12,3.6582,3.0944,0.00000,0.05566
5.62,9.12,3.6901,3.4428,0.00000,0.05163
5.88,9.12,3.7106,3.8010,0.00000,0.05168
6.12,9.12,3.7435,4.5591,0.00000,0.06064
6.38,9.12,3.7235,6.0160,0.00000,0.08282
6.62,9.12,3.8405,8.4196,0.00000,0.10713
6.88,9.12,3.9768,10.7767,0.00000,0.09492
7.12,9.12,3.9229,12.7608,0.00000,0.06500
7.38,9.12,2.9597,13.9418,0.00000,0.03843
2.62,9.38,2.5184,10.2264,0.00000,0.03280
2.88,9.38,3.4716,6.1331,0.00000,0.04578
3.12,9.38,3.5317,3.3779,0.00000,0.05166
3.38,9.38,3.5848,2.6736,0.00000,0.05562
3.62,9.38,3.4884,2.7152,0.00000,0.05208
3.88,9.38,3.5726,2.5387,0.00000,0.05025
4.12,9.38,3.5234,2.3212,0.00000,0.04741
4.38,9.38,3.6001,2.2285,0.00000,0.04793
4.62,9.38,3.5824,2.4050,0.00000,0.05093
4.88,9.38,3.6693,2.7688,0.00000,0.05905
5.12,9.38,3.6702,3.3253,0.00000,0.06627
5.38,9.38,3.6808,3.9026,0.00000,0.06654
5.62,9.38,3.7045,4.3055,0.00000,0.05931
5.88,9.38,3.7260,4.6613,0.00000,0.05583
6.12,9.38,3.7500,5.4884,0.00000,0.06233
6.38,9.38,3.7338,7.1269,0.00000,0.08165
6.62,9.38,3.8459,9.8757,0.00000,0.10626
6.88,9.38,4.0029,12.5026,0.00000,0.09870
7.12,9.38,3.9514,14.7272,0.00000,0.06802
7.38,9.38,3.0142,16.1111,0.00000,0.03897
2.62,9.62,2.5287,12.1836,0.00000,0.03598
2.88,9.62,3.4897,7.2098,0.00000,0.05082
3.12,9.62,3.5555,3.9167,0.00000,0.05840
3.38,9.62,3.6087,3.1367,0.00000,0.06308
3.62,9.62,3.5130,3.2166,0.00000,0.05593
3.88,9.62,3.5918,3.0487,0.00000,0.05074
4.12,9.62,3.5440,2.8613,0.00000,0.04792
4.38,9.62,3.6290,2.8103,0.00000,0.04940
4.62,9.62,3.6093,3.0634,0.00000,0.05405
4.88,9.62,3.7034,3.4518,0.00000,0.06548
5.12,9.62,3.6956,4.0805,0.00000,0.07575
5.38,9.62,3.6977,4.8061,0.00000,0.07676
5.62,9.62,3.7113,5.3286,0.00000,0.06722
5.88,9.62,3.7403,5.7211,0.00000,0.06069
6.12,9.62,3.7600,6.6377,0.00000,0.06490
6.38,9.62,3.7339,8.4311,0.00000,0.08227
6.62,9.62,3.8431,11.4246,0.00000,0.10750
6.88,9.62,4.0457,14.2670,0.00000,0.10280
7.12,9.62,4.0011,16.8274,0.00000,0.07042
7.38,9.62,3.0704,18.5525,0.00000,0.03909
2.62,9.88,2.5320,12.1783,0.00000,0.03868
2.88,9.88,3.4972,7.3248,0.00000,0.05543
3.12,9.88,3.5683,4.1093,0.00000,0.06605
3.38,9.88,3.6231,3.4713,0.00000,0.07345
3.62,9.88,3.5288,3.6860,0.00000,0.06279
3.88,9.88,3.6089,3.5949,0.00000,0.05418
4.12,9.88,3.5630,3.4859,0.00000,0.05112
4.38,9.88,3.6565,3.4731,0.00000,0.05336
4.62,9.88,3.6342,3.7842,0.00000,0.05939
4.88,9.88,3.7211,4.1794,0.00000,0.07178
5.12,9.88,3.7087,4.8655,0.00000,0.08268
5.38,9.88,3.7179,5.7200,0.00000,0.08448
5.62,9.88,3.7243,6.3953,0.00000,0.07420
5.88,9.88,3.7460,6.9299,0.00000,0.06559
6.12,9.88,3.7621,8.0953,0.00000,0.06839
6.38,9.88,3.7484,10.1381,0.00000,0.08564
6.62,9.88,3.8586,13.2573,0.00000,0.11151
6.88,9.88,4.0940,16.1064,0.00000,0.10680
7.12,9.88,4.0500,18.6984,0.00000,0.07084
7.38,9.88,3.1132,20.3381,0.00000,0.03739
14.12,9.88,2.6961,34.1692,0.00000,0.04206
2.62,10.12,2.5401,10.3406,0.00000,0.04007
2.88,10.12,3.5100,6.5887,0.00000,0.05856
3.12,10.12,3.5807,4.0726,0.00000,0.07570
3.38,10.12,3.6304,3.7218,0.00000,0.08967
3.62,10.12,3.5391,4.0733,0.00000,0.07455
3.88,10.12,3.6236,4.0610,0.00000,0.06023
4.12,10.12,3.5766,4.0330,0.00000,0.05589
4.38,10.12,3.6773,4.0870,0.00000,0.05956
4.62,10.12,3.6572,4.4714,0.00000,0.06692
4.88,10.12,3.7305,4.8950,0.00000,0.07718
5.12,10.12,3.7105,5.6465,0.00000,0.08586
5.38,10.12,3.7347,6.6066,0.00000,0.08869
5.62,10.12,3.7376,7.4531,0.00000,0.07761
5.88,10.12,3.7445,8.2021,0.00000,0.06701
6.12,10.12,3.7529,9.7552,0.00000,0.06923
6.38,10.12,3.7623,12.1519,0.00000,0.08740
6.62,10.12,3.8690,15.3522,0.00000,0.11521
6.88,10.12,4.1324,18.1019,0.00000,0.11243
7.12,10.12,4.0969,20.4635,0.00000,0.07237
7.38,10.12,3.1654,21.5716,0.00000,0.03562
13.88,10.12,3.4198,58.1381,0.00000,0.05014
14.12,10.12,3.6674,57.7946,0.00000,0.05532
2.62,10.38,2.5477,7.6430,0.00000,0.04187
2.88,10.38,3.5221,5.5203,0.00000,0.06305
3.12,10.38,3.5942,4.0667,0.00000,0.08793
3.38,10.38,3.6412,4.0463,0.00000,0.10917
3.62,10.38,3.5543,4.4960,0.00000,0.08866
3.88,10.38,3.6424,4.5186,0.00000,0.06683
4.12,10.38,3.5900,4.5179,0.00000,0.05922
4.38,10.38,3.6841,4.5919,0.00000,0.06257
4.62,10.38,3.6630,5.0162,0.00000,0.07009
4.88,10.38,3.7297,5.5150,0.00000,0.07861
5.12,10.38,3.7048,6.3988,0.00000,0.08681
5.38,10.38,3.7457,7.5464,0.00000,0.09187
5.62,10.38,3.7457,8.6190,0.00000,0.07931
5.88,10.38,3.7412,9.5882,0.00000,0.06673
6.12,10.38,3.7444,11.5003,0.00000,0.06869
6.38,10.38,3.7850,14.1628,0.00000,0.08786
6.62,10.38,3.8905,17.5032,0.00000,0.11817
6.88,10.38,4.1547,20.3917,0.00000,0.11871
7.12,10.38,4.1132,22.6239,0.00000,0.07501
7.38,10.38,3.2102,23.2176,0.00000,0.03465
13.38,10.38,3.8741,70.5642,0.00000,0.05687
13.62,10.38,3.9499,68.1290,0.00000,0.05991
13.88,10.38,3.6564,67.2778,0.00000,0.05587
14.12,10.38,3.7147,70.8558,0.00000,0.05768
14.38,10.38,3.6580,81.3657,0.00000,0.06022
2.62,10.62,2.5571,5.8999,0.00000,0.04343
2.88,10.62,3.5362,4.9313,0.00000,0.06771
3.12,10.62,3.6064,4.2492,0.00000,0.10012
3.38,10.62,3.6487,4.4904,0.00000,0.12814
3.62,10.62,3.5679,5.0355,0.00000,0.10308
3.88,10.62,3.6550,5.0694,0.00000,0.07435
4.12,10.62,3.5939,5.0708,0.00000,0.06229
4.38,10.62,3.6783,5.0805,0.00000,0.06294
4.62,10.62,3.6594,5.4958,0.00000,0.06945
4.88,10.62,3.7324,6.1349,0.00000,0.07887
5.12,10.62,3.7078,7.2252,0.00000,0.08926
5.38,10.62,3.7489,8.6052,0.00000,0.09555
5.62,10.62,3.7397,9.9191,0.00000,0.08085
5.88,10.62,3.7343,11.1220,0.00000,0.06710
6.12,10.62,3.7404,13.3097,0.00000,0.06930
6.38,10.62,3.8140,16.0398,0.00000,0.08964
6.62,10.62,3.9161,19.5071,0.00000,0.12096
6.88,10.62,4.1602,22.8648,0.00000,0.12235
7.12,10.62,4.1163,25.5379,0.00000,0.07605
7.38,10.62,3.2583,26.2737,0.00000,0.03374
12.88,10.62,3.6364,93.0420,0.00000,0.04774
13.12,10.62,3.8951,78.4014,0.00000,0.05827
13.38,10.62,3.8029,67.1820,0.00000,0.06410
13.62,10.62,3.6971,63.7454,0.00000,0.06782
13.88,10.62,3.5638,64.6036,0.00000,0.06497
14.12,10.62,3.5978,68.8880,0.00000,0.06618
14.38,10.62,3.8553,75.5859,0.00000,0.07633
2.62,10.88,2.5663,5.8665,0.00000,0.04506
2.88,10.88,3.5501,5.0664,0.00000,0.07166
3.12,10.88,3.6224,4.5170,0.00000,0.10942
3.38,10.88,3.6645,4.9136,0.00000,0.14280
3.62,10.88,3.5808,5.5439,0.00000,0.11513
3.88,10.88,3.6565,5.5536,0.00000,0.08192
4.12,10.88,3.5955,5.5918,0.00000,0.06778
4.38,10.88,3.6734,5.6382,0.00000,0.06659
4.62,10.88,3.6526,6.1300,0.00000,0.07092
4.88,10.88,3.7352,6.9181,0.00000,0.08090
5.12,10.88,3.7174,8.2066,0.00000,0.09269
5.38,10.88,3.7493,9.7724,0.00000,0.09878
5.62,10.88,3.7335,11.2807,0.00000,0.08198
5.88,10.88,3.7386,12.7158,0.00000,0.06700
6.12,10.88,3.7493,15.1464,0.00000,0.06899
6.38,10.88,3.8316,17.9592,0.00000,0.08930
6.62,10.88,3.9299,21.5635,0.00000,0.12009
6.88,10.88,4.1649,25.3715,0.00000,0.12204
7.12,10.88,4.1169,28.8118,0.00000,0.07522
7.38,10.88,3.2927,30.2563,0.00000,0.03249
12.38,10.88,3.1984,53.2303,0.00000,0.03194
12.62,10.88,3.6070,68.6939,0.00000,0.04146
12.88,10.88,3.8411,77.4414,0.00000,0.05123
13.12,10.88,3.7943,69.9851,0.00000,0.06169
13.38,10.88,3.6127,61.7033,0.00000,0.07150
13.62,10.88,3.5872,57.6406,0.00000,0.08063
13.88,10.88,3.6966,58.6761,0.00000,0.08579
14.12,10.88,3.6832,65.6215,0.00000,0.08801
14.38,10.88,3.8124,73.2441,0.00000,0.09760
14.62,10.88,3.4574,76.9798,0.00000,0.10094
2.62,11.12,2.5748,6.5267,0.00000,0.04935
2.88,11.12,3.5620,5.4623,0.00000,0.07827
3.12,11.12,3.6379,4.7739,0.00000,0.11902
3.38,11.12,3.6818,5.2520,0.00000,0.15552
3.62,11.12,3.5945,5.9027,0.00000,0.12528
3.88,11.12,3.6659,5.8539,0.00000,0.08909
4.12,11.12,3.6098,5.9738,0.00000,0.07548
4.38,11.12,3.6814,6.2717,0.00000,0.07458
4.62,11.12,3.6571,7.0191,0.00000,0.07638
4.88,11.12,3.7441,7.9312,0.00000,0.08426
5.12,11.12,3.7263,9.3477,0.00000,0.09407
5.38,11.12,3.7472,10.9984,0.00000,0.09911
5.62,11.12,3.7341,12.6404,0.00000,0.08154
5.88,11.12,3.7546,14.3309,0.00000,0.06589
6.12,11.12,3.7660,16.9971,0.00000,0.06718
6.38,11.12,3.8308,19.9632,0.00000,0.08551
6.62,11.12,3.9194,23.7112,0.00000,0.11333
6.88,11.12,4.1575,27.7336,0.00000,0.11546
7.12,11.12,4.1184,31.8266,0.00000,0.07090
7.38,11.12,3.3340,33.9423,0.00000,0.03010
12.12,11.12,3.6693,67.8165,0.00000,0.02885
12.38,11.12,3.6716,63.6807,0.00000,0.03561
12.62,11.12,3.6429,66.2110,0.00000,0.04249
12.88,11.12,3.6421,67.7838,0.00000,0.05134
13.12,11.12,3.6705,61.9360,0.00000,0.06588
13.38,11.12,3.6534,54.5182,0.00000,0.08379
13.62,11.12,3.6181,51.7513,0.00000,0.09963
13.88,11.12,3.6572,55.4956,0.00000,0.11705
14.12,11.12,3.6439,66.5248,0.00000,0.12932
14.38,11.12,3.6231,77.1921,0.00000,0.13913
14.62,11.12,3.4458,83.6754,0.00000,0.14846
14.88,11.12,2.4375,88.9087,0.00000,0.12190
2.62,11.38,2.5787,6.9045,0.00000,0.05784
2.88,11.38,3.5677,5.8075,0.00000,0.08998
3.12,11.38,3.6475,5.1156,0.00000,0.13157
3.38,11.38,3.6953,5.6048,0.00000,0.16840
3.62,11.38,3.6058,6.2073,0.00000,0.13452
3.88,11.38,3.6812,6.1189,0.00000,0.09544
4.12,11.38,3.6283,6.3285,0.00000,0.08253
4.38,11.38,3.6992,6.9076,0.00000,0.08336
4.62,11.38,3.6733,7.9601,0.00000,0.08443
4.88,11.38,3.7534,9.0285,0.00000,0.08963
5.12,11.38,3.7363,10.5942,0.00000,0.09521
5.38,11.38,3.7578,12.3122,0.00000,0.09785
5.62,11.38,3.7423,14.0853,0.00000,0.08032
5.88,11.38,3.7627,16.0428,0.00000,0.06472
6.12,11.38,3.7701,18.9491,0.00000,0.06454
6.38,11.38,3.8199,22.0639,0.00000,0.07948
6.62,11.38,3.9012,25.9465,0.00000,0.10279
6.88,11.38,4.1312,30.0951,0.00000,0.10431
7.12,11.38,4.0966,34.6728,0.00000,0.06402
7.38,11.38,3.3688,37.1843,0.00000,0.02720
11.62,11.38,3.9617,91.0435,0.00000,0.01485
11.88,11.38,4.0524,86.3218,0.00000,0.02080
12.12,11.38,3.8868,80.2939,0.00000,0.02758
12.38,11.38,3.6803,74.4976,0.00000,0.03308
12.62,11.38,3.5231,68.6453,0.00000,0.04035
12.88,11.38,3.5993,63.6081,0.00000,0.05285
13.12,11.38,3.7021,56.0352,0.00000,0.07115
13.38,11.38,3.6328,48.6035,0.00000,0.09426
13.62,11.38,3.5476,48.5465,0.00000,0.12043
13.88,11.38,3.5601,54.1990,0.00000,0.15914
14.12,11.38,3.6540,63.9519,0.00000,0.20410
14.38,11.38,3.6523,75.9128,0.00000,0.24010
14.62,11.38,3.5436,89.4803,0.00000,0.27679
14.88,11.38,2.4631,101.5569,0.00000,0.28678
2.62,11.62,2.5757,7.7890,0.00000,0.07004
2.88,11.62,3.5619,6.4149,0.00000,0.10596
3.12,11.62,3.6442,5.5362,0.00000,0.14680
3.38,11.62,3.6986,5.9166,0.00000,0.18222
3.62,11.62,3.6114,6.4552,0.00000,0.14323
3.88,11.62,3.7026,6.4093,0.00000,0.10009
4.12,11.62,3.6504,6.7379,0.00000,0.08707
4.38,11.62,3.7128,7.5180,0.00000,0.08912
4.62,11.62,3.6824,8.7964,0.00000,0.09070
4.88,11.62,3.7551,10.0117,0.00000,0.09528
5.12,11.62,3.7404,11.7678,0.00000,0.09777
5.38,11.62,3.7671,13.7073,0.00000,0.09770
5.62,11.62,3.7493,15.7897,0.00000,0.07967
5.88,11.62,3.7724,17.9819,0.00000,0.06413
6.12,11.62,3.7789,21.0463,0.00000,0.06201
6.38,11.62,3.8188,24.2375,0.00000,0.07234
6.62,11.62,3.8887,28.2769,0.00000,0.08975
6.88,11.62,4.1187,32.7758,0.00000,0.09041
7.12,11.62,4.0996,37.9207,0.00000,0.05605
7.38,11.62,3.4296,40.6908,0.00000,0.02448
11.12,11.62,3.6261,101.9723,0.00000,0.00919
11.38,11.62,3.9894,92.4573,0.00000,0.01196
11.62,11.62,4.0942,87.1610,0.00000,0.01453
11.88,11.62,3.9518,87.3829,0.00000,0.01799
12.12,11.62,3.8504,87.0322,0.00000,0.02313
12.38,11.62,3.7263,80.5121,0.00000,0.02859
12.62,11.62,3.5769,69.1264,0.00000,0.03654
12.88,11.62,3.5029,59.6441,0.00000,0.04883
13.12,11.62,3.4448,49.9131,0.00000,0.06897
13.38,11.62,3.4060,41.9147,0.00000,0.10519
13.62,11.62,3.4298,43.0583,0.00000,0.15396
13.88,11.62,3.4358,48.9912,0.00000,0.21539
14.12,11.62,3.4875,54.4146,0.00000,0.31384
14.38,11.62,3.4801,62.0683,0.00000,0.44626
14.62,11.62,3.2664,72.6438,0.00000,0.61341
14.88,11.62,2.4242,77.3418,0.00001,0.80351
15.12,11.62,1.6479,62.5377,0.00018,1.01312
2.62,11.88,2.5754,9.4172,0.00000,0.08199
2.88,11.88,3.5565,7.2759,0.00000,0.12250
3.12,11.88,3.6333,5.8466,0.00000,0.16638
3.38,11.88,3.6886,5.9617,0.00000,0.20354
3.62,11.88,3.6083,6.3762,0.00000,0.15597
3.88,11.88,3.7233,6.4466,0.00000,0.10463
4.12,11.88,3.6725,6.9810,0.00000,0.09013
4.38,11.88,3.7258,7.9791,0.00000,0.09278
4.62,11.88,3.6895,9.4775,0.00000,0.09490
4.88,11.88,3.7586,10.8596,0.00000,0.09992
5.12,11.88,3.7381,12.8259,0.00000,0.10027
5.38,11.88,3.7574,15.0538,0.00000,0.09778
5.62,11.88,3.7402,17.5603,0.00000,0.07966
5.88,11.88,3.7854,20.0370,0.00000,0.06452
6.12,11.88,3.7944,23.2059,0.00000,0.06025
6.38,11.88,3.8316,26.3546,0.00000,0.06587
6.62,11.88,3.8919,30.6549,0.00000,0.07729
6.88,11.88,4.1128,35.7564,0.00000,0.07655
7.12,11.88,4.0945,41.5154,0.00000,0.04817
7.38,11.88,3.4797,44.4595,0.00000,0.02208
10.62,11.88,3.3694,48.0209,0.00000,0.00681
10.88,11.88,3.7634,68.2881,0.00000,0.00841
11.12,11.88,3.9922,83.2088,0.00000,0.01005
11.38,11.88,3.9831,82.1455,0.00000,0.01185
11.62,11.88,3.9735,80.7790,0.00000,0.01407
11.88,11.88,3.9004,82.8069,0.00000,0.01668
12.12,11.88,3.8828,84.4055,0.00000,0.02000
12.38,11.88,3.7859,77.3694,0.00000,0.02358
12.62,11.88,3.3395,64.3492,0.00000,0.02661
12.88,11.88,2.6410,51.9262,0.00000,0.03005
13.12,11.88,2.2626,40.4245,0.00000,0.04660
13.38,11.88,2.5547,32.8496,0.00000,0.09857
13.62,11.88,3.1117,34.9938,0.00000,0.18474
13.88,11.88,3.3534,41.3515,0.00000,0.28278
14.12,11.88,3.3341,45.0941,0.00000,0.43838
14.38,11.88,3.2956,47.7009,0.00001,0.69875
14.62,11.88,3.0745,50.8725,0.00005,1.05432
14.88,11.88,2.6358,50.1412,0.00038,1.47692
15.12,11.88,2.2259,41.3874,0.00471,1.84918
2.62,12.12,2.5690,10.8351,0.00000,0.09261
2.88,12.12,3.5396,7.9976,0.00000,0.13705
3.12,12.12,3.6140,6.0247,0.00000,0.18200
3.38,12.12,3.6805,5.7625,0.00000,0.21906
3.62,12.12,3.6042,5.9049,0.00000,0.16499
3.88,12.12,3.7293,6.0698,0.00000,0.10813
4.12,12.12,3.6793,6.8536,0.00000,0.09326
4.38,12.12,3.7391,8.1491,0.00000,0.09733
4.62,12.12,3.6986,9.9552,0.00000,0.09909
4.88,12.12,3.7601,11.6438,0.00000,0.10361
5.12,12.12,3.7291,13.9048,0.00000,0.10213
5.38,12.12,3.7506,16.3126,0.00000,0.09813
5.62,12.12,3.7337,19.0854,0.00000,0.08021
5.88,12.12,3.7990,21.8071,0.00000,0.06518
6.12,12.12,3.8096,25.1083,0.00000,0.05851
6.38,12.12,3.8422,28.2929,0.00000,0.05993
6.62,12.12,3.8891,33.0217,0.00000,0.06612
6.88,12.12,4.0908,38.8136,0.00000,0.06301
7.12,12.12,4.0842,45.4113,0.00000,0.03996
7.38,12.12,3.5590,48.8957,0.00000,0.01964
10.38,12.12,3.9457,53.8521,0.00000,0.00766
10.62,12.12,3.9192,55.4431,0.00000,0.00837
10.88,12.12,3.9105,64.3052,0.00000,0.00968
11.12,12.12,3.9300,72.3643,0.00000,0.01126
11.38,12.12,3.9235,72.9257,0.00000,0.01274
11.62,12.12,3.9602,73.5626,0.00000,0.01470
11.88,12.12,3.9100,77.4184,0.00000,0.01687
12.12,12.12,3.9392,79.0055,0.00000,0.01865
12.38,12.12,3.7226,69.0203,0.00000,0.01872
12.62,12.12,2.6483,51.1177,0.00000,0.01511
12.88,12.12,1.4177,33.1206,0.00000,0.01144
13.12,12.12,0.9200,22.1853,0.00000,0.02000
13.38,12.12,1.3658,22.3343,0.00000,0.06795
13.62,12.12,2.4551,31.1228,0.00000,0.18247
13.88,12.12,3.2931,38.1216,0.00000,0.32977
14.12,12.12,3.3656,41.3987,0.00003,0.51040
14.38,12.12,3.2694,42.4875,0.00032,0.81650
14.62,12.12,3.0506,42.3800,0.00154,1.23882
14.88,12.12,2.7272,40.1112,0.00599,1.74210
15.12,12.12,2.4651,36.5404,0.05064,2.15841
15.38,12.12,2.5677,41.5076,0.32279,2.31759
2.62,12.38,2.5640,11.6466,0.00000,0.10309
2.88,12.38,3.5187,8.5237,0.00000,0.15022
3.12,12.38,3.5902,6.3298,0.00000,0.19160
3.38,12.38,3.6724,5.7508,0.00000,0.22466
3.62,12.38,3.5966,5.5967,0.00000,0.16937
3.88,12.38,3.7232,5.7464,0.00000,0.11385
4.12,12.38,3.6711,6.6356,0.00000,0.09988
4.38,12.38,3.7426,8.0928,0.00000,0.10415
4.62,12.38,3.6977,10.1391,0.00000,0.10334
4.88,12.38,3.7616,12.2456,0.00000,0.10606
5.12,12.38,3.7248,14.9049,0.00000,0.10267
5.38,12.38,3.7619,17.4795,0.00000,0.09746
5.62,12.38,3.7427,20.4509,0.00000,0.07967
5.88,12.38,3.8168,23.2453,0.00000,0.06479
6.12,12.38,3.8211,26.6136,0.00000,0.05616
6.38,12.38,3.8550,30.0502,0.00000,0.05377
6.62,12.38,3.8885,35.3890,0.00000,0.05572
6.88,12.38,4.0517,41.9890,0.00000,0.05105
7.12,12.38,4.0459,49.7103,0.00000,0.03279
7.38,12.38,3.6275,54.0064,0.00000,0.01759
9.88,12.38,3.9480,55.1918,0.00000,0.00749
10.12,12.38,4.2116,56.6362,0.00000,0.00856
10.38,12.38,4.0792,58.2895,0.00000,0.00942
10.62,12.38,3.8925,59.7998,0.00000,0.01046
10.88,12.38,3.8426,62.4683,0.00000,0.01199
11.12,12.38,3.9081,65.4554,0.00000,0.01361
11.38,12.38,3.8724,67.0290,0.00000,0.01459
11.62,12.38,3.8534,69.9422,0.00000,0.01594
11.88,12.38,3.8751,75.5633,0.00000,0.01749
12.12,12.38,3.9908,77.3253,0.00000,0.01816
12.38,12.38,3.6138,66.0650,0.00000,0.01603
12.62,12.38,2.1292,44.4828,0.00000,0.00954
12.88,12.38,0.7646,22.1112,0.00000,0.00432
13.12,12.38,0.3454,11.4260,0.00000,0.00869
13.38,12.38,0.7941,17.7391,0.00000,0.04821
13.62,12.38,2.0682,31.6375,0.00000,0.16937
13.88,12.38,3.2467,38.2501,0.00001,0.33507
14.12,12.38,3.3980,40.4424,0.00032,0.50184
14.38,12.38,3.2949,41.3712,0.00389,0.78029
14.62,12.38,3.1500,41.4905,0.01790,1.16526
14.88,12.38,2.9044,41.2381,0.04488,1.61331
15.12,12.38,2.8369,45.6019,0.22342,1.92134
15.38,12.38,3.5986,72.7946,1.15795,1.78293
2.62,12.62,2.5652,11.3128,0.00000,0.11516
2.88,12.62,3.5078,8.6437,0.00000,0.16504
3.12,12.62,3.5771,6.8034,0.00000,0.20004
3.38,12.62,3.6685,6.2269,0.00000,0.22725
3.62,12.62,3.5865,5.9825,0.00000,0.17551
3.88,12.62,3.7071,5.9521,0.00000,0.12551
4.12,12.62,3.6488,6.6693,0.00000,0.11064
4.38,12.62,3.7253,8.0066,0.00000,0.11237
4.62,12.62,3.6742,10.0515,0.00000,0.10747
4.88,12.62,3.7624,12.3927,0.00000,0.10763
5.12,12.62,3.7222,15.3248,0.00000,0.10140
5.38,12.62,3.7748,18.2127,0.00000,0.09460
5.62,12.62,3.7504,21.5688,0.00000,0.07778
5.88,12.62,3.8259,24.5871,0.00000,0.06367
6.12,12.62,3.8188,28.2515,0.00000,0.05375
6.38,12.62,3.8771,32.1377,0.00000,0.04830
6.62,12.62,3.9037,38.1157,0.00000,0.04645
6.88,12.62,4.0349,45.5942,0.00000,0.04149
7.12,12.62,4.0368,54.4143,0.00000,0.02771
7.38,12.62,3.7280,59.0269,0.00000,0.01649
9.38,12.62,3.6295,31.8747,0.00000,0.00809
9.62,12.62,3.9570,42.9531,0.00000,0.00861
9.88,12.62,4.0473,51.8398,0.00000,0.00959
10.12,12.62,3.9605,54.7629,0.00000,0.01114
10.38,12.62,3.8905,57.3083,0.00000,0.01290
10.62,12.62,3.8826,58.5458,0.00000,0.01420
10.88,12.62,3.8559,59.9200,0.00000,0.01517
11.12,12.62,3.8297,62.5456,0.00000,0.01593
11.38,12.62,3.7823,66.2983,0.00000,0.01631
11.62,12.62,3.8145,70.9667,0.00000,0.01742
11.88,12.62,3.8257,77.5068,0.00000,0.01831
12.12,12.62,3.9186,81.5051,0.00000,0.01828
12.38,12.62,3.6534,74.3619,0.00000,0.01643
12.62,12.62,2.4038,57.0196,0.00000,0.01135
12.88,12.62,1.1058,33.9139,0.00000,0.00752
13.12,12.62,0.6848,18.3240,0.00000,0.01471
13.38,12.62,1.2223,20.7221,0.00000,0.05892
13.62,12.62,2.4415,31.2356,0.00000,0.17071
13.88,12.62,3.3385,37.0900,0.00004,0.30720
14.12,12.62,3.4036,39.8711,0.00143,0.43787
14.38,12.62,3.3418,41.5131,0.01742,0.64385
14.62,12.62,3.2716,43.4426,0.07889,0.90884
14.88,12.62,3.1630,46.8154,0.15602,1.20151
15.12,12.62,3.2738,58.8531,0.41609,1.33123
15.38,12.62,4.4516,98.6515,1.69165,1.03538
15.62,12.62,6.3908,149.7146,3.73921,0.57171
2.62,12.88,2.5595,11.0022,0.00000,0.12496
2.88,12.88,3.4973,8.7561,0.00000,0.17742
3.12,12.88,3.5669,7.3214,0.00000,0.20860
3.38,12.88,3.6575,6.9288,0.00000,0.23356
3.62,12.88,3.5722,6.7431,0.00000,0.18784
3.88,12.88,3.6903,6.4519,0.00000,0.14371
4.12,12.88,3.6187,6.8691,0.00000,0.12535
4.38,12.88,3.6989,8.0225,0.00000,0.12269
4.62,12.88,3.6465,9.9714,0.00000,0.11275
4.88,12.88,3.7644,12.2448,0.00000,0.10914
5.12,12.88,3.7184,15.1214,0.00000,0.09952
5.38,12.88,3.7855,18.1948,0.00000,0.09174
5.62,12.88,3.7486,21.9007,0.00000,0.07632
5.88,12.88,3.8238,25.5570,0.00000,0.06310
6.12,12.88,3.8019,30.0142,0.00000,0.05203
6.38,12.88,3.8838,34.5105,0.00000,0.04461
6.62,12.88,3.8995,41.2735,0.00000,0.03979
6.88,12.88,4.0183,49.8137,0.00000,0.03452
7.12,12.88,4.0259,59.8624,0.00000,0.02424
7.38,12.88,3.8598,64.8512,0.00000,0.01616
9.12,12.88,4.1431,36.1143,0.00000,0.01084
9.38,12.88,3.9680,37.5184,0.00000,0.01043
9.62,12.88,3.9022,43.8065,0.00000,0.01122
9.88,12.88,3.8865,50.0059,0.00000,0.01327
10.12,12.88,3.8711,52.2471,0.00000,0.01561
10.38,12.88,3.8609,54.6651,0.00000,0.01735
10.62,12.88,3.8222,57.1673,0.00000,0.01770
10.88,12.88,3.7891,60.3620,0.00000,0.01783
11.12,12.88,3.8139,63.7897,0.00000,0.01812
11.38,12.88,3.7855,68.4351,0.00000,0.01766
11.62,12.88,3.7433,75.2790,0.00000,0.01798
11.88,12.88,3.6994,83.6886,0.00000,0.01899
12.12,12.88,3.8027,89.0362,0.00000,0.02010
12.38,12.88,3.6919,84.1608,0.00000,0.02004
12.62,12.88,3.1213,72.1674,0.00000,0.01945
12.88,12.88,2.3612,53.6838,0.00000,0.02163
13.12,12.88,2.0270,35.7663,0.00000,0.03678
13.38,12.88,2.4293,31.2925,0.00000,0.08616
13.62,12.88,3.1345,34.5949,0.00000,0.17195
13.88,12.88,3.4274,38.2732,0.00007,0.25922
14.12,12.88,3.4024,41.2593,0.00236,0.35273
14.38,12.88,3.3831,43.8873,0.02872,0.47781
14.62,12.88,3.3699,47.7813,0.12925,0.60963
14.88,12.88,3.3740,54.1301,0.23011,0.73585
15.12,12.88,3.4558,67.8103,0.34758,0.74013
15.38,12.88,4.2314,96.3268,1.03849,0.51958
15.62,12.88,5.1854,118.2349,1.89475,0.27673
15.88,12.88,4.5991,106.3760,1.68010,0.13665
2.62,13.12,2.5626,11.3818,0.00000,0.13284
2.88,13.12,3.4995,9.1019,0.00000,0.18738
3.12,13.12,3.5647,7.7235,0.00000,0.21574
3.38,13.12,3.6458,7.2940,0.00000,0.23912
3.62,13.12,3.5563,7.0030,0.00000,0.19849
3.88,13.12,3.6763,6.5761,0.00000,0.16046
4.12,13.12,3.5992,6.9050,0.00000,0.14052
4.38,13.12,3.6901,8.0882,0.00000,0.13554
4.62,13.12,3.6298,10.0781,0.00000,0.12225
4.88,13.12,3.7551,12.2584,0.00000,0.11553
5.12,13.12,3.7053,14.9909,0.00000,0.10196
5.38,13.12,3.7880,17.9337,0.00000,0.09204
5.62,13.12,3.7350,21.6199,0.00000,0.07583
5.88,13.12,3.8120,25.7852,0.00000,0.06237
6.12,13.12,3.7710,30.9373,0.00000,0.05047
6.38,13.12,3.8670,36.0264,0.00000,0.04232
6.62,13.12,3.8598,43.6880,0.00000,0.03574
6.88,13.12,3.9878,53.3876,0.00000,0.03021
7.12,13.12,4.0239,64.7502,0.00000,0.02229
7.38,13.12,4.1113,70.1720,0.00000,0.01692
8.62,13.12,4.0605,35.0800,0.00000,0.01186
8.88,13.12,4.2373,37.1492,0.00000,0.01189
9.12,13.12,4.0542,38.5142,0.00000,0.01217
9.38,13.12,3.8556,40.2403,0.00000,0.01298
9.62,13.12,3.8037,43.6874,0.00000,0.01512
9.88,13.12,3.8495,47.8979,0.00000,0.01747
10.12,13.12,3.8385,51.1045,0.00000,0.01903
10.38,13.12,3.7931,54.5807,0.00000,0.02068
10.62,13.12,3.7823,57.7193,0.00000,0.02101
10.88,13.12,3.7932,61.5060,0.00000,0.02024
11.12,13.12,3.7861,66.3400,0.00000,0.01938
11.38,13.12,3.7476,72.4166,0.00000,0.01873
11.62,13.12,3.7371,79.8961,0.00000,0.01953
11.88,13.12,3.7173,86.8780,0.00000,0.02104
12.12,13.12,3.8096,90.3589,0.00000,0.02355
12.38,13.12,3.7462,86.3886,0.00000,0.02562
12.62,13.12,3.6655,77.4427,0.00000,0.02942
12.88,13.12,3.5713,65.2824,0.00000,0.03875
13.12,13.12,3.4498,51.7811,0.00000,0.05943
13.38,13.12,3.4670,44.1695,0.00000,0.10022
13.62,13.12,3.5064,41.9883,0.00000,0.15394
13.88,13.12,3.4675,42.7418,0.00004,0.20649
14.12,13.12,3.4476,44.8254,0.00143,0.26724
14.38,13.12,3.4405,48.2069,0.01742,0.33082
14.62,13.12,3.4367,53.2485,0.07821,0.38257
14.88,13.12,3.4443,61.7099,0.13356,0.41407
15.12,13.12,3.4756,74.8275,0.13720,0.37550
15.38,13.12,3.7359,91.3121,0.28418,0.26111
15.62,13.12,4.0255,101.3799,0.46482,0.16057
15.88,13.12,3.7810,100.1268,0.35385,0.09733
2.62,13.38,2.5754,11.7589,0.00000,0.14134
2.88,13.38,3.5070,9.4022,0.00000,0.19723
3.12,13.38,3.5683,7.9598,0.00000,0.22150
3.38,13.38,3.6491,7.3228,0.00000,0.24138
3.62,13.38,3.5547,6.8693,0.00000,0.20336
3.88,13.38,3.6699,6.5928,0.00000,0.17030
4.12,13.38,3.5919,7.1247,0.00000,0.15149
4.38,13.38,3.6914,8.3373,0.00000,0.14706
4.62,13.38,3.6240,10.3220,0.00000,0.13201
4.88,13.38,3.7457,12.5399,0.00000,0.12276
5.12,13.38,3.6907,15.3019,0.00000,0.10659
5.38,13.38,3.7808,17.9486,0.00000,0.09476
5.62,13.38,3.7207,21.2721,0.00000,0.07651
5.88,13.38,3.8030,25.4263,0.00000,0.06193
6.12,13.38,3.7477,30.7200,0.00000,0.04940
6.38,13.38,3.8446,36.1182,0.00000,0.04117
6.62,13.38,3.8008,44.1439,0.00000,0.03351
6.88,13.38,3.9294,53.8797,0.00000,0.02779
7.12,13.38,3.9630,64.4012,0.00000,0.02151
7.38,13.38,4.2829,67.5742,0.00000,0.01842
8.12,13.38,3.6734,23.9937,0.00000,0.01319
8.38,13.38,3.9807,29.2414,0.00000,0.01365
8.62,13.38,3.9809,35.2742,0.00000,0.01298
8.88,13.38,3.8483,37.3583,0.00000,0.01271
9.12,13.38,3.7941,38.5417,0.00000,0.01411
9.38,13.38,3.8289,40.5109,0.00000,0.01662
9.62,13.38,3.8105,43.9019,0.00000,0.01918
9.88,13.38,3.7653,48.0521,0.00000,0.02058
10.12,13.38,3.7688,51.8712,0.00000,0.02166
10.38,13.38,3.8117,55.2561,0.00000,0.02358
10.62,13.38,3.8093,58.8060,0.00000,0.02341
10.88,13.38,3.7602,63.4842,0.00000,0.02178
11.12,13.38,3.7324,69.1041,0.00000,0.02066
11.38,13.38,3.7563,74.2093,0.00000,0.02075
11.62,13.38,3.7673,77.9618,0.00000,0.02223
11.88,13.38,3.7154,80.2461,0.00000,0.02370
12.12,13.38,3.7550,80.6751,0.00000,0.02685
12.38,13.38,3.7672,78.8849,0.00000,0.03080
12.62,13.38,3.7979,75.3953,0.00000,0.03614
12.88,13.38,3.8138,69.6726,0.00000,0.04666
13.12,13.38,3.7684,61.4645,0.00000,0.06536
13.38,13.38,3.6850,54.0112,0.00000,0.09426
13.62,13.38,3.5761,49.3080,0.00000,0.12964
13.88,13.38,3.5124,47.5675,0.00001,0.16470
14.12,13.38,3.5088,48.5635,0.00032,0.19868
14.38,13.38,3.5135,52.2270,0.00389,0.22374
14.62,13.38,3.5196,58.1088,0.01744,0.23657
14.88,13.38,3.5371,67.4350,0.02931,0.23439
15.12,13.38,3.5675,79.0939,0.02463,0.20141
15.38,13.38,3.6448,91.4163,0.03625,0.14670
15.62,13.38,3.6811,100.4181,0.05477,0.10021
15.88,13.38,3.7063,104.1707,0.03718,0.06899
16.12,13.38,3.4167,111.3782,0.01221,0.04515
2.62,13.62,2.5794,13.6137,0.00000,0.15009
2.88,13.62,3.5067,10.4358,0.00000,0.20742
3.12,13.62,3.5695,8.5301,0.00000,0.22899
3.38,13.62,3.6563,7.7294,0.00000,0.24717
3.62,13.62,3.5585,7.3008,0.00000,0.21079
3.88,13.62,3.6681,7.1720,0.00000,0.18036
4.12,13.62,3.5907,7.8334,0.00000,0.16195
4.38,13.62,3.6853,8.8759,0.00000,0.15783
4.62,13.62,3.6130,10.6806,0.00000,0.14029
4.88,13.62,3.7285,12.8657,0.00000,0.12810
5.12,13.62,3.6779,15.6397,0.00000,0.11143
5.38,13.62,3.7712,17.9658,0.00000,0.09880
5.62,13.62,3.7199,20.8036,0.00000,0.07900
5.88,13.62,3.8107,24.6110,0.00000,0.06364
6.12,13.62,3.7522,29.6047,0.00000,0.05089
6.38,13.62,3.8325,34.9048,0.00000,0.04234
6.62,13.62,3.7669,42.4531,0.00000,0.03323
6.88,13.62,3.8688,50.9213,0.00000,0.02685
7.12,13.62,3.8230,58.3140,0.00000,0.02170
7.38,13.62,4.0784,58.5395,0.00000,0.01932
7.62,13.62,4.1168,50.4004,0.00000,0.01809
7.88,13.62,3.8890,37.6328,0.00000,0.01590
8.12,13.62,3.8181,30.6246,0.00000,0.01457
8.38,13.62,3.7780,32.5490,0.00000,0.01440
8.62,13.62,3.7459,36.5949,0.00000,0.01479
8.88,13.62,3.7656,38.0518,0.00000,0.01560
9.12,13.62,3.7857,39.2526,0.00000,0.01754
9.38,13.62,3.7731,41.8835,0.00000,0.02041
9.62,13.62,3.7612,45.9385,0.00000,0.02294
9.88,13.62,3.7934,49.9454,0.00000,0.02414
10.12,13.62,3.8031,53.5516,0.00000,0.02386
10.38,13.62,3.7651,56.8422,0.00000,0.02401
10.62,13.62,3.7461,60.5182,0.00000,0.02398
10.88,13.62,3.7863,64.2688,0.00000,0.02384
11.12,13.62,3.7726,67.2923,0.00000,0.02291
11.38,13.62,3.7484,69.1714,0.00000,0.02260
11.62,13.62,3.7430,69.1263,0.00000,0.02429
11.88,13.62,3.7376,68.3068,0.00000,0.02653
12.12,13.62,3.7558,68.1910,0.00000,0.02965
12.38,13.62,3.7388,68.9920,0.00000,0.03357
12.62,13.62,3.7643,69.8498,0.00000,0.03951
12.88,13.62,3.7858,68.2272,0.00000,0.04947
13.12,13.62,3.7675,63.2782,0.00000,0.06385
13.38,13.62,3.6875,57.2681,0.00000,0.08361
13.62,13.62,3.5932,52.8070,0.00000,0.10819
13.88,13.62,3.5427,51.2615,0.00000,0.13058
14.12,13.62,3.5549,52.4082,0.00003,0.14738
14.38,13.62,3.5727,55.7769,0.00032,0.15455
14.62,13.62,3.6138,61.6104,0.00143,0.15318
14.88,13.62,3.6268,69.9496,0.00239,0.14340
15.12,13.62,3.5570,78.9907,0.00186,0.11972
15.38,13.62,3.5578,87.7156,0.00237,0.09054
15.62,13.62,3.6165,95.2579,0.00400,0.06676
15.88,13.62,3.6705,99.8315,0.00355,0.05051
16.12,13.62,3.6481,105.6554,0.00177,0.03754
2.62,13.88,2.5796,17.4351,0.00000,0.15591
2.88,13.88,3.5056,12.4409,0.00000,0.21456
3.12,13.88,3.5687,9.5281,0.00000,0.23421
3.38,13.88,3.6580,8.5939,0.00000,0.25167
3.62,13.88,3.5592,8.3057,0.00000,0.21762
3.88,13.88,3.6658,8.0472,0.00000,0.18906
4.12,13.88,3.5861,8.5255,0.00000,0.16963
4.38,13.88,3.6627,9.2841,0.00000,0.16419
4.62,13.88,3.5898,10.8188,0.00000,0.14393
4.88,13.88,3.6939,12.8226,0.00000,0.12980
5.12,13.88,3.6586,15.5055,0.00000,0.11567
5.38,13.88,3.7438,17.7155,0.00000,0.10390
5.62,13.88,3.7158,20.2607,0.00000,0.08358
5.88,13.88,3.8024,23.5252,0.00000,0.06790
6.12,13.88,3.7562,27.8667,0.00000,0.05511
6.38,13.88,3.8021,32.8423,0.00000,0.04543
6.62,13.88,3.7282,39.1623,0.00000,0.03524
6.88,13.88,3.7761,45.7106,0.00000,0.02861
7.12,13.88,3.6975,50.7261,0.00000,0.02484
7.38,13.88,3.7291,51.1442,0.00000,0.02174
7.62,13.88,3.7376,47.2505,0.00000,0.01909
7.88,13.88,3.6647,41.0325,0.00000,0.01685
8.12,13.88,3.6384,36.5180,0.00000,0.01568
8.38,13.88,3.6569,35.9096,0.00000,0.01610
8.62,13.88,3.7209,37.4981,0.00000,0.01732
8.88,13.88,3.7510,39.0793,0.00000,0.01809
9.12,13.88,3.7378,41.2127,0.00000,0.02021
9.38,13.88,3.7660,44.0542,0.00000,0.02372
9.62,13.88,3.7970,47.9203,0.00000,0.02558
9.88,13.88,3.7824,52.0176,0.00000,0.02544
10.12,13.88,3.7542,55.6894,0.00000,0.02414
10.38,13.88,3.7599,57.9741,0.00000,0.02416
10.62,13.88,3.7453,59.3728,0.00000,0.02477
10.88,13.88,3.7589,60.5932,0.00000,0.02492
11.12,13.88,3.7368,60.8438,0.00000,0.02358
11.38,13.88,3.7492,60.2328,0.00000,0.02355
11.62,13.88,3.7867,59.4711,0.00000,0.02567
11.88,13.88,3.7485,59.1860,0.00000,0.02766
12.12,13.88,3.7175,59.7564,0.00000,0.02989
12.38,13.88,3.7177,61.3108,0.00000,0.03355
12.62,13.88,3.7500,63.4061,0.00000,0.03952
12.88,13.88,3.7475,63.6850,0.00000,0.04758
13.12,13.88,3.7211,60.6872,0.00000,0.05766
13.38,13.88,3.6765,56.4141,0.00000,0.07027
13.62,13.88,3.6139,53.9593,0.00000,0.08510
13.88,13.88,3.5781,54.0730,0.00000,0.09839
14.12,13.88,3.6080,55.7672,0.00000,0.10789
14.38,13.88,3.6279,59.0213,0.00001,0.11020
14.62,13.88,3.6278,64.4011,0.00004,0.10444
14.88,13.88,3.5858,70.8451,0.00008,0.09280
15.12,13.88,3.5649,77.8716,0.00026,0.07741
15.38,13.88,3.5639,84.7224,0.00254,0.06215
15.62,13.88,3.6210,92.6121,0.01124,0.05057
15.88,13.88,3.5455,99.9811,0.01893,0.04013
16.12,13.88,3.6040,103.9682,0.01311,0.03232
16.38,13.88,3.8784,105.1785,0.00449,0.03077
2.62,14.12,2.5892,19.8374,0.00000,0.16034
2.88,14.12,3.5076,13.5482,0.00000,0.22023
3.12,14.12,3.5661,9.8749,0.00000,0.23921
3.38,14.12,3.6602,8.9476,0.00000,0.25609
3.62,14.12,3.5602,8.8343,0.00000,0.22118
3.88,14.12,3.6558,8.3893,0.00000,0.19145
4.12,14.12,3.5763,8.5875,0.00000,0.17238
4.38,14.12,3.6352,9.1086,0.00000,0.16730
4.62,14.12,3.5676,10.4336,0.00000,0.14530
4.88,14.12,3.6526,12.2952,0.00000,0.12917
5.12,14.12,3.6395,14.8656,0.00000,0.11719
5.38,14.12,3.7039,17.2001,0.00000,0.10598
5.62,14.12,3.7031,19.8545,0.00000,0.08712
5.88,14.12,3.7597,22.8931,0.00000,0.07200
6.12,14.12,3.7404,26.7354,0.00000,0.05944
6.38,14.12,3.7460,31.2614,0.00000,0.04870
6.62,14.12,3.7113,36.0114,0.00000,0.03943
6.88,14.12,3.7074,40.4479,0.00000,0.03362
7.12,14.12,3.7218,44.1159,0.00000,0.03119
7.38,14.12,3.7248,45.9214,0.00000,0.02722
7.62,14.12,3.7053,45.4765,0.00000,0.02204
7.88,14.12,3.6621,42.5531,0.00000,0.01882
8.12,14.12,3.6682,38.9595,0.00000,0.01779
8.38,14.12,3.7183,37.4732,0.00000,0.01800
8.62,14.12,3.7234,38.4329,0.00000,0.01847
8.88,14.12,3.7348,40.0854,0.00000,0.01920
9.12,14.12,3.7738,42.2563,0.00000,0.02153
9.38,14.12,3.7888,45.4255,0.00000,0.02418
9.62,14.12,3.7565,49.4757,0.00000,0.02458
9.88,14.12,3.7522,52.9720,0.00000,0.02415
10.12,14.12,3.7588,54.9593,0.00000,0.02364
10.38,14.12,3.7542,55.0365,0.00000,0.02410
10.62,14.12,3.6914,54.2047,0.00000,0.02417
10.88,14.12,3.7121,53.9296,0.00000,0.02375
11.12,14.12,3.7660,53.8756,0.00000,0.02309
11.38,14.12,3.7713,53.4468,0.00000,0.02364
11.62,14.12,3.7481,53.0877,0.00000,0.02525
11.88,14.12,3.7216,53.4125,0.00000,0.02685
12.12,14.12,3.7316,54.3427,0.00000,0.02896
12.38,14.12,3.7376,56.1901,0.00000,0.03226
12.62,14.12,3.7326,58.5033,0.00000,0.03735
12.88,14.12,3.7266,59.2535,0.00000,0.04390
13.12,14.12,3.7185,57.4723,0.00000,0.05113
13.38,14.12,3.6831,55.2740,0.00000,0.05860
13.62,14.12,3.6367,54.6497,0.00000,0.06708
13.88,14.12,3.6376,55.8505,0.00000,0.07555
14.12,14.12,3.6566,58.4986,0.00000,0.08052
14.38,14.12,3.6097,62.0167,0.00000,0.07975
14.62,14.12,3.5941,66.7420,0.00000,0.07454
14.88,14.12,3.6119,72.6967,0.00003,0.06611
15.12,14.12,3.6254,80.6388,0.00091,0.05703
15.38,14.12,3.5246,89.1467,0.01118,0.04796
15.62,14.12,3.5899,97.5137,0.05096,0.04192
15.88,14.12,3.6626,105.3338,0.08775,0.03654
16.12,14.12,3.7260,107.9390,0.06109,0.03110
16.38,14.12,4.4075,105.8626,0.02066,0.03155
2.62,14.38,2.5973,18.0723,0.00000,0.16241
2.88,14.38,3.5165,12.5145,0.00000,0.22283
3.12,14.38,3.5707,9.2490,0.00000,0.24108
3.38,14.38,3.6648,8.5591,0.00000,0.25727
3.62,14.38,3.5585,8.5936,0.00000,0.22172
3.88,14.38,3.6316,8.0616,0.00000,0.19055
4.12,14.38,3.5587,8.0894,0.00000,0.17119
4.38,14.38,3.6071,8.5844,0.00000,0.16565
4.62,14.38,3.5525,9.8986,0.00000,0.14447
4.88,14.38,3.6141,11.6858,0.00000,0.12876
5.12,14.38,3.6236,14.0770,0.00000,0.11878
5.38,14.38,3.6672,16.5702,0.00000,0.10804
5.62,14.38,3.6933,19.4896,0.00000,0.09225
5.88,14.38,3.7147,22.6176,0.00000,0.07818
6.12,14.38,3.7247,26.1572,0.00000,0.06561
6.38,14.38,3.6994,29.7882,0.00000,0.05352
6.62,14.38,3.7168,33.0346,0.00000,0.04483
6.88,14.38,3.7032,36.2774,0.00000,0.03970
7.12,14.38,3.6894,39.2688,0.00000,0.03683
7.38,14.38,3.6963,41.4878,0.00000,0.03150
7.62,14.38,3.7046,42.5274,0.00000,0.02467
7.88,14.38,3.7089,41.1401,0.00000,0.02092
8.12,14.38,3.7105,38.4717,0.00000,0.01982
8.38,14.38,3.7316,37.5072,0.00000,0.01964
8.62,14.38,3.7616,38.4729,0.00000,0.01991
8.88,14.38,3.7913,40.1492,0.00000,0.02036
9.12,14.38,3.7733,42.5400,0.00000,0.02091
9.38,14.38,3.7636,45.7977,0.00000,0.02154
9.62,14.38,3.7785,49.0604,0.00000,0.02210
9.88,14.38,3.7810,51.0440,0.00000,0.02253
10.12,14.38,3.7168,51.2701,0.00000,0.02238
10.38,14.38,3.7084,50.0222,0.00000,0.02312
10.62,14.38,3.7302,48.5475,0.00000,0.02351
10.88,14.38,3.7535,48.3060,0.00000,0.02298
11.12,14.38,3.7475,48.9174,0.00000,0.02267
11.38,14.38,3.7449,49.1047,0.00000,0.02359
11.62,14.38,3.7525,48.7132,0.00000,0.02499
11.88,14.38,3.7469,49.4279,0.00000,0.02640
12.12,14.38,3.7338,51.2140,0.00000,0.02821
12.38,14.38,3.7332,53.4094,0.00000,0.03075
12.62,14.38,3.7372,55.7203,0.00000,0.03487
12.88,14.38,3.7307,57.0189,0.00000,0.04023
13.12,14.38,3.7020,56.1425,0.00000,0.04520
13.38,14.38,3.6907,55.0413,0.00000,0.05007
13.62,14.38,3.6771,55.1936,0.00000,0.05553
13.88,14.38,3.6202,57.1688,0.00000,0.05989
14.12,14.38,3.5956,60.6396,0.00000,0.06118
14.38,14.38,3.6286,64.6673,0.00000,0.05995
14.62,14.38,3.6623,70.3295,0.00000,0.05709
14.88,14.38,3.6495,78.4805,0.00005,0.05137
15.12,14.38,3.6390,87.4671,0.00152,0.04551
15.38,14.38,3.6388,95.2254,0.01902,0.04097
15.62,14.38,3.9035,103.3207,0.09315,0.03871
15.88,14.38,4.2575,112.4940,0.18074,0.03741
16.12,14.38,3.9865,118.2281,0.14299,0.03122
2.62,14.62,2.5918,14.5421,0.00000,0.15942
2.88,14.62,3.5261,10.7471,0.00000,0.22000
3.12,14.62,3.5810,8.5133,0.00000,0.23816
3.38,14.62,3.6557,8.0026,0.00000,0.25315
3.62,14.62,3.5417,8.0193,0.00000,0.21776
3.88,14.62,3.6053,7.5136,0.00000,0.18665
4.12,14.62,3.5458,7.5686,0.00000,0.16623
4.38,14.62,3.5863,8.1701,0.00000,0.15889
4.62,14.62,3.5483,9.5667,0.00000,0.14170
4.88,14.62,3.5926,11.3962,0.00000,0.12977
5.12,14.62,3.6168,13.7058,0.00000,0.12237
5.38,14.62,3.6480,16.2272,0.00000,0.11269
5.62,14.62,3.6913,19.1060,0.00000,0.09998
5.88,14.62,3.6940,21.9926,0.00000,0.08702
6.12,14.62,3.7015,24.9989,0.00000,0.07426
6.38,14.62,3.6819,27.6626,0.00000,0.06079
6.62,14.62,3.6828,29.9241,0.00000,0.05005
6.88,14.62,3.7146,32.7423,0.00000,0.04399
7.12,14.62,3.7153,35.6034,0.00000,0.04076
7.38,14.62,3.7046,38.0045,0.00000,0.03499
7.62,14.62,3.7114,39.7313,0.00000,0.02740
7.88,14.62,3.7257,39.3462,0.00000,0.02306
8.12,14.62,3.7359,37.5268,0.00000,0.02165
8.38,14.62,3.7670,36.7798,0.00000,0.02123
8.62,14.62,3.7846,37.7193,0.00000,0.02121
8.88,14.62,3.7883,39.7685,0.00000,0.02119
9.12,14.62,3.7901,42.1712,0.00000,0.02081
9.38,14.62,3.7894,44.5306,0.00000,0.02007
9.62,14.62,3.7533,46.5324,0.00000,0.01997
9.88,14.62,3.7297,47.1482,0.00000,0.02072
10.12,14.62,3.7282,46.4120,0.00000,0.02178
10.38,14.62,3.7589,45.4926,0.00000,0.02281
10.62,14.62,3.7389,44.7877,0.00000,0.02277
10.88,14.62,3.7264,44.5222,0.00000,0.02265
11.12,14.62,3.7476,44.6100,0.00000,0.02327
11.38,14.62,3.7695,44.9731,0.00000,0.02416
11.62,14.62,3.7433,45.3484,0.00000,0.02480
11.88,14.62,3.7227,46.6944,0.00000,0.02572
12.12,14.62,3.7378,48.7780,0.00000,0.02719
12.38,14.62,3.7566,51.3036,0.00000,0.02924
12.62,14.62,3.7352,54.2082,0.00000,0.03255
12.88,14.62,3.7203,56.2921,0.00000,0.03689
13.12,14.62,3.7009,56.0707,0.00000,0.04003
13.38,14.62,3.6652,55.7486,0.00000,0.04233
13.62,14.62,3.6111,56.6726,0.00000,0.04486
13.88,14.62,3.6003,59.5477,0.00000,0.04727
14.12,14.62,3.6578,63.9387,0.00000,0.04775
14.38,14.62,3.6971,69.6451,0.00000,0.04562
14.62,14.62,3.6353,76.6611,0.00000,0.04213
14.88,14.62,3.6561,84.0203,0.00003,0.03960
15.12,14.62,3.8008,88.5908,0.00097,0.03894
15.38,14.62,3.8091,90.0322,0.01312,0.03770
15.62,14.62,3.8988,98.5854,0.07659,0.03534
2.62,14.88,2.5898,12.9206,0.00000,0.15222
2.88,14.88,3.5388,9.8497,0.00000,0.21153
3.12,14.88,3.5863,7.9705,0.00000,0.22950
3.38,14.88,3.6265,7.4161,0.00000,0.24254
3.62,14.88,3.5144,7.3821,0.00000,0.20819
3.88,14.88,3.5874,7.0037,0.00000,0.17912
4.12,14.88,3.5432,7.1808,0.00000,0.15972
4.38,14.88,3.5876,7.8747,0.00000,0.15254
4.62,14.88,3.5570,9.2936,0.00000,0.13945
4.88,14.88,3.5898,11.1589,0.00000,0.13103
5.12,14.88,3.6173,13.4800,0.00000,0.12699
5.38,14.88,3.6561,15.9412,0.00000,0.11915
5.62,14.88,3.6893,18.5062,0.00000,0.10766
5.88,14.88,3.6976,20.8081,0.00000,0.09566
6.12,14.88,3.6707,23.0819,0.00000,0.08287
6.38,14.88,3.6805,25.2256,0.00000,0.06890
6.62,14.88,3.6805,27.4205,0.00000,0.05602
6.88,14.88,3.6922,30.1930,0.00000,0.04704
7.12,14.88,3.6887,33.0413,0.00000,0.04257
7.38,14.88,3.6804,35.5828,0.00000,0.03748
7.62,14.88,3.7001,37.6408,0.00000,0.03002
7.88,14.88,3.7251,37.9847,0.00000,0.02497
8.12,14.88,3.7310,36.9021,0.00000,0.02313
8.38,14.88,3.7368,36.2795,0.00000,0.02208
8.62,14.88,3.7497,37.0506,0.00000,0.02159
8.88,14.88,3.7824,38.8223,0.00000,0.02199
9.12,14.88,3.7952,40.6808,0.00000,0.02200
9.38,14.88,3.7600,42.0203,0.00000,0.02082
9.62,14.88,3.7338,42.8605,0.00000,0.02016
9.88,14.88,3.7571,42.9053,0.00000,0.02078
10.12,14.88,3.7534,42.5620,0.00000,0.02152
10.38,14.88,3.7362,42.4073,0.00000,0.02155
10.62,14.88,3.7302,41.9469,0.00000,0.02175
10.88,14.88,3.7573,41.4908,0.00000,0.02287
11.12,14.88,3.7626,41.6879,0.00000,0.02386
11.38,14.88,3.7476,42.4814,0.00000,0.02387
11.62,14.88,3.7386,43.3712,0.00000,0.02407
11.88,14.88,3.7523,45.0960,0.00000,0.02531
12.12,14.88,3.7431,47.3992,0.00000,0.02649
12.38,14.88,3.7290,50.0814,0.00000,0.02749
12.62,14.88,3.7270,53.0812,0.00000,0.02965
12.88,14.88,3.7220,55.9195,0.00000,0.03270
13.12,14.88,3.6585,57.2720,0.00000,0.03449
13.38,14.88,3.6258,58.6956,0.00000,0.03585
13.62,14.88,3.6506,61.8846,0.00000,0.03737
13.88,14.88,3.6858,67.3904,0.00000,0.03783
14.12,14.88,3.6700,72.9934,0.00000,0.03596
14.38,14.88,3.7183,78.0427,0.00000,0.03370
14.62,14.88,3.7931,80.3605,0.00000,0.03242
14.88,14.88,3.8248,79.8812,0.00001,0.03268
15.12,14.88,3.7963,78.7178,0.00027,0.03305
15.38,14.88,3.4319,72.9506,0.00429,0.03072
2.62,15.12,2.5835,13.3676,0.00000,0.14744
2.88,15.12,3.5357,9.7256,0.00000,0.20476
3.12,15.12,3.5817,7.3547,0.00000,0.22087
3.38,15.12,3.6127,6.6319,0.00000,0.23130
3.62,15.12,3.5044,6.6062,0.00000,0.19706
3.88,15.12,3.5780,6.4427,0.00000,0.16894
4.12,15.12,3.5385,6.7752,0.00000,0.15257
4.38,15.12,3.5955,7.4535,0.00000,0.14754
4.62,15.12,3.5643,8.7339,0.00000,0.13713
4.88,15.12,3.6049,10.4975,0.00000,0.13095
5.12,15.12,3.6219,12.7755,0.00000,0.12903
5.38,15.12,3.6665,15.1468,0.00000,0.12273
5.62,15.12,3.6598,17.3954,0.00000,0.11289
5.88,15.12,3.6833,19.2690,0.00000,0.10380
6.12,15.12,3.6677,21.1382,0.00000,0.09115
6.38,15.12,3.6622,23.1623,0.00000,0.07545
6.62,15.12,3.6663,25.5845,0.00000,0.06121
6.88,15.12,3.6813,28.2780,0.00000,0.05019
7.12,15.12,3.6928,31.0503,0.00000,0.04366
7.38,15.12,3.6992,33.7087,0.00000,0.03850
7.62,15.12,3.7156,35.8880,0.00000,0.03184
7.88,15.12,3.7375,36.7578,0.00000,0.02690
8.12,15.12,3.7418,36.3234,0.00000,0.02490
8.38,15.12,3.7420,35.8015,0.00000,0.02324
8.62,15.12,3.7535,36.2564,0.00000,0.02232
8.88,15.12,3.7587,37.3948,0.00000,0.02312
9.12,15.12,3.7633,38.3977,0.00000,0.02413
9.38,15.12,3.7701,38.9895,0.00000,0.02351
9.62,15.12,3.7601,39.5164,0.00000,0.02217
9.88,15.12,3.7450,39.9012,0.00000,0.02152
10.12,15.12,3.7435,40.0147,0.00000,0.02119
10.38,15.12,3.7630,40.0073,0.00000,0.02060
10.62,15.12,3.7575,39.9039,0.00000,0.02081
10.88,15.12,3.7372,39.8692,0.00000,0.02192
11.12,15.12,3.7455,40.4075,0.00000,0.02343
11.38,15.12,3.7749,41.4221,0.00000,0.02388
11.62,15.12,3.7704,42.8064,0.00000,0.02360
11.88,15.12,3.7444,44.8069,0.00000,0.02456
12.12,15.12,3.7417,46.9875,0.00000,0.02595
12.38,15.12,3.7672,49.9242,0.00000,0.02634
12.62,15.12,3.7503,53.6434,0.00000,0.02686
12.88,15.12,3.7012,57.1342,0.00000,0.02831
13.12,15.12,3.6721,59.7941,0.00000,0.02978
13.38,15.12,3.6798,63.9224,0.00000,0.03094
13.62,15.12,3.6611,71.2291,0.00000,0.03039
13.88,15.12,3.6894,79.5452,0.00000,0.02842
14.12,15.12,3.7897,85.4456,0.00000,0.02692
14.38,15.12,3.9614,87.7353,0.00000,0.02748
14.62,15.12,4.0391,80.7440,0.00000,0.02818
14.88,15.12,3.6888,67.4524,0.00000,0.02699
2.62,15.38,2.5857,13.6936,0.00000,0.14061
2.88,15.38,3.5342,9.5471,0.00000,0.19481
3.12,15.38,3.5742,6.7598,0.00000,0.20922
3.38,15.38,3.6099,5.8451,0.00000,0.21840
3.62,15.38,3.5086,5.7589,0.00000,0.18422
3.88,15.38,3.5869,5.8144,0.00000,0.15673
4.12,15.38,3.5376,6.3109,0.00000,0.14563
4.38,15.38,3.5950,6.8947,0.00000,0.14478
4.62,15.38,3.5559,7.9751,0.00000,0.13691
4.88,15.38,3.6086,9.5903,0.00000,0.13181
5.12,15.38,3.6085,11.7342,0.00000,0.12866
5.38,15.38,3.6529,13.9220,0.00000,0.12258
5.62,15.38,3.6434,15.9175,0.00000,0.11492
5.88,15.38,3.6589,17.5889,0.00000,0.10753
6.12,15.38,3.6718,19.3035,0.00000,0.09523
6.38,15.38,3.6775,21.3241,0.00000,0.07997
6.62,15.38,3.6749,23.9346,0.00000,0.06641
6.88,15.38,3.6815,26.5896,0.00000,0.05502
7.12,15.38,3.6935,29.1620,0.00000,0.04653
7.38,15.38,3.7113,31.6712,0.00000,0.04043
7.62,15.38,3.7239,33.7578,0.00000,0.03420
7.88,15.38,3.7311,35.0366,0.00000,0.02940
8.12,15.38,3.7231,35.2288,0.00000,0.02696
8.38,15.38,3.7179,34.9727,0.00000,0.02472
8.62,15.38,3.7260,35.1788,0.00000,0.02364
8.88,15.38,3.7401,35.6503,0.00000,0.02460
9.12,15.38,3.7573,36.0443,0.00000,0.02594
9.38,15.38,3.7615,36.6024,0.00000,0.02530
9.62,15.38,3.7530,37.3250,0.00000,0.02358
9.88,15.38,3.7636,37.9034,0.00000,0.02268
10.12,15.38,3.7777,38.4366,0.00000,0.02195
10.38,15.38,3.7643,38.9178,0.00000,0.02060
10.62,15.38,3.7462,39.2131,0.00000,0.02024
10.88,15.38,3.7660,39.2426,0.00000,0.02137
11.12,15.38,3.7833,40.0977,0.00000,0.02337
11.38,15.38,3.7534,41.4903,0.00000,0.02395
11.62,15.38,3.7441,43.0138,0.00000,0.02321
11.88,15.38,3.7769,44.9584,0.00000,0.02378
12.12,15.38,3.7892,47.5819,0.00000,0.02500
12.38,15.38,3.7546,51.2191,0.00000,0.02479
12.62,15.38,3.7382,55.6292,0.00000,0.02467
12.88,15.38,3.7487,60.2278,0.00000,0.02542
13.12,15.38,3.7165,65.2966,0.00000,0.02530
13.38,15.38,3.6455,71.2696,0.00000,0.02398
13.62,15.38,3.6942,78.8757,0.00000,0.02258
13.88,15.38,3.9776,86.4697,0.00000,0.02236
14.12,15.38,4.2238,92.9298,0.00000,0.02301
14.38,15.38,4.0523,96.8092,0.00000,0.02339
2.62,15.62,2.5793,12.6393,0.00000,0.13227
2.88,15.62,3.5156,8.9019,0.00000,0.18253
3.12,15.62,3.5596,6.3697,0.00000,0.19379
3.38,15.62,3.6111,5.4456,0.00000,0.20138
3.62,15.62,3.5046,5.2859,0.00000,0.17159
3.88,15.62,3.5798,5.3685,0.00000,0.14807
4.12,15.62,3.5235,5.8453,0.00000,0.13919
4.38,15.62,3.5843,6.3090,0.00000,0.14064
4.62,15.62,3.5436,7.2697,0.00000,0.13585
4.88,15.62,3.5920,8.7781,0.00000,0.13196
5.12,15.62,3.5821,10.7101,0.00000,0.12804
5.38,15.62,3.6074,12.5403,0.00000,0.12136
5.62,15.62,3.6170,14.2361,0.00000,0.11445
5.88,15.62,3.6425,15.8802,0.00000,0.10736
6.12,15.62,3.6535,17.6688,0.00000,0.09643
6.38,15.62,3.6698,19.7351,0.00000,0.08403
6.62,15.62,3.6805,22.3299,0.00000,0.07214
6.88,15.62,3.6936,24.8485,0.00000,0.06115
7.12,15.62,3.7003,27.0544,0.00000,0.05147
7.38,15.62,3.7177,29.2702,0.00000,0.04406
7.62,15.62,3.7247,31.3909,0.00000,0.03755
7.88,15.62,3.7228,33.1511,0.00000,0.03272
8.12,15.62,3.7088,33.9534,0.00000,0.02969
8.38,15.62,3.7061,34.0035,0.00000,0.02688
8.62,15.62,3.7212,33.9902,0.00000,0.02529
8.88,15.62,3.7331,34.0983,0.00000,0.02509
9.12,15.62,3.7299,34.4688,0.00000,0.02525
9.38,15.62,3.7443,35.2190,0.00000,0.02485
9.62,15.62,3.7646,36.1367,0.00000,0.02417
9.88,15.62,3.7669,37.0641,0.00000,0.02343
10.12,15.62,3.7512,37.8239,0.00000,0.02228
10.38,15.62,3.7593,38.1520,0.00000,0.02102
10.62,15.62,3.7766,38.6225,0.00000,0.02061
10.88,15.62,3.7720,39.2871,0.00000,0.02113
11.12,15.62,3.7643,40.6728,0.00000,0.02252
11.38,15.62,3.7706,42.1501,0.00000,0.02316
11.62,15.62,3.7794,43.7255,0.00000,0.02222
11.88,15.62,3.7561,46.0132,0.00000,0.02167
12.12,15.62,3.7515,49.4248,0.00000,0.02238
12.38,15.62,3.7621,53.6357,0.00000,0.02270
12.62,15.62,3.7505,59.1142,0.00000,0.02200
12.88,15.62,3.6989,66.2686,0.00000,0.02070
13.12,15.62,3.7173,73.1394,0.00000,0.01930
13.38,15.62,3.7773,74.8514,0.00000,0.01813
13.62,15.62,3.8508,75.3459,0.00000,0.01771
13.88,15.62,4.0510,81.8696,0.00000,0.01858
2.62,15.88,2.5645,11.0983,0.00000,0.12456
2.88,15.88,3.4870,8.1706,0.00000,0.17199
3.12,15.88,3.5296,6.2530,0.00000,0.18314
3.38,15.88,3.5884,5.4602,0.00000,0.19140
3.62,15.88,3.4777,5.1901,0.00000,0.16384
3.88,15.88,3.5484,5.0238,0.00000,0.14187
4.12,15.88,3.4881,5.3087,0.00000,0.13489
4.38,15.88,3.5533,5.7784,0.00000,0.13846
4.62,15.88,3.5327,6.7011,0.00000,0.13380
4.88,15.88,3.5709,8.0310,0.00000,0.12809
5.12,15.88,3.5633,9.6941,0.00000,0.12456
5.38,15.88,3.5848,11.2405,0.00000,0.11919
5.62,15.88,3.5916,12.7809,0.00000,0.11350
5.88,15.88,3.6324,14.5503,0.00000,0.10797
6.12,15.88,3.6512,16.4930,0.00000,0.09930
6.38,15.88,3.6689,18.4773,0.00000,0.08845
6.62,15.88,3.6741,20.7478,0.00000,0.07600
6.88,15.88,3.6837,23.0414,0.00000,0.06424
7.12,15.88,3.6873,25.0749,0.00000,0.05423
7.38,15.88,3.6969,27.2342,0.00000,0.04650
7.62,15.88,3.6925,29.5436,0.00000,0.04008
7.88,15.88,3.6921,31.6260,0.00000,0.03546
8.12,15.88,3.7001,32.8112,0.00000,0.03211
8.38,15.88,3.7124,33.1080,0.00000,0.02888
8.62,15.88,3.7185,33.0216,0.00000,0.02657
8.88,15.88,3.7221,33.1118,0.00000,0.02551
9.12,15.88,3.7272,33.7856,0.00000,0.02526
9.38,15.88,3.7388,34.8863,0.00000,0.02499
9.62,15.88,3.7299,35.9788,0.00000,0.02436
9.88,15.88,3.7411,36.8721,0.00000,0.02356
10.12,15.88,3.7530,37.4291,0.00000,0.02261
10.38,15.88,3.7544,37.8279,0.00000,0.02143
10.62,15.88,3.7529,38.4905,0.00000,0.02074
10.88,15.88,3.7671,39.3761,0.00000,0.02090
11.12,15.88,3.7850,41.0190,0.00000,0.02133
11.38,15.88,3.7682,43.0539,0.00000,0.02084
11.62,15.88,3.7388,45.5430,0.00000,0.01949
11.88,15.88,3.7372,48.7227,0.00000,0.01892
12.12,15.88,3.7465,53.0470,0.00000,0.01918
12.38,15.88,3.7152,58.6847,0.00000,0.01867
12.62,15.88,3.7294,65.5792,0.00000,0.01733
12.88,15.88,3.7952,74.8542,0.00000,0.01615
13.12,15.88,3.8856,81.9430,0.00000,0.01559
13.38,15.88,3.8157,75.4131,0.00000,0.01516
13.62,15.88,3.4913,62.8381,0.00000,0.01409
2.62,16.12,2.5561,10.6818,0.00000,0.11600
2.88,16.12,3.4761,7.8130,0.00000,0.16079
3.12,16.12,3.5142,5.9851,0.00000,0.17304
3.38,16.12,3.5662,5.2629,0.00000,0.18245
3.62,16.12,3.4398,4.9858,0.00000,0.15578
3.88,16.12,3.4981,4.6775,0.00000,0.13503
4.12,16.12,3.4465,4.8468,0.00000,0.13081
4.38,16.12,3.5167,5.3533,0.00000,0.13507
4.62,16.12,3.5179,6.2042,0.00000,0.13004
4.88,16.12,3.5579,7.2990,0.00000,0.12334
5.12,16.12,3.5535,8.7110,0.00000,0.12034
5.38,16.12,3.5882,10.1639,0.00000,0.11660
5.62,16.12,3.5916,11.7630,0.00000,0.11246
5.88,16.12,3.6229,13.6502,0.00000,0.10848
6.12,16.12,3.6383,15.5985,0.00000,0.10186
6.38,16.12,3.6688,17.4170,0.00000,0.09197
6.62,16.12,3.6792,19.2637,0.00000,0.07902
6.88,16.12,3.6792,21.3006,0.00000,0.06675
7.12,16.12,3.6791,23.4042,0.00000,0.05637
7.38,16.12,3.6850,25.6361,0.00000,0.04805
7.62,16.12,3.6817,27.9807,0.00000,0.04135
7.88,16.12,3.6936,30.2378,0.00000,0.03683
8.12,16.12,3.7100,31.7739,0.00000,0.03354
8.38,16.12,3.7154,32.2586,0.00000,0.03066
8.62,16.12,3.7221,32.2842,0.00000,0.02840
8.88,16.12,3.7337,32.7037,0.00000,0.02697
9.12,16.12,3.7311,33.6664,0.00000,0.02683
9.38,16.12,3.7283,34.8476,0.00000,0.02682
9.62,16.12,3.7413,35.9997,0.00000,0.02586
9.88,16.12,3.7586,37.1127,0.00000,0.02442
10.12,16.12,3.7303,37.7156,0.00000,0.02289
10.38,16.12,3.7337,37.9851,0.00000,0.02165
10.62,16.12,3.7803,38.3234,0.00000,0.02114
10.88,16.12,3.7872,39.3192,0.00000,0.02053
11.12,16.12,3.7381,41.3107,0.00000,0.01928
11.38,16.12,3.7344,44.1676,0.00000,0.01800
11.62,16.12,3.7665,48.9611,0.00000,0.01689
11.88,16.12,3.7484,54.8690,0.00000,0.01605
12.12,16.12,3.6815,59.0174,0.00000,0.01507
12.38,16.12,3.7148,63.4557,0.00000,0.01423
12.62,16.12,3.9263,69.7739,0.00000,0.01414
12.88,16.12,4.0410,81.3465,0.00000,0.01433
13.12,16.12,3.7605,93.1131,0.00000,0.01351
2.62,16.38,2.5529,10.8176,0.00000,0.10900
2.88,16.38,3.4800,7.5594,0.00000,0.15226
3.12,16.38,3.5121,5.5178,0.00000,0.16573
3.38,16.38,3.5487,4.8305,0.00000,0.17555
3.62,16.38,3.4198,4.6224,0.00000,0.14906
3.88,16.38,3.4781,4.3725,0.00000,0.12892
4.12,16.38,3.4267,4.5711,0.00000,0.12712
4.38,16.38,3.4900,5.0315,0.00000,0.13167
4.62,16.38,3.4873,5.7044,0.00000,0.12566
4.88,16.38,3.5318,6.5647,0.00000,0.11878
5.12,16.38,3.5315,7.7899,0.00000,0.11648
5.38,16.38,3.5737,9.2527,0.00000,0.11408
5.62,16.38,3.5935,10.9565,0.00000,0.11126
5.88,16.38,3.6309,12.8144,0.00000,0.10882
6.12,16.38,3.6381,14.5825,0.00000,0.10433
6.38,16.38,3.6577,16.3191,0.00000,0.09494
6.62,16.38,3.6685,18.0701,0.00000,0.08177
6.88,16.38,3.6655,19.9506,0.00000,0.06902
7.12,16.38,3.6677,21.9447,0.00000,0.05787
7.38,16.38,3.6779,24.0785,0.00000,0.04855
7.62,16.38,3.6867,26.3294,0.00000,0.04148
7.88,16.38,3.6990,28.6088,0.00000,0.03704
8.12,16.38,3.7106,30.4648,0.00000,0.03410
8.38,16.38,3.7233,31.3465,0.00000,0.03246
8.62,16.38,3.7272,31.7317,0.00000,0.03106
8.88,16.38,3.7207,32.3053,0.00000,0.02933
9.12,16.38,3.7375,33.1149,0.00000,0.02922
9.38,16.38,3.7567,34.2668,0.00000,0.02952
9.62,16.38,3.7531,35.7294,0.00000,0.02827
9.88,16.38,3.7488,37.1759,0.00000,0.02624
10.12,16.38,3.7551,37.8530,0.00000,0.02399
10.38,16.38,3.7649,38.2615,0.00000,0.02207
10.62,16.38,3.7423,38.6199,0.00000,0.02069
10.88,16.38,3.7435,39.7056,0.00000,0.01924
11.12,16.38,3.7613,42.0275,0.00000,0.01762
11.38,16.38,3.7664,46.1012,0.00000,0.01625
11.62,16.38,3.7113,52.8732,0.00000,0.01465
11.88,16.38,3.7145,59.7832,0.00000,0.01341
12.12,16.38,3.7440,60.0929,0.00000,0.01239
12.38,16.38,3.7345,59.1137,0.00000,0.01187
12.62,16.38,3.7368,64.7041,0.00000,0.01197
2.62,16.62,2.5483,10.6433,0.00000,0.10380
2.88,16.62,3.4814,7.2043,0.00000,0.14576
3.12,16.62,3.5091,5.0667,0.00000,0.15849
3.38,16.62,3.5354,4.4185,0.00000,0.16691
3.62,16.62,3.4089,4.3174,0.00000,0.14218
3.88,16.62,3.4693,4.1803,0.00000,0.12378
4.12,16.62,3.4070,4.4221,0.00000,0.12363
4.38,16.62,3.4678,4.8043,0.00000,0.12877
4.62,16.62,3.4548,5.3193,0.00000,0.12147
4.88,16.62,3.4971,5.9506,0.00000,0.11431
5.12,16.62,3.5152,6.9382,0.00000,0.11279
5.38,16.62,3.5695,8.3410,0.00000,0.11131
5.62,16.62,3.5904,10.0977,0.00000,0.10871
5.88,16.62,3.6162,11.9765,0.00000,0.10793
6.12,16.62,3.6248,13.7609,0.00000,0.10631
6.38,16.62,3.6391,15.5102,0.00000,0.09723
6.62,16.62,3.6567,17.2053,0.00000,0.08389
6.88,16.62,3.6630,18.9667,0.00000,0.07016
7.12,16.62,3.6691,20.8172,0.00000,0.05803
7.38,16.62,3.6757,22.8327,0.00000,0.04819
7.62,16.62,3.6830,24.9500,0.00000,0.04128
7.88,16.62,3.6979,27.1257,0.00000,0.03753
8.12,16.62,3.7111,29.1637,0.00000,0.03532
8.38,16.62,3.7129,30.3188,0.00000,0.03432
8.62,16.62,3.7212,30.8058,0.00000,0.03329
8.88,16.62,3.7320,31.3651,0.00000,0.03160
9.12,16.62,3.7459,32.1937,0.00000,0.03094
9.38,16.62,3.7418,33.2761,0.00000,0.03085
9.62,16.62,3.7499,34.8020,0.00000,0.02980
9.88,16.62,3.7618,36.6960,0.00000,0.02781
10.12,16.62,3.7357,38.0939,0.00000,0.02452
10.38,16.62,3.7129,39.1949,0.00000,0.02139
10.62,16.62,3.7290,40.1579,0.00000,0.01962
10.88,16.62,3.7581,42.0879,0.00000,0.01809
11.12,16.62,3.7218,45.1810,0.00000,0.01604
11.38,16.62,3.7470,49.0566,0.00000,0.01458
11.62,16.62,3.7754,51.9055,0.00000,0.01342
11.88,16.62,3.7630,53.6383,0.00000,0.01250
12.12,16.62,3.5439,51.4173,0.00000,0.01102
12.38,16.62,3.1460,46.2577,0.00000,0.00949
2.62,16.88,2.5344,10.1608,0.00000,0.09725
2.88,16.88,3.4654,6.8046,0.00000,0.13774
3.12,16.88,3.4993,4.7287,0.00000,0.15249
3.38,16.88,3.5387,4.0535,0.00000,0.16244
3.62,16.88,3.4004,3.9103,0.00000,0.13768
3.88,16.88,3.4431,3.8245,0.00000,0.11775
4.12,16.88,3.3711,4.1422,0.00000,0.11646
4.38,16.88,3.4416,4.5256,0.00000,0.12281
4.62,16.88,3.4413,4.9639,0.00000,0.11787
4.88,16.88,3.4767,5.4435,0.00000,0.11071
5.12,16.88,3.4819,6.2543,0.00000,0.10801
5.38,16.88,3.5371,7.6054,0.00000,0.10668
5.62,16.88,3.5765,9.3822,0.00000,0.10597
5.88,16.88,3.5977,11.3202,0.00000,0.10787
6.12,16.88,3.6087,13.2254,0.00000,0.10828
6.38,16.88,3.6267,14.9430,0.00000,0.09950
6.62,16.88,3.6558,16.4939,0.00000,0.08657
6.88,16.88,3.6638,18.1276,0.00000,0.07172
7.12,16.88,3.6655,19.8564,0.00000,0.05790
7.38,16.88,3.6754,21.8071,0.00000,0.04791
7.62,16.88,3.6834,23.9595,0.00000,0.04197
7.88,16.88,3.6919,26.0767,0.00000,0.03908
8.12,16.88,3.6995,28.0407,0.00000,0.03683
8.38,16.88,3.7089,29.4135,0.00000,0.03532
8.62,16.88,3.7236,30.2604,0.00000,0.03402
8.88,16.88,3.7191,30.8866,0.00000,0.03246
9.12,16.88,3.7283,31.5452,0.00000,0.03184
9.38,16.88,3.7477,32.4029,0.00000,0.03146
9.62,16.88,3.7438,34.1114,0.00000,0.02957
9.88,16.88,3.7135,36.5161,0.00000,0.02655
10.12,16.88,3.7023,38.5113,0.00000,0.02287
10.38,16.88,3.7121,40.5203,0.00000,0.01991
10.62,16.88,3.7085,43.0981,0.00000,0.01816
10.88,16.88,3.7326,46.3431,0.00000,0.01656
11.12,16.88,3.7737,49.7100,0.00000,0.01477
11.38,16.88,3.8729,52.0483,0.00000,0.01389
11.62,16.88,3.7915,48.5097,0.00000,0.01297
11.88,16.88,3.4086,41.6979,0.00000,0.01129
2.62,17.12,2.5297,9.3913,0.00000,0.08943
2.88,17.12,3.4537,6.3013,0.00000,0.12740
3.12,17.12,3.4846,4.4011,0.00000,0.14319
3.38,17.12,3.5373,3.7004,0.00000,0.15444
3.62,17.12,3.4001,3.4629,0.00000,0.13135
3.88,17.12,3.4395,3.3335,0.00000,0.11200
4.12,17.12,3.3511,3.6329,0.00000,0.10861
4.38,17.12,3.4008,4.0538,0.00000,0.11405
4.62,17.12,3.4054,4.5010,0.00000,0.11200
4.88,17.12,3.4674,4.9805,0.00000,0.10720
5.12,17.12,3.4937,5.7785,0.00000,0.10534
5.38,17.12,3.5309,7.0208,0.00000,0.10307
5.62,17.12,3.5480,8.6196,0.00000,0.10208
5.88,17.12,3.5652,10.5475,0.00000,0.10572
6.12,17.12,3.5973,12.5425,0.00000,0.10905
6.38,17.12,3.6161,14.2968,0.00000,0.10211
6.62,17.12,3.6354,15.8290,0.00000,0.08960
6.88,17.12,3.6555,17.3500,0.00000,0.07401
7.12,17.12,3.6791,18.9959,0.00000,0.05901
7.38,17.12,3.6901,20.9691,0.00000,0.04851
7.62,17.12,3.6867,23.1666,0.00000,0.04294
7.88,17.12,3.6961,25.1391,0.00000,0.04045
8.12,17.12,3.7023,26.9445,0.00000,0.03764
8.38,17.12,3.6997,28.5449,0.00000,0.03507
8.62,17.12,3.7094,29.7544,0.00000,0.03359
8.88,17.12,3.7232,30.5668,0.00000,0.03245
9.12,17.12,3.7275,31.4066,0.00000,0.03195
9.38,17.12,3.7103,32.4068,0.00000,0.03088
9.62,17.12,3.7036,34.2429,0.00000,0.02831
9.88,17.12,3.7111,36.7882,0.00000,0.02479
10.12,17.12,3.6959,39.5147,0.00000,0.02066
10.38,17.12,3.6475,42.1886,0.00000,0.01756
10.62,17.12,3.6915,44.8907,0.00000,0.01641
10.88,17.12,3.8986,47.9446,0.00000,0.01606
11.12,17.12,3.9810,52.0543,0.00000,0.01475
11.38,17.12,3.7205,55.6464,0.00000,0.01290
2.62,17.38,2.5046,8.7769,0.00000,0.08457
2.88,17.38,3.4245,5.8982,0.00000,0.11965
3.12,17.38,3.4719,4.1108,0.00000,0.13190
3.38,17.38,3.5430,3.3758,0.00000,0.14018
3.62,17.38,3.4016,3.0690,0.00000,0.11865
3.88,17.38,3.4340,2.8819,0.00000,0.10086
4.12,17.38,3.3271,3.1172,0.00000,0.09793
4.38,17.38,3.3712,3.5787,0.00000,0.10436
4.62,17.38,3.3815,4.0707,0.00000,0.10454
4.88,17.38,3.4357,4.5354,0.00000,0.10096
5.12,17.38,3.4633,5.2827,0.00000,0.09900
5.38,17.38,3.5055,6.4076,0.00000,0.09665
5.62,17.38,3.5358,7.8201,0.00000,0.09706
5.88,17.38,3.5624,9.6328,0.00000,0.10270
6.12,17.38,3.5908,11.6348,0.00000,0.10847
6.38,17.38,3.6094,13.4803,0.00000,0.10416
6.62,17.38,3.6347,15.0044,0.00000,0.09262
6.88,17.38,3.6552,16.4620,0.00000,0.07626
7.12,17.38,3.6770,18.1542,0.00000,0.06034
7.38,17.38,3.6871,20.1715,0.00000,0.04935
7.62,17.38,3.6906,22.4617,0.00000,0.04392
7.88,17.38,3.6949,24.4756,0.00000,0.04142
8.12,17.38,3.6816,26.1008,0.00000,0.03803
8.38,17.38,3.6816,27.5580,0.00000,0.03465
8.62,17.38,3.6958,28.8496,0.00000,0.03277
8.88,17.38,3.6887,30.0516,0.00000,0.03128
9.12,17.38,3.6795,31.6513,0.00000,0.03053
9.38,17.38,3.6906,33.6341,0.00000,0.02943
9.62,17.38,3.7004,36.2606,0.00000,0.02671
9.88,17.38,3.6609,38.3788,0.00000,0.02253
10.12,17.38,3.6582,40.2155,0.00000,0.01866
10.38,17.38,3.6750,40.9292,0.00000,0.01634
10.62,17.38,3.6661,40.9897,0.00000,0.01534
10.88,17.38,3.7149,43.8154,0.00000,0.01506
2.62,17.62,2.5153,7.2832,0.00000,0.07812
2.88,17.62,3.4366,5.0100,0.00000,0.10969
3.12,17.62,3.4607,3.5934,0.00000,0.11806
3.38,17.62,3.5056,2.9748,0.00000,0.12294
3.62,17.62,3.3802,2.6974,0.00000,0.10437
3.88,17.62,3.4447,2.5191,0.00000,0.09026
4.12,17.62,3.3170,2.7525,0.00000,0.09014
4.38,17.62,3.3286,3.3068,0.00000,0.09935
4.62,17.62,3.3371,3.8683,0.00000,0.10097
4.88,17.62,3.3993,4.2410,0.00000,0.09731
5.12,17.62,3.4354,4.8215,0.00000,0.09441
5.38,17.62,3.4738,5.8075,0.00000,0.09053
5.62,17.62,3.5102,7.0779,0.00000,0.09024
5.88,17.62,3.5533,8.7207,0.00000,0.09686
6.12,17.62,3.5971,10.7364,0.00000,0.10546
6.38,17.62,3.6243,12.7865,0.00000,0.10476
6.62,17.62,3.6327,14.3007,0.00000,0.09374
6.88,17.62,3.6344,15.5644,0.00000,0.07655
7.12,17.62,3.6565,17.1348,0.00000,0.06123
7.38,17.62,3.6667,19.1321,0.00000,0.05075
7.62,17.62,3.6670,21.4841,0.00000,0.04544
7.88,17.62,3.6733,23.6774,0.00000,0.04283
8.12,17.62,3.6696,25.5574,0.00000,0.03908
8.38,17.62,3.6553,27.1859,0.00000,0.03442
8.62,17.62,3.6413,28.4281,0.00000,0.03139
8.88,17.62,3.6532,29.8738,0.00000,0.02986
9.12,17.62,3.6649,32.6266,0.00000,0.02882
9.38,17.62,3.6462,36.1713,0.00000,0.02665
9.62,17.62,3.6744,39.1251,0.00000,0.02375
9.88,17.62,3.6979,38.4518,0.00000,0.02060
10.12,17.62,3.6797,36.5618,0.00000,0.01793
10.38,17.62,3.4866,34.9265,0.00000,0.01558
10.62,17.62,3.1092,32.0471,0.00000,0.01316
2.62,17.88,2.4980,6.1372,0.00000,0.07318
2.88,17.88,3.4191,4.2758,0.00000,0.10178
3.12,17.88,3.4596,3.0798,0.00000,0.10580
3.38,17.88,3.5180,2.5574,0.00000,0.10710
3.62,17.88,3.3628,2.3719,0.00000,0.09225
3.88,17.88,3.3967,2.2368,0.00000,0.08193
4.12,17.88,3.2871,2.4488,0.00000,0.08382
4.38,17.88,3.3265,3.0219,0.00000,0.09485
4.62,17.88,3.3198,3.6398,0.00000,0.09793
4.88,17.88,3.3498,4.0410,0.00000,0.09445
5.12,17.88,3.3804,4.6104,0.00000,0.09151
5.38,17.88,3.4234,5.4767,0.00000,0.08707
5.62,17.88,3.4680,6.5599,0.00000,0.08526
5.88,17.88,3.5069,8.0426,0.00000,0.09020
6.12,17.88,3.5462,9.9359,0.00000,0.09832
6.38,17.88,3.5870,11.9637,0.00000,0.09874
6.62,17.88,3.6170,13.5276,0.00000,0.08928
6.88,17.88,3.6174,14.8843,0.00000,0.07535
7.12,17.88,3.6129,16.3496,0.00000,0.06352
7.38,17.88,3.6238,18.0408,0.00000,0.05478
7.62,17.88,3.6464,20.1920,0.00000,0.04865
7.88,17.88,3.6427,22.6711,0.00000,0.04364
8.12,17.88,3.6087,24.9999,0.00000,0.03833
8.38,17.88,3.6040,27.0188,0.00000,0.03338
8.62,17.88,3.6204,28.8709,0.00000,0.03045
8.88,17.88,3.6249,31.3228,0.00000,0.02846
9.12,17.88,3.6417,34.8262,0.00000,0.02642
9.38,17.88,3.6961,38.4582,0.00000,0.02433
9.62,17.88,3.7935,40.4133,0.00000,0.02243
9.88,17.88,3.7187,36.3672,0.00000,0.01988
10.12,17.88,3.3489,29.5765,0.00000,0.01644
2.62,18.12,2.5189,6.0660,0.00000,0.06823
2.88,18.12,3.4394,3.9966,0.00000,0.09452
3.12,18.12,3.4432,2.6796,0.00000,0.09627
3.38,18.12,3.4690,2.1990,0.00000,0.09551
3.62,18.12,3.3278,2.0613,0.00000,0.08225
3.88,18.12,3.3810,1.9308,0.00000,0.07333
4.12,18.12,3.2650,2.1463,0.00000,0.07713
4.38,18.12,3.2915,2.7087,0.00000,0.08894
4.62,18.12,3.2900,3.3096,0.00000,0.09225
4.88,18.12,3.3303,3.7307,0.00000,0.08938
5.12,18.12,3.3680,4.4099,0.00000,0.08809
5.38,18.12,3.3969,5.3756,0.00000,0.08555
5.62,18.12,3.4158,6.4150,0.00000,0.08446
5.88,18.12,3.4424,7.7820,0.00000,0.08854
6.12,18.12,3.4997,9.5358,0.00000,0.09526
6.38,18.12,3.5367,11.4395,0.00000,0.09405
6.62,18.12,3.5498,12.9001,0.00000,0.08434
6.88,18.12,3.5525,14.1722,0.00000,0.07239
7.12,18.12,3.5749,15.5272,0.00000,0.06364
7.38,18.12,3.5939,17.2736,0.00000,0.05698
7.62,18.12,3.5911,19.4695,0.00000,0.04963
7.88,18.12,3.5959,21.9972,0.00000,0.04237
8.12,18.12,3.5968,24.6146,0.00000,0.03664
8.38,18.12,3.5875,27.4655,0.00000,0.03242
8.62,18.12,3.5557,29.8213,0.00000,0.02940
8.88,18.12,3.5957,31.9676,0.00000,0.02683
9.12,18.12,3.7818,34.8088,0.00000,0.02542
9.38,18.12,3.8860,38.7345,0.00000,0.02448
9.62,18.12,3.6640,41.7389,0.00000,0.02163
2.62,18.38,2.4796,5.9392,0.00000,0.06467
2.88,18.38,3.3919,3.6967,0.00000,0.08929
3.12,18.38,3.4166,2.2564,0.00000,0.09024
3.38,18.38,3.4447,1.8200,0.00000,0.08791
3.62,18.38,3.2569,1.7426,0.00000,0.07380
3.88,18.38,3.2791,1.6491,0.00000,0.06555
4.12,18.38,3.1941,1.8460,0.00000,0.07040
4.38,18.38,3.2596,2.2625,0.00000,0.08079
4.62,18.38,3.2715,2.7571,0.00000,0.08421
4.88,18.38,3.2918,3.2691,0.00000,0.08394
5.12,18.38,3.3281,4.0582,0.00000,0.08438
5.38,18.38,3.3766,5.0359,0.00000,0.08279
5.62,18.38,3.4229,6.0771,0.00000,0.08341
5.88,18.38,3.4331,7.5331,0.00000,0.08846
6.12,18.38,3.4545,9.3167,0.00000,0.09313
6.38,18.38,3.4714,11.0681,0.00000,0.08850
6.62,18.38,3.5049,12.3452,0.00000,0.07813
6.88,18.38,3.5283,13.5647,0.00000,0.06770
7.12,18.38,3.5382,14.9080,0.00000,0.06015
7.38,18.38,3.5418,16.8418,0.00000,0.05426
7.62,18.38,3.5580,19.4331,0.00000,0.04782
7.88,18.38,3.5798,22.5124,0.00000,0.04103
8.12,18.38,3.5517,25.2753,0.00000,0.03609
8.38,18.38,3.5482,27.7925,0.00000,0.03384
8.62,18.38,3.5441,28.5462,0.00000,0.03137
8.88,18.38,3.5326,28.4705,0.00000,0.02701
9.12,18.38,3.6144,30.7292,0.00000,0.02399
2.62,18.62,2.4626,4.8260,0.00000,0.06024
2.88,18.62,3.3549,3.0216,0.00000,0.08281
3.12,18.62,3.3602,1.8990,0.00000,0.08497
3.38,18.62,3.3735,1.6345,0.00000,0.08417
3.62,18.62,3.1929,1.6209,0.00000,0.06976
3.88,18.62,3.2222,1.4730,0.00000,0.06090
4.12,18.62,3.1141,1.5535,0.00000,0.06374
4.38,18.62,3.1577,1.8168,0.00000,0.07163
4.62,18.62,3.1914,2.1691,0.00000,0.07514
4.88,18.62,3.2484,2.6647,0.00000,0.07690
5.12,18.62,3.3311,3.4362,0.00000,0.07910
5.38,18.62,3.3784,4.3280,0.00000,0.07856
5.62,18.62,3.4169,5.3401,0.00000,0.08006
5.88,18.62,3.4154,6.8053,0.00000,0.08378
6.12,18.62,3.4330,8.5698,0.00000,0.08531
6.38,18.62,3.4562,10.4902,0.00000,0.08075
6.62,18.62,3.4791,12.0687,0.00000,0.07238
6.88,18.62,3.4851,13.3562,0.00000,0.06286
7.12,18.62,3.5133,14.6151,0.00000,0.05562
7.38,18.62,3.5314,16.8873,0.00000,0.05065
7.62,18.62,3.5150,20.3543,0.00000,0.04502
7.88,18.62,3.5385,23.8229,0.00000,0.03910
8.12,18.62,3.5679,24.7871,0.00000,0.03635
8.38,18.62,3.5595,24.6542,0.00000,0.03634
8.62,18.62,3.3620,23.8072,0.00000,0.03346
8.88,18.62,3.0033,21.7860,0.00000,0.02583
2.62,18.88,2.4487,3.9480,0.00000,0.05773
2.88,18.88,3.3281,2.5632,0.00000,0.07894
3.12,18.88,3.3343,1.7017,0.00000,0.08009
3.38,18.88,3.3528,1.4832,0.00000,0.07885
3.62,18.88,3.1685,1.4765,0.00000,0.06625
3.88,18.88,3.1890,1.3240,0.00000,0.05855
4.12,18.88,3.0573,1.3429,0.00000,0.05943
4.38,18.88,3.0942,1.5155,0.00000,0.06534
4.62,18.88,3.1659,1.7567,0.00000,0.06839
4.88,18.88,3.2509,2.1952,0.00000,0.06998
5.12,18.88,3.3384,2.8867,0.00000,0.07151
5.38,18.88,3.3634,3.6222,0.00000,0.07043
5.62,18.88,3.4110,4.5200,0.00000,0.07336
5.88,18.88,3.4269,5.9534,0.00000,0.07914
6.12,18.88,3.4328,7.7610,0.00000,0.08000
6.38,18.88,3.4191,9.8564,0.00000,0.07453
6.62,18.88,3.4475,11.5930,0.00000,0.06742
6.88,18.88,3.4833,13.0487,0.00000,0.06021
7.12,18.88,3.5045,14.8486,0.00000,0.05386
7.38,18.88,3.5147,17.6844,0.00000,0.04949
7.62,18.88,3.5511,21.3468,0.00000,0.04463
7.88,18.88,3.6332,24.2889,0.00000,0.03899
8.12,18.88,3.5778,22.9701,0.00000,0.03547
8.38,18.88,3.2494,19.3786,0.00000,0.03323
2.62,19.12,2.4335,4.0089,0.00000,0.05568
2.88,19.12,3.3204,2.5733,0.00000,0.07649
3.12,19.12,3.3545,1.6512,0.00000,0.07668
3.38,19.12,3.3928,1.3837,0.00000,0.07422
3.62,19.12,3.1758,1.3447,0.00000,0.06252
3.88,19.12,3.1793,1.1762,0.00000,0.05559
4.12,19.12,3.0869,1.2000,0.00000,0.05683
4.38,19.12,3.1460,1.4177,0.00000,0.06286
4.62,19.12,3.1926,1.6426,0.00000,0.06446
4.88,19.12,3.2422,2.0135,0.00000,0.06371
5.12,19.12,3.3382,2.5667,0.00000,0.06319
5.38,19.12,3.3825,3.1968,0.00000,0.06265
5.62,19.12,3.4400,4.0561,0.00000,0.06774
5.88,19.12,3.4237,5.3554,0.00000,0.07477
6.12,19.12,3.4224,7.1014,0.00000,0.07563
6.38,19.12,3.4368,9.5059,0.00000,0.07048
6.62,19.12,3.4655,11.7771,0.00000,0.06543
6.88,19.12,3.4476,13.4412,0.00000,0.06166
7.12,19.12,3.4953,15.3078,0.00000,0.05812
7.38,19.12,3.6597,18.0610,0.00000,0.05512
7.62,19.12,3.7355,21.7309,0.00000,0.04942
7.88,19.12,3.5167,25.0002,0.00000,0.03932
2.62,19.38,2.5092,4.8356,0.00000,0.05238
2.88,19.38,3.4129,2.8741,0.00000,0.07163
3.12,19.38,3.3977,1.5701,0.00000,0.06979
3.38,19.38,3.4077,1.2358,0.00000,0.06637
3.62,19.38,3.2205,1.2030,0.00000,0.05800
3.88,19.38,3.2450,1.0533,0.00000,0.05344
4.12,19.38,3.1103,1.1304,0.00000,0.05371
4.38,19.38,3.1117,1.4103,0.00000,0.05788
4.62,19.38,3.1862,1.6359,0.00000,0.05849
4.88,19.38,3.2749,2.0061,0.00000,0.05812
5.12,19.38,3.3731,2.5529,0.00000,0.05850
5.38,19.38,3.3545,3.1436,0.00000,0.05858
5.62,19.38,3.3972,3.9651,0.00000,0.06315
5.88,19.38,3.4354,5.2687,0.00000,0.06929
6.12,19.38,3.4591,7.2420,0.00000,0.07022
6.38,19.38,3.4169,9.9757,0.00000,0.06617
6.62,19.38,3.4390,12.4143,0.00000,0.06476
6.88,19.38,3.4521,13.3454,0.00000,0.06530
7.12,19.38,3.4640,13.9679,0.00000,0.06324
7.38,19.38,3.5504,16.2739,0.00000,0.05890
2.62,19.62,2.4511,5.5824,0.00000,0.04837
2.88,19.62,3.3578,3.1495,0.00000,0.06577
3.12,19.62,3.4169,1.4902,0.00000,0.06274
3.38,19.62,3.4900,1.0854,0.00000,0.05926
3.62,19.62,3.2355,1.0586,0.00000,0.05392
3.88,19.62,3.1849,0.9534,0.00000,0.05099
4.12,19.62,3.0906,1.0562,0.00000,0.04989
4.38,19.62,3.1409,1.3292,0.00000,0.05260
4.62,19.62,3.2168,1.6094,0.00000,0.05375
4.88,19.62,3.2096,2.0614,0.00000,0.05491
5.12,19.62,3.2952,2.6782,0.00000,0.05742
5.38,19.62,3.3357,3.3037,0.00000,0.05822
5.62,19.62,3.3764,4.2532,0.00000,0.05971
5.88,19.62,3.3514,5.8454,0.00000,0.06224
6.12,19.62,3.4074,7.8768,0.00000,0.06446
6.38,19.62,3.4428,9.7770,0.00000,0.06398
6.62,19.62,3.4699,11.0583,0.00000,0.06368
6.88,19.62,3.2997,11.2719,0.00000,0.06097
7.12,19.62,2.9659,10.7309,0.00000,0.05473
2.62,19.88,2.4592,5.0272,0.00000,0.04491
2.88,19.88,3.3579,2.7938,0.00000,0.06104
3.12,19.88,3.3380,1.2916,0.00000,0.05726
3.38,19.88,3.3253,0.9703,0.00000,0.05296
3.62,19.88,3.1118,0.9477,0.00000,0.04898
3.88,19.88,3.1501,0.8653,0.00000,0.04722
4.12,19.88,3.0752,1.0049,0.00000,0.04631
4.38,19.88,3.0520,1.2738,0.00000,0.04854
4.62,19.88,3.1417,1.5580,0.00000,0.04975
4.88,19.88,3.1708,2.0226,0.00000,0.05224
5.12,19.88,3.2604,2.8393,0.00000,0.05700
5.38,19.88,3.2335,3.7960,0.00000,0.05786
5.62,19.88,3.2392,4.8775,0.00000,0.05729
5.88,19.88,3.2854,6.3796,0.00000,0.05918
6.12,19.88,3.4628,7.9476,0.00000,0.06342
6.38,19.88,3.4383,8.6868,0.00000,0.06266
6.62,19.88,3.1426,8.4172,0.00000,0.05638
2.62,20.12,2.2558,3.0681,0.00000,0.04109
2.88,20.12,3.1037,1.7960,0.00000,0.05604
3.12,20.12,3.1695,0.8976,0.00000,0.05284
3.38,20.12,3.2293,0.7185,0.00000,0.04857
3.62,20.12,2.9342,0.7360,0.00000,0.04304
3.88,20.12,2.8737,0.7469,0.00000,0.03993
4.12,20.12,2.8825,0.9492,0.00000,0.04099
4.38,20.12,2.9713,1.1807,0.00000,0.04593
4.62,20.12,3.1239,1.4441,0.00000,0.04798
4.88,20.12,3.0782,2.0107,0.00000,0.04928
5.12,20.12,3.0786,3.0520,0.00000,0.05468
5.38,20.12,3.1126,4.1040,0.00000,0.05776
5.62,20.12,3.2216,4.8423,0.00000,0.05777
5.88,20.12,3.1548,5.8759,0.00000,0.05618
6.12,20.12,3.0784,7.2309,0.00000,0.05558
2.62,20.38,2.2579,1.1705,0.00000,0.03658
2.88,20.38,3.0632,0.8334,0.00000,0.04932
3.12,20.38,2.9884,0.5663,0.00000,0.04555
3.38,20.38,2.9320,0.5370,0.00000,0.04130
3.62,20.38,2.7023,0.5792,0.00000,0.03608
3.88,20.38,2.7536,0.6039,0.00000,0.03357
4.12,20.38,2.8066,0.7978,0.00000,0.03583
4.38,20.38,2.8017,1.1341,0.00000,0.04311
4.62,20.38,2.8759,1.5156,0.00000,0.04864
4.88,20.38,2.9274,2.0049,0.00000,0.05020
5.12,20.38,3.0891,2.7017,0.00000,0.05455
5.38,20.38,3.0732,3.3903,0.00000,0.05565
5.62,20.38,2.9127,3.7971,0.00000,0.05156
5.88,20.38,2.5357,4.3100,0.00000,0.04440
2.62,20.62,2.2678,0.3842,0.00000,0.03201
2.88,20.62,3.0733,0.4440,0.00000,0.04294
3.12,20.62,3.0010,0.4795,0.00000,0.03980
3.38,20.62,2.9481,0.5161,0.00000,0.03634
3.62,20.62,2.6949,0.5648,0.00000,0.03075
3.88,20.62,2.6945,0.6220,0.00000,0.02844
4.12,20.62,2.6653,0.8311,0.00000,0.03310
4.38,20.62,2.7031,1.2614,0.00000,0.04568
4.62,20.62,2.9434,1.6250,0.00000,0.05576
4.88,20.62,3.0265,1.8317,0.00000,0.05397
5.12,20.62,3.0811,2.0035,0.00000,0.05104
5.38,20.62,2.7668,2.2252,0.00000,0.04617
2.62,20.88,2.2772,0.4585,0.00000,0.02406
2.88,20.88,3.1250,0.5251,0.00000,0.03325
3.12,20.88,3.2032,0.6503,0.00000,0.03447
3.38,20.88,3.2595,0.7647,0.00000,0.03508
3.62,20.88,2.8387,0.7672,0.00000,0.02974
3.88,20.88,2.7108,0.7908,0.00000,0.02814
4.12,20.88,2.7512,0.9774,0.00000,0.03461
4.38,20.88,2.9318,1.3442,0.00000,0.04845
4.62,20.88,3.2858,1.4914,0.00000,0.05800
4.88,20.88,3.0547,1.4135,0.00000,0.05090
2.62,21.12,2.4951,1.3208,0.00000,0.01997
2.88,21.12,3.3842,1.1164,0.00000,0.02780
3.12,21.12,3.3312,1.1141,0.00000,0.02945
3.38,21.12,3.2763,1.1401,0.00000,0.03110
3.62,21.12,2.8944,0.9397,0.00000,0.02877
3.88,21.12,2.8717,0.7950,0.00000,0.02942
4.12,21.12,2.9056,0.9132,0.00000,0.03241
4.38,21.12,2.8012,1.2871,0.00000,0.03894
2.62,21.38,2.1490,2.0875,0.00000,0.01690
2.88,21.38,2.9632,1.6548,0.00000,0.02364
3.12,21.38,3.0991,1.3988,0.00000,0.02548
3.38,21.38,3.2429,1.1322,0.00000,0.02761
3.62,21.38,2.7161,0.7842,0.00000,0.02487
3.88,21.38,2.2983,0.6119,0.00000,0.02264
4.12,21.38,2.2185,0.6672,0.00000,0.02206
2.62,21.62,2.1308,1.3655,0.00000,0.01439
2.88,21.62,2.9009,1.1744,0.00000,0.01997
3.12,21.62,2.7237,1.0558,0.00000,0.02006
3.38,21.62,2.5427,0.8402,0.00000,0.02052
3.62,21.62,2.0185,0.5464,0.00000,0.01762
2.62,21.88,2.2206,0.4395,0.00000,0.01345
2.88,21.88,3.1575,0.4924,0.00000,0.01935
3.12,21.88,2.6294,0.5596,0.00000,0.01706
2.62,22.12,1.6689,0.1175,0.00000,0.01019
