x,y,rho,contact,casualty,pressure
2.62,0.12,0.3598,0.0010,0.00000,0.36887
2.88,0.12,0.7447,0.0032,0.00000,0.71606
3.12,0.12,1.0959,0.0068,0.00000,0.97022
3.38,0.12,1.1607,0.0094,0.00000,0.94291
3.62,0.12,1.1630,0.0136,0.00000,0.88284
3.88,0.12,1.2519,0.0174,0.00000,0.88077
4.12,0.12,1.2884,0.0115,0.00000,0.80874
4.38,0.12,1.2856,0.0035,0.00000,0.71665
4.62,0.12,1.3201,0.0007,0.00000,0.66808
4.88,0.12,1.3389,0.0010,0.00000,0.62371
5.12,0.12,1.3342,0.0023,0.00000,0.57707
5.38,0.12,1.3498,0.0043,0.00000,0.55159
5.62,0.12,1.3744,0.0058,0.00000,0.52594
5.88,0.12,1.3571,0.0037,0.00000,0.47809
6.12,0.12,1.3688,0.0022,0.00000,0.45769
6.38,0.12,1.3813,0.0058,0.00000,0.45955
6.62,0.12,1.3010,0.0956,0.00000,0.44669
6.88,0.12,1.3045,1.0796,0.00000,0.47834
7.12,0.12,1.1612,4.9880,0.00000,0.47276
7.38,0.12,0.7248,10.9656,0.00000,0.31835
2.62,0.38,0.5952,0.0034,0.00000,0.53659
2.88,0.38,1.1637,0.0076,0.00000,0.98506
3.12,0.38,1.5771,0.0133,0.00000,1.24524
3.38,0.38,1.5147,0.0170,0.00000,1.13221
3.62,0.38,1.4473,0.0174,0.00000,1.00983
3.88,0.38,1.5776,0.0152,0.00000,0.97589
4.12,0.38,1.5997,0.0099,0.00000,0.86431
4.38,0.38,1.5514,0.0038,0.00000,0.73521
4.62,0.38,1.5989,0.0016,0.00000,0.67343
4.88,0.38,1.6345,0.0040,0.00000,0.62682
5.12,0.38,1.6193,0.0074,0.00000,0.56141
5.38,0.38,1.6284,0.0085,0.00000,0.52087
5.62,0.38,1.6567,0.0085,0.00000,0.49838
5.88,0.38,1.6356,0.0051,0.00000,0.45796
6.12,0.38,1.6753,0.0030,0.00000,0.44580
6.38,0.38,1.7011,0.0076,0.00000,0.43981
6.62,0.38,1.5352,0.1313,0.00000,0.39182
6.88,0.38,1.6318,1.5430,0.00000,0.41008
7.12,0.38,1.6569,7.2415,0.00000,0.42641
7.38,0.38,1.1211,16.0134,0.00000,0.29646
2.62,0.62,0.6764,0.0107,0.00000,0.48300
2.88,0.62,1.3255,0.0169,0.00000,0.88773
3.12,0.62,1.7540,0.0198,0.00000,1.11056
3.38,0.62,1.5851,0.0215,0.00000,0.97486
3.62,0.62,1.4777,0.0203,0.00000,0.83731
3.88,0.62,1.6536,0.0149,0.00000,0.79724
4.12,0.62,1.6765,0.0100,0.00000,0.68843
4.38,0.62,1.6132,0.0047,0.00000,0.56756
4.62,0.62,1.6679,0.0024,0.00000,0.51567
4.88,0.62,1.7156,0.0065,0.00000,0.48013
5.12,0.62,1.7045,0.0111,0.00000,0.42738
5.38,0.62,1.7076,0.0092,0.00000,0.39258
5.62,0.62,1.7474,0.0060,0.00000,0.37628
5.88,0.62,1.7394,0.0032,0.00000,0.34880
6.12,0.62,1.7922,0.0018,0.00000,0.33811
6.38,0.62,1.8320,0.0049,0.00000,0.32637
6.62,0.62,1.5659,0.0909,0.00000,0.26618
6.88,0.62,1.7189,1.0852,0.00000,0.26907
7.12,0.62,1.9686,5.1205,0.00000,0.29652
7.38,0.62,1.4273,11.3458,0.00000,0.21378
2.62,0.88,0.6039,0.0166,0.00000,0.28549
2.88,0.88,1.1944,0.0232,0.00000,0.54872
3.12,0.88,1.5885,0.0209,0.00000,0.71695
3.38,0.88,1.4671,0.0173,0.00000,0.64130
3.62,0.88,1.4397,0.0155,0.00000,0.54600
3.88,0.88,1.6107,0.0125,0.00000,0.51414
4.12,0.88,1.6346,0.0102,0.00000,0.44813
4.38,0.88,1.6356,0.0054,0.00000,0.37746
4.62,0.88,1.7029,0.0020,0.00000,0.34275
4.88,0.88,1.7384,0.0040,0.00000,0.31841
5.12,0.88,1.7480,0.0065,0.00000,0.29235
5.38,0.88,1.7428,0.0045,0.00000,0.27209
5.62,0.88,1.8075,0.0019,0.00000,0.26091
5.88,0.88,1.8506,0.0008,0.00000,0.24436
6.12,0.88,1.8876,0.0005,0.00000,0.22920
6.38,0.88,1.9611,0.0018,0.00000,0.21917
6.62,0.88,1.6362,0.0295,0.00000,0.17316
6.88,0.88,1.7423,0.3437,0.00000,0.17038
7.12,0.88,2.1273,1.6183,0.00000,0.19837
7.38,0.88,1.6145,3.5841,0.00000,0.14857
2.62,1.12,0.6886,0.0100,0.00000,0.17104
2.88,1.12,1.2897,0.0138,0.00000,0.33734
3.12,1.12,1.6545,0.0123,0.00000,0.45819
3.38,1.12,1.6064,0.0106,0.00000,0.43546
3.62,1.12,1.6860,0.0095,0.00000,0.38860
3.88,1.12,1.8029,0.0073,0.00000,0.36363
4.12,1.12,1.7967,0.0058,0.00000,0.32465
4.38,1.12,1.8529,0.0030,0.00000,0.28614
4.62,1.12,1.9115,0.0009,0.00000,0.26092
4.88,1.12,1.9191,0.0009,0.00000,0.24213
5.12,1.12,1.9543,0.0014,0.00000,0.22746
5.38,1.12,1.9263,0.0009,0.00000,0.21073
5.62,1.12,1.9994,0.0003,0.00000,0.20224
5.88,1.12,2.0939,0.0001,0.00000,0.19373
6.12,1.12,2.0451,0.0005,0.00000,0.17465
6.38,1.12,2.1237,0.0023,0.00000,0.16683
6.62,1.12,1.8462,0.0083,0.00000,0.13815
6.88,1.12,1.9282,0.0559,0.00000,0.13443
7.12,1.12,2.3616,0.2449,0.00000,0.15686
7.38,1.12,1.8196,0.5337,0.00000,0.11925
2.62,1.38,0.9408,0.0022,0.00000,0.12713
2.88,1.38,1.6004,0.0032,0.00000,0.23798
3.12,1.38,1.8571,0.0036,0.00000,0.31026
3.38,1.38,1.7793,0.0043,0.00000,0.30244
3.62,1.38,1.9242,0.0042,0.00000,0.28841
3.88,1.38,1.9855,0.0027,0.00000,0.27322
4.12,1.38,1.9574,0.0015,0.00000,0.24893
4.38,1.38,2.0189,0.0008,0.00000,0.22736
4.62,1.38,2.0417,0.0002,0.00000,0.20992
4.88,1.38,2.0266,0.0001,0.00000,0.19449
5.12,1.38,2.0878,0.0001,0.00000,0.18417
5.38,1.38,2.0693,0.0001,0.00000,0.17164
5.62,1.38,2.1391,0.0000,0.00000,0.16388
5.88,1.38,2.2653,0.0001,0.00000,0.15654
6.12,1.38,2.0935,0.0008,0.00000,0.13383
6.38,1.38,2.1465,0.0035,0.00000,0.12649
6.62,1.38,2.0180,0.0066,0.00000,0.11247
6.88,1.38,2.0967,0.0099,0.00000,0.10831
7.12,1.38,2.4850,0.0221,0.00000,0.12199
7.38,1.38,1.9088,0.0397,0.00000,0.09249
2.62,1.62,1.2023,0.0002,0.00000,0.11115
2.88,1.62,1.8395,0.0003,0.00000,0.18705
3.12,1.62,1.8657,0.0005,0.00000,0.21590
3.38,1.62,1.7618,0.0008,0.00000,0.20603
3.62,1.62,2.0263,0.0009,0.00000,0.21294
3.88,1.62,2.0550,0.0007,0.00000,0.20683
4.12,1.62,2.0227,0.0009,0.00000,0.19339
4.38,1.62,2.0763,0.0013,0.00000,0.18451
4.62,1.62,2.0912,0.0008,0.00000,0.17414
4.88,1.62,2.0753,0.0002,0.00000,0.16027
5.12,1.62,2.1512,0.0000,0.00000,0.15039
5.38,1.62,2.1939,0.0000,0.00000,0.14328
5.62,1.62,2.2469,0.0000,0.00000,0.13578
5.88,1.62,2.3697,0.0000,0.00000,0.12684
6.12,1.62,2.1009,0.0005,0.00000,0.10275
6.38,1.62,2.1452,0.0021,0.00000,0.09621
6.62,1.62,2.2053,0.0037,0.00000,0.09300
6.88,1.62,2.2666,0.0035,0.00000,0.09123
7.12,1.62,2.5518,0.0035,0.00000,0.10041
7.38,1.62,1.9392,0.0036,0.00000,0.07591
2.62,1.88,1.4767,0.0000,0.00000,0.10735
2.88,1.88,2.0723,0.0000,0.00000,0.16646
3.12,1.88,1.8559,0.0000,0.00000,0.17102
3.38,1.88,1.7796,0.0001,0.00000,0.15594
3.62,1.88,2.2021,0.0004,0.00000,0.16858
3.88,1.88,2.1955,0.0013,0.00000,0.16543
4.12,1.88,2.1513,0.0037,0.00000,0.15779
4.38,1.88,2.1570,0.0057,0.00000,0.15299
4.62,1.88,2.1644,0.0035,0.00000,0.14680
4.88,1.88,2.1830,0.0009,0.00000,0.13821
5.12,1.88,2.2721,0.0003,0.00000,0.12816
5.38,1.88,2.3764,0.0001,0.00000,0.12096
5.62,1.88,2.3805,0.0000,0.00000,0.11065
5.88,1.88,2.4623,0.0000,0.00000,0.10206
6.12,1.88,2.1218,0.0001,0.00000,0.08182
6.38,1.88,2.1562,0.0005,0.00000,0.07780
6.62,1.88,2.3943,0.0011,0.00000,0.08202
6.88,1.88,2.4821,0.0032,0.00000,0.08244
7.12,1.88,2.7029,0.0122,0.00000,0.08874
7.38,1.88,2.0360,0.0263,0.00000,0.06669
2.62,2.12,1.7016,0.0000,0.00000,0.09868
2.88,2.12,2.2720,0.0000,0.00000,0.14547
3.12,2.12,1.8773,0.0001,0.00000,0.13802
3.38,2.12,1.8238,0.0009,0.00000,0.12054
3.62,2.12,2.3495,0.0039,0.00000,0.13125
3.88,2.12,2.3387,0.0075,0.00000,0.12938
4.12,2.12,2.3109,0.0096,0.00000,0.12709
4.38,2.12,2.2130,0.0106,0.00000,0.12234
4.62,2.12,2.1959,0.0068,0.00000,0.11754
4.88,2.12,2.2927,0.0031,0.00000,0.11559
5.12,2.12,2.3913,0.0025,0.00000,0.10764
5.38,2.12,2.5269,0.0014,0.00000,0.09996
5.62,2.12,2.4636,0.0003,0.00000,0.08745
5.88,2.12,2.4971,0.0001,0.00000,0.07999
6.12,2.12,2.1359,0.0002,0.00000,0.06558
6.38,2.12,2.1685,0.0004,0.00000,0.06384
6.62,2.12,2.5382,0.0029,0.00000,0.07126
6.88,2.12,2.6377,0.0303,0.00000,0.07182
7.12,2.12,2.7948,0.1424,0.00000,0.07508
7.38,2.12,2.0891,0.3157,0.00000,0.05595
2.62,2.38,1.8247,0.0000,0.00000,0.08692
2.88,2.38,2.3680,0.0000,0.00000,0.11987
3.12,2.38,1.8653,0.0003,0.00000,0.10247
3.38,2.38,1.8347,0.0038,0.00000,0.08892
3.62,2.38,2.4205,0.0170,0.00000,0.10305
3.88,2.38,2.4426,0.0289,0.00000,0.10280
4.12,2.38,2.4501,0.0212,0.00000,0.10205
4.38,2.38,2.2299,0.0119,0.00000,0.09523
4.62,2.38,2.2015,0.0087,0.00000,0.09107
4.88,2.38,2.3889,0.0092,0.00000,0.09339
5.12,2.38,2.4842,0.0109,0.00000,0.08859
5.38,2.38,2.6467,0.0064,0.00000,0.08347
5.62,2.38,2.5218,0.0016,0.00000,0.07163
5.88,2.38,2.5067,0.0008,0.00000,0.06473
6.12,2.38,2.1625,0.0013,0.00000,0.05405
6.38,2.38,2.2067,0.0022,0.00000,0.05352
6.62,2.38,2.6654,0.0131,0.00000,0.06208
6.88,2.38,2.7532,0.1358,0.00000,0.06270
7.12,2.38,2.8459,0.6379,0.00000,0.06428
7.38,2.38,2.1133,1.4149,0.00000,0.04764
2.62,2.62,1.9331,0.0000,0.00000,0.07607
2.88,2.62,2.4746,0.0000,0.00000,0.09978
3.12,2.62,1.9108,0.0005,0.00000,0.07839
3.38,2.62,1.8938,0.0063,0.00000,0.06907
3.62,2.62,2.5026,0.0280,0.00000,0.08499
3.88,2.62,2.5415,0.0468,0.00000,0.08473
4.12,2.62,2.5628,0.0311,0.00000,0.08279
4.38,2.62,2.2451,0.0135,0.00000,0.07369
4.62,2.62,2.2286,0.0109,0.00000,0.07091
4.88,2.62,2.4865,0.0148,0.00000,0.07563
5.12,2.62,2.5572,0.0182,0.00000,0.07277
5.38,2.62,2.7323,0.0106,0.00000,0.06994
5.62,2.62,2.5659,0.0030,0.00000,0.05990
5.88,2.62,2.5215,0.0031,0.00000,0.05428
6.12,2.62,2.2152,0.0052,0.00000,0.04673
6.38,2.62,2.2643,0.0056,0.00000,0.04715
6.62,2.62,2.7712,0.0225,0.00000,0.05585
6.88,2.62,2.8613,0.2242,0.00000,0.05527
7.12,2.62,2.9239,1.0519,0.00000,0.05464
7.38,2.62,2.1642,2.3330,0.00000,0.04009
2.62,2.88,2.0067,0.0000,0.00000,0.06573
2.88,2.88,2.5630,0.0000,0.00000,0.08482
3.12,2.88,1.9913,0.0003,0.00000,0.06474
3.38,2.88,1.9708,0.0038,0.00000,0.05650
3.62,2.88,2.5383,0.0171,0.00000,0.06957
3.88,2.88,2.5918,0.0294,0.00000,0.07005
4.12,2.88,2.6438,0.0233,0.00000,0.06905
4.38,2.88,2.2817,0.0161,0.00000,0.06040
4.62,2.88,2.2749,0.0130,0.00000,0.05933
4.88,2.88,2.5615,0.0122,0.00000,0.06412
5.12,2.88,2.6036,0.0122,0.00000,0.06050
5.38,2.88,2.7746,0.0067,0.00000,0.05804
5.62,2.88,2.5797,0.0025,0.00000,0.04982
5.88,2.88,2.5286,0.0049,0.00000,0.04602
6.12,2.88,2.2928,0.0083,0.00000,0.04192
6.38,2.88,2.3506,0.0072,0.00000,0.04303
6.62,2.88,2.8653,0.0156,0.00000,0.05060
6.88,2.88,2.9403,0.1373,0.00000,0.04886
7.12,2.88,2.9733,0.6391,0.00000,0.04683
7.38,2.88,2.1937,1.4157,0.00000,0.03404
2.62,3.12,2.0320,0.0001,0.00000,0.05606
2.88,3.12,2.6077,0.0001,0.00000,0.07219
3.12,3.12,2.0844,0.0001,0.00000,0.05529
3.38,3.12,2.0653,0.0009,0.00000,0.04766
3.62,3.12,2.5317,0.0040,0.00000,0.05682
3.88,3.12,2.5965,0.0086,0.00000,0.05771
4.12,3.12,2.7088,0.0135,0.00000,0.05792
4.38,3.12,2.3694,0.0178,0.00000,0.05212
4.62,3.12,2.3543,0.0141,0.00000,0.05301
4.88,3.12,2.6021,0.0083,0.00000,0.05645
5.12,3.12,2.6266,0.0049,0.00000,0.05204
5.38,3.12,2.7977,0.0022,0.00000,0.05007
5.62,3.12,2.5926,0.0012,0.00000,0.04352
5.88,3.12,2.5510,0.0030,0.00000,0.04056
6.12,3.12,2.3965,0.0052,0.00000,0.03840
6.38,3.12,2.4522,0.0049,0.00000,0.04021
6.62,3.12,2.9430,0.0065,0.00000,0.04718
6.88,3.12,3.0041,0.0335,0.00000,0.04472
7.12,3.12,3.0214,0.1455,0.00000,0.04185
7.38,3.12,2.2249,0.3180,0.00000,0.03020
2.62,3.38,2.0699,0.0005,0.00000,0.04571
2.88,3.38,2.6778,0.0006,0.00000,0.05914
3.12,3.38,2.2227,0.0003,0.00000,0.04682
3.38,3.38,2.1972,0.0002,0.00000,0.04121
3.62,3.38,2.5216,0.0005,0.00000,0.04639
3.88,3.38,2.5732,0.0023,0.00000,0.04650
4.12,3.38,2.7351,0.0068,0.00000,0.04773
4.38,3.38,2.4773,0.0105,0.00000,0.04471
4.62,3.38,2.4581,0.0083,0.00000,0.04605
4.88,3.38,2.6237,0.0046,0.00000,0.04825
5.12,3.38,2.6383,0.0026,0.00000,0.04521
5.38,3.38,2.8013,0.0017,0.00000,0.04545
5.62,3.38,2.6065,0.0012,0.00000,0.04151
5.88,3.38,2.5874,0.0015,0.00000,0.03954
6.12,3.38,2.5213,0.0026,0.00000,0.03843
6.38,3.38,2.5695,0.0036,0.00000,0.03950
6.62,3.38,3.0078,0.0047,0.00000,0.04487
6.88,3.38,3.0491,0.0069,0.00000,0.04109
7.12,3.38,3.0589,0.0158,0.00000,0.03710
7.38,3.38,2.2507,0.0289,0.00000,0.02650
2.62,3.62,2.0990,0.0008,0.00000,0.03845
2.88,3.62,2.7437,0.0010,0.00000,0.05004
3.12,3.62,2.3768,0.0006,0.00000,0.04105
3.38,3.62,2.3477,0.0001,0.00000,0.03676
3.62,3.62,2.5200,0.0001,0.00000,0.03888
3.88,3.62,2.5598,0.0006,0.00000,0.03851
4.12,3.62,2.7445,0.0018,0.00000,0.04054
4.38,3.62,2.5680,0.0028,0.00000,0.03904
4.62,3.62,2.5523,0.0029,0.00000,0.03932
4.88,3.62,2.6464,0.0029,0.00000,0.04005
5.12,3.62,2.6616,0.0028,0.00000,0.03935
5.38,3.62,2.8021,0.0031,0.00000,0.04230
5.62,3.62,2.6416,0.0031,0.00000,0.04070
5.88,3.62,2.6390,0.0039,0.00000,0.03934
6.12,3.62,2.6509,0.0052,0.00000,0.03865
6.38,3.62,2.6942,0.0051,0.00000,0.03690
6.62,3.62,3.0651,0.0048,0.00000,0.03881
6.88,3.62,3.0843,0.0037,0.00000,0.03556
7.12,3.62,3.0954,0.0030,0.00000,0.03259
7.38,3.62,2.2785,0.0025,0.00000,0.02333
2.62,3.88,2.1221,0.0009,0.00000,0.03573
2.88,3.88,2.8061,0.0011,0.00000,0.04652
3.12,3.88,2.5382,0.0006,0.00000,0.03841
3.38,3.88,2.5169,0.0001,0.00000,0.03357
3.62,3.88,2.5525,0.0000,0.00000,0.03354
3.88,3.88,2.5815,0.0001,0.00000,0.03282
4.12,3.88,2.7560,0.0003,0.00000,0.03483
4.38,3.88,2.6380,0.0007,0.00000,0.03519
4.62,3.88,2.6259,0.0020,0.00000,0.03614
4.88,3.88,2.6698,0.0032,0.00000,0.03548
5.12,3.88,2.6957,0.0033,0.00000,0.03481
5.38,3.88,2.8093,0.0052,0.00000,0.03751
5.62,3.88,2.7142,0.0081,0.00000,0.03619
5.88,3.88,2.7217,0.0092,0.00000,0.03405
6.12,3.88,2.7763,0.0090,0.00000,0.03299
6.38,3.88,2.8074,0.0058,0.00000,0.03103
6.62,3.88,3.1186,0.0031,0.00000,0.03252
6.88,3.88,3.1252,0.0017,0.00000,0.03125
7.12,3.88,3.1442,0.0010,0.00000,0.02946
7.38,3.88,2.3164,0.0007,0.00000,0.02099
2.62,4.12,2.1433,0.0008,0.00000,0.03351
2.88,4.12,2.8624,0.0010,0.00000,0.04363
3.12,4.12,2.6798,0.0006,0.00000,0.03595
3.38,4.12,2.6717,0.0002,0.00000,0.03046
3.62,4.12,2.6110,0.0001,0.00000,0.02920
3.88,4.12,2.6233,0.0000,0.00000,0.02833
4.12,4.12,2.7453,0.0001,0.00000,0.02965
4.38,4.12,2.6729,0.0003,0.00000,0.03125
4.62,4.12,2.6688,0.0011,0.00000,0.03318
4.88,4.12,2.6890,0.0019,0.00000,0.03155
5.12,4.12,2.7517,0.0026,0.00000,0.02987
5.38,4.12,2.8393,0.0069,0.00000,0.03131
5.62,4.12,2.8031,0.0135,0.00000,0.03098
5.88,4.12,2.8080,0.0142,0.00000,0.02893
6.12,4.12,2.8874,0.0093,0.00000,0.02742
6.38,4.12,2.9076,0.0039,0.00000,0.02633
6.62,4.12,3.1758,0.0013,0.00000,0.02871
6.88,4.12,3.1636,0.0011,0.00000,0.02877
7.12,4.12,3.1743,0.0026,0.00000,0.02734
7.38,4.12,2.3368,0.0048,0.00000,0.01927
2.62,4.38,2.1611,0.0004,0.00000,0.02977
2.88,4.38,2.9054,0.0006,0.00000,0.03892
3.12,4.38,2.7844,0.0004,0.00000,0.03253
3.38,4.38,2.7895,0.0003,0.00000,0.02754
3.62,4.38,2.6795,0.0003,0.00000,0.02614
3.88,4.38,2.6861,0.0004,0.00000,0.02568
4.12,4.38,2.7278,0.0002,0.00000,0.02574
4.38,4.38,2.6788,0.0001,0.00000,0.02604
4.62,4.38,2.6845,0.0003,0.00000,0.02702
4.88,4.38,2.7070,0.0007,0.00000,0.02587
5.12,4.38,2.8203,0.0015,0.00000,0.02499
5.38,4.38,2.8879,0.0053,0.00000,0.02589
5.62,4.38,2.9006,0.0131,0.00000,0.02673
5.88,4.38,2.8951,0.0161,0.00000,0.02584
6.12,4.38,2.9934,0.0096,0.00000,0.02477
6.38,4.38,2.9948,0.0036,0.00000,0.02368
6.62,4.38,3.2219,0.0022,0.00000,0.02542
6.88,4.38,3.1977,0.0072,0.00000,0.02560
7.12,4.38,3.2034,0.0269,0.00000,0.02503
7.38,4.38,2.3567,0.0557,0.00000,0.01796
2.62,4.62,2.1827,0.0001,0.00000,0.02461
2.88,4.62,2.9496,0.0002,0.00000,0.03247
3.12,4.62,2.8818,0.0004,0.00000,0.02819
3.38,4.62,2.9035,0.0008,0.00000,0.02473
3.62,4.62,2.7539,0.0014,0.00000,0.02344
3.88,4.62,2.7511,0.0018,0.00000,0.02339
4.12,4.62,2.7116,0.0011,0.00000,0.02262
4.38,4.62,2.6766,0.0005,0.00000,0.02189
4.62,4.62,2.6946,0.0006,0.00000,0.02218
4.88,4.62,2.7248,0.0012,0.00000,0.02187
5.12,4.62,2.8751,0.0023,0.00000,0.02190
5.38,4.62,2.9241,0.0049,0.00000,0.02201
5.62,4.62,2.9900,0.0124,0.00000,0.02272
5.88,4.62,2.9823,0.0192,0.00000,0.02270
6.12,4.62,3.0973,0.0178,0.00000,0.02294
6.38,4.62,3.0783,0.0158,0.00000,0.02248
6.62,4.62,3.2652,0.0136,0.00000,0.02377
6.88,4.62,3.2233,0.0341,0.00000,0.02349
7.12,4.62,3.2200,0.1257,0.00000,0.02334
7.38,4.62,2.3679,0.2611,0.00000,0.01706
2.62,4.88,2.2022,0.0000,0.00000,0.02073
2.88,4.88,2.9900,0.0002,0.00000,0.02757
3.12,4.88,2.9740,0.0010,0.00000,0.02481
3.38,4.88,3.0171,0.0019,0.00000,0.02240
3.62,4.88,2.8317,0.0026,0.00000,0.02078
3.88,4.88,2.8135,0.0031,0.00000,0.02063
4.12,4.88,2.6976,0.0020,0.00000,0.01967
4.38,4.88,2.6740,0.0015,0.00000,0.01931
4.62,4.88,2.7018,0.0025,0.00000,0.01976
4.88,4.88,2.7402,0.0037,0.00000,0.01976
5.12,4.88,2.9281,0.0062,0.00000,0.02034
5.38,4.88,2.9604,0.0095,0.00000,0.02062
5.62,4.88,3.0661,0.0162,0.00000,0.02150
5.88,4.88,3.0584,0.0290,0.00000,0.02131
6.12,4.88,3.1876,0.0512,0.00000,0.02216
6.38,4.88,3.1566,0.0703,0.00000,0.02329
6.62,4.88,3.3187,0.0544,0.00000,0.02556
6.88,4.88,3.2628,0.0851,0.00000,0.02461
7.12,4.88,3.2518,0.2870,0.00000,0.02385
7.38,4.88,2.3909,0.5885,0.00000,0.01740
2.62,5.12,2.2334,0.0000,0.00000,0.01824
2.88,5.12,3.0410,0.0003,0.00000,0.02436
3.12,5.12,3.0555,0.0014,0.00000,0.02245
3.38,5.12,3.1098,0.0025,0.00000,0.02061
3.62,5.12,2.9128,0.0025,0.00000,0.01847
3.88,5.12,2.8868,0.0024,0.00000,0.01789
4.12,5.12,2.6872,0.0022,0.00000,0.01711
4.38,5.12,2.6644,0.0034,0.00000,0.01737
4.62,5.12,2.7030,0.0064,0.00000,0.01800
4.88,5.12,2.7553,0.0080,0.00000,0.01812
5.12,5.12,2.9840,0.0099,0.00000,0.01912
5.38,5.12,3.0069,0.0125,0.00000,0.02004
5.62,5.12,3.1390,0.0152,0.00000,0.02141
5.88,5.12,3.1275,0.0373,0.00000,0.02112
6.12,5.12,3.2675,0.1143,0.00000,0.02247
6.38,5.12,3.2270,0.1828,0.00000,0.02464
6.62,5.12,3.3743,0.1349,0.00000,0.02753
6.88,5.12,3.3099,0.1716,0.00000,0.02662
7.12,5.12,3.2918,0.5642,0.00000,0.02593
7.38,5.12,2.4191,1.1629,0.00000,0.01895
2.62,5.38,2.2614,0.0000,0.00000,0.01600
2.88,5.38,3.0840,0.0002,0.00000,0.02148
3.12,5.38,3.1129,0.0008,0.00000,0.02032
3.38,5.38,3.1733,0.0015,0.00000,0.01913
3.62,5.38,2.9873,0.0020,0.00000,0.01686
3.88,5.38,2.9600,0.0049,0.00000,0.01606
4.12,5.38,2.6777,0.0083,0.00000,0.01534
4.38,5.38,2.6520,0.0094,0.00000,0.01607
4.62,5.38,2.7060,0.0118,0.00000,0.01703
4.88,5.38,2.7661,0.0122,0.00000,0.01696
5.12,5.38,3.0248,0.0114,0.00000,0.01747
5.38,5.38,3.0497,0.0122,0.00000,0.01782
5.62,5.38,3.2064,0.0132,0.00000,0.01926
5.88,5.38,3.1906,0.0503,0.00000,0.02028
6.12,5.38,3.3386,0.1973,0.00000,0.02285
6.38,5.38,3.2887,0.3297,0.00000,0.02403
6.62,5.38,3.4241,0.2465,0.00000,0.02570
6.88,5.38,3.3572,0.3231,0.00000,0.02640
7.12,5.38,3.3351,1.0818,0.00000,0.02763
7.38,5.38,2.4495,2.2539,0.00000,0.02057
2.62,5.62,2.2775,0.0000,0.00000,0.01459
2.88,5.62,3.1090,0.0000,0.00000,0.01967
3.12,5.62,3.1494,0.0002,0.00000,0.01889
3.38,5.62,3.2194,0.0007,0.00000,0.01804
3.62,5.62,3.0495,0.0046,0.00000,0.01596
3.88,5.62,3.0236,0.0195,0.00000,0.01523
4.12,5.62,2.6746,0.0330,0.00000,0.01429
4.38,5.62,2.6446,0.0254,0.00000,0.01515
4.62,5.62,2.7159,0.0164,0.00000,0.01642
4.88,5.62,2.7824,0.0140,0.00000,0.01607
5.12,5.62,3.0689,0.0201,0.00000,0.01611
5.38,5.62,3.0964,0.0295,0.00000,0.01602
5.62,5.62,3.2580,0.0309,0.00000,0.01756
5.88,5.62,3.2346,0.0778,0.00000,0.01980
6.12,5.62,3.3910,0.2702,0.00000,0.02325
6.38,5.62,3.3396,0.4521,0.00000,0.02359
6.62,5.62,3.4724,0.3770,0.00000,0.02453
6.88,5.62,3.4039,0.5400,0.00000,0.02570
7.12,5.62,3.3770,1.6597,0.00000,0.02732
7.38,5.62,2.4783,3.3854,0.00000,0.02038
2.62,5.88,2.2920,0.0000,0.00000,0.01359
2.88,5.88,3.1312,0.0000,0.00000,0.01836
3.12,5.88,3.1837,0.0001,0.00000,0.01781
3.38,5.88,3.2649,0.0008,0.00000,0.01722
3.62,5.88,3.0975,0.0077,0.00000,0.01550
3.88,5.88,3.0661,0.0327,0.00000,0.01514
4.12,5.88,2.6784,0.0537,0.00000,0.01399
4.38,5.88,2.6503,0.0359,0.00000,0.01403
4.62,5.88,2.7395,0.0156,0.00000,0.01474
4.88,5.88,2.8139,0.0165,0.00000,0.01473
5.12,5.88,3.1152,0.0451,0.00000,0.01534
5.38,5.88,3.1411,0.0804,0.00000,0.01564
5.62,5.88,3.3007,0.0913,0.00000,0.01770
5.88,5.88,3.2654,0.1329,0.00000,0.02126
6.12,5.88,3.4188,0.2791,0.00000,0.02574
6.38,5.88,3.3677,0.4500,0.00000,0.02590
6.62,5.88,3.5070,0.5177,0.00000,0.02696
6.88,5.88,3.4366,0.8919,0.00000,0.02725
7.12,5.88,3.4007,2.2677,0.00000,0.02732
7.38,5.88,2.4930,4.3576,0.00000,0.01993
2.62,6.12,2.3114,0.0003,0.00000,0.01274
2.88,6.12,3.1584,0.0003,0.00000,0.01724
3.12,6.12,3.2163,0.0004,0.00000,0.01686
3.38,6.12,3.3024,0.0015,0.00000,0.01648
3.62,6.12,3.1309,0.0070,0.00000,0.01516
3.88,6.12,3.0949,0.0235,0.00000,0.01566
4.12,6.12,2.6959,0.0370,0.00000,0.01504
4.38,6.12,2.6789,0.0256,0.00000,0.01405
4.62,6.12,2.7905,0.0147,0.00000,0.01375
4.88,6.12,2.8639,0.0276,0.00000,0.01432
5.12,6.12,3.1455,0.0865,0.00000,0.01581
5.38,6.12,3.1718,0.1593,0.00000,0.01653
5.62,6.12,3.3459,0.1934,0.00000,0.01909
5.88,6.12,3.3018,0.2309,0.00000,0.02357
6.12,6.12,3.4435,0.2777,0.00000,0.02897
6.38,6.12,3.3845,0.3978,0.00000,0.02952
6.62,6.12,3.5264,0.6643,0.00000,0.03139
6.88,6.12,3.4614,1.3131,0.00000,0.03104
7.12,6.12,3.4228,2.9738,0.00000,0.02972
7.38,6.12,2.5083,5.4514,0.00000,0.02126
2.62,6.38,2.3336,0.0012,0.00000,0.01222
2.88,6.38,3.1884,0.0017,0.00000,0.01654
3.12,6.38,3.2445,0.0034,0.00000,0.01623
3.38,6.38,3.3300,0.0117,0.00000,0.01593
3.62,6.38,3.1616,0.0222,0.00000,0.01489
3.88,6.38,3.1316,0.0271,0.00000,0.01630
4.12,6.38,2.7332,0.0306,0.00000,0.01660
4.38,6.38,2.7236,0.0265,0.00000,0.01503
4.62,6.38,2.8516,0.0264,0.00000,0.01408
4.88,6.38,2.9202,0.0522,0.00000,0.01584
5.12,6.38,3.1749,0.1456,0.00000,0.01883
5.38,6.38,3.2036,0.2574,0.00000,0.01946
5.62,6.38,3.3893,0.3018,0.00000,0.02113
5.88,6.38,3.3435,0.3460,0.00000,0.02370
6.12,6.38,3.4786,0.3754,0.00000,0.02805
6.38,6.38,3.4109,0.5018,0.00000,0.03158
6.62,6.38,3.5495,0.8416,0.00000,0.03663
6.88,6.38,3.4902,1.6621,0.00000,0.03532
7.12,6.38,3.4537,3.8225,0.00000,0.03249
7.38,6.38,2.5340,7.0194,0.00000,0.02310
2.62,6.62,2.3506,0.0039,0.00000,0.01199
2.88,6.62,3.2127,0.0062,0.00000,0.01626
3.12,6.62,3.2682,0.0165,0.00000,0.01594
3.38,6.62,3.3513,0.0594,0.00000,0.01563
3.62,6.62,3.1831,0.1022,0.00000,0.01477
3.88,6.62,3.1624,0.0887,0.00000,0.01625
4.12,6.62,2.7841,0.0688,0.00000,0.01653
4.38,6.62,2.7818,0.0544,0.00000,0.01522
4.62,6.62,2.9071,0.0507,0.00000,0.01473
4.88,6.62,2.9686,0.0848,0.00000,0.01781
5.12,6.62,3.2121,0.2047,0.00000,0.02212
5.38,6.62,3.2403,0.3430,0.00000,0.02205
5.62,6.62,3.4131,0.3872,0.00000,0.02229
5.88,6.62,3.3763,0.4579,0.00000,0.02365
6.12,6.62,3.5163,0.5780,0.00000,0.02787
6.38,6.62,3.4427,0.8131,0.00000,0.03520
6.62,6.62,3.5755,1.1860,0.00000,0.04365
6.88,6.62,3.5241,2.0662,0.00000,0.03994
7.12,6.62,3.4928,4.5390,0.00000,0.03435
7.38,6.62,2.5682,8.1921,0.00000,0.02413
2.62,6.88,2.3668,0.0097,0.00000,0.01184
2.88,6.88,3.2368,0.0173,0.00000,0.01612
3.12,6.88,3.2910,0.0441,0.00000,0.01595
3.38,6.88,3.3702,0.1441,0.00000,0.01593
3.62,6.88,3.1971,0.2413,0.00000,0.01567
3.88,6.88,3.1811,0.2003,0.00000,0.01725
4.12,6.88,2.8318,0.1420,0.00000,0.01686
4.38,6.88,2.8367,0.1060,0.00000,0.01559
4.62,6.88,2.9612,0.0921,0.00000,0.01537
4.88,6.88,3.0206,0.1293,0.00000,0.01802
5.12,6.88,3.2488,0.2543,0.00000,0.02188
5.38,6.88,3.2702,0.4005,0.00000,0.02210
5.62,6.88,3.4250,0.4654,0.00000,0.02277
5.88,6.88,3.4050,0.5958,0.00000,0.02542
6.12,6.88,3.5538,0.8507,0.00000,0.03127
6.38,6.88,3.4825,1.2479,0.00000,0.04115
6.62,6.88,3.6099,1.7038,0.00000,0.05161
6.88,6.88,3.5586,2.6373,0.00000,0.04586
7.12,6.88,3.5206,5.2058,0.00000,0.03815
7.38,6.88,2.5871,8.9738,0.00000,0.02671
2.62,7.12,2.3739,0.0278,0.00000,0.01133
2.88,7.12,3.2497,0.0468,0.00000,0.01554
3.12,7.12,3.3053,0.0879,0.00000,0.01580
3.38,7.12,3.3844,0.2133,0.00000,0.01670
3.62,7.12,3.2089,0.3405,0.00000,0.01782
3.88,7.12,3.1968,0.2982,0.00000,0.02013
4.12,7.12,2.8808,0.2327,0.00000,0.01894
4.38,7.12,2.8899,0.1850,0.00000,0.01687
4.62,7.12,3.0177,0.1712,0.00000,0.01655
4.88,7.12,3.0771,0.2160,0.00000,0.01901
5.12,7.12,3.2788,0.3291,0.00000,0.02268
5.38,7.12,3.2932,0.4700,0.00000,0.02333
5.62,7.12,3.4392,0.5796,0.00000,0.02439
5.88,7.12,3.4350,0.7981,0.00000,0.02808
6.12,7.12,3.5832,1.1937,0.00000,0.03561
6.38,7.12,3.5123,1.7657,0.00000,0.04785
6.62,7.12,3.6329,2.3545,0.00000,0.06028
6.88,7.12,3.5981,3.4082,0.00000,0.05399
7.12,7.12,3.5647,6.1294,0.00000,0.04552
7.38,7.12,2.6193,10.0776,0.00000,0.03212
2.62,7.38,2.3792,0.1171,0.00000,0.01117
2.88,7.38,3.2612,0.1288,0.00000,0.01535
3.12,7.38,3.3160,0.1596,0.00000,0.01573
3.38,7.38,3.3918,0.2596,0.00000,0.01745
3.62,7.38,3.2156,0.3774,0.00000,0.02011
3.88,7.38,3.2104,0.3546,0.00000,0.02281
4.12,7.38,2.9422,0.3113,0.00000,0.02105
4.38,7.38,2.9579,0.2705,0.00000,0.01874
4.62,7.38,3.0793,0.2770,0.00000,0.01906
4.88,7.38,3.1354,0.3431,0.00000,0.02276
5.12,7.38,3.3124,0.4453,0.00000,0.02748
5.38,7.38,3.3207,0.5766,0.00000,0.02807
5.62,7.38,3.4545,0.7273,0.00000,0.02852
5.88,7.38,3.4575,1.0272,0.00000,0.03199
6.12,7.38,3.5968,1.5463,0.00000,0.04072
6.38,7.38,3.5329,2.2988,0.00000,0.05641
6.62,7.38,3.6571,3.1036,0.00000,0.07142
6.88,7.38,3.6385,4.3037,0.00000,0.06308
7.12,7.38,3.6043,6.9708,0.00000,0.05192
7.38,7.38,2.6551,10.7734,0.00000,0.03611
2.62,7.62,2.3880,0.4250,0.00000,0.01181
2.88,7.62,3.2767,0.3501,0.00000,0.01621
3.12,7.62,3.3261,0.3111,0.00000,0.01633
3.38,7.62,3.3973,0.3334,0.00000,0.01832
3.62,7.62,3.2280,0.4080,0.00000,0.02184
3.88,7.62,3.2313,0.4069,0.00000,0.02454
4.12,7.62,3.0116,0.3947,0.00000,0.02301
4.38,7.62,3.0319,0.3644,0.00000,0.02113
4.62,7.62,3.1417,0.3953,0.00000,0.02269
4.88,7.62,3.1962,0.4952,0.00000,0.02859
5.12,7.62,3.3492,0.6164,0.00000,0.03515
5.38,7.62,3.3530,0.7661,0.00000,0.03655
5.62,7.62,3.4701,0.9389,0.00000,0.03689
5.88,7.62,3.4726,1.2792,0.00000,0.03925
6.12,7.62,3.6025,1.8374,0.00000,0.04821
6.38,7.62,3.5468,2.7022,0.00000,0.06723
6.62,7.62,3.6787,3.8265,0.00000,0.08483
6.88,7.62,3.6814,5.2377,0.00000,0.07237
7.12,7.62,3.6453,7.6709,0.00000,0.05600
7.38,7.62,2.6985,11.0146,0.00000,0.03783
2.62,7.88,2.3848,0.9746,0.00000,0.01285
2.88,7.88,3.2780,0.7569,0.00000,0.01766
3.12,7.88,3.3268,0.6150,0.00000,0.01757
3.38,7.88,3.3985,0.5060,0.00000,0.01942
3.62,7.88,3.2463,0.4978,0.00000,0.02307
3.88,7.88,3.2600,0.5061,0.00000,0.02594
4.12,7.88,3.0810,0.5219,0.00000,0.02530
4.38,7.88,3.1105,0.4939,0.00000,0.02416
4.62,7.88,3.2077,0.5422,0.00000,0.02725
4.88,7.88,3.2520,0.6764,0.00000,0.03508
5.12,7.88,3.3747,0.8489,0.00000,0.04374
5.38,7.88,3.3814,1.0658,0.00000,0.04778
5.62,7.88,3.4889,1.2977,0.00000,0.04920
5.88,7.88,3.4942,1.7127,0.00000,0.05022
6.12,7.88,3.6170,2.2822,0.00000,0.05841
6.38,7.88,3.5615,3.2021,0.00000,0.07954
6.62,7.88,3.6934,4.5814,0.00000,0.09934
6.88,7.88,3.7136,6.1980,0.00000,0.08167
7.12,7.88,3.6711,8.6869,0.00000,0.05909
7.38,7.88,2.7364,12.0131,0.00000,0.03915
11.62,7.88,3.2779,45.2417,0.00000,0.02488
2.62,8.12,2.3884,2.1494,0.00000,0.01458
2.88,8.12,3.2919,1.4858,0.00000,0.02022
3.12,8.12,3.3407,1.0613,0.00000,0.02021
3.38,8.12,3.4030,0.7768,0.00000,0.02189
3.62,8.12,3.2648,0.6808,0.00000,0.02528
3.88,8.12,3.2922,0.6793,0.00000,0.02798
4.12,8.12,3.1470,0.7119,0.00000,0.02779
4.38,8.12,3.1862,0.6768,0.00000,0.02764
4.62,8.12,3.2677,0.7234,0.00000,0.03152
4.88,8.12,3.3043,0.8804,0.00000,0.03873
5.12,8.12,3.3989,1.1279,0.00000,0.04877
5.38,8.12,3.4086,1.4457,0.00000,0.05726
5.62,8.12,3.5112,1.7851,0.00000,0.06056
5.88,8.12,3.5250,2.3348,0.00000,0.06116
6.12,8.12,3.6328,2.9822,0.00000,0.06883
6.38,8.12,3.5731,3.9898,0.00000,0.09131
6.62,8.12,3.7023,5.4569,0.00000,0.11274
6.88,8.12,3.7471,7.1634,0.00000,0.08957
7.12,8.12,3.7119,9.9401,0.00000,0.06110
7.38,8.12,2.7916,13.5985,0.00000,0.04000
11.38,8.12,3.6967,54.6668,0.00000,0.02910
11.62,8.12,4.0078,70.8368,0.00000,0.03216
11.88,8.12,4.0086,84.4186,0.00000,0.03617
2.62,8.38,2.4064,4.4393,0.00000,0.01643
2.88,8.38,3.3252,2.6893,0.00000,0.02322
3.12,8.38,3.3746,1.5802,0.00000,0.02418
3.38,8.38,3.4188,1.0652,0.00000,0.02599
3.62,8.38,3.2813,0.9119,0.00000,0.02830
3.88,8.38,3.3171,0.9004,0.00000,0.03008
4.12,8.38,3.2031,0.9464,0.00000,0.02951
4.38,8.38,3.2564,0.9053,0.00000,0.02975
4.62,8.38,3.3189,0.9479,0.00000,0.03327
4.88,8.38,3.3533,1.1357,0.00000,0.03941
5.12,8.38,3.4284,1.4680,0.00000,0.05090
5.38,8.38,3.4427,1.8840,0.00000,0.06314
5.62,8.38,3.5379,2.3505,0.00000,0.06779
5.88,8.38,3.5494,3.0566,0.00000,0.06881
6.12,8.38,3.6351,3.8324,0.00000,0.07654
6.38,8.38,3.5889,4.9814,0.00000,0.10058
6.62,8.38,3.7218,6.5518,0.00000,0.12366
6.88,8.38,3.7812,8.3697,0.00000,0.09597
7.12,8.38,3.7446,11.3146,0.00000,0.06219
7.38,8.38,2.8344,15.0825,0.00000,0.03952
11.12,8.38,3.0707,54.4734,0.00000,0.02732
11.38,8.38,3.8974,73.2614,0.00000,0.03466
11.62,8.38,3.7878,88.9674,0.00000,0.03259
11.88,8.38,3.6227,96.0433,0.00000,0.03100
12.12,8.38,3.9490,95.7908,0.00000,0.03294
2.62,8.62,2.4201,6.3765,0.00000,0.01884
2.88,8.62,3.3470,3.6927,0.00000,0.02704
3.12,8.62,3.4002,2.0035,0.00000,0.02919
3.38,8.62,3.4414,1.3311,0.00000,0.03137
3.62,8.62,3.3097,1.1571,0.00000,0.03231
3.88,8.62,3.3438,1.1130,0.00000,0.03249
4.12,8.62,3.2496,1.1500,0.00000,0.03138
4.38,8.62,3.3205,1.1418,0.00000,0.03166
4.62,8.62,3.3656,1.2265,0.00000,0.03427
4.88,8.62,3.3979,1.4701,0.00000,0.04014
5.12,8.62,3.4538,1.8710,0.00000,0.05205
5.38,8.62,3.4692,2.3558,0.00000,0.06563
5.62,8.62,3.5587,2.9839,0.00000,0.07324
5.88,8.62,3.5671,3.8781,0.00000,0.07731
6.12,8.62,3.6346,4.7970,0.00000,0.08509
6.38,8.62,3.6089,6.0608,0.00000,0.10815
6.62,8.62,3.7401,7.7211,0.00000,0.13029
6.88,8.62,3.8127,9.6969,0.00000,0.10006
7.12,8.62,3.7807,12.8004,0.00000,0.06373
7.38,8.62,2.8881,16.5853,0.00000,0.03995
10.88,8.62,2.6985,50.4702,0.00000,0.02091
11.12,8.62,3.3196,68.5211,0.00000,0.03072
11.38,8.62,3.7010,82.7931,0.00000,0.03538
11.62,8.62,3.5909,91.8122,0.00000,0.03306
11.88,8.62,3.6277,95.8621,0.00000,0.03363
12.12,8.62,4.0020,97.7276,0.00000,0.03971
12.38,8.62,4.2843,101.9356,0.00000,0.04966
2.62,8.88,2.4272,6.7125,0.00000,0.02226
2.88,8.88,3.3567,3.9511,0.00000,0.03194
3.12,8.88,3.4168,2.2424,0.00000,0.03433
3.38,8.88,3.4658,1.6037,0.00000,0.03626
3.62,8.88,3.3465,1.4720,0.00000,0.03678
3.88,8.88,3.3813,1.3924,0.00000,0.03644
4.12,8.88,3.2995,1.4097,0.00000,0.03604
4.38,8.88,3.3784,1.4328,0.00000,0.03673
4.62,8.88,3.4087,1.5589,0.00000,0.03803
4.88,8.88,3.4422,1.8503,0.00000,0.04293
5.12,8.88,3.4764,2.3009,0.00000,0.05287
5.38,8.88,3.4839,2.8672,0.00000,0.06586
5.62,8.88,3.5662,3.6918,0.00000,0.07776
5.88,8.88,3.5792,4.7695,0.00000,0.08593
6.12,8.88,3.6392,5.8370,0.00000,0.09361
6.38,8.88,3.6285,7.1852,0.00000,0.11571
6.62,8.88,3.7515,8.8856,0.00000,0.13677
6.88,8.88,3.8464,10.9441,0.00000,0.10425
7.12,8.88,3.8219,14.0935,0.00000,0.06508
7.38,8.88,2.9426,17.6418,0.00000,0.04028
10.62,8.88,3.2798,46.3836,0.00000,0.01799
10.88,8.88,3.5636,63.8154,0.00000,0.02611
11.12,8.88,3.7503,77.8285,0.00000,0.03492
11.38,8.88,3.7996,84.0028,0.00000,0.03820
11.62,8.88,3.7440,85.9425,0.00000,0.03942
11.88,8.88,3.7389,90.9186,0.00000,0.04467
12.12,8.88,3.8674,97.4125,0.00000,0.05510
12.38,8.88,3.9596,100.5111,0.00000,0.07542
12.62,8.88,4.1888,101.5882,0.00000,0.11400
2.62,9.12,2.4262,6.2499,0.00000,0.02562
2.88,9.12,3.3542,3.8194,0.00000,0.03637
3.12,9.12,3.4240,2.3455,0.00000,0.03793
3.38,9.12,3.4796,1.8394,0.00000,0.03865
3.62,9.12,3.3685,1.8196,0.00000,0.04025
3.88,9.12,3.4137,1.7687,0.00000,0.04190
4.12,9.12,3.3428,1.8024,0.00000,0.04309
4.38,9.12,3.4240,1.8255,0.00000,0.04460
4.62,9.12,3.4414,1.9582,0.00000,0.04543
4.88,9.12,3.4718,2.2554,0.00000,0.04899
5.12,9.12,3.4948,2.7477,0.00000,0.05621
5.38,9.12,3.5017,3.4126,0.00000,0.06724
5.62,9.12,3.5700,4.3677,0.00000,0.07993
5.88,9.12,3.5840,5.5590,0.00000,0.08844
6.12,9.12,3.6394,6.8012,0.00000,0.09541
6.38,9.12,3.6398,8.2900,0.00000,0.11772
6.62,9.12,3.7620,10.1464,0.00000,0.13888
6.88,9.12,3.8857,12.3086,0.00000,0.10620
7.12,9.12,3.8649,15.3909,0.00000,0.06476
7.38,9.12,2.9957,18.5343,0.00000,0.03927
10.38,9.12,3.2763,42.6890,0.00000,0.01492
10.62,9.12,3.8130,57.8694,0.00000,0.02048
10.88,9.12,3.7852,70.9313,0.00000,0.02703
11.12,9.12,3.8201,77.0619,0.00000,0.03590
11.38,9.12,3.8666,78.2103,0.00000,0.04248
11.62,9.12,3.7244,80.1404,0.00000,0.04833
11.88,9.12,3.6972,85.5886,0.00000,0.06133
12.12,9.12,3.8418,90.7231,0.00000,0.08652
12.38,9.12,3.7505,91.7184,0.00000,0.13354
12.62,9.12,3.7094,91.6714,0.00000,0.22347
12.88,9.12,3.0038,88.8033,0.00000,0.37538
2.62,9.38,2.4299,6.0652,0.00000,0.03042
2.88,9.38,3.3505,3.7473,0.00000,0.04187
3.12,9.38,3.4204,2.3351,0.00000,0.04093
3.38,9.38,3.4807,1.9175,0.00000,0.03949
3.62,9.38,3.3783,2.0334,0.00000,0.04308
3.88,9.38,3.4360,2.1301,0.00000,0.04775
4.12,9.38,3.3707,2.2801,0.00000,0.04979
4.38,9.38,3.4537,2.3043,0.00000,0.05248
4.62,9.38,3.4625,2.4335,0.00000,0.05501
4.88,9.38,3.4993,2.7289,0.00000,0.05927
5.12,9.38,3.5204,3.2667,0.00000,0.06528
5.38,9.38,3.5176,3.9765,0.00000,0.07275
5.62,9.38,3.5730,4.9673,0.00000,0.08149
5.88,9.38,3.5998,6.2306,0.00000,0.08664
6.12,9.38,3.6478,7.6709,0.00000,0.09160
6.38,9.38,3.6473,9.4305,0.00000,0.11223
6.62,9.38,3.7696,11.6067,0.00000,0.13261
6.88,9.38,3.9158,14.0195,0.00000,0.10387
7.12,9.38,3.8946,17.2690,0.00000,0.06305
7.38,9.38,3.0476,20.3599,0.00000,0.03759
10.12,9.38,2.9536,39.5194,0.00000,0.01183
10.38,9.38,3.5503,53.8405,0.00000,0.01666
10.62,9.38,3.6974,63.9864,0.00000,0.02240
10.88,9.38,3.6895,68.6781,0.00000,0.03002
11.12,9.38,3.8131,69.3106,0.00000,0.03930
11.38,9.38,3.7593,70.5309,0.00000,0.04778
11.62,9.38,3.6172,75.0150,0.00000,0.06000
11.88,9.38,3.5832,79.3705,0.00001,0.08715
12.12,9.38,3.6154,79.9634,0.00004,0.14538
12.38,9.38,3.4923,78.3433,0.00007,0.25823
12.62,9.38,3.3223,77.1030,0.00004,0.47004
12.88,9.38,2.7771,74.0754,0.00001,0.82218
13.12,9.38,2.2298,66.1855,0.00000,1.31953
2.62,9.62,2.4331,5.8792,0.00000,0.03444
2.88,9.62,3.3459,3.5942,0.00000,0.04619
3.12,9.62,3.4123,2.1653,0.00000,0.04323
3.38,9.62,3.4812,1.8193,0.00000,0.04057
3.62,9.62,3.3868,2.0636,0.00000,0.04449
3.88,9.62,3.4509,2.3686,0.00000,0.05038
4.12,9.62,3.3851,2.7069,0.00000,0.05363
4.38,9.62,3.4636,2.7535,0.00000,0.05845
4.62,9.62,3.4678,2.9217,0.00000,0.06332
4.88,9.62,3.5246,3.3038,0.00000,0.07013
5.12,9.62,3.5451,3.9260,0.00000,0.07780
5.38,9.62,3.5321,4.6282,0.00000,0.08197
5.62,9.62,3.5841,5.6546,0.00000,0.08480
5.88,9.62,3.6272,7.0633,0.00000,0.08456
6.12,9.62,3.6639,8.7258,0.00000,0.08444
6.38,9.62,3.6612,10.7864,0.00000,0.09976
6.62,9.62,3.7813,13.3395,0.00000,0.11904
6.88,9.62,3.9352,16.1722,0.00000,0.09865
7.12,9.62,3.9122,19.9299,0.00000,0.06082
7.38,9.62,3.1087,23.3818,0.00000,0.03521
9.88,9.62,3.1973,35.8809,0.00000,0.01207
10.12,9.62,3.5468,50.0561,0.00000,0.01561
10.38,9.62,3.6991,61.0461,0.00000,0.02105
10.62,9.62,3.6688,64.2923,0.00000,0.02832
10.88,9.62,3.7478,63.1937,0.00000,0.03661
11.12,9.62,3.7752,63.2548,0.00000,0.04497
11.38,9.62,3.6862,65.7337,0.00000,0.05557
11.62,9.62,3.6213,68.8506,0.00003,0.07483
11.88,9.62,3.5621,70.1277,0.00032,0.11876
12.12,9.62,3.4907,67.9257,0.00143,0.21667
12.38,9.62,3.4182,64.8503,0.00236,0.39916
12.62,9.62,3.2562,62.6798,0.00144,0.72379
12.88,9.62,2.9392,59.8327,0.00033,1.23394
13.12,9.62,2.6485,53.7688,0.00003,1.81271
13.38,9.62,2.3848,47.0137,0.00000,2.14014
2.62,9.88,2.4309,5.7686,0.00000,0.03366
2.88,9.88,3.3409,3.5336,0.00000,0.04504
3.12,9.88,3.4046,2.1022,0.00000,0.04268
3.38,9.88,3.4866,1.7709,0.00000,0.04105
3.62,9.88,3.4024,2.0529,0.00000,0.04352
3.88,9.88,3.4729,2.4780,0.00000,0.04860
4.12,9.88,3.4006,2.9575,0.00000,0.05309
4.38,9.88,3.4682,3.0586,0.00000,0.05955
4.62,9.88,3.4689,3.3216,0.00000,0.06663
4.88,9.88,3.5385,3.8617,0.00000,0.07630
5.12,9.88,3.5526,4.6377,0.00000,0.08591
5.38,9.88,3.5485,5.4037,0.00000,0.08929
5.62,9.88,3.6041,6.5239,0.00000,0.08955
5.88,9.88,3.6572,8.1317,0.00000,0.08579
6.12,9.88,3.6899,10.0394,0.00000,0.08113
6.38,9.88,3.6812,12.3435,0.00000,0.09035
6.62,9.88,3.7852,15.2426,0.00000,0.10656
6.88,9.88,3.9359,18.6239,0.00000,0.09143
7.12,9.88,3.9210,23.1502,0.00000,0.05687
7.38,9.88,3.1711,27.1470,0.00000,0.03201
9.62,9.88,3.2676,33.1030,0.00000,0.01228
9.88,9.88,3.7604,45.5791,0.00000,0.01690
10.12,9.88,3.7639,56.5894,0.00000,0.02354
10.38,9.88,3.7640,60.7682,0.00000,0.03178
10.62,9.88,3.7542,59.4158,0.00000,0.03712
10.88,9.88,3.7153,58.5118,0.00000,0.04160
11.12,9.88,3.7631,59.7933,0.00000,0.05052
11.38,9.88,3.7973,61.3479,0.00001,0.06443
11.62,9.88,3.6657,61.8502,0.00032,0.08772
11.88,9.88,3.5602,60.6598,0.00389,0.14127
12.12,9.88,3.5006,58.3466,0.01742,0.24942
12.38,9.88,3.4190,56.7774,0.02872,0.42911
12.62,9.88,3.2848,55.6308,0.01743,0.73047
12.88,9.88,3.0975,53.7330,0.00391,1.19024
13.12,9.88,2.9048,51.6673,0.00033,1.69330
13.38,9.88,2.6368,52.9042,0.00001,1.83517
13.62,9.88,2.1139,59.2010,0.00000,1.26578
2.62,10.12,2.4236,5.9457,0.00000,0.03191
2.88,10.12,3.3316,3.6889,0.00000,0.04272
3.12,10.12,3.4012,2.2362,0.00000,0.04028
3.38,10.12,3.5031,1.8653,0.00000,0.03834
3.62,10.12,3.4182,2.1066,0.00000,0.03934
3.88,10.12,3.4838,2.5251,0.00000,0.04410
4.12,10.12,3.4115,3.0641,0.00000,0.04951
4.38,10.12,3.4828,3.2726,0.00000,0.05573
4.62,10.12,3.4777,3.6495,0.00000,0.06352
4.88,10.12,3.5514,4.3094,0.00000,0.07561
5.12,10.12,3.5617,5.2867,0.00000,0.08748
5.38,10.12,3.5737,6.2485,0.00000,0.09387
5.62,10.12,3.6230,7.5045,0.00000,0.09562
5.88,10.12,3.6724,9.2379,0.00000,0.09058
6.12,10.12,3.7059,11.3608,0.00000,0.08286
6.38,10.12,3.6962,13.8841,0.00000,0.08527
6.62,10.12,3.7894,17.1361,0.00000,0.09549
6.88,10.12,3.9359,21.1301,0.00000,0.08263
7.12,10.12,3.9215,26.4876,0.00000,0.05263
7.38,10.12,3.2120,30.8891,0.00000,0.02979
9.38,10.12,2.9877,29.8653,0.00000,0.01131
9.62,10.12,3.5963,41.2661,0.00000,0.01636
9.88,10.12,3.7591,50.3149,0.00000,0.02553
10.12,10.12,3.8078,55.1624,0.00000,0.03841
10.38,10.12,3.8811,54.8318,0.00000,0.04548
10.62,10.12,3.7108,53.5320,0.00000,0.04373
10.88,10.12,3.6413,54.1486,0.00000,0.04545
11.12,10.12,3.7693,55.2274,0.00000,0.05454
11.38,10.12,3.7295,55.1008,0.00004,0.06833
11.62,10.12,3.6208,54.5544,0.00143,0.09458
11.88,10.12,3.5717,53.7997,0.01742,0.14547
12.12,10.12,3.5216,52.8939,0.07807,0.23130
12.38,10.12,3.4601,52.4433,0.12871,0.36885
12.62,10.12,3.3526,51.9470,0.07807,0.59398
12.88,10.12,3.2215,51.7607,0.01743,0.90442
13.12,10.12,3.0734,53.5732,0.00144,1.23050
13.38,10.12,2.8755,59.8003,0.00004,1.27009
13.62,10.12,2.5838,68.9556,0.00000,0.76742
13.88,10.12,2.8043,74.2427,0.00000,0.27069
2.62,10.38,2.4336,5.9051,0.00000,0.03096
2.88,10.38,3.3410,3.6725,0.00000,0.04117
3.12,10.38,3.4106,2.2520,0.00000,0.03769
3.38,10.38,3.5167,1.9387,0.00000,0.03428
3.62,10.38,3.4239,2.2044,0.00000,0.03448
3.88,10.38,3.4880,2.5551,0.00000,0.03973
4.12,10.38,3.4163,3.0765,0.00000,0.04541
4.38,10.38,3.4998,3.4166,0.00000,0.05082
4.62,10.38,3.4900,3.9549,0.00000,0.05833
4.88,10.38,3.5674,4.7448,0.00000,0.07106
5.12,10.38,3.5767,5.9422,0.00000,0.08513
5.38,10.38,3.5994,7.1435,0.00000,0.09614
5.62,10.38,3.6328,8.5884,0.00000,0.10139
5.88,10.38,3.6774,10.4195,0.00000,0.09683
6.12,10.38,3.7120,12.7203,0.00000,0.08620
6.38,10.38,3.7037,15.4266,0.00000,0.08087
6.62,10.38,3.7894,19.0359,0.00000,0.08397
6.88,10.38,3.9417,23.6677,0.00000,0.07308
7.12,10.38,3.9321,29.9217,0.00000,0.04871
7.38,10.38,3.2625,34.6350,0.00000,0.02880
9.12,10.38,3.1107,26.6117,0.00000,0.01236
9.38,10.38,3.5141,37.4606,0.00000,0.01650
9.62,10.38,3.7085,46.0097,0.00000,0.02513
9.88,10.38,3.7478,49.1792,0.00000,0.03965
10.12,10.38,3.8617,49.1631,0.00000,0.05193
10.38,10.38,3.8111,48.7340,0.00000,0.05162
10.62,10.38,3.6750,49.3047,0.00000,0.04750
10.88,10.38,3.6422,49.7338,0.00000,0.04918
11.12,10.38,3.6420,49.4863,0.00000,0.05630
11.38,10.38,3.6189,48.6802,0.00007,0.06979
11.62,10.38,3.6209,48.4722,0.00236,0.09389
11.88,10.38,3.5955,49.4905,0.02872,0.13217
12.12,10.38,3.5981,50.1923,0.12871,0.19250
12.38,10.38,3.6045,50.1387,0.21221,0.29035
12.62,10.38,3.4826,50.0651,0.12871,0.43986
12.88,10.38,3.3385,51.4145,0.02872,0.61683
13.12,10.38,3.2311,55.5098,0.00236,0.76851
13.38,10.38,3.1292,65.6012,0.00007,0.73813
13.62,10.38,3.0776,81.3747,0.00000,0.41710
13.88,10.38,3.4518,94.1277,0.00000,0.14561
14.12,10.38,3.7378,104.1612,0.00000,0.05826
2.62,10.62,2.4485,5.8003,0.00000,0.02860
2.88,10.62,3.3590,3.5017,0.00000,0.03800
3.12,10.62,3.4221,2.0569,0.00000,0.03473
3.38,10.62,3.5158,1.8996,0.00000,0.03155
3.62,10.62,3.4156,2.2964,0.00000,0.03161
3.88,10.62,3.4889,2.5669,0.00000,0.03650
4.12,10.62,3.4168,2.9987,0.00000,0.04160
4.38,10.62,3.5105,3.4425,0.00000,0.04695
4.62,10.62,3.4898,4.1641,0.00000,0.05338
4.88,10.62,3.5663,5.1029,0.00000,0.06436
5.12,10.62,3.5727,6.4983,0.00000,0.07892
5.38,10.62,3.6169,7.9406,0.00000,0.09339
5.62,10.62,3.6353,9.6463,0.00000,0.10251
5.88,10.62,3.6703,11.6489,0.00000,0.10048
6.12,10.62,3.6993,14.1717,0.00000,0.08898
6.38,10.62,3.7173,17.0571,0.00000,0.07843
6.62,10.62,3.8090,21.0224,0.00000,0.07468
6.88,10.62,3.9556,26.2562,0.00000,0.06405
7.12,10.62,3.9411,33.4401,0.00000,0.04455
7.38,10.62,3.3266,38.4235,0.00000,0.02847
8.88,10.62,3.1971,24.8562,0.00000,0.01330
9.12,10.62,3.6814,34.4798,0.00000,0.01815
9.38,10.62,3.7334,42.7382,0.00000,0.02728
9.62,10.62,3.7652,46.1620,0.00000,0.04127
9.88,10.62,3.7676,45.3655,0.00000,0.05135
10.12,10.62,3.7081,44.4877,0.00000,0.05323
10.38,10.62,3.7244,44.8216,0.00000,0.05079
10.62,10.62,3.7556,45.2734,0.00000,0.04976
10.88,10.62,3.6406,45.0104,0.00000,0.05093
11.12,10.62,3.6045,44.3857,0.00000,0.05760
11.38,10.62,3.6382,44.1886,0.00004,0.06952
11.62,10.62,3.6147,44.9196,0.00143,0.08628
11.88,10.62,3.6080,46.9780,0.01742,0.11436
12.12,10.62,3.6446,48.5232,0.07807,0.15908
12.38,10.62,3.6466,48.8666,0.12871,0.22453
12.62,10.62,3.5454,49.5333,0.07807,0.31083
12.88,10.62,3.4289,52.0328,0.01742,0.39653
13.12,10.62,3.3494,57.6680,0.00143,0.44235
13.38,10.62,3.2594,70.2127,0.00004,0.38417
13.62,10.62,3.1739,89.0200,0.00000,0.21396
13.88,10.62,3.2426,103.0675,0.00000,0.08397
14.12,10.62,3.3607,108.1761,0.00000,0.04036
14.38,10.62,3.6606,108.6935,0.00000,0.02974
2.62,10.88,2.4447,5.0683,0.00000,0.02528
2.88,10.88,3.3562,3.0949,0.00000,0.03381
3.12,10.88,3.4237,1.8695,0.00000,0.03144
3.38,10.88,3.5249,1.8502,0.00000,0.02970
3.62,10.88,3.4198,2.3183,0.00000,0.03071
3.88,10.88,3.4854,2.5185,0.00000,0.03503
4.12,10.88,3.4070,2.8596,0.00000,0.03878
4.38,10.88,3.5126,3.3334,0.00000,0.04397
4.62,10.88,3.4874,4.1229,0.00000,0.04868
4.88,10.88,3.5670,5.0899,0.00000,0.05682
5.12,10.88,3.5542,6.5596,0.00000,0.06963
5.38,10.88,3.6230,8.2832,0.00000,0.08554
5.62,10.88,3.6327,10.3513,0.00000,0.09676
5.88,10.88,3.6673,12.6263,0.00000,0.09752
6.12,10.88,3.6807,15.5041,0.00000,0.08789
6.38,10.88,3.7308,18.7132,0.00000,0.07673
6.62,10.88,3.8193,23.1696,0.00000,0.06819
6.88,10.88,3.9615,29.1763,0.00000,0.05722
7.12,10.88,3.9582,37.4862,0.00000,0.04155
7.38,10.88,3.4556,42.8222,0.00000,0.02902
8.62,10.88,2.9731,22.2244,0.00000,0.01335
8.88,10.88,3.5669,31.7085,0.00000,0.01788
9.12,10.88,3.7257,39.3681,0.00000,0.02670
9.38,10.88,3.7895,42.6269,0.00000,0.04246
9.62,10.88,3.8620,42.5156,0.00000,0.05488
9.88,10.88,3.6858,41.7918,0.00000,0.05260
10.12,10.88,3.6270,41.4358,0.00000,0.04804
10.38,10.88,3.7459,40.9934,0.00000,0.04785
10.62,10.88,3.7030,40.2134,0.00000,0.04812
10.88,10.88,3.6424,39.8025,0.00000,0.05064
11.12,10.88,3.6632,40.3254,0.00000,0.05698
11.38,10.88,3.6573,41.7688,0.00001,0.06477
11.62,10.88,3.6366,43.2009,0.00032,0.07617
11.88,10.88,3.6226,45.0095,0.00389,0.09611
12.12,10.88,3.6182,46.5867,0.01742,0.12623
12.38,10.88,3.5818,47.6467,0.02872,0.16745
12.62,10.88,3.5216,49.3723,0.01742,0.21722
12.88,10.88,3.4746,53.2172,0.00389,0.25240
13.12,10.88,3.4092,60.7423,0.00032,0.24720
13.38,10.88,3.3381,74.0409,0.00001,0.19528
13.62,10.88,3.3015,91.1513,0.00000,0.11542
13.88,10.88,3.2757,103.6752,0.00000,0.05586
14.12,10.88,3.3854,107.7861,0.00000,0.03164
14.38,10.88,3.7025,109.5444,0.00000,0.02513
14.62,10.88,3.3982,112.7669,0.00000,0.01978
2.62,11.12,2.4477,3.6775,0.00000,0.02217
2.88,11.12,3.3554,2.4298,0.00000,0.02966
3.12,11.12,3.4182,1.6775,0.00000,0.02756
3.38,11.12,3.5274,1.7831,0.00000,0.02674
3.62,11.12,3.4246,2.2758,0.00000,0.02929
3.88,11.12,3.4879,2.4616,0.00000,0.03432
4.12,11.12,3.4013,2.7726,0.00000,0.03768
4.38,11.12,3.5081,3.2121,0.00000,0.04295
4.62,11.12,3.4784,3.9223,0.00000,0.04593
4.88,11.12,3.5679,4.7505,0.00000,0.05097
5.12,11.12,3.5393,6.1458,0.00000,0.06147
5.38,11.12,3.6189,8.0913,0.00000,0.07744
5.62,11.12,3.6081,10.4385,0.00000,0.08738
5.88,11.12,3.6646,12.8950,0.00000,0.08895
6.12,11.12,3.6535,16.0898,0.00000,0.08133
6.38,11.12,3.7294,19.8631,0.00000,0.07249
6.62,11.12,3.8029,25.1879,0.00000,0.06334
6.88,11.12,3.9404,32.3414,0.00000,0.05390
7.12,11.12,3.9494,41.9189,0.00000,0.04103
7.38,11.12,3.6740,47.3514,0.00000,0.03112
8.38,11.12,2.9989,19.4296,0.00000,0.01415
8.62,11.12,3.4565,27.9854,0.00000,0.01830
8.88,11.12,3.6549,35.6917,0.00000,0.02563
9.12,11.12,3.7102,39.2826,0.00000,0.03863
9.38,11.12,3.8314,38.8461,0.00000,0.05128
9.62,11.12,3.7717,38.2918,0.00000,0.05301
9.88,11.12,3.6610,38.7873,0.00000,0.04695
10.12,11.12,3.6631,38.1369,0.00000,0.04398
10.38,11.12,3.6390,36.3366,0.00000,0.04431
10.62,11.12,3.6464,34.9726,0.00000,0.04640
10.88,11.12,3.6896,35.1400,0.00000,0.04975
11.12,11.12,3.6667,36.7367,0.00000,0.05378
11.38,11.12,3.6733,39.2330,0.00000,0.05932
11.62,11.12,3.6659,41.3073,0.00003,0.06693
11.88,11.12,3.6393,42.9572,0.00032,0.07929
12.12,11.12,3.6213,44.6889,0.00143,0.09701
12.38,11.12,3.5633,46.7456,0.00236,0.11997
12.62,11.12,3.5256,49.8071,0.00143,0.14505
12.88,11.12,3.4804,55.2886,0.00032,0.15330
13.12,11.12,3.4435,64.0185,0.00003,0.13642
13.38,11.12,3.4200,76.4843,0.00000,0.10447
13.62,11.12,3.3326,90.2805,0.00000,0.06756
13.88,11.12,3.3424,100.7146,0.00000,0.04001
14.12,11.12,3.3928,107.5830,0.00000,0.02594
14.38,11.12,3.3167,114.2551,0.00000,0.01898
14.62,11.12,3.1794,115.5834,0.00000,0.01498
14.88,11.12,3.5759,101.3732,0.00000,0.01542
2.62,11.38,2.4477,2.3646,0.00000,0.01986
2.88,11.38,3.3499,1.7553,0.00000,0.02646
3.12,11.38,3.4110,1.4330,0.00000,0.02426
3.38,11.38,3.5254,1.6927,0.00000,0.02353
3.62,11.38,3.4211,2.2423,0.00000,0.02685
3.88,11.38,3.4911,2.4329,0.00000,0.03298
4.12,11.38,3.4027,2.7329,0.00000,0.03783
4.38,11.38,3.5055,3.1170,0.00000,0.04422
4.62,11.38,3.4598,3.7066,0.00000,0.04601
4.88,11.38,3.5556,4.4080,0.00000,0.04925
5.12,11.38,3.5282,5.7169,0.00000,0.05830
5.38,11.38,3.6214,7.7163,0.00000,0.07302
5.62,11.38,3.5869,10.1300,0.00000,0.08042
5.88,11.38,3.6464,12.5182,0.00000,0.08140
6.12,11.38,3.6021,15.6282,0.00000,0.07346
6.38,11.38,3.7099,19.6955,0.00000,0.06679
6.62,11.38,3.7458,25.7251,0.00000,0.05902
6.88,11.38,3.8931,33.9103,0.00000,0.05221
7.12,11.38,3.9428,44.3564,0.00000,0.04202
7.38,11.38,4.0133,48.9362,0.00000,0.03552
8.12,11.38,2.9182,17.4396,0.00000,0.01706
8.38,11.38,3.5094,24.6675,0.00000,0.01965
8.62,11.38,3.6245,31.6774,0.00000,0.02580
8.88,11.38,3.6693,35.4984,0.00000,0.03735
9.12,11.38,3.7367,35.6727,0.00000,0.04772
9.38,11.38,3.7020,34.7218,0.00000,0.04929
9.62,11.38,3.6927,34.8013,0.00000,0.04572
9.88,11.38,3.7215,35.2016,0.00000,0.04307
10.12,11.38,3.6223,34.1826,0.00000,0.04243
10.38,11.38,3.6045,32.3585,0.00000,0.04442
10.62,11.38,3.6812,31.6999,0.00000,0.04701
10.88,11.38,3.6837,32.5698,0.00000,0.04842
11.12,11.38,3.6714,34.2815,0.00000,0.05130
11.38,11.38,3.6782,36.9007,0.00000,0.05530
11.62,11.38,3.6733,39.3066,0.00000,0.05938
11.88,11.38,3.6625,41.1699,0.00001,0.06598
12.12,11.38,3.6223,43.5121,0.00004,0.07539
12.38,11.38,3.5934,46.8379,0.00007,0.08664
12.62,11.38,3.5507,51.5472,0.00004,0.09464
12.88,11.38,3.5173,58.1455,0.00001,0.09287
13.12,11.38,3.5382,66.4262,0.00000,0.08241
13.38,11.38,3.5047,76.6890,0.00000,0.06472
13.62,11.38,3.4207,87.9539,0.00000,0.04412
13.88,11.38,3.4701,98.7511,0.00000,0.02965
14.12,11.38,3.5175,109.8025,0.00000,0.02100
14.38,11.38,3.3788,118.9811,0.00000,0.01459
14.62,11.38,3.3863,114.1435,0.00000,0.01158
14.88,11.38,3.7185,88.1681,0.00000,0.01224
15.12,11.38,3.2510,54.4254,0.00000,0.01097
2.62,11.62,2.4505,1.2127,0.00000,0.01899
2.88,11.62,3.3515,1.2091,0.00000,0.02529
3.12,11.62,3.4114,1.3150,0.00000,0.02308
3.38,11.62,3.5236,1.7108,0.00000,0.02234
3.62,11.62,3.4204,2.2771,0.00000,0.02625
3.88,11.62,3.5053,2.3886,0.00000,0.03362
4.12,11.62,3.4087,2.5951,0.00000,0.04008
4.38,11.62,3.4957,2.9169,0.00000,0.04773
4.62,11.62,3.4420,3.4277,0.00000,0.04928
4.88,11.62,3.5500,4.0966,0.00000,0.05216
5.12,11.62,3.5212,5.3497,0.00000,0.05995
5.38,11.62,3.6253,7.2818,0.00000,0.07259
5.62,11.62,3.5717,9.6038,0.00000,0.07757
5.88,11.62,3.6191,11.7611,0.00000,0.07816
6.12,11.62,3.5645,14.4830,0.00000,0.06951
6.38,11.62,3.6974,18.2777,0.00000,0.06357
6.62,11.62,3.6948,24.1661,0.00000,0.05693
6.88,11.62,3.8354,32.1332,0.00000,0.05225
7.12,11.62,3.8529,41.2845,0.00000,0.04404
7.38,11.62,4.1801,43.6381,0.00000,0.04066
7.88,11.62,3.3270,22.0506,0.00000,0.02762
8.12,11.62,3.4071,22.8422,0.00000,0.02489
8.38,11.62,3.6000,28.2222,0.00000,0.02716
8.62,11.62,3.6518,31.4353,0.00000,0.03582
8.88,11.62,3.7381,31.9975,0.00000,0.04596
9.12,11.62,3.6577,31.5408,0.00000,0.04751
9.38,11.62,3.6291,31.4460,0.00000,0.04442
9.62,11.62,3.7166,31.6859,0.00000,0.04296
9.88,11.62,3.6600,31.3221,0.00000,0.04287
10.12,11.62,3.6232,30.3107,0.00000,0.04513
10.38,11.62,3.6640,29.6363,0.00000,0.04772
10.62,11.62,3.6608,29.9945,0.00000,0.04787
10.88,11.62,3.6839,31.1349,0.00000,0.04785
11.12,11.62,3.6841,32.7799,0.00000,0.04926
11.38,11.62,3.6862,35.0018,0.00000,0.05120
11.62,11.62,3.6967,37.2914,0.00000,0.05310
11.88,11.62,3.6521,39.7775,0.00000,0.05546
12.12,11.62,3.6345,43.0005,0.00000,0.05997
12.38,11.62,3.6204,47.7576,0.00000,0.06479
12.62,11.62,3.5565,53.8499,0.00000,0.06552
12.88,11.62,3.5866,60.4908,0.00000,0.06322
13.12,11.62,3.6134,67.8024,0.00000,0.05675
13.38,11.62,3.5606,76.2667,0.00000,0.04465
13.62,11.62,3.5712,87.0037,0.00000,0.03246
13.88,11.62,3.5551,100.4499,0.00000,0.02358
14.12,11.62,3.5189,113.1016,0.00000,0.01732
14.38,11.62,3.4413,121.9979,0.00000,0.01281
14.62,11.62,3.2729,117.4536,0.00000,0.00962
14.88,11.62,3.1306,86.7944,0.00000,0.00849
2.62,11.88,2.4566,0.6868,0.00000,0.02003
2.88,11.88,3.3605,1.0884,0.00000,0.02676
3.12,11.88,3.4208,1.4990,0.00000,0.02459
3.38,11.88,3.5263,1.8669,0.00000,0.02388
3.62,11.88,3.4145,2.3101,0.00000,0.02820
3.88,11.88,3.5040,2.2861,0.00000,0.03669
4.12,11.88,3.4080,2.3743,0.00000,0.04494
4.38,11.88,3.4885,2.6996,0.00000,0.05437
4.62,11.88,3.4231,3.2157,0.00000,0.05559
4.88,11.88,3.5289,3.8342,0.00000,0.05761
5.12,11.88,3.5044,4.9603,0.00000,0.06429
5.38,11.88,3.6143,6.6659,0.00000,0.07579
5.62,11.88,3.5566,8.7399,0.00000,0.07855
5.88,11.88,3.6050,10.7774,0.00000,0.07758
6.12,11.88,3.5504,13.2572,0.00000,0.06897
6.38,11.88,3.6669,16.5331,0.00000,0.06353
6.62,11.88,3.6631,21.5589,0.00000,0.05821
6.88,11.88,3.7856,28.1571,0.00000,0.05510
7.12,11.88,3.7518,34.9961,0.00000,0.04883
7.38,11.88,3.9971,37.1594,0.00000,0.04493
7.62,11.88,4.0759,33.6084,0.00000,0.04136
7.88,11.88,3.7905,28.6679,0.00000,0.03499
8.12,11.88,3.6648,27.9927,0.00000,0.03229
8.38,11.88,3.6293,29.5680,0.00000,0.03578
8.62,11.88,3.7069,29.5467,0.00000,0.04350
8.88,11.88,3.6732,28.9183,0.00000,0.04636
9.12,11.88,3.6113,28.5636,0.00000,0.04413
9.38,11.88,3.6714,28.6507,0.00000,0.04280
9.62,11.88,3.6416,28.5778,0.00000,0.04289
9.88,11.88,3.6291,28.0005,0.00000,0.04535
10.12,11.88,3.6833,27.8221,0.00000,0.04849
10.38,11.88,3.6524,28.0707,0.00000,0.04916
10.62,11.88,3.6505,28.6898,0.00000,0.04868
10.88,11.88,3.6812,29.9788,0.00000,0.04732
11.12,11.88,3.6904,31.2851,0.00000,0.04687
11.38,11.88,3.7131,32.8066,0.00000,0.04770
11.62,11.88,3.6803,35.2003,0.00000,0.04766
11.88,11.88,3.6654,38.3928,0.00000,0.04800
12.12,11.88,3.6545,42.7447,0.00000,0.04925
12.38,11.88,3.6088,48.8090,0.00000,0.05001
12.62,11.88,3.5889,55.5344,0.00000,0.04925
12.88,11.88,3.5528,62.3131,0.00000,0.04648
13.12,11.88,3.5499,69.3204,0.00000,0.04081
13.38,11.88,3.6039,78.2692,0.00000,0.03288
13.62,11.88,3.5485,90.1514,0.00000,0.02503
13.88,11.88,3.4503,100.7850,0.00000,0.01883
14.12,11.88,3.4190,106.0267,0.00000,0.01478
14.38,11.88,3.0090,112.6921,0.00000,0.01133
14.62,11.88,2.4527,121.8124,0.00000,0.00777
2.62,12.12,2.4635,1.1056,0.00000,0.02179
2.88,12.12,3.3727,1.4469,0.00000,0.02939
3.12,12.12,3.4342,1.8402,0.00000,0.02762
3.38,12.12,3.5317,1.9615,0.00000,0.02721
3.62,12.12,3.4076,2.1604,0.00000,0.03148
3.88,12.12,3.4921,2.1204,0.00000,0.04025
4.12,12.12,3.3986,2.2396,0.00000,0.05028
4.38,12.12,3.4792,2.6225,0.00000,0.06139
4.62,12.12,3.4044,3.1621,0.00000,0.06169
4.88,12.12,3.4930,3.7062,0.00000,0.06305
5.12,12.12,3.4735,4.6796,0.00000,0.07002
5.38,12.12,3.5678,6.0152,0.00000,0.08133
5.62,12.12,3.5268,7.7090,0.00000,0.08188
5.88,12.12,3.5794,9.7526,0.00000,0.07751
6.12,12.12,3.5484,12.2416,0.00000,0.07065
6.38,12.12,3.6177,15.1533,0.00000,0.06677
6.62,12.12,3.6326,19.0383,0.00000,0.06314
6.88,12.12,3.6959,23.5896,0.00000,0.06103
7.12,12.12,3.6972,28.3420,0.00000,0.05774
7.38,12.12,3.7230,31.7380,0.00000,0.05199
7.62,12.12,3.7542,32.8818,0.00000,0.04647
7.88,12.12,3.7012,31.8643,0.00000,0.04169
8.12,12.12,3.6661,30.0274,0.00000,0.04032
8.38,12.12,3.6726,28.6188,0.00000,0.04339
8.62,12.12,3.6765,27.7455,0.00000,0.04686
8.88,12.12,3.6376,27.1364,0.00000,0.04604
9.12,12.12,3.6649,26.3826,0.00000,0.04398
9.38,12.12,3.6335,26.0115,0.00000,0.04289
9.62,12.12,3.6172,25.5981,0.00000,0.04417
9.88,12.12,3.6752,25.5601,0.00000,0.04688
10.12,12.12,3.6643,26.2682,0.00000,0.04798
10.38,12.12,3.6565,26.7982,0.00000,0.04847
10.62,12.12,3.6692,27.6213,0.00000,0.04827
10.88,12.12,3.6838,28.7761,0.00000,0.04641
11.12,12.12,3.7097,29.4665,0.00000,0.04558
11.38,12.12,3.6885,30.7870,0.00000,0.04509
11.62,12.12,3.6868,33.2954,0.00000,0.04398
11.88,12.12,3.6769,36.9564,0.00000,0.04279
12.12,12.12,3.6199,42.5968,0.00000,0.04198
12.38,12.12,3.6466,49.6776,0.00000,0.04192
12.62,12.12,3.6003,56.6860,0.00000,0.03996
12.88,12.12,3.5039,63.7834,0.00000,0.03624
13.12,12.12,3.5568,71.5482,0.00000,0.03218
13.38,12.12,3.5546,81.8572,0.00000,0.02614
13.62,12.12,3.4637,91.9042,0.00000,0.02003
13.88,12.12,3.4632,92.5347,0.00000,0.01594
14.12,12.12,3.3789,84.4864,0.00000,0.01310
14.38,12.12,2.6179,82.7894,0.00000,0.00967
2.62,12.38,2.4686,2.6726,0.00000,0.02251
2.88,12.38,3.3811,2.1386,0.00000,0.03089
3.12,12.38,3.4390,1.9517,0.00000,0.03053
3.38,12.38,3.5273,1.8274,0.00000,0.03160
3.62,12.38,3.4001,1.9240,0.00000,0.03585
3.88,12.38,3.4791,1.9917,0.00000,0.04406
4.12,12.38,3.3813,2.2108,0.00000,0.05454
4.38,12.38,3.4533,2.5697,0.00000,0.06608
4.62,12.38,3.3764,3.0555,0.00000,0.06603
4.88,12.38,3.4462,3.5417,0.00000,0.06803
5.12,12.38,3.4473,4.3952,0.00000,0.07613
5.38,12.38,3.5200,5.5219,0.00000,0.08686
5.62,12.38,3.4985,7.0030,0.00000,0.08683
5.88,12.38,3.5326,9.0647,0.00000,0.07936
6.12,12.38,3.5562,11.6132,0.00000,0.07478
6.38,12.38,3.5636,14.2492,0.00000,0.07143
6.62,12.38,3.6033,17.1172,0.00000,0.06869
6.88,12.38,3.6020,19.9816,0.00000,0.06769
7.12,12.38,3.6496,22.8676,0.00000,0.06802
7.38,12.38,3.6902,26.0893,0.00000,0.06390
7.62,12.38,3.7164,28.8185,0.00000,0.05699
7.88,12.38,3.7216,29.6757,0.00000,0.05139
8.12,12.38,3.7254,28.4579,0.00000,0.04909
8.38,12.38,3.6821,26.8954,0.00000,0.04818
8.62,12.38,3.6402,26.0277,0.00000,0.04799
8.88,12.38,3.6596,25.2794,0.00000,0.04679
9.12,12.38,3.6365,24.4706,0.00000,0.04422
9.38,12.38,3.6232,23.9318,0.00000,0.04378
9.62,12.38,3.6664,23.6654,0.00000,0.04521
9.88,12.38,3.6612,24.0409,0.00000,0.04572
10.12,12.38,3.6769,24.8114,0.00000,0.04646
10.38,12.38,3.6910,25.5654,0.00000,0.04687
10.62,12.38,3.6912,26.5032,0.00000,0.04663
10.88,12.38,3.7121,27.3081,0.00000,0.04584
11.12,12.38,3.6801,28.1729,0.00000,0.04432
11.38,12.38,3.6838,29.7339,0.00000,0.04284
11.62,12.38,3.6939,32.3814,0.00000,0.04114
11.88,12.38,3.6253,36.8487,0.00000,0.03901
12.12,12.38,3.6394,43.3206,0.00000,0.03855
12.38,12.38,3.6716,50.7738,0.00000,0.03794
12.62,12.38,3.5816,57.6022,0.00000,0.03497
12.88,12.38,3.5744,64.6274,0.00000,0.03178
13.12,12.38,3.5739,73.9015,0.00000,0.02720
13.38,12.38,3.4859,83.2307,0.00000,0.02077
13.62,12.38,3.4821,85.1491,0.00000,0.01655
13.88,12.38,3.3725,75.4170,0.00000,0.01365
14.12,12.38,2.9806,59.7283,0.00000,0.01064
2.62,12.62,2.4759,4.9784,0.00000,0.02303
2.88,12.62,3.3860,3.0287,0.00000,0.03207
3.12,12.62,3.4347,1.8959,0.00000,0.03337
3.38,12.62,3.5146,1.6371,0.00000,0.03627
3.62,12.62,3.3886,1.8127,0.00000,0.04054
3.88,12.62,3.4572,1.9279,0.00000,0.04815
4.12,12.62,3.3536,2.1495,0.00000,0.05844
4.38,12.62,3.4118,2.4548,0.00000,0.07033
4.62,12.62,3.3384,2.8974,0.00000,0.07168
4.88,12.62,3.3903,3.3850,0.00000,0.07463
5.12,12.62,3.4241,4.1922,0.00000,0.08249
5.38,12.62,3.4821,5.3282,0.00000,0.09140
5.62,12.62,3.4916,6.7663,0.00000,0.09261
5.88,12.62,3.5050,8.7323,0.00000,0.08382
6.12,12.62,3.5612,11.0787,0.00000,0.07945
6.38,12.62,3.5312,13.2561,0.00000,0.07597
6.62,12.62,3.5809,15.3082,0.00000,0.07403
6.88,12.62,3.5960,17.3775,0.00000,0.07391
7.12,12.62,3.5962,19.3808,0.00000,0.07469
7.38,12.62,3.6270,21.8985,0.00000,0.07152
7.62,12.62,3.6451,24.6857,0.00000,0.06356
7.88,12.62,3.6382,26.2863,0.00000,0.05673
8.12,12.62,3.6330,26.0956,0.00000,0.05337
8.38,12.62,3.6229,24.9642,0.00000,0.05077
8.62,12.62,3.6240,23.9447,0.00000,0.04866
8.88,12.62,3.6167,23.3028,0.00000,0.04599
9.12,12.62,3.6212,22.8451,0.00000,0.04379
9.38,12.62,3.6690,22.5877,0.00000,0.04434
9.62,12.62,3.6566,22.6925,0.00000,0.04471
9.88,12.62,3.6673,23.1933,0.00000,0.04480
10.12,12.62,3.7019,24.0436,0.00000,0.04576
10.38,12.62,3.6962,24.8074,0.00000,0.04579
10.62,12.62,3.7170,25.4829,0.00000,0.04568
10.88,12.62,3.6942,26.4006,0.00000,0.04450
11.12,12.62,3.6892,27.7341,0.00000,0.04258
11.38,12.62,3.6905,29.6703,0.00000,0.04063
11.62,12.62,3.6169,33.2200,0.00000,0.03867
11.88,12.62,3.6255,38.6522,0.00000,0.03794
12.12,12.62,3.6365,45.3205,0.00000,0.03726
12.38,12.62,3.5979,52.4271,0.00000,0.03576
12.62,12.62,3.6351,59.6286,0.00000,0.03367
12.88,12.62,3.5997,67.8291,0.00000,0.02866
13.12,12.62,3.4877,75.6430,0.00000,0.02101
13.38,12.62,3.4565,78.0455,0.00000,0.01527
13.62,12.62,3.1683,69.9423,0.00000,0.01245
13.88,12.62,2.6727,54.9773,0.00000,0.01001
2.62,12.88,2.4752,6.6226,0.00000,0.02307
2.88,12.88,3.3829,3.6805,0.00000,0.03271
3.12,12.88,3.4306,1.8887,0.00000,0.03584
3.38,12.88,3.5058,1.5432,0.00000,0.04013
3.62,12.88,3.3748,1.7656,0.00000,0.04346
3.88,12.88,3.4336,1.8503,0.00000,0.04966
4.12,12.88,3.3310,2.0325,0.00000,0.05922
4.38,12.88,3.3781,2.3117,0.00000,0.07182
4.62,12.88,3.3191,2.7271,0.00000,0.07571
4.88,12.88,3.3578,3.2195,0.00000,0.07908
5.12,12.88,3.4106,4.0185,0.00000,0.08481
5.38,12.88,3.4695,5.2048,0.00000,0.09102
5.62,12.88,3.5117,6.6279,0.00000,0.09444
5.88,12.88,3.5086,8.3421,0.00000,0.08813
6.12,12.88,3.5334,10.1611,0.00000,0.08436
6.38,12.88,3.5218,11.8750,0.00000,0.08295
6.62,12.88,3.5253,13.5862,0.00000,0.08037
6.88,12.88,3.5464,15.4081,0.00000,0.07666
7.12,12.88,3.5622,17.2328,0.00000,0.07413
7.38,12.88,3.6052,19.3420,0.00000,0.07198
7.62,12.88,3.6429,21.7138,0.00000,0.06713
7.88,12.88,3.6521,23.3627,0.00000,0.06138
8.12,12.88,3.6429,23.6366,0.00000,0.05695
8.38,12.88,3.6340,22.8546,0.00000,0.05333
8.62,12.88,3.6167,22.0930,0.00000,0.04960
8.88,12.88,3.6146,21.7096,0.00000,0.04601
9.12,12.88,3.6405,21.5591,0.00000,0.04390
9.38,12.88,3.6511,21.6130,0.00000,0.04392
9.62,12.88,3.6591,21.9179,0.00000,0.04449
9.88,12.88,3.6809,22.7429,0.00000,0.04452
10.12,12.88,3.6861,23.8183,0.00000,0.04480
10.38,12.88,3.7068,24.4868,0.00000,0.04521
10.62,12.88,3.6968,25.2353,0.00000,0.04419
10.88,12.88,3.6963,26.3201,0.00000,0.04230
11.12,12.88,3.7047,27.8158,0.00000,0.04042
11.38,12.88,3.6231,30.5341,0.00000,0.03872
11.62,12.88,3.6146,35.1247,0.00000,0.03880
11.88,12.88,3.6076,40.9448,0.00000,0.03842
12.12,12.88,3.5393,47.4680,0.00000,0.03659
12.38,12.88,3.5924,54.4227,0.00000,0.03573
12.62,12.88,3.6094,63.0117,0.00000,0.03179
12.88,12.88,3.5172,71.2347,0.00000,0.02315
13.12,12.88,3.5056,72.1119,0.00000,0.01549
13.38,12.88,3.4191,64.4947,0.00000,0.01152
13.62,12.88,2.7314,51.1157,0.00000,0.00888
2.62,13.12,2.4636,7.0859,0.00000,0.02344
2.88,13.12,3.3723,3.8521,0.00000,0.03352
3.12,13.12,3.4199,1.8546,0.00000,0.03701
3.38,13.12,3.4921,1.4431,0.00000,0.04111
3.62,13.12,3.3603,1.6216,0.00000,0.04339
3.88,13.12,3.4174,1.6688,0.00000,0.04804
4.12,13.12,3.3191,1.8206,0.00000,0.05681
4.38,13.12,3.3641,2.0551,0.00000,0.06989
4.62,13.12,3.3279,2.4053,0.00000,0.07552
4.88,13.12,3.3634,2.9106,0.00000,0.07990
5.12,13.12,3.4086,3.7374,0.00000,0.08489
5.38,13.12,3.4691,4.8882,0.00000,0.08947
5.62,13.12,3.5098,6.2009,0.00000,0.09471
5.88,13.12,3.5149,7.6191,0.00000,0.09310
6.12,13.12,3.5036,9.0359,0.00000,0.09061
6.38,13.12,3.5167,10.4493,0.00000,0.09048
6.62,13.12,3.5330,12.0174,0.00000,0.08800
6.88,13.12,3.5585,13.6705,0.00000,0.08109
7.12,13.12,3.5766,15.3816,0.00000,0.07441
7.38,13.12,3.5963,17.3493,0.00000,0.07235
7.62,13.12,3.6142,19.3007,0.00000,0.07089
7.88,13.12,3.6196,20.6684,0.00000,0.06604
8.12,13.12,3.6116,21.2634,0.00000,0.05959
8.38,13.12,3.6118,21.1090,0.00000,0.05482
8.62,13.12,3.6331,20.6515,0.00000,0.05144
8.88,13.12,3.6446,20.3730,0.00000,0.04814
9.12,13.12,3.6255,20.4621,0.00000,0.04547
9.38,13.12,3.6520,20.8680,0.00000,0.04473
9.62,13.12,3.6733,21.5800,0.00000,0.04439
9.88,13.12,3.6628,22.4703,0.00000,0.04347
10.12,13.12,3.6824,23.3223,0.00000,0.04351
10.38,13.12,3.6810,24.2044,0.00000,0.04388
10.62,13.12,3.6868,25.2970,0.00000,0.04308
10.88,13.12,3.6962,26.6900,0.00000,0.04123
11.12,13.12,3.6204,28.8781,0.00000,0.03900
11.38,13.12,3.6137,32.3830,0.00000,0.03850
11.62,13.12,3.6421,37.3469,0.00000,0.03888
11.88,13.12,3.5511,43.0424,0.00000,0.03757
12.12,13.12,3.5799,49.3197,0.00000,0.03666
12.38,13.12,3.6036,56.7466,0.00000,0.03354
12.62,13.12,3.5138,64.8866,0.00000,0.02523
12.88,13.12,3.5144,67.4996,0.00000,0.01713
13.12,13.12,3.3885,60.1440,0.00000,0.01224
13.38,13.12,2.9782,47.2412,0.00000,0.00912
2.62,13.38,2.4554,6.8028,0.00000,0.02329
2.88,13.38,3.3600,3.6104,0.00000,0.03287
3.12,13.38,3.3980,1.6236,0.00000,0.03494
3.38,13.38,3.4716,1.2441,0.00000,0.03838
3.62,13.38,3.3440,1.4262,0.00000,0.04188
3.88,13.38,3.3971,1.4420,0.00000,0.04687
4.12,13.38,3.2990,1.5403,0.00000,0.05478
4.38,13.38,3.3475,1.7341,0.00000,0.06685
4.62,13.38,3.3288,2.0461,0.00000,0.07336
4.88,13.38,3.3764,2.5582,0.00000,0.07968
5.12,13.38,3.3979,3.3861,0.00000,0.08509
5.38,13.38,3.4538,4.4331,0.00000,0.08928
5.62,13.38,3.4950,5.5557,0.00000,0.09504
5.88,13.38,3.5151,6.7050,0.00000,0.09679
6.12,13.38,3.5150,7.9335,0.00000,0.09540
6.38,13.38,3.5126,9.1994,0.00000,0.09420
6.62,13.38,3.5191,10.6114,0.00000,0.09238
6.88,13.38,3.5466,12.1185,0.00000,0.08592
7.12,13.38,3.5829,13.6184,0.00000,0.07848
7.38,13.38,3.5914,15.3063,0.00000,0.07643
7.62,13.38,3.5903,16.8585,0.00000,0.07638
7.88,13.38,3.6022,18.0665,0.00000,0.07247
8.12,13.38,3.6114,18.9993,0.00000,0.06448
8.38,13.38,3.6302,19.4958,0.00000,0.05800
8.62,13.38,3.6589,19.4828,0.00000,0.05464
8.88,13.38,3.6432,19.3305,0.00000,0.05134
9.12,13.38,3.6268,19.5757,0.00000,0.04870
9.38,13.38,3.6517,20.4713,0.00000,0.04713
9.62,13.38,3.6599,21.4552,0.00000,0.04542
9.88,13.38,3.6726,22.0386,0.00000,0.04390
10.12,13.38,3.6613,22.7324,0.00000,0.04293
10.38,13.38,3.6658,23.7561,0.00000,0.04285
10.62,13.38,3.6830,25.1785,0.00000,0.04239
10.88,13.38,3.6282,27.4701,0.00000,0.04108
11.12,13.38,3.6219,30.8543,0.00000,0.04033
11.38,13.38,3.6369,35.2369,0.00000,0.03878
11.62,13.38,3.5817,40.2944,0.00000,0.03652
11.88,13.38,3.6030,45.9246,0.00000,0.03598
12.12,13.38,3.6252,52.6275,0.00000,0.03425
12.38,13.38,3.5233,58.7641,0.00000,0.02664
12.62,13.38,3.4918,61.1958,0.00000,0.01817
12.88,13.38,3.2745,55.4432,0.00000,0.01296
13.12,13.38,2.7565,43.7721,0.00000,0.00954
2.62,13.62,2.4343,5.8702,0.00000,0.02224
2.88,13.62,3.3299,3.1083,0.00000,0.03097
3.12,13.62,3.3711,1.3891,0.00000,0.03217
3.38,13.62,3.4559,1.0337,0.00000,0.03545
3.62,13.62,3.3306,1.1646,0.00000,0.04035
3.88,13.62,3.3831,1.1835,0.00000,0.04629
4.12,13.62,3.2788,1.2724,0.00000,0.05255
4.38,13.62,3.3232,1.4747,0.00000,0.06199
4.62,13.62,3.3003,1.8070,0.00000,0.06843
4.88,13.62,3.3542,2.2757,0.00000,0.07613
5.12,13.62,3.3703,2.9741,0.00000,0.08238
5.38,13.62,3.4141,3.8449,0.00000,0.08788
5.62,13.62,3.4683,4.8108,0.00000,0.09463
5.88,13.62,3.4771,5.7873,0.00000,0.09748
6.12,13.62,3.5015,6.8718,0.00000,0.09690
6.38,13.62,3.5150,8.0867,0.00000,0.09496
6.62,13.62,3.5156,9.3692,0.00000,0.09346
6.88,13.62,3.5337,10.7027,0.00000,0.08952
7.12,13.62,3.5807,11.9517,0.00000,0.08436
7.38,13.62,3.5926,13.3406,0.00000,0.08259
7.62,13.62,3.5799,14.7448,0.00000,0.08322
7.88,13.62,3.5789,15.9829,0.00000,0.08002
8.12,13.62,3.5901,17.1162,0.00000,0.07086
8.38,13.62,3.6053,18.1831,0.00000,0.06243
8.62,13.62,3.6335,18.7376,0.00000,0.05787
8.88,13.62,3.6530,18.8437,0.00000,0.05397
9.12,13.62,3.6399,19.2491,0.00000,0.05089
9.38,13.62,3.6274,20.0528,0.00000,0.04897
9.62,13.62,3.6556,20.7031,0.00000,0.04769
9.88,13.62,3.6611,21.2405,0.00000,0.04585
10.12,13.62,3.6615,22.0227,0.00000,0.04408
10.38,13.62,3.6699,23.1135,0.00000,0.04256
10.62,13.62,3.6215,25.0354,0.00000,0.04070
10.88,13.62,3.6313,28.2635,0.00000,0.04073
11.12,13.62,3.6472,32.6177,0.00000,0.04066
11.38,13.62,3.5769,37.6217,0.00000,0.03736
11.62,13.62,3.6066,42.9178,0.00000,0.03469
11.88,13.62,3.6270,49.3280,0.00000,0.03191
12.12,13.62,3.5430,55.9946,0.00000,0.02616
12.38,13.62,3.5322,57.0247,0.00000,0.01900
12.62,13.62,3.4571,50.9542,0.00000,0.01429
12.88,13.62,2.8472,40.2515,0.00000,0.01070
2.62,13.88,2.4263,4.1212,0.00000,0.02132
2.88,13.88,3.3158,2.3295,0.00000,0.02958
3.12,13.88,3.3566,1.2238,0.00000,0.03071
3.38,13.88,3.4410,0.8453,0.00000,0.03374
3.62,13.88,3.3107,0.8072,0.00000,0.03880
3.88,13.88,3.3667,0.8608,0.00000,0.04525
4.12,13.88,3.2520,1.0072,0.00000,0.04953
4.38,13.88,3.2943,1.2497,0.00000,0.05654
4.62,13.88,3.2765,1.6073,0.00000,0.06296
4.88,13.88,3.3171,1.9984,0.00000,0.07122
5.12,13.88,3.3546,2.5262,0.00000,0.07838
5.38,13.88,3.3886,3.2287,0.00000,0.08465
5.62,13.88,3.4452,4.0633,0.00000,0.09174
5.88,13.88,3.4672,4.9306,0.00000,0.09621
6.12,13.88,3.4947,5.8599,0.00000,0.09804
6.38,13.88,3.5011,6.9762,0.00000,0.09670
6.62,13.88,3.5126,8.1704,0.00000,0.09610
6.88,13.88,3.5189,9.3629,0.00000,0.09443
7.12,13.88,3.5489,10.4192,0.00000,0.09039
7.38,13.88,3.5779,11.6574,0.00000,0.08745
7.62,13.88,3.5861,13.0816,0.00000,0.08730
7.88,13.88,3.5841,14.3972,0.00000,0.08434
8.12,13.88,3.5869,15.6429,0.00000,0.07555
8.38,13.88,3.5911,16.8853,0.00000,0.06643
8.62,13.88,3.6239,17.7058,0.00000,0.06041
8.88,13.88,3.6435,18.2430,0.00000,0.05498
9.12,13.88,3.6267,18.7784,0.00000,0.05079
9.38,13.88,3.6231,19.2062,0.00000,0.04876
9.62,13.88,3.6292,19.5573,0.00000,0.04814
9.88,13.88,3.6405,20.0847,0.00000,0.04734
10.12,13.88,3.6576,21.0366,0.00000,0.04538
10.38,13.88,3.6118,22.5488,0.00000,0.04223
10.62,13.88,3.6261,24.8286,0.00000,0.04053
10.88,13.88,3.6522,28.5936,0.00000,0.04025
11.12,13.88,3.5875,33.5262,0.00000,0.03888
11.38,13.88,3.6037,38.8742,0.00000,0.03614
11.62,13.88,3.6254,45.0501,0.00000,0.03264
11.88,13.88,3.5423,51.1165,0.00000,0.02573
12.12,13.88,3.5279,53.5452,0.00000,0.01877
12.38,13.88,3.4022,48.3133,0.00000,0.01386
12.62,13.88,2.9946,37.8157,0.00000,0.01090
2.62,14.12,2.4146,2.8544,0.00000,0.02133
2.88,14.12,3.2983,1.6681,0.00000,0.02962
3.12,14.12,3.3414,0.9271,0.00000,0.03045
3.38,14.12,3.4226,0.5892,0.00000,0.03252
3.62,14.12,3.2677,0.4963,0.00000,0.03650
3.88,14.12,3.3154,0.5943,0.00000,0.04302
4.12,14.12,3.2076,0.7865,0.00000,0.04746
4.38,14.12,3.2535,1.0158,0.00000,0.05378
4.62,14.12,3.2662,1.3323,0.00000,0.05976
4.88,14.12,3.3049,1.6495,0.00000,0.06732
5.12,14.12,3.3519,2.0428,0.00000,0.07471
5.38,14.12,3.3795,2.6105,0.00000,0.08083
5.62,14.12,3.4208,3.3237,0.00000,0.08699
5.88,14.12,3.4325,4.1359,0.00000,0.09242
6.12,14.12,3.4612,5.0145,0.00000,0.09640
6.38,14.12,3.4840,6.0488,0.00000,0.09689
6.62,14.12,3.5043,7.1510,0.00000,0.09826
6.88,14.12,3.5037,8.2450,0.00000,0.09871
7.12,14.12,3.5304,9.1442,0.00000,0.09510
7.38,14.12,3.5531,10.1490,0.00000,0.08928
7.62,14.12,3.5694,11.4259,0.00000,0.08606
7.88,14.12,3.5675,12.8433,0.00000,0.08361
8.12,14.12,3.5631,14.2031,0.00000,0.07744
8.38,14.12,3.5767,15.3758,0.00000,0.06908
8.62,14.12,3.5889,16.2759,0.00000,0.06157
8.88,14.12,3.5968,17.0130,0.00000,0.05515
9.12,14.12,3.6205,17.6721,0.00000,0.05064
9.38,14.12,3.6127,18.2459,0.00000,0.04772
9.62,14.12,3.6142,18.5762,0.00000,0.04734
9.88,14.12,3.6267,19.0796,0.00000,0.04742
10.12,14.12,3.6009,20.3600,0.00000,0.04494
10.38,14.12,3.6128,22.3400,0.00000,0.04246
10.62,14.12,3.6309,24.8595,0.00000,0.04137
10.88,14.12,3.5628,28.6964,0.00000,0.03956
11.12,14.12,3.6054,33.6842,0.00000,0.03796
11.38,14.12,3.6312,39.8192,0.00000,0.03360
11.62,14.12,3.5354,46.3347,0.00000,0.02700
11.88,14.12,3.5277,48.5937,0.00000,0.02069
12.12,14.12,3.3497,44.2780,0.00000,0.01528
12.38,14.12,2.8279,35.4809,0.00000,0.01062
2.62,14.38,2.4105,2.0442,0.00000,0.02194
2.88,14.38,3.2898,1.1543,0.00000,0.03047
3.12,14.38,3.3238,0.5798,0.00000,0.03105
3.38,14.38,3.3934,0.3523,0.00000,0.03251
3.62,14.38,3.2188,0.3152,0.00000,0.03514
3.88,14.38,3.2580,0.4343,0.00000,0.04113
4.12,14.38,3.1679,0.6343,0.00000,0.04679
4.38,14.38,3.2170,0.8221,0.00000,0.05317
4.62,14.38,3.2498,1.0548,0.00000,0.05757
4.88,14.38,3.2966,1.3026,0.00000,0.06313
5.12,14.38,3.3433,1.6009,0.00000,0.06979
5.38,14.38,3.3645,2.0532,0.00000,0.07654
5.62,14.38,3.4056,2.6616,0.00000,0.08304
5.88,14.38,3.4178,3.4349,0.00000,0.08938
6.12,14.38,3.4551,4.3030,0.00000,0.09479
6.38,14.38,3.4761,5.2699,0.00000,0.09572
6.62,14.38,3.4768,6.2929,0.00000,0.09674
6.88,14.38,3.4688,7.3449,0.00000,0.09824
7.12,14.38,3.4974,8.1725,0.00000,0.09634
7.38,14.38,3.5293,8.9993,0.00000,0.09034
7.62,14.38,3.5659,10.0811,0.00000,0.08564
7.88,14.38,3.5696,11.3986,0.00000,0.08322
8.12,14.38,3.5881,12.6796,0.00000,0.07902
8.38,14.38,3.5991,13.8245,0.00000,0.07147
8.62,14.38,3.5722,14.7458,0.00000,0.06296
8.88,14.38,3.5774,15.5212,0.00000,0.05657
9.12,14.38,3.5956,16.3908,0.00000,0.05279
9.38,14.38,3.5939,17.1895,0.00000,0.04985
9.62,14.38,3.5998,17.6991,0.00000,0.04797
9.88,14.38,3.5735,18.5047,0.00000,0.04701
10.12,14.38,3.5982,20.0689,0.00000,0.04557
10.38,14.38,3.6067,22.3474,0.00000,0.04284
10.62,14.38,3.5393,25.2849,0.00000,0.04036
10.88,14.38,3.5636,29.5608,0.00000,0.03833
11.12,14.38,3.6173,34.9708,0.00000,0.03486
11.38,14.38,3.5507,40.5476,0.00000,0.02808
11.62,14.38,3.5404,43.5086,0.00000,0.02221
11.88,14.38,3.4927,40.1097,0.00000,0.01893
12.12,14.38,2.9440,32.0796,0.00000,0.01426
2.62,14.62,2.4102,1.3545,0.00000,0.02200
2.88,14.62,3.2915,0.7614,0.00000,0.03069
3.12,14.62,3.3213,0.3667,0.00000,0.03155
3.38,14.62,3.3803,0.2276,0.00000,0.03307
3.62,14.62,3.1839,0.2180,0.00000,0.03475
3.88,14.62,3.2099,0.2963,0.00000,0.03938
4.12,14.62,3.1385,0.4507,0.00000,0.04482
4.38,14.62,3.1982,0.6246,0.00000,0.05158
4.62,14.62,3.2398,0.8198,0.00000,0.05599
4.88,14.62,3.2895,1.0229,0.00000,0.06031
5.12,14.62,3.3389,1.2544,0.00000,0.06531
5.38,14.62,3.3484,1.6016,0.00000,0.07174
5.62,14.62,3.3941,2.0956,0.00000,0.07811
5.88,14.62,3.4033,2.7853,0.00000,0.08474
6.12,14.62,3.4210,3.5839,0.00000,0.09200
6.38,14.62,3.4406,4.4578,0.00000,0.09408
6.62,14.62,3.4724,5.3951,0.00000,0.09541
6.88,14.62,3.4738,6.3412,0.00000,0.09705
7.12,14.62,3.4848,7.1331,0.00000,0.09608
7.38,14.62,3.5019,7.9475,0.00000,0.09211
7.62,14.62,3.5296,8.9363,0.00000,0.08838
7.88,14.62,3.5480,10.1498,0.00000,0.08607
8.12,14.62,3.5788,11.3692,0.00000,0.08225
8.38,14.62,3.5843,12.4602,0.00000,0.07534
8.62,14.62,3.5712,13.4450,0.00000,0.06723
8.88,14.62,3.5663,14.4361,0.00000,0.06127
9.12,14.62,3.5792,15.3209,0.00000,0.05872
9.38,14.62,3.5708,16.0866,0.00000,0.05560
9.62,14.62,3.5366,17.0360,0.00000,0.05044
9.88,14.62,3.5619,18.4922,0.00000,0.04830
10.12,14.62,3.5768,20.5077,0.00000,0.04724
10.38,14.62,3.5128,23.0739,0.00000,0.04318
10.62,14.62,3.5673,26.5162,0.00000,0.03995
10.88,14.62,3.6192,31.8186,0.00000,0.03579
11.12,14.62,3.5604,37.2885,0.00000,0.02873
11.38,14.62,3.5475,39.0818,0.00000,0.02250
11.62,14.62,3.4057,35.9720,0.00000,0.01843
11.88,14.62,3.0045,29.0317,0.00000,0.01577
2.62,14.88,2.3874,1.0469,0.00000,0.02073
2.88,14.88,3.2664,0.5958,0.00000,0.02944
3.12,14.88,3.2981,0.2918,0.00000,0.03137
3.38,14.88,3.3516,0.1750,0.00000,0.03337
3.62,14.88,3.1564,0.1485,0.00000,0.03424
3.88,14.88,3.1908,0.1802,0.00000,0.03756
4.12,14.88,3.1218,0.2889,0.00000,0.04194
4.38,14.88,3.1721,0.4401,0.00000,0.04831
4.62,14.88,3.2248,0.6019,0.00000,0.05319
4.88,14.88,3.2669,0.7846,0.00000,0.05736
5.12,14.88,3.3091,0.9882,0.00000,0.06130
5.38,14.88,3.3246,1.2672,0.00000,0.06698
5.62,14.88,3.3857,1.6527,0.00000,0.07303
5.88,14.88,3.3870,2.2110,0.00000,0.07884
6.12,14.88,3.3999,2.9197,0.00000,0.08610
6.38,14.88,3.4004,3.7409,0.00000,0.08844
6.62,14.88,3.4285,4.5530,0.00000,0.08969
6.88,14.88,3.4517,5.3073,0.00000,0.09212
7.12,14.88,3.4593,6.0577,0.00000,0.09269
7.38,14.88,3.4527,6.8415,0.00000,0.08998
7.62,14.88,3.4817,7.7450,0.00000,0.08768
7.88,14.88,3.5209,8.9780,0.00000,0.08689
8.12,14.88,3.5503,10.2260,0.00000,0.08441
8.38,14.88,3.5719,11.3209,0.00000,0.07978
8.62,14.88,3.5769,12.4900,0.00000,0.07260
8.88,14.88,3.5768,13.6997,0.00000,0.06710
9.12,14.88,3.5674,14.5923,0.00000,0.06427
9.38,14.88,3.5180,15.4016,0.00000,0.05969
9.62,14.88,3.5270,16.6966,0.00000,0.05349
9.88,14.88,3.5441,18.7478,0.00000,0.04941
10.12,14.88,3.4833,21.2381,0.00000,0.04675
10.38,14.88,3.5233,24.4653,0.00000,0.04326
10.62,14.88,3.5939,28.8971,0.00000,0.03787
10.88,14.88,3.5398,33.7226,0.00000,0.03015
11.12,14.88,3.5364,35.9439,0.00000,0.02334
11.38,14.88,3.3750,32.8349,0.00000,0.01825
11.62,14.88,2.8485,26.2935,0.00000,0.01383
2.62,15.12,2.3750,0.5817,0.00000,0.01997
2.88,15.12,3.2510,0.3668,0.00000,0.02862
3.12,15.12,3.2768,0.2180,0.00000,0.03119
3.38,15.12,3.3216,0.1374,0.00000,0.03348
3.62,15.12,3.1281,0.1026,0.00000,0.03361
3.88,15.12,3.1648,0.1106,0.00000,0.03607
4.12,15.12,3.0982,0.1823,0.00000,0.03932
4.38,15.12,3.1399,0.2933,0.00000,0.04391
4.62,15.12,3.1863,0.4199,0.00000,0.04762
4.88,15.12,3.2235,0.5889,0.00000,0.05172
5.12,15.12,3.2939,0.7833,0.00000,0.05684
5.38,15.12,3.3148,1.0362,0.00000,0.06332
5.62,15.12,3.3652,1.3518,0.00000,0.06917
5.88,15.12,3.3544,1.7891,0.00000,0.07312
6.12,15.12,3.3711,2.3951,0.00000,0.07819
6.38,15.12,3.3714,3.1223,0.00000,0.08092
6.62,15.12,3.4218,3.7890,0.00000,0.08230
6.88,15.12,3.4603,4.3961,0.00000,0.08418
7.12,15.12,3.4590,5.0579,0.00000,0.08575
7.38,15.12,3.4552,5.8082,0.00000,0.08422
7.62,15.12,3.4707,6.7235,0.00000,0.08295
7.88,15.12,3.4940,7.9471,0.00000,0.08356
8.12,15.12,3.5146,9.2208,0.00000,0.08271
8.38,15.12,3.5137,10.4110,0.00000,0.07971
8.62,15.12,3.5395,11.6424,0.00000,0.07431
8.88,15.12,3.5602,12.8983,0.00000,0.07018
9.12,15.12,3.5151,13.9629,0.00000,0.06684
9.38,15.12,3.5153,15.0511,0.00000,0.06243
9.62,15.12,3.5128,16.6042,0.00000,0.05607
9.88,15.12,3.4601,18.6659,0.00000,0.05049
10.12,15.12,3.5137,21.2868,0.00000,0.04804
10.38,15.12,3.5625,25.6199,0.00000,0.04354
10.62,15.12,3.5180,30.4751,0.00000,0.03515
10.88,15.12,3.5251,32.0826,0.00000,0.02690
11.12,15.12,3.4469,29.2686,0.00000,0.02145
11.38,15.12,2.9204,23.5640,0.00000,0.01588
2.62,15.38,2.3474,0.2477,0.00000,0.02023
2.88,15.38,3.2146,0.1965,0.00000,0.02861
3.12,15.38,3.2491,0.1554,0.00000,0.03051
3.38,15.38,3.3018,0.1053,0.00000,0.03241
3.62,15.38,3.0910,0.0736,0.00000,0.03237
3.88,15.38,3.1100,0.0687,0.00000,0.03446
4.12,15.38,3.0574,0.1034,0.00000,0.03662
4.38,15.38,3.1085,0.1763,0.00000,0.03963
4.62,15.38,3.1600,0.2817,0.00000,0.04239
4.88,15.38,3.1875,0.4280,0.00000,0.04597
5.12,15.38,3.2580,0.6028,0.00000,0.05171
5.38,15.38,3.2706,0.8470,0.00000,0.05914
5.62,15.38,3.3533,1.1543,0.00000,0.06512
5.88,15.38,3.3551,1.5324,0.00000,0.06747
6.12,15.38,3.3646,1.9823,0.00000,0.07135
6.38,15.38,3.3619,2.5375,0.00000,0.07588
6.62,15.38,3.4034,3.1018,0.00000,0.07738
6.88,15.38,3.4320,3.6271,0.00000,0.07649
7.12,15.38,3.4689,4.1971,0.00000,0.07831
7.38,15.38,3.4775,4.9120,0.00000,0.07930
7.62,15.38,3.4713,5.7715,0.00000,0.07928
7.88,15.38,3.4923,6.8783,0.00000,0.07990
8.12,15.38,3.4940,8.1343,0.00000,0.07825
8.38,15.38,3.4907,9.4405,0.00000,0.07545
8.62,15.38,3.5122,10.7284,0.00000,0.07268
8.88,15.38,3.5082,11.9317,0.00000,0.07067
9.12,15.38,3.5073,13.1745,0.00000,0.06897
9.38,15.38,3.4976,14.6586,0.00000,0.06428
9.62,15.38,3.4288,16.2850,0.00000,0.05736
9.88,15.38,3.4742,18.0453,0.00000,0.05308
10.12,15.38,3.5373,20.9473,0.00000,0.04934
10.38,15.38,3.4888,25.4234,0.00000,0.04310
10.62,15.38,3.4975,28.0448,0.00000,0.03617
10.88,15.38,3.3767,25.9860,0.00000,0.02752
11.12,15.38,2.9487,20.7805,0.00000,0.01971
2.62,15.62,2.3477,0.4662,0.00000,0.02040
2.88,15.62,3.2030,0.2794,0.00000,0.02840
3.12,15.62,3.2061,0.1543,0.00000,0.02916
3.38,15.62,3.2326,0.0824,0.00000,0.03018
3.62,15.62,3.0239,0.0454,0.00000,0.03019
3.88,15.62,3.0564,0.0392,0.00000,0.03232
4.12,15.62,3.0046,0.0591,0.00000,0.03406
4.38,15.62,3.0480,0.1076,0.00000,0.03662
4.62,15.62,3.1422,0.1884,0.00000,0.03934
4.88,15.62,3.1824,0.3029,0.00000,0.04220
5.12,15.62,3.2529,0.4542,0.00000,0.04744
5.38,15.62,3.2457,0.6859,0.00000,0.05436
5.62,15.62,3.3104,1.0034,0.00000,0.05986
5.88,15.62,3.3190,1.3609,0.00000,0.06117
6.12,15.62,3.3822,1.6826,0.00000,0.06469
6.38,15.62,3.3880,2.0773,0.00000,0.07058
6.62,15.62,3.4081,2.5303,0.00000,0.07339
6.88,15.62,3.4323,2.9953,0.00000,0.07237
7.12,15.62,3.4571,3.4886,0.00000,0.07334
7.38,15.62,3.4595,4.0641,0.00000,0.07503
7.62,15.62,3.4761,4.7867,0.00000,0.07593
7.88,15.62,3.4854,5.7804,0.00000,0.07590
8.12,15.62,3.4847,6.9478,0.00000,0.07386
8.38,15.62,3.4875,8.3284,0.00000,0.07165
8.62,15.62,3.4589,9.6654,0.00000,0.06999
8.88,15.62,3.4867,10.8558,0.00000,0.07013
9.12,15.62,3.4959,12.3279,0.00000,0.06892
9.38,15.62,3.4261,14.0245,0.00000,0.06271
9.62,15.62,3.4574,15.8223,0.00000,0.05755
9.88,15.62,3.5020,17.8977,0.00000,0.05354
10.12,15.62,3.4462,20.7052,0.00000,0.04788
10.38,15.62,3.4544,23.2055,0.00000,0.04343
10.62,15.62,3.3204,22.2861,0.00000,0.03777
10.88,15.62,2.8245,18.2700,0.00000,0.02724
2.62,15.88,2.3362,0.9631,0.00000,0.01985
2.88,15.88,3.1833,0.4710,0.00000,0.02751
3.12,15.88,3.1866,0.1505,0.00000,0.02799
3.38,15.88,3.2069,0.0478,0.00000,0.02862
3.62,15.88,2.9531,0.0210,0.00000,0.02817
3.88,15.88,2.9632,0.0205,0.00000,0.02999
4.12,15.88,2.9504,0.0379,0.00000,0.03175
4.38,15.88,3.0027,0.0746,0.00000,0.03401
4.62,15.88,3.1008,0.1345,0.00000,0.03645
4.88,15.88,3.1302,0.2260,0.00000,0.03901
5.12,15.88,3.2330,0.3580,0.00000,0.04375
5.38,15.88,3.2243,0.5499,0.00000,0.04888
5.62,15.88,3.2748,0.8056,0.00000,0.05410
5.88,15.88,3.2974,1.0995,0.00000,0.05647
6.12,15.88,3.3644,1.3534,0.00000,0.05855
6.38,15.88,3.3645,1.6610,0.00000,0.06338
6.62,15.88,3.3920,2.0457,0.00000,0.06888
6.88,15.88,3.3967,2.4696,0.00000,0.06973
7.12,15.88,3.4126,2.8949,0.00000,0.06959
7.38,15.88,3.4435,3.3758,0.00000,0.07033
7.62,15.88,3.4667,3.9903,0.00000,0.07045
7.88,15.88,3.4788,4.8432,0.00000,0.07035
8.12,15.88,3.4765,5.9273,0.00000,0.06987
8.38,15.88,3.4482,7.2624,0.00000,0.06801
8.62,15.88,3.4597,8.6063,0.00000,0.06689
8.88,15.88,3.4819,9.9381,0.00000,0.06707
9.12,15.88,3.4330,11.4309,0.00000,0.06438
9.38,15.88,3.4465,13.3055,0.00000,0.05916
9.62,15.88,3.4823,15.9485,0.00000,0.05424
9.88,15.88,3.4280,18.4070,0.00000,0.04949
10.12,15.88,3.4143,19.5158,0.00000,0.04644
10.38,15.88,3.3353,18.8094,0.00000,0.04295
10.62,15.88,2.8496,15.8032,0.00000,0.03494
2.62,16.12,2.3211,1.1353,0.00000,0.01919
2.88,16.12,3.1580,0.5237,0.00000,0.02652
3.12,16.12,3.1547,0.1254,0.00000,0.02682
3.38,16.12,3.1711,0.0204,0.00000,0.02734
3.62,16.12,2.9034,0.0072,0.00000,0.02671
3.88,16.12,2.9099,0.0097,0.00000,0.02823
4.12,16.12,2.9033,0.0246,0.00000,0.02963
4.38,16.12,2.9341,0.0527,0.00000,0.03111
4.62,16.12,3.0677,0.0958,0.00000,0.03345
4.88,16.12,3.1042,0.1675,0.00000,0.03577
5.12,16.12,3.2083,0.2782,0.00000,0.03950
5.38,16.12,3.2028,0.4369,0.00000,0.04375
5.62,16.12,3.2506,0.6359,0.00000,0.04952
5.88,16.12,3.2394,0.8666,0.00000,0.05284
6.12,16.12,3.2862,1.0656,0.00000,0.05392
6.38,16.12,3.3201,1.3112,0.00000,0.05760
6.62,16.12,3.3612,1.6147,0.00000,0.06351
6.88,16.12,3.3680,1.9633,0.00000,0.06556
7.12,16.12,3.3999,2.4082,0.00000,0.06679
7.38,16.12,3.4088,2.9198,0.00000,0.06704
7.62,16.12,3.4429,3.4274,0.00000,0.06570
7.88,16.12,3.4636,4.0972,0.00000,0.06513
8.12,16.12,3.4289,5.0859,0.00000,0.06516
8.38,16.12,3.4474,6.3251,0.00000,0.06452
8.62,16.12,3.4607,7.6985,0.00000,0.06337
8.88,16.12,3.4111,9.0839,0.00000,0.06209
9.12,16.12,3.4466,10.6242,0.00000,0.06037
9.38,16.12,3.4638,13.1064,0.00000,0.05573
9.62,16.12,3.4086,16.1276,0.00000,0.04974
9.88,16.12,3.4165,17.3828,0.00000,0.04648
10.12,16.12,3.2435,16.0453,0.00000,0.04345
10.38,16.12,2.7990,13.3501,0.00000,0.03696
2.62,16.38,2.3393,0.8163,0.00000,0.01906
2.88,16.38,3.1746,0.3741,0.00000,0.02615
3.12,16.38,3.1392,0.0850,0.00000,0.02586
3.38,16.38,3.1185,0.0103,0.00000,0.02586
3.62,16.38,2.8214,0.0023,0.00000,0.02495
3.88,16.38,2.8335,0.0041,0.00000,0.02628
4.12,16.38,2.8888,0.0138,0.00000,0.02818
4.38,16.38,2.9245,0.0332,0.00000,0.02948
4.62,16.38,3.0433,0.0705,0.00000,0.03122
4.88,16.38,3.0547,0.1312,0.00000,0.03258
5.12,16.38,3.1813,0.2105,0.00000,0.03527
5.38,16.38,3.1939,0.3258,0.00000,0.03876
5.62,16.38,3.2330,0.4725,0.00000,0.04350
5.88,16.38,3.2130,0.6431,0.00000,0.04602
6.12,16.38,3.2405,0.8191,0.00000,0.04755
6.38,16.38,3.2352,1.0592,0.00000,0.05145
6.62,16.38,3.2872,1.3189,0.00000,0.05732
6.88,16.38,3.3170,1.6233,0.00000,0.06114
7.12,16.38,3.3240,2.0648,0.00000,0.06468
7.38,16.38,3.3581,2.5320,0.00000,0.06567
7.62,16.38,3.4137,2.9359,0.00000,0.06281
7.88,16.38,3.4044,3.4983,0.00000,0.06019
8.12,16.38,3.4062,4.4792,0.00000,0.06034
8.38,16.38,3.4121,5.7480,0.00000,0.06179
8.62,16.38,3.3562,7.0026,0.00000,0.06200
8.88,16.38,3.4084,8.3145,0.00000,0.06205
9.12,16.38,3.4735,10.2437,0.00000,0.06091
9.38,16.38,3.4048,12.9061,0.00000,0.05641
9.62,16.38,3.3890,14.5728,0.00000,0.05135
9.88,16.38,3.2748,13.7616,0.00000,0.04555
10.12,16.38,2.7493,11.2505,0.00000,0.03706
2.62,16.62,2.3060,0.3295,0.00000,0.01854
2.88,16.62,3.1320,0.1520,0.00000,0.02531
3.12,16.62,3.0989,0.0352,0.00000,0.02464
3.38,16.62,3.0771,0.0044,0.00000,0.02454
3.62,16.62,2.7497,0.0008,0.00000,0.02379
3.88,16.62,2.7559,0.0019,0.00000,0.02485
4.12,16.62,2.8958,0.0075,0.00000,0.02697
4.38,16.62,2.9377,0.0212,0.00000,0.02833
4.62,16.62,3.0309,0.0542,0.00000,0.02986
4.88,16.62,3.0361,0.1052,0.00000,0.03071
5.12,16.62,3.1557,0.1574,0.00000,0.03247
5.38,16.62,3.1433,0.2272,0.00000,0.03445
5.62,16.62,3.1959,0.3088,0.00000,0.03722
5.88,16.62,3.1682,0.4011,0.00000,0.03797
6.12,16.62,3.1764,0.5317,0.00000,0.03955
6.38,16.62,3.2070,0.7557,0.00000,0.04442
6.62,16.62,3.2667,1.0511,0.00000,0.05136
6.88,16.62,3.2596,1.3942,0.00000,0.05719
7.12,16.62,3.2743,1.8068,0.00000,0.06323
7.38,16.62,3.3149,2.2298,0.00000,0.06560
7.62,16.62,3.3240,2.6207,0.00000,0.06205
7.88,16.62,3.3679,3.2287,0.00000,0.05935
8.12,16.62,3.3782,4.3471,0.00000,0.05898
8.38,16.62,3.3094,5.7121,0.00000,0.06091
8.62,16.62,3.3291,7.0153,0.00000,0.06462
8.88,16.62,3.4094,8.4059,0.00000,0.06666
9.12,16.62,3.3992,9.9570,0.00000,0.06643
9.38,16.62,3.3985,11.2905,0.00000,0.06430
9.62,16.62,3.2795,11.1371,0.00000,0.05649
9.88,16.62,2.8079,9.3469,0.00000,0.04312
2.62,16.88,2.3060,0.0623,0.00000,0.01806
2.88,16.88,3.1184,0.0291,0.00000,0.02455
3.12,16.88,3.0320,0.0070,0.00000,0.02362
3.38,16.88,2.9809,0.0009,0.00000,0.02358
3.62,16.88,2.7039,0.0002,0.00000,0.02332
3.88,16.88,2.7379,0.0008,0.00000,0.02414
4.12,16.88,2.8761,0.0039,0.00000,0.02574
4.38,16.88,2.9115,0.0134,0.00000,0.02701
4.62,16.88,3.0412,0.0377,0.00000,0.02858
4.88,16.88,3.0030,0.0745,0.00000,0.02876
5.12,16.88,3.0743,0.1122,0.00000,0.02989
5.38,16.88,3.0909,0.1569,0.00000,0.03144
5.62,16.88,3.1609,0.1936,0.00000,0.03304
5.88,16.88,3.1137,0.2311,0.00000,0.03281
6.12,16.88,3.1438,0.3177,0.00000,0.03400
6.38,16.88,3.1752,0.5036,0.00000,0.03779
6.62,16.88,3.1883,0.7967,0.00000,0.04438
6.88,16.88,3.2456,1.1762,0.00000,0.05283
7.12,16.88,3.2902,1.6298,0.00000,0.06156
7.38,16.88,3.2639,2.0375,0.00000,0.06415
7.62,16.88,3.2812,2.4366,0.00000,0.06031
7.88,16.88,3.3306,3.1355,0.00000,0.05829
8.12,16.88,3.3007,4.3141,0.00000,0.05930
8.38,16.88,3.3182,6.0213,0.00000,0.06432
8.62,16.88,3.3275,8.0401,0.00000,0.07099
8.88,16.88,3.3069,9.1973,0.00000,0.07556
9.12,16.88,3.3237,9.0860,0.00000,0.07589
9.38,16.88,3.1902,8.4616,0.00000,0.06929
9.62,16.88,2.7556,7.3450,0.00000,0.05458
2.62,17.12,2.2579,0.0050,0.00000,0.01726
2.88,17.12,3.0555,0.0025,0.00000,0.02355
3.12,17.12,2.9819,0.0007,0.00000,0.02294
3.38,17.12,2.9500,0.0001,0.00000,0.02308
3.62,17.12,2.6449,0.0000,0.00000,0.02251
3.88,17.12,2.6356,0.0002,0.00000,0.02316
4.12,17.12,2.8240,0.0017,0.00000,0.02489
4.38,17.12,2.9035,0.0080,0.00000,0.02582
4.62,17.12,3.0640,0.0242,0.00000,0.02690
4.88,17.12,3.0116,0.0474,0.00000,0.02666
5.12,17.12,3.0591,0.0785,0.00000,0.02733
5.38,17.12,2.9971,0.1145,0.00000,0.02779
5.62,17.12,3.0271,0.1270,0.00000,0.02855
5.88,17.12,3.0984,0.1409,0.00000,0.02962
6.12,17.12,3.1845,0.2080,0.00000,0.03156
6.38,17.12,3.1702,0.3536,0.00000,0.03452
6.62,17.12,3.1806,0.5859,0.00000,0.04046
6.88,17.12,3.2364,0.9360,0.00000,0.04773
7.12,17.12,3.2473,1.3992,0.00000,0.05559
7.38,17.12,3.2694,1.7908,0.00000,0.05932
7.62,17.12,3.2521,2.2143,0.00000,0.05505
7.88,17.12,3.2242,2.8966,0.00000,0.05228
8.12,17.12,3.2793,4.0196,0.00000,0.05710
8.38,17.12,3.3305,6.2132,0.00000,0.06729
8.62,17.12,3.2717,8.6826,0.00000,0.07968
8.88,17.12,3.2804,8.9059,0.00000,0.08800
9.12,17.12,3.1406,7.3247,0.00000,0.07993
9.38,17.12,2.6445,5.6997,0.00000,0.06189
2.62,17.38,2.2385,0.0002,0.00000,0.01663
2.88,17.38,3.0197,0.0002,0.00000,0.02267
3.12,17.38,2.9166,0.0001,0.00000,0.02203
3.38,17.38,2.8839,0.0000,0.00000,0.02223
3.62,17.38,2.6169,0.0000,0.00000,0.02203
3.88,17.38,2.6120,0.0001,0.00000,0.02296
4.12,17.38,2.7932,0.0007,0.00000,0.02423
4.38,17.38,2.8121,0.0047,0.00000,0.02407
4.62,17.38,2.9961,0.0162,0.00000,0.02475
4.88,17.38,3.0201,0.0327,0.00000,0.02483
5.12,17.38,3.1009,0.0565,0.00000,0.02542
5.38,17.38,3.0334,0.0823,0.00000,0.02524
5.62,17.38,3.0569,0.0809,0.00000,0.02538
5.88,17.38,3.0834,0.0817,0.00000,0.02622
6.12,17.38,3.1199,0.1301,0.00000,0.02814
6.38,17.38,3.1848,0.2470,0.00000,0.03191
6.62,17.38,3.1939,0.4256,0.00000,0.03725
6.88,17.38,3.1689,0.6892,0.00000,0.04195
7.12,17.38,3.2199,1.1098,0.00000,0.04870
7.38,17.38,3.2733,1.5503,0.00000,0.05290
7.62,17.38,3.2044,1.9653,0.00000,0.04849
7.88,17.38,3.2125,2.5596,0.00000,0.04569
8.12,17.38,3.2201,3.6091,0.00000,0.05068
8.38,17.38,3.2010,5.5016,0.00000,0.06381
8.62,17.38,3.2164,7.1757,0.00000,0.08183
8.88,17.38,3.1210,6.7728,0.00000,0.08889
9.12,17.38,2.6631,5.1115,0.00000,0.07293
2.62,17.62,2.2565,0.0000,0.00000,0.01600
2.88,17.62,3.0289,0.0000,0.00000,0.02179
3.12,17.62,2.8722,0.0000,0.00000,0.02104
3.38,17.62,2.8241,0.0000,0.00000,0.02135
3.62,17.62,2.6114,0.0000,0.00000,0.02156
3.88,17.62,2.5927,0.0000,0.00000,0.02215
4.12,17.62,2.7628,0.0003,0.00000,0.02288
4.38,17.62,2.7917,0.0031,0.00000,0.02245
4.62,17.62,2.9780,0.0130,0.00000,0.02294
4.88,17.62,2.9512,0.0256,0.00000,0.02294
5.12,17.62,3.0355,0.0360,0.00000,0.02361
5.38,17.62,3.0496,0.0498,0.00000,0.02353
5.62,17.62,3.0646,0.0507,0.00000,0.02331
5.88,17.62,3.0555,0.0466,0.00000,0.02374
6.12,17.62,3.1032,0.0759,0.00000,0.02531
6.38,17.62,3.1520,0.1643,0.00000,0.02800
6.62,17.62,3.1221,0.3029,0.00000,0.03195
6.88,17.62,3.1488,0.5214,0.00000,0.03697
7.12,17.62,3.1488,0.9159,0.00000,0.04212
7.38,17.62,3.1545,1.3862,0.00000,0.04383
7.62,17.62,3.1993,1.8549,0.00000,0.04211
7.88,17.62,3.2121,2.5276,0.00000,0.04317
8.12,17.62,3.1391,3.4364,0.00000,0.04925
8.38,17.62,3.1557,4.4003,0.00000,0.06068
8.62,17.62,3.0186,4.8281,0.00000,0.07075
8.88,17.62,2.5850,4.2560,0.00000,0.07006
2.62,17.88,2.1634,0.0000,0.00000,0.01492
2.88,17.88,2.9120,0.0000,0.00000,0.02036
3.12,17.88,2.7906,0.0000,0.00000,0.01970
3.38,17.88,2.7938,0.0000,0.00000,0.02021
3.62,17.88,2.5932,0.0000,0.00000,0.02044
3.88,17.88,2.5735,0.0000,0.00000,0.02058
4.12,17.88,2.8205,0.0001,0.00000,0.02140
4.38,17.88,2.8090,0.0015,0.00000,0.02090
4.62,17.88,2.9052,0.0071,0.00000,0.02116
4.88,17.88,2.9118,0.0144,0.00000,0.02156
5.12,17.88,3.0339,0.0197,0.00000,0.02243
5.38,17.88,3.0045,0.0311,0.00000,0.02224
5.62,17.88,3.0059,0.0385,0.00000,0.02206
5.88,17.88,3.0660,0.0340,0.00000,0.02243
6.12,17.88,3.0543,0.0513,0.00000,0.02317
6.38,17.88,3.0522,0.1151,0.00000,0.02475
6.62,17.88,3.0948,0.2283,0.00000,0.02808
6.88,17.88,3.1501,0.4212,0.00000,0.03253
7.12,17.88,3.1056,0.7511,0.00000,0.03556
7.38,17.88,3.1549,1.2894,0.00000,0.03692
7.62,17.88,3.1643,2.0417,0.00000,0.03900
7.88,17.88,3.1258,2.7419,0.00000,0.04528
8.12,17.88,3.1071,3.1303,0.00000,0.05301
8.38,17.88,2.9738,3.2064,0.00000,0.05682
8.62,17.88,2.5134,2.9600,0.00000,0.05360
2.62,18.12,2.1819,0.0000,0.00000,0.01458
2.88,18.12,2.9034,0.0000,0.00000,0.01960
3.12,18.12,2.6629,0.0000,0.00000,0.01810
3.38,18.12,2.5985,0.0000,0.00000,0.01811
3.62,18.12,2.5224,0.0000,0.00000,0.01894
3.88,18.12,2.6043,0.0000,0.00000,0.01936
4.12,18.12,2.8782,0.0000,0.00000,0.02018
4.38,18.12,2.8187,0.0004,0.00000,0.01958
4.62,18.12,2.8924,0.0020,0.00000,0.01989
4.88,18.12,2.8290,0.0055,0.00000,0.01992
5.12,18.12,2.8539,0.0099,0.00000,0.02029
5.38,18.12,2.9183,0.0167,0.00000,0.02096
5.62,18.12,3.0208,0.0216,0.00000,0.02129
5.88,18.12,3.0475,0.0213,0.00000,0.02079
6.12,18.12,3.0027,0.0366,0.00000,0.02093
6.38,18.12,3.0783,0.0939,0.00000,0.02256
6.62,18.12,3.0652,0.1998,0.00000,0.02491
6.88,18.12,3.0714,0.3445,0.00000,0.02795
7.12,18.12,3.1204,0.6166,0.00000,0.03126
7.38,18.12,3.1477,1.2714,0.00000,0.03535
7.62,18.12,3.0854,2.1425,0.00000,0.04107
7.88,18.12,3.0938,2.5156,0.00000,0.04801
8.12,18.12,2.9412,2.3532,0.00000,0.05006
8.38,18.12,2.4711,2.0280,0.00000,0.04546
2.62,18.38,2.1628,0.0000,0.00000,0.01419
2.88,18.38,2.8661,0.0000,0.00000,0.01892
3.12,18.38,2.5949,0.0000,0.00000,0.01703
3.38,18.38,2.5418,0.0000,0.00000,0.01676
3.62,18.38,2.4899,0.0000,0.00000,0.01748
3.88,18.38,2.4813,0.0000,0.00000,0.01738
4.12,18.38,2.7404,0.0000,0.00000,0.01821
4.38,18.38,2.7772,0.0001,0.00000,0.01817
4.62,18.38,2.9159,0.0005,0.00000,0.01872
4.88,18.38,2.7980,0.0019,0.00000,0.01859
5.12,18.38,2.7912,0.0039,0.00000,0.01894
5.38,18.38,2.8962,0.0055,0.00000,0.01997
5.62,18.38,2.9285,0.0068,0.00000,0.02011
5.88,18.38,2.9649,0.0099,0.00000,0.01949
6.12,18.38,2.9753,0.0244,0.00000,0.01949
6.38,18.38,3.0349,0.0723,0.00000,0.02032
6.62,18.38,3.0226,0.1585,0.00000,0.02204
6.88,18.38,3.0890,0.2752,0.00000,0.02526
7.12,18.38,3.0803,0.5428,0.00000,0.02982
7.38,18.38,3.0486,1.1190,0.00000,0.03673
7.62,18.38,3.0195,1.7072,0.00000,0.04297
7.88,18.38,2.8281,1.7826,0.00000,0.04377
8.12,18.38,2.3833,1.4854,0.00000,0.03844
2.62,18.62,2.1006,0.0000,0.00000,0.01341
2.88,18.62,2.7810,0.0000,0.00000,0.01789
3.12,18.62,2.5053,0.0000,0.00000,0.01597
3.38,18.62,2.4702,0.0000,0.00000,0.01555
3.62,18.62,2.4541,0.0000,0.00000,0.01625
3.88,18.62,2.4570,0.0000,0.00000,0.01607
4.12,18.62,2.7448,0.0000,0.00000,0.01684
4.38,18.62,2.6645,0.0000,0.00000,0.01647
4.62,18.62,2.7349,0.0001,0.00000,0.01703
4.88,18.62,2.7840,0.0005,0.00000,0.01774
5.12,18.62,2.8181,0.0012,0.00000,0.01804
5.38,18.62,2.8171,0.0016,0.00000,0.01841
5.62,18.62,2.8490,0.0020,0.00000,0.01881
5.88,18.62,2.9857,0.0049,0.00000,0.01874
6.12,18.62,2.9073,0.0147,0.00000,0.01809
6.38,18.62,2.9204,0.0435,0.00000,0.01837
6.62,18.62,2.9908,0.1033,0.00000,0.01999
6.88,18.62,3.0031,0.2247,0.00000,0.02291
7.12,18.62,2.9799,0.4995,0.00000,0.02837
7.38,18.62,2.9953,0.8869,0.00000,0.03535
7.62,18.62,2.8159,1.1235,0.00000,0.03754
7.88,18.62,2.2960,1.0695,0.00000,0.03288
2.62,18.88,2.1112,0.0000,0.00000,0.01281
2.88,18.88,2.7628,0.0000,0.00000,0.01704
3.12,18.88,2.3619,0.0000,0.00000,0.01485
3.38,18.88,2.2877,0.0000,0.00000,0.01432
3.62,18.88,2.4660,0.0000,0.00000,0.01582
3.88,18.88,2.5105,0.0000,0.00000,0.01585
4.12,18.88,2.7176,0.0000,0.00000,0.01606
4.38,18.88,2.6011,0.0000,0.00000,0.01543
4.62,18.88,2.6853,0.0000,0.00000,0.01597
4.88,18.88,2.7264,0.0001,0.00000,0.01651
5.12,18.88,2.7118,0.0003,0.00000,0.01645
5.38,18.88,2.8068,0.0005,0.00000,0.01691
5.62,18.88,2.7929,0.0007,0.00000,0.01702
5.88,18.88,2.8202,0.0024,0.00000,0.01669
6.12,18.88,2.8356,0.0098,0.00000,0.01657
6.38,18.88,2.9410,0.0358,0.00000,0.01728
6.62,18.88,2.9206,0.0919,0.00000,0.01835
6.88,18.88,2.8887,0.1969,0.00000,0.02101
7.12,18.88,2.9257,0.3917,0.00000,0.02504
7.38,18.88,2.6927,0.6011,0.00000,0.02697
7.62,18.88,2.2138,0.6715,0.00000,0.02521
2.62,19.12,1.9752,0.0000,0.00000,0.01204
2.88,19.12,2.5877,0.0000,0.00000,0.01610
3.12,19.12,2.2186,0.0000,0.00000,0.01410
3.38,19.12,2.2476,0.0000,0.00000,0.01379
3.62,19.12,2.5484,0.0000,0.00000,0.01557
3.88,19.12,2.5148,0.0000,0.00000,0.01538
4.12,19.12,2.6556,0.0000,0.00000,0.01535
4.38,19.12,2.5557,0.0000,0.00000,0.01474
4.62,19.12,2.5767,0.0000,0.00000,0.01488
4.88,19.12,2.5938,0.0000,0.00000,0.01526
5.12,19.12,2.6915,0.0001,0.00000,0.01561
5.38,19.12,2.8924,0.0001,0.00000,0.01599
5.62,19.12,2.7449,0.0002,0.00000,0.01523
5.88,19.12,2.7422,0.0013,0.00000,0.01503
6.12,19.12,2.8108,0.0104,0.00000,0.01515
6.38,19.12,2.8137,0.0468,0.00000,0.01552
6.62,19.12,2.8334,0.1128,0.00000,0.01713
6.88,19.12,2.8433,0.1805,0.00000,0.01959
7.12,19.12,2.6898,0.2535,0.00000,0.02026
7.38,19.12,2.1525,0.3260,0.00000,0.01758
2.62,19.38,1.9473,0.0000,0.00000,0.01154
2.88,19.38,2.5468,0.0000,0.00000,0.01557
3.12,19.38,2.1281,0.0000,0.00000,0.01353
3.38,19.38,2.0945,0.0000,0.00000,0.01264
3.62,19.38,2.4428,0.0000,0.00000,0.01415
3.88,19.38,2.5095,0.0000,0.00000,0.01420
4.12,19.38,2.7168,0.0000,0.00000,0.01445
4.38,19.38,2.4955,0.0000,0.00000,0.01357
4.62,19.38,2.4431,0.0000,0.00000,0.01357
4.88,19.38,2.6321,0.0000,0.00000,0.01454
5.12,19.38,2.6468,0.0000,0.00000,0.01458
5.38,19.38,2.6844,0.0000,0.00000,0.01425
5.62,19.38,2.7065,0.0001,0.00000,0.01405
5.88,19.38,2.8296,0.0016,0.00000,0.01418
6.12,19.38,2.7461,0.0111,0.00000,0.01349
6.38,19.38,2.7237,0.0426,0.00000,0.01394
6.62,19.38,2.8432,0.0931,0.00000,0.01573
6.88,19.38,2.5563,0.1313,0.00000,0.01576
7.12,19.38,2.0509,0.1458,0.00000,0.01387
2.62,19.62,1.9009,0.0000,0.00000,0.01080
2.88,19.62,2.4875,0.0000,0.00000,0.01493
3.12,19.62,2.0283,0.0000,0.00000,0.01319
3.38,19.62,1.9908,0.0000,0.00000,0.01200
3.62,19.62,2.4549,0.0000,0.00000,0.01342
3.88,19.62,2.4029,0.0000,0.00000,0.01304
4.12,19.62,2.4603,0.0000,0.00000,0.01289
4.38,19.62,2.4101,0.0000,0.00000,0.01260
4.62,19.62,2.5245,0.0000,0.00000,0.01299
4.88,19.62,2.7256,0.0000,0.00000,0.01367
5.12,19.62,2.6213,0.0000,0.00000,0.01340
5.38,19.62,2.6612,0.0000,0.00000,0.01343
5.62,19.62,2.6500,0.0003,0.00000,0.01300
5.88,19.62,2.6402,0.0025,0.00000,0.01235
6.12,19.62,2.6872,0.0116,0.00000,0.01224
6.38,19.62,2.6902,0.0298,0.00000,0.01271
6.62,19.62,2.5411,0.0508,0.00000,0.01257
6.88,19.62,1.9868,0.0677,0.00000,0.01054
2.62,19.88,1.6556,0.0000,0.00000,0.00965
2.88,19.88,2.2329,0.0000,0.00000,0.01399
3.12,19.88,1.9286,0.0000,0.00000,0.01326
3.38,19.88,1.9917,0.0000,0.00000,0.01217
3.62,19.88,2.4886,0.0000,0.00000,0.01324
3.88,19.88,2.3139,0.0000,0.00000,0.01240
4.12,19.88,2.3338,0.0000,0.00000,0.01211
4.38,19.88,2.4752,0.0000,0.00000,0.01226
4.62,19.88,2.4840,0.0000,0.00000,0.01210
4.88,19.88,2.5409,0.0000,0.00000,0.01227
5.12,19.88,2.6030,0.0000,0.00000,0.01265
5.38,19.88,2.7099,0.0000,0.00000,0.01280
5.62,19.88,2.5138,0.0005,0.00000,0.01152
5.88,19.88,2.5318,0.0028,0.00000,0.01116
6.12,19.88,2.7272,0.0099,0.00000,0.01164
6.38,19.88,2.3888,0.0193,0.00000,0.01040
6.62,19.88,1.8362,0.0245,0.00000,0.00828
2.62,20.12,1.5847,0.0000,0.00000,0.00893
2.88,20.12,2.2028,0.0000,0.00000,0.01348
3.12,20.12,1.9499,0.0000,0.00000,0.01334
3.38,20.12,1.8710,0.0000,0.00000,0.01185
3.62,20.12,2.2821,0.0000,0.00000,0.01250
3.88,20.12,2.2722,0.0000,0.00000,0.01209
4.12,20.12,2.4060,0.0000,0.00000,0.01193
4.38,20.12,2.4837,0.0000,0.00000,0.01173
4.62,20.12,2.4229,0.0000,0.00000,0.01134
4.88,20.12,2.5537,0.0000,0.00000,0.01167
5.12,20.12,2.4978,0.0000,0.00000,0.01145
5.38,20.12,2.4635,0.0001,0.00000,0.01096
5.62,20.12,2.5169,0.0005,0.00000,0.01068
5.88,20.12,2.5231,0.0020,0.00000,0.01060
6.12,20.12,2.3426,0.0056,0.00000,0.00965
6.38,20.12,1.7653,0.0101,0.00000,0.00722
2.62,20.38,1.4588,0.0000,0.00000,0.00788
2.88,20.38,2.0819,0.0000,0.00000,0.01248
3.12,20.38,1.9136,0.0000,0.00000,0.01311
3.38,20.38,1.8668,0.0000,0.00000,0.01180
3.62,20.38,2.3007,0.0000,0.00000,0.01227
3.88,20.38,2.2140,0.0000,0.00000,0.01158
4.12,20.38,2.1896,0.0000,0.00000,0.01078
4.38,20.38,2.3384,0.0000,0.00000,0.01083
4.62,20.38,2.4288,0.0000,0.00000,0.01096
4.88,20.38,2.5331,0.0000,0.00000,0.01091
5.12,20.38,2.3317,0.0000,0.00000,0.01011
5.38,20.38,2.4099,0.0001,0.00000,0.01022
5.62,20.38,2.6377,0.0003,0.00000,0.01052
5.88,20.38,2.2376,0.0009,0.00000,0.00892
6.12,20.38,1.6038,0.0021,0.00000,0.00647
2.62,20.62,1.1736,0.0000,0.00000,0.00659
2.88,20.62,1.8033,0.0000,0.00000,0.01115
3.12,20.62,1.8496,0.0000,0.00000,0.01264
3.38,20.62,1.8719,0.0000,0.00000,0.01146
3.62,20.62,2.2496,0.0000,0.00000,0.01162
3.88,20.62,2.1088,0.0000,0.00000,0.01094
4.12,20.62,2.1167,0.0000,0.00000,0.01016
4.38,20.62,2.4173,0.0000,0.00000,0.01042
4.62,20.62,2.3129,0.0000,0.00000,0.01000
4.88,20.62,2.2719,0.0000,0.00000,0.00971
5.12,20.62,2.3990,0.0000,0.00000,0.01004
5.38,20.62,2.4352,0.0000,0.00000,0.01004
5.62,20.62,2.2181,0.0001,0.00000,0.00872
5.88,20.62,1.6027,0.0002,0.00000,0.00615
2.62,20.88,1.0494,0.0000,0.00000,0.00578
2.88,20.88,1.7505,0.0000,0.00000,0.01029
3.12,20.88,1.9246,0.0000,0.00000,0.01214
3.38,20.88,1.7608,0.0000,0.00000,0.01062
3.62,20.88,1.9922,0.0000,0.00000,0.01064
3.88,20.88,2.0763,0.0000,0.00000,0.01091
4.12,20.88,2.1211,0.0000,0.00000,0.01007
4.38,20.88,2.2723,0.0000,0.00000,0.00948
4.62,20.88,2.1282,0.0000,0.00000,0.00904
4.88,20.88,2.2846,0.0000,0.00000,0.00970
5.12,20.88,2.5396,0.0000,0.00000,0.01007
5.38,20.88,2.1235,0.0000,0.00000,0.00830
5.62,20.88,1.4577,0.0000,0.00000,0.00570
2.62,21.12,0.8570,0.0000,0.00000,0.00465
2.88,21.12,1.5348,0.0000,0.00000,0.00895
3.12,21.12,1.8298,0.0000,0.00000,0.01149
3.38,21.12,1.7274,0.0000,0.00000,0.01051
3.62,21.12,1.9878,0.0000,0.00000,0.01047
3.88,21.12,2.1059,0.0000,0.00000,0.01065
4.12,21.12,1.9116,0.0000,0.00000,0.00933
4.38,21.12,2.0185,0.0000,0.00000,0.00880
4.62,21.12,2.2073,0.0000,0.00000,0.00918
4.88,21.12,2.2366,0.0000,0.00000,0.00920
5.12,21.12,2.0004,0.0000,0.00000,0.00775
5.38,21.12,1.4151,0.0000,0.00000,0.00526
2.62,21.38,0.5524,0.0000,0.00000,0.00318
2.88,21.38,1.1723,0.0000,0.00000,0.00727
3.12,21.38,1.6531,0.0000,0.00000,0.01087
3.38,21.38,1.6747,0.0000,0.00000,0.01050
3.62,21.38,1.8008,0.0000,0.00000,0.00957
3.88,21.38,1.8149,0.0000,0.00000,0.00922
4.12,21.38,1.7540,0.0000,0.00000,0.00879
4.38,21.38,2.1265,0.0000,0.00000,0.00926
4.62,21.38,2.2876,0.0000,0.00000,0.00893
4.88,21.38,1.7858,0.0000,0.00000,0.00686
5.12,21.38,1.1560,0.0000,0.00000,0.00442
2.62,21.62,0.3933,0.0000,0.00000,0.00218
2.88,21.62,1.0239,0.0000,0.00000,0.00600
3.12,21.62,1.6056,0.0000,0.00000,0.00990
3.38,21.62,1.5135,0.0000,0.00000,0.00948
3.62,21.62,1.4599,0.0000,0.00000,0.00832
3.88,21.62,1.6545,0.0000,0.00000,0.00868
4.12,21.62,1.8012,0.0000,0.00000,0.00872
4.38,21.62,1.9370,0.0000,0.00000,0.00812
4.62,21.62,1.6987,0.0000,0.00000,0.00634
4.88,21.62,1.0930,0.0000,0.00000,0.00391
2.62,21.88,0.2922,0.0000,0.00000,0.00148
2.88,21.88,0.8141,0.0000,0.00000,0.00446
3.12,21.88,1.3305,0.0000,0.00000,0.00783
3.38,21.88,1.3135,0.0000,0.00000,0.00819
3.62,21.88,1.4726,0.0000,0.00000,0.00832
3.88,21.88,1.8799,0.0000,0.00000,0.00907
4.12,21.88,1.7562,0.0000,0.00000,0.00768
4.38,21.88,1.3153,0.0000,0.00000,0.00525
4.62,21.88,0.8799,0.0000,0.00000,0.00322
2.62,22.12,0.1668,0.0000,0.00000,0.00088
2.88,22.12,0.5048,0.0000,0.00000,0.00291
3.12,22.12,0.9418,0.0000,0.00000,0.00578
3.38,22.12,1.1526,0.0000,0.00000,0.00715
3.62,22.12,1.4096,0.0000,0.00000,0.00756
3.88,22.12,1.6156,0.0000,0.00000,0.00715
4.12,22.12,1.2597,0.0000,0.00000,0.00500
4.38,22.12,0.7154,0.0000,0.00000,0.00269
2.62,22.38,0.1107,0.0000,0.00000,0.00055
2.88,22.38,0.3803,0.0000,0.00000,0.00200
3.12,22.38,0.7911,0.0000,0.00000,0.00434
3.38,22.38,0.9839,0.0000,0.00000,0.00549
3.62,22.38,0.9536,0.0000,0.00000,0.00487
3.88,22.38,0.8613,0.0000,0.00000,0.00367
4.12,22.38,0.6160,0.0000,0.00000,0.00230
2.62,22.62,0.0960,0.0000,0.00000,0.00037
2.88,22.62,0.3205,0.0000,0.00000,0.00129
3.12,22.62,0.6145,0.0000,0.00000,0.00265
3.38,22.62,0.6410,0.0000,0.00000,0.00297
3.62,22.62,0.4546,0.0000,0.00000,0.00215
3.88,22.62,0.3074,0.0000,0.00000,0.00130
2.62,22.88,0.0513,0.0000,0.00000,0.00016
2.88,22.88,0.1600,0.0000,0.00000,0.00054
3.12,22.88,0.2834,0.0000,0.00000,0.00101
3.38,22.88,0.2662,0.0000,0.00000,0.00103
3.62,22.88,0.1621,0.0000,0.00000,0.00067
2.62,23.12,0.0128,0.0000,0.00000,0.00004
2.88,23.12,0.0378,0.0000,0.00000,0.00011
3.12,23.12,0.0672,0.0000,0.00000,0.00022
3.38,23.12,0.0669,0.0000,0.00000,0.00023
2.62,23.38,0.0015,0.0000,0.00000,0.00000
2.88,23.38,0.0044,0.0000,0.00000,0.00001
3.12,23.38,0.0086,0.0000,0.00000,0.00003
2.62,23.62,0.0001,0.0000,0.00000,0.00000
2.88,23.62,0.0003,0.0000,0.00000,0.00000
2.62,23.88,0.0000,0.0000,0.00000,0.00000
