x,y,rho,contact,casualty,pressure
2.62,0.12,0.4111,0.0002,0.00000,0.47927
2.88,0.12,0.8230,0.0008,0.00000,0.86734
3.12,0.12,1.1963,0.0015,0.00000,1.10790
3.38,0.12,1.2753,0.0023,0.00000,1.05504
3.62,0.12,1.2424,0.0043,0.00000,0.95819
3.88,0.12,1.2926,0.0066,0.00000,0.92672
4.12,0.12,1.3258,0.0073,0.00000,0.85748
4.38,0.12,1.3046,0.0079,0.00000,0.77600
4.62,0.12,1.3073,0.0092,0.00000,0.75585
4.88,0.12,1.3209,0.0070,0.00000,0.75418
5.12,0.12,1.3090,0.0053,0.00000,0.70922
5.38,0.12,1.3080,0.0054,0.00000,0.65491
5.62,0.12,1.3174,0.0037,0.00000,0.63946
5.88,0.12,1.2916,0.0016,0.00000,0.62260
6.12,0.12,1.3200,0.0020,0.00000,0.61997
6.38,0.12,1.3738,0.0088,0.00000,0.64436
6.62,0.12,1.3652,0.0597,0.00000,0.63872
6.88,0.12,1.3639,0.5665,0.00000,0.64898
7.12,0.12,1.1224,2.5965,0.00000,0.59116
7.38,0.12,0.6548,5.7116,0.00000,0.37967
2.62,0.38,0.6454,0.0003,0.00000,0.71037
2.88,0.38,1.2086,0.0012,0.00000,1.22093
3.12,0.38,1.5965,0.0027,0.00000,1.43773
3.38,0.38,1.5433,0.0043,0.00000,1.24749
3.62,0.38,1.4564,0.0065,0.00000,1.07279
3.88,0.38,1.5538,0.0091,0.00000,1.02817
4.12,0.38,1.5791,0.0099,0.00000,0.93441
4.38,0.38,1.5225,0.0110,0.00000,0.82342
4.62,0.38,1.5518,0.0138,0.00000,0.78369
4.88,0.38,1.6083,0.0117,0.00000,0.77179
5.12,0.38,1.6050,0.0085,0.00000,0.72226
5.38,0.38,1.6032,0.0077,0.00000,0.67173
5.62,0.38,1.6199,0.0053,0.00000,0.65977
5.88,0.38,1.5901,0.0025,0.00000,0.63103
6.12,0.38,1.6332,0.0019,0.00000,0.61494
6.38,0.38,1.6719,0.0072,0.00000,0.62248
6.62,0.38,1.5797,0.0716,0.00000,0.57598
6.88,0.38,1.6678,0.7579,0.00000,0.58210
7.12,0.38,1.5650,3.5211,0.00000,0.56931
7.38,0.38,1.0011,7.7708,0.00000,0.38406
2.62,0.62,0.6785,0.0003,0.00000,0.62200
2.88,0.62,1.2855,0.0015,0.00000,1.08520
3.12,0.62,1.6702,0.0047,0.00000,1.27538
3.38,0.62,1.5277,0.0076,0.00000,1.05454
3.62,0.62,1.4279,0.0070,0.00000,0.86383
3.88,0.62,1.5882,0.0061,0.00000,0.83138
4.12,0.62,1.6254,0.0060,0.00000,0.75785
4.38,0.62,1.5660,0.0071,0.00000,0.66061
4.62,0.62,1.6209,0.0104,0.00000,0.61784
4.88,0.62,1.6880,0.0104,0.00000,0.59983
5.12,0.62,1.6750,0.0073,0.00000,0.55139
5.38,0.62,1.6705,0.0054,0.00000,0.50609
5.62,0.62,1.7114,0.0040,0.00000,0.50238
5.88,0.62,1.6867,0.0023,0.00000,0.48435
6.12,0.62,1.7363,0.0014,0.00000,0.46730
6.38,0.62,1.7714,0.0035,0.00000,0.46196
6.62,0.62,1.5580,0.0417,0.00000,0.39129
6.88,0.62,1.7276,0.4550,0.00000,0.38505
7.12,0.62,1.8919,2.1150,0.00000,0.40585
7.38,0.62,1.3305,4.6655,0.00000,0.28742
2.62,0.88,0.5414,0.0002,0.00000,0.33569
2.88,0.88,1.0853,0.0016,0.00000,0.63953
3.12,0.88,1.4745,0.0063,0.00000,0.82153
3.38,0.88,1.3823,0.0101,0.00000,0.70678
3.62,0.88,1.3390,0.0066,0.00000,0.57337
3.88,0.88,1.5132,0.0025,0.00000,0.54574
4.12,0.88,1.5681,0.0015,0.00000,0.50235
4.38,0.88,1.5652,0.0019,0.00000,0.44533
4.62,0.88,1.6461,0.0036,0.00000,0.41532
4.88,0.88,1.7012,0.0044,0.00000,0.39575
5.12,0.88,1.6881,0.0032,0.00000,0.35704
5.38,0.88,1.6880,0.0028,0.00000,0.32417
5.62,0.88,1.7599,0.0033,0.00000,0.32816
5.88,0.88,1.7476,0.0022,0.00000,0.32374
6.12,0.88,1.8066,0.0008,0.00000,0.30801
6.38,0.88,1.8992,0.0008,0.00000,0.29957
6.62,0.88,1.5656,0.0096,0.00000,0.23679
6.88,0.88,1.7055,0.1034,0.00000,0.22418
7.12,0.88,2.0899,0.4751,0.00000,0.25324
7.38,0.88,1.5745,1.0432,0.00000,0.18769
2.62,1.12,0.5612,0.0003,0.00000,0.18008
2.88,1.12,1.1331,0.0014,0.00000,0.38148
3.12,1.12,1.5649,0.0045,0.00000,0.54719
3.38,1.12,1.5385,0.0064,0.00000,0.51782
3.62,1.12,1.5490,0.0037,0.00000,0.43992
3.88,1.12,1.6838,0.0009,0.00000,0.40702
4.12,1.12,1.7134,0.0002,0.00000,0.36904
4.38,1.12,1.7556,0.0003,0.00000,0.33120
4.62,1.12,1.8454,0.0007,0.00000,0.30805
4.88,1.12,1.8882,0.0010,0.00000,0.28935
5.12,1.12,1.8956,0.0013,0.00000,0.26453
5.38,1.12,1.8794,0.0031,0.00000,0.24271
5.62,1.12,1.9596,0.0048,0.00000,0.24568
5.88,1.12,1.9703,0.0030,0.00000,0.24234
6.12,1.12,1.9995,0.0007,0.00000,0.22482
6.38,1.12,2.1418,0.0001,0.00000,0.21990
6.62,1.12,1.7559,0.0009,0.00000,0.17461
6.88,1.12,1.8311,0.0090,0.00000,0.16318
7.12,1.12,2.3088,0.0398,0.00000,0.19061
7.38,1.12,1.7864,0.0863,0.00000,0.14499
2.62,1.38,0.7632,0.0003,0.00000,0.13451
2.88,1.38,1.4217,0.0012,0.00000,0.27859
3.12,1.38,1.8195,0.0024,0.00000,0.39353
3.38,1.38,1.7615,0.0023,0.00000,0.38012
3.62,1.38,1.8200,0.0011,0.00000,0.34327
3.88,1.38,1.9232,0.0003,0.00000,0.32545
4.12,1.38,1.9017,0.0001,0.00000,0.29297
4.38,1.38,1.9407,0.0002,0.00000,0.26199
4.62,1.38,2.0002,0.0010,0.00000,0.24240
4.88,1.38,2.0143,0.0020,0.00000,0.22830
5.12,1.38,2.0459,0.0026,0.00000,0.21464
5.38,1.38,1.9995,0.0050,0.00000,0.19488
5.62,1.38,2.0898,0.0073,0.00000,0.19151
5.88,1.38,2.1739,0.0044,0.00000,0.18816
6.12,1.38,2.0968,0.0010,0.00000,0.16924
6.38,1.38,2.2069,0.0001,0.00000,0.16730
6.62,1.38,1.9018,0.0000,0.00000,0.13954
6.88,1.38,1.9663,0.0003,0.00000,0.12924
7.12,1.38,2.4437,0.0013,0.00000,0.14903
7.38,1.38,1.8980,0.0027,0.00000,0.11396
2.62,1.62,1.0144,0.0004,0.00000,0.12244
2.88,1.62,1.6640,0.0015,0.00000,0.22098
3.12,1.62,1.8517,0.0027,0.00000,0.27459
3.38,1.62,1.7552,0.0024,0.00000,0.25860
3.62,1.62,1.9351,0.0013,0.00000,0.25124
3.88,1.62,2.0228,0.0009,0.00000,0.24656
4.12,1.62,1.9842,0.0006,0.00000,0.22691
4.38,1.62,2.0337,0.0012,0.00000,0.21040
4.62,1.62,2.0625,0.0047,0.00000,0.19640
4.88,1.62,2.0502,0.0089,0.00000,0.18406
5.12,1.62,2.1189,0.0084,0.00000,0.17607
5.38,1.62,2.0735,0.0082,0.00000,0.15925
5.62,1.62,2.1641,0.0093,0.00000,0.15305
5.88,1.62,2.3273,0.0054,0.00000,0.15101
6.12,1.62,2.1307,0.0012,0.00000,0.12998
6.38,1.62,2.1917,0.0001,0.00000,0.12705
6.62,1.62,2.0555,0.0000,0.00000,0.11361
6.88,1.62,2.1214,0.0000,0.00000,0.10598
7.12,1.62,2.5289,0.0000,0.00000,0.11873
7.38,1.62,1.9504,0.0000,0.00000,0.09046
2.62,1.88,1.3134,0.0021,0.00000,0.12021
2.88,1.88,1.9207,0.0075,0.00000,0.19042
3.12,1.88,1.8378,0.0134,0.00000,0.20390
3.38,1.88,1.7447,0.0113,0.00000,0.18757
3.62,1.88,2.0786,0.0060,0.00000,0.19367
3.88,1.88,2.1209,0.0041,0.00000,0.18728
4.12,1.88,2.0840,0.0034,0.00000,0.17607
4.38,1.88,2.1447,0.0043,0.00000,0.17280
4.62,1.88,2.1514,0.0105,0.00000,0.16276
4.88,1.88,2.1308,0.0177,0.00000,0.14988
5.12,1.88,2.2385,0.0144,0.00000,0.14490
5.38,1.88,2.2376,0.0081,0.00000,0.13399
5.62,1.88,2.2789,0.0060,0.00000,0.12682
5.88,1.88,2.4380,0.0032,0.00000,0.12552
6.12,1.88,2.1526,0.0007,0.00000,0.10468
6.38,1.88,2.1973,0.0001,0.00000,0.09962
6.62,1.88,2.2529,0.0000,0.00000,0.09577
6.88,1.88,2.3267,0.0000,0.00000,0.09241
7.12,1.88,2.6464,0.0002,0.00000,0.10145
7.38,1.88,2.0181,0.0005,0.00000,0.07681
2.62,2.12,1.5813,0.0084,0.00000,0.10885
2.88,2.12,2.1649,0.0284,0.00000,0.16144
3.12,2.12,1.8704,0.0471,0.00000,0.15761
3.38,2.12,1.7888,0.0337,0.00000,0.14293
3.62,2.12,2.2280,0.0135,0.00000,0.15235
3.88,2.12,2.2254,0.0086,0.00000,0.14346
4.12,2.12,2.2010,0.0096,0.00000,0.13653
4.38,2.12,2.2198,0.0111,0.00000,0.13664
4.62,2.12,2.2068,0.0146,0.00000,0.12916
4.88,2.12,2.2037,0.0184,0.00000,0.11917
5.12,2.12,2.3213,0.0126,0.00000,0.11621
5.38,2.12,2.3898,0.0046,0.00000,0.11106
5.62,2.12,2.3773,0.0017,0.00000,0.10415
5.88,2.12,2.4858,0.0007,0.00000,0.10326
6.12,2.12,2.1397,0.0002,0.00000,0.08477
6.38,2.12,2.1712,0.0000,0.00000,0.07800
6.62,2.12,2.3987,0.0001,0.00000,0.07941
6.88,2.12,2.4979,0.0015,0.00000,0.07937
7.12,2.12,2.7447,0.0071,0.00000,0.08616
7.38,2.12,2.0731,0.0157,0.00000,0.06495
2.62,2.38,1.7411,0.0143,0.00000,0.09358
2.88,2.38,2.2969,0.0468,0.00000,0.13292
3.12,2.38,1.8679,0.0739,0.00000,0.12119
3.38,2.38,1.8133,0.0477,0.00000,0.10792
3.62,2.38,2.3202,0.0147,0.00000,0.11696
3.88,2.38,2.3132,0.0082,0.00000,0.11042
4.12,2.38,2.3192,0.0128,0.00000,0.10869
4.38,2.38,2.2448,0.0158,0.00000,0.10697
4.62,2.38,2.2305,0.0144,0.00000,0.10097
4.88,2.38,2.2876,0.0126,0.00000,0.09548
5.12,2.38,2.3876,0.0071,0.00000,0.09412
5.38,2.38,2.5155,0.0018,0.00000,0.09404
5.62,2.38,2.4590,0.0003,0.00000,0.08790
5.88,2.38,2.5168,0.0001,0.00000,0.08598
6.12,2.38,2.1551,0.0000,0.00000,0.06968
6.38,2.38,2.1867,0.0000,0.00000,0.06268
6.62,2.38,2.5404,0.0015,0.00000,0.06703
6.88,2.38,2.6415,0.0182,0.00000,0.06876
7.12,2.38,2.8147,0.0861,0.00000,0.07394
7.38,2.38,2.1077,0.1908,0.00000,0.05554
2.62,2.62,1.8772,0.0123,0.00000,0.08054
2.88,2.62,2.4258,0.0348,0.00000,0.10958
3.12,2.62,1.9097,0.0512,0.00000,0.09293
3.38,2.62,1.8703,0.0309,0.00000,0.08165
3.62,2.62,2.4089,0.0080,0.00000,0.09152
3.88,2.62,2.4221,0.0039,0.00000,0.08954
4.12,2.62,2.4649,0.0074,0.00000,0.09182
4.38,2.62,2.2778,0.0094,0.00000,0.08624
4.62,2.62,2.2638,0.0075,0.00000,0.08006
4.88,2.62,2.3902,0.0053,0.00000,0.07767
5.12,2.62,2.4684,0.0027,0.00000,0.07718
5.38,2.62,2.6326,0.0006,0.00000,0.07975
5.62,2.62,2.5214,0.0001,0.00000,0.07350
5.88,2.62,2.5303,0.0000,0.00000,0.07006
6.12,2.62,2.1934,0.0000,0.00000,0.05699
6.38,2.62,2.2412,0.0002,0.00000,0.05164
6.62,2.62,2.6822,0.0067,0.00000,0.05734
6.88,2.62,2.7763,0.0816,0.00000,0.05946
7.12,2.62,2.8907,0.3857,0.00000,0.06320
7.38,2.62,2.1507,0.8551,0.00000,0.04729
2.62,2.88,1.9677,0.0076,0.00000,0.06671
2.88,2.88,2.5235,0.0153,0.00000,0.08763
3.12,2.88,1.9738,0.0181,0.00000,0.06984
3.38,2.88,1.9357,0.0097,0.00000,0.06131
3.62,2.88,2.4580,0.0023,0.00000,0.07183
3.88,2.88,2.4977,0.0010,0.00000,0.07381
4.12,2.88,2.5822,0.0019,0.00000,0.07847
4.38,2.88,2.3140,0.0024,0.00000,0.07083
4.62,2.88,2.2946,0.0018,0.00000,0.06511
4.88,2.88,2.4537,0.0013,0.00000,0.06452
5.12,2.88,2.5160,0.0009,0.00000,0.06283
5.38,2.88,2.7091,0.0004,0.00000,0.06448
5.62,2.88,2.5582,0.0001,0.00000,0.05872
5.88,2.88,2.5403,0.0000,0.00000,0.05596
6.12,2.88,2.2381,0.0000,0.00000,0.04720
6.38,2.88,2.2875,0.0004,0.00000,0.04404
6.62,2.88,2.7863,0.0112,0.00000,0.05040
6.88,2.88,2.8813,0.1347,0.00000,0.05286
7.12,2.88,2.9558,0.6360,0.00000,0.05590
7.38,2.88,2.1895,1.4098,0.00000,0.04175
2.62,3.12,1.9985,0.0033,0.00000,0.05663
2.88,3.12,2.5675,0.0049,0.00000,0.07311
3.12,3.12,2.0425,0.0041,0.00000,0.05653
3.38,3.12,2.0121,0.0017,0.00000,0.04933
3.62,3.12,2.4741,0.0003,0.00000,0.05802
3.88,3.12,2.5239,0.0002,0.00000,0.05981
4.12,3.12,2.6526,0.0004,0.00000,0.06431
4.38,3.12,2.3650,0.0007,0.00000,0.05862
4.62,3.12,2.3496,0.0007,0.00000,0.05611
4.88,3.12,2.5058,0.0014,0.00000,0.05726
5.12,3.12,2.5549,0.0020,0.00000,0.05372
5.38,3.12,2.7684,0.0012,0.00000,0.05327
5.62,3.12,2.5890,0.0003,0.00000,0.04827
5.88,3.12,2.5593,0.0002,0.00000,0.04700
6.12,3.12,2.3115,0.0004,0.00000,0.04169
6.38,3.12,2.3601,0.0009,0.00000,0.03993
6.62,3.12,2.8788,0.0076,0.00000,0.04628
6.88,3.12,2.9565,0.0821,0.00000,0.04817
7.12,3.12,2.9906,0.3859,0.00000,0.05010
7.38,3.12,2.2061,0.8551,0.00000,0.03724
2.62,3.38,2.0402,0.0007,0.00000,0.05002
2.88,3.38,2.6376,0.0009,0.00000,0.06444
3.12,3.38,2.1546,0.0006,0.00000,0.04994
3.38,3.38,2.1145,0.0002,0.00000,0.04329
3.62,3.38,2.4804,0.0000,0.00000,0.04918
3.88,3.38,2.5306,0.0000,0.00000,0.04906
4.12,3.38,2.7024,0.0002,0.00000,0.05193
4.38,3.38,2.4375,0.0006,0.00000,0.04880
4.62,3.38,2.4228,0.0011,0.00000,0.05003
4.88,3.38,2.5517,0.0023,0.00000,0.05242
5.12,3.38,2.5903,0.0033,0.00000,0.04775
5.38,3.38,2.8080,0.0020,0.00000,0.04594
5.62,3.38,2.6132,0.0008,0.00000,0.04168
5.88,3.38,2.5792,0.0015,0.00000,0.04120
6.12,3.38,2.4023,0.0026,0.00000,0.03812
6.38,3.38,2.4549,0.0030,0.00000,0.03707
6.62,3.38,2.9553,0.0044,0.00000,0.04231
6.88,3.38,3.0150,0.0198,0.00000,0.04210
7.12,3.38,3.0303,0.0864,0.00000,0.04188
7.38,3.38,2.2313,0.1908,0.00000,0.03078
2.62,3.62,2.0672,0.0001,0.00000,0.04376
2.88,3.62,2.6964,0.0001,0.00000,0.05684
3.12,3.62,2.2806,0.0001,0.00000,0.04567
3.38,3.62,2.2325,0.0000,0.00000,0.04035
3.62,3.62,2.4764,0.0000,0.00000,0.04349
3.88,3.62,2.5196,0.0000,0.00000,0.04204
4.12,3.62,2.7172,0.0002,0.00000,0.04378
4.38,3.62,2.5051,0.0007,0.00000,0.04203
4.62,3.62,2.5009,0.0013,0.00000,0.04422
4.88,3.62,2.5931,0.0018,0.00000,0.04610
5.12,3.62,2.6186,0.0022,0.00000,0.04189
5.38,3.62,2.8167,0.0020,0.00000,0.04020
5.62,3.62,2.6317,0.0026,0.00000,0.03674
5.88,3.62,2.6090,0.0055,0.00000,0.03631
6.12,3.62,2.5090,0.0084,0.00000,0.03473
6.38,3.62,2.5619,0.0073,0.00000,0.03398
6.62,3.62,3.0221,0.0056,0.00000,0.03784
6.88,3.62,3.0676,0.0043,0.00000,0.03684
7.12,3.62,3.0784,0.0077,0.00000,0.03603
7.38,3.62,2.2657,0.0157,0.00000,0.02635
2.62,3.88,2.0801,0.0001,0.00000,0.03853
2.88,3.88,2.7423,0.0005,0.00000,0.05071
3.12,3.88,2.4204,0.0007,0.00000,0.04287
3.38,3.88,2.3792,0.0004,0.00000,0.03882
3.62,3.88,2.4830,0.0001,0.00000,0.03930
3.88,3.88,2.5088,0.0001,0.00000,0.03704
4.12,3.88,2.7101,0.0002,0.00000,0.03828
4.38,3.88,2.5633,0.0006,0.00000,0.03685
4.62,3.88,2.5800,0.0009,0.00000,0.03729
4.88,3.88,2.6420,0.0008,0.00000,0.03775
5.12,3.88,2.6555,0.0013,0.00000,0.03565
5.38,3.88,2.8176,0.0039,0.00000,0.03550
5.62,3.88,2.6569,0.0074,0.00000,0.03325
5.88,3.88,2.6472,0.0105,0.00000,0.03247
6.12,3.88,2.6279,0.0128,0.00000,0.03149
6.38,3.88,2.6768,0.0095,0.00000,0.03096
6.62,3.88,3.0853,0.0056,0.00000,0.03418
6.88,3.88,3.1160,0.0026,0.00000,0.03366
7.12,3.88,3.1236,0.0009,0.00000,0.03329
7.38,3.88,2.2977,0.0007,0.00000,0.02440
2.62,4.12,2.1084,0.0006,0.00000,0.03337
2.88,4.12,2.8073,0.0021,0.00000,0.04451
3.12,4.12,2.5762,0.0033,0.00000,0.03899
3.38,4.12,2.5394,0.0020,0.00000,0.03494
3.62,4.12,2.5072,0.0005,0.00000,0.03326
3.88,4.12,2.5167,0.0004,0.00000,0.03164
4.12,4.12,2.7011,0.0008,0.00000,0.03341
4.38,4.12,2.6147,0.0013,0.00000,0.03270
4.62,4.12,2.6445,0.0011,0.00000,0.03192
4.88,4.12,2.6817,0.0006,0.00000,0.03113
5.12,4.12,2.6895,0.0014,0.00000,0.03026
5.38,4.12,2.8158,0.0059,0.00000,0.03116
5.62,4.12,2.7020,0.0106,0.00000,0.03016
5.88,4.12,2.6999,0.0108,0.00000,0.02905
6.12,4.12,2.7517,0.0097,0.00000,0.02849
6.38,4.12,2.7910,0.0062,0.00000,0.02943
6.62,4.12,3.1380,0.0030,0.00000,0.03331
6.88,4.12,3.1546,0.0017,0.00000,0.03233
7.12,4.12,3.1625,0.0024,0.00000,0.03125
7.38,4.12,2.3258,0.0043,0.00000,0.02274
2.62,4.38,2.1334,0.0010,0.00000,0.02972
2.88,4.38,2.8651,0.0035,0.00000,0.03992
3.12,4.38,2.7182,0.0054,0.00000,0.03541
3.38,4.38,2.6948,0.0034,0.00000,0.03069
3.62,4.38,2.5624,0.0011,0.00000,0.02762
3.88,4.38,2.5579,0.0011,0.00000,0.02692
4.12,4.38,2.6910,0.0020,0.00000,0.02887
4.38,4.38,2.6531,0.0024,0.00000,0.02874
4.62,4.38,2.6886,0.0017,0.00000,0.02791
4.88,4.38,2.7066,0.0007,0.00000,0.02684
5.12,4.38,2.7281,0.0009,0.00000,0.02647
5.38,4.38,2.8292,0.0036,0.00000,0.02727
5.62,4.38,2.7823,0.0064,0.00000,0.02694
5.88,4.38,2.7780,0.0062,0.00000,0.02609
6.12,4.38,2.8764,0.0052,0.00000,0.02669
6.38,4.38,2.9053,0.0030,0.00000,0.03015
6.62,4.38,3.1895,0.0016,0.00000,0.03525
6.88,4.38,3.1801,0.0062,0.00000,0.03242
7.12,4.38,3.1800,0.0260,0.00000,0.02927
7.38,4.38,2.3373,0.0560,0.00000,0.02087
2.62,4.62,2.1540,0.0006,0.00000,0.02705
2.88,4.62,2.9119,0.0021,0.00000,0.03609
3.12,4.62,2.8303,0.0033,0.00000,0.03170
3.38,4.62,2.8232,0.0022,0.00000,0.02694
3.62,4.62,2.6391,0.0011,0.00000,0.02382
3.88,4.62,2.6320,0.0016,0.00000,0.02372
4.12,4.62,2.6912,0.0023,0.00000,0.02506
4.38,4.62,2.6823,0.0020,0.00000,0.02481
4.62,4.62,2.7097,0.0012,0.00000,0.02392
4.88,4.62,2.7163,0.0004,0.00000,0.02334
5.12,4.62,2.7763,0.0002,0.00000,0.02372
5.38,4.62,2.8577,0.0008,0.00000,0.02425
5.62,4.62,2.8808,0.0016,0.00000,0.02457
5.88,4.62,2.8735,0.0020,0.00000,0.02418
6.12,4.62,3.0004,0.0022,0.00000,0.02547
6.38,4.62,3.0136,0.0017,0.00000,0.02969
6.62,4.62,3.2414,0.0038,0.00000,0.03473
6.88,4.62,3.2111,0.0327,0.00000,0.03096
7.12,4.62,3.2066,0.1478,0.00000,0.02691
7.38,4.62,2.3567,0.3235,0.00000,0.01897
2.62,4.88,2.1726,0.0001,0.00000,0.02260
2.88,4.88,2.9513,0.0005,0.00000,0.03012
3.12,4.88,2.9172,0.0008,0.00000,0.02687
3.38,4.88,2.9251,0.0006,0.00000,0.02345
3.62,4.88,2.7187,0.0005,0.00000,0.02082
3.88,4.88,2.7131,0.0010,0.00000,0.02059
4.12,4.88,2.6938,0.0012,0.00000,0.02094
4.38,4.88,2.6970,0.0008,0.00000,0.02084
4.62,4.88,2.7114,0.0003,0.00000,0.02039
4.88,4.88,2.7138,0.0001,0.00000,0.02046
5.12,4.88,2.8218,0.0001,0.00000,0.02148
5.38,4.88,2.8893,0.0001,0.00000,0.02214
5.62,4.88,2.9771,0.0002,0.00000,0.02311
5.88,4.88,2.9711,0.0004,0.00000,0.02278
6.12,4.88,3.1120,0.0007,0.00000,0.02363
6.38,4.88,3.1018,0.0018,0.00000,0.02617
6.62,4.88,3.2917,0.0109,0.00000,0.02974
6.88,4.88,3.2568,0.0947,0.00000,0.02744
7.12,4.88,3.2533,0.4235,0.00000,0.02500
7.38,4.88,2.3915,0.9263,0.00000,0.01786
2.62,5.12,2.1919,0.0000,0.00000,0.01863
2.88,5.12,2.9882,0.0001,0.00000,0.02497
3.12,5.12,2.9947,0.0001,0.00000,0.02299
3.38,5.12,3.0250,0.0002,0.00000,0.02086
3.62,5.12,2.8068,0.0005,0.00000,0.01865
3.88,5.12,2.7921,0.0008,0.00000,0.01824
4.12,5.12,2.6898,0.0006,0.00000,0.01765
4.38,5.12,2.6909,0.0002,0.00000,0.01758
4.62,5.12,2.6998,0.0001,0.00000,0.01778
4.88,5.12,2.7110,0.0002,0.00000,0.01841
5.12,5.12,2.8740,0.0003,0.00000,0.01973
5.38,5.12,2.9330,0.0002,0.00000,0.02008
5.62,5.12,3.0673,0.0003,0.00000,0.02113
5.88,5.12,3.0569,0.0006,0.00000,0.02111
6.12,5.12,3.1948,0.0012,0.00000,0.02190
6.38,5.12,3.1639,0.0042,0.00000,0.02296
6.62,5.12,3.3375,0.0232,0.00000,0.02546
6.88,5.12,3.3013,0.1666,0.00000,0.02511
7.12,5.12,3.2918,0.7083,0.00000,0.02456
7.38,5.12,2.4181,1.5308,0.00000,0.01787
2.62,5.38,2.2237,0.0001,0.00000,0.01616
2.88,5.38,3.0346,0.0001,0.00000,0.02173
3.12,5.38,3.0609,0.0003,0.00000,0.02047
3.38,5.38,3.1062,0.0008,0.00000,0.01914
3.62,5.38,2.8891,0.0020,0.00000,0.01729
3.88,5.38,2.8679,0.0030,0.00000,0.01701
4.12,5.38,2.6882,0.0018,0.00000,0.01595
4.38,5.38,2.6753,0.0004,0.00000,0.01560
4.62,5.38,2.6787,0.0002,0.00000,0.01586
4.88,5.38,2.7138,0.0009,0.00000,0.01668
5.12,5.38,2.9449,0.0015,0.00000,0.01812
5.38,5.38,2.9934,0.0011,0.00000,0.01793
5.62,5.38,3.1434,0.0013,0.00000,0.01860
5.88,5.38,3.1272,0.0026,0.00000,0.01913
6.12,5.38,3.2672,0.0045,0.00000,0.02061
6.38,5.38,3.2201,0.0108,0.00000,0.02144
6.62,5.38,3.3783,0.0403,0.00000,0.02385
6.88,5.38,3.3376,0.2186,0.00000,0.02520
7.12,5.38,3.3219,0.8520,0.00000,0.02633
7.38,5.38,2.4394,1.7998,0.00000,0.01950
2.62,5.62,2.2502,0.0004,0.00000,0.01453
2.88,5.62,3.0707,0.0008,0.00000,0.01964
3.12,5.62,3.1052,0.0015,0.00000,0.01903
3.38,5.62,3.1615,0.0027,0.00000,0.01838
3.62,5.62,2.9582,0.0044,0.00000,0.01662
3.88,5.62,2.9355,0.0055,0.00000,0.01626
4.12,5.62,2.6904,0.0032,0.00000,0.01487
4.38,5.62,2.6678,0.0007,0.00000,0.01419
4.62,5.62,2.6689,0.0004,0.00000,0.01425
4.88,5.62,2.7215,0.0017,0.00000,0.01515
5.12,5.62,3.0122,0.0028,0.00000,0.01686
5.38,5.62,3.0595,0.0021,0.00000,0.01658
5.62,5.62,3.2146,0.0026,0.00000,0.01703
5.88,5.62,3.1860,0.0065,0.00000,0.01766
6.12,5.62,3.3279,0.0151,0.00000,0.01955
6.38,5.62,3.2731,0.0310,0.00000,0.02085
6.62,5.62,3.4190,0.0727,0.00000,0.02381
6.88,5.62,3.3663,0.2764,0.00000,0.02638
7.12,5.62,3.3402,0.9512,0.00000,0.02863
7.38,5.62,2.4514,1.9408,0.00000,0.02142
2.62,5.88,2.2656,0.0017,0.00000,0.01417
2.88,5.88,3.0926,0.0024,0.00000,0.01914
3.12,5.88,3.1342,0.0031,0.00000,0.01857
3.38,5.88,3.2021,0.0041,0.00000,0.01803
3.62,5.88,3.0167,0.0052,0.00000,0.01650
3.88,5.88,2.9939,0.0059,0.00000,0.01622
4.12,5.88,2.6972,0.0034,0.00000,0.01431
4.38,5.88,2.6704,0.0008,0.00000,0.01306
4.62,5.88,2.6783,0.0005,0.00000,0.01301
4.88,5.88,2.7380,0.0021,0.00000,0.01417
5.12,5.88,3.0605,0.0035,0.00000,0.01615
5.38,5.88,3.1115,0.0027,0.00000,0.01595
5.62,5.88,3.2774,0.0036,0.00000,0.01639
5.88,5.88,3.2369,0.0140,0.00000,0.01700
6.12,5.88,3.3717,0.0421,0.00000,0.01909
6.38,5.88,3.3096,0.0824,0.00000,0.02116
6.62,5.88,3.4506,0.1443,0.00000,0.02483
6.88,5.88,3.4009,0.3761,0.00000,0.02708
7.12,5.88,3.3769,1.0906,0.00000,0.02881
7.38,5.88,2.4783,2.1225,0.00000,0.02146
2.62,6.12,2.2820,0.0027,0.00000,0.01500
2.88,6.12,3.1155,0.0036,0.00000,0.02001
3.12,6.12,3.1600,0.0031,0.00000,0.01847
3.38,6.12,3.2341,0.0030,0.00000,0.01705
3.62,6.12,3.0627,0.0042,0.00000,0.01604
3.88,6.12,3.0410,0.0053,0.00000,0.01672
4.12,6.12,2.7052,0.0031,0.00000,0.01492
4.38,6.12,2.6748,0.0008,0.00000,0.01293
4.62,6.12,2.7000,0.0009,0.00000,0.01262
4.88,6.12,2.7671,0.0038,0.00000,0.01436
5.12,6.12,3.0997,0.0066,0.00000,0.01683
5.38,6.12,3.1447,0.0060,0.00000,0.01608
5.62,6.12,3.3244,0.0096,0.00000,0.01607
5.88,6.12,3.2851,0.0347,0.00000,0.01690
6.12,6.12,3.4148,0.1012,0.00000,0.01968
6.38,6.12,3.3486,0.1929,0.00000,0.02350
6.62,6.12,3.4893,0.3108,0.00000,0.02858
6.88,6.12,3.4398,0.6116,0.00000,0.02914
7.12,6.12,3.4137,1.4247,0.00000,0.02887
7.38,6.12,2.5047,2.6077,0.00000,0.02112
2.62,6.38,2.3031,0.0019,0.00000,0.01520
2.88,6.38,3.1441,0.0024,0.00000,0.02009
3.12,6.38,3.1894,0.0016,0.00000,0.01779
3.38,6.38,3.2663,0.0011,0.00000,0.01556
3.62,6.38,3.1008,0.0019,0.00000,0.01457
3.88,6.38,3.0758,0.0028,0.00000,0.01582
4.12,6.38,2.7089,0.0018,0.00000,0.01485
4.38,6.38,2.6768,0.0008,0.00000,0.01286
4.62,6.38,2.7262,0.0020,0.00000,0.01262
4.88,6.38,2.8017,0.0072,0.00000,0.01560
5.12,6.38,3.1418,0.0135,0.00000,0.01919
5.38,6.38,3.1816,0.0170,0.00000,0.01742
5.62,6.38,3.3676,0.0341,0.00000,0.01636
5.88,6.38,3.3270,0.0884,0.00000,0.01765
6.12,6.38,3.4532,0.2060,0.00000,0.02188
6.38,6.38,3.3872,0.3842,0.00000,0.02849
6.62,6.38,3.5299,0.6467,0.00000,0.03580
6.88,6.38,3.4746,1.1425,0.00000,0.03385
7.12,6.38,3.4412,2.2680,0.00000,0.03066
7.38,6.38,2.5252,3.9525,0.00000,0.02188
2.62,6.62,2.3243,0.0021,0.00000,0.01358
2.88,6.62,3.1727,0.0026,0.00000,0.01804
3.12,6.62,3.2171,0.0016,0.00000,0.01632
3.38,6.62,3.2926,0.0007,0.00000,0.01454
3.62,6.62,3.1232,0.0006,0.00000,0.01316
3.88,6.62,3.0958,0.0008,0.00000,0.01363
4.12,6.62,2.7171,0.0011,0.00000,0.01284
4.38,6.62,2.6831,0.0022,0.00000,0.01180
4.62,6.62,2.7504,0.0059,0.00000,0.01236
4.88,6.62,2.8296,0.0159,0.00000,0.01623
5.12,6.62,3.1799,0.0291,0.00000,0.02059
5.38,6.62,3.2231,0.0448,0.00000,0.01831
5.62,6.62,3.4071,0.0999,0.00000,0.01681
5.88,6.62,3.3625,0.2143,0.00000,0.01935
6.12,6.62,3.4893,0.4029,0.00000,0.02587
6.38,6.62,3.4187,0.6991,0.00000,0.03585
6.62,6.62,3.5594,1.1315,0.00000,0.04578
6.88,6.62,3.5072,1.8469,0.00000,0.04064
7.12,6.62,3.4766,3.3728,0.00000,0.03369
7.38,6.62,2.5543,5.7154,0.00000,0.02335
2.62,6.88,2.3403,0.0054,0.00000,0.01218
2.88,6.88,3.1951,0.0063,0.00000,0.01645
3.12,6.88,3.2410,0.0041,0.00000,0.01590
3.38,6.88,3.3161,0.0024,0.00000,0.01519
3.62,6.88,3.1370,0.0021,0.00000,0.01322
3.88,6.88,3.1093,0.0016,0.00000,0.01249
4.12,6.88,2.7370,0.0028,0.00000,0.01133
4.38,6.88,2.7030,0.0073,0.00000,0.01083
4.62,6.88,2.7877,0.0180,0.00000,0.01166
4.88,6.88,2.8672,0.0392,0.00000,0.01521
5.12,6.88,3.2140,0.0645,0.00000,0.01929
5.38,6.88,3.2588,0.0997,0.00000,0.01750
5.62,6.88,3.4413,0.2172,0.00000,0.01706
5.88,6.88,3.3901,0.4248,0.00000,0.02197
6.12,6.88,3.5118,0.7040,0.00000,0.03166
6.38,6.88,3.4394,1.1198,0.00000,0.04553
6.62,6.88,3.5843,1.6573,0.00000,0.05845
6.88,6.88,3.5344,2.4954,0.00000,0.04901
7.12,6.88,3.5003,4.3052,0.00000,0.03686
7.38,6.88,2.5715,7.1133,0.00000,0.02459
2.62,7.12,2.3607,0.0279,0.00000,0.01110
2.88,7.12,3.2227,0.0200,0.00000,0.01526
3.12,7.12,3.2659,0.0110,0.00000,0.01571
3.38,7.12,3.3373,0.0100,0.00000,0.01591
3.62,7.12,3.1507,0.0124,0.00000,0.01370
3.88,7.12,3.1241,0.0099,0.00000,0.01232
4.12,7.12,2.7641,0.0106,0.00000,0.01082
4.38,7.12,2.7348,0.0213,0.00000,0.01046
4.62,7.12,2.8417,0.0485,0.00000,0.01154
4.88,7.12,2.9190,0.0919,0.00000,0.01501
5.12,7.12,3.2475,0.1367,0.00000,0.01880
5.38,7.12,3.2881,0.2002,0.00000,0.01747
5.62,7.12,3.4650,0.3864,0.00000,0.01850
5.88,7.12,3.4131,0.6796,0.00000,0.02682
6.12,7.12,3.5305,0.9859,0.00000,0.04041
6.38,7.12,3.4507,1.4616,0.00000,0.05735
6.62,7.12,3.5972,2.1538,0.00000,0.07255
6.88,7.12,3.5595,3.1585,0.00000,0.05869
7.12,7.12,3.5284,5.1439,0.00000,0.04103
7.38,7.12,2.5926,8.1886,0.00000,0.02642
2.62,7.38,2.3747,0.2461,0.00000,0.01005
2.88,7.38,3.2428,0.1255,0.00000,0.01390
3.12,7.38,3.2837,0.0466,0.00000,0.01440
3.38,7.38,3.3507,0.0403,0.00000,0.01469
3.62,7.38,3.1581,0.0534,0.00000,0.01307
3.88,7.38,3.1340,0.0427,0.00000,0.01213
4.12,7.38,2.7954,0.0364,0.00000,0.01078
4.38,7.38,2.7764,0.0541,0.00000,0.01087
4.62,7.38,2.9067,0.1085,0.00000,0.01286
4.88,7.38,2.9828,0.1880,0.00000,0.01722
5.12,7.38,3.2860,0.2611,0.00000,0.02120
5.38,7.38,3.3191,0.3669,0.00000,0.01993
5.62,7.38,3.4843,0.6312,0.00000,0.02236
5.88,7.38,3.4335,1.0120,0.00000,0.03476
6.12,7.38,3.5491,1.3193,0.00000,0.05287
6.38,7.38,3.4662,1.8464,0.00000,0.07252
6.62,7.38,3.6133,2.7677,0.00000,0.08982
6.88,7.38,3.5796,3.9637,0.00000,0.07113
7.12,7.38,3.5469,5.8851,0.00000,0.04738
7.38,7.38,2.6077,8.7753,0.00000,0.02959
2.62,7.62,2.3817,1.0730,0.00000,0.00957
2.88,7.62,3.2549,0.5183,0.00000,0.01325
3.12,7.62,3.2962,0.1696,0.00000,0.01352
3.38,7.62,3.3607,0.1182,0.00000,0.01363
3.62,7.62,3.1644,0.1459,0.00000,0.01272
3.88,7.62,3.1423,0.1128,0.00000,0.01255
4.12,7.62,2.8285,0.0870,0.00000,0.01161
4.38,7.62,2.8190,0.1113,0.00000,0.01215
4.62,7.62,2.9702,0.2006,0.00000,0.01518
4.88,7.62,3.0494,0.3247,0.00000,0.02083
5.12,7.62,3.3282,0.4281,0.00000,0.02522
5.38,7.62,3.3533,0.5880,0.00000,0.02419
5.62,7.62,3.5035,0.9564,0.00000,0.02824
5.88,7.62,3.4529,1.4698,0.00000,0.04434
6.12,7.62,3.5670,1.8689,0.00000,0.06632
6.38,7.62,3.4816,2.5250,0.00000,0.08824
6.62,7.62,3.6244,3.6305,0.00000,0.10735
6.88,7.62,3.6008,4.9810,0.00000,0.08438
7.12,7.62,3.5799,6.8660,0.00000,0.05538
7.38,7.62,2.6410,9.6449,0.00000,0.03420
2.62,7.88,2.3935,1.8962,0.00000,0.00968
2.88,7.88,3.2741,0.9230,0.00000,0.01347
3.12,7.88,3.3142,0.3115,0.00000,0.01375
3.38,7.88,3.3740,0.2006,0.00000,0.01391
3.62,7.88,3.1755,0.2300,0.00000,0.01345
3.88,7.88,3.1528,0.1840,0.00000,0.01387
4.12,7.88,2.8626,0.1530,0.00000,0.01344
4.38,7.88,2.8639,0.1921,0.00000,0.01424
4.62,7.88,3.0312,0.3234,0.00000,0.01760
4.88,7.88,3.1076,0.5081,0.00000,0.02387
5.12,7.88,3.3609,0.6635,0.00000,0.02881
5.38,7.88,3.3857,0.8872,0.00000,0.02887
5.62,7.88,3.5240,1.3277,0.00000,0.03477
5.88,7.88,3.4702,1.9489,0.00000,0.05374
6.12,7.88,3.5847,2.4938,0.00000,0.07877
6.38,7.88,3.5041,3.3307,0.00000,0.10185
6.62,7.88,3.6413,4.6037,0.00000,0.12145
6.88,7.88,3.6151,6.1278,0.00000,0.09548
7.12,7.88,3.5920,8.1034,0.00000,0.06368
7.38,7.88,2.6583,10.9210,0.00000,0.03994
11.62,7.88,2.4550,10.8563,0.00000,0.16803
2.62,8.12,2.4044,1.9447,0.00000,0.01040
2.88,8.12,3.2938,0.9862,0.00000,0.01451
3.12,8.12,3.3330,0.3823,0.00000,0.01477
3.38,8.12,3.3890,0.2458,0.00000,0.01489
3.62,8.12,3.1950,0.2553,0.00000,0.01472
3.88,8.12,3.1759,0.2265,0.00000,0.01558
4.12,8.12,2.9090,0.2296,0.00000,0.01568
4.38,8.12,2.9187,0.2954,0.00000,0.01701
4.62,8.12,3.0933,0.4690,0.00000,0.02052
4.88,8.12,3.1647,0.7288,0.00000,0.02723
5.12,8.12,3.3846,0.9688,0.00000,0.03331
5.38,8.12,3.4132,1.2566,0.00000,0.03493
5.62,8.12,3.5497,1.6744,0.00000,0.04212
5.88,8.12,3.4945,2.3010,0.00000,0.06272
6.12,8.12,3.6040,2.9755,0.00000,0.09008
6.38,8.12,3.5272,3.9794,0.00000,0.11395
6.62,8.12,3.6620,5.4612,0.00000,0.13394
6.88,8.12,3.6429,7.2389,0.00000,0.10586
7.12,8.12,3.6172,9.4271,0.00000,0.07256
7.38,8.12,2.6825,12.3688,0.00000,0.04655
11.38,8.12,2.6127,14.8246,0.00000,0.16139
11.62,8.12,3.1410,18.4557,0.00000,0.20837
11.88,8.12,3.5795,24.4215,0.00000,0.23858
2.62,8.38,2.4061,2.6561,0.00000,0.01114
2.88,8.38,3.3019,1.3826,0.00000,0.01567
3.12,8.38,3.3427,0.5847,0.00000,0.01605
3.38,8.38,3.3994,0.3723,0.00000,0.01618
3.62,8.38,3.2198,0.3542,0.00000,0.01626
3.88,8.38,3.2068,0.3158,0.00000,0.01728
4.12,8.38,2.9634,0.3295,0.00000,0.01777
4.38,8.38,2.9812,0.4153,0.00000,0.02039
4.62,8.38,3.1547,0.6292,0.00000,0.02557
4.88,8.38,3.2211,0.9598,0.00000,0.03411
5.12,8.38,3.3999,1.2672,0.00000,0.04141
5.38,8.38,3.4267,1.5922,0.00000,0.04299
5.62,8.38,3.5668,1.9615,0.00000,0.05002
5.88,8.38,3.5193,2.5889,0.00000,0.07081
6.12,8.38,3.6223,3.4801,0.00000,0.09919
6.38,8.38,3.5556,4.7153,0.00000,0.12373
6.62,8.38,3.6919,6.3774,0.00000,0.14449
6.88,8.38,3.6768,8.4058,0.00000,0.11544
7.12,8.38,3.6400,10.9956,0.00000,0.08105
7.38,8.38,2.7008,14.3109,0.00000,0.05254
11.12,8.38,2.4641,17.0226,0.00000,0.16693
11.38,8.38,3.0699,21.4988,0.00000,0.20989
11.62,8.38,3.1900,24.7963,0.00000,0.22557
11.88,8.38,3.3508,28.6829,0.00000,0.24525
12.12,8.38,3.6197,31.1616,0.00000,0.29139
2.62,8.62,2.4092,3.2737,0.00000,0.01140
2.88,8.62,3.3119,1.7511,0.00000,0.01629
3.12,8.62,3.3535,0.8155,0.00000,0.01726
3.38,8.62,3.4112,0.5748,0.00000,0.01804
3.62,8.62,3.2468,0.5645,0.00000,0.01852
3.88,8.62,3.2389,0.4951,0.00000,0.01971
4.12,8.62,3.0250,0.4842,0.00000,0.02114
4.38,8.62,3.0504,0.5618,0.00000,0.02562
4.62,8.62,3.2093,0.8012,0.00000,0.03281
4.88,8.62,3.2701,1.1853,0.00000,0.04287
5.12,8.62,3.4139,1.5455,0.00000,0.05041
5.38,8.62,3.4331,1.9165,0.00000,0.05044
5.62,8.62,3.5697,2.2928,0.00000,0.05648
5.88,8.62,3.5312,2.9712,0.00000,0.07755
6.12,8.62,3.6263,4.0970,0.00000,0.10686
6.38,8.62,3.5822,5.5540,0.00000,0.13175
6.62,8.62,3.7234,7.3158,0.00000,0.15226
6.88,8.62,3.7141,9.5060,0.00000,0.12209
7.12,8.62,3.6753,12.4702,0.00000,0.08646
7.38,8.62,2.7369,16.0567,0.00000,0.05609
10.88,8.62,2.4465,15.1092,0.00000,0.17922
11.12,8.62,3.0327,21.2281,0.00000,0.23427
11.38,8.62,3.2964,24.9115,0.00000,0.26674
11.62,8.62,3.1916,26.1967,0.00000,0.26935
11.88,8.62,3.3121,28.2534,0.00000,0.29712
12.12,8.62,3.6175,29.7982,0.00000,0.36249
12.38,8.62,3.6709,30.0671,0.00000,0.42372
2.62,8.88,2.4121,2.7802,0.00000,0.01188
2.88,8.88,3.3204,1.5725,0.00000,0.01699
3.12,8.88,3.3637,0.8462,0.00000,0.01825
3.38,8.88,3.4221,0.6858,0.00000,0.01974
3.62,8.88,3.2722,0.7242,0.00000,0.02107
3.88,8.88,3.2816,0.6735,0.00000,0.02342
4.12,8.88,3.1076,0.6735,0.00000,0.02653
4.38,8.88,3.1331,0.7453,0.00000,0.03213
4.62,8.88,3.2603,0.9959,0.00000,0.03970
4.88,8.88,3.3122,1.4089,0.00000,0.04986
5.12,8.88,3.4290,1.8336,0.00000,0.05758
5.38,8.88,3.4365,2.2863,0.00000,0.05692
5.62,8.88,3.5582,2.7404,0.00000,0.06246
5.88,8.88,3.5324,3.4931,0.00000,0.08356
6.12,8.88,3.6237,4.7127,0.00000,0.11365
6.38,8.88,3.6013,6.2672,0.00000,0.14037
6.62,8.88,3.7424,8.1189,0.00000,0.16121
6.88,8.88,3.7378,10.4439,0.00000,0.12685
7.12,8.88,3.7018,13.7007,0.00000,0.08731
7.38,8.88,2.7770,17.3383,0.00000,0.05622
10.62,8.88,2.8348,14.7674,0.00000,0.16458
10.88,8.88,3.1935,19.3641,0.00000,0.21666
11.12,8.88,3.3546,24.3474,0.00000,0.25247
11.38,8.88,3.2595,25.6663,0.00000,0.27116
11.62,8.88,3.2569,24.2483,0.00000,0.30180
11.88,8.88,3.3890,25.9423,0.00000,0.34815
12.12,8.88,3.3870,28.6768,0.00000,0.39557
12.38,8.88,3.3931,28.1699,0.00000,0.47027
12.62,8.88,3.5166,26.3596,0.00000,0.54232
2.62,9.12,2.4132,3.2703,0.00000,0.01324
2.88,9.12,3.3243,1.8135,0.00000,0.01849
3.12,9.12,3.3704,0.9036,0.00000,0.01944
3.38,9.12,3.4275,0.7020,0.00000,0.02101
3.62,9.12,3.2902,0.7653,0.00000,0.02309
3.88,9.12,3.3243,0.7781,0.00000,0.02690
4.12,9.12,3.1890,0.8393,0.00000,0.03131
4.38,9.12,3.2145,0.9474,0.00000,0.03713
4.62,9.12,3.3112,1.2362,0.00000,0.04459
4.88,9.12,3.3524,1.6754,0.00000,0.05465
5.12,9.12,3.4437,2.1745,0.00000,0.06289
5.38,9.12,3.4426,2.7224,0.00000,0.06256
5.62,9.12,3.5410,3.2724,0.00000,0.06813
5.88,9.12,3.5258,4.1033,0.00000,0.08863
6.12,9.12,3.6231,5.4035,0.00000,0.11790
6.38,9.12,3.6242,7.0689,0.00000,0.14483
6.62,9.12,3.7636,9.0458,0.00000,0.16606
6.88,9.12,3.7709,11.5656,0.00000,0.13004
7.12,9.12,3.7362,15.2180,0.00000,0.08797
7.38,9.12,2.8226,19.0101,0.00000,0.05627
10.38,9.12,2.8593,17.0622,0.00000,0.12444
10.62,9.12,3.3917,20.4605,0.00000,0.17249
10.88,9.12,3.3805,22.3737,0.00000,0.20114
11.12,9.12,3.2699,23.8656,0.00000,0.22340
11.38,9.12,3.1967,22.9467,0.00000,0.25539
11.62,9.12,3.2280,20.9791,0.00000,0.31224
11.88,9.12,3.3009,22.9183,0.00000,0.38756
12.12,9.12,3.2282,26.5390,0.00000,0.45092
12.38,9.12,3.2502,26.0577,0.00000,0.55306
12.62,9.12,3.4261,23.5577,0.00000,0.69337
12.88,9.12,2.7608,21.3771,0.00000,0.74713
2.62,9.38,2.4176,4.7711,0.00000,0.01615
2.88,9.38,3.3328,2.5381,0.00000,0.02163
3.12,9.38,3.3838,1.1063,0.00000,0.02174
3.38,9.38,3.4395,0.7596,0.00000,0.02265
3.62,9.38,3.3063,0.8141,0.00000,0.02502
3.88,9.38,3.3541,0.8637,0.00000,0.02927
4.12,9.38,3.2484,0.9762,0.00000,0.03373
4.38,9.38,3.2828,1.1533,0.00000,0.04017
4.62,9.38,3.3595,1.5170,0.00000,0.04850
4.88,9.38,3.3902,1.9984,0.00000,0.05755
5.12,9.38,3.4579,2.5731,0.00000,0.06480
5.38,9.38,3.4608,3.2098,0.00000,0.06567
5.62,9.38,3.5420,3.8364,0.00000,0.07217
5.88,9.38,3.5228,4.7304,0.00000,0.09023
6.12,9.38,3.6236,6.1699,0.00000,0.11518
6.38,9.38,3.6458,8.0465,0.00000,0.13984
6.62,9.38,3.7782,10.2091,0.00000,0.16123
6.88,9.38,3.8124,12.9730,0.00000,0.12892
7.12,9.38,3.7763,16.9816,0.00000,0.08833
7.38,9.38,2.8647,20.7853,0.00000,0.05624
10.12,9.38,2.6064,20.3251,0.00000,0.08103
10.38,9.38,3.2319,25.2479,0.00000,0.12360
10.62,9.38,3.4519,26.3522,0.00000,0.15544
10.88,9.38,3.3617,22.7355,0.00000,0.17254
11.12,9.38,3.2602,18.7112,0.00000,0.19934
11.38,9.38,3.1278,15.7378,0.00000,0.24002
11.62,9.38,3.0149,15.2248,0.00001,0.29945
11.88,9.38,3.0801,17.6358,0.00004,0.42738
12.12,9.38,3.1924,21.2303,0.00007,0.58195
12.38,9.38,3.1371,22.7370,0.00004,0.73220
12.62,9.38,3.0990,21.6433,0.00001,0.98378
12.88,9.38,2.6661,21.4132,0.00000,1.30490
13.12,9.38,2.2107,23.1792,0.00000,1.72729
2.62,9.62,2.4201,5.8223,0.00000,0.01985
2.88,9.62,3.3385,3.0965,0.00000,0.02597
3.12,9.62,3.3938,1.3502,0.00000,0.02523
3.38,9.62,3.4507,0.9105,0.00000,0.02512
3.62,9.62,3.3212,0.9502,0.00000,0.02719
3.88,9.62,3.3761,0.9924,0.00000,0.03128
4.12,9.62,3.2939,1.1305,0.00000,0.03539
4.38,9.62,3.3418,1.3912,0.00000,0.04256
4.62,9.62,3.4001,1.8477,0.00000,0.05213
4.88,9.62,3.4171,2.3753,0.00000,0.06115
5.12,9.62,3.4667,2.9911,0.00000,0.06740
5.38,9.62,3.4891,3.6843,0.00000,0.06845
5.62,9.62,3.5684,4.4218,0.00000,0.07524
5.88,9.62,3.5296,5.4239,0.00000,0.09014
6.12,9.62,3.6150,6.9674,0.00000,0.11005
6.38,9.62,3.6525,9.0156,0.00000,0.13208
6.62,9.62,3.7853,11.4371,0.00000,0.15257
6.88,9.62,3.8662,14.5482,0.00000,0.12313
7.12,9.62,3.8348,18.9765,0.00000,0.08397
7.38,9.62,2.9215,22.8203,0.00000,0.05322
9.88,9.62,2.8997,25.2410,0.00000,0.05408
10.12,9.62,3.2332,31.6592,0.00000,0.08067
10.38,9.62,3.4343,35.6439,0.00000,0.10856
10.62,9.62,3.4119,32.3929,0.00000,0.12997
10.88,9.62,3.3215,22.6879,0.00000,0.14370
11.12,9.62,2.7055,13.4257,0.00000,0.14051
11.38,9.62,1.9706,8.1486,0.00003,0.13972
11.62,9.62,1.7397,7.9864,0.00032,0.18275
11.88,9.62,2.1187,10.7822,0.00143,0.36153
12.12,9.62,2.8153,14.1500,0.00236,0.66798
12.38,9.62,3.0723,17.1554,0.00143,0.95841
12.62,9.62,2.9585,18.2091,0.00032,1.32827
12.88,9.62,2.8191,18.6083,0.00003,1.87871
13.12,9.62,2.6688,19.0692,0.00000,2.41638
13.38,9.62,2.4595,19.6251,0.00000,2.64428
2.62,9.88,2.4196,5.5675,0.00000,0.02207
2.88,9.88,3.3379,3.0843,0.00000,0.02916
3.12,9.88,3.3969,1.5122,0.00000,0.02833
3.38,9.88,3.4611,1.0961,0.00000,0.02809
3.62,9.88,3.3379,1.1365,0.00000,0.03016
3.88,9.88,3.3939,1.1918,0.00000,0.03456
4.12,9.88,3.3298,1.3729,0.00000,0.03918
4.38,9.88,3.3930,1.7036,0.00000,0.04707
4.62,9.88,3.4320,2.2465,0.00000,0.05716
4.88,9.88,3.4368,2.8257,0.00000,0.06659
5.12,9.88,3.4745,3.4695,0.00000,0.07223
5.38,9.88,3.5066,4.1988,0.00000,0.07210
5.62,9.88,3.5818,5.0871,0.00000,0.07718
5.88,9.88,3.5445,6.2892,0.00000,0.08782
6.12,9.88,3.6154,7.9407,0.00000,0.10329
6.38,9.88,3.6495,10.0610,0.00000,0.12368
6.62,9.88,3.7803,12.7400,0.00000,0.14320
6.88,9.88,3.9028,16.3066,0.00000,0.11556
7.12,9.88,3.8793,21.2100,0.00000,0.07717
7.38,9.88,2.9862,25.1083,0.00000,0.04862
9.62,9.88,2.9979,25.3027,0.00000,0.04222
9.88,9.88,3.5068,35.0116,0.00000,0.05705
10.12,9.88,3.5525,41.9069,0.00000,0.07184
10.38,9.88,3.5084,43.1491,0.00000,0.08715
10.62,9.88,3.3718,36.5865,0.00000,0.10156
10.88,9.88,3.0617,25.5942,0.00000,0.10368
11.12,9.88,1.8716,13.6369,0.00001,0.07166
11.38,9.88,0.7775,5.3145,0.00032,0.04381
11.62,9.88,0.5646,3.3871,0.00389,0.07102
11.88,9.88,1.1481,5.6950,0.01742,0.24950
12.12,9.88,2.2947,9.4265,0.02872,0.64486
12.38,9.88,3.0258,13.0728,0.01742,1.06566
12.62,9.88,3.0183,15.3393,0.00389,1.44134
12.88,9.88,2.9495,16.0365,0.00032,1.93340
13.12,9.88,2.8753,16.9308,0.00001,2.38412
13.38,9.88,2.6684,20.3299,0.00000,2.42150
13.62,9.88,2.1007,25.7407,0.00000,1.67899
2.62,10.12,2.4207,4.5546,0.00000,0.02193
2.88,10.12,3.3352,2.6840,0.00000,0.02966
3.12,10.12,3.3942,1.5261,0.00000,0.02950
3.38,10.12,3.4684,1.2303,0.00000,0.03059
3.62,10.12,3.3542,1.3355,0.00000,0.03435
3.88,10.12,3.4121,1.4675,0.00000,0.04052
4.12,10.12,3.3587,1.7242,0.00000,0.04617
4.38,10.12,3.4285,2.0783,0.00000,0.05375
4.62,10.12,3.4471,2.6609,0.00000,0.06275
4.88,10.12,3.4529,3.2824,0.00000,0.07161
5.12,10.12,3.4880,3.9919,0.00000,0.07687
5.38,10.12,3.5197,4.8204,0.00000,0.07575
5.62,10.12,3.5821,5.9040,0.00000,0.07779
5.88,10.12,3.5596,7.3613,0.00000,0.08329
6.12,10.12,3.6253,9.2016,0.00000,0.09462
6.38,10.12,3.6529,11.4271,0.00000,0.11385
6.62,10.12,3.7786,14.3909,0.00000,0.13288
6.88,10.12,3.9138,18.4094,0.00000,0.10828
7.12,10.12,3.8898,23.5618,0.00000,0.07131
7.38,10.12,3.0398,27.1716,0.00000,0.04432
9.38,10.12,2.9272,21.0611,0.00000,0.03158
9.62,10.12,3.3737,30.8564,0.00000,0.04403
9.88,10.12,3.5491,39.7610,0.00000,0.05514
10.12,10.12,3.5754,44.4617,0.00000,0.06481
10.38,10.12,3.5902,44.1456,0.00000,0.07324
10.62,10.12,3.4378,40.1576,0.00000,0.07711
10.88,10.12,3.0917,35.0424,0.00000,0.06991
11.12,10.12,1.7419,24.4584,0.00004,0.03944
11.38,10.12,0.5556,11.3416,0.00143,0.01818
11.62,10.12,0.3766,4.7685,0.01742,0.05153
11.88,10.12,1.0492,5.0502,0.07807,0.23209
12.12,10.12,2.2588,8.4159,0.12871,0.61750
12.38,10.12,2.9951,11.6658,0.07807,1.01087
12.62,10.12,3.0285,13.6532,0.01742,1.32107
12.88,10.12,3.0171,14.6604,0.00143,1.67296
13.12,10.12,2.9524,16.2591,0.00004,1.94860
13.38,10.12,2.8184,19.4880,0.00000,1.89856
13.62,10.12,2.5634,23.0231,0.00000,1.27573
13.88,10.12,2.6085,23.8636,0.00000,0.68191
2.62,10.38,2.4225,3.9996,0.00000,0.02033
2.88,10.38,3.3329,2.3873,0.00000,0.02804
3.12,10.38,3.3874,1.4089,0.00000,0.02885
3.38,10.38,3.4653,1.2497,0.00000,0.03182
3.62,10.38,3.3605,1.4883,0.00000,0.03802
3.88,10.38,3.4325,1.7268,0.00000,0.04674
4.12,10.38,3.3806,2.0589,0.00000,0.05275
4.38,10.38,3.4471,2.4075,0.00000,0.05896
4.62,10.38,3.4520,2.9962,0.00000,0.06684
4.88,10.38,3.4698,3.6653,0.00000,0.07592
5.12,10.38,3.5035,4.5076,0.00000,0.08151
5.38,10.38,3.5386,5.5205,0.00000,0.07959
5.62,10.38,3.5858,6.8400,0.00000,0.07895
5.88,10.38,3.5772,8.5300,0.00000,0.08103
6.12,10.38,3.6394,10.6029,0.00000,0.08789
6.38,10.38,3.6542,13.0670,0.00000,0.10206
6.62,10.38,3.7682,16.3916,0.00000,0.11778
6.88,10.38,3.9132,20.8947,0.00000,0.09890
7.12,10.38,3.8992,26.4931,0.00000,0.06648
7.38,10.38,3.1095,30.0975,0.00000,0.04143
9.12,10.38,3.1058,17.8364,0.00000,0.02752
9.38,10.38,3.5372,25.9698,0.00000,0.03400
9.62,10.38,3.6142,33.9042,0.00000,0.04222
9.88,10.38,3.5765,39.1633,0.00000,0.05241
10.12,10.38,3.5873,42.2755,0.00000,0.06125
10.38,10.38,3.5668,45.1157,0.00000,0.06454
10.62,10.38,3.5529,46.4294,0.00000,0.06380
10.88,10.38,3.4335,46.4360,0.00000,0.06000
11.12,10.38,2.3429,39.7508,0.00007,0.04428
11.38,10.38,1.2136,25.2570,0.00236,0.04140
11.62,10.38,1.0433,14.3968,0.02872,0.10991
11.88,10.38,1.8262,10.4979,0.12871,0.32571
12.12,10.38,2.7969,10.9479,0.21221,0.63665
12.38,10.38,3.0571,12.3589,0.12871,0.87001
12.62,10.38,2.9774,13.0435,0.02872,1.08005
12.88,10.38,3.0134,13.7223,0.00236,1.32208
13.12,10.38,2.9798,15.4208,0.00007,1.44026
13.38,10.38,2.9094,18.3405,0.00000,1.33608
13.62,10.38,2.9873,22.5215,0.00000,0.96521
13.88,10.38,3.2902,26.3298,0.00000,0.63894
14.12,10.38,3.4335,32.1224,0.00000,0.46857
2.62,10.62,2.4191,4.0471,0.00000,0.01847
2.88,10.62,3.3244,2.3882,0.00000,0.02582
3.12,10.62,3.3775,1.3926,0.00000,0.02769
3.38,10.62,3.4623,1.2690,0.00000,0.03221
3.62,10.62,3.3568,1.5633,0.00000,0.03926
3.88,10.62,3.4354,1.8474,0.00000,0.04859
4.12,10.62,3.3830,2.1976,0.00000,0.05408
4.38,10.62,3.4578,2.5384,0.00000,0.05961
4.62,10.62,3.4592,3.1507,0.00000,0.06780
4.88,10.62,3.4912,3.9157,0.00000,0.07789
5.12,10.62,3.5121,4.9484,0.00000,0.08335
5.38,10.62,3.5527,6.1693,0.00000,0.08115
5.62,10.62,3.5843,7.7242,0.00000,0.07975
5.88,10.62,3.5932,9.6587,0.00000,0.08126
6.12,10.62,3.6525,12.0226,0.00000,0.08460
6.38,10.62,3.6748,14.7854,0.00000,0.09349
6.62,10.62,3.7826,18.5042,0.00000,0.10476
6.88,10.62,3.9139,23.5828,0.00000,0.08975
7.12,10.62,3.8960,30.0220,0.00000,0.06159
7.38,10.62,3.1953,34.1347,0.00000,0.03895
8.88,10.62,2.9491,15.0432,0.00000,0.02669
9.12,10.62,3.5322,21.7551,0.00000,0.03299
9.38,10.62,3.6966,28.4005,0.00000,0.03735
9.62,10.62,3.7411,33.0504,0.00000,0.04403
9.88,10.62,3.7040,36.1129,0.00000,0.05198
10.12,10.62,3.5755,41.2843,0.00000,0.05690
10.38,10.62,3.5444,48.4933,0.00000,0.05922
10.62,10.62,3.5834,52.1060,0.00000,0.06102
10.88,10.62,3.5285,51.0316,0.00000,0.06572
11.12,10.62,3.0474,45.7652,0.00004,0.07382
11.38,10.62,2.4161,36.4353,0.00143,0.10601
11.62,10.62,2.2606,26.9931,0.01742,0.21393
11.88,10.62,2.7438,19.3967,0.07807,0.42069
12.12,10.62,3.1373,15.2179,0.12871,0.62243
12.38,10.62,3.0924,13.1791,0.07807,0.75452
12.62,10.62,3.0140,11.6864,0.01742,0.89928
12.88,10.62,2.9580,11.4522,0.00143,1.01897
13.12,10.62,2.9583,12.9966,0.00004,1.04550
13.38,10.62,2.9862,17.1086,0.00000,0.94882
13.62,10.62,3.0063,24.0653,0.00000,0.71389
13.88,10.62,3.1134,30.1840,0.00000,0.50531
14.12,10.62,3.2943,34.4497,0.00000,0.40557
14.38,10.62,3.5396,36.8319,0.00000,0.35894
2.62,10.88,2.4151,4.3247,0.00000,0.01709
2.88,10.88,3.3127,2.5837,0.00000,0.02400
3.12,10.88,3.3656,1.5528,0.00000,0.02660
3.38,10.88,3.4610,1.3725,0.00000,0.03203
3.62,10.88,3.3536,1.6108,0.00000,0.03847
3.88,10.88,3.4310,1.8338,0.00000,0.04617
4.12,10.88,3.3744,2.1251,0.00000,0.05067
4.38,10.88,3.4657,2.4573,0.00000,0.05623
4.62,10.88,3.4617,3.0923,0.00000,0.06570
4.88,10.88,3.5012,3.9529,0.00000,0.07777
5.12,10.88,3.4988,5.1395,0.00000,0.08311
5.38,10.88,3.5558,6.4998,0.00000,0.08140
5.62,10.88,3.5764,8.2219,0.00000,0.08068
5.88,10.88,3.6098,10.4577,0.00000,0.08375
6.12,10.88,3.6624,13.2028,0.00000,0.08501
6.38,10.88,3.7078,16.2470,0.00000,0.08983
6.62,10.88,3.8029,20.4764,0.00000,0.09574
6.88,10.88,3.9223,26.4013,0.00000,0.08197
7.12,10.88,3.9127,33.8833,0.00000,0.05743
7.38,10.88,3.3332,38.5142,0.00000,0.03762
8.62,10.88,2.9325,12.9475,0.00000,0.02793
8.88,10.88,3.3801,18.4996,0.00000,0.03201
9.12,10.88,3.5932,23.6531,0.00000,0.03745
9.38,10.88,3.7180,27.4903,0.00000,0.04360
9.62,10.88,3.8461,30.2182,0.00000,0.04830
9.88,10.88,3.7374,34.2191,0.00000,0.05086
10.12,10.88,3.6181,41.4336,0.00000,0.05418
10.38,10.88,3.5209,48.7987,0.00000,0.05761
10.62,10.88,3.4818,52.2098,0.00000,0.06222
10.88,10.88,3.4848,50.7512,0.00000,0.07381
11.12,10.88,3.3803,46.0266,0.00001,0.10236
11.38,10.88,3.2699,40.4583,0.00032,0.16743
11.62,10.88,3.1697,34.2056,0.00389,0.28118
11.88,10.88,3.1461,26.7802,0.01742,0.42170
12.12,10.88,3.1038,19.5802,0.02872,0.54257
12.38,10.88,3.0158,13.6502,0.01742,0.63696
12.62,10.88,2.6486,9.3381,0.00389,0.66880
12.88,10.88,2.1752,7.9257,0.00032,0.62582
13.12,10.88,2.2446,9.6073,0.00001,0.63007
13.38,10.88,2.7672,15.1382,0.00000,0.66016
13.62,10.88,3.0878,24.4988,0.00000,0.56403
13.88,10.88,3.1014,32.9237,0.00000,0.41362
14.12,10.88,3.3004,35.8496,0.00000,0.35273
14.38,10.88,3.5578,36.0912,0.00000,0.32779
14.62,10.88,3.4531,37.2513,0.00000,0.26593
2.62,11.12,2.4171,4.5337,0.00000,0.01664
2.88,11.12,3.3119,2.7704,0.00000,0.02296
3.12,11.12,3.3670,1.7393,0.00000,0.02501
3.38,11.12,3.4671,1.4850,0.00000,0.03006
3.62,11.12,3.3590,1.6272,0.00000,0.03699
3.88,11.12,3.4356,1.7375,0.00000,0.04455
4.12,11.12,3.3695,1.9377,0.00000,0.04748
4.38,11.12,3.4702,2.2522,0.00000,0.05159
4.62,11.12,3.4466,2.8782,0.00000,0.06117
4.88,11.12,3.4871,3.7687,0.00000,0.07493
5.12,11.12,3.4722,4.9753,0.00000,0.08052
5.38,11.12,3.5508,6.3204,0.00000,0.08009
5.62,11.12,3.5529,8.0724,0.00000,0.07990
5.88,11.12,3.6184,10.5216,0.00000,0.08421
6.12,11.12,3.6550,13.5707,0.00000,0.08444
6.38,11.12,3.7310,16.9021,0.00000,0.08618
6.62,11.12,3.8042,21.7916,0.00000,0.08738
6.88,11.12,3.9173,28.7638,0.00000,0.07575
7.12,11.12,3.9166,37.3150,0.00000,0.05492
7.38,11.12,3.5332,42.1325,0.00000,0.03851
8.38,11.12,3.0383,11.1385,0.00000,0.03307
8.62,11.12,3.4999,16.2050,0.00000,0.03665
8.88,11.12,3.5877,20.7106,0.00000,0.03807
9.12,11.12,3.6222,23.6662,0.00000,0.04329
9.38,11.12,3.7194,26.1574,0.00000,0.04877
9.62,11.12,3.7339,29.4337,0.00000,0.04855
9.88,11.12,3.7672,34.4267,0.00000,0.04932
10.12,11.12,3.7830,40.7329,0.00000,0.05356
10.38,11.12,3.5835,45.7879,0.00000,0.05641
10.62,11.12,3.5419,48.1548,0.00000,0.06312
10.88,11.12,3.5938,48.3339,0.00000,0.07812
11.12,11.12,3.4947,46.1692,0.00000,0.11021
11.38,11.12,3.4805,42.7671,0.00003,0.17558
11.62,11.12,3.4321,39.1113,0.00032,0.26426
11.88,11.12,3.3157,33.8710,0.00143,0.35059
12.12,11.12,3.1148,26.1828,0.00236,0.41733
12.38,11.12,2.6239,17.7394,0.00143,0.42474
12.62,11.12,1.6959,9.1073,0.00032,0.33777
12.88,11.12,0.9832,4.7401,0.00003,0.23444
13.12,11.12,1.1204,6.3849,0.00000,0.24298
13.38,11.12,2.0845,13.0906,0.00000,0.35212
13.62,11.12,3.0005,22.3833,0.00000,0.40780
13.88,11.12,3.1859,29.7077,0.00000,0.36053
14.12,11.12,3.2756,32.2572,0.00000,0.31884
14.38,11.12,3.2265,32.7942,0.00000,0.27527
14.62,11.12,3.2090,32.5987,0.00000,0.22860
14.88,11.12,3.4921,28.0317,0.00000,0.22761
2.62,11.38,2.4259,5.1736,0.00000,0.01626
2.88,11.38,3.3223,3.1534,0.00000,0.02199
3.12,11.38,3.3804,1.9596,0.00000,0.02322
3.38,11.38,3.4787,1.5380,0.00000,0.02745
3.62,11.38,3.3646,1.5254,0.00000,0.03559
3.88,11.38,3.4417,1.5453,0.00000,0.04471
4.12,11.38,3.3678,1.6853,0.00000,0.04632
4.38,11.38,3.4667,2.0016,0.00000,0.04838
4.62,11.38,3.4242,2.6381,0.00000,0.05683
4.88,11.38,3.4792,3.5205,0.00000,0.07066
5.12,11.38,3.4578,4.6453,0.00000,0.07610
5.38,11.38,3.5443,5.8437,0.00000,0.07663
5.62,11.38,3.5234,7.4608,0.00000,0.07513
5.88,11.38,3.5993,9.9020,0.00000,0.07876
6.12,11.38,3.6069,13.0100,0.00000,0.07950
6.38,11.38,3.7159,16.3643,0.00000,0.07992
6.62,11.38,3.7523,21.4779,0.00000,0.07827
6.88,11.38,3.8877,29.0283,0.00000,0.07109
7.12,11.38,3.9245,38.1596,0.00000,0.05520
7.38,11.38,3.8744,42.3559,0.00000,0.04440
8.12,11.38,2.8353,10.0874,0.00000,0.03257
8.38,11.38,3.4429,14.2040,0.00000,0.03983
8.62,11.38,3.6304,18.5430,0.00000,0.04384
8.88,11.38,3.6844,21.2786,0.00000,0.04702
9.12,11.38,3.7160,23.3432,0.00000,0.04921
9.38,11.38,3.6252,26.6124,0.00000,0.04845
9.62,11.38,3.6364,30.7403,0.00000,0.04667
9.88,11.38,3.7815,34.9790,0.00000,0.04776
10.12,11.38,3.7355,38.5716,0.00000,0.05091
10.38,11.38,3.6257,41.3282,0.00000,0.05479
10.62,11.38,3.6063,42.9409,0.00000,0.06166
10.88,11.38,3.5776,43.4088,0.00000,0.07586
11.12,11.38,3.5123,43.1293,0.00000,0.10455
11.38,11.38,3.5039,42.5981,0.00000,0.15363
11.62,11.38,3.4728,41.7495,0.00001,0.21010
11.88,11.38,3.4346,39.2340,0.00004,0.25750
12.12,11.38,3.1631,34.1497,0.00007,0.27398
12.38,11.38,2.2111,26.3539,0.00004,0.21175
12.62,11.38,0.9910,13.6057,0.00001,0.11103
12.88,11.38,0.3539,4.5314,0.00000,0.05119
13.12,11.38,0.5563,4.1495,0.00000,0.06738
13.38,11.38,1.7268,10.5996,0.00000,0.17308
13.62,11.38,2.9627,19.9511,0.00000,0.28184
13.88,11.38,3.0980,26.6501,0.00000,0.28833
14.12,11.38,3.1156,29.3758,0.00000,0.27561
14.38,11.38,3.1004,30.0149,0.00000,0.25315
14.62,11.38,3.1079,27.7920,0.00000,0.21544
14.88,11.38,3.2195,20.7620,0.00000,0.19872
15.12,11.38,2.6637,12.2977,0.00000,0.16080
2.62,11.62,2.4327,5.4534,0.00000,0.01537
2.88,11.62,3.3277,3.2957,0.00000,0.02089
3.12,11.62,3.3857,2.0118,0.00000,0.02204
3.38,11.62,3.4828,1.5121,0.00000,0.02600
3.62,11.62,3.3654,1.4216,0.00000,0.03430
3.88,11.62,3.4457,1.3589,0.00000,0.04381
4.12,11.62,3.3695,1.4173,0.00000,0.04499
4.38,11.62,3.4689,1.7432,0.00000,0.04705
4.62,11.62,3.4201,2.4212,0.00000,0.05580
4.88,11.62,3.4950,3.2988,0.00000,0.06951
5.12,11.62,3.4637,4.3260,0.00000,0.07343
5.38,11.62,3.5508,5.3436,0.00000,0.07356
5.62,11.62,3.5100,6.7552,0.00000,0.07101
5.88,11.62,3.5772,9.0492,0.00000,0.07460
6.12,11.62,3.5622,11.9891,0.00000,0.07682
6.38,11.62,3.6821,14.9232,0.00000,0.07688
6.62,11.62,3.6784,19.5116,0.00000,0.07325
6.88,11.62,3.8170,26.4490,0.00000,0.06986
7.12,11.62,3.8234,34.1599,0.00000,0.05883
7.38,11.62,4.0906,36.5479,0.00000,0.05456
7.88,11.62,3.2917,16.0173,0.00000,0.04281
8.12,11.62,3.3234,14.1447,0.00000,0.04070
8.38,11.62,3.5195,17.0714,0.00000,0.04398
8.62,11.62,3.6332,19.5922,0.00000,0.04991
8.88,11.62,3.7720,21.0888,0.00000,0.05422
9.12,11.62,3.6925,23.5558,0.00000,0.05083
9.38,11.62,3.6062,27.4154,0.00000,0.04742
9.62,11.62,3.6018,31.0493,0.00000,0.04606
9.88,11.62,3.6152,33.9706,0.00000,0.04604
10.12,11.62,3.6333,35.7641,0.00000,0.04965
10.38,11.62,3.6120,36.9197,0.00000,0.05398
10.62,11.62,3.5733,37.7613,0.00000,0.05903
10.88,11.62,3.5815,37.9712,0.00000,0.07072
11.12,11.62,3.5531,38.9357,0.00000,0.09180
11.38,11.62,3.5422,40.8697,0.00000,0.12163
11.62,11.62,3.5199,42.7727,0.00000,0.15170
11.88,11.62,3.5056,43.1740,0.00000,0.17286
12.12,11.62,3.2835,40.8007,0.00000,0.16661
12.38,11.62,2.3759,35.9336,0.00000,0.10517
12.62,11.62,1.1692,23.7722,0.00000,0.04018
12.88,11.62,0.5320,10.6441,0.00000,0.01620
13.12,11.62,0.7775,6.4593,0.00000,0.03991
13.38,11.62,1.9827,11.5209,0.00000,0.13318
13.62,11.62,3.0890,20.7835,0.00000,0.22769
13.88,11.62,3.0465,28.0032,0.00000,0.23231
14.12,11.62,3.0985,30.1318,0.00000,0.24457
14.38,11.62,3.1812,28.8138,0.00000,0.25219
14.62,11.62,2.9271,24.7906,0.00000,0.20464
14.88,11.62,2.6057,17.0626,0.00000,0.15579
2.62,11.88,2.4335,5.1517,0.00000,0.01463
2.88,11.88,3.3231,3.0320,0.00000,0.02014
3.12,11.88,3.3768,1.7716,0.00000,0.02148
3.38,11.88,3.4749,1.3822,0.00000,0.02540
3.62,11.88,3.3656,1.3793,0.00000,0.03321
3.88,11.88,3.4505,1.2622,0.00000,0.04193
4.12,11.88,3.3657,1.2183,0.00000,0.04262
4.38,11.88,3.4669,1.4917,0.00000,0.04576
4.62,11.88,3.4163,2.1546,0.00000,0.05617
4.88,11.88,3.4985,3.0343,0.00000,0.07045
5.12,11.88,3.4615,3.9858,0.00000,0.07291
5.38,11.88,3.5507,4.8533,0.00000,0.07242
5.62,11.88,3.5057,6.0846,0.00000,0.07046
5.88,11.88,3.5732,8.1454,0.00000,0.07488
6.12,11.88,3.5369,10.7964,0.00000,0.07832
6.38,11.88,3.6343,13.3766,0.00000,0.07909
6.62,11.88,3.6219,17.3639,0.00000,0.07532
6.88,11.88,3.7380,23.1282,0.00000,0.07460
7.12,11.88,3.7025,28.6616,0.00000,0.06792
7.38,11.88,3.9398,30.5742,0.00000,0.06392
7.62,11.88,4.0455,27.5410,0.00000,0.06164
7.88,11.88,3.7354,21.9583,0.00000,0.05381
8.12,11.88,3.5621,19.3478,0.00000,0.04870
8.38,11.88,3.5506,19.4449,0.00000,0.04902
8.62,11.88,3.6566,19.9999,0.00000,0.05251
8.88,11.88,3.6895,21.3437,0.00000,0.05208
9.12,11.88,3.6899,23.9521,0.00000,0.04860
9.38,11.88,3.7038,26.9852,0.00000,0.04770
9.62,11.88,3.5792,29.3074,0.00000,0.04626
9.88,11.88,3.5935,31.0506,0.00000,0.04688
10.12,11.88,3.6789,32.4259,0.00000,0.04992
10.38,11.88,3.6088,32.9057,0.00000,0.05163
10.62,11.88,3.5808,33.0564,0.00000,0.05542
10.88,11.88,3.6023,33.6898,0.00000,0.06368
11.12,11.88,3.5786,35.4986,0.00000,0.07654
11.38,11.88,3.5642,38.7275,0.00000,0.09156
11.62,11.88,3.5268,43.1294,0.00000,0.10476
11.88,11.88,3.5350,46.4355,0.00000,0.11398
12.12,11.88,3.3988,46.3265,0.00000,0.10691
12.38,11.88,3.0020,45.0772,0.00000,0.07461
12.62,11.88,2.2841,37.9625,0.00000,0.04180
12.88,11.88,1.6730,24.3716,0.00000,0.03220
13.12,11.88,1.8414,16.7199,0.00000,0.05927
13.38,11.88,2.6816,19.6249,0.00000,0.12518
13.62,11.88,3.1796,26.4683,0.00000,0.18018
13.88,11.88,3.1261,30.2634,0.00000,0.19593
14.12,11.88,3.2151,28.8875,0.00000,0.22115
14.38,11.88,2.9206,24.8724,0.00000,0.21396
14.62,11.88,2.3002,20.1209,0.00000,0.15971
2.62,12.12,2.4397,5.4670,0.00000,0.01467
2.88,12.12,3.3277,2.9623,0.00000,0.02018
3.12,12.12,3.3755,1.4320,0.00000,0.02133
3.38,12.12,3.4720,1.0852,0.00000,0.02492
3.62,12.12,3.3690,1.1781,0.00000,0.03250
3.88,12.12,3.4575,1.1383,0.00000,0.04132
4.12,12.12,3.3596,1.1239,0.00000,0.04207
4.38,12.12,3.4509,1.3141,0.00000,0.04550
4.62,12.12,3.3967,1.8878,0.00000,0.05692
4.88,12.12,3.4794,2.7535,0.00000,0.07227
5.12,12.12,3.4403,3.6332,0.00000,0.07458
5.38,12.12,3.5166,4.3819,0.00000,0.07404
5.62,12.12,3.4863,5.4753,0.00000,0.07326
5.88,12.12,3.5487,7.2715,0.00000,0.07715
6.12,12.12,3.5120,9.6148,0.00000,0.08080
6.38,12.12,3.5703,12.1259,0.00000,0.08230
6.62,12.12,3.5815,15.6833,0.00000,0.08050
6.88,12.12,3.6385,20.2112,0.00000,0.08174
7.12,12.12,3.6418,24.1777,0.00000,0.08055
7.38,12.12,3.6619,26.5763,0.00000,0.07324
7.62,12.12,3.7005,27.2839,0.00000,0.06630
7.88,12.12,3.6356,25.7812,0.00000,0.05979
8.12,12.12,3.5966,22.8822,0.00000,0.05529
8.38,12.12,3.6192,20.5371,0.00000,0.05294
8.62,12.12,3.6157,20.1302,0.00000,0.05047
8.88,12.12,3.6312,21.5392,0.00000,0.04765
9.12,12.12,3.7263,23.5106,0.00000,0.04709
9.38,12.12,3.6677,25.2695,0.00000,0.04815
9.62,12.12,3.6087,26.5908,0.00000,0.04899
9.88,12.12,3.6631,27.8866,0.00000,0.04883
10.12,12.12,3.6675,28.8943,0.00000,0.04773
10.38,12.12,3.6421,29.0085,0.00000,0.04817
10.62,12.12,3.6209,29.5802,0.00000,0.05127
10.88,12.12,3.6065,30.9668,0.00000,0.05614
11.12,12.12,3.5959,33.0524,0.00000,0.06286
11.38,12.12,3.5640,37.0991,0.00000,0.06966
11.62,12.12,3.5728,42.8999,0.00000,0.07665
11.88,12.12,3.6156,48.4900,0.00000,0.08187
12.12,12.12,3.5131,51.7757,0.00000,0.07659
12.38,12.12,3.5253,52.3838,0.00000,0.06506
12.62,12.12,3.3976,47.7416,0.00000,0.05539
12.88,12.12,3.0033,38.0306,0.00000,0.05717
13.12,12.12,3.0106,31.4762,0.00000,0.08328
13.38,12.12,3.2693,31.5793,0.00000,0.11892
13.62,12.12,3.2558,32.9501,0.00000,0.14284
13.88,12.12,3.2343,30.0784,0.00000,0.16534
14.12,12.12,3.0758,23.7716,0.00000,0.18012
14.38,12.12,2.3752,17.9026,0.00000,0.15360
2.62,12.38,2.4453,6.6530,0.00000,0.01524
2.88,12.38,3.3372,3.3799,0.00000,0.02105
3.12,12.38,3.3836,1.3317,0.00000,0.02250
3.38,12.38,3.4731,0.8517,0.00000,0.02605
3.62,12.38,3.3603,0.9275,0.00000,0.03287
3.88,12.38,3.4476,1.0025,0.00000,0.04192
4.12,12.38,3.3431,1.0950,0.00000,0.04395
4.38,12.38,3.4116,1.2222,0.00000,0.04775
4.62,12.38,3.3418,1.6863,0.00000,0.05949
4.88,12.38,3.4201,2.4974,0.00000,0.07575
5.12,12.38,3.4081,3.3203,0.00000,0.07768
5.38,12.38,3.4702,4.0917,0.00000,0.07656
5.62,12.38,3.4717,5.1833,0.00000,0.07693
5.88,12.38,3.5011,6.7866,0.00000,0.07968
6.12,12.38,3.5055,8.8604,0.00000,0.08467
6.38,12.38,3.5155,11.2464,0.00000,0.08724
6.62,12.38,3.5644,14.2802,0.00000,0.08838
6.88,12.38,3.5595,17.6593,0.00000,0.08953
7.12,12.38,3.5895,20.4357,0.00000,0.09090
7.38,12.38,3.6174,22.8056,0.00000,0.08451
7.62,12.38,3.6600,24.8768,0.00000,0.07558
7.88,12.38,3.6710,25.2861,0.00000,0.06768
8.12,12.38,3.6621,23.0532,0.00000,0.06120
8.38,12.38,3.6073,20.4749,0.00000,0.05454
8.62,12.38,3.5813,19.8425,0.00000,0.04948
8.88,12.38,3.6249,20.8024,0.00000,0.04745
9.12,12.38,3.6372,22.0424,0.00000,0.04777
9.38,12.38,3.6242,23.0858,0.00000,0.05069
9.62,12.38,3.6457,24.0661,0.00000,0.05191
9.88,12.38,3.6372,24.9201,0.00000,0.04825
10.12,12.38,3.6643,25.3107,0.00000,0.04533
10.38,12.38,3.6638,25.8616,0.00000,0.04542
10.62,12.38,3.6313,27.2805,0.00000,0.04718
10.88,12.38,3.6248,29.1656,0.00000,0.04987
11.12,12.38,3.5642,32.0147,0.00000,0.05220
11.38,12.38,3.5493,36.6701,0.00000,0.05540
11.62,12.38,3.5785,42.8474,0.00000,0.05942
11.88,12.38,3.5462,49.4495,0.00000,0.06216
12.12,12.38,3.5183,55.1402,0.00000,0.06078
12.38,12.38,3.5708,56.4495,0.00000,0.05770
12.62,12.38,3.5196,51.1877,0.00000,0.05771
12.88,12.38,3.3700,45.7884,0.00000,0.06529
13.12,12.38,3.3047,43.8257,0.00000,0.08378
13.38,12.38,3.3360,41.2647,0.00000,0.10435
13.62,12.38,3.3275,35.7535,0.00000,0.12060
13.88,12.38,3.2064,27.6685,0.00000,0.13295
14.12,12.38,2.6823,18.7808,0.00000,0.12886
2.62,12.62,2.4450,7.7297,0.00000,0.01592
2.88,12.62,3.3393,3.8834,0.00000,0.02217
3.12,12.62,3.3808,1.4654,0.00000,0.02451
3.38,12.62,3.4566,0.8225,0.00000,0.02885
3.62,12.62,3.3277,0.8135,0.00000,0.03517
3.88,12.62,3.4086,0.9033,0.00000,0.04343
4.12,12.62,3.3054,1.0262,0.00000,0.04568
4.38,12.62,3.3549,1.1309,0.00000,0.04966
4.62,12.62,3.2734,1.5414,0.00000,0.06122
4.88,12.62,3.3375,2.3276,0.00000,0.07828
5.12,12.62,3.3750,3.1555,0.00000,0.08180
5.38,12.62,3.4292,4.0098,0.00000,0.08077
5.62,12.62,3.4802,5.1436,0.00000,0.08209
5.88,12.62,3.4740,6.6555,0.00000,0.08407
6.12,12.62,3.5225,8.4862,0.00000,0.09092
6.38,12.62,3.5072,10.4571,0.00000,0.09471
6.62,12.62,3.5541,12.6768,0.00000,0.09715
6.88,12.62,3.5778,15.1570,0.00000,0.09717
7.12,12.62,3.5676,17.3393,0.00000,0.09659
7.38,12.62,3.5648,19.4363,0.00000,0.09118
7.62,12.62,3.5912,21.6467,0.00000,0.08214
7.88,12.62,3.5924,22.9591,0.00000,0.07233
8.12,12.62,3.5785,22.2056,0.00000,0.06381
8.38,12.62,3.5802,20.5479,0.00000,0.05654
8.62,12.62,3.6120,19.6805,0.00000,0.05178
8.88,12.62,3.6066,20.0192,0.00000,0.04940
9.12,12.62,3.6144,20.7089,0.00000,0.05007
9.38,12.62,3.6483,21.4571,0.00000,0.05240
9.62,12.62,3.6278,22.1509,0.00000,0.05073
9.88,12.62,3.6354,22.4582,0.00000,0.04642
10.12,12.62,3.6663,22.9535,0.00000,0.04423
10.38,12.62,3.6532,24.2119,0.00000,0.04371
10.62,12.62,3.6559,26.0103,0.00000,0.04428
10.88,12.62,3.6187,28.4576,0.00000,0.04500
11.12,12.62,3.5844,31.9574,0.00000,0.04596
11.38,12.62,3.5812,36.6224,0.00000,0.04790
11.62,12.62,3.5708,42.9332,0.00000,0.04969
11.88,12.62,3.5516,49.3667,0.00000,0.05171
12.12,12.62,3.4806,54.0930,0.00000,0.05242
12.38,12.62,3.4646,54.8968,0.00000,0.05276
12.62,12.62,3.4974,51.4885,0.00000,0.05663
12.88,12.62,3.4932,50.5504,0.00000,0.06334
13.12,12.62,3.3903,49.8403,0.00000,0.07457
13.38,12.62,3.3286,42.4692,0.00000,0.08838
13.62,12.62,3.1036,31.7774,0.00000,0.09475
13.88,12.62,2.6807,22.3141,0.00000,0.09273
2.62,12.88,2.4401,6.9117,0.00000,0.01657
2.88,12.88,3.3324,3.5387,0.00000,0.02327
3.12,12.88,3.3676,1.4264,0.00000,0.02622
3.38,12.88,3.4338,0.8014,0.00000,0.03127
3.62,12.88,3.2883,0.7358,0.00000,0.03799
3.88,12.88,3.3506,0.7912,0.00000,0.04525
4.12,12.88,3.2470,0.8868,0.00000,0.04571
4.38,12.88,3.2941,1.0020,0.00000,0.04927
4.62,12.88,3.2424,1.4141,0.00000,0.06078
4.88,12.88,3.2911,2.2063,0.00000,0.07816
5.12,12.88,3.3478,3.0453,0.00000,0.08500
5.38,12.88,3.3921,3.8892,0.00000,0.08501
5.62,12.88,3.4862,4.9925,0.00000,0.08703
5.88,12.88,3.4706,6.4226,0.00000,0.08813
6.12,12.88,3.5068,7.9876,0.00000,0.09409
6.38,12.88,3.5096,9.4917,0.00000,0.09900
6.62,12.88,3.5044,11.0058,0.00000,0.10141
6.88,12.88,3.5375,12.9262,0.00000,0.09999
7.12,12.88,3.5712,14.9616,0.00000,0.09833
7.38,12.88,3.5808,16.8489,0.00000,0.09507
7.62,12.88,3.6028,18.7898,0.00000,0.08850
7.88,12.88,3.6049,20.5018,0.00000,0.07876
8.12,12.88,3.5946,20.9361,0.00000,0.06903
8.38,12.88,3.6026,20.1680,0.00000,0.06101
8.62,12.88,3.5944,19.3571,0.00000,0.05530
8.88,12.88,3.6033,19.3265,0.00000,0.05258
9.12,12.88,3.6345,19.7358,0.00000,0.05193
9.38,12.88,3.6242,20.2032,0.00000,0.05127
9.62,12.88,3.6386,20.5994,0.00000,0.04908
9.88,12.88,3.6521,21.1218,0.00000,0.04616
10.12,12.88,3.6416,22.1296,0.00000,0.04418
10.38,12.88,3.6508,23.7410,0.00000,0.04327
10.62,12.88,3.6298,25.9346,0.00000,0.04288
10.88,12.88,3.6278,28.4719,0.00000,0.04344
11.12,12.88,3.6471,31.8213,0.00000,0.04445
11.38,12.88,3.6004,36.4889,0.00000,0.04515
11.62,12.88,3.6866,41.8665,0.00000,0.04711
11.88,12.88,3.7222,46.2509,0.00000,0.04842
12.12,12.88,3.5393,48.4945,0.00000,0.04733
12.38,12.88,3.4917,48.9083,0.00000,0.04835
12.62,12.88,3.4885,49.5026,0.00000,0.05092
12.88,12.88,3.4606,50.9746,0.00000,0.05380
13.12,12.88,3.4216,47.4079,0.00000,0.06160
13.38,12.88,3.1387,36.1935,0.00000,0.06939
13.62,12.88,2.5281,24.1444,0.00000,0.06597
2.62,13.12,2.4384,3.7267,0.00000,0.01649
2.88,13.12,3.3297,2.0551,0.00000,0.02364
3.12,13.12,3.3530,1.0306,0.00000,0.02690
3.38,13.12,3.4071,0.6568,0.00000,0.03175
3.62,13.12,3.2491,0.5829,0.00000,0.03839
3.88,13.12,3.2963,0.6101,0.00000,0.04547
4.12,13.12,3.1984,0.6866,0.00000,0.04511
4.38,13.12,3.2513,0.8464,0.00000,0.04864
4.62,13.12,3.2468,1.2831,0.00000,0.06003
4.88,13.12,3.2908,2.0507,0.00000,0.07711
5.12,13.12,3.3504,2.8460,0.00000,0.08709
5.38,13.12,3.3908,3.6018,0.00000,0.08812
5.62,13.12,3.4693,4.5893,0.00000,0.09048
5.88,13.12,3.4714,5.8564,0.00000,0.09264
6.12,13.12,3.4648,7.1372,0.00000,0.09602
6.38,13.12,3.4672,8.3324,0.00000,0.09963
6.62,13.12,3.4973,9.5862,0.00000,0.10321
6.88,13.12,3.5235,11.2359,0.00000,0.10104
7.12,13.12,3.5499,13.0870,0.00000,0.09712
7.38,13.12,3.5533,14.8421,0.00000,0.09461
7.62,13.12,3.5572,16.4989,0.00000,0.09052
7.88,13.12,3.5730,18.1214,0.00000,0.08209
8.12,13.12,3.5838,19.1323,0.00000,0.07237
8.38,13.12,3.5810,19.1394,0.00000,0.06386
8.62,13.12,3.5906,18.6631,0.00000,0.05835
8.88,13.12,3.6117,18.5250,0.00000,0.05557
9.12,13.12,3.6074,18.7668,0.00000,0.05312
9.38,13.12,3.6238,19.0758,0.00000,0.05136
9.62,13.12,3.6539,19.6318,0.00000,0.04930
9.88,13.12,3.6388,20.5147,0.00000,0.04707
10.12,13.12,3.6389,21.7305,0.00000,0.04541
10.38,13.12,3.6084,23.8211,0.00000,0.04380
10.62,13.12,3.6022,26.2234,0.00000,0.04336
10.88,13.12,3.6265,28.3762,0.00000,0.04409
11.12,13.12,3.5650,31.5610,0.00000,0.04470
11.38,13.12,3.5886,35.6989,0.00000,0.04580
11.62,13.12,3.7280,38.8246,0.00000,0.04651
11.88,13.12,3.6943,40.1821,0.00000,0.04528
12.12,13.12,3.6529,41.4446,0.00000,0.04479
12.38,13.12,3.6054,44.1926,0.00000,0.04432
12.62,13.12,3.4574,47.0914,0.00000,0.04213
12.88,13.12,3.4286,46.4294,0.00000,0.04224
13.12,13.12,3.3236,39.7470,0.00000,0.04509
13.38,13.12,2.7432,28.3436,0.00000,0.04619
2.62,13.38,2.4369,1.1174,0.00000,0.01638
2.88,13.38,3.3281,0.7941,0.00000,0.02365
3.12,13.38,3.3424,0.6211,0.00000,0.02657
3.38,13.38,3.3883,0.4650,0.00000,0.03061
3.62,13.38,3.2201,0.4027,0.00000,0.03656
3.88,13.38,3.2587,0.4304,0.00000,0.04384
4.12,13.38,3.1703,0.5180,0.00000,0.04436
4.38,13.38,3.2254,0.7170,0.00000,0.04819
4.62,13.38,3.2448,1.1521,0.00000,0.05893
4.88,13.38,3.2939,1.8464,0.00000,0.07604
5.12,13.38,3.3583,2.5566,0.00000,0.08889
5.38,13.38,3.4024,3.2059,0.00000,0.09103
5.62,13.38,3.4507,4.0349,0.00000,0.09295
5.88,13.38,3.4658,5.1243,0.00000,0.09682
6.12,13.38,3.4758,6.2097,0.00000,0.09929
6.38,13.38,3.4531,7.2526,0.00000,0.09920
6.62,13.38,3.4862,8.4450,0.00000,0.10100
6.88,13.38,3.5092,9.9115,0.00000,0.09951
7.12,13.38,3.5265,11.4942,0.00000,0.09589
7.38,13.38,3.5367,13.0774,0.00000,0.09347
7.62,13.38,3.5499,14.5303,0.00000,0.09035
7.88,13.38,3.5776,16.0062,0.00000,0.08391
8.12,13.38,3.5977,17.1993,0.00000,0.07458
8.38,13.38,3.5897,17.5811,0.00000,0.06536
8.62,13.38,3.5900,17.4253,0.00000,0.05977
8.88,13.38,3.5914,17.4363,0.00000,0.05741
9.12,13.38,3.6122,17.7026,0.00000,0.05564
9.38,13.38,3.6307,18.1622,0.00000,0.05316
9.62,13.38,3.6330,18.8303,0.00000,0.05029
9.88,13.38,3.6364,19.7408,0.00000,0.04885
10.12,13.38,3.6096,21.3521,0.00000,0.04768
10.38,13.38,3.5883,23.7305,0.00000,0.04647
10.62,13.38,3.6025,25.8852,0.00000,0.04558
10.88,13.38,3.5633,28.1163,0.00000,0.04533
11.12,13.38,3.5504,31.1267,0.00000,0.04680
11.38,13.38,3.5606,33.6294,0.00000,0.04681
11.62,13.38,3.5731,34.5023,0.00000,0.04433
11.88,13.38,3.6402,34.8535,0.00000,0.04295
12.12,13.38,3.7112,37.4421,0.00000,0.04223
12.38,13.38,3.6027,41.3153,0.00000,0.03861
12.62,13.38,3.4817,41.6139,0.00000,0.03532
12.88,13.38,3.2586,36.7735,0.00000,0.03357
13.12,13.38,2.8240,29.1815,0.00000,0.03084
2.62,13.62,2.4316,0.3290,0.00000,0.01685
2.88,13.62,3.3186,0.3264,0.00000,0.02414
3.12,13.62,3.3283,0.3390,0.00000,0.02684
3.38,13.62,3.3746,0.2748,0.00000,0.03067
3.62,13.62,3.2054,0.2551,0.00000,0.03559
3.88,13.62,3.2387,0.3173,0.00000,0.04246
4.12,13.62,3.1330,0.4357,0.00000,0.04412
4.38,13.62,3.1791,0.6282,0.00000,0.04767
4.62,13.62,3.2192,0.9941,0.00000,0.05607
4.88,13.62,3.2816,1.5778,0.00000,0.07236
5.12,13.62,3.3494,2.2168,0.00000,0.08765
5.38,13.62,3.3831,2.8170,0.00000,0.09224
5.62,13.62,3.4387,3.5299,0.00000,0.09460
5.88,13.62,3.4380,4.4140,0.00000,0.09768
6.12,13.62,3.4683,5.2669,0.00000,0.09951
6.38,13.62,3.4671,6.1892,0.00000,0.09890
6.62,13.62,3.4935,7.3142,0.00000,0.09976
6.88,13.62,3.5035,8.6629,0.00000,0.09919
7.12,13.62,3.5123,10.1108,0.00000,0.09703
7.38,13.62,3.5224,11.5405,0.00000,0.09399
7.62,13.62,3.5470,12.8311,0.00000,0.09077
7.88,13.62,3.5612,14.0823,0.00000,0.08638
8.12,13.62,3.5746,15.1255,0.00000,0.07780
8.38,13.62,3.5746,15.7399,0.00000,0.06836
8.62,13.62,3.5778,15.9997,0.00000,0.06281
8.88,13.62,3.6005,16.2944,0.00000,0.06075
9.12,13.62,3.6166,16.7948,0.00000,0.05846
9.38,13.62,3.6032,17.3521,0.00000,0.05462
9.62,13.62,3.6175,17.9743,0.00000,0.05177
9.88,13.62,3.6032,19.0667,0.00000,0.05046
10.12,13.62,3.5880,20.9277,0.00000,0.05043
10.38,13.62,3.5944,23.2730,0.00000,0.05019
10.62,13.62,3.5650,25.6678,0.00000,0.04865
10.88,13.62,3.6221,27.8595,0.00000,0.04972
11.12,13.62,3.6683,29.7065,0.00000,0.05044
11.38,13.62,3.5503,30.7259,0.00000,0.04708
11.62,13.62,3.5558,30.9812,0.00000,0.04421
11.88,13.62,3.6094,32.2713,0.00000,0.04154
12.12,13.62,3.5791,35.2385,0.00000,0.03714
12.38,13.62,3.5477,36.1269,0.00000,0.03316
12.62,13.62,3.3736,32.1530,0.00000,0.03050
12.88,13.62,2.7985,25.3590,0.00000,0.02630
2.62,13.88,2.4162,0.5511,0.00000,0.01750
2.88,13.88,3.2978,0.3310,0.00000,0.02497
3.12,13.88,3.3146,0.1926,0.00000,0.02789
3.38,13.88,3.3653,0.1436,0.00000,0.03188
3.62,13.88,3.1820,0.1669,0.00000,0.03558
3.88,13.88,3.2061,0.2589,0.00000,0.04158
4.12,13.88,3.0937,0.3913,0.00000,0.04394
4.38,13.88,3.1397,0.5424,0.00000,0.04727
4.62,13.88,3.1915,0.8056,0.00000,0.05334
4.88,13.88,3.2437,1.2541,0.00000,0.06713
5.12,13.88,3.3247,1.8150,0.00000,0.08311
5.38,13.88,3.3422,2.3916,0.00000,0.09084
5.62,13.88,3.4098,3.0190,0.00000,0.09471
5.88,13.88,3.4330,3.7100,0.00000,0.09689
6.12,13.88,3.4672,4.3435,0.00000,0.09790
6.38,13.88,3.4631,5.1477,0.00000,0.09814
6.62,13.88,3.4961,6.1658,0.00000,0.10067
6.88,13.88,3.5023,7.3786,0.00000,0.10145
7.12,13.88,3.5164,8.7638,0.00000,0.10077
7.38,13.88,3.5345,10.1770,0.00000,0.09787
7.62,13.88,3.5627,11.4312,0.00000,0.09444
7.88,13.88,3.5764,12.5135,0.00000,0.09090
8.12,13.88,3.5868,13.4160,0.00000,0.08317
8.38,13.88,3.5810,14.1982,0.00000,0.07473
8.62,13.88,3.5867,14.8463,0.00000,0.06943
8.88,13.88,3.5879,15.4469,0.00000,0.06483
9.12,13.88,3.5913,16.0521,0.00000,0.06013
9.38,13.88,3.5967,16.6791,0.00000,0.05622
9.62,13.88,3.5837,17.5677,0.00000,0.05339
9.88,13.88,3.5755,18.8111,0.00000,0.05273
10.12,13.88,3.5755,20.5824,0.00000,0.05373
10.38,13.88,3.5187,22.9512,0.00000,0.05298
10.62,13.88,3.5602,25.4913,0.00000,0.05254
10.88,13.88,3.6772,27.0805,0.00000,0.05331
11.12,13.88,3.6336,27.6925,0.00000,0.05087
11.38,13.88,3.6149,28.3561,0.00000,0.04834
11.62,13.88,3.6123,29.6071,0.00000,0.04494
11.88,13.88,3.5079,31.1770,0.00000,0.03829
12.12,13.88,3.4864,31.4354,0.00000,0.03296
12.38,13.88,3.3764,28.1925,0.00000,0.02944
12.62,13.88,2.9137,22.2679,0.00000,0.02511
2.62,14.12,2.3982,0.9404,0.00000,0.01878
2.88,14.12,3.2758,0.4645,0.00000,0.02653
3.12,14.12,3.3004,0.1578,0.00000,0.02886
3.38,14.12,3.3488,0.0859,0.00000,0.03225
3.62,14.12,3.1426,0.1178,0.00000,0.03544
3.88,14.12,3.1597,0.2052,0.00000,0.04101
4.12,14.12,3.0490,0.3123,0.00000,0.04312
4.38,14.12,3.0869,0.4133,0.00000,0.04612
4.62,14.12,3.1701,0.6023,0.00000,0.05158
4.88,14.12,3.2164,0.9479,0.00000,0.06267
5.12,14.12,3.2942,1.4232,0.00000,0.07736
5.38,14.12,3.3118,1.9417,0.00000,0.08798
5.62,14.12,3.3806,2.4559,0.00000,0.09390
5.88,14.12,3.4106,2.9990,0.00000,0.09559
6.12,14.12,3.4566,3.5347,0.00000,0.09661
6.38,14.12,3.4531,4.2486,0.00000,0.09757
6.62,14.12,3.4782,5.1377,0.00000,0.10170
6.88,14.12,3.4819,6.1833,0.00000,0.10373
7.12,14.12,3.5017,7.4491,0.00000,0.10388
7.38,14.12,3.5118,8.8189,0.00000,0.10150
7.62,14.12,3.5361,10.0663,0.00000,0.09852
7.88,14.12,3.5512,11.1074,0.00000,0.09517
8.12,14.12,3.5488,11.9109,0.00000,0.08837
8.38,14.12,3.5537,12.7541,0.00000,0.08171
8.62,14.12,3.5657,13.7763,0.00000,0.07634
8.88,14.12,3.5630,14.6076,0.00000,0.06946
9.12,14.12,3.5816,15.2059,0.00000,0.06343
9.38,14.12,3.5732,15.9816,0.00000,0.05920
9.62,14.12,3.5645,17.0941,0.00000,0.05654
9.88,14.12,3.5631,18.4973,0.00000,0.05605
10.12,14.12,3.5104,20.4331,0.00000,0.05619
10.38,14.12,3.5082,22.6473,0.00000,0.05605
10.62,14.12,3.5647,24.6930,0.00000,0.05491
10.88,14.12,3.5699,25.7658,0.00000,0.05152
11.12,14.12,3.6160,26.4169,0.00000,0.04911
11.38,14.12,3.6765,28.0415,0.00000,0.04793
11.62,14.12,3.5612,29.8110,0.00000,0.04158
11.88,14.12,3.4706,29.1431,0.00000,0.03435
12.12,14.12,3.2965,25.4277,0.00000,0.02959
12.38,14.12,2.8335,19.9552,0.00000,0.02449
2.62,14.38,2.3936,0.7340,0.00000,0.01995
2.88,14.38,3.2678,0.3549,0.00000,0.02804
3.12,14.38,3.2803,0.1096,0.00000,0.02993
3.38,14.38,3.3095,0.0539,0.00000,0.03291
3.62,14.38,3.0874,0.0805,0.00000,0.03579
3.88,14.38,3.1098,0.1462,0.00000,0.04090
4.12,14.38,3.0260,0.2137,0.00000,0.04283
4.38,14.38,3.0620,0.2754,0.00000,0.04555
4.62,14.38,3.1611,0.4210,0.00000,0.05063
4.88,14.38,3.2049,0.6888,0.00000,0.05906
5.12,14.38,3.2802,1.0610,0.00000,0.07041
5.38,14.38,3.2941,1.4953,0.00000,0.08163
5.62,14.38,3.3611,1.9142,0.00000,0.08992
5.88,14.38,3.3736,2.3526,0.00000,0.09238
6.12,14.38,3.4221,2.8442,0.00000,0.09488
6.38,14.38,3.4347,3.4699,0.00000,0.09621
6.62,14.38,3.4607,4.2199,0.00000,0.09989
6.88,14.38,3.4761,5.1155,0.00000,0.10343
7.12,14.38,3.4972,6.1820,0.00000,0.10504
7.38,14.38,3.5112,7.4084,0.00000,0.10487
7.62,14.38,3.5390,8.6413,0.00000,0.10326
7.88,14.38,3.5541,9.7140,0.00000,0.10024
8.12,14.38,3.5519,10.5213,0.00000,0.09436
8.38,14.38,3.5545,11.4319,0.00000,0.08714
8.62,14.38,3.5555,12.5809,0.00000,0.08059
8.88,14.38,3.5564,13.5340,0.00000,0.07409
9.12,14.38,3.5419,14.2996,0.00000,0.06795
9.38,14.38,3.5461,15.0574,0.00000,0.06332
9.62,14.38,3.5612,16.1103,0.00000,0.06019
9.88,14.38,3.5138,17.7583,0.00000,0.05783
10.12,14.38,3.5207,19.7117,0.00000,0.05763
10.38,14.38,3.5656,21.5117,0.00000,0.05764
10.62,14.38,3.5254,23.0852,0.00000,0.05449
10.88,14.38,3.5599,24.0565,0.00000,0.05061
11.12,14.38,3.6108,25.5887,0.00000,0.04747
11.38,14.38,3.5589,27.8342,0.00000,0.04371
11.62,14.38,3.5106,27.8433,0.00000,0.03772
11.88,14.38,3.3625,24.0623,0.00000,0.03143
12.12,14.38,2.8370,18.4375,0.00000,0.02500
2.62,14.62,2.3720,0.2689,0.00000,0.02037
2.88,14.62,3.2412,0.1332,0.00000,0.02870
3.12,14.62,3.2585,0.0443,0.00000,0.03081
3.38,14.62,3.2904,0.0270,0.00000,0.03403
3.62,14.62,3.0492,0.0513,0.00000,0.03661
3.88,14.62,3.0589,0.1002,0.00000,0.04125
4.12,14.62,3.0138,0.1414,0.00000,0.04337
4.38,14.62,3.0603,0.1748,0.00000,0.04593
4.62,14.62,3.1515,0.2731,0.00000,0.05016
4.88,14.62,3.1838,0.4725,0.00000,0.05616
5.12,14.62,3.2676,0.7684,0.00000,0.06406
5.38,14.62,3.2695,1.1247,0.00000,0.07311
5.62,14.62,3.3408,1.4585,0.00000,0.08162
5.88,14.62,3.3445,1.8072,0.00000,0.08503
6.12,14.62,3.3751,2.2455,0.00000,0.08931
6.38,14.62,3.4014,2.8093,0.00000,0.09204
6.62,14.62,3.4393,3.4544,0.00000,0.09584
6.88,14.62,3.4507,4.2082,0.00000,0.10104
7.12,14.62,3.4672,5.0885,0.00000,0.10585
7.38,14.62,3.4894,6.1787,0.00000,0.10834
7.62,14.62,3.5059,7.3391,0.00000,0.10595
7.88,14.62,3.5327,8.4217,0.00000,0.10370
8.12,14.62,3.5326,9.3053,0.00000,0.09906
8.38,14.62,3.5244,10.1519,0.00000,0.09035
8.62,14.62,3.5313,11.2923,0.00000,0.08317
8.88,14.62,3.5272,12.4861,0.00000,0.07773
9.12,14.62,3.5189,13.4142,0.00000,0.07252
9.38,14.62,3.5271,14.0968,0.00000,0.06681
9.62,14.62,3.4973,15.0542,0.00000,0.06144
9.88,14.62,3.5100,16.5126,0.00000,0.05897
10.12,14.62,3.5538,18.0036,0.00000,0.05851
10.38,14.62,3.5268,19.3234,0.00000,0.05723
10.62,14.62,3.5617,20.6659,0.00000,0.05562
10.88,14.62,3.5964,22.2584,0.00000,0.05266
11.12,14.62,3.5052,24.2241,0.00000,0.04710
11.38,14.62,3.4616,24.8433,0.00000,0.04255
11.62,14.62,3.3343,22.1951,0.00000,0.03666
11.88,14.62,2.8886,17.2316,0.00000,0.02816
2.62,14.88,2.3614,0.0487,0.00000,0.02092
2.88,14.88,3.2244,0.0272,0.00000,0.02946
3.12,14.88,3.2297,0.0121,0.00000,0.03164
3.38,14.88,3.2540,0.0129,0.00000,0.03504
3.62,14.88,3.0160,0.0317,0.00000,0.03744
3.88,14.88,3.0250,0.0664,0.00000,0.04166
4.12,14.88,2.9816,0.0965,0.00000,0.04367
4.38,14.88,3.0183,0.1179,0.00000,0.04607
4.62,14.88,3.1401,0.1839,0.00000,0.04949
4.88,14.88,3.1684,0.3347,0.00000,0.05328
5.12,14.88,3.2428,0.5542,0.00000,0.05847
5.38,14.88,3.2411,0.8119,0.00000,0.06473
5.62,14.88,3.3062,1.0710,0.00000,0.07168
5.88,14.88,3.2970,1.3698,0.00000,0.07529
6.12,14.88,3.3335,1.7714,0.00000,0.08062
6.38,14.88,3.3624,2.3050,0.00000,0.08523
6.62,14.88,3.3949,2.8747,0.00000,0.09042
6.88,14.88,3.4192,3.5124,0.00000,0.09683
7.12,14.88,3.4333,4.2857,0.00000,0.10433
7.38,14.88,3.4504,5.2516,0.00000,0.10819
7.62,14.88,3.4824,6.3188,0.00000,0.10515
7.88,14.88,3.5151,7.3805,0.00000,0.10314
8.12,14.88,3.5082,8.2698,0.00000,0.09933
8.38,14.88,3.5137,9.0416,0.00000,0.09201
8.62,14.88,3.5145,10.1770,0.00000,0.08562
8.88,14.88,3.5062,11.3829,0.00000,0.08092
9.12,14.88,3.4982,12.3095,0.00000,0.07620
9.38,14.88,3.4635,13.0893,0.00000,0.06892
9.62,14.88,3.4796,13.9394,0.00000,0.06371
9.88,14.88,3.5170,15.0209,0.00000,0.06195
10.12,14.88,3.4891,16.1517,0.00000,0.06055
10.38,14.88,3.5403,17.3241,0.00000,0.06080
10.62,14.88,3.5982,18.9215,0.00000,0.05976
10.88,14.88,3.5074,20.8298,0.00000,0.05521
11.12,14.88,3.4332,21.4359,0.00000,0.04928
11.38,14.88,3.2604,19.4171,0.00000,0.04281
11.62,14.88,2.7957,15.4663,0.00000,0.03363
2.62,15.12,2.3498,0.0060,0.00000,0.02188
2.88,15.12,3.2069,0.0053,0.00000,0.03068
3.12,15.12,3.2059,0.0045,0.00000,0.03266
3.38,15.12,3.2228,0.0073,0.00000,0.03593
3.62,15.12,2.9621,0.0171,0.00000,0.03772
3.88,15.12,2.9548,0.0368,0.00000,0.04112
4.12,15.12,2.9483,0.0620,0.00000,0.04319
4.38,15.12,3.0010,0.0838,0.00000,0.04579
4.62,15.12,3.1278,0.1325,0.00000,0.04872
4.88,15.12,3.1356,0.2418,0.00000,0.05100
5.12,15.12,3.2111,0.3927,0.00000,0.05424
5.38,15.12,3.2074,0.5751,0.00000,0.05872
5.62,15.12,3.2732,0.7690,0.00000,0.06467
5.88,15.12,3.2783,1.0188,0.00000,0.06760
6.12,15.12,3.3188,1.3879,0.00000,0.07162
6.38,15.12,3.3171,1.8623,0.00000,0.07647
6.62,15.12,3.3439,2.3553,0.00000,0.08294
6.88,15.12,3.3874,2.9272,0.00000,0.08914
7.12,15.12,3.4011,3.6129,0.00000,0.09589
7.38,15.12,3.4224,4.4824,0.00000,0.10108
7.62,15.12,3.4431,5.5276,0.00000,0.10085
7.88,15.12,3.4561,6.4980,0.00000,0.09965
8.12,15.12,3.4673,7.2806,0.00000,0.09680
8.38,15.12,3.4699,8.0280,0.00000,0.09088
8.62,15.12,3.4693,9.0199,0.00000,0.08558
8.88,15.12,3.4635,10.0161,0.00000,0.08219
9.12,15.12,3.4381,10.9264,0.00000,0.07785
9.38,15.12,3.4596,11.7917,0.00000,0.07212
9.62,15.12,3.4914,12.6251,0.00000,0.06759
9.88,15.12,3.4543,13.6424,0.00000,0.06465
10.12,15.12,3.4858,14.8260,0.00000,0.06404
10.38,15.12,3.5339,16.3704,0.00000,0.06431
10.62,15.12,3.4765,18.0472,0.00000,0.06171
10.88,15.12,3.4315,18.6168,0.00000,0.05832
11.12,15.12,3.2791,16.8841,0.00000,0.05103
11.38,15.12,2.7737,13.5045,0.00000,0.03933
2.62,15.38,2.3353,0.0018,0.00000,0.02285
2.88,15.38,3.1845,0.0024,0.00000,0.03188
3.12,15.38,3.1726,0.0028,0.00000,0.03334
3.38,15.38,3.1769,0.0046,0.00000,0.03606
3.62,15.38,2.9026,0.0087,0.00000,0.03764
3.88,15.38,2.8967,0.0190,0.00000,0.04071
4.12,15.38,2.9258,0.0383,0.00000,0.04244
4.38,15.38,2.9699,0.0570,0.00000,0.04454
4.62,15.38,3.0930,0.0845,0.00000,0.04734
4.88,15.38,3.1114,0.1525,0.00000,0.04963
5.12,15.38,3.2041,0.2642,0.00000,0.05242
5.38,15.38,3.1919,0.4098,0.00000,0.05595
5.62,15.38,3.2622,0.5640,0.00000,0.06081
5.88,15.38,3.2676,0.7685,0.00000,0.06262
6.12,15.38,3.3041,1.0736,0.00000,0.06507
6.38,15.38,3.3133,1.4496,0.00000,0.06892
6.62,15.38,3.3431,1.8535,0.00000,0.07462
6.88,15.38,3.3768,2.3444,0.00000,0.07999
7.12,15.38,3.3957,2.9710,0.00000,0.08639
7.38,15.38,3.4081,3.8113,0.00000,0.09396
7.62,15.38,3.4114,4.7949,0.00000,0.09847
7.88,15.38,3.4347,5.6731,0.00000,0.10032
8.12,15.38,3.4355,6.3921,0.00000,0.09771
8.38,15.38,3.4258,7.0730,0.00000,0.09079
8.62,15.38,3.4282,7.9350,0.00000,0.08519
8.88,15.38,3.4093,8.8092,0.00000,0.08191
9.12,15.38,3.4237,9.5996,0.00000,0.07922
9.38,15.38,3.4552,10.4761,0.00000,0.07558
9.62,15.38,3.4264,11.4532,0.00000,0.07069
9.88,15.38,3.4704,12.7427,0.00000,0.06832
10.12,15.38,3.5109,14.5165,0.00000,0.06625
10.38,15.38,3.4316,16.1898,0.00000,0.06292
10.62,15.38,3.3830,16.4585,0.00000,0.05993
10.88,15.38,3.2431,14.8229,0.00000,0.05562
11.12,15.38,2.7904,11.8365,0.00000,0.04540
2.62,15.62,2.3259,0.0014,0.00000,0.02365
2.88,15.62,3.1693,0.0020,0.00000,0.03298
3.12,15.62,3.1467,0.0022,0.00000,0.03413
3.38,15.62,3.1336,0.0030,0.00000,0.03617
3.62,15.62,2.8374,0.0048,0.00000,0.03708
3.88,15.62,2.8354,0.0104,0.00000,0.03981
4.12,15.62,2.8993,0.0223,0.00000,0.04164
4.38,15.62,2.9409,0.0356,0.00000,0.04352
4.62,15.62,3.0750,0.0523,0.00000,0.04589
4.88,15.62,3.0820,0.0938,0.00000,0.04766
5.12,15.62,3.1839,0.1745,0.00000,0.05068
5.38,15.62,3.1900,0.2843,0.00000,0.05389
5.62,15.62,3.2574,0.4090,0.00000,0.05741
5.88,15.62,3.2556,0.5776,0.00000,0.05883
6.12,15.62,3.2902,0.8179,0.00000,0.06087
6.38,15.62,3.2868,1.1148,0.00000,0.06279
6.62,15.62,3.3043,1.4300,0.00000,0.06656
6.88,15.62,3.3446,1.8323,0.00000,0.07192
7.12,15.62,3.3684,2.3973,0.00000,0.07808
7.38,15.62,3.3818,3.1330,0.00000,0.08579
7.62,15.62,3.3880,4.0130,0.00000,0.09399
7.88,15.62,3.3982,4.8827,0.00000,0.09890
8.12,15.62,3.3930,5.5726,0.00000,0.09627
8.38,15.62,3.3968,6.2102,0.00000,0.09020
8.62,15.62,3.3785,7.0264,0.00000,0.08491
8.88,15.62,3.3964,7.8567,0.00000,0.08175
9.12,15.62,3.4098,8.6421,0.00000,0.07872
9.38,15.62,3.3855,9.5496,0.00000,0.07482
9.62,15.62,3.4283,10.7250,0.00000,0.07263
9.88,15.62,3.4799,12.5440,0.00000,0.07186
10.12,15.62,3.4166,14.5721,0.00000,0.06818
10.38,15.62,3.3676,15.0701,0.00000,0.06361
10.62,15.62,3.1917,13.2989,0.00000,0.05651
10.88,15.62,2.7184,10.4495,0.00000,0.04598
2.62,15.88,2.2850,0.0012,0.00000,0.02420
2.88,15.88,3.1146,0.0016,0.00000,0.03371
3.12,15.88,3.1028,0.0015,0.00000,0.03466
3.38,15.88,3.0998,0.0015,0.00000,0.03628
3.62,15.88,2.7799,0.0022,0.00000,0.03649
3.88,15.88,2.7677,0.0056,0.00000,0.03878
4.12,15.88,2.8686,0.0126,0.00000,0.04072
4.38,15.88,2.9168,0.0235,0.00000,0.04244
4.62,15.88,3.0775,0.0415,0.00000,0.04467
4.88,15.88,3.0885,0.0690,0.00000,0.04581
5.12,15.88,3.1760,0.1159,0.00000,0.04824
5.38,15.88,3.1430,0.1887,0.00000,0.05022
5.62,15.88,3.1953,0.2822,0.00000,0.05299
5.88,15.88,3.2113,0.4179,0.00000,0.05521
6.12,15.88,3.2339,0.6047,0.00000,0.05761
6.38,15.88,3.2316,0.8151,0.00000,0.05834
6.62,15.88,3.2637,1.0516,0.00000,0.06088
6.88,15.88,3.2951,1.3959,0.00000,0.06617
7.12,15.88,3.3259,1.8521,0.00000,0.07128
7.38,15.88,3.3693,2.4521,0.00000,0.07740
7.62,15.88,3.3519,3.2791,0.00000,0.08608
7.88,15.88,3.3550,4.1356,0.00000,0.09281
8.12,15.88,3.3616,4.8306,0.00000,0.09198
8.38,15.88,3.3669,5.4369,0.00000,0.08793
8.62,15.88,3.3818,6.0944,0.00000,0.08363
8.88,15.88,3.3984,6.8475,0.00000,0.07930
9.12,15.88,3.3663,7.7213,0.00000,0.07422
9.38,15.88,3.4044,8.8318,0.00000,0.07196
9.62,15.88,3.4289,10.4639,0.00000,0.07231
9.88,15.88,3.3670,12.3434,0.00000,0.07265
10.12,15.88,3.3331,13.1874,0.00000,0.07141
10.38,15.88,3.1899,11.9891,0.00000,0.06467
10.62,15.88,2.7018,9.3953,0.00000,0.05059
2.62,16.12,2.2844,0.0006,0.00000,0.02411
2.88,16.12,3.0990,0.0008,0.00000,0.03341
3.12,16.12,3.0389,0.0008,0.00000,0.03403
3.38,16.12,3.0132,0.0007,0.00000,0.03568
3.62,16.12,2.7410,0.0009,0.00000,0.03624
3.88,16.12,2.7660,0.0026,0.00000,0.03847
4.12,16.12,2.8794,0.0064,0.00000,0.03992
4.38,16.12,2.8987,0.0152,0.00000,0.04109
4.62,16.12,3.0665,0.0336,0.00000,0.04324
4.88,16.12,3.0624,0.0538,0.00000,0.04370
5.12,16.12,3.1256,0.0767,0.00000,0.04523
5.38,16.12,3.0927,0.1206,0.00000,0.04645
5.62,16.12,3.1582,0.1871,0.00000,0.04916
5.88,16.12,3.1681,0.2938,0.00000,0.05142
6.12,16.12,3.1832,0.4358,0.00000,0.05393
6.38,16.12,3.2081,0.5838,0.00000,0.05499
6.62,16.12,3.2346,0.7657,0.00000,0.05712
6.88,16.12,3.2707,1.0307,0.00000,0.06165
7.12,16.12,3.3040,1.3792,0.00000,0.06510
7.38,16.12,3.3362,1.8991,0.00000,0.06964
7.62,16.12,3.3273,2.6506,0.00000,0.07780
7.88,16.12,3.3386,3.5123,0.00000,0.08553
8.12,16.12,3.3146,4.3227,0.00000,0.08760
8.38,16.12,3.3466,4.9162,0.00000,0.08631
8.62,16.12,3.3608,5.4297,0.00000,0.08155
8.88,16.12,3.3293,6.0175,0.00000,0.07533
9.12,16.12,3.3794,6.9219,0.00000,0.07201
9.38,16.12,3.4185,8.4411,0.00000,0.07147
9.62,16.12,3.3364,10.1224,0.00000,0.07164
9.88,16.12,3.2815,10.8510,0.00000,0.07247
10.12,16.12,3.1272,10.1105,0.00000,0.06902
10.38,16.12,2.6785,8.2246,0.00000,0.05724
2.62,16.38,2.2604,0.0002,0.00000,0.02308
2.88,16.38,3.0631,0.0003,0.00000,0.03202
3.12,16.38,2.9920,0.0005,0.00000,0.03293
3.38,16.38,2.9683,0.0007,0.00000,0.03496
3.62,16.38,2.6888,0.0006,0.00000,0.03516
3.88,16.38,2.6918,0.0008,0.00000,0.03692
4.12,16.38,2.8701,0.0026,0.00000,0.03902
4.38,16.38,2.9207,0.0084,0.00000,0.04028
4.62,16.38,3.0740,0.0207,0.00000,0.04168
4.88,16.38,3.0288,0.0329,0.00000,0.04110
5.12,16.38,3.0837,0.0489,0.00000,0.04214
5.38,16.38,3.0443,0.0820,0.00000,0.04317
5.62,16.38,3.0921,0.1306,0.00000,0.04600
5.88,16.38,3.1367,0.2047,0.00000,0.04855
6.12,16.38,3.1802,0.2981,0.00000,0.05034
6.38,16.38,3.2022,0.4076,0.00000,0.05115
6.62,16.38,3.2204,0.5605,0.00000,0.05369
6.88,16.38,3.2591,0.7704,0.00000,0.05744
7.12,16.38,3.2552,1.0570,0.00000,0.05865
7.38,16.38,3.2983,1.5073,0.00000,0.06314
7.62,16.38,3.3132,2.1621,0.00000,0.07247
7.88,16.38,3.3083,2.9971,0.00000,0.08083
8.12,16.38,3.3114,3.8756,0.00000,0.08515
8.38,16.38,3.3287,4.5447,0.00000,0.08511
8.62,16.38,3.2880,5.0720,0.00000,0.07944
8.88,16.38,3.3251,5.7603,0.00000,0.07506
9.12,16.38,3.3853,7.0142,0.00000,0.07557
9.38,16.38,3.3283,8.4871,0.00000,0.07662
9.62,16.38,3.2610,9.0343,0.00000,0.07496
9.88,16.38,3.0627,8.2245,0.00000,0.06817
10.12,16.38,2.5900,6.7296,0.00000,0.05657
2.62,16.62,2.2368,0.0001,0.00000,0.02280
2.88,16.62,3.0190,0.0002,0.00000,0.03141
3.12,16.62,2.9111,0.0003,0.00000,0.03175
3.38,16.62,2.8764,0.0004,0.00000,0.03349
3.62,16.62,2.6247,0.0003,0.00000,0.03386
3.88,16.62,2.6414,0.0002,0.00000,0.03579
4.12,16.62,2.8683,0.0013,0.00000,0.03806
4.38,16.62,2.8958,0.0055,0.00000,0.03859
4.62,16.62,3.0325,0.0115,0.00000,0.03963
4.88,16.62,2.9993,0.0151,0.00000,0.03901
5.12,16.62,3.0666,0.0248,0.00000,0.03995
5.38,16.62,3.0239,0.0495,0.00000,0.04078
5.62,16.62,3.0525,0.0883,0.00000,0.04324
5.88,16.62,3.0872,0.1424,0.00000,0.04525
6.12,16.62,3.1210,0.2034,0.00000,0.04610
6.38,16.62,3.1835,0.2897,0.00000,0.04710
6.62,16.62,3.1933,0.4273,0.00000,0.05012
6.88,16.62,3.1991,0.6007,0.00000,0.05342
7.12,16.62,3.2114,0.8237,0.00000,0.05363
7.38,16.62,3.2484,1.2025,0.00000,0.05693
7.62,16.62,3.2388,1.7840,0.00000,0.06630
7.88,16.62,3.2895,2.5226,0.00000,0.07661
8.12,16.62,3.3032,3.3561,0.00000,0.08192
8.38,16.62,3.2596,4.0836,0.00000,0.08130
8.62,16.62,3.2863,4.8329,0.00000,0.07819
8.88,16.62,3.3176,6.0656,0.00000,0.07731
9.12,16.62,3.2771,7.5001,0.00000,0.08133
9.38,16.62,3.2317,8.0111,0.00000,0.08419
9.62,16.62,3.0553,7.1498,0.00000,0.07638
9.88,16.62,2.5600,5.5945,0.00000,0.05902
2.62,16.88,2.2464,0.0000,0.00000,0.02286
2.88,16.88,3.0113,0.0001,0.00000,0.03125
3.12,16.88,2.8370,0.0001,0.00000,0.03083
3.38,16.88,2.7822,0.0001,0.00000,0.03210
3.62,16.88,2.5956,0.0001,0.00000,0.03280
3.88,16.88,2.6142,0.0001,0.00000,0.03450
4.12,16.88,2.8457,0.0009,0.00000,0.03635
4.38,16.88,2.8822,0.0038,0.00000,0.03674
4.62,16.88,3.0351,0.0069,0.00000,0.03795
4.88,16.88,2.9471,0.0064,0.00000,0.03691
5.12,16.88,2.9828,0.0091,0.00000,0.03759
5.38,16.88,3.0020,0.0215,0.00000,0.03863
5.62,16.88,3.0350,0.0457,0.00000,0.04029
5.88,16.88,3.0504,0.0822,0.00000,0.04112
6.12,16.88,3.0869,0.1331,0.00000,0.04193
6.38,16.88,3.1479,0.2169,0.00000,0.04358
6.62,16.88,3.1246,0.3398,0.00000,0.04626
6.88,16.88,3.1740,0.4844,0.00000,0.04967
7.12,16.88,3.1872,0.6791,0.00000,0.05074
7.38,16.88,3.1663,1.0040,0.00000,0.05331
7.62,16.88,3.2065,1.5051,0.00000,0.06213
7.88,16.88,3.2727,2.1573,0.00000,0.07213
8.12,16.88,3.2505,2.8874,0.00000,0.07690
8.38,16.88,3.2635,3.6949,0.00000,0.07843
8.62,16.88,3.2939,4.8661,0.00000,0.08118
8.88,16.88,3.2350,6.2927,0.00000,0.08510
9.12,16.88,3.1890,6.9899,0.00000,0.08778
9.38,16.88,2.9895,6.4143,0.00000,0.08219
9.62,16.88,2.5189,5.0320,0.00000,0.06623
2.62,17.12,2.1894,0.0000,0.00000,0.02205
2.88,17.12,2.9307,0.0000,0.00000,0.03016
3.12,17.12,2.7551,0.0000,0.00000,0.02974
3.38,17.12,2.7356,0.0000,0.00000,0.03089
3.62,17.12,2.5865,0.0000,0.00000,0.03113
3.88,17.12,2.5956,0.0001,0.00000,0.03238
4.12,17.12,2.8689,0.0008,0.00000,0.03483
4.38,17.12,2.8742,0.0036,0.00000,0.03515
4.62,17.12,2.9744,0.0060,0.00000,0.03575
4.88,17.12,2.9018,0.0043,0.00000,0.03505
5.12,17.12,2.9629,0.0036,0.00000,0.03627
5.38,17.12,2.9790,0.0086,0.00000,0.03704
5.62,17.12,2.9968,0.0191,0.00000,0.03760
5.88,17.12,3.0550,0.0389,0.00000,0.03787
6.12,17.12,3.0378,0.0811,0.00000,0.03847
6.38,17.12,3.0538,0.1534,0.00000,0.04033
6.62,17.12,3.0934,0.2550,0.00000,0.04306
6.88,17.12,3.1765,0.3880,0.00000,0.04599
7.12,17.12,3.1544,0.5702,0.00000,0.04719
7.38,17.12,3.1757,0.8499,0.00000,0.04972
7.62,17.12,3.2047,1.2852,0.00000,0.05624
7.88,17.12,3.1934,1.8647,0.00000,0.06355
8.12,17.12,3.2392,2.5663,0.00000,0.06881
8.38,17.12,3.2474,3.6019,0.00000,0.07415
8.62,17.12,3.1907,4.8888,0.00000,0.08467
8.88,17.12,3.1439,5.6680,0.00000,0.09319
9.12,17.12,2.9731,5.3947,0.00000,0.08667
9.38,17.12,2.4823,4.3992,0.00000,0.06851
2.62,17.38,2.1803,0.0000,0.00000,0.02168
2.88,17.38,2.8930,0.0000,0.00000,0.02930
3.12,17.38,2.6356,0.0000,0.00000,0.02768
3.38,17.38,2.5895,0.0000,0.00000,0.02792
3.62,17.38,2.5464,0.0000,0.00000,0.02874
3.88,17.38,2.6168,0.0001,0.00000,0.03052
4.12,17.38,2.9148,0.0007,0.00000,0.03323
4.38,17.38,2.8639,0.0033,0.00000,0.03301
4.62,17.38,2.9350,0.0058,0.00000,0.03358
4.88,17.38,2.8743,0.0043,0.00000,0.03341
5.12,17.38,2.8994,0.0024,0.00000,0.03467
5.38,17.38,2.9365,0.0040,0.00000,0.03557
5.62,17.38,2.9840,0.0091,0.00000,0.03566
5.88,17.38,3.0335,0.0209,0.00000,0.03507
6.12,17.38,2.9860,0.0501,0.00000,0.03514
6.38,17.38,3.0469,0.1041,0.00000,0.03706
6.62,17.38,3.0583,0.1899,0.00000,0.03915
6.88,17.38,3.0830,0.3033,0.00000,0.04109
7.12,17.38,3.1453,0.4443,0.00000,0.04236
7.38,17.38,3.1908,0.6738,0.00000,0.04445
7.62,17.38,3.1541,1.0502,0.00000,0.04938
7.88,17.38,3.1731,1.6320,0.00000,0.05644
8.12,17.38,3.2120,2.5099,0.00000,0.06267
8.38,17.38,3.1561,3.6352,0.00000,0.07092
8.62,17.38,3.1166,4.4309,0.00000,0.08394
8.88,17.38,2.9133,4.3489,0.00000,0.08769
9.12,17.38,2.4424,3.6175,0.00000,0.07299
2.62,17.62,2.1340,0.0000,0.00000,0.02101
2.88,17.62,2.8166,0.0000,0.00000,0.02819
3.12,17.62,2.5133,0.0000,0.00000,0.02578
3.38,17.62,2.4816,0.0000,0.00000,0.02536
3.62,17.62,2.5361,0.0000,0.00000,0.02642
3.88,17.62,2.5730,0.0001,0.00000,0.02784
4.12,17.62,2.8395,0.0006,0.00000,0.03055
4.38,17.62,2.8264,0.0023,0.00000,0.03076
4.62,17.62,2.9318,0.0052,0.00000,0.03191
4.88,17.62,2.8588,0.0058,0.00000,0.03183
5.12,17.62,2.8657,0.0032,0.00000,0.03265
5.38,17.62,2.9249,0.0022,0.00000,0.03316
5.62,17.62,2.8998,0.0053,0.00000,0.03247
5.88,17.62,2.9374,0.0132,0.00000,0.03186
6.12,17.62,2.9611,0.0315,0.00000,0.03198
6.38,17.62,3.0155,0.0708,0.00000,0.03300
6.62,17.62,2.9933,0.1386,0.00000,0.03426
6.88,17.62,3.0516,0.2356,0.00000,0.03640
7.12,17.62,3.1074,0.3606,0.00000,0.03784
7.38,17.62,3.1083,0.5468,0.00000,0.04000
7.62,17.62,3.1482,0.9042,0.00000,0.04561
7.88,17.62,3.1357,1.5891,0.00000,0.05330
8.12,17.62,3.0930,2.5154,0.00000,0.06052
8.38,17.62,3.0702,3.2387,0.00000,0.06748
8.62,17.62,2.9147,3.3825,0.00000,0.07205
8.88,17.62,2.4293,2.9300,0.00000,0.06712
2.62,17.88,2.0804,0.0000,0.00000,0.02036
2.88,17.88,2.7368,0.0000,0.00000,0.02731
3.12,17.88,2.3982,0.0000,0.00000,0.02461
3.38,17.88,2.3752,0.0000,0.00000,0.02391
3.62,17.88,2.5227,0.0000,0.00000,0.02507
3.88,17.88,2.5718,0.0001,0.00000,0.02611
4.12,17.88,2.8360,0.0004,0.00000,0.02888
4.38,17.88,2.7472,0.0017,0.00000,0.02872
4.62,17.88,2.7912,0.0050,0.00000,0.02955
4.88,17.88,2.8206,0.0072,0.00000,0.03010
5.12,17.88,2.8624,0.0043,0.00000,0.03086
5.38,17.88,2.8821,0.0016,0.00000,0.03066
5.62,17.88,2.8569,0.0030,0.00000,0.02986
5.88,17.88,2.9381,0.0076,0.00000,0.02966
6.12,17.88,2.9099,0.0185,0.00000,0.02899
6.38,17.88,2.9324,0.0450,0.00000,0.02931
6.62,17.88,2.9968,0.0983,0.00000,0.03052
6.88,17.88,3.0191,0.1928,0.00000,0.03226
7.12,17.88,3.0103,0.3185,0.00000,0.03393
7.38,17.88,3.0516,0.5090,0.00000,0.03666
7.62,17.88,3.0945,0.9348,0.00000,0.04255
7.88,17.88,3.0462,1.6330,0.00000,0.05212
8.12,17.88,3.0309,2.2453,0.00000,0.05969
8.38,17.88,2.8322,2.3893,0.00000,0.05806
8.62,17.88,2.3726,2.1673,0.00000,0.05131
2.62,18.12,2.1006,0.0000,0.00000,0.02030
2.88,18.12,2.7399,0.0000,0.00000,0.02709
3.12,18.12,2.3069,0.0000,0.00000,0.02360
3.38,18.12,2.2629,0.0000,0.00000,0.02247
3.62,18.12,2.5539,0.0000,0.00000,0.02443
3.88,18.12,2.5886,0.0000,0.00000,0.02494
4.12,18.12,2.7714,0.0002,0.00000,0.02690
4.38,18.12,2.6761,0.0009,0.00000,0.02697
4.62,18.12,2.7426,0.0027,0.00000,0.02794
4.88,18.12,2.7781,0.0042,0.00000,0.02800
5.12,18.12,2.7594,0.0026,0.00000,0.02815
5.38,18.12,2.8418,0.0009,0.00000,0.02881
5.62,18.12,2.8603,0.0017,0.00000,0.02847
5.88,18.12,2.8813,0.0042,0.00000,0.02766
6.12,18.12,2.8753,0.0106,0.00000,0.02679
6.38,18.12,2.9539,0.0294,0.00000,0.02723
6.62,18.12,2.9730,0.0737,0.00000,0.02752
6.88,18.12,2.9583,0.1517,0.00000,0.02862
7.12,18.12,3.0179,0.2711,0.00000,0.03103
7.38,18.12,2.9796,0.5259,0.00000,0.03427
7.62,18.12,2.9539,1.0101,0.00000,0.04123
7.88,18.12,2.9621,1.5340,0.00000,0.05100
8.12,18.12,2.8154,1.7502,0.00000,0.05437
8.38,18.12,2.3306,1.5735,0.00000,0.04555
2.62,18.38,2.0293,0.0000,0.00000,0.01973
2.88,18.38,2.6433,0.0000,0.00000,0.02624
3.12,18.38,2.2024,0.0000,0.00000,0.02240
3.38,18.38,2.2001,0.0000,0.00000,0.02116
3.62,18.38,2.5914,0.0000,0.00000,0.02374
3.88,18.38,2.5859,0.0000,0.00000,0.02388
4.12,18.38,2.7109,0.0000,0.00000,0.02530
4.38,18.38,2.6232,0.0002,0.00000,0.02546
4.62,18.38,2.6429,0.0006,0.00000,0.02591
4.88,18.38,2.6716,0.0010,0.00000,0.02576
5.12,18.38,2.7198,0.0006,0.00000,0.02622
5.38,18.38,2.8584,0.0003,0.00000,0.02716
5.62,18.38,2.8162,0.0007,0.00000,0.02641
5.88,18.38,2.8436,0.0019,0.00000,0.02581
6.12,18.38,2.8990,0.0062,0.00000,0.02526
6.38,18.38,2.8896,0.0216,0.00000,0.02477
6.62,18.38,2.8956,0.0582,0.00000,0.02478
6.88,18.38,2.9627,0.1212,0.00000,0.02643
7.12,18.38,2.9990,0.2579,0.00000,0.03000
7.38,18.38,2.9307,0.5418,0.00000,0.03538
7.62,18.38,2.9234,0.8974,0.00000,0.04113
7.88,18.38,2.7337,1.1391,0.00000,0.04328
8.12,18.38,2.2736,1.1532,0.00000,0.04035
2.62,18.62,1.9794,0.0000,0.00000,0.01896
2.88,18.62,2.5814,0.0000,0.00000,0.02521
3.12,18.62,2.1279,0.0000,0.00000,0.02126
3.38,18.62,2.0872,0.0000,0.00000,0.01981
3.62,18.62,2.4881,0.0000,0.00000,0.02264
3.88,18.62,2.5394,0.0000,0.00000,0.02319
4.12,18.62,2.7245,0.0000,0.00000,0.02463
4.38,18.62,2.5920,0.0000,0.00000,0.02384
4.62,18.62,2.5585,0.0001,0.00000,0.02344
4.88,18.62,2.6834,0.0001,0.00000,0.02402
5.12,18.62,2.6833,0.0001,0.00000,0.02423
5.38,18.62,2.7090,0.0001,0.00000,0.02422
5.62,18.62,2.7559,0.0002,0.00000,0.02397
5.88,18.62,2.8486,0.0006,0.00000,0.02405
6.12,18.62,2.8142,0.0033,0.00000,0.02296
6.38,18.62,2.8144,0.0152,0.00000,0.02226
6.62,18.62,2.9250,0.0451,0.00000,0.02285
6.88,18.62,2.9079,0.1124,0.00000,0.02446
7.12,18.62,2.8993,0.2751,0.00000,0.02948
7.38,18.62,2.8986,0.5097,0.00000,0.03588
7.62,18.62,2.7068,0.6563,0.00000,0.03666
7.88,18.62,2.2159,0.6820,0.00000,0.03130
2.62,18.88,1.9083,0.0000,0.00000,0.01773
2.88,18.88,2.4977,0.0000,0.00000,0.02368
3.12,18.88,2.0614,0.0000,0.00000,0.02012
3.38,18.88,2.0508,0.0000,0.00000,0.01903
3.62,18.88,2.4852,0.0000,0.00000,0.02193
3.88,18.88,2.4168,0.0000,0.00000,0.02155
4.12,18.88,2.5161,0.0000,0.00000,0.02218
4.38,18.88,2.5250,0.0000,0.00000,0.02200
4.62,18.88,2.5984,0.0000,0.00000,0.02214
4.88,18.88,2.7094,0.0000,0.00000,0.02252
5.12,18.88,2.6340,0.0000,0.00000,0.02208
5.38,18.88,2.6933,0.0000,0.00000,0.02214
5.62,18.88,2.7289,0.0000,0.00000,0.02188
5.88,18.88,2.7023,0.0002,0.00000,0.02137
6.12,18.88,2.7428,0.0020,0.00000,0.02087
6.38,18.88,2.8270,0.0103,0.00000,0.02060
6.62,18.88,2.8492,0.0352,0.00000,0.02046
6.88,18.88,2.8305,0.1016,0.00000,0.02188
7.12,18.88,2.8643,0.2351,0.00000,0.02613
7.38,18.88,2.6568,0.3724,0.00000,0.02859
7.62,18.88,2.1538,0.4099,0.00000,0.02592
2.62,19.12,1.7971,0.0000,0.00000,0.01659
2.88,19.12,2.3835,0.0000,0.00000,0.02249
3.12,19.12,2.0035,0.0000,0.00000,0.01944
3.38,19.12,2.0218,0.0000,0.00000,0.01837
3.62,19.12,2.4888,0.0000,0.00000,0.02124
3.88,19.12,2.3672,0.0000,0.00000,0.02047
4.12,19.12,2.4415,0.0000,0.00000,0.02087
4.38,19.12,2.5142,0.0000,0.00000,0.02111
4.62,19.12,2.4854,0.0000,0.00000,0.02068
4.88,19.12,2.5587,0.0000,0.00000,0.02058
5.12,19.12,2.6326,0.0000,0.00000,0.02061
5.38,19.12,2.7294,0.0000,0.00000,0.02065
5.62,19.12,2.6375,0.0000,0.00000,0.01981
5.88,19.12,2.6558,0.0003,0.00000,0.01979
6.12,19.12,2.8004,0.0021,0.00000,0.01992
6.38,19.12,2.7606,0.0091,0.00000,0.01874
6.62,19.12,2.7588,0.0286,0.00000,0.01821
6.88,19.12,2.7870,0.0717,0.00000,0.01905
7.12,19.12,2.5720,0.1382,0.00000,0.01964
7.38,19.12,2.0737,0.1977,0.00000,0.01803
2.62,19.38,1.7399,0.0000,0.00000,0.01607
2.88,19.38,2.3567,0.0000,0.00000,0.02230
3.12,19.38,2.0107,0.0000,0.00000,0.01962
3.38,19.38,1.9499,0.0000,0.00000,0.01785
3.62,19.38,2.4061,0.0000,0.00000,0.02057
3.88,19.38,2.3542,0.0000,0.00000,0.02014
4.12,19.38,2.4335,0.0000,0.00000,0.02026
4.38,19.38,2.4587,0.0000,0.00000,0.02015
4.62,19.38,2.4100,0.0000,0.00000,0.01945
4.88,19.38,2.5769,0.0000,0.00000,0.01942
5.12,19.38,2.5959,0.0000,0.00000,0.01885
5.38,19.38,2.5875,0.0000,0.00000,0.01846
5.62,19.38,2.6457,0.0000,0.00000,0.01867
5.88,19.38,2.6924,0.0006,0.00000,0.01895
6.12,19.38,2.6728,0.0037,0.00000,0.01810
6.38,19.38,2.6855,0.0116,0.00000,0.01720
6.62,19.38,2.7514,0.0242,0.00000,0.01705
6.88,19.38,2.5094,0.0410,0.00000,0.01561
7.12,19.38,1.9621,0.0607,0.00000,0.01296
2.62,19.62,1.5177,0.0000,0.00000,0.01428
2.88,19.62,2.1458,0.0000,0.00000,0.02075
3.12,19.62,1.9609,0.0000,0.00000,0.01953
3.38,19.62,1.9549,0.0000,0.00000,0.01805
3.62,19.62,2.4093,0.0000,0.00000,0.02052
3.88,19.62,2.2731,0.0000,0.00000,0.01943
4.12,19.62,2.2648,0.0000,0.00000,0.01873
4.38,19.62,2.4307,0.0000,0.00000,0.01919
4.62,19.62,2.4384,0.0000,0.00000,0.01865
4.88,19.62,2.5092,0.0000,0.00000,0.01781
5.12,19.62,2.4615,0.0000,0.00000,0.01683
5.38,19.62,2.5463,0.0000,0.00000,0.01709
5.62,19.62,2.6746,0.0001,0.00000,0.01753
5.88,19.62,2.5747,0.0009,0.00000,0.01694
6.12,19.62,2.5873,0.0049,0.00000,0.01646
6.38,19.62,2.6482,0.0124,0.00000,0.01612
6.62,19.62,2.4089,0.0190,0.00000,0.01453
6.88,19.62,1.8800,0.0225,0.00000,0.01133
2.62,19.88,1.2548,0.0000,0.00000,0.01211
2.88,19.88,1.9265,0.0000,0.00000,0.01896
3.12,19.88,1.9563,0.0000,0.00000,0.01966
3.38,19.88,1.9022,0.0000,0.00000,0.01809
3.62,19.88,2.2375,0.0000,0.00000,0.01969
3.88,19.88,2.1677,0.0000,0.00000,0.01893
4.12,19.88,2.2518,0.0000,0.00000,0.01844
4.38,19.88,2.5086,0.0000,0.00000,0.01879
4.62,19.88,2.3704,0.0000,0.00000,0.01713
4.88,19.88,2.3574,0.0000,0.00000,0.01594
5.12,19.88,2.4720,0.0000,0.00000,0.01591
5.38,19.88,2.4716,0.0000,0.00000,0.01569
5.62,19.88,2.4269,0.0000,0.00000,0.01508
5.88,19.88,2.4977,0.0006,0.00000,0.01531
6.12,19.88,2.6067,0.0030,0.00000,0.01557
6.38,19.88,2.3285,0.0075,0.00000,0.01359
6.62,19.88,1.7463,0.0110,0.00000,0.01027
2.62,20.12,1.0994,0.0000,0.00000,0.01051
2.88,20.12,1.8430,0.0000,0.00000,0.01790
3.12,20.12,2.0386,0.0000,0.00000,0.02036
3.38,20.12,1.8672,0.0000,0.00000,0.01850
3.62,20.12,2.0981,0.0000,0.00000,0.01932
3.88,20.12,2.1811,0.0000,0.00000,0.01914
4.12,20.12,2.1811,0.0000,0.00000,0.01780
4.38,20.12,2.2840,0.0000,0.00000,0.01692
4.62,20.12,2.2586,0.0000,0.00000,0.01572
4.88,20.12,2.4025,0.0000,0.00000,0.01539
5.12,20.12,2.4659,0.0000,0.00000,0.01491
5.38,20.12,2.3140,0.0000,0.00000,0.01383
5.62,20.12,2.3913,0.0000,0.00000,0.01395
5.88,20.12,2.4866,0.0002,0.00000,0.01420
6.12,20.12,2.2128,0.0009,0.00000,0.01263
6.38,20.12,1.6518,0.0024,0.00000,0.00940
2.62,20.38,0.8511,0.0000,0.00000,0.00845
2.88,20.38,1.5845,0.0000,0.00000,0.01612
3.12,20.38,1.9662,0.0000,0.00000,0.02073
3.38,20.38,1.8908,0.0000,0.00000,0.01964
3.62,20.38,2.1095,0.0000,0.00000,0.01950
3.88,20.38,2.1647,0.0000,0.00000,0.01842
4.12,20.38,2.0351,0.0000,0.00000,0.01619
4.38,20.38,2.1799,0.0000,0.00000,0.01569
4.62,20.38,2.2841,0.0000,0.00000,0.01535
4.88,20.38,2.2564,0.0000,0.00000,0.01419
5.12,20.38,2.2094,0.0000,0.00000,0.01315
5.38,20.38,2.3252,0.0000,0.00000,0.01346
5.62,20.38,2.4702,0.0000,0.00000,0.01384
5.88,20.38,2.1294,0.0000,0.00000,0.01162
6.12,20.38,1.4963,0.0001,0.00000,0.00819
2.62,20.62,0.5922,0.0000,0.00000,0.00623
2.88,20.62,1.2998,0.0000,0.00000,0.01387
3.12,20.62,1.8500,0.0000,0.00000,0.02036
3.38,20.62,1.8071,0.0000,0.00000,0.01984
3.62,20.62,1.8850,0.0000,0.00000,0.01832
3.88,20.62,1.9897,0.0000,0.00000,0.01721
4.12,20.62,2.0660,0.0000,0.00000,0.01605
4.38,20.62,2.2904,0.0000,0.00000,0.01565
4.62,20.62,2.2014,0.0000,0.00000,0.01416
4.88,20.62,2.0672,0.0000,0.00000,0.01282
5.12,20.62,2.2497,0.0000,0.00000,0.01326
5.38,20.62,2.3305,0.0000,0.00000,0.01334
5.62,20.62,2.0056,0.0000,0.00000,0.01119
5.88,20.62,1.4068,0.0000,0.00000,0.00759
2.62,20.88,0.4362,0.0000,0.00000,0.00434
2.88,20.88,1.1089,0.0000,0.00000,0.01109
3.12,20.88,1.7402,0.0000,0.00000,0.01816
3.38,20.88,1.7099,0.0000,0.00000,0.01882
3.62,20.88,1.7477,0.0000,0.00000,0.01763
3.88,20.88,1.9925,0.0000,0.00000,0.01729
4.12,20.88,2.0254,0.0000,0.00000,0.01581
4.38,20.88,1.9982,0.0000,0.00000,0.01371
4.62,20.88,1.9707,0.0000,0.00000,0.01239
4.88,20.88,2.1538,0.0000,0.00000,0.01314
5.12,20.88,2.3240,0.0000,0.00000,0.01362
5.38,20.88,1.9202,0.0000,0.00000,0.01094
5.62,20.88,1.2486,0.0000,0.00000,0.00700
2.62,21.12,0.2915,0.0000,0.00000,0.00273
2.88,21.12,0.8142,0.0000,0.00000,0.00781
3.12,21.12,1.4160,0.0000,0.00000,0.01444
3.38,21.12,1.5828,0.0000,0.00000,0.01723
3.62,21.12,1.7536,0.0000,0.00000,0.01753
3.88,21.12,1.9693,0.0000,0.00000,0.01682
4.12,21.12,1.8311,0.0000,0.00000,0.01444
4.38,21.12,1.8355,0.0000,0.00000,0.01278
4.62,21.12,2.0952,0.0000,0.00000,0.01278
4.88,21.12,2.1270,0.0000,0.00000,0.01267
5.12,21.12,1.7819,0.0000,0.00000,0.01058
5.38,21.12,1.1903,0.0000,0.00000,0.00691
2.62,21.38,0.1621,0.0000,0.00000,0.00157
2.88,21.38,0.5159,0.0000,0.00000,0.00513
3.12,21.38,1.0358,0.0000,0.00000,0.01078
3.38,21.38,1.3334,0.0000,0.00000,0.01454
3.62,21.38,1.4888,0.0000,0.00000,0.01561
3.88,21.38,1.6425,0.0000,0.00000,0.01518
4.12,21.38,1.7379,0.0000,0.00000,0.01435
4.38,21.38,1.9900,0.0000,0.00000,0.01410
4.62,21.38,2.1074,0.0000,0.00000,0.01279
4.88,21.38,1.6561,0.0000,0.00000,0.00958
5.12,21.38,1.0237,0.0000,0.00000,0.00609
2.62,21.62,0.0891,0.0000,0.00000,0.00085
2.88,21.62,0.3275,0.0000,0.00000,0.00312
3.12,21.62,0.7340,0.0000,0.00000,0.00715
3.38,21.62,1.0187,0.0000,0.00000,0.01053
3.62,21.62,1.1771,0.0000,0.00000,0.01245
3.88,21.62,1.4559,0.0000,0.00000,0.01367
4.12,21.62,1.7197,0.0000,0.00000,0.01391
4.38,21.62,1.7261,0.0000,0.00000,0.01234
4.62,21.62,1.4449,0.0000,0.00000,0.00905
4.88,21.62,0.9511,0.0000,0.00000,0.00546
2.62,21.88,0.0452,0.0000,0.00000,0.00039
2.88,21.88,0.1784,0.0000,0.00000,0.00155
3.12,21.88,0.4335,0.0000,0.00000,0.00385
3.38,21.88,0.7018,0.0000,0.00000,0.00649
3.62,21.88,0.9905,0.0000,0.00000,0.00908
3.88,21.88,1.3049,0.0000,0.00000,0.01072
4.12,21.88,1.3653,0.0000,0.00000,0.00993
4.38,21.88,1.0656,0.0000,0.00000,0.00726
4.62,21.88,0.6893,0.0000,0.00000,0.00443
2.62,22.12,0.0168,0.0000,0.00000,0.00016
2.88,22.12,0.0718,0.0000,0.00000,0.00068
3.12,22.12,0.2071,0.0000,0.00000,0.00185
3.38,22.12,0.4353,0.0000,0.00000,0.00363
3.62,22.12,0.6902,0.0000,0.00000,0.00543
3.88,22.12,0.8045,0.0000,0.00000,0.00588
4.12,22.12,0.7099,0.0000,0.00000,0.00469
4.38,22.12,0.4826,0.0000,0.00000,0.00300
2.62,22.38,0.0050,0.0000,0.00000,0.00007
2.88,22.38,0.0255,0.0000,0.00000,0.00030
3.12,22.38,0.0924,0.0000,0.00000,0.00088
3.38,22.38,0.2185,0.0000,0.00000,0.00176
3.62,22.38,0.3211,0.0000,0.00000,0.00236
3.88,22.38,0.3095,0.0000,0.00000,0.00215
4.12,22.38,0.2366,0.0000,0.00000,0.00151
2.62,22.62,0.0014,0.0000,0.00000,0.00002
2.88,22.62,0.0085,0.0000,0.00000,0.00010
3.12,22.62,0.0336,0.0000,0.00000,0.00032
3.38,22.62,0.0747,0.0000,0.00000,0.00060
3.62,22.62,0.0968,0.0000,0.00000,0.00071
3.88,22.62,0.0831,0.0000,0.00000,0.00058
2.62,22.88,0.0003,0.0000,0.00000,0.00000
2.88,22.88,0.0018,0.0000,0.00000,0.00002
3.12,22.88,0.0075,0.0000,0.00000,0.00006
3.38,22.88,0.0161,0.0000,0.00000,0.00012
3.62,22.88,0.0202,0.0000,0.00000,0.00014
2.62,23.12,0.0000,0.0000,0.00000,0.00000
2.88,23.12,0.0002,0.0000,0.00000,0.00000
3.12,23.12,0.0009,0.0000,0.00000,0.00001
3.38,23.12,0.0022,0.0000,0.00000,0.00001
2.62,23.38,0.0000,0.0000,0.00000,0.00000
2.88,23.38,0.0000,0.0000,0.00000,0.00000
3.12,23.38,0.0001,0.0000,0.00000,0.00000
2.62,23.62,0.0000,0.0000,0.00000,0.00000
2.88,23.62,0.0000,0.0000,0.00000,0.00000
2.62,23.88,0.0000,0.0000,0.00000,0.00000
