x,y,rho,contact,casualty,pressure
2.62,0.12,0.2955,0.0037,0.00000,0.15771
2.88,0.12,0.5388,0.0062,0.00000,0.27768
3.12,0.12,0.6821,0.0113,0.00000,0.33751
3.38,0.12,0.6765,0.0194,0.00000,0.32739
3.62,0.12,0.7457,0.0215,0.00000,0.34990
3.88,0.12,0.8445,0.0184,0.00000,0.36806
4.12,0.12,0.8600,0.0172,0.00000,0.34271
4.38,0.12,0.9172,0.0155,0.00000,0.32150
4.62,0.12,1.0428,0.0135,0.00000,0.32480
4.88,0.12,1.1112,0.0145,0.00000,0.32687
5.12,0.12,1.1249,0.0143,0.00000,0.31166
5.38,0.12,1.1551,0.0112,0.00000,0.28787
5.62,0.12,1.1875,0.0091,0.00000,0.27502
5.88,0.12,1.1531,0.0074,0.00000,0.26864
6.12,0.12,1.1801,0.0068,0.00000,0.27608
6.38,0.12,1.2389,0.0099,0.00000,0.28096
6.62,0.12,1.1732,0.0767,0.00000,0.25801
6.88,0.12,1.1495,0.8507,0.00000,0.27580
7.12,0.12,0.9912,4.0101,0.00000,0.27534
7.38,0.12,0.6048,8.8946,0.00000,0.18422
2.62,0.38,0.6063,0.0087,0.00000,0.30987
2.88,0.38,1.1450,0.0148,0.00000,0.56828
3.12,0.38,1.4646,0.0259,0.00000,0.70753
3.38,0.38,1.3584,0.0408,0.00000,0.65338
3.62,0.38,1.3845,0.0417,0.00000,0.65003
3.88,0.38,1.5444,0.0345,0.00000,0.67315
4.12,0.38,1.5150,0.0318,0.00000,0.61806
4.38,0.38,1.4987,0.0279,0.00000,0.55894
4.62,0.38,1.6108,0.0241,0.00000,0.54209
4.88,0.38,1.6528,0.0289,0.00000,0.52315
5.12,0.38,1.6203,0.0359,0.00000,0.48161
5.38,0.38,1.6351,0.0360,0.00000,0.43951
5.62,0.38,1.6667,0.0331,0.00000,0.41821
5.88,0.38,1.6172,0.0265,0.00000,0.40771
6.12,0.38,1.6646,0.0216,0.00000,0.41696
6.38,0.38,1.7168,0.0276,0.00000,0.41793
6.62,0.38,1.5717,0.1497,0.00000,0.37324
6.88,0.38,1.6617,1.5304,0.00000,0.41595
7.12,0.38,1.6398,7.1691,0.00000,0.45338
7.38,0.38,1.0887,15.8911,0.00000,0.32033
2.62,0.62,0.8272,0.0121,0.00000,0.37806
2.88,0.62,1.5881,0.0249,0.00000,0.72320
3.12,0.62,2.0276,0.0524,0.00000,0.92384
3.38,0.62,1.7921,0.0796,0.00000,0.82192
3.62,0.62,1.7405,0.0682,0.00000,0.76935
3.88,0.62,1.9411,0.0455,0.00000,0.79052
4.12,0.62,1.8880,0.0372,0.00000,0.72371
4.38,0.62,1.8008,0.0312,0.00000,0.64170
4.62,0.62,1.8627,0.0266,0.00000,0.60824
4.88,0.62,1.8787,0.0345,0.00000,0.57315
5.12,0.62,1.8362,0.0508,0.00000,0.51621
5.38,0.62,1.8417,0.0586,0.00000,0.47108
5.62,0.62,1.8783,0.0566,0.00000,0.45157
5.88,0.62,1.8485,0.0454,0.00000,0.43667
6.12,0.62,1.8991,0.0352,0.00000,0.44094
6.38,0.62,1.9210,0.0403,0.00000,0.44056
6.62,0.62,1.6651,0.1700,0.00000,0.37846
6.88,0.62,1.8280,1.6059,0.00000,0.41637
7.12,0.62,2.0390,7.4722,0.00000,0.48127
7.38,0.62,1.4593,16.5508,0.00000,0.35490
2.62,0.88,0.9022,0.0089,0.00000,0.31241
2.88,0.88,1.6193,0.0264,0.00000,0.59757
3.12,0.88,1.9438,0.0712,0.00000,0.76519
3.38,0.88,1.7281,0.1099,0.00000,0.69037
3.62,0.88,1.7522,0.0851,0.00000,0.65797
3.88,0.88,1.9086,0.0458,0.00000,0.67305
4.12,0.88,1.8580,0.0305,0.00000,0.61502
4.38,0.88,1.8313,0.0245,0.00000,0.55271
4.62,0.88,1.8766,0.0210,0.00000,0.52536
4.88,0.88,1.8770,0.0252,0.00000,0.49387
5.12,0.88,1.8697,0.0375,0.00000,0.44921
5.38,0.88,1.8669,0.0449,0.00000,0.41239
5.62,0.88,1.9146,0.0438,0.00000,0.39604
5.88,0.88,1.9421,0.0378,0.00000,0.38058
6.12,0.88,1.9670,0.0305,0.00000,0.36961
6.38,0.88,2.0047,0.0295,0.00000,0.36560
6.62,0.88,1.7147,0.1045,0.00000,0.30798
6.88,0.88,1.8267,0.9548,0.00000,0.32428
7.12,0.88,2.1692,4.4313,0.00000,0.38537
7.38,0.88,1.6319,9.8116,0.00000,0.29220
2.62,1.12,1.1387,0.0048,0.00000,0.24811
2.88,1.12,1.7982,0.0187,0.00000,0.43876
3.12,1.12,1.8964,0.0522,0.00000,0.53344
3.38,1.12,1.7521,0.0783,0.00000,0.51518
3.62,1.12,1.9519,0.0622,0.00000,0.54206
3.88,1.12,2.0096,0.0361,0.00000,0.54745
4.12,1.12,1.9358,0.0224,0.00000,0.49732
4.38,1.12,2.0040,0.0171,0.00000,0.46447
4.62,1.12,2.0471,0.0150,0.00000,0.44961
4.88,1.12,2.0325,0.0149,0.00000,0.42728
5.12,1.12,2.0588,0.0187,0.00000,0.39981
5.38,1.12,2.0446,0.0212,0.00000,0.36819
5.62,1.12,2.0874,0.0219,0.00000,0.34902
5.88,1.12,2.1525,0.0229,0.00000,0.33568
6.12,1.12,2.0873,0.0217,0.00000,0.30725
6.38,1.12,2.1500,0.0175,0.00000,0.29646
6.62,1.12,1.9619,0.0442,0.00000,0.26172
6.88,1.12,2.0359,0.3936,0.00000,0.27603
7.12,1.12,2.3924,1.8281,0.00000,0.32699
7.38,1.12,1.8230,4.0476,0.00000,0.24898
2.62,1.38,1.4709,0.0038,0.00000,0.21581
2.88,1.38,2.1308,0.0120,0.00000,0.34453
3.12,1.38,2.0042,0.0261,0.00000,0.38043
3.38,1.38,1.8655,0.0341,0.00000,0.38426
3.62,1.38,2.1908,0.0312,0.00000,0.43787
3.88,1.38,2.1790,0.0259,0.00000,0.43814
4.12,1.38,2.0942,0.0180,0.00000,0.40409
4.38,1.38,2.1669,0.0131,0.00000,0.38686
4.62,1.38,2.1795,0.0105,0.00000,0.37323
4.88,1.38,2.1749,0.0084,0.00000,0.35901
5.12,1.38,2.2235,0.0085,0.00000,0.34541
5.38,1.38,2.2157,0.0101,0.00000,0.32008
5.62,1.38,2.2391,0.0130,0.00000,0.29779
5.88,1.38,2.3311,0.0144,0.00000,0.28770
6.12,1.38,2.1609,0.0135,0.00000,0.25332
6.38,1.38,2.1904,0.0113,0.00000,0.23821
6.62,1.38,2.1683,0.0389,0.00000,0.22544
6.88,1.38,2.2492,0.3984,0.00000,0.24117
7.12,1.38,2.5569,1.8705,0.00000,0.28013
7.38,1.38,1.9416,4.1451,0.00000,0.21267
2.62,1.62,1.6742,0.0031,0.00000,0.19539
2.88,1.62,2.2887,0.0069,0.00000,0.28408
3.12,1.62,1.9751,0.0111,0.00000,0.27759
3.38,1.62,1.8665,0.0128,0.00000,0.28092
3.62,1.62,2.2844,0.0147,0.00000,0.33539
3.88,1.62,2.2567,0.0163,0.00000,0.33347
4.12,1.62,2.2132,0.0146,0.00000,0.31972
4.38,1.62,2.2293,0.0135,0.00000,0.31190
4.62,1.62,2.2226,0.0111,0.00000,0.29990
4.88,1.62,2.2659,0.0072,0.00000,0.29535
5.12,1.62,2.3157,0.0049,0.00000,0.29081
5.38,1.62,2.3352,0.0048,0.00000,0.27278
5.62,1.62,2.3164,0.0063,0.00000,0.24644
5.88,1.62,2.4144,0.0065,0.00000,0.23734
6.12,1.62,2.2085,0.0065,0.00000,0.20910
6.38,1.62,2.2262,0.0083,0.00000,0.19549
6.62,1.62,2.3748,0.0568,0.00000,0.19657
6.88,1.62,2.4382,0.6413,0.00000,0.20831
7.12,1.62,2.6444,3.0256,0.00000,0.23391
7.38,1.62,1.9886,6.7079,0.00000,0.17691
2.62,1.88,1.8763,0.0018,0.00000,0.18043
2.88,1.88,2.4713,0.0031,0.00000,0.24662
3.12,1.88,2.0214,0.0045,0.00000,0.21772
3.38,1.88,1.9378,0.0057,0.00000,0.21450
3.62,1.88,2.3934,0.0063,0.00000,0.25902
3.88,1.88,2.3697,0.0071,0.00000,0.25541
4.12,1.88,2.3829,0.0092,0.00000,0.25240
4.38,1.88,2.3064,0.0129,0.00000,0.24701
4.62,1.88,2.2956,0.0132,0.00000,0.24270
4.88,1.88,2.3926,0.0095,0.00000,0.24541
5.12,1.88,2.4287,0.0046,0.00000,0.24205
5.38,1.88,2.4957,0.0019,0.00000,0.23341
5.62,1.88,2.4064,0.0015,0.00000,0.20672
5.88,1.88,2.4503,0.0018,0.00000,0.19565
6.12,1.88,2.2510,0.0033,0.00000,0.17553
6.38,1.88,2.2893,0.0069,0.00000,0.16551
6.62,1.88,2.5880,0.0677,0.00000,0.17452
6.88,1.88,2.6493,0.7843,0.00000,0.18283
7.12,1.88,2.7764,3.7046,0.00000,0.19888
7.38,1.88,2.0703,8.2150,0.00000,0.15010
2.62,2.12,2.0125,0.0022,0.00000,0.15608
2.88,2.12,2.6186,0.0033,0.00000,0.20860
3.12,2.12,2.1323,0.0042,0.00000,0.17732
3.38,2.12,2.0539,0.0049,0.00000,0.17012
3.62,2.12,2.4457,0.0034,0.00000,0.20069
3.88,2.12,2.4502,0.0022,0.00000,0.19937
4.12,2.12,2.5445,0.0037,0.00000,0.20214
4.38,2.12,2.3788,0.0070,0.00000,0.19291
4.62,2.12,2.3608,0.0096,0.00000,0.19314
4.88,2.12,2.4698,0.0091,0.00000,0.19886
5.12,2.12,2.4878,0.0046,0.00000,0.19345
5.38,2.12,2.6182,0.0011,0.00000,0.19170
5.62,2.12,2.4813,0.0003,0.00000,0.16952
5.88,2.12,2.4777,0.0007,0.00000,0.15917
6.12,2.12,2.3212,0.0019,0.00000,0.14663
6.38,2.12,2.3556,0.0059,0.00000,0.13876
6.62,2.12,2.7227,0.1065,0.00000,0.14996
6.88,2.12,2.7804,1.2706,0.00000,0.15573
7.12,2.12,2.8538,6.0077,0.00000,0.16557
7.38,2.12,2.1166,13.3255,0.00000,0.12505
2.62,2.38,2.0475,0.0043,0.00000,0.13039
2.88,2.38,2.6685,0.0056,0.00000,0.17282
3.12,2.38,2.2406,0.0046,0.00000,0.14610
3.38,2.38,2.1853,0.0032,0.00000,0.13783
3.62,2.38,2.4464,0.0017,0.00000,0.15540
3.88,2.38,2.4707,0.0009,0.00000,0.15537
4.12,2.38,2.6477,0.0012,0.00000,0.16183
4.38,2.38,2.4501,0.0022,0.00000,0.15192
4.62,2.38,2.4296,0.0038,0.00000,0.15314
4.88,2.38,2.5013,0.0045,0.00000,0.15837
5.12,2.38,2.5042,0.0025,0.00000,0.15208
5.38,2.38,2.6826,0.0006,0.00000,0.15300
5.62,2.38,2.5284,0.0003,0.00000,0.13695
5.88,2.38,2.5132,0.0011,0.00000,0.12975
6.12,2.38,2.4380,0.0021,0.00000,0.12385
6.38,2.38,2.4740,0.0082,0.00000,0.11821
6.62,2.38,2.8508,0.1572,0.00000,0.12830
6.88,2.38,2.8778,1.8115,0.00000,0.13235
7.12,2.38,2.8999,8.5155,0.00000,0.13881
7.38,2.38,2.1397,18.8745,0.00000,0.10445
2.62,2.62,2.1234,0.0056,0.00000,0.10909
2.88,2.62,2.7844,0.0069,0.00000,0.14408
3.12,2.62,2.4219,0.0042,0.00000,0.12322
3.38,2.62,2.3619,0.0014,0.00000,0.11550
3.62,2.62,2.4605,0.0005,0.00000,0.12244
3.88,2.62,2.4778,0.0007,0.00000,0.12131
4.12,2.62,2.7093,0.0011,0.00000,0.12884
4.38,2.62,2.5458,0.0010,0.00000,0.12202
4.62,2.62,2.5280,0.0012,0.00000,0.12287
4.88,2.62,2.5374,0.0012,0.00000,0.12578
5.12,2.62,2.5327,0.0006,0.00000,0.12156
5.38,2.62,2.7183,0.0002,0.00000,0.12381
5.62,2.62,2.5804,0.0006,0.00000,0.11355
5.88,2.62,2.5714,0.0027,0.00000,0.10917
6.12,2.62,2.5615,0.0053,0.00000,0.10685
6.38,2.62,2.5965,0.0166,0.00000,0.10281
6.62,2.62,2.9527,0.1721,0.00000,0.11054
6.88,2.62,2.9661,1.6368,0.00000,0.11328
7.12,2.62,2.9749,7.4638,0.00000,0.11793
7.38,2.62,2.1909,16.4747,0.00000,0.08802
2.62,2.88,2.1627,0.0058,0.00000,0.09424
2.88,2.88,2.8612,0.0071,0.00000,0.12429
3.12,2.88,2.5848,0.0041,0.00000,0.10807
3.38,2.88,2.5191,0.0010,0.00000,0.10012
3.62,2.88,2.4569,0.0002,0.00000,0.09836
3.88,2.88,2.4691,0.0006,0.00000,0.09583
4.12,2.88,2.7290,0.0011,0.00000,0.10256
4.38,2.88,2.6397,0.0013,0.00000,0.09915
4.62,2.88,2.6293,0.0014,0.00000,0.09999
4.88,2.88,2.5822,0.0008,0.00000,0.10094
5.12,2.88,2.5823,0.0003,0.00000,0.09962
5.38,2.88,2.7323,0.0003,0.00000,0.10240
5.62,2.88,2.6469,0.0010,0.00000,0.09718
5.88,2.88,2.6547,0.0042,0.00000,0.09440
6.12,2.88,2.6820,0.0086,0.00000,0.09283
6.38,2.88,2.7018,0.0239,0.00000,0.09018
6.62,2.88,3.0095,0.1417,0.00000,0.09671
6.88,2.88,3.0164,0.9451,0.00000,0.09872
7.12,2.88,3.0331,3.9931,0.00000,0.10218
7.38,2.88,2.2347,8.7163,0.00000,0.07579
2.62,3.12,2.1803,0.0056,0.00000,0.08562
2.88,3.12,2.9132,0.0069,0.00000,0.11302
3.12,3.12,2.7325,0.0041,0.00000,0.09964
3.38,3.12,2.6748,0.0012,0.00000,0.09062
3.62,3.12,2.4882,0.0003,0.00000,0.08282
3.88,3.12,2.5014,0.0004,0.00000,0.07921
4.12,3.12,2.7392,0.0010,0.00000,0.08431
4.38,3.12,2.7098,0.0025,0.00000,0.08287
4.62,3.12,2.7003,0.0038,0.00000,0.08315
4.88,3.12,2.6276,0.0026,0.00000,0.08185
5.12,3.12,2.6691,0.0019,0.00000,0.08203
5.38,3.12,2.7705,0.0023,0.00000,0.08532
5.62,3.12,2.7424,0.0020,0.00000,0.08433
5.88,3.12,2.7530,0.0038,0.00000,0.08182
6.12,3.12,2.8040,0.0092,0.00000,0.08016
6.38,3.12,2.8113,0.0223,0.00000,0.07995
6.62,3.12,3.0624,0.1110,0.00000,0.08690
6.88,3.12,3.0499,0.8047,0.00000,0.08788
7.12,3.12,3.0667,3.5054,0.00000,0.08984
7.38,3.12,2.2594,7.6883,0.00000,0.06634
2.62,3.38,2.2183,0.0043,0.00000,0.07522
2.88,3.38,2.9882,0.0055,0.00000,0.09966
3.12,3.38,2.8843,0.0038,0.00000,0.08907
3.38,3.38,2.8383,0.0020,0.00000,0.08012
3.62,3.38,2.5743,0.0009,0.00000,0.06996
3.88,3.38,2.5839,0.0003,0.00000,0.06613
4.12,3.38,2.7440,0.0008,0.00000,0.06902
4.38,3.38,2.7378,0.0034,0.00000,0.06813
4.62,3.38,2.7255,0.0056,0.00000,0.06814
4.88,3.38,2.6603,0.0049,0.00000,0.06622
5.12,3.38,2.7621,0.0072,0.00000,0.06744
5.38,3.38,2.8220,0.0102,0.00000,0.07125
5.62,3.38,2.8542,0.0066,0.00000,0.07378
5.88,3.38,2.8669,0.0059,0.00000,0.07183
6.12,3.38,2.9411,0.0176,0.00000,0.07065
6.38,3.38,2.9269,0.0326,0.00000,0.07179
6.62,3.38,3.1197,0.1096,0.00000,0.07839
6.88,3.38,3.0853,1.0115,0.00000,0.07820
7.12,3.38,3.0955,4.6988,0.00000,0.07876
7.38,3.38,2.2791,10.4030,0.00000,0.05792
2.62,3.62,2.2417,0.0028,0.00000,0.06661
2.88,3.62,3.0399,0.0037,0.00000,0.08829
3.12,3.62,3.0030,0.0034,0.00000,0.07881
3.38,3.62,2.9852,0.0028,0.00000,0.06963
3.62,3.62,2.6883,0.0015,0.00000,0.05974
3.88,3.62,2.6840,0.0004,0.00000,0.05629
4.12,3.62,2.7394,0.0005,0.00000,0.05621
4.38,3.62,2.7400,0.0020,0.00000,0.05464
4.62,3.62,2.7208,0.0037,0.00000,0.05439
4.88,3.62,2.6792,0.0056,0.00000,0.05379
5.12,3.62,2.8426,0.0128,0.00000,0.05690
5.38,3.62,2.8699,0.0181,0.00000,0.06048
5.62,3.62,2.9594,0.0115,0.00000,0.06453
5.88,3.62,2.9744,0.0097,0.00000,0.06314
6.12,3.62,3.0724,0.0279,0.00000,0.06302
6.38,3.62,3.0376,0.0455,0.00000,0.06483
6.62,3.62,3.1900,0.0775,0.00000,0.07087
6.88,3.62,3.1370,0.6034,0.00000,0.07005
7.12,3.62,3.1334,2.8165,0.00000,0.06945
7.38,3.62,2.3032,6.2439,0.00000,0.05076
2.62,3.88,2.2764,0.0021,0.00000,0.06057
2.88,3.88,3.0962,0.0029,0.00000,0.08011
3.12,3.88,3.0919,0.0032,0.00000,0.07094
3.38,3.88,3.0931,0.0039,0.00000,0.06173
3.62,3.88,2.8027,0.0034,0.00000,0.05313
3.88,3.88,2.7917,0.0015,0.00000,0.05014
4.12,3.88,2.7453,0.0004,0.00000,0.04748
4.38,3.88,2.7414,0.0005,0.00000,0.04525
4.62,3.88,2.7041,0.0016,0.00000,0.04460
4.88,3.88,2.6900,0.0053,0.00000,0.04494
5.12,3.88,2.9162,0.0122,0.00000,0.04912
5.38,3.88,2.9289,0.0149,0.00000,0.05111
5.62,3.88,3.0614,0.0100,0.00000,0.05433
5.88,3.88,3.0596,0.0086,0.00000,0.05320
6.12,3.88,3.1713,0.0199,0.00000,0.05431
6.38,3.88,3.1254,0.0300,0.00000,0.05732
6.62,3.88,3.2605,0.0311,0.00000,0.06372
6.88,3.88,3.2020,0.1395,0.00000,0.06224
7.12,3.88,3.1906,0.6297,0.00000,0.06022
7.38,3.88,2.3429,1.3933,0.00000,0.04362
2.62,4.12,2.2988,0.0016,0.00000,0.05314
2.88,4.12,3.1310,0.0025,0.00000,0.07047
3.12,4.12,3.1467,0.0060,0.00000,0.06325
3.38,4.12,3.1696,0.0169,0.00000,0.05576
3.62,4.12,2.9055,0.0243,0.00000,0.04788
3.88,4.12,2.8940,0.0142,0.00000,0.04473
4.12,4.12,2.7606,0.0033,0.00000,0.04089
4.38,4.12,2.7430,0.0004,0.00000,0.03875
4.62,4.12,2.6795,0.0010,0.00000,0.03803
4.88,4.12,2.6846,0.0043,0.00000,0.03810
5.12,4.12,2.9663,0.0085,0.00000,0.04181
5.38,4.12,2.9912,0.0094,0.00000,0.04338
5.62,4.12,3.1610,0.0081,0.00000,0.04661
5.88,4.12,3.1361,0.0060,0.00000,0.04564
6.12,4.12,3.2530,0.0073,0.00000,0.04704
6.38,4.12,3.2017,0.0101,0.00000,0.04936
6.62,4.12,3.3315,0.0098,0.00000,0.05459
6.88,4.12,3.2657,0.0160,0.00000,0.05378
7.12,4.12,3.2455,0.0546,0.00000,0.05262
7.38,4.12,2.3821,0.1162,0.00000,0.03830
2.62,4.38,2.3156,0.0075,0.00000,0.04692
2.88,4.38,3.1572,0.0061,0.00000,0.06235
3.12,4.38,3.1891,0.0171,0.00000,0.05668
3.38,4.38,3.2365,0.0638,0.00000,0.05096
3.62,4.38,3.0063,0.1020,0.00000,0.04389
3.88,4.38,2.9944,0.0624,0.00000,0.04015
4.12,4.38,2.7867,0.0147,0.00000,0.03557
4.38,4.38,2.7526,0.0014,0.00000,0.03343
4.62,4.38,2.6617,0.0005,0.00000,0.03263
4.88,4.38,2.6813,0.0020,0.00000,0.03266
5.12,4.38,3.0080,0.0041,0.00000,0.03611
5.38,4.38,3.0490,0.0059,0.00000,0.03813
5.62,4.38,3.2411,0.0069,0.00000,0.04185
5.88,4.38,3.2015,0.0048,0.00000,0.04085
6.12,4.38,3.3210,0.0029,0.00000,0.04178
6.38,4.38,3.2645,0.0031,0.00000,0.04223
6.62,4.38,3.3929,0.0039,0.00000,0.04553
6.88,4.38,3.3119,0.0049,0.00000,0.04621
7.12,4.38,3.2747,0.0068,0.00000,0.04704
7.38,4.38,2.4009,0.0074,0.00000,0.03469
2.62,4.62,2.3424,0.0827,0.00000,0.04206
2.88,4.62,3.1952,0.0417,0.00000,0.05586
3.12,4.62,3.2327,0.0329,0.00000,0.05073
3.38,4.62,3.2942,0.1021,0.00000,0.04601
3.62,4.62,3.0974,0.1665,0.00000,0.04058
3.88,4.62,3.0922,0.1036,0.00000,0.03710
4.12,4.62,2.8333,0.0249,0.00000,0.03190
4.38,4.62,2.7859,0.0025,0.00000,0.02974
4.62,4.62,2.6715,0.0002,0.00000,0.02904
4.88,4.62,2.6998,0.0005,0.00000,0.02930
5.12,4.62,3.0420,0.0014,0.00000,0.03265
5.38,4.62,3.0886,0.0036,0.00000,0.03449
5.62,4.62,3.2910,0.0056,0.00000,0.03795
5.88,4.62,3.2479,0.0044,0.00000,0.03716
6.12,4.62,3.3706,0.0028,0.00000,0.03795
6.38,4.62,3.3038,0.0025,0.00000,0.03719
6.62,4.62,3.4291,0.0033,0.00000,0.03928
6.88,4.62,3.3485,0.0063,0.00000,0.04097
7.12,4.62,3.3091,0.0096,0.00000,0.04301
7.38,4.62,2.4255,0.0087,0.00000,0.03200
2.62,4.88,2.3683,0.4435,0.00000,0.03882
2.88,4.88,3.2326,0.2052,0.00000,0.05150
3.12,4.88,3.2767,0.0592,0.00000,0.04633
3.38,4.88,3.3488,0.0652,0.00000,0.04131
3.62,4.88,3.1723,0.1022,0.00000,0.03664
3.88,4.88,3.1730,0.0652,0.00000,0.03423
4.12,4.88,2.8920,0.0166,0.00000,0.02950
4.38,4.88,2.8441,0.0019,0.00000,0.02780
4.62,4.88,2.7156,0.0003,0.00000,0.02738
4.88,4.88,2.7422,0.0002,0.00000,0.02760
5.12,4.88,3.0653,0.0011,0.00000,0.03040
5.38,4.88,3.1149,0.0046,0.00000,0.03197
5.62,4.88,3.3209,0.0079,0.00000,0.03531
5.88,4.88,3.2769,0.0063,0.00000,0.03521
6.12,4.88,3.4034,0.0042,0.00000,0.03642
6.38,4.88,3.3312,0.0036,0.00000,0.03478
6.62,4.88,3.4562,0.0052,0.00000,0.03579
6.88,4.88,3.3847,0.0127,0.00000,0.03745
7.12,4.88,3.3504,0.0258,0.00000,0.03962
7.38,4.88,2.4554,0.0347,0.00000,0.02954
2.62,5.12,2.3930,1.1048,0.00000,0.03712
2.88,5.12,3.2663,0.5054,0.00000,0.04922
3.12,5.12,3.3105,0.1141,0.00000,0.04393
3.38,5.12,3.3865,0.0243,0.00000,0.03834
3.62,5.12,3.2243,0.0248,0.00000,0.03349
3.88,5.12,3.2338,0.0171,0.00000,0.03147
4.12,5.12,2.9557,0.0058,0.00000,0.02752
4.38,5.12,2.9141,0.0021,0.00000,0.02638
4.62,5.12,2.7789,0.0019,0.00000,0.02613
4.88,5.12,2.8091,0.0013,0.00000,0.02635
5.12,5.12,3.0970,0.0020,0.00000,0.02837
5.38,5.12,3.1419,0.0077,0.00000,0.02953
5.62,5.12,3.3351,0.0132,0.00000,0.03287
5.88,5.12,3.2982,0.0103,0.00000,0.03436
6.12,5.12,3.4347,0.0068,0.00000,0.03681
6.38,5.12,3.3653,0.0065,0.00000,0.03422
6.62,5.12,3.4917,0.0105,0.00000,0.03370
6.88,5.12,3.4238,0.0319,0.00000,0.03420
7.12,5.12,3.3892,0.0836,0.00000,0.03547
7.38,5.12,2.4817,0.1410,0.00000,0.02630
2.62,5.38,2.4067,1.4261,0.00000,0.03509
2.88,5.38,3.2860,0.6555,0.00000,0.04676
3.12,5.38,3.3292,0.1480,0.00000,0.04236
3.38,5.38,3.4069,0.0181,0.00000,0.03743
3.62,5.38,3.2550,0.0060,0.00000,0.03225
3.88,5.38,3.2745,0.0054,0.00000,0.02969
4.12,5.38,3.0192,0.0052,0.00000,0.02623
4.38,5.38,2.9912,0.0069,0.00000,0.02570
4.62,5.38,2.8590,0.0091,0.00000,0.02561
4.88,5.38,2.8951,0.0067,0.00000,0.02569
5.12,5.38,3.1326,0.0046,0.00000,0.02678
5.38,5.38,3.1710,0.0102,0.00000,0.02750
5.62,5.38,3.3473,0.0170,0.00000,0.03059
5.88,5.38,3.3214,0.0147,0.00000,0.03270
6.12,5.38,3.4581,0.0124,0.00000,0.03554
6.38,5.38,3.4003,0.0153,0.00000,0.03299
6.62,5.38,3.5332,0.0253,0.00000,0.03212
6.88,5.38,3.4672,0.0751,0.00000,0.03196
7.12,5.38,3.4275,0.2066,0.00000,0.03250
7.38,5.38,2.5050,0.3656,0.00000,0.02391
2.62,5.62,2.4194,1.3770,0.00000,0.03154
2.88,5.62,3.3032,0.6427,0.00000,0.04244
3.12,5.62,3.3418,0.1558,0.00000,0.03976
3.38,5.62,3.4175,0.0261,0.00000,0.03647
3.62,5.62,3.2757,0.0102,0.00000,0.03158
3.88,5.62,3.3132,0.0087,0.00000,0.02887
4.12,5.62,3.0960,0.0099,0.00000,0.02579
4.38,5.62,3.0867,0.0135,0.00000,0.02525
4.62,5.62,2.9599,0.0189,0.00000,0.02487
4.88,5.62,2.9961,0.0167,0.00000,0.02480
5.12,5.62,3.1734,0.0111,0.00000,0.02535
5.38,5.62,3.2132,0.0135,0.00000,0.02579
5.62,5.62,3.3713,0.0201,0.00000,0.02818
5.88,5.62,3.3508,0.0224,0.00000,0.02924
6.12,5.62,3.4744,0.0264,0.00000,0.03112
6.38,5.62,3.4371,0.0361,0.00000,0.03018
6.62,5.62,3.5769,0.0586,0.00000,0.03092
6.88,5.62,3.5239,0.1637,0.00000,0.03137
7.12,5.62,3.4834,0.4390,0.00000,0.03195
7.38,5.62,2.5379,0.7759,0.00000,0.02342
2.62,5.88,2.4283,1.3477,0.00000,0.02866
2.88,5.88,3.3157,0.6469,0.00000,0.03862
3.12,5.88,3.3535,0.1758,0.00000,0.03627
3.38,5.88,3.4317,0.0406,0.00000,0.03354
3.62,5.88,3.3017,0.0179,0.00000,0.02974
3.88,5.88,3.3583,0.0128,0.00000,0.02801
4.12,5.88,3.1763,0.0124,0.00000,0.02559
4.38,5.88,3.1810,0.0147,0.00000,0.02469
4.62,5.88,3.0619,0.0217,0.00000,0.02395
4.88,5.88,3.1080,0.0247,0.00000,0.02417
5.12,5.88,3.2360,0.0213,0.00000,0.02450
5.38,5.88,3.2786,0.0232,0.00000,0.02459
5.62,5.88,3.4019,0.0310,0.00000,0.02607
5.88,5.88,3.3833,0.0409,0.00000,0.02655
6.12,5.88,3.4948,0.0527,0.00000,0.02805
6.38,5.88,3.4814,0.0720,0.00000,0.02818
6.62,5.88,3.6233,0.1234,0.00000,0.02985
6.88,5.88,3.5954,0.3321,0.00000,0.03131
7.12,5.88,3.5524,0.8721,0.00000,0.03254
7.38,5.88,2.5743,1.5512,0.00000,0.02391
2.62,6.12,2.4368,0.7977,0.00000,0.02810
2.88,6.12,3.3313,0.4277,0.00000,0.03768
3.12,6.12,3.3743,0.1596,0.00000,0.03463
3.38,6.12,3.4580,0.0576,0.00000,0.03131
3.62,6.12,3.3327,0.0262,0.00000,0.02806
3.88,6.12,3.3929,0.0162,0.00000,0.02692
4.12,6.12,3.2380,0.0143,0.00000,0.02502
4.38,6.12,3.2667,0.0158,0.00000,0.02408
4.62,6.12,3.1585,0.0234,0.00000,0.02335
4.88,6.12,3.2160,0.0316,0.00000,0.02392
5.12,6.12,3.3088,0.0353,0.00000,0.02412
5.38,6.12,3.3598,0.0403,0.00000,0.02412
5.62,6.12,3.4400,0.0506,0.00000,0.02516
5.88,6.12,3.4175,0.0704,0.00000,0.02594
6.12,6.12,3.5129,0.0936,0.00000,0.02765
6.38,6.12,3.5231,0.1296,0.00000,0.02803
6.62,6.12,3.6691,0.2235,0.00000,0.02965
6.88,6.12,3.6785,0.5642,0.00000,0.03151
7.12,6.12,3.6269,1.4469,0.00000,0.03302
7.38,6.12,2.6095,2.5760,0.00000,0.02427
2.62,6.38,2.4534,0.3943,0.00000,0.02882
2.88,6.38,3.3567,0.2819,0.00000,0.03843
3.12,6.38,3.3997,0.1633,0.00000,0.03437
3.38,6.38,3.4824,0.0818,0.00000,0.02998
3.62,6.38,3.3624,0.0443,0.00000,0.02669
3.88,6.38,3.4274,0.0283,0.00000,0.02549
4.12,6.38,3.2946,0.0225,0.00000,0.02362
4.38,6.38,3.3483,0.0239,0.00000,0.02297
4.62,6.38,3.2495,0.0340,0.00000,0.02266
4.88,6.38,3.3137,0.0482,0.00000,0.02353
5.12,6.38,3.3751,0.0597,0.00000,0.02385
5.38,6.38,3.4336,0.0677,0.00000,0.02419
5.62,6.38,3.4805,0.0808,0.00000,0.02521
5.88,6.38,3.4635,0.1116,0.00000,0.02637
6.12,6.38,3.5411,0.1527,0.00000,0.02817
6.38,6.38,3.5682,0.2138,0.00000,0.02862
6.62,6.38,3.7156,0.3496,0.00000,0.03007
6.88,6.38,3.7704,0.8046,0.00000,0.03235
7.12,6.38,3.7140,1.9748,0.00000,0.03416
7.38,6.38,2.6546,3.4532,0.00000,0.02507
2.62,6.62,2.4698,0.9420,0.00000,0.02933
2.88,6.62,3.3816,0.5714,0.00000,0.03894
3.12,6.62,3.4274,0.2657,0.00000,0.03408
3.38,6.62,3.5093,0.1257,0.00000,0.02876
3.62,6.62,3.3933,0.0810,0.00000,0.02528
3.88,6.62,3.4690,0.0552,0.00000,0.02400
4.12,6.62,3.3535,0.0413,0.00000,0.02228
4.38,6.62,3.4178,0.0426,0.00000,0.02207
4.62,6.62,3.3286,0.0568,0.00000,0.02203
4.88,6.62,3.4027,0.0779,0.00000,0.02307
5.12,6.62,3.4330,0.0946,0.00000,0.02380
5.38,6.62,3.4943,0.1057,0.00000,0.02454
5.62,6.62,3.5217,0.1275,0.00000,0.02528
5.88,6.62,3.5293,0.1722,0.00000,0.02668
6.12,6.62,3.5886,0.2276,0.00000,0.02889
6.38,6.62,3.6188,0.3057,0.00000,0.02941
6.62,6.62,3.7628,0.4846,0.00000,0.03072
6.88,6.62,3.8575,1.0432,0.00000,0.03360
7.12,6.62,3.7936,2.4035,0.00000,0.03560
7.38,6.62,2.6958,4.0656,0.00000,0.02597
2.62,6.88,2.4887,2.4703,0.00000,0.02964
2.88,6.88,3.4066,1.3410,0.00000,0.03928
3.12,6.88,3.4534,0.5290,0.00000,0.03430
3.38,6.88,3.5355,0.2297,0.00000,0.02874
3.62,6.88,3.4265,0.1459,0.00000,0.02489
3.88,6.88,3.5160,0.0973,0.00000,0.02337
4.12,6.88,3.4067,0.0711,0.00000,0.02192
4.38,6.88,3.4680,0.0727,0.00000,0.02211
4.62,6.88,3.3912,0.0921,0.00000,0.02222
4.88,6.88,3.4766,0.1238,0.00000,0.02328
5.12,6.88,3.4848,0.1486,0.00000,0.02399
5.38,6.88,3.5529,0.1588,0.00000,0.02473
5.62,6.88,3.5616,0.1876,0.00000,0.02520
5.88,6.88,3.5980,0.2481,0.00000,0.02718
6.12,6.88,3.6469,0.3149,0.00000,0.03011
6.38,6.88,3.6761,0.3935,0.00000,0.03069
6.62,6.88,3.8091,0.6072,0.00000,0.03189
6.88,6.88,3.9358,1.2842,0.00000,0.03522
7.12,6.88,3.8692,2.8564,0.00000,0.03716
7.38,6.88,2.7414,4.7294,0.00000,0.02702
2.62,7.12,2.5043,4.1958,0.00000,0.03079
2.88,7.12,3.4226,2.2633,0.00000,0.04061
3.12,7.12,3.4687,0.9192,0.00000,0.03555
3.38,7.12,3.5515,0.4066,0.00000,0.02979
3.62,7.12,3.4531,0.2351,0.00000,0.02541
3.88,7.12,3.5587,0.1495,0.00000,0.02350
4.12,7.12,3.4528,0.1070,0.00000,0.02191
4.38,7.12,3.5106,0.1050,0.00000,0.02209
4.62,7.12,3.4400,0.1290,0.00000,0.02253
4.88,7.12,3.5278,0.1806,0.00000,0.02394
5.12,7.12,3.5207,0.2271,0.00000,0.02455
5.38,7.12,3.6038,0.2330,0.00000,0.02514
5.62,7.12,3.6051,0.2551,0.00000,0.02562
5.88,7.12,3.6645,0.3296,0.00000,0.02863
6.12,7.12,3.7042,0.4185,0.00000,0.03229
6.38,7.12,3.7443,0.4991,0.00000,0.03255
6.62,7.12,3.8680,0.7356,0.00000,0.03328
6.88,7.12,4.0018,1.5296,0.00000,0.03616
7.12,7.12,3.9244,3.3751,0.00000,0.03743
7.38,7.12,2.7802,5.5558,0.00000,0.02723
2.62,7.38,2.5181,5.2325,0.00000,0.03270
2.88,7.38,3.4329,2.9735,0.00000,0.04274
3.12,7.38,3.4811,1.3999,0.00000,0.03753
3.38,7.38,3.5661,0.6656,0.00000,0.03154
3.62,7.38,3.4679,0.3369,0.00000,0.02636
3.88,7.38,3.5796,0.2046,0.00000,0.02383
4.12,7.38,3.4865,0.1477,0.00000,0.02172
4.38,7.38,3.5582,0.1324,0.00000,0.02136
4.62,7.38,3.4891,0.1546,0.00000,0.02181
4.88,7.38,3.5700,0.2262,0.00000,0.02369
5.12,7.38,3.5512,0.3024,0.00000,0.02512
5.38,7.38,3.6565,0.3147,0.00000,0.02659
5.62,7.38,3.6560,0.3327,0.00000,0.02724
5.88,7.38,3.7249,0.4235,0.00000,0.03069
6.12,7.38,3.7558,0.5425,0.00000,0.03468
6.38,7.38,3.8126,0.6361,0.00000,0.03474
6.62,7.38,3.9304,0.8969,0.00000,0.03542
6.88,7.38,4.0644,1.7617,0.00000,0.03764
7.12,7.38,3.9786,3.7503,0.00000,0.03798
7.38,7.38,2.8212,6.0410,0.00000,0.02752
2.62,7.62,2.5406,5.5826,0.00000,0.03445
2.88,7.62,3.4567,3.4471,0.00000,0.04493
3.12,7.62,3.5055,1.9230,0.00000,0.04030
3.38,7.62,3.5883,1.0049,0.00000,0.03457
3.62,7.62,3.4825,0.4985,0.00000,0.02790
3.88,7.62,3.5948,0.2897,0.00000,0.02396
4.12,7.62,3.5142,0.1947,0.00000,0.02141
4.38,7.62,3.6027,0.1617,0.00000,0.02071
4.62,7.62,3.5361,0.1829,0.00000,0.02071
4.88,7.62,3.6148,0.2668,0.00000,0.02256
5.12,7.62,3.5872,0.3673,0.00000,0.02526
5.38,7.62,3.7116,0.3961,0.00000,0.02877
5.62,7.62,3.7061,0.4294,0.00000,0.03024
5.88,7.62,3.7720,0.5594,0.00000,0.03425
6.12,7.62,3.7949,0.7171,0.00000,0.03860
6.38,7.62,3.8644,0.8224,0.00000,0.03867
6.62,7.62,3.9788,1.1231,0.00000,0.03976
6.88,7.62,4.1139,2.0394,0.00000,0.04129
7.12,7.62,4.0215,4.0019,0.00000,0.04028
7.38,7.62,2.8548,6.1300,0.00000,0.02891
2.62,7.88,2.5558,5.7336,0.00000,0.03633
2.88,7.88,3.4791,3.8689,0.00000,0.04779
3.12,7.88,3.5282,2.4831,0.00000,0.04391
3.38,7.88,3.6065,1.4561,0.00000,0.03846
3.62,7.88,3.4985,0.8221,0.00000,0.03035
3.88,7.88,3.6134,0.4700,0.00000,0.02500
4.12,7.88,3.5388,0.2657,0.00000,0.02196
4.38,7.88,3.6404,0.2070,0.00000,0.02123
4.62,7.88,3.5744,0.2418,0.00000,0.02091
4.88,7.88,3.6536,0.3534,0.00000,0.02265
5.12,7.88,3.6221,0.4829,0.00000,0.02618
5.38,7.88,3.7619,0.5118,0.00000,0.03139
5.62,7.88,3.7540,0.5631,0.00000,0.03404
5.88,7.88,3.8168,0.7638,0.00000,0.03989
6.12,7.88,3.8314,0.9841,0.00000,0.04569
6.38,7.88,3.8998,1.1038,0.00000,0.04561
6.62,7.88,4.0068,1.4592,0.00000,0.04641
6.88,7.88,4.1413,2.4561,0.00000,0.04641
7.12,7.88,4.0440,4.4128,0.00000,0.04312
7.38,7.88,2.8816,6.3990,0.00000,0.03039
2.62,8.12,2.5743,6.1545,0.00000,0.03983
2.88,8.12,3.5060,4.4710,0.00000,0.05277
3.12,8.12,3.5500,3.1814,0.00000,0.04906
3.38,8.12,3.6177,2.1131,0.00000,0.04347
3.62,8.12,3.5118,1.4135,0.00000,0.03440
3.88,8.12,3.6318,0.8159,0.00000,0.02814
4.12,8.12,3.5561,0.3921,0.00000,0.02410
4.38,8.12,3.6656,0.2840,0.00000,0.02286
4.62,8.12,3.6019,0.3483,0.00000,0.02242
4.88,8.12,3.6933,0.5187,0.00000,0.02463
5.12,8.12,3.6621,0.6951,0.00000,0.02869
5.38,8.12,3.8034,0.7022,0.00000,0.03453
5.62,8.12,3.7907,0.7577,0.00000,0.03802
5.88,8.12,3.8561,1.0494,0.00000,0.04627
6.12,8.12,3.8674,1.3673,0.00000,0.05460
6.38,8.12,3.9354,1.5172,0.00000,0.05583
6.62,8.12,4.0358,1.9336,0.00000,0.05626
6.88,8.12,4.1702,2.9984,0.00000,0.05273
7.12,8.12,4.0684,4.8580,0.00000,0.04504
7.38,8.12,2.9072,6.5415,0.00000,0.03027
2.62,8.38,2.5928,6.9071,0.00000,0.04454
2.88,8.38,3.5284,5.2045,0.00000,0.05938
3.12,8.38,3.5724,3.8820,0.00000,0.05612
3.38,8.38,3.6372,2.8581,0.00000,0.05088
3.62,8.38,3.5293,2.1958,0.00000,0.04088
3.88,8.38,3.6499,1.3009,0.00000,0.03350
4.12,8.38,3.5716,0.5859,0.00000,0.02764
4.38,8.38,3.6873,0.4061,0.00000,0.02526
4.62,8.38,3.6250,0.5015,0.00000,0.02496
4.88,8.38,3.7303,0.7410,0.00000,0.02836
5.12,8.38,3.6958,0.9800,0.00000,0.03326
5.38,8.38,3.8254,0.9850,0.00000,0.03931
5.62,8.38,3.8077,1.0564,0.00000,0.04284
5.88,8.38,3.8779,1.4393,0.00000,0.05203
6.12,8.38,3.8892,1.8643,0.00000,0.06240
6.38,8.38,3.9660,2.0476,0.00000,0.06704
6.62,8.38,4.0663,2.5331,0.00000,0.06850
6.88,8.38,4.2139,3.6666,0.00000,0.06076
7.12,8.38,4.1116,5.3469,0.00000,0.04704
7.38,8.38,2.9389,6.5635,0.00000,0.02951
2.62,8.62,2.6117,7.7939,0.00000,0.05152
2.88,8.62,3.5475,5.9944,0.00000,0.06878
3.12,8.62,3.5948,4.5501,0.00000,0.06663
3.38,8.62,3.6646,3.5306,0.00000,0.06253
3.62,8.62,3.5528,2.8833,0.00000,0.05065
3.88,8.62,3.6690,1.7510,0.00000,0.04105
4.12,8.62,3.5899,0.8104,0.00000,0.03279
4.38,8.62,3.7130,0.5763,0.00000,0.02924
4.62,8.62,3.6489,0.7095,0.00000,0.02965
4.88,8.62,3.7583,1.0174,0.00000,0.03502
5.12,8.62,3.7156,1.3270,0.00000,0.04072
5.38,8.62,3.8320,1.3693,0.00000,0.04679
5.62,8.62,3.8126,1.4872,0.00000,0.05051
5.88,8.62,3.8920,1.9513,0.00000,0.06016
6.12,8.62,3.9041,2.4737,0.00000,0.07173
6.38,8.62,3.9912,2.7166,0.00000,0.07946
6.62,8.62,4.0922,3.2921,0.00000,0.08185
6.88,8.62,4.2587,4.5259,0.00000,0.06982
7.12,8.62,4.1541,6.1852,0.00000,0.04937
7.38,8.62,2.9739,7.1801,0.00000,0.02874
2.62,8.88,2.6250,9.0904,0.00000,0.06346
2.88,8.88,3.5613,6.9054,0.00000,0.08383
3.12,8.88,3.6123,5.0788,0.00000,0.08244
3.38,8.88,3.6891,3.9556,0.00000,0.07929
3.62,8.88,3.5761,3.2805,0.00000,0.06374
3.88,8.88,3.6887,2.0458,0.00000,0.05041
4.12,8.88,3.6088,1.0173,0.00000,0.03968
4.38,8.88,3.7376,0.7713,0.00000,0.03545
4.62,8.88,3.6717,0.9625,0.00000,0.03693
4.88,8.88,3.7799,1.3486,0.00000,0.04445
5.12,8.88,3.7296,1.7384,0.00000,0.05101
5.38,8.88,3.8391,1.8669,0.00000,0.05797
5.62,8.88,3.8152,2.0670,0.00000,0.06236
5.88,8.88,3.9000,2.5973,0.00000,0.07325
6.12,8.88,3.9088,3.2061,0.00000,0.08635
6.38,8.88,4.0087,3.5499,0.00000,0.09680
6.62,8.88,4.1121,4.2484,0.00000,0.09970
6.88,8.88,4.2954,5.6340,0.00000,0.08254
7.12,8.88,4.1871,7.4004,0.00000,0.05380
7.38,8.88,3.0109,8.3457,0.00000,0.02899
2.62,9.12,2.6336,10.9037,0.00000,0.07756
2.88,9.12,3.5750,7.9620,0.00000,0.10238
3.12,9.12,3.6257,5.4763,0.00000,0.10268
3.38,9.12,3.7009,4.2130,0.00000,0.10096
3.62,9.12,3.5891,3.5418,0.00000,0.08061
3.88,9.12,3.7042,2.3037,0.00000,0.06262
4.12,9.12,3.6256,1.2677,0.00000,0.04869
4.38,9.12,3.7602,1.0168,0.00000,0.04335
4.62,9.12,3.6924,1.2663,0.00000,0.04596
4.88,9.12,3.7985,1.7175,0.00000,0.05552
5.12,9.12,3.7455,2.1713,0.00000,0.06410
5.38,9.12,3.8535,2.4441,0.00000,0.07484
5.62,9.12,3.8196,2.7902,0.00000,0.08020
5.88,9.12,3.9060,3.3969,0.00000,0.09278
6.12,9.12,3.9115,4.0804,0.00000,0.10733
6.38,9.12,4.0201,4.5251,0.00000,0.11953
6.62,9.12,4.1230,5.3675,0.00000,0.12229
6.88,9.12,4.3280,6.9456,0.00000,0.10003
7.12,9.12,4.2212,8.7669,0.00000,0.06159
7.38,9.12,3.0530,9.5506,0.00000,0.03097
2.62,9.38,2.6404,12.3432,0.00000,0.09125
2.88,9.38,3.5887,9.1175,0.00000,0.12311
3.12,9.38,3.6379,6.3106,0.00000,0.12711
3.38,9.38,3.7089,4.8115,0.00000,0.12791
3.62,9.38,3.6007,3.9756,0.00000,0.10306
3.88,9.38,3.7236,2.6889,0.00000,0.08064
4.12,9.38,3.6420,1.6385,0.00000,0.06126
4.38,9.38,3.7730,1.3679,0.00000,0.05284
4.62,9.38,3.7024,1.6809,0.00000,0.05736
4.88,9.38,3.8107,2.1948,0.00000,0.07040
5.12,9.38,3.7553,2.6923,0.00000,0.08121
5.38,9.38,3.8637,3.1139,0.00000,0.09613
5.62,9.38,3.8265,3.6457,0.00000,0.10331
5.88,9.38,3.9180,4.3517,0.00000,0.11852
6.12,9.38,3.9183,5.0932,0.00000,0.13362
6.38,9.38,4.0319,5.6353,0.00000,0.14702
6.62,9.38,4.1357,6.6260,0.00000,0.14837
6.88,9.38,4.3674,8.3960,0.00000,0.12082
7.12,9.38,4.2650,10.2887,0.00000,0.07195
7.38,9.38,3.1083,10.9287,0.00000,0.03419
2.62,9.62,2.6483,13.4921,0.00000,0.10774
2.88,9.62,3.5990,10.4652,0.00000,0.14856
3.12,9.62,3.6468,7.6328,0.00000,0.15807
3.38,9.62,3.7149,5.6173,0.00000,0.16257
3.62,9.62,3.6111,4.2898,0.00000,0.13207
3.88,9.62,3.7437,2.9923,0.00000,0.10417
4.12,9.62,3.6593,2.0465,0.00000,0.07788
4.38,9.62,3.7817,1.7910,0.00000,0.06558
4.62,9.62,3.7082,2.1799,0.00000,0.07309
4.88,9.62,3.8222,2.7995,0.00000,0.09108
5.12,9.62,3.7631,3.3616,0.00000,0.10204
5.38,9.62,3.8684,3.8780,0.00000,0.11804
5.62,9.62,3.8281,4.5580,0.00000,0.12766
5.88,9.62,3.9281,5.3684,0.00000,0.14750
6.12,9.62,3.9268,6.1856,0.00000,0.16396
6.38,9.62,4.0363,6.8750,0.00000,0.17955
6.62,9.62,4.1362,8.0246,0.00000,0.17872
6.88,9.62,4.3944,9.9505,0.00000,0.14436
7.12,9.62,4.2987,11.9544,0.00000,0.08358
7.38,9.62,3.1626,12.5269,0.00000,0.03769
2.62,9.88,2.6567,15.2805,0.00000,0.12880
2.88,9.88,3.6077,12.2612,0.00000,0.17941
3.12,9.88,3.6567,9.2255,0.00000,0.19543
3.38,9.88,3.7236,6.4229,0.00000,0.20452
3.62,9.88,3.6214,4.3938,0.00000,0.16639
3.88,9.88,3.7620,3.1357,0.00000,0.13120
4.12,9.88,3.6766,2.4009,0.00000,0.09807
4.38,9.88,3.7912,2.2397,0.00000,0.08254
4.62,9.88,3.7175,2.7415,0.00000,0.09299
4.88,9.88,3.8418,3.4823,0.00000,0.11619
5.12,9.88,3.7788,4.1148,0.00000,0.12697
5.38,9.88,3.8761,4.7211,0.00000,0.14322
5.62,9.88,3.8340,5.5603,0.00000,0.15456
5.88,9.88,3.9398,6.4825,0.00000,0.17811
6.12,9.88,3.9326,7.3805,0.00000,0.19552
6.38,9.88,4.0305,8.2470,0.00000,0.21401
6.62,9.88,4.1267,9.5491,0.00000,0.21135
6.88,9.88,4.4023,11.5723,0.00000,0.16868
7.12,9.88,4.3099,13.6829,0.00000,0.09479
7.38,9.88,3.2036,14.2141,0.00000,0.04060
2.62,10.12,2.6619,17.3006,0.00000,0.15250
2.88,10.12,3.6122,14.1148,0.00000,0.21328
3.12,10.12,3.6623,10.7722,0.00000,0.23564
3.38,10.12,3.7307,7.3717,0.00000,0.24984
3.62,10.12,3.6283,4.8309,0.00000,0.20403
3.88,10.12,3.7705,3.4961,0.00000,0.16091
4.12,10.12,3.6907,2.8117,0.00000,0.12086
4.38,10.12,3.8088,2.7243,0.00000,0.10241
4.62,10.12,3.7328,3.3538,0.00000,0.11528
4.88,10.12,3.8612,4.2242,0.00000,0.14318
5.12,10.12,3.7981,4.9384,0.00000,0.15326
5.38,10.12,3.8886,5.6752,0.00000,0.17019
5.62,10.12,3.8439,6.7191,0.00000,0.18392
5.88,10.12,3.9488,7.7343,0.00000,0.21031
6.12,10.12,3.9386,8.6899,0.00000,0.22807
6.38,10.12,4.0303,9.7227,0.00000,0.24947
6.62,10.12,4.1221,11.1825,0.00000,0.24518
6.88,10.12,4.4133,13.3041,0.00000,0.19415
7.12,10.12,4.3274,15.4874,0.00000,0.10669
7.38,10.12,3.2429,15.9108,0.00000,0.04336
2.62,10.38,2.6711,19.5521,0.00000,0.17660
2.88,10.38,3.6203,15.8041,0.00000,0.24834
3.12,10.38,3.6739,11.9465,0.00000,0.27868
3.38,10.38,3.7501,8.4132,0.00000,0.29968
3.62,10.38,3.6440,5.8196,0.00000,0.24671
3.88,10.38,3.7753,4.2895,0.00000,0.19524
4.12,10.38,3.6960,3.4322,0.00000,0.14665
4.38,10.38,3.8190,3.3015,0.00000,0.12439
4.62,10.38,3.7427,4.0225,0.00000,0.13942
4.88,10.38,3.8678,5.0705,0.00000,0.17132
5.12,10.38,3.8064,5.8965,0.00000,0.17862
5.38,10.38,3.8985,6.7474,0.00000,0.19533
5.62,10.38,3.8530,7.9959,0.00000,0.21465
5.88,10.38,3.9529,9.1207,0.00000,0.24729
6.12,10.38,3.9363,10.1379,0.00000,0.26351
6.38,10.38,4.0200,11.2860,0.00000,0.28430
6.62,10.38,4.1132,12.8710,0.00000,0.28027
6.88,10.38,4.4256,15.0911,0.00000,0.22434
7.12,10.38,4.3436,17.3273,0.00000,0.12208
7.38,10.38,3.2767,17.5864,0.00000,0.04720
2.62,10.62,2.6750,22.2040,0.00000,0.20029
2.88,10.62,3.6273,17.4867,0.00000,0.28388
3.12,10.62,3.6894,12.8732,0.00000,0.32424
3.38,10.62,3.7754,9.4014,0.00000,0.35271
3.62,10.62,3.6667,6.9799,0.00000,0.29274
3.88,10.62,3.7847,5.2728,0.00000,0.23342
4.12,10.62,3.6994,4.2310,0.00000,0.17587
4.38,10.62,3.8229,4.0637,0.00000,0.14940
4.62,10.62,3.7474,4.8914,0.00000,0.16496
4.88,10.62,3.8629,6.1256,0.00000,0.19914
5.12,10.62,3.8034,7.0487,0.00000,0.20313
5.38,10.62,3.9048,7.9304,0.00000,0.21896
5.62,10.62,3.8601,9.3217,0.00000,0.24481
5.88,10.62,3.9562,10.6009,0.00000,0.28631
6.12,10.62,3.9308,11.7262,0.00000,0.29974
6.38,10.62,4.0003,12.9445,0.00000,0.31706
6.62,10.62,4.0941,14.6420,0.00000,0.31507
6.88,10.62,4.4283,17.0270,0.00000,0.25801
7.12,10.62,4.3529,19.4051,0.00000,0.14024
7.38,10.62,3.3164,19.6440,0.00000,0.05218
2.62,10.88,2.6808,24.1076,0.00000,0.22162
2.88,10.88,3.6354,18.8434,0.00000,0.31632
3.12,10.88,3.6984,13.7245,0.00000,0.36857
3.38,10.88,3.7849,10.4121,0.00000,0.40655
3.62,10.88,3.6805,8.2319,0.00000,0.33605
3.88,10.88,3.7975,6.3514,0.00000,0.26399
4.12,10.88,3.7125,5.1401,0.00000,0.20010
4.38,10.88,3.8351,5.0246,0.00000,0.17295
4.62,10.88,3.7587,6.0439,0.00000,0.18895
4.88,10.88,3.8608,7.4568,0.00000,0.22481
5.12,10.88,3.8013,8.4545,0.00000,0.22775
5.38,10.88,3.9109,9.3087,0.00000,0.24510
5.62,10.88,3.8683,10.7843,0.00000,0.27646
5.88,10.88,3.9609,12.1676,0.00000,0.32439
6.12,10.88,3.9274,13.3129,0.00000,0.33389
6.38,10.88,3.9890,14.5537,0.00000,0.34795
6.62,10.88,4.0803,16.4067,0.00000,0.34742
6.88,10.88,4.4261,19.0734,0.00000,0.28888
7.12,10.88,4.3557,21.7249,0.00000,0.15709
7.38,10.88,3.3539,22.1127,0.00000,0.05715
2.62,11.12,2.6983,24.8379,0.00000,0.23827
2.88,11.12,3.6473,19.6957,0.00000,0.34186
3.12,11.12,3.7058,14.5241,0.00000,0.40793
3.38,11.12,3.7885,11.4759,0.00000,0.46149
3.62,11.12,3.6893,9.5570,0.00000,0.38319
3.88,11.12,3.8102,7.5728,0.00000,0.29682
4.12,11.12,3.7288,6.2780,0.00000,0.22527
4.38,11.12,3.8464,6.2309,0.00000,0.19656
4.62,11.12,3.7700,7.4339,0.00000,0.21281
4.88,11.12,3.8623,8.9712,0.00000,0.25047
5.12,11.12,3.8003,10.0105,0.00000,0.25209
5.38,11.12,3.9108,10.8043,0.00000,0.27074
5.62,11.12,3.8676,12.3197,0.00000,0.30671
5.88,11.12,3.9564,13.7960,0.00000,0.35868
6.12,11.12,3.9277,14.9506,0.00000,0.36307
6.38,11.12,4.0040,16.2062,0.00000,0.37349
6.62,11.12,4.0867,18.1940,0.00000,0.37438
6.88,11.12,4.4194,21.1513,0.00000,0.31510
7.12,11.12,4.3524,24.1805,0.00000,0.17182
7.38,11.12,3.3966,24.8699,0.00000,0.06165
2.62,11.38,2.7309,26.1807,0.00000,0.25600
2.88,11.38,3.6735,20.8194,0.00000,0.36827
3.12,11.38,3.7250,15.3625,0.00000,0.44466
3.38,11.38,3.7980,12.3900,0.00000,0.50927
3.62,11.38,3.7015,10.6482,0.00000,0.42694
3.88,11.38,3.8256,8.7281,0.00000,0.33363
4.12,11.38,3.7458,7.5314,0.00000,0.25588
4.38,11.38,3.8557,7.6402,0.00000,0.22404
4.62,11.38,3.7791,9.0315,0.00000,0.23827
4.88,11.38,3.8630,10.5588,0.00000,0.27569
5.12,11.38,3.8006,11.5513,0.00000,0.27350
5.38,11.38,3.9148,12.3158,0.00000,0.29050
5.62,11.38,3.8698,13.8928,0.00000,0.33029
5.88,11.38,3.9515,15.5182,0.00000,0.38697
6.12,11.38,3.9255,16.7679,0.00000,0.38598
6.38,11.38,4.0152,18.0678,0.00000,0.38810
6.62,11.38,4.0923,20.1259,0.00000,0.39031
6.88,11.38,4.4049,23.2417,0.00000,0.33532
7.12,11.38,4.3396,26.5981,0.00000,0.18426
7.38,11.38,3.4407,27.6219,0.00000,0.06537
2.62,11.62,2.7546,27.7545,0.00000,0.27478
2.88,11.62,3.6969,22.2941,0.00000,0.39621
3.12,11.62,3.7502,16.6517,0.00000,0.47929
3.38,11.62,3.8115,13.5284,0.00000,0.54482
3.62,11.62,3.7112,11.7461,0.00000,0.45515
3.88,11.62,3.8318,9.8901,0.00000,0.35979
4.12,11.62,3.7546,8.8235,0.00000,0.28215
4.38,11.62,3.8605,9.1181,0.00000,0.25114
4.62,11.62,3.7863,10.6813,0.00000,0.26477
4.88,11.62,3.8693,12.0979,0.00000,0.30254
5.12,11.62,3.8107,12.9759,0.00000,0.29537
5.38,11.62,3.9294,13.7660,0.00000,0.30828
5.62,11.62,3.8816,15.4885,0.00000,0.34811
5.88,11.62,3.9528,17.3481,0.00000,0.40741
6.12,11.62,3.9234,18.7305,0.00000,0.40499
6.38,11.62,4.0190,20.0569,0.00000,0.40119
6.62,11.62,4.0936,22.1585,0.00000,0.40302
6.88,11.62,4.3864,25.3621,0.00000,0.34979
7.12,11.62,4.3227,28.9550,0.00000,0.19238
7.38,11.62,3.4755,30.2168,0.00000,0.06755
2.62,11.88,2.7784,29.1669,0.00000,0.29572
2.88,11.88,3.7199,24.1165,0.00000,0.42596
3.12,11.88,3.7717,18.6223,0.00000,0.51247
3.38,11.88,3.8216,15.1775,0.00000,0.57655
3.62,11.88,3.7194,13.1247,0.00000,0.48089
3.88,11.88,3.8293,11.1658,0.00000,0.38258
4.12,11.88,3.7544,10.0980,0.00000,0.30459
4.38,11.88,3.8554,10.5006,0.00000,0.27516
4.62,11.88,3.7861,12.1883,0.00000,0.28864
4.88,11.88,3.8824,13.5132,0.00000,0.32749
5.12,11.88,3.8331,14.3040,0.00000,0.31542
5.38,11.88,3.9454,15.1938,0.00000,0.32172
5.62,11.88,3.8900,17.0860,0.00000,0.35795
5.88,11.88,3.9524,19.1200,0.00000,0.41523
6.12,11.88,3.9199,20.6133,0.00000,0.41304
6.38,11.88,4.0141,21.9889,0.00000,0.41139
6.62,11.88,4.0872,24.1735,0.00000,0.41335
6.88,11.88,4.3707,27.5173,0.00000,0.35583
7.12,11.88,4.3083,31.4074,0.00000,0.19370
7.38,11.88,3.5030,32.9214,0.00000,0.06728
2.62,12.12,2.7864,30.9026,0.00000,0.31372
2.88,12.12,3.7264,26.2082,0.00000,0.45032
3.12,12.12,3.7857,20.8588,0.00000,0.53760
3.38,12.12,3.8367,17.0898,0.00000,0.60369
3.62,12.12,3.7340,14.7532,0.00000,0.50780
3.88,12.12,3.8286,12.6162,0.00000,0.40602
4.12,12.12,3.7568,11.4457,0.00000,0.32644
4.38,12.12,3.8502,11.8464,0.00000,0.29884
4.62,12.12,3.7858,13.6308,0.00000,0.31036
4.88,12.12,3.8937,14.9311,0.00000,0.34748
5.12,12.12,3.8521,15.6834,0.00000,0.32855
5.38,12.12,3.9529,16.7373,0.00000,0.32438
5.62,12.12,3.8913,18.8046,0.00000,0.35576
5.88,12.12,3.9537,20.9264,0.00000,0.41191
6.12,12.12,3.9181,22.5011,0.00000,0.41205
6.38,12.12,4.0007,23.9328,0.00000,0.41400
6.62,12.12,4.0714,26.2081,0.00000,0.41615
6.88,12.12,4.3682,29.7664,0.00000,0.35559
7.12,12.12,4.3129,34.0640,0.00000,0.19208
7.38,12.12,3.5427,35.8512,0.00000,0.06622
2.62,12.38,2.8028,33.5786,0.00000,0.32727
2.88,12.38,3.7449,28.6505,0.00000,0.46846
3.12,12.38,3.8054,23.0881,0.00000,0.55150
3.38,12.38,3.8408,19.0597,0.00000,0.61549
3.62,12.38,3.7402,16.5850,0.00000,0.52451
3.88,12.38,3.8325,14.3280,0.00000,0.42583
4.12,12.38,3.7678,13.0927,0.00000,0.34663
4.38,12.38,3.8534,13.4275,0.00000,0.32050
4.62,12.38,3.7951,15.2901,0.00000,0.32888
4.88,12.38,3.9003,16.5953,0.00000,0.36066
5.12,12.38,3.8648,17.3181,0.00000,0.33360
5.38,12.38,3.9628,18.3900,0.00000,0.32026
5.62,12.38,3.8956,20.5005,0.00000,0.34705
5.88,12.38,3.9602,22.7670,0.00000,0.40251
6.12,12.38,3.9221,24.4853,0.00000,0.40470
6.38,12.38,3.9929,25.9472,0.00000,0.40743
6.62,12.38,4.0579,28.2198,0.00000,0.41200
6.88,12.38,4.3600,31.9563,0.00000,0.35394
7.12,12.38,4.3092,36.6894,0.00000,0.19122
7.38,12.38,3.5886,38.7901,0.00000,0.06591
2.62,12.62,2.8319,37.2917,0.00000,0.33274
2.88,12.62,3.7644,31.3668,0.00000,0.47674
3.12,12.62,3.8276,25.1114,0.00000,0.55882
3.38,12.62,3.8450,20.8815,0.00000,0.62091
3.62,12.62,3.7467,18.4202,0.00000,0.53172
3.88,12.62,3.8343,16.1371,0.00000,0.43558
4.12,12.62,3.7763,14.9593,0.00000,0.35808
4.38,12.62,3.8617,15.3216,0.00000,0.33384
4.62,12.62,3.8141,17.3375,0.00000,0.34080
4.88,12.62,3.9071,18.6359,0.00000,0.36682
5.12,12.62,3.8737,19.3099,0.00000,0.33260
5.38,12.62,3.9691,20.2333,0.00000,0.31531
5.62,12.62,3.8973,22.2126,0.00000,0.33981
5.88,12.62,3.9686,24.6026,0.00000,0.39271
6.12,12.62,3.9278,26.4662,0.00000,0.39390
6.38,12.62,3.9862,27.9421,0.00000,0.39559
6.62,12.62,4.0439,30.1600,0.00000,0.40296
6.88,12.62,4.3388,34.0735,0.00000,0.35023
7.12,12.62,4.2953,39.2330,0.00000,0.19050
7.38,12.62,3.6392,41.5788,0.00000,0.06629
2.62,12.88,2.8826,40.2374,0.00000,0.33833
2.88,12.88,3.7979,33.5271,0.00000,0.48405
3.12,12.88,3.8580,26.7069,0.00000,0.56493
3.38,12.88,3.8504,22.4988,0.00000,0.62356
3.62,12.88,3.7547,20.2262,0.00000,0.53349
3.88,12.88,3.8378,17.8559,0.00000,0.43930
4.12,12.88,3.7850,16.6668,0.00000,0.36262
4.38,12.88,3.8710,17.2192,0.00000,0.33908
4.62,12.88,3.8384,19.5043,0.00000,0.34671
4.88,12.88,3.9236,20.7512,0.00000,0.37000
5.12,12.88,3.8889,21.3939,0.00000,0.32967
5.38,12.88,3.9696,22.2665,0.00000,0.30697
5.62,12.88,3.8918,24.1502,0.00000,0.32773
5.88,12.88,3.9724,26.5562,0.00000,0.37597
6.12,12.88,3.9296,28.5220,0.00000,0.37742
6.38,12.88,3.9747,30.0686,0.00000,0.37914
6.62,12.88,4.0267,32.3094,0.00000,0.38689
6.88,12.88,4.3128,36.4181,0.00000,0.34059
7.12,12.88,4.2754,41.8988,0.00000,0.18753
7.38,12.88,3.6802,44.2969,0.00000,0.06631
2.62,13.12,2.9349,40.7419,0.00000,0.34792
2.88,13.12,3.8326,34.4842,0.00000,0.49380
3.12,13.12,3.8870,27.8467,0.00000,0.56722
3.38,13.12,3.8471,23.9177,0.00000,0.61887
3.62,13.12,3.7518,21.9289,0.00000,0.53394
3.88,13.12,3.8388,19.4803,0.00000,0.44753
4.12,13.12,3.7992,18.2518,0.00000,0.36896
4.38,13.12,3.8829,18.8704,0.00000,0.34142
4.62,13.12,3.8603,21.2374,0.00000,0.34861
4.88,13.12,3.9347,22.4995,0.00000,0.36909
5.12,13.12,3.9006,23.3029,0.00000,0.32535
5.38,13.12,3.9717,24.3749,0.00000,0.29863
5.62,13.12,3.8902,26.3437,0.00000,0.31374
5.88,13.12,3.9762,28.7431,0.00000,0.35487
6.12,13.12,3.9312,30.8046,0.00000,0.35712
6.38,13.12,3.9676,32.4009,0.00000,0.35902
6.62,13.12,4.0142,34.6537,0.00000,0.36463
6.88,13.12,4.2922,38.9852,0.00000,0.32240
7.12,13.12,4.2605,44.7979,0.00000,0.17909
7.38,13.12,3.7217,47.2763,0.00000,0.06461
2.62,13.38,2.9805,40.1643,0.00000,0.35710
2.88,13.38,3.8576,34.9002,0.00000,0.50135
3.12,13.38,3.9055,28.7148,0.00000,0.56238
3.38,13.38,3.8381,25.0373,0.00000,0.60280
3.62,13.38,3.7450,23.2652,0.00000,0.52461
3.88,13.38,3.8343,20.9050,0.00000,0.44740
4.12,13.38,3.8104,19.7676,0.00000,0.36979
4.38,13.38,3.8935,20.2749,0.00000,0.34075
4.62,13.38,3.8752,22.5559,0.00000,0.34659
4.88,13.38,3.9285,24.0197,0.00000,0.36122
5.12,13.38,3.8967,25.1693,0.00000,0.31688
5.38,13.38,3.9693,26.4727,0.00000,0.29216
5.62,13.38,3.8813,28.4924,0.00000,0.30247
5.88,13.38,3.9702,30.9211,0.00000,0.33504
6.12,13.38,3.9306,33.1318,0.00000,0.33546
6.38,13.38,3.9719,34.7564,0.00000,0.33721
6.62,13.38,4.0117,37.0096,0.00000,0.33810
6.88,13.38,4.2769,41.6055,0.00000,0.29480
7.12,13.38,4.2492,47.7103,0.00000,0.16364
7.38,13.38,3.7596,50.2112,0.00000,0.06029
2.62,13.62,3.0141,40.4295,0.00000,0.35516
2.88,13.62,3.8769,35.7094,0.00000,0.49663
3.12,13.62,3.9253,29.6020,0.00000,0.55089
3.38,13.62,3.8424,25.9123,0.00000,0.58521
3.62,13.62,3.7511,24.1818,0.00000,0.50842
3.88,13.62,3.8341,22.0268,0.00000,0.43222
4.12,13.62,3.8226,21.1362,0.00000,0.35805
4.38,13.62,3.9041,21.6369,0.00000,0.33263
4.62,13.62,3.8944,23.9224,0.00000,0.33915
4.88,13.62,3.9322,25.6392,0.00000,0.35050
5.12,13.62,3.8913,27.1007,0.00000,0.30604
5.38,13.62,3.9551,28.4624,0.00000,0.28133
5.62,13.62,3.8641,30.3719,0.00000,0.28741
5.88,13.62,3.9606,32.9260,0.00000,0.31449
6.12,13.62,3.9262,35.3898,0.00000,0.31231
6.38,13.62,3.9780,37.0935,0.00000,0.31279
6.62,13.62,4.0132,39.3537,0.00000,0.30681
6.88,13.62,4.2746,44.2787,0.00000,0.26109
7.12,13.62,4.2549,50.7354,0.00000,0.14470
7.38,13.62,3.8044,53.2046,0.00000,0.05486
2.62,13.88,3.0545,41.8461,0.00000,0.34318
2.88,13.88,3.8985,37.1954,0.00000,0.47971
3.12,13.88,3.9420,30.8286,0.00000,0.52910
3.38,13.88,3.8538,26.8736,0.00000,0.56078
3.62,13.88,3.7688,25.0257,0.00000,0.48686
3.88,13.88,3.8416,23.0769,0.00000,0.41177
4.12,13.88,3.8365,22.4798,0.00000,0.34181
4.38,13.88,3.9093,23.0844,0.00000,0.31808
4.62,13.88,3.9189,25.4627,0.00000,0.32583
4.88,13.88,3.9563,27.3909,0.00000,0.33951
5.12,13.88,3.9023,29.0938,0.00000,0.29400
5.38,13.88,3.9501,30.4711,0.00000,0.26310
5.62,13.88,3.8590,32.3168,0.00000,0.26582
5.88,13.88,3.9611,35.0481,0.00000,0.29068
6.12,13.88,3.9276,37.6806,0.00000,0.28568
6.38,13.88,3.9909,39.4209,0.00000,0.28314
6.62,13.88,4.0220,41.6578,0.00000,0.27137
6.88,13.88,4.2747,46.9182,0.00000,0.22678
7.12,13.88,4.2549,53.8945,0.00000,0.12652
7.38,13.88,3.8471,56.6306,0.00000,0.04991
2.62,14.12,3.0904,43.9293,0.00000,0.32315
2.88,14.12,3.9047,39.2186,0.00000,0.44941
3.12,14.12,3.9492,32.5430,0.00000,0.49174
3.38,14.12,3.8700,28.1949,0.00000,0.52081
3.62,14.12,3.7914,26.1196,0.00000,0.45556
3.88,14.12,3.8465,24.3519,0.00000,0.38771
4.12,14.12,3.8413,24.0188,0.00000,0.32289
4.38,14.12,3.9000,24.6918,0.00000,0.29921
4.62,14.12,3.9379,27.1712,0.00000,0.30863
4.88,14.12,3.9884,29.2616,0.00000,0.32633
5.12,14.12,3.9246,31.1847,0.00000,0.27956
5.38,14.12,3.9605,32.6917,0.00000,0.24271
5.62,14.12,3.8688,34.6165,0.00000,0.24369
5.88,14.12,3.9650,37.5172,0.00000,0.26688
6.12,14.12,3.9255,40.2121,0.00000,0.25937
6.38,14.12,3.9990,41.8383,0.00000,0.25346
6.62,14.12,4.0267,44.0648,0.00000,0.23774
6.88,14.12,4.2649,49.8050,0.00000,0.19705
7.12,14.12,4.2452,57.5112,0.00000,0.11146
7.38,14.12,3.8923,60.7368,0.00000,0.04580
2.62,14.38,3.1279,46.3367,0.00000,0.30109
2.88,14.38,3.9199,41.5067,0.00000,0.41532
3.12,14.38,3.9625,34.5392,0.00000,0.44879
3.38,14.38,3.8731,29.7187,0.00000,0.46992
3.62,14.38,3.7964,27.3552,0.00000,0.41431
3.88,14.38,3.8375,25.8116,0.00000,0.35922
4.12,14.38,3.8332,25.7892,0.00000,0.30183
4.38,14.38,3.8834,26.4939,0.00000,0.28095
4.62,14.38,3.9469,29.0918,0.00000,0.29135
4.88,14.38,4.0077,31.3458,0.00000,0.30830
5.12,14.38,3.9475,33.4744,0.00000,0.26026
5.38,14.38,3.9862,35.0550,0.00000,0.22195
5.62,14.38,3.8794,36.9336,0.00000,0.22162
5.88,14.38,3.9490,39.9614,0.00000,0.24183
6.12,14.38,3.9059,42.8033,0.00000,0.23385
6.38,14.38,3.9992,44.2923,0.00000,0.22551
6.62,14.38,4.0241,46.5716,0.00000,0.20642
6.88,14.38,4.2446,53.0606,0.00000,0.17183
7.12,14.38,4.2254,61.6724,0.00000,0.09942
7.38,14.38,3.9280,65.1947,0.00000,0.04203
2.62,14.62,3.1639,49.4749,0.00000,0.27839
2.88,14.62,3.9362,44.2128,0.00000,0.38289
3.12,14.62,3.9773,36.7429,0.00000,0.40920
3.38,14.62,3.8741,31.3598,0.00000,0.42069
3.62,14.62,3.7968,28.7374,0.00000,0.37512
3.88,14.62,3.8292,27.3829,0.00000,0.33505
4.12,14.62,3.8281,27.6786,0.00000,0.28417
4.38,14.62,3.8746,28.5026,0.00000,0.26532
4.62,14.62,3.9575,31.2904,0.00000,0.27633
4.88,14.62,4.0229,33.7309,0.00000,0.29088
5.12,14.62,3.9673,35.9984,0.00000,0.24151
5.38,14.62,4.0089,37.3697,0.00000,0.20257
5.62,14.62,3.8825,38.8897,0.00000,0.19960
5.88,14.62,3.9243,41.9408,0.00000,0.21551
6.12,14.62,3.8787,45.0024,0.00000,0.20770
6.38,14.62,3.9980,46.5281,0.00000,0.19809
6.62,14.62,4.0257,48.9479,0.00000,0.17784
6.88,14.62,4.2377,56.3477,0.00000,0.14903
7.12,14.62,4.2191,66.0712,0.00000,0.08800
7.38,14.62,3.9720,70.0295,0.00000,0.03805
2.62,14.88,3.1942,52.4385,0.00000,0.25556
2.88,14.88,3.9421,46.9068,0.00000,0.35291
3.12,14.88,3.9834,39.0388,0.00000,0.37721
3.38,14.88,3.8789,33.2036,0.00000,0.38542
3.62,14.88,3.8043,30.4473,0.00000,0.34624
3.88,14.88,3.8300,29.1663,0.00000,0.31366
4.12,14.88,3.8332,29.6924,0.00000,0.26700
4.38,14.88,3.8683,30.6898,0.00000,0.24863
4.62,14.88,3.9615,33.6575,0.00000,0.25752
4.88,14.88,4.0336,36.2784,0.00000,0.26953
5.12,14.88,3.9845,38.6111,0.00000,0.22187
5.38,14.88,4.0308,39.6061,0.00000,0.18449
5.62,14.88,3.8896,40.6950,0.00000,0.17967
5.88,14.88,3.9140,43.7525,0.00000,0.19200
6.12,14.88,3.8630,47.0470,0.00000,0.18471
6.38,14.88,3.9978,48.8270,0.00000,0.17458
6.62,14.88,4.0216,51.4205,0.00000,0.15298
6.88,14.88,4.2304,59.4501,0.00000,0.12606
7.12,14.88,4.2174,70.1144,0.00000,0.07506
7.38,14.88,4.0295,74.8542,0.00000,0.03368
2.62,15.12,3.2370,55.0144,0.00000,0.23245
2.88,15.12,3.9443,49.3639,0.00000,0.32235
3.12,15.12,3.9840,41.2112,0.00000,0.34852
3.38,15.12,3.8771,35.1134,0.00000,0.35891
3.62,15.12,3.8061,32.3716,0.00000,0.32253
3.88,15.12,3.8328,31.1907,0.00000,0.29082
4.12,15.12,3.8430,31.9168,0.00000,0.24632
4.38,15.12,3.8627,32.9632,0.00000,0.22787
4.62,15.12,3.9588,36.0065,0.00000,0.23256
4.88,15.12,4.0343,38.8170,0.00000,0.24055
5.12,15.12,3.9951,41.1605,0.00000,0.19841
5.38,15.12,4.0511,41.8474,0.00000,0.16699
5.62,15.12,3.9030,42.6902,0.00000,0.16136
5.88,15.12,3.9215,45.8223,0.00000,0.16906
6.12,15.12,3.8590,49.4116,0.00000,0.16087
6.38,15.12,3.9950,51.6146,0.00000,0.15009
6.62,15.12,4.0099,54.4680,0.00000,0.12857
6.88,15.12,4.2146,63.0069,0.00000,0.10385
7.12,15.12,4.2118,74.5317,0.00000,0.06244
7.38,15.12,4.1010,80.0476,0.00000,0.02957
2.62,15.38,3.3079,57.3003,0.00000,0.20878
2.88,15.38,3.9500,51.6169,0.00000,0.28827
3.12,15.38,3.9821,43.3284,0.00000,0.31687
3.38,15.38,3.8749,37.1535,0.00000,0.33090
3.62,15.38,3.8103,34.4340,0.00000,0.29660
3.88,15.38,3.8344,33.1992,0.00000,0.26555
4.12,15.38,3.8507,33.9623,0.00000,0.22504
4.38,15.38,3.8631,35.0411,0.00000,0.20847
4.62,15.38,3.9563,38.1996,0.00000,0.20876
4.88,15.38,4.0320,41.1375,0.00000,0.21085
5.12,15.38,4.0143,43.4407,0.00000,0.17436
5.38,15.38,4.0754,44.0546,0.00000,0.14948
5.62,15.38,3.9112,44.8976,0.00000,0.14278
5.88,15.38,3.9248,48.0677,0.00000,0.14623
6.12,15.38,3.8551,51.8632,0.00000,0.13815
6.38,15.38,3.9933,54.5890,0.00000,0.12766
6.62,15.38,3.9929,57.8766,0.00000,0.10665
6.88,15.38,4.1732,66.9005,0.00000,0.08418
7.12,15.38,4.1810,79.3088,0.00000,0.05113
7.38,15.38,4.1922,85.7859,0.00000,0.02576
2.62,15.62,3.3812,60.3809,0.00000,0.18503
2.88,15.62,3.9712,54.3237,0.00000,0.25204
3.12,15.62,3.9920,45.5760,0.00000,0.27898
3.38,15.62,3.8788,39.2175,0.00000,0.29386
3.62,15.62,3.8184,36.3978,0.00000,0.26375
3.88,15.62,3.8299,34.8268,0.00000,0.23662
4.12,15.62,3.8532,35.3559,0.00000,0.20309
4.38,15.62,3.8655,36.5593,0.00000,0.18951
4.62,15.62,3.9523,39.9887,0.00000,0.18540
4.88,15.62,4.0239,43.0262,0.00000,0.18169
5.12,15.62,4.0348,45.2831,0.00000,0.15093
5.38,15.62,4.0946,46.0895,0.00000,0.13187
5.62,15.62,3.9141,47.2767,0.00000,0.12390
5.88,15.62,3.9304,50.5247,0.00000,0.12381
6.12,15.62,3.8540,54.3676,0.00000,0.11667
6.38,15.62,3.9949,57.4751,0.00000,0.10815
6.62,15.62,3.9796,61.2981,0.00000,0.08838
6.88,15.62,4.1215,71.0563,0.00000,0.06748
7.12,15.62,4.1404,84.4629,0.00000,0.04132
7.38,15.62,4.2890,91.9166,0.00000,0.02249
2.62,15.88,3.4167,63.5693,0.00000,0.15980
2.88,15.88,3.9783,56.9627,0.00000,0.21645
3.12,15.88,3.9990,47.6354,0.00000,0.24273
3.38,15.88,3.8806,41.0401,0.00000,0.25819
3.62,15.88,3.8246,38.0106,0.00000,0.23119
3.88,15.88,3.8224,36.1177,0.00000,0.20593
4.12,15.88,3.8488,36.4124,0.00000,0.17782
4.38,15.88,3.8582,37.6412,0.00000,0.16607
4.62,15.88,3.9420,41.1246,0.00000,0.16084
4.88,15.88,4.0019,44.1704,0.00000,0.15523
5.12,15.88,4.0456,46.4880,0.00000,0.12955
5.38,15.88,4.1058,47.7990,0.00000,0.11424
5.62,15.88,3.9154,49.7122,0.00000,0.10522
5.88,15.88,3.9476,53.2756,0.00000,0.10220
6.12,15.88,3.8652,57.2499,0.00000,0.09557
6.38,15.88,4.0001,60.5575,0.00000,0.08875
6.62,15.88,3.9737,64.8243,0.00000,0.07105
6.88,15.88,4.0903,75.5093,0.00000,0.05250
7.12,15.88,4.1175,89.9276,0.00002,0.03270
7.38,15.88,4.3633,98.2151,0.00003,0.01951
2.62,16.12,3.4603,66.7969,0.00000,0.13715
2.88,16.12,3.9941,59.5386,0.00000,0.18695
3.12,16.12,4.0120,49.5661,0.00000,0.21648
3.38,16.12,3.8789,42.5283,0.00000,0.23292
3.62,16.12,3.8278,39.1606,0.00000,0.20607
3.88,16.12,3.8123,37.0995,0.00000,0.17963
4.12,16.12,3.8341,37.3413,0.00000,0.15460
4.38,16.12,3.8438,38.5267,0.00000,0.14372
4.62,16.12,3.9284,41.7959,0.00000,0.13792
4.88,16.12,3.9756,44.7057,0.00000,0.13185
5.12,16.12,4.0543,47.0741,0.00000,0.11043
5.38,16.12,4.1127,48.9031,0.00000,0.09687
5.62,16.12,3.9313,51.6767,0.00000,0.08702
5.88,16.12,3.9755,55.9285,0.00000,0.08235
6.12,16.12,3.8731,60.4352,0.00000,0.07595
6.38,16.12,3.9952,64.0929,0.00000,0.06969
6.62,16.12,3.9618,68.8989,0.00001,0.05502
6.88,16.12,4.0715,80.5755,0.00011,0.04038
7.12,16.12,4.1135,96.0792,0.00052,0.02606
7.38,16.12,4.4569,105.6895,0.00115,0.01716
2.62,16.38,3.5119,69.8297,0.00000,0.11610
2.88,16.38,4.0211,62.0559,0.00000,0.15941
3.12,16.38,4.0375,51.5888,0.00000,0.19263
3.38,16.38,3.8882,44.0271,0.00000,0.21001
3.62,16.38,3.8365,40.2675,0.00000,0.18257
3.88,16.38,3.8066,38.0630,0.00000,0.15511
4.12,16.38,3.8232,38.2785,0.00000,0.13333
4.38,16.38,3.8284,39.4291,0.00000,0.12295
4.62,16.38,3.9041,42.3997,0.00000,0.11618
4.88,16.38,3.9508,45.1286,0.00000,0.11087
5.12,16.38,4.0665,47.4279,0.00000,0.09348
5.38,16.38,4.1135,49.4007,0.00000,0.08066
5.62,16.38,3.9710,52.7534,0.00000,0.07061
5.88,16.38,4.0088,57.8263,0.00000,0.06507
6.12,16.38,3.8751,63.2899,0.00000,0.05842
6.38,16.38,3.9814,67.8124,0.00000,0.05247
6.62,16.38,3.9297,73.9024,0.00011,0.04124
6.88,16.38,4.0350,87.0712,0.00133,0.03057
7.12,16.38,4.0941,103.8384,0.00630,0.02070
7.38,16.38,4.5529,115.0874,0.01397,0.01520
2.62,16.62,3.5437,72.3027,0.00000,0.09755
2.88,16.62,4.0326,64.3279,0.00000,0.13384
3.12,16.62,4.0425,53.4220,0.00000,0.16377
3.38,16.62,3.8980,45.4541,0.00000,0.17971
3.62,16.62,3.8529,41.6477,0.00000,0.15607
3.88,16.62,3.8154,39.5856,0.00000,0.13138
4.12,16.62,3.8289,39.7269,0.00000,0.11263
4.38,16.62,3.8161,40.7284,0.00000,0.10200
4.62,16.62,3.8728,43.2598,0.00000,0.09518
4.88,16.62,3.9169,45.7099,0.00000,0.09126
5.12,16.62,4.0482,47.9017,0.00000,0.07748
5.38,16.62,4.0842,49.8210,0.00000,0.06569
5.62,16.62,4.0318,53.3685,0.00000,0.05663
5.88,16.62,4.0666,58.9551,0.00000,0.05140
6.12,16.62,3.9080,65.2468,0.00000,0.04490
6.38,16.62,3.9802,70.8637,0.00001,0.03939
6.62,16.62,3.8899,78.9384,0.00049,0.03086
6.88,16.62,3.9799,93.7634,0.00596,0.02321
7.12,16.62,4.0494,111.5070,0.02817,0.01672
7.38,16.62,4.5917,122.7270,0.06145,0.01381
2.62,16.88,3.5522,73.9232,0.00000,0.08078
2.88,16.88,4.0211,66.0846,0.00000,0.11219
3.12,16.88,4.0319,54.9226,0.00000,0.13795
3.38,16.88,3.9127,46.7281,0.00000,0.15204
3.62,16.88,3.8682,43.0264,0.00000,0.13282
3.88,16.88,3.8253,41.4271,0.00000,0.11139
4.12,16.88,3.8448,41.6396,0.00000,0.09531
4.38,16.88,3.8127,42.4674,0.00000,0.08555
4.62,16.88,3.8541,44.6725,0.00000,0.07906
4.88,16.88,3.8835,46.9754,0.00000,0.07509
5.12,16.88,3.9971,49.0746,0.00000,0.06285
5.38,16.88,4.0265,50.7905,0.00000,0.05168
5.62,16.88,4.0749,54.1878,0.00000,0.04464
5.88,16.88,4.1092,59.7149,0.00000,0.04085
6.12,16.88,3.9778,66.0743,0.00000,0.03561
6.38,16.88,4.0188,72.6474,0.00002,0.03130
6.62,16.88,3.8863,82.4785,0.00080,0.02473
6.88,16.88,3.9381,97.8456,0.00982,0.01904
7.12,16.88,3.9818,114.1086,0.04580,0.01472
7.38,16.88,4.4153,117.4477,0.09329,0.01317
2.62,17.12,3.5608,76.0111,0.00000,0.06722
2.88,17.12,4.0177,67.8984,0.00000,0.09430
3.12,17.12,4.0273,56.2781,0.00000,0.11591
3.38,17.12,3.9201,47.7925,0.00000,0.12688
3.62,17.12,3.8791,44.1493,0.00000,0.11276
3.88,17.12,3.8343,43.1357,0.00000,0.09630
4.12,17.12,3.8603,43.6529,0.00000,0.08241
4.38,17.12,3.8250,44.5165,0.00000,0.07382
4.62,17.12,3.8639,46.7275,0.00000,0.06776
4.88,17.12,3.8658,49.1630,0.00000,0.06335
5.12,17.12,3.9421,51.1261,0.00000,0.05179
5.38,17.12,3.9592,52.5384,0.00000,0.04123
5.62,17.12,4.0629,55.7315,0.00000,0.03567
5.88,17.12,4.0894,60.9344,0.00000,0.03270
6.12,17.12,4.0405,66.9012,0.00000,0.02892
6.38,17.12,4.0646,73.9280,0.00001,0.02595
6.62,17.12,3.9461,83.9564,0.00049,0.02121
6.88,17.12,3.9543,97.3930,0.00595,0.01706
7.12,17.12,3.9104,108.5349,0.02714,0.01405
7.38,17.12,4.1272,101.9718,0.04959,0.01305
7.62,17.12,3.7387,75.3113,0.04108,0.01161
2.62,17.38,3.5715,78.6750,0.00000,0.05571
2.88,17.38,4.0157,69.7753,0.00000,0.07800
3.12,17.38,4.0270,57.5827,0.00000,0.09653
3.38,17.38,3.9253,48.9118,0.00000,0.10491
3.62,17.38,3.8873,45.4000,0.00000,0.09478
3.88,17.38,3.8442,44.8558,0.00000,0.08313
4.12,17.38,3.8700,45.6889,0.00000,0.07095
4.38,17.38,3.8403,46.7411,0.00000,0.06296
4.62,17.38,3.8807,49.0294,0.00000,0.05812
4.88,17.38,3.8565,51.6420,0.00000,0.05423
5.12,17.38,3.9081,53.5883,0.00000,0.04402
5.38,17.38,3.9049,54.9160,0.00000,0.03456
5.62,17.38,4.0041,58.1290,0.00000,0.02965
5.88,17.38,4.0111,63.3077,0.00000,0.02667
6.12,17.38,4.0391,68.9630,0.00000,0.02400
6.38,17.38,4.0517,75.5719,0.00000,0.02191
6.62,17.38,4.0151,83.8824,0.00011,0.01891
6.88,17.38,4.0023,92.8320,0.00133,0.01604
7.12,17.38,3.9151,99.1207,0.00597,0.01382
7.38,17.38,3.9842,94.1691,0.01046,0.01307
7.62,17.38,3.8355,76.9084,0.01140,0.01254
7.88,17.38,3.3251,57.4015,0.02923,0.01091
2.62,17.62,3.5777,81.3335,0.00000,0.04659
2.88,17.62,4.0004,71.5272,0.00000,0.06541
3.12,17.62,4.0064,58.7558,0.00000,0.08214
3.38,17.62,3.9352,50.1973,0.00000,0.08940
3.62,17.62,3.9120,47.0569,0.00000,0.08052
3.88,17.62,3.8715,46.9103,0.00000,0.07071
4.12,17.62,3.8761,47.9593,0.00000,0.06029
4.38,17.62,3.8440,49.0447,0.00000,0.05289
4.62,17.62,3.8884,51.1807,0.00000,0.04875
4.88,17.62,3.8531,54.0774,0.00000,0.04523
5.12,17.62,3.8921,56.6007,0.00000,0.03746
5.38,17.62,3.8717,58.3686,0.00000,0.03011
5.62,17.62,3.9406,61.6126,0.00000,0.02582
5.88,17.62,3.9244,66.7832,0.00000,0.02299
6.12,17.62,3.9852,72.0245,0.00000,0.02116
6.38,17.62,3.9903,77.1420,0.00000,0.01938
6.62,17.62,4.0298,82.5676,0.00001,0.01729
6.88,17.62,4.0153,86.8821,0.00011,0.01514
7.12,17.62,3.9845,90.3524,0.00053,0.01359
7.38,17.62,3.9301,91.5945,0.00225,0.01293
7.62,17.62,3.9204,86.0964,0.01856,0.01293
7.88,17.62,3.8876,74.5301,0.09082,0.01276
8.12,17.62,3.4459,58.4589,0.20079,0.01128
2.62,17.88,3.5528,83.4331,0.00000,0.03991
2.88,17.88,3.9783,73.0992,0.00000,0.05604
3.12,17.88,3.9891,60.0692,0.00000,0.07041
3.38,17.88,3.9400,51.6191,0.00000,0.07690
3.62,17.88,3.9162,48.7379,0.00000,0.06842
3.88,17.88,3.8993,48.9763,0.00000,0.05925
4.12,17.88,3.8938,50.2491,0.00000,0.05116
4.38,17.88,3.8453,51.2975,0.00000,0.04484
4.62,17.88,3.8732,53.4989,0.00000,0.04092
4.88,17.88,3.8490,57.1141,0.00000,0.03772
5.12,17.88,3.8913,60.8838,0.00000,0.03215
5.38,17.88,3.8745,63.6835,0.00000,0.02663
5.62,17.88,3.9163,66.6863,0.00000,0.02322
5.88,17.88,3.9019,70.6000,0.00000,0.02112
6.12,17.88,3.9528,74.3690,0.00000,0.01977
6.38,17.88,3.9613,77.3816,0.00000,0.01794
6.62,17.88,4.0088,79.9337,0.00000,0.01591
6.88,17.88,3.9869,81.3895,0.00000,0.01406
7.12,17.88,3.9982,82.6252,0.00009,0.01304
7.38,17.88,3.9900,85.3122,0.00238,0.01277
7.62,17.88,3.9421,87.2632,0.02890,0.01260
7.88,17.88,4.0105,85.1799,0.13345,0.01285
8.12,17.88,3.9069,74.7755,0.24654,0.01265
8.38,17.88,3.3525,57.7747,0.20078,0.01087
2.62,18.12,3.5567,86.6270,0.00000,0.03567
2.88,18.12,3.9470,75.1945,0.00000,0.04874
3.12,18.12,3.9414,61.3980,0.00000,0.06036
3.38,18.12,3.9057,52.6999,0.00000,0.06620
3.62,18.12,3.8838,50.0420,0.00000,0.05848
3.88,18.12,3.8884,51.0042,0.00000,0.04981
4.12,18.12,3.8772,53.2091,0.00000,0.04325
4.38,18.12,3.8331,54.8377,0.00000,0.03819
4.62,18.12,3.8524,57.7015,0.00000,0.03470
4.88,18.12,3.8637,62.0106,0.00000,0.03192
5.12,18.12,3.8987,66.7261,0.00000,0.02773
5.38,18.12,3.9151,70.3281,0.00000,0.02356
5.62,18.12,3.9222,72.5633,0.00000,0.02078
5.88,18.12,3.9292,74.1251,0.00000,0.01925
6.12,18.12,3.9505,75.1757,0.00000,0.01803
6.38,18.12,3.9705,76.1122,0.00000,0.01646
6.62,18.12,3.9993,76.9969,0.00000,0.01462
6.88,18.12,3.9880,77.2454,0.00000,0.01309
7.12,18.12,3.9795,77.2835,0.00004,0.01222
7.38,18.12,4.0064,78.4362,0.00143,0.01204
7.62,18.12,4.0261,81.2023,0.01743,0.01205
7.88,18.12,3.9899,84.4304,0.07852,0.01212
8.12,18.12,3.9652,83.1340,0.13344,0.01254
8.38,18.12,3.8058,73.2452,0.09070,0.01236
8.62,18.12,3.2919,57.3296,0.02729,0.01088
2.62,18.38,3.5959,91.4275,0.00000,0.03322
2.88,18.38,3.9049,78.5275,0.00000,0.04300
3.12,18.38,3.8811,63.5064,0.00000,0.05134
3.38,18.38,3.8401,54.4543,0.00000,0.05550
3.62,18.38,3.7989,52.3919,0.00000,0.04866
3.88,18.38,3.8324,54.6908,0.00000,0.04087
4.12,18.38,3.8367,58.9040,0.00000,0.03527
4.38,18.38,3.8502,61.6784,0.00000,0.03158
4.62,18.38,3.8578,64.7933,0.00000,0.02905
4.88,18.38,3.9071,68.6028,0.00000,0.02733
5.12,18.38,3.9232,72.4614,0.00000,0.02443
5.38,18.38,3.9652,75.4701,0.00000,0.02120
5.62,18.38,3.9614,76.4350,0.00000,0.01872
5.88,18.38,3.9551,76.0467,0.00000,0.01730
6.12,18.38,3.9513,75.0687,0.00000,0.01614
6.38,18.38,3.9754,74.5634,0.00000,0.01479
6.62,18.38,4.0122,74.9541,0.00000,0.01337
6.88,18.38,4.0116,74.8233,0.00000,0.01226
7.12,18.38,3.9985,74.1577,0.00001,0.01158
7.38,18.38,3.9881,74.2277,0.00032,0.01129
7.62,18.38,4.0182,75.5247,0.00389,0.01145
7.88,18.38,4.0468,78.3508,0.01743,0.01200
8.12,18.38,3.9914,82.2985,0.02889,0.01271
8.38,18.38,3.9467,82.8590,0.01814,0.01314
8.62,18.38,3.8030,74.8669,0.00555,0.01300
8.88,18.38,3.3162,59.5233,0.00670,0.01177
2.62,18.62,3.6123,95.9590,0.00000,0.02863
2.88,18.62,3.8155,83.5560,0.00000,0.03481
3.12,18.62,3.7776,68.4962,0.00000,0.03965
3.38,18.62,3.7885,59.1746,0.00000,0.04211
3.62,18.62,3.7458,57.7030,0.00000,0.03766
3.88,18.62,3.8316,61.2986,0.00000,0.03277
4.12,18.62,3.8502,67.0644,0.00000,0.02873
4.38,18.62,3.9103,70.4832,0.00000,0.02620
4.62,18.62,3.9216,72.1456,0.00000,0.02449
4.88,18.62,3.9356,73.7728,0.00000,0.02361
5.12,18.62,3.9493,75.5294,0.00000,0.02208
5.38,18.62,3.9760,76.9461,0.00000,0.01950
5.62,18.62,3.9911,77.1328,0.00000,0.01719
5.88,18.62,3.9829,75.9697,0.00000,0.01559
6.12,18.62,3.9634,74.4250,0.00000,0.01441
6.38,18.62,3.9765,73.6908,0.00000,0.01329
6.62,18.62,4.0118,73.9331,0.00000,0.01227
6.88,18.62,4.0374,73.8196,0.00000,0.01156
7.12,18.62,4.0292,72.9952,0.00000,0.01121
7.38,18.62,4.0126,72.2311,0.00003,0.01124
7.62,18.62,3.9950,72.4345,0.00032,0.01146
7.88,18.62,4.0316,74.1677,0.00143,0.01223
8.12,18.62,4.0738,78.4282,0.00237,0.01337
8.38,18.62,3.9931,84.3922,0.00177,0.01371
8.62,18.62,3.9498,86.1228,0.00445,0.01391
8.88,18.62,3.8512,77.6783,0.02073,0.01389
9.12,18.62,3.4363,62.3498,0.04607,0.01218
2.62,18.88,3.4488,88.5425,0.00000,0.02132
2.88,18.88,3.7923,85.0121,0.00000,0.02528
3.12,18.88,3.8022,77.4794,0.00000,0.02833
3.38,18.88,3.9064,69.6069,0.00000,0.03096
3.62,18.88,3.8835,66.1075,0.00000,0.02931
3.88,18.88,3.8777,67.9279,0.00000,0.02667
4.12,18.88,3.8914,72.3422,0.00000,0.02428
4.38,18.88,3.9299,75.2952,0.00000,0.02234
4.62,18.88,3.9770,75.6727,0.00000,0.02098
4.88,18.88,3.9629,75.1251,0.00000,0.02013
5.12,18.88,3.9523,75.2407,0.00000,0.01938
5.38,18.88,3.9638,75.4940,0.00000,0.01775
5.62,18.88,3.9826,75.6223,0.00000,0.01579
5.88,18.88,4.0081,74.7853,0.00000,0.01414
6.12,18.88,4.0052,73.3596,0.00000,0.01301
6.38,18.88,4.0047,73.0994,0.00000,0.01222
6.62,18.88,4.0164,73.5093,0.00000,0.01155
6.88,18.88,4.0392,73.2495,0.00000,0.01113
7.12,18.88,4.0606,72.6188,0.00000,0.01111
7.38,18.88,4.0404,71.9271,0.00000,0.01148
7.62,18.88,4.0174,71.4937,0.00001,0.01179
7.88,18.88,4.0093,72.5669,0.00004,0.01224
8.12,18.88,4.0552,75.6886,0.00009,0.01328
8.38,18.88,4.0792,80.8607,0.00058,0.01424
8.62,18.88,4.0081,86.5955,0.00660,0.01445
8.88,18.88,4.0044,88.0281,0.03062,0.01438
9.12,18.88,3.9667,81.1390,0.05875,0.01357
9.38,18.88,3.5430,67.0815,0.06141,0.01154
2.62,19.12,3.0491,66.3729,0.00000,0.01516
2.88,19.12,3.7616,75.8605,0.00000,0.01900
3.12,19.12,3.9261,81.8159,0.00000,0.02138
3.38,19.12,3.9345,79.7743,0.00000,0.02337
3.62,19.12,3.9832,74.2289,0.00000,0.02376
3.88,19.12,3.9322,71.9870,0.00000,0.02252
4.12,19.12,3.8980,73.4151,0.00000,0.02100
4.38,19.12,3.9227,74.8688,0.00000,0.01947
4.62,19.12,3.9654,74.9775,0.00000,0.01821
4.88,19.12,3.9813,74.1484,0.00000,0.01741
5.12,19.12,3.9705,73.6430,0.00000,0.01687
5.38,19.12,3.9585,73.5132,0.00000,0.01582
5.62,19.12,3.9749,73.5551,0.00000,0.01446
5.88,19.12,4.0046,73.1337,0.00000,0.01321
6.12,19.12,4.0323,72.2423,0.00000,0.01225
6.38,19.12,4.0396,72.2316,0.00000,0.01157
6.62,19.12,4.0316,72.7315,0.00000,0.01109
6.88,19.12,4.0282,72.5695,0.00000,0.01088
7.12,19.12,4.0544,71.9292,0.00000,0.01106
7.38,19.12,4.0681,71.7051,0.00000,0.01153
7.62,19.12,4.0411,71.8799,0.00000,0.01177
7.88,19.12,4.0256,72.4756,0.00000,0.01201
8.12,19.12,4.0217,74.3324,0.00001,0.01260
8.38,19.12,4.0607,77.5051,0.00033,0.01383
8.62,19.12,4.0945,82.1844,0.00400,0.01499
8.88,19.12,4.0289,88.6026,0.01873,0.01489
9.12,19.12,4.0370,92.3591,0.04101,0.01393
9.38,19.12,3.9792,88.7223,0.07808,0.01286
9.62,19.12,3.4488,87.0856,0.15909,0.01086
2.88,19.38,3.4155,57.8933,0.00000,0.01531
3.12,19.38,3.9100,72.3445,0.00000,0.01805
3.38,19.38,3.9355,80.7022,0.00000,0.01895
3.62,19.38,3.9031,80.6164,0.00000,0.01918
3.88,19.38,3.9340,76.6647,0.00002,0.01911
4.12,19.38,3.9250,74.4099,0.00003,0.01832
4.38,19.38,3.9093,73.5559,0.00002,0.01717
4.62,19.38,3.9427,72.7365,0.00000,0.01646
4.88,19.38,3.9673,72.3694,0.00000,0.01612
5.12,19.38,3.9947,72.3744,0.00000,0.01543
5.38,19.38,3.9825,72.1920,0.00000,0.01429
5.62,19.38,3.9695,71.9990,0.00000,0.01342
5.88,19.38,3.9883,71.6396,0.00000,0.01289
6.12,19.38,4.0261,71.1794,0.00000,0.01235
6.38,19.38,4.0648,71.3561,0.00000,0.01161
6.62,19.38,4.0526,71.7696,0.00000,0.01087
6.88,19.38,4.0326,71.9175,0.00000,0.01060
7.12,19.38,4.0352,71.5253,0.00000,0.01079
7.38,19.38,4.0525,71.1699,0.00000,0.01118
7.62,19.38,4.0679,71.9084,0.00000,0.01144
7.88,19.38,4.0481,73.0948,0.00000,0.01157
8.12,19.38,4.0303,74.4007,0.00000,0.01207
8.38,19.38,4.0173,76.2125,0.00007,0.01302
8.62,19.38,4.0594,79.3837,0.00093,0.01465
8.88,19.38,4.1045,85.2704,0.00554,0.01592
9.12,19.38,4.0442,93.7263,0.02724,0.01510
9.38,19.38,4.0652,102.4258,0.11787,0.01388
9.62,19.38,3.9755,112.2606,0.30466,0.01289
9.88,19.38,3.5423,120.6786,0.46317,0.01132
3.12,19.62,3.4163,56.4803,0.00000,0.01475
3.38,19.62,3.8077,74.6625,0.00001,0.01622
3.62,19.62,3.8707,86.2503,0.00014,0.01628
3.88,19.62,3.8664,85.4154,0.00060,0.01617
4.12,19.62,3.9542,78.9508,0.00099,0.01627
4.38,19.62,3.9341,74.2680,0.00060,0.01593
4.62,19.62,3.9032,71.7272,0.00013,0.01576
4.88,19.62,3.9366,70.8453,0.00001,0.01586
5.12,19.62,3.9728,71.4299,0.00000,0.01491
5.38,19.62,4.0002,71.8010,0.00000,0.01362
5.62,19.62,3.9909,71.3517,0.00000,0.01291
5.88,19.62,3.9825,70.9315,0.00000,0.01261
6.12,19.62,4.0104,70.8404,0.00000,0.01250
6.38,19.62,4.0479,71.2073,0.00000,0.01184
6.62,19.62,4.0640,71.5815,0.00000,0.01083
6.88,19.62,4.0488,71.8257,0.00000,0.01037
7.12,19.62,4.0376,71.8141,0.00000,0.01064
7.38,19.62,4.0304,71.5733,0.00000,0.01107
7.62,19.62,4.0490,71.8620,0.00000,0.01133
7.88,19.62,4.0728,73.3192,0.00000,0.01131
8.12,19.62,4.0498,75.2092,0.00000,0.01167
8.38,19.62,4.0262,76.5123,0.00001,0.01248
8.62,19.62,4.0203,78.8898,0.00012,0.01374
8.88,19.62,4.0778,83.3397,0.00218,0.01562
9.12,19.62,4.1321,90.4426,0.02598,0.01667
9.38,19.62,4.1656,101.8398,0.14980,0.01621
9.62,19.62,4.2605,114.0731,0.42095,0.01537
9.88,19.62,4.2296,113.4625,0.62953,0.01448
10.12,19.62,3.7947,88.4837,0.58056,0.01290
3.38,19.88,3.2824,74.0702,0.00021,0.01309
3.62,19.88,3.7419,95.6498,0.00189,0.01439
3.88,19.88,3.8538,97.6344,0.00756,0.01452
4.12,19.88,3.8916,89.1724,0.01209,0.01484
4.38,19.88,3.9545,80.2349,0.00731,0.01557
4.62,19.88,3.9290,74.1270,0.00166,0.01582
4.88,19.88,3.9118,71.4633,0.00015,0.01568
5.12,19.88,3.9420,71.3982,0.00001,0.01479
5.38,19.88,3.9698,72.0017,0.00000,0.01364
5.62,19.88,4.0055,71.5112,0.00000,0.01276
5.88,19.88,4.0059,70.8496,0.00000,0.01211
6.12,19.88,4.0011,71.0476,0.00000,0.01182
6.38,19.88,4.0254,71.6827,0.00000,0.01142
6.62,19.88,4.0545,72.0730,0.00000,0.01076
6.88,19.88,4.0670,72.4060,0.00000,0.01050
7.12,19.88,4.0494,72.5285,0.00000,0.01098
7.38,19.88,4.0293,72.5500,0.00000,0.01186
7.62,19.88,4.0245,72.6094,0.00000,0.01240
7.88,19.88,4.0527,73.3501,0.00000,0.01208
8.12,19.88,4.0776,75.1786,0.00000,0.01183
8.38,19.88,4.0529,76.7586,0.00000,0.01228
8.62,19.88,4.0395,78.5520,0.00005,0.01336
8.88,19.88,4.0338,81.7830,0.00185,0.01491
9.12,19.88,4.0807,86.6630,0.02486,0.01693
9.38,19.88,4.2322,93.7945,0.14154,0.01859
9.62,19.88,4.3037,102.2866,0.38143,0.01840
9.88,19.88,4.3532,104.4799,0.56294,0.01708
10.12,19.88,4.3488,91.2744,0.62262,0.01599
10.38,19.88,3.9232,69.1747,0.74652,0.01399
3.62,20.12,3.2795,107.2735,0.01137,0.01181
3.88,20.12,3.7855,104.4200,0.03797,0.01332
4.12,20.12,3.9029,101.3395,0.05600,0.01414
4.38,20.12,3.9039,93.3983,0.03352,0.01500
4.62,20.12,3.9649,82.1864,0.00840,0.01589
4.88,20.12,3.9485,75.4312,0.00134,0.01587
5.12,20.12,3.9184,73.3055,0.00025,0.01502
5.38,20.12,3.9410,72.8218,0.00005,0.01401
5.62,20.12,3.9757,72.2261,0.00001,0.01267
5.88,20.12,4.0161,71.6197,0.00000,0.01170
6.12,20.12,4.0158,71.5813,0.00000,0.01128
6.38,20.12,4.0113,72.1831,0.00000,0.01098
6.62,20.12,4.0329,72.6731,0.00000,0.01069
6.88,20.12,4.0556,72.8707,0.00000,0.01078
7.12,20.12,4.0670,73.0074,0.00000,0.01158
7.38,20.12,4.0489,73.1472,0.00000,0.01298
7.62,20.12,4.0368,73.4003,0.00000,0.01433
7.88,20.12,4.0329,73.9017,0.00000,0.01398
8.12,20.12,4.0639,74.8559,0.00000,0.01273
8.38,20.12,4.0967,76.1675,0.00000,0.01249
8.62,20.12,4.0669,77.8413,0.00003,0.01340
8.88,20.12,4.0324,80.1536,0.00100,0.01482
9.12,20.12,4.0183,83.4971,0.01317,0.01644
9.38,20.12,4.1358,87.9057,0.07136,0.01878
9.62,20.12,4.2492,92.8335,0.18296,0.02062
9.88,20.12,4.2411,98.3672,0.30569,0.02001
10.12,20.12,4.4072,98.5355,0.55914,0.01864
10.38,20.12,4.4987,87.2975,1.00123,0.01705
10.62,20.12,4.1236,67.3373,1.28689,0.01437
3.88,20.38,3.3204,105.3125,0.08426,0.01131
4.12,20.38,3.8002,116.7433,0.10525,0.01338
4.38,20.38,3.8966,111.0178,0.06431,0.01444
4.62,20.38,3.9000,95.5319,0.02660,0.01529
4.88,20.38,3.9706,83.6787,0.01192,0.01597
5.12,20.38,3.9465,77.6271,0.00470,0.01534
5.38,20.38,3.9167,75.0390,0.00144,0.01401
5.62,20.38,3.9474,73.9682,0.00025,0.01245
5.88,20.38,3.9867,73.5829,0.00002,0.01149
6.12,20.38,4.0340,73.4190,0.00000,0.01111
6.38,20.38,4.0268,73.2981,0.00000,0.01082
6.62,20.38,4.0100,73.2864,0.00000,0.01064
6.88,20.38,4.0325,72.9529,0.00000,0.01103
7.12,20.38,4.0622,72.7130,0.00000,0.01224
7.38,20.38,4.0745,72.8931,0.00000,0.01409
7.62,20.38,4.0568,73.4128,0.00000,0.01575
7.88,20.38,4.0394,74.2308,0.00000,0.01588
8.12,20.38,4.0384,74.9681,0.00000,0.01428
8.38,20.38,4.0779,75.5892,0.00000,0.01332
8.62,20.38,4.0995,76.8707,0.00001,0.01383
8.88,20.38,4.0545,78.8584,0.00022,0.01486
9.12,20.38,4.0237,81.0382,0.00284,0.01605
9.38,20.38,4.0622,84.4226,0.01509,0.01774
9.62,20.38,4.1383,88.1679,0.04071,0.02038
9.88,20.38,4.1988,92.8649,0.11119,0.02224
10.12,20.38,4.3317,98.0551,0.39704,0.02149
10.38,20.38,4.5864,97.1753,0.97291,0.01924
10.62,20.38,4.6816,84.3464,1.46850,0.01681
10.88,20.38,4.2160,64.4334,1.56078,0.01407
4.12,20.62,3.3358,133.3962,0.09674,0.01174
4.38,20.62,3.8353,117.0245,0.08307,0.01391
4.62,20.62,3.9333,103.6902,0.08632,0.01482
4.88,20.62,3.9371,94.9546,0.07359,0.01520
5.12,20.62,3.9951,85.8816,0.04349,0.01497
5.38,20.62,3.9631,79.6847,0.01649,0.01372
5.62,20.62,3.9279,77.2771,0.00312,0.01230
5.88,20.62,3.9571,76.3243,0.00025,0.01168
6.12,20.62,4.0000,76.1607,0.00001,0.01120
6.38,20.62,4.0409,75.7053,0.00000,0.01088
6.62,20.62,4.0290,74.4638,0.00000,0.01089
6.88,20.62,4.0229,73.1417,0.00000,0.01131
7.12,20.62,4.0478,72.3753,0.00000,0.01282
7.38,20.62,4.0726,72.2877,0.00000,0.01530
7.62,20.62,4.0769,72.8793,0.00000,0.01681
7.88,20.62,4.0571,73.6713,0.00000,0.01695
8.12,20.62,4.0431,74.3990,0.00000,0.01600
8.38,20.62,4.0408,75.0004,0.00000,0.01482
8.62,20.62,4.0654,75.6280,0.00000,0.01453
8.88,20.62,4.0864,77.1350,0.00004,0.01495
9.12,20.62,4.0509,79.2645,0.00026,0.01570
9.38,20.62,4.0436,82.1778,0.00131,0.01693
9.62,20.62,4.0455,85.0669,0.00607,0.01874
9.88,20.62,4.0847,87.8192,0.04641,0.02118
10.12,20.62,4.2425,91.3484,0.23967,0.02255
10.38,20.62,4.3939,94.8630,0.65444,0.02102
10.62,20.62,4.5740,92.2887,1.15863,0.01829
10.88,20.62,4.6095,81.9090,1.54358,0.01644
11.12,20.62,4.0793,78.1329,1.54628,0.01438
4.38,20.88,3.4028,94.9114,0.12716,0.01219
4.62,20.88,3.9178,97.6876,0.20639,0.01421
4.88,20.88,4.0325,105.7583,0.23432,0.01473
5.12,20.88,4.0142,100.1597,0.17540,0.01428
5.38,20.88,4.0371,89.1384,0.07541,0.01357
5.62,20.88,3.9675,82.7340,0.01604,0.01272
5.88,20.88,3.9352,79.5630,0.00166,0.01230
6.12,20.88,3.9679,78.4954,0.00010,0.01179
6.38,20.88,4.0083,78.0853,0.00000,0.01134
6.62,20.88,4.0465,76.2860,0.00000,0.01129
6.88,20.88,4.0452,74.0518,0.00000,0.01143
7.12,20.88,4.0346,72.8172,0.00000,0.01251
7.38,20.88,4.0483,72.2923,0.00000,0.01499
7.62,20.88,4.0622,72.2019,0.00000,0.01692
7.88,20.88,4.0705,72.4444,0.00000,0.01747
8.12,20.88,4.0545,72.9687,0.00000,0.01735
8.38,20.88,4.0384,73.7867,0.00001,0.01624
8.62,20.88,4.0302,74.5197,0.00014,0.01515
8.88,20.88,4.0630,75.3878,0.00061,0.01508
9.12,20.88,4.0911,77.3928,0.00102,0.01574
9.38,20.88,4.0563,80.4748,0.00072,0.01671
9.62,20.88,4.0230,82.5415,0.00177,0.01771
9.88,20.88,4.0128,83.7190,0.01967,0.01911
10.12,20.88,4.0890,85.7631,0.10179,0.02140
10.38,20.88,4.1977,89.5405,0.27222,0.02257
10.62,20.88,4.2886,92.5256,0.58719,0.02086
10.88,20.88,4.5004,93.9545,1.11120,0.01864
11.12,20.88,4.4309,101.4571,1.38005,0.01698
11.38,20.88,3.6350,111.8373,0.98117,0.01373
4.62,21.12,3.5084,97.3153,0.29795,0.01228
4.88,21.12,4.0076,123.9447,0.36851,0.01396
5.12,21.12,4.0471,122.0315,0.30923,0.01391
5.38,21.12,4.0017,104.9118,0.16635,0.01346
5.62,21.12,4.0004,91.5318,0.05585,0.01344
5.88,21.12,3.9506,84.2849,0.01162,0.01331
6.12,21.12,3.9397,81.1256,0.00142,0.01261
6.38,21.12,3.9832,79.5954,0.00009,0.01205
6.62,21.12,4.0217,77.6447,0.00000,0.01176
6.88,21.12,4.0653,75.5932,0.00000,0.01158
7.12,21.12,4.0533,74.1283,0.00000,0.01196
7.38,21.12,4.0337,73.0409,0.00000,0.01334
7.62,21.12,4.0325,72.1472,0.00000,0.01544
7.88,21.12,4.0508,71.7341,0.00000,0.01798
8.12,21.12,4.0699,72.0458,0.00000,0.01949
8.38,21.12,4.0492,72.6744,0.00014,0.01793
8.62,21.12,4.0275,73.4778,0.00166,0.01583
8.88,21.12,4.0252,74.1186,0.00752,0.01542
9.12,21.12,4.0639,75.1803,0.01279,0.01632
9.38,21.12,4.0876,77.6408,0.00843,0.01727
9.62,21.12,4.0451,79.8605,0.00265,0.01767
9.88,21.12,4.0150,81.0542,0.00463,0.01833
10.12,21.12,4.0225,83.3661,0.02338,0.02012
10.38,21.12,4.0750,87.5516,0.07179,0.02250
10.62,21.12,4.1815,91.9597,0.21616,0.02297
10.88,21.12,4.3212,98.1714,0.57685,0.02092
11.12,21.12,4.3671,108.1369,0.84098,0.01873
11.38,21.12,4.0045,109.3492,0.59006,0.01625
11.62,21.12,3.3176,87.9356,0.28555,0.01347
4.88,21.38,3.4448,156.5075,0.31685,0.01166
5.12,21.38,3.8671,146.4498,0.34010,0.01310
5.38,21.38,3.9833,122.1784,0.32895,0.01357
5.62,21.38,3.9863,103.6638,0.21334,0.01385
5.88,21.38,4.0049,92.2464,0.07613,0.01400
6.12,21.38,3.9647,85.9301,0.01381,0.01319
6.38,21.38,3.9466,82.1643,0.00129,0.01243
6.62,21.38,3.9823,78.9657,0.00008,0.01209
6.88,21.38,4.0212,77.0971,0.00000,0.01168
7.12,21.38,4.0528,75.9767,0.00000,0.01172
7.38,21.38,4.0377,74.5077,0.00000,0.01245
7.62,21.38,4.0091,73.0495,0.00000,0.01429
7.88,21.38,4.0169,72.3271,0.00000,0.01845
8.12,21.38,4.0515,72.3620,0.00002,0.02221
8.38,21.38,4.0617,72.5709,0.00061,0.02088
8.62,21.38,4.0443,72.8828,0.00752,0.01751
8.88,21.38,4.0486,73.3940,0.03476,0.01639
9.12,21.38,4.0552,73.8952,0.06221,0.01700
9.38,21.38,4.0728,74.7984,0.04637,0.01774
9.62,21.38,4.0831,76.5520,0.01692,0.01825
9.88,21.38,4.0325,78.9282,0.00488,0.01866
10.12,21.38,4.0044,82.2269,0.00613,0.01967
10.38,21.38,4.0311,86.9946,0.02505,0.02146
10.62,21.38,4.1035,92.0985,0.08983,0.02249
10.88,21.38,4.2409,97.7052,0.24489,0.02223
11.12,21.38,4.2812,105.5953,0.36446,0.02089
11.38,21.38,4.1622,108.0744,0.29942,0.01894
11.62,21.38,3.9605,95.6730,0.37448,0.01723
11.88,21.38,3.5877,72.5325,0.67872,0.01482
5.12,21.62,3.3305,151.9919,0.44033,0.01119
5.38,21.62,3.9336,124.4824,0.64522,0.01333
5.62,21.62,4.1229,112.9023,0.57795,0.01416
5.88,21.62,4.0489,103.8005,0.27866,0.01387
6.12,21.62,4.0125,94.0648,0.07039,0.01344
6.38,21.62,3.9623,87.1459,0.01161,0.01311
6.62,21.62,3.9482,82.0671,0.00149,0.01253
6.88,21.62,3.9734,79.3401,0.00011,0.01186
7.12,21.62,4.0009,77.8779,0.00000,0.01168
7.38,21.62,4.0307,76.1385,0.00000,0.01229
7.62,21.62,4.0144,74.3670,0.00000,0.01392
7.88,21.62,3.9980,73.4183,0.00000,0.01752
8.12,21.62,4.0172,73.2889,0.00003,0.02179
8.38,21.62,4.0397,73.2819,0.00102,0.02242
8.62,21.62,4.0617,73.1962,0.01279,0.01956
8.88,21.62,4.0929,73.1289,0.06220,0.01782
9.12,21.62,4.1074,73.1089,0.12575,0.01791
9.38,21.62,4.0812,73.2084,0.12124,0.01813
9.62,21.62,4.0756,74.1919,0.07025,0.01862
9.88,21.62,4.0774,77.1711,0.03351,0.01926
10.12,21.62,4.0302,81.5434,0.01799,0.01986
10.38,21.62,4.0343,86.3173,0.03163,0.02122
10.62,21.62,4.0694,91.2848,0.06909,0.02212
10.88,21.62,4.1275,95.3290,0.11617,0.02279
11.12,21.62,4.2233,100.2352,0.16091,0.02334
11.38,21.62,4.1732,105.5211,0.23221,0.02201
11.62,21.62,4.2287,104.5295,0.56837,0.02011
11.88,21.62,4.2726,90.3495,0.98340,0.01794
12.12,21.62,3.7084,67.8747,0.88760,0.01441
5.38,21.88,3.6672,115.3984,0.86685,0.01233
5.62,21.88,4.3126,124.4757,0.87453,0.01468
5.88,21.88,4.2605,120.6535,0.53888,0.01463
6.12,21.88,4.0283,105.6520,0.23462,0.01402
6.38,21.88,3.9922,94.3341,0.08161,0.01416
6.62,21.88,3.9595,88.0517,0.01706,0.01353
6.88,21.88,3.9373,84.3154,0.00177,0.01241
7.12,21.88,3.9645,80.8994,0.00009,0.01209
7.38,21.88,3.9979,77.7711,0.00000,0.01258
7.62,21.88,4.0214,75.6776,0.00000,0.01403
7.88,21.88,4.0095,74.5614,0.00000,0.01661
8.12,21.88,3.9972,74.2544,0.00002,0.01964
8.38,21.88,4.0065,74.1332,0.00064,0.02150
8.62,21.88,4.0435,73.8511,0.00842,0.02111
8.88,21.88,4.0950,73.4718,0.04622,0.01993
9.12,21.88,4.1172,73.1189,0.11993,0.01912
9.38,21.88,4.1216,73.1133,0.17495,0.01923
9.62,21.88,4.1118,73.7650,0.17248,0.01963
9.88,21.88,4.1070,76.0913,0.12430,0.02015
10.12,21.88,4.0851,80.7076,0.06225,0.02063
10.38,21.88,4.0435,85.8942,0.05315,0.02163
10.62,21.88,4.0499,90.4068,0.08048,0.02273
10.88,21.88,4.0293,92.7954,0.08254,0.02402
11.12,21.88,4.1109,94.7242,0.10812,0.02587
11.38,21.88,4.2313,98.4143,0.25294,0.02602
11.62,21.88,4.3373,102.4735,0.59424,0.02388
11.88,21.88,4.4284,99.3862,0.88135,0.02038
12.12,21.88,4.2085,84.8309,0.79495,0.01713
12.38,21.88,3.5325,66.2381,0.59435,0.01423
5.62,22.12,4.0401,153.3547,0.81077,0.01402
5.88,22.12,4.4473,144.3497,0.73668,0.01574
6.12,22.12,4.2883,120.7598,0.62487,0.01551
6.38,22.12,4.0775,105.1283,0.34474,0.01516
6.62,22.12,4.0167,97.4775,0.09711,0.01471
6.88,22.12,3.9611,91.5252,0.01422,0.01357
7.12,22.12,3.9382,85.2860,0.00120,0.01303
7.38,22.12,3.9614,80.1873,0.00007,0.01348
7.62,22.12,3.9781,77.2776,0.00000,0.01451
7.88,22.12,4.0182,76.1515,0.00000,0.01631
8.12,22.12,4.0174,75.6388,0.00000,0.01825
8.38,22.12,3.9906,75.1828,0.00015,0.01985
8.62,22.12,4.0089,74.7971,0.00230,0.02141
8.88,22.12,4.0511,74.6145,0.01617,0.02165
9.12,22.12,4.0863,74.6803,0.06220,0.02028
9.38,22.12,4.1224,74.6727,0.14611,0.02027
9.62,22.12,4.1497,74.8394,0.21783,0.02108
9.88,22.12,4.1066,76.3966,0.19885,0.02155
10.12,22.12,4.0525,80.2122,0.10894,0.02204
10.38,22.12,4.0388,85.1558,0.06988,0.02325
10.62,22.12,4.0284,88.9970,0.09462,0.02447
10.88,22.12,4.0122,90.1724,0.09493,0.02656
11.12,22.12,4.0482,91.1166,0.10084,0.02902
11.38,22.12,4.1995,93.2744,0.24692,0.02978
11.62,22.12,4.3827,96.2735,0.49536,0.02832
11.88,22.12,4.3941,97.8698,0.65577,0.02379
12.12,22.12,4.3726,93.0617,0.74268,0.02001
12.38,22.12,4.1364,84.9941,0.77077,0.01812
12.62,22.12,3.5352,88.3266,0.69607,0.01612
5.88,22.38,4.0588,155.9218,0.94016,0.01442
6.12,22.38,4.3872,126.6345,1.08246,0.01586
6.38,22.38,4.2197,116.2428,0.74348,0.01583
6.62,22.38,4.0294,110.3874,0.28729,0.01524
6.88,22.38,4.0169,99.8624,0.06580,0.01468
7.12,22.38,3.9668,90.2417,0.01019,0.01432
7.38,22.38,3.9203,83.8590,0.00120,0.01453
7.62,22.38,3.9272,79.9366,0.00011,0.01545
7.88,22.38,3.9680,78.3241,0.00001,0.01654
8.12,22.38,4.0088,77.6341,0.00000,0.01758
8.38,22.38,3.9977,76.7271,0.00002,0.01875
8.62,22.38,3.9867,76.0993,0.00030,0.02025
8.88,22.38,4.0092,76.3241,0.00306,0.02103
9.12,22.38,4.0371,76.7951,0.01846,0.02047
9.38,22.38,4.0762,76.7048,0.06415,0.02032
9.62,22.38,4.0904,76.5144,0.12657,0.02138
9.88,22.38,4.0556,77.4673,0.15523,0.02276
10.12,22.38,4.0119,79.9319,0.13740,0.02410
10.38,22.38,4.0464,83.0752,0.13493,0.02602
10.62,22.38,4.0867,84.9819,0.18613,0.02750
10.88,22.38,4.0554,86.1255,0.17752,0.02910
11.12,22.38,4.0608,88.3978,0.11772,0.03126
11.38,22.38,4.1360,90.8170,0.18444,0.03214
11.62,22.38,4.2593,91.9923,0.35389,0.03073
11.88,22.38,4.3394,92.5510,0.49907,0.02734
12.12,22.38,4.3261,92.6443,0.68023,0.02393
12.38,22.38,4.2654,96.7265,0.79575,0.02194
12.62,22.38,4.1103,114.9203,0.80913,0.02121
12.88,22.38,3.6630,153.2388,0.80505,0.01971
6.12,22.62,3.8118,119.6870,1.11862,0.01372
6.38,22.62,4.0908,129.2456,0.90207,0.01528
6.62,22.62,4.0432,127.3764,0.50376,0.01537
6.88,22.62,4.0037,110.8077,0.20553,0.01511
7.12,22.62,4.0063,96.7234,0.06486,0.01515
7.38,22.62,3.9296,88.8472,0.01483,0.01529
7.62,22.62,3.9018,84.2292,0.00238,0.01611
7.88,22.62,3.9418,81.7679,0.00026,0.01702
8.12,22.62,3.9666,80.5898,0.00002,0.01735
8.38,22.62,3.9997,79.3611,0.00000,0.01834
8.62,22.62,3.9922,77.9717,0.00002,0.01968
8.88,22.62,3.9783,77.8673,0.00033,0.02046
9.12,22.62,3.9958,78.4534,0.00290,0.02065
9.38,22.62,4.0229,78.1531,0.01356,0.02037
9.62,22.62,4.0334,77.6266,0.04072,0.02126
9.88,22.62,4.0381,77.5588,0.09677,0.02363
10.12,22.62,4.0576,78.2631,0.15417,0.02629
10.38,22.62,4.1042,79.7405,0.21215,0.02875
10.62,22.62,4.1660,79.7020,0.32543,0.03047
10.88,22.62,4.1412,80.5066,0.33143,0.03123
11.12,22.62,4.0717,84.1012,0.19946,0.03191
11.38,22.62,4.0974,87.0073,0.16469,0.03292
11.62,22.62,4.1169,87.8857,0.27335,0.03204
11.88,22.62,4.1974,88.8598,0.40109,0.03042
12.12,22.62,4.2634,91.8012,0.52330,0.02925
12.38,22.62,4.1848,99.8665,0.58372,0.02768
12.62,22.62,4.2163,118.0427,0.67810,0.02730
12.88,22.62,4.2384,148.2511,0.85882,0.02741
13.12,22.62,3.8334,179.3994,0.86699,0.02518
6.38,22.88,3.4572,156.6530,0.75793,0.01280
6.62,22.88,3.9121,149.1161,0.64508,0.01463
6.88,22.88,4.0726,125.6707,0.49347,0.01521
7.12,22.88,4.0261,106.4444,0.28609,0.01505
7.38,22.88,3.9874,95.8988,0.10814,0.01541
7.62,22.88,3.9320,90.5198,0.02519,0.01619
7.88,22.88,3.9116,87.1669,0.00332,0.01676
8.12,22.88,3.9307,84.6466,0.00021,0.01691
8.38,22.88,3.9675,82.5435,0.00001,0.01764
8.62,22.88,3.9967,80.2936,0.00000,0.01908
8.88,22.88,3.9809,79.1573,0.00002,0.02011
9.12,22.88,3.9737,79.5643,0.00022,0.02038
9.38,22.88,3.9941,79.4313,0.00173,0.02041
9.62,22.88,4.0049,78.4891,0.01155,0.02151
9.88,22.88,4.0221,77.3521,0.04652,0.02399
10.12,22.88,4.0440,76.4616,0.09821,0.02709
10.38,22.88,4.1089,76.4275,0.19451,0.03023
10.62,22.88,4.2078,75.3867,0.40408,0.03275
10.88,22.88,4.2502,74.5938,0.53202,0.03391
11.12,22.88,4.1725,77.0785,0.40256,0.03399
11.38,22.88,4.0918,80.9032,0.23330,0.03426
11.62,22.88,4.0526,83.4999,0.24712,0.03452
11.88,22.88,4.1510,86.2286,0.41629,0.03505
12.12,22.88,4.3001,91.0558,0.56440,0.03545
12.38,22.88,4.2678,98.0328,0.51398,0.03529
12.62,22.88,4.1777,107.8882,0.47438,0.03507
12.88,22.88,4.2790,124.5998,0.69270,0.03513
13.12,22.88,4.2741,144.5321,0.85628,0.03407
13.38,22.88,3.6080,159.9531,0.70097,0.02927
6.62,23.12,3.4942,171.6308,0.74075,0.01275
6.88,23.12,4.1134,142.8743,0.88280,0.01504
7.12,23.12,4.1970,117.8248,0.76595,0.01544
7.38,23.12,4.0852,104.9665,0.40967,0.01551
7.62,23.12,4.0264,99.5303,0.12189,0.01619
7.88,23.12,3.9595,94.7683,0.01885,0.01650
8.12,23.12,3.9149,90.0048,0.00146,0.01657
8.38,23.12,3.9442,86.1960,0.00007,0.01721
8.62,23.12,3.9755,83.4973,0.00000,0.01841
8.88,23.12,3.9852,81.8385,0.00000,0.01961
9.12,23.12,3.9722,81.0302,0.00001,0.02018
9.38,23.12,3.9722,80.3503,0.00020,0.02084
9.62,23.12,3.9840,79.2226,0.00222,0.02245
9.88,23.12,3.9901,77.5900,0.01120,0.02479
10.12,23.12,3.9911,75.9210,0.03816,0.02772
10.38,23.12,4.0679,74.5265,0.13965,0.03150
10.62,23.12,4.2095,72.8147,0.37266,0.03512
10.88,23.12,4.2799,70.8823,0.60230,0.03690
11.12,23.12,4.2506,71.0738,0.60625,0.03789
11.38,23.12,4.1494,75.0180,0.40433,0.03827
11.62,23.12,4.0526,79.6997,0.28209,0.03890
11.88,23.12,4.1863,83.1970,0.43813,0.04117
12.12,23.12,4.3190,87.3419,0.64753,0.04210
12.38,23.12,4.2454,93.5290,0.53185,0.04216
12.62,23.12,4.1748,99.8475,0.37321,0.04297
12.88,23.12,4.1489,107.2560,0.53976,0.04274
13.12,23.12,4.2159,116.2014,0.77583,0.04257
13.38,23.12,4.0170,129.7969,0.79622,0.04045
13.62,23.12,3.3687,152.2118,0.72957,0.03494
6.88,23.38,3.7703,146.0297,1.11808,0.01385
7.12,23.38,4.3136,115.9361,1.17172,0.01600
7.38,23.38,4.2902,107.3830,0.76463,0.01622
7.62,23.38,4.0650,107.6069,0.28149,0.01617
7.88,23.38,3.9998,103.0973,0.05810,0.01682
8.12,23.38,3.9392,96.0790,0.00883,0.01737
8.38,23.38,3.9100,90.4981,0.00119,0.01777
8.62,23.38,3.9490,87.4824,0.00009,0.01878
8.88,23.38,3.9629,85.7039,0.00000,0.02000
9.12,23.38,3.9647,83.7212,0.00000,0.02101
9.38,23.38,3.9605,81.5318,0.00001,0.02224
9.62,23.38,3.9590,79.9555,0.00020,0.02406
9.88,23.38,3.9750,78.5749,0.00164,0.02640
10.12,23.38,3.9802,76.5630,0.01279,0.02937
10.38,23.38,4.0085,74.4801,0.06701,0.03307
10.62,23.38,4.0803,72.6048,0.20038,0.03675
10.88,23.38,4.1504,70.6827,0.40739,0.03927
11.12,23.38,4.1899,69.4937,0.59809,0.04199
11.38,23.38,4.1927,71.4182,0.60257,0.04449
11.62,23.38,4.1069,75.5661,0.45798,0.04587
11.88,23.38,4.1202,78.8280,0.43394,0.04785
12.12,23.38,4.1729,81.8604,0.50393,0.04979
12.38,23.38,4.0594,87.5847,0.38026,0.05135
12.62,23.38,4.0845,94.4700,0.31688,0.05283
12.88,23.38,4.1647,100.1491,0.51422,0.05314
13.12,23.38,4.1726,102.7037,0.77678,0.05394
13.38,23.38,4.3055,110.0199,1.02661,0.05547
13.62,23.38,4.2118,135.2925,1.15199,0.05501
13.88,23.38,3.6690,174.9907,1.06365,0.05096
7.12,23.62,3.8965,90.1221,1.05709,0.01437
7.38,23.62,4.3090,95.0351,0.76925,0.01618
7.62,23.62,4.1698,107.7619,0.38276,0.01649
7.88,23.62,3.9699,109.6103,0.16488,0.01691
8.12,23.62,3.9584,103.0278,0.06427,0.01831
8.38,23.62,3.9232,96.3678,0.01406,0.01907
8.62,23.62,3.8981,92.9552,0.00146,0.01985
8.88,23.62,3.9257,90.4361,0.00012,0.02144
9.12,23.62,3.9331,87.4779,0.00003,0.02313
9.38,23.62,3.9415,84.1862,0.00001,0.02449
9.62,23.62,3.9420,81.4547,0.00002,0.02608
9.88,23.62,3.9515,79.8246,0.00021,0.02826
10.12,23.62,3.9563,77.8190,0.00254,0.03136
10.38,23.62,3.9494,75.5584,0.01490,0.03531
10.62,23.62,3.9562,73.9324,0.05481,0.03910
10.88,23.62,4.0170,72.3870,0.17534,0.04278
11.12,23.62,4.1138,70.4687,0.43721,0.04760
11.38,23.62,4.2134,69.5120,0.69697,0.05264
11.62,23.62,4.2205,70.6699,0.71250,0.05630
11.88,23.62,4.1685,72.9429,0.58944,0.05924
12.12,23.62,4.1371,76.4102,0.45854,0.06267
12.38,23.62,4.0295,82.2124,0.28221,0.06589
12.62,23.62,4.0248,89.2525,0.32447,0.06552
12.88,23.62,4.1974,93.8615,0.60496,0.06457
13.12,23.62,4.3313,93.8430,0.94376,0.06692
13.38,23.62,4.6002,95.0709,1.41570,0.07161
13.62,23.62,4.7680,110.7371,1.67446,0.07763
13.88,23.62,4.3777,139.2015,1.49604,0.08314
14.12,23.62,3.3077,154.5297,1.05555,0.08596
7.38,23.88,3.8484,73.9568,0.54155,0.01476
7.62,23.88,4.2473,95.5697,0.50221,0.01692
7.88,23.88,4.1607,108.3833,0.48899,0.01735
8.12,23.88,4.0017,109.0598,0.28346,0.01834
8.38,23.88,3.9897,104.0018,0.07796,0.01994
8.62,23.88,3.9309,100.1602,0.01227,0.02127
8.88,23.88,3.8869,96.6641,0.00258,0.02323
9.12,23.88,3.8950,92.5454,0.00108,0.02577
9.38,23.88,3.9135,88.5469,0.00058,0.02738
9.62,23.88,3.9300,84.5202,0.00031,0.02861
9.88,23.88,3.9358,81.2923,0.00014,0.03049
10.12,23.88,3.9244,79.1773,0.00026,0.03328
10.38,23.88,3.9214,77.3447,0.00150,0.03734
10.62,23.88,3.9160,75.8510,0.00981,0.04209
10.88,23.88,3.9432,74.3879,0.06579,0.04775
11.12,23.88,4.0490,72.0663,0.26772,0.05554
11.38,23.88,4.1485,69.7618,0.57126,0.06344
11.62,23.88,4.1973,68.6838,0.74215,0.07073
11.88,23.88,4.2077,69.5581,0.72930,0.07851
12.12,23.88,4.1613,73.8681,0.53924,0.08448
12.38,23.88,4.0334,79.8303,0.31143,0.08591
12.62,23.88,4.0284,84.7519,0.41451,0.08061
12.88,23.88,4.1887,85.6578,0.72772,0.07522
13.12,23.88,4.3110,83.1052,1.03194,0.07623
13.38,23.88,4.5865,79.7819,1.60646,0.08321
13.62,23.88,4.6642,83.0655,1.96501,0.09717
13.88,23.88,4.3488,94.0367,1.66657,0.12351
14.12,23.88,3.6328,94.6185,1.03870,0.14840
14.38,23.88,2.6399,67.5887,0.47451,0.14408
7.62,24.12,3.8378,75.6009,0.73401,0.01510
7.88,24.12,4.1848,99.0193,0.88949,0.01677
8.12,24.12,4.0705,113.7445,0.59324,0.01775
8.38,24.12,3.9938,114.1587,0.22513,0.01948
8.62,24.12,4.0116,109.1125,0.06901,0.02204
8.88,24.12,3.9370,103.7950,0.02890,0.02451
9.12,24.12,3.8683,98.7497,0.01525,0.02679
9.38,24.12,3.8959,94.1657,0.01024,0.02911
9.62,24.12,3.9227,89.0540,0.00683,0.03102
9.88,24.12,3.9187,83.9070,0.00370,0.03286
10.12,24.12,3.9023,80.5844,0.00168,0.03548
10.38,24.12,3.9036,79.1304,0.00111,0.03987
10.62,24.12,3.9131,78.2150,0.00311,0.04638
10.88,24.12,3.9074,76.6590,0.02287,0.05440
11.12,24.12,3.9421,74.2008,0.11047,0.06543
11.38,24.12,3.9648,71.8014,0.27269,0.07936
11.62,24.12,4.0151,69.9757,0.46121,0.09535
11.88,24.12,4.1154,69.1513,0.63285,0.11276
12.12,24.12,4.1388,72.2267,0.59389,0.12596
12.38,24.12,4.0167,78.0439,0.39605,0.12543
12.62,24.12,3.9594,80.6133,0.43203,0.11111
12.88,24.12,4.0268,77.0084,0.58539,0.09442
13.12,24.12,3.9702,70.7123,0.67192,0.08580
13.38,24.12,4.0683,64.9684,1.06163,0.09493
13.62,24.12,4.1086,63.0109,1.44359,0.12650
13.88,24.12,4.0296,64.7480,1.24096,0.17592
14.12,24.12,3.7957,61.9093,0.67864,0.21934
14.38,24.12,3.2450,50.1273,0.23896,0.22006
14.62,24.12,2.6288,41.3904,0.05208,0.16937
7.88,24.38,3.5774,100.1924,0.89086,0.01389
8.12,24.38,3.9163,129.6009,0.68855,0.01631
8.38,24.38,4.0399,132.1958,0.42249,0.01847
8.62,24.38,4.0756,121.9406,0.25174,0.02125
8.88,24.38,4.0578,111.7230,0.15068,0.02472
9.12,24.38,3.9559,105.0615,0.09712,0.02697
9.38,24.38,3.9184,100.2238,0.08631,0.02930
9.62,24.38,3.9278,93.8876,0.06932,0.03238
9.88,24.38,3.9103,87.2541,0.04466,0.03506
10.12,24.38,3.9002,82.6717,0.02355,0.03800
10.38,24.38,3.8965,80.8218,0.01455,0.04308
10.62,24.38,3.8921,80.3457,0.01524,0.05145
10.88,24.38,3.8738,78.8083,0.01438,0.06253
11.12,24.38,3.8502,75.7179,0.02810,0.07828
11.38,24.38,3.8320,72.7701,0.07058,0.10279
11.62,24.38,3.8567,70.6027,0.17401,0.13508
11.88,24.38,3.9278,68.7819,0.36808,0.17019
12.12,24.38,3.9939,69.3568,0.49368,0.19933
12.38,24.38,3.9749,72.5175,0.43356,0.20507
12.62,24.38,3.8336,71.7519,0.36489,0.17939
12.88,24.38,3.7338,64.5848,0.30235,0.12932
13.12,24.38,3.5102,53.8188,0.23495,0.08963
13.38,24.38,3.3723,46.5450,0.35885,0.09310
13.62,24.38,3.4029,45.4081,0.56201,0.14740
13.88,24.38,3.5760,49.4176,0.50786,0.22165
14.12,24.38,3.6137,54.0413,0.25168,0.26907
14.38,24.38,3.5393,56.8566,0.06863,0.27146
14.62,24.38,3.3398,55.1337,0.01057,0.22729
14.88,24.38,2.8821,45.3603,0.00094,0.16850
8.12,24.62,3.3079,166.7057,0.59502,0.01394
8.38,24.62,3.8649,159.1276,0.59268,0.01735
8.62,24.62,4.1097,138.8222,0.54668,0.02016
8.88,24.62,4.1309,120.2580,0.41089,0.02359
9.12,24.62,4.1588,109.8410,0.32940,0.02692
9.38,24.62,4.1572,104.4325,0.34902,0.02952
9.62,24.62,4.0321,97.5843,0.31217,0.03241
9.88,24.62,3.9700,90.1328,0.23172,0.03638
10.12,24.62,3.9459,84.6986,0.14936,0.04037
10.38,24.62,3.9141,82.1633,0.09528,0.04596
10.62,24.62,3.8887,81.4663,0.08093,0.05609
10.88,24.62,3.8620,80.3920,0.05487,0.07123
11.12,24.62,3.8269,76.9476,0.04249,0.09414
11.38,24.62,3.7796,72.7366,0.04665,0.13197
11.62,24.62,3.7273,69.3898,0.06030,0.18766
11.88,24.62,3.7098,66.4968,0.14416,0.25409
12.12,24.62,3.7474,64.5611,0.28260,0.31112
12.38,24.62,3.8188,63.6791,0.33152,0.33783
12.62,24.62,3.6290,60.3780,0.23787,0.30223
12.88,24.62,3.0597,51.7869,0.11337,0.18035
13.12,24.62,2.2641,34.6997,0.04742,0.07676
13.38,24.62,1.8576,24.0828,0.05895,0.05829
13.62,24.62,2.1425,28.1995,0.10199,0.12055
13.88,24.62,2.9030,40.8349,0.09598,0.23561
14.12,24.62,3.3369,53.9538,0.04609,0.31047
14.38,24.62,3.4292,64.1012,0.01218,0.30442
14.62,24.62,3.5203,61.3599,0.00241,0.27731
14.88,24.62,3.3630,51.6019,0.00042,0.22989
15.12,24.62,2.5605,37.4510,0.00005,0.15475
8.38,24.88,3.2596,185.9907,0.65443,0.01486
8.62,24.88,3.9305,161.3847,0.77968,0.01846
8.88,24.88,4.2284,135.0133,0.74712,0.02156
9.12,24.88,4.3151,116.0360,0.68191,0.02492
9.38,24.88,4.3833,106.2332,0.68490,0.02885
9.62,24.88,4.2352,99.1709,0.64028,0.03220
9.88,24.88,4.1001,91.6013,0.57237,0.03623
10.12,24.88,4.0906,85.1320,0.47937,0.04160
10.38,24.88,4.0288,82.8553,0.32081,0.04827
10.62,24.88,3.9314,82.3042,0.21218,0.05933
10.88,24.88,3.8715,81.2090,0.14149,0.07785
11.12,24.88,3.8667,77.7638,0.14593,0.10978
11.38,24.88,3.8247,72.2815,0.16142,0.16507
11.62,24.88,3.6889,67.0899,0.09212,0.25408
11.88,24.88,3.6067,62.7596,0.05247,0.36964
12.12,24.88,3.5790,58.8077,0.10118,0.47343
12.38,24.88,3.6132,55.2323,0.14172,0.54565
12.62,24.88,3.3185,51.4774,0.09279,0.51707
12.88,24.88,2.2548,43.6579,0.02973,0.30479
13.12,24.88,1.0750,23.8811,0.00625,0.10457
13.38,24.88,0.6624,11.6558,0.00498,0.04465
13.62,24.88,1.2731,20.1552,0.01068,0.10332
13.88,24.88,2.4827,37.5867,0.01495,0.26199
14.12,24.88,3.1571,51.0773,0.02002,0.39236
14.38,24.88,3.3045,63.1235,0.02495,0.38070
14.62,24.88,3.5263,65.0413,0.01625,0.32684
14.88,24.88,3.5433,60.0159,0.00496,0.27182
8.62,25.12,3.5635,194.3487,0.84817,0.01554
8.88,25.12,4.3356,165.6820,0.98034,0.01925
9.12,25.12,4.4762,134.5757,0.91556,0.02204
9.38,25.12,4.3489,114.6115,0.76468,0.02583
9.62,25.12,4.2962,103.4209,0.71259,0.03058
9.88,25.12,4.2506,93.0371,0.79852,0.03477
10.12,25.12,4.2690,84.9514,0.83623,0.04083
10.38,25.12,4.1794,83.6743,0.60388,0.04936
10.62,25.12,3.9885,83.8617,0.34767,0.06080
10.88,25.12,3.8685,82.1936,0.24185,0.08033
11.12,25.12,3.8811,78.1055,0.30457,0.11879
11.38,25.12,3.8368,71.6690,0.32361,0.18848
11.62,25.12,3.6424,65.1646,0.16476,0.30801
11.88,25.12,3.5305,59.2172,0.03885,0.47738
12.12,25.12,3.4383,52.7692,0.02037,0.65103
12.38,25.12,3.3796,46.3345,0.02754,0.81074
12.62,25.12,3.0854,40.4292,0.01722,0.86587
12.88,25.12,2.0743,33.5049,0.00455,0.65162
13.12,25.12,0.9352,19.0076,0.00121,0.34233
13.38,25.12,0.5655,10.3593,0.00765,0.18804
13.62,25.12,1.3099,20.3562,0.03486,0.23534
13.88,25.12,2.6051,39.8815,0.06962,0.41412
14.12,25.12,3.2604,54.8092,0.09892,0.54152
14.38,25.12,3.5018,68.3424,0.12714,0.49528
14.62,25.12,3.8231,77.1376,0.09745,0.37663
8.88,25.38,3.9167,200.9416,0.89896,0.01619
9.12,25.38,4.3666,159.8451,0.89311,0.01976
9.38,25.38,4.3093,129.6257,0.74688,0.02285
9.62,25.38,4.2151,112.3040,0.66072,0.02682
9.88,25.38,4.2503,99.2728,0.73742,0.03203
10.12,25.38,4.2908,90.8876,0.81144,0.03906
10.38,25.38,4.1980,89.2714,0.67465,0.04841
10.62,25.38,4.0589,88.6387,0.46113,0.06007
10.88,25.38,3.9226,85.9622,0.34928,0.07982
11.12,25.38,3.9152,80.8274,0.40654,0.11913
11.38,25.38,3.8379,72.5420,0.38696,0.19129
11.62,25.38,3.6183,64.0742,0.18415,0.32534
11.88,25.38,3.5109,56.3771,0.03744,0.53929
12.12,25.38,3.3611,47.2370,0.00428,0.79396
12.38,25.38,3.1901,38.0400,0.00254,1.05221
12.62,25.38,2.9839,29.6530,0.00274,1.25290
12.88,25.38,2.4814,23.0762,0.00275,1.25060
13.12,25.38,1.6978,15.9445,0.00421,1.01156
13.38,25.38,1.3293,12.3628,0.03388,0.77422
13.62,25.38,1.9784,21.5487,0.15284,0.74563
13.88,25.38,3.0525,42.1487,0.28010,0.81347
14.12,25.38,3.4756,64.0749,0.29278,0.76468
14.38,25.38,3.5855,81.9896,0.31440,0.60142
9.12,25.62,3.7690,169.6538,0.86955,0.01712
9.38,25.62,4.1968,136.2312,0.98188,0.02078
9.62,25.62,4.2090,117.4902,0.88874,0.02396
9.88,25.62,4.1028,107.6580,0.66127,0.02939
10.12,25.62,4.1437,102.0586,0.53398,0.03783
10.38,25.62,4.1620,97.7111,0.55047,0.04742
10.62,25.62,4.1420,93.9673,0.56909,0.05761
10.88,25.62,4.0284,90.7043,0.46549,0.07442
11.12,25.62,3.9415,84.4990,0.40763,0.10630
11.38,25.62,3.7939,72.4372,0.34956,0.16634
11.62,25.62,3.4723,61.0356,0.16766,0.28572
11.88,25.62,3.2433,52.8201,0.03432,0.50487
12.12,25.62,3.0913,42.1320,0.00308,0.83452
12.38,25.62,2.9963,31.3871,0.00403,1.22052
12.62,25.62,2.9094,23.5077,0.01746,1.54434
12.88,25.62,2.8226,18.0310,0.02887,1.77610
13.12,25.62,2.5958,14.4643,0.02196,1.85304
13.38,25.62,2.4227,14.1095,0.05947,1.72673
13.62,25.62,2.7990,21.9297,0.25803,1.50740
13.88,25.62,3.3682,38.4331,0.48997,1.26598
14.12,25.62,3.3921,59.6434,0.48240,0.95915
9.38,25.88,3.8622,124.6569,1.33284,0.01759
9.62,25.88,4.2198,110.9542,1.26667,0.02237
9.88,25.88,4.1710,110.3505,0.90572,0.02863
10.12,25.88,4.0880,108.2392,0.63631,0.03700
10.38,25.88,4.1151,99.9073,0.61061,0.04641
10.62,25.88,4.1224,93.8106,0.65812,0.05491
10.88,25.88,3.9626,90.5654,0.55127,0.06595
11.12,25.88,3.8331,83.0315,0.39577,0.08485
11.38,25.88,3.6381,68.5626,0.25335,0.11465
11.62,25.88,2.8752,54.0787,0.10262,0.16472
11.88,25.88,2.1455,45.3600,0.01957,0.29593
12.12,25.88,2.0747,36.7038,0.00294,0.63038
12.38,25.88,2.5199,28.2617,0.01746,1.20112
12.62,25.88,2.8843,21.9084,0.07807,1.70988
12.88,25.88,2.9070,17.8774,0.12887,1.98655
13.12,25.88,2.8385,15.7048,0.08128,2.25801
13.38,25.88,2.7724,16.9516,0.05278,2.35157
13.62,25.88,2.7272,23.3949,0.17630,1.96438
13.88,25.88,2.7882,32.6238,0.39082,1.43602
9.62,26.12,3.7768,105.0728,1.26935,0.01948
9.88,26.12,4.2384,120.9563,1.22049,0.02753
10.12,26.12,4.3464,118.7672,1.15080,0.03636
10.38,26.12,4.2069,102.7003,0.96108,0.04499
10.62,26.12,4.0626,91.9960,0.78968,0.05326
10.88,26.12,3.7753,86.1608,0.60222,0.06111
11.12,26.12,3.5693,77.2046,0.39750,0.06966
11.38,26.12,3.2677,60.9955,0.18728,0.07259
11.62,26.12,2.0464,38.9808,0.04858,0.06426
11.88,26.12,0.9696,25.9861,0.00641,0.09902
12.12,26.12,0.9264,23.3506,0.00275,0.32570
12.38,26.12,1.7346,23.7672,0.02873,0.93172
12.62,26.12,2.6864,21.5298,0.12879,1.68302
12.88,26.12,2.9309,19.3445,0.21345,2.10873
13.12,26.12,2.7378,18.3847,0.13408,2.39928
13.38,26.12,2.5639,19.8965,0.04205,2.54893
13.62,26.12,2.2616,26.0363,0.05594,2.13759
9.88,26.38,3.7053,156.4014,1.31300,0.02461
10.12,26.38,4.2294,145.2522,1.43080,0.03549
10.38,26.38,4.2846,117.9791,1.19626,0.04629
10.62,26.38,4.1635,97.9038,1.00054,0.05678
10.88,26.38,3.8554,86.5440,0.77469,0.06650
11.12,26.38,3.4253,75.9678,0.41567,0.07520
11.38,26.38,2.8963,57.2185,0.13483,0.07086
11.62,26.38,1.6001,29.7974,0.02342,0.04362
11.88,26.38,0.5922,13.8501,0.00208,0.03855
12.12,26.38,0.5662,13.3832,0.00159,0.17443
12.38,26.38,1.3722,17.9999,0.01751,0.69456
12.62,26.38,2.4855,20.3794,0.07856,1.50728
12.88,26.38,2.8092,21.9053,0.13346,2.06012
13.12,26.38,2.5525,22.7056,0.09076,2.35893
13.38,26.38,2.3305,21.6452,0.02813,2.54211
10.12,26.62,3.5504,177.5735,1.12438,0.03260
10.38,26.62,4.0151,145.5487,0.99927,0.04844
10.62,26.62,4.0990,115.3061,0.99600,0.06566
10.88,26.62,3.8423,93.6152,0.87397,0.08150
11.12,26.62,3.4107,78.6180,0.43714,0.09945
11.38,26.62,2.9938,58.7438,0.10785,0.10723
11.62,26.62,2.0111,35.9474,0.01681,0.08631
11.88,26.62,1.2346,23.8386,0.00431,0.08320
12.12,26.62,1.2842,21.6463,0.00330,0.21972
12.38,26.62,1.9632,22.4518,0.00661,0.67196
12.62,26.62,2.7029,24.6732,0.01957,1.25608
12.88,26.62,2.5216,27.4102,0.03374,1.54630
13.12,26.62,2.0367,30.2088,0.02722,1.73942
10.38,26.88,3.2815,175.6201,0.66564,0.04716
10.62,26.88,3.6223,138.9276,0.74438,0.07274
10.88,26.88,3.6155,102.9233,0.65335,0.10101
11.12,26.88,3.4732,80.6579,0.33396,0.13056
11.38,26.88,3.3511,63.5656,0.11003,0.15473
11.62,26.88,2.8876,50.7680,0.04818,0.16822
11.88,26.88,2.4435,43.3605,0.03869,0.20600
12.12,26.88,2.4976,38.2274,0.03610,0.36657
12.38,26.88,2.8378,35.2247,0.03451,0.70575
12.62,26.88,3.0043,35.8224,0.02236,0.97780
12.88,26.88,2.3471,34.7181,0.00977,0.96676
10.62,27.12,2.7867,150.1662,0.47899,0.06925
10.88,27.12,3.2357,102.7534,0.41029,0.10828
11.12,27.12,3.5549,79.8749,0.26625,0.15090
11.38,27.12,3.5413,68.4027,0.18382,0.18590
11.62,27.12,3.3437,61.2920,0.15924,0.22834
11.88,27.12,3.2198,54.5459,0.16877,0.30996
12.12,27.12,3.2641,49.5057,0.17072,0.45543
12.38,27.12,3.2255,49.9018,0.17473,0.63638
12.62,27.12,2.9527,51.6632,0.12554,0.70991
10.88,27.38,2.5779,92.1896,0.28904,0.09312
11.12,27.38,3.3230,84.5342,0.33713,0.14337
11.38,27.38,3.6319,75.4059,0.39219,0.18942
11.62,27.38,3.4863,66.0979,0.35227,0.23496
11.88,27.38,3.5049,61.1585,0.32911,0.31432
12.12,27.38,3.6760,61.9236,0.34337,0.41291
12.38,27.38,3.5244,68.6531,0.40578,0.48830
11.12,27.62,2.9200,97.8095,0.49782,0.11132
11.38,27.62,3.5945,78.5686,0.63801,0.16269
11.62,27.62,3.6446,64.1044,0.51657,0.21846
11.88,27.62,3.6414,63.0114,0.36670,0.28006
12.12,27.62,3.7115,70.0393,0.35804,0.32563
11.38,27.88,3.0879,63.6533,0.63451,0.11928
11.62,27.88,3.4975,56.7698,0.52395,0.17249
11.88,27.88,3.7155,63.3527,0.34588,0.22395
11.62,28.12,2.6553,42.0077,0.38531,0.10794
