x,y,rho,contact,casualty,pressure
2.62,0.12,0.2868,0.0073,0.00000,0.14547
2.88,0.12,0.5263,0.0111,0.00000,0.25835
3.12,0.12,0.6759,0.0140,0.00000,0.32948
3.38,0.12,0.6802,0.0169,0.00000,0.34918
3.62,0.12,0.7575,0.0154,0.00000,0.37834
3.88,0.12,0.8777,0.0112,0.00000,0.37941
4.12,0.12,0.8993,0.0081,0.00000,0.35293
4.38,0.12,0.9424,0.0078,0.00000,0.34982
4.62,0.12,1.0581,0.0099,0.00000,0.35300
4.88,0.12,1.1179,0.0127,0.00000,0.33175
5.12,0.12,1.1311,0.0133,0.00000,0.29916
5.38,0.12,1.1949,0.0119,0.00000,0.28953
5.62,0.12,1.2571,0.0095,0.00000,0.30094
5.88,0.12,1.2127,0.0082,0.00000,0.28639
6.12,0.12,1.2092,0.0081,0.00000,0.27144
6.38,0.12,1.2481,0.0135,0.00000,0.27917
6.62,0.12,1.1865,0.0637,0.00000,0.26921
6.88,0.12,1.1568,0.5809,0.00000,0.29342
7.12,0.12,0.9696,2.6770,0.00000,0.30079
7.38,0.12,0.5779,5.9064,0.00000,0.20681
2.62,0.38,0.5977,0.0124,0.00000,0.31762
2.88,0.38,1.1329,0.0225,0.00000,0.57345
3.12,0.38,1.4616,0.0375,0.00000,0.72086
3.38,0.38,1.3648,0.0519,0.00000,0.70028
3.62,0.38,1.3885,0.0488,0.00000,0.70507
3.88,0.38,1.5602,0.0368,0.00000,0.70303
4.12,0.38,1.5276,0.0282,0.00000,0.63529
4.38,0.38,1.4901,0.0241,0.00000,0.58991
4.62,0.38,1.5973,0.0248,0.00000,0.57290
4.88,0.38,1.6475,0.0313,0.00000,0.53085
5.12,0.38,1.6211,0.0347,0.00000,0.46932
5.38,0.38,1.6499,0.0327,0.00000,0.43845
5.62,0.38,1.6836,0.0274,0.00000,0.43849
5.88,0.38,1.6224,0.0248,0.00000,0.41201
6.12,0.38,1.6588,0.0257,0.00000,0.39824
6.38,0.38,1.7151,0.0339,0.00000,0.41352
6.62,0.38,1.5837,0.1179,0.00000,0.39036
6.88,0.38,1.6572,1.0191,0.00000,0.44010
7.12,0.38,1.5985,4.6875,0.00000,0.48550
7.38,0.38,1.0484,10.3439,0.00000,0.34873
2.62,0.62,0.8281,0.0119,0.00000,0.42557
2.88,0.62,1.5857,0.0290,0.00000,0.78003
3.12,0.62,2.0276,0.0649,0.00000,0.97126
3.38,0.62,1.7985,0.1030,0.00000,0.87972
3.62,0.62,1.7390,0.1042,0.00000,0.83477
3.88,0.62,1.9385,0.0822,0.00000,0.84487
4.12,0.62,1.8821,0.0650,0.00000,0.76630
4.38,0.62,1.7848,0.0526,0.00000,0.68426
4.62,0.62,1.8505,0.0438,0.00000,0.64651
4.88,0.62,1.8839,0.0492,0.00000,0.59965
5.12,0.62,1.8466,0.0542,0.00000,0.52881
5.38,0.62,1.8381,0.0515,0.00000,0.47785
5.62,0.62,1.8560,0.0438,0.00000,0.46250
5.88,0.62,1.8166,0.0415,0.00000,0.43791
6.12,0.62,1.8614,0.0453,0.00000,0.42999
6.38,0.62,1.9059,0.0523,0.00000,0.44121
6.62,0.62,1.6786,0.1322,0.00000,0.39820
6.88,0.62,1.8372,1.0529,0.00000,0.44649
7.12,0.62,2.0258,4.8293,0.00000,0.51659
7.38,0.62,1.4435,10.6593,0.00000,0.38261
2.62,0.88,0.9099,0.0074,0.00000,0.35823
2.88,0.88,1.6231,0.0254,0.00000,0.65305
3.12,0.88,1.9422,0.0696,0.00000,0.80581
3.38,0.88,1.7268,0.1192,0.00000,0.72533
3.62,0.88,1.7362,0.1280,0.00000,0.69500
3.88,0.88,1.8851,0.1065,0.00000,0.71529
4.12,0.88,1.8514,0.0879,0.00000,0.66536
4.38,0.88,1.8349,0.0708,0.00000,0.60301
4.62,0.88,1.8707,0.0514,0.00000,0.56079
4.88,0.88,1.8767,0.0471,0.00000,0.51939
5.12,0.88,1.8890,0.0464,0.00000,0.46774
5.38,0.88,1.8867,0.0418,0.00000,0.41701
5.62,0.88,1.9232,0.0357,0.00000,0.39596
5.88,0.88,1.9432,0.0367,0.00000,0.38411
6.12,0.88,1.9483,0.0416,0.00000,0.37208
6.38,0.88,1.9879,0.0466,0.00000,0.36905
6.62,0.88,1.7089,0.1101,0.00000,0.31899
6.88,0.88,1.8295,0.8797,0.00000,0.34227
7.12,0.88,2.1716,4.0532,0.00000,0.40437
7.38,0.88,1.6314,8.9591,0.00000,0.30523
2.62,1.12,1.1338,0.0046,0.00000,0.26992
2.88,1.12,1.7864,0.0190,0.00000,0.46492
3.12,1.12,1.8848,0.0522,0.00000,0.55254
3.38,1.12,1.7471,0.0840,0.00000,0.52956
3.62,1.12,1.9336,0.0879,0.00000,0.55635
3.88,1.12,1.9825,0.0784,0.00000,0.57330
4.12,1.12,1.9344,0.0706,0.00000,0.53886
4.38,1.12,2.0236,0.0583,0.00000,0.51020
4.62,1.12,2.0481,0.0406,0.00000,0.47554
4.88,1.12,2.0297,0.0306,0.00000,0.43682
5.12,1.12,2.0796,0.0244,0.00000,0.40374
5.38,1.12,2.0663,0.0196,0.00000,0.36323
5.62,1.12,2.1036,0.0180,0.00000,0.34241
5.88,1.12,2.1770,0.0214,0.00000,0.33739
6.12,1.12,2.1057,0.0238,0.00000,0.31358
6.38,1.12,2.1546,0.0277,0.00000,0.30064
6.62,1.12,1.9418,0.0943,0.00000,0.26132
6.88,1.12,2.0133,0.8703,0.00000,0.26878
7.12,1.12,2.3766,4.0555,0.00000,0.31425
7.38,1.12,1.8120,8.9812,0.00000,0.23843
2.62,1.38,1.4493,0.0032,0.00000,0.23231
2.88,1.38,2.1059,0.0129,0.00000,0.36601
3.12,1.38,1.9935,0.0311,0.00000,0.39709
3.38,1.38,1.8640,0.0426,0.00000,0.39379
3.62,1.38,2.1779,0.0404,0.00000,0.44831
3.88,1.38,2.1564,0.0390,0.00000,0.45989
4.12,1.38,2.0897,0.0382,0.00000,0.43356
4.38,1.38,2.1804,0.0322,0.00000,0.42094
4.62,1.38,2.1774,0.0237,0.00000,0.39496
4.88,1.38,2.1706,0.0167,0.00000,0.36286
5.12,1.38,2.2356,0.0106,0.00000,0.34079
5.38,1.38,2.2135,0.0071,0.00000,0.31120
5.62,1.38,2.2286,0.0069,0.00000,0.28943
5.88,1.38,2.3306,0.0095,0.00000,0.28328
6.12,1.38,2.1676,0.0113,0.00000,0.25218
6.38,1.38,2.2021,0.0144,0.00000,0.23759
6.62,1.38,2.1558,0.0669,0.00000,0.21927
6.88,1.38,2.2231,0.6713,0.00000,0.22175
7.12,1.38,2.5353,3.1428,0.00000,0.25089
7.38,1.38,1.9279,6.9622,0.00000,0.18983
2.62,1.62,1.6518,0.0022,0.00000,0.21586
2.88,1.62,2.2691,0.0078,0.00000,0.31160
3.12,1.62,1.9728,0.0159,0.00000,0.29841
3.38,1.62,1.8651,0.0180,0.00000,0.29186
3.62,1.62,2.2748,0.0163,0.00000,0.34770
3.88,1.62,2.2448,0.0168,0.00000,0.35150
4.12,1.62,2.2122,0.0160,0.00000,0.33546
4.38,1.62,2.2346,0.0133,0.00000,0.32785
4.62,1.62,2.2106,0.0122,0.00000,0.31086
4.88,1.62,2.2494,0.0105,0.00000,0.29456
5.12,1.62,2.3163,0.0064,0.00000,0.28311
5.38,1.62,2.3352,0.0033,0.00000,0.26512
5.62,1.62,2.3163,0.0023,0.00000,0.24185
5.88,1.62,2.4037,0.0035,0.00000,0.23264
6.12,1.62,2.1880,0.0060,0.00000,0.20091
6.38,1.62,2.2176,0.0093,0.00000,0.18745
6.62,1.62,2.3542,0.0547,0.00000,0.18750
6.88,1.62,2.4103,0.5862,0.00000,0.19087
7.12,1.62,2.6269,2.7542,0.00000,0.20947
7.38,1.62,1.9802,6.1018,0.00000,0.15794
2.62,1.88,1.8509,0.0015,0.00000,0.19465
2.88,1.88,2.4441,0.0040,0.00000,0.26507
3.12,1.88,2.0052,0.0064,0.00000,0.23125
3.38,1.88,1.9294,0.0062,0.00000,0.22440
3.62,1.88,2.3991,0.0060,0.00000,0.27203
3.88,1.88,2.3749,0.0068,0.00000,0.26690
4.12,1.88,2.3829,0.0062,0.00000,0.25761
4.38,1.88,2.3152,0.0053,0.00000,0.25281
4.62,1.88,2.2985,0.0064,0.00000,0.24742
4.88,1.88,2.3865,0.0074,0.00000,0.24660
5.12,1.88,2.4284,0.0064,0.00000,0.24213
5.38,1.88,2.4992,0.0040,0.00000,0.23356
5.62,1.88,2.4162,0.0022,0.00000,0.20742
5.88,1.88,2.4514,0.0028,0.00000,0.19365
6.12,1.88,2.2445,0.0049,0.00000,0.16648
6.38,1.88,2.2799,0.0071,0.00000,0.15632
6.62,1.88,2.5579,0.0512,0.00000,0.16783
6.88,1.88,2.6237,0.5700,0.00000,0.17462
7.12,1.88,2.7723,2.6848,0.00000,0.18886
7.38,1.88,2.0732,5.9509,0.00000,0.14226
2.62,2.12,1.9948,0.0017,0.00000,0.16069
2.88,2.12,2.5943,0.0040,0.00000,0.21357
3.12,2.12,2.1028,0.0056,0.00000,0.18085
3.38,2.12,2.0368,0.0055,0.00000,0.17732
3.62,2.12,2.4711,0.0065,0.00000,0.21210
3.88,2.12,2.4670,0.0075,0.00000,0.20541
4.12,2.12,2.5275,0.0064,0.00000,0.20368
4.38,2.12,2.3696,0.0039,0.00000,0.19913
4.62,2.12,2.3616,0.0034,0.00000,0.19914
4.88,2.12,2.4808,0.0052,0.00000,0.20442
5.12,2.12,2.5040,0.0073,0.00000,0.20294
5.38,2.12,2.6274,0.0068,0.00000,0.20133
5.62,2.12,2.4848,0.0054,0.00000,0.17480
5.88,2.12,2.4792,0.0051,0.00000,0.15923
6.12,2.12,2.3266,0.0057,0.00000,0.14123
6.38,2.12,2.3562,0.0065,0.00000,0.13475
6.62,2.12,2.7058,0.0439,0.00000,0.14981
6.88,2.12,2.7609,0.4835,0.00000,0.15670
7.12,2.12,2.8419,2.2765,0.00000,0.16695
7.38,2.12,2.1091,5.0469,0.00000,0.12622
2.62,2.38,2.0253,0.0037,0.00000,0.13351
2.88,2.38,2.6349,0.0110,0.00000,0.17617
3.12,2.38,2.1916,0.0173,0.00000,0.14994
3.38,2.38,2.1471,0.0155,0.00000,0.14774
3.62,2.38,2.4712,0.0165,0.00000,0.16941
3.88,2.38,2.4966,0.0182,0.00000,0.16355
4.12,2.38,2.6330,0.0125,0.00000,0.16590
4.38,2.38,2.4315,0.0052,0.00000,0.15871
4.62,2.38,2.4205,0.0024,0.00000,0.15779
4.88,2.38,2.5203,0.0030,0.00000,0.16260
5.12,2.38,2.5358,0.0052,0.00000,0.16225
5.38,2.38,2.7016,0.0082,0.00000,0.16508
5.62,2.38,2.5341,0.0103,0.00000,0.14451
5.88,2.38,2.5146,0.0078,0.00000,0.13329
6.12,2.38,2.4295,0.0051,0.00000,0.12366
6.38,2.38,2.4622,0.0054,0.00000,0.11751
6.62,2.38,2.8424,0.0403,0.00000,0.13030
6.88,2.38,2.8657,0.4418,0.00000,0.13735
7.12,2.38,2.8828,2.0780,0.00000,0.14647
7.38,2.38,2.1253,4.6058,0.00000,0.11165
2.62,2.62,2.0934,0.0053,0.00000,0.11294
2.88,2.62,2.7396,0.0171,0.00000,0.14912
3.12,2.62,2.3601,0.0275,0.00000,0.12931
3.38,2.62,2.3143,0.0233,0.00000,0.12670
3.62,2.62,2.4871,0.0238,0.00000,0.13704
3.88,2.62,2.5131,0.0265,0.00000,0.13145
4.12,2.62,2.7066,0.0165,0.00000,0.13488
4.38,2.62,2.5345,0.0068,0.00000,0.12785
4.62,2.62,2.5268,0.0043,0.00000,0.12708
4.88,2.62,2.5590,0.0028,0.00000,0.13060
5.12,2.62,2.5641,0.0031,0.00000,0.13024
5.38,2.62,2.7406,0.0087,0.00000,0.13319
5.62,2.62,2.5861,0.0139,0.00000,0.11844
5.88,2.62,2.5706,0.0100,0.00000,0.11039
6.12,2.62,2.5436,0.0050,0.00000,0.10515
6.38,2.62,2.5739,0.0038,0.00000,0.10029
6.62,2.62,2.9434,0.0226,0.00000,0.11077
6.88,2.62,2.9638,0.2426,0.00000,0.11728
7.12,2.62,2.9722,1.1382,0.00000,0.12480
7.38,2.62,2.1879,2.5210,0.00000,0.09448
2.62,2.88,2.1534,0.0033,0.00000,0.09575
2.88,2.88,2.8422,0.0106,0.00000,0.12661
3.12,2.88,2.5422,0.0173,0.00000,0.11137
3.38,2.88,2.4849,0.0170,0.00000,0.10671
3.62,2.88,2.4876,0.0202,0.00000,0.10842
3.88,2.88,2.5066,0.0214,0.00000,0.10578
4.12,2.88,2.7389,0.0127,0.00000,0.11239
4.38,2.88,2.6363,0.0067,0.00000,0.10782
4.62,2.88,2.6324,0.0063,0.00000,0.10670
4.88,2.88,2.5926,0.0037,0.00000,0.10729
5.12,2.88,2.5982,0.0023,0.00000,0.10583
5.38,2.88,2.7503,0.0064,0.00000,0.10745
5.62,2.88,2.6425,0.0110,0.00000,0.09792
5.88,2.88,2.6467,0.0090,0.00000,0.09112
6.12,2.88,2.6717,0.0060,0.00000,0.08766
6.38,2.88,2.6889,0.0035,0.00000,0.08515
6.62,2.88,3.0039,0.0062,0.00000,0.09394
6.88,2.88,3.0103,0.0549,0.00000,0.09825
7.12,2.88,3.0199,0.2525,0.00000,0.10292
7.38,2.88,2.2224,0.5562,0.00000,0.07678
2.62,3.12,2.1726,0.0010,0.00000,0.08382
2.88,3.12,2.9000,0.0028,0.00000,0.11092
3.12,3.12,2.7075,0.0053,0.00000,0.09815
3.38,3.12,2.6569,0.0093,0.00000,0.09110
3.62,3.12,2.5012,0.0143,0.00000,0.08679
3.88,3.12,2.5117,0.0128,0.00000,0.08560
4.12,3.12,2.7436,0.0073,0.00000,0.09417
4.38,3.12,2.7078,0.0044,0.00000,0.09355
4.62,3.12,2.7149,0.0039,0.00000,0.09119
4.88,3.12,2.6410,0.0022,0.00000,0.08708
5.12,3.12,2.6726,0.0011,0.00000,0.08471
5.38,3.12,2.7774,0.0027,0.00000,0.08572
5.62,3.12,2.7283,0.0050,0.00000,0.08156
5.88,3.12,2.7437,0.0055,0.00000,0.07660
6.12,3.12,2.8056,0.0050,0.00000,0.07364
6.38,3.12,2.8096,0.0030,0.00000,0.07212
6.62,3.12,3.0616,0.0018,0.00000,0.07901
6.88,3.12,3.0484,0.0059,0.00000,0.08265
7.12,3.12,3.0597,0.0225,0.00000,0.08681
7.38,3.12,2.2519,0.0470,0.00000,0.06458
2.62,3.38,2.2092,0.0004,0.00000,0.07299
2.88,3.38,2.9755,0.0007,0.00000,0.09686
3.12,3.38,2.8654,0.0017,0.00000,0.08683
3.38,3.38,2.8189,0.0047,0.00000,0.07956
3.62,3.38,2.5592,0.0074,0.00000,0.07228
3.88,3.38,2.5591,0.0065,0.00000,0.07002
4.12,3.38,2.7237,0.0046,0.00000,0.07602
4.38,3.38,2.7241,0.0026,0.00000,0.07802
4.62,3.38,2.7543,0.0012,0.00000,0.07604
4.88,3.38,2.6966,0.0005,0.00000,0.07078
5.12,3.38,2.7779,0.0003,0.00000,0.06912
5.38,3.38,2.8258,0.0011,0.00000,0.06792
5.62,3.38,2.8309,0.0031,0.00000,0.06578
5.88,3.38,2.8449,0.0047,0.00000,0.06329
6.12,3.38,2.9348,0.0038,0.00000,0.06242
6.38,3.38,2.9238,0.0018,0.00000,0.06176
6.62,3.38,3.1178,0.0009,0.00000,0.06667
6.88,3.38,3.0909,0.0010,0.00000,0.06983
7.12,3.38,3.1066,0.0017,0.00000,0.07393
7.38,3.38,2.2873,0.0021,0.00000,0.05511
2.62,3.62,2.2319,0.0004,0.00000,0.06478
2.88,3.62,3.0249,0.0007,0.00000,0.08613
3.12,3.62,2.9794,0.0012,0.00000,0.07799
3.38,3.62,2.9558,0.0020,0.00000,0.07092
3.62,3.62,2.6577,0.0024,0.00000,0.06223
3.88,3.62,2.6469,0.0026,0.00000,0.05854
4.12,3.62,2.7046,0.0029,0.00000,0.05968
4.38,3.62,2.7117,0.0017,0.00000,0.06064
4.62,3.62,2.7539,0.0005,0.00000,0.06052
4.88,3.62,2.7348,0.0002,0.00000,0.05842
5.12,3.62,2.8809,0.0005,0.00000,0.05908
5.38,3.62,2.8831,0.0022,0.00000,0.05627
5.62,3.62,2.9378,0.0066,0.00000,0.05497
5.88,3.62,2.9435,0.0095,0.00000,0.05469
6.12,3.62,3.0573,0.0064,0.00000,0.05643
6.38,3.62,3.0358,0.0029,0.00000,0.05587
6.62,3.62,3.1904,0.0036,0.00000,0.05885
6.88,3.62,3.1392,0.0052,0.00000,0.06153
7.12,3.62,3.1381,0.0034,0.00000,0.06540
7.38,3.62,2.3067,0.0012,0.00000,0.04879
2.62,3.88,2.2649,0.0008,0.00000,0.05788
2.88,3.88,3.0791,0.0010,0.00000,0.07677
3.12,3.88,3.0728,0.0010,0.00000,0.06917
3.38,3.88,3.0758,0.0010,0.00000,0.06205
3.62,3.88,2.7823,0.0011,0.00000,0.05351
3.88,3.88,2.7636,0.0027,0.00000,0.04953
4.12,3.88,2.7045,0.0043,0.00000,0.04786
4.38,3.88,2.7015,0.0029,0.00000,0.04760
4.62,3.88,2.7369,0.0008,0.00000,0.04819
4.88,3.88,2.7467,0.0003,0.00000,0.04769
5.12,3.88,2.9653,0.0007,0.00000,0.04971
5.38,3.88,2.9556,0.0034,0.00000,0.04829
5.62,3.88,3.0523,0.0094,0.00000,0.04962
5.88,3.88,3.0407,0.0138,0.00000,0.05141
6.12,3.88,3.1703,0.0114,0.00000,0.05495
6.38,3.88,3.1375,0.0128,0.00000,0.05301
6.62,3.88,3.2722,0.0367,0.00000,0.05378
6.88,3.88,3.1981,0.0577,0.00000,0.05555
7.12,3.88,3.1725,0.0370,0.00000,0.05863
7.38,3.88,2.3271,0.0115,0.00000,0.04365
2.62,4.12,2.2950,0.0015,0.00000,0.05084
2.88,4.12,3.1243,0.0018,0.00000,0.06723
3.12,4.12,3.1381,0.0013,0.00000,0.06004
3.38,4.12,3.1635,0.0007,0.00000,0.05332
3.62,4.12,2.9019,0.0012,0.00000,0.04632
3.88,4.12,2.8826,0.0041,0.00000,0.04312
4.12,4.12,2.7147,0.0074,0.00000,0.04014
4.38,4.12,2.6949,0.0058,0.00000,0.03894
4.62,4.12,2.7091,0.0021,0.00000,0.03897
4.88,4.12,2.7354,0.0005,0.00000,0.03873
5.12,4.12,3.0257,0.0006,0.00000,0.04140
5.38,4.12,3.0341,0.0024,0.00000,0.04159
5.62,4.12,3.1670,0.0066,0.00000,0.04495
5.88,4.12,3.1323,0.0109,0.00000,0.04836
6.12,4.12,3.2609,0.0136,0.00000,0.05323
6.38,4.12,3.2100,0.0409,0.00000,0.05008
6.62,4.12,3.3340,0.1561,0.00000,0.04921
6.88,4.12,3.2502,0.2545,0.00000,0.05070
7.12,4.12,3.2125,0.1642,0.00000,0.05353
7.38,4.12,2.3547,0.0508,0.00000,0.03984
2.62,4.38,2.3155,0.0024,0.00000,0.04706
2.88,4.38,3.1564,0.0030,0.00000,0.06197
3.12,4.38,3.1879,0.0020,0.00000,0.05426
3.38,4.38,3.2374,0.0009,0.00000,0.04665
3.62,4.38,3.0109,0.0009,0.00000,0.04033
3.88,4.38,2.9858,0.0031,0.00000,0.03776
4.12,4.38,2.7252,0.0067,0.00000,0.03391
4.38,4.38,2.6895,0.0071,0.00000,0.03252
4.62,4.38,2.6791,0.0035,0.00000,0.03252
4.88,4.38,2.7186,0.0007,0.00000,0.03245
5.12,4.38,3.0635,0.0004,0.00000,0.03520
5.38,4.38,3.0958,0.0016,0.00000,0.03565
5.62,4.38,3.2601,0.0036,0.00000,0.03880
5.88,4.38,3.2074,0.0055,0.00000,0.04134
6.12,4.38,3.3263,0.0106,0.00000,0.04547
6.38,4.38,3.2570,0.0602,0.00000,0.04317
6.62,4.38,3.3744,0.2533,0.00000,0.04348
6.88,4.38,3.2940,0.4190,0.00000,0.04716
7.12,4.38,3.2580,0.2730,0.00000,0.05165
7.38,4.38,2.3890,0.0860,0.00000,0.03876
2.62,4.62,2.3451,0.0033,0.00000,0.04296
2.88,4.62,3.1981,0.0041,0.00000,0.05649
3.12,4.62,3.2335,0.0026,0.00000,0.04897
3.38,4.62,3.2938,0.0010,0.00000,0.04133
3.62,4.62,3.0980,0.0006,0.00000,0.03601
3.88,4.62,3.0740,0.0014,0.00000,0.03429
4.12,4.62,2.7544,0.0042,0.00000,0.02991
4.38,4.62,2.7115,0.0060,0.00000,0.02851
4.62,4.62,2.6807,0.0034,0.00000,0.02852
4.88,4.62,2.7239,0.0008,0.00000,0.02808
5.12,4.62,3.0911,0.0004,0.00000,0.03031
5.38,4.62,3.1381,0.0017,0.00000,0.03091
5.62,4.62,3.3217,0.0031,0.00000,0.03343
5.88,4.62,3.2616,0.0034,0.00000,0.03408
6.12,4.62,3.3781,0.0060,0.00000,0.03647
6.38,4.62,3.3013,0.0363,0.00000,0.03575
6.62,4.62,3.4168,0.1545,0.00000,0.03798
6.88,4.62,3.3354,0.2592,0.00000,0.04281
7.12,4.62,3.2991,0.1758,0.00000,0.04791
7.38,4.62,2.4197,0.0633,0.00000,0.03616
2.62,4.88,2.3656,0.0050,0.00000,0.03788
2.88,4.88,3.2288,0.0062,0.00000,0.04999
3.12,4.88,3.2692,0.0038,0.00000,0.04374
3.38,4.88,3.3371,0.0013,0.00000,0.03730
3.62,4.88,3.1596,0.0006,0.00000,0.03324
3.88,4.88,3.1422,0.0010,0.00000,0.03234
4.12,4.88,2.8083,0.0028,0.00000,0.02784
4.38,4.88,2.7646,0.0044,0.00000,0.02591
4.62,4.88,2.7097,0.0027,0.00000,0.02540
4.88,4.88,2.7551,0.0007,0.00000,0.02502
5.12,4.88,3.1232,0.0003,0.00000,0.02723
5.38,4.88,3.1702,0.0010,0.00000,0.02765
5.62,4.88,3.3529,0.0019,0.00000,0.02947
5.88,4.88,3.2930,0.0028,0.00000,0.02949
6.12,4.88,3.4141,0.0043,0.00000,0.03118
6.38,4.88,3.3406,0.0113,0.00000,0.03130
6.62,4.88,3.4621,0.0394,0.00000,0.03424
6.88,4.88,3.3763,0.0738,0.00000,0.03830
7.12,4.88,3.3346,0.0819,0.00000,0.04245
7.38,4.88,2.4449,0.0858,0.00000,0.03200
2.62,5.12,2.3858,0.0079,0.00000,0.03474
2.88,5.12,3.2592,0.0096,0.00000,0.04604
3.12,5.12,3.3019,0.0057,0.00000,0.04066
3.38,5.12,3.3734,0.0018,0.00000,0.03488
3.62,5.12,3.2091,0.0008,0.00000,0.03085
3.88,5.12,3.2043,0.0011,0.00000,0.02979
4.12,5.12,2.8867,0.0025,0.00000,0.02623
4.38,5.12,2.8435,0.0038,0.00000,0.02476
4.62,5.12,2.7614,0.0025,0.00000,0.02376
4.88,5.12,2.8101,0.0008,0.00000,0.02336
5.12,5.12,3.1560,0.0003,0.00000,0.02541
5.38,5.12,3.1923,0.0003,0.00000,0.02537
5.62,5.12,3.3630,0.0009,0.00000,0.02655
5.88,5.12,3.3121,0.0028,0.00000,0.02674
6.12,5.12,3.4400,0.0061,0.00000,0.02845
6.38,5.12,3.3692,0.0095,0.00000,0.02891
6.62,5.12,3.4968,0.0181,0.00000,0.03185
6.88,5.12,3.4134,0.0612,0.00000,0.03483
7.12,5.12,3.3723,0.1924,0.00000,0.03784
7.38,5.12,2.4723,0.3727,0.00000,0.02839
2.62,5.38,2.4043,0.0227,0.00000,0.03317
2.88,5.38,3.2864,0.0197,0.00000,0.04411
3.12,5.38,3.3274,0.0103,0.00000,0.03934
3.38,5.38,3.3997,0.0035,0.00000,0.03405
3.62,5.38,3.2489,0.0015,0.00000,0.02964
3.88,5.38,3.2604,0.0013,0.00000,0.02801
4.12,5.38,2.9751,0.0022,0.00000,0.02535
4.38,5.38,2.9426,0.0029,0.00000,0.02461
4.62,5.38,2.8468,0.0025,0.00000,0.02345
4.88,5.38,2.8924,0.0017,0.00000,0.02268
5.12,5.38,3.1882,0.0011,0.00000,0.02405
5.38,5.38,3.2210,0.0007,0.00000,0.02374
5.62,5.38,3.3816,0.0012,0.00000,0.02463
5.88,5.38,3.3366,0.0047,0.00000,0.02512
6.12,5.38,3.4627,0.0126,0.00000,0.02713
6.38,5.38,3.3921,0.0220,0.00000,0.02834
6.62,5.38,3.5207,0.0398,0.00000,0.03146
6.88,5.38,3.4464,0.1491,0.00000,0.03281
7.12,5.38,3.4134,0.5244,0.00000,0.03407
7.38,5.38,2.5034,1.0654,0.00000,0.02527
2.62,5.62,2.4203,0.1622,0.00000,0.03099
2.88,5.62,3.3114,0.0908,0.00000,0.04144
3.12,5.62,3.3529,0.0312,0.00000,0.03749
3.38,5.62,3.4246,0.0083,0.00000,0.03285
3.62,5.62,3.2786,0.0036,0.00000,0.02847
3.88,5.62,3.3014,0.0038,0.00000,0.02681
4.12,5.62,3.0598,0.0046,0.00000,0.02469
4.38,5.62,3.0499,0.0045,0.00000,0.02401
4.62,5.62,2.9554,0.0050,0.00000,0.02311
4.88,5.62,2.9964,0.0052,0.00000,0.02260
5.12,5.62,3.2260,0.0040,0.00000,0.02329
5.38,5.62,3.2581,0.0030,0.00000,0.02275
5.62,5.62,3.4052,0.0041,0.00000,0.02353
5.88,5.62,3.3661,0.0105,0.00000,0.02424
6.12,5.62,3.4873,0.0244,0.00000,0.02649
6.38,5.62,3.4240,0.0423,0.00000,0.02853
6.62,5.62,3.5537,0.0784,0.00000,0.03205
6.88,5.62,3.4874,0.2855,0.00000,0.03214
7.12,5.62,3.4546,0.9867,0.00000,0.03187
7.38,5.62,2.5311,1.9993,0.00000,0.02333
2.62,5.88,2.4361,0.7954,0.00000,0.02890
2.88,5.88,3.3355,0.3905,0.00000,0.03878
3.12,5.88,3.3760,0.1051,0.00000,0.03523
3.38,5.88,3.4449,0.0193,0.00000,0.03087
3.62,5.88,3.3066,0.0077,0.00000,0.02682
3.88,5.88,3.3463,0.0093,0.00000,0.02548
4.12,5.88,3.1479,0.0118,0.00000,0.02372
4.38,5.88,3.1568,0.0115,0.00000,0.02291
4.62,5.88,3.0707,0.0129,0.00000,0.02244
4.88,5.88,3.1116,0.0139,0.00000,0.02279
5.12,5.88,3.2703,0.0118,0.00000,0.02332
5.38,5.88,3.2964,0.0104,0.00000,0.02254
5.62,5.88,3.4228,0.0131,0.00000,0.02302
5.88,5.88,3.3931,0.0244,0.00000,0.02387
6.12,5.88,3.5083,0.0453,0.00000,0.02601
6.38,5.88,3.4613,0.0719,0.00000,0.02743
6.62,5.88,3.5970,0.1291,0.00000,0.03017
6.88,5.88,3.5440,0.4436,0.00000,0.03051
7.12,5.88,3.5039,1.4704,0.00000,0.03047
7.38,5.88,2.5593,2.9271,0.00000,0.02233
2.62,6.12,2.4480,1.9306,0.00000,0.02821
2.88,6.12,3.3534,0.9243,0.00000,0.03778
3.12,6.12,3.3979,0.2359,0.00000,0.03401
3.38,6.12,3.4711,0.0398,0.00000,0.02945
3.62,6.12,3.3427,0.0152,0.00000,0.02560
3.88,6.12,3.3976,0.0188,0.00000,0.02437
4.12,6.12,3.2302,0.0254,0.00000,0.02287
4.38,6.12,3.2549,0.0257,0.00000,0.02225
4.62,6.12,3.1843,0.0270,0.00000,0.02200
4.88,6.12,3.2352,0.0281,0.00000,0.02298
5.12,6.12,3.3346,0.0263,0.00000,0.02371
5.38,6.12,3.3507,0.0269,0.00000,0.02289
5.62,6.12,3.4465,0.0336,0.00000,0.02304
5.88,6.12,3.4260,0.0531,0.00000,0.02394
6.12,6.12,3.5297,0.0840,0.00000,0.02585
6.38,6.12,3.5015,0.1216,0.00000,0.02641
6.62,6.12,3.6401,0.1975,0.00000,0.02806
6.88,6.12,3.5998,0.6049,0.00000,0.02875
7.12,6.12,3.5514,1.8742,0.00000,0.02927
7.38,6.12,2.5833,3.6141,0.00000,0.02154
2.62,6.38,2.4610,2.5574,0.00000,0.02807
2.88,6.38,3.3694,1.2432,0.00000,0.03738
3.12,6.38,3.4160,0.3364,0.00000,0.03302
3.38,6.38,3.4918,0.0689,0.00000,0.02804
3.62,6.38,3.3727,0.0311,0.00000,0.02474
3.88,6.38,3.4433,0.0376,0.00000,0.02399
4.12,6.38,3.3034,0.0506,0.00000,0.02254
4.38,6.38,3.3509,0.0488,0.00000,0.02197
4.62,6.38,3.2961,0.0470,0.00000,0.02179
4.88,6.38,3.3577,0.0469,0.00000,0.02284
5.12,6.38,3.4128,0.0456,0.00000,0.02350
5.38,6.38,3.4267,0.0510,0.00000,0.02310
5.62,6.38,3.4939,0.0680,0.00000,0.02337
5.88,6.38,3.4826,0.1027,0.00000,0.02464
6.12,6.38,3.5677,0.1482,0.00000,0.02676
6.38,6.38,3.5512,0.1989,0.00000,0.02723
6.62,6.38,3.6814,0.2904,0.00000,0.02823
6.88,6.38,3.6568,0.7685,0.00000,0.02887
7.12,6.38,3.6100,2.1562,0.00000,0.02953
7.38,6.38,2.6172,3.9623,0.00000,0.02169
2.62,6.62,2.4739,2.5680,0.00000,0.02698
2.88,6.62,3.3818,1.2953,0.00000,0.03579
3.12,6.62,3.4262,0.3906,0.00000,0.03154
3.38,6.62,3.5014,0.1047,0.00000,0.02687
3.62,6.62,3.3935,0.0598,0.00000,0.02414
3.88,6.62,3.4814,0.0666,0.00000,0.02368
4.12,6.62,3.3658,0.0811,0.00000,0.02196
4.38,6.62,3.4381,0.0749,0.00000,0.02138
4.62,6.62,3.3907,0.0716,0.00000,0.02142
4.88,6.62,3.4619,0.0696,0.00000,0.02234
5.12,6.62,3.4849,0.0677,0.00000,0.02283
5.38,6.62,3.5089,0.0807,0.00000,0.02327
5.62,6.62,3.5547,0.1112,0.00000,0.02390
5.88,6.62,3.5519,0.1652,0.00000,0.02584
6.12,6.62,3.6202,0.2331,0.00000,0.02873
6.38,6.62,3.6130,0.3053,0.00000,0.02946
6.62,6.62,3.7327,0.4240,0.00000,0.03000
6.88,6.62,3.7226,0.9645,0.00000,0.03060
7.12,6.62,3.6699,2.3744,0.00000,0.03118
7.38,6.62,2.6517,4.0935,0.00000,0.02276
2.62,6.88,2.4850,3.1207,0.00000,0.02509
2.88,6.88,3.3907,1.5953,0.00000,0.03325
3.12,6.88,3.4348,0.4996,0.00000,0.02980
3.38,6.88,3.5115,0.1530,0.00000,0.02607
3.62,6.88,3.4128,0.1002,0.00000,0.02357
3.88,6.88,3.5130,0.0984,0.00000,0.02303
4.12,6.88,3.4155,0.1038,0.00000,0.02131
4.38,6.88,3.5105,0.0966,0.00000,0.02099
4.62,6.88,3.4659,0.0967,0.00000,0.02101
4.88,6.88,3.5484,0.0920,0.00000,0.02167
5.12,6.88,3.5461,0.0904,0.00000,0.02201
5.38,6.88,3.5843,0.1116,0.00000,0.02309
5.62,6.88,3.6108,0.1534,0.00000,0.02442
5.88,6.88,3.6154,0.2254,0.00000,0.02755
6.12,6.88,3.6761,0.3192,0.00000,0.03107
6.38,6.88,3.6831,0.4188,0.00000,0.03167
6.62,6.88,3.7938,0.5828,0.00000,0.03194
6.88,6.88,3.7951,1.1919,0.00000,0.03275
7.12,6.88,3.7301,2.5649,0.00000,0.03290
7.38,6.88,2.6872,4.1005,0.00000,0.02365
2.62,7.12,2.4988,4.0669,0.00000,0.02414
2.88,7.12,3.4084,2.1098,0.00000,0.03217
3.12,7.12,3.4541,0.7078,0.00000,0.02934
3.38,7.12,3.5307,0.2536,0.00000,0.02599
3.62,7.12,3.4352,0.1704,0.00000,0.02344
3.88,7.12,3.5439,0.1457,0.00000,0.02290
4.12,7.12,3.4570,0.1346,0.00000,0.02139
4.38,7.12,3.5653,0.1279,0.00000,0.02127
4.62,7.12,3.5234,0.1311,0.00000,0.02078
4.88,7.12,3.6132,0.1211,0.00000,0.02096
5.12,7.12,3.5891,0.1174,0.00000,0.02099
5.38,7.12,3.6487,0.1415,0.00000,0.02220
5.62,7.12,3.6655,0.1949,0.00000,0.02415
5.88,7.12,3.6747,0.2858,0.00000,0.02817
6.12,7.12,3.7252,0.3961,0.00000,0.03183
6.38,7.12,3.7494,0.5084,0.00000,0.03252
6.62,7.12,3.8561,0.7220,0.00000,0.03358
6.88,7.12,3.8710,1.4408,0.00000,0.03547
7.12,7.12,3.7939,2.9029,0.00000,0.03488
7.38,7.12,2.7238,4.4362,0.00000,0.02450
2.62,7.38,2.5197,5.8367,0.00000,0.02535
2.88,7.38,3.4434,3.0611,0.00000,0.03421
3.12,7.38,3.4918,1.1086,0.00000,0.03141
3.38,7.38,3.5640,0.4614,0.00000,0.02729
3.62,7.38,3.4617,0.3168,0.00000,0.02422
3.88,7.38,3.5718,0.2453,0.00000,0.02361
4.12,7.38,3.4913,0.2027,0.00000,0.02180
4.38,7.38,3.6024,0.1866,0.00000,0.02135
4.62,7.38,3.5568,0.1873,0.00000,0.02053
4.88,7.38,3.6497,0.1680,0.00000,0.02064
5.12,7.38,3.6210,0.1613,0.00000,0.02099
5.38,7.38,3.7111,0.1884,0.00000,0.02245
5.62,7.38,3.7178,0.2535,0.00000,0.02409
5.88,7.38,3.7278,0.3676,0.00000,0.02801
6.12,7.38,3.7650,0.4963,0.00000,0.03157
6.38,7.38,3.7909,0.6092,0.00000,0.03242
6.62,7.38,3.8959,0.8577,0.00000,0.03466
6.88,7.38,3.9387,1.7031,0.00000,0.03820
7.12,7.38,3.8544,3.4056,0.00000,0.03758
7.38,7.38,2.7563,5.1687,0.00000,0.02632
2.62,7.62,2.5435,8.9894,0.00000,0.02773
2.88,7.62,3.4828,4.6301,0.00000,0.03765
3.12,7.62,3.5301,1.6262,0.00000,0.03487
3.38,7.62,3.5929,0.6837,0.00000,0.03026
3.62,7.62,3.4854,0.4844,0.00000,0.02649
3.88,7.62,3.5966,0.3592,0.00000,0.02514
4.12,7.62,3.5181,0.2733,0.00000,0.02207
4.38,7.62,3.6305,0.2458,0.00000,0.02066
4.62,7.62,3.5814,0.2501,0.00000,0.02005
4.88,7.62,3.6815,0.2251,0.00000,0.02089
5.12,7.62,3.6566,0.2191,0.00000,0.02209
5.38,7.62,3.7722,0.2571,0.00000,0.02391
5.62,7.62,3.7724,0.3369,0.00000,0.02509
5.88,7.62,3.7882,0.4825,0.00000,0.02934
6.12,7.62,3.8105,0.6490,0.00000,0.03328
6.38,7.62,3.8237,0.7756,0.00000,0.03354
6.62,7.62,3.9252,1.0493,0.00000,0.03513
6.88,7.62,3.9988,1.9956,0.00000,0.03872
7.12,7.62,3.9107,3.9557,0.00000,0.03899
7.38,7.62,2.7900,5.9789,0.00000,0.02808
2.62,7.88,2.5579,10.4176,0.00000,0.03032
2.88,7.88,3.5044,5.3412,0.00000,0.04091
3.12,7.88,3.5517,1.8172,0.00000,0.03857
3.38,7.88,3.6095,0.7739,0.00000,0.03509
3.62,7.88,3.5034,0.5892,0.00000,0.03059
3.88,7.88,3.6193,0.4402,0.00000,0.02771
4.12,7.88,3.5384,0.3268,0.00000,0.02329
4.38,7.88,3.6532,0.2991,0.00000,0.02117
4.62,7.88,3.6041,0.3163,0.00000,0.02060
4.88,7.88,3.7115,0.2907,0.00000,0.02190
5.12,7.88,3.6891,0.2889,0.00000,0.02364
5.38,7.88,3.8262,0.3471,0.00000,0.02585
5.62,7.88,3.8242,0.4480,0.00000,0.02724
5.88,7.88,3.8420,0.6342,0.00000,0.03284
6.12,7.88,3.8535,0.8744,0.00000,0.03832
6.38,7.88,3.8675,1.0598,0.00000,0.03844
6.62,7.88,3.9636,1.3851,0.00000,0.03817
6.88,7.88,4.0548,2.4286,0.00000,0.03962
7.12,7.88,3.9678,4.5763,0.00000,0.03926
7.38,7.88,2.8324,6.7495,0.00000,0.02861
2.62,8.12,2.5714,9.7841,0.00000,0.03362
2.88,8.12,3.5199,5.1564,0.00000,0.04542
3.12,8.12,3.5681,1.8633,0.00000,0.04417
3.38,8.12,3.6251,0.9264,0.00000,0.04207
3.62,8.12,3.5215,0.7831,0.00000,0.03602
3.88,8.12,3.6435,0.5852,0.00000,0.03121
4.12,8.12,3.5590,0.4258,0.00000,0.02570
4.38,8.12,3.6678,0.3946,0.00000,0.02313
4.62,8.12,3.6157,0.4249,0.00000,0.02233
4.88,8.12,3.7317,0.4018,0.00000,0.02390
5.12,8.12,3.7123,0.4076,0.00000,0.02619
5.38,8.12,3.8647,0.4773,0.00000,0.02902
5.62,8.12,3.8586,0.5951,0.00000,0.03080
5.88,8.12,3.8793,0.8444,0.00000,0.03792
6.12,8.12,3.8872,1.1948,0.00000,0.04572
6.38,8.12,3.9101,1.4671,0.00000,0.04706
6.62,8.12,4.0012,1.8828,0.00000,0.04544
6.88,8.12,4.1000,3.0144,0.00000,0.04366
7.12,8.12,4.0111,5.1011,0.00000,0.04045
7.38,8.12,2.8685,7.0277,0.00000,0.02876
2.62,8.38,2.5899,10.5223,0.00000,0.03863
2.88,8.38,3.5431,5.7418,0.00000,0.05281
3.12,8.38,3.5932,2.2923,0.00000,0.05317
3.38,8.38,3.6525,1.2847,0.00000,0.05196
3.62,8.38,3.5469,1.0894,0.00000,0.04331
3.88,8.38,3.6661,0.7994,0.00000,0.03611
4.12,8.38,3.5802,0.5703,0.00000,0.02905
4.38,8.38,3.6874,0.5343,0.00000,0.02566
4.62,8.38,3.6302,0.5900,0.00000,0.02486
4.88,8.38,3.7472,0.5850,0.00000,0.02715
5.12,8.38,3.7266,0.6112,0.00000,0.03044
5.38,8.38,3.8857,0.6802,0.00000,0.03445
5.62,8.38,3.8755,0.8166,0.00000,0.03681
5.88,8.38,3.9063,1.1573,0.00000,0.04525
6.12,8.38,3.9143,1.6224,0.00000,0.05533
6.38,8.38,3.9447,1.9753,0.00000,0.05910
6.62,8.38,4.0348,2.5262,0.00000,0.05725
6.88,8.38,4.1471,3.7651,0.00000,0.05143
7.12,8.38,4.0506,5.6335,0.00000,0.04252
7.38,8.38,2.8958,7.0340,0.00000,0.02803
2.62,8.62,2.6057,12.7527,0.00000,0.04626
2.88,8.62,3.5651,7.1814,0.00000,0.06407
3.12,8.62,3.6151,3.1647,0.00000,0.06667
3.38,8.62,3.6735,1.8284,0.00000,0.06643
3.62,8.62,3.5661,1.4191,0.00000,0.05387
3.88,8.62,3.6846,1.0236,0.00000,0.04313
4.12,8.62,3.6025,0.7360,0.00000,0.03388
4.38,8.62,3.7140,0.6977,0.00000,0.02951
4.62,8.62,3.6496,0.7854,0.00000,0.02901
4.88,8.62,3.7589,0.8208,0.00000,0.03230
5.12,8.62,3.7354,0.8940,0.00000,0.03651
5.38,8.62,3.9017,0.9799,0.00000,0.04200
5.62,8.62,3.8894,1.1628,0.00000,0.04524
5.88,8.62,3.9278,1.6187,0.00000,0.05437
6.12,8.62,3.9344,2.2112,0.00000,0.06674
6.38,8.62,3.9705,2.6513,0.00000,0.07499
6.62,8.62,4.0623,3.3497,0.00000,0.07414
6.88,8.62,4.2035,4.7213,0.00000,0.06269
7.12,8.62,4.1064,6.4227,0.00000,0.04485
7.38,8.62,2.9320,7.3451,0.00000,0.02615
2.62,8.88,2.6145,15.6368,0.00000,0.05651
2.88,8.88,3.5777,9.2093,0.00000,0.07930
3.12,8.88,3.6272,4.6212,0.00000,0.08510
3.38,8.88,3.6869,2.7576,0.00000,0.08615
3.62,8.88,3.5816,1.9356,0.00000,0.06845
3.88,8.88,3.7044,1.3463,0.00000,0.05307
4.12,8.88,3.6249,0.9506,0.00000,0.04121
4.38,8.88,3.7365,0.8951,0.00000,0.03583
4.62,8.88,3.6679,1.0101,0.00000,0.03503
4.88,8.88,3.7739,1.0981,0.00000,0.03883
5.12,8.88,3.7462,1.2435,0.00000,0.04406
5.38,8.88,3.9156,1.3890,0.00000,0.05162
5.62,8.88,3.9055,1.6644,0.00000,0.05578
5.88,8.88,3.9541,2.2431,0.00000,0.06542
6.12,8.88,3.9517,2.9857,0.00000,0.08049
6.38,8.88,3.9899,3.5520,0.00000,0.09414
6.62,8.88,4.0835,4.4111,0.00000,0.09474
6.88,8.88,4.2432,5.9442,0.00000,0.07699
7.12,8.88,4.1394,7.6497,0.00000,0.04916
7.38,8.88,2.9569,8.3721,0.00000,0.02546
2.62,9.12,2.6287,18.0913,0.00000,0.06826
2.88,9.12,3.5951,11.0568,0.00000,0.09720
3.12,9.12,3.6430,6.0600,0.00000,0.10831
3.38,9.12,3.7054,3.7971,0.00000,0.11224
3.62,9.12,3.6019,2.6369,0.00000,0.08771
3.88,9.12,3.7247,1.8036,0.00000,0.06566
4.12,9.12,3.6443,1.2370,0.00000,0.05074
4.38,9.12,3.7542,1.1417,0.00000,0.04446
4.62,9.12,3.6834,1.2866,0.00000,0.04284
4.88,9.12,3.7873,1.4559,0.00000,0.04687
5.12,9.12,3.7533,1.7006,0.00000,0.05366
5.38,9.12,3.9163,1.9293,0.00000,0.06423
5.62,9.12,3.9062,2.3167,0.00000,0.06980
5.88,9.12,3.9724,3.0113,0.00000,0.08060
6.12,9.12,3.9672,3.9117,0.00000,0.09836
6.38,9.12,4.0105,4.6330,0.00000,0.11744
6.62,9.12,4.1007,5.6667,0.00000,0.12061
6.88,9.12,4.2682,7.3722,0.00000,0.09724
7.12,9.12,4.1630,9.1889,0.00000,0.05815
7.38,9.12,2.9914,9.9006,0.00000,0.02754
2.62,9.38,2.6343,18.6162,0.00000,0.08048
2.88,9.38,3.5976,11.5237,0.00000,0.11569
3.12,9.38,3.6512,6.4152,0.00000,0.13450
3.38,9.38,3.7259,4.4143,0.00000,0.14503
3.62,9.38,3.6229,3.4766,0.00000,0.11246
3.88,9.38,3.7404,2.4627,0.00000,0.08092
4.12,9.38,3.6603,1.6785,0.00000,0.06234
4.38,9.38,3.7750,1.5202,0.00000,0.05549
4.62,9.38,3.7015,1.6989,0.00000,0.05228
4.88,9.38,3.7974,1.9591,0.00000,0.05610
5.12,9.38,3.7544,2.3075,0.00000,0.06522
5.38,9.38,3.9050,2.6189,0.00000,0.07948
5.62,9.38,3.8928,3.1180,0.00000,0.08727
5.88,9.38,3.9800,3.9154,0.00000,0.09982
6.12,9.38,3.9803,4.9489,0.00000,0.12016
6.38,9.38,4.0373,5.8259,0.00000,0.14576
6.62,9.38,4.1236,7.0418,0.00000,0.15255
6.88,9.38,4.2932,8.9220,0.00000,0.12320
7.12,9.38,4.1867,10.8475,0.00000,0.07066
7.38,9.38,3.0364,11.5374,0.00000,0.03126
2.62,9.62,2.6406,18.9897,0.00000,0.09438
2.88,9.62,3.5960,11.8147,0.00000,0.13663
3.12,9.62,3.6536,6.5777,0.00000,0.16549
3.38,9.62,3.7412,5.0984,0.00000,0.18604
3.62,9.62,3.6397,4.6104,0.00000,0.14409
3.88,9.62,3.7524,3.3423,0.00000,0.10004
4.12,9.62,3.6731,2.2589,0.00000,0.07643
4.38,9.62,3.7973,2.0746,0.00000,0.06903
4.62,9.62,3.7225,2.3401,0.00000,0.06443
4.88,9.62,3.8077,2.6692,0.00000,0.06851
5.12,9.62,3.7588,3.0882,0.00000,0.07953
5.38,9.62,3.9036,3.4645,0.00000,0.09588
5.62,9.62,3.8859,4.0697,0.00000,0.10656
5.88,9.62,3.9795,4.9576,0.00000,0.12240
6.12,9.62,3.9821,6.1045,0.00000,0.14497
6.38,9.62,4.0556,7.1428,0.00000,0.17671
6.62,9.62,4.1383,8.5304,0.00000,0.18681
6.88,9.62,4.3183,10.5596,0.00000,0.15156
7.12,9.62,4.2150,12.5942,0.00000,0.08464
7.38,9.62,3.0792,13.2531,0.00000,0.03539
2.62,9.88,2.6560,19.8998,0.00000,0.11128
2.88,9.88,3.6073,12.7095,0.00000,0.16226
3.12,9.88,3.6636,7.4265,0.00000,0.20319
3.38,9.88,3.7552,6.2624,0.00000,0.23530
3.62,9.88,3.6547,5.9790,0.00000,0.18181
3.88,9.88,3.7621,4.2821,0.00000,0.12276
4.12,9.88,3.6799,2.8179,0.00000,0.09350
4.38,9.88,3.8122,2.6672,0.00000,0.08602
4.62,9.88,3.7395,3.0849,0.00000,0.08047
4.88,9.88,3.8210,3.4982,0.00000,0.08541
5.12,9.88,3.7716,3.9931,0.00000,0.09773
5.38,9.88,3.9224,4.4201,0.00000,0.11579
5.62,9.88,3.8979,5.1228,0.00000,0.13096
5.88,9.88,3.9752,6.1317,0.00000,0.15138
6.12,9.88,3.9676,7.4048,0.00000,0.17455
6.38,9.88,4.0532,8.5919,0.00000,0.21154
6.62,9.88,4.1405,10.1332,0.00000,0.22675
6.88,9.88,4.3428,12.2859,0.00000,0.18550
7.12,9.88,4.2414,14.4117,0.00000,0.10101
7.38,9.88,3.1148,14.9868,0.00000,0.03961
2.62,10.12,2.6672,19.6781,0.00000,0.13146
2.88,10.12,3.6203,13.3738,0.00000,0.19289
3.12,10.12,3.6768,8.6521,0.00000,0.24619
3.38,10.12,3.7632,7.6091,0.00000,0.28916
3.62,10.12,3.6622,7.2044,0.00000,0.22280
3.88,10.12,3.7693,5.0836,0.00000,0.14817
4.12,10.12,3.6875,3.3063,0.00000,0.11407
4.38,10.12,3.8239,3.2000,0.00000,0.10735
4.62,10.12,3.7511,3.7534,0.00000,0.09974
4.88,10.12,3.8340,4.2785,0.00000,0.10434
5.12,10.12,3.7870,4.8840,0.00000,0.11782
5.38,10.12,3.9431,5.3747,0.00000,0.13920
5.62,10.12,3.9111,6.1874,0.00000,0.15937
5.88,10.12,3.9699,7.3655,0.00000,0.18418
6.12,10.12,3.9536,8.8157,0.00000,0.20720
6.38,10.12,4.0429,10.1590,0.00000,0.24904
6.62,10.12,4.1344,11.8463,0.00000,0.27106
6.88,10.12,4.3677,14.1577,0.00000,0.22518
7.12,10.12,4.2705,16.4046,0.00000,0.12062
7.38,10.12,3.1569,16.9245,0.00000,0.04449
2.62,10.38,2.6801,18.5266,0.00000,0.15259
2.88,10.38,3.6386,13.8293,0.00000,0.22599
3.12,10.38,3.6946,10.0927,0.00000,0.29305
3.38,10.38,3.7667,8.9393,0.00000,0.34639
3.62,10.38,3.6635,8.1237,0.00000,0.26611
3.88,10.38,3.7750,5.7282,0.00000,0.17632
4.12,10.38,3.6947,3.8398,0.00000,0.13776
4.38,10.38,3.8284,3.7932,0.00000,0.13153
4.62,10.38,3.7581,4.4422,0.00000,0.12070
4.88,10.38,3.8495,5.0752,0.00000,0.12436
5.12,10.38,3.7997,5.7972,0.00000,0.13962
5.38,10.38,3.9466,6.3612,0.00000,0.16535
5.62,10.38,3.9120,7.2981,0.00000,0.19059
5.88,10.38,3.9658,8.6595,0.00000,0.22045
6.12,10.38,3.9473,10.3102,0.00000,0.24264
6.38,10.38,4.0349,11.7902,0.00000,0.28621
6.62,10.38,4.1260,13.6153,0.00000,0.31313
6.88,10.38,4.3880,16.1842,0.00000,0.26568
7.12,10.38,4.2953,18.7461,0.00000,0.14240
7.38,10.38,3.1970,19.5327,0.00000,0.05048
2.62,10.62,2.6922,17.5292,0.00000,0.17130
2.88,10.62,3.6572,14.3147,0.00000,0.25686
3.12,10.62,3.7114,11.4450,0.00000,0.33978
3.38,10.62,3.7700,10.1594,0.00000,0.40535
3.62,10.62,3.6652,8.9673,0.00000,0.31477
3.88,10.62,3.7817,6.4244,0.00000,0.21353
4.12,10.62,3.7056,4.5438,0.00000,0.16770
4.38,10.62,3.8376,4.6083,0.00000,0.15824
4.62,10.62,3.7675,5.3527,0.00000,0.14304
4.88,10.62,3.8630,5.9916,0.00000,0.14633
5.12,10.62,3.8127,6.7657,0.00000,0.16607
5.38,10.62,3.9504,7.4362,0.00000,0.19803
5.62,10.62,3.9127,8.5193,0.00000,0.22666
5.88,10.62,3.9639,10.0576,0.00000,0.26069
6.12,10.62,3.9436,11.8978,0.00000,0.28078
6.38,10.62,4.0230,13.4665,0.00000,0.32237
6.62,10.62,4.1118,15.3708,0.00000,0.35181
6.88,10.62,4.4035,18.1831,0.00000,0.30359
7.12,10.62,4.3209,21.1311,0.00000,0.16344
7.38,10.62,3.2365,22.2947,0.00000,0.05664
2.62,10.88,2.7043,18.6244,0.00000,0.19103
2.88,10.88,3.6701,15.5443,0.00000,0.28802
3.12,10.88,3.7223,12.6045,0.00000,0.38455
3.38,10.88,3.7765,11.1676,0.00000,0.46163
3.62,10.88,3.6735,9.8219,0.00000,0.36425
3.88,10.88,3.7942,7.2300,0.00000,0.25427
4.12,10.88,3.7222,5.3978,0.00000,0.20090
4.38,10.88,3.8511,5.6476,0.00000,0.18763
4.62,10.88,3.7795,6.5313,0.00000,0.16726
4.88,10.88,3.8799,7.0366,0.00000,0.17002
5.12,10.88,3.8291,7.7384,0.00000,0.19624
5.38,10.88,3.9537,8.5463,0.00000,0.23573
5.62,10.88,3.9135,9.8155,0.00000,0.26480
5.88,10.88,3.9686,11.4894,0.00000,0.29921
6.12,10.88,3.9427,13.4908,0.00000,0.31587
6.38,10.88,4.0166,15.2352,0.00000,0.35828
6.62,10.88,4.1052,17.2186,0.00000,0.39064
6.88,10.88,4.4035,20.1501,0.00000,0.33622
7.12,10.88,4.3237,23.3750,0.00000,0.17944
7.38,10.88,3.2662,24.7153,0.00000,0.06118
2.62,11.12,2.7155,21.7771,0.00000,0.21043
2.88,11.12,3.6748,17.6282,0.00000,0.31793
3.12,11.12,3.7283,13.8275,0.00000,0.42457
3.38,11.12,3.7864,12.0651,0.00000,0.50852
3.62,11.12,3.6855,10.6075,0.00000,0.40624
3.88,11.12,3.8037,8.1164,0.00000,0.29209
4.12,11.12,3.7282,6.4479,0.00000,0.23442
4.38,11.12,3.8497,6.8469,0.00000,0.21883
4.62,11.12,3.7827,7.8314,0.00000,0.19240
4.88,11.12,3.8946,8.2066,0.00000,0.19336
5.12,11.12,3.8438,8.8350,0.00000,0.22753
5.38,11.12,3.9543,9.7686,0.00000,0.27613
5.62,11.12,3.9112,11.2033,0.00000,0.30337
5.88,11.12,3.9700,12.9348,0.00000,0.33674
6.12,11.12,3.9437,15.0597,0.00000,0.35090
6.38,11.12,4.0286,17.1045,0.00000,0.39603
6.62,11.12,4.1143,19.2397,0.00000,0.42935
6.88,11.12,4.3953,22.2075,0.00000,0.36523
7.12,11.12,4.3142,25.5239,0.00000,0.19270
7.38,11.12,3.2900,26.7799,0.00000,0.06494
2.62,11.38,2.7352,25.0475,0.00000,0.23269
2.88,11.38,3.6918,20.0129,0.00000,0.35188
3.12,11.38,3.7439,15.5144,0.00000,0.46615
3.38,11.38,3.7971,13.2269,0.00000,0.55170
3.62,11.38,3.6953,11.4669,0.00000,0.44357
3.88,11.38,3.8067,9.1886,0.00000,0.32780
4.12,11.38,3.7267,7.8049,0.00000,0.26501
4.38,11.38,3.8442,8.2044,0.00000,0.24471
4.62,11.38,3.7847,9.1474,0.00000,0.21396
4.88,11.38,3.9067,9.4358,0.00000,0.21378
5.12,11.38,3.8555,10.0576,0.00000,0.25370
5.38,11.38,3.9532,11.1409,0.00000,0.31135
5.62,11.38,3.9057,12.7470,0.00000,0.33713
5.88,11.38,3.9664,14.5315,0.00000,0.36972
6.12,11.38,3.9434,16.7609,0.00000,0.38302
6.38,11.38,4.0382,19.0216,0.00000,0.42768
6.62,11.38,4.1244,21.2735,0.00000,0.46132
6.88,11.38,4.4040,24.3317,0.00000,0.39415
7.12,11.38,4.3218,27.7835,0.00000,0.20852
7.38,11.38,3.3234,28.9871,0.00000,0.06993
2.62,11.62,2.7454,26.7330,0.00000,0.25540
2.88,11.62,3.7080,21.8726,0.00000,0.38627
3.12,11.62,3.7636,17.4095,0.00000,0.50760
3.38,11.62,3.8063,14.6023,0.00000,0.59450
3.62,11.62,3.7017,12.4382,0.00000,0.48036
3.88,11.62,3.8088,10.4737,0.00000,0.36305
4.12,11.62,3.7333,9.4791,0.00000,0.29520
4.38,11.62,3.8498,9.8022,0.00000,0.26976
4.62,11.62,3.7934,10.6034,0.00000,0.23533
4.88,11.62,3.9247,10.7577,0.00000,0.23539
5.12,11.62,3.8730,11.3466,0.00000,0.28010
5.38,11.62,3.9564,12.5805,0.00000,0.34450
5.62,11.62,3.9038,14.3840,0.00000,0.36652
5.88,11.62,3.9710,16.3154,0.00000,0.39717
6.12,11.62,3.9455,18.6697,0.00000,0.41142
6.38,11.62,4.0298,20.9615,0.00000,0.45306
6.62,11.62,4.1142,23.2399,0.00000,0.48307
6.88,11.62,4.4058,26.5024,0.00000,0.41594
7.12,11.62,4.3315,30.3686,0.00000,0.22212
7.38,11.62,3.3805,31.9610,0.00000,0.07468
2.62,11.88,2.7594,27.4171,0.00000,0.27504
2.88,11.88,3.7287,23.2744,0.00000,0.41560
3.12,11.88,3.7842,19.1595,0.00000,0.54116
3.38,11.88,3.8129,15.9380,0.00000,0.62892
3.62,11.88,3.7044,13.4547,0.00000,0.51470
3.88,11.88,3.8062,11.8939,0.00000,0.40109
4.12,11.88,3.7383,11.3460,0.00000,0.32733
4.38,11.88,3.8574,11.5895,0.00000,0.29472
4.62,11.88,3.8021,12.2387,0.00000,0.25653
4.88,11.88,3.9318,12.2534,0.00000,0.25650
5.12,11.88,3.8800,12.7983,0.00000,0.30251
5.38,11.88,3.9616,14.1266,0.00000,0.36836
5.62,11.88,3.9115,16.0637,0.00000,0.38604
5.88,11.88,3.9887,18.1705,0.00000,0.41740
6.12,11.88,3.9554,20.6708,0.00000,0.43472
6.38,11.88,4.0197,22.9684,0.00000,0.47294
6.62,11.88,4.0935,25.2587,0.00000,0.49334
6.88,11.88,4.3749,28.7713,0.00000,0.42111
7.12,11.88,4.3098,33.2809,0.00000,0.22523
7.38,11.88,3.4403,35.6717,0.00000,0.07640
2.62,12.12,2.7742,28.9118,0.00000,0.28873
2.88,12.12,3.7355,24.9180,0.00000,0.43440
3.12,12.12,3.7910,20.7436,0.00000,0.56080
3.38,12.12,3.8171,17.1445,0.00000,0.65005
3.62,12.12,3.7094,14.4910,0.00000,0.54073
3.88,12.12,3.8041,13.4026,0.00000,0.43499
4.12,12.12,3.7404,13.3396,0.00000,0.35717
4.38,12.12,3.8636,13.5541,0.00000,0.31818
4.62,12.12,3.8114,14.1198,0.00000,0.27569
4.88,12.12,3.9289,14.0389,0.00000,0.27324
5.12,12.12,3.8772,14.5558,0.00000,0.31871
5.38,12.12,3.9660,15.8591,0.00000,0.38512
5.62,12.12,3.9153,17.7701,0.00000,0.39957
5.88,12.12,3.9908,20.0103,0.00000,0.43194
6.12,12.12,3.9552,22.6832,0.00000,0.45228
6.38,12.12,4.0225,25.0615,0.00000,0.48706
6.62,12.12,4.0894,27.3805,0.00000,0.49609
6.88,12.12,4.3445,31.0662,0.00000,0.41581
7.12,12.12,4.2830,36.0032,0.00000,0.22107
7.38,12.12,3.4925,38.8411,0.00000,0.07554
2.62,12.38,2.7998,31.1119,0.00000,0.30038
2.88,12.38,3.7457,26.7861,0.00000,0.44899
3.12,12.38,3.7967,22.1995,0.00000,0.57213
3.38,12.38,3.8189,18.3385,0.00000,0.66046
3.62,12.38,3.7184,15.7490,0.00000,0.55784
3.88,12.38,3.8114,15.1089,0.00000,0.46029
4.12,12.38,3.7519,15.4584,0.00000,0.38030
4.38,12.38,3.8733,15.6237,0.00000,0.33757
4.62,12.38,3.8297,16.1284,0.00000,0.29217
4.88,12.38,3.9395,15.9446,0.00000,0.28715
5.12,12.38,3.8847,16.4301,0.00000,0.33069
5.38,12.38,3.9727,17.7244,0.00000,0.39659
5.62,12.38,3.9128,19.5844,0.00000,0.40744
5.88,12.38,3.9804,21.9118,0.00000,0.43911
6.12,12.38,3.9462,24.7159,0.00000,0.46071
6.38,12.38,4.0239,27.0981,0.00000,0.48825
6.62,12.38,4.0892,29.4124,0.00000,0.48826
6.88,12.38,4.3364,33.2936,0.00000,0.40722
7.12,12.38,4.2742,38.4849,0.00000,0.21664
7.38,12.38,3.5358,41.3981,0.00000,0.07411
2.62,12.62,2.8262,32.7770,0.00000,0.30525
2.88,12.62,3.7596,28.3238,0.00000,0.45734
3.12,12.62,3.8130,23.4916,0.00000,0.58151
3.38,12.62,3.8302,19.6858,0.00000,0.66938
3.62,12.62,3.7361,17.4209,0.00000,0.57117
3.88,12.62,3.8238,17.0418,0.00000,0.47754
4.12,12.62,3.7682,17.5670,0.00000,0.39569
4.38,12.62,3.8849,17.5242,0.00000,0.35198
4.62,12.62,3.8494,17.8800,0.00000,0.30574
4.88,12.62,3.9498,17.6554,0.00000,0.29814
5.12,12.62,3.8897,18.1763,0.00000,0.33320
5.38,12.62,3.9765,19.6118,0.00000,0.39147
5.62,12.62,3.9133,21.5664,0.00000,0.40007
5.88,12.62,3.9771,23.9533,0.00000,0.43225
6.12,12.62,3.9375,26.8060,0.00000,0.45512
6.38,12.62,4.0095,29.0743,0.00000,0.47437
6.62,12.62,4.0745,31.3412,0.00000,0.46819
6.88,12.62,4.3436,35.4865,0.00000,0.39493
7.12,12.62,4.2875,40.8649,0.00000,0.21298
7.38,12.62,3.5765,43.6260,0.00000,0.07341
2.62,12.88,2.8540,34.0806,0.00000,0.30578
2.88,12.88,3.7831,29.9597,0.00000,0.46160
3.12,12.88,3.8379,25.2230,0.00000,0.58939
3.38,12.88,3.8402,21.4308,0.00000,0.67425
3.62,12.88,3.7493,19.3352,0.00000,0.57510
3.88,12.88,3.8310,18.9011,0.00000,0.48146
4.12,12.88,3.7807,19.3187,0.00000,0.40074
4.38,12.88,3.8920,19.0512,0.00000,0.35918
4.62,12.88,3.8582,19.3362,0.00000,0.31291
4.88,12.88,3.9430,19.2703,0.00000,0.30185
5.12,12.88,3.8846,19.9472,0.00000,0.32709
5.38,12.88,3.9794,21.5711,0.00000,0.37764
5.62,12.88,3.9169,23.7147,0.00000,0.38374
5.88,12.88,3.9770,26.1310,0.00000,0.40857
6.12,12.88,3.9328,28.9968,0.00000,0.43008
6.38,12.88,4.0051,31.2014,0.00000,0.44895
6.62,12.88,4.0685,33.3982,0.00000,0.43978
6.88,12.88,4.3558,37.7593,0.00000,0.37692
7.12,12.88,4.3048,43.2820,0.00000,0.20754
7.38,12.88,3.6107,45.7641,0.00000,0.07284
2.62,13.12,2.8817,36.4927,0.00000,0.30252
2.88,13.12,3.8062,32.3799,0.00000,0.45738
3.12,13.12,3.8615,27.5426,0.00000,0.58628
3.38,13.12,3.8476,23.2950,0.00000,0.66974
3.62,13.12,3.7569,20.9482,0.00000,0.56960
3.88,13.12,3.8291,20.3617,0.00000,0.47428
4.12,13.12,3.7902,20.6653,0.00000,0.39565
4.38,13.12,3.8968,20.3813,0.00000,0.35614
4.62,13.12,3.8629,20.8133,0.00000,0.31050
4.88,13.12,3.9390,20.9857,0.00000,0.29665
5.12,13.12,3.8824,21.8355,0.00000,0.31326
5.38,13.12,3.9730,23.6849,0.00000,0.35672
5.62,13.12,3.9064,26.0295,0.00000,0.36031
5.88,13.12,3.9673,28.3066,0.00000,0.37509
6.12,13.12,3.9227,31.0953,0.00000,0.39564
6.38,13.12,4.0118,33.3679,0.00000,0.42167
6.62,13.12,4.0756,35.5721,0.00000,0.41088
6.88,13.12,4.3666,40.1304,0.00000,0.35540
7.12,13.12,4.3139,45.8458,0.00000,0.19916
7.38,13.12,3.6427,48.1431,0.00000,0.07096
2.62,13.38,2.9336,39.7871,0.00000,0.29660
2.88,13.38,3.8414,34.9124,0.00000,0.44729
3.12,13.38,3.8888,29.4180,0.00000,0.57155
3.38,13.38,3.8568,24.6868,0.00000,0.65065
3.62,13.38,3.7691,22.1612,0.00000,0.55496
3.88,13.38,3.8341,21.5049,0.00000,0.46436
4.12,13.38,3.8035,21.7907,0.00000,0.38737
4.38,13.38,3.8956,21.6526,0.00000,0.34640
4.62,13.38,3.8666,22.3540,0.00000,0.30079
4.88,13.38,3.9489,22.7565,0.00000,0.28480
5.12,13.38,3.8913,23.7822,0.00000,0.29240
5.38,13.38,3.9662,25.8656,0.00000,0.32611
5.62,13.38,3.8892,28.3268,0.00000,0.32978
5.88,13.38,3.9540,30.4007,0.00000,0.34321
6.12,13.38,3.9129,33.0414,0.00000,0.36647
6.38,13.38,4.0216,35.3523,0.00000,0.39614
6.62,13.38,4.0832,37.6380,0.00000,0.37987
6.88,13.38,4.3701,42.5339,0.00000,0.32676
7.12,13.38,4.3180,48.6004,0.00000,0.18490
7.38,13.38,3.6836,50.8123,0.00000,0.06693
2.62,13.62,2.9856,42.3789,0.00000,0.28704
2.88,13.62,3.8691,36.7717,0.00000,0.43666
3.12,13.62,3.9159,30.5760,0.00000,0.55829
3.38,13.62,3.8704,25.6639,0.00000,0.62713
3.62,13.62,3.7840,23.2145,0.00000,0.53404
3.88,13.62,3.8397,22.5504,0.00000,0.45157
4.12,13.62,3.8127,22.8581,0.00000,0.37759
4.38,13.62,3.8842,22.8914,0.00000,0.33451
4.62,13.62,3.8684,23.8738,0.00000,0.28825
4.88,13.62,3.9629,24.4766,0.00000,0.27067
5.12,13.62,3.9076,25.6628,0.00000,0.27151
5.38,13.62,3.9733,27.8877,0.00000,0.29559
5.62,13.62,3.8856,30.3374,0.00000,0.29878
5.88,13.62,3.9511,32.3361,0.00000,0.31302
6.12,13.62,3.9093,34.8882,0.00000,0.33893
6.38,13.62,4.0291,37.2696,0.00000,0.36816
6.62,13.62,4.0874,39.7124,0.00000,0.34564
6.88,13.62,4.3658,44.9549,0.00000,0.29313
7.12,13.62,4.3161,51.3555,0.00000,0.16669
7.38,13.62,3.7370,53.4545,0.00000,0.06176
2.62,13.88,3.0355,43.7372,0.00000,0.27263
2.88,13.88,3.9007,38.1868,0.00000,0.41921
3.12,13.88,3.9475,31.7796,0.00000,0.53555
3.38,13.88,3.8819,26.7135,0.00000,0.59097
3.62,13.88,3.7959,24.2585,0.00000,0.50475
3.88,13.88,3.8383,23.6508,0.00000,0.43470
4.12,13.88,3.8124,24.0750,0.00000,0.36551
4.38,13.88,3.8706,24.3289,0.00000,0.32070
4.62,13.88,3.8777,25.6453,0.00000,0.27388
4.88,13.88,3.9783,26.4368,0.00000,0.25489
5.12,13.88,3.9280,27.7264,0.00000,0.25004
5.38,13.88,3.9916,29.8929,0.00000,0.26562
5.62,13.88,3.8901,32.1921,0.00000,0.26713
5.88,13.88,3.9529,34.2467,0.00000,0.28059
6.12,13.88,3.9074,36.8852,0.00000,0.30757
6.38,13.88,4.0226,39.4343,0.00000,0.33563
6.62,13.88,4.0738,42.0187,0.00000,0.30876
6.88,13.88,4.3518,47.5243,0.00000,0.25786
7.12,13.88,4.3097,54.3312,0.00000,0.14734
7.38,13.88,3.8033,56.6182,0.00000,0.05609
2.62,14.12,3.0789,45.0329,0.00000,0.25353
2.88,14.12,3.9150,39.7360,0.00000,0.39219
3.12,14.12,3.9686,33.3094,0.00000,0.50433
3.38,14.12,3.8907,28.0105,0.00000,0.55270
3.62,14.12,3.8091,25.4487,0.00000,0.47393
3.88,14.12,3.8394,24.9315,0.00000,0.41351
4.12,14.12,3.8176,25.5308,0.00000,0.34813
4.38,14.12,3.8681,26.0127,0.00000,0.30062
4.62,14.12,3.8975,27.6223,0.00000,0.25583
4.88,14.12,3.9934,28.5417,0.00000,0.23621
5.12,14.12,3.9442,29.9091,0.00000,0.22559
5.38,14.12,4.0028,32.0767,0.00000,0.23462
5.62,14.12,3.8865,34.3692,0.00000,0.23538
5.88,14.12,3.9490,36.5023,0.00000,0.24709
6.12,14.12,3.8996,39.2109,0.00000,0.27177
6.38,14.12,4.0112,41.8735,0.00000,0.29801
6.62,14.12,4.0542,44.6272,0.00000,0.26946
6.88,14.12,4.3254,50.4317,0.00000,0.22153
7.12,14.12,4.2936,57.7293,0.00000,0.12736
7.38,14.12,3.8801,60.4586,0.00000,0.05013
2.62,14.38,3.1371,47.0207,0.00000,0.23473
2.88,14.38,3.9303,41.6607,0.00000,0.36173
3.12,14.38,3.9807,35.0857,0.00000,0.46814
3.38,14.38,3.8887,29.5957,0.00000,0.51439
3.62,14.38,3.8180,27.0000,0.00000,0.44060
3.88,14.38,3.8440,26.5139,0.00000,0.38393
4.12,14.38,3.8313,27.1988,0.00000,0.32334
4.38,14.38,3.8731,27.7728,0.00000,0.27669
4.62,14.38,3.9160,29.5489,0.00000,0.23575
4.88,14.38,4.0053,30.5984,0.00000,0.21654
5.12,14.38,3.9678,32.1009,0.00000,0.20321
5.38,14.38,4.0199,34.4174,0.00000,0.20847
5.62,14.38,3.8800,36.8610,0.00000,0.20739
5.88,14.38,3.9381,39.0403,0.00000,0.21561
6.12,14.38,3.8894,41.7088,0.00000,0.23621
6.38,14.38,4.0061,44.3801,0.00000,0.25957
6.62,14.38,4.0385,47.3873,0.00000,0.23154
6.88,14.38,4.2933,53.6481,0.00000,0.18712
7.12,14.38,4.2722,61.4956,0.00000,0.10828
7.38,14.38,3.9617,64.6894,0.00000,0.04476
2.62,14.62,3.1844,49.5016,0.00000,0.21563
2.88,14.62,3.9412,43.7428,0.00000,0.33031
3.12,14.62,3.9917,36.8779,0.00000,0.43077
3.38,14.62,3.8956,31.3441,0.00000,0.47771
3.62,14.62,3.8275,28.7958,0.00000,0.40688
3.88,14.62,3.8391,28.2168,0.00000,0.34965
4.12,14.62,3.8414,28.8599,0.00000,0.29304
4.38,14.62,3.8788,29.4763,0.00000,0.24909
4.62,14.62,3.9290,31.4468,0.00000,0.21317
4.88,14.62,4.0159,32.7904,0.00000,0.19696
5.12,14.62,4.0059,34.5054,0.00000,0.18345
5.38,14.62,4.0596,36.7551,0.00000,0.18586
5.62,14.62,3.8908,39.0826,0.00000,0.18303
5.88,14.62,3.9280,41.3622,0.00000,0.18856
6.12,14.62,3.8735,44.1250,0.00000,0.20329
6.38,14.62,3.9972,46.8641,0.00000,0.22024
6.62,14.62,4.0246,50.1553,0.00000,0.19562
6.88,14.62,4.2694,56.8924,0.00000,0.15754
7.12,14.62,4.2558,65.2467,0.00000,0.09199
7.38,14.62,4.0478,68.8997,0.00000,0.04008
2.62,14.88,3.2196,51.2153,0.00000,0.19468
2.88,14.88,3.9677,45.4570,0.00000,0.29747
3.12,14.88,4.0145,38.5468,0.00000,0.39297
3.38,14.88,3.9036,33.0472,0.00000,0.44198
3.62,14.88,3.8321,30.4474,0.00000,0.37512
3.88,14.88,3.8350,29.7264,0.00000,0.31726
4.12,14.88,3.8559,30.3940,0.00000,0.26283
4.38,14.88,3.8863,31.1664,0.00000,0.22068
4.62,14.88,3.9423,33.4063,0.00000,0.18930
4.88,14.88,4.0237,35.1159,0.00000,0.17567
5.12,14.88,4.0348,37.0439,0.00000,0.16117
5.38,14.88,4.0956,39.0440,0.00000,0.15980
5.62,14.88,3.9033,41.0862,0.00000,0.15688
5.88,14.88,3.9143,43.6095,0.00000,0.16302
6.12,14.88,3.8536,46.6725,0.00000,0.17396
6.38,14.88,3.9865,49.5747,0.00000,0.18459
6.62,14.88,4.0113,53.1180,0.00000,0.16374
6.88,14.88,4.2492,60.3122,0.00000,0.13336
7.12,14.88,4.2424,69.1298,0.00000,0.07898
7.38,14.88,4.1256,73.0693,0.00000,0.03558
2.62,15.12,3.2479,52.3484,0.00000,0.17389
2.88,15.12,3.9961,46.9010,0.00000,0.26660
3.12,15.12,4.0408,40.0321,0.00000,0.35745
3.38,15.12,3.9120,34.5148,0.00000,0.40708
3.62,15.12,3.8430,31.8550,0.00000,0.34473
3.88,15.12,3.8397,31.1384,0.00000,0.28517
4.12,15.12,3.8689,31.9601,0.00000,0.23146
4.38,15.12,3.8856,32.8727,0.00000,0.19245
4.62,15.12,3.9548,35.3274,0.00000,0.16553
4.88,15.12,4.0324,37.3253,0.00000,0.15340
5.12,15.12,4.0511,39.4411,0.00000,0.13839
5.38,15.12,4.1148,41.3642,0.00000,0.13429
5.62,15.12,3.9112,43.3432,0.00000,0.13289
5.88,15.12,3.9144,46.1239,0.00000,0.14047
6.12,15.12,3.8459,49.5041,0.00000,0.14688
6.38,15.12,3.9797,52.7494,0.00000,0.15195
6.62,15.12,3.9989,56.6448,0.00000,0.13462
6.88,15.12,4.2279,64.2553,0.00000,0.11108
7.12,15.12,4.2267,73.4902,0.00000,0.06690
7.38,15.12,4.1827,77.5121,0.00000,0.03115
2.62,15.38,3.2967,53.7852,0.00000,0.15621
2.88,15.38,4.0181,48.5456,0.00000,0.24043
3.12,15.38,4.0600,41.5925,0.00000,0.32470
3.38,15.38,3.9281,35.9144,0.00000,0.36997
3.62,15.38,3.8687,33.2202,0.00000,0.31198
3.88,15.38,3.8408,32.4994,0.00000,0.25337
4.12,15.38,3.8621,33.3331,0.00000,0.20246
4.38,15.38,3.8740,34.3435,0.00000,0.16759
4.62,15.38,3.9603,36.9989,0.00000,0.14365
4.88,15.38,4.0304,39.2618,0.00000,0.13222
5.12,15.38,4.0709,41.6426,0.00000,0.11881
5.38,15.38,4.1422,43.6402,0.00000,0.11421
5.62,15.38,3.9236,45.7279,0.00000,0.11286
5.88,15.38,3.9260,48.7757,0.00000,0.11962
6.12,15.38,3.8480,52.4140,0.00000,0.12225
6.38,15.38,3.9693,56.0487,0.00000,0.12364
6.62,15.38,3.9795,60.4205,0.00000,0.10851
6.88,15.38,4.2105,68.6622,0.00000,0.08903
7.12,15.38,4.2173,78.5996,0.00000,0.05437
7.38,15.38,4.2360,82.8663,0.00000,0.02663
2.62,15.62,3.3560,55.7347,0.00000,0.14090
2.88,15.62,4.0392,50.5016,0.00000,0.21577
3.12,15.62,4.0845,43.2888,0.00000,0.29132
3.38,15.62,3.9440,37.3350,0.00000,0.33035
3.62,15.62,3.8792,34.6003,0.00000,0.27748
3.88,15.62,3.8228,33.8088,0.00000,0.22350
4.12,15.62,3.8437,34.4061,0.00000,0.17761
4.38,15.62,3.8588,35.3129,0.00000,0.14621
4.62,15.62,3.9541,38.1659,0.00000,0.12431
4.88,15.62,4.0159,40.8785,0.00000,0.11346
5.12,15.62,4.0941,43.7297,0.00000,0.10245
5.38,15.62,4.1725,45.8974,0.00000,0.09868
5.62,15.62,3.9418,48.1424,0.00000,0.09638
5.88,15.62,3.9419,51.4613,0.00000,0.10102
6.12,15.62,3.8487,55.2867,0.00000,0.10129
6.38,15.62,3.9558,59.2239,0.00000,0.10050
6.62,15.62,3.9590,64.1341,0.00000,0.08752
6.88,15.62,4.1863,73.3418,0.00000,0.07134
7.12,15.62,4.2017,84.3626,0.00000,0.04418
7.38,15.62,4.3071,89.1230,0.00000,0.02292
2.62,15.88,3.4175,57.8337,0.00000,0.12585
2.88,15.88,4.0672,52.4473,0.00000,0.19085
3.12,15.88,4.1079,44.8827,0.00000,0.25641
3.38,15.88,3.9452,38.6580,0.00000,0.28967
3.62,15.88,3.8729,35.8165,0.00000,0.24327
3.88,15.88,3.7990,34.9442,0.00000,0.19431
4.12,15.88,3.8306,35.2984,0.00000,0.15414
4.38,15.88,3.8452,35.9909,0.00000,0.12733
4.62,15.88,3.9411,38.9430,0.00000,0.10853
4.88,15.88,3.9974,42.0640,0.00000,0.09771
5.12,15.88,4.1107,45.3855,0.00000,0.08725
5.38,15.88,4.1888,47.9953,0.00000,0.08376
5.62,15.88,3.9659,50.6618,0.00000,0.08177
5.88,15.88,3.9613,54.2843,0.00000,0.08523
6.12,15.88,3.8466,58.2958,0.00000,0.08363
6.38,15.88,3.9520,62.5076,0.00000,0.08131
6.62,15.88,3.9424,67.9528,0.00000,0.07005
6.88,15.88,4.1365,78.2438,0.00000,0.05665
7.12,15.88,4.1639,90.5466,0.00000,0.03570
7.38,15.88,4.3993,96.2190,0.00000,0.01999
2.62,16.12,3.4713,60.5433,0.00000,0.11163
2.88,16.12,4.0959,54.7503,0.00000,0.16719
3.12,16.12,4.1276,46.6056,0.00000,0.22359
3.38,16.12,3.9409,39.9741,0.00000,0.25282
3.62,16.12,3.8720,36.9136,0.00000,0.21486
3.88,16.12,3.7985,35.9068,0.00000,0.17030
4.12,16.12,3.8279,36.0736,0.00000,0.13326
4.38,16.12,3.8316,36.7491,0.00000,0.11027
4.62,16.12,3.9313,39.7411,0.00000,0.09537
4.88,16.12,3.9739,42.8950,0.00000,0.08436
5.12,16.12,4.1001,46.2533,0.00000,0.07337
5.38,16.12,4.1742,49.3580,0.00000,0.06939
5.62,16.12,4.0043,52.7219,0.00000,0.06759
5.88,16.12,4.0033,56.8386,0.00000,0.06992
6.12,16.12,3.8496,61.3764,0.00000,0.06732
6.38,16.12,3.9523,66.1854,0.00000,0.06443
6.62,16.12,3.9300,72.3668,0.00000,0.05466
6.88,16.12,4.0892,83.7032,0.00000,0.04378
7.12,16.12,4.1273,97.1165,0.00000,0.02829
7.38,16.12,4.4922,104.0995,0.00000,0.01736
2.62,16.38,3.5011,63.0919,0.00000,0.09738
2.88,16.38,4.1203,56.9284,0.00000,0.14495
3.12,16.38,4.1480,48.3247,0.00000,0.19316
3.38,16.38,3.9424,41.3663,0.00000,0.21850
3.62,16.38,3.8734,37.9773,0.00000,0.18893
3.88,16.38,3.8123,36.7416,0.00000,0.14942
4.12,16.38,3.8412,36.8915,0.00000,0.11498
4.38,16.38,3.8289,37.7324,0.00000,0.09516
4.62,16.38,3.9242,40.5939,0.00000,0.08306
4.88,16.38,3.9398,43.5479,0.00000,0.07201
5.12,16.38,4.0561,46.7026,0.00000,0.06113
5.38,16.38,4.1210,49.9935,0.00000,0.05649
5.62,16.38,4.0457,53.7828,0.00000,0.05412
5.88,16.38,4.0593,58.3908,0.00000,0.05490
6.12,16.38,3.8648,63.9281,0.00000,0.05167
6.38,16.38,3.9486,69.9156,0.00000,0.04863
6.62,16.38,3.9055,77.4470,0.00000,0.04068
6.88,16.38,4.0493,90.2399,0.00000,0.03262
7.12,16.38,4.0988,104.9619,0.00000,0.02204
7.38,16.38,4.5750,113.6313,0.00000,0.01507
2.62,16.62,3.5097,65.1924,0.00000,0.08374
2.88,16.62,4.1275,58.8373,0.00000,0.12512
3.12,16.62,4.1544,49.9213,0.00000,0.16529
3.38,16.62,3.9489,42.7513,0.00000,0.18636
3.62,16.62,3.8832,39.0356,0.00000,0.16492
3.88,16.62,3.8308,37.5940,0.00000,0.13194
4.12,16.62,3.8597,37.9343,0.00000,0.09970
4.38,16.62,3.8297,38.9857,0.00000,0.08076
4.62,16.62,3.9148,41.5469,0.00000,0.06958
4.88,16.62,3.9089,44.2722,0.00000,0.05948
5.12,16.62,4.0128,47.3767,0.00000,0.05006
5.38,16.62,4.0627,50.6030,0.00000,0.04513
5.62,16.62,4.0842,54.2455,0.00000,0.04231
5.88,16.62,4.1141,59.0142,0.00000,0.04188
6.12,16.62,3.9075,65.3953,0.00000,0.03863
6.38,16.62,3.9558,72.7981,0.00000,0.03597
6.62,16.62,3.8775,82.3339,0.00000,0.02965
6.88,16.62,4.0186,96.7324,0.00000,0.02384
7.12,16.62,4.0681,112.5063,0.00000,0.01713
7.38,16.62,4.5775,121.5911,0.00000,0.01317
2.62,16.88,3.5141,66.9420,0.00000,0.07115
2.88,16.88,4.1282,60.6028,0.00000,0.10671
3.12,16.88,4.1570,51.5679,0.00000,0.14006
3.38,16.88,3.9511,44.3160,0.00000,0.15828
3.62,16.88,3.8900,40.2985,0.00000,0.14333
3.88,16.88,3.8529,38.6440,0.00000,0.11532
4.12,16.88,3.8833,39.2435,0.00000,0.08628
4.38,16.88,3.8361,40.5522,0.00000,0.06900
4.62,16.88,3.9105,42.9193,0.00000,0.05812
4.88,16.88,3.8938,45.5220,0.00000,0.04909
5.12,16.88,3.9839,48.6931,0.00000,0.04118
5.38,16.88,4.0150,51.8070,0.00000,0.03604
5.62,16.88,4.1045,55.1342,0.00000,0.03320
5.88,16.88,4.1416,59.9557,0.00000,0.03226
6.12,16.88,3.9881,66.7053,0.00000,0.02946
6.38,16.88,4.0124,75.0734,0.00000,0.02735
6.62,16.88,3.8848,85.9128,0.00000,0.02279
6.88,16.88,3.9851,100.5185,0.00000,0.01885
7.12,16.88,3.9936,114.6151,0.00000,0.01456
7.38,16.88,4.3597,117.3075,0.00000,0.01233
2.62,17.12,3.5226,68.7698,0.00000,0.06009
2.88,17.12,4.1165,62.3520,0.00000,0.08908
3.12,17.12,4.1435,53.1744,0.00000,0.11672
3.38,17.12,3.9569,46.0832,0.00000,0.13426
3.62,17.12,3.9085,41.9981,0.00000,0.12317
3.88,17.12,3.8728,40.0485,0.00000,0.09698
4.12,17.12,3.8922,40.7767,0.00000,0.07237
4.38,17.12,3.8397,42.3729,0.00000,0.05882
4.62,17.12,3.9103,44.7280,0.00000,0.04912
4.88,17.12,3.8849,47.3344,0.00000,0.04151
5.12,17.12,3.9580,50.6323,0.00000,0.03512
5.38,17.12,3.9678,53.7759,0.00000,0.02992
5.62,17.12,4.0787,57.0620,0.00000,0.02686
5.88,17.12,4.1083,62.2523,0.00000,0.02552
6.12,17.12,4.0464,69.2845,0.00000,0.02332
6.38,17.12,4.0572,77.6822,0.00000,0.02170
6.62,17.12,3.9314,87.9719,0.00000,0.01890
6.88,17.12,3.9716,100.5377,0.00000,0.01660
7.12,17.12,3.9112,109.7156,0.00000,0.01390
7.38,17.12,4.1129,105.7059,0.00000,0.01273
7.62,17.12,3.7659,99.5235,0.00000,0.01158
2.62,17.38,3.5247,70.9127,0.00000,0.05053
2.88,17.38,4.1009,64.2155,0.00000,0.07354
3.12,17.38,4.1303,54.8899,0.00000,0.09694
3.38,17.38,3.9603,48.0474,0.00000,0.11373
3.62,17.38,3.9098,44.0982,0.00000,0.10313
3.88,17.38,3.8748,41.9181,0.00000,0.07830
4.12,17.38,3.8967,42.6432,0.00000,0.05932
4.38,17.38,3.8479,44.5482,0.00000,0.04993
4.62,17.38,3.9039,46.9583,0.00000,0.04178
4.88,17.38,3.8709,49.5091,0.00000,0.03525
5.12,17.38,3.9385,52.9115,0.00000,0.03014
5.38,17.38,3.9345,56.3074,0.00000,0.02563
5.62,17.38,4.0284,59.9734,0.00000,0.02266
5.88,17.38,4.0285,65.7821,0.00000,0.02083
6.12,17.38,4.0338,73.0414,0.00000,0.01927
6.38,17.38,4.0314,80.5795,0.00000,0.01802
6.62,17.38,3.9731,88.7497,0.00000,0.01641
6.88,17.38,3.9887,97.3269,0.00000,0.01522
7.12,17.38,3.9198,102.0249,0.00000,0.01368
7.38,17.38,3.9992,100.9290,0.00000,0.01300
7.62,17.38,3.8618,107.8007,0.00002,0.01250
7.88,17.38,3.2562,125.0956,0.00041,0.01020
2.62,17.62,3.5337,74.3157,0.00000,0.04444
2.88,17.62,4.0864,66.6656,0.00000,0.06339
3.12,17.62,4.1011,56.7256,0.00000,0.08149
3.38,17.62,3.9307,49.9413,0.00000,0.09310
3.62,17.62,3.8864,46.3848,0.00000,0.08236
3.88,17.62,3.8700,44.3666,0.00000,0.06220
4.12,17.62,3.8969,45.1316,0.00000,0.04882
4.38,17.62,3.8647,47.3120,0.00000,0.04247
4.62,17.62,3.9044,49.8451,0.00000,0.03605
4.88,17.62,3.8665,52.2944,0.00000,0.03040
5.12,17.62,3.9310,55.8159,0.00000,0.02611
5.38,17.62,3.9255,59.6309,0.00000,0.02273
5.62,17.62,3.9929,63.6585,0.00000,0.02034
5.88,17.62,3.9574,69.6387,0.00000,0.01818
6.12,17.62,3.9864,76.5783,0.00000,0.01679
6.38,17.62,3.9661,82.5375,0.00000,0.01554
6.62,17.62,3.9885,87.7576,0.00000,0.01451
6.88,17.62,4.0106,92.0227,0.00000,0.01388
7.12,17.62,4.0145,93.7636,0.00000,0.01307
7.38,17.62,3.9634,95.8007,0.00001,0.01234
7.62,17.62,3.9107,103.0414,0.00027,0.01224
7.88,17.62,3.7534,107.2352,0.00372,0.01142
8.12,17.62,3.2865,99.3280,0.02270,0.00909
2.62,17.88,3.5264,77.8690,0.00000,0.03975
2.88,17.88,4.0693,69.3290,0.00000,0.05621
3.12,17.88,4.0717,58.8551,0.00000,0.07004
3.38,17.88,3.8955,51.9590,0.00000,0.07642
3.62,17.88,3.8489,48.7613,0.00000,0.06576
3.88,17.88,3.8708,47.1602,0.00000,0.05010
4.12,17.88,3.8988,48.1177,0.00000,0.04064
4.38,17.88,3.8835,50.6745,0.00000,0.03621
4.62,17.88,3.9035,53.7059,0.00000,0.03116
4.88,17.88,3.8632,56.3600,0.00000,0.02650
5.12,17.88,3.9215,60.0022,0.00000,0.02326
5.38,17.88,3.9255,64.1384,0.00000,0.02099
5.62,17.88,3.9755,68.2007,0.00000,0.01903
5.88,17.88,3.9371,73.1283,0.00000,0.01668
6.12,17.88,3.9667,78.3772,0.00000,0.01510
6.38,17.88,3.9503,82.0430,0.00000,0.01385
6.62,17.88,3.9902,84.3170,0.00000,0.01303
6.88,17.88,4.0000,85.7667,0.00000,0.01246
7.12,17.88,4.0264,85.4769,0.00000,0.01185
7.38,17.88,4.0260,86.4986,0.00004,0.01134
7.62,17.88,3.9579,91.3223,0.00118,0.01145
7.88,17.88,3.9543,95.1793,0.01509,0.01164
8.12,17.88,3.8714,98.8736,0.07865,0.01034
8.38,17.88,3.4702,105.0330,0.19171,0.00838
2.62,18.12,3.5311,81.9615,0.00000,0.03496
2.88,18.12,4.0306,72.5132,0.00000,0.04879
3.12,18.12,4.0131,61.2561,0.00000,0.05961
3.38,18.12,3.8598,53.9058,0.00000,0.06321
3.62,18.12,3.8153,51.0423,0.00000,0.05326
3.88,18.12,3.8621,50.1695,0.00000,0.04119
4.12,18.12,3.8761,51.5866,0.00000,0.03417
4.38,18.12,3.8764,54.7267,0.00000,0.03065
4.62,18.12,3.8966,58.8630,0.00000,0.02667
4.88,18.12,3.8853,62.1666,0.00000,0.02323
5.12,18.12,3.9264,65.6012,0.00000,0.02102
5.38,18.12,3.9508,68.9661,0.00000,0.01947
5.62,18.12,3.9674,72.0402,0.00000,0.01765
5.88,18.12,3.9573,75.1473,0.00000,0.01543
6.12,18.12,3.9741,78.0795,0.00000,0.01376
6.38,18.12,3.9819,79.7520,0.00000,0.01261
6.62,18.12,3.9996,80.1318,0.00000,0.01174
6.88,18.12,4.0102,80.2954,0.00000,0.01103
7.12,18.12,4.0100,79.3939,0.00000,0.01038
7.38,18.12,4.0369,79.0185,0.00006,0.01015
7.62,18.12,4.0701,82.1669,0.00197,0.01060
7.88,18.12,4.0390,87.5042,0.02505,0.01093
8.12,18.12,4.0491,93.4870,0.12742,0.01023
8.38,18.12,4.0136,92.2901,0.29666,0.00953
8.62,18.12,3.5577,71.7615,0.39206,0.00859
2.62,18.38,3.5622,86.9168,0.00000,0.03008
2.88,18.38,3.9588,76.5893,0.00000,0.04060
3.12,18.38,3.9335,64.5466,0.00000,0.04917
3.38,18.38,3.8150,56.8275,0.00000,0.05147
3.62,18.38,3.7537,54.5043,0.00000,0.04239
3.88,18.38,3.8075,54.8011,0.00000,0.03325
4.12,18.38,3.8349,57.2137,0.00000,0.02810
4.38,18.38,3.8840,60.5376,0.00000,0.02525
4.62,18.38,3.8979,64.9225,0.00000,0.02231
4.88,18.38,3.9419,68.3654,0.00000,0.02025
5.12,18.38,3.9609,70.9541,0.00000,0.01857
5.38,18.38,3.9955,72.8727,0.00000,0.01716
5.62,18.38,3.9959,74.0412,0.00000,0.01550
5.88,18.38,3.9876,75.1970,0.00000,0.01380
6.12,18.38,3.9927,76.6217,0.00000,0.01253
6.38,18.38,4.0029,77.5457,0.00000,0.01155
6.62,18.38,4.0226,77.6814,0.00000,0.01073
6.88,18.38,4.0300,77.6065,0.00000,0.00994
7.12,18.38,4.0299,76.8377,0.00000,0.00932
7.38,18.38,4.0292,76.0011,0.00004,0.00919
7.62,18.38,4.0831,77.5121,0.00124,0.00983
7.88,18.38,4.1471,81.3426,0.01664,0.01058
8.12,18.38,4.0938,85.6374,0.09450,0.01013
8.38,18.38,4.1127,85.3148,0.26087,0.00982
8.62,18.38,4.0369,73.2290,0.41302,0.01022
8.88,18.38,3.5685,54.6489,0.42762,0.01024
2.62,18.62,3.5542,90.2512,0.00000,0.02397
2.88,18.62,3.8360,81.6320,0.00000,0.03055
3.12,18.62,3.8161,70.5243,0.00000,0.03656
3.38,18.62,3.7889,62.9555,0.00000,0.03856
3.62,18.62,3.7287,61.1910,0.00000,0.03222
3.88,18.62,3.8097,62.3491,0.00000,0.02648
4.12,18.62,3.8435,65.4564,0.00000,0.02299
4.38,18.62,3.9268,68.1414,0.00000,0.02088
4.62,18.62,3.9441,70.2201,0.00000,0.01887
4.88,18.62,3.9697,71.9451,0.00000,0.01753
5.12,18.62,3.9934,73.4898,0.00000,0.01617
5.38,18.62,4.0107,74.6637,0.00000,0.01468
5.62,18.62,4.0243,74.8211,0.00000,0.01332
5.88,18.62,4.0168,74.3437,0.00000,0.01211
6.12,18.62,4.0148,74.9038,0.00000,0.01130
6.38,18.62,4.0209,75.9416,0.00000,0.01061
6.62,18.62,4.0361,76.3985,0.00000,0.00995
6.88,18.62,4.0636,76.6327,0.00000,0.00927
7.12,18.62,4.0536,76.3505,0.00000,0.00870
7.38,18.62,4.0379,75.3798,0.00001,0.00861
7.62,18.62,4.0452,75.9933,0.00030,0.00901
7.88,18.62,4.1063,78.9921,0.00469,0.00974
8.12,18.62,4.1274,82.5355,0.03435,0.00977
8.38,18.62,4.0902,84.9370,0.13492,0.00951
8.62,18.62,4.1414,81.6530,0.29984,0.01062
8.88,18.62,4.1137,70.2636,0.37604,0.01218
9.12,18.62,3.7069,55.0742,0.26630,0.01160
2.62,18.88,3.3710,82.5527,0.00000,0.01835
2.88,18.88,3.7764,82.7672,0.00000,0.02251
3.12,18.88,3.8045,78.9042,0.00000,0.02607
3.38,18.88,3.9009,73.1264,0.00000,0.02793
3.62,18.88,3.8730,69.9971,0.00000,0.02455
3.88,18.88,3.8653,69.6576,0.00000,0.02139
4.12,18.88,3.8789,71.5052,0.00000,0.01912
4.38,18.88,3.9232,73.5080,0.00000,0.01725
4.62,18.88,3.9861,73.8529,0.00000,0.01602
4.88,18.88,3.9958,73.0188,0.00000,0.01522
5.12,18.88,3.9990,73.3049,0.00000,0.01426
5.38,18.88,4.0123,74.3253,0.00000,0.01295
5.62,18.88,4.0210,74.5994,0.00000,0.01176
5.88,18.88,4.0396,73.6852,0.00000,0.01076
6.12,18.88,4.0472,73.5382,0.00000,0.01015
6.38,18.88,4.0501,74.6909,0.00000,0.00971
6.62,18.88,4.0474,75.4250,0.00000,0.00919
6.88,18.88,4.0669,75.4677,0.00000,0.00863
7.12,18.88,4.0882,75.2497,0.00000,0.00818
7.38,18.88,4.0574,74.7564,0.00000,0.00805
7.62,18.88,4.0381,75.0172,0.00003,0.00828
7.88,18.88,4.0522,77.3784,0.00067,0.00862
8.12,18.88,4.0678,80.7172,0.00792,0.00869
8.38,18.88,4.1053,83.6922,0.05426,0.00879
8.62,18.88,4.1742,85.3286,0.18796,0.01004
8.88,18.88,4.2768,82.0477,0.29380,0.01219
9.12,18.88,4.2342,72.5576,0.22850,0.01300
9.38,18.88,3.7341,58.0097,0.17082,0.01108
2.62,19.12,2.9697,63.1954,0.00000,0.01387
2.88,19.12,3.6999,76.3177,0.00000,0.01781
3.12,19.12,3.8858,85.0119,0.00000,0.02029
3.38,19.12,3.9293,82.5857,0.00000,0.02105
3.62,19.12,3.9836,76.1493,0.00000,0.01927
3.88,19.12,3.9338,72.6041,0.00000,0.01743
4.12,19.12,3.8986,72.4460,0.00000,0.01589
4.38,19.12,3.9184,73.9363,0.00000,0.01436
4.62,19.12,3.9665,75.0755,0.00000,0.01356
4.88,19.12,4.0121,73.8492,0.00000,0.01342
5.12,19.12,4.0136,72.4735,0.00000,0.01297
5.38,19.12,4.0094,72.6881,0.00000,0.01183
5.62,19.12,4.0218,73.1798,0.00000,0.01068
5.88,19.12,4.0445,73.0468,0.00000,0.00979
6.12,19.12,4.0750,73.0286,0.00000,0.00933
6.38,19.12,4.0801,73.7383,0.00000,0.00903
6.62,19.12,4.0679,74.3991,0.00000,0.00855
6.88,19.12,4.0604,74.3434,0.00000,0.00801
7.12,19.12,4.0816,73.7893,0.00000,0.00767
7.38,19.12,4.0992,73.7775,0.00000,0.00754
7.62,19.12,4.0599,74.5687,0.00000,0.00758
7.88,19.12,4.0423,76.2587,0.00011,0.00776
8.12,19.12,4.0534,79.2171,0.00304,0.00794
8.38,19.12,4.1100,83.6102,0.03444,0.00838
8.62,19.12,4.2584,88.0104,0.15345,0.00972
8.88,19.12,4.2698,88.2687,0.27430,0.01148
9.12,19.12,4.2537,84.7269,0.25893,0.01265
9.38,19.12,4.1540,76.8849,0.29132,0.01194
9.62,19.12,3.6264,76.8034,0.42429,0.00997
2.88,19.38,3.3390,76.7800,0.00000,0.01477
3.12,19.38,3.8510,95.0823,0.00000,0.01767
3.38,19.38,3.9203,90.8019,0.00000,0.01762
3.62,19.38,3.9197,80.1857,0.00000,0.01592
3.88,19.38,3.9694,74.0223,0.00000,0.01487
4.12,19.38,3.9500,71.5815,0.00000,0.01382
4.38,19.38,3.9303,72.0203,0.00000,0.01256
4.62,19.38,3.9559,73.7431,0.00000,0.01200
4.88,19.38,3.9814,74.1489,0.00000,0.01207
5.12,19.38,4.0297,72.4996,0.00000,0.01210
5.38,19.38,4.0349,71.0611,0.00000,0.01127
5.62,19.38,4.0315,71.1461,0.00000,0.01009
5.88,19.38,4.0478,72.1055,0.00000,0.00926
6.12,19.38,4.0703,73.0603,0.00000,0.00892
6.38,19.38,4.0982,73.6810,0.00000,0.00866
6.62,19.38,4.0926,73.8497,0.00000,0.00817
6.88,19.38,4.0721,73.7862,0.00000,0.00772
7.12,19.38,4.0737,73.2776,0.00000,0.00754
7.38,19.38,4.0984,73.2878,0.00000,0.00743
7.62,19.38,4.1156,74.5597,0.00000,0.00741
7.88,19.38,4.0707,76.4331,0.00004,0.00750
8.12,19.38,4.0613,79.1065,0.00151,0.00778
8.38,19.38,4.0873,84.0618,0.01924,0.00821
8.62,19.38,4.1773,89.3910,0.09795,0.00904
8.88,19.38,4.2091,89.4416,0.22339,0.01028
9.12,19.38,4.1705,88.0704,0.30400,0.01133
9.38,19.38,4.2271,88.7940,0.41999,0.01169
9.62,19.38,4.1456,99.9017,0.61917,0.01179
9.88,19.38,3.6799,132.6402,0.68955,0.01140
3.12,19.62,3.3480,111.0038,0.00000,0.01444
3.38,19.62,3.7535,93.7947,0.00000,0.01512
3.62,19.62,3.8665,82.7194,0.00000,0.01414
3.88,19.62,3.9227,77.8607,0.00000,0.01343
4.12,19.62,4.0117,72.9384,0.00000,0.01292
4.38,19.62,3.9814,71.3248,0.00000,0.01184
4.62,19.62,3.9494,72.4072,0.00000,0.01126
4.88,19.62,3.9563,73.5440,0.00000,0.01137
5.12,19.62,3.9931,73.2032,0.00000,0.01147
5.38,19.62,4.0424,71.3717,0.00000,0.01080
5.62,19.62,4.0493,70.1640,0.00000,0.00974
5.88,19.62,4.0432,71.2099,0.00000,0.00913
6.12,19.62,4.0613,73.0108,0.00000,0.00891
6.38,19.62,4.0903,74.1545,0.00000,0.00863
6.62,19.62,4.1242,74.3649,0.00000,0.00822
6.88,19.62,4.1076,74.1079,0.00000,0.00789
7.12,19.62,4.0871,73.5574,0.00000,0.00787
7.38,19.62,4.0812,73.5812,0.00000,0.00779
7.62,19.62,4.1059,74.7557,0.00000,0.00779
7.88,19.62,4.1204,76.7391,0.00001,0.00790
8.12,19.62,4.0757,79.0615,0.00039,0.00800
8.38,19.62,4.0617,82.2101,0.00630,0.00819
8.62,19.62,4.1057,85.7976,0.04784,0.00850
8.88,19.62,4.1499,86.2676,0.18010,0.00946
9.12,19.62,4.2278,85.3490,0.36269,0.01096
9.38,19.62,4.3024,88.1837,0.52449,0.01209
9.62,19.62,4.3702,100.2941,0.70684,0.01347
9.88,19.62,4.2572,127.3830,0.77596,0.01445
10.12,19.62,3.6869,160.3944,0.64015,0.01291
3.38,19.88,3.2283,86.5494,0.00000,0.01183
3.62,19.88,3.7293,86.7556,0.00000,0.01282
3.88,19.88,3.8898,84.2410,0.00000,0.01293
4.12,19.88,3.9390,77.2084,0.00000,0.01231
4.38,19.88,3.9978,73.5731,0.00000,0.01144
4.62,19.88,3.9698,73.2173,0.00000,0.01084
4.88,19.88,3.9444,73.7904,0.00000,0.01080
5.12,19.88,3.9712,74.1451,0.00000,0.01078
5.38,19.88,4.0098,73.4183,0.00000,0.01003
5.62,19.88,4.0601,71.7315,0.00000,0.00940
5.88,19.88,4.0534,71.5401,0.00000,0.00935
6.12,19.88,4.0445,72.9060,0.00000,0.00921
6.38,19.88,4.0679,74.2085,0.00000,0.00885
6.62,19.88,4.1065,74.9267,0.00000,0.00842
6.88,19.88,4.1342,74.9305,0.00000,0.00812
7.12,19.88,4.1111,74.2380,0.00000,0.00817
7.38,19.88,4.0885,74.0080,0.00000,0.00828
7.62,19.88,4.0851,74.8476,0.00000,0.00836
7.88,19.88,4.1041,76.6225,0.00000,0.00839
8.12,19.88,4.1134,78.6300,0.00007,0.00834
8.38,19.88,4.0724,80.3310,0.00182,0.00831
8.62,19.88,4.0695,81.7706,0.02131,0.00842
8.88,19.88,4.1217,82.5887,0.11249,0.00918
9.12,19.88,4.2305,82.9608,0.30137,0.01073
9.38,19.88,4.3870,84.7165,0.51272,0.01260
9.62,19.88,4.4250,90.9783,0.67814,0.01445
9.88,19.88,4.3653,107.6908,0.72718,0.01564
10.12,19.88,4.1515,133.2748,0.63197,0.01491
10.38,19.88,3.6146,157.5193,0.50168,0.01272
3.62,20.12,3.2724,93.6292,0.00000,0.01098
3.88,20.12,3.7741,83.9078,0.00000,0.01244
4.12,20.12,3.8843,77.9824,0.00000,0.01206
4.38,20.12,3.9119,77.2755,0.00000,0.01105
4.62,20.12,3.9948,76.5427,0.00000,0.01043
4.88,20.12,3.9860,75.9314,0.00001,0.00999
5.12,20.12,3.9612,75.7532,0.00000,0.00961
5.38,20.12,3.9854,75.5829,0.00000,0.00910
5.62,20.12,4.0180,74.5810,0.00000,0.00890
5.88,20.12,4.0640,73.7843,0.00000,0.00931
6.12,20.12,4.0592,74.0598,0.00000,0.00933
6.38,20.12,4.0491,74.8271,0.00000,0.00875
6.62,20.12,4.0708,75.6406,0.00000,0.00822
6.88,20.12,4.1061,76.0322,0.00000,0.00811
7.12,20.12,4.1316,75.5608,0.00000,0.00846
7.38,20.12,4.1105,74.9109,0.00000,0.00875
7.62,20.12,4.0875,75.0931,0.00000,0.00883
7.88,20.12,4.0817,76.3766,0.00000,0.00875
8.12,20.12,4.0953,78.0196,0.00001,0.00868
8.38,20.12,4.1134,79.2449,0.00037,0.00872
8.62,20.12,4.0651,80.3534,0.00541,0.00877
8.88,20.12,4.0670,81.7833,0.03681,0.00930
9.12,20.12,4.1465,84.0280,0.13262,0.01038
9.38,20.12,4.2647,87.3502,0.29502,0.01207
9.62,20.12,4.3461,90.4359,0.48989,0.01414
9.88,20.12,4.2870,95.8828,0.60989,0.01534
10.12,20.12,4.2288,109.9585,0.56291,0.01539
10.38,20.12,4.1265,129.6948,0.50658,0.01500
10.62,20.12,3.6624,138.6714,0.46706,0.01343
3.88,20.38,3.2882,66.0517,0.00000,0.01054
4.12,20.38,3.7499,68.4700,0.00000,0.01136
4.38,20.38,3.8751,77.2410,0.00003,0.01090
4.62,20.38,3.9333,81.0093,0.00014,0.01013
4.88,20.38,4.0248,80.0557,0.00024,0.00952
5.12,20.38,3.9910,78.7272,0.00017,0.00893
5.38,20.38,3.9640,78.4525,0.00005,0.00852
5.62,20.38,3.9786,77.8992,0.00001,0.00841
5.88,20.38,4.0144,77.2937,0.00000,0.00869
6.12,20.38,4.0668,77.0662,0.00000,0.00892
6.38,20.38,4.0605,77.0479,0.00000,0.00852
6.62,20.38,4.0458,77.2412,0.00000,0.00809
6.88,20.38,4.0663,77.2623,0.00000,0.00833
7.12,20.38,4.1042,76.9267,0.00000,0.00907
7.38,20.38,4.1377,76.2773,0.00000,0.00964
7.62,20.38,4.1113,76.0257,0.00000,0.00957
7.88,20.38,4.0762,76.6450,0.00000,0.00919
8.12,20.38,4.0654,77.7199,0.00000,0.00907
8.38,20.38,4.0893,78.8426,0.00004,0.00921
8.62,20.38,4.0973,80.6770,0.00065,0.00945
8.88,20.38,4.0530,83.3109,0.00589,0.00986
9.12,20.38,4.0621,86.6884,0.02905,0.01057
9.38,20.38,4.1327,91.2543,0.10052,0.01180
9.62,20.38,4.2113,93.8191,0.27471,0.01364
9.88,20.38,4.2252,92.6208,0.45639,0.01513
10.12,20.38,4.1694,95.0736,0.45439,0.01558
10.38,20.38,4.1977,102.9571,0.42212,0.01583
10.62,20.38,4.1042,101.8605,0.46186,0.01549
10.88,20.38,3.5476,77.3831,0.46127,0.01355
4.12,20.62,3.2698,52.6875,0.00005,0.00951
4.38,20.62,3.7660,69.1421,0.00043,0.01056
4.62,20.62,3.9030,81.5405,0.00183,0.01040
4.88,20.62,3.9424,85.2062,0.00348,0.00955
5.12,20.62,4.0086,83.9968,0.00303,0.00901
5.38,20.62,3.9870,82.8191,0.00128,0.00862
5.62,20.62,3.9631,81.9357,0.00026,0.00824
5.88,20.62,3.9824,81.3977,0.00003,0.00820
6.12,20.62,4.0255,81.1584,0.00000,0.00839
6.38,20.62,4.0812,80.6130,0.00000,0.00842
6.62,20.62,4.0685,79.8722,0.00000,0.00832
6.88,20.62,4.0452,78.9390,0.00000,0.00866
7.12,20.62,4.0580,78.1535,0.00000,0.00963
7.38,20.62,4.0957,77.6055,0.00000,0.01057
7.62,20.62,4.1283,77.4959,0.00000,0.01053
7.88,20.62,4.0952,77.8624,0.00000,0.00991
8.12,20.62,4.0659,78.3804,0.00000,0.00971
8.38,20.62,4.0690,79.3558,0.00000,0.00987
8.62,20.62,4.0841,81.5607,0.00004,0.01020
8.88,20.62,4.0837,84.7222,0.00047,0.01062
9.12,20.62,4.0471,87.9317,0.00382,0.01120
9.38,20.62,4.0593,91.0590,0.02689,0.01218
9.62,20.62,4.1198,92.2369,0.11950,0.01348
9.88,20.62,4.1653,90.0405,0.26894,0.01489
10.12,20.62,4.1867,88.4991,0.32174,0.01599
10.38,20.62,4.1459,90.0144,0.29258,0.01614
10.62,20.62,4.1236,88.0383,0.36188,0.01605
10.88,20.62,3.9873,74.6975,0.45988,0.01567
11.12,20.62,3.4681,55.0899,0.46382,0.01379
4.38,20.88,3.3236,55.0932,0.00275,0.00942
4.62,20.88,3.8190,73.6475,0.01093,0.01057
4.88,20.88,3.9254,86.2779,0.02323,0.01014
5.12,20.88,3.9522,89.7185,0.02591,0.00944
5.38,20.88,4.0223,88.0776,0.01445,0.00901
5.62,20.88,3.9956,86.3838,0.00396,0.00835
5.88,20.88,3.9679,85.8948,0.00055,0.00797
6.12,20.88,3.9881,85.6622,0.00004,0.00807
6.38,20.88,4.0305,84.8363,0.00000,0.00821
6.62,20.88,4.0844,83.4549,0.00000,0.00836
6.88,20.88,4.0679,81.7409,0.00000,0.00866
7.12,20.88,4.0408,80.1904,0.00000,0.00951
7.38,20.88,4.0507,79.3129,0.00000,0.01058
7.62,20.88,4.0866,79.3099,0.00000,0.01075
7.88,20.88,4.1082,79.6798,0.00000,0.01039
8.12,20.88,4.0783,79.7777,0.00000,0.01028
8.38,20.88,4.0605,80.2789,0.00000,0.01043
8.62,20.88,4.0733,82.0342,0.00000,0.01079
8.88,20.88,4.0835,84.5350,0.00002,0.01125
9.12,20.88,4.0805,86.6710,0.00043,0.01198
9.38,20.88,4.0482,88.4242,0.00537,0.01283
9.62,20.88,4.0292,89.2503,0.03328,0.01352
9.88,20.88,4.0590,88.6197,0.10094,0.01444
10.12,20.88,4.1256,87.8279,0.15738,0.01583
10.38,20.88,4.1878,88.8195,0.19193,0.01691
10.62,20.88,4.1611,89.6642,0.28506,0.01702
10.88,20.88,4.1547,85.7037,0.38788,0.01690
11.12,20.88,4.0128,73.2003,0.46602,0.01631
11.38,20.88,3.5384,56.1225,0.49704,0.01461
4.62,21.12,3.3772,58.7750,0.03496,0.00939
4.88,21.12,3.8704,77.7801,0.08134,0.01032
5.12,21.12,3.9952,90.1210,0.11065,0.01015
5.38,21.12,4.0058,92.6449,0.07997,0.00934
5.62,21.12,4.0439,91.1200,0.03020,0.00851
5.88,21.12,3.9995,90.8817,0.00606,0.00798
6.12,21.12,3.9704,90.9998,0.00066,0.00794
6.38,21.12,3.9897,89.9494,0.00004,0.00810
6.62,21.12,4.0327,88.1605,0.00000,0.00826
6.88,21.12,4.0873,86.0914,0.00000,0.00854
7.12,21.12,4.0683,83.9459,0.00000,0.00906
7.38,21.12,4.0401,82.2717,0.00000,0.00993
7.62,21.12,4.0614,81.5755,0.00000,0.01060
7.88,21.12,4.0880,81.5361,0.00000,0.01081
8.12,21.12,4.1029,81.2176,0.00000,0.01088
8.38,21.12,4.0736,80.9593,0.00000,0.01099
8.62,21.12,4.0626,81.4197,0.00000,0.01126
8.88,21.12,4.0762,82.6473,0.00000,0.01179
9.12,21.12,4.0746,84.1650,0.00011,0.01263
9.38,21.12,4.0714,85.9356,0.00156,0.01362
9.62,21.12,4.0223,87.7562,0.00934,0.01433
9.88,21.12,4.0116,88.4738,0.02785,0.01502
10.12,21.12,4.0553,88.0900,0.06166,0.01596
10.38,21.12,4.1581,88.4798,0.15330,0.01731
10.62,21.12,4.2282,89.8216,0.25968,0.01812
10.88,21.12,4.1751,91.2351,0.28868,0.01784
11.12,21.12,4.1526,87.3488,0.38841,0.01776
11.38,21.12,4.1157,75.0214,0.58139,0.01790
11.62,21.12,3.7646,58.2469,0.72640,0.01690
4.88,21.38,3.4608,61.4858,0.16649,0.00935
5.12,21.38,3.9908,80.1163,0.25110,0.01066
5.38,21.38,4.0738,91.4431,0.23124,0.01033
5.62,21.38,4.0193,94.7320,0.12237,0.00911
5.88,21.38,4.0343,95.7553,0.03628,0.00833
6.12,21.38,3.9899,96.2155,0.00632,0.00803
6.38,21.38,3.9738,95.3012,0.00068,0.00812
6.62,21.38,4.0000,93.4112,0.00004,0.00841
6.88,21.38,4.0483,91.4138,0.00000,0.00874
7.12,21.38,4.1105,89.2125,0.00002,0.00918
7.38,21.38,4.0833,86.6062,0.00004,0.00999
7.62,21.38,4.0491,84.3511,0.00004,0.01087
7.88,21.38,4.0573,83.0312,0.00002,0.01125
8.12,21.38,4.0746,82.2312,0.00000,0.01141
8.38,21.38,4.0894,81.5392,0.00000,0.01165
8.62,21.38,4.0720,80.9343,0.00000,0.01184
8.88,21.38,4.0635,80.9833,0.00001,0.01236
9.12,21.38,4.0614,82.0716,0.00036,0.01327
9.38,21.38,4.0579,83.7688,0.00449,0.01432
9.62,21.38,4.0578,86.1122,0.02106,0.01536
9.88,21.38,4.0331,87.7392,0.04016,0.01613
10.12,21.38,4.0292,87.7449,0.04810,0.01664
10.38,21.38,4.0763,87.9233,0.09198,0.01743
10.62,21.38,4.1347,89.1890,0.15591,0.01827
10.88,21.38,4.1769,91.6274,0.20350,0.01893
11.12,21.38,4.1755,92.3623,0.34322,0.01936
11.38,21.38,4.2751,87.7954,0.59352,0.02014
11.62,21.38,4.3058,76.1582,0.79916,0.02081
11.88,21.38,3.7817,57.5823,0.71800,0.02029
5.12,21.62,3.5909,62.6881,0.34792,0.01008
5.38,21.62,4.0424,80.7824,0.38425,0.01116
5.62,21.62,4.0434,93.8843,0.27778,0.01034
5.88,21.62,4.0177,100.2219,0.12778,0.00916
6.12,21.62,4.0482,100.5536,0.03726,0.00850
6.38,21.62,4.0080,99.3252,0.00672,0.00833
6.62,21.62,3.9891,97.6736,0.00074,0.00872
6.88,21.62,4.0139,95.9480,0.00014,0.00932
7.12,21.62,4.0671,94.4592,0.00051,0.00982
7.38,21.62,4.1257,91.7537,0.00122,0.01075
7.62,21.62,4.0918,88.3422,0.00137,0.01161
7.88,21.62,4.0528,85.6082,0.00069,0.01189
8.12,21.62,4.0560,83.8504,0.00014,0.01217
8.38,21.62,4.0742,82.8357,0.00002,0.01257
8.62,21.62,4.0976,81.8856,0.00004,0.01286
8.88,21.62,4.0759,81.0778,0.00008,0.01331
9.12,21.62,4.0542,81.3509,0.00064,0.01418
9.38,21.62,4.0504,82.4027,0.00762,0.01523
9.62,21.62,4.0670,84.0255,0.03740,0.01637
9.88,21.62,4.0903,85.6670,0.07765,0.01741
10.12,21.62,4.0479,86.8478,0.08124,0.01789
10.38,21.62,4.0237,88.1972,0.06335,0.01825
10.62,21.62,4.0445,89.7121,0.07477,0.01871
10.88,21.62,4.1199,90.4376,0.17955,0.01978
11.12,21.62,4.2298,90.3869,0.37876,0.02121
11.38,21.62,4.2650,90.6671,0.54996,0.02200
11.62,21.62,4.2884,86.8181,0.64724,0.02313
11.88,21.62,4.1393,72.3444,0.62379,0.02792
12.12,21.62,3.5897,53.5370,0.52673,0.03480
5.38,21.88,3.5387,63.3446,0.41794,0.01014
5.62,21.88,3.9591,83.6873,0.40123,0.01087
5.88,21.88,4.0570,98.5112,0.28526,0.01030
6.12,21.88,4.0408,102.4044,0.13568,0.00923
6.38,21.88,4.0595,101.3882,0.04014,0.00883
6.62,21.88,4.0100,99.7996,0.00745,0.00910
6.88,21.88,3.9876,98.3711,0.00199,0.00969
7.12,21.88,4.0062,97.9370,0.00637,0.01034
7.38,21.88,4.0631,96.3483,0.01545,0.01121
7.62,21.88,4.1177,92.9771,0.01767,0.01212
7.88,21.88,4.0863,89.5461,0.00899,0.01261
8.12,21.88,4.0515,86.8185,0.00190,0.01299
8.38,21.88,4.0638,85.1592,0.00045,0.01346
8.62,21.88,4.0832,83.8427,0.00126,0.01389
8.88,21.88,4.0900,82.5486,0.00205,0.01443
9.12,21.88,4.0636,81.8869,0.00165,0.01533
9.38,21.88,4.0432,81.6902,0.00537,0.01639
9.62,21.88,4.0482,81.9803,0.02847,0.01742
9.88,21.88,4.0826,82.9256,0.07725,0.01865
10.12,21.88,4.1007,84.8945,0.11844,0.01981
10.38,21.88,4.0490,87.5923,0.11219,0.02045
10.62,21.88,4.0196,89.5973,0.08395,0.02070
10.88,21.88,4.0461,88.8895,0.14940,0.02140
11.12,21.88,4.1904,86.7132,0.37370,0.02316
11.38,21.88,4.3004,86.2329,0.58705,0.02453
11.62,21.88,4.2146,86.6276,0.64603,0.02574
11.88,21.88,4.2305,80.9881,0.66375,0.03386
12.12,21.88,4.1327,69.6575,0.65341,0.04455
12.38,21.88,3.6092,65.7690,0.65716,0.04153
5.62,22.12,3.4454,64.0366,0.42919,0.00955
5.88,22.12,3.9084,83.5728,0.42604,0.01039
6.12,22.12,3.9904,96.6691,0.30729,0.00998
6.38,22.12,4.0163,101.5633,0.14877,0.00953
6.62,22.12,4.0517,101.5690,0.04597,0.00962
6.88,22.12,3.9903,100.8473,0.01358,0.00988
7.12,22.12,3.9683,101.0947,0.03074,0.01070
7.38,22.12,4.0298,100.0382,0.07621,0.01198
7.62,22.12,4.0951,96.9818,0.09077,0.01300
7.88,22.12,4.1254,93.5600,0.04766,0.01358
8.12,22.12,4.0826,90.6843,0.01075,0.01398
8.38,22.12,4.0491,88.6873,0.00515,0.01448
8.62,22.12,4.0620,86.5519,0.01649,0.01518
8.88,22.12,4.0754,84.4615,0.02641,0.01577
9.12,22.12,4.0830,83.0761,0.01724,0.01671
9.38,22.12,4.0553,81.7715,0.00612,0.01793
9.62,22.12,4.0390,80.7890,0.01104,0.01905
9.88,22.12,4.0478,80.8259,0.04348,0.02030
10.12,22.12,4.0902,82.1860,0.10923,0.02191
10.38,22.12,4.1079,84.7959,0.16409,0.02338
10.62,22.12,4.0474,87.7725,0.15924,0.02386
10.88,22.12,4.0349,88.2868,0.16869,0.02433
11.12,22.12,4.1626,85.9357,0.33039,0.02607
11.38,22.12,4.2899,83.1846,0.59978,0.02769
11.62,22.12,4.3319,82.5403,0.80855,0.02907
11.88,22.12,4.4158,81.8090,0.92433,0.03475
12.12,22.12,4.3908,79.2355,0.86716,0.04299
12.38,22.12,4.1142,82.3221,0.81241,0.04280
12.62,22.12,3.5465,92.7143,0.87300,0.03340
5.88,22.38,3.3878,62.8207,0.46234,0.00920
6.12,22.38,3.8931,84.1709,0.46711,0.01052
6.38,22.38,4.0567,99.6737,0.34894,0.01075
6.62,22.38,4.0525,104.4235,0.16717,0.01032
6.88,22.38,4.0395,105.1462,0.05675,0.01031
7.12,22.38,4.0005,106.1972,0.06580,0.01136
7.38,22.38,4.0458,104.7602,0.15919,0.01324
7.62,22.38,4.1028,101.0513,0.20452,0.01449
7.88,22.38,4.0878,97.5470,0.11649,0.01482
8.12,22.38,4.0926,94.5450,0.03329,0.01536
8.38,22.38,4.0693,92.2488,0.03163,0.01606
8.62,22.38,4.0965,89.5945,0.08964,0.01724
8.88,22.38,4.1321,86.1389,0.13700,0.01803
9.12,22.38,4.1128,83.7358,0.09668,0.01856
9.38,22.38,4.0792,82.2231,0.03241,0.01962
9.62,22.38,4.0396,80.7684,0.00730,0.02082
9.88,22.38,4.0238,80.0261,0.01521,0.02228
10.12,22.38,4.0390,80.3708,0.06036,0.02405
10.38,22.38,4.0982,82.0480,0.15165,0.02592
10.62,22.38,4.1603,85.0865,0.26516,0.02755
10.88,22.38,4.1481,87.2214,0.34337,0.02841
11.12,22.38,4.1696,86.1557,0.38434,0.02995
11.38,22.38,4.2092,83.0746,0.52208,0.03150
11.62,22.38,4.3265,80.0243,0.82278,0.03283
11.88,22.38,4.5652,77.3558,1.10836,0.03658
12.12,22.38,4.4975,76.6820,1.06501,0.04210
12.38,22.38,4.2114,79.9906,0.85202,0.04423
12.62,22.38,3.9052,80.2143,0.80619,0.04046
12.88,22.38,3.4800,64.9260,0.78046,0.03626
6.12,22.62,3.5301,82.2341,0.52495,0.01023
6.38,22.62,4.0902,106.3121,0.52235,0.01197
6.62,22.62,4.1429,109.6666,0.35840,0.01180
6.88,22.62,4.0411,107.7147,0.17741,0.01130
7.12,22.62,4.0519,108.9238,0.11327,0.01250
7.38,22.62,4.0751,108.8038,0.17485,0.01454
7.62,22.62,4.0764,105.9364,0.23351,0.01557
7.88,22.62,4.0411,102.4353,0.16214,0.01632
8.12,22.62,4.0485,99.1461,0.08578,0.01750
8.38,22.62,4.0945,95.8220,0.11635,0.01809
8.62,22.62,4.1731,92.0474,0.23149,0.01925
8.88,22.62,4.2196,87.0651,0.31427,0.02035
9.12,22.62,4.1650,83.3197,0.24916,0.02061
9.38,22.62,4.0924,82.0619,0.10348,0.02127
9.62,22.62,4.0590,81.4938,0.02113,0.02275
9.88,22.62,4.0178,80.9896,0.00692,0.02450
10.12,22.62,3.9973,80.7290,0.02281,0.02662
10.38,22.62,4.0533,81.4643,0.10365,0.02893
10.62,22.62,4.2255,82.8284,0.31971,0.03170
10.88,22.62,4.3112,84.0577,0.53905,0.03355
11.12,22.62,4.2187,83.7589,0.55728,0.03461
11.38,22.62,4.2077,81.0438,0.60447,0.03621
11.62,22.62,4.3288,77.4442,0.82862,0.03814
11.88,22.62,4.5221,73.3076,1.05933,0.04172
12.12,22.62,4.5373,70.7012,1.10143,0.04652
12.38,22.62,4.2696,71.7681,0.91461,0.04761
12.62,22.62,4.1068,71.5218,0.79363,0.04661
12.88,22.62,3.9874,65.4957,0.73139,0.04765
13.12,22.62,3.3390,67.3065,0.47794,0.04516
6.38,22.88,3.7328,122.0386,0.53591,0.01177
6.62,22.88,4.1947,110.7065,0.51084,0.01323
6.88,22.88,4.1633,105.7376,0.40139,0.01314
7.12,22.88,4.0664,107.0647,0.26255,0.01384
7.38,22.88,4.1024,108.5763,0.18676,0.01558
7.62,22.88,4.0517,109.2505,0.18346,0.01613
7.88,22.88,4.0170,107.1608,0.18444,0.01740
8.12,22.88,4.0931,103.8286,0.20789,0.01972
8.38,22.88,4.1629,100.3313,0.27592,0.02046
8.62,22.88,4.2405,95.7299,0.34315,0.02103
8.88,22.88,4.2481,89.1931,0.36177,0.02193
9.12,22.88,4.1586,83.5889,0.30524,0.02239
9.38,22.88,4.0565,81.5974,0.14981,0.02344
9.62,22.88,4.0307,81.6694,0.04784,0.02569
9.88,22.88,4.0196,82.1205,0.03312,0.02777
10.12,22.88,3.9896,81.9417,0.02736,0.03031
10.38,22.88,4.0202,81.5911,0.06725,0.03358
10.62,22.88,4.1551,81.2418,0.24964,0.03684
10.88,22.88,4.2444,81.1724,0.46770,0.03884
11.12,22.88,4.1771,80.4671,0.56883,0.03988
11.38,22.88,4.2436,76.9855,0.76011,0.04156
11.62,22.88,4.4044,73.6755,0.94719,0.04368
11.88,22.88,4.4453,71.5407,0.96415,0.04744
12.12,22.88,4.4528,69.6682,0.99440,0.05242
12.38,22.88,4.3906,69.2761,1.04264,0.05294
12.62,22.88,4.2404,69.7335,0.97914,0.05130
12.88,22.88,4.0791,71.3487,0.74528,0.05545
13.12,22.88,3.7264,81.8245,0.43146,0.06397
13.38,22.88,2.9271,98.3382,0.18315,0.07084
6.62,23.12,3.7704,104.7119,0.54409,0.01260
6.88,23.12,4.1149,110.9494,0.54718,0.01395
7.12,23.12,4.0611,111.3603,0.40614,0.01463
7.38,23.12,4.0729,108.5396,0.25633,0.01583
7.62,23.12,4.1003,109.4639,0.19984,0.01648
7.88,23.12,4.0268,108.3714,0.25684,0.01763
8.12,23.12,4.0990,105.0495,0.38847,0.02037
8.38,23.12,4.1807,102.9364,0.43975,0.02218
8.62,23.12,4.1692,100.0791,0.37265,0.02247
8.88,23.12,4.1476,93.3201,0.27773,0.02278
9.12,23.12,4.0756,85.9901,0.20120,0.02355
9.38,23.12,3.9953,82.1799,0.11201,0.02553
9.62,23.12,3.9856,81.3762,0.10267,0.02878
9.88,23.12,4.0178,81.6349,0.15014,0.03206
10.12,23.12,4.0109,81.7683,0.11730,0.03552
10.38,23.12,4.0118,80.8158,0.08490,0.04004
10.62,23.12,4.0454,79.3931,0.15921,0.04412
10.88,23.12,4.0632,79.1092,0.26592,0.04636
11.12,23.12,4.0722,78.5616,0.41577,0.04842
11.38,23.12,4.2882,75.2565,0.79181,0.05027
11.62,23.12,4.4602,71.9824,1.07270,0.05063
11.88,23.12,4.3841,72.0927,0.94617,0.05386
12.12,23.12,4.3305,73.2662,0.82539,0.06047
12.38,23.12,4.3985,72.1396,1.01400,0.06253
12.62,23.12,4.4419,68.3709,1.25599,0.06121
12.88,23.12,4.3394,68.7999,1.15395,0.06526
13.12,23.12,4.1995,75.5353,0.84633,0.08333
13.38,23.12,3.5750,75.8305,0.42265,0.10724
13.62,23.12,2.7211,54.8006,0.11456,0.11655
6.88,23.38,3.4301,140.1222,0.41870,0.01219
7.12,23.38,3.8125,131.3585,0.35876,0.01484
7.38,23.38,4.0783,114.5194,0.33973,0.01744
7.62,23.38,4.1502,107.7109,0.33817,0.01840
7.88,23.38,4.1305,105.3257,0.41039,0.01950
8.12,23.38,4.1772,101.8921,0.58382,0.02235
8.38,23.38,4.1934,100.2465,0.62286,0.02446
8.62,23.38,4.1336,99.9401,0.51785,0.02442
8.88,23.38,4.1083,95.6492,0.41365,0.02421
9.12,23.38,4.0750,88.8424,0.27079,0.02511
9.38,23.38,4.0180,83.4735,0.14970,0.02771
9.62,23.38,4.0025,81.0228,0.18507,0.03170
9.88,23.38,4.0874,79.7916,0.31597,0.03714
10.12,23.38,4.0982,79.2344,0.30442,0.04292
10.38,23.38,4.0600,78.4427,0.19290,0.04907
10.62,23.38,4.0123,76.6423,0.16186,0.05453
10.88,23.38,3.9631,76.1084,0.16957,0.05820
11.12,23.38,3.9770,76.9483,0.25824,0.06273
11.38,23.38,4.2195,76.3649,0.63135,0.06535
11.62,23.38,4.3948,73.5368,1.01312,0.06234
11.88,23.38,4.2638,73.5843,0.92627,0.06217
12.12,23.38,4.1686,75.8845,0.68282,0.06916
12.38,23.38,4.2361,74.1596,0.77130,0.07385
12.62,23.38,4.3604,65.3049,1.16989,0.07460
12.88,23.38,4.4160,60.5138,1.39257,0.07686
13.12,23.38,4.2840,63.4095,1.21432,0.09494
13.38,23.38,3.7977,58.8786,0.60231,0.13550
13.62,23.38,3.2935,41.5027,0.13928,0.16367
13.88,23.38,2.7189,25.2189,0.01493,0.14538
7.12,23.62,3.3289,146.2213,0.32308,0.01494
7.38,23.62,4.0423,112.7189,0.47168,0.02024
7.62,23.62,4.2282,99.9315,0.53071,0.02247
7.88,23.62,4.1620,98.6269,0.55111,0.02373
8.12,23.62,4.2661,96.1665,0.70649,0.02741
8.38,23.62,4.3343,94.4640,0.83384,0.02972
8.62,23.62,4.3280,95.6625,0.85849,0.02835
8.88,23.62,4.4125,93.4319,0.91788,0.02721
9.12,23.62,4.3305,88.5559,0.78012,0.02747
9.38,23.62,4.1582,84.5835,0.46740,0.02993
9.62,23.62,4.0492,82.2114,0.28880,0.03440
9.88,23.62,4.1253,79.1997,0.37671,0.04181
10.12,23.62,4.1930,76.6745,0.45977,0.05105
10.38,23.62,4.0974,75.9924,0.32030,0.05898
10.62,23.62,3.9845,74.5160,0.18123,0.06551
10.88,23.62,3.9071,73.3161,0.12909,0.07235
11.12,23.62,3.8780,74.1915,0.14836,0.08335
11.38,23.62,3.9578,75.6358,0.34503,0.09074
11.62,23.62,4.0538,74.1605,0.69621,0.08476
11.88,23.62,4.1059,73.4669,0.84138,0.07815
12.12,23.62,4.0778,74.4054,0.65567,0.07989
12.38,23.62,4.0072,70.9856,0.54077,0.08327
12.62,23.62,3.9414,60.3417,0.71125,0.08428
12.88,23.62,3.8829,52.6081,0.84107,0.09053
13.12,23.62,3.7445,53.1234,0.73130,0.11863
13.38,23.62,3.5627,48.9785,0.35406,0.16851
13.62,23.62,3.4547,36.7957,0.07536,0.19840
13.88,23.62,3.2011,26.9148,0.00675,0.18490
14.12,23.62,2.6108,19.2312,0.00027,0.15007
7.38,23.88,3.6506,86.3638,0.53861,0.02063
7.62,23.88,4.1747,82.5670,0.62294,0.02535
7.88,23.88,4.1700,89.7926,0.59383,0.02850
8.12,23.88,4.1734,91.6673,0.66749,0.03330
8.38,23.88,4.3242,91.1245,0.84026,0.03638
8.62,23.88,4.3908,92.0197,1.01719,0.03400
8.88,23.88,4.6134,88.8447,1.33426,0.03086
9.12,23.88,4.6726,83.6403,1.43958,0.02982
9.38,23.88,4.4127,82.8657,1.03111,0.03153
9.62,23.88,4.1751,84.1418,0.51741,0.03635
9.88,23.88,4.1496,81.6538,0.37450,0.04477
10.12,23.88,4.1869,77.6210,0.46961,0.05604
10.38,23.88,4.0727,75.3050,0.39157,0.06668
10.62,23.88,3.9238,73.3351,0.21007,0.07628
10.88,23.88,3.8428,71.5288,0.11581,0.08991
11.12,23.88,3.7965,70.6688,0.10682,0.11179
11.38,23.88,3.7966,70.4523,0.19305,0.13029
11.62,23.88,3.9246,68.9875,0.55464,0.12950
11.88,23.88,4.1384,67.8706,0.91940,0.11853
12.12,23.88,4.0639,66.4564,0.74054,0.10979
12.38,23.88,3.8102,60.4324,0.43615,0.09846
12.62,23.88,3.4636,50.1107,0.37773,0.08358
12.88,23.88,3.1804,41.2743,0.30262,0.08838
13.12,23.88,3.1481,36.9548,0.18827,0.13433
13.38,23.88,3.3366,33.2193,0.08065,0.19393
13.62,23.88,3.3561,29.7661,0.01637,0.21266
13.88,23.88,3.2855,28.8833,0.00134,0.20449
14.12,23.88,3.0749,25.2438,0.00004,0.18884
14.38,23.88,2.4129,19.6966,0.00000,0.14749
7.62,24.12,3.6783,70.8801,0.57910,0.02382
7.88,24.12,4.0948,88.8781,0.64412,0.03078
8.12,24.12,4.1836,93.2708,0.71366,0.03778
8.38,24.12,4.2172,89.9407,0.79454,0.04175
8.62,24.12,4.2845,87.8067,0.94865,0.04140
8.88,24.12,4.5031,83.9951,1.32439,0.03749
9.12,24.12,4.7331,78.5297,1.69538,0.03339
9.38,24.12,4.6026,79.2794,1.52483,0.03248
9.62,24.12,4.2790,83.6592,0.91635,0.03622
9.88,24.12,4.1096,83.8038,0.45834,0.04506
10.12,24.12,4.1075,80.6278,0.39856,0.05790
10.38,24.12,4.0639,76.3572,0.42542,0.07228
10.62,24.12,3.9351,72.6007,0.31999,0.08842
10.88,24.12,3.7966,69.7993,0.17499,0.11411
11.12,24.12,3.7121,67.0793,0.09704,0.15067
11.38,24.12,3.6998,63.9605,0.13470,0.18596
11.62,24.12,3.8637,60.5976,0.46101,0.20524
11.88,24.12,4.0793,57.9921,0.83740,0.20268
12.12,24.12,3.9417,54.5961,0.68958,0.17774
12.38,24.12,3.4389,47.6202,0.38605,0.12090
12.62,24.12,2.5082,34.5494,0.28584,0.06470
12.88,24.12,1.8180,22.6423,0.15981,0.05098
13.12,24.12,1.9033,17.4833,0.04505,0.09262
13.38,24.12,2.6925,18.4256,0.00904,0.17250
13.62,24.12,3.2430,24.6062,0.00141,0.21899
13.88,24.12,3.2052,32.0968,0.00011,0.21032
14.12,24.12,3.2546,32.5354,0.00000,0.20951
14.38,24.12,3.0041,27.5977,0.00000,0.19069
14.62,24.12,2.4592,22.4496,0.00000,0.13639
7.88,24.38,3.6295,108.6159,0.69866,0.02831
8.12,24.38,4.1058,108.3533,0.81546,0.03697
8.38,24.38,4.1801,93.8526,0.78710,0.04333
8.62,24.38,4.1661,84.0048,0.82328,0.04825
8.88,24.38,4.3469,80.0468,1.06156,0.04894
9.12,24.38,4.6374,76.9788,1.47865,0.04283
9.38,24.38,4.7687,77.5432,1.77813,0.03606
9.62,24.38,4.5533,80.0684,1.51265,0.03552
9.88,24.38,4.2217,81.5784,0.86444,0.04318
10.12,24.38,4.1512,81.3232,0.52117,0.05747
10.38,24.38,4.1402,78.8134,0.47898,0.07483
10.62,24.38,4.0294,74.6530,0.46344,0.09841
10.88,24.38,3.8565,69.7122,0.35974,0.13787
11.12,24.38,3.7253,64.5680,0.21104,0.19186
11.38,24.38,3.6624,59.4283,0.12115,0.25350
11.62,24.38,3.6970,54.1319,0.22312,0.31014
11.88,24.38,3.7893,49.6296,0.39707,0.33774
12.12,24.38,3.5442,45.0054,0.33987,0.30346
12.38,24.38,2.6789,37.8807,0.20158,0.17948
12.62,24.38,1.4096,21.9505,0.15234,0.06388
12.88,24.38,0.6376,8.7696,0.08132,0.02403
13.12,24.38,0.7961,5.8508,0.01815,0.05068
13.38,24.38,1.9665,10.5583,0.00169,0.14940
13.62,24.38,3.1239,21.1481,0.00016,0.24231
13.88,24.38,3.1761,32.0592,0.00005,0.23810
14.12,24.38,3.2276,34.8639,0.00001,0.23396
14.38,24.38,3.2964,31.6301,0.00000,0.22752
14.62,24.38,3.0770,27.0360,0.00000,0.18087
14.88,24.38,2.6860,19.4766,0.00000,0.14299
8.12,24.62,3.5902,123.8738,0.71960,0.03102
8.38,24.62,4.0422,97.1773,0.71959,0.04110
8.62,24.62,4.1177,84.8096,0.71012,0.05163
8.88,24.62,4.1288,80.8884,0.72057,0.05783
9.12,24.62,4.3567,78.4428,0.96271,0.05393
9.38,24.62,4.6641,77.6615,1.55877,0.04369
9.62,24.62,4.7347,76.1076,1.86189,0.03828
9.88,24.62,4.5480,76.7332,1.48471,0.04251
10.12,24.62,4.4483,78.7068,1.05052,0.05434
10.38,24.62,4.3865,80.7098,0.78229,0.07085
10.62,24.62,4.2201,79.3512,0.67484,0.09769
10.88,24.62,4.0234,72.6721,0.67076,0.14497
11.12,24.62,3.8832,63.8876,0.56206,0.21569
11.38,24.62,3.7013,56.1649,0.27211,0.30882
11.62,24.62,3.5356,49.2608,0.09516,0.40468
11.88,24.62,3.4906,42.8322,0.08419,0.47085
12.12,24.62,3.2158,36.0597,0.07051,0.46727
12.38,24.62,2.2945,28.2338,0.04333,0.33125
12.62,24.62,1.0642,14.2379,0.03338,0.15756
12.88,24.62,0.3869,4.2732,0.01788,0.06719
13.12,24.62,0.5718,3.8670,0.00434,0.07934
13.38,24.62,1.7292,9.8321,0.00186,0.18700
13.62,24.62,2.9997,19.5155,0.00242,0.29698
13.88,24.62,3.2428,28.3401,0.00144,0.30243
14.12,24.62,3.2671,32.5537,0.00032,0.28088
14.38,24.62,3.1795,33.0069,0.00003,0.24585
14.62,24.62,3.1890,29.7566,0.00000,0.20696
14.88,24.62,3.2360,22.7242,0.00000,0.19095
15.12,24.62,2.6037,14.3433,0.00000,0.15289
8.38,24.88,3.4870,92.8862,0.61203,0.03653
8.62,24.88,3.8696,91.1992,0.59619,0.04857
8.88,24.88,3.8936,83.5412,0.45049,0.05576
9.12,24.88,4.0016,75.6494,0.55070,0.05650
9.38,24.88,4.3073,73.9314,1.07891,0.05119
9.62,24.88,4.5181,72.7268,1.55834,0.04645
9.88,24.88,4.6134,73.5806,1.65457,0.04607
10.12,24.88,4.6527,75.7058,1.54140,0.05089
10.38,24.88,4.5536,79.7812,1.29690,0.06139
10.62,24.88,4.3088,82.1490,1.01647,0.08337
10.88,24.88,4.0955,75.6310,0.92478,0.12906
11.12,24.88,3.9742,63.3006,0.82714,0.21021
11.38,24.88,3.7223,52.4752,0.41411,0.33180
11.62,24.88,3.4566,43.8835,0.08981,0.46501
11.88,24.88,3.2944,35.5972,0.01326,0.56525
12.12,24.88,3.1042,26.3407,0.00583,0.63009
12.38,24.88,2.6214,17.8583,0.00354,0.60208
12.62,24.88,1.6882,9.1253,0.00309,0.44605
12.88,24.88,1.0007,4.5447,0.00353,0.29343
13.12,24.88,1.1771,6.2528,0.00799,0.28297
13.38,24.88,2.1597,12.4884,0.02123,0.37960
13.62,24.88,3.1054,20.6898,0.03047,0.42870
13.88,24.88,3.3364,27.9442,0.01777,0.38109
14.12,24.88,3.3952,33.0975,0.00394,0.33674
14.38,24.88,3.2876,35.7046,0.00033,0.28739
14.62,24.88,3.2965,34.2912,0.00001,0.23310
14.88,24.88,3.5498,29.3322,0.00000,0.21465
8.62,25.12,3.1766,99.8617,0.36918,0.03779
8.88,25.12,3.5885,78.8845,0.25045,0.04638
9.12,25.12,3.8941,66.0145,0.40688,0.05304
9.38,25.12,4.1275,64.7763,0.84154,0.05490
9.62,25.12,4.2858,66.4235,1.16790,0.05569
9.88,25.12,4.3736,71.0916,1.31361,0.05389
10.12,25.12,4.4343,74.4607,1.43780,0.05136
10.38,25.12,4.4399,77.0287,1.50671,0.05401
10.62,25.12,4.2377,79.6486,1.28125,0.06783
10.88,25.12,3.9616,73.5682,0.91297,0.10731
11.12,25.12,3.7304,60.2818,0.60456,0.18187
11.38,25.12,3.3901,47.9199,0.26623,0.30169
11.62,25.12,3.1630,37.1029,0.05365,0.46843
11.88,25.12,3.1068,26.5049,0.00443,0.63955
12.12,25.12,3.0759,17.6650,0.00030,0.78201
12.38,25.12,3.0251,11.7166,0.00043,0.87800
12.62,25.12,2.6559,7.9702,0.00433,0.85947
12.88,25.12,2.2183,7.0348,0.02278,0.75152
13.12,25.12,2.3489,9.0922,0.06357,0.70621
13.38,25.12,2.9269,14.8383,0.12421,0.69809
13.62,25.12,3.3041,23.6558,0.15010,0.58547
13.88,25.12,3.3089,31.1459,0.08275,0.43702
14.12,25.12,3.4355,35.5086,0.01840,0.38064
14.38,25.12,3.6517,37.6228,0.00167,0.35478
14.62,25.12,3.5967,38.4975,0.00007,0.28087
8.88,25.38,3.0409,58.0307,0.10632,0.03708
9.12,25.38,3.6753,50.7687,0.25403,0.04828
9.38,25.38,3.9823,53.1356,0.57360,0.05560
9.62,25.38,4.1328,56.4478,0.90751,0.06175
9.88,25.38,4.2309,62.8877,1.11854,0.06443
10.12,25.38,4.1650,68.1572,1.22005,0.06200
10.38,25.38,4.1603,70.1175,1.37653,0.05969
10.62,25.38,4.1017,70.6306,1.28833,0.06735
10.88,25.38,3.8003,67.5409,0.74674,0.09309
11.12,25.38,3.2355,58.1434,0.27756,0.12759
11.38,25.38,2.4984,43.6986,0.07749,0.18656
11.62,25.38,2.2501,29.5706,0.01303,0.34103
11.88,25.38,2.6347,17.9085,0.00097,0.61824
12.12,25.38,3.0084,11.5322,0.00007,0.88604
12.38,25.38,3.0662,9.6741,0.00147,1.03389
12.62,25.38,3.0444,9.2701,0.01892,1.13610
12.88,25.38,3.0559,9.7757,0.09784,1.18450
13.12,25.38,3.1463,11.6461,0.23551,1.12992
13.38,25.38,3.2568,16.7025,0.33568,0.98343
13.62,25.38,3.3059,25.1398,0.30947,0.74098
13.88,25.38,3.3252,31.5268,0.15299,0.54368
14.12,25.38,3.4355,35.8033,0.03508,0.45164
14.38,25.38,3.6957,38.7310,0.00374,0.40276
9.12,25.62,3.0728,35.1357,0.09856,0.04027
9.38,25.62,3.6480,42.2364,0.27437,0.05313
9.62,25.62,4.0021,49.4125,0.64628,0.06497
9.88,25.62,4.2242,56.0984,1.13075,0.07325
10.12,25.62,4.2528,59.9390,1.40362,0.07948
10.38,25.62,4.0942,60.0811,1.38474,0.08088
10.62,25.62,3.8716,58.6782,1.06704,0.08317
10.88,25.62,3.4282,58.4724,0.49514,0.08461
11.12,25.62,2.3231,49.7066,0.11575,0.07081
11.38,25.62,1.2512,30.7678,0.01523,0.07025
11.62,25.62,1.0274,16.1006,0.00146,0.16543
11.88,25.62,1.6866,9.1039,0.00009,0.46108
12.12,25.62,2.6130,7.4534,0.00007,0.87980
12.38,25.62,2.9885,8.6054,0.00243,1.15590
12.62,25.62,3.0014,10.0336,0.03112,1.34085
12.88,25.62,3.1533,11.2934,0.15887,1.53214
13.12,25.62,3.2308,13.1287,0.35854,1.54168
13.38,25.62,3.1812,17.0953,0.42141,1.37049
13.62,25.62,3.2056,25.4237,0.29666,1.00813
13.88,25.62,3.4183,33.7010,0.12680,0.70470
14.12,25.62,3.5429,39.1981,0.03096,0.54057
9.38,25.88,3.0258,34.1471,0.11096,0.04739
9.62,25.88,3.6675,48.2403,0.37315,0.06479
9.88,25.88,4.1145,58.7806,0.92472,0.08042
10.12,25.88,4.3706,58.9294,1.52394,0.09641
10.38,25.88,4.2182,54.5926,1.57690,0.10512
10.62,25.88,3.7444,50.4975,0.97541,0.10602
10.88,25.88,3.1035,45.5026,0.33629,0.09290
11.12,25.88,1.6937,31.3063,0.05799,0.05321
11.38,25.88,0.5506,13.9493,0.00455,0.02626
11.62,25.88,0.3504,5.2776,0.00017,0.06894
11.88,25.88,0.9410,4.1476,0.00000,0.30073
12.12,25.88,2.1168,5.8860,0.00004,0.78922
12.38,25.88,2.9324,8.1484,0.00147,1.25826
12.62,25.88,3.0280,10.0610,0.01886,1.58879
12.88,25.88,3.0974,11.2875,0.09586,1.93707
13.12,25.88,3.0739,12.8872,0.21188,2.11071
13.38,25.88,2.8993,16.9218,0.23244,1.98308
13.62,25.88,2.6339,26.6113,0.14430,1.36863
13.88,25.88,2.6847,38.2695,0.05657,0.78388
9.62,26.12,2.9860,59.3785,0.16566,0.05911
9.88,26.12,3.6397,74.2511,0.52503,0.08598
10.12,26.12,4.0924,65.2320,1.13582,0.11428
10.38,26.12,4.0675,53.6344,1.42486,0.12899
10.62,26.12,3.5797,46.7065,0.91584,0.13810
10.88,26.12,2.9740,34.2227,0.29134,0.13748
11.12,26.12,1.7620,17.2201,0.04493,0.09694
11.38,26.12,0.7363,5.8969,0.00310,0.05925
11.62,26.12,0.5013,3.3191,0.00008,0.08678
11.88,26.12,1.0291,4.9205,0.00000,0.30048
12.12,26.12,2.1602,6.8665,0.00001,0.77855
12.38,26.12,2.9310,9.0143,0.00033,1.26620
12.62,26.12,2.9712,10.9469,0.00421,1.66347
12.88,26.12,2.9455,11.8232,0.02146,2.17132
13.12,26.12,2.8704,12.7260,0.04817,2.57994
13.38,26.12,2.6296,16.1171,0.05526,2.57029
13.62,26.12,2.1071,25.5149,0.03691,1.84190
9.88,26.38,2.8159,93.6165,0.20880,0.08754
10.12,26.38,3.3979,65.5494,0.51155,0.13366
10.38,26.38,3.5942,46.0201,0.70489,0.17029
10.62,26.38,3.3905,37.7945,0.47717,0.19677
10.88,26.38,3.1038,25.1238,0.15458,0.21448
11.12,26.38,2.4846,12.7651,0.02386,0.20385
11.38,26.38,1.8541,6.8463,0.00164,0.19182
11.62,26.38,1.5739,6.8241,0.00004,0.23424
11.88,26.38,1.9391,8.9913,0.00000,0.45739
12.12,26.38,2.6931,10.4088,0.00000,0.83800
12.38,26.38,2.9652,11.9425,0.00003,1.15957
12.62,26.38,2.8893,13.0015,0.00035,1.52904
12.88,26.38,2.7939,13.9619,0.00181,2.08545
13.12,26.38,2.6495,14.7417,0.00441,2.59835
13.38,26.38,2.4249,15.1542,0.00598,2.77465
10.12,26.62,2.5827,45.5212,0.12834,0.13746
10.38,26.62,3.0884,29.4209,0.16163,0.19752
10.62,26.62,3.2498,24.8390,0.10462,0.24290
10.88,26.62,3.1171,18.5835,0.03361,0.26727
11.12,26.62,2.9761,14.1177,0.00520,0.28957
11.38,26.62,2.9165,12.3874,0.00036,0.32915
11.62,26.62,2.7677,12.0096,0.00001,0.40115
11.88,26.62,2.8467,13.3219,0.00000,0.57194
12.12,26.62,3.0129,15.3816,0.00000,0.76867
12.38,26.62,2.9824,16.0900,0.00000,0.93795
12.62,26.62,3.0106,15.3381,0.00001,1.20783
12.88,26.62,2.6393,16.1873,0.00006,1.51176
13.12,26.62,2.1979,18.6425,0.00018,1.88054
10.38,26.88,2.4413,16.3884,0.01725,0.17556
10.62,26.88,2.9145,16.6071,0.00947,0.23853
10.88,26.88,3.0261,15.9763,0.00282,0.28263
11.12,26.88,2.9051,17.2301,0.00043,0.30241
11.38,26.88,2.8731,18.0881,0.00003,0.34138
11.62,26.88,2.9578,16.2582,0.00000,0.43056
11.88,26.88,3.0751,16.5776,0.00000,0.54168
12.12,26.88,3.0084,18.9031,0.00000,0.61637
12.38,26.88,3.0674,17.9652,0.00000,0.74723
12.62,26.88,3.3005,15.6779,0.00000,0.93207
12.88,26.88,2.6907,15.1383,0.00000,0.95618
10.62,27.12,2.3945,11.2585,0.00038,0.20760
10.88,27.12,2.8746,13.3621,0.00009,0.27890
11.12,27.12,2.9921,17.4684,0.00001,0.32143
11.38,27.12,2.9430,19.6835,0.00000,0.35723
11.62,27.12,2.9761,18.4204,0.00000,0.41743
11.88,27.12,3.1669,18.8787,0.00000,0.49863
12.12,27.12,3.2331,20.5471,0.00000,0.56467
12.38,27.12,3.2080,19.5577,0.00000,0.64847
12.62,27.12,3.2635,17.3531,0.00000,0.73928
10.88,27.38,2.2536,10.3300,0.00000,0.22656
11.12,27.38,2.7679,15.3876,0.00000,0.30232
11.38,27.38,3.0784,18.5661,0.00000,0.36593
11.62,27.38,2.9790,19.2235,0.00000,0.39059
11.88,27.38,3.1254,20.9374,0.00000,0.44785
12.12,27.38,3.5013,22.6654,0.00000,0.54123
12.38,27.38,3.4280,22.9351,0.00000,0.58275
11.12,27.62,2.0807,13.4925,0.00000,0.21080
11.38,27.62,2.7008,16.6661,0.00000,0.28672
11.62,27.62,2.9437,17.9037,0.00000,0.33530
11.88,27.62,3.0849,21.1893,0.00000,0.37472
12.12,27.62,3.3176,24.8500,0.00000,0.43444
11.38,27.88,2.3158,11.7771,0.00000,0.21355
11.62,27.88,3.0132,13.0000,0.00000,0.29645
11.88,27.88,3.3144,17.4430,0.00000,0.33929
11.62,28.12,2.5003,7.3252,0.00000,0.23072
