x,y,rho,contact,casualty,pressure
2.62,0.12,0.3109,0.0087,0.00000,0.17321
2.88,0.12,0.5588,0.0112,0.00000,0.30027
3.12,0.12,0.7044,0.0081,0.00000,0.36800
3.38,0.12,0.7074,0.0060,0.00000,0.37384
3.62,0.12,0.8044,0.0074,0.00000,0.41505
3.88,0.12,0.9633,0.0099,0.00000,0.44678
4.12,0.12,1.0013,0.0157,0.00000,0.40833
4.38,0.12,1.0356,0.0186,0.00000,0.36944
4.62,0.12,1.1511,0.0194,0.00000,0.35995
4.88,0.12,1.2112,0.0299,0.00000,0.35450
5.12,0.12,1.1917,0.0353,0.00000,0.35065
5.38,0.12,1.1951,0.0222,0.00000,0.33028
5.62,0.12,1.2161,0.0097,0.00000,0.30639
5.88,0.12,1.1916,0.0079,0.00000,0.29645
6.12,0.12,1.2320,0.0119,0.00000,0.31562
6.38,0.12,1.2818,0.0232,0.00000,0.33511
6.62,0.12,1.2075,0.0964,0.00000,0.32758
6.88,0.12,1.2038,0.8442,0.00000,0.34741
7.12,0.12,1.0428,3.8978,0.00000,0.33835
7.38,0.12,0.6343,8.6236,0.00000,0.22742
2.62,0.38,0.6233,0.0151,0.00000,0.33331
2.88,0.38,1.1595,0.0214,0.00000,0.60190
3.12,0.38,1.4770,0.0218,0.00000,0.75498
3.38,0.38,1.3776,0.0233,0.00000,0.72655
3.62,0.38,1.3968,0.0243,0.00000,0.74273
3.88,0.38,1.5853,0.0224,0.00000,0.77638
4.12,0.38,1.5792,0.0262,0.00000,0.69358
4.38,0.38,1.5301,0.0281,0.00000,0.59418
4.62,0.38,1.6221,0.0253,0.00000,0.54915
4.88,0.38,1.6705,0.0295,0.00000,0.51556
5.12,0.38,1.6242,0.0301,0.00000,0.49001
5.38,0.38,1.6357,0.0225,0.00000,0.46181
5.62,0.38,1.6846,0.0167,0.00000,0.42902
5.88,0.38,1.6423,0.0176,0.00000,0.40909
6.12,0.38,1.6706,0.0250,0.00000,0.43460
6.38,0.38,1.7176,0.0478,0.00000,0.46836
6.62,0.38,1.6040,0.1903,0.00000,0.45794
6.88,0.38,1.7027,1.6209,0.00000,0.49839
7.12,0.38,1.6400,7.4671,0.00000,0.51334
7.38,0.38,1.0712,16.5171,0.00000,0.35729
2.62,0.62,0.8201,0.0147,0.00000,0.39368
2.88,0.62,1.5608,0.0272,0.00000,0.74365
3.12,0.62,1.9969,0.0479,0.00000,0.95774
3.38,0.62,1.7801,0.0705,0.00000,0.88437
3.62,0.62,1.6970,0.0657,0.00000,0.84802
3.88,0.62,1.8866,0.0428,0.00000,0.88237
4.12,0.62,1.8686,0.0322,0.00000,0.79877
4.38,0.62,1.7800,0.0285,0.00000,0.67352
4.62,0.62,1.8331,0.0217,0.00000,0.60513
4.88,0.62,1.8620,0.0202,0.00000,0.55439
5.12,0.62,1.8141,0.0213,0.00000,0.50871
5.38,0.62,1.8199,0.0216,0.00000,0.47506
5.62,0.62,1.8781,0.0234,0.00000,0.44937
5.88,0.62,1.8424,0.0316,0.00000,0.42507
6.12,0.62,1.8528,0.0440,0.00000,0.43291
6.38,0.62,1.8767,0.0674,0.00000,0.45681
6.62,0.62,1.6709,0.2456,0.00000,0.42967
6.88,0.62,1.8311,2.0798,0.00000,0.46784
7.12,0.62,1.9854,9.5852,0.00000,0.50996
7.38,0.62,1.3996,21.2035,0.00000,0.36728
2.62,0.88,0.8538,0.0079,0.00000,0.30899
2.88,0.88,1.5481,0.0225,0.00000,0.59226
3.12,0.88,1.8901,0.0623,0.00000,0.76935
3.38,0.88,1.6970,0.1063,0.00000,0.70875
3.62,0.88,1.6952,0.0970,0.00000,0.67795
3.88,0.88,1.8514,0.0580,0.00000,0.70652
4.12,0.88,1.8392,0.0363,0.00000,0.65609
4.38,0.88,1.8303,0.0275,0.00000,0.57464
4.62,0.88,1.8705,0.0174,0.00000,0.52022
4.88,0.88,1.8711,0.0121,0.00000,0.47635
5.12,0.88,1.8663,0.0132,0.00000,0.43716
5.38,0.88,1.8662,0.0158,0.00000,0.40339
5.62,0.88,1.9240,0.0210,0.00000,0.38555
5.88,0.88,1.9400,0.0368,0.00000,0.36651
6.12,0.88,1.9363,0.0540,0.00000,0.35345
6.38,0.88,1.9726,0.0673,0.00000,0.35965
6.62,0.88,1.7042,0.2128,0.00000,0.32302
6.88,0.88,1.8193,1.8032,0.00000,0.34368
7.12,0.88,2.1379,8.3276,0.00000,0.39501
7.38,0.88,1.5991,18.4270,0.00000,0.29456
2.62,1.12,1.0442,0.0027,0.00000,0.23098
2.88,1.12,1.6978,0.0116,0.00000,0.42203
3.12,1.12,1.8584,0.0390,0.00000,0.53103
3.38,1.12,1.7245,0.0699,0.00000,0.50925
3.62,1.12,1.8969,0.0672,0.00000,0.51710
3.88,1.12,1.9856,0.0458,0.00000,0.52907
4.12,1.12,1.9317,0.0311,0.00000,0.49187
4.38,1.12,2.0037,0.0216,0.00000,0.45825
4.62,1.12,2.0477,0.0130,0.00000,0.43387
4.88,1.12,2.0256,0.0082,0.00000,0.40609
5.12,1.12,2.0576,0.0079,0.00000,0.38042
5.38,1.12,2.0499,0.0095,0.00000,0.34695
5.62,1.12,2.0995,0.0123,0.00000,0.32716
5.88,1.12,2.1580,0.0220,0.00000,0.31654
6.12,1.12,2.0894,0.0346,0.00000,0.29597
6.38,1.12,2.1513,0.0484,0.00000,0.29221
6.62,1.12,1.9464,0.1484,0.00000,0.26128
6.88,1.12,2.0221,1.2154,0.00000,0.27011
7.12,1.12,2.3860,5.6064,0.00000,0.31371
7.38,1.12,1.8191,12.4072,0.00000,0.23757
2.62,1.38,1.3544,0.0009,0.00000,0.19808
2.88,1.38,2.0192,0.0044,0.00000,0.32912
3.12,1.38,1.9789,0.0135,0.00000,0.37937
3.38,1.38,1.8410,0.0234,0.00000,0.37350
3.62,1.38,2.1276,0.0265,0.00000,0.40380
3.88,1.38,2.1462,0.0252,0.00000,0.40454
4.12,1.38,2.0626,0.0202,0.00000,0.37462
4.38,1.38,2.1365,0.0138,0.00000,0.36285
4.62,1.38,2.1665,0.0088,0.00000,0.35632
4.88,1.38,2.1548,0.0054,0.00000,0.33881
5.12,1.38,2.2065,0.0053,0.00000,0.32128
5.38,1.38,2.2049,0.0073,0.00000,0.29637
5.62,1.38,2.2331,0.0073,0.00000,0.27810
5.88,1.38,2.3098,0.0081,0.00000,0.27293
6.12,1.38,2.1345,0.0122,0.00000,0.24575
6.38,1.38,2.1802,0.0252,0.00000,0.23225
6.62,1.38,2.1441,0.1307,0.00000,0.21604
6.88,1.38,2.2102,1.2566,0.00000,0.22208
7.12,1.38,2.5170,5.8629,0.00000,0.25252
7.38,1.38,1.9136,12.9874,0.00000,0.19107
2.62,1.62,1.5909,0.0004,0.00000,0.18515
2.88,1.62,2.2099,0.0017,0.00000,0.27377
3.12,1.62,1.9551,0.0042,0.00000,0.27183
3.38,1.62,1.8395,0.0075,0.00000,0.26618
3.62,1.62,2.2260,0.0139,0.00000,0.30826
3.88,1.62,2.2125,0.0199,0.00000,0.30667
4.12,1.62,2.1697,0.0169,0.00000,0.28971
4.38,1.62,2.2013,0.0117,0.00000,0.28700
4.62,1.62,2.2097,0.0073,0.00000,0.28656
4.88,1.62,2.2461,0.0040,0.00000,0.27691
5.12,1.62,2.3062,0.0048,0.00000,0.26554
5.38,1.62,2.3327,0.0073,0.00000,0.25335
5.62,1.62,2.3125,0.0067,0.00000,0.23715
5.88,1.62,2.3816,0.0055,0.00000,0.23138
6.12,1.62,2.1407,0.0055,0.00000,0.20116
6.38,1.62,2.1769,0.0122,0.00000,0.18435
6.62,1.62,2.3451,0.1426,0.00000,0.18413
6.88,1.62,2.4042,1.6233,0.00000,0.19136
7.12,1.62,2.6054,7.6547,0.00000,0.21091
7.38,1.62,1.9598,16.9731,0.00000,0.15850
2.62,1.88,1.8245,0.0004,0.00000,0.17210
2.88,1.88,2.4180,0.0015,0.00000,0.23648
3.12,1.88,1.9952,0.0029,0.00000,0.20831
3.38,1.88,1.9111,0.0050,0.00000,0.19924
3.62,1.88,2.3596,0.0133,0.00000,0.23927
3.88,1.88,2.3300,0.0218,0.00000,0.23758
4.12,1.88,2.3436,0.0182,0.00000,0.23222
4.38,1.88,2.2952,0.0126,0.00000,0.23099
4.62,1.88,2.2876,0.0074,0.00000,0.23321
4.88,1.88,2.3814,0.0034,0.00000,0.23244
5.12,1.88,2.4304,0.0037,0.00000,0.22442
5.38,1.88,2.4957,0.0055,0.00000,0.21872
5.62,1.88,2.4005,0.0061,0.00000,0.19858
5.88,1.88,2.4355,0.0075,0.00000,0.18978
6.12,1.88,2.2023,0.0072,0.00000,0.16654
6.38,1.88,2.2454,0.0093,0.00000,0.15311
6.62,1.88,2.5686,0.1486,0.00000,0.16133
6.88,1.88,2.6362,1.7786,0.00000,0.16805
7.12,1.88,2.7618,8.4146,0.00000,0.18034
7.38,1.88,2.0586,18.6655,0.00000,0.13472
2.62,2.12,1.9691,0.0016,0.00000,0.14171
2.88,2.12,2.5648,0.0053,0.00000,0.19053
3.12,2.12,2.0846,0.0085,0.00000,0.16359
3.38,2.12,2.0202,0.0068,0.00000,0.15867
3.62,2.12,2.4374,0.0085,0.00000,0.18961
3.88,2.12,2.4175,0.0128,0.00000,0.18849
4.12,2.12,2.4978,0.0111,0.00000,0.19080
4.38,2.12,2.3564,0.0085,0.00000,0.18623
4.62,2.12,2.3438,0.0052,0.00000,0.18914
4.88,2.12,2.4764,0.0025,0.00000,0.19511
5.12,2.12,2.5061,0.0025,0.00000,0.18897
5.38,2.12,2.6213,0.0034,0.00000,0.18678
5.62,2.12,2.4641,0.0050,0.00000,0.16440
5.88,2.12,2.4678,0.0089,0.00000,0.15279
6.12,2.12,2.2970,0.0105,0.00000,0.13839
6.38,2.12,2.3343,0.0111,0.00000,0.12885
6.62,2.12,2.7185,0.1342,0.00000,0.13855
6.88,2.12,2.7787,1.5870,0.00000,0.14377
7.12,2.12,2.8486,7.5027,0.00000,0.15182
7.38,2.12,2.1100,16.6413,0.00000,0.11309
2.62,2.38,2.0300,0.0026,0.00000,0.11652
2.88,2.38,2.6355,0.0087,0.00000,0.15443
3.12,2.38,2.1764,0.0137,0.00000,0.13222
3.38,2.38,2.1235,0.0090,0.00000,0.13091
3.62,2.38,2.4399,0.0042,0.00000,0.15225
3.88,2.38,2.4451,0.0037,0.00000,0.15188
4.12,2.38,2.6005,0.0037,0.00000,0.15868
4.38,2.38,2.4098,0.0038,0.00000,0.15152
4.62,2.38,2.4034,0.0029,0.00000,0.15244
4.88,2.38,2.5318,0.0023,0.00000,0.15960
5.12,2.38,2.5484,0.0023,0.00000,0.15592
5.38,2.38,2.7071,0.0024,0.00000,0.15619
5.62,2.38,2.5103,0.0037,0.00000,0.13693
5.88,2.38,2.4924,0.0077,0.00000,0.12601
6.12,2.38,2.4006,0.0101,0.00000,0.11745
6.38,2.38,2.4374,0.0107,0.00000,0.11073
6.62,2.38,2.8371,0.0754,0.00000,0.11975
6.88,2.38,2.8727,0.8346,0.00000,0.12274
7.12,2.38,2.8950,3.9269,0.00000,0.12750
7.38,2.38,2.1342,8.7032,0.00000,0.09468
2.62,2.62,2.1118,0.0017,0.00000,0.09802
2.88,2.62,2.7524,0.0058,0.00000,0.12912
3.12,2.62,2.3376,0.0094,0.00000,0.11213
3.38,2.62,2.2739,0.0069,0.00000,0.11234
3.62,2.62,2.4550,0.0039,0.00000,0.12516
3.88,2.62,2.4713,0.0024,0.00000,0.12487
4.12,2.62,2.6847,0.0016,0.00000,0.13170
4.38,2.62,2.5118,0.0016,0.00000,0.12535
4.62,2.62,2.5047,0.0019,0.00000,0.12576
4.88,2.62,2.5655,0.0036,0.00000,0.12905
5.12,2.62,2.5678,0.0049,0.00000,0.12520
5.38,2.62,2.7486,0.0037,0.00000,0.12503
5.62,2.62,2.5540,0.0030,0.00000,0.11070
5.88,2.62,2.5304,0.0042,0.00000,0.10352
6.12,2.62,2.4995,0.0052,0.00000,0.09873
6.38,2.62,2.5397,0.0065,0.00000,0.09486
6.62,2.62,2.9338,0.0382,0.00000,0.10354
6.88,2.62,2.9538,0.3937,0.00000,0.10349
7.12,2.62,2.9542,1.8398,0.00000,0.10447
7.38,2.62,2.1733,4.0719,0.00000,0.07707
2.62,2.88,2.1353,0.0029,0.00000,0.08169
2.88,2.88,2.8103,0.0097,0.00000,0.10822
3.12,2.88,2.4877,0.0155,0.00000,0.09737
3.38,2.88,2.4265,0.0114,0.00000,0.09897
3.62,2.88,2.4563,0.0067,0.00000,0.10580
3.88,2.88,2.4827,0.0045,0.00000,0.10519
4.12,2.88,2.7383,0.0021,0.00000,0.10921
4.38,2.88,2.6217,0.0009,0.00000,0.10477
4.62,2.88,2.6032,0.0020,0.00000,0.10672
4.88,2.88,2.5782,0.0064,0.00000,0.10552
5.12,2.88,2.5775,0.0102,0.00000,0.09942
5.38,2.88,2.7505,0.0083,0.00000,0.09893
5.62,2.88,2.6040,0.0051,0.00000,0.09035
5.88,2.88,2.5956,0.0029,0.00000,0.08629
6.12,2.88,2.6081,0.0018,0.00000,0.08315
6.38,2.88,2.6441,0.0032,0.00000,0.08107
6.62,2.88,3.0062,0.0416,0.00000,0.08910
6.88,2.88,3.0165,0.4774,0.00000,0.08814
7.12,2.88,3.0149,2.2469,0.00000,0.08782
7.38,2.88,2.2175,4.9777,0.00000,0.06456
2.62,3.12,2.1555,0.0174,0.00000,0.07341
2.88,3.12,2.8688,0.0580,0.00000,0.09762
3.12,3.12,2.6490,0.0910,0.00000,0.08882
3.38,3.12,2.5939,0.0575,0.00000,0.08727
3.62,3.12,2.4785,0.0184,0.00000,0.08715
3.88,3.12,2.5058,0.0072,0.00000,0.08568
4.12,3.12,2.7624,0.0030,0.00000,0.08888
4.38,3.12,2.7049,0.0011,0.00000,0.08622
4.62,3.12,2.6834,0.0031,0.00000,0.08792
4.88,3.12,2.6134,0.0087,0.00000,0.08531
5.12,3.12,2.6343,0.0127,0.00000,0.08006
5.38,3.12,2.7601,0.0113,0.00000,0.07934
5.62,3.12,2.6695,0.0084,0.00000,0.07457
5.88,3.12,2.6809,0.0045,0.00000,0.07279
6.12,3.12,2.7363,0.0020,0.00000,0.07154
6.38,3.12,2.7621,0.0022,0.00000,0.07036
6.62,3.12,3.0703,0.0412,0.00000,0.07686
6.88,3.12,3.0699,0.4930,0.00000,0.07674
7.12,3.12,3.0744,2.3272,0.00000,0.07731
7.38,3.12,2.2621,5.1577,0.00000,0.05697
2.62,3.38,2.1957,0.0553,0.00000,0.06630
2.88,3.38,2.9493,0.1844,0.00000,0.08845
3.12,3.38,2.8146,0.2892,0.00000,0.08088
3.38,3.38,2.7674,0.1817,0.00000,0.07658
3.62,3.38,2.5436,0.0529,0.00000,0.07197
3.88,3.38,2.5590,0.0137,0.00000,0.07073
4.12,3.38,2.7645,0.0041,0.00000,0.07326
4.38,3.38,2.7477,0.0018,0.00000,0.07110
4.62,3.38,2.7301,0.0040,0.00000,0.07177
4.88,3.38,2.6601,0.0085,0.00000,0.06963
5.12,3.38,2.7215,0.0100,0.00000,0.06659
5.38,3.38,2.7925,0.0087,0.00000,0.06478
5.62,3.38,2.7673,0.0074,0.00000,0.06164
5.88,3.38,2.7867,0.0047,0.00000,0.06083
6.12,3.38,2.8786,0.0026,0.00000,0.06130
6.38,3.38,2.8857,0.0025,0.00000,0.06064
6.62,3.38,3.1223,0.0422,0.00000,0.06516
6.88,3.38,3.1002,0.5112,0.00000,0.06540
7.12,3.38,3.1049,2.4180,0.00000,0.06650
7.38,3.38,2.2841,5.3624,0.00000,0.04908
2.62,3.62,2.2232,0.0775,0.00000,0.05759
2.88,3.62,3.0067,0.2587,0.00000,0.07692
3.12,3.62,2.9431,0.4080,0.00000,0.07076
3.38,3.62,2.9187,0.2647,0.00000,0.06637
3.62,3.62,2.6368,0.0889,0.00000,0.06157
3.88,3.62,2.6379,0.0279,0.00000,0.06177
4.12,3.62,2.7599,0.0094,0.00000,0.06278
4.38,3.62,2.7607,0.0043,0.00000,0.05983
4.62,3.62,2.7378,0.0037,0.00000,0.05939
4.88,3.62,2.6901,0.0054,0.00000,0.05786
5.12,3.62,2.8096,0.0056,0.00000,0.05672
5.38,3.62,2.8438,0.0043,0.00000,0.05488
5.62,3.62,2.8911,0.0035,0.00000,0.05368
5.88,3.62,2.9077,0.0027,0.00000,0.05282
6.12,3.62,3.0247,0.0021,0.00000,0.05372
6.38,3.62,3.0074,0.0027,0.00000,0.05265
6.62,3.62,3.1761,0.0522,0.00000,0.05510
6.88,3.62,3.1290,0.6343,0.00000,0.05554
7.12,3.62,3.1269,3.0035,0.00000,0.05698
7.38,3.62,2.2984,6.6633,0.00000,0.04211
2.62,3.88,2.2518,0.0441,0.00000,0.04891
2.88,3.88,3.0568,0.1474,0.00000,0.06535
3.12,3.88,3.0372,0.2360,0.00000,0.06066
3.38,3.88,3.0358,0.1660,0.00000,0.05675
3.62,3.88,2.7458,0.0751,0.00000,0.05128
3.88,3.88,2.7408,0.0344,0.00000,0.05120
4.12,3.88,2.7590,0.0161,0.00000,0.05149
4.38,3.88,2.7581,0.0084,0.00000,0.04906
4.62,3.88,2.7207,0.0042,0.00000,0.04765
4.88,3.88,2.7006,0.0027,0.00000,0.04642
5.12,3.88,2.8917,0.0022,0.00000,0.04709
5.38,3.88,2.9129,0.0015,0.00000,0.04684
5.62,3.88,3.0197,0.0012,0.00000,0.04827
5.88,3.88,3.0192,0.0017,0.00000,0.04759
6.12,3.88,3.1464,0.0022,0.00000,0.04850
6.38,3.88,3.1134,0.0030,0.00000,0.04744
6.62,3.88,3.2440,0.0507,0.00000,0.04898
6.88,3.88,3.1759,0.6108,0.00000,0.04885
7.12,3.88,3.1605,2.8909,0.00000,0.04962
7.38,3.88,2.3204,6.4130,0.00000,0.03653
2.62,4.12,2.2780,0.0101,0.00000,0.04185
2.88,4.12,3.0990,0.0330,0.00000,0.05593
3.12,4.12,3.1060,0.0546,0.00000,0.05207
3.38,4.12,3.1265,0.0462,0.00000,0.04818
3.62,4.12,2.8604,0.0320,0.00000,0.04217
3.88,4.12,2.8556,0.0216,0.00000,0.04131
4.12,4.12,2.7673,0.0146,0.00000,0.04079
4.38,4.12,2.7529,0.0088,0.00000,0.03921
4.62,4.12,2.6938,0.0042,0.00000,0.03779
4.88,4.12,2.6966,0.0018,0.00000,0.03709
5.12,4.12,2.9547,0.0007,0.00000,0.03887
5.38,4.12,2.9751,0.0003,0.00000,0.03902
5.62,4.12,3.1267,0.0005,0.00000,0.04122
5.88,4.12,3.1082,0.0016,0.00000,0.04126
6.12,4.12,3.2346,0.0027,0.00000,0.04288
6.38,4.12,3.1920,0.0037,0.00000,0.04270
6.62,4.12,3.3138,0.0462,0.00000,0.04466
6.88,4.12,3.2356,0.5437,0.00000,0.04411
7.12,4.12,3.2086,2.5691,0.00000,0.04414
7.38,4.12,2.3537,5.6973,0.00000,0.03238
2.62,4.38,2.3147,0.0024,0.00000,0.03836
2.88,4.38,3.1529,0.0048,0.00000,0.05105
3.12,4.38,3.1752,0.0064,0.00000,0.04663
3.38,4.38,3.2127,0.0067,0.00000,0.04188
3.62,4.38,2.9749,0.0072,0.00000,0.03618
3.88,4.38,2.9682,0.0074,0.00000,0.03491
4.12,4.38,2.7870,0.0069,0.00000,0.03316
4.38,4.38,2.7556,0.0044,0.00000,0.03195
4.62,4.38,2.6714,0.0023,0.00000,0.03098
4.88,4.38,2.6902,0.0010,0.00000,0.03079
5.12,4.38,3.0020,0.0002,0.00000,0.03309
5.38,4.38,3.0279,0.0001,0.00000,0.03310
5.62,4.38,3.2085,0.0003,0.00000,0.03506
5.88,4.38,3.1794,0.0010,0.00000,0.03549
6.12,4.38,3.3057,0.0019,0.00000,0.03772
6.38,4.38,3.2518,0.0031,0.00000,0.03799
6.62,4.38,3.3730,0.0311,0.00000,0.04008
6.88,4.38,3.2899,0.3521,0.00000,0.03953
7.12,4.38,3.2526,1.6573,0.00000,0.03936
7.38,4.38,2.3840,3.6722,0.00000,0.02886
2.62,4.62,2.3427,0.0028,0.00000,0.03600
2.88,4.62,3.1934,0.0035,0.00000,0.04776
3.12,4.62,3.2242,0.0022,0.00000,0.04307
3.38,4.62,3.2751,0.0010,0.00000,0.03815
3.62,4.62,3.0648,0.0012,0.00000,0.03311
3.88,4.62,3.0585,0.0020,0.00000,0.03173
4.12,4.62,2.8105,0.0024,0.00000,0.02915
4.38,4.62,2.7655,0.0018,0.00000,0.02773
4.62,4.62,2.6631,0.0014,0.00000,0.02671
4.88,4.62,2.6935,0.0008,0.00000,0.02671
5.12,4.62,3.0365,0.0002,0.00000,0.02926
5.38,4.62,3.0761,0.0000,0.00000,0.02959
5.62,4.62,3.2763,0.0001,0.00000,0.03153
5.88,4.62,3.2398,0.0006,0.00000,0.03176
6.12,4.62,3.3661,0.0011,0.00000,0.03374
6.38,4.62,3.2961,0.0024,0.00000,0.03352
6.62,4.62,3.4113,0.0302,0.00000,0.03515
6.88,4.62,3.3283,0.3434,0.00000,0.03535
7.12,4.62,3.2886,1.6135,0.00000,0.03591
7.38,4.62,2.4100,3.5723,0.00000,0.02648
2.62,4.88,2.3564,0.0028,0.00000,0.03315
2.88,4.88,3.2147,0.0035,0.00000,0.04401
3.12,4.88,3.2550,0.0020,0.00000,0.03980
3.38,4.88,3.3205,0.0005,0.00000,0.03550
3.62,4.88,3.1310,0.0006,0.00000,0.03139
3.88,4.88,3.1268,0.0022,0.00000,0.03107
4.12,4.88,2.8468,0.0036,0.00000,0.02906
4.38,4.88,2.7992,0.0029,0.00000,0.02661
4.62,4.88,2.6867,0.0020,0.00000,0.02450
4.88,4.88,2.7220,0.0013,0.00000,0.02429
5.12,4.88,3.0662,0.0005,0.00000,0.02666
5.38,4.88,3.1155,0.0001,0.00000,0.02701
5.62,4.88,3.3225,0.0001,0.00000,0.02884
5.88,4.88,3.2832,0.0005,0.00000,0.02881
6.12,4.88,3.4114,0.0011,0.00000,0.03039
6.38,4.88,3.3321,0.0029,0.00000,0.03008
6.62,4.88,3.4463,0.0410,0.00000,0.03170
6.88,4.88,3.3667,0.4684,0.00000,0.03247
7.12,4.88,3.3284,2.1952,0.00000,0.03345
7.38,4.88,2.4394,4.8548,0.00000,0.02474
2.62,5.12,2.3789,0.0043,0.00000,0.03019
2.88,5.12,3.2457,0.0053,0.00000,0.04018
3.12,5.12,3.2860,0.0031,0.00000,0.03654
3.38,5.12,3.3578,0.0007,0.00000,0.03282
3.62,5.12,3.1860,0.0008,0.00000,0.02962
3.88,5.12,3.1890,0.0033,0.00000,0.03062
4.12,5.12,2.9038,0.0055,0.00000,0.02962
4.38,5.12,2.8581,0.0039,0.00000,0.02639
4.62,5.12,2.7411,0.0021,0.00000,0.02315
4.88,5.12,2.7783,0.0014,0.00000,0.02260
5.12,5.12,3.1017,0.0007,0.00000,0.02470
5.38,5.12,3.1552,0.0003,0.00000,0.02486
5.62,5.12,3.3527,0.0004,0.00000,0.02622
5.88,5.12,3.3137,0.0011,0.00000,0.02589
6.12,5.12,3.4450,0.0024,0.00000,0.02719
6.38,5.12,3.3694,0.0047,0.00000,0.02762
6.62,5.12,3.4893,0.0295,0.00000,0.02990
6.88,5.12,3.4067,0.2919,0.00000,0.03048
7.12,5.12,3.3630,1.3349,0.00000,0.03098
7.38,5.12,2.4623,2.9294,0.00000,0.02281
2.62,5.38,2.4028,0.0086,0.00000,0.02818
2.88,5.38,3.2785,0.0106,0.00000,0.03756
3.12,5.38,3.3149,0.0061,0.00000,0.03412
3.38,5.38,3.3893,0.0014,0.00000,0.03051
3.62,5.38,3.2348,0.0008,0.00000,0.02761
3.88,5.38,3.2478,0.0024,0.00000,0.02805
4.12,5.38,2.9720,0.0036,0.00000,0.02661
4.38,5.38,2.9334,0.0026,0.00000,0.02449
4.62,5.38,2.8232,0.0015,0.00000,0.02218
4.88,5.38,2.8609,0.0012,0.00000,0.02167
5.12,5.38,3.1407,0.0010,0.00000,0.02345
5.38,5.38,3.1909,0.0013,0.00000,0.02336
5.62,5.38,3.3703,0.0026,0.00000,0.02417
5.88,5.38,3.3354,0.0057,0.00000,0.02368
6.12,5.38,3.4682,0.0106,0.00000,0.02473
6.38,5.38,3.4089,0.0157,0.00000,0.02542
6.62,5.38,3.5364,0.0246,0.00000,0.02785
6.88,5.38,3.4486,0.0977,0.00000,0.02858
7.12,5.38,3.3988,0.3575,0.00000,0.02921
7.38,5.38,2.4843,0.7302,0.00000,0.02153
2.62,5.62,2.4189,0.0170,0.00000,0.02772
2.88,5.62,3.3033,0.0207,0.00000,0.03692
3.12,5.62,3.3404,0.0120,0.00000,0.03316
3.38,5.62,3.4169,0.0030,0.00000,0.02915
3.62,5.62,3.2728,0.0013,0.00000,0.02611
3.88,5.62,3.2969,0.0021,0.00000,0.02564
4.12,5.62,3.0477,0.0025,0.00000,0.02391
4.38,5.62,3.0249,0.0024,0.00000,0.02334
4.62,5.62,2.9224,0.0023,0.00000,0.02210
4.88,5.62,2.9584,0.0023,0.00000,0.02145
5.12,5.62,3.1863,0.0029,0.00000,0.02266
5.38,5.62,3.2289,0.0054,0.00000,0.02267
5.62,5.62,3.3810,0.0123,0.00000,0.02352
5.88,5.62,3.3519,0.0228,0.00000,0.02296
6.12,5.62,3.4861,0.0340,0.00000,0.02361
6.38,5.62,3.4453,0.0451,0.00000,0.02402
6.62,5.62,3.5740,0.0543,0.00000,0.02607
6.88,5.62,3.4953,0.1072,0.00000,0.02698
7.12,5.62,3.4471,0.2554,0.00000,0.02783
7.38,5.62,2.5130,0.4319,0.00000,0.02053
2.62,5.88,2.4289,0.0389,0.00000,0.02782
2.88,5.88,3.3206,0.0423,0.00000,0.03697
3.12,5.88,3.3581,0.0244,0.00000,0.03284
3.38,5.88,3.4330,0.0071,0.00000,0.02840
3.62,5.88,3.3001,0.0031,0.00000,0.02528
3.88,5.88,3.3422,0.0045,0.00000,0.02465
4.12,5.88,3.1278,0.0062,0.00000,0.02360
4.38,5.88,3.1243,0.0065,0.00000,0.02390
4.62,5.88,3.0255,0.0057,0.00000,0.02250
4.88,5.88,3.0616,0.0059,0.00000,0.02142
5.12,5.88,3.2423,0.0086,0.00000,0.02226
5.38,5.88,3.2828,0.0161,0.00000,0.02290
5.62,5.88,3.4019,0.0340,0.00000,0.02421
5.88,5.88,3.3753,0.0561,0.00000,0.02356
6.12,5.88,3.5053,0.0739,0.00000,0.02387
6.38,5.88,3.4830,0.0946,0.00000,0.02404
6.62,5.88,3.6135,0.1182,0.00000,0.02568
6.88,5.88,3.5552,0.2498,0.00000,0.02643
7.12,5.88,3.5044,0.6478,0.00000,0.02705
7.38,5.88,2.5430,1.1651,0.00000,0.01985
2.62,6.12,2.4405,0.1526,0.00000,0.02786
2.88,6.12,3.3396,0.1116,0.00000,0.03705
3.12,6.12,3.3775,0.0535,0.00000,0.03276
3.38,6.12,3.4501,0.0177,0.00000,0.02811
3.62,6.12,3.3245,0.0093,0.00000,0.02500
3.88,6.12,3.3767,0.0116,0.00000,0.02444
4.12,6.12,3.1946,0.0159,0.00000,0.02397
4.38,6.12,3.2182,0.0155,0.00000,0.02455
4.62,6.12,3.1290,0.0128,0.00000,0.02271
4.88,6.12,3.1670,0.0132,0.00000,0.02137
5.12,6.12,3.2990,0.0192,0.00000,0.02201
5.38,6.12,3.3391,0.0336,0.00000,0.02326
5.62,6.12,3.4301,0.0617,0.00000,0.02511
5.88,6.12,3.4116,0.0948,0.00000,0.02486
6.12,6.12,3.5291,0.1272,0.00000,0.02526
6.38,6.12,3.5259,0.1668,0.00000,0.02566
6.62,6.12,3.6596,0.2123,0.00000,0.02731
6.88,6.12,3.6263,0.4509,0.00000,0.02802
7.12,6.12,3.5691,1.1920,0.00000,0.02845
7.38,6.12,2.5788,2.1779,0.00000,0.02081
2.62,6.38,2.4619,0.6168,0.00000,0.02794
2.88,6.38,3.3697,0.3495,0.00000,0.03716
3.12,6.38,3.4038,0.1272,0.00000,0.03275
3.38,6.38,3.4689,0.0415,0.00000,0.02794
3.62,6.38,3.3510,0.0274,0.00000,0.02508
3.88,6.38,3.4163,0.0260,0.00000,0.02481
4.12,6.38,3.2584,0.0275,0.00000,0.02414
4.38,6.38,3.3033,0.0273,0.00000,0.02430
4.62,6.38,3.2325,0.0267,0.00000,0.02254
4.88,6.38,3.2826,0.0277,0.00000,0.02152
5.12,6.38,3.3621,0.0361,0.00000,0.02192
5.38,6.38,3.3896,0.0559,0.00000,0.02320
5.62,6.38,3.4614,0.0899,0.00000,0.02548
5.88,6.38,3.4657,0.1338,0.00000,0.02644
6.12,6.38,3.5674,0.1891,0.00000,0.02739
6.38,6.38,3.5772,0.2540,0.00000,0.02835
6.62,6.38,3.7070,0.3300,0.00000,0.03057
6.88,6.38,3.7018,0.6594,0.00000,0.03162
7.12,6.38,3.6430,1.6278,0.00000,0.03191
7.38,6.38,2.6242,2.8894,0.00000,0.02324
2.62,6.62,2.4755,1.4122,0.00000,0.02893
2.88,6.62,3.3879,0.7461,0.00000,0.03846
3.12,6.62,3.4211,0.2410,0.00000,0.03373
3.38,6.62,3.4815,0.0740,0.00000,0.02837
3.62,6.62,3.3747,0.0516,0.00000,0.02524
3.88,6.62,3.4596,0.0419,0.00000,0.02490
4.12,6.62,3.3233,0.0357,0.00000,0.02398
4.38,6.62,3.3831,0.0384,0.00000,0.02404
4.62,6.62,3.3317,0.0450,0.00000,0.02287
4.88,6.62,3.3992,0.0499,0.00000,0.02235
5.12,6.62,3.4313,0.0628,0.00000,0.02241
5.38,6.62,3.4421,0.0890,0.00000,0.02343
5.62,6.62,3.4936,0.1311,0.00000,0.02585
5.88,6.62,3.5203,0.1875,0.00000,0.02783
6.12,6.62,3.6077,0.2543,0.00000,0.02946
6.38,6.62,3.6263,0.3319,0.00000,0.03116
6.62,6.62,3.7467,0.4513,0.00000,0.03382
6.88,6.62,3.7688,0.8857,0.00000,0.03434
7.12,6.62,3.7075,2.0517,0.00000,0.03364
7.38,6.62,2.6598,3.5185,0.00000,0.02416
2.62,6.88,2.4822,1.9055,0.00000,0.03154
2.88,6.88,3.3975,1.0188,0.00000,0.04178
3.12,6.88,3.4362,0.3406,0.00000,0.03628
3.38,6.88,3.5010,0.1093,0.00000,0.02995
3.62,6.88,3.3977,0.0742,0.00000,0.02567
3.88,6.88,3.4924,0.0628,0.00000,0.02432
4.12,6.88,3.3795,0.0542,0.00000,0.02323
4.38,6.88,3.4531,0.0548,0.00000,0.02388
4.62,6.88,3.4078,0.0647,0.00000,0.02376
4.88,6.88,3.4908,0.0771,0.00000,0.02364
5.12,6.88,3.4983,0.0997,0.00000,0.02339
5.38,6.88,3.5043,0.1406,0.00000,0.02454
5.62,6.88,3.5268,0.2025,0.00000,0.02706
5.88,6.88,3.5664,0.2672,0.00000,0.02937
6.12,6.88,3.6480,0.3288,0.00000,0.03182
6.38,6.88,3.6831,0.4066,0.00000,0.03454
6.62,6.88,3.7962,0.5642,0.00000,0.03687
6.88,6.88,3.8351,1.1336,0.00000,0.03590
7.12,6.88,3.7676,2.5965,0.00000,0.03384
7.38,6.88,2.6967,4.3929,0.00000,0.02395
2.62,7.12,2.5014,1.9003,0.00000,0.03521
2.88,7.12,3.4257,1.0877,0.00000,0.04627
3.12,7.12,3.4666,0.4244,0.00000,0.03923
3.38,7.12,3.5337,0.1678,0.00000,0.03161
3.62,7.12,3.4284,0.1176,0.00000,0.02695
3.88,7.12,3.5264,0.1059,0.00000,0.02521
4.12,7.12,3.4298,0.0952,0.00000,0.02324
4.38,7.12,3.5139,0.0888,0.00000,0.02364
4.62,7.12,3.4659,0.0995,0.00000,0.02411
4.88,7.12,3.5511,0.1202,0.00000,0.02418
5.12,7.12,3.5462,0.1534,0.00000,0.02395
5.38,7.12,3.5672,0.2093,0.00000,0.02591
5.62,7.12,3.5724,0.2946,0.00000,0.02894
5.88,7.12,3.6232,0.3631,0.00000,0.03152
6.12,7.12,3.6977,0.4153,0.00000,0.03484
6.38,7.12,3.7513,0.4918,0.00000,0.03846
6.62,7.12,3.8618,0.6820,0.00000,0.04049
6.88,7.12,3.9049,1.3740,0.00000,0.03903
7.12,7.12,3.8246,3.0650,0.00000,0.03648
7.38,7.12,2.7370,5.0681,0.00000,0.02571
2.62,7.38,2.5138,1.9849,0.00000,0.03800
2.88,7.38,3.4457,1.2319,0.00000,0.04970
3.12,7.38,3.4937,0.5724,0.00000,0.04169
3.38,7.38,3.5703,0.2678,0.00000,0.03340
3.62,7.38,3.4643,0.1818,0.00000,0.02914
3.88,7.38,3.5630,0.1664,0.00000,0.02786
4.12,7.38,3.4757,0.1528,0.00000,0.02463
4.38,7.38,3.5741,0.1368,0.00000,0.02358
4.62,7.38,3.5226,0.1487,0.00000,0.02373
4.88,7.38,3.5984,0.1840,0.00000,0.02447
5.12,7.38,3.5822,0.2271,0.00000,0.02456
5.38,7.38,3.6256,0.2816,0.00000,0.02687
5.62,7.38,3.6274,0.3769,0.00000,0.03043
5.88,7.38,3.6939,0.4539,0.00000,0.03381
6.12,7.38,3.7579,0.5151,0.00000,0.03800
6.38,7.38,3.8124,0.6052,0.00000,0.04262
6.62,7.38,3.9125,0.8290,0.00000,0.04540
6.88,7.38,3.9641,1.5860,0.00000,0.04431
7.12,7.38,3.8768,3.2582,0.00000,0.04136
7.38,7.38,2.7703,5.0842,0.00000,0.02900
2.62,7.62,2.5229,3.6427,0.00000,0.04060
2.88,7.62,3.4560,2.1230,0.00000,0.05298
3.12,7.62,3.5078,0.9227,0.00000,0.04477
3.38,7.62,3.5944,0.4115,0.00000,0.03635
3.62,7.62,3.4902,0.2562,0.00000,0.03187
3.88,7.62,3.5898,0.2407,0.00000,0.03060
4.12,7.62,3.5087,0.2314,0.00000,0.02662
4.38,7.62,3.6197,0.2038,0.00000,0.02461
4.62,7.62,3.5688,0.2158,0.00000,0.02469
4.88,7.62,3.6494,0.2633,0.00000,0.02633
5.12,7.62,3.6246,0.3076,0.00000,0.02606
5.38,7.62,3.6779,0.3578,0.00000,0.02765
5.62,7.62,3.6789,0.4627,0.00000,0.03135
5.88,7.62,3.7597,0.5494,0.00000,0.03577
6.12,7.62,3.8097,0.6322,0.00000,0.04105
6.38,7.62,3.8538,0.7580,0.00000,0.04752
6.62,7.62,3.9452,1.0300,0.00000,0.05159
6.88,7.62,4.0084,1.8403,0.00000,0.04964
7.12,7.62,3.9163,3.4408,0.00000,0.04501
7.38,7.62,2.7960,5.0119,0.00000,0.03127
2.62,7.88,2.5384,7.5454,0.00000,0.04461
2.88,7.88,3.4702,4.0600,0.00000,0.05828
3.12,7.88,3.5191,1.5490,0.00000,0.05016
3.38,7.88,3.6065,0.6476,0.00000,0.04148
3.62,7.88,3.5010,0.3975,0.00000,0.03547
3.88,7.88,3.6017,0.3418,0.00000,0.03300
4.12,7.88,3.5286,0.3129,0.00000,0.02879
4.38,7.88,3.6475,0.2856,0.00000,0.02702
4.62,7.88,3.5993,0.3123,0.00000,0.02750
4.88,7.88,3.7001,0.3596,0.00000,0.02952
5.12,7.88,3.6715,0.3925,0.00000,0.02826
5.38,7.88,3.7254,0.4611,0.00000,0.02899
5.62,7.88,3.7216,0.6041,0.00000,0.03302
5.88,7.88,3.8040,0.7089,0.00000,0.03860
6.12,7.88,3.8389,0.8220,0.00000,0.04542
6.38,7.88,3.8787,0.9994,0.00000,0.05463
6.62,7.88,3.9695,1.3305,0.00000,0.05951
6.88,7.88,4.0482,2.2121,0.00000,0.05505
7.12,7.88,3.9547,3.8628,0.00000,0.04773
7.38,7.88,2.8333,5.3900,0.00000,0.03303
2.62,8.12,2.5534,11.7564,0.00000,0.04767
2.88,8.12,3.4841,6.1922,0.00000,0.06312
3.12,8.12,3.5315,2.3201,0.00000,0.05736
3.38,8.12,3.6199,1.0371,0.00000,0.05049
3.62,8.12,3.5176,0.6826,0.00000,0.04220
3.88,8.12,3.6206,0.4984,0.00000,0.03710
4.12,8.12,3.5499,0.3851,0.00000,0.03232
4.38,8.12,3.6691,0.3714,0.00000,0.03107
4.62,8.12,3.6247,0.4310,0.00000,0.03160
4.88,8.12,3.7528,0.4751,0.00000,0.03347
5.12,8.12,3.7173,0.5027,0.00000,0.03133
5.38,8.12,3.7597,0.6165,0.00000,0.03199
5.62,8.12,3.7507,0.8295,0.00000,0.03709
5.88,8.12,3.8353,0.9645,0.00000,0.04376
6.12,8.12,3.8630,1.1129,0.00000,0.05210
6.38,8.12,3.9096,1.3536,0.00000,0.06402
6.62,8.12,3.9984,1.7514,0.00000,0.06875
6.88,8.12,4.0874,2.7100,0.00000,0.06023
7.12,8.12,3.9919,4.5045,0.00000,0.04899
7.38,8.12,2.8738,6.1438,0.00000,0.03334
2.62,8.38,2.5713,15.1586,0.00000,0.04859
2.88,8.38,3.5058,8.0130,0.00000,0.06549
3.12,8.38,3.5574,3.1071,0.00000,0.06407
3.38,8.38,3.6513,1.5171,0.00000,0.06152
3.62,8.38,3.5479,1.0513,0.00000,0.05204
3.88,8.38,3.6418,0.7313,0.00000,0.04459
4.12,8.38,3.5676,0.5266,0.00000,0.03784
4.38,8.38,3.6921,0.4910,0.00000,0.03541
4.62,8.38,3.6489,0.5506,0.00000,0.03508
4.88,8.38,3.7890,0.6079,0.00000,0.03694
5.12,8.38,3.7497,0.6638,0.00000,0.03527
5.38,8.38,3.7919,0.8416,0.00000,0.03693
5.62,8.38,3.7746,1.1417,0.00000,0.04318
5.88,8.38,3.8483,1.3176,0.00000,0.05081
6.12,8.38,3.8744,1.5065,0.00000,0.06071
6.38,8.38,3.9466,1.8255,0.00000,0.07500
6.62,8.38,4.0359,2.3337,0.00000,0.07950
6.88,8.38,4.1300,3.4085,0.00000,0.06600
7.12,8.38,4.0277,5.3564,0.00000,0.04876
7.38,8.38,2.9082,7.0960,0.00000,0.03126
2.62,8.62,2.5893,17.8306,0.00000,0.05230
2.88,8.62,3.5318,9.5142,0.00000,0.07141
3.12,8.62,3.5855,3.8108,0.00000,0.07364
3.38,8.62,3.6815,1.9376,0.00000,0.07480
3.62,8.62,3.5764,1.3296,0.00000,0.06379
3.88,8.62,3.6619,0.9630,0.00000,0.05372
4.12,8.62,3.5860,0.7533,0.00000,0.04348
4.38,8.62,3.7198,0.6803,0.00000,0.03848
4.62,8.62,3.6728,0.7129,0.00000,0.03820
4.88,8.62,3.8078,0.7925,0.00000,0.04154
5.12,8.62,3.7695,0.8931,0.00000,0.04066
5.38,8.62,3.8208,1.1400,0.00000,0.04315
5.62,8.62,3.7934,1.5485,0.00000,0.05082
5.88,8.62,3.8565,1.8023,0.00000,0.06067
6.12,8.62,3.8819,2.0423,0.00000,0.07224
6.38,8.62,3.9816,2.4417,0.00000,0.08855
6.62,8.62,4.0707,3.1111,0.00000,0.09403
6.88,8.62,4.1723,4.3210,0.00000,0.07646
7.12,8.62,4.0687,6.2858,0.00000,0.05186
7.38,8.62,2.9518,7.9004,0.00000,0.03082
2.62,8.88,2.6008,21.4601,0.00000,0.05937
2.88,8.88,3.5481,11.3887,0.00000,0.08214
3.12,8.88,3.6038,4.4816,0.00000,0.08891
3.38,8.88,3.7038,2.2918,0.00000,0.09402
3.62,8.88,3.5996,1.5819,0.00000,0.07841
3.88,8.88,3.6810,1.2115,0.00000,0.06285
4.12,8.88,3.6035,1.0431,0.00000,0.04940
4.38,8.88,3.7433,0.9676,0.00000,0.04358
4.62,8.88,3.6951,0.9918,0.00000,0.04503
4.88,8.88,3.8254,1.0707,0.00000,0.05042
5.12,8.88,3.7808,1.2013,0.00000,0.04898
5.38,8.88,3.8278,1.5344,0.00000,0.05194
5.62,8.88,3.7983,2.0872,0.00000,0.06235
5.88,8.88,3.8753,2.4524,0.00000,0.07528
6.12,8.88,3.8970,2.7385,0.00000,0.08730
6.38,8.88,4.0137,3.1999,0.00000,0.10443
6.62,8.88,4.1044,4.0396,0.00000,0.11089
6.88,8.88,4.2106,5.3691,0.00000,0.09002
7.12,8.88,4.1033,7.2347,0.00000,0.05767
7.38,8.88,2.9919,8.5393,0.00000,0.03192
2.62,9.12,2.6127,24.7745,0.00000,0.06919
2.88,9.12,3.5590,13.1031,0.00000,0.09684
3.12,9.12,3.6174,5.0990,0.00000,0.11026
3.38,9.12,3.7264,2.7402,0.00000,0.12108
3.62,9.12,3.6204,2.0243,0.00000,0.09814
3.88,9.12,3.6936,1.5863,0.00000,0.07446
4.12,9.12,3.6130,1.3961,0.00000,0.05817
4.38,9.12,3.7562,1.3225,0.00000,0.05264
4.62,9.12,3.7095,1.3599,0.00000,0.05540
4.88,9.12,3.8361,1.4642,0.00000,0.06199
5.12,9.12,3.7851,1.6514,0.00000,0.05924
5.38,9.12,3.8273,2.0950,0.00000,0.06304
5.62,9.12,3.7972,2.8048,0.00000,0.07737
5.88,9.12,3.8939,3.2525,0.00000,0.09305
6.12,9.12,3.9161,3.5618,0.00000,0.10506
6.38,9.12,4.0462,4.1119,0.00000,0.12556
6.62,9.12,4.1356,5.1454,0.00000,0.13367
6.88,9.12,4.2429,6.5843,0.00000,0.10629
7.12,9.12,4.1298,8.3283,0.00000,0.06363
7.38,9.12,3.0213,9.3038,0.00000,0.03240
2.62,9.38,2.6276,23.5305,0.00000,0.08156
2.88,9.38,3.5675,12.8176,0.00000,0.11515
3.12,9.38,3.6236,5.3907,0.00000,0.13651
3.38,9.38,3.7386,3.2864,0.00000,0.15420
3.62,9.38,3.6378,2.6133,0.00000,0.12278
3.88,9.38,3.7145,2.0741,0.00000,0.09002
4.12,9.38,3.6302,1.8289,0.00000,0.07025
4.38,9.38,3.7687,1.7551,0.00000,0.06456
4.62,9.38,3.7205,1.8178,0.00000,0.06837
4.88,9.38,3.8429,1.9921,0.00000,0.07619
5.12,9.38,3.7885,2.2800,0.00000,0.07186
5.38,9.38,3.8342,2.8243,0.00000,0.07614
5.62,9.38,3.7985,3.6627,0.00000,0.09400
5.88,9.38,3.8984,4.1720,0.00000,0.11240
6.12,9.38,3.9235,4.5130,0.00000,0.12537
6.38,9.38,4.0759,5.1849,0.00000,0.15308
6.62,9.38,4.1655,6.4455,0.00000,0.16542
6.88,9.38,4.2752,8.0190,0.00000,0.12852
7.12,9.38,4.1545,9.6413,0.00000,0.07134
7.38,9.38,3.0489,10.3014,0.00000,0.03302
2.62,9.62,2.6397,19.7093,0.00000,0.09715
2.88,9.62,3.5779,11.5987,0.00000,0.13860
3.12,9.62,3.6325,5.8034,0.00000,0.16812
3.38,9.62,3.7424,3.9841,0.00000,0.19199
3.62,9.62,3.6434,3.1933,0.00000,0.15168
3.88,9.62,3.7352,2.6257,0.00000,0.11019
4.12,9.62,3.6566,2.4264,0.00000,0.08639
4.38,9.62,3.7900,2.3327,0.00000,0.07986
4.62,9.62,3.7302,2.3703,0.00000,0.08431
4.88,9.62,3.8409,2.6067,0.00000,0.09344
5.12,9.62,3.7880,3.0286,0.00000,0.08789
5.38,9.62,3.8504,3.7050,0.00000,0.09305
5.62,9.62,3.8117,4.6956,0.00000,0.11465
5.88,9.62,3.9040,5.2612,0.00000,0.13642
6.12,9.62,3.9249,5.6118,0.00000,0.14918
6.38,9.62,4.0869,6.3760,0.00000,0.18247
6.62,9.62,4.1763,7.8823,0.00000,0.20098
6.88,9.62,4.3102,9.6577,0.00000,0.15750
7.12,9.62,4.1914,11.2300,0.00000,0.08357
7.38,9.62,3.0918,11.6622,0.00000,0.03509
2.62,9.88,2.6524,17.4861,0.00000,0.11215
2.88,9.88,3.6030,11.4780,0.00000,0.16269
3.12,9.88,3.6539,7.0241,0.00000,0.20168
3.38,9.88,3.7423,5.1156,0.00000,0.23177
3.62,9.88,3.6430,3.9290,0.00000,0.18382
3.88,9.88,3.7536,3.3369,0.00000,0.13545
4.12,9.88,3.6758,3.2259,0.00000,0.10689
4.38,9.88,3.7981,3.0180,0.00000,0.09780
4.62,9.88,3.7341,2.9373,0.00000,0.10200
4.88,9.88,3.8423,3.2697,0.00000,0.11312
5.12,9.88,3.7876,3.8993,0.00000,0.10754
5.38,9.88,3.8591,4.7542,0.00000,0.11401
5.62,9.88,3.8199,5.9101,0.00000,0.13952
5.88,9.88,3.9142,6.5025,0.00000,0.16547
6.12,9.88,3.9284,6.8481,0.00000,0.17641
6.38,9.88,4.0843,7.7178,0.00000,0.21253
6.62,9.88,4.1718,9.4795,0.00000,0.23854
6.88,9.88,4.3368,11.4313,0.00000,0.19253
7.12,9.88,4.2211,12.9248,0.00000,0.10071
7.38,9.88,3.1286,13.1011,0.00000,0.03891
2.62,10.12,2.6628,18.6559,0.00000,0.12686
2.88,10.12,3.6273,13.2168,0.00000,0.18722
3.12,10.12,3.6778,9.1493,0.00000,0.23689
3.38,10.12,3.7496,6.7168,0.00000,0.27316
3.62,10.12,3.6478,4.9157,0.00000,0.21792
3.88,10.12,3.7655,4.1702,0.00000,0.16409
4.12,10.12,3.6865,4.0617,0.00000,0.13163
4.38,10.12,3.8005,3.7226,0.00000,0.11932
4.62,10.12,3.7368,3.5214,0.00000,0.12042
4.88,10.12,3.8504,3.9568,0.00000,0.13199
5.12,10.12,3.7917,4.8192,0.00000,0.12812
5.38,10.12,3.8602,5.8782,0.00000,0.13754
5.62,10.12,3.8198,7.1976,0.00000,0.16613
5.88,10.12,3.9277,7.8113,0.00000,0.19583
6.12,10.12,3.9396,8.1441,0.00000,0.20485
6.38,10.12,4.0858,9.1350,0.00000,0.24388
6.62,10.12,4.1689,11.1646,0.00000,0.27817
6.88,10.12,4.3589,13.2870,0.00000,0.23024
7.12,10.12,4.2498,14.7416,0.00000,0.12003
7.38,10.12,3.1659,14.7220,0.00000,0.04402
2.62,10.38,2.6731,22.2857,0.00000,0.14309
2.88,10.38,3.6359,15.9961,0.00000,0.21315
3.12,10.38,3.6856,11.3647,0.00000,0.27428
3.38,10.38,3.7553,8.2090,0.00000,0.31784
3.62,10.38,3.6544,5.7825,0.00000,0.25441
3.88,10.38,3.7719,4.8855,0.00000,0.19430
4.12,10.38,3.6938,4.8059,0.00000,0.15884
4.38,10.38,3.8063,4.4423,0.00000,0.14470
4.62,10.38,3.7393,4.1928,0.00000,0.14080
4.88,10.38,3.8537,4.6703,0.00000,0.15013
5.12,10.38,3.7920,5.7115,0.00000,0.14786
5.38,10.38,3.8636,7.0058,0.00000,0.16157
5.62,10.38,3.8234,8.4978,0.00000,0.19315
5.88,10.38,3.9418,9.1327,0.00000,0.22636
6.12,10.38,3.9492,9.4783,0.00000,0.23353
6.38,10.38,4.0867,10.6147,0.00000,0.27614
6.62,10.38,4.1700,12.8709,0.00000,0.31928
6.88,10.38,4.3794,15.1482,0.00000,0.26834
7.12,10.38,4.2756,16.7031,0.00000,0.13932
7.38,10.38,3.2051,16.7093,0.00000,0.04946
2.62,10.62,2.6854,25.0908,0.00000,0.16118
2.88,10.62,3.6432,17.8698,0.00000,0.24012
3.12,10.62,3.6932,12.5155,0.00000,0.31276
3.38,10.62,3.7709,9.0014,0.00000,0.36649
3.62,10.62,3.6671,6.3348,0.00000,0.29419
3.88,10.62,3.7750,5.5018,0.00000,0.22523
4.12,10.62,3.6971,5.6025,0.00000,0.18622
4.38,10.62,3.8187,5.3026,0.00000,0.17218
4.62,10.62,3.7496,5.0545,0.00000,0.16500
4.88,10.62,3.8544,5.5527,0.00000,0.17223
5.12,10.62,3.7925,6.7232,0.00000,0.16994
5.38,10.62,3.8807,8.1829,0.00000,0.18711
5.62,10.62,3.8390,9.7874,0.00000,0.22126
5.88,10.62,3.9478,10.4408,0.00000,0.25700
6.12,10.62,3.9466,10.8445,0.00000,0.26160
6.38,10.62,4.0833,12.1965,0.00000,0.30592
6.62,10.62,4.1687,14.6635,0.00000,0.35600
6.88,10.62,4.3993,17.0451,0.00000,0.30421
7.12,10.62,4.3004,18.7010,0.00000,0.15848
7.38,10.62,3.2463,18.7577,0.00000,0.05506
2.62,10.88,2.6893,26.2109,0.00000,0.17923
2.88,10.88,3.6458,18.6424,0.00000,0.26682
3.12,10.88,3.6956,12.9036,0.00000,0.35203
3.38,10.88,3.7786,9.4887,0.00000,0.41950
3.62,10.88,3.6769,6.9592,0.00000,0.33802
3.88,10.88,3.7811,6.2613,0.00000,0.25819
4.12,10.88,3.7012,6.5537,0.00000,0.21657
4.38,10.88,3.8316,6.3089,0.00000,0.20417
4.62,10.88,3.7642,6.0589,0.00000,0.19192
4.88,10.88,3.8611,6.6152,0.00000,0.19539
5.12,10.88,3.7996,7.9202,0.00000,0.19324
5.38,10.88,3.8988,9.4357,0.00000,0.21329
5.62,10.88,3.8527,11.0722,0.00000,0.24832
5.88,10.88,3.9488,11.8042,0.00000,0.28496
6.12,10.88,3.9397,12.3121,0.00000,0.28699
6.38,10.88,4.0725,13.8639,0.00000,0.33151
6.62,10.88,4.1608,16.5489,0.00000,0.38898
6.88,10.88,4.4230,19.0617,0.00000,0.34150
7.12,10.88,4.3271,20.8177,0.00000,0.18021
7.38,10.88,3.2837,20.9260,0.00000,0.06156
2.62,11.12,2.6942,26.5120,0.00000,0.19801
2.88,11.12,3.6519,19.3760,0.00000,0.29532
3.12,11.12,3.7031,13.8341,0.00000,0.39370
3.38,11.12,3.7837,10.6217,0.00000,0.47351
3.62,11.12,3.6811,8.2407,0.00000,0.38139
3.88,11.12,3.7809,7.4055,0.00000,0.28990
4.12,11.12,3.7050,7.6032,0.00000,0.24777
4.38,11.12,3.8484,7.3010,0.00000,0.23954
4.62,11.12,3.7820,7.0138,0.00000,0.22241
4.88,11.12,3.8690,7.7387,0.00000,0.22227
5.12,11.12,3.8025,9.2632,0.00000,0.21891
5.38,11.12,3.9004,10.7867,0.00000,0.23866
5.62,11.12,3.8528,12.4015,0.00000,0.27164
5.88,11.12,3.9506,13.2504,0.00000,0.30776
6.12,11.12,3.9375,13.8967,0.00000,0.30746
6.38,11.12,4.0580,15.5765,0.00000,0.35081
6.62,11.12,4.1492,18.4511,0.00000,0.41586
6.88,11.12,4.4477,21.1231,0.00000,0.37533
7.12,11.12,4.3572,22.9260,0.00000,0.20074
7.38,11.12,3.3181,22.9392,0.00000,0.06753
2.62,11.38,2.7082,27.5062,0.00000,0.21570
2.88,11.38,3.6666,20.7513,0.00000,0.32212
3.12,11.38,3.7208,15.4504,0.00000,0.42935
3.38,11.38,3.7936,12.3420,0.00000,0.51524
3.62,11.38,3.6870,10.0157,0.00000,0.41574
3.88,11.38,3.7797,8.8475,0.00000,0.31618
4.12,11.38,3.7122,8.7690,0.00000,0.27430
4.38,11.38,3.8697,8.3231,0.00000,0.27022
4.62,11.38,3.7995,7.9802,0.00000,0.24864
4.88,11.38,3.8675,8.9931,0.00000,0.24591
5.12,11.38,3.7951,10.8467,0.00000,0.24306
5.38,11.38,3.8950,12.3599,0.00000,0.26240
5.62,11.38,3.8498,13.9024,0.00000,0.29055
5.88,11.38,3.9521,14.7954,0.00000,0.32417
6.12,11.38,3.9368,15.5329,0.00000,0.32270
6.38,11.38,4.0497,17.3271,0.00000,0.36670
6.62,11.38,4.1390,20.3804,0.00000,0.43583
6.88,11.38,4.4508,23.2208,0.00000,0.39783
7.12,11.38,4.3623,25.0859,0.00000,0.21383
7.38,11.38,3.3484,24.9783,0.00000,0.07115
2.62,11.62,2.7340,29.2015,0.00000,0.22811
2.88,11.62,3.6869,22.3023,0.00000,0.34090
3.12,11.62,3.7398,16.8862,0.00000,0.45604
3.38,11.62,3.8049,13.9266,0.00000,0.54887
3.62,11.62,3.7001,11.7789,0.00000,0.44636
3.88,11.62,3.7887,10.4652,0.00000,0.34065
4.12,11.62,3.7226,10.2735,0.00000,0.29850
4.38,11.62,3.8797,9.6580,0.00000,0.29815
4.62,11.62,3.8087,9.2386,0.00000,0.27289
4.88,11.62,3.8626,10.5120,0.00000,0.26840
5.12,11.62,3.7899,12.6536,0.00000,0.26618
5.38,11.62,3.9007,14.1193,0.00000,0.28408
5.62,11.62,3.8575,15.5951,0.00000,0.30426
5.88,11.62,3.9561,16.4864,0.00000,0.33210
6.12,11.62,3.9355,17.2885,0.00000,0.33233
6.38,11.62,4.0496,19.2494,0.00000,0.38105
6.62,11.62,4.1348,22.4536,0.00000,0.44751
6.88,11.62,4.4430,25.4354,0.00000,0.40457
7.12,11.62,4.3561,27.5128,0.00000,0.21679
7.38,11.62,3.3863,27.5588,0.00000,0.07203
2.62,11.88,2.7558,30.4509,0.00000,0.23567
2.88,11.88,3.6973,23.5085,0.00000,0.35326
3.12,11.88,3.7516,17.9904,0.00000,0.47993
3.38,11.88,3.8151,15.1999,0.00000,0.58374
3.62,11.88,3.7128,13.2866,0.00000,0.47592
3.88,11.88,3.7997,12.0656,0.00000,0.36257
4.12,11.88,3.7316,12.0072,0.00000,0.32212
4.38,11.88,3.8748,11.3711,0.00000,0.32726
4.62,11.88,3.8086,10.9481,0.00000,0.29749
4.88,11.88,3.8629,12.2553,0.00000,0.28830
5.12,11.88,3.7924,14.4473,0.00000,0.28339
5.38,11.88,3.9037,15.8182,0.00000,0.29701
5.62,11.88,3.8561,17.2697,0.00000,0.31027
5.88,11.88,3.9540,18.2426,0.00000,0.33414
6.12,11.88,3.9320,19.1568,0.00000,0.33656
6.38,11.88,4.0521,21.2616,0.00000,0.38684
6.62,11.88,4.1344,24.5718,0.00000,0.44797
6.88,11.88,4.4455,27.7115,0.00000,0.40344
7.12,11.88,4.3619,30.0235,0.00000,0.21708
7.38,11.88,3.4235,30.2082,0.00000,0.07278
2.62,12.12,2.7731,31.1237,0.00000,0.24324
2.88,12.12,3.7016,24.5955,0.00000,0.36729
3.12,12.12,3.7572,19.2175,0.00000,0.50442
3.38,12.12,3.8205,16.3574,0.00000,0.61532
3.62,12.12,3.7206,14.4574,0.00000,0.49885
3.88,12.12,3.8079,13.3935,0.00000,0.37918
4.12,12.12,3.7408,13.6093,0.00000,0.34248
4.38,12.12,3.8678,13.2273,0.00000,0.35267
4.62,12.12,3.8096,12.9780,0.00000,0.31622
4.88,12.12,3.8745,14.1425,0.00000,0.29780
5.12,12.12,3.8016,16.2069,0.00000,0.28793
5.38,12.12,3.8970,17.4380,0.00000,0.29781
5.62,12.12,3.8443,18.8356,0.00000,0.30983
5.88,12.12,3.9501,19.9766,0.00000,0.33561
6.12,12.12,3.9297,21.0542,0.00000,0.33699
6.38,12.12,4.0556,23.1971,0.00000,0.37984
6.62,12.12,4.1354,26.5850,0.00000,0.43590
6.88,12.12,4.4588,30.0053,0.00000,0.40048
7.12,12.12,4.3791,32.5707,0.00000,0.22003
7.38,12.12,3.4650,32.8127,0.00000,0.07510
2.62,12.38,2.7909,31.7791,0.00000,0.25466
2.88,12.38,3.7119,25.6198,0.00000,0.38505
3.12,12.38,3.7696,20.3361,0.00000,0.52450
3.38,12.38,3.8258,17.4009,0.00000,0.63427
3.62,12.38,3.7247,15.5076,0.00000,0.51208
3.88,12.38,3.8095,14.6063,0.00000,0.39064
4.12,12.38,3.7495,15.1041,0.00000,0.35879
4.38,12.38,3.8642,15.0068,0.00000,0.37261
4.62,12.38,3.8073,14.9355,0.00000,0.32753
4.88,12.38,3.8811,16.0088,0.00000,0.29810
5.12,12.38,3.8134,18.0564,0.00000,0.28617
5.38,12.38,3.8986,19.2386,0.00000,0.29738
5.62,12.38,3.8359,20.5635,0.00000,0.30958
5.88,12.38,3.9398,21.7715,0.00000,0.33717
6.12,12.38,3.9207,22.9322,0.00000,0.33674
6.38,12.38,4.0591,25.0511,0.00000,0.37014
6.62,12.38,4.1370,28.5323,0.00000,0.41952
6.88,12.38,4.4655,32.4043,0.00000,0.39533
7.12,12.38,4.3909,35.3648,0.00000,0.22276
7.38,12.38,3.5233,35.7611,0.00000,0.07768
2.62,12.62,2.8284,32.4680,0.00000,0.26469
2.88,12.62,3.7413,26.3946,0.00000,0.39683
3.12,12.62,3.7919,20.9870,0.00000,0.53130
3.38,12.62,3.8268,18.1537,0.00000,0.63658
3.62,12.62,3.7310,16.4519,0.00000,0.51462
3.88,12.62,3.8147,15.7332,0.00000,0.39394
4.12,12.62,3.7536,16.5179,0.00000,0.36452
4.38,12.62,3.8520,16.7603,0.00000,0.37875
4.62,12.62,3.8017,16.9109,0.00000,0.32747
4.88,12.62,3.8875,17.8527,0.00000,0.29191
5.12,12.62,3.8251,19.8680,0.00000,0.28244
5.38,12.62,3.9028,21.1474,0.00000,0.29725
5.62,12.62,3.8313,22.4818,0.00000,0.30769
5.88,12.62,3.9274,23.6789,0.00000,0.33421
6.12,12.62,3.9044,24.8725,0.00000,0.33284
6.38,12.62,4.0594,26.9762,0.00000,0.36101
6.62,12.62,4.1341,30.5187,0.00000,0.40456
6.88,12.62,4.4511,34.8516,0.00000,0.38617
7.12,12.62,4.3798,38.3030,0.00000,0.22090
7.38,12.62,3.5831,38.9459,0.00000,0.07854
2.62,12.88,2.8648,33.1473,0.00000,0.27277
2.88,12.88,3.7663,27.2907,0.00000,0.40498
3.12,12.88,3.8189,21.7975,0.00000,0.53529
3.38,12.88,3.8387,18.9151,0.00000,0.63617
3.62,12.88,3.7433,17.2804,0.00000,0.51320
3.88,12.88,3.8206,16.7614,0.00000,0.39196
4.12,12.88,3.7624,17.9110,0.00000,0.36296
4.38,12.88,3.8463,18.6181,0.00000,0.37531
4.62,12.88,3.8026,19.1013,0.00000,0.32033
4.88,12.88,3.8948,19.8135,0.00000,0.28194
5.12,12.88,3.8364,21.6615,0.00000,0.27720
5.38,12.88,3.9107,23.0939,0.00000,0.29630
5.62,12.88,3.8294,24.5076,0.00000,0.30254
5.88,12.88,3.9161,25.7548,0.00000,0.32465
6.12,12.88,3.8871,27.0220,0.00000,0.32275
6.38,12.88,4.0563,29.0793,0.00000,0.34776
6.62,12.88,4.1261,32.5835,0.00000,0.38429
6.88,12.88,4.4309,37.2162,0.00000,0.36574
7.12,12.88,4.3648,41.1604,0.00000,0.21040
7.38,12.88,3.6420,42.1171,0.00000,0.07632
2.62,13.12,2.9013,33.9092,0.00000,0.27914
2.88,13.12,3.7984,28.5979,0.00000,0.41464
3.12,13.12,3.8479,23.2001,0.00000,0.54229
3.38,13.12,3.8406,20.0369,0.00000,0.63163
3.62,13.12,3.7465,18.2439,0.00000,0.50479
3.88,13.12,3.8275,17.8530,0.00000,0.38456
4.12,13.12,3.7763,19.3441,0.00000,0.35500
4.38,13.12,3.8455,20.4775,0.00000,0.36498
4.62,13.12,3.8069,21.3145,0.00000,0.31100
4.88,13.12,3.8987,21.9507,0.00000,0.27314
5.12,13.12,3.8400,23.7270,0.00000,0.27280
5.38,13.12,3.9093,25.1797,0.00000,0.29547
5.62,13.12,3.8219,26.5540,0.00000,0.29387
5.88,13.12,3.9109,27.9365,0.00000,0.30829
6.12,13.12,3.8749,29.3887,0.00000,0.30767
6.38,13.12,4.0427,31.4378,0.00000,0.32972
6.62,13.12,4.1120,34.8609,0.00000,0.35669
6.88,13.12,4.4272,39.5919,0.00000,0.33713
7.12,13.12,4.3686,43.9230,0.00000,0.19516
7.38,13.12,3.7021,45.1812,0.00000,0.07234
2.62,13.38,2.9340,34.9850,0.00000,0.28054
2.88,13.38,3.8196,30.2687,0.00000,0.41999
3.12,13.38,3.8661,25.0701,0.00000,0.54514
3.38,13.38,3.8333,21.6915,0.00000,0.61930
3.62,13.38,3.7421,19.7565,0.00000,0.48779
3.88,13.38,3.8247,19.3485,0.00000,0.36901
4.12,13.38,3.7833,21.0299,0.00000,0.34183
4.38,13.38,3.8508,22.4444,0.00000,0.35306
4.62,13.38,3.8173,23.5499,0.00000,0.30156
4.88,13.38,3.9027,24.2284,0.00000,0.26561
5.12,13.38,3.8512,26.0445,0.00000,0.26911
5.38,13.38,3.9200,27.3518,0.00000,0.29310
5.62,13.38,3.8197,28.5548,0.00000,0.28051
5.88,13.38,3.9057,30.0672,0.00000,0.28417
6.12,13.38,3.8672,31.7200,0.00000,0.28673
6.38,13.38,4.0332,33.9026,0.00000,0.30858
6.62,13.38,4.0999,37.4180,0.00000,0.32572
6.88,13.38,4.4295,42.2332,0.00000,0.30569
7.12,13.38,4.3791,46.8838,0.00000,0.17847
7.38,13.38,3.7639,48.4001,0.00000,0.06742
2.62,13.62,2.9777,37.2072,0.00000,0.27334
2.88,13.62,3.8209,32.4124,0.00000,0.40883
3.12,13.62,3.8609,27.1604,0.00000,0.52900
3.38,13.62,3.8213,23.7327,0.00000,0.59531
3.62,13.62,3.7432,21.8456,0.00000,0.46765
3.88,13.62,3.8240,21.2802,0.00000,0.35330
4.12,13.62,3.7863,22.9098,0.00000,0.32692
4.38,13.62,3.8550,24.3973,0.00000,0.33715
4.62,13.62,3.8370,25.6517,0.00000,0.28576
4.88,13.62,3.9242,26.3390,0.00000,0.25062
5.12,13.62,3.8788,28.2145,0.00000,0.25940
5.38,13.62,3.9381,29.5254,0.00000,0.28588
5.62,13.62,3.8236,30.7129,0.00000,0.26420
5.88,13.62,3.9040,32.2269,0.00000,0.25638
6.12,13.62,3.8604,33.9041,0.00000,0.26102
6.38,13.62,4.0265,36.2545,0.00000,0.28579
6.62,13.62,4.0888,40.0126,0.00000,0.29743
6.88,13.62,4.4262,45.0030,0.00000,0.27787
7.12,13.62,4.3801,49.9998,0.00000,0.16370
7.38,13.62,3.8195,51.8058,0.00000,0.06331
2.62,13.88,3.0302,40.3112,0.00000,0.25910
2.88,13.88,3.8062,35.0330,0.00000,0.38537
3.12,13.88,3.8451,29.5832,0.00000,0.49786
3.38,13.88,3.8204,26.0586,0.00000,0.55983
3.62,13.88,3.7525,24.1833,0.00000,0.44070
3.88,13.88,3.8220,23.3553,0.00000,0.33353
4.12,13.88,3.7918,24.8030,0.00000,0.30698
4.38,13.88,3.8635,26.1950,0.00000,0.31397
4.62,13.88,3.8604,27.5023,0.00000,0.26431
4.88,13.88,3.9480,28.2571,0.00000,0.23139
5.12,13.88,3.9054,30.2532,0.00000,0.24276
5.38,13.88,3.9527,31.6969,0.00000,0.26904
5.62,13.88,3.8251,33.0042,0.00000,0.24196
5.88,13.88,3.9021,34.4867,0.00000,0.22635
6.12,13.88,3.8497,36.0816,0.00000,0.23266
6.38,13.88,4.0078,38.4650,0.00000,0.25905
6.62,13.88,4.0646,42.3684,0.00000,0.26812
6.88,13.88,4.4226,47.5948,0.00000,0.25182
7.12,13.88,4.3902,53.0495,0.00000,0.15046
7.38,13.88,3.8868,55.2207,0.00000,0.06013
2.62,14.12,3.0867,42.7993,0.00000,0.24329
2.88,14.12,3.8011,37.2926,0.00000,0.36026
3.12,14.12,3.8334,31.7921,0.00000,0.46070
3.38,14.12,3.8195,28.2058,0.00000,0.51445
3.62,14.12,3.7627,26.2826,0.00000,0.40709
3.88,14.12,3.8218,25.2034,0.00000,0.31066
4.12,14.12,3.7993,26.4895,0.00000,0.28288
4.38,14.12,3.8652,27.8175,0.00000,0.28500
4.62,14.12,3.8766,29.2733,0.00000,0.24005
4.88,14.12,3.9691,30.2030,0.00000,0.21180
5.12,14.12,3.9252,32.2976,0.00000,0.22103
5.38,14.12,3.9716,33.7352,0.00000,0.24272
5.62,14.12,3.8327,35.0587,0.00000,0.21574
5.88,14.12,3.8963,36.6801,0.00000,0.19901
6.12,14.12,3.8342,38.3809,0.00000,0.20575
6.38,14.12,3.9871,40.6953,0.00000,0.22977
6.62,14.12,4.0387,44.5916,0.00000,0.23730
6.88,14.12,4.4109,50.1274,0.00000,0.22528
7.12,14.12,4.3894,56.0331,0.00000,0.13647
7.38,14.12,3.9491,58.3434,0.00000,0.05616
2.62,14.38,3.1345,44.2742,0.00000,0.22894
2.88,14.38,3.8038,38.8884,0.00000,0.33853
3.12,14.38,3.8361,33.4460,0.00000,0.43177
3.38,14.38,3.8245,29.8693,0.00000,0.48152
3.62,14.38,3.7641,27.9142,0.00000,0.37925
3.88,14.38,3.8098,26.6659,0.00000,0.28540
4.12,14.38,3.8036,27.8331,0.00000,0.25672
4.38,14.38,3.8661,29.2501,0.00000,0.25710
4.62,14.38,3.8885,31.0495,0.00000,0.21793
4.88,14.38,3.9882,32.1712,0.00000,0.19435
5.12,14.38,3.9435,34.2623,0.00000,0.19921
5.38,14.38,3.9902,35.6156,0.00000,0.21423
5.62,14.38,3.8411,36.8707,0.00000,0.18986
5.88,14.38,3.8916,38.7489,0.00000,0.17626
6.12,14.38,3.8219,40.7524,0.00000,0.18407
6.38,14.38,3.9728,43.0229,0.00000,0.20458
6.62,14.38,4.0212,46.8925,0.00000,0.20693
6.88,14.38,4.3959,52.8746,0.00000,0.19340
7.12,14.38,4.3819,59.3751,0.00000,0.11764
7.38,14.38,4.0115,61.8233,0.00000,0.05016
2.62,14.62,3.1843,45.3683,0.00000,0.21310
2.88,14.62,3.8191,40.2547,0.00000,0.31548
3.12,14.62,3.8458,34.8971,0.00000,0.40197
3.38,14.62,3.8201,31.3254,0.00000,0.44709
3.62,14.62,3.7575,29.4156,0.00000,0.35079
3.88,14.62,3.7979,28.0917,0.00000,0.26142
4.12,14.62,3.8049,29.1309,0.00000,0.23184
4.38,14.62,3.8671,30.5789,0.00000,0.22966
4.62,14.62,3.9013,32.6897,0.00000,0.19647
4.88,14.62,4.0012,34.0156,0.00000,0.17778
5.12,14.62,3.9650,36.1754,0.00000,0.17927
5.38,14.62,4.0132,37.5086,0.00000,0.18864
5.62,14.62,3.8477,38.6865,0.00000,0.16546
5.88,14.62,3.8877,40.8011,0.00000,0.15297
6.12,14.62,3.8133,43.1428,0.00000,0.16187
6.38,14.62,3.9682,45.5454,0.00000,0.18167
6.62,14.62,4.0124,49.5314,0.00000,0.18016
6.88,14.62,4.3764,55.9863,0.00000,0.16395
7.12,14.62,4.3669,63.1473,0.00000,0.09950
7.38,14.62,4.0824,65.8854,0.00000,0.04363
2.62,14.88,3.2340,46.8555,0.00000,0.19979
2.88,14.88,3.8374,41.7642,0.00000,0.29648
3.12,14.88,3.8614,36.2587,0.00000,0.37714
3.38,14.88,3.8157,32.5660,0.00000,0.41596
3.62,14.88,3.7482,30.7568,0.00000,0.32610
3.88,14.88,3.7856,29.5039,0.00000,0.24398
4.12,14.88,3.8036,30.4677,0.00000,0.21352
4.38,14.88,3.8713,31.7646,0.00000,0.20751
4.62,14.88,3.9210,34.0183,0.00000,0.17816
4.88,14.88,4.0101,35.6090,0.00000,0.16177
5.12,14.88,3.9873,37.9777,0.00000,0.15969
5.38,14.88,4.0398,39.4033,0.00000,0.16462
5.62,14.88,3.8545,40.6435,0.00000,0.14257
5.88,14.88,3.8852,43.0984,0.00000,0.13011
6.12,14.88,3.8060,45.8586,0.00000,0.13815
6.38,14.88,3.9675,48.5839,0.00000,0.15750
6.62,14.88,4.0041,52.8226,0.00000,0.15714
6.88,14.88,4.3517,59.6537,0.00000,0.14299
7.12,14.88,4.3485,67.3835,0.00000,0.08705
7.38,14.88,4.1617,70.5030,0.00000,0.03856
2.62,15.12,3.2804,48.2707,0.00000,0.18590
2.88,15.12,3.8513,43.0406,0.00000,0.27431
3.12,15.12,3.8705,37.3030,0.00000,0.34979
3.38,15.12,3.8135,33.6971,0.00000,0.38705
3.62,15.12,3.7505,32.0691,0.00000,0.30428
3.88,15.12,3.7800,30.7089,0.00000,0.22908
4.12,15.12,3.8004,31.4444,0.00000,0.20020
4.38,15.12,3.8764,32.5624,0.00000,0.19307
4.62,15.12,3.9451,34.9063,0.00000,0.16443
4.88,15.12,4.0196,36.9572,0.00000,0.14602
5.12,15.12,4.0145,39.8412,0.00000,0.13903
5.38,15.12,4.0663,41.6307,0.00000,0.13923
5.62,15.12,3.8675,43.1697,0.00000,0.11964
5.88,15.12,3.8962,45.8041,0.00000,0.10871
6.12,15.12,3.8035,48.7641,0.00000,0.11396
6.38,15.12,3.9638,52.0231,0.00000,0.13023
6.62,15.12,3.9914,56.7699,0.00000,0.13303
6.88,15.12,4.3200,63.9565,0.00000,0.12432
7.12,15.12,4.3227,72.1624,0.00000,0.07679
7.38,15.12,4.2406,75.6198,0.00000,0.03468
2.62,15.38,3.3219,49.3752,0.00000,0.17170
2.88,15.38,3.8746,44.1947,0.00000,0.25060
3.12,15.38,3.8942,38.3375,0.00000,0.31796
3.38,15.38,3.8258,34.9627,0.00000,0.35402
3.62,15.38,3.7614,33.5362,0.00000,0.28217
3.88,15.38,3.7751,31.9443,0.00000,0.21581
4.12,15.38,3.7943,32.3366,0.00000,0.18729
4.38,15.38,3.8642,33.2974,0.00000,0.17802
4.62,15.38,3.9457,35.6008,0.00000,0.14901
4.88,15.38,4.0154,38.0281,0.00000,0.12803
5.12,15.38,4.0421,41.5271,0.00000,0.11732
5.38,15.38,4.0932,43.9649,0.00000,0.11396
5.62,15.38,3.8951,46.0590,0.00000,0.09821
5.88,15.38,3.9297,48.6041,0.00000,0.09017
6.12,15.38,3.8122,51.3983,0.00000,0.09225
6.38,15.38,3.9550,55.3971,0.00000,0.10320
6.62,15.38,3.9620,61.0304,0.00000,0.10585
6.88,15.38,4.2630,68.9868,0.00000,0.10113
7.12,15.38,4.2843,78.0154,0.00000,0.06408
7.38,15.38,4.3504,81.9184,0.00000,0.03071
2.62,15.62,3.3489,49.9591,0.00000,0.16135
2.88,15.62,3.9033,45.1529,0.00000,0.23527
3.12,15.62,3.9236,39.4463,0.00000,0.29391
3.38,15.62,3.8331,36.2512,0.00000,0.32258
3.62,15.62,3.7752,34.9519,0.00000,0.26000
3.88,15.62,3.7777,33.2493,0.00000,0.20234
4.12,15.62,3.7940,33.4118,0.00000,0.17200
4.38,15.62,3.8353,34.2885,0.00000,0.15860
4.62,15.62,3.9107,36.3685,0.00000,0.13089
4.88,15.62,3.9774,38.6044,0.00000,0.11036
5.12,15.62,4.0561,42.1905,0.00000,0.09841
5.38,15.62,4.1225,45.1902,0.00000,0.09329
5.62,15.62,3.9471,48.0512,0.00000,0.08076
5.88,15.62,3.9727,50.9157,0.00000,0.07439
6.12,15.62,3.8129,53.8411,0.00000,0.07316
6.38,15.62,3.9354,58.6870,0.00000,0.07880
6.62,15.62,3.9202,65.3787,0.00000,0.07990
6.88,15.62,4.1804,74.6731,0.00000,0.07736
7.12,15.62,4.2190,85.0765,0.00000,0.05061
7.38,15.62,4.4884,89.8932,0.00000,0.02669
2.62,15.88,3.3838,51.2543,0.00000,0.15338
2.88,15.88,3.9461,46.3887,0.00000,0.22404
3.12,15.88,3.9608,40.5370,0.00000,0.27300
3.38,15.88,3.8394,37.3020,0.00000,0.28882
3.62,15.88,3.7896,36.0746,0.00000,0.23419
3.88,15.88,3.7822,34.4321,0.00000,0.18634
4.12,15.88,3.8037,34.5110,0.00000,0.15479
4.38,15.88,3.8128,35.3804,0.00000,0.13721
4.62,15.88,3.8737,37.2577,0.00000,0.11248
4.88,15.88,3.9297,38.9943,0.00000,0.09502
5.12,15.88,4.0460,42.0857,0.00000,0.08424
5.38,15.88,4.1221,45.1632,0.00000,0.07887
5.62,15.88,4.0100,48.6005,0.00000,0.06812
5.88,15.88,4.0190,52.3523,0.00000,0.06178
6.12,15.88,3.8142,56.3509,0.00000,0.05752
6.38,15.88,3.9203,62.2230,0.00000,0.05860
6.62,15.88,3.8715,69.9907,0.00000,0.05670
6.88,15.88,4.0845,81.0487,0.00000,0.05359
7.12,15.88,4.1487,93.4425,0.00000,0.03645
7.38,15.88,4.6387,100.0602,0.00000,0.02233
2.62,16.12,3.4168,52.6798,0.00000,0.14262
2.88,16.12,3.9758,47.4638,0.00000,0.20816
3.12,16.12,3.9920,41.3514,0.00000,0.24940
3.38,16.12,3.8499,38.0095,0.00000,0.25693
3.62,16.12,3.8068,36.8108,0.00000,0.21040
3.88,16.12,3.7847,35.3431,0.00000,0.17147
4.12,16.12,3.8149,35.5119,0.00000,0.14123
4.38,16.12,3.8058,36.4494,0.00000,0.12173
4.62,16.12,3.8586,38.1644,0.00000,0.09898
4.88,16.12,3.8897,39.5057,0.00000,0.08311
5.12,16.12,4.0173,41.9914,0.00000,0.07318
5.38,16.12,4.0886,44.7148,0.00000,0.06778
5.62,16.12,4.0667,48.2667,0.00000,0.05938
5.88,16.12,4.0658,52.7967,0.00000,0.05389
6.12,16.12,3.8430,57.9273,0.00000,0.04793
6.38,16.12,3.9200,64.6722,0.00000,0.04579
6.62,16.12,3.8231,73.7935,0.00000,0.04033
6.88,16.12,3.9903,86.8198,0.00000,0.03511
7.12,16.12,4.0733,101.6645,0.00000,0.02503
7.38,16.12,4.7509,111.0708,0.00000,0.01860
2.62,16.38,3.4553,53.1917,0.00000,0.13219
2.88,16.38,4.0141,48.1487,0.00000,0.19168
3.12,16.38,4.0307,41.8666,0.00000,0.22701
3.38,16.38,3.8735,38.2584,0.00000,0.23217
3.62,16.38,3.8352,37.2133,0.00000,0.19112
3.88,16.38,3.7961,36.1501,0.00000,0.15557
4.12,16.38,3.8294,36.4736,0.00000,0.12711
4.38,16.38,3.8070,37.4344,0.00000,0.10830
4.62,16.38,3.8573,38.9552,0.00000,0.08851
4.88,16.38,3.8562,40.0721,0.00000,0.07408
5.12,16.38,3.9703,42.1172,0.00000,0.06453
5.38,16.38,4.0227,44.5359,0.00000,0.05899
5.62,16.38,4.1005,48.0926,0.00000,0.05282
5.88,16.38,4.1163,52.7290,0.00000,0.04861
6.12,16.38,3.9462,57.6674,0.00000,0.04274
6.38,16.38,3.9797,64.0889,0.00000,0.03940
6.62,16.38,3.8100,73.7645,0.00000,0.03226
6.88,16.38,3.9172,88.0466,0.00000,0.02587
7.12,16.38,3.9934,104.3728,0.00000,0.01926
7.38,16.38,4.7806,114.7015,0.00000,0.01674
2.62,16.62,3.4503,52.4344,0.00000,0.12150
2.88,16.62,4.0433,48.2379,0.00000,0.17601
3.12,16.62,4.0740,42.2384,0.00000,0.20804
3.38,16.62,3.9105,38.4380,0.00000,0.21200
3.62,16.62,3.8668,37.5143,0.00000,0.17335
3.88,16.62,3.8058,37.0220,0.00000,0.13888
4.12,16.62,3.8401,37.6129,0.00000,0.11494
4.38,16.62,3.8087,38.4638,0.00000,0.10029
4.62,16.62,3.8543,39.6506,0.00000,0.08240
4.88,16.62,3.8279,40.7121,0.00000,0.06777
5.12,16.62,3.9283,42.6666,0.00000,0.05786
5.38,16.62,3.9552,45.1584,0.00000,0.05194
5.62,16.62,4.0848,48.6938,0.00000,0.04729
5.88,16.62,4.1120,52.8031,0.00000,0.04424
6.12,16.62,4.0687,56.7113,0.00000,0.03927
6.38,16.62,4.0865,62.0854,0.00000,0.03556
6.62,16.62,3.8922,70.8316,0.00000,0.02869
6.88,16.62,3.9357,83.8621,0.00000,0.02269
7.12,16.62,3.9207,96.8763,0.00000,0.01767
7.38,16.62,4.5862,101.5084,0.00000,0.01640
2.62,16.88,3.4583,52.5386,0.00000,0.11268
2.88,16.88,4.0980,48.3452,0.00000,0.16364
3.12,16.88,4.1229,42.2611,0.00000,0.19061
3.38,16.88,3.9397,38.5330,0.00000,0.18891
3.62,16.88,3.8889,37.8314,0.00000,0.15494
3.88,16.88,3.8194,37.9417,0.00000,0.12669
4.12,16.88,3.8500,38.7961,0.00000,0.10810
4.38,16.88,3.8130,39.5185,0.00000,0.09644
4.62,16.88,3.8648,40.4366,0.00000,0.07858
4.88,16.88,3.8230,41.6069,0.00000,0.06291
5.12,16.88,3.9033,43.7706,0.00000,0.05265
5.38,16.88,3.9036,46.6130,0.00000,0.04670
5.62,16.88,4.0272,49.9711,0.00000,0.04279
5.88,16.88,4.0385,53.3583,0.00000,0.04010
6.12,16.88,4.1131,56.7306,0.00000,0.03599
6.38,16.88,4.1348,61.6770,0.00000,0.03229
6.62,16.88,4.0000,68.7642,0.00000,0.02669
6.88,16.88,4.0093,78.0663,0.00000,0.02199
7.12,16.88,3.9094,85.4784,0.00000,0.01808
7.38,16.88,4.2150,85.6889,0.00000,0.01624
7.62,16.88,4.3519,82.2596,0.00000,0.01462
7.88,16.88,4.0545,83.6904,0.00000,0.01208
2.62,17.12,3.4005,52.8127,0.00000,0.10219
2.88,17.12,4.1180,48.0646,0.00000,0.15183
3.12,17.12,4.1624,41.7900,0.00000,0.17858
3.38,17.12,3.9568,38.3634,0.00000,0.17467
3.62,17.12,3.8869,37.9308,0.00000,0.14356
3.88,17.12,3.8295,38.5410,0.00000,0.11897
4.12,17.12,3.8706,39.7626,0.00000,0.10206
4.38,17.12,3.8273,40.5493,0.00000,0.09028
4.62,17.12,3.8746,41.2882,0.00000,0.07317
4.88,17.12,3.8330,42.6108,0.00000,0.05845
5.12,17.12,3.8997,45.0372,0.00000,0.04873
5.38,17.12,3.8732,48.1746,0.00000,0.04318
5.62,17.12,3.9641,51.3642,0.00000,0.03966
5.88,17.12,3.9434,54.4023,0.00000,0.03661
6.12,17.12,4.0626,57.9537,0.00000,0.03239
6.38,17.12,4.0778,62.7319,0.00000,0.02863
6.62,17.12,4.0377,67.9531,0.00000,0.02501
6.88,17.12,4.0177,72.9341,0.00000,0.02198
7.12,17.12,3.9463,76.3018,0.00000,0.01937
7.38,17.12,3.9528,76.9195,0.00000,0.01698
7.62,17.12,4.0177,76.6641,0.00000,0.01473
7.88,17.12,4.1315,79.8371,0.00000,0.01292
8.12,17.12,4.1303,86.8461,0.00000,0.01128
8.38,17.12,3.8315,93.7608,0.00000,0.00950
2.62,17.38,3.3663,53.2992,0.00000,0.09230
2.88,17.38,4.1345,47.8874,0.00000,0.13997
3.12,17.38,4.1708,41.1655,0.00000,0.16730
3.38,17.38,3.9679,38.0097,0.00000,0.16643
3.62,17.38,3.9033,38.1410,0.00000,0.14017
3.88,17.38,3.8476,39.1301,0.00000,0.11710
4.12,17.38,3.8784,40.5544,0.00000,0.09771
4.38,17.38,3.8452,41.4776,0.00000,0.08380
4.62,17.38,3.8888,42.1684,0.00000,0.06816
4.88,17.38,3.8536,43.5680,0.00000,0.05521
5.12,17.38,3.9059,46.0832,0.00000,0.04590
5.38,17.38,3.8632,49.5540,0.00000,0.04042
5.62,17.38,3.9344,53.1781,0.00000,0.03737
5.88,17.38,3.8774,56.4084,0.00000,0.03411
6.12,17.38,3.9728,59.9423,0.00000,0.02969
6.38,17.38,3.9699,63.9633,0.00000,0.02596
6.62,17.38,4.0085,67.3316,0.00000,0.02366
6.88,17.38,3.9718,69.3795,0.00000,0.02156
7.12,17.38,3.9713,69.7949,0.00000,0.01988
7.38,17.38,3.9801,69.8834,0.00000,0.01830
7.62,17.38,3.9603,70.7949,0.00000,0.01632
7.88,17.38,3.9660,74.3139,0.00000,0.01436
8.12,17.38,4.0033,79.3053,0.00000,0.01264
8.38,17.38,4.0780,83.2056,0.00000,0.01119
8.62,17.38,3.9614,76.7249,0.00000,0.00977
8.88,17.38,3.6118,64.7405,0.00000,0.00843
2.62,17.62,3.2904,54.0889,0.00000,0.08422
2.88,17.62,4.1043,47.9469,0.00000,0.13002
3.12,17.62,4.1561,40.9389,0.00000,0.15949
3.38,17.62,3.9652,38.0469,0.00000,0.16326
3.62,17.62,3.8914,38.6609,0.00000,0.14066
3.88,17.62,3.8581,39.8328,0.00000,0.11846
4.12,17.62,3.8853,41.2791,0.00000,0.09640
4.38,17.62,3.8610,42.2561,0.00000,0.08044
4.62,17.62,3.8896,42.9975,0.00000,0.06538
4.88,17.62,3.8716,44.5636,0.00000,0.05362
5.12,17.62,3.9163,47.2999,0.00000,0.04472
5.38,17.62,3.8610,51.3743,0.00000,0.03896
5.62,17.62,3.9157,56.0077,0.00000,0.03576
5.88,17.62,3.8555,59.8041,0.00000,0.03240
6.12,17.62,3.9154,62.6825,0.00000,0.02820
6.38,17.62,3.9068,65.0919,0.00000,0.02467
6.62,17.62,3.9594,66.0672,0.00000,0.02249
6.88,17.62,3.9779,66.2638,0.00000,0.02061
7.12,17.62,3.9838,65.9559,0.00000,0.01892
7.38,17.62,3.9785,65.4616,0.00000,0.01769
7.62,17.62,3.9786,65.2169,0.00000,0.01688
7.88,17.62,3.9706,66.6822,0.00000,0.01616
8.12,17.62,3.9484,69.7816,0.00000,0.01505
8.38,17.62,3.9914,74.3054,0.00000,0.01345
8.62,17.62,4.0320,76.1983,0.00000,0.01175
8.88,17.62,4.0807,77.0656,0.00000,0.01060
9.12,17.62,4.2258,83.2187,0.00000,0.01005
2.62,17.88,3.2534,55.2410,0.00000,0.07940
2.88,17.88,4.0840,48.4670,0.00000,0.12281
3.12,17.88,4.1184,41.2639,0.00000,0.15322
3.38,17.88,3.9367,38.5151,0.00000,0.16118
3.62,17.88,3.8706,39.5102,0.00000,0.14096
3.88,17.88,3.8616,40.8301,0.00000,0.11900
4.12,17.88,3.8651,42.1573,0.00000,0.09537
4.38,17.88,3.8601,43.2060,0.00000,0.07846
4.62,17.88,3.8894,44.3431,0.00000,0.06326
4.88,17.88,3.8769,46.4575,0.00000,0.05194
5.12,17.88,3.9001,49.7673,0.00000,0.04378
5.38,17.88,3.8610,54.5062,0.00000,0.03793
5.62,17.88,3.9024,59.5922,0.00000,0.03402
5.88,17.88,3.8821,63.0832,0.00000,0.03075
6.12,17.88,3.9080,64.4718,0.00000,0.02700
6.38,17.88,3.9273,64.9376,0.00000,0.02385
6.62,17.88,3.9492,64.1310,0.00000,0.02155
6.88,17.88,3.9624,63.1266,0.00000,0.01962
7.12,17.88,3.9904,62.9732,0.00000,0.01790
7.38,17.88,3.9893,63.1586,0.00000,0.01655
7.62,17.88,3.9687,62.7471,0.00000,0.01597
7.88,17.88,3.9614,62.4222,0.00000,0.01601
8.12,17.88,3.9887,63.4362,0.00000,0.01617
8.38,17.88,4.0088,67.0548,0.00000,0.01574
8.62,17.88,3.9829,72.9217,0.00000,0.01451
8.88,17.88,4.0372,79.8865,0.00000,0.01319
9.12,17.88,4.2408,87.2815,0.00000,0.01181
9.38,17.88,4.4185,95.7837,0.00000,0.01087
9.62,17.88,4.2402,104.1152,0.00000,0.00975
2.62,18.12,3.1948,55.7192,0.00000,0.07358
2.88,18.12,4.0322,49.0803,0.00000,0.11412
3.12,18.12,4.0848,42.2078,0.00000,0.14542
3.38,18.12,3.9333,39.4612,0.00000,0.15669
3.62,18.12,3.8439,40.5195,0.00000,0.13681
3.88,18.12,3.8266,42.1947,0.00000,0.11479
4.12,18.12,3.8236,43.8891,0.00000,0.09209
4.38,18.12,3.8388,45.4318,0.00000,0.07603
4.62,18.12,3.8637,47.4277,0.00000,0.06039
4.88,18.12,3.8706,50.4206,0.00000,0.04843
5.12,18.12,3.8773,54.2748,0.00000,0.04042
5.38,18.12,3.8835,58.6782,0.00000,0.03531
5.62,18.12,3.9085,62.4304,0.00000,0.03168
5.88,18.12,3.9343,64.1693,0.00000,0.02877
6.12,18.12,3.9446,63.9914,0.00000,0.02527
6.38,18.12,3.9485,63.0965,0.00000,0.02231
6.62,18.12,3.9660,61.6811,0.00000,0.02047
6.88,18.12,3.9689,60.5548,0.00000,0.01902
7.12,18.12,3.9749,60.5008,0.00000,0.01744
7.38,18.12,3.9740,60.7765,0.00000,0.01623
7.62,18.12,3.9809,60.6240,0.00000,0.01590
7.88,18.12,3.9877,60.4712,0.00000,0.01610
8.12,18.12,3.9886,60.9463,0.00000,0.01649
8.38,18.12,3.9970,62.4931,0.00000,0.01660
8.62,18.12,4.0158,66.2830,0.00000,0.01650
8.88,18.12,4.0091,72.3977,0.00000,0.01607
9.12,18.12,3.9999,80.9850,0.00000,0.01418
9.38,18.12,4.0908,92.1273,0.00000,0.01238
9.62,18.12,4.2477,102.9544,0.00000,0.01105
9.88,18.12,4.2233,115.5916,0.00009,0.01009
10.12,18.12,3.8686,127.7387,0.00142,0.00949
2.62,18.38,3.2087,57.2500,0.00000,0.06681
2.88,18.38,4.0301,50.5602,0.00000,0.10284
3.12,18.38,4.0576,43.6890,0.00000,0.13155
3.38,18.38,3.9085,40.8692,0.00000,0.14427
3.62,18.38,3.8219,42.2877,0.00000,0.12745
3.88,18.38,3.7888,44.7518,0.00000,0.10723
4.12,18.38,3.7674,47.3877,0.00000,0.08541
4.38,18.38,3.8073,50.0750,0.00000,0.07032
4.62,18.38,3.8326,53.1486,0.00000,0.05547
4.88,18.38,3.8818,56.2197,0.00000,0.04401
5.12,18.38,3.8828,59.0589,0.00000,0.03655
5.38,18.38,3.9177,61.4039,0.00000,0.03226
5.62,18.38,3.9423,62.7638,0.00000,0.02905
5.88,18.38,3.9508,62.7372,0.00000,0.02599
6.12,18.38,3.9585,61.9311,0.00000,0.02279
6.38,18.38,3.9612,60.9772,0.00000,0.02035
6.62,18.38,3.9740,59.8513,0.00000,0.01912
6.88,18.38,3.9754,58.9112,0.00000,0.01840
7.12,18.38,3.9809,58.8453,0.00000,0.01745
7.38,18.38,3.9799,59.0882,0.00000,0.01651
7.62,18.38,3.9733,58.9111,0.00000,0.01618
7.88,18.38,3.9851,58.7199,0.00000,0.01648
8.12,18.38,4.0172,59.2131,0.00000,0.01744
8.38,18.38,4.0175,60.1317,0.00000,0.01788
8.62,18.38,3.9970,62.0953,0.00000,0.01759
8.88,18.38,3.9912,65.7303,0.00000,0.01733
9.12,18.38,3.9988,72.6637,0.00000,0.01637
9.38,18.38,4.0003,83.3050,0.00000,0.01479
9.62,18.38,4.0350,95.1753,0.00001,0.01267
9.88,18.38,4.0888,106.2344,0.00033,0.01129
10.12,18.38,4.1359,113.8152,0.00445,0.01102
10.38,18.38,3.9488,103.6206,0.02502,0.01019
10.62,18.38,3.5737,85.3611,0.06656,0.00864
2.62,18.62,3.2141,60.3950,0.00000,0.05671
2.88,18.62,3.9827,52.9459,0.00000,0.08784
3.12,18.62,4.0142,45.8372,0.00000,0.11557
3.38,18.62,3.8608,43.3990,0.00000,0.12959
3.62,18.62,3.7648,45.7944,0.00000,0.11343
3.88,18.62,3.7567,49.3537,0.00000,0.09379
4.12,18.62,3.7391,52.9164,0.00000,0.07501
4.38,18.62,3.8231,56.5165,0.00000,0.06328
4.62,18.62,3.8480,59.4329,0.00000,0.05028
4.88,18.62,3.8995,60.6605,0.00000,0.03965
5.12,18.62,3.9224,60.8194,0.00000,0.03361
5.38,18.62,3.9357,60.6255,0.00000,0.02970
5.62,18.62,3.9501,60.6052,0.00000,0.02600
5.88,18.62,3.9574,60.4687,0.00000,0.02280
6.12,18.62,3.9661,60.0272,0.00000,0.02019
6.38,18.62,3.9656,59.5638,0.00000,0.01838
6.62,18.62,3.9741,59.2045,0.00000,0.01768
6.88,18.62,3.9866,58.8890,0.00000,0.01755
7.12,18.62,3.9895,58.7581,0.00000,0.01716
7.38,18.62,3.9812,58.6242,0.00000,0.01655
7.62,18.62,3.9859,58.3176,0.00000,0.01641
7.88,18.62,3.9891,58.1190,0.00000,0.01673
8.12,18.62,3.9896,58.4333,0.00000,0.01774
8.38,18.62,4.0018,58.9515,0.00000,0.01864
8.62,18.62,4.0243,60.5131,0.00000,0.01891
8.88,18.62,4.0105,63.3126,0.00000,0.01872
9.12,18.62,3.9902,67.7582,0.00000,0.01774
9.38,18.62,3.9986,74.0653,0.00000,0.01601
9.62,18.62,4.0251,82.6152,0.00002,0.01429
9.88,18.62,4.0225,92.1377,0.00053,0.01311
10.12,18.62,4.0504,100.7227,0.00698,0.01210
10.38,18.62,4.0745,101.4065,0.03904,0.01095
10.62,18.62,4.1417,100.2581,0.11241,0.01021
10.88,18.62,4.3285,108.1384,0.22862,0.01033
2.62,18.88,3.3035,65.4762,0.00000,0.04610
2.88,18.88,3.9261,56.9328,0.00000,0.06945
3.12,18.88,3.9188,49.8090,0.00000,0.09254
3.38,18.88,3.8131,48.6686,0.00000,0.10729
3.62,18.88,3.7387,52.5362,0.00000,0.09630
3.88,18.88,3.8048,56.5758,0.00000,0.08166
4.12,18.88,3.7892,58.8823,0.00000,0.06594
4.38,18.88,3.8388,60.8742,0.00000,0.05547
4.62,18.88,3.8931,61.8961,0.00000,0.04513
4.88,18.88,3.9163,61.0408,0.00000,0.03612
5.12,18.88,3.9103,59.5284,0.00000,0.03109
5.38,18.88,3.9186,58.4712,0.00000,0.02755
5.62,18.88,3.9489,58.4729,0.00000,0.02353
5.88,18.88,3.9632,58.8732,0.00000,0.02025
6.12,18.88,3.9624,59.0939,0.00000,0.01819
6.38,18.88,3.9700,59.3720,0.00000,0.01688
6.62,18.88,3.9809,59.5889,0.00000,0.01626
6.88,18.88,3.9815,59.4576,0.00000,0.01604
7.12,18.88,3.9857,59.3861,0.00000,0.01576
7.38,18.88,3.9860,59.4038,0.00000,0.01547
7.62,18.88,3.9850,59.1479,0.00000,0.01595
7.88,18.88,3.9920,58.6429,0.00000,0.01707
8.12,18.88,4.0040,58.5529,0.00000,0.01828
8.38,18.88,3.9958,58.9543,0.00000,0.01885
8.62,18.88,3.9934,60.3614,0.00000,0.01913
8.88,18.88,4.0128,62.1351,0.00000,0.01971
9.12,18.88,4.0314,64.5498,0.00000,0.01937
9.38,18.88,4.0102,68.3432,0.00000,0.01721
9.62,18.88,4.0134,73.7227,0.00001,0.01530
9.88,18.88,4.0472,80.0218,0.00034,0.01459
10.12,18.88,4.0519,87.1400,0.00489,0.01357
10.38,18.88,4.0262,94.0236,0.03231,0.01223
10.62,18.88,4.1395,102.2899,0.11483,0.01156
10.88,18.88,4.4374,112.9308,0.25558,0.01167
11.12,18.88,4.5951,126.6009,0.38001,0.01152
11.38,18.88,4.3162,139.9514,0.39152,0.01053
2.62,19.12,3.2986,70.1988,0.00000,0.03753
2.88,19.12,3.8730,62.3671,0.00000,0.05359
3.12,19.12,3.8890,58.1414,0.00000,0.07159
3.38,19.12,3.8946,58.8090,0.00000,0.08692
3.62,19.12,3.8142,61.1816,0.00000,0.07925
3.88,19.12,3.8210,62.6348,0.00000,0.06715
4.12,19.12,3.8369,61.8721,0.00000,0.05619
4.38,19.12,3.8587,61.1629,0.00000,0.04839
4.62,19.12,3.8751,60.6028,0.00000,0.03999
4.88,19.12,3.8918,59.4195,0.00000,0.03259
5.12,19.12,3.9067,58.0663,0.00000,0.02853
5.38,19.12,3.9227,57.1253,0.00000,0.02557
5.62,19.12,3.9388,57.4593,0.00000,0.02202
5.88,19.12,3.9609,58.6195,0.00000,0.01904
6.12,19.12,3.9785,59.4188,0.00000,0.01735
6.38,19.12,3.9827,59.8452,0.00000,0.01617
6.62,19.12,3.9819,60.1736,0.00000,0.01522
6.88,19.12,3.9817,60.0957,0.00000,0.01482
7.12,19.12,3.9877,60.0553,0.00000,0.01465
7.38,19.12,3.9936,60.3436,0.00000,0.01452
7.62,19.12,3.9966,60.5569,0.00000,0.01501
7.88,19.12,3.9893,60.2402,0.00000,0.01604
8.12,19.12,3.9804,59.8210,0.00000,0.01738
8.38,19.12,3.9868,59.7726,0.00000,0.01819
8.62,19.12,4.0083,60.8838,0.00000,0.01827
8.88,19.12,4.0104,62.1440,0.00000,0.01869
9.12,19.12,4.0211,63.4244,0.00000,0.01911
9.38,19.12,4.0467,65.9975,0.00000,0.01823
9.62,19.12,4.0500,69.4055,0.00000,0.01658
9.88,19.12,4.0247,72.9835,0.00009,0.01533
10.12,19.12,4.0232,77.5458,0.00154,0.01437
10.38,19.12,4.0468,84.1104,0.01311,0.01381
10.62,19.12,4.0762,93.1038,0.05815,0.01341
10.88,19.12,4.1449,104.8363,0.14800,0.01287
11.12,19.12,4.2547,118.2379,0.25474,0.01207
11.38,19.12,4.3834,129.5560,0.31421,0.01160
11.62,19.12,4.3284,139.7005,0.26950,0.01122
11.88,19.12,3.8807,148.3367,0.17492,0.01007
2.62,19.38,3.2898,69.5239,0.00000,0.03424
2.88,19.38,3.9761,63.7488,0.00000,0.04564
3.12,19.38,4.0141,65.9758,0.00000,0.05579
3.38,19.38,3.9402,69.4076,0.00000,0.06537
3.62,19.38,3.8749,68.6083,0.00000,0.06180
3.88,19.38,3.8593,65.8604,0.00000,0.05466
4.12,19.38,3.8257,62.4917,0.00000,0.04714
4.38,19.38,3.8213,60.5239,0.00000,0.04124
4.62,19.38,3.8461,59.5240,0.00000,0.03502
4.88,19.38,3.8786,58.5216,0.00000,0.02967
5.12,19.38,3.8883,57.7258,0.00000,0.02621
5.38,19.38,3.9059,57.2199,0.00000,0.02357
5.62,19.38,3.9419,57.6152,0.00000,0.02091
5.88,19.38,3.9653,59.0649,0.00000,0.01851
6.12,19.38,3.9698,60.3483,0.00000,0.01702
6.38,19.38,3.9826,60.7181,0.00000,0.01595
6.62,19.38,3.9964,60.6321,0.00000,0.01495
6.88,19.38,3.9872,60.3536,0.00000,0.01452
7.12,19.38,3.9871,60.6070,0.00000,0.01436
7.38,19.38,3.9949,61.3767,0.00000,0.01426
7.62,19.38,3.9947,61.9443,0.00000,0.01448
7.88,19.38,3.9882,61.8171,0.00000,0.01500
8.12,19.38,3.9848,61.5455,0.00000,0.01575
8.38,19.38,3.9806,61.4794,0.00000,0.01610
8.62,19.38,3.9900,62.1823,0.00000,0.01624
8.88,19.38,4.0159,63.1748,0.00000,0.01688
9.12,19.38,4.0366,64.1416,0.00000,0.01741
9.38,19.38,4.0375,65.8360,0.00000,0.01745
9.62,19.38,4.0407,67.8338,0.00000,0.01695
9.88,19.38,4.0516,70.0595,0.00001,0.01608
10.12,19.38,4.0382,73.2537,0.00023,0.01511
10.38,19.38,4.0064,78.0909,0.00242,0.01455
10.62,19.38,4.0073,84.3962,0.01276,0.01454
10.88,19.38,4.0546,93.3738,0.04066,0.01450
11.12,19.38,4.1021,104.2153,0.09610,0.01368
11.38,19.38,4.1706,115.1969,0.14977,0.01283
11.62,19.38,4.2167,126.8161,0.15202,0.01229
11.88,19.38,4.1834,134.7822,0.12230,0.01178
12.12,19.38,3.9605,122.4534,0.07764,0.01110
12.38,19.38,3.5487,101.4803,0.09164,0.00997
2.88,19.62,3.6587,56.5464,0.00000,0.03807
3.12,19.62,4.0277,68.2677,0.00000,0.04626
3.38,19.62,4.0598,76.3327,0.00000,0.05180
3.62,19.62,3.9559,75.2787,0.00000,0.04862
3.88,19.62,3.8717,71.1669,0.00000,0.04382
4.12,19.62,3.8308,66.3235,0.00000,0.03933
4.38,19.62,3.8365,62.7400,0.00000,0.03563
4.62,19.62,3.8253,60.8658,0.00000,0.03107
4.88,19.62,3.8430,59.3389,0.00000,0.02724
5.12,19.62,3.8874,58.3232,0.00000,0.02463
5.38,19.62,3.9091,57.9551,0.00000,0.02228
5.62,19.62,3.9152,58.4461,0.00000,0.01990
5.88,19.62,3.9453,60.0113,0.00000,0.01794
6.12,19.62,3.9754,61.4675,0.00000,0.01690
6.38,19.62,3.9766,61.6207,0.00000,0.01604
6.62,19.62,3.9833,61.4302,0.00000,0.01523
6.88,19.62,3.9863,61.2354,0.00000,0.01506
7.12,19.62,3.9922,61.4921,0.00000,0.01513
7.38,19.62,3.9955,62.2523,0.00000,0.01505
7.62,19.62,3.9960,63.1798,0.00000,0.01472
7.88,19.62,3.9888,63.5261,0.00000,0.01457
8.12,19.62,3.9830,63.2995,0.00000,0.01481
8.38,19.62,3.9904,62.9738,0.00000,0.01492
8.62,19.62,4.0029,63.3970,0.00000,0.01501
8.88,19.62,4.0122,64.3609,0.00000,0.01521
9.12,19.62,4.0234,64.9188,0.00000,0.01555
9.38,19.62,4.0423,65.6697,0.00000,0.01609
9.62,19.62,4.0453,66.9113,0.00000,0.01615
9.88,19.62,4.0295,68.7598,0.00000,0.01570
10.12,19.62,4.0323,70.8871,0.00002,0.01545
10.38,19.62,4.0386,74.0700,0.00019,0.01529
10.62,19.62,4.0097,78.5663,0.00118,0.01516
10.88,19.62,3.9969,84.7104,0.00528,0.01505
11.12,19.62,4.0221,91.8424,0.01745,0.01471
11.38,19.62,4.0685,100.9231,0.03423,0.01440
11.62,19.62,4.0816,112.7736,0.04801,0.01392
11.88,19.62,4.1062,123.4201,0.05519,0.01334
12.12,19.62,4.1431,122.7432,0.05935,0.01296
12.38,19.62,4.1430,119.6201,0.11598,0.01276
12.62,19.62,4.2771,128.2450,0.20958,0.01361
3.38,19.88,3.9051,83.1614,0.00000,0.04273
3.62,19.88,4.1619,81.0575,0.00000,0.04118
3.88,19.88,4.0623,76.8950,0.00000,0.03650
4.12,19.88,3.8664,72.9133,0.00000,0.03198
4.38,19.88,3.8193,70.0450,0.00000,0.02952
4.62,19.88,3.8506,67.5964,0.00000,0.02727
4.88,19.88,3.8642,63.9411,0.00000,0.02497
5.12,19.88,3.8514,61.3917,0.00000,0.02279
5.38,19.88,3.8647,60.2706,0.00000,0.02092
5.62,19.88,3.9089,60.2041,0.00000,0.01921
5.88,19.88,3.9286,61.3886,0.00000,0.01746
6.12,19.88,3.9404,62.8832,0.00000,0.01635
6.38,19.88,3.9601,62.8670,0.00000,0.01568
6.62,19.88,3.9902,62.5384,0.00000,0.01553
6.88,19.88,3.9834,62.4927,0.00000,0.01609
7.12,19.88,3.9737,62.8709,0.00000,0.01680
7.38,19.88,3.9867,63.4515,0.00000,0.01701
7.62,19.88,3.9947,64.2369,0.00000,0.01608
7.88,19.88,3.9893,64.7561,0.00000,0.01484
8.12,19.88,3.9943,64.8260,0.00000,0.01427
8.38,19.88,4.0032,64.3979,0.00000,0.01447
8.62,19.88,4.0057,64.3198,0.00000,0.01488
8.88,19.88,4.0188,65.1524,0.00000,0.01469
9.12,19.88,4.0293,65.6160,0.00000,0.01461
9.38,19.88,4.0244,65.7336,0.00000,0.01511
9.62,19.88,4.0300,66.0580,0.00000,0.01544
9.88,19.88,4.0447,67.4391,0.00000,0.01535
10.12,19.88,4.0422,69.0992,0.00000,0.01539
10.38,19.88,4.0342,71.3339,0.00001,0.01551
10.62,19.88,4.0336,74.3674,0.00005,0.01562
10.88,19.88,4.0280,78.4156,0.00032,0.01552
11.12,19.88,3.9883,83.4366,0.00137,0.01522
11.38,19.88,3.9896,90.1537,0.00357,0.01523
11.62,19.88,4.0409,98.7993,0.00860,0.01544
11.88,19.88,4.0651,108.4016,0.02484,0.01526
12.12,19.88,4.0842,115.7233,0.07908,0.01493
12.38,19.88,4.1645,122.5030,0.15596,0.01500
12.62,19.88,4.3929,131.7566,0.18589,0.01596
12.88,19.88,4.5647,140.1789,0.26363,0.01692
13.12,19.88,4.4101,143.1115,0.51759,0.01660
3.88,20.12,3.9072,76.0580,0.00000,0.02962
4.12,20.12,3.8658,72.3191,0.00000,0.02607
4.38,20.12,3.8924,75.0519,0.00000,0.02440
4.62,20.12,3.8666,77.0514,0.00000,0.02307
4.88,20.12,3.8502,74.5000,0.00000,0.02192
5.12,20.12,3.8757,70.8759,0.00000,0.02080
5.38,20.12,3.8639,66.6305,0.00000,0.01937
5.62,20.12,3.8624,64.0744,0.00000,0.01796
5.88,20.12,3.8892,63.8636,0.00000,0.01676
6.12,20.12,3.9341,64.4704,0.00000,0.01593
6.38,20.12,3.9389,64.2148,0.00000,0.01509
6.62,20.12,3.9508,64.1509,0.00000,0.01511
6.88,20.12,3.9741,64.3735,0.00000,0.01632
7.12,20.12,3.9881,64.6867,0.00000,0.01795
7.38,20.12,3.9895,65.0366,0.00000,0.01873
7.62,20.12,3.9928,65.8527,0.00000,0.01778
7.88,20.12,3.9942,66.2377,0.00000,0.01586
8.12,20.12,3.9990,65.9151,0.00000,0.01455
8.38,20.12,4.0112,65.4267,0.00000,0.01431
8.62,20.12,4.0155,65.4716,0.00000,0.01453
8.88,20.12,4.0128,66.1809,0.00000,0.01445
9.12,20.12,4.0182,66.4045,0.00000,0.01451
9.38,20.12,4.0277,66.5053,0.00000,0.01475
9.62,20.12,4.0308,66.6316,0.00000,0.01485
9.88,20.12,4.0286,67.2013,0.00000,0.01485
10.12,20.12,4.0386,67.8043,0.00000,0.01515
10.38,20.12,4.0503,69.1405,0.00000,0.01550
10.62,20.12,4.0318,71.2684,0.00000,0.01561
10.88,20.12,4.0130,74.1200,0.00001,0.01579
11.12,20.12,4.0075,77.7453,0.00004,0.01599
11.38,20.12,3.9871,82.3522,0.00023,0.01603
11.62,20.12,3.9620,87.9745,0.00243,0.01619
11.88,20.12,3.9897,94.4753,0.02427,0.01652
12.12,20.12,4.1041,102.4354,0.10727,0.01710
12.38,20.12,4.1609,111.1792,0.18678,0.01743
12.62,20.12,4.1563,121.4359,0.17124,0.01746
12.88,20.12,4.3142,130.9336,0.28610,0.01806
13.12,20.12,4.6490,134.8907,0.64636,0.01923
13.38,20.12,4.6951,120.7949,1.01898,0.01961
13.62,20.12,4.3697,98.8926,1.37359,0.01897
4.12,20.38,3.3110,60.8009,0.00000,0.01961
4.38,20.38,3.7285,69.7228,0.00000,0.02044
4.62,20.38,3.9381,77.1057,0.00000,0.02052
4.88,20.38,3.9508,83.1110,0.00000,0.01969
5.12,20.38,3.9053,84.7030,0.00000,0.01857
5.38,20.38,3.8573,78.2813,0.00000,0.01756
5.62,20.38,3.8776,71.7440,0.00000,0.01703
5.88,20.38,3.8707,69.0521,0.00000,0.01637
6.12,20.38,3.8799,68.0175,0.00000,0.01537
6.38,20.38,3.9125,66.8150,0.00000,0.01438
6.62,20.38,3.9479,66.3335,0.00000,0.01444
6.88,20.38,3.9514,66.6662,0.00000,0.01533
7.12,20.38,3.9614,67.1117,0.00000,0.01682
7.38,20.38,3.9895,67.1306,0.00000,0.01829
7.62,20.38,4.0023,67.5677,0.00000,0.01847
7.88,20.38,3.9980,67.8590,0.00000,0.01701
8.12,20.38,4.0045,67.3472,0.00000,0.01551
8.38,20.38,4.0095,66.4609,0.00000,0.01473
8.62,20.38,4.0110,66.1297,0.00000,0.01454
8.88,20.38,4.0225,66.8619,0.00000,0.01453
9.12,20.38,4.0289,67.4820,0.00000,0.01457
9.38,20.38,4.0178,67.8149,0.00000,0.01448
9.62,20.38,4.0176,67.7385,0.00000,0.01428
9.88,20.38,4.0301,67.8113,0.00000,0.01414
10.12,20.38,4.0320,67.8710,0.00000,0.01444
10.38,20.38,4.0265,68.2766,0.00000,0.01516
10.62,20.38,4.0256,69.3339,0.00000,0.01584
10.88,20.38,4.0173,71.4812,0.00000,0.01642
11.12,20.38,3.9885,74.2140,0.00000,0.01664
11.38,20.38,3.9724,77.0146,0.00004,0.01674
11.62,20.38,3.9777,81.0287,0.00118,0.01721
11.88,20.38,3.9705,86.3545,0.01418,0.01773
12.12,20.38,4.0060,93.0127,0.06365,0.01838
12.38,20.38,4.0636,99.8317,0.10764,0.01909
12.62,20.38,4.0707,108.8276,0.09434,0.01943
12.88,20.38,4.1417,119.0479,0.18121,0.01993
13.12,20.38,4.4201,125.8999,0.48415,0.02122
13.38,20.38,4.6780,121.8293,0.92703,0.02266
13.62,20.38,4.8501,115.1760,1.46818,0.02310
13.88,20.38,5.1727,117.1005,1.97347,0.02056
4.62,20.62,3.6361,67.1210,0.00000,0.01771
4.88,20.62,4.0464,85.0575,0.00000,0.01851
5.12,20.62,4.0980,95.2344,0.00000,0.01756
5.38,20.62,3.9638,91.8755,0.00000,0.01639
5.62,20.62,3.9134,85.8509,0.00000,0.01622
5.88,20.62,3.9096,81.4746,0.00000,0.01610
6.12,20.62,3.9098,76.7978,0.00000,0.01510
6.38,20.62,3.8843,73.0414,0.00000,0.01380
6.62,20.62,3.9036,71.0095,0.00001,0.01364
6.88,20.62,3.9448,70.1690,0.00002,0.01437
7.12,20.62,3.9562,69.6437,0.00001,0.01563
7.38,20.62,3.9572,69.3127,0.00000,0.01699
7.62,20.62,3.9756,69.6890,0.00000,0.01769
7.88,20.62,4.0004,69.7277,0.00000,0.01729
8.12,20.62,4.0084,68.8353,0.00000,0.01654
8.38,20.62,4.0039,67.7885,0.00000,0.01561
8.62,20.62,4.0116,67.2080,0.00000,0.01493
8.88,20.62,4.0199,67.4452,0.00000,0.01486
9.12,20.62,4.0220,67.8700,0.00000,0.01505
9.38,20.62,4.0218,68.5042,0.00000,0.01496
9.62,20.62,4.0209,68.6471,0.00000,0.01449
9.88,20.62,4.0187,68.4044,0.00000,0.01404
10.12,20.62,4.0246,68.1489,0.00000,0.01416
10.38,20.62,4.0294,68.4312,0.00000,0.01494
10.62,20.62,4.0203,69.1853,0.00000,0.01602
10.88,20.62,4.0129,70.3163,0.00000,0.01709
11.12,20.62,4.0017,71.8257,0.00000,0.01760
11.38,20.62,3.9760,73.6488,0.00001,0.01771
11.62,20.62,3.9600,76.8238,0.00026,0.01813
11.88,20.62,3.9666,81.0805,0.00316,0.01905
12.12,20.62,3.9674,86.4067,0.01417,0.02016
12.38,20.62,3.9442,92.5923,0.02417,0.02102
12.62,20.62,3.9399,101.1965,0.02556,0.02166
12.88,20.62,4.0190,110.6041,0.07384,0.02277
13.12,20.62,4.1826,116.9949,0.24045,0.02423
13.38,20.62,4.3871,118.1218,0.56434,0.02533
13.62,20.62,4.6563,117.1295,1.05142,0.02523
13.88,20.62,4.9740,115.2255,1.52510,0.02232
14.12,20.62,5.1787,112.0231,1.78870,0.02011
14.38,20.62,5.0375,112.7739,1.94577,0.01914
5.12,20.88,4.0361,103.0177,0.00000,0.01620
5.38,20.88,4.2910,102.4375,0.00000,0.01657
5.62,20.88,4.1896,100.2355,0.00000,0.01623
5.88,20.88,3.9630,97.7145,0.00000,0.01519
6.12,20.88,3.8969,93.0991,0.00001,0.01407
6.38,20.88,3.9233,87.7573,0.00011,0.01336
6.62,20.88,3.9344,81.4108,0.00047,0.01341
6.88,20.88,3.9076,76.8359,0.00078,0.01391
7.12,20.88,3.9000,74.3793,0.00047,0.01498
7.38,20.88,3.9426,73.1213,0.00011,0.01633
7.62,20.88,3.9650,72.6992,0.00001,0.01710
7.88,20.88,3.9720,72.3830,0.00000,0.01703
8.12,20.88,3.9914,71.2966,0.00000,0.01681
8.38,20.88,4.0057,69.9531,0.00000,0.01648
8.62,20.88,4.0085,69.0249,0.00000,0.01580
8.88,20.88,4.0129,68.7893,0.00000,0.01553
9.12,20.88,4.0234,68.5026,0.00000,0.01577
9.38,20.88,4.0170,68.5532,0.00000,0.01593
9.62,20.88,4.0117,68.8301,0.00000,0.01558
9.88,20.88,4.0216,68.9989,0.00000,0.01512
10.12,20.88,4.0255,68.7919,0.00000,0.01491
10.38,20.88,4.0214,68.7844,0.00000,0.01512
10.62,20.88,4.0239,69.5542,0.00000,0.01594
10.88,20.88,4.0249,70.5306,0.00000,0.01706
11.12,20.88,4.0055,71.1258,0.00000,0.01798
11.38,20.88,3.9883,71.6375,0.00000,0.01871
11.62,20.88,3.9740,73.6709,0.00002,0.01936
11.88,20.88,3.9568,77.1671,0.00026,0.02038
12.12,20.88,3.9428,81.9521,0.00120,0.02202
12.38,20.88,3.9380,88.0974,0.00336,0.02377
12.62,20.88,3.9361,96.5908,0.01987,0.02532
12.88,20.88,3.9866,105.4949,0.09923,0.02692
13.12,20.88,4.0966,109.5839,0.24795,0.02843
13.38,20.88,4.2639,108.6560,0.41666,0.02962
13.62,20.88,4.5000,106.5990,0.74858,0.02979
13.88,20.88,4.7561,103.2985,1.33208,0.02772
14.12,20.88,5.0731,101.4648,1.89787,0.02667
14.38,20.88,5.2334,105.5141,2.12993,0.02760
14.62,20.88,4.9645,116.9365,1.81483,0.03048
14.88,20.88,4.5665,129.0937,1.44005,0.03525
5.62,21.12,4.1161,100.7786,0.00000,0.01523
5.88,21.12,4.0040,99.6229,0.00000,0.01426
6.12,21.12,3.9855,104.2217,0.00011,0.01331
6.38,21.12,3.9320,105.2299,0.00134,0.01264
6.62,21.12,3.9230,97.9046,0.00590,0.01294
6.88,21.12,3.9527,89.3101,0.00968,0.01380
7.12,21.12,3.9136,83.2071,0.00587,0.01446
7.38,21.12,3.8918,79.7465,0.00137,0.01500
7.62,21.12,3.9166,77.7589,0.00022,0.01579
7.88,21.12,3.9546,76.5258,0.00009,0.01653
8.12,21.12,3.9631,74.9095,0.00003,0.01678
8.38,21.12,3.9652,73.3396,0.00001,0.01682
8.62,21.12,3.9849,71.9638,0.00000,0.01650
8.88,21.12,3.9980,70.7136,0.00000,0.01644
9.12,21.12,4.0051,69.6012,0.00000,0.01660
9.38,21.12,4.0087,69.0192,0.00000,0.01650
9.62,21.12,4.0109,69.0202,0.00000,0.01630
9.88,21.12,4.0153,69.4617,0.00000,0.01644
10.12,21.12,4.0206,69.7024,0.00000,0.01656
10.38,21.12,4.0178,69.7818,0.00000,0.01641
10.62,21.12,4.0149,70.2885,0.00000,0.01661
10.88,21.12,4.0204,70.8614,0.00000,0.01730
11.12,21.12,4.0100,71.3257,0.00000,0.01821
11.38,21.12,3.9917,71.6835,0.00000,0.01937
11.62,21.12,3.9751,72.6820,0.00000,0.02067
11.88,21.12,3.9694,74.8570,0.00001,0.02227
12.12,21.12,3.9502,78.9593,0.00010,0.02443
12.38,21.12,3.9192,84.6924,0.00237,0.02693
12.62,21.12,3.9231,91.6799,0.02977,0.02952
12.88,21.12,4.0153,98.7709,0.15283,0.03209
13.12,21.12,4.1157,101.3022,0.35631,0.03430
13.38,21.12,4.1913,99.0376,0.51961,0.03569
13.62,21.12,4.4227,96.3572,0.84451,0.03632
13.88,21.12,4.8277,92.6435,1.50908,0.03685
14.12,21.12,5.1517,89.2820,2.05690,0.03950
14.38,21.12,5.1079,90.2753,2.05758,0.04359
14.62,21.12,4.9270,97.3251,1.71609,0.04846
14.88,21.12,4.9821,104.2496,1.56895,0.05702
15.12,21.12,4.5272,94.4637,1.41740,0.07549
15.38,21.12,3.3954,71.9504,0.82889,0.09671
5.88,21.38,3.5153,83.5006,0.00003,0.01186
6.12,21.38,3.8995,96.9923,0.00068,0.01231
6.38,21.38,4.0294,105.6573,0.00709,0.01241
6.62,21.38,4.0427,109.6587,0.02932,0.01294
6.88,21.38,4.0291,107.8624,0.04665,0.01376
7.12,21.38,3.9458,99.9473,0.02826,0.01398
7.38,21.38,3.9179,91.7034,0.00816,0.01384
7.62,21.38,3.8989,86.4574,0.00424,0.01411
7.88,21.38,3.8948,83.4213,0.00310,0.01504
8.12,21.38,3.9223,80.3887,0.00127,0.01613
8.38,21.38,3.9393,77.7761,0.00028,0.01708
8.62,21.38,3.9400,75.6873,0.00003,0.01705
8.88,21.38,3.9556,73.6232,0.00000,0.01687
9.12,21.38,3.9849,71.8073,0.00000,0.01698
9.38,21.38,3.9908,70.3696,0.00000,0.01684
9.62,21.38,3.9920,69.7367,0.00000,0.01669
9.88,21.38,4.0049,70.2648,0.00000,0.01704
10.12,21.38,4.0158,70.8594,0.00000,0.01773
10.38,21.38,4.0061,70.8690,0.00000,0.01811
10.62,21.38,3.9957,71.1347,0.00000,0.01827
10.88,21.38,3.9998,71.5102,0.00000,0.01862
11.12,21.38,3.9946,71.9777,0.00000,0.01931
11.38,21.38,3.9855,72.5758,0.00000,0.02053
11.62,21.38,3.9723,73.4615,0.00000,0.02234
11.88,21.38,3.9579,74.8815,0.00000,0.02477
12.12,21.38,3.9458,77.6574,0.00005,0.02792
12.38,21.38,3.9339,81.7721,0.00160,0.03160
12.62,21.38,3.9061,86.8332,0.02040,0.03516
12.88,21.38,3.9347,92.6934,0.10461,0.03866
13.12,21.38,4.0019,95.5793,0.25510,0.04239
13.38,21.38,4.0849,94.0767,0.45822,0.04552
13.62,21.38,4.3574,91.4229,0.91072,0.04725
13.88,21.38,4.7586,87.3148,1.59508,0.04907
14.12,21.38,4.9911,81.9396,2.00054,0.05545
14.38,21.38,4.8382,78.0664,1.89302,0.06667
14.62,21.38,4.6136,78.6286,1.69332,0.07515
14.88,21.38,4.6249,81.2226,1.62417,0.08442
15.12,21.38,4.1919,77.8815,1.19165,0.11300
15.38,21.38,3.5219,71.5475,0.51872,0.15198
15.62,21.38,3.3476,80.0172,0.14116,0.17654
6.38,21.62,3.7579,90.4064,0.01955,0.01146
6.62,21.62,4.2032,112.6409,0.06932,0.01339
6.88,21.62,4.2955,125.5020,0.09884,0.01439
7.12,21.62,4.0872,121.8140,0.06042,0.01395
7.38,21.62,3.9635,112.2631,0.03660,0.01330
7.62,21.62,3.9534,103.2840,0.04774,0.01364
7.88,21.62,3.9456,94.5779,0.04080,0.01490
8.12,21.62,3.8991,87.7301,0.01947,0.01571
8.38,21.62,3.8870,83.8913,0.00571,0.01655
8.62,21.62,3.9184,80.9481,0.00101,0.01709
8.88,21.62,3.9240,77.7789,0.00012,0.01697
9.12,21.62,3.9314,75.3935,0.00001,0.01673
9.38,21.62,3.9605,73.5116,0.00000,0.01665
9.62,21.62,3.9936,72.1903,0.00000,0.01701
9.88,21.62,3.9967,71.9928,0.00000,0.01744
10.12,21.62,3.9972,72.3853,0.00000,0.01816
10.38,21.62,3.9989,72.3989,0.00000,0.01896
10.62,21.62,3.9843,72.4775,0.00000,0.01958
10.88,21.62,3.9754,72.6530,0.00000,0.02019
11.12,21.62,3.9766,73.1214,0.00000,0.02101
11.38,21.62,3.9724,73.8616,0.00000,0.02247
11.62,21.62,3.9579,74.7965,0.00000,0.02485
11.88,21.62,3.9464,76.0076,0.00000,0.02829
12.12,21.62,3.9379,78.0363,0.00004,0.03255
12.38,21.62,3.9292,80.7133,0.00122,0.03741
12.62,21.62,3.9152,83.6547,0.01511,0.04281
12.88,21.62,3.9444,87.9368,0.07271,0.04901
13.12,21.62,3.9652,91.2985,0.16607,0.05562
13.38,21.62,4.0213,91.5225,0.33243,0.06164
13.62,21.62,4.2611,90.4562,0.75010,0.06769
13.88,21.62,4.4916,87.3483,1.32493,0.07500
14.12,21.62,4.6228,80.5972,1.66820,0.08854
14.38,21.62,4.5390,72.2733,1.55933,0.11175
14.62,21.62,4.3448,67.3927,1.37434,0.12591
14.88,21.62,4.2578,66.2208,1.32630,0.12943
15.12,21.62,3.9189,65.7021,0.88700,0.15533
15.38,21.62,3.5015,66.5499,0.32783,0.19304
15.62,21.62,3.5069,76.3079,0.11935,0.21344
15.88,21.62,3.6124,87.4038,0.14582,0.21678
16.12,21.62,3.5802,95.9619,0.22906,0.20638
6.88,21.88,4.2962,138.1473,0.11959,0.01427
7.12,21.88,4.4457,136.6399,0.08636,0.01511
7.38,21.88,4.3112,130.5947,0.13639,0.01474
7.62,21.88,4.1386,122.4971,0.23150,0.01480
7.88,21.88,4.0674,109.9454,0.22249,0.01594
8.12,21.88,4.0178,98.2900,0.13706,0.01625
8.38,21.88,3.9383,92.1327,0.05576,0.01625
8.62,21.88,3.9008,88.2284,0.01427,0.01631
8.88,21.88,3.9033,84.2410,0.00286,0.01629
9.12,21.88,3.9320,81.1745,0.00047,0.01650
9.38,21.88,3.9411,78.4381,0.00004,0.01676
9.62,21.88,3.9604,76.2869,0.00000,0.01738
9.88,21.88,3.9858,75.1894,0.00000,0.01786
10.12,21.88,3.9961,74.6229,0.00000,0.01860
10.38,21.88,3.9837,73.9385,0.00000,0.01952
10.62,21.88,3.9708,73.9504,0.00000,0.02036
10.88,21.88,3.9739,74.2602,0.00000,0.02118
11.12,21.88,3.9778,74.5118,0.00000,0.02252
11.38,21.88,3.9643,75.0125,0.00000,0.02483
11.62,21.88,3.9413,76.0548,0.00000,0.02802
11.88,21.88,3.9267,77.1811,0.00000,0.03225
12.12,21.88,3.9197,78.3970,0.00005,0.03761
12.38,21.88,3.9064,80.2470,0.00152,0.04386
12.62,21.88,3.8894,82.2656,0.01863,0.05146
12.88,21.88,3.9251,84.8705,0.08635,0.06152
13.12,21.88,3.9387,87.2273,0.17819,0.07309
13.38,21.88,3.9558,88.0893,0.30053,0.08434
13.62,21.88,4.1023,87.9812,0.58535,0.09925
13.88,21.88,4.1975,85.1249,0.93857,0.12058
14.12,21.88,4.2231,76.8440,1.10392,0.14580
14.38,21.88,4.0930,67.3177,0.89105,0.16583
14.62,21.88,3.8181,60.3217,0.65131,0.16515
14.88,21.88,3.6268,55.9496,0.61067,0.15676
15.12,21.88,3.5647,56.2107,0.41526,0.18298
15.38,21.88,3.3753,59.3815,0.16301,0.21319
15.62,21.88,3.2445,68.8125,0.11649,0.21512
15.88,21.88,3.3093,74.8167,0.18794,0.23066
16.12,21.88,3.5745,77.5939,0.26592,0.24926
16.38,21.88,4.1341,86.4606,0.43045,0.21218
7.38,22.12,4.3575,129.6535,0.30293,0.01555
7.62,22.12,4.3169,123.0229,0.50723,0.01537
7.88,22.12,4.3194,119.4638,0.57257,0.01610
8.12,22.12,4.2438,113.3087,0.47770,0.01648
8.38,22.12,4.0905,105.5569,0.26805,0.01648
8.62,22.12,4.0096,98.0455,0.10379,0.01613
8.88,22.12,3.9321,92.5940,0.03264,0.01553
9.12,22.12,3.8956,89.0299,0.00721,0.01567
9.38,22.12,3.9117,85.2115,0.00089,0.01667
9.62,22.12,3.9550,81.6189,0.00005,0.01808
9.88,22.12,3.9685,79.5484,0.00000,0.01878
10.12,22.12,3.9679,78.6973,0.00000,0.01927
10.38,22.12,3.9710,77.5488,0.00000,0.02016
10.62,22.12,3.9738,76.7858,0.00000,0.02122
10.88,22.12,3.9670,76.5141,0.00000,0.02214
11.12,22.12,3.9656,76.5201,0.00000,0.02394
11.38,22.12,3.9579,76.6199,0.00000,0.02709
11.62,22.12,3.9302,76.7930,0.00000,0.03121
11.88,22.12,3.9063,77.2846,0.00000,0.03637
12.12,22.12,3.8903,78.2048,0.00003,0.04289
12.38,22.12,3.8755,79.8032,0.00091,0.05148
12.62,22.12,3.8663,81.4454,0.01116,0.06319
12.88,22.12,3.8761,82.9753,0.05265,0.07947
13.12,22.12,3.8355,83.9198,0.11978,0.09948
13.38,22.12,3.8145,83.7839,0.24217,0.12249
13.62,22.12,3.8951,82.3940,0.45903,0.15398
13.88,22.12,3.8998,78.1253,0.59528,0.19768
14.12,22.12,3.7390,69.2421,0.52890,0.22343
14.38,22.12,3.2555,60.7776,0.30855,0.18307
14.62,22.12,2.4510,50.2418,0.15370,0.12241
14.88,22.12,2.0068,42.3336,0.12466,0.10190
15.12,22.12,2.4076,46.6918,0.08634,0.15187
15.38,22.12,3.0107,54.2486,0.04229,0.22700
15.62,22.12,3.1330,62.9157,0.06172,0.25796
15.88,22.12,3.1887,68.3835,0.11164,0.27700
16.12,22.12,3.4529,72.0104,0.15659,0.27908
16.38,22.12,3.6032,82.8922,0.25458,0.22126
7.62,22.38,3.8508,104.5062,0.63175,0.01324
7.88,22.38,4.3316,122.6230,0.84764,0.01498
8.12,22.38,4.5069,131.9427,0.88698,0.01616
8.38,22.38,4.3584,124.1251,0.67394,0.01628
8.62,22.38,4.1900,111.4655,0.39393,0.01577
8.88,22.38,4.0369,103.0308,0.17792,0.01508
9.12,22.38,3.9505,97.1175,0.05256,0.01508
9.38,22.38,3.8955,92.3675,0.00834,0.01592
9.62,22.38,3.9147,88.6891,0.00074,0.01743
9.88,22.38,3.9476,86.1427,0.00020,0.01877
10.12,22.38,3.9562,84.8760,0.00010,0.01949
10.38,22.38,3.9429,83.6592,0.00007,0.02021
10.62,22.38,3.9373,82.4670,0.00008,0.02146
10.88,22.38,3.9458,81.1277,0.00006,0.02306
11.12,22.38,3.9507,79.8302,0.00005,0.02551
11.38,22.38,3.9434,79.0232,0.00007,0.02925
11.62,22.38,3.9232,78.1517,0.00004,0.03435
11.88,22.38,3.9006,77.5005,0.00001,0.04092
12.12,22.38,3.8783,77.7765,0.00001,0.04931
12.38,22.38,3.8550,79.1164,0.00021,0.06158
12.62,22.38,3.8350,80.4277,0.00275,0.08000
12.88,22.38,3.8246,80.5741,0.01632,0.10714
13.12,22.38,3.7722,79.3404,0.06499,0.14276
13.38,22.38,3.7616,77.8322,0.20214,0.18746
13.62,22.38,3.7764,75.3933,0.35669,0.24621
13.88,22.38,3.7351,70.0295,0.32653,0.32512
14.12,22.38,3.4184,61.0134,0.17867,0.34946
14.38,22.38,2.4714,51.2739,0.06457,0.22165
14.62,22.38,1.2571,34.0946,0.01839,0.08497
14.88,22.38,0.7531,23.0070,0.01039,0.04794
15.12,22.38,1.4067,31.5857,0.00833,0.11087
15.38,22.38,2.5514,45.8468,0.01316,0.24668
15.62,22.38,3.1013,56.3683,0.03665,0.36178
15.88,22.38,3.3030,69.3604,0.05856,0.38264
16.12,22.38,3.4129,81.9902,0.06268,0.31603
8.12,22.62,4.3307,150.9437,1.05410,0.01487
8.38,22.62,4.6935,137.4807,1.04851,0.01637
8.62,22.62,4.5932,122.4447,0.82491,0.01595
8.88,22.62,4.2621,114.3364,0.48995,0.01490
9.12,22.62,4.0526,106.9231,0.18198,0.01478
9.38,22.62,3.9596,101.0091,0.03501,0.01538
9.62,22.62,3.9616,97.1377,0.00761,0.01634
9.88,22.62,3.9317,94.4849,0.00608,0.01736
10.12,22.62,3.9032,93.0631,0.00347,0.01830
10.38,22.62,3.9322,91.7844,0.00228,0.01973
10.62,22.62,3.9379,90.0265,0.00272,0.02164
10.88,22.62,3.9153,87.7694,0.00193,0.02371
11.12,22.62,3.9163,84.9278,0.00173,0.02645
11.38,22.62,3.9263,82.3096,0.00227,0.03076
11.62,22.62,3.9196,80.1748,0.00142,0.03700
11.88,22.62,3.8946,78.8952,0.00038,0.04520
12.12,22.62,3.8660,78.6805,0.00006,0.05610
12.38,22.62,3.8424,79.1941,0.00008,0.07238
12.62,22.62,3.8155,79.4811,0.00125,0.09819
12.88,22.62,3.7844,78.2497,0.01454,0.13783
13.12,22.62,3.7252,75.1382,0.08397,0.19371
13.38,22.62,3.7372,71.7339,0.23650,0.27086
13.62,22.62,3.6738,67.7061,0.31753,0.36844
13.88,22.62,3.5608,61.2431,0.19478,0.48741
14.12,22.62,3.2236,51.6231,0.05724,0.53726
14.38,22.62,2.2066,40.3988,0.00984,0.38609
14.62,22.62,0.9791,21.5827,0.00134,0.19002
14.88,22.62,0.4984,10.7448,0.00156,0.11264
15.12,22.62,1.1310,19.8569,0.01584,0.18672
15.38,22.62,2.3558,38.1216,0.08084,0.37647
15.62,22.62,3.1345,56.1324,0.18435,0.52311
15.88,22.62,3.3482,80.6257,0.21584,0.49145
16.12,22.62,3.1269,102.5945,0.15294,0.34655
8.62,22.88,4.8143,127.4655,1.12252,0.01573
8.88,22.88,4.7104,122.5803,0.75806,0.01577
9.12,22.88,4.3410,118.2096,0.29809,0.01551
9.38,22.88,4.0014,113.4611,0.07915,0.01517
9.62,22.88,3.9711,107.9350,0.06687,0.01543
9.88,22.88,4.0305,103.6916,0.07388,0.01640
10.12,22.88,3.9669,101.9780,0.04352,0.01747
10.38,22.88,3.9095,100.9595,0.02951,0.01900
10.62,22.88,3.9107,98.4314,0.03494,0.02119
10.88,22.88,3.9152,94.5581,0.02541,0.02380
11.12,22.88,3.9154,90.3893,0.02261,0.02692
11.38,22.88,3.9027,86.3349,0.02937,0.03139
11.62,22.88,3.8916,83.0790,0.01977,0.03820
11.88,22.88,3.8776,81.2932,0.00651,0.04787
12.12,22.88,3.8561,80.8242,0.00165,0.06155
12.38,22.88,3.8376,80.8293,0.00151,0.08138
12.62,22.88,3.8038,80.0715,0.00438,0.11147
12.88,22.88,3.7582,77.5387,0.02345,0.15935
13.12,22.88,3.7004,73.1913,0.11328,0.23665
13.38,22.88,3.7236,67.6800,0.27648,0.35671
13.62,22.88,3.6129,61.0390,0.31989,0.50732
13.88,22.88,3.3791,52.5524,0.16515,0.67396
14.12,22.88,3.0900,41.3963,0.03538,0.81148
14.38,22.88,2.4829,29.6691,0.00310,0.79482
14.62,22.88,1.5380,15.5809,0.00035,0.62524
14.88,22.88,1.0218,8.6410,0.00765,0.50308
15.12,22.88,1.5593,15.8466,0.09462,0.60593
15.38,22.88,2.8084,35.6569,0.44435,0.77860
15.62,22.88,3.5664,60.6942,0.85401,0.74513
15.88,22.88,3.3890,85.5428,0.82210,0.53900
9.12,23.12,4.3520,133.6132,0.26009,0.01554
9.38,23.12,4.0799,133.3929,0.16771,0.01521
9.62,23.12,4.1825,124.1363,0.30010,0.01547
9.88,23.12,4.2584,115.6589,0.34277,0.01625
10.12,23.12,4.1080,111.9097,0.21178,0.01723
10.38,23.12,4.0242,109.3437,0.15618,0.01898
10.62,23.12,3.9959,105.7932,0.18131,0.02099
10.88,23.12,3.9389,101.1563,0.13820,0.02327
11.12,23.12,3.9416,95.9790,0.12157,0.02676
11.38,23.12,3.9781,90.2336,0.15478,0.03164
11.62,23.12,3.9489,86.3174,0.12055,0.03846
11.88,23.12,3.8771,84.7348,0.05485,0.04836
12.12,23.12,3.8260,83.9927,0.02113,0.06300
12.38,23.12,3.8313,83.2269,0.02122,0.08532
12.62,23.12,3.8190,81.6631,0.03872,0.11809
12.88,23.12,3.7388,78.3134,0.05109,0.17126
13.12,23.12,3.6435,73.0919,0.08454,0.26519
13.38,23.12,3.6034,65.5077,0.16254,0.41635
13.62,23.12,3.4680,55.8409,0.17938,0.61565
13.88,23.12,3.2445,45.1170,0.09022,0.84423
14.12,23.12,3.0354,33.9162,0.01864,1.09246
14.38,23.12,2.8315,23.4238,0.00149,1.29718
14.62,23.12,2.4023,14.5372,0.00074,1.33269
14.88,23.12,2.0768,11.4813,0.02300,1.30491
15.12,23.12,2.5505,19.4860,0.28228,1.38590
15.38,23.12,3.8925,48.9476,1.31537,1.29084
15.62,23.12,4.8136,84.5442,2.52219,0.89113
15.88,23.12,4.1278,94.2169,2.37257,0.49289
9.38,23.38,3.7631,158.4157,0.32980,0.01361
9.62,23.38,4.3860,141.1587,0.62353,0.01555
9.88,23.38,4.5845,128.7197,0.66400,0.01672
10.12,23.38,4.2931,123.1266,0.45039,0.01707
10.38,23.38,4.1405,118.0050,0.39713,0.01849
10.62,23.38,4.1494,112.2058,0.44719,0.02068
10.88,23.38,4.0801,106.2810,0.36120,0.02263
11.12,23.38,3.9825,101.1728,0.30757,0.02529
11.38,23.38,4.0267,94.7803,0.38112,0.02989
11.62,23.38,4.0715,90.1049,0.36924,0.03704
11.88,23.38,4.0054,88.8535,0.23832,0.04759
12.12,23.38,3.8752,87.9058,0.13274,0.06190
12.38,23.38,3.8495,86.4679,0.13893,0.08339
12.62,23.38,3.8746,83.9456,0.21124,0.11639
12.88,23.38,3.7935,79.8373,0.19964,0.17050
13.12,23.38,3.6268,73.7135,0.10400,0.26648
13.38,23.38,3.4933,63.5972,0.05272,0.42286
13.62,23.38,3.3367,50.6689,0.04089,0.64610
13.88,23.38,3.1443,37.9523,0.01990,0.93096
14.12,23.38,2.9734,28.6480,0.00409,1.25742
14.38,23.38,2.8747,21.4374,0.00033,1.58414
14.62,23.38,2.7898,15.8339,0.00096,1.81894
14.88,23.38,2.7386,14.4186,0.03127,1.98801
15.12,23.38,3.0584,24.3773,0.38797,2.03237
15.38,23.38,4.3493,64.7328,1.93065,1.64583
15.62,23.38,6.1358,122.8879,4.33123,0.99693
9.88,23.62,4.3813,138.8995,0.67107,0.01574
10.12,23.62,4.5174,133.1792,0.56700,0.01719
10.38,23.62,4.4468,126.7238,0.64880,0.01816
10.62,23.62,4.3085,118.7625,0.71417,0.01929
10.88,23.62,4.1236,111.2743,0.58241,0.02079
11.12,23.62,3.9772,106.8462,0.45859,0.02316
11.38,23.62,4.0542,101.0102,0.54881,0.02722
11.62,23.62,4.1478,95.5130,0.64117,0.03344
11.88,23.62,4.1299,93.5050,0.55345,0.04369
12.12,23.62,4.0232,91.4261,0.42642,0.05850
12.38,23.62,4.0405,89.3569,0.45935,0.07962
12.62,23.62,4.0908,85.9622,0.58115,0.10943
12.88,23.62,3.9593,81.2723,0.46391,0.15241
13.12,23.62,3.6741,73.6325,0.18870,0.22784
13.38,23.62,3.4355,62.2203,0.03739,0.35194
13.62,23.62,3.1070,48.3828,0.00585,0.53145
13.88,23.62,2.7830,34.0187,0.00170,0.81221
14.12,23.62,2.7068,25.2493,0.00034,1.24234
14.38,23.62,2.7795,19.6554,0.00007,1.70479
14.62,23.62,2.7490,16.0322,0.00091,1.98317
14.88,23.62,2.6414,15.4909,0.01907,2.16728
15.12,23.62,2.6955,22.1497,0.22733,2.26421
15.38,23.62,3.4598,51.0538,1.26638,2.01419
10.38,23.88,4.4403,124.5385,0.84097,0.01688
10.62,23.88,4.4811,115.1035,0.92667,0.01807
10.88,23.88,4.2863,113.0889,0.77017,0.01922
11.12,23.88,3.9366,113.1937,0.54682,0.02078
11.38,23.88,3.9358,108.8266,0.57086,0.02471
11.62,23.88,4.1220,102.9887,0.70948,0.03147
11.88,23.88,4.2302,99.1392,0.74799,0.04091
12.12,23.88,4.1645,95.8560,0.73335,0.05232
12.38,23.88,4.2183,92.9527,0.85610,0.06911
12.62,23.88,4.3048,87.3327,1.00618,0.09305
12.88,23.88,4.1037,81.1505,0.72259,0.12329
13.12,23.88,3.6722,72.9228,0.26416,0.16708
13.38,23.88,3.0706,61.9444,0.04555,0.21501
13.62,23.88,2.1663,45.4599,0.00344,0.27079
13.88,23.88,1.5691,28.6183,0.00015,0.43025
14.12,23.88,1.7114,21.6876,0.00006,0.86146
14.38,23.88,2.3170,18.2207,0.00080,1.54303
14.62,23.88,2.6846,16.3309,0.00618,2.06665
14.88,23.88,2.5506,19.6415,0.02530,2.25482
15.12,23.88,2.3335,25.4962,0.08817,2.33697
15.38,23.88,2.4730,33.4824,0.37666,2.36562
10.62,24.12,4.1342,95.5557,1.00555,0.01541
10.88,24.12,4.3446,106.5448,0.94626,0.01760
11.12,24.12,4.0767,114.2919,0.65364,0.01985
11.38,24.12,4.0150,113.6135,0.55817,0.02459
11.62,24.12,4.0994,110.2937,0.68008,0.03174
11.88,24.12,4.1763,107.0434,0.74764,0.03975
12.12,24.12,4.1994,102.5725,0.82974,0.04667
12.38,24.12,4.3320,96.2728,1.13565,0.05653
12.62,24.12,4.5314,87.1578,1.40705,0.07373
12.88,24.12,4.3781,79.2789,1.04987,0.09748
13.12,24.12,3.7181,72.4039,0.40613,0.11749
13.38,24.12,2.5154,60.3596,0.07456,0.10543
13.62,24.12,1.1916,36.5499,0.00603,0.08200
13.88,24.12,0.5453,18.4613,0.00023,0.12773
14.12,24.12,0.7595,16.4623,0.00053,0.41782
14.38,24.12,1.7022,18.1053,0.00732,1.15252
14.62,24.12,2.6236,22.0512,0.04408,1.95474
14.88,24.12,2.6474,40.0473,0.12915,2.20243
15.12,24.12,2.2890,63.4931,0.21200,2.18511
11.12,24.38,4.0653,111.0345,0.77230,0.01905
11.38,24.38,4.3094,115.0100,0.67976,0.02594
11.62,24.38,4.3461,116.5870,0.84403,0.03226
11.88,24.38,4.3131,114.4705,0.88160,0.03784
12.12,24.38,4.2977,106.6461,0.93739,0.04202
12.38,24.38,4.3829,95.3687,1.35084,0.04633
12.62,24.38,4.6315,83.8621,1.79644,0.05680
12.88,24.38,4.5197,75.5964,1.52544,0.07650
13.12,24.38,3.7879,70.7131,0.70236,0.09448
13.38,24.38,2.4671,58.3286,0.16113,0.07908
13.62,24.38,1.1436,31.7477,0.01880,0.04980
13.88,24.38,0.5432,17.8199,0.00130,0.05928
14.12,24.38,0.6989,22.5470,0.00228,0.23563
14.38,24.38,1.6644,26.9543,0.02878,0.83594
14.62,24.38,2.7314,35.5141,0.15015,1.52725
14.88,24.38,2.6338,68.0012,0.37189,1.63843
15.12,24.38,2.1174,119.5396,0.55766,1.55009
11.62,24.62,4.4536,122.1400,1.12632,0.02979
11.88,24.62,4.7474,117.8814,1.15134,0.03712
12.12,24.62,4.6450,106.7268,1.10391,0.04131
12.38,24.62,4.4782,94.3272,1.46175,0.04193
12.62,24.62,4.6774,84.1131,2.03692,0.04788
12.88,24.62,4.6255,76.6281,2.00510,0.06612
13.12,24.62,4.0094,69.9704,1.14209,0.09966
13.38,24.62,3.1124,56.6781,0.35964,0.12104
13.62,24.62,2.1850,36.0021,0.06606,0.12325
13.88,24.62,1.7072,30.1275,0.00726,0.14247
14.12,24.62,1.7169,38.8004,0.00402,0.26605
14.38,24.62,2.2901,42.3562,0.04525,0.66902
14.62,24.62,2.9889,49.0859,0.22540,1.05523
14.88,24.62,2.6403,72.7875,0.53385,0.98296
12.12,24.88,4.5212,101.2299,1.11171,0.03780
12.38,24.88,4.5110,91.6496,1.51507,0.04228
12.62,24.88,4.8078,91.3928,2.07895,0.05403
12.88,24.88,4.6763,88.9085,2.09374,0.07869
13.12,24.88,4.1086,77.3782,1.34807,0.12659
13.38,24.88,3.5920,61.4478,0.55603,0.17464
13.62,24.88,3.2019,48.2668,0.14891,0.20734
13.88,24.88,3.0185,45.4816,0.02260,0.24970
14.12,24.88,2.9270,48.3636,0.00376,0.34752
14.38,24.88,2.9144,52.3449,0.02769,0.56445
14.62,24.88,2.9196,60.0389,0.14386,0.70333
14.88,24.88,2.3670,64.3089,0.36623,0.57372
12.38,25.12,4.1234,84.3933,1.54137,0.04148
12.62,25.12,4.6831,103.1893,2.03549,0.06403
12.88,25.12,4.4371,107.9440,1.79527,0.10188
13.12,25.12,3.9266,90.6260,1.07637,0.15817
13.38,25.12,3.5227,70.9948,0.50376,0.19911
13.62,25.12,3.1759,61.1072,0.17443,0.21352
13.88,25.12,3.0146,59.1224,0.03199,0.24527
14.12,25.12,3.1004,56.8478,0.00299,0.33736
14.38,25.12,3.2102,63.7020,0.00677,0.46081
14.62,25.12,2.8843,77.0491,0.04097,0.48198
12.88,25.38,3.7654,123.6270,1.31067,0.10926
13.12,25.38,3.5922,98.6975,0.63338,0.17340
13.38,25.38,3.4543,77.5646,0.26565,0.21236
13.62,25.38,3.1698,67.7229,0.09662,0.21464
13.88,25.38,2.9103,65.1803,0.01872,0.22842
14.12,25.38,3.0920,69.3060,0.00159,0.28770
14.38,25.38,3.4384,85.6868,0.00070,0.34596
13.38,25.62,3.2389,85.5205,0.09050,0.19635
13.62,25.62,3.3171,71.2252,0.02641,0.21957
13.88,25.62,3.1708,62.5284,0.00463,0.24151
14.12,25.62,3.3026,75.1333,0.00038,0.26366
14.38,25.62,3.3294,107.1335,0.00004,0.25565
13.88,25.88,3.0119,56.5054,0.00054,0.18694
14.12,25.88,3.2523,67.3214,0.00004,0.18856
14.12,26.12,2.4227,45.6124,0.00000,0.08747
