x,y,rho,contact,casualty,pressure
2.62,0.12,0.3098,0.0070,0.00000,0.17338
2.88,0.12,0.5716,0.0118,0.00000,0.31791
3.12,0.12,0.7416,0.0152,0.00000,0.41004
3.38,0.12,0.7556,0.0180,0.00000,0.42086
3.62,0.12,0.8475,0.0228,0.00000,0.46626
3.88,0.12,0.9906,0.0288,0.00000,0.50142
4.12,0.12,1.0155,0.0312,0.00000,0.45652
4.38,0.12,1.0435,0.0285,0.00000,0.41416
4.62,0.12,1.1468,0.0196,0.00000,0.40504
4.88,0.12,1.1834,0.0153,0.00000,0.38307
5.12,0.12,1.1702,0.0175,0.00000,0.36029
5.38,0.12,1.2093,0.0192,0.00000,0.36623
5.62,0.12,1.2577,0.0215,0.00000,0.37759
5.88,0.12,1.2483,0.0249,0.00000,0.36879
6.12,0.12,1.2777,0.0299,0.00000,0.36664
6.38,0.12,1.3010,0.0502,0.00000,0.38015
6.62,0.12,1.2226,0.2855,0.00000,0.38032
6.88,0.12,1.2013,2.8504,0.00000,0.42023
7.12,0.12,1.0150,13.3325,0.00000,0.41478
7.38,0.12,0.6110,29.5477,0.00000,0.28388
2.62,0.38,0.6149,0.0114,0.00000,0.34327
2.88,0.38,1.1602,0.0223,0.00000,0.64632
3.12,0.38,1.4994,0.0372,0.00000,0.83676
3.38,0.38,1.4114,0.0508,0.00000,0.79961
3.62,0.38,1.4290,0.0578,0.00000,0.80654
3.88,0.38,1.5998,0.0646,0.00000,0.84796
4.12,0.38,1.5742,0.0709,0.00000,0.76079
4.38,0.38,1.5265,0.0658,0.00000,0.65424
4.62,0.38,1.6148,0.0461,0.00000,0.61750
4.88,0.38,1.6398,0.0353,0.00000,0.58406
5.12,0.38,1.6031,0.0351,0.00000,0.54137
5.38,0.38,1.6400,0.0382,0.00000,0.53353
5.62,0.38,1.6833,0.0454,0.00000,0.53700
5.88,0.38,1.6474,0.0534,0.00000,0.51344
6.12,0.38,1.6817,0.0625,0.00000,0.50757
6.38,0.38,1.7081,0.0954,0.00000,0.53038
6.62,0.38,1.5982,0.3060,0.00000,0.52989
6.88,0.38,1.6986,2.4300,0.00000,0.61376
7.12,0.38,1.6223,11.1651,0.00000,0.65669
7.38,0.38,1.0591,24.6989,0.00000,0.47339
2.62,0.62,0.8041,0.0101,0.00000,0.41591
2.88,0.62,1.5416,0.0253,0.00000,0.80620
3.12,0.62,1.9842,0.0552,0.00000,1.05570
3.38,0.62,1.7736,0.0851,0.00000,0.96031
3.62,0.62,1.6974,0.0917,0.00000,0.89714
3.88,0.62,1.8851,0.0931,0.00000,0.93546
4.12,0.62,1.8532,0.1030,0.00000,0.85592
4.38,0.62,1.7674,0.0989,0.00000,0.73421
4.62,0.62,1.8214,0.0753,0.00000,0.68303
4.88,0.62,1.8359,0.0587,0.00000,0.64501
5.12,0.62,1.8067,0.0481,0.00000,0.58697
5.38,0.62,1.8255,0.0491,0.00000,0.55564
5.62,0.62,1.8489,0.0613,0.00000,0.54669
5.88,0.62,1.8136,0.0733,0.00000,0.52277
6.12,0.62,1.8449,0.0841,0.00000,0.52112
6.38,0.62,1.8585,0.1179,0.00000,0.54830
6.62,0.62,1.6688,0.2996,0.00000,0.53735
6.88,0.62,1.8429,2.0727,0.00000,0.61962
7.12,0.62,1.9843,9.3990,0.00000,0.69109
7.38,0.62,1.3985,20.7574,0.00000,0.51378
2.62,0.88,0.8368,0.0051,0.00000,0.32639
2.88,0.88,1.5275,0.0174,0.00000,0.63280
3.12,0.88,1.8781,0.0467,0.00000,0.83063
3.38,0.88,1.6896,0.0786,0.00000,0.76110
3.62,0.88,1.6841,0.0864,0.00000,0.71370
3.88,0.88,1.8409,0.0856,0.00000,0.74515
4.12,0.88,1.8214,0.0931,0.00000,0.70347
4.38,0.88,1.8018,0.0933,0.00000,0.63394
4.62,0.88,1.8424,0.0798,0.00000,0.59258
4.88,0.88,1.8458,0.0644,0.00000,0.55019
5.12,0.88,1.8628,0.0442,0.00000,0.49900
5.38,0.88,1.8645,0.0396,0.00000,0.46074
5.62,0.88,1.8777,0.0505,0.00000,0.44455
5.88,0.88,1.8980,0.0639,0.00000,0.43458
6.12,0.88,1.9264,0.0756,0.00000,0.43631
6.38,0.88,1.9638,0.0927,0.00000,0.45760
6.62,0.88,1.7116,0.2499,0.00000,0.43242
6.88,0.88,1.8255,1.8834,0.00000,0.47251
7.12,0.88,2.1096,8.5766,0.00000,0.53635
7.38,0.88,1.5684,18.9378,0.00000,0.40598
2.62,1.12,1.0208,0.0030,0.00000,0.23575
2.88,1.12,1.6672,0.0118,0.00000,0.42902
3.12,1.12,1.8414,0.0303,0.00000,0.54096
3.38,1.12,1.7200,0.0493,0.00000,0.52461
3.62,1.12,1.8762,0.0591,0.00000,0.54028
3.88,1.12,1.9577,0.0612,0.00000,0.56811
4.12,1.12,1.9141,0.0603,0.00000,0.54835
4.38,1.12,1.9755,0.0597,0.00000,0.52411
4.62,1.12,2.0096,0.0549,0.00000,0.49555
4.88,1.12,1.9965,0.0439,0.00000,0.45663
5.12,1.12,2.0528,0.0271,0.00000,0.42463
5.38,1.12,2.0488,0.0204,0.00000,0.39360
5.62,1.12,2.0648,0.0270,0.00000,0.37589
5.88,1.12,2.1244,0.0411,0.00000,0.37334
6.12,1.12,2.0785,0.0528,0.00000,0.36228
6.38,1.12,2.1395,0.0634,0.00000,0.36897
6.62,1.12,1.9489,0.2354,0.00000,0.34325
6.88,1.12,2.0264,1.9180,0.00000,0.35607
7.12,1.12,2.3535,8.6641,0.00000,0.40271
7.38,1.12,1.7803,19.1002,0.00000,0.30506
2.62,1.38,1.3213,0.0042,0.00000,0.19275
2.88,1.38,1.9770,0.0149,0.00000,0.32097
3.12,1.38,1.9538,0.0280,0.00000,0.37277
3.38,1.38,1.8329,0.0331,0.00000,0.37582
3.62,1.38,2.1080,0.0395,0.00000,0.42414
3.88,1.38,2.1185,0.0427,0.00000,0.44889
4.12,1.38,2.0518,0.0355,0.00000,0.43777
4.38,1.38,2.1230,0.0306,0.00000,0.42903
4.62,1.38,2.1334,0.0299,0.00000,0.40873
4.88,1.38,2.1266,0.0253,0.00000,0.38066
5.12,1.38,2.1938,0.0164,0.00000,0.36333
5.38,1.38,2.2016,0.0111,0.00000,0.34479
5.62,1.38,2.2275,0.0135,0.00000,0.32896
5.88,1.38,2.3022,0.0224,0.00000,0.32418
6.12,1.38,2.1368,0.0285,0.00000,0.29596
6.38,1.38,2.1815,0.0439,0.00000,0.28756
6.62,1.38,2.1499,0.2613,0.00000,0.27311
6.88,1.38,2.2303,2.2224,0.00000,0.27753
7.12,1.38,2.5246,9.9789,0.00000,0.30795
7.38,1.38,1.9091,21.9724,0.00000,0.23182
2.62,1.62,1.5487,0.0069,0.00000,0.18007
2.88,1.62,2.1672,0.0227,0.00000,0.27553
3.12,1.62,1.9431,0.0370,0.00000,0.28759
3.38,1.62,1.8442,0.0302,0.00000,0.28844
3.62,1.62,2.2291,0.0255,0.00000,0.33961
3.88,1.62,2.2082,0.0275,0.00000,0.35167
4.12,1.62,2.1609,0.0235,0.00000,0.34292
4.38,1.62,2.1863,0.0183,0.00000,0.34063
4.62,1.62,2.1787,0.0207,0.00000,0.33322
4.88,1.62,2.2091,0.0234,0.00000,0.32160
5.12,1.62,2.2654,0.0180,0.00000,0.31126
5.38,1.62,2.3033,0.0125,0.00000,0.30027
5.62,1.62,2.3109,0.0103,0.00000,0.28165
5.88,1.62,2.3890,0.0132,0.00000,0.27137
6.12,1.62,2.1668,0.0162,0.00000,0.23941
6.38,1.62,2.2009,0.0256,0.00000,0.22721
6.62,1.62,2.3332,0.2063,0.00000,0.22491
6.88,1.62,2.3978,1.9661,0.00000,0.22798
7.12,1.62,2.6105,8.9759,0.00000,0.24827
7.38,1.62,1.9620,19.8029,0.00000,0.18627
2.62,1.88,1.7753,0.0083,0.00000,0.17374
2.88,1.88,2.3656,0.0262,0.00000,0.24713
3.12,1.88,1.9660,0.0407,0.00000,0.23189
3.38,1.88,1.8922,0.0284,0.00000,0.22886
3.62,1.88,2.3560,0.0156,0.00000,0.27246
3.88,1.88,2.3255,0.0151,0.00000,0.27020
4.12,1.88,2.3257,0.0160,0.00000,0.26518
4.38,1.88,2.2784,0.0151,0.00000,0.26732
4.62,1.88,2.2545,0.0202,0.00000,0.27052
4.88,1.88,2.3255,0.0264,0.00000,0.27457
5.12,1.88,2.3764,0.0216,0.00000,0.27122
5.38,1.88,2.4652,0.0146,0.00000,0.26573
5.62,1.88,2.4069,0.0093,0.00000,0.24238
5.88,1.88,2.4460,0.0101,0.00000,0.22710
6.12,1.88,2.2276,0.0138,0.00000,0.19911
6.38,1.88,2.2626,0.0150,0.00000,0.18949
6.62,1.88,2.5223,0.1018,0.00000,0.19628
6.88,1.88,2.5952,1.0472,0.00000,0.19855
7.12,1.88,2.7537,4.8502,0.00000,0.21118
7.38,1.88,2.0579,10.7217,0.00000,0.15760
2.62,2.12,1.9431,0.0053,0.00000,0.15143
2.88,2.12,2.5306,0.0152,0.00000,0.20475
3.12,2.12,2.0350,0.0229,0.00000,0.17729
3.38,2.12,1.9665,0.0166,0.00000,0.17570
3.62,2.12,2.4363,0.0097,0.00000,0.21513
3.88,2.12,2.4192,0.0083,0.00000,0.21106
4.12,2.12,2.4716,0.0099,0.00000,0.21000
4.38,2.12,2.3415,0.0120,0.00000,0.20839
4.62,2.12,2.3093,0.0167,0.00000,0.21124
4.88,2.12,2.4113,0.0227,0.00000,0.22092
5.12,2.12,2.4567,0.0218,0.00000,0.22321
5.38,2.12,2.5982,0.0138,0.00000,0.22528
5.62,2.12,2.4815,0.0063,0.00000,0.20517
5.88,2.12,2.4775,0.0057,0.00000,0.19072
6.12,2.12,2.2925,0.0087,0.00000,0.16760
6.38,2.12,2.3288,0.0156,0.00000,0.15974
6.62,2.12,2.6671,0.0711,0.00000,0.17155
6.88,2.12,2.7363,0.4345,0.00000,0.17165
7.12,2.12,2.8419,1.7992,0.00000,0.17699
7.38,2.12,2.1118,3.9128,0.00000,0.13111
2.62,2.38,2.0062,0.0016,0.00000,0.13171
2.88,2.38,2.5977,0.0039,0.00000,0.17358
3.12,2.38,2.1033,0.0056,0.00000,0.14348
3.38,2.38,2.0487,0.0054,0.00000,0.14011
3.62,2.38,2.4571,0.0051,0.00000,0.17330
3.88,2.38,2.4671,0.0045,0.00000,0.17351
4.12,2.38,2.5799,0.0056,0.00000,0.17459
4.38,2.38,2.4034,0.0080,0.00000,0.16627
4.62,2.38,2.3793,0.0110,0.00000,0.16624
4.88,2.38,2.4719,0.0185,0.00000,0.17482
5.12,2.38,2.4968,0.0230,0.00000,0.17751
5.38,2.38,2.6704,0.0145,0.00000,0.18430
5.62,2.38,2.5262,0.0051,0.00000,0.17022
5.88,2.38,2.5104,0.0034,0.00000,0.15983
6.12,2.38,2.3793,0.0068,0.00000,0.14275
6.38,2.38,2.4188,0.0393,0.00000,0.13631
6.62,2.38,2.7937,0.1930,0.00000,0.14932
6.88,2.38,2.8359,0.6665,0.00000,0.14825
7.12,2.38,2.8866,2.0807,0.00000,0.14966
7.38,2.38,2.1342,4.2917,0.00000,0.11041
2.62,2.62,2.0658,0.0002,0.00000,0.11741
2.88,2.62,2.6865,0.0005,0.00000,0.15503
3.12,2.62,2.2427,0.0010,0.00000,0.12924
3.38,2.62,2.1882,0.0027,0.00000,0.12251
3.62,2.62,2.4699,0.0045,0.00000,0.14338
3.88,2.62,2.4989,0.0043,0.00000,0.14473
4.12,2.62,2.6802,0.0048,0.00000,0.14872
4.38,2.62,2.5015,0.0061,0.00000,0.13792
4.62,2.62,2.4711,0.0075,0.00000,0.13632
4.88,2.62,2.5083,0.0148,0.00000,0.14289
5.12,2.62,2.5250,0.0215,0.00000,0.14631
5.38,2.62,2.7173,0.0154,0.00000,0.15394
5.62,2.62,2.5673,0.0075,0.00000,0.14112
5.88,2.62,2.5577,0.0063,0.00000,0.13383
6.12,2.62,2.4896,0.0100,0.00000,0.12389
6.38,2.62,2.5244,0.0621,0.00000,0.11742
6.62,2.62,2.9003,0.3202,0.00000,0.12759
6.88,2.62,2.9296,1.1639,0.00000,0.12732
7.12,2.62,2.9564,3.7513,0.00000,0.12872
7.38,2.62,2.1813,7.7927,0.00000,0.09512
2.62,2.88,2.0997,0.0000,0.00000,0.09825
2.88,2.88,2.7567,0.0001,0.00000,0.13115
3.12,2.88,2.4042,0.0006,0.00000,0.11417
3.38,2.88,2.3567,0.0030,0.00000,0.10958
3.62,2.88,2.4785,0.0067,0.00000,0.11972
3.88,2.88,2.5077,0.0086,0.00000,0.11928
4.12,2.88,2.7358,0.0109,0.00000,0.12551
4.38,2.88,2.5934,0.0131,0.00000,0.11773
4.62,2.88,2.5625,0.0106,0.00000,0.11617
4.88,2.88,2.5406,0.0132,0.00000,0.11988
5.12,2.88,2.5592,0.0198,0.00000,0.12388
5.38,2.88,2.7443,0.0165,0.00000,0.13067
5.62,2.88,2.6192,0.0101,0.00000,0.11953
5.88,2.88,2.6190,0.0089,0.00000,0.11402
6.12,2.88,2.6060,0.0094,0.00000,0.10801
6.38,2.88,2.6374,0.0395,0.00000,0.10218
6.62,2.88,2.9917,0.2190,0.00000,0.11020
6.88,2.88,3.0052,1.0043,0.00000,0.11033
7.12,2.88,3.0166,3.6862,0.00000,0.11184
7.38,2.88,2.2221,7.8561,0.00000,0.08267
2.62,3.12,2.1403,0.0000,0.00000,0.08347
2.88,3.12,2.8354,0.0000,0.00000,0.11147
3.12,3.12,2.5703,0.0004,0.00000,0.09944
3.38,3.12,2.5273,0.0023,0.00000,0.09600
3.62,3.12,2.5080,0.0066,0.00000,0.09892
3.88,3.12,2.5306,0.0117,0.00000,0.09769
4.12,3.12,2.7533,0.0183,0.00000,0.10462
4.38,3.12,2.6565,0.0237,0.00000,0.10144
4.62,3.12,2.6434,0.0179,0.00000,0.10093
4.88,3.12,2.5972,0.0127,0.00000,0.10071
5.12,3.12,2.6328,0.0156,0.00000,0.10271
5.38,3.12,2.7830,0.0144,0.00000,0.10859
5.62,3.12,2.7056,0.0090,0.00000,0.10284
5.88,3.12,2.7038,0.0067,0.00000,0.09914
6.12,3.12,2.7180,0.0057,0.00000,0.09399
6.38,3.12,2.7393,0.0133,0.00000,0.09009
6.62,3.12,3.0558,0.0972,0.00000,0.09818
6.88,3.12,3.0614,0.7352,0.00000,0.09892
7.12,3.12,3.0738,3.1957,0.00000,0.10056
7.38,3.12,2.2636,7.0040,0.00000,0.07429
2.62,3.38,2.1916,0.0000,0.00000,0.07182
2.88,3.38,2.9234,0.0000,0.00000,0.09559
3.12,3.38,2.7243,0.0002,0.00000,0.08601
3.38,3.38,2.6800,0.0010,0.00000,0.08254
3.62,3.38,2.5623,0.0036,0.00000,0.08211
3.88,3.38,2.5794,0.0081,0.00000,0.08215
4.12,3.38,2.7495,0.0150,0.00000,0.08814
4.38,3.38,2.6841,0.0213,0.00000,0.08700
4.62,3.38,2.6846,0.0186,0.00000,0.08685
4.88,3.38,2.6450,0.0120,0.00000,0.08437
5.12,3.38,2.7228,0.0117,0.00000,0.08522
5.38,3.38,2.8272,0.0118,0.00000,0.09023
5.62,3.38,2.7997,0.0078,0.00000,0.08831
5.88,3.38,2.7970,0.0047,0.00000,0.08515
6.12,3.38,2.8347,0.0064,0.00000,0.08115
6.38,3.38,2.8371,0.0196,0.00000,0.07918
6.62,3.38,3.0996,0.1122,0.00000,0.08697
6.88,3.38,3.0933,0.7776,0.00000,0.08908
7.12,3.38,3.1083,3.3250,0.00000,0.09178
7.38,3.38,2.2890,7.2703,0.00000,0.06795
2.62,3.62,2.2150,0.0000,0.00000,0.06148
2.88,3.62,2.9750,0.0000,0.00000,0.08194
3.12,3.62,2.8457,0.0001,0.00000,0.07487
3.38,3.62,2.8181,0.0004,0.00000,0.07225
3.62,3.62,2.6347,0.0014,0.00000,0.07088
3.88,3.62,2.6411,0.0037,0.00000,0.07175
4.12,3.62,2.7370,0.0075,0.00000,0.07591
4.38,3.62,2.7006,0.0114,0.00000,0.07532
4.62,3.62,2.7088,0.0118,0.00000,0.07519
4.88,3.62,2.6776,0.0082,0.00000,0.07311
5.12,3.62,2.8013,0.0070,0.00000,0.07557
5.38,3.62,2.8717,0.0076,0.00000,0.07987
5.62,3.62,2.8992,0.0064,0.00000,0.07848
5.88,3.62,2.8950,0.0068,0.00000,0.07454
6.12,3.62,2.9587,0.0213,0.00000,0.07194
6.38,3.62,2.9424,0.0774,0.00000,0.07096
6.62,3.62,3.1518,0.2694,0.00000,0.07768
6.88,3.62,3.1231,0.7673,0.00000,0.08102
7.12,3.62,3.1275,2.1215,0.00000,0.08465
7.38,3.62,2.3001,4.2552,0.00000,0.06277
2.62,3.88,2.2431,0.0000,0.00000,0.05626
2.88,3.88,3.0283,0.0000,0.00000,0.07494
3.12,3.88,2.9515,0.0000,0.00000,0.06820
3.38,3.88,2.9408,0.0002,0.00000,0.06401
3.62,3.88,2.7267,0.0011,0.00000,0.06080
3.88,3.88,2.7270,0.0041,0.00000,0.06185
4.12,3.88,2.7362,0.0075,0.00000,0.06523
4.38,3.88,2.7127,0.0077,0.00000,0.06510
4.62,3.88,2.7126,0.0063,0.00000,0.06474
4.88,3.88,2.6903,0.0041,0.00000,0.06479
5.12,3.88,2.8677,0.0031,0.00000,0.07025
5.38,3.88,2.9256,0.0034,0.00000,0.07337
5.62,3.88,3.0066,0.0040,0.00000,0.07113
5.88,3.88,2.9944,0.0099,0.00000,0.06732
6.12,3.88,3.0772,0.0469,0.00000,0.06657
6.38,3.88,3.0460,0.1986,0.00000,0.06590
6.62,3.88,3.2186,0.6788,0.00000,0.07144
6.88,3.88,3.1755,1.2274,0.00000,0.07556
7.12,3.88,3.1722,1.5082,0.00000,0.07975
7.38,3.88,2.3308,2.0585,0.00000,0.05923
2.62,4.12,2.2577,0.0000,0.00000,0.05262
2.88,4.12,3.0617,0.0000,0.00000,0.07000
3.12,4.12,3.0324,0.0000,0.00000,0.06347
3.38,4.12,3.0493,0.0002,0.00000,0.05803
3.62,4.12,2.8312,0.0018,0.00000,0.05281
3.88,4.12,2.8296,0.0071,0.00000,0.05299
4.12,4.12,2.7535,0.0127,0.00000,0.05534
4.38,4.12,2.7239,0.0105,0.00000,0.05603
4.62,4.12,2.6989,0.0051,0.00000,0.05624
4.88,4.12,2.6893,0.0020,0.00000,0.05776
5.12,4.12,2.9222,0.0013,0.00000,0.06381
5.38,4.12,2.9744,0.0018,0.00000,0.06484
5.62,4.12,3.0975,0.0030,0.00000,0.06349
5.88,4.12,3.0800,0.0098,0.00000,0.06166
6.12,4.12,3.1764,0.0514,0.00000,0.06309
6.38,4.12,3.1341,0.2557,0.00000,0.06347
6.62,4.12,3.2885,0.9536,0.00000,0.06865
6.88,4.12,3.2328,1.9021,0.00000,0.07161
7.12,4.12,3.2190,2.9817,0.00000,0.07473
7.38,4.12,2.3638,4.8091,0.00000,0.05569
2.62,4.38,2.2779,0.0002,0.00000,0.04795
2.88,4.38,3.0984,0.0003,0.00000,0.06405
3.12,4.38,3.1028,0.0002,0.00000,0.05930
3.38,4.38,3.1424,0.0005,0.00000,0.05494
3.62,4.38,2.9258,0.0030,0.00000,0.04876
3.88,4.38,2.9227,0.0095,0.00000,0.04778
4.12,4.38,2.7838,0.0157,0.00000,0.04867
4.38,4.38,2.7473,0.0134,0.00000,0.04979
4.62,4.38,2.6964,0.0063,0.00000,0.05077
4.88,4.38,2.7043,0.0018,0.00000,0.05262
5.12,4.38,2.9766,0.0009,0.00000,0.05772
5.38,4.38,3.0167,0.0026,0.00000,0.05702
5.62,4.38,3.1696,0.0048,0.00000,0.05705
5.88,4.38,3.1531,0.0082,0.00000,0.05709
6.12,4.38,3.2615,0.0294,0.00000,0.06005
6.38,4.38,3.2047,0.1505,0.00000,0.06158
6.62,4.38,3.3454,0.6247,0.00000,0.06691
6.88,4.38,3.2821,1.7594,0.00000,0.06719
7.12,4.38,3.2604,4.6732,0.00000,0.06778
7.38,4.38,2.3933,9.2677,0.00000,0.05049
2.62,4.62,2.3122,0.0009,0.00000,0.04412
2.88,4.62,3.1483,0.0014,0.00000,0.05912
3.12,4.62,3.1649,0.0015,0.00000,0.05562
3.38,4.62,3.2119,0.0020,0.00000,0.05245
3.62,4.62,3.0006,0.0052,0.00000,0.04672
3.88,4.62,2.9982,0.0113,0.00000,0.04553
4.12,4.62,2.8154,0.0165,0.00000,0.04510
4.38,4.62,2.7740,0.0152,0.00000,0.04621
4.62,4.62,2.7056,0.0092,0.00000,0.04795
4.88,4.62,2.7336,0.0035,0.00000,0.04937
5.12,4.62,3.0234,0.0016,0.00000,0.05336
5.38,4.62,3.0554,0.0039,0.00000,0.05232
5.62,4.62,3.2262,0.0069,0.00000,0.05309
5.88,4.62,3.2041,0.0078,0.00000,0.05320
6.12,4.62,3.3223,0.0141,0.00000,0.05610
6.38,4.62,3.2597,0.0685,0.00000,0.05759
6.62,4.62,3.3922,0.3524,0.00000,0.06258
6.88,4.62,3.3222,1.5733,0.00000,0.06214
7.12,4.62,3.2937,5.7219,0.00000,0.06185
7.38,4.62,2.4163,12.1705,0.00000,0.04574
2.62,4.88,2.3343,0.0044,0.00000,0.04115
2.88,4.88,3.1820,0.0088,0.00000,0.05528
3.12,4.88,3.2101,0.0112,0.00000,0.05265
3.38,4.88,3.2665,0.0098,0.00000,0.05073
3.62,4.88,3.0626,0.0098,0.00000,0.04605
3.88,4.88,3.0590,0.0104,0.00000,0.04462
4.12,4.88,2.8518,0.0121,0.00000,0.04303
4.38,4.88,2.8170,0.0139,0.00000,0.04395
4.62,4.88,2.7346,0.0115,0.00000,0.04575
4.88,4.88,2.7711,0.0059,0.00000,0.04662
5.12,4.88,3.0587,0.0028,0.00000,0.05030
5.38,4.88,3.0914,0.0037,0.00000,0.05078
5.62,4.88,3.2645,0.0056,0.00000,0.05272
5.88,4.88,3.2329,0.0057,0.00000,0.05125
6.12,4.88,3.3626,0.0096,0.00000,0.05248
6.38,4.88,3.3044,0.0612,0.00000,0.05282
6.62,4.88,3.4349,0.3467,0.00000,0.05683
6.88,4.88,3.3587,1.6259,0.00000,0.05713
7.12,4.88,3.3252,6.0263,0.00000,0.05757
7.38,4.88,2.4382,12.8592,0.00000,0.04242
2.62,5.12,2.3529,0.0150,0.00000,0.03803
2.88,5.12,3.2093,0.0334,0.00000,0.05123
3.12,5.12,3.2411,0.0443,0.00000,0.04945
3.38,5.12,3.3021,0.0308,0.00000,0.04874
3.62,5.12,3.1165,0.0168,0.00000,0.04527
3.88,5.12,3.1230,0.0089,0.00000,0.04400
4.12,5.12,2.9026,0.0062,0.00000,0.04144
4.38,5.12,2.8768,0.0089,0.00000,0.04080
4.62,5.12,2.7847,0.0103,0.00000,0.04116
4.88,5.12,2.8254,0.0075,0.00000,0.04199
5.12,5.12,3.0968,0.0049,0.00000,0.04614
5.38,5.12,3.1295,0.0046,0.00000,0.04871
5.62,5.12,3.2874,0.0061,0.00000,0.05231
5.88,5.12,3.2588,0.0072,0.00000,0.05056
6.12,5.12,3.4055,0.0100,0.00000,0.05104
6.38,5.12,3.3521,0.0426,0.00000,0.04920
6.62,5.12,3.4801,0.2139,0.00000,0.05055
6.88,5.12,3.3971,0.9581,0.00000,0.05047
7.12,5.12,3.3563,3.4877,0.00000,0.05106
7.38,5.12,2.4579,7.4074,0.00000,0.03788
2.62,5.38,2.3675,0.0399,0.00000,0.03493
2.88,5.38,3.2314,0.0646,0.00000,0.04705
3.12,5.38,3.2672,0.0774,0.00000,0.04525
3.38,5.38,3.3351,0.0480,0.00000,0.04411
3.62,5.38,3.1673,0.0185,0.00000,0.04080
3.88,5.38,3.1824,0.0068,0.00000,0.04020
4.12,5.38,2.9549,0.0040,0.00000,0.03805
4.38,5.38,2.9378,0.0074,0.00000,0.03725
4.62,5.38,2.8449,0.0120,0.00000,0.03700
4.88,5.38,2.8972,0.0122,0.00000,0.03812
5.12,5.38,3.1474,0.0092,0.00000,0.04214
5.38,5.38,3.1767,0.0088,0.00000,0.04419
5.62,5.38,3.3089,0.0141,0.00000,0.04755
5.88,5.38,3.2895,0.0204,0.00000,0.04762
6.12,5.38,3.4429,0.0264,0.00000,0.04973
6.38,5.38,3.3973,0.0442,0.00000,0.04698
6.62,5.38,3.5273,0.1120,0.00000,0.04613
6.88,5.38,3.4499,0.4449,0.00000,0.04449
7.12,5.38,3.4079,1.5999,0.00000,0.04443
7.38,5.38,2.4916,3.3660,0.00000,0.03405
2.62,5.62,2.3894,0.2067,0.00000,0.03318
2.88,5.62,3.2634,0.1418,0.00000,0.04458
3.12,5.62,3.3021,0.0919,0.00000,0.04226
3.38,5.62,3.3732,0.0504,0.00000,0.04007
3.62,5.62,3.2142,0.0223,0.00000,0.03641
3.88,5.62,3.2337,0.0103,0.00000,0.03597
4.12,5.62,3.0122,0.0076,0.00000,0.03440
4.38,5.62,3.0111,0.0122,0.00000,0.03468
4.62,5.62,2.9190,0.0187,0.00000,0.03469
4.88,5.62,2.9736,0.0197,0.00000,0.03588
5.12,5.62,3.1928,0.0182,0.00000,0.03939
5.38,5.62,3.2254,0.0234,0.00000,0.04061
5.62,5.62,3.3392,0.0356,0.00000,0.04305
5.88,5.62,3.3286,0.0484,0.00000,0.04310
6.12,5.62,3.4696,0.0622,0.00000,0.04504
6.38,5.62,3.4325,0.0868,0.00000,0.04330
6.62,5.62,3.5657,0.1456,0.00000,0.04313
6.88,5.62,3.5132,0.5022,0.00000,0.04120
7.12,5.62,3.4797,1.7799,0.00000,0.04097
7.38,5.62,2.5378,3.7041,0.00000,0.03245
2.62,5.88,2.4060,0.9333,0.00000,0.03287
2.88,5.88,3.2873,0.4924,0.00000,0.04413
3.12,5.88,3.3263,0.1953,0.00000,0.04159
3.38,5.88,3.3976,0.0845,0.00000,0.03900
3.62,5.88,3.2476,0.0437,0.00000,0.03510
3.88,5.88,3.2790,0.0254,0.00000,0.03431
4.12,5.88,3.0738,0.0195,0.00000,0.03302
4.38,5.88,3.0887,0.0235,0.00000,0.03409
4.62,5.88,3.0045,0.0297,0.00000,0.03415
4.88,5.88,3.0591,0.0300,0.00000,0.03501
5.12,5.88,3.2396,0.0384,0.00000,0.03800
5.38,5.88,3.2797,0.0594,0.00000,0.03918
5.62,5.88,3.3801,0.0761,0.00000,0.04108
5.88,5.88,3.3762,0.0894,0.00000,0.04036
6.12,5.88,3.4956,0.1069,0.00000,0.04142
6.38,5.88,3.4706,0.1376,0.00000,0.04131
6.62,5.88,3.6018,0.1918,0.00000,0.04284
6.88,5.88,3.5737,0.5638,0.00000,0.04068
7.12,5.88,3.5399,1.8834,0.00000,0.03919
7.38,5.88,2.5697,3.8171,0.00000,0.02983
2.62,6.12,2.4202,2.0328,0.00000,0.03588
2.88,6.12,3.3068,1.0748,0.00000,0.04793
3.12,6.12,3.3453,0.4432,0.00000,0.04411
3.38,6.12,3.4176,0.1951,0.00000,0.04007
3.62,6.12,3.2736,0.0971,0.00000,0.03528
3.88,6.12,3.3172,0.0571,0.00000,0.03378
4.12,6.12,3.1336,0.0415,0.00000,0.03281
4.38,6.12,3.1627,0.0390,0.00000,0.03468
4.62,6.12,3.0917,0.0443,0.00000,0.03556
4.88,6.12,3.1467,0.0485,0.00000,0.03679
5.12,6.12,3.2872,0.0677,0.00000,0.03869
5.38,6.12,3.3363,0.1020,0.00000,0.03937
5.62,6.12,3.4233,0.1202,0.00000,0.04096
5.88,6.12,3.4302,0.1341,0.00000,0.04064
6.12,6.12,3.5303,0.1554,0.00000,0.04203
6.38,6.12,3.5237,0.1930,0.00000,0.04308
6.62,6.12,3.6525,0.2563,0.00000,0.04529
6.88,6.12,3.6463,0.6675,0.00000,0.04199
7.12,6.12,3.6062,2.0482,0.00000,0.03863
7.38,6.12,2.6094,3.9946,0.00000,0.02788
2.62,6.38,2.4344,2.2617,0.00000,0.03871
2.88,6.38,3.3263,1.3455,0.00000,0.05165
3.12,6.38,3.3624,0.7494,0.00000,0.04682
3.38,6.38,3.4359,0.4090,0.00000,0.04134
3.62,6.38,3.3013,0.2156,0.00000,0.03549
3.88,6.38,3.3525,0.1186,0.00000,0.03297
4.12,6.38,3.1843,0.0699,0.00000,0.03180
4.38,6.38,3.2228,0.0539,0.00000,0.03429
4.62,6.38,3.1684,0.0572,0.00000,0.03672
4.88,6.38,3.2358,0.0690,0.00000,0.03859
5.12,6.38,3.3436,0.0922,0.00000,0.03900
5.38,6.38,3.3916,0.1248,0.00000,0.03902
5.62,6.38,3.4610,0.1439,0.00000,0.04076
5.88,6.38,3.4819,0.1687,0.00000,0.04193
6.12,6.38,3.5643,0.2060,0.00000,0.04431
6.38,6.38,3.5777,0.2596,0.00000,0.04502
6.62,6.38,3.7063,0.3622,0.00000,0.04651
6.88,6.38,3.7235,0.8989,0.00000,0.04351
7.12,6.38,3.6727,2.5550,0.00000,0.04019
7.38,6.38,2.6527,4.8265,0.00000,0.02867
2.62,6.62,2.4509,2.0179,0.00000,0.03735
2.88,6.62,3.3499,1.4535,0.00000,0.05026
3.12,6.62,3.3864,1.1009,0.00000,0.04651
3.38,6.62,3.4628,0.7136,0.00000,0.04180
3.62,6.62,3.3337,0.4194,0.00000,0.03580
3.88,6.62,3.3856,0.2252,0.00000,0.03252
4.12,6.62,3.2287,0.1076,0.00000,0.03064
4.38,6.62,3.2751,0.0693,0.00000,0.03260
4.62,6.62,3.2403,0.0659,0.00000,0.03473
4.88,6.62,3.3278,0.0809,0.00000,0.03612
5.12,6.62,3.4031,0.1068,0.00000,0.03668
5.38,6.62,3.4426,0.1389,0.00000,0.03737
5.62,6.62,3.4947,0.1677,0.00000,0.03949
5.88,6.62,3.5285,0.2071,0.00000,0.04199
6.12,6.62,3.5965,0.2616,0.00000,0.04531
6.38,6.62,3.6215,0.3327,0.00000,0.04629
6.62,6.62,3.7493,0.4917,0.00000,0.04792
6.88,6.62,3.8034,1.1339,0.00000,0.04584
7.12,6.62,3.7446,2.8938,0.00000,0.04244
7.38,6.62,2.6927,5.2245,0.00000,0.02990
2.62,6.88,2.4652,3.0188,0.00000,0.03621
2.88,6.88,3.3696,2.0779,0.00000,0.04889
3.12,6.88,3.4114,1.4867,0.00000,0.04587
3.38,6.88,3.4941,0.9995,0.00000,0.04203
3.62,6.88,3.3672,0.6591,0.00000,0.03643
3.88,6.88,3.4216,0.3736,0.00000,0.03294
4.12,6.88,3.2799,0.1775,0.00000,0.03019
4.38,6.88,3.3348,0.1036,0.00000,0.03076
4.62,6.88,3.3054,0.0824,0.00000,0.03151
4.88,6.88,3.3993,0.0894,0.00000,0.03245
5.12,6.88,3.4507,0.1120,0.00000,0.03384
5.38,6.88,3.4982,0.1601,0.00000,0.03586
5.62,6.88,3.5312,0.2239,0.00000,0.03899
5.88,6.88,3.5687,0.2751,0.00000,0.04162
6.12,6.88,3.6307,0.3295,0.00000,0.04487
6.38,6.88,3.6631,0.4164,0.00000,0.04759
6.62,6.88,3.7889,0.6423,0.00000,0.05090
6.88,6.88,3.8825,1.3434,0.00000,0.04879
7.12,6.88,3.8200,2.9871,0.00000,0.04388
7.38,6.88,2.7337,5.0528,0.00000,0.03026
2.62,7.12,2.4766,4.3290,0.00000,0.03694
2.88,7.12,3.3833,2.7318,0.00000,0.04984
3.12,7.12,3.4279,1.6960,0.00000,0.04706
3.38,7.12,3.5180,1.1427,0.00000,0.04371
3.62,7.12,3.4046,0.8401,0.00000,0.03822
3.88,7.12,3.4685,0.5206,0.00000,0.03451
4.12,7.12,3.3321,0.2803,0.00000,0.03098
4.38,7.12,3.3877,0.1688,0.00000,0.03037
4.62,7.12,3.3582,0.1195,0.00000,0.03014
4.88,7.12,3.4568,0.1115,0.00000,0.03115
5.12,7.12,3.4911,0.1330,0.00000,0.03314
5.38,7.12,3.5515,0.2114,0.00000,0.03648
5.62,7.12,3.5733,0.3197,0.00000,0.04086
5.88,7.12,3.6219,0.3819,0.00000,0.04339
6.12,7.12,3.6804,0.4322,0.00000,0.04581
6.38,7.12,3.7124,0.5300,0.00000,0.04888
6.62,7.12,3.8307,0.8085,0.00000,0.05333
6.88,7.12,3.9489,1.5462,0.00000,0.05157
7.12,7.12,3.8835,3.0506,0.00000,0.04560
7.38,7.12,2.7762,4.8209,0.00000,0.03115
2.62,7.38,2.4857,3.9175,0.00000,0.03786
2.88,7.38,3.3985,2.5602,0.00000,0.05127
3.12,7.38,3.4511,1.6549,0.00000,0.04933
3.38,7.38,3.5482,1.1848,0.00000,0.04701
3.62,7.38,3.4381,0.9373,0.00000,0.04182
3.88,7.38,3.5031,0.6428,0.00000,0.03815
4.12,7.38,3.3731,0.4146,0.00000,0.03363
4.38,7.38,3.4349,0.2673,0.00000,0.03177
4.62,7.38,3.4024,0.1796,0.00000,0.03055
4.88,7.38,3.5041,0.1567,0.00000,0.03122
5.12,7.38,3.5246,0.1874,0.00000,0.03369
5.38,7.38,3.5972,0.2998,0.00000,0.03843
5.62,7.38,3.6192,0.4453,0.00000,0.04383
5.88,7.38,3.6876,0.5233,0.00000,0.04700
6.12,7.38,3.7382,0.5807,0.00000,0.04919
6.38,7.38,3.7689,0.6894,0.00000,0.05195
6.62,7.38,3.8790,0.9934,0.00000,0.05716
6.88,7.38,3.9986,1.7509,0.00000,0.05584
7.12,7.38,3.9195,3.2394,0.00000,0.04925
7.38,7.38,2.8014,4.9223,0.00000,0.03378
2.62,7.62,2.5012,3.1323,0.00000,0.03946
2.88,7.62,3.4231,2.2495,0.00000,0.05353
3.12,7.62,3.4764,1.6246,0.00000,0.05200
3.38,7.62,3.5702,1.2292,0.00000,0.05051
3.62,7.62,3.4594,1.0007,0.00000,0.04619
3.88,7.62,3.5264,0.7588,0.00000,0.04305
4.12,7.62,3.4038,0.5746,0.00000,0.03710
4.38,7.62,3.4781,0.3865,0.00000,0.03346
4.62,7.62,3.4466,0.2514,0.00000,0.03128
4.88,7.62,3.5552,0.2235,0.00000,0.03189
5.12,7.62,3.5598,0.2811,0.00000,0.03516
5.38,7.62,3.6417,0.4314,0.00000,0.04143
5.62,7.62,3.6626,0.6193,0.00000,0.04761
5.88,7.62,3.7422,0.7240,0.00000,0.05151
6.12,7.62,3.7846,0.7865,0.00000,0.05393
6.38,7.62,3.8230,0.8997,0.00000,0.05760
6.62,7.62,3.9297,1.2313,0.00000,0.06433
6.88,7.62,4.0519,2.0095,0.00000,0.06265
7.12,7.62,3.9617,3.5298,0.00000,0.05460
7.38,7.62,2.8290,5.1940,0.00000,0.03734
2.62,7.88,2.5228,4.8909,0.00000,0.04182
2.88,7.88,3.4513,3.2072,0.00000,0.05693
3.12,7.88,3.5021,2.0405,0.00000,0.05640
3.38,7.88,3.5931,1.4500,0.00000,0.05598
3.62,7.88,3.4798,1.1562,0.00000,0.05085
3.88,7.88,3.5469,0.9132,0.00000,0.04686
4.12,7.88,3.4303,0.7352,0.00000,0.04000
4.38,7.88,3.5159,0.5057,0.00000,0.03519
4.62,7.88,3.4833,0.3290,0.00000,0.03208
4.88,7.88,3.5983,0.3090,0.00000,0.03250
5.12,7.88,3.5898,0.4155,0.00000,0.03689
5.38,7.88,3.6819,0.6172,0.00000,0.04529
5.62,7.88,3.6944,0.8603,0.00000,0.05229
5.88,7.88,3.7750,1.0079,0.00000,0.05694
6.12,7.88,3.8133,1.0734,0.00000,0.05985
6.38,7.88,3.8648,1.1874,0.00000,0.06521
6.62,7.88,3.9727,1.5924,0.00000,0.07405
6.88,7.88,4.1116,2.4314,0.00000,0.07193
7.12,7.88,4.0176,3.9211,0.00000,0.06065
7.38,7.88,2.8636,5.4599,0.00000,0.04010
2.62,8.12,2.5377,9.5408,0.00000,0.04385
2.88,8.12,3.4699,5.6240,0.00000,0.06038
3.12,8.12,3.5227,3.0129,0.00000,0.06249
3.38,8.12,3.6170,1.9323,0.00000,0.06407
3.62,8.12,3.5028,1.4679,0.00000,0.05688
3.88,8.12,3.5720,1.1350,0.00000,0.05116
4.12,8.12,3.4598,0.9044,0.00000,0.04355
4.38,8.12,3.5524,0.6446,0.00000,0.03813
4.62,8.12,3.5115,0.4444,0.00000,0.03406
4.88,8.12,3.6271,0.4250,0.00000,0.03397
5.12,8.12,3.6109,0.5794,0.00000,0.03924
5.38,8.12,3.7118,0.8567,0.00000,0.04956
5.62,8.12,3.7150,1.1843,0.00000,0.05822
5.88,8.12,3.7988,1.3937,0.00000,0.06549
6.12,8.12,3.8320,1.4692,0.00000,0.06935
6.38,8.12,3.8949,1.5890,0.00000,0.07529
6.62,8.12,4.0033,2.1095,0.00000,0.08559
6.88,8.12,4.1667,3.0744,0.00000,0.08289
7.12,8.12,4.0718,4.5608,0.00000,0.06669
7.38,8.12,2.8987,6.0152,0.00000,0.04193
2.62,8.38,2.5550,14.2894,0.00000,0.04633
2.88,8.38,3.4894,8.1649,0.00000,0.06475
3.12,8.38,3.5396,4.1263,0.00000,0.07020
3.38,8.38,3.6331,2.5494,0.00000,0.07401
3.62,8.38,3.5210,1.8996,0.00000,0.06415
3.88,8.38,3.5969,1.4223,0.00000,0.05599
4.12,8.38,3.4891,1.0995,0.00000,0.04744
4.38,8.38,3.5883,0.8348,0.00000,0.04217
4.62,8.38,3.5392,0.6343,0.00000,0.03750
4.88,8.38,3.6546,0.5895,0.00000,0.03747
5.12,8.38,3.6305,0.7693,0.00000,0.04430
5.38,8.38,3.7344,1.1354,0.00000,0.05610
5.62,8.38,3.7329,1.5667,0.00000,0.06592
5.88,8.38,3.8261,1.8580,0.00000,0.07651
6.12,8.38,3.8511,1.9655,0.00000,0.08111
6.38,8.38,3.9238,2.1010,0.00000,0.08717
6.62,8.38,4.0296,2.7474,0.00000,0.09957
6.88,8.38,4.2139,3.8633,0.00000,0.09620
7.12,8.38,4.1146,5.3705,0.00000,0.07351
7.38,8.38,2.9305,6.7702,0.00000,0.04393
2.62,8.62,2.5601,14.6397,0.00000,0.05015
2.88,8.62,3.4955,8.6812,0.00000,0.07086
3.12,8.62,3.5549,4.7414,0.00000,0.07970
3.38,8.62,3.6578,3.1887,0.00000,0.08633
3.62,8.62,3.5425,2.5115,0.00000,0.07458
3.88,8.62,3.6185,1.8540,0.00000,0.06414
4.12,8.62,3.5147,1.3826,0.00000,0.05348
4.38,8.62,3.6197,1.0942,0.00000,0.04748
4.62,8.62,3.5588,0.8804,0.00000,0.04175
4.88,8.62,3.6736,0.8096,0.00000,0.04191
5.12,8.62,3.6471,1.0203,0.00000,0.05119
5.38,8.62,3.7553,1.4570,0.00000,0.06513
5.62,8.62,3.7464,1.9832,0.00000,0.07579
5.88,8.62,3.8497,2.3942,0.00000,0.08911
6.12,8.62,3.8700,2.5821,0.00000,0.09371
6.38,8.62,3.9523,2.7781,0.00000,0.10143
6.62,8.62,4.0544,3.5527,0.00000,0.11834
6.88,8.62,4.2618,4.7743,0.00000,0.11485
7.12,8.62,4.1641,6.2299,0.00000,0.08413
7.38,8.62,2.9739,7.4529,0.00000,0.04800
2.62,8.88,2.5741,11.9426,0.00000,0.05673
2.88,8.88,3.5099,8.0687,0.00000,0.08052
3.12,8.88,3.5692,5.4872,0.00000,0.09268
3.38,8.88,3.6730,4.1440,0.00000,0.10292
3.62,8.88,3.5598,3.3550,0.00000,0.09001
3.88,8.88,3.6381,2.4792,0.00000,0.07736
4.12,8.88,3.5381,1.8381,0.00000,0.06310
4.38,8.88,3.6479,1.4466,0.00000,0.05466
4.62,8.88,3.5809,1.1508,0.00000,0.04709
4.88,8.88,3.6983,1.0774,0.00000,0.04677
5.12,8.88,3.6632,1.3631,0.00000,0.05773
5.38,8.88,3.7684,1.8826,0.00000,0.07465
5.62,8.88,3.7556,2.5130,0.00000,0.08783
5.88,8.88,3.8722,3.0323,0.00000,0.10405
6.12,8.88,3.8866,3.3103,0.00000,0.10909
6.38,8.88,3.9798,3.6276,0.00000,0.12167
6.62,8.88,4.0815,4.5338,0.00000,0.14432
6.88,8.88,4.3064,5.8114,0.00000,0.13815
7.12,8.88,4.2079,7.1817,0.00000,0.09600
7.38,8.88,3.0167,8.1660,0.00000,0.05188
2.62,9.12,2.5890,12.0000,0.00000,0.06481
2.88,9.12,3.5234,9.1846,0.00000,0.09269
3.12,9.12,3.5780,7.2936,0.00000,0.10922
3.38,9.12,3.6752,5.5204,0.00000,0.12345
3.62,9.12,3.5621,4.1908,0.00000,0.10830
3.88,9.12,3.6423,3.1212,0.00000,0.09286
4.12,9.12,3.5558,2.4092,0.00000,0.07532
4.38,9.12,3.6818,1.8925,0.00000,0.06472
4.62,9.12,3.6138,1.4790,0.00000,0.05490
4.88,9.12,3.7303,1.4093,0.00000,0.05357
5.12,9.12,3.6833,1.8049,0.00000,0.06538
5.38,9.12,3.7765,2.4750,0.00000,0.08508
5.62,9.12,3.7558,3.2550,0.00000,0.10092
5.88,9.12,3.8788,3.8547,0.00000,0.12029
6.12,9.12,3.8895,4.1980,0.00000,0.12834
6.38,9.12,4.0052,4.6084,0.00000,0.14839
6.62,9.12,4.1095,5.6351,0.00000,0.17591
6.88,9.12,4.3469,7.0079,0.00000,0.16492
7.12,9.12,4.2458,8.3912,0.00000,0.10931
7.38,9.12,3.0584,9.2916,0.00000,0.05617
2.62,9.38,2.6069,14.4521,0.00000,0.07558
2.88,9.38,3.5398,11.2426,0.00000,0.10830
3.12,9.38,3.5854,9.0416,0.00000,0.12969
3.38,9.38,3.6709,6.6019,0.00000,0.14824
3.62,9.38,3.5697,4.7146,0.00000,0.13143
3.88,9.38,3.6650,3.5843,0.00000,0.11400
4.12,9.38,3.5770,2.9250,0.00000,0.09081
4.38,9.38,3.7035,2.3532,0.00000,0.07572
4.62,9.38,3.6406,1.8715,0.00000,0.06436
4.88,9.38,3.7653,1.8160,0.00000,0.06377
5.12,9.38,3.7094,2.3343,0.00000,0.07717
5.38,9.38,3.7824,3.2126,0.00000,0.09956
5.62,9.38,3.7461,4.1941,0.00000,0.11671
5.88,9.38,3.8638,4.8684,0.00000,0.13804
6.12,9.38,3.8779,5.2487,0.00000,0.14991
6.38,9.38,4.0234,5.7040,0.00000,0.17819
6.62,9.38,4.1299,6.8536,0.00000,0.21102
6.88,9.38,4.3840,8.3498,0.00000,0.19599
7.12,9.38,4.2818,9.6961,0.00000,0.12524
7.38,9.38,3.0954,10.4194,0.00000,0.06079
2.62,9.62,2.6173,15.8989,0.00000,0.08907
2.88,9.62,3.5492,12.1238,0.00000,0.12807
3.12,9.62,3.6011,9.3945,0.00000,0.15680
3.38,9.62,3.6906,6.8386,0.00000,0.18217
3.62,9.62,3.5896,4.9452,0.00000,0.16133
3.88,9.62,3.6882,3.9650,0.00000,0.13918
4.12,9.62,3.6002,3.4568,0.00000,0.10835
4.38,9.62,3.7327,2.8608,0.00000,0.08750
4.62,9.62,3.6697,2.3243,0.00000,0.07496
4.88,9.62,3.7912,2.3177,0.00000,0.07639
5.12,9.62,3.7303,2.9813,0.00000,0.09318
5.38,9.62,3.7950,4.0290,0.00000,0.11889
5.62,9.62,3.7452,5.1771,0.00000,0.13445
5.88,9.62,3.8456,5.9246,0.00000,0.15382
6.12,9.62,3.8612,6.3616,0.00000,0.16936
6.38,9.62,4.0343,6.9076,0.00000,0.20841
6.62,9.62,4.1448,8.2089,0.00000,0.24740
6.88,9.62,4.4142,9.7973,0.00000,0.22691
7.12,9.62,4.3093,11.0124,0.00000,0.13982
7.38,9.62,3.1210,11.3871,0.00000,0.06379
2.62,9.88,2.6292,16.7723,0.00000,0.10401
2.88,9.88,3.5617,12.4203,0.00000,0.15135
3.12,9.88,3.6147,9.1082,0.00000,0.19030
3.38,9.88,3.7065,6.7970,0.00000,0.22470
3.62,9.88,3.6016,5.2532,0.00000,0.19645
3.88,9.88,3.7002,4.4864,0.00000,0.16611
4.12,9.88,3.6171,4.1252,0.00000,0.12755
4.38,9.88,3.7585,3.4783,0.00000,0.10154
4.62,9.88,3.6967,2.8622,0.00000,0.08733
4.88,9.88,3.8129,2.9079,0.00000,0.09023
5.12,9.88,3.7463,3.7110,0.00000,0.11009
5.38,9.88,3.8095,4.8785,0.00000,0.13825
5.62,9.88,3.7570,6.1689,0.00000,0.15355
5.88,9.88,3.8453,7.0298,0.00000,0.17352
6.12,9.88,3.8541,7.5589,0.00000,0.19199
6.38,9.88,4.0387,8.1995,0.00000,0.23975
6.62,9.88,4.1543,9.6073,0.00000,0.28335
6.88,9.88,4.4396,11.2732,0.00000,0.25644
7.12,9.88,4.3318,12.5045,0.00000,0.15300
7.38,9.88,3.1440,12.7489,0.00000,0.06612
2.62,10.12,2.6291,18.3260,0.00000,0.12026
2.88,10.12,3.5599,13.5599,0.00000,0.17694
3.12,10.12,3.6184,9.8325,0.00000,0.22736
3.38,10.12,3.7157,7.4130,0.00000,0.27140
3.62,10.12,3.6083,5.8438,0.00000,0.23441
3.88,10.12,3.7075,5.1276,0.00000,0.19450
4.12,10.12,3.6313,4.8668,0.00000,0.14851
4.38,10.12,3.7759,4.2116,0.00000,0.11811
4.62,10.12,3.7116,3.5459,0.00000,0.10155
4.88,10.12,3.8250,3.5864,0.00000,0.10468
5.12,10.12,3.7548,4.4662,0.00000,0.12778
5.38,10.12,3.8182,5.7738,0.00000,0.15984
5.62,10.12,3.7679,7.2602,0.00000,0.17679
5.88,10.12,3.8599,8.3025,0.00000,0.19973
6.12,10.12,3.8618,8.9391,0.00000,0.21928
6.38,10.12,4.0395,9.5898,0.00000,0.27067
6.62,10.12,4.1548,11.0378,0.00000,0.31801
6.88,10.12,4.4662,12.8496,0.00000,0.28922
7.12,10.12,4.3633,14.2148,0.00000,0.16970
7.38,10.12,3.1722,14.4550,0.00000,0.06996
2.62,10.38,2.6411,21.6166,0.00000,0.14023
2.88,10.38,3.5723,15.8591,0.00000,0.20687
3.12,10.38,3.6284,11.3866,0.00000,0.26661
3.38,10.38,3.7242,8.4134,0.00000,0.31781
3.62,10.38,3.6216,6.4307,0.00000,0.27303
3.88,10.38,3.7275,5.6114,0.00000,0.22500
4.12,10.38,3.6495,5.4258,0.00000,0.17202
4.38,10.38,3.7838,4.9331,0.00000,0.13740
4.62,10.38,3.7144,4.3474,0.00000,0.11703
4.88,10.38,3.8265,4.3340,0.00000,0.11897
5.12,10.38,3.7567,5.2496,0.00000,0.14686
5.38,10.38,3.8245,6.7516,0.00000,0.18619
5.62,10.38,3.7719,8.4737,0.00000,0.20395
5.88,10.38,3.8705,9.7006,0.00000,0.22750
6.12,10.38,3.8710,10.4372,0.00000,0.24733
6.38,10.38,4.0424,11.0771,0.00000,0.30107
6.62,10.38,4.1537,12.5690,0.00000,0.35069
6.88,10.38,4.4837,14.5908,0.00000,0.32145
7.12,10.38,4.3869,16.1869,0.00000,0.18746
7.38,10.38,3.2055,16.5566,0.00000,0.07481
2.62,10.62,2.6489,25.7366,0.00000,0.16212
2.88,10.62,3.5833,18.5450,0.00000,0.24027
3.12,10.62,3.6412,13.0491,0.00000,0.30999
3.38,10.62,3.7352,9.4555,0.00000,0.36686
3.62,10.62,3.6326,7.0080,0.00000,0.30975
3.88,10.62,3.7417,6.0145,0.00000,0.24994
4.12,10.62,3.6622,5.8641,0.00000,0.19282
4.38,10.62,3.7893,5.5831,0.00000,0.15759
4.62,10.62,3.7184,5.1291,0.00000,0.13342
4.88,10.62,3.8313,5.0956,0.00000,0.13373
5.12,10.62,3.7624,6.0894,0.00000,0.16738
5.38,10.62,3.8341,7.8166,0.00000,0.21453
5.62,10.62,3.7775,9.7503,0.00000,0.23062
5.88,10.62,3.8808,11.0821,0.00000,0.25266
6.12,10.62,3.8771,11.8828,0.00000,0.27374
6.38,10.62,4.0417,12.6196,0.00000,0.33043
6.62,10.62,4.1509,14.2170,0.00000,0.37960
6.88,10.62,4.4983,16.4281,0.00000,0.34818
7.12,10.62,4.4076,18.2749,0.00000,0.20179
7.38,10.62,3.2533,18.8023,0.00000,0.07837
2.62,10.88,2.6583,28.3389,0.00000,0.18207
2.88,10.88,3.5898,20.8324,0.00000,0.27249
3.12,10.88,3.6468,15.0640,0.00000,0.35485
3.38,10.88,3.7396,10.9173,0.00000,0.41822
3.62,10.88,3.6370,7.8889,0.00000,0.34712
3.88,10.88,3.7466,6.5562,0.00000,0.27434
4.12,10.88,3.6680,6.3112,0.00000,0.21352
4.38,10.88,3.7968,6.2221,0.00000,0.17876
4.62,10.88,3.7299,5.9158,0.00000,0.15115
4.88,10.88,3.8470,5.8927,0.00000,0.14964
5.12,10.88,3.7767,6.9805,0.00000,0.18738
5.38,10.88,3.8487,8.9627,0.00000,0.23966
5.62,10.88,3.7888,11.1210,0.00000,0.25223
5.88,10.88,3.8918,12.5007,0.00000,0.27219
6.12,10.88,3.8796,13.3198,0.00000,0.29895
6.38,10.88,4.0361,14.2240,0.00000,0.36175
6.62,10.88,4.1472,15.9976,0.00000,0.40620
6.88,10.88,4.5178,18.3777,0.00000,0.36819
7.12,10.88,4.4288,20.3302,0.00000,0.21047
7.38,10.88,3.3001,20.7096,0.00000,0.07887
2.62,11.12,2.6747,29.2301,0.00000,0.20078
2.88,11.12,3.5971,22.6108,0.00000,0.30355
3.12,11.12,3.6505,17.3640,0.00000,0.39945
3.38,11.12,3.7429,12.7113,0.00000,0.46969
3.62,11.12,3.6424,8.9904,0.00000,0.38793
3.88,11.12,3.7514,7.2983,0.00000,0.30665
4.12,11.12,3.6709,6.9539,0.00000,0.24082
4.38,11.12,3.8031,6.9988,0.00000,0.20413
4.62,11.12,3.7401,6.8127,0.00000,0.17182
4.88,11.12,3.8611,6.7738,0.00000,0.16758
5.12,11.12,3.7871,7.9080,0.00000,0.20754
5.38,11.12,3.8585,10.2045,0.00000,0.26277
5.62,11.12,3.8000,12.6699,0.00000,0.27191
5.88,11.12,3.9011,14.0707,0.00000,0.28945
6.12,11.12,3.8789,14.8740,0.00000,0.32055
6.38,11.12,4.0231,15.8738,0.00000,0.38629
6.62,11.12,4.1336,17.7836,0.00000,0.42344
6.88,11.12,4.5246,20.3609,0.00000,0.37864
7.12,11.12,4.4397,22.4117,0.00000,0.21402
7.38,11.12,3.3383,22.5784,0.00000,0.07795
2.62,11.38,2.6831,29.4708,0.00000,0.21824
2.88,11.38,3.5978,24.0952,0.00000,0.33227
3.12,11.38,3.6553,19.6589,0.00000,0.44131
3.38,11.38,3.7506,14.6883,0.00000,0.51916
3.62,11.38,3.6472,10.4666,0.00000,0.42804
3.88,11.38,3.7530,8.6050,0.00000,0.34015
4.12,11.38,3.6748,8.2579,0.00000,0.27188
4.38,11.38,3.8122,8.1988,0.00000,0.23438
4.62,11.38,3.7449,7.9081,0.00000,0.19537
4.88,11.38,3.8574,7.7869,0.00000,0.18656
5.12,11.38,3.7833,8.9473,0.00000,0.22687
5.38,11.38,3.8638,11.5616,0.00000,0.28275
5.62,11.38,3.8089,14.3473,0.00000,0.28877
5.88,11.38,3.9064,15.7413,0.00000,0.30454
6.12,11.38,3.8797,16.5338,0.00000,0.33668
6.38,11.38,4.0172,17.6288,0.00000,0.39966
6.62,11.38,4.1237,19.6423,0.00000,0.42855
6.88,11.38,4.5154,22.4263,0.00000,0.37951
7.12,11.38,4.4359,24.7307,0.00000,0.21372
7.38,11.38,3.3779,25.0188,0.00000,0.07713
2.62,11.62,2.6917,30.3394,0.00000,0.23571
2.88,11.62,3.5994,25.6023,0.00000,0.35773
3.12,11.62,3.6570,21.5875,0.00000,0.47657
3.38,11.62,3.7509,16.5878,0.00000,0.56288
3.62,11.62,3.6531,12.3114,0.00000,0.46429
3.88,11.62,3.7646,10.4048,0.00000,0.36955
4.12,11.62,3.6877,10.0481,0.00000,0.30052
4.38,11.62,3.8232,9.7877,0.00000,0.26399
4.62,11.62,3.7550,9.3286,0.00000,0.21848
4.88,11.62,3.8603,9.1259,0.00000,0.20405
5.12,11.62,3.7857,10.3341,0.00000,0.24209
5.38,11.62,3.8760,13.0948,0.00000,0.29765
5.62,11.62,3.8211,16.0098,0.00000,0.30209
5.88,11.62,3.9118,17.3819,0.00000,0.31818
6.12,11.62,3.8838,18.2361,0.00000,0.35145
6.38,11.62,4.0160,19.4830,0.00000,0.40970
6.62,11.62,4.1151,21.6090,0.00000,0.42968
6.88,11.62,4.4963,24.6123,0.00000,0.37765
7.12,11.62,4.4215,27.2407,0.00000,0.21271
7.38,11.62,3.4172,27.8273,0.00000,0.07684
2.62,11.88,2.6963,31.0500,0.00000,0.25243
2.88,11.88,3.6042,26.7016,0.00000,0.38255
3.12,11.88,3.6615,22.9476,0.00000,0.51204
3.38,11.88,3.7500,18.3003,0.00000,0.60723
3.62,11.88,3.6553,14.3543,0.00000,0.49892
3.88,11.88,3.7688,12.3316,0.00000,0.39425
4.12,11.88,3.7001,11.8723,0.00000,0.32543
4.38,11.88,3.8382,11.4681,0.00000,0.29260
4.62,11.88,3.7717,10.9059,0.00000,0.24056
4.88,11.88,3.8769,10.6804,0.00000,0.21797
5.12,11.88,3.8050,11.9642,0.00000,0.25143
5.38,11.88,3.8955,14.7168,0.00000,0.30639
5.62,11.88,3.8350,17.6011,0.00000,0.31201
5.88,11.88,3.9246,18.9886,0.00000,0.33176
6.12,11.88,3.8948,19.9593,0.00000,0.36480
6.38,11.88,4.0116,21.3373,0.00000,0.41512
6.62,11.88,4.1036,23.5845,0.00000,0.42767
6.88,11.88,4.4753,26.8086,0.00000,0.37557
7.12,11.88,4.4035,29.8180,0.00000,0.21206
7.38,11.88,3.4501,30.7429,0.00000,0.07679
2.62,12.12,2.7122,31.4255,0.00000,0.26648
2.88,12.12,3.6325,27.6379,0.00000,0.40560
3.12,12.12,3.6823,24.1838,0.00000,0.54439
3.38,12.12,3.7531,19.8464,0.00000,0.64575
3.62,12.12,3.6599,16.2267,0.00000,0.52792
3.88,12.12,3.7752,14.2303,0.00000,0.41403
4.12,12.12,3.7107,13.8332,0.00000,0.34386
4.38,12.12,3.8451,13.2580,0.00000,0.31285
4.62,12.12,3.7843,12.5463,0.00000,0.25670
4.88,12.12,3.8933,12.3033,0.00000,0.22891
5.12,12.12,3.8205,13.5988,0.00000,0.25761
5.38,12.12,3.9027,16.2358,0.00000,0.30949
5.62,12.12,3.8424,19.0442,0.00000,0.31833
5.88,12.12,3.9433,20.6132,0.00000,0.34344
6.12,12.12,3.9124,21.8126,0.00000,0.37357
6.38,12.12,4.0127,23.2438,0.00000,0.41669
6.62,12.12,4.0981,25.5146,0.00000,0.42640
6.88,12.12,4.4593,28.8732,0.00000,0.37592
7.12,12.12,4.3911,32.2751,0.00000,0.21250
7.38,12.12,3.4858,33.4714,0.00000,0.07681
2.62,12.38,2.7194,32.4801,0.00000,0.27431
2.88,12.38,3.6477,28.9848,0.00000,0.41934
3.12,12.38,3.7032,25.6558,0.00000,0.56933
3.38,12.38,3.7717,21.2613,0.00000,0.68140
3.62,12.38,3.6732,17.6671,0.00000,0.55164
3.88,12.38,3.7790,15.9160,0.00000,0.42473
4.12,12.38,3.7183,15.8727,0.00000,0.35664
4.38,12.38,3.8546,15.3059,0.00000,0.33026
4.62,12.38,3.8013,14.5917,0.00000,0.26982
4.88,12.38,3.9030,14.1647,0.00000,0.23721
5.12,12.38,3.8255,15.2134,0.00000,0.26246
5.38,12.38,3.9069,17.6944,0.00000,0.31146
5.62,12.38,3.8496,20.4775,0.00000,0.32238
5.88,12.38,3.9563,22.2952,0.00000,0.34972
6.12,12.38,3.9220,23.7352,0.00000,0.37611
6.38,12.38,4.0079,25.1644,0.00000,0.41502
6.62,12.38,4.0875,27.4053,0.00000,0.42443
6.88,12.38,4.4425,30.8856,0.00000,0.37710
7.12,12.38,4.3822,34.6459,0.00000,0.21385
7.38,12.38,3.5294,36.0376,0.00000,0.07711
2.62,12.62,2.7432,34.4327,0.00000,0.28581
2.88,12.62,3.6696,30.7476,0.00000,0.43380
3.12,12.62,3.7222,27.2974,0.00000,0.58568
3.38,12.62,3.7826,22.8796,0.00000,0.70203
3.62,12.62,3.6845,19.3671,0.00000,0.56608
3.88,12.62,3.7867,17.7361,0.00000,0.43154
4.12,12.62,3.7229,17.9048,0.00000,0.36462
4.38,12.62,3.8570,17.4585,0.00000,0.34052
4.62,12.62,3.8184,16.9346,0.00000,0.27847
4.88,12.62,3.9168,16.2630,0.00000,0.24409
5.12,12.62,3.8332,16.9944,0.00000,0.26751
5.38,12.62,3.9131,19.3561,0.00000,0.31667
5.62,12.62,3.8587,22.1485,0.00000,0.32738
5.88,12.62,3.9647,24.1182,0.00000,0.35061
6.12,12.62,3.9233,25.7050,0.00000,0.37386
6.38,12.62,3.9975,27.1368,0.00000,0.41013
6.62,12.62,4.0718,29.3652,0.00000,0.41582
6.88,12.62,4.4226,33.0007,0.00000,0.37146
7.12,12.62,4.3710,37.1328,0.00000,0.21206
7.38,12.62,3.5786,38.8111,0.00000,0.07663
2.62,12.88,2.7663,36.0050,0.00000,0.29714
2.88,12.88,3.6907,32.1132,0.00000,0.45059
3.12,12.88,3.7469,28.5740,0.00000,0.60575
3.38,12.88,3.7885,24.5162,0.00000,0.72011
3.62,12.88,3.6831,21.4203,0.00000,0.57438
3.88,12.88,3.7858,19.7057,0.00000,0.43207
4.12,12.88,3.7283,19.7888,0.00000,0.36511
4.38,12.88,3.8633,19.3857,0.00000,0.34180
4.62,12.88,3.8312,19.0473,0.00000,0.27980
4.88,12.88,3.9281,18.2201,0.00000,0.24551
5.12,12.88,3.8469,18.7699,0.00000,0.26979
5.38,12.88,3.9228,21.0454,0.00000,0.32116
5.62,12.88,3.8609,23.8427,0.00000,0.32706
5.88,12.88,3.9600,26.0130,0.00000,0.33864
6.12,12.88,3.9166,27.7617,0.00000,0.35890
6.38,12.88,3.9897,29.2225,0.00000,0.39683
6.62,12.88,4.0574,31.4758,0.00000,0.39798
6.88,12.88,4.4025,35.3042,0.00000,0.35483
7.12,12.88,4.3563,39.8840,0.00000,0.20387
7.38,12.88,3.6265,41.9953,0.00000,0.07434
2.62,13.12,2.8001,36.6388,0.00000,0.30873
2.88,13.12,3.7231,33.0072,0.00000,0.46743
3.12,13.12,3.7711,29.5515,0.00000,0.62201
3.38,13.12,3.7816,25.8426,0.00000,0.72970
3.62,13.12,3.6804,23.1857,0.00000,0.57892
3.88,13.12,3.7918,21.4171,0.00000,0.43422
4.12,13.12,3.7349,21.3668,0.00000,0.36464
4.38,13.12,3.8642,20.8670,0.00000,0.33946
4.62,13.12,3.8363,20.5335,0.00000,0.27750
4.88,13.12,3.9337,19.6909,0.00000,0.24261
5.12,13.12,3.8595,20.3101,0.00000,0.26383
5.38,13.12,3.9368,22.6394,0.00000,0.31204
5.62,13.12,3.8643,25.4728,0.00000,0.31529
5.88,13.12,3.9517,27.9503,0.00000,0.32410
6.12,13.12,3.9060,29.9389,0.00000,0.34587
6.38,13.12,3.9823,31.3551,0.00000,0.38515
6.62,13.12,4.0467,33.6163,0.00000,0.37987
6.88,13.12,4.3892,37.7392,0.00000,0.33474
7.12,13.12,4.3470,42.7611,0.00000,0.19276
7.38,13.12,3.6728,45.1913,0.00000,0.07110
2.62,13.38,2.8108,36.9828,0.00000,0.31021
2.88,13.38,3.7356,33.6214,0.00000,0.47045
3.12,13.38,3.7886,30.1443,0.00000,0.62641
3.38,13.38,3.7868,26.6567,0.00000,0.73381
3.62,13.38,3.6832,24.3142,0.00000,0.58108
3.88,13.38,3.7832,22.6224,0.00000,0.43411
4.12,13.38,3.7336,22.6206,0.00000,0.36394
4.38,13.38,3.8662,22.0609,0.00000,0.33860
4.62,13.38,3.8386,21.7234,0.00000,0.27579
4.88,13.38,3.9336,21.0728,0.00000,0.23837
5.12,13.38,3.8728,22.0011,0.00000,0.25266
5.38,13.38,3.9576,24.4456,0.00000,0.29386
5.62,13.38,3.8707,27.2585,0.00000,0.29595
5.88,13.38,3.9463,29.9184,0.00000,0.30722
6.12,13.38,3.9006,32.0612,0.00000,0.33036
6.38,13.38,3.9836,33.4054,0.00000,0.36711
6.62,13.38,4.0438,35.7018,0.00000,0.35493
6.88,13.38,4.3812,40.1957,0.00000,0.30681
7.12,13.38,4.3449,45.6460,0.00000,0.17640
7.38,13.38,3.7174,48.2457,0.00000,0.06617
2.62,13.62,2.8353,37.9105,0.00000,0.30904
2.88,13.62,3.7648,34.2555,0.00000,0.46899
3.12,13.62,3.8091,30.3423,0.00000,0.61985
3.38,13.62,3.7905,26.9678,0.00000,0.72136
3.62,13.62,3.6918,24.8619,0.00000,0.56990
3.88,13.62,3.7812,23.2157,0.00000,0.42473
4.12,13.62,3.7325,23.3313,0.00000,0.36061
4.38,13.62,3.8647,23.1486,0.00000,0.34023
4.62,13.62,3.8424,23.2952,0.00000,0.27630
4.88,13.62,3.9384,23.0249,0.00000,0.23574
5.12,13.62,3.8899,24.2745,0.00000,0.24264
5.38,13.62,3.9730,26.6565,0.00000,0.27526
5.62,13.62,3.8688,29.2263,0.00000,0.27469
5.88,13.62,3.9391,31.7617,0.00000,0.28612
6.12,13.62,3.8957,33.9795,0.00000,0.30626
6.38,13.62,3.9872,35.5292,0.00000,0.33736
6.62,13.62,4.0412,37.9542,0.00000,0.32333
6.88,13.62,4.3614,42.6043,0.00000,0.27641
7.12,13.62,4.3283,48.3967,0.00000,0.15870
7.38,13.62,3.7639,51.2533,0.00000,0.06064
2.62,13.88,2.8528,39.4005,0.00000,0.30305
2.88,13.88,3.7745,35.0597,0.00000,0.46127
3.12,13.88,3.8277,30.4555,0.00000,0.60853
3.38,13.88,3.8081,26.9382,0.00000,0.70461
3.62,13.88,3.7031,24.8434,0.00000,0.55227
3.88,13.88,3.7722,23.2679,0.00000,0.40524
4.12,13.88,3.7274,23.6145,0.00000,0.34805
4.38,13.88,3.8549,24.1144,0.00000,0.33431
4.62,13.88,3.8404,25.0687,0.00000,0.27234
4.88,13.88,3.9432,25.2613,0.00000,0.23168
5.12,13.88,3.9049,26.7327,0.00000,0.23264
5.38,13.88,3.9817,28.9713,0.00000,0.25651
5.62,13.88,3.8697,31.2499,0.00000,0.25378
5.88,13.88,3.9437,33.5096,0.00000,0.26609
6.12,13.88,3.8960,35.7820,0.00000,0.28108
6.38,13.88,3.9829,37.7302,0.00000,0.30222
6.62,13.88,4.0284,40.4165,0.00000,0.28731
6.88,13.88,4.3278,45.2365,0.00000,0.24606
7.12,13.88,4.3019,51.5278,0.00000,0.14227
7.38,13.88,3.8366,55.0039,0.00000,0.05585
2.62,14.12,2.8940,40.8259,0.00000,0.29828
2.88,14.12,3.7988,35.9632,0.00000,0.45191
3.12,14.12,3.8431,30.7820,0.00000,0.58717
3.38,14.12,3.8094,27.0415,0.00000,0.66970
3.62,14.12,3.7096,24.8812,0.00000,0.52275
3.88,14.12,3.7724,23.3325,0.00000,0.38254
4.12,14.12,3.7293,23.8395,0.00000,0.33230
4.38,14.12,3.8406,24.9434,0.00000,0.32326
4.62,14.12,3.8385,26.6587,0.00000,0.26509
4.88,14.12,3.9539,27.2688,0.00000,0.22609
5.12,14.12,3.9221,28.8953,0.00000,0.22147
5.38,14.12,3.9909,31.0951,0.00000,0.23679
5.62,14.12,3.8733,33.2014,0.00000,0.23266
5.88,14.12,3.9455,35.2101,0.00000,0.24444
6.12,14.12,3.8921,37.5045,0.00000,0.25343
6.38,14.12,3.9747,39.8641,0.00000,0.26737
6.62,14.12,4.0119,43.0230,0.00000,0.25237
6.88,14.12,4.2948,48.3219,0.00000,0.21637
7.12,14.12,4.2771,55.1654,0.00000,0.12667
7.38,14.12,3.9115,59.0938,0.00000,0.05199
2.62,14.38,2.9129,42.4303,0.00000,0.29095
2.88,14.38,3.8100,37.2544,0.00000,0.43941
3.12,14.38,3.8584,31.7637,0.00000,0.56381
3.38,14.38,3.8131,27.8534,0.00000,0.63180
3.62,14.38,3.7163,25.5504,0.00000,0.48881
3.88,14.38,3.7830,23.8855,0.00000,0.35809
4.12,14.38,3.7499,24.4286,0.00000,0.31476
4.38,14.38,3.8454,25.9061,0.00000,0.30868
4.62,14.38,3.8446,28.1705,0.00000,0.25333
4.88,14.38,3.9576,29.1175,0.00000,0.21482
5.12,14.38,3.9341,30.8811,0.00000,0.20585
5.38,14.38,3.9938,32.9408,0.00000,0.21443
5.62,14.38,3.8662,34.8414,0.00000,0.20849
5.88,14.38,3.9353,36.8633,0.00000,0.21718
6.12,14.38,3.8801,39.2995,0.00000,0.22220
6.38,14.38,3.9666,41.9786,0.00000,0.23372
6.62,14.38,3.9988,45.6282,0.00000,0.21853
6.88,14.38,4.2822,51.6059,0.00000,0.18639
7.12,14.38,4.2741,59.0444,0.00000,0.11095
7.38,14.38,3.9735,63.0696,0.00000,0.04822
2.62,14.62,2.9473,44.5899,0.00000,0.28436
2.88,14.62,3.8324,39.1785,0.00000,0.42723
3.12,14.62,3.8751,33.4912,0.00000,0.53867
3.38,14.62,3.8191,29.3334,0.00000,0.59282
3.62,14.62,3.7302,26.7955,0.00000,0.45371
3.88,14.62,3.8021,24.9744,0.00000,0.33090
4.12,14.62,3.7706,25.5187,0.00000,0.29082
4.38,14.62,3.8491,27.1501,0.00000,0.28455
4.62,14.62,3.8529,29.7225,0.00000,0.23558
4.88,14.62,3.9579,30.8093,0.00000,0.20127
5.12,14.62,3.9413,32.6448,0.00000,0.19008
5.38,14.62,3.9975,34.5875,0.00000,0.19462
5.62,14.62,3.8545,36.2819,0.00000,0.18604
5.88,14.62,3.9172,38.4064,0.00000,0.18976
6.12,14.62,3.8644,41.0952,0.00000,0.19149
6.38,14.62,3.9659,44.1486,0.00000,0.20064
6.62,14.62,3.9974,48.2411,0.00000,0.18681
6.88,14.62,4.2780,54.8256,0.00000,0.16020
7.12,14.62,4.2712,62.8202,0.00000,0.09727
7.38,14.62,4.0233,66.8513,0.00000,0.04447
2.62,14.88,2.9788,46.4626,0.00000,0.27465
2.88,14.88,3.8348,40.9392,0.00000,0.41034
3.12,14.88,3.8826,35.1298,0.00000,0.51139
3.38,14.88,3.8363,31.0010,0.00000,0.55777
3.62,14.88,3.7517,28.5444,0.00000,0.42457
3.88,14.88,3.8085,26.6378,0.00000,0.30766
4.12,14.88,3.7769,27.1415,0.00000,0.26886
4.38,14.88,3.8469,28.6507,0.00000,0.26202
4.62,14.88,3.8545,31.2700,0.00000,0.21856
4.88,14.88,3.9502,32.4678,0.00000,0.18797
5.12,14.88,3.9463,34.4532,0.00000,0.17617
5.38,14.88,4.0140,36.2957,0.00000,0.17901
5.62,14.88,3.8598,37.7547,0.00000,0.16891
5.88,14.88,3.9165,39.9585,0.00000,0.16820
6.12,14.88,3.8606,42.9423,0.00000,0.16484
6.38,14.88,3.9688,46.3761,0.00000,0.16898
6.62,14.88,3.9933,50.9080,0.00000,0.15713
6.88,14.88,4.2646,58.1303,0.00000,0.13643
7.12,14.88,4.2645,66.7767,0.00000,0.08443
7.38,14.88,4.0851,71.0540,0.00000,0.04035
2.62,15.12,3.0217,48.4940,0.00000,0.25964
2.88,15.12,3.8440,42.5262,0.00000,0.38591
3.12,15.12,3.8855,36.3987,0.00000,0.48132
3.38,15.12,3.8410,32.5280,0.00000,0.52722
3.62,15.12,3.7663,30.3891,0.00000,0.40243
3.88,15.12,3.8090,28.4553,0.00000,0.29038
4.12,15.12,3.7815,28.9904,0.00000,0.25162
4.38,15.12,3.8439,30.3656,0.00000,0.24344
4.62,15.12,3.8519,32.9357,0.00000,0.20262
4.88,15.12,3.9434,34.2669,0.00000,0.17369
5.12,15.12,3.9608,36.4605,0.00000,0.16109
5.38,15.12,4.0373,38.0776,0.00000,0.16171
5.62,15.12,3.8682,39.2252,0.00000,0.15121
5.88,15.12,3.9191,41.6771,0.00000,0.14832
6.12,15.12,3.8552,45.0854,0.00000,0.14130
6.38,15.12,3.9661,48.8338,0.00000,0.14121
6.62,15.12,3.9847,53.7637,0.00000,0.13096
6.88,15.12,4.2429,61.5264,0.00000,0.11484
7.12,15.12,4.2481,70.8054,0.00000,0.07235
7.38,15.12,4.1488,75.5113,0.00000,0.03622
2.62,15.38,3.0593,51.2227,0.00000,0.23961
2.88,15.38,3.8517,44.4309,0.00000,0.35581
3.12,15.38,3.8896,37.7305,0.00000,0.45094
3.38,15.38,3.8366,33.8548,0.00000,0.50349
3.62,15.38,3.7686,31.8661,0.00000,0.38705
3.88,15.38,3.8109,29.9288,0.00000,0.27560
4.12,15.38,3.7955,30.4745,0.00000,0.23319
4.38,15.38,3.8426,31.7581,0.00000,0.22132
4.62,15.38,3.8510,34.3322,0.00000,0.18463
4.88,15.38,3.9440,35.8772,0.00000,0.15917
5.12,15.38,3.9821,38.3035,0.00000,0.14581
5.38,15.38,4.0516,39.7908,0.00000,0.14322
5.62,15.38,3.8711,40.8601,0.00000,0.13042
5.88,15.38,3.9258,43.7099,0.00000,0.12464
6.12,15.38,3.8520,47.5207,0.00000,0.11678
6.38,15.38,3.9624,51.5990,0.00000,0.11532
6.62,15.38,3.9715,56.9748,0.00000,0.10690
6.88,15.38,4.2164,65.2909,0.00000,0.09474
7.12,15.38,4.2326,75.2402,0.00000,0.06111
7.38,15.38,4.2229,80.4609,0.00000,0.03246
2.62,15.62,3.1007,52.5064,0.00000,0.21741
2.88,15.62,3.8724,45.8283,0.00000,0.32383
3.12,15.62,3.9012,39.1911,0.00000,0.41850
3.38,15.62,3.8263,35.1459,0.00000,0.47786
3.62,15.62,3.7674,32.9790,0.00000,0.37180
3.88,15.62,3.8148,30.8400,0.00000,0.26292
4.12,15.62,3.8054,31.1290,0.00000,0.21551
4.38,15.62,3.8369,32.3150,0.00000,0.19848
4.62,15.62,3.8498,34.9888,0.00000,0.16709
4.88,15.62,3.9368,36.9115,0.00000,0.14611
5.12,15.62,3.9964,39.7391,0.00000,0.13213
5.38,15.62,4.0576,41.4316,0.00000,0.12627
5.62,15.62,3.8787,42.8626,0.00000,0.10995
5.88,15.62,3.9379,46.0721,0.00000,0.10064
6.12,15.62,3.8500,50.1150,0.00000,0.09369
6.38,15.62,3.9666,54.6758,0.00000,0.09307
6.62,15.62,3.9646,60.7786,0.00000,0.08596
6.88,15.62,4.1863,70.0202,0.00000,0.07597
7.12,15.62,4.2042,80.7591,0.00000,0.05034
7.38,15.62,4.3009,86.4160,0.00000,0.02914
2.62,15.88,3.1262,51.3663,0.00000,0.19848
2.88,15.88,3.8908,46.2017,0.00000,0.29659
3.12,15.88,3.9252,40.4386,0.00000,0.38914
3.38,15.88,3.8346,36.2940,0.00000,0.44999
3.62,15.88,3.7740,33.8644,0.00000,0.35252
3.88,15.88,3.8091,31.5443,0.00000,0.24956
4.12,15.88,3.8000,31.5184,0.00000,0.20039
4.38,15.88,3.8242,32.4834,0.00000,0.18045
4.62,15.88,3.8533,35.1399,0.00000,0.15428
4.88,15.88,3.9304,37.2989,0.00000,0.13674
5.12,15.88,4.0023,40.4518,0.00000,0.12029
5.38,15.88,4.0557,42.6849,0.00000,0.11005
5.62,15.88,3.9056,44.8897,0.00000,0.09219
5.88,15.88,3.9604,48.5189,0.00000,0.08150
6.12,15.88,3.8409,52.9586,0.00000,0.07517
6.38,15.88,3.9537,58.0650,0.00000,0.07475
6.62,15.88,3.9321,65.0510,0.00000,0.06726
6.88,15.88,4.1348,75.7306,0.00000,0.05782
7.12,15.88,4.1712,87.8339,0.00000,0.03968
7.38,15.88,4.4347,94.5539,0.00000,0.02607
2.62,16.12,3.1589,49.0822,0.00000,0.18353
2.88,16.12,3.9090,45.7367,0.00000,0.27344
3.12,16.12,3.9450,40.9673,0.00000,0.35885
3.38,16.12,3.8534,36.8510,0.00000,0.41350
3.62,16.12,3.7942,34.3154,0.00000,0.32413
3.88,16.12,3.8021,32.1604,0.00000,0.23141
4.12,16.12,3.7920,32.1440,0.00000,0.18546
4.38,16.12,3.8049,32.8206,0.00000,0.16597
4.62,16.12,3.8375,35.2390,0.00000,0.14430
4.88,16.12,3.9050,37.4636,0.00000,0.12926
5.12,16.12,4.0019,40.6981,0.00000,0.11037
5.38,16.12,4.0604,43.3674,0.00000,0.09630
5.62,16.12,3.9644,46.2843,0.00000,0.07889
5.88,16.12,4.0023,50.2666,0.00000,0.06853
6.12,16.12,3.8397,55.1655,0.00000,0.06186
6.38,16.12,3.9293,60.7401,0.00000,0.05998
6.62,16.12,3.8765,68.7711,0.00000,0.05185
6.88,16.12,4.0534,80.9531,0.00000,0.04338
7.12,16.12,4.1109,94.9358,0.00000,0.03115
7.38,16.12,4.5961,104.0937,0.00000,0.02352
2.62,16.38,3.2062,48.2908,0.00000,0.16974
2.88,16.38,3.9386,45.6562,0.00000,0.25071
3.12,16.38,3.9713,41.1577,0.00000,0.32461
3.38,16.38,3.8785,37.1086,0.00000,0.37101
3.62,16.38,3.8248,34.6761,0.00000,0.29133
3.88,16.38,3.8100,32.7992,0.00000,0.20944
4.12,16.38,3.7912,32.8321,0.00000,0.16746
4.38,16.38,3.7829,33.3360,0.00000,0.14900
4.62,16.38,3.8183,35.5771,0.00000,0.13208
4.88,16.38,3.8720,37.8093,0.00000,0.12020
5.12,16.38,3.9782,40.8329,0.00000,0.10063
5.38,16.38,4.0358,43.5282,0.00000,0.08479
5.62,16.38,4.0319,46.7122,0.00000,0.06910
5.88,16.38,4.0682,50.6506,0.00000,0.05975
6.12,16.38,3.8902,55.4939,0.00000,0.05295
6.38,16.38,3.9514,61.3000,0.00000,0.04990
6.62,16.38,3.8474,70.2737,0.00000,0.04188
6.88,16.38,3.9769,83.3546,0.00000,0.03466
7.12,16.38,4.0416,98.1887,0.00000,0.02612
7.38,16.38,4.7192,108.1496,0.00000,0.02228
2.62,16.62,3.2249,48.8921,0.00000,0.15264
2.88,16.62,3.9572,46.1494,0.00000,0.22424
3.12,16.62,3.9951,41.5733,0.00000,0.28961
3.38,16.62,3.8853,37.5686,0.00000,0.33112
3.62,16.62,3.8317,35.1658,0.00000,0.26047
3.88,16.62,3.8242,33.5095,0.00000,0.18773
4.12,16.62,3.8151,33.5608,0.00000,0.15136
4.38,16.62,3.7836,34.0480,0.00000,0.13486
4.62,16.62,3.8133,36.2079,0.00000,0.11972
4.88,16.62,3.8420,38.3788,0.00000,0.10884
5.12,16.62,3.9410,41.0132,0.00000,0.09033
5.38,16.62,3.9766,43.4562,0.00000,0.07462
5.62,16.62,4.0489,46.4627,0.00000,0.06118
5.88,16.62,4.0946,49.9662,0.00000,0.05292
6.12,16.62,3.9795,54.3940,0.00000,0.04658
6.38,16.62,4.0288,60.4475,0.00000,0.04311
6.62,16.62,3.8972,69.8892,0.00000,0.03584
6.88,16.62,3.9802,82.6906,0.00000,0.02982
7.12,16.62,3.9713,94.6612,0.00000,0.02374
7.38,16.62,4.5859,98.7655,0.00000,0.02193
2.62,16.88,3.2294,50.3507,0.00000,0.13635
2.88,16.88,3.9730,47.2324,0.00000,0.19970
3.12,16.88,4.0095,42.4252,0.00000,0.25759
3.38,16.88,3.8808,38.3772,0.00000,0.29367
3.62,16.88,3.8350,35.9796,0.00000,0.23134
3.88,16.88,3.8396,34.4408,0.00000,0.16715
4.12,16.88,3.8395,34.3786,0.00000,0.13798
4.38,16.88,3.7986,35.0039,0.00000,0.12593
4.62,16.88,3.8330,37.1403,0.00000,0.11152
4.88,16.88,3.8292,39.1415,0.00000,0.09900
5.12,16.88,3.9038,41.4683,0.00000,0.08090
5.38,16.88,3.9046,43.8218,0.00000,0.06577
5.62,16.88,4.0095,46.6319,0.00000,0.05467
5.88,16.88,4.0527,49.9037,0.00000,0.04757
6.12,16.88,4.0407,54.1730,0.00000,0.04195
6.38,16.88,4.0790,60.3632,0.00000,0.03823
6.62,16.88,3.9744,69.2400,0.00000,0.03235
6.88,16.88,4.0265,80.4412,0.00000,0.02776
7.12,16.88,3.9366,88.5913,0.00000,0.02331
7.38,16.88,4.2238,87.5068,0.00000,0.02116
7.62,16.88,4.3386,82.8500,0.00000,0.01986
7.88,16.88,4.0484,86.2943,0.00000,0.01775
2.62,17.12,3.2063,51.2810,0.00000,0.12349
2.88,17.12,3.9866,48.0551,0.00000,0.18251
3.12,17.12,4.0367,43.3239,0.00000,0.23442
3.38,17.12,3.8957,39.3016,0.00000,0.26375
3.62,17.12,3.8452,36.8612,0.00000,0.20711
3.88,17.12,3.8510,35.4277,0.00000,0.15010
4.12,17.12,3.8640,35.3129,0.00000,0.12687
4.38,17.12,3.8174,36.1208,0.00000,0.11823
4.62,17.12,3.8489,38.1825,0.00000,0.10385
4.88,17.12,3.8235,40.1192,0.00000,0.08915
5.12,17.12,3.8878,42.5092,0.00000,0.07174
5.38,17.12,3.8559,45.0828,0.00000,0.05813
5.62,17.12,3.9479,47.8781,0.00000,0.04925
5.88,17.12,3.9645,51.5019,0.00000,0.04312
6.12,17.12,4.0253,56.1640,0.00000,0.03846
6.38,17.12,4.0411,62.0742,0.00000,0.03478
6.62,17.12,4.0160,69.0709,0.00000,0.03077
6.88,17.12,4.0341,76.7130,0.00000,0.02751
7.12,17.12,3.9562,81.9914,0.00000,0.02410
7.38,17.12,3.9584,81.0486,0.00000,0.02085
7.62,17.12,4.0173,77.4390,0.00000,0.01898
7.88,17.12,4.1391,80.7437,0.00000,0.01849
8.12,17.12,4.0747,91.8231,0.00000,0.01710
8.38,17.12,3.7159,103.5836,0.00000,0.01441
2.62,17.38,3.1987,52.5449,0.00000,0.11752
2.88,17.38,4.0110,48.6938,0.00000,0.17420
3.12,17.38,4.0599,43.7029,0.00000,0.21901
3.38,17.38,3.9153,39.8899,0.00000,0.24046
3.62,17.38,3.8652,37.6491,0.00000,0.18966
3.88,17.38,3.8618,36.2506,0.00000,0.14055
4.12,17.38,3.8726,36.0217,0.00000,0.11975
4.38,17.38,3.8355,36.8790,0.00000,0.10993
4.62,17.38,3.8696,38.9512,0.00000,0.09445
4.88,17.38,3.8264,41.1050,0.00000,0.07893
5.12,17.38,3.8821,43.9441,0.00000,0.06303
5.38,17.38,3.8347,47.1298,0.00000,0.05134
5.62,17.38,3.9032,50.1510,0.00000,0.04452
5.88,17.38,3.8872,54.3344,0.00000,0.03946
6.12,17.38,3.9728,59.6059,0.00000,0.03590
6.38,17.38,3.9606,64.8067,0.00000,0.03247
6.62,17.38,3.9980,69.3582,0.00000,0.02975
6.88,17.38,3.9865,73.2189,0.00000,0.02719
7.12,17.38,3.9755,75.5146,0.00000,0.02445
7.38,17.38,3.9877,74.9949,0.00000,0.02166
7.62,17.38,3.9671,73.0664,0.00000,0.01960
7.88,17.38,4.0016,76.0886,0.00000,0.01873
8.12,17.38,4.0271,84.0616,0.00000,0.01757
8.38,17.38,4.0590,90.2476,0.00000,0.01613
8.62,17.38,3.9103,80.4091,0.00000,0.01455
8.88,17.38,3.5180,63.5953,0.00000,0.01272
2.62,17.62,3.1589,53.5163,0.00000,0.11095
2.88,17.62,3.9973,48.8131,0.00000,0.16476
3.12,17.62,4.0612,43.5885,0.00000,0.20677
3.38,17.62,3.9214,40.2414,0.00000,0.22505
3.62,17.62,3.8548,38.3591,0.00000,0.17730
3.88,17.62,3.8628,36.9472,0.00000,0.13317
4.12,17.62,3.8885,36.6638,0.00000,0.11514
4.38,17.62,3.8676,37.5556,0.00000,0.10512
4.62,17.62,3.8835,39.6670,0.00000,0.08703
4.88,17.62,3.8376,42.2151,0.00000,0.06959
5.12,17.62,3.8874,45.7167,0.00000,0.05532
5.38,17.62,3.8256,49.7066,0.00000,0.04547
5.62,17.62,3.8687,53.3960,0.00000,0.04009
5.88,17.62,3.8493,58.2687,0.00000,0.03611
6.12,17.62,3.9261,63.6166,0.00000,0.03341
6.38,17.62,3.9170,67.2758,0.00000,0.03060
6.62,17.62,3.9624,68.8430,0.00000,0.02853
6.88,17.62,3.9871,69.8749,0.00000,0.02662
7.12,17.62,3.9864,70.8057,0.00000,0.02417
7.38,17.62,4.0030,70.5086,0.00000,0.02186
7.62,17.62,4.0171,69.5008,0.00000,0.02051
7.88,17.62,4.0296,71.6572,0.00000,0.01978
8.12,17.62,4.0091,77.0497,0.00000,0.01846
8.38,17.62,4.0577,82.5124,0.00000,0.01709
8.62,17.62,4.0688,79.8773,0.00000,0.01590
8.88,17.62,4.0485,75.0797,0.00000,0.01513
9.12,17.62,4.2233,79.9987,0.00002,0.01546
2.62,17.88,3.1336,53.6488,0.00000,0.10330
2.88,17.88,3.9694,48.6100,0.00000,0.15201
3.12,17.88,4.0203,43.4083,0.00000,0.19121
3.38,17.88,3.9104,40.5930,0.00000,0.21151
3.62,17.88,3.8516,39.2141,0.00000,0.16813
3.88,17.88,3.8693,37.7772,0.00000,0.12621
4.12,17.88,3.8821,37.4559,0.00000,0.10749
4.38,17.88,3.8821,38.6447,0.00000,0.09685
4.62,17.88,3.8915,41.1907,0.00000,0.07955
4.88,17.88,3.8453,44.4241,0.00000,0.06301
5.12,17.88,3.8659,48.7314,0.00000,0.05048
5.38,17.88,3.8229,53.5112,0.00000,0.04207
5.62,17.88,3.8566,57.9152,0.00000,0.03681
5.88,17.88,3.8625,62.7041,0.00000,0.03297
6.12,17.88,3.9021,66.6197,0.00000,0.03069
6.38,17.88,3.9365,68.1279,0.00000,0.02891
6.62,17.88,3.9582,67.4369,0.00000,0.02720
6.88,17.88,3.9694,66.4973,0.00000,0.02541
7.12,17.88,4.0051,66.5364,0.00000,0.02349
7.38,17.88,4.0305,66.7437,0.00000,0.02166
7.62,17.88,4.0238,66.9846,0.00000,0.02047
7.88,17.88,4.0238,68.6969,0.00000,0.01974
8.12,17.88,4.0426,72.1120,0.00000,0.01885
8.38,17.88,4.0965,76.8985,0.00000,0.01804
8.62,17.88,4.0709,78.6531,0.00000,0.01685
8.88,17.88,4.0948,79.9796,0.00000,0.01599
9.12,17.88,4.3120,85.2945,0.00006,0.01622
9.38,17.88,4.4320,92.9958,0.00082,0.01567
9.62,17.88,4.2521,105.1923,0.00487,0.01442
2.62,18.12,3.0639,52.8269,0.00000,0.09263
2.88,18.12,3.9100,48.3066,0.00000,0.13665
3.12,18.12,3.9781,43.7947,0.00000,0.17614
3.38,18.12,3.9080,41.4762,0.00000,0.20180
3.62,18.12,3.8352,40.4734,0.00000,0.16200
3.88,18.12,3.8572,39.2507,0.00000,0.12039
4.12,18.12,3.8551,39.2958,0.00000,0.09933
4.38,18.12,3.8627,41.1810,0.00000,0.08686
4.62,18.12,3.8631,44.7958,0.00000,0.07138
4.88,18.12,3.8398,49.1876,0.00000,0.05794
5.12,18.12,3.8501,54.3686,0.00000,0.04746
5.38,18.12,3.8630,59.3089,0.00000,0.04006
5.62,18.12,3.8786,63.1110,0.00000,0.03457
5.88,18.12,3.9047,66.0810,0.00000,0.03066
6.12,18.12,3.9212,67.4816,0.00000,0.02853
6.38,18.12,3.9412,67.1007,0.00000,0.02692
6.62,18.12,3.9662,65.6661,0.00000,0.02533
6.88,18.12,3.9738,64.5250,0.00000,0.02358
7.12,18.12,4.0010,64.3385,0.00000,0.02212
7.38,18.12,4.0186,64.3247,0.00000,0.02114
7.62,18.12,4.0274,64.5622,0.00000,0.02047
7.88,18.12,4.0323,65.8977,0.00000,0.01973
8.12,18.12,4.0231,68.6991,0.00000,0.01870
8.38,18.12,4.0645,72.6770,0.00000,0.01808
8.62,18.12,4.0946,75.4250,0.00000,0.01755
8.88,18.12,4.0930,78.3446,0.00000,0.01701
9.12,18.12,4.1057,83.5340,0.00008,0.01674
9.38,18.12,4.1596,90.1149,0.00109,0.01596
9.62,18.12,4.3234,101.7636,0.00595,0.01586
9.88,18.12,4.2866,121.5539,0.02081,0.01552
10.12,18.12,3.8584,140.7149,0.07121,0.01390
2.62,18.38,3.0665,52.8461,0.00000,0.08373
2.88,18.38,3.8979,48.9148,0.00000,0.12349
3.12,18.38,3.9391,45.0031,0.00000,0.16079
3.38,18.38,3.8721,43.1106,0.00000,0.18693
3.62,18.38,3.8077,42.8738,0.00000,0.15101
3.88,18.38,3.8405,42.5950,0.00000,0.11196
4.12,18.38,3.8044,43.6332,0.00000,0.08943
4.38,18.38,3.8133,46.5604,0.00000,0.07543
4.62,18.38,3.8220,51.5329,0.00000,0.06203
4.88,18.38,3.8530,56.8137,0.00000,0.05203
5.12,18.38,3.8634,61.5008,0.00000,0.04401
5.38,18.38,3.9042,64.6340,0.00000,0.03776
5.62,18.38,3.9251,66.1669,0.00000,0.03286
5.88,18.38,3.9267,66.5925,0.00000,0.02893
6.12,18.38,3.9403,66.1573,0.00000,0.02665
6.38,18.38,3.9573,65.2372,0.00000,0.02505
6.62,18.38,3.9814,64.0418,0.00000,0.02360
6.88,18.38,3.9823,63.2196,0.00000,0.02192
7.12,18.38,3.9985,63.3565,0.00000,0.02065
7.38,18.38,4.0121,63.6832,0.00000,0.02028
7.62,18.38,4.0027,63.9103,0.00000,0.02012
7.88,18.38,4.0029,64.4131,0.00000,0.01972
8.12,18.38,4.0280,66.1721,0.00000,0.01915
8.38,18.38,4.0496,69.2636,0.00000,0.01873
8.62,18.38,4.0265,72.4985,0.00000,0.01829
8.88,18.38,4.0326,75.7895,0.00000,0.01816
9.12,18.38,4.0837,80.3416,0.00005,0.01856
9.38,18.38,4.0979,86.0140,0.00065,0.01821
9.62,18.38,4.1683,96.4214,0.00393,0.01800
9.88,18.38,4.1929,111.2844,0.01948,0.01722
10.12,18.38,4.1390,120.8138,0.08096,0.01595
10.38,18.38,4.0222,107.0110,0.18710,0.01490
10.62,18.38,3.7075,84.1490,0.25127,0.01338
2.62,18.62,3.0649,54.1010,0.00000,0.07177
2.88,18.62,3.8417,50.6555,0.00000,0.10675
3.12,18.62,3.8931,47.5513,0.00000,0.14429
3.38,18.62,3.8361,46.3065,0.00000,0.17056
3.62,18.62,3.7531,47.0310,0.00000,0.13540
3.88,18.62,3.7910,48.1423,0.00000,0.09723
4.12,18.62,3.7618,50.5748,0.00000,0.07599
4.38,18.62,3.8246,54.4373,0.00000,0.06414
4.62,18.62,3.8441,59.3925,0.00000,0.05420
4.88,18.62,3.8783,63.8232,0.00000,0.04648
5.12,18.62,3.9074,66.3037,0.00000,0.04039
5.38,18.62,3.9187,66.1804,0.00000,0.03526
5.62,18.62,3.9294,65.3610,0.00000,0.03106
5.88,18.62,3.9361,64.7713,0.00000,0.02747
6.12,18.62,3.9527,64.0426,0.00000,0.02505
6.38,18.62,3.9629,63.3239,0.00000,0.02345
6.62,18.62,3.9850,62.7915,0.00000,0.02240
6.88,18.62,3.9924,62.3116,0.00000,0.02108
7.12,18.62,3.9868,62.2442,0.00000,0.01978
7.38,18.62,3.9919,62.7621,0.00000,0.01948
7.62,18.62,4.0073,63.9776,0.00000,0.01980
7.88,18.62,4.0114,65.0397,0.00000,0.01988
8.12,18.62,3.9999,65.9401,0.00000,0.01972
8.38,18.62,4.0074,67.2934,0.00000,0.01988
8.62,18.62,4.0186,70.1091,0.00000,0.01975
8.88,18.62,4.0207,73.8409,0.00000,0.01921
9.12,18.62,4.0416,78.0985,0.00001,0.01929
9.38,18.62,4.0776,82.7387,0.00016,0.01989
9.62,18.62,4.1539,90.8792,0.00130,0.02062
9.88,18.62,4.1425,101.8361,0.01023,0.01969
10.12,18.62,4.0945,109.5772,0.05291,0.01765
10.38,18.62,4.1535,106.5187,0.15091,0.01624
10.62,18.62,4.2660,101.0855,0.29495,0.01574
10.88,18.62,4.5566,103.6839,0.50946,0.01650
2.62,18.88,3.1376,58.0161,0.00000,0.06061
2.88,18.88,3.8247,54.4638,0.00000,0.08838
3.12,18.88,3.8436,52.2655,0.00000,0.11893
3.38,18.88,3.8006,52.4384,0.00000,0.14008
3.62,18.88,3.7153,54.4468,0.00000,0.11094
3.88,18.88,3.7943,56.3895,0.00000,0.08035
4.12,18.88,3.7927,58.3138,0.00000,0.06368
4.38,18.88,3.8488,60.8225,0.00000,0.05450
4.62,18.88,3.8945,63.4387,0.00000,0.04816
4.88,18.88,3.8989,65.5473,0.00000,0.04232
5.12,18.88,3.9100,66.3533,0.00000,0.03719
5.38,18.88,3.9245,64.8677,0.00000,0.03294
5.62,18.88,3.9375,63.1466,0.00000,0.02944
5.88,18.88,3.9419,62.6005,0.00000,0.02641
6.12,18.88,3.9578,62.6875,0.00000,0.02413
6.38,18.88,3.9774,62.8613,0.00000,0.02249
6.62,18.88,3.9933,62.7966,0.00000,0.02157
6.88,18.88,3.9934,62.0036,0.00000,0.02069
7.12,18.88,3.9912,61.3553,0.00000,0.01962
7.38,18.88,3.9918,61.7099,0.00000,0.01910
7.62,18.88,3.9879,63.3038,0.00000,0.01936
7.88,18.88,4.0064,64.9407,0.00000,0.02003
8.12,18.88,4.0236,66.2599,0.00000,0.02046
8.38,18.88,4.0093,67.5358,0.00000,0.02065
8.62,18.88,3.9891,69.7253,0.00000,0.02044
8.88,18.88,4.0151,72.5272,0.00000,0.01996
9.12,18.88,4.0597,75.9626,0.00000,0.01965
9.38,18.88,4.0574,80.5337,0.00002,0.01971
9.62,18.88,4.0901,87.3450,0.00022,0.02050
9.88,18.88,4.1240,94.5812,0.00263,0.02088
10.12,18.88,4.1041,100.6781,0.01912,0.01975
10.38,18.88,4.1344,105.8874,0.08674,0.01813
10.62,18.88,4.3100,109.7866,0.26646,0.01735
10.88,18.88,4.7052,110.6613,0.54821,0.01802
11.12,18.88,4.8882,108.0305,0.74425,0.01874
11.38,18.88,4.4470,102.5798,0.73131,0.01762
2.62,19.12,3.1260,64.0091,0.00000,0.05000
2.88,19.12,3.8052,60.2883,0.00000,0.07071
3.12,19.12,3.8444,60.5838,0.00000,0.09203
3.38,19.12,3.8725,62.9861,0.00000,0.10811
3.62,19.12,3.7814,63.9739,0.00000,0.08776
3.88,19.12,3.7990,63.8080,0.00000,0.06527
4.12,19.12,3.8411,63.1772,0.00000,0.05396
4.38,19.12,3.8675,62.8162,0.00000,0.04729
4.62,19.12,3.8702,62.7190,0.00000,0.04224
4.88,19.12,3.8775,62.9450,0.00000,0.03770
5.12,19.12,3.9090,63.1135,0.00000,0.03416
5.38,19.12,3.9331,62.5252,0.00000,0.03115
5.62,19.12,3.9355,61.9493,0.00000,0.02823
5.88,19.12,3.9413,61.8446,0.00000,0.02565
6.12,19.12,3.9653,62.1718,0.00000,0.02372
6.38,19.12,3.9774,62.7302,0.00000,0.02222
6.62,19.12,3.9855,63.1172,0.00000,0.02114
6.88,19.12,3.9911,62.2337,0.00000,0.02029
7.12,19.12,3.9913,61.0148,0.00000,0.01959
7.38,19.12,3.9944,60.5580,0.00000,0.01927
7.62,19.12,4.0010,61.5883,0.00000,0.01938
7.88,19.12,4.0055,63.3342,0.00000,0.01991
8.12,19.12,3.9995,65.1885,0.00000,0.02061
8.38,19.12,4.0047,67.0302,0.00000,0.02127
8.62,19.12,4.0117,69.5551,0.00000,0.02147
8.88,19.12,4.0049,72.4473,0.00000,0.02079
9.12,19.12,4.0117,75.4351,0.00000,0.01975
9.38,19.12,4.0411,79.2741,0.00000,0.01935
9.62,19.12,4.0710,84.2884,0.00004,0.01981
9.88,19.12,4.0554,88.9892,0.00047,0.02056
10.12,19.12,4.0485,93.3839,0.00439,0.02062
10.38,19.12,4.1364,100.0699,0.03132,0.02032
10.62,19.12,4.2285,105.8393,0.13107,0.01941
10.88,19.12,4.3593,107.8000,0.30885,0.01859
11.12,19.12,4.4550,106.4944,0.48362,0.01864
11.38,19.12,4.4352,101.4585,0.61513,0.01855
11.62,19.12,4.3515,87.3261,0.67253,0.01737
11.88,19.12,4.0594,71.6636,0.60264,0.01585
2.62,19.38,3.1333,66.5788,0.00000,0.04528
2.88,19.38,3.8793,62.4657,0.00000,0.06129
3.12,19.38,3.9284,67.1446,0.00000,0.07402
3.38,19.38,3.8909,72.0380,0.00000,0.08357
3.62,19.38,3.8408,70.3555,0.00000,0.07125
3.88,19.38,3.8418,66.4087,0.00000,0.05608
4.12,19.38,3.8308,63.3996,0.00000,0.04684
4.38,19.38,3.8376,61.8759,0.00000,0.04132
4.62,19.38,3.8527,60.6552,0.00000,0.03759
4.88,19.38,3.8674,59.8499,0.00000,0.03393
5.12,19.38,3.8803,60.3743,0.00000,0.03092
5.38,19.38,3.9078,61.5940,0.00000,0.02876
5.62,19.38,3.9392,62.4062,0.00000,0.02693
5.88,19.38,3.9403,62.2209,0.00000,0.02489
6.12,19.38,3.9447,62.1227,0.00000,0.02307
6.38,19.38,3.9671,62.4055,0.00000,0.02188
6.62,19.38,3.9933,62.8285,0.00000,0.02108
6.88,19.38,3.9984,62.2327,0.00000,0.02021
7.12,19.38,3.9992,61.3536,0.00000,0.01950
7.38,19.38,3.9954,60.5274,0.00000,0.01917
7.62,19.38,3.9899,60.4970,0.00000,0.01944
7.88,19.38,3.9989,61.4317,0.00000,0.02020
8.12,19.38,4.0027,63.1983,0.00000,0.02094
8.38,19.38,3.9877,65.3325,0.00000,0.02137
8.62,19.38,3.9811,68.2338,0.00000,0.02170
8.88,19.38,3.9997,72.0323,0.00000,0.02128
9.12,19.38,4.0109,75.9705,0.00000,0.02000
9.38,19.38,4.0022,79.7129,0.00003,0.01924
9.62,19.38,4.0141,83.1051,0.00033,0.01973
9.88,19.38,4.0412,86.6816,0.00157,0.02113
10.12,19.38,4.0490,90.7578,0.00343,0.02178
10.38,19.38,4.0750,96.3662,0.00857,0.02182
10.62,19.38,4.0864,100.3798,0.03353,0.02110
10.88,19.38,4.1616,102.9134,0.10190,0.02035
11.12,19.38,4.2608,104.0629,0.25702,0.02005
11.38,19.38,4.2775,100.4243,0.48175,0.01908
11.62,19.38,4.3712,90.6705,0.64837,0.01778
11.88,19.38,4.5196,84.1213,0.66113,0.01780
12.12,19.38,4.2213,83.7289,0.45452,0.01688
12.38,19.38,3.5342,78.1838,0.30614,0.01399
2.88,19.62,3.5026,55.6810,0.00000,0.05256
3.12,19.62,3.8639,67.6272,0.00000,0.06637
3.38,19.62,3.9476,75.3264,0.00000,0.07392
3.62,19.62,3.8764,72.4471,0.00000,0.06318
3.88,19.62,3.8423,66.5367,0.00000,0.05051
4.12,19.62,3.8274,61.9663,0.00000,0.04228
4.38,19.62,3.8341,60.0601,0.00000,0.03739
4.62,19.62,3.8210,59.2074,0.00000,0.03418
4.88,19.62,3.8395,58.7570,0.00000,0.03097
5.12,19.62,3.8826,59.7533,0.00000,0.02810
5.38,19.62,3.8972,61.5382,0.00000,0.02588
5.62,19.62,3.9082,63.0766,0.00000,0.02441
5.88,19.62,3.9260,63.0021,0.00000,0.02340
6.12,19.62,3.9500,62.4227,0.00000,0.02257
6.38,19.62,3.9600,62.1289,0.00000,0.02160
6.62,19.62,3.9804,62.5366,0.00000,0.02061
6.88,19.62,4.0008,62.4147,0.00000,0.01986
7.12,19.62,4.0033,62.0840,0.00000,0.01939
7.38,19.62,3.9910,61.4900,0.00000,0.01903
7.62,19.62,3.9913,61.2401,0.00000,0.01926
7.88,19.62,3.9975,61.4251,0.00000,0.02020
8.12,19.62,3.9923,62.2223,0.00000,0.02114
8.38,19.62,3.9866,63.7103,0.00000,0.02123
8.62,19.62,3.9793,66.2983,0.00000,0.02071
8.88,19.62,3.9727,70.1886,0.00000,0.02023
9.12,19.62,3.9875,74.5219,0.00000,0.01988
9.38,19.62,4.0095,79.0521,0.00012,0.01979
9.62,19.62,4.0075,83.4753,0.00154,0.02024
9.88,19.62,3.9937,87.4686,0.00768,0.02157
10.12,19.62,4.0170,90.6173,0.01647,0.02273
10.38,19.62,4.0747,94.2439,0.01978,0.02350
10.62,19.62,4.0599,96.8501,0.02845,0.02350
10.88,19.62,4.0808,99.2700,0.07040,0.02321
11.12,19.62,4.1903,100.0495,0.20422,0.02215
11.38,19.62,4.2712,96.4191,0.42877,0.02031
11.62,19.62,4.3569,90.2917,0.62286,0.01845
11.88,19.62,4.5076,89.5599,0.65395,0.01826
12.12,19.62,4.4034,95.9714,0.43498,0.01819
12.38,19.62,4.1492,99.2588,0.32876,0.01726
12.62,19.62,4.2830,103.3973,0.53307,0.01749
3.38,19.88,3.7190,78.1626,0.00000,0.06387
3.62,19.88,3.9697,72.7502,0.00000,0.05756
3.88,19.88,3.9339,65.1171,0.00000,0.04739
4.12,19.88,3.7939,60.5723,0.00000,0.03895
4.38,19.88,3.7850,59.9727,0.00000,0.03460
4.62,19.88,3.8300,60.0994,0.00000,0.03215
4.88,19.88,3.8480,59.6651,0.00000,0.02871
5.12,19.88,3.8523,60.5210,0.00000,0.02531
5.38,19.88,3.8720,61.6582,0.00000,0.02322
5.62,19.88,3.9077,62.7859,0.00000,0.02215
5.88,19.88,3.9084,63.0016,0.00000,0.02160
6.12,19.88,3.9186,62.9168,0.00000,0.02153
6.38,19.88,3.9492,62.5662,0.00000,0.02111
6.62,19.88,3.9759,62.5181,0.00000,0.02026
6.88,19.88,3.9804,62.3924,0.00000,0.01971
7.12,19.88,3.9842,62.7586,0.00000,0.01937
7.38,19.88,3.9881,63.0045,0.00000,0.01901
7.62,19.88,3.9899,62.9118,0.00000,0.01909
7.88,19.88,3.9964,62.7626,0.00000,0.01970
8.12,19.88,3.9955,62.9706,0.00000,0.02039
8.38,19.88,3.9855,63.5342,0.00000,0.02058
8.62,19.88,3.9832,64.8575,0.00000,0.02027
8.88,19.88,3.9821,67.6228,0.00000,0.01991
9.12,19.88,3.9761,71.3360,0.00001,0.01967
9.38,19.88,3.9687,75.9744,0.00021,0.01978
9.62,19.88,3.9866,81.4622,0.00282,0.02068
9.88,19.88,4.0146,86.8813,0.01617,0.02219
10.12,19.88,4.0283,90.7711,0.04353,0.02317
10.38,19.88,4.0440,93.4629,0.06226,0.02408
10.62,19.88,4.0716,95.0138,0.06744,0.02550
10.88,19.88,4.1307,96.8245,0.09499,0.02605
11.12,19.88,4.1553,96.9534,0.16796,0.02342
11.38,19.88,4.1741,93.8550,0.29548,0.02041
11.62,19.88,4.2533,90.1478,0.45444,0.01898
11.88,19.88,4.3652,91.7610,0.53717,0.01897
12.12,19.88,4.3561,101.7146,0.44325,0.01920
12.38,19.88,4.3559,109.7810,0.37873,0.01944
12.62,19.88,4.5610,111.6395,0.48340,0.01995
12.88,19.88,4.7261,114.4284,0.69945,0.02005
13.12,19.88,4.5095,120.7392,0.81001,0.01959
3.88,20.12,3.6757,60.0032,0.00000,0.04051
4.12,20.12,3.6819,56.6027,0.00000,0.03478
4.38,20.12,3.7667,60.8070,0.00000,0.03216
4.62,20.12,3.8009,64.4298,0.00000,0.02987
4.88,20.12,3.8239,63.3379,0.00000,0.02638
5.12,20.12,3.8584,62.4879,0.00000,0.02334
5.38,20.12,3.8513,62.4166,0.00000,0.02152
5.62,20.12,3.8575,63.0413,0.00000,0.02038
5.88,20.12,3.8868,63.1651,0.00000,0.01991
6.12,20.12,3.9226,63.2797,0.00000,0.02014
6.38,20.12,3.9286,63.4608,0.00000,0.01996
6.62,20.12,3.9406,63.7019,0.00000,0.01959
6.88,20.12,3.9622,63.4369,0.00000,0.01968
7.12,20.12,3.9689,63.4984,0.00000,0.01954
7.38,20.12,3.9721,64.0674,0.00000,0.01896
7.62,20.12,3.9834,64.4511,0.00000,0.01879
7.88,20.12,3.9964,64.5135,0.00000,0.01912
8.12,20.12,4.0000,64.5050,0.00000,0.01951
8.38,20.12,3.9932,64.5402,0.00000,0.01964
8.62,20.12,3.9877,65.1201,0.00000,0.01998
8.88,20.12,3.9706,66.5550,0.00000,0.02025
9.12,20.12,3.9663,68.5599,0.00000,0.02001
9.38,20.12,3.9679,72.0937,0.00014,0.01975
9.62,20.12,3.9638,77.4206,0.00219,0.02024
9.88,20.12,3.9775,83.4237,0.01585,0.02167
10.12,20.12,4.0366,88.1976,0.05654,0.02327
10.38,20.12,4.0829,91.4793,0.10197,0.02455
10.62,20.12,4.0775,93.6784,0.11220,0.02563
10.88,20.12,4.1081,95.2316,0.12715,0.02566
11.12,20.12,4.1531,95.4373,0.16048,0.02354
11.38,20.12,4.1461,94.3852,0.19258,0.02107
11.62,20.12,4.1533,92.9875,0.28763,0.01991
11.88,20.12,4.2387,93.6605,0.40707,0.01987
12.12,20.12,4.3628,99.2227,0.46239,0.02039
12.38,20.12,4.4317,105.1680,0.43513,0.02090
12.62,20.12,4.3968,107.2151,0.40487,0.02070
12.88,20.12,4.4095,107.2750,0.52125,0.02072
13.12,20.12,4.4950,109.6198,0.61595,0.02306
13.38,20.12,4.2590,119.0096,0.42189,0.03011
13.62,20.12,3.7712,133.7161,0.17868,0.03957
4.12,20.38,3.1069,49.4936,0.00000,0.02736
4.38,20.38,3.5430,64.1586,0.00000,0.02864
4.62,20.38,3.7907,73.7287,0.00000,0.02781
4.88,20.38,3.8469,70.8364,0.00000,0.02438
5.12,20.38,3.8404,67.0905,0.00000,0.02159
5.38,20.38,3.8363,65.1960,0.00000,0.02051
5.62,20.38,3.8593,64.5259,0.00000,0.01958
5.88,20.38,3.8579,64.2320,0.00000,0.01857
6.12,20.38,3.8787,64.6575,0.00000,0.01844
6.38,20.38,3.9141,65.4511,0.00000,0.01863
6.62,20.38,3.9364,65.9015,0.00000,0.01873
6.88,20.38,3.9407,65.7236,0.00000,0.01883
7.12,20.38,3.9508,65.4961,0.00000,0.01886
7.38,20.38,3.9722,65.5513,0.00000,0.01877
7.62,20.38,3.9763,65.5632,0.00000,0.01870
7.88,20.38,3.9754,65.8393,0.00000,0.01865
8.12,20.38,3.9870,66.3626,0.00000,0.01869
8.38,20.38,3.9916,66.5737,0.00000,0.01884
8.62,20.38,3.9858,66.6391,0.00000,0.01953
8.88,20.38,3.9689,67.1230,0.00000,0.02022
9.12,20.38,3.9569,67.8563,0.00000,0.02012
9.38,20.38,3.9573,69.7920,0.00004,0.01969
9.62,20.38,3.9682,73.4329,0.00079,0.01989
9.88,20.38,3.9771,78.4330,0.00761,0.02104
10.12,20.38,4.0040,83.3356,0.03596,0.02284
10.38,20.38,4.0492,87.3497,0.08523,0.02463
10.62,20.38,4.0785,90.6783,0.11736,0.02557
10.88,20.38,4.1065,93.4012,0.14937,0.02510
11.12,20.38,4.1348,95.1593,0.18846,0.02387
11.38,20.38,4.1382,96.1689,0.18265,0.02259
11.62,20.38,4.1602,96.5940,0.22632,0.02191
11.88,20.38,4.1970,97.3701,0.31854,0.02154
12.12,20.38,4.2523,99.4870,0.40265,0.02153
12.38,20.38,4.3243,101.2791,0.41966,0.02218
12.62,20.38,4.3512,101.2369,0.40361,0.02272
12.88,20.38,4.3716,97.5847,0.53685,0.02316
13.12,20.38,4.4142,96.6721,0.64162,0.02627
13.38,20.38,4.3200,104.8130,0.46958,0.03637
13.62,20.38,4.2662,115.0406,0.26927,0.04883
13.88,20.38,4.3377,115.4626,0.16289,0.05124
4.62,20.62,3.4668,88.7825,0.00000,0.02324
4.88,20.62,3.8673,79.7957,0.00000,0.02218
5.12,20.62,3.9489,72.4501,0.00000,0.02141
5.38,20.62,3.8857,69.5885,0.00000,0.02143
5.62,20.62,3.8615,68.0046,0.00000,0.02012
5.88,20.62,3.8785,66.7630,0.00000,0.01807
6.12,20.62,3.8913,66.9750,0.00000,0.01710
6.38,20.62,3.8815,68.4131,0.00001,0.01719
6.62,20.62,3.9021,69.1200,0.00003,0.01769
6.88,20.62,3.9430,68.7562,0.00003,0.01793
7.12,20.62,3.9481,67.9487,0.00002,0.01799
7.38,20.62,3.9437,67.5655,0.00000,0.01816
7.62,20.62,3.9526,67.3068,0.00000,0.01835
7.88,20.62,3.9706,67.4673,0.00000,0.01842
8.12,20.62,3.9753,67.9327,0.00000,0.01842
8.38,20.62,3.9771,68.4349,0.00000,0.01841
8.62,20.62,3.9765,68.6966,0.00000,0.01880
8.88,20.62,3.9670,68.8190,0.00000,0.01964
9.12,20.62,3.9601,68.7538,0.00000,0.01993
9.38,20.62,3.9590,69.5126,0.00001,0.01942
9.62,20.62,3.9622,71.2979,0.00014,0.01940
9.88,20.62,3.9659,74.0529,0.00179,0.02046
10.12,20.62,3.9789,77.7044,0.01125,0.02223
10.38,20.62,3.9963,81.8724,0.03567,0.02382
10.62,20.62,4.0074,86.0706,0.06561,0.02445
10.88,20.62,4.0392,89.9441,0.11147,0.02452
11.12,20.62,4.0842,93.9609,0.16004,0.02467
11.38,20.62,4.1095,97.7283,0.16378,0.02436
11.62,20.62,4.1316,100.0677,0.20802,0.02403
11.88,20.62,4.1930,102.0949,0.28795,0.02398
12.12,20.62,4.2748,103.8375,0.38623,0.02402
12.38,20.62,4.3409,103.3155,0.50276,0.02463
12.62,20.62,4.4017,99.3761,0.61680,0.02562
12.88,20.62,4.4813,91.7689,0.78352,0.02666
13.12,20.62,4.4830,89.0058,0.83289,0.02930
13.38,20.62,4.3294,95.6077,0.62341,0.03646
13.62,20.62,4.2548,102.3699,0.38052,0.04590
13.88,20.62,4.2989,101.9028,0.20578,0.05121
14.12,20.62,4.2987,99.7844,0.23336,0.05601
14.38,20.62,4.1804,104.1513,0.41026,0.06070
5.12,20.88,3.8644,77.2864,0.00000,0.02180
5.38,20.88,4.1418,74.0694,0.00000,0.02438
5.62,20.88,4.0554,71.8055,0.00000,0.02196
5.88,20.88,3.8813,69.9908,0.00001,0.01784
6.12,20.88,3.8563,70.8831,0.00007,0.01579
6.38,20.88,3.9033,73.0712,0.00038,0.01595
6.62,20.88,3.9082,73.2184,0.00096,0.01680
6.88,20.88,3.9018,72.1824,0.00113,0.01696
7.12,20.88,3.9167,70.5777,0.00059,0.01696
7.38,20.88,3.9452,69.6240,0.00012,0.01748
7.62,20.88,3.9376,69.0473,0.00001,0.01780
7.88,20.88,3.9408,69.0705,0.00000,0.01783
8.12,20.88,3.9650,69.1184,0.00000,0.01795
8.38,20.88,3.9795,69.3778,0.00000,0.01804
8.62,20.88,3.9655,69.9132,0.00000,0.01812
8.88,20.88,3.9533,70.6138,0.00000,0.01876
9.12,20.88,3.9542,70.5310,0.00000,0.01925
9.38,20.88,3.9554,70.2677,0.00000,0.01908
9.62,20.88,3.9587,70.5277,0.00001,0.01920
9.88,20.88,3.9597,71.5122,0.00021,0.01991
10.12,20.88,3.9549,73.6356,0.00172,0.02096
10.38,20.88,3.9555,76.7199,0.00701,0.02207
10.62,20.88,3.9678,80.7861,0.01799,0.02297
10.88,20.88,3.9861,85.3442,0.04378,0.02377
11.12,20.88,3.9898,90.7215,0.07263,0.02472
11.38,20.88,4.0143,96.6210,0.09011,0.02542
11.62,20.88,4.0777,101.9577,0.15600,0.02598
11.88,20.88,4.1757,106.8930,0.26165,0.02637
12.12,20.88,4.2816,109.4313,0.40441,0.02630
12.38,20.88,4.4283,106.7500,0.64729,0.02715
12.62,20.88,4.5553,99.4821,0.90948,0.02883
12.88,20.88,4.5503,90.5963,1.06905,0.02993
13.12,20.88,4.4566,87.7945,1.01743,0.03213
13.38,20.88,4.2990,92.1146,0.72312,0.03742
13.62,20.88,4.0910,94.8053,0.38346,0.04481
13.88,20.88,3.9578,92.5250,0.16973,0.05305
14.12,20.88,3.9343,88.1045,0.19020,0.06367
14.38,20.88,4.0701,87.5716,0.29788,0.07606
14.62,20.88,4.0418,91.4787,0.20851,0.08624
14.88,20.88,3.6180,98.7298,0.05878,0.08853
5.62,21.12,3.9738,70.5278,0.00000,0.02021
5.88,21.12,3.8761,67.8728,0.00007,0.01677
6.12,21.12,3.8869,72.5621,0.00087,0.01495
6.38,21.12,3.8867,77.7561,0.00469,0.01462
6.62,21.12,3.8946,78.6097,0.01172,0.01549
6.88,21.12,3.9284,76.9035,0.01382,0.01621
7.12,21.12,3.9026,73.8284,0.00717,0.01628
7.38,21.12,3.8932,72.0762,0.00150,0.01670
7.62,21.12,3.9196,70.8964,0.00012,0.01725
7.88,21.12,3.9485,70.2628,0.00000,0.01738
8.12,21.12,3.9487,69.9162,0.00000,0.01721
8.38,21.12,3.9500,70.3271,0.00000,0.01720
8.62,21.12,3.9594,70.9108,0.00000,0.01757
8.88,21.12,3.9572,71.5031,0.00000,0.01852
9.12,21.12,3.9420,71.4961,0.00000,0.01905
9.38,21.12,3.9448,71.1628,0.00000,0.01890
9.62,21.12,3.9595,70.8179,0.00000,0.01923
9.88,21.12,3.9570,70.6000,0.00001,0.01997
10.12,21.12,3.9509,71.8629,0.00012,0.02055
10.38,21.12,3.9520,74.3741,0.00061,0.02100
10.62,21.12,3.9554,77.7291,0.00240,0.02208
10.88,21.12,3.9664,81.5087,0.00798,0.02380
11.12,21.12,3.9733,86.3409,0.01501,0.02523
11.38,21.12,3.9813,92.5749,0.02731,0.02587
11.62,21.12,4.0090,99.7235,0.07970,0.02664
11.88,21.12,4.1209,107.1461,0.18938,0.02776
12.12,21.12,4.2715,111.9374,0.38521,0.02844
12.38,21.12,4.4222,109.8102,0.72585,0.02911
12.62,21.12,4.6398,101.4120,1.15077,0.03041
12.88,21.12,4.7769,92.0880,1.45007,0.03180
13.12,21.12,4.6380,90.0225,1.33090,0.03424
13.38,21.12,4.3015,91.7171,0.86863,0.03966
13.62,21.12,3.9376,88.9847,0.42515,0.04810
13.88,21.12,3.7746,84.5201,0.17308,0.05937
14.12,21.12,3.7661,80.1383,0.17169,0.07304
14.38,21.12,3.8523,76.5062,0.24812,0.08870
14.62,21.12,3.8762,75.7715,0.15494,0.10404
14.88,21.12,3.8291,78.3168,0.03748,0.11376
15.12,21.12,3.7402,73.2887,0.00358,0.11259
15.38,21.12,3.4313,60.5243,0.00014,0.10210
5.88,21.38,3.3986,56.9972,0.00047,0.01364
6.12,21.38,3.7790,65.7982,0.00491,0.01390
6.38,21.38,3.9462,73.3358,0.02362,0.01427
6.62,21.38,3.9635,79.9513,0.05531,0.01505
6.88,21.38,3.9586,82.3915,0.06320,0.01554
7.12,21.38,3.9173,78.9805,0.03231,0.01563
7.38,21.38,3.8990,75.9076,0.00673,0.01602
7.62,21.38,3.8871,73.6853,0.00054,0.01628
7.88,21.38,3.9047,72.4580,0.00002,0.01620
8.12,21.38,3.9408,71.8521,0.00000,0.01618
8.38,21.38,3.9488,71.7258,0.00000,0.01636
8.62,21.38,3.9362,71.8063,0.00000,0.01675
8.88,21.38,3.9369,72.2314,0.00000,0.01774
9.12,21.38,3.9481,72.0717,0.00000,0.01867
9.38,21.38,3.9494,71.4825,0.00000,0.01892
9.62,21.38,3.9517,71.3440,0.00000,0.01924
9.88,21.38,3.9578,71.3914,0.00000,0.01998
10.12,21.38,3.9584,72.3532,0.00000,0.02079
10.38,21.38,3.9526,74.1537,0.00002,0.02120
10.62,21.38,3.9520,76.7643,0.00015,0.02224
10.88,21.38,3.9574,79.6363,0.00061,0.02407
11.12,21.38,3.9595,83.1361,0.00141,0.02570
11.38,21.38,3.9710,87.8705,0.00534,0.02651
11.62,21.38,3.9763,94.2042,0.02582,0.02718
11.88,21.38,4.0140,101.9143,0.08720,0.02834
12.12,21.38,4.1193,108.6288,0.24583,0.02975
12.38,21.38,4.2813,109.4121,0.59724,0.03076
12.62,21.38,4.6089,103.1360,1.20827,0.03120
12.88,21.38,4.9884,94.6276,1.79532,0.03150
13.12,21.38,4.9229,91.2458,1.68031,0.03277
13.38,21.38,4.4298,88.6849,0.98287,0.03750
13.62,21.38,3.8865,80.1349,0.44926,0.04585
13.88,21.38,3.6181,71.4721,0.18030,0.05941
14.12,21.38,3.6118,67.5128,0.11067,0.08033
14.38,21.38,3.6860,65.9424,0.13373,0.10457
14.62,21.38,3.6809,64.4342,0.08008,0.12147
14.88,21.38,3.7005,64.1493,0.01813,0.13038
15.12,21.38,3.7880,64.3294,0.00155,0.13633
15.38,21.38,3.8149,64.3295,0.00005,0.13403
15.62,21.38,3.7708,70.5624,0.00000,0.12876
6.38,21.62,3.7050,60.8060,0.05717,0.01362
6.62,21.62,4.1037,75.8867,0.11486,0.01561
6.88,21.62,4.1527,84.5981,0.11716,0.01567
7.12,21.62,3.9951,84.0197,0.05608,0.01481
7.38,21.62,3.9088,82.2858,0.01131,0.01462
7.62,21.62,3.9132,79.6895,0.00089,0.01485
7.88,21.62,3.9205,76.5601,0.00003,0.01490
8.12,21.62,3.9061,74.6819,0.00000,0.01492
8.38,21.62,3.9126,73.9003,0.00000,0.01523
8.62,21.62,3.9461,73.3684,0.00000,0.01592
8.88,21.62,3.9425,73.2224,0.00000,0.01686
9.12,21.62,3.9338,73.0608,0.00000,0.01784
9.38,21.62,3.9479,72.6492,0.00000,0.01854
9.62,21.62,3.9653,72.5766,0.00000,0.01910
9.88,21.62,3.9647,72.5436,0.00000,0.01983
10.12,21.62,3.9592,73.2247,0.00000,0.02083
10.38,21.62,3.9543,74.4711,0.00000,0.02163
10.62,21.62,3.9498,76.5171,0.00000,0.02289
10.88,21.62,3.9477,78.9127,0.00002,0.02446
11.12,21.62,3.9483,81.7150,0.00008,0.02599
11.38,21.62,3.9378,84.9306,0.00070,0.02731
11.62,21.62,3.9289,89.0965,0.00462,0.02839
11.88,21.62,3.9433,95.0483,0.02224,0.02967
12.12,21.62,3.9969,101.7889,0.09562,0.03114
12.38,21.62,4.1400,105.1298,0.33827,0.03225
12.62,21.62,4.3995,103.2832,0.87706,0.03224
12.88,21.62,4.7535,98.5127,1.47577,0.03114
13.12,21.62,4.7596,91.8178,1.43833,0.03029
13.38,21.62,4.3024,80.8110,0.77149,0.03157
13.62,21.62,3.5697,64.1730,0.28525,0.03434
13.88,21.62,3.1469,52.3269,0.09807,0.04451
14.12,21.62,3.1986,50.3096,0.03567,0.07245
14.38,21.62,3.4762,52.2655,0.03024,0.11660
14.62,21.62,3.6522,52.7695,0.01751,0.14900
14.88,21.62,3.6774,53.1733,0.00390,0.15814
15.12,21.62,3.6429,56.4739,0.00032,0.16157
15.38,21.62,3.5966,61.8751,0.00001,0.15501
15.62,21.62,3.7508,67.0596,0.00000,0.15027
15.88,21.62,4.0590,74.1457,0.00000,0.14304
16.12,21.62,3.7652,80.4261,0.00000,0.11990
6.88,21.88,4.1402,85.9399,0.10429,0.01492
7.12,21.88,4.2827,86.7208,0.04269,0.01475
7.38,21.88,4.1221,86.2386,0.00761,0.01373
7.62,21.88,3.9349,84.6070,0.00056,0.01287
7.88,21.88,3.8993,81.6647,0.00002,0.01298
8.12,21.88,3.9256,79.0027,0.00000,0.01369
8.38,21.88,3.9097,76.9359,0.00000,0.01430
8.62,21.88,3.9033,75.7307,0.00000,0.01501
8.88,21.88,3.9227,75.1352,0.00000,0.01604
9.12,21.88,3.9518,74.7002,0.00000,0.01719
9.38,21.88,3.9428,74.2838,0.00000,0.01792
9.62,21.88,3.9414,74.4921,0.00000,0.01847
9.88,21.88,3.9662,74.3063,0.00000,0.01949
10.12,21.88,3.9731,74.0617,0.00000,0.02092
10.38,21.88,3.9528,74.4523,0.00000,0.02193
10.62,21.88,3.9438,76.4245,0.00000,0.02323
10.88,21.88,3.9385,78.8340,0.00000,0.02486
11.12,21.88,3.9394,81.0882,0.00000,0.02658
11.38,21.88,3.9288,83.4796,0.00005,0.02864
11.62,21.88,3.9089,86.2691,0.00044,0.03046
11.88,21.88,3.9165,89.9134,0.00367,0.03220
12.12,21.88,3.9355,95.1089,0.02585,0.03383
12.38,21.88,3.9972,99.6515,0.12155,0.03485
12.62,21.88,4.0977,101.8009,0.35670,0.03508
12.88,21.88,4.2993,100.4416,0.63823,0.03408
13.12,21.88,4.2265,91.1657,0.64331,0.03096
13.38,21.88,3.5510,72.0875,0.32916,0.02494
13.62,21.88,2.3820,44.1921,0.09423,0.01862
13.88,21.88,1.7219,27.4044,0.02339,0.02107
14.12,21.88,1.9038,28.3301,0.00552,0.04679
14.38,21.88,2.7196,35.7340,0.00268,0.11076
14.62,21.88,3.4766,40.3079,0.00144,0.17642
14.88,21.88,3.6448,43.6576,0.00032,0.19885
15.12,21.88,3.6407,48.5379,0.00003,0.20282
15.38,21.88,3.4985,54.5284,0.00001,0.18715
15.62,21.88,3.5240,59.5906,0.00004,0.17088
15.88,21.88,3.5801,65.7186,0.00008,0.15333
16.12,21.88,3.6027,70.0360,0.00005,0.13290
16.38,21.88,4.0001,72.8344,0.00002,0.11964
7.38,22.12,4.1211,81.2116,0.00230,0.01246
7.62,22.12,3.9700,79.1392,0.00014,0.01136
7.88,22.12,3.9435,82.4502,0.00000,0.01137
8.12,22.12,3.9146,84.9846,0.00000,0.01207
8.38,22.12,3.8891,82.6654,0.00000,0.01301
8.62,22.12,3.9154,79.6180,0.00000,0.01422
8.88,22.12,3.9097,77.9456,0.00000,0.01538
9.12,22.12,3.9050,77.0642,0.00000,0.01644
9.38,22.12,3.9171,76.0476,0.00000,0.01728
9.62,22.12,3.9389,75.8144,0.00000,0.01811
9.88,22.12,3.9437,75.8521,0.00000,0.01915
10.12,22.12,3.9414,75.7337,0.00000,0.02056
10.38,22.12,3.9443,75.5122,0.00000,0.02196
10.62,22.12,3.9439,76.5125,0.00000,0.02345
10.88,22.12,3.9289,78.5808,0.00000,0.02502
11.12,22.12,3.9329,80.9859,0.00000,0.02716
11.38,22.12,3.9420,83.2604,0.00001,0.03028
11.62,22.12,3.9201,85.2343,0.00028,0.03316
11.88,22.12,3.9050,87.0329,0.00353,0.03574
12.12,22.12,3.9119,90.0023,0.01818,0.03831
12.38,22.12,3.9320,93.7359,0.04594,0.04004
12.62,22.12,3.9298,96.8282,0.08316,0.04106
12.88,22.12,4.0475,96.6312,0.12768,0.04141
13.12,22.12,3.8121,87.8427,0.12704,0.03731
13.38,22.12,2.7174,67.7273,0.06341,0.02450
13.62,22.12,1.2846,34.6486,0.01516,0.01147
13.88,22.12,0.5746,13.3773,0.00248,0.00944
14.12,22.12,0.8198,14.8841,0.00040,0.03481
14.38,22.12,2.0331,26.4021,0.00010,0.12149
14.62,22.12,3.3192,35.0843,0.00004,0.22168
14.88,22.12,3.5758,41.3841,0.00001,0.24710
15.12,22.12,3.6030,46.1047,0.00004,0.24675
15.38,22.12,3.6150,50.5372,0.00036,0.23242
15.62,22.12,3.6667,56.7225,0.00151,0.20760
15.88,22.12,3.5502,63.8482,0.00247,0.17594
16.12,22.12,3.5361,69.8287,0.00169,0.14374
16.38,22.12,3.6231,75.9067,0.00058,0.11893
7.62,22.38,3.5421,65.7278,0.00002,0.00953
7.88,22.38,3.9002,81.4874,0.00000,0.01053
8.12,22.38,4.0237,92.6809,0.00000,0.01139
8.38,22.38,3.9621,91.2231,0.00000,0.01198
8.62,22.38,3.9133,86.9207,0.00000,0.01280
8.88,22.38,3.9076,83.9811,0.00000,0.01421
9.12,22.38,3.9092,81.3813,0.00001,0.01577
9.38,22.38,3.8798,78.9974,0.00003,0.01680
9.62,22.38,3.8881,77.8889,0.00005,0.01776
9.88,22.38,3.9273,77.5947,0.00003,0.01913
10.12,22.38,3.9315,77.3024,0.00001,0.02061
10.38,22.38,3.9141,77.0648,0.00000,0.02194
10.62,22.38,3.9190,77.6283,0.00000,0.02347
10.88,22.38,3.9235,78.7512,0.00000,0.02521
11.12,22.38,3.9200,80.3299,0.00000,0.02782
11.38,22.38,3.9149,82.4148,0.00003,0.03147
11.62,22.38,3.9117,84.3203,0.00117,0.03544
11.88,22.38,3.9153,85.3705,0.01444,0.03966
12.12,22.38,3.9167,86.1038,0.06735,0.04408
12.38,22.38,3.9469,87.6574,0.12321,0.04774
12.62,22.38,3.9145,89.4725,0.09703,0.05014
12.88,22.38,3.9501,89.0786,0.04106,0.05258
13.12,22.38,3.6902,81.3918,0.01493,0.05181
13.38,22.38,2.6736,65.7811,0.00526,0.04140
13.62,22.38,1.3024,38.5364,0.00108,0.02865
13.88,22.38,0.5877,16.3057,0.00012,0.03044
14.12,22.38,0.8218,15.9330,0.00001,0.07010
14.38,22.38,2.0200,28.6265,0.00001,0.18536
14.62,22.38,3.3048,37.7884,0.00003,0.30774
14.88,22.38,3.5518,43.9379,0.00009,0.32966
15.12,22.38,3.5642,48.3885,0.00074,0.32332
15.38,22.38,3.5959,53.5939,0.00566,0.29710
15.62,22.38,3.6493,60.5924,0.02047,0.25544
15.88,22.38,3.6744,68.7596,0.03233,0.21716
16.12,22.38,3.5441,79.6462,0.02383,0.16517
8.12,22.62,3.8678,102.7505,0.00000,0.01085
8.38,22.62,4.1844,98.6782,0.00000,0.01204
8.62,22.62,4.1386,93.9697,0.00000,0.01216
8.88,22.62,3.9817,92.2690,0.00002,0.01275
9.12,22.62,3.9073,90.4401,0.00023,0.01430
9.38,22.62,3.9112,87.6851,0.00099,0.01617
9.62,22.62,3.9133,83.6174,0.00163,0.01766
9.88,22.62,3.8951,80.8097,0.00100,0.01919
10.12,22.62,3.8935,79.5327,0.00025,0.02081
10.38,22.62,3.9110,78.8759,0.00007,0.02239
10.62,22.62,3.9039,78.6210,0.00003,0.02401
10.88,22.62,3.8869,78.8364,0.00001,0.02563
11.12,22.62,3.8890,79.3571,0.00000,0.02830
11.38,22.62,3.8897,80.3601,0.00006,0.03220
11.62,22.62,3.8821,81.6727,0.00195,0.03698
11.88,22.62,3.8961,82.7572,0.02468,0.04259
12.12,22.62,3.9153,82.6575,0.12162,0.04917
12.38,22.62,3.9757,82.2105,0.24990,0.05635
12.62,22.62,3.9562,81.8864,0.23305,0.06269
12.88,22.62,3.8999,80.9638,0.10159,0.06954
13.12,22.62,3.6916,74.4483,0.01962,0.07720
13.38,22.62,3.2312,63.8484,0.00163,0.08459
13.62,22.62,2.3486,46.7554,0.00007,0.09427
13.88,22.62,1.7455,26.9892,0.00000,0.12306
14.12,22.62,1.9125,22.6234,0.00002,0.19197
14.38,22.62,2.7073,32.2521,0.00022,0.31487
14.62,22.62,3.4109,40.4287,0.00098,0.42337
14.88,22.62,3.4959,45.7831,0.00216,0.45615
15.12,22.62,3.5649,50.5789,0.00880,0.46227
15.38,22.62,3.6129,58.2411,0.04637,0.41116
15.62,22.62,3.6396,67.0600,0.12808,0.33600
15.88,22.62,3.6658,77.9863,0.18085,0.26768
16.12,22.62,3.2916,95.8133,0.14252,0.18643
8.62,22.88,4.2505,96.9966,0.00001,0.01197
8.88,22.88,4.3440,97.4740,0.00029,0.01279
9.12,22.88,4.1443,100.0753,0.00304,0.01360
9.38,22.88,3.9502,100.4697,0.01248,0.01491
9.62,22.88,3.9056,93.7946,0.02004,0.01661
9.88,22.88,3.9168,86.9037,0.01232,0.01897
10.12,22.88,3.8844,83.0916,0.00382,0.02096
10.38,22.88,3.8689,81.2123,0.00208,0.02252
10.62,22.88,3.8756,79.5604,0.00114,0.02428
10.88,22.88,3.8838,78.3206,0.00025,0.02610
11.12,22.88,3.8643,77.9553,0.00002,0.02895
11.38,22.88,3.8518,78.3991,0.00004,0.03321
11.62,22.88,3.8636,79.0390,0.00123,0.03852
11.88,22.88,3.8705,79.5420,0.01646,0.04479
12.12,22.88,3.8629,78.9923,0.09192,0.05265
12.38,22.88,3.9122,77.4328,0.23290,0.06298
12.62,22.88,3.9343,75.1684,0.27540,0.07560
12.88,22.88,3.8738,73.0745,0.14281,0.09098
13.12,22.88,3.7165,68.0129,0.02988,0.11044
13.38,22.88,3.6060,59.5092,0.00239,0.13984
13.62,22.88,3.3571,48.7326,0.00007,0.18512
13.88,22.88,3.1038,36.5847,0.00001,0.25481
14.12,22.88,3.1436,32.4544,0.00022,0.35293
14.38,22.88,3.3476,37.3016,0.00262,0.46946
14.62,22.88,3.4368,42.7426,0.01187,0.57317
14.88,22.88,3.4142,46.9005,0.02340,0.65621
15.12,22.88,3.4772,52.6714,0.06221,0.68657
15.38,22.88,3.6347,62.9122,0.24816,0.60341
15.62,22.88,3.8714,71.6573,0.51293,0.48073
15.88,22.88,3.6853,77.6254,0.57077,0.33882
9.12,23.12,4.2342,110.5470,0.01850,0.01369
9.38,23.12,4.0686,114.2898,0.06365,0.01477
9.62,23.12,4.0295,106.8101,0.09481,0.01598
9.88,23.12,3.9553,97.7612,0.05833,0.01759
10.12,23.12,3.8704,90.6817,0.02597,0.01954
10.38,23.12,3.8814,85.5449,0.02370,0.02190
10.62,23.12,3.8626,81.6593,0.01379,0.02407
10.88,23.12,3.8343,79.1928,0.00307,0.02593
11.12,23.12,3.8346,78.1976,0.00025,0.02931
11.38,23.12,3.8398,77.9947,0.00002,0.03446
11.62,23.12,3.8429,77.5477,0.00030,0.04028
11.88,23.12,3.8326,76.7990,0.00458,0.04706
12.12,23.12,3.8104,75.1247,0.03152,0.05587
12.38,23.12,3.8116,72.4105,0.10132,0.06803
12.62,23.12,3.8200,69.1367,0.14281,0.08468
12.88,23.12,3.7829,66.0983,0.08121,0.10710
13.12,23.12,3.7150,62.3908,0.01768,0.13753
13.38,23.12,3.6382,56.2971,0.00144,0.18030
13.62,23.12,3.5311,49.1845,0.00004,0.24123
13.88,23.12,3.4172,43.2667,0.00003,0.32863
14.12,23.12,3.3899,40.9870,0.00096,0.44944
14.38,23.12,3.3965,42.4799,0.01174,0.60639
14.62,23.12,3.3851,45.0409,0.05306,0.79521
14.88,23.12,3.3474,47.8139,0.10059,0.99000
15.12,23.12,3.3785,55.7863,0.22119,1.08059
15.38,23.12,3.9051,76.4592,0.79915,0.96005
15.62,23.12,4.6142,93.5857,1.53376,0.72357
15.88,23.12,4.1328,86.1229,1.50081,0.45751
9.38,23.38,3.7735,131.9118,0.15368,0.01407
9.62,23.38,4.1487,121.1998,0.19776,0.01621
9.88,23.38,4.1533,111.0650,0.11814,0.01712
10.12,23.38,3.9778,102.0560,0.08636,0.01806
10.38,23.38,3.9314,94.3785,0.10541,0.02026
10.62,23.38,3.8963,88.2480,0.06197,0.02288
10.88,23.38,3.8420,84.1924,0.01376,0.02548
11.12,23.38,3.8068,82.0377,0.00113,0.02945
11.38,23.38,3.7961,80.3655,0.00003,0.03493
11.62,23.38,3.8065,77.8362,0.00003,0.04127
11.88,23.38,3.7900,74.9544,0.00058,0.04893
12.12,23.38,3.7541,71.9040,0.00504,0.05909
12.38,23.38,3.7354,68.5414,0.01933,0.07278
12.62,23.38,3.7406,64.9992,0.02988,0.09019
12.88,23.38,3.7124,61.6008,0.01768,0.11393
13.12,23.38,3.6722,58.4286,0.00391,0.15036
13.38,23.38,3.6345,54.9768,0.00032,0.20348
13.62,23.38,3.5592,50.8707,0.00001,0.27369
13.88,23.38,3.4607,47.0558,0.00005,0.37259
14.12,23.38,3.3936,44.7210,0.00159,0.52510
14.38,23.38,3.3596,44.3921,0.01936,0.76161
14.62,23.38,3.3303,45.5100,0.08741,1.08353
14.88,23.38,3.2090,47.0993,0.16356,1.43002
15.12,23.38,3.1660,55.2444,0.33797,1.64634
15.38,23.38,3.9446,87.6497,1.26004,1.53315
15.62,23.38,5.3454,131.2498,2.78332,1.13963
9.88,23.62,4.0057,123.4255,0.12932,0.01616
10.12,23.62,4.2262,111.6816,0.15116,0.01803
10.38,23.62,4.1880,102.4311,0.19082,0.01943
10.62,23.62,3.9476,96.5148,0.10530,0.02049
10.88,23.62,3.8000,94.1383,0.02284,0.02307
11.12,23.62,3.8095,91.8168,0.00187,0.02833
11.38,23.62,3.8043,86.5583,0.00006,0.03445
11.62,23.62,3.7558,81.0253,0.00004,0.04113
11.88,23.62,3.7157,76.9460,0.00010,0.04935
12.12,23.62,3.7188,73.3653,0.00040,0.05987
12.38,23.62,3.7192,69.0592,0.00154,0.07373
12.62,23.62,3.6869,64.6570,0.00246,0.09070
12.88,23.62,3.6506,61.1341,0.00148,0.11389
13.12,23.62,3.6328,58.4178,0.00033,0.14995
13.38,23.62,3.6194,56.1986,0.00003,0.20411
13.62,23.62,3.5645,53.5689,0.00000,0.28142
13.88,23.62,3.4815,50.4046,0.00003,0.39823
14.12,23.62,3.4015,47.5064,0.00097,0.58193
14.38,23.62,3.3248,45.9412,0.01176,0.87752
14.62,23.62,3.1947,45.3523,0.05310,1.30641
14.88,23.62,2.9556,43.7565,0.09927,1.79562
15.12,23.62,2.7512,45.1667,0.20559,2.16709
15.38,23.62,3.1898,67.5562,0.85510,2.22126
10.38,23.88,4.0499,100.3132,0.15632,0.01778
10.62,23.88,3.9481,95.7402,0.07264,0.01854
10.88,23.88,3.8732,102.1612,0.01460,0.02042
11.12,23.88,3.8106,106.2325,0.00118,0.02436
11.38,23.88,3.7496,99.5305,0.00031,0.03028
11.62,23.88,3.7629,90.9670,0.00124,0.03909
11.88,23.88,3.7507,84.4847,0.00207,0.04869
12.12,23.88,3.7108,79.6369,0.00157,0.05768
12.38,23.88,3.6885,74.1359,0.00175,0.06967
12.62,23.88,3.6976,68.3577,0.00245,0.08726
12.88,23.88,3.6760,64.0441,0.00147,0.11100
13.12,23.88,3.6303,61.6046,0.00033,0.14323
13.38,23.88,3.6099,60.5258,0.00003,0.19004
13.62,23.88,3.5540,58.9114,0.00001,0.26340
13.88,23.88,3.4824,56.1611,0.00005,0.38686
14.12,23.88,3.4005,52.8894,0.00034,0.58704
14.38,23.88,3.2887,50.2211,0.00334,0.90514
14.62,23.88,3.0695,47.7559,0.01488,1.37671
14.88,23.88,2.7501,42.6338,0.02751,1.91767
15.12,23.88,2.4032,36.0159,0.05257,2.34792
15.38,23.88,2.3617,38.3447,0.23887,2.61955
10.62,24.12,3.3802,84.3513,0.02373,0.01544
10.88,24.12,3.7533,107.9317,0.00411,0.01844
11.12,24.12,3.9269,122.6525,0.00061,0.02169
11.38,24.12,3.8666,116.1306,0.00358,0.02575
11.62,24.12,3.8047,105.9722,0.01545,0.03310
11.88,24.12,3.7629,96.9832,0.02539,0.04296
12.12,24.12,3.7811,89.1364,0.01902,0.05367
12.38,24.12,3.7635,81.0648,0.02080,0.06568
12.62,24.12,3.7200,73.6874,0.02900,0.08070
12.88,24.12,3.6617,68.7187,0.01744,0.10091
13.12,24.12,3.6303,66.5733,0.00390,0.12921
13.38,24.12,3.6274,66.7398,0.00036,0.16874
13.62,24.12,3.5558,66.4393,0.00034,0.22774
13.88,24.12,3.4843,64.9418,0.00147,0.33173
14.12,24.12,3.4020,62.2244,0.00308,0.51289
14.38,24.12,3.3190,60.0840,0.00989,0.79608
14.62,24.12,3.1187,58.5731,0.03837,1.19142
14.88,24.12,2.6987,52.0381,0.06626,1.61631
15.12,24.12,2.2038,39.3735,0.05380,1.94860
11.12,24.38,3.6436,143.0980,0.00213,0.01926
11.38,24.38,4.0087,130.8152,0.02017,0.02380
11.62,24.38,4.0898,118.9094,0.07785,0.02924
11.88,24.38,3.9512,110.4628,0.11979,0.03596
12.12,24.38,3.8436,101.9464,0.08691,0.04527
12.38,24.38,3.8246,91.0174,0.09364,0.05787
12.62,24.38,3.8075,80.5780,0.13016,0.07194
12.88,24.38,3.6998,74.3745,0.07837,0.08748
13.12,24.38,3.6322,72.6052,0.01776,0.10799
13.38,24.38,3.6110,73.7237,0.00212,0.13697
13.62,24.38,3.5852,74.9710,0.00426,0.18004
13.88,24.38,3.5953,76.0886,0.01813,0.25022
14.12,24.38,3.5711,76.9262,0.03279,0.36331
14.38,24.38,3.5431,79.9258,0.05539,0.51780
14.62,24.38,3.3822,84.0769,0.17357,0.70262
14.88,24.38,2.6937,78.6660,0.31357,0.89121
15.12,24.38,1.8963,58.0474,0.27869,1.06645
11.62,24.62,4.1095,128.0258,0.18837,0.02760
11.88,24.62,4.3584,120.2105,0.24786,0.03425
12.12,24.62,4.1744,111.6560,0.15893,0.03999
12.38,24.62,3.9279,100.4322,0.15952,0.04736
12.62,24.62,3.8147,90.8249,0.21755,0.05747
12.88,24.62,3.7258,84.8970,0.13230,0.07133
13.12,24.62,3.6980,81.8150,0.03324,0.08798
13.38,24.62,3.6693,81.3911,0.00900,0.10620
13.62,24.62,3.6488,83.2186,0.02202,0.13131
13.88,24.62,3.7357,86.7476,0.08599,0.16999
14.12,24.62,3.8195,92.3052,0.14663,0.21777
14.38,24.62,3.7876,102.1160,0.15288,0.26118
14.62,24.62,3.6908,117.0645,0.31953,0.29757
14.88,24.62,2.9211,126.8654,0.60961,0.32170
12.12,24.88,4.0944,110.6177,0.13086,0.03631
12.38,24.88,3.9544,100.3198,0.11172,0.04073
12.62,24.88,3.9117,100.5188,0.14603,0.04635
12.88,24.88,3.7943,101.6614,0.09616,0.05504
13.12,24.88,3.6939,97.7601,0.04335,0.06686
13.38,24.88,3.7041,93.0464,0.03743,0.07849
13.62,24.88,3.7433,91.4079,0.05770,0.09062
13.88,24.88,3.8228,93.6496,0.16856,0.10647
14.12,24.88,3.8906,100.5574,0.27643,0.12069
14.38,24.88,3.8391,113.4423,0.23254,0.12845
14.62,24.88,3.6518,137.7513,0.28937,0.13112
14.88,24.88,2.8823,170.9884,0.52118,0.11596
12.38,25.12,3.3491,89.0103,0.04053,0.03257
12.62,25.12,3.7527,109.3307,0.05627,0.03887
12.88,25.12,3.9392,122.5932,0.05912,0.04580
13.12,25.12,3.8755,116.8766,0.08783,0.05247
13.38,25.12,3.8298,107.1098,0.13317,0.05765
13.62,25.12,3.8393,100.7954,0.14081,0.06241
13.88,25.12,3.8959,99.3594,0.19947,0.06664
14.12,25.12,3.9563,102.9143,0.26589,0.06973
14.38,25.12,4.0737,112.8153,0.22092,0.07435
14.62,25.12,3.8769,136.2986,0.21768,0.07496
12.88,25.38,3.5683,145.9305,0.07599,0.03810
13.12,25.38,3.9689,132.0823,0.21603,0.04478
13.38,25.38,4.1777,118.5605,0.37067,0.04732
13.62,25.38,4.1090,110.6174,0.39190,0.04678
13.88,25.38,3.9803,107.2945,0.37041,0.04392
14.12,25.38,4.0083,108.2867,0.32669,0.04440
14.38,25.38,4.1529,113.7032,0.22589,0.05041
13.38,25.62,4.3803,127.7235,0.71880,0.03994
13.62,25.62,4.5174,118.7437,0.75295,0.03887
13.88,25.62,4.3311,113.8397,0.77205,0.03313
14.12,25.62,4.3357,115.6286,0.76238,0.03188
14.38,25.62,4.0866,122.5842,0.55544,0.03432
13.88,25.88,4.3191,109.1249,1.07404,0.02727
14.12,25.88,4.6964,107.1475,1.27384,0.02743
14.12,26.12,3.7752,73.8058,1.19437,0.02066
