x,y,rho,contact,casualty,pressure
2.62,0.12,0.2982,0.0039,0.00000,0.15632
2.88,0.12,0.5737,0.0094,0.00000,0.27613
3.12,0.12,0.7624,0.0149,0.00000,0.34758
3.38,0.12,0.7611,0.0164,0.00000,0.34951
3.62,0.12,0.8424,0.0156,0.00000,0.36250
3.88,0.12,0.9945,0.0099,0.00000,0.38320
4.12,0.12,1.0220,0.0054,0.00000,0.36791
4.38,0.12,1.0478,0.0070,0.00000,0.35882
4.62,0.12,1.1630,0.0124,0.00000,0.37218
4.88,0.12,1.2301,0.0168,0.00000,0.34928
5.12,0.12,1.2247,0.0184,0.00000,0.30310
5.38,0.12,1.2452,0.0157,0.00000,0.28092
5.62,0.12,1.2877,0.0103,0.00000,0.28831
5.88,0.12,1.2811,0.0079,0.00000,0.29763
6.12,0.12,1.3098,0.0107,0.00000,0.30576
6.38,0.12,1.3387,0.0236,0.00000,0.31821
6.62,0.12,1.2548,0.0873,0.00000,0.30063
6.88,0.12,1.2313,0.7075,0.00000,0.30485
7.12,0.12,1.0658,3.2550,0.00000,0.30487
7.38,0.12,0.6554,7.2005,0.00000,0.21664
2.62,0.38,0.6039,0.0109,0.00000,0.30835
2.88,0.38,1.1752,0.0223,0.00000,0.56174
3.12,0.38,1.5386,0.0344,0.00000,0.70715
3.38,0.38,1.4190,0.0429,0.00000,0.65550
3.62,0.38,1.4280,0.0427,0.00000,0.61606
3.88,0.38,1.6148,0.0281,0.00000,0.62812
4.12,0.38,1.5902,0.0159,0.00000,0.59134
4.38,0.38,1.5399,0.0150,0.00000,0.55029
4.62,0.38,1.6336,0.0253,0.00000,0.54523
4.88,0.38,1.6820,0.0390,0.00000,0.50530
5.12,0.38,1.6468,0.0456,0.00000,0.43493
5.38,0.38,1.6565,0.0404,0.00000,0.38964
5.62,0.38,1.6972,0.0312,0.00000,0.39059
5.88,0.38,1.6770,0.0253,0.00000,0.40304
6.12,0.38,1.7073,0.0290,0.00000,0.41266
6.38,0.38,1.7324,0.0581,0.00000,0.42615
6.62,0.38,1.5979,0.1860,0.00000,0.40277
6.88,0.38,1.6837,1.3934,0.00000,0.44046
7.12,0.38,1.6507,6.3578,0.00000,0.48002
7.38,0.38,1.0995,14.0503,0.00000,0.35450
2.62,0.62,0.8135,0.0169,0.00000,0.36957
2.88,0.62,1.5777,0.0337,0.00000,0.69837
3.12,0.62,2.0263,0.0590,0.00000,0.88737
3.38,0.62,1.7805,0.0864,0.00000,0.77764
3.62,0.62,1.7080,0.0875,0.00000,0.68836
3.88,0.62,1.8963,0.0576,0.00000,0.69677
4.12,0.62,1.8582,0.0317,0.00000,0.65627
4.38,0.62,1.7884,0.0232,0.00000,0.60255
4.62,0.62,1.8513,0.0322,0.00000,0.58329
4.88,0.62,1.8708,0.0515,0.00000,0.53388
5.12,0.62,1.8269,0.0619,0.00000,0.46163
5.38,0.62,1.8265,0.0567,0.00000,0.41107
5.62,0.62,1.8671,0.0478,0.00000,0.40050
5.88,0.62,1.8521,0.0400,0.00000,0.40165
6.12,0.62,1.8706,0.0429,0.00000,0.40398
6.38,0.62,1.8825,0.0820,0.00000,0.41573
6.62,0.62,1.6613,0.2507,0.00000,0.38788
6.88,0.62,1.8177,1.7862,0.00000,0.43730
7.12,0.62,2.0142,8.0760,0.00000,0.50508
7.38,0.62,1.4455,17.8255,0.00000,0.38226
2.62,0.88,0.8941,0.0143,0.00000,0.28826
2.88,0.88,1.5985,0.0330,0.00000,0.54821
3.12,0.88,1.9099,0.0705,0.00000,0.69683
3.38,0.88,1.7079,0.1123,0.00000,0.61543
3.62,0.88,1.7397,0.1137,0.00000,0.56257
3.88,0.88,1.8600,0.0788,0.00000,0.57095
4.12,0.88,1.8265,0.0468,0.00000,0.54131
4.38,0.88,1.8503,0.0301,0.00000,0.50815
4.62,0.88,1.9035,0.0283,0.00000,0.48990
4.88,0.88,1.9050,0.0384,0.00000,0.44833
5.12,0.88,1.9026,0.0457,0.00000,0.39741
5.38,0.88,1.9041,0.0420,0.00000,0.35960
5.62,0.88,1.9484,0.0351,0.00000,0.34292
5.88,0.88,1.9666,0.0317,0.00000,0.33326
6.12,0.88,1.9562,0.0363,0.00000,0.32249
6.38,0.88,1.9947,0.0647,0.00000,0.32497
6.62,0.88,1.7367,0.2260,0.00000,0.29599
6.88,0.88,1.8409,1.6741,0.00000,0.32685
7.12,0.88,2.1698,7.5289,0.00000,0.38816
7.38,0.88,1.6339,16.5999,0.00000,0.29721
2.62,1.12,1.1453,0.0099,0.00000,0.21609
2.88,1.12,1.7992,0.0253,0.00000,0.38301
3.12,1.12,1.8858,0.0550,0.00000,0.46363
3.38,1.12,1.7627,0.0844,0.00000,0.43576
3.62,1.12,1.9863,0.0893,0.00000,0.44251
3.88,1.12,2.0164,0.0777,0.00000,0.44866
4.12,1.12,1.9574,0.0589,0.00000,0.42812
4.38,1.12,2.0506,0.0377,0.00000,0.41223
4.62,1.12,2.0700,0.0273,0.00000,0.39450
4.88,1.12,2.0556,0.0303,0.00000,0.36720
5.12,1.12,2.0979,0.0336,0.00000,0.33613
5.38,1.12,2.0987,0.0286,0.00000,0.30659
5.62,1.12,2.1386,0.0200,0.00000,0.28934
5.88,1.12,2.1874,0.0203,0.00000,0.28012
6.12,1.12,2.0945,0.0268,0.00000,0.26287
6.38,1.12,2.1615,0.0395,0.00000,0.26202
6.62,1.12,2.0069,0.1814,0.00000,0.24151
6.88,1.12,2.0722,1.5259,0.00000,0.25041
7.12,1.12,2.4102,6.9110,0.00000,0.28867
7.38,1.12,1.8348,15.2440,0.00000,0.21968
2.62,1.38,1.4579,0.0062,0.00000,0.17997
2.88,1.38,2.1028,0.0166,0.00000,0.28981
3.12,1.38,1.9673,0.0318,0.00000,0.32048
3.38,1.38,1.8527,0.0426,0.00000,0.31419
3.62,1.38,2.1980,0.0518,0.00000,0.34846
3.88,1.38,2.1706,0.0605,0.00000,0.35535
4.12,1.38,2.1043,0.0548,0.00000,0.34599
4.38,1.38,2.1849,0.0382,0.00000,0.33776
4.62,1.38,2.1698,0.0316,0.00000,0.32159
4.88,1.38,2.1685,0.0357,0.00000,0.30714
5.12,1.38,2.2231,0.0348,0.00000,0.28742
5.38,1.38,2.2314,0.0281,0.00000,0.26183
5.62,1.38,2.2644,0.0169,0.00000,0.24378
5.88,1.38,2.3460,0.0134,0.00000,0.23729
6.12,1.38,2.1549,0.0156,0.00000,0.21793
6.38,1.38,2.1890,0.0215,0.00000,0.21517
6.62,1.38,2.2146,0.1635,0.00000,0.20706
6.88,1.38,2.2802,1.6736,0.00000,0.20515
7.12,1.38,2.5507,7.7703,0.00000,0.22471
7.38,1.38,1.9319,17.1941,0.00000,0.16942
2.62,1.62,1.6623,0.0034,0.00000,0.15914
2.88,1.62,2.2623,0.0105,0.00000,0.23588
3.12,1.62,1.9396,0.0183,0.00000,0.23413
3.38,1.62,1.8514,0.0211,0.00000,0.23179
3.62,1.62,2.2842,0.0273,0.00000,0.27521
3.88,1.62,2.2372,0.0336,0.00000,0.28081
4.12,1.62,2.2014,0.0318,0.00000,0.27812
4.38,1.62,2.2232,0.0267,0.00000,0.27538
4.62,1.62,2.2140,0.0287,0.00000,0.26552
4.88,1.62,2.2709,0.0354,0.00000,0.25885
5.12,1.62,2.3128,0.0340,0.00000,0.24330
5.38,1.62,2.3497,0.0286,0.00000,0.22529
5.62,1.62,2.3316,0.0169,0.00000,0.20851
5.88,1.62,2.4129,0.0091,0.00000,0.20339
6.12,1.62,2.2101,0.0075,0.00000,0.18498
6.38,1.62,2.2342,0.0132,0.00000,0.18024
6.62,1.62,2.4299,0.1910,0.00000,0.18299
6.88,1.62,2.4708,2.2123,0.00000,0.17990
7.12,1.62,2.6271,10.4330,0.00000,0.19009
7.38,1.62,1.9679,23.1361,0.00000,0.14264
2.62,1.88,1.8721,0.0022,0.00000,0.14637
2.88,1.88,2.4585,0.0073,0.00000,0.20457
3.12,1.88,2.0014,0.0123,0.00000,0.18523
3.38,1.88,1.9359,0.0124,0.00000,0.18113
3.62,1.88,2.4088,0.0140,0.00000,0.22163
3.88,1.88,2.3663,0.0152,0.00000,0.22274
4.12,1.88,2.3777,0.0142,0.00000,0.21878
4.38,1.88,2.3047,0.0144,0.00000,0.21449
4.62,1.88,2.2966,0.0173,0.00000,0.21110
4.88,1.88,2.4130,0.0216,0.00000,0.21186
5.12,1.88,2.4392,0.0210,0.00000,0.19979
5.38,1.88,2.5249,0.0179,0.00000,0.19076
5.62,1.88,2.4188,0.0113,0.00000,0.17609
5.88,1.88,2.4379,0.0071,0.00000,0.16987
6.12,1.88,2.2830,0.0063,0.00000,0.15482
6.38,1.88,2.3303,0.0113,0.00000,0.15153
6.62,1.88,2.6483,0.2055,0.00000,0.16293
6.88,1.88,2.6887,2.4588,0.00000,0.16314
7.12,1.88,2.7756,11.6347,0.00000,0.16981
7.38,1.88,2.0626,25.8128,0.00000,0.12695
2.62,2.12,1.9995,0.0040,0.00000,0.12698
2.88,2.12,2.5972,0.0135,0.00000,0.17295
3.12,2.12,2.1104,0.0215,0.00000,0.15116
3.38,2.12,2.0489,0.0152,0.00000,0.14501
3.62,2.12,2.4579,0.0084,0.00000,0.17192
3.88,2.12,2.4471,0.0075,0.00000,0.17095
4.12,2.12,2.5307,0.0078,0.00000,0.16921
4.38,2.12,2.3718,0.0086,0.00000,0.16167
4.62,2.12,2.3599,0.0116,0.00000,0.16235
4.88,2.12,2.4968,0.0156,0.00000,0.16870
5.12,2.12,2.5019,0.0150,0.00000,0.16104
5.38,2.12,2.6380,0.0108,0.00000,0.15923
5.62,2.12,2.4884,0.0071,0.00000,0.14607
5.88,2.12,2.4675,0.0068,0.00000,0.13815
6.12,2.12,2.3744,0.0078,0.00000,0.12806
6.38,2.12,2.4128,0.0100,0.00000,0.12585
6.62,2.12,2.7704,0.1380,0.00000,0.13950
6.88,2.12,2.8097,1.6396,0.00000,0.14135
7.12,2.12,2.8577,7.7566,0.00000,0.14571
7.38,2.12,2.1142,17.2079,0.00000,0.10859
2.62,2.38,2.0486,0.0063,0.00000,0.10753
2.88,2.38,2.6670,0.0209,0.00000,0.14407
3.12,2.38,2.2299,0.0331,0.00000,0.12544
3.38,2.38,2.1692,0.0216,0.00000,0.12054
3.62,2.38,2.4448,0.0079,0.00000,0.13475
3.88,2.38,2.4703,0.0050,0.00000,0.13321
4.12,2.38,2.6341,0.0056,0.00000,0.13589
4.38,2.38,2.4505,0.0068,0.00000,0.12779
4.62,2.38,2.4352,0.0112,0.00000,0.12738
4.88,2.38,2.5301,0.0169,0.00000,0.13250
5.12,2.38,2.5238,0.0176,0.00000,0.12931
5.38,2.38,2.6893,0.0121,0.00000,0.13306
5.62,2.38,2.5303,0.0063,0.00000,0.12338
5.88,2.38,2.5109,0.0050,0.00000,0.11724
6.12,2.38,2.4890,0.0062,0.00000,0.11242
6.38,2.38,2.5168,0.0076,0.00000,0.11084
6.62,2.38,2.8698,0.0530,0.00000,0.12321
6.88,2.38,2.8826,0.5783,0.00000,0.12326
7.12,2.38,2.8899,2.7195,0.00000,0.12428
7.38,2.38,2.1287,6.0277,0.00000,0.09191
2.62,2.62,2.1120,0.0041,0.00000,0.09079
2.88,2.62,2.7717,0.0131,0.00000,0.12087
3.12,2.62,2.4132,0.0208,0.00000,0.10789
3.38,2.62,2.3492,0.0148,0.00000,0.10594
3.62,2.62,2.4596,0.0072,0.00000,0.11067
3.88,2.62,2.4947,0.0052,0.00000,0.10821
4.12,2.62,2.7161,0.0048,0.00000,0.11293
4.38,2.62,2.5687,0.0054,0.00000,0.10612
4.62,2.62,2.5428,0.0076,0.00000,0.10364
4.88,2.62,2.5505,0.0109,0.00000,0.10531
5.12,2.62,2.5550,0.0132,0.00000,0.10445
5.38,2.62,2.7287,0.0114,0.00000,0.11041
5.62,2.62,2.5832,0.0062,0.00000,0.10636
5.88,2.62,2.5727,0.0033,0.00000,0.10420
6.12,2.62,2.6042,0.0031,0.00000,0.10158
6.38,2.62,2.6271,0.0045,0.00000,0.09869
6.62,2.62,2.9596,0.0138,0.00000,0.10810
6.88,2.62,2.9617,0.1027,0.00000,0.10669
7.12,2.62,2.9596,0.4637,0.00000,0.10588
7.38,2.62,2.1770,1.0197,0.00000,0.07779
2.62,2.88,2.1348,0.0023,0.00000,0.07657
2.88,2.88,2.8327,0.0047,0.00000,0.10221
3.12,2.88,2.5858,0.0063,0.00000,0.09400
3.38,2.88,2.5386,0.0053,0.00000,0.09292
3.62,2.88,2.4829,0.0047,0.00000,0.09122
3.88,2.88,2.5061,0.0054,0.00000,0.08804
4.12,2.88,2.7400,0.0071,0.00000,0.09249
4.38,2.88,2.6589,0.0093,0.00000,0.08874
4.62,2.88,2.6407,0.0090,0.00000,0.08830
4.88,2.88,2.5820,0.0086,0.00000,0.08917
5.12,2.88,2.6005,0.0085,0.00000,0.08781
5.38,2.88,2.7456,0.0080,0.00000,0.09135
5.62,2.88,2.6624,0.0062,0.00000,0.09082
5.88,2.88,2.6748,0.0046,0.00000,0.09224
6.12,2.88,2.7376,0.0028,0.00000,0.09192
6.38,2.88,2.7487,0.0021,0.00000,0.08680
6.62,2.88,3.0383,0.0037,0.00000,0.09180
6.88,2.88,3.0301,0.0128,0.00000,0.09169
7.12,2.88,3.0312,0.0454,0.00000,0.09261
7.38,2.88,2.2299,0.0925,0.00000,0.06826
2.62,3.12,2.1649,0.0024,0.00000,0.06769
2.88,3.12,2.8994,0.0034,0.00000,0.09004
3.12,3.12,2.7461,0.0033,0.00000,0.08205
3.38,3.12,2.7096,0.0031,0.00000,0.07804
3.62,3.12,2.5274,0.0029,0.00000,0.07295
3.88,3.12,2.5446,0.0042,0.00000,0.07067
4.12,3.12,2.7425,0.0091,0.00000,0.07459
4.38,3.12,2.7057,0.0155,0.00000,0.07379
4.62,3.12,2.6974,0.0180,0.00000,0.07601
4.88,3.12,2.6255,0.0177,0.00000,0.07742
5.12,3.12,2.6819,0.0115,0.00000,0.07600
5.38,3.12,2.7761,0.0066,0.00000,0.07581
5.62,3.12,2.7683,0.0065,0.00000,0.07568
5.88,3.12,2.7882,0.0067,0.00000,0.07880
6.12,3.12,2.8664,0.0038,0.00000,0.08151
6.38,3.12,2.8634,0.0012,0.00000,0.07630
6.62,3.12,3.0961,0.0025,0.00000,0.07825
6.88,3.12,3.0752,0.0197,0.00000,0.08058
7.12,3.12,3.0832,0.0850,0.00000,0.08447
7.38,3.12,2.2690,0.1825,0.00000,0.06280
2.62,3.38,2.2038,0.0015,0.00000,0.06172
2.88,3.38,2.9721,0.0022,0.00000,0.08142
3.12,3.38,2.8890,0.0029,0.00000,0.07175
3.38,3.38,2.8628,0.0034,0.00000,0.06387
3.62,3.38,2.6000,0.0023,0.00000,0.05735
3.88,3.38,2.6038,0.0021,0.00000,0.05677
4.12,3.38,2.7241,0.0058,0.00000,0.06000
4.38,3.38,2.7149,0.0126,0.00000,0.06047
4.62,3.38,2.7198,0.0204,0.00000,0.06367
4.88,3.38,2.6651,0.0242,0.00000,0.06561
5.12,3.38,2.7820,0.0164,0.00000,0.06568
5.38,3.38,2.8323,0.0091,0.00000,0.06346
5.62,3.38,2.8885,0.0076,0.00000,0.06328
5.88,3.38,2.9030,0.0063,0.00000,0.06574
6.12,3.38,2.9928,0.0034,0.00000,0.06906
6.38,3.38,2.9674,0.0013,0.00000,0.06592
6.62,3.38,3.1392,0.0071,0.00000,0.06778
6.88,3.38,3.1019,0.0788,0.00000,0.07103
7.12,3.38,3.1109,0.3640,0.00000,0.07570
7.38,3.38,2.2892,0.8002,0.00000,0.05648
2.62,3.62,2.2364,0.0003,0.00000,0.05713
2.88,3.62,3.0315,0.0007,0.00000,0.07487
3.12,3.62,3.0018,0.0014,0.00000,0.06413
3.38,3.62,2.9961,0.0020,0.00000,0.05395
3.62,3.62,2.7049,0.0012,0.00000,0.04691
3.88,3.62,2.6943,0.0007,0.00000,0.04692
4.12,3.62,2.7099,0.0019,0.00000,0.04884
4.38,3.62,2.7119,0.0056,0.00000,0.04981
4.62,3.62,2.7230,0.0119,0.00000,0.05283
4.88,3.62,2.6942,0.0159,0.00000,0.05487
5.12,3.62,2.8821,0.0134,0.00000,0.05721
5.38,3.62,2.9051,0.0106,0.00000,0.05474
5.62,3.62,3.0091,0.0095,0.00000,0.05476
5.88,3.62,3.0120,0.0079,0.00000,0.05616
6.12,3.62,3.1099,0.0053,0.00000,0.05890
6.38,3.62,3.0692,0.0027,0.00000,0.05829
6.62,3.62,3.2037,0.0124,0.00000,0.06154
6.88,3.62,3.1388,0.1359,0.00000,0.06286
7.12,3.62,3.1279,0.6318,0.00000,0.06500
7.38,3.62,2.2978,1.3932,0.00000,0.04813
2.62,3.88,2.2795,0.0000,0.00000,0.04857
2.88,3.88,3.0973,0.0001,0.00000,0.06389
3.12,3.88,3.0924,0.0003,0.00000,0.05573
3.38,3.88,3.1040,0.0004,0.00000,0.04783
3.62,3.88,2.8353,0.0003,0.00000,0.04155
3.88,3.88,2.8255,0.0001,0.00000,0.04064
4.12,3.88,2.7228,0.0005,0.00000,0.04032
4.38,3.88,2.7062,0.0019,0.00000,0.04170
4.62,3.88,2.6992,0.0041,0.00000,0.04464
4.88,3.88,2.7022,0.0053,0.00000,0.04657
5.12,3.88,2.9718,0.0058,0.00000,0.05045
5.38,3.88,2.9858,0.0073,0.00000,0.04827
5.62,3.88,3.1150,0.0120,0.00000,0.04832
5.88,3.88,3.1010,0.0166,0.00000,0.04909
6.12,3.88,3.2087,0.0131,0.00000,0.05165
6.38,3.88,3.1562,0.0063,0.00000,0.05242
6.62,3.88,3.2730,0.0165,0.00000,0.05624
6.88,3.88,3.1961,0.1715,0.00000,0.05571
7.12,3.88,3.1753,0.8016,0.00000,0.05556
7.38,3.88,2.3311,1.7728,0.00000,0.04074
2.62,4.12,2.3020,0.0000,0.00000,0.03993
2.88,4.12,3.1340,0.0001,0.00000,0.05299
3.12,4.12,3.1517,0.0002,0.00000,0.04814
3.38,4.12,3.1879,0.0002,0.00000,0.04404
3.62,4.12,2.9510,0.0002,0.00000,0.03955
3.88,4.12,2.9407,0.0001,0.00000,0.03747
4.12,4.12,2.7492,0.0002,0.00000,0.03467
4.38,4.12,2.7158,0.0008,0.00000,0.03505
4.62,4.12,2.6725,0.0015,0.00000,0.03684
4.88,4.12,2.6937,0.0016,0.00000,0.03826
5.12,4.12,3.0300,0.0018,0.00000,0.04233
5.38,4.12,3.0542,0.0042,0.00000,0.04094
5.62,4.12,3.2003,0.0134,0.00000,0.04158
5.88,4.12,3.1719,0.0232,0.00000,0.04262
6.12,4.12,3.2914,0.0188,0.00000,0.04547
6.38,4.12,3.2246,0.0103,0.00000,0.04565
6.62,4.12,3.3313,0.0410,0.00000,0.04819
6.88,4.12,3.2538,0.4388,0.00000,0.04752
7.12,4.12,3.2308,2.0643,0.00000,0.04722
7.38,4.12,2.3719,4.5765,0.00000,0.03456
2.62,4.38,2.3153,0.0002,0.00000,0.03534
2.88,4.38,3.1572,0.0003,0.00000,0.04700
3.12,4.38,3.1935,0.0007,0.00000,0.04310
3.38,4.38,3.2514,0.0012,0.00000,0.04035
3.62,4.38,3.0354,0.0011,0.00000,0.03731
3.88,4.38,3.0211,0.0005,0.00000,0.03516
4.12,4.38,2.7825,0.0002,0.00000,0.03119
4.38,4.38,2.7419,0.0004,0.00000,0.02986
4.62,4.38,2.6556,0.0007,0.00000,0.02994
4.88,4.38,2.6897,0.0008,0.00000,0.03107
5.12,4.38,3.0692,0.0010,0.00000,0.03515
5.38,4.38,3.1065,0.0024,0.00000,0.03478
5.62,4.38,3.2633,0.0081,0.00000,0.03616
5.88,4.38,3.2204,0.0141,0.00000,0.03727
6.12,4.38,3.3462,0.0120,0.00000,0.04016
6.38,4.38,3.2759,0.0100,0.00000,0.03978
6.62,4.38,3.3875,0.0651,0.00000,0.04134
6.88,4.38,3.3068,0.7066,0.00000,0.04058
7.12,4.38,3.2752,3.3247,0.00000,0.04011
7.38,4.38,2.4033,7.3717,0.00000,0.02929
2.62,4.62,2.3347,0.0008,0.00000,0.03321
2.88,4.62,3.1858,0.0013,0.00000,0.04405
3.12,4.62,3.2284,0.0024,0.00000,0.03981
3.38,4.62,3.2967,0.0059,0.00000,0.03624
3.62,4.62,3.0992,0.0081,0.00000,0.03301
3.88,4.62,3.0884,0.0046,0.00000,0.03152
4.12,4.62,2.8369,0.0010,0.00000,0.02825
4.38,4.62,2.8000,0.0002,0.00000,0.02660
4.62,4.62,2.6744,0.0002,0.00000,0.02593
4.88,4.62,2.7114,0.0003,0.00000,0.02696
5.12,4.62,3.0959,0.0006,0.00000,0.03083
5.38,4.62,3.1440,0.0016,0.00000,0.03103
5.62,4.62,3.3138,0.0034,0.00000,0.03266
5.88,4.62,3.2612,0.0045,0.00000,0.03334
6.12,4.62,3.3871,0.0041,0.00000,0.03575
6.38,4.62,3.3186,0.0060,0.00000,0.03521
6.62,4.62,3.4386,0.0429,0.00000,0.03645
6.88,4.62,3.3542,0.4496,0.00000,0.03566
7.12,4.62,3.3150,2.1049,0.00000,0.03516
7.38,4.62,2.4309,4.6611,0.00000,0.02567
2.62,4.88,2.3605,0.0026,0.00000,0.03205
2.88,4.88,3.2211,0.0036,0.00000,0.04240
3.12,4.88,3.2592,0.0067,0.00000,0.03768
3.38,4.88,3.3293,0.0210,0.00000,0.03325
3.62,4.88,3.1582,0.0330,0.00000,0.02982
3.88,4.88,3.1643,0.0198,0.00000,0.02852
4.12,4.88,2.9115,0.0044,0.00000,0.02563
4.38,4.88,2.8762,0.0004,0.00000,0.02449
4.62,4.88,2.7334,0.0001,0.00000,0.02417
4.88,4.88,2.7699,0.0002,0.00000,0.02513
5.12,4.88,3.1131,0.0009,0.00000,0.02834
5.38,4.88,3.1646,0.0027,0.00000,0.02839
5.62,4.88,3.3460,0.0045,0.00000,0.02966
5.88,4.88,3.2923,0.0035,0.00000,0.02972
6.12,4.88,3.4176,0.0027,0.00000,0.03145
6.38,4.88,3.3534,0.0044,0.00000,0.03091
6.62,4.88,3.4795,0.0187,0.00000,0.03218
6.88,4.88,3.3912,0.1498,0.00000,0.03212
7.12,4.88,3.3447,0.6676,0.00000,0.03229
7.38,4.88,2.4497,1.4592,0.00000,0.02372
2.62,5.12,2.3846,0.0069,0.00000,0.02975
2.88,5.12,3.2550,0.0090,0.00000,0.03942
3.12,5.12,3.2896,0.0124,0.00000,0.03516
3.38,5.12,3.3610,0.0342,0.00000,0.03122
3.62,5.12,3.2127,0.0541,0.00000,0.02833
3.88,5.12,3.2357,0.0326,0.00000,0.02696
4.12,5.12,2.9914,0.0074,0.00000,0.02380
4.38,5.12,2.9604,0.0008,0.00000,0.02293
4.62,5.12,2.8210,0.0004,0.00000,0.02283
4.88,5.12,2.8574,0.0009,0.00000,0.02328
5.12,5.12,3.1331,0.0021,0.00000,0.02561
5.38,5.12,3.1823,0.0049,0.00000,0.02591
5.62,5.12,3.3623,0.0077,0.00000,0.02714
5.88,5.12,3.3219,0.0071,0.00000,0.02699
6.12,5.12,3.4514,0.0073,0.00000,0.02833
6.38,5.12,3.3822,0.0114,0.00000,0.02797
6.62,5.12,3.5042,0.0330,0.00000,0.02945
6.88,5.12,3.4235,0.1898,0.00000,0.02996
7.12,5.12,3.3801,0.7734,0.00000,0.03056
7.38,5.12,2.4731,1.6524,0.00000,0.02254
2.62,5.38,2.4028,0.0211,0.00000,0.02807
2.88,5.38,3.2837,0.0214,0.00000,0.03721
3.12,5.38,3.3211,0.0167,0.00000,0.03306
3.38,5.38,3.3942,0.0249,0.00000,0.02915
3.62,5.38,3.2530,0.0353,0.00000,0.02704
3.88,5.38,3.2864,0.0212,0.00000,0.02660
4.12,5.38,3.0736,0.0056,0.00000,0.02341
4.38,5.38,3.0634,0.0019,0.00000,0.02205
4.62,5.38,2.9296,0.0018,0.00000,0.02155
4.88,5.38,2.9622,0.0026,0.00000,0.02165
5.12,5.38,3.1671,0.0046,0.00000,0.02343
5.38,5.38,3.2136,0.0074,0.00000,0.02397
5.62,5.38,3.3743,0.0107,0.00000,0.02518
5.88,5.38,3.3555,0.0135,0.00000,0.02542
6.12,5.38,3.4888,0.0187,0.00000,0.02698
6.38,5.38,3.4186,0.0309,0.00000,0.02699
6.62,5.38,3.5376,0.0782,0.00000,0.02858
6.88,5.38,3.4690,0.3844,0.00000,0.02865
7.12,5.38,3.4284,1.4889,0.00000,0.02877
7.38,5.38,2.5039,3.1440,0.00000,0.02114
2.62,5.62,2.4139,0.1089,0.00000,0.02858
2.88,5.62,3.3049,0.0709,0.00000,0.03775
3.12,5.62,3.3515,0.0320,0.00000,0.03278
3.38,5.62,3.4285,0.0179,0.00000,0.02791
3.62,5.62,3.2873,0.0174,0.00000,0.02615
3.88,5.62,3.3269,0.0124,0.00000,0.02646
4.12,5.62,3.1477,0.0084,0.00000,0.02331
4.38,5.62,3.1612,0.0067,0.00000,0.02148
4.62,5.62,3.0434,0.0059,0.00000,0.02074
4.88,5.62,3.0857,0.0068,0.00000,0.02098
5.12,5.62,3.2256,0.0103,0.00000,0.02250
5.38,5.62,3.2649,0.0141,0.00000,0.02311
5.62,5.62,3.3901,0.0185,0.00000,0.02417
5.88,5.62,3.3895,0.0249,0.00000,0.02451
6.12,5.62,3.5159,0.0370,0.00000,0.02602
6.38,5.62,3.4584,0.0631,0.00000,0.02661
6.62,5.62,3.5825,0.1347,0.00000,0.02854
6.88,5.62,3.5322,0.4953,0.00000,0.02837
7.12,5.62,3.4895,1.6872,0.00000,0.02809
7.38,5.62,2.5392,3.4233,0.00000,0.02050
2.62,5.88,2.4308,0.4474,0.00000,0.02859
2.88,5.88,3.3304,0.2434,0.00000,0.03785
3.12,5.88,3.3794,0.0858,0.00000,0.03293
3.38,5.88,3.4574,0.0321,0.00000,0.02787
3.62,5.88,3.3220,0.0244,0.00000,0.02548
3.88,5.88,3.3662,0.0248,0.00000,0.02514
4.12,5.88,3.2068,0.0274,0.00000,0.02251
4.38,5.88,3.2416,0.0217,0.00000,0.02128
4.62,5.88,3.1463,0.0164,0.00000,0.02056
4.88,5.88,3.1993,0.0167,0.00000,0.02087
5.12,5.88,3.2802,0.0201,0.00000,0.02235
5.38,5.88,3.3235,0.0255,0.00000,0.02321
5.62,5.88,3.4184,0.0313,0.00000,0.02383
5.88,5.88,3.4385,0.0413,0.00000,0.02395
6.12,5.88,3.5452,0.0643,0.00000,0.02513
6.38,5.88,3.4980,0.1095,0.00000,0.02599
6.62,5.88,3.6220,0.1996,0.00000,0.02823
6.88,5.88,3.6035,0.5683,0.00000,0.02916
7.12,5.88,3.5602,1.6431,0.00000,0.02975
7.38,5.88,2.5773,3.1074,0.00000,0.02178
2.62,6.12,2.4566,0.8969,0.00000,0.02641
2.88,6.12,3.3644,0.4835,0.00000,0.03540
3.12,6.12,3.4077,0.1759,0.00000,0.03226
3.38,6.12,3.4809,0.0669,0.00000,0.02871
3.62,6.12,3.3524,0.0439,0.00000,0.02548
3.88,6.12,3.4072,0.0434,0.00000,0.02406
4.12,6.12,3.2661,0.0500,0.00000,0.02210
4.38,6.12,3.3158,0.0414,0.00000,0.02180
4.62,6.12,3.2335,0.0340,0.00000,0.02113
4.88,6.12,3.2948,0.0326,0.00000,0.02129
5.12,6.12,3.3344,0.0328,0.00000,0.02309
5.38,6.12,3.3902,0.0394,0.00000,0.02471
5.62,6.12,3.4592,0.0473,0.00000,0.02446
5.88,6.12,3.5028,0.0622,0.00000,0.02399
6.12,6.12,3.5888,0.1001,0.00000,0.02499
6.38,6.12,3.5539,0.1687,0.00000,0.02641
6.62,6.12,3.6689,0.2870,0.00000,0.02918
6.88,6.12,3.6830,0.7325,0.00000,0.03108
7.12,6.12,3.6351,1.9084,0.00000,0.03227
7.38,6.12,2.6166,3.3904,0.00000,0.02374
2.62,6.38,2.4643,0.9969,0.00000,0.02474
2.88,6.38,3.3757,0.5741,0.00000,0.03348
3.12,6.38,3.4243,0.2462,0.00000,0.03181
3.38,6.38,3.5024,0.1143,0.00000,0.02950
3.62,6.38,3.3765,0.0745,0.00000,0.02532
3.88,6.38,3.4468,0.0571,0.00000,0.02300
4.12,6.38,3.3277,0.0549,0.00000,0.02171
4.38,6.38,3.3898,0.0510,0.00000,0.02224
4.62,6.38,3.3169,0.0505,0.00000,0.02171
4.88,6.38,3.3866,0.0474,0.00000,0.02170
5.12,6.38,3.3947,0.0464,0.00000,0.02359
5.38,6.38,3.4631,0.0579,0.00000,0.02580
5.62,6.38,3.5119,0.0715,0.00000,0.02510
5.88,6.38,3.5667,0.0937,0.00000,0.02442
6.12,6.38,3.6292,0.1411,0.00000,0.02557
6.38,6.38,3.6168,0.2291,0.00000,0.02795
6.62,6.38,3.7246,0.4004,0.00000,0.03167
6.88,6.38,3.7743,0.9925,0.00000,0.03403
7.12,6.38,3.7218,2.4404,0.00000,0.03504
7.38,6.38,2.6649,4.1816,0.00000,0.02598
2.62,6.62,2.4761,1.0021,0.00000,0.02546
2.88,6.62,3.3902,0.6308,0.00000,0.03421
3.12,6.62,3.4380,0.3250,0.00000,0.03185
3.38,6.62,3.5160,0.1815,0.00000,0.02887
3.62,6.62,3.3964,0.1222,0.00000,0.02439
3.88,6.62,3.4854,0.0818,0.00000,0.02201
4.12,6.62,3.3816,0.0662,0.00000,0.02090
4.38,6.62,3.4537,0.0632,0.00000,0.02157
4.62,6.62,3.3904,0.0646,0.00000,0.02126
4.88,6.62,3.4714,0.0552,0.00000,0.02114
5.12,6.62,3.4537,0.0537,0.00000,0.02216
5.38,6.62,3.5310,0.0745,0.00000,0.02404
5.62,6.62,3.5639,0.1044,0.00000,0.02442
5.88,6.62,3.6251,0.1424,0.00000,0.02515
6.12,6.62,3.6661,0.1965,0.00000,0.02672
6.38,6.62,3.6818,0.2999,0.00000,0.02976
6.62,6.62,3.7872,0.5276,0.00000,0.03424
6.88,6.62,3.8647,1.2680,0.00000,0.03778
7.12,6.62,3.7992,3.0289,0.00000,0.03934
7.38,6.62,2.7062,5.1233,0.00000,0.02971
2.62,6.88,2.4884,1.2603,0.00000,0.02682
2.88,6.88,3.4056,0.8660,0.00000,0.03589
3.12,6.88,3.4574,0.5409,0.00000,0.03298
3.38,6.88,3.5431,0.3267,0.00000,0.02941
3.62,6.88,3.4261,0.1958,0.00000,0.02443
3.88,6.88,3.5172,0.1266,0.00000,0.02175
4.12,6.88,3.4238,0.1040,0.00000,0.02085
4.38,6.88,3.5093,0.0903,0.00000,0.02158
4.62,6.88,3.4474,0.0809,0.00000,0.02108
4.88,6.88,3.5403,0.0624,0.00000,0.02060
5.12,6.88,3.5135,0.0593,0.00000,0.02061
5.38,6.88,3.6009,0.0932,0.00000,0.02233
5.62,6.88,3.6127,0.1488,0.00000,0.02450
5.88,6.88,3.6802,0.2069,0.00000,0.02725
6.12,6.88,3.7155,0.2709,0.00000,0.02953
6.38,6.88,3.7606,0.3948,0.00000,0.03273
6.62,6.88,3.8597,0.6657,0.00000,0.03697
6.88,6.88,3.9499,1.5277,0.00000,0.04175
7.12,6.88,3.8709,3.5975,0.00000,0.04449
7.38,6.88,2.7464,6.0641,0.00000,0.03412
2.62,7.12,2.5041,1.7623,0.00000,0.02778
2.88,7.12,3.4244,1.3303,0.00000,0.03737
3.12,7.12,3.4796,0.9911,0.00000,0.03505
3.38,7.12,3.5715,0.6131,0.00000,0.03178
3.62,7.12,3.4557,0.3121,0.00000,0.02593
3.88,7.12,3.5438,0.1877,0.00000,0.02244
4.12,7.12,3.4565,0.1534,0.00000,0.02150
4.38,7.12,3.5529,0.1188,0.00000,0.02228
4.62,7.12,3.4915,0.0926,0.00000,0.02151
4.88,7.12,3.5999,0.0736,0.00000,0.02091
5.12,7.12,3.5660,0.0766,0.00000,0.02062
5.38,7.12,3.6540,0.1278,0.00000,0.02288
5.62,7.12,3.6535,0.2123,0.00000,0.02669
5.88,7.12,3.7387,0.2875,0.00000,0.03105
6.12,7.12,3.7696,0.3554,0.00000,0.03387
6.38,7.12,3.8343,0.4982,0.00000,0.03681
6.62,7.12,3.9309,0.8096,0.00000,0.04031
6.88,7.12,4.0327,1.7458,0.00000,0.04537
7.12,7.12,3.9378,3.9403,0.00000,0.04828
7.38,7.12,2.7774,6.4912,0.00000,0.03671
2.62,7.38,2.5179,2.5126,0.00000,0.02870
2.88,7.38,3.4416,1.9187,0.00000,0.03899
3.12,7.38,3.5031,1.4806,0.00000,0.03807
3.38,7.38,3.6008,0.9275,0.00000,0.03590
3.62,7.38,3.4823,0.4586,0.00000,0.02929
3.88,7.38,3.5640,0.2584,0.00000,0.02469
4.12,7.38,3.4767,0.1879,0.00000,0.02231
4.38,7.38,3.5806,0.1359,0.00000,0.02212
4.62,7.38,3.5202,0.1074,0.00000,0.02151
4.88,7.38,3.6428,0.1019,0.00000,0.02163
5.12,7.38,3.6053,0.1193,0.00000,0.02172
5.38,7.38,3.6961,0.1902,0.00000,0.02507
5.62,7.38,3.6893,0.3066,0.00000,0.03046
5.88,7.38,3.7849,0.3992,0.00000,0.03559
6.12,7.38,3.8076,0.4654,0.00000,0.03824
6.38,7.38,3.8868,0.6203,0.00000,0.04106
6.62,7.38,3.9863,0.9796,0.00000,0.04451
6.88,7.38,4.1120,1.9384,0.00000,0.04896
7.12,7.38,4.0049,4.0147,0.00000,0.05053
7.38,7.38,2.8057,6.2861,0.00000,0.03729
2.62,7.62,2.5352,3.5177,0.00000,0.02995
2.88,7.62,3.4624,2.4690,0.00000,0.04140
3.12,7.62,3.5229,1.7112,0.00000,0.04345
3.38,7.62,3.6202,1.0820,0.00000,0.04402
3.62,7.62,3.5052,0.5854,0.00000,0.03593
3.88,7.62,3.5885,0.3288,0.00000,0.02901
4.12,7.62,3.4999,0.2101,0.00000,0.02427
4.38,7.62,3.6128,0.1622,0.00000,0.02259
4.62,7.62,3.5514,0.1573,0.00000,0.02195
4.88,7.62,3.6763,0.1652,0.00000,0.02276
5.12,7.62,3.6366,0.1947,0.00000,0.02342
5.38,7.62,3.7422,0.3004,0.00000,0.02825
5.62,7.62,3.7275,0.4658,0.00000,0.03518
5.88,7.62,3.8156,0.5716,0.00000,0.04043
6.12,7.62,3.8294,0.6404,0.00000,0.04283
6.38,7.62,3.9196,0.8260,0.00000,0.04725
6.62,7.62,4.0251,1.2539,0.00000,0.05256
6.88,7.62,4.1815,2.2251,0.00000,0.05602
7.12,7.62,4.0684,4.1452,0.00000,0.05508
7.38,7.62,2.8416,6.1119,0.00000,0.03972
2.62,7.88,2.5472,5.1575,0.00000,0.03221
2.88,7.88,3.4784,3.3618,0.00000,0.04585
3.12,7.88,3.5410,2.0883,0.00000,0.05342
3.38,7.88,3.6392,1.3271,0.00000,0.05887
3.62,7.88,3.5259,0.7879,0.00000,0.04700
3.88,7.88,3.6119,0.4644,0.00000,0.03514
4.12,7.88,3.5235,0.2940,0.00000,0.02763
4.38,7.88,3.6461,0.2361,0.00000,0.02462
4.62,7.88,3.5857,0.2347,0.00000,0.02346
4.88,7.88,3.7117,0.2407,0.00000,0.02435
5.12,7.88,3.6667,0.2797,0.00000,0.02544
5.38,7.88,3.7837,0.4406,0.00000,0.03170
5.62,7.88,3.7608,0.6838,0.00000,0.04025
5.88,7.88,3.8465,0.8245,0.00000,0.04700
6.12,7.88,3.8569,0.9270,0.00000,0.05102
6.38,7.88,3.9473,1.1771,0.00000,0.05849
6.62,7.88,4.0507,1.6796,0.00000,0.06637
6.88,7.88,4.2341,2.6463,0.00000,0.06773
7.12,7.88,4.1211,4.4573,0.00000,0.06290
7.38,7.88,2.8815,6.2269,0.00000,0.04487
2.62,8.12,2.5623,7.5049,0.00000,0.03619
2.88,8.12,3.5005,4.8678,0.00000,0.05320
3.12,8.12,3.5627,3.0517,0.00000,0.06782
3.38,8.12,3.6568,2.0167,0.00000,0.07908
3.62,8.12,3.5414,1.2917,0.00000,0.06148
3.88,8.12,3.6296,0.8020,0.00000,0.04290
4.12,8.12,3.5408,0.5192,0.00000,0.03250
4.38,8.12,3.6653,0.3853,0.00000,0.02827
4.62,8.12,3.6044,0.3275,0.00000,0.02613
4.88,8.12,3.7406,0.3153,0.00000,0.02669
5.12,8.12,3.6928,0.3642,0.00000,0.02853
5.38,8.12,3.8101,0.5900,0.00000,0.03679
5.62,8.12,3.7830,0.9353,0.00000,0.04714
5.88,8.12,3.8784,1.1600,0.00000,0.05613
6.12,8.12,3.8868,1.3523,0.00000,0.06335
6.38,8.12,3.9759,1.7130,0.00000,0.07572
6.62,8.12,4.0734,2.2927,0.00000,0.08603
6.88,8.12,4.2729,3.1991,0.00000,0.08189
7.12,8.12,4.1636,4.8624,0.00000,0.07025
7.38,8.12,2.9266,6.4070,0.00000,0.04927
2.62,8.38,2.5891,10.1578,0.00000,0.04386
2.88,8.38,3.5382,6.7321,0.00000,0.06566
3.12,8.38,3.5909,4.4532,0.00000,0.08693
3.38,8.38,3.6735,3.1319,0.00000,0.10329
3.62,8.38,3.5578,2.1563,0.00000,0.07914
3.88,8.38,3.6482,1.3944,0.00000,0.05332
4.12,8.38,3.5595,0.9261,0.00000,0.03943
4.38,8.38,3.6840,0.6570,0.00000,0.03345
4.62,8.38,3.6223,0.4919,0.00000,0.03025
4.88,8.38,3.7722,0.4344,0.00000,0.03079
5.12,8.38,3.7192,0.4894,0.00000,0.03350
5.38,8.38,3.8232,0.7966,0.00000,0.04395
5.62,8.38,3.7931,1.2676,0.00000,0.05639
5.88,8.38,3.9021,1.5973,0.00000,0.06706
6.12,8.38,3.9100,1.9069,0.00000,0.07737
6.38,8.38,4.0070,2.4380,0.00000,0.09713
6.62,8.38,4.0992,3.1422,0.00000,0.11089
6.88,8.38,4.3018,3.9715,0.00000,0.09854
7.12,8.38,4.1910,5.4592,0.00000,0.07638
7.38,8.38,2.9663,6.7741,0.00000,0.05117
2.62,8.62,2.6047,11.5100,0.00000,0.05437
2.88,8.62,3.5638,8.0323,0.00000,0.08275
3.12,8.62,3.6161,5.7731,0.00000,0.11301
3.38,8.62,3.6939,4.3867,0.00000,0.13624
3.62,8.62,3.5750,3.2465,0.00000,0.10281
3.88,8.62,3.6625,2.2081,0.00000,0.06681
4.12,8.62,3.5734,1.5438,0.00000,0.04857
4.38,8.62,3.7017,1.0926,0.00000,0.04106
4.62,8.62,3.6427,0.7763,0.00000,0.03697
4.88,8.62,3.8086,0.6584,0.00000,0.03768
5.12,8.62,3.7529,0.7196,0.00000,0.04008
5.38,8.62,3.8392,1.0938,0.00000,0.05078
5.62,8.62,3.8012,1.6783,0.00000,0.06574
5.88,8.62,3.9236,2.1199,0.00000,0.08042
6.12,8.62,3.9300,2.5694,0.00000,0.09440
6.38,8.62,4.0250,3.3386,0.00000,0.12203
6.62,8.62,4.1115,4.2555,0.00000,0.14052
6.88,8.62,4.3330,5.0425,0.00000,0.12126
7.12,8.62,4.2257,6.2821,0.00000,0.08573
7.38,8.62,3.0080,7.2516,0.00000,0.05284
2.62,8.88,2.6195,10.6563,0.00000,0.06290
2.88,8.88,3.5871,8.3931,0.00000,0.09840
3.12,8.88,3.6383,6.9855,0.00000,0.14233
3.38,8.88,3.7079,5.7534,0.00000,0.17649
3.62,8.88,3.5886,4.4898,0.00000,0.13179
3.88,8.88,3.6795,3.2367,0.00000,0.08309
4.12,8.88,3.5853,2.4389,0.00000,0.06105
4.38,8.88,3.7110,1.7203,0.00000,0.05371
4.62,8.88,3.6545,1.1500,0.00000,0.04840
4.88,8.88,3.8352,0.9783,0.00000,0.04864
5.12,8.88,3.7795,1.0791,0.00000,0.05023
5.38,8.88,3.8554,1.5232,0.00000,0.06115
5.62,8.88,3.8094,2.2134,0.00000,0.07861
5.88,8.88,3.9376,2.7564,0.00000,0.09746
6.12,8.88,3.9389,3.3442,0.00000,0.11593
6.38,8.88,4.0343,4.3705,0.00000,0.15267
6.62,8.88,4.1227,5.5701,0.00000,0.17733
6.88,8.88,4.3725,6.3855,0.00000,0.15158
7.12,8.88,4.2658,7.3426,0.00000,0.09910
7.38,8.88,3.0484,7.8922,0.00000,0.05531
2.62,9.12,2.6280,9.3795,0.00000,0.07222
2.88,9.12,3.5986,8.6104,0.00000,0.11585
3.12,9.12,3.6548,8.2510,0.00000,0.17587
3.38,9.12,3.7229,7.2660,0.00000,0.22276
3.62,9.12,3.6005,5.9227,0.00000,0.16558
3.88,9.12,3.6920,4.3735,0.00000,0.10290
4.12,9.12,3.5978,3.3552,0.00000,0.07766
4.38,9.12,3.7266,2.3407,0.00000,0.07184
4.62,9.12,3.6651,1.5015,0.00000,0.06524
4.88,9.12,3.8435,1.3263,0.00000,0.06476
5.12,9.12,3.7864,1.5280,0.00000,0.06540
5.38,9.12,3.8676,2.0977,0.00000,0.07742
5.62,9.12,3.8171,2.9158,0.00000,0.09603
5.88,9.12,3.9425,3.5226,0.00000,0.11609
6.12,9.12,3.9400,4.2205,0.00000,0.13914
6.38,9.12,4.0422,5.4872,0.00000,0.18736
6.62,9.12,4.1324,6.9812,0.00000,0.22067
6.88,9.12,4.4153,7.9122,0.00000,0.18943
7.12,9.12,4.3145,8.6823,0.00000,0.11624
7.38,9.12,3.0962,8.9037,0.00000,0.05825
2.62,9.38,2.6441,10.6770,0.00000,0.08602
2.88,9.38,3.6109,9.9032,0.00000,0.13973
3.12,9.38,3.6609,9.5773,0.00000,0.21810
3.38,9.38,3.7242,8.6834,0.00000,0.27991
3.62,9.38,3.6062,7.3098,0.00000,0.20673
3.88,9.38,3.7053,5.2974,0.00000,0.12632
4.12,9.38,3.6107,3.8580,0.00000,0.09799
4.38,9.38,3.7396,2.6791,0.00000,0.09476
4.62,9.38,3.6750,1.7580,0.00000,0.08661
4.88,9.38,3.8534,1.6759,0.00000,0.08550
5.12,9.38,3.7947,2.0331,0.00000,0.08573
5.38,9.38,3.8838,2.7607,0.00000,0.09935
5.62,9.38,3.8316,3.6967,0.00000,0.11845
5.88,9.38,3.9518,4.3473,0.00000,0.13921
6.12,9.38,3.9420,5.1699,0.00000,0.16656
6.38,9.38,4.0501,6.7190,0.00000,0.22739
6.62,9.38,4.1418,8.5203,0.00000,0.27078
6.88,9.38,4.4407,9.5684,0.00000,0.23489
7.12,9.38,4.3362,10.2240,0.00000,0.13778
7.38,9.38,3.1260,10.2663,0.00000,0.06215
2.62,9.62,2.6446,13.7923,0.00000,0.10034
2.88,9.62,3.6022,11.9695,0.00000,0.16398
3.12,9.62,3.6572,10.9188,0.00000,0.26265
3.38,9.62,3.7325,9.7647,0.00000,0.34333
3.62,9.62,3.6184,8.1788,0.00000,0.25456
3.88,9.62,3.7200,5.8655,0.00000,0.15627
4.12,9.62,3.6268,4.2009,0.00000,0.12465
4.38,9.62,3.7576,3.0285,0.00000,0.12348
4.62,9.62,3.6909,2.1480,0.00000,0.11182
4.88,9.62,3.8689,2.1395,0.00000,0.10896
5.12,9.62,3.8091,2.6308,0.00000,0.11012
5.38,9.62,3.9076,3.5655,0.00000,0.12644
5.62,9.62,3.8525,4.6475,0.00000,0.14440
5.88,9.62,3.9599,5.3163,0.00000,0.16572
6.12,9.62,3.9402,6.2463,0.00000,0.19937
6.38,9.62,4.0531,8.0702,0.00000,0.27276
6.62,9.62,4.1447,10.1807,0.00000,0.32428
6.88,9.62,4.4559,11.3424,0.00000,0.28341
7.12,9.62,4.3550,11.9288,0.00000,0.16159
7.38,9.62,3.1649,11.8969,0.00000,0.06719
2.62,9.88,2.6588,16.4301,0.00000,0.11804
2.88,9.88,3.6137,13.7595,0.00000,0.19251
3.12,9.88,3.6642,12.0149,0.00000,0.30967
3.38,9.88,3.7403,10.6323,0.00000,0.40798
3.62,9.88,3.6310,8.9063,0.00000,0.30637
3.88,9.88,3.7369,6.5354,0.00000,0.19310
4.12,9.88,3.6421,4.8968,0.00000,0.15762
4.38,9.88,3.7714,3.7904,0.00000,0.15754
4.62,9.88,3.7012,2.9375,0.00000,0.14093
4.88,9.88,3.8732,2.8649,0.00000,0.13514
5.12,9.88,3.8099,3.3976,0.00000,0.13749
5.38,9.88,3.9133,4.6002,0.00000,0.15732
5.62,9.88,3.8590,5.8977,0.00000,0.17345
5.88,9.88,3.9675,6.5310,0.00000,0.19525
6.12,9.88,3.9450,7.4997,0.00000,0.23726
6.38,9.88,4.0630,9.5340,0.00000,0.32444
6.62,9.88,4.1541,11.8984,0.00000,0.38319
6.88,9.88,4.4705,13.1511,0.00000,0.33571
7.12,9.88,4.3713,13.6058,0.00000,0.18740
7.38,9.88,3.2021,13.3794,0.00000,0.07327
2.62,10.12,2.6659,18.1841,0.00000,0.13827
2.88,10.12,3.6273,15.4011,0.00000,0.22405
3.12,10.12,3.6817,13.4409,0.00000,0.35544
3.38,10.12,3.7550,11.7636,0.00000,0.46616
3.62,10.12,3.6435,9.7682,0.00000,0.35506
3.88,10.12,3.7450,7.3808,0.00000,0.23156
4.12,10.12,3.6495,5.8810,0.00000,0.19522
4.38,10.12,3.7803,4.9543,0.00000,0.19865
4.62,10.12,3.7081,4.2021,0.00000,0.17567
4.88,10.12,3.8733,3.9213,0.00000,0.16505
5.12,10.12,3.8085,4.3314,0.00000,0.16810
5.38,10.12,3.9128,5.6756,0.00000,0.19104
5.62,10.12,3.8581,7.1300,0.00000,0.20387
5.88,10.12,3.9746,7.8021,0.00000,0.22656
6.12,10.12,3.9568,8.8668,0.00000,0.27852
6.38,10.12,4.0897,11.0971,0.00000,0.38053
6.62,10.12,4.1760,13.6832,0.00000,0.44695
6.88,10.12,4.4794,15.0233,0.00000,0.39350
7.12,10.12,4.3784,15.2604,0.00000,0.21663
7.38,10.12,3.2372,14.6337,0.00000,0.08033
2.62,10.38,2.6724,19.5179,0.00000,0.15949
2.88,10.38,3.6399,17.1908,0.00000,0.25708
3.12,10.38,3.6956,15.3975,0.00000,0.40005
3.38,10.38,3.7598,12.9104,0.00000,0.51821
3.62,10.38,3.6479,10.0968,0.00000,0.40098
3.88,10.38,3.7488,7.7808,0.00000,0.27399
4.12,10.38,3.6545,6.6381,0.00000,0.23680
4.38,10.38,3.7843,6.1872,0.00000,0.24135
4.62,10.38,3.7159,5.7806,0.00000,0.21154
4.88,10.38,3.8802,5.2717,0.00000,0.19690
5.12,10.38,3.8134,5.4494,0.00000,0.20107
5.38,10.38,3.9108,6.7639,0.00000,0.22550
5.62,10.38,3.8524,8.2696,0.00000,0.23292
5.88,10.38,3.9749,9.0868,0.00000,0.25720
6.12,10.38,3.9587,10.3246,0.00000,0.31706
6.38,10.38,4.1048,12.7275,0.00000,0.42880
6.62,10.38,4.1874,15.5425,0.00000,0.50374
6.88,10.38,4.4805,17.0466,0.00000,0.45124
7.12,10.38,4.3773,17.2468,0.00000,0.24749
7.38,10.38,3.2758,16.5069,0.00000,0.08725
2.62,10.62,2.6884,21.1769,0.00000,0.18093
2.88,10.62,3.6546,19.0650,0.00000,0.29154
3.12,10.62,3.7092,17.1991,0.00000,0.44657
3.38,10.62,3.7638,13.7935,0.00000,0.56922
3.62,10.62,3.6521,10.1912,0.00000,0.44509
3.88,10.62,3.7584,8.1503,0.00000,0.31765
4.12,10.62,3.6672,7.5301,0.00000,0.28057
4.38,10.62,3.7900,7.5456,0.00000,0.28506
4.62,10.62,3.7226,7.4499,0.00000,0.24681
4.88,10.62,3.8837,6.7520,0.00000,0.22795
5.12,10.62,3.8134,6.7701,0.00000,0.23595
5.38,10.62,3.8988,8.0979,0.00000,0.26403
5.62,10.62,3.8384,9.6442,0.00000,0.26576
5.88,10.62,3.9668,10.5534,0.00000,0.28993
6.12,10.62,3.9497,11.9145,0.00000,0.35216
6.38,10.62,4.1009,14.3914,0.00000,0.46613
6.62,10.62,4.1817,17.3639,0.00000,0.55014
6.88,10.62,4.4851,19.1171,0.00000,0.50525
7.12,10.62,4.3884,19.5925,0.00000,0.27844
7.38,10.62,3.3346,19.1825,0.00000,0.09506
2.62,10.88,2.7146,22.8297,0.00000,0.20788
2.88,10.88,3.6751,20.6462,0.00000,0.33194
3.12,10.88,3.7259,18.5339,0.00000,0.49125
3.38,10.88,3.7708,14.7193,0.00000,0.61076
3.62,10.88,3.6583,10.8695,0.00000,0.48219
3.88,10.88,3.7630,9.0672,0.00000,0.35681
4.12,10.88,3.6769,8.7962,0.00000,0.31917
4.38,10.88,3.8009,9.0102,0.00000,0.32326
4.62,10.88,3.7347,9.0402,0.00000,0.27866
4.88,10.88,3.8890,8.3145,0.00000,0.25729
5.12,10.88,3.8180,8.3833,0.00000,0.26890
5.38,10.88,3.8962,9.8006,0.00000,0.29998
5.62,10.88,3.8323,11.3725,0.00000,0.29753
5.88,10.88,3.9628,12.2657,0.00000,0.32314
6.12,10.88,3.9442,13.6498,0.00000,0.38511
6.38,10.88,4.0932,16.1208,0.00000,0.49822
6.62,10.88,4.1731,19.2201,0.00000,0.59404
6.88,10.88,4.4951,21.2207,0.00000,0.55748
7.12,10.88,4.4042,21.8174,0.00000,0.30840
7.38,10.88,3.3860,21.3740,0.00000,0.10347
2.62,11.12,2.7449,24.7420,0.00000,0.23406
2.88,11.12,3.6990,22.1704,0.00000,0.36864
3.12,11.12,3.7488,19.6857,0.00000,0.52738
3.38,11.12,3.7893,16.0124,0.00000,0.64408
3.62,11.12,3.6741,12.4338,0.00000,0.51633
3.88,11.12,3.7626,10.6097,0.00000,0.39338
4.12,11.12,3.6761,10.3193,0.00000,0.35224
4.38,11.12,3.8053,10.5692,0.00000,0.35380
4.62,11.12,3.7437,10.6686,0.00000,0.30357
4.88,11.12,3.8875,10.0087,0.00000,0.27864
5.12,11.12,3.8178,10.2323,0.00000,0.29084
5.38,11.12,3.9030,11.7903,0.00000,0.32462
5.62,11.12,3.8378,13.3956,0.00000,0.32189
5.88,11.12,3.9605,14.1748,0.00000,0.35045
6.12,11.12,3.9351,15.4708,0.00000,0.41000
6.38,11.12,4.0827,17.9164,0.00000,0.52068
6.62,11.12,4.1650,21.1409,0.00000,0.62782
6.88,11.12,4.5000,23.3851,0.00000,0.59778
7.12,11.12,4.4159,23.9262,0.00000,0.33096
7.38,11.12,3.4225,23.0422,0.00000,0.10936
2.62,11.38,2.7717,26.1790,0.00000,0.25292
2.88,11.38,3.7170,23.5992,0.00000,0.39371
3.12,11.38,3.7691,21.0460,0.00000,0.55319
3.38,11.38,3.8150,17.8232,0.00000,0.67318
3.62,11.38,3.7005,14.7849,0.00000,0.54826
3.88,11.38,3.7697,12.8964,0.00000,0.42584
4.12,11.38,3.6813,12.5260,0.00000,0.38009
4.38,11.38,3.8121,12.7367,0.00000,0.37920
4.62,11.38,3.7558,12.7971,0.00000,0.32640
4.88,11.38,3.8836,12.0197,0.00000,0.29930
5.12,11.38,3.8166,12.2786,0.00000,0.31121
5.38,11.38,3.9172,13.9645,0.00000,0.34818
5.62,11.38,3.8510,15.6126,0.00000,0.34328
5.88,11.38,3.9579,16.2805,0.00000,0.36848
6.12,11.38,3.9230,17.4535,0.00000,0.42406
6.38,11.38,4.0676,19.8413,0.00000,0.53538
6.62,11.38,4.1502,23.1186,0.00000,0.65397
6.88,11.38,4.4944,25.5446,0.00000,0.63245
7.12,11.38,4.4144,26.1035,0.00000,0.35146
7.38,11.38,3.4515,24.9236,0.00000,0.11447
2.62,11.62,2.7925,27.5342,0.00000,0.26912
2.88,11.62,3.7308,25.0408,0.00000,0.41376
3.12,11.62,3.7840,22.4043,0.00000,0.56764
3.38,11.62,3.8264,19.6449,0.00000,0.68374
3.62,11.62,3.7179,17.2844,0.00000,0.56369
3.88,11.62,3.7810,15.6036,0.00000,0.44641
4.12,11.62,3.6978,15.3521,0.00000,0.40022
4.38,11.62,3.8249,15.3697,0.00000,0.40062
4.62,11.62,3.7746,15.2357,0.00000,0.34827
4.88,11.62,3.8876,14.3683,0.00000,0.31993
5.12,11.62,3.8246,14.7092,0.00000,0.33046
5.38,11.62,3.9322,16.3580,0.00000,0.36822
5.62,11.62,3.8667,17.8943,0.00000,0.35925
5.88,11.62,3.9644,18.4700,0.00000,0.37916
6.12,11.62,3.9164,19.6105,0.00000,0.43234
6.38,11.62,4.0504,22.0700,0.00000,0.54865
6.62,11.62,4.1274,25.3568,0.00000,0.67342
6.88,11.62,4.4818,27.7920,0.00000,0.65396
7.12,11.62,4.4100,28.6010,0.00000,0.36386
7.38,11.62,3.5025,27.7192,0.00000,0.11785
2.62,11.88,2.8184,30.0355,0.00000,0.28320
2.88,11.88,3.7482,27.0826,0.00000,0.43111
3.12,11.88,3.8039,23.9454,0.00000,0.57490
3.38,11.88,3.8255,21.3367,0.00000,0.67885
3.62,11.88,3.7206,19.5111,0.00000,0.56303
3.88,11.88,3.7846,18.1944,0.00000,0.45361
4.12,11.88,3.7206,18.1889,0.00000,0.41186
4.38,11.88,3.8425,17.8311,0.00000,0.41610
4.62,11.88,3.7891,17.4065,0.00000,0.36345
4.88,11.88,3.8835,16.8271,0.00000,0.33333
5.12,11.88,3.8322,17.5537,0.00000,0.34351
5.38,11.88,3.9422,18.9358,0.00000,0.38089
5.62,11.88,3.8735,20.0894,0.00000,0.36717
5.88,11.88,3.9684,20.5135,0.00000,0.38246
6.12,11.88,3.9093,21.7124,0.00000,0.43504
6.38,11.88,4.0369,24.4567,0.00000,0.55619
6.62,11.88,4.1088,27.9001,0.00000,0.68218
6.88,11.88,4.4632,30.3139,0.00000,0.66018
7.12,11.88,4.3982,31.4438,0.00000,0.36694
7.38,11.88,3.5672,31.1701,0.00000,0.11902
2.62,12.12,2.8687,32.8266,0.00000,0.29494
2.88,12.12,3.7861,29.5747,0.00000,0.44406
3.12,12.12,3.8354,25.9968,0.00000,0.57596
3.38,12.12,3.8251,23.0168,0.00000,0.66641
3.62,12.12,3.7238,21.2348,0.00000,0.55292
3.88,12.12,3.7847,20.2515,0.00000,0.44883
4.12,12.12,3.7429,20.5950,0.00000,0.41073
4.38,12.12,3.8468,20.1642,0.00000,0.41558
4.62,12.12,3.7944,19.7559,0.00000,0.36485
4.88,12.12,3.8841,19.4073,0.00000,0.33826
5.12,12.12,3.8438,20.3401,0.00000,0.35082
5.38,12.12,3.9485,21.4354,0.00000,0.38835
5.62,12.12,3.8715,22.2373,0.00000,0.36993
5.88,12.12,3.9709,22.4767,0.00000,0.37974
6.12,12.12,3.9074,23.6598,0.00000,0.42936
6.38,12.12,4.0347,26.5970,0.00000,0.54813
6.62,12.12,4.0979,30.3036,0.00000,0.67337
6.88,12.12,4.4394,32.9225,0.00000,0.65667
7.12,12.12,4.3835,34.3508,0.00000,0.36731
7.38,12.12,3.6412,34.5442,0.00000,0.12002
2.62,12.38,2.9155,35.3687,0.00000,0.30022
2.88,12.38,3.8158,31.8711,0.00000,0.44605
3.12,12.38,3.8691,27.9421,0.00000,0.56862
3.38,12.38,3.8410,24.4518,0.00000,0.65207
3.62,12.38,3.7396,22.4986,0.00000,0.54279
3.88,12.38,3.7797,21.8154,0.00000,0.44177
4.12,12.38,3.7478,22.5845,0.00000,0.40542
4.38,12.38,3.8325,22.5377,0.00000,0.40921
4.62,12.38,3.7925,22.5022,0.00000,0.35850
4.88,12.38,3.8879,21.9691,0.00000,0.33364
5.12,12.38,3.8666,22.7148,0.00000,0.34953
5.38,12.38,3.9711,23.6890,0.00000,0.38873
5.62,12.38,3.8727,24.3067,0.00000,0.36510
5.88,12.38,3.9679,24.3757,0.00000,0.36776
6.12,12.38,3.9045,25.4600,0.00000,0.41390
6.38,12.38,4.0411,28.4072,0.00000,0.52539
6.62,12.38,4.0961,32.2961,0.00000,0.64534
6.88,12.38,4.4144,35.2710,0.00000,0.63901
7.12,12.38,4.3610,37.0671,0.00000,0.36208
7.38,12.38,3.7109,37.6722,0.00000,0.11995
2.62,12.62,2.9795,38.2269,0.00000,0.30468
2.88,12.62,3.8440,33.8795,0.00000,0.44615
3.12,12.62,3.8925,29.3098,0.00000,0.55826
3.38,12.62,3.8520,25.5218,0.00000,0.63552
3.62,12.62,3.7569,23.5709,0.00000,0.53304
3.88,12.62,3.7709,23.1732,0.00000,0.43507
4.12,12.62,3.7353,24.2905,0.00000,0.39619
4.38,12.62,3.8150,24.5970,0.00000,0.39792
4.62,12.62,3.7935,24.8858,0.00000,0.34840
4.88,12.62,3.8946,24.2357,0.00000,0.32356
5.12,12.62,3.8996,24.9614,0.00000,0.34030
5.38,12.62,4.0043,25.8663,0.00000,0.37858
5.62,12.62,3.8753,26.2442,0.00000,0.35009
5.88,12.62,3.9624,26.1645,0.00000,0.34798
6.12,12.62,3.8984,27.1971,0.00000,0.39224
6.38,12.62,4.0428,30.1649,0.00000,0.49412
6.62,12.62,4.0885,34.1589,0.00000,0.60082
6.88,12.62,4.3869,37.5513,0.00000,0.59882
7.12,12.62,4.3419,39.7959,0.00000,0.34305
7.38,12.62,3.7892,40.7076,0.00000,0.11609
2.62,12.88,3.0442,41.1555,0.00000,0.30316
2.88,12.88,3.8496,35.6720,0.00000,0.44365
3.12,12.88,3.8957,30.3752,0.00000,0.54843
3.38,12.88,3.8565,26.4595,0.00000,0.61790
3.62,12.88,3.7697,24.6513,0.00000,0.51804
3.88,12.88,3.7590,24.5099,0.00000,0.42341
4.12,12.88,3.7235,25.8598,0.00000,0.38221
4.38,12.88,3.8123,26.2301,0.00000,0.38026
4.62,12.88,3.8098,26.6022,0.00000,0.32997
4.88,12.88,3.9135,26.0634,0.00000,0.30254
5.12,12.88,3.9403,27.0271,0.00000,0.32054
5.38,12.88,4.0347,27.9727,0.00000,0.35992
5.62,12.88,3.8770,28.2057,0.00000,0.33139
5.88,12.88,3.9653,28.0704,0.00000,0.32837
6.12,12.88,3.8994,29.1169,0.00000,0.37076
6.38,12.88,4.0461,32.2238,0.00000,0.46498
6.62,12.88,4.0821,36.3871,0.00000,0.55635
6.88,12.88,4.3600,40.1613,0.00000,0.54954
7.12,12.88,4.3193,42.6424,0.00000,0.31597
7.38,12.88,3.8579,43.4527,0.00000,0.10991
2.62,13.12,3.1117,43.1149,0.00000,0.30053
2.88,13.12,3.8609,37.3050,0.00000,0.43913
3.12,13.12,3.8952,31.7808,0.00000,0.53592
3.38,13.12,3.8487,27.6640,0.00000,0.59749
3.62,13.12,3.7745,25.8152,0.00000,0.50208
3.88,13.12,3.7575,25.8004,0.00000,0.41490
4.12,13.12,3.7224,27.2529,0.00000,0.36986
4.38,13.12,3.8114,27.5593,0.00000,0.35852
4.62,13.12,3.8356,27.9628,0.00000,0.30603
4.88,13.12,3.9484,27.5839,0.00000,0.27753
5.12,13.12,3.9848,28.8105,0.00000,0.29592
5.38,13.12,4.0585,30.0325,0.00000,0.33483
5.62,13.12,3.8759,30.3818,0.00000,0.30770
5.88,13.12,3.9702,30.1922,0.00000,0.30429
6.12,13.12,3.9049,31.1812,0.00000,0.34551
6.38,13.12,4.0470,34.5519,0.00000,0.43342
6.62,13.12,4.0698,38.9882,0.00000,0.50758
6.88,13.12,4.3304,43.0130,0.00000,0.49190
7.12,13.12,4.2960,45.6138,0.00000,0.28283
7.38,13.12,3.9220,46.3248,0.00000,0.10169
2.62,13.38,3.1495,45.3055,0.00000,0.29303
2.88,13.38,3.8673,39.4649,0.00000,0.42678
3.12,13.38,3.9046,33.8235,0.00000,0.51815
3.38,13.38,3.8483,29.2682,0.00000,0.57334
3.62,13.38,3.7745,27.0610,0.00000,0.47923
3.88,13.38,3.7614,26.8754,0.00000,0.39711
4.12,13.38,3.7375,28.2067,0.00000,0.35289
4.38,13.38,3.8163,28.5740,0.00000,0.33589
4.62,13.38,3.8551,29.2747,0.00000,0.28320
4.88,13.38,3.9735,29.2334,0.00000,0.25624
5.12,13.38,4.0209,30.7748,0.00000,0.27415
5.38,13.38,4.0775,32.2523,0.00000,0.31016
5.62,13.38,3.8763,32.6758,0.00000,0.28223
5.88,13.38,3.9795,32.2482,0.00000,0.27566
6.12,13.38,3.9079,33.0226,0.00000,0.31470
6.38,13.38,4.0305,36.7877,0.00000,0.39367
6.62,13.38,4.0461,41.6608,0.00000,0.45075
6.88,13.38,4.3115,45.9154,0.00000,0.43246
7.12,13.38,4.2831,48.6365,0.00000,0.25039
7.38,13.38,3.9767,49.3371,0.00000,0.09279
2.62,13.62,3.1827,47.9670,0.00000,0.28828
2.88,13.62,3.8932,41.7837,0.00000,0.41613
3.12,13.62,3.9274,35.7007,0.00000,0.49651
3.38,13.62,3.8435,30.6877,0.00000,0.54038
3.62,13.62,3.7657,28.1629,0.00000,0.44863
3.88,13.62,3.7568,27.7586,0.00000,0.36991
4.12,13.62,3.7439,28.9040,0.00000,0.32710
4.38,13.62,3.8202,29.4926,0.00000,0.30834
4.62,13.62,3.8756,30.7452,0.00000,0.25882
4.88,13.62,3.9872,31.2498,0.00000,0.23478
5.12,13.62,4.0437,33.1290,0.00000,0.25286
5.38,13.62,4.0912,34.5139,0.00000,0.28625
5.62,13.62,3.8773,34.6330,0.00000,0.25824
5.88,13.62,3.9863,33.8996,0.00000,0.24735
6.12,13.62,3.9101,34.5935,0.00000,0.27922
6.38,13.62,4.0181,38.9221,0.00000,0.34664
6.62,13.62,4.0280,44.3878,0.00000,0.39409
6.88,13.62,4.2991,48.9631,0.00000,0.37990
7.12,13.62,4.2787,51.8542,0.00000,0.22265
7.38,13.62,4.0423,52.5246,0.00000,0.08509
2.62,13.88,3.2005,49.6913,0.00000,0.27697
2.88,13.88,3.9221,43.4381,0.00000,0.39759
3.12,13.88,3.9588,36.9266,0.00000,0.46706
3.38,13.88,3.8410,31.6033,0.00000,0.50210
3.62,13.88,3.7512,29.0401,0.00000,0.41559
3.88,13.88,3.7437,28.7687,0.00000,0.33798
4.12,13.88,3.7484,29.9904,0.00000,0.29561
4.38,13.88,3.8294,30.7064,0.00000,0.27808
4.62,13.88,3.8927,32.2813,0.00000,0.23359
4.88,13.88,3.9919,33.2593,0.00000,0.21189
5.12,13.88,4.0647,35.4394,0.00000,0.22879
5.38,13.88,4.1068,36.6471,0.00000,0.25805
5.62,13.88,3.8799,36.4979,0.00000,0.23029
5.88,13.88,3.9834,35.6986,0.00000,0.21537
6.12,13.88,3.9015,36.4472,0.00000,0.23922
6.38,13.88,4.0087,41.1029,0.00000,0.29617
6.62,13.88,4.0151,47.0729,0.00000,0.33737
6.88,13.88,4.2821,52.1733,0.00000,0.32700
7.12,13.88,4.2661,55.3840,0.00000,0.19378
7.38,13.88,4.1149,55.9244,0.00000,0.07680
2.62,14.12,3.2449,49.3889,0.00000,0.25958
2.88,14.12,3.9594,44.0801,0.00000,0.37009
3.12,14.12,3.9872,37.7665,0.00000,0.42811
3.38,14.12,3.8506,32.3059,0.00000,0.45623
3.62,14.12,3.7580,29.7790,0.00000,0.38018
3.88,14.12,3.7423,29.8149,0.00000,0.30813
4.12,14.12,3.7534,31.3453,0.00000,0.26702
4.38,14.12,3.8312,32.0676,0.00000,0.25074
4.62,14.12,3.8958,33.6510,0.00000,0.21001
4.88,14.12,3.9898,34.9182,0.00000,0.18824
5.12,14.12,4.0858,37.4448,0.00000,0.20190
5.38,14.12,4.1251,38.7636,0.00000,0.22625
5.62,14.12,3.8754,38.6301,0.00000,0.19957
5.88,14.12,3.9563,37.9804,0.00000,0.18268
6.12,14.12,3.8755,38.8507,0.00000,0.20129
6.38,14.12,4.0027,43.5786,0.00000,0.25111
6.62,14.12,4.0029,49.8836,0.00000,0.28581
6.88,14.12,4.2566,55.5793,0.00000,0.27650
7.12,14.12,4.2484,59.1353,0.00000,0.16522
7.38,14.12,4.1922,59.3494,0.00000,0.06789
2.62,14.38,3.2733,49.9140,0.00000,0.23682
2.88,14.38,3.9673,45.1792,0.00000,0.33432
3.12,14.38,4.0037,38.9185,0.00000,0.38373
3.38,14.38,3.8703,33.2963,0.00000,0.40797
3.62,14.38,3.7716,30.7321,0.00000,0.34300
3.88,14.38,3.7397,30.7672,0.00000,0.27935
4.12,14.38,3.7549,32.4292,0.00000,0.24165
4.38,14.38,3.8210,33.2167,0.00000,0.22656
4.62,14.38,3.8774,34.8989,0.00000,0.18777
4.88,14.38,3.9768,36.4870,0.00000,0.16406
5.12,14.38,4.1067,39.4265,0.00000,0.17183
5.38,14.38,4.1461,41.0650,0.00000,0.18965
5.62,14.38,3.8722,41.0951,0.00000,0.16745
5.88,14.38,3.9301,40.5454,0.00000,0.15338
6.12,14.38,3.8470,41.4725,0.00000,0.16735
6.38,14.38,3.9923,46.2572,0.00000,0.20718
6.62,14.38,3.9896,52.9039,0.00000,0.23232
6.88,14.38,4.2328,59.2701,0.00000,0.22397
7.12,14.38,4.2328,63.2777,0.00000,0.13572
7.38,14.38,4.2662,63.2769,0.00000,0.05851
2.62,14.62,3.2924,51.2965,0.00000,0.21297
2.88,14.62,3.9676,46.8218,0.00000,0.29849
3.12,14.62,4.0026,40.5043,0.00000,0.34206
3.38,14.62,3.8793,34.7690,0.00000,0.36399
3.62,14.62,3.7880,32.1864,0.00000,0.30795
3.88,14.62,3.7397,31.9387,0.00000,0.25191
4.12,14.62,3.7516,33.3731,0.00000,0.21760
4.38,14.62,3.8100,34.1904,0.00000,0.20319
4.62,14.62,3.8658,36.1379,0.00000,0.16682
4.88,14.62,3.9674,38.1502,0.00000,0.14287
5.12,14.62,4.1198,41.5678,0.00000,0.14559
5.38,14.62,4.1606,43.5768,0.00000,0.15762
5.62,14.62,3.8728,43.7944,0.00000,0.13985
5.88,14.62,3.9135,43.2629,0.00000,0.12870
6.12,14.62,3.8248,44.2070,0.00000,0.13684
6.38,14.62,3.9837,49.0811,0.00000,0.16469
6.62,14.62,3.9747,56.0444,0.00000,0.18189
6.88,14.62,4.1995,63.1433,0.00000,0.17679
7.12,14.62,4.2108,67.9375,0.00000,0.10971
7.38,14.62,4.3491,68.1266,0.00000,0.05033
2.62,14.88,3.2986,53.1062,0.00000,0.19059
2.88,14.88,3.9683,48.8126,0.00000,0.26752
3.12,14.88,4.0063,42.2854,0.00000,0.30928
3.38,14.88,3.8885,36.3618,0.00000,0.33006
3.62,14.88,3.7977,33.8207,0.00000,0.27650
3.88,14.88,3.7450,33.4402,0.00000,0.22456
4.12,14.88,3.7681,34.6516,0.00000,0.19352
4.38,14.88,3.8193,35.4313,0.00000,0.17924
4.62,14.88,3.8688,37.6094,0.00000,0.14604
4.88,14.88,3.9627,39.8772,0.00000,0.12368
5.12,14.88,4.1271,43.5916,0.00000,0.12388
5.38,14.88,4.1721,45.9350,0.00000,0.13236
5.62,14.88,3.8887,46.3987,0.00000,0.11749
5.88,14.88,3.9191,45.9289,0.00000,0.10819
6.12,14.88,3.8142,46.8820,0.00000,0.11130
6.38,14.88,3.9693,51.8769,0.00000,0.12870
6.62,14.88,3.9538,59.1745,0.00000,0.13988
6.88,14.88,4.1719,67.0149,0.00000,0.13764
7.12,14.88,4.1954,72.8469,0.00000,0.08785
7.38,14.88,4.4337,73.5600,0.00000,0.04327
2.62,15.12,3.3181,54.9146,0.00000,0.17177
2.88,15.12,3.9700,50.5796,0.00000,0.24098
3.12,15.12,4.0039,43.8027,0.00000,0.28011
3.38,15.12,3.8905,37.6470,0.00000,0.30001
3.62,15.12,3.8122,35.1503,0.00000,0.24989
3.88,15.12,3.7626,34.9326,0.00000,0.20277
4.12,15.12,3.7864,36.1750,0.00000,0.17305
4.38,15.12,3.8179,36.9723,0.00000,0.15719
4.62,15.12,3.8718,39.2002,0.00000,0.12811
4.88,15.12,3.9596,41.4563,0.00000,0.10845
5.12,15.12,4.1349,45.3379,0.00000,0.10517
5.38,15.12,4.1925,48.1268,0.00000,0.10850
5.62,15.12,3.9293,49.0742,0.00000,0.09522
5.88,15.12,3.9479,48.7203,0.00000,0.08774
6.12,15.12,3.8115,49.6225,0.00000,0.08851
6.38,15.12,3.9484,54.7693,0.00000,0.09914
6.62,15.12,3.9273,62.4510,0.00000,0.10650
6.88,15.12,4.1461,71.0224,0.00000,0.10597
7.12,15.12,4.1810,77.8636,0.00000,0.06954
7.38,15.12,4.5150,79.2620,0.00000,0.03696
2.62,15.38,3.3595,57.0763,0.00000,0.15201
2.88,15.38,3.9765,52.2861,0.00000,0.21465
3.12,15.38,4.0089,45.0654,0.00000,0.25350
3.38,15.38,3.8958,38.8034,0.00000,0.27406
3.62,15.38,3.8225,36.4941,0.00000,0.22630
3.88,15.38,3.7690,36.5101,0.00000,0.18160
4.12,15.38,3.7902,37.7291,0.00000,0.15493
4.38,15.38,3.7999,38.3127,0.00000,0.14070
4.62,15.38,3.8663,40.2531,0.00000,0.11594
4.88,15.38,3.9497,42.4430,0.00000,0.09832
5.12,15.38,4.1394,46.6341,0.00000,0.09064
5.38,15.38,4.2129,50.1573,0.00000,0.08817
5.62,15.38,3.9860,51.9107,0.00000,0.07547
5.88,15.38,3.9970,51.8339,0.00000,0.06889
6.12,15.38,3.8177,52.8387,0.00000,0.06860
6.38,15.38,3.9303,58.3904,0.00000,0.07527
6.62,15.38,3.9018,66.6189,0.00000,0.08013
6.88,15.38,4.1230,75.7513,0.00000,0.08058
7.12,15.38,4.1708,83.4253,0.00000,0.05450
7.38,15.38,4.5886,85.7442,0.00000,0.03150
2.62,15.62,3.3977,58.6131,0.00000,0.13305
2.88,15.62,3.9962,53.7751,0.00000,0.18937
3.12,15.62,4.0239,46.6419,0.00000,0.22536
3.38,15.62,3.8916,40.5246,0.00000,0.24363
3.62,15.62,3.8254,38.3216,0.00000,0.19943
3.88,15.62,3.7716,38.2828,0.00000,0.15803
4.12,15.62,3.7875,39.2403,0.00000,0.13667
4.38,15.62,3.7750,39.3007,0.00000,0.12650
4.62,15.62,3.8503,40.6363,0.00000,0.10582
4.88,15.62,3.9257,42.6780,0.00000,0.09024
5.12,15.62,4.1213,47.0691,0.00000,0.08050
5.38,15.62,4.2008,51.2147,0.00000,0.07477
5.62,15.62,4.0495,53.7997,0.00000,0.06201
5.88,15.62,4.0684,54.4495,0.00000,0.05457
6.12,15.62,3.8317,56.1755,0.00000,0.05261
6.38,15.62,3.9137,62.7752,0.00000,0.05638
6.62,15.62,3.8744,71.9196,0.00000,0.05887
6.88,15.62,4.0937,81.4644,0.00000,0.05919
7.12,15.62,4.1510,89.8746,0.00000,0.04148
7.38,15.62,4.6437,93.5465,0.00000,0.02648
2.62,15.88,3.4312,60.0263,0.00000,0.11741
2.88,15.88,4.0245,55.2884,0.00000,0.16750
3.12,15.88,4.0532,48.4718,0.00000,0.20109
3.38,15.88,3.9020,42.6111,0.00000,0.21874
3.62,15.88,3.8356,40.3498,0.00000,0.17773
3.88,15.88,3.7697,40.0164,0.00000,0.13705
4.12,15.88,3.7847,40.6663,0.00000,0.11901
4.38,15.88,3.7631,40.2177,0.00000,0.11223
4.62,15.88,3.8390,40.8290,0.00000,0.09500
4.88,15.88,3.8931,42.5272,0.00000,0.08125
5.12,15.88,4.0776,46.7817,0.00000,0.07095
5.38,15.88,4.1526,51.0995,0.00000,0.06370
5.62,15.88,4.1142,54.2238,0.00000,0.05180
5.88,15.88,4.1409,55.6930,0.00000,0.04399
6.12,15.88,3.8536,58.5924,0.00000,0.04069
6.38,15.88,3.9071,66.8083,0.00000,0.04208
6.62,15.88,3.8399,77.4529,0.00000,0.04137
6.88,15.88,4.0398,88.3013,0.00000,0.03992
7.12,15.88,4.1149,98.3707,0.00000,0.02922
7.38,15.88,4.7219,104.0896,0.00000,0.02138
2.62,16.12,3.4523,61.0247,0.00000,0.10210
2.88,16.12,4.0349,56.3191,0.00000,0.14663
3.12,16.12,4.0641,49.7986,0.00000,0.17902
3.38,16.12,3.9059,44.3925,0.00000,0.19655
3.62,16.12,3.8495,42.1686,0.00000,0.15963
3.88,16.12,3.7731,41.6272,0.00000,0.12000
4.12,16.12,3.7898,42.1470,0.00000,0.10395
4.38,16.12,3.7611,41.3591,0.00000,0.09949
4.62,16.12,3.8286,41.1952,0.00000,0.08491
4.88,16.12,3.8545,42.3733,0.00000,0.07245
5.12,16.12,4.0322,46.3118,0.00000,0.06195
5.38,16.12,4.1019,50.4536,0.00000,0.05391
5.62,16.12,4.1670,53.6097,0.00000,0.04358
5.88,16.12,4.1876,55.7585,0.00000,0.03633
6.12,16.12,3.8933,59.8366,0.00000,0.03246
6.38,16.12,3.9188,69.3141,0.00000,0.03213
6.62,16.12,3.8012,81.6712,0.00000,0.02913
6.88,16.12,3.9645,94.8199,0.00000,0.02640
7.12,16.12,4.0534,107.7225,0.00000,0.02031
7.38,16.12,4.7973,116.2970,0.00000,0.01713
2.62,16.38,3.4657,62.8225,0.00000,0.08732
2.88,16.38,4.0529,57.7194,0.00000,0.12770
3.12,16.38,4.0838,50.9732,0.00000,0.15872
3.38,16.38,3.9220,45.8300,0.00000,0.17353
3.62,16.38,3.8734,43.6918,0.00000,0.14132
3.88,16.38,3.7856,43.0122,0.00000,0.10571
4.12,16.38,3.7990,43.3825,0.00000,0.09082
4.38,16.38,3.7588,42.5289,0.00000,0.08665
4.62,16.38,3.8261,41.9558,0.00000,0.07515
4.88,16.38,3.8225,42.6688,0.00000,0.06527
5.12,16.38,3.9738,46.2636,0.00000,0.05485
5.38,16.38,4.0282,49.9999,0.00000,0.04607
5.62,16.38,4.1749,52.6418,0.00000,0.03719
5.88,16.38,4.1986,55.1935,0.00000,0.03073
6.12,16.38,3.9920,59.9867,0.00000,0.02707
6.38,16.38,4.0012,69.6805,0.00000,0.02603
6.62,16.38,3.8012,82.6424,0.00000,0.02253
6.88,16.38,3.9041,96.8700,0.00000,0.01976
7.12,16.38,3.9884,111.2643,0.00000,0.01590
7.38,16.38,4.8157,120.8051,0.00000,0.01483
2.62,16.62,3.4472,64.1880,0.00000,0.07185
2.88,16.62,4.0737,58.6560,0.00000,0.10817
3.12,16.62,4.1197,51.6080,0.00000,0.14061
3.38,16.62,3.9531,46.7115,0.00000,0.15496
3.62,16.62,3.9009,44.6735,0.00000,0.12536
3.88,16.62,3.8080,44.0398,0.00000,0.09344
4.12,16.62,3.8260,44.5024,0.00000,0.07941
4.38,16.62,3.7731,43.8668,0.00000,0.07384
4.62,16.62,3.8313,43.1595,0.00000,0.06436
4.88,16.62,3.8019,43.6090,0.00000,0.05687
5.12,16.62,3.9261,46.8959,0.00000,0.04736
5.38,16.62,3.9458,50.0466,0.00000,0.03885
5.62,16.62,4.1174,52.0455,0.00000,0.03181
5.88,16.62,4.1529,54.7425,0.00000,0.02646
6.12,16.62,4.1143,59.6702,0.00000,0.02346
6.38,16.62,4.1244,68.5380,0.00000,0.02222
6.62,16.62,3.8888,80.1423,0.00000,0.01917
6.88,16.62,3.9326,92.5663,0.00000,0.01690
7.12,16.62,3.9348,103.6079,0.00000,0.01440
7.38,16.62,4.6295,108.1863,0.00000,0.01440
2.62,16.88,3.4412,64.2458,0.00000,0.05763
2.88,16.88,4.1059,58.6967,0.00000,0.08908
3.12,16.88,4.1493,51.4832,0.00000,0.12108
3.38,16.88,3.9775,46.7096,0.00000,0.13564
3.62,16.88,3.9289,44.8819,0.00000,0.11047
3.88,16.88,3.8358,44.5927,0.00000,0.08418
4.12,16.88,3.8537,45.4729,0.00000,0.07131
4.38,16.88,3.8055,45.4903,0.00000,0.06410
4.62,16.88,3.8645,45.0204,0.00000,0.05559
4.88,16.88,3.8109,45.3919,0.00000,0.04921
5.12,16.88,3.8965,48.1054,0.00000,0.04052
5.38,16.88,3.8740,50.6859,0.00000,0.03299
5.62,16.88,4.0374,52.5322,0.00000,0.02800
5.88,16.88,4.0725,55.3199,0.00000,0.02371
6.12,16.88,4.1679,59.9882,0.00000,0.02129
6.38,16.88,4.1746,67.4536,0.00000,0.01993
6.62,16.88,3.9893,76.3876,0.00000,0.01753
6.88,16.88,3.9961,85.5964,0.00000,0.01576
7.12,16.88,3.9231,92.4048,0.00000,0.01426
7.38,16.88,4.2705,93.7468,0.00000,0.01405
7.62,16.88,4.4277,93.1994,0.00000,0.01317
7.88,16.88,4.1774,98.3797,0.00000,0.01122
2.62,17.12,3.3944,62.2545,0.00000,0.04706
2.88,17.12,4.1049,57.6771,0.00000,0.07513
3.12,17.12,4.1625,51.0780,0.00000,0.10593
3.38,17.12,3.9901,46.3915,0.00000,0.11950
3.62,17.12,3.9355,44.6645,0.00000,0.09723
3.88,17.12,3.8550,44.7842,0.00000,0.07487
4.12,17.12,3.8783,46.0866,0.00000,0.06361
4.38,17.12,3.8375,46.7000,0.00000,0.05637
4.62,17.12,3.8921,46.6576,0.00000,0.04763
4.88,17.12,3.8375,47.2125,0.00000,0.04097
5.12,17.12,3.9056,49.4243,0.00000,0.03465
5.38,17.12,3.8433,51.6320,0.00000,0.02959
5.62,17.12,3.9738,53.6396,0.00000,0.02581
5.88,17.12,3.9882,56.6753,0.00000,0.02192
6.12,17.12,4.1178,61.2125,0.00000,0.01992
6.38,17.12,4.1060,67.3445,0.00000,0.01845
6.62,17.12,4.0320,73.4786,0.00000,0.01674
6.88,17.12,4.0110,79.3436,0.00000,0.01544
7.12,17.12,3.9467,83.7583,0.00000,0.01452
7.38,17.12,3.9894,85.8402,0.00000,0.01349
7.62,17.12,4.0673,87.2582,0.00000,0.01208
7.88,17.12,4.2039,92.9995,0.00000,0.01112
8.12,17.12,4.2029,105.6290,0.00000,0.01029
8.38,17.12,3.8976,119.2069,0.00000,0.00901
2.62,17.38,3.3590,60.7398,0.00000,0.04092
2.88,17.38,4.1060,56.9681,0.00000,0.06624
3.12,17.38,4.1562,50.9472,0.00000,0.09355
3.38,17.38,3.9806,46.3191,0.00000,0.10471
3.62,17.38,3.9354,44.6563,0.00000,0.08584
3.88,17.38,3.8797,44.9035,0.00000,0.06719
4.12,17.38,3.8881,46.1690,0.00000,0.05698
4.38,17.38,3.8602,47.0530,0.00000,0.05015
4.62,17.38,3.9220,47.6064,0.00000,0.04187
4.88,17.38,3.8670,48.6445,0.00000,0.03544
5.12,17.38,3.9173,50.9726,0.00000,0.03094
5.38,17.38,3.8419,53.3416,0.00000,0.02742
5.62,17.38,3.9415,55.3564,0.00000,0.02432
5.88,17.38,3.9309,58.3657,0.00000,0.02085
6.12,17.38,4.0401,62.8306,0.00000,0.01910
6.38,17.38,4.0067,68.1122,0.00000,0.01762
6.62,17.38,4.0191,72.1235,0.00000,0.01659
6.88,17.38,3.9707,75.1840,0.00000,0.01570
7.12,17.38,3.9515,76.9758,0.00000,0.01486
7.38,17.38,3.9713,78.1895,0.00000,0.01351
7.62,17.38,3.9756,79.9044,0.00000,0.01180
7.88,17.38,4.0111,84.9982,0.00000,0.01060
8.12,17.38,4.0463,93.4822,0.00000,0.00990
8.38,17.38,4.1342,100.8306,0.00000,0.00965
8.62,17.38,4.0618,92.9836,0.00000,0.00930
8.88,17.38,3.6654,77.3141,0.00005,0.00834
2.62,17.62,3.2851,60.4015,0.00000,0.03613
2.88,17.62,4.0713,56.9499,0.00000,0.05987
3.12,17.62,4.1351,51.5049,0.00000,0.08661
3.38,17.62,3.9617,46.9836,0.00000,0.09740
3.62,17.62,3.9036,45.1192,0.00000,0.07932
3.88,17.62,3.8846,45.0715,0.00000,0.06163
4.12,17.62,3.9000,46.1396,0.00000,0.05230
4.38,17.62,3.8772,47.3420,0.00000,0.04612
4.62,17.62,3.9216,48.6960,0.00000,0.03871
4.88,17.62,3.8748,50.5184,0.00000,0.03304
5.12,17.62,3.9231,53.3551,0.00000,0.02937
5.38,17.62,3.8568,56.0653,0.00000,0.02645
5.62,17.62,3.9201,58.0234,0.00000,0.02377
5.88,17.62,3.9024,60.7774,0.00000,0.02051
6.12,17.62,3.9908,64.4619,0.00000,0.01861
6.38,17.62,3.9565,68.4147,0.00000,0.01725
6.62,17.62,3.9826,70.4650,0.00000,0.01669
6.88,17.62,3.9801,71.6016,0.00000,0.01636
7.12,17.62,3.9723,71.9609,0.00000,0.01546
7.38,17.62,3.9649,71.8175,0.00000,0.01367
7.62,17.62,3.9716,72.2019,0.00000,0.01184
7.88,17.62,3.9914,75.0611,0.00000,0.01071
8.12,17.62,3.9771,80.2818,0.00000,0.01008
8.38,17.62,4.0384,87.0380,0.00000,0.01001
8.62,17.62,4.0991,89.9774,0.00001,0.00999
8.88,17.62,4.1044,91.4073,0.00038,0.00976
9.12,17.62,4.2381,98.6018,0.00609,0.00985
2.62,17.88,3.2863,62.1201,0.00000,0.03186
2.88,17.88,4.0603,58.2330,0.00000,0.05284
3.12,17.88,4.0967,52.7546,0.00000,0.07844
3.38,17.88,3.9402,48.2443,0.00000,0.09041
3.62,17.88,3.8895,46.2905,0.00000,0.07463
3.88,17.88,3.8785,45.9601,0.00000,0.05791
4.12,17.88,3.8795,46.8626,0.00000,0.04857
4.38,17.88,3.8709,48.4424,0.00000,0.04222
4.62,17.88,3.9080,50.6228,0.00000,0.03589
4.88,17.88,3.8759,53.2958,0.00000,0.03154
5.12,17.88,3.9096,56.6105,0.00000,0.02828
5.38,17.88,3.8732,59.5992,0.00000,0.02563
5.62,17.88,3.9111,61.5409,0.00000,0.02308
5.88,17.88,3.9007,63.4094,0.00000,0.02018
6.12,17.88,3.9470,65.1446,0.00000,0.01821
6.38,17.88,3.9595,67.1786,0.00000,0.01708
6.62,17.88,3.9737,68.0729,0.00000,0.01654
6.88,17.88,3.9656,68.2008,0.00000,0.01630
7.12,17.88,3.9838,67.9669,0.00000,0.01569
7.38,17.88,3.9937,67.6084,0.00000,0.01396
7.62,17.88,3.9796,67.7216,0.00000,0.01223
7.88,17.88,3.9829,68.9862,0.00000,0.01140
8.12,17.88,4.0015,71.8144,0.00000,0.01107
8.38,17.88,4.0246,77.4122,0.00000,0.01104
8.62,17.88,4.0137,85.4857,0.00004,0.01073
8.88,17.88,4.0685,94.7725,0.00149,0.01029
9.12,17.88,4.2940,103.0560,0.02013,0.01032
9.38,17.88,4.5036,109.7017,0.11077,0.01026
9.62,17.88,4.3931,114.6767,0.27518,0.00942
2.62,18.12,3.2705,63.8613,0.00000,0.02953
2.88,18.12,3.9966,59.5048,0.00000,0.04854
3.12,18.12,4.0349,53.9651,0.00000,0.07267
3.38,18.12,3.8997,49.4668,0.00000,0.08486
3.62,18.12,3.8363,47.5056,0.00000,0.07086
3.88,18.12,3.8514,47.3832,0.00000,0.05512
4.12,18.12,3.8644,48.6605,0.00000,0.04556
4.38,18.12,3.8569,50.7922,0.00000,0.03907
4.62,18.12,3.8659,53.8946,0.00000,0.03358
4.88,18.12,3.8669,57.3700,0.00000,0.03021
5.12,18.12,3.8989,60.9379,0.00000,0.02703
5.38,18.12,3.9127,63.6711,0.00000,0.02465
5.62,18.12,3.9246,64.8367,0.00000,0.02223
5.88,18.12,3.9316,65.2226,0.00000,0.01994
6.12,18.12,3.9493,65.0026,0.00000,0.01824
6.38,18.12,3.9617,65.2294,0.00000,0.01707
6.62,18.12,3.9845,65.8559,0.00000,0.01635
6.88,18.12,3.9787,66.4543,0.00000,0.01584
7.12,18.12,3.9785,66.3160,0.00000,0.01524
7.38,18.12,3.9839,65.4914,0.00000,0.01395
7.62,18.12,4.0045,65.2116,0.00000,0.01295
7.88,18.12,4.0200,66.1241,0.00000,0.01272
8.12,18.12,3.9935,68.1554,0.00000,0.01258
8.38,18.12,3.9879,71.5414,0.00000,0.01250
8.62,18.12,4.0163,77.2043,0.00007,0.01200
8.88,18.12,4.0351,85.2150,0.00238,0.01103
9.12,18.12,4.0800,94.1622,0.02992,0.01030
9.38,18.12,4.2601,102.6903,0.14552,0.01004
9.62,18.12,4.4935,110.5256,0.30916,0.00993
9.88,18.12,4.4047,119.5755,0.40548,0.00918
10.12,18.12,4.1048,125.8946,0.45450,0.00812
2.62,18.38,3.3317,65.7506,0.00000,0.02848
2.88,18.38,3.9836,61.0165,0.00000,0.04555
3.12,18.38,3.9813,55.1869,0.00000,0.06631
3.38,18.38,3.8325,50.6452,0.00000,0.07703
3.62,18.38,3.7773,49.2245,0.00000,0.06549
3.88,18.38,3.8211,50.2274,0.00000,0.05188
4.12,18.38,3.8222,52.4191,0.00000,0.04181
4.38,18.38,3.8285,55.2101,0.00000,0.03523
4.62,18.38,3.8360,59.2724,0.00000,0.03075
4.88,18.38,3.8839,62.9886,0.00000,0.02829
5.12,18.38,3.8981,65.6275,0.00000,0.02537
5.38,18.38,3.9425,66.8935,0.00000,0.02342
5.62,18.38,3.9641,66.3115,0.00000,0.02145
5.88,18.38,3.9616,65.2315,0.00000,0.01964
6.12,18.38,3.9621,64.2636,0.00000,0.01841
6.38,18.38,3.9701,63.8469,0.00000,0.01727
6.62,18.38,3.9874,64.3838,0.00000,0.01626
6.88,18.38,3.9828,65.4151,0.00000,0.01544
7.12,18.38,3.9957,65.8027,0.00000,0.01481
7.38,18.38,4.0067,65.2988,0.00000,0.01393
7.62,18.38,4.0033,64.8425,0.00000,0.01344
7.88,18.38,4.0110,65.0352,0.00000,0.01379
8.12,18.38,4.0162,66.4163,0.00000,0.01470
8.38,18.38,4.0029,68.7695,0.00000,0.01502
8.62,18.38,3.9784,72.1025,0.00004,0.01403
8.88,18.38,3.9920,76.6270,0.00144,0.01263
9.12,18.38,4.0529,82.9598,0.01780,0.01159
9.38,18.38,4.1308,90.2113,0.08383,0.01093
9.62,18.38,4.2297,99.9686,0.16676,0.01053
9.88,18.38,4.2125,113.7592,0.19538,0.00996
10.12,18.38,4.2484,123.5544,0.18940,0.00950
10.38,18.38,4.1188,114.6380,0.12164,0.00899
10.62,18.38,3.6473,96.9426,0.06113,0.00794
2.62,18.62,3.3480,68.2210,0.00000,0.02513
2.88,18.62,3.9177,63.1786,0.00000,0.04004
3.12,18.62,3.9269,57.5778,0.00000,0.05881
3.38,18.62,3.7892,53.7463,0.00000,0.06882
3.62,18.62,3.7204,53.3467,0.00000,0.05796
3.88,18.62,3.7756,55.5346,0.00000,0.04548
4.12,18.62,3.7805,58.8537,0.00000,0.03644
4.38,18.62,3.8466,62.1987,0.00000,0.03124
4.62,18.62,3.8519,65.6581,0.00000,0.02742
4.88,18.62,3.8902,68.1433,0.00000,0.02490
5.12,18.62,3.9118,68.9786,0.00000,0.02245
5.38,18.62,3.9464,68.1525,0.00000,0.02100
5.62,18.62,3.9605,66.0512,0.00000,0.01985
5.88,18.62,3.9707,64.3068,0.00000,0.01845
6.12,18.62,3.9778,63.2781,0.00000,0.01738
6.38,18.62,3.9737,62.9553,0.00000,0.01634
6.62,18.62,3.9773,63.6590,0.00000,0.01515
6.88,18.62,3.9802,64.8262,0.00000,0.01424
7.12,18.62,3.9899,65.2764,0.00000,0.01378
7.38,18.62,4.0041,64.8499,0.00000,0.01351
7.62,18.62,4.0262,64.6265,0.00000,0.01380
7.88,18.62,4.0336,65.0336,0.00000,0.01491
8.12,18.62,4.0121,66.4365,0.00000,0.01682
8.38,18.62,4.0089,68.1604,0.00000,0.01766
8.62,18.62,4.0129,70.5167,0.00001,0.01699
8.88,18.62,3.9949,73.6725,0.00032,0.01589
9.12,18.62,3.9975,77.5583,0.00397,0.01440
9.38,18.62,4.0257,81.8517,0.01859,0.01292
9.62,18.62,4.0839,89.6434,0.03647,0.01225
9.88,18.62,4.0734,103.2084,0.04159,0.01172
10.12,18.62,4.1170,116.1617,0.03999,0.01083
10.38,18.62,4.1393,116.5337,0.03456,0.01000
10.62,18.62,4.1109,114.0384,0.05807,0.00952
10.88,18.62,4.4017,125.8638,0.21281,0.00995
2.62,18.88,3.4279,74.5301,0.00000,0.02107
2.88,18.88,3.8531,67.8798,0.00000,0.03216
3.12,18.88,3.8267,62.3042,0.00000,0.04688
3.38,18.88,3.7610,60.2694,0.00000,0.05607
3.62,18.88,3.7241,61.3620,0.00000,0.04795
3.88,18.88,3.8198,63.5037,0.00000,0.03880
4.12,18.88,3.8112,65.4173,0.00000,0.03201
4.38,18.88,3.8531,67.2938,0.00000,0.02791
4.62,18.88,3.8875,68.6585,0.00000,0.02468
4.88,18.88,3.9058,69.3917,0.00000,0.02199
5.12,18.88,3.8977,69.2813,0.00000,0.01979
5.38,18.88,3.9253,67.7974,0.00000,0.01896
5.62,18.88,3.9649,65.3732,0.00000,0.01848
5.88,18.88,3.9839,63.5380,0.00000,0.01694
6.12,18.88,3.9767,62.7937,0.00000,0.01548
6.38,18.88,3.9750,63.0247,0.00000,0.01462
6.62,18.88,3.9843,63.9416,0.00000,0.01373
6.88,18.88,3.9913,64.8230,0.00000,0.01280
7.12,18.88,4.0047,65.1398,0.00000,0.01232
7.38,18.88,4.0143,64.8315,0.00000,0.01237
7.62,18.88,4.0207,64.5652,0.00000,0.01316
7.88,18.88,4.0397,64.8737,0.00000,0.01521
8.12,18.88,4.0459,66.5868,0.00000,0.01826
8.38,18.88,4.0319,68.5847,0.00000,0.01977
8.62,18.88,4.0131,70.6240,0.00000,0.01972
8.88,18.88,4.0103,72.8728,0.00003,0.01909
9.12,18.88,4.0213,75.6571,0.00033,0.01755
9.38,18.88,3.9986,79.2369,0.00153,0.01552
9.62,18.88,4.0059,84.3422,0.00299,0.01435
9.88,18.88,4.0359,91.3620,0.00351,0.01376
10.12,18.88,4.0750,99.8516,0.00471,0.01290
10.38,18.88,4.0487,106.1851,0.01220,0.01183
10.62,18.88,4.1015,114.7376,0.05649,0.01109
10.88,18.88,4.4540,131.3023,0.24464,0.01103
11.12,18.88,4.6459,148.1984,0.58139,0.01066
11.38,18.88,4.4623,159.0624,0.73470,0.00964
2.62,19.12,3.3810,80.0953,0.00000,0.01759
2.88,19.12,3.8209,73.7462,0.00000,0.02519
3.12,19.12,3.8100,71.3348,0.00000,0.03603
3.38,19.12,3.8417,71.9076,0.00000,0.04463
3.62,19.12,3.8024,71.4542,0.00000,0.03890
3.88,19.12,3.8313,70.4250,0.00000,0.03208
4.12,19.12,3.8543,68.7948,0.00000,0.02806
4.38,19.12,3.8842,67.6501,0.00000,0.02529
4.62,19.12,3.8841,67.2192,0.00000,0.02241
4.88,19.12,3.8861,67.4034,0.00000,0.01992
5.12,19.12,3.9007,67.1422,0.00000,0.01826
5.38,19.12,3.9265,65.9399,0.00000,0.01772
5.62,19.12,3.9451,64.2698,0.00000,0.01706
5.88,19.12,3.9723,63.0225,0.00000,0.01541
6.12,19.12,3.9965,62.6730,0.00000,0.01417
6.38,19.12,3.9950,63.2908,0.00000,0.01360
6.62,19.12,3.9947,64.7506,0.00000,0.01292
6.88,19.12,4.0086,66.0857,0.00000,0.01196
7.12,19.12,4.0153,66.5231,0.00000,0.01141
7.38,19.12,4.0201,66.1191,0.00000,0.01143
7.62,19.12,4.0321,65.7363,0.00000,0.01191
7.88,19.12,4.0449,65.6957,0.00000,0.01366
8.12,19.12,4.0419,66.6925,0.00000,0.01693
8.38,19.12,4.0448,68.1059,0.00000,0.02011
8.62,19.12,4.0489,70.0545,0.00000,0.02145
8.88,19.12,4.0260,72.3639,0.00000,0.02049
9.12,19.12,4.0091,74.9141,0.00001,0.01886
9.38,19.12,4.0110,77.9661,0.00005,0.01746
9.62,19.12,4.0234,81.3203,0.00009,0.01618
9.88,19.12,4.0063,84.3255,0.00013,0.01513
10.12,19.12,4.0258,87.9279,0.00051,0.01474
10.38,19.12,4.0559,94.1708,0.00369,0.01417
10.62,19.12,4.0595,104.8744,0.02846,0.01302
10.88,19.12,4.1482,121.7843,0.13166,0.01174
11.12,19.12,4.2185,137.5321,0.28947,0.01073
11.38,19.12,4.3310,147.2655,0.35052,0.01035
11.62,19.12,4.3640,161.4510,0.32121,0.01029
11.88,19.12,4.0364,176.8785,0.41655,0.00930
2.62,19.38,3.3786,77.7775,0.00000,0.01606
2.88,19.38,3.9930,74.1235,0.00000,0.02178
3.12,19.38,3.9846,79.5677,0.00000,0.02829
3.38,19.38,3.8896,84.1750,0.00000,0.03360
3.62,19.38,3.8402,80.3669,0.00000,0.03043
3.88,19.38,3.8550,74.4742,0.00000,0.02648
4.12,19.38,3.8452,69.7049,0.00000,0.02398
4.38,19.38,3.8538,66.6920,0.00000,0.02202
4.62,19.38,3.8764,65.2300,0.00000,0.02006
4.88,19.38,3.8847,65.1127,0.00000,0.01851
5.12,19.38,3.8801,65.1239,0.00000,0.01728
5.38,19.38,3.9106,64.7317,0.00000,0.01675
5.62,19.38,3.9546,63.6122,0.00000,0.01593
5.88,19.38,3.9715,62.4974,0.00000,0.01425
6.12,19.38,3.9752,62.4261,0.00000,0.01305
6.38,19.38,3.9831,63.3969,0.00000,0.01252
6.62,19.38,4.0011,65.2139,0.00000,0.01210
6.88,19.38,4.0125,67.1428,0.00000,0.01147
7.12,19.38,4.0129,68.4383,0.00000,0.01112
7.38,19.38,4.0237,68.7046,0.00000,0.01115
7.62,19.38,4.0304,68.4101,0.00000,0.01131
7.88,19.38,4.0306,67.7196,0.00000,0.01214
8.12,19.38,4.0334,67.6387,0.00000,0.01411
8.38,19.38,4.0373,68.0154,0.00000,0.01703
8.62,19.38,4.0392,69.1843,0.00000,0.01951
8.88,19.38,4.0408,71.3667,0.00000,0.02041
9.12,19.38,4.0378,74.1975,0.00000,0.02003
9.38,19.38,4.0122,77.1217,0.00000,0.01848
9.62,19.38,4.0101,79.7336,0.00000,0.01671
9.88,19.38,4.0279,82.3535,0.00000,0.01570
10.12,19.38,4.0327,85.1728,0.00004,0.01547
10.38,19.38,4.0189,90.0671,0.00058,0.01480
10.62,19.38,4.0193,97.0624,0.00596,0.01374
10.88,19.38,4.0765,106.9271,0.02902,0.01268
11.12,19.38,4.0797,117.0858,0.06664,0.01175
11.38,19.38,4.0938,127.2136,0.09759,0.01110
11.62,19.38,4.1270,141.1700,0.15391,0.01074
11.88,19.38,4.1867,150.0572,0.39517,0.01032
12.12,19.38,4.4166,133.4784,0.84946,0.01023
12.38,19.38,4.1773,104.6427,1.02290,0.00982
2.88,19.62,3.7421,65.9325,0.00000,0.01870
3.12,19.62,4.0699,82.8304,0.00000,0.02415
3.38,19.62,4.0547,92.8641,0.00000,0.02724
3.62,19.62,3.9349,88.4219,0.00000,0.02421
3.88,19.62,3.8570,80.9797,0.00000,0.02072
4.12,19.62,3.8432,74.5576,0.00000,0.01918
4.38,19.62,3.8570,69.5058,0.00000,0.01859
4.62,19.62,3.8430,66.6289,0.00000,0.01749
4.88,19.62,3.8492,65.6167,0.00000,0.01652
5.12,19.62,3.8881,65.2678,0.00000,0.01594
5.38,19.62,3.9164,65.0698,0.00000,0.01557
5.62,19.62,3.9229,64.2851,0.00000,0.01460
5.88,19.62,3.9403,63.3613,0.00000,0.01311
6.12,19.62,3.9669,63.1688,0.00000,0.01217
6.38,19.62,3.9715,63.6857,0.00000,0.01164
6.62,19.62,3.9763,65.2611,0.00000,0.01127
6.88,19.62,3.9981,67.3811,0.00000,0.01095
7.12,19.62,4.0177,69.2457,0.00000,0.01098
7.38,19.62,4.0218,70.2375,0.00000,0.01127
7.62,19.62,4.0264,70.6670,0.00000,0.01143
7.88,19.62,4.0306,70.3690,0.00000,0.01167
8.12,19.62,4.0216,70.0057,0.00000,0.01237
8.38,19.62,4.0231,69.6551,0.00000,0.01368
8.62,19.62,4.0408,70.0429,0.00000,0.01548
8.88,19.62,4.0334,71.4983,0.00000,0.01776
9.12,19.62,4.0218,73.5632,0.00000,0.01932
9.38,19.62,4.0297,76.2639,0.00000,0.01863
9.62,19.62,4.0296,79.2037,0.00000,0.01676
9.88,19.62,4.0127,82.1468,0.00000,0.01525
10.12,19.62,4.0208,84.6578,0.00000,0.01477
10.38,19.62,4.0345,88.3168,0.00004,0.01429
10.62,19.62,4.0174,92.5958,0.00048,0.01357
10.88,19.62,4.0331,97.0694,0.00247,0.01302
11.12,19.62,4.0529,100.9033,0.00667,0.01261
11.38,19.62,4.0581,107.4242,0.01570,0.01223
11.62,19.62,4.0017,118.1116,0.05677,0.01186
11.88,19.62,4.0199,126.5462,0.24445,0.01152
12.12,19.62,4.3052,124.5949,0.63000,0.01168
12.38,19.62,4.4684,119.0088,0.83886,0.01198
12.62,19.62,4.4555,122.8484,0.60748,0.01227
3.38,19.88,3.9755,102.3712,0.00000,0.02264
3.62,19.88,4.2085,95.7460,0.00000,0.02031
3.88,19.88,4.0867,88.1959,0.00000,0.01667
4.12,19.88,3.9017,83.2081,0.00000,0.01482
4.38,19.88,3.8278,79.5723,0.00000,0.01470
4.62,19.88,3.8499,76.0545,0.00000,0.01466
4.88,19.88,3.8610,71.2502,0.00000,0.01433
5.12,19.88,3.8482,67.9040,0.00000,0.01393
5.38,19.88,3.8724,67.0735,0.00000,0.01371
5.62,19.88,3.9162,66.5866,0.00000,0.01315
5.88,19.88,3.9308,65.8789,0.00000,0.01213
6.12,19.88,3.9325,65.6826,0.00000,0.01139
6.38,19.88,3.9492,65.5889,0.00000,0.01100
6.62,19.88,3.9756,66.1205,0.00000,0.01080
6.88,19.88,3.9831,67.3842,0.00000,0.01061
7.12,19.88,4.0051,69.1700,0.00000,0.01064
7.38,19.88,4.0357,70.3782,0.00000,0.01098
7.62,19.88,4.0443,71.2501,0.00000,0.01143
7.88,19.88,4.0288,71.8273,0.00000,0.01164
8.12,19.88,4.0163,72.4666,0.00000,0.01181
8.38,19.88,4.0033,72.5433,0.00000,0.01219
8.62,19.88,4.0070,72.5666,0.00000,0.01305
8.88,19.88,4.0227,73.2336,0.00000,0.01463
9.12,19.88,4.0299,74.2755,0.00000,0.01601
9.38,19.88,4.0277,76.2595,0.00000,0.01653
9.62,19.88,4.0379,78.7880,0.00000,0.01615
9.88,19.88,4.0377,81.4257,0.00000,0.01472
10.12,19.88,4.0264,83.6042,0.00000,0.01371
10.38,19.88,4.0207,86.2273,0.00000,0.01336
10.62,19.88,4.0193,88.9962,0.00001,0.01321
10.88,19.88,4.0401,91.7672,0.00008,0.01319
11.12,19.88,4.0233,93.2024,0.00031,0.01304
11.38,19.88,4.0221,95.5837,0.00156,0.01299
11.62,19.88,4.0276,100.9471,0.01265,0.01322
11.88,19.88,4.0090,107.7407,0.08083,0.01340
12.12,19.88,4.0877,114.4275,0.26262,0.01345
12.38,19.88,4.2330,121.8313,0.39207,0.01345
12.62,19.88,4.4182,129.8283,0.30159,0.01366
12.88,19.88,4.4580,138.1992,0.25718,0.01359
13.12,19.88,4.1751,142.8592,0.34974,0.01257
3.88,20.12,3.9758,87.1478,0.00000,0.01340
4.12,20.12,3.9581,84.1464,0.00000,0.01215
4.38,20.12,3.9264,87.9664,0.00000,0.01190
4.62,20.12,3.8792,89.1424,0.00000,0.01172
4.88,20.12,3.8371,82.7051,0.00000,0.01160
5.12,20.12,3.8478,75.5542,0.00000,0.01169
5.38,20.12,3.8598,72.0312,0.00000,0.01174
5.62,20.12,3.8713,70.5145,0.00000,0.01147
5.88,20.12,3.9080,69.5324,0.00000,0.01108
6.12,20.12,3.9406,69.1426,0.00000,0.01078
6.38,20.12,3.9358,68.4542,0.00000,0.01047
6.62,20.12,3.9519,68.3130,0.00000,0.01038
6.88,20.12,3.9830,68.7477,0.00000,0.01036
7.12,20.12,4.0040,69.7495,0.00000,0.01035
7.38,20.12,4.0133,70.7311,0.00000,0.01039
7.62,20.12,4.0305,72.1401,0.00000,0.01077
7.88,20.12,4.0306,73.1616,0.00000,0.01126
8.12,20.12,4.0144,73.8119,0.00000,0.01175
8.38,20.12,3.9973,74.2257,0.00000,0.01221
8.62,20.12,4.0054,74.5691,0.00000,0.01246
8.88,20.12,4.0163,74.9797,0.00000,0.01272
9.12,20.12,4.0262,75.4120,0.00000,0.01322
9.38,20.12,4.0381,76.9408,0.00000,0.01384
9.62,20.12,4.0442,78.8945,0.00000,0.01399
9.88,20.12,4.0322,80.4033,0.00000,0.01335
10.12,20.12,4.0276,81.2475,0.00000,0.01283
10.38,20.12,4.0355,82.8708,0.00000,0.01278
10.62,20.12,4.0108,85.5092,0.00000,0.01281
10.88,20.12,4.0038,88.0730,0.00000,0.01303
11.12,20.12,4.0161,88.8801,0.00001,0.01337
11.38,20.12,4.0183,89.2205,0.00010,0.01360
11.62,20.12,3.9895,91.1187,0.00150,0.01384
11.88,20.12,3.9660,95.2886,0.01297,0.01438
12.12,20.12,4.0034,102.0618,0.05039,0.01505
12.38,20.12,4.0227,111.6868,0.08533,0.01522
12.62,20.12,4.0590,122.2079,0.10149,0.01484
12.88,20.12,4.1419,131.3309,0.20663,0.01428
13.12,20.12,4.3036,134.4733,0.38193,0.01403
13.38,20.12,4.2487,119.2436,0.52058,0.01340
13.62,20.12,3.8782,96.6048,0.67603,0.01192
4.12,20.38,3.4037,71.7762,0.00000,0.00939
4.38,20.38,3.7955,83.1244,0.00000,0.00997
4.62,20.38,4.0154,90.4305,0.00000,0.00998
4.88,20.38,3.9727,92.5919,0.00000,0.00962
5.12,20.38,3.8684,90.0888,0.00000,0.00955
5.38,20.38,3.8310,84.2724,0.00000,0.00981
5.62,20.38,3.8682,78.5941,0.00000,0.01003
5.88,20.38,3.8897,75.1600,0.00000,0.01006
6.12,20.38,3.9085,73.7627,0.00002,0.00997
6.38,20.38,3.9389,72.0525,0.00003,0.00993
6.62,20.38,3.9629,70.8572,0.00002,0.01007
6.88,20.38,3.9586,70.8041,0.00000,0.01011
7.12,20.38,3.9738,71.7963,0.00000,0.01009
7.38,20.38,4.0052,72.9217,0.00000,0.01008
7.62,20.38,4.0158,74.3474,0.00000,0.01027
7.88,20.38,4.0064,75.1752,0.00000,0.01074
8.12,20.38,4.0082,75.1850,0.00000,0.01149
8.38,20.38,4.0042,75.1471,0.00000,0.01225
8.62,20.38,4.0061,75.0619,0.00000,0.01243
8.88,20.38,4.0167,75.1340,0.00000,0.01205
9.12,20.38,4.0250,75.6977,0.00000,0.01188
9.38,20.38,4.0229,77.2790,0.00000,0.01195
9.62,20.38,4.0236,78.6021,0.00000,0.01200
9.88,20.38,4.0332,78.9971,0.00000,0.01203
10.12,20.38,4.0245,78.8455,0.00000,0.01215
10.38,20.38,4.0111,79.7188,0.00000,0.01238
10.62,20.38,4.0053,81.9044,0.00000,0.01275
10.88,20.38,4.0000,84.0944,0.00000,0.01313
11.12,20.38,3.9789,85.1837,0.00000,0.01354
11.38,20.38,3.9812,85.3404,0.00000,0.01389
11.62,20.38,3.9972,86.0241,0.00009,0.01433
11.88,20.38,3.9708,88.7282,0.00092,0.01493
12.12,20.38,3.9461,93.6392,0.00399,0.01576
12.38,20.38,3.9555,100.4610,0.00898,0.01657
12.62,20.38,3.9916,108.9326,0.02974,0.01685
12.88,20.38,3.9871,117.7797,0.11771,0.01634
13.12,20.38,4.0706,123.3036,0.28295,0.01575
13.38,20.38,4.1637,118.8024,0.49575,0.01515
13.62,20.38,4.2543,112.3665,0.73381,0.01454
13.88,20.38,4.6335,117.8007,0.99112,0.01469
4.62,20.62,3.7789,79.7537,0.00000,0.00846
4.88,20.62,4.1366,98.2153,0.00000,0.00876
5.12,20.62,4.1032,107.5912,0.00000,0.00857
5.38,20.62,3.9429,103.2655,0.00000,0.00844
5.62,20.62,3.8580,94.3600,0.00001,0.00860
5.88,20.62,3.8733,86.7844,0.00013,0.00899
6.12,20.62,3.9097,81.4067,0.00058,0.00934
6.38,20.62,3.9039,77.2776,0.00095,0.00955
6.62,20.62,3.9094,74.7342,0.00058,0.00965
6.88,20.62,3.9447,73.9564,0.00013,0.00982
7.12,20.62,3.9683,74.5179,0.00001,0.00994
7.38,20.62,3.9722,75.6814,0.00000,0.00989
7.62,20.62,3.9816,77.2265,0.00000,0.01001
7.88,20.62,3.9903,77.8040,0.00000,0.01046
8.12,20.62,3.9890,76.8799,0.00000,0.01112
8.38,20.62,3.9864,76.0924,0.00000,0.01173
8.62,20.62,4.0030,75.5208,0.00000,0.01198
8.88,20.62,4.0128,74.9962,0.00000,0.01180
9.12,20.62,4.0049,75.1017,0.00000,0.01149
9.38,20.62,4.0081,76.5503,0.00000,0.01137
9.62,20.62,4.0099,77.7627,0.00000,0.01141
9.88,20.62,4.0048,78.0935,0.00000,0.01156
10.12,20.62,4.0119,78.1818,0.00000,0.01189
10.38,20.62,4.0174,79.0831,0.00000,0.01227
10.62,20.62,3.9934,80.4185,0.00000,0.01280
10.88,20.62,3.9823,81.4268,0.00000,0.01342
11.12,20.62,3.9900,82.3978,0.00000,0.01403
11.38,20.62,3.9872,82.9106,0.00000,0.01443
11.62,20.62,3.9782,83.3526,0.00000,0.01488
11.88,20.62,3.9661,85.0185,0.00003,0.01554
12.12,20.62,3.9585,88.5782,0.00013,0.01646
12.38,20.62,3.9344,93.3444,0.00076,0.01726
12.62,20.62,3.9522,99.0739,0.00741,0.01798
12.88,20.62,3.9646,105.2471,0.04540,0.01854
13.12,20.62,3.9850,110.1840,0.15420,0.01863
13.38,20.62,4.0182,111.7664,0.31955,0.01815
13.62,20.62,4.1240,113.7728,0.47641,0.01746
13.88,20.62,4.4866,120.1906,0.73605,0.01713
14.12,20.62,4.8642,130.6771,1.11433,0.01714
14.38,20.62,4.9347,141.0629,1.33566,0.01669
5.12,20.88,4.1051,123.0591,0.00000,0.00792
5.38,20.88,4.3128,119.4128,0.00001,0.00820
5.62,20.88,4.1476,111.2499,0.00015,0.00797
5.88,20.88,3.9368,103.8140,0.00162,0.00791
6.12,20.88,3.8629,96.6700,0.00708,0.00839
6.38,20.88,3.8948,89.7410,0.01162,0.00911
6.62,20.88,3.9105,84.3644,0.00710,0.00925
6.88,20.88,3.9054,81.1743,0.00171,0.00928
7.12,20.88,3.9321,79.4747,0.00026,0.00954
7.38,20.88,3.9710,79.4207,0.00008,0.00975
7.62,20.88,3.9636,80.5166,0.00003,0.00997
7.88,20.88,3.9461,80.8414,0.00001,0.01032
8.12,20.88,3.9638,78.8959,0.00000,0.01081
8.38,20.88,3.9864,76.9691,0.00000,0.01129
8.62,20.88,3.9886,76.3246,0.00000,0.01151
8.88,20.88,3.9878,76.1804,0.00000,0.01146
9.12,20.88,3.9922,75.9352,0.00000,0.01138
9.38,20.88,3.9964,76.3556,0.00000,0.01146
9.62,20.88,3.9951,77.0665,0.00000,0.01157
9.88,20.88,3.9961,77.8018,0.00000,0.01166
10.12,20.88,4.0007,78.6812,0.00000,0.01195
10.38,20.88,4.0069,79.7613,0.00000,0.01239
10.62,20.88,4.0067,80.4277,0.00000,0.01318
10.88,20.88,4.0082,80.4804,0.00000,0.01409
11.12,20.88,4.0082,80.9219,0.00000,0.01478
11.38,20.88,3.9966,81.2437,0.00000,0.01522
11.62,20.88,3.9832,81.3268,0.00000,0.01571
11.88,20.88,3.9541,82.3176,0.00000,0.01636
12.12,20.88,3.9432,85.0232,0.00000,0.01734
12.38,20.88,3.9495,88.5571,0.00008,0.01841
12.62,20.88,3.9519,92.8339,0.00154,0.01949
12.88,20.88,3.9136,97.3268,0.01391,0.02055
13.12,20.88,3.9328,100.6766,0.05855,0.02141
13.38,20.88,3.9876,102.9990,0.11741,0.02189
13.62,20.88,4.0062,106.4516,0.16569,0.02171
13.88,20.88,4.1285,112.6814,0.34564,0.02073
14.12,20.88,4.5241,122.2752,0.72607,0.01961
14.38,20.88,5.0362,130.8525,1.22159,0.01896
14.62,20.88,5.0196,133.0199,1.91382,0.01679
14.88,20.88,4.7025,129.2472,2.38787,0.01229
5.62,21.12,4.1872,114.3802,0.00089,0.00746
5.88,21.12,4.1172,110.4924,0.00829,0.00745
6.12,21.12,4.0243,112.8173,0.03349,0.00775
6.38,21.12,3.9193,111.6672,0.05360,0.00819
6.62,21.12,3.8909,105.4684,0.03412,0.00836
6.88,21.12,3.9233,97.6035,0.01176,0.00875
7.12,21.12,3.9271,89.5697,0.00505,0.00925
7.38,21.12,3.9224,85.7336,0.00262,0.00954
7.62,21.12,3.9320,85.3592,0.00098,0.00993
7.88,21.12,3.9495,84.3643,0.00020,0.01043
8.12,21.12,3.9465,80.9455,0.00002,0.01080
8.38,21.12,3.9533,78.2075,0.00000,0.01113
8.62,21.12,3.9688,77.8469,0.00000,0.01133
8.88,21.12,3.9720,78.4534,0.00000,0.01134
9.12,21.12,3.9690,78.5228,0.00000,0.01134
9.38,21.12,3.9719,78.3068,0.00000,0.01157
9.62,21.12,3.9813,78.1655,0.00000,0.01182
9.88,21.12,3.9895,78.2188,0.00000,0.01196
10.12,21.12,4.0026,78.9282,0.00000,0.01230
10.38,21.12,4.0207,79.9650,0.00000,0.01284
10.62,21.12,4.0244,80.3376,0.00000,0.01385
10.88,21.12,4.0241,79.8056,0.00000,0.01498
11.12,21.12,4.0277,79.7244,0.00000,0.01572
11.38,21.12,4.0043,79.8784,0.00000,0.01605
11.62,21.12,3.9681,79.6807,0.00000,0.01648
11.88,21.12,3.9582,79.9199,0.00000,0.01746
12.12,21.12,3.9576,81.8637,0.00000,0.01878
12.38,21.12,3.9294,84.9932,0.00001,0.02002
12.62,21.12,3.9224,88.6893,0.00023,0.02155
12.88,21.12,3.9146,92.3225,0.00251,0.02335
13.12,21.12,3.9087,95.2121,0.01117,0.02473
13.38,21.12,3.8952,98.3005,0.02102,0.02546
13.62,21.12,3.9079,102.1360,0.03221,0.02589
13.88,21.12,4.0057,107.3581,0.12226,0.02593
14.12,21.12,4.2394,113.8593,0.42304,0.02447
14.38,21.12,4.5477,119.6253,0.91689,0.02210
14.62,21.12,4.6715,123.3226,1.54492,0.01910
14.88,21.12,4.9082,120.7687,2.09595,0.01530
15.12,21.12,4.6855,105.9210,2.04132,0.01108
15.38,21.12,3.9882,92.5117,1.83325,0.00729
5.88,21.38,3.7335,99.7705,0.02002,0.00651
6.12,21.38,4.0597,120.9180,0.07009,0.00737
6.38,21.38,4.1313,133.4940,0.10546,0.00778
6.62,21.38,4.0777,132.1222,0.08608,0.00769
6.88,21.38,3.9764,122.5232,0.07054,0.00798
7.12,21.38,3.9219,107.5128,0.05591,0.00873
7.38,21.38,3.9374,96.9861,0.03247,0.00940
7.62,21.38,3.9181,93.5475,0.01303,0.00993
7.88,21.38,3.9082,90.6182,0.00318,0.01045
8.12,21.38,3.9193,85.4287,0.00052,0.01099
8.38,21.38,3.9426,81.2952,0.00010,0.01140
8.62,21.38,3.9405,80.1224,0.00002,0.01139
8.88,21.38,3.9362,80.7639,0.00000,0.01123
9.12,21.38,3.9536,81.4093,0.00000,0.01131
9.38,21.38,3.9627,81.2891,0.00000,0.01176
9.62,21.38,3.9680,80.8493,0.00000,0.01220
9.88,21.38,3.9877,80.3984,0.00000,0.01241
10.12,21.38,4.0079,80.3783,0.00000,0.01276
10.38,21.38,4.0152,80.6908,0.00000,0.01330
10.62,21.38,4.0187,80.7888,0.00000,0.01432
10.88,21.38,4.0227,80.1475,0.00000,0.01553
11.12,21.38,4.0154,79.3152,0.00000,0.01643
11.38,21.38,4.0022,78.7328,0.00000,0.01693
11.62,21.38,3.9842,78.5029,0.00000,0.01741
11.88,21.38,3.9705,78.6763,0.00000,0.01867
12.12,21.38,3.9666,79.7923,0.00000,0.02047
12.38,21.38,3.9413,82.0960,0.00000,0.02208
12.62,21.38,3.9176,85.5680,0.00002,0.02368
12.88,21.38,3.8992,89.3804,0.00020,0.02565
13.12,21.38,3.9021,92.2954,0.00099,0.02787
13.38,21.38,3.9018,95.7112,0.00312,0.02984
13.62,21.38,3.8792,100.2015,0.01249,0.03102
13.88,21.38,3.9222,104.6828,0.06552,0.03166
14.12,21.38,4.0877,107.6008,0.25355,0.03098
14.38,21.38,4.2236,109.9304,0.52338,0.02896
14.62,21.38,4.3054,112.8574,0.81889,0.02615
14.88,21.38,4.6527,111.3944,1.25777,0.02240
15.12,21.38,4.7416,104.3085,1.58197,0.01708
15.38,21.38,4.5707,105.1531,1.81783,0.01169
15.62,21.38,5.0461,121.1991,2.08855,0.01006
6.38,21.62,4.0763,148.3768,0.13397,0.00713
6.62,21.62,4.5070,150.6873,0.21722,0.00755
6.88,21.62,4.3923,143.8749,0.30405,0.00765
7.12,21.62,4.0988,129.8527,0.26174,0.00805
7.38,21.62,3.9970,117.2232,0.15620,0.00891
7.62,21.62,3.9759,109.5004,0.07275,0.00989
7.88,21.62,3.9626,101.8804,0.02556,0.01060
8.12,21.62,3.9092,93.7573,0.00825,0.01119
8.38,21.62,3.8966,87.8547,0.00278,0.01164
8.62,21.62,3.9270,85.1302,0.00064,0.01165
8.88,21.62,3.9342,84.3235,0.00011,0.01141
9.12,21.62,3.9232,84.3542,0.00002,0.01134
9.38,21.62,3.9357,84.1897,0.00000,0.01182
9.62,21.62,3.9557,83.7599,0.00000,0.01249
9.88,21.62,3.9699,83.2180,0.00000,0.01283
10.12,21.62,3.9896,82.9143,0.00000,0.01316
10.38,21.62,3.9940,82.7646,0.00000,0.01364
10.62,21.62,3.9853,82.4301,0.00000,0.01453
10.88,21.62,3.9935,81.5902,0.00000,0.01575
11.12,21.62,4.0058,80.4105,0.00000,0.01693
11.38,21.62,3.9956,79.2572,0.00000,0.01775
11.62,21.62,3.9895,78.3566,0.00000,0.01852
11.88,21.62,3.9933,78.0259,0.00000,0.01994
12.12,21.62,3.9820,78.7504,0.00000,0.02175
12.38,21.62,3.9487,80.5595,0.00000,0.02351
12.62,21.62,3.9336,83.4044,0.00000,0.02548
12.88,21.62,3.9276,87.0393,0.00003,0.02799
13.12,21.62,3.9052,90.3951,0.00068,0.03102
13.38,21.62,3.8992,94.1642,0.00812,0.03453
13.62,21.62,3.9283,98.1038,0.03776,0.03808
13.88,21.62,3.9485,101.0868,0.08111,0.04062
14.12,21.62,3.9763,102.4015,0.13680,0.04058
14.38,21.62,4.0364,103.5499,0.21210,0.03969
14.62,21.62,4.1652,105.1389,0.31683,0.03781
14.88,21.62,4.4710,104.0013,0.57211,0.03392
15.12,21.62,4.5559,99.8409,0.95674,0.02747
15.38,21.62,4.5206,101.0682,1.34660,0.01959
15.62,21.62,4.9194,112.4379,1.57730,0.01693
15.88,21.62,4.9407,126.4378,1.65201,0.05879
16.12,21.62,4.5870,135.0556,1.59866,0.29632
6.88,21.88,4.7744,156.7655,0.71982,0.00739
7.12,21.88,4.6405,147.6365,0.55086,0.00821
7.38,21.88,4.3738,138.8728,0.32793,0.00899
7.62,21.88,4.1036,130.5179,0.20147,0.00962
7.88,21.88,4.0098,120.6809,0.12309,0.01020
8.12,21.88,3.9943,109.2377,0.07393,0.01112
8.38,21.88,3.9529,99.4889,0.03467,0.01181
8.62,21.88,3.9036,94.2859,0.01088,0.01183
8.88,21.88,3.8982,91.4623,0.00298,0.01152
9.12,21.88,3.9152,89.6759,0.00061,0.01148
9.38,21.88,3.9258,88.0521,0.00008,0.01196
9.62,21.88,3.9273,87.0342,0.00001,0.01258
9.88,21.88,3.9418,86.4072,0.00000,0.01301
10.12,21.88,3.9588,85.7308,0.00000,0.01348
10.38,21.88,3.9528,85.0800,0.00000,0.01406
10.62,21.88,3.9454,84.5347,0.00000,0.01493
10.88,21.88,3.9553,83.7713,0.00000,0.01608
11.12,21.88,3.9792,82.5485,0.00000,0.01740
11.38,21.88,3.9910,80.9570,0.00000,0.01857
11.62,21.88,3.9971,79.2813,0.00000,0.01965
11.88,21.88,3.9953,78.2949,0.00000,0.02096
12.12,21.88,3.9844,78.8265,0.00000,0.02270
12.38,21.88,3.9650,80.8548,0.00000,0.02477
12.62,21.88,3.9538,83.5459,0.00000,0.02741
12.88,21.88,3.9493,86.3699,0.00005,0.03087
13.12,21.88,3.9281,88.7314,0.00164,0.03511
13.38,21.88,3.9110,91.6690,0.02001,0.04024
13.62,21.88,3.9415,94.7933,0.09011,0.04612
13.88,21.88,3.9703,96.9862,0.15291,0.05162
14.12,21.88,3.9155,98.0197,0.11261,0.05391
14.38,21.88,3.9331,99.6580,0.08410,0.05498
14.62,21.88,4.0691,102.1460,0.17935,0.05325
14.88,21.88,4.3532,102.7947,0.39783,0.04851
15.12,21.88,4.5016,98.6753,0.77252,0.04255
15.38,21.88,4.5289,92.8589,1.20709,0.03359
15.62,21.88,4.5752,97.7619,1.28607,0.02659
15.88,21.88,4.2247,113.5046,1.14699,0.07724
16.12,21.88,4.1876,128.3254,1.11861,0.34427
16.38,21.88,5.2056,136.9356,1.45822,0.84917
7.38,22.12,4.4068,142.4356,0.38009,0.00900
7.62,22.12,4.2317,135.5882,0.34997,0.00948
7.88,22.12,4.2065,137.0890,0.36074,0.00974
8.12,22.12,4.1316,132.9459,0.31343,0.01041
8.38,22.12,4.0426,120.8805,0.18729,0.01119
8.62,22.12,3.9842,110.5775,0.08772,0.01171
8.88,22.12,3.9273,103.4865,0.03577,0.01165
9.12,22.12,3.8886,98.5169,0.00979,0.01157
9.38,22.12,3.9007,94.2135,0.00193,0.01203
9.62,22.12,3.9096,91.7179,0.00031,0.01265
9.88,22.12,3.9093,90.4310,0.00003,0.01315
10.12,22.12,3.9186,89.0447,0.00000,0.01376
10.38,22.12,3.9243,87.9337,0.00000,0.01457
10.62,22.12,3.9172,87.1665,0.00000,0.01556
10.88,22.12,3.9132,86.2783,0.00000,0.01672
11.12,22.12,3.9374,85.0057,0.00000,0.01802
11.38,22.12,3.9632,83.1731,0.00000,0.01929
11.62,22.12,3.9764,81.1015,0.00000,0.02054
11.88,22.12,3.9700,79.9058,0.00001,0.02183
12.12,22.12,3.9619,80.4826,0.00002,0.02368
12.38,22.12,3.9611,82.6681,0.00001,0.02628
12.62,22.12,3.9643,84.8488,0.00000,0.02972
12.88,22.12,3.9585,86.5727,0.00006,0.03412
13.12,22.12,3.9230,87.8179,0.00192,0.03938
13.38,22.12,3.9034,89.1063,0.02349,0.04646
13.62,22.12,3.9293,91.0015,0.10697,0.05548
13.88,22.12,3.9292,93.0482,0.18426,0.06509
14.12,22.12,3.8379,94.6688,0.12728,0.07274
14.38,22.12,3.8392,97.1199,0.06113,0.07808
14.62,22.12,3.9498,101.1411,0.13385,0.07820
14.88,22.12,4.1553,103.4681,0.38090,0.07357
15.12,22.12,4.3821,100.7063,0.84701,0.06611
15.38,22.12,4.6191,93.7955,1.28482,0.05304
15.62,22.12,4.6018,94.6828,1.20530,0.03574
15.88,22.12,4.1287,106.2572,0.87110,0.05486
16.12,22.12,3.9599,121.5176,0.68214,0.20620
16.38,22.12,4.2511,131.7921,0.83034,0.50488
7.62,22.38,3.7814,119.9226,0.45996,0.00807
7.88,22.38,4.2182,145.7953,0.62430,0.00904
8.12,22.38,4.3968,158.9551,0.62940,0.01006
8.38,22.38,4.3528,149.5500,0.48741,0.01054
8.62,22.38,4.1709,135.2193,0.34430,0.01086
8.88,22.38,4.0283,122.2782,0.19569,0.01133
9.12,22.38,3.9655,111.3274,0.07895,0.01190
9.38,22.38,3.9108,103.0054,0.02502,0.01243
9.62,22.38,3.8766,98.6675,0.00604,0.01284
9.88,22.38,3.8977,96.1815,0.00102,0.01334
10.12,22.38,3.9029,93.2877,0.00014,0.01402
10.38,22.38,3.8838,91.1701,0.00002,0.01478
10.62,22.38,3.8803,89.9759,0.00000,0.01584
10.88,22.38,3.8858,88.7974,0.00000,0.01718
11.12,22.38,3.9086,87.3422,0.00000,0.01857
11.38,22.38,3.9288,85.7690,0.00001,0.01982
11.62,22.38,3.9376,84.2426,0.00009,0.02114
11.88,22.38,3.9343,82.9951,0.00038,0.02259
12.12,22.38,3.9336,82.8846,0.00063,0.02477
12.38,22.38,3.9396,84.7618,0.00038,0.02800
12.62,22.38,3.9311,86.6291,0.00009,0.03196
12.88,22.38,3.9261,87.0826,0.00004,0.03719
13.12,22.38,3.9183,87.1437,0.00101,0.04399
13.38,22.38,3.8848,87.3218,0.01293,0.05371
13.62,22.38,3.8627,88.1413,0.06553,0.06747
13.88,22.38,3.8529,89.2223,0.14199,0.08491
14.12,22.38,3.8319,90.6193,0.14387,0.10312
14.38,22.38,3.8181,93.5027,0.09131,0.11615
14.62,22.38,3.8826,97.2102,0.16739,0.12177
14.88,22.38,4.0876,98.4185,0.49376,0.12080
15.12,22.38,4.3397,98.2007,1.00070,0.10794
15.38,22.38,4.4632,97.1605,1.33049,0.08086
15.62,22.38,4.3747,100.0367,1.19538,0.04835
15.88,22.38,4.2605,109.2100,0.84569,0.03329
16.12,22.38,4.1662,120.9435,0.50839,0.06412
8.12,22.62,4.3556,181.3199,0.73168,0.00938
8.38,22.62,4.7878,170.8005,0.73588,0.01038
8.62,22.62,4.5924,156.9887,0.69957,0.01045
8.88,22.62,4.2961,144.2540,0.55761,0.01087
9.12,22.62,4.1242,130.6445,0.35427,0.01170
9.38,22.62,4.0228,117.8064,0.17398,0.01257
9.62,22.62,3.9517,108.6798,0.06185,0.01315
9.88,22.62,3.9003,103.6472,0.01640,0.01351
10.12,22.62,3.8731,99.6879,0.00388,0.01404
10.38,22.62,3.8775,96.3140,0.00077,0.01493
10.62,22.62,3.8797,93.7019,0.00013,0.01612
10.88,22.62,3.8713,91.5514,0.00002,0.01738
11.12,22.62,3.8823,89.9525,0.00000,0.01867
11.38,22.62,3.9035,88.8884,0.00009,0.02012
11.62,22.62,3.9164,87.9939,0.00104,0.02180
11.88,22.62,3.9203,86.8226,0.00467,0.02356
12.12,22.62,3.9184,86.0842,0.00770,0.02595
12.38,22.62,3.9132,87.1280,0.00467,0.02964
12.62,22.62,3.8964,88.4442,0.00104,0.03443
12.88,22.62,3.8902,88.1934,0.00009,0.04068
13.12,22.62,3.8911,87.0257,0.00026,0.04922
13.38,22.62,3.8695,85.5962,0.00411,0.06234
13.62,22.62,3.8369,84.8106,0.03088,0.08283
13.88,22.62,3.8295,84.7477,0.10686,0.11177
14.12,22.62,3.8554,85.4761,0.15943,0.14626
14.38,22.62,3.8288,87.6499,0.12535,0.17778
14.62,22.62,3.8481,90.1952,0.22097,0.20032
14.88,22.62,4.0666,91.1643,0.59471,0.20882
15.12,22.62,4.3990,93.6737,1.07537,0.18907
15.38,22.62,4.4938,97.6964,1.40645,0.13907
15.62,22.62,4.3958,103.7467,1.51980,0.08420
15.88,22.62,4.4265,115.4463,1.38400,0.04424
16.12,22.62,4.1644,127.3602,0.93503,0.02649
8.62,22.88,4.8049,169.7341,0.92729,0.01024
8.88,22.88,4.9375,160.0197,1.06032,0.01108
9.12,22.88,4.6519,148.8659,0.97403,0.01095
9.38,22.88,4.2549,135.1292,0.66596,0.01108
9.62,22.88,4.1162,120.6597,0.33853,0.01230
9.88,22.88,4.0579,111.3466,0.13749,0.01348
10.12,22.88,3.9349,107.2121,0.04721,0.01409
10.38,22.88,3.8758,104.1730,0.01363,0.01498
10.62,22.88,3.8632,100.2723,0.00375,0.01612
10.88,22.88,3.8682,95.8663,0.00083,0.01732
11.12,22.88,3.8745,92.9767,0.00021,0.01860
11.38,22.88,3.8844,92.1144,0.00052,0.02022
11.62,22.88,3.9084,91.6421,0.00479,0.02224
11.88,22.88,3.9350,90.4430,0.02102,0.02445
12.12,22.88,3.9345,89.7225,0.03455,0.02724
12.38,22.88,3.8997,90.3363,0.02094,0.03105
12.62,22.88,3.8609,90.7103,0.00467,0.03635
12.88,22.88,3.8572,89.8276,0.00039,0.04400
13.12,22.88,3.8522,88.0318,0.00008,0.05508
13.38,22.88,3.8396,85.5478,0.00125,0.07227
13.62,22.88,3.8186,82.9998,0.01297,0.10063
13.88,22.88,3.8112,81.3691,0.05524,0.14409
14.12,22.88,3.7996,81.0088,0.09094,0.20189
14.38,22.88,3.7293,81.5533,0.07560,0.27094
14.62,22.88,3.6844,82.6613,0.14526,0.34027
14.88,22.88,3.8262,84.5720,0.42363,0.38806
15.12,22.88,4.1488,90.0901,0.86576,0.36846
15.38,22.88,4.4994,99.2407,1.48641,0.26606
15.62,22.88,4.8405,105.4622,2.14936,0.15778
15.88,22.88,4.8399,111.0007,2.30367,0.08106
9.12,23.12,5.1866,155.4454,1.79966,0.00910
9.38,23.12,4.6673,144.7675,1.48021,0.00881
9.62,23.12,4.4907,132.2370,1.00044,0.01037
9.88,23.12,4.3751,122.4825,0.55502,0.01200
10.12,23.12,4.1093,117.9016,0.26139,0.01296
10.38,23.12,3.9822,113.9101,0.11731,0.01428
10.62,23.12,3.8978,108.5227,0.04779,0.01546
10.88,23.12,3.8318,102.8925,0.01530,0.01651
11.12,23.12,3.8395,98.6568,0.00579,0.01785
11.38,23.12,3.8777,96.4698,0.00523,0.01975
11.62,23.12,3.9001,95.3630,0.01176,0.02192
11.88,23.12,3.9048,94.3293,0.03721,0.02411
12.12,23.12,3.9037,93.9342,0.05807,0.02720
12.38,23.12,3.8885,93.9168,0.03479,0.03148
12.62,23.12,3.8486,93.4888,0.00778,0.03746
12.88,23.12,3.8251,92.8912,0.00076,0.04651
13.12,23.12,3.8129,91.3030,0.00068,0.06032
13.38,23.12,3.8132,88.0589,0.00242,0.08222
13.62,23.12,3.7873,84.0317,0.00669,0.11753
13.88,23.12,3.7467,80.9782,0.01613,0.17365
14.12,23.12,3.6789,78.7511,0.02360,0.26067
14.38,23.12,3.5752,76.5241,0.02169,0.38977
14.62,23.12,3.4608,74.7690,0.04903,0.55503
14.88,23.12,3.4600,75.7974,0.19073,0.71680
15.12,23.12,3.7384,84.2954,0.67158,0.73976
15.38,23.12,4.7240,105.4059,1.94765,0.53418
15.62,23.12,5.8920,119.8720,3.39432,0.28899
15.88,23.12,5.5981,110.1053,3.47786,0.13535
9.38,23.38,4.7989,145.7661,2.16654,0.00701
9.62,23.38,4.9434,140.8804,1.68218,0.00888
9.88,23.38,4.8379,136.8055,1.09889,0.00994
10.12,23.38,4.4358,132.8778,0.72317,0.01040
10.38,23.38,4.2103,126.4541,0.49148,0.01159
10.62,23.38,4.0464,118.6717,0.28332,0.01319
10.88,23.38,3.9139,112.2171,0.13590,0.01477
11.12,23.38,3.8566,107.1591,0.07064,0.01613
11.38,23.38,3.8526,102.9956,0.05886,0.01790
11.62,23.38,3.8898,100.0795,0.05487,0.02033
11.88,23.38,3.9121,98.6068,0.05453,0.02284
12.12,23.38,3.8830,98.4682,0.04983,0.02595
12.38,23.38,3.8593,98.6047,0.02562,0.03036
12.62,23.38,3.8361,98.0005,0.00697,0.03706
12.88,23.38,3.8234,97.5972,0.00283,0.04726
13.12,23.38,3.8127,96.0593,0.00864,0.06278
13.38,23.38,3.8108,92.1406,0.02801,0.08810
13.62,23.38,3.7732,86.8332,0.05113,0.12762
13.88,23.38,3.7098,82.7225,0.05417,0.19183
14.12,23.38,3.6148,79.0741,0.04664,0.30764
14.38,23.38,3.4968,74.3352,0.05122,0.51066
14.62,23.38,3.3229,69.5495,0.05120,0.80906
14.88,23.38,3.1634,67.2912,0.08965,1.15327
15.12,23.38,3.3145,74.9627,0.50710,1.31610
15.38,23.38,4.6382,107.8550,2.10936,1.06640
15.62,23.38,6.7351,147.7810,4.52713,0.61600
9.88,23.62,4.6390,148.6107,1.29661,0.00793
10.12,23.62,4.7396,144.8015,1.17586,0.00836
10.38,23.62,4.6848,136.8713,1.05688,0.00882
10.62,23.62,4.3856,128.8177,0.83735,0.00971
10.88,23.62,4.1264,123.3535,0.56866,0.01143
11.12,23.62,4.0380,117.1113,0.36824,0.01342
11.38,23.62,4.0261,109.6282,0.29930,0.01538
11.62,23.62,3.9997,104.7564,0.23965,0.01770
11.88,23.62,3.9676,102.9610,0.16533,0.02054
12.12,23.62,3.9215,102.5234,0.09148,0.02422
12.38,23.62,3.8744,103.3423,0.04194,0.02870
12.62,23.62,3.8226,103.6200,0.02781,0.03494
12.88,23.62,3.7946,103.2009,0.02331,0.04457
13.12,23.62,3.7952,100.8144,0.04893,0.06003
13.38,23.62,3.8395,95.5835,0.14243,0.08561
13.62,23.62,3.8527,89.0560,0.25846,0.12530
13.88,23.62,3.7833,84.5202,0.27896,0.19247
14.12,23.62,3.6513,81.0674,0.23603,0.32144
14.38,23.62,3.5192,76.1164,0.23784,0.57089
14.62,23.62,3.2945,70.6727,0.19880,0.97260
14.88,23.62,2.9813,64.1702,0.11318,1.47299
15.12,23.62,2.8556,62.3510,0.25523,1.84675
15.38,23.62,3.6545,83.3751,1.22815,1.81621
10.38,23.88,4.6559,134.5365,1.35335,0.00657
10.62,23.88,4.5421,126.8648,1.32846,0.00676
10.88,23.88,4.3814,127.9819,1.15296,0.00772
11.12,23.88,4.2869,124.7116,0.92707,0.00945
11.38,23.88,4.2512,116.0144,0.74162,0.01193
11.62,23.88,4.1648,109.2640,0.50741,0.01474
11.88,23.88,4.0465,106.8085,0.33071,0.01744
12.12,23.88,3.9393,106.9758,0.21636,0.02076
12.38,23.88,3.8561,108.5310,0.14086,0.02498
12.62,23.88,3.8490,108.6034,0.12903,0.03082
12.88,23.88,3.8509,107.8435,0.11823,0.03948
13.12,23.88,3.8319,105.2693,0.15831,0.05329
13.38,23.88,3.8979,98.6641,0.34070,0.07672
13.62,23.88,4.0154,90.3751,0.59817,0.11537
13.88,23.88,4.0071,85.1846,0.68283,0.18303
14.12,23.88,3.8408,82.8987,0.57659,0.30983
14.38,23.88,3.6150,80.0084,0.48679,0.55695
14.62,23.88,3.3055,76.5532,0.37966,0.97386
14.88,23.88,2.9269,70.7538,0.22732,1.49645
15.12,23.88,2.5979,63.6649,0.17333,1.96090
15.38,23.88,2.6814,61.5428,0.38953,2.23562
10.62,24.12,3.8906,105.7719,1.29353,0.00442
10.88,24.12,4.2887,115.6996,1.38554,0.00497
11.12,24.12,4.6098,118.8540,1.44857,0.00595
11.38,24.12,4.5767,119.1214,1.28987,0.00777
11.62,24.12,4.2002,117.1338,0.80079,0.01037
11.88,24.12,3.9867,114.7380,0.48056,0.01326
12.12,24.12,3.9878,114.4539,0.37476,0.01649
12.38,24.12,3.9151,114.6857,0.28062,0.01996
12.62,24.12,3.9130,112.9804,0.28108,0.02468
12.88,24.12,3.9567,111.6203,0.32983,0.03179
13.12,24.12,3.9740,110.1290,0.39493,0.04311
13.38,24.12,4.0104,103.5879,0.55759,0.06259
13.62,24.12,4.1171,93.3215,0.86204,0.09640
13.88,24.12,4.1447,86.3677,1.01931,0.15552
14.12,24.12,4.0012,84.5576,0.86137,0.26356
14.38,24.12,3.7452,84.1581,0.64137,0.46411
14.62,24.12,3.4320,85.7196,0.56620,0.78795
14.88,24.12,3.1047,95.1203,0.57406,1.17381
15.12,24.12,2.7671,109.0673,0.56717,1.52934
11.12,24.38,4.6413,99.8003,1.81419,0.00389
11.38,24.38,5.0767,117.4383,1.93269,0.00501
11.62,24.38,4.6131,127.3813,1.37205,0.00658
11.88,24.38,4.2773,127.6130,0.97361,0.00874
12.12,24.38,4.2559,126.1769,0.79279,0.01153
12.38,24.38,4.0907,123.6303,0.51740,0.01482
12.62,24.38,4.0427,119.7709,0.39916,0.01887
12.88,24.38,4.1195,117.2004,0.53319,0.02361
13.12,24.38,4.1595,115.4276,0.70555,0.03068
13.38,24.38,4.1151,108.7418,0.85137,0.04379
13.62,24.38,4.1513,97.1603,1.13700,0.06784
13.88,24.38,4.1362,89.4526,1.27411,0.10706
14.12,24.38,4.0623,88.1194,1.12251,0.17183
14.38,24.38,4.1004,89.1010,1.10351,0.27509
14.62,24.38,3.9147,94.4407,1.32781,0.41381
14.88,24.38,3.3944,118.8936,1.47698,0.58000
15.12,24.38,2.9534,169.7942,1.47874,0.76335
11.62,24.62,4.9587,138.4315,2.00818,0.00461
11.88,24.62,4.9097,142.0827,1.72200,0.00590
12.12,24.62,4.8091,140.6130,1.46403,0.00719
12.38,24.62,4.3745,135.3188,1.01581,0.00905
12.62,24.62,4.1365,131.7912,0.66026,0.01219
12.88,24.62,4.1975,128.4352,0.67041,0.01614
13.12,24.62,4.3235,121.2129,0.87400,0.02099
13.38,24.62,4.3611,110.9829,1.11174,0.02849
13.62,24.62,4.4151,99.8290,1.44971,0.04214
13.88,24.62,4.2966,93.5357,1.49984,0.06175
14.12,24.62,4.2039,92.0943,1.42042,0.08499
14.38,24.62,4.5776,92.3910,1.83623,0.11019
14.62,24.62,4.6330,94.9074,2.36777,0.12974
14.88,24.62,3.8211,107.1991,2.40161,0.15619
12.12,24.88,4.5301,144.9449,1.67870,0.00437
12.38,24.88,4.2982,135.9106,1.33933,0.00490
12.62,24.88,4.2874,139.7958,1.03367,0.00652
12.88,24.88,4.3506,139.9659,0.98628,0.00946
13.12,24.88,4.3472,127.6415,1.04351,0.01352
13.38,24.88,4.4326,113.0229,1.26581,0.01790
13.62,24.88,4.6223,102.3495,1.64329,0.02413
13.88,24.88,4.4598,100.1507,1.55412,0.03155
14.12,24.88,4.2182,100.5457,1.48283,0.03524
14.38,24.88,4.5574,100.5888,2.01993,0.03604
14.62,24.88,4.7130,99.3326,2.55474,0.03297
14.88,24.88,3.8273,88.3148,2.42828,0.02872
12.38,25.12,3.4730,119.6440,1.11045,0.00278
12.62,25.12,4.1162,141.4456,1.13209,0.00356
12.88,25.12,4.6588,149.7329,1.34211,0.00509
13.12,25.12,4.6066,136.9905,1.35811,0.00725
13.38,25.12,4.3820,120.4684,1.43701,0.00903
13.62,25.12,4.5148,109.5013,1.64403,0.01151
13.88,25.12,4.4584,111.5304,1.38204,0.01469
14.12,25.12,4.2140,114.8633,1.31151,0.01565
14.38,25.12,4.5157,117.2245,1.82088,0.01552
14.62,25.12,4.6785,118.0345,2.29882,0.01326
12.88,25.38,4.5201,160.5345,1.38856,0.00310
13.12,25.38,4.9019,149.1554,1.56016,0.00400
13.38,25.38,4.7035,134.8288,1.62730,0.00438
13.62,25.38,4.6266,121.7574,1.60450,0.00636
13.88,25.38,4.3459,120.6372,1.22621,0.01259
14.12,25.38,4.2313,124.7546,1.29386,0.01834
14.38,25.38,4.7394,131.8645,1.96990,0.01713
13.38,25.62,5.0837,155.6483,1.90473,0.00364
13.62,25.62,5.0372,136.4476,1.78414,0.01142
13.88,25.62,4.3667,124.3376,1.30857,0.03664
14.12,25.62,4.4452,124.3421,1.48271,0.06065
14.38,25.62,4.9779,135.8874,2.27483,0.05373
13.88,25.88,4.3224,120.3728,1.32889,0.08028
14.12,25.88,4.9595,111.3115,1.59041,0.12664
14.12,26.12,4.1850,77.6600,1.24352,0.13131
