x,y,rho,contact,casualty,pressure
2.62,0.12,0.3114,0.0010,0.00000,0.19132
2.88,0.12,0.6085,0.0035,0.00000,0.36139
3.12,0.12,0.8554,0.0063,0.00000,0.48547
3.38,0.12,0.9206,0.0079,0.00000,0.50070
3.62,0.12,1.0003,0.0110,0.00000,0.52741
3.88,0.12,1.1360,0.0135,0.00000,0.57585
4.12,0.12,1.2023,0.0150,0.00000,0.56841
4.38,0.12,1.2587,0.0154,0.00000,0.52966
4.62,0.12,1.3210,0.0126,0.00000,0.49720
4.88,0.12,1.3229,0.0091,0.00000,0.46152
5.12,0.12,1.3037,0.0054,0.00000,0.42421
5.38,0.12,1.3077,0.0021,0.00000,0.41255
5.62,0.12,1.3200,0.0015,0.00000,0.40280
5.88,0.12,1.3213,0.0060,0.00000,0.38862
6.12,0.12,1.3690,0.0157,0.00000,0.40794
6.38,0.12,1.4105,0.0317,0.00000,0.42955
6.62,0.12,1.3490,0.1696,0.00000,0.42011
6.88,0.12,1.3247,1.7000,0.00000,0.43684
7.12,0.12,1.1049,7.9606,0.00000,0.39833
7.38,0.12,0.6583,17.6415,0.00000,0.25702
2.62,0.38,0.5989,0.0021,0.00000,0.34684
2.88,0.38,1.1604,0.0074,0.00000,0.64732
3.12,0.38,1.5562,0.0141,0.00000,0.84127
3.38,0.38,1.4960,0.0212,0.00000,0.80220
3.62,0.38,1.4620,0.0303,0.00000,0.76232
3.88,0.38,1.6010,0.0313,0.00000,0.78407
4.12,0.38,1.6181,0.0327,0.00000,0.74366
4.38,0.38,1.6028,0.0360,0.00000,0.66138
4.62,0.38,1.6629,0.0284,0.00000,0.61275
4.88,0.38,1.6806,0.0184,0.00000,0.56986
5.12,0.38,1.6647,0.0104,0.00000,0.52039
5.38,0.38,1.6747,0.0044,0.00000,0.50199
5.62,0.38,1.6867,0.0027,0.00000,0.48802
5.88,0.38,1.6629,0.0075,0.00000,0.46342
6.12,0.38,1.7089,0.0177,0.00000,0.46668
6.38,0.38,1.7402,0.0361,0.00000,0.47338
6.62,0.38,1.6151,0.1874,0.00000,0.45542
6.88,0.38,1.7014,1.8133,0.00000,0.49419
7.12,0.38,1.6280,8.4500,0.00000,0.48780
7.38,0.38,1.0627,18.7069,0.00000,0.33249
2.62,0.62,0.7637,0.0025,0.00000,0.37924
2.88,0.62,1.4763,0.0089,0.00000,0.70849
3.12,0.62,1.9275,0.0184,0.00000,0.91238
3.38,0.62,1.7419,0.0326,0.00000,0.83990
3.62,0.62,1.6343,0.0485,0.00000,0.75635
3.88,0.62,1.7864,0.0479,0.00000,0.75126
4.12,0.62,1.7779,0.0512,0.00000,0.69634
4.38,0.62,1.7206,0.0571,0.00000,0.60750
4.62,0.62,1.7750,0.0455,0.00000,0.56587
4.88,0.62,1.8066,0.0320,0.00000,0.53152
5.12,0.62,1.7935,0.0191,0.00000,0.47917
5.38,0.62,1.7965,0.0096,0.00000,0.44989
5.62,0.62,1.8255,0.0048,0.00000,0.44098
5.88,0.62,1.8020,0.0051,0.00000,0.41991
6.12,0.62,1.8303,0.0101,0.00000,0.40687
6.38,0.62,1.8525,0.0223,0.00000,0.40245
6.62,0.62,1.6318,0.1462,0.00000,0.37120
6.88,0.62,1.7987,1.4773,0.00000,0.40963
7.12,0.62,1.9808,6.8849,0.00000,0.44104
7.38,0.62,1.4073,15.2310,0.00000,0.31603
2.62,0.88,0.7921,0.0015,0.00000,0.27102
2.88,0.88,1.4469,0.0055,0.00000,0.50571
3.12,0.88,1.7805,0.0128,0.00000,0.64724
3.38,0.88,1.6164,0.0272,0.00000,0.59617
3.62,0.88,1.6341,0.0431,0.00000,0.54845
3.88,0.88,1.7776,0.0448,0.00000,0.54348
4.12,0.88,1.7569,0.0511,0.00000,0.49965
4.38,0.88,1.7603,0.0557,0.00000,0.44760
4.62,0.88,1.8212,0.0480,0.00000,0.42620
4.88,0.88,1.8409,0.0399,0.00000,0.40540
5.12,0.88,1.8477,0.0260,0.00000,0.37018
5.38,0.88,1.8432,0.0151,0.00000,0.34081
5.62,0.88,1.8962,0.0074,0.00000,0.33373
5.88,0.88,1.9117,0.0027,0.00000,0.32265
6.12,0.88,1.9247,0.0030,0.00000,0.30961
6.38,0.88,1.9848,0.0087,0.00000,0.31146
6.62,0.88,1.6846,0.0666,0.00000,0.27686
6.88,0.88,1.8022,0.6781,0.00000,0.29086
7.12,0.88,2.1612,3.1544,0.00000,0.33109
7.38,0.88,1.6274,6.9728,0.00000,0.24645
2.62,1.12,0.9974,0.0005,0.00000,0.19119
2.88,1.12,1.6367,0.0018,0.00000,0.34276
3.12,1.12,1.8060,0.0055,0.00000,0.42135
3.38,1.12,1.6895,0.0158,0.00000,0.39500
3.62,1.12,1.8770,0.0292,0.00000,0.39126
3.88,1.12,1.9504,0.0356,0.00000,0.39256
4.12,1.12,1.8901,0.0411,0.00000,0.36638
4.38,1.12,1.9717,0.0393,0.00000,0.34643
4.62,1.12,2.0254,0.0317,0.00000,0.33095
4.88,1.12,2.0156,0.0256,0.00000,0.31174
5.12,1.12,2.0544,0.0172,0.00000,0.29452
5.38,1.12,2.0472,0.0120,0.00000,0.27507
5.62,1.12,2.0989,0.0072,0.00000,0.26811
5.88,1.12,2.1490,0.0027,0.00000,0.26465
6.12,1.12,2.0964,0.0018,0.00000,0.25050
6.38,1.12,2.1821,0.0061,0.00000,0.25545
6.62,1.12,1.9191,0.0357,0.00000,0.23270
6.88,1.12,1.9833,0.3327,0.00000,0.23442
7.12,1.12,2.3886,1.5433,0.00000,0.26743
7.38,1.12,1.8329,3.4142,0.00000,0.20208
2.62,1.38,1.3013,0.0001,0.00000,0.15408
2.88,1.38,1.9588,0.0005,0.00000,0.25775
3.12,1.38,1.9399,0.0021,0.00000,0.29460
3.38,1.38,1.8108,0.0078,0.00000,0.27927
3.62,1.38,2.0944,0.0179,0.00000,0.29541
3.88,1.38,2.1009,0.0268,0.00000,0.29865
4.12,1.38,2.0337,0.0290,0.00000,0.28493
4.38,1.38,2.1294,0.0220,0.00000,0.27648
4.62,1.38,2.1442,0.0139,0.00000,0.26222
4.88,1.38,2.1252,0.0087,0.00000,0.24680
5.12,1.38,2.1892,0.0056,0.00000,0.23976
5.38,1.38,2.1938,0.0056,0.00000,0.22863
5.62,1.38,2.2397,0.0052,0.00000,0.22396
5.88,1.38,2.3255,0.0030,0.00000,0.22628
6.12,1.38,2.1465,0.0017,0.00000,0.20319
6.38,1.38,2.1979,0.0056,0.00000,0.19708
6.62,1.38,2.1186,0.0854,0.00000,0.18724
6.88,1.38,2.1816,0.9849,0.00000,0.18989
7.12,1.38,2.5246,4.6491,0.00000,0.21469
7.38,1.38,1.9292,10.3114,0.00000,0.16275
2.62,1.62,1.5360,0.0002,0.00000,0.13084
2.88,1.62,2.1481,0.0008,0.00000,0.19898
3.12,1.62,1.9179,0.0017,0.00000,0.20257
3.38,1.62,1.8103,0.0033,0.00000,0.19409
3.62,1.62,2.1947,0.0075,0.00000,0.22301
3.88,1.62,2.1824,0.0124,0.00000,0.22818
4.12,1.62,2.1565,0.0130,0.00000,0.22256
4.38,1.62,2.2107,0.0090,0.00000,0.21890
4.62,1.62,2.2019,0.0059,0.00000,0.21108
4.88,1.62,2.2131,0.0037,0.00000,0.20392
5.12,1.62,2.2835,0.0022,0.00000,0.20079
5.38,1.62,2.3162,0.0024,0.00000,0.19433
5.62,1.62,2.3241,0.0030,0.00000,0.18682
5.88,1.62,2.4213,0.0026,0.00000,0.18679
6.12,1.62,2.1601,0.0019,0.00000,0.16087
6.38,1.62,2.1903,0.0066,0.00000,0.15008
6.62,1.62,2.3333,0.1725,0.00000,0.15087
6.88,1.62,2.3941,2.0939,0.00000,0.15416
7.12,1.62,2.6203,9.9146,0.00000,0.16973
7.38,1.62,1.9766,21.9971,0.00000,0.12801
2.62,1.88,1.7781,0.0004,0.00000,0.11636
2.88,1.88,2.3636,0.0013,0.00000,0.16337
3.12,1.88,1.9589,0.0023,0.00000,0.14843
3.38,1.88,1.8798,0.0021,0.00000,0.14224
3.62,1.88,2.3313,0.0020,0.00000,0.17114
3.88,1.88,2.3153,0.0028,0.00000,0.17567
4.12,1.88,2.3306,0.0030,0.00000,0.17780
4.38,1.88,2.2932,0.0026,0.00000,0.17460
4.62,1.88,2.2876,0.0033,0.00000,0.16952
4.88,1.88,2.3498,0.0037,0.00000,0.16788
5.12,1.88,2.4152,0.0034,0.00000,0.16662
5.38,1.88,2.4986,0.0037,0.00000,0.16482
5.62,1.88,2.4210,0.0039,0.00000,0.15337
5.88,1.88,2.4674,0.0044,0.00000,0.14786
6.12,1.88,2.1986,0.0048,0.00000,0.12710
6.38,1.88,2.2356,0.0090,0.00000,0.11976
6.62,1.88,2.5393,0.2038,0.00000,0.12735
6.88,1.88,2.6085,2.4819,0.00000,0.13070
7.12,1.88,2.7536,11.7567,0.00000,0.13989
7.38,1.88,2.0567,26.0865,0.00000,0.10468
2.62,2.12,1.9206,0.0002,0.00000,0.09753
2.88,2.12,2.5039,0.0009,0.00000,0.13184
3.12,2.12,2.0357,0.0017,0.00000,0.11462
3.38,2.12,1.9724,0.0019,0.00000,0.11238
3.62,2.12,2.3980,0.0013,0.00000,0.13487
3.88,2.12,2.4069,0.0013,0.00000,0.13818
4.12,2.12,2.4840,0.0015,0.00000,0.14508
4.38,2.12,2.3416,0.0015,0.00000,0.13874
4.62,2.12,2.3394,0.0027,0.00000,0.13429
4.88,2.12,2.4375,0.0046,0.00000,0.13684
5.12,2.12,2.4889,0.0061,0.00000,0.13624
5.38,2.12,2.6357,0.0092,0.00000,0.13657
5.62,2.12,2.4917,0.0109,0.00000,0.12404
5.88,2.12,2.4846,0.0097,0.00000,0.11723
6.12,2.12,2.2470,0.0086,0.00000,0.10369
6.38,2.12,2.2835,0.0100,0.00000,0.10055
6.62,2.12,2.6760,0.1626,0.00000,0.11086
6.88,2.12,2.7494,1.9656,0.00000,0.11170
7.12,2.12,2.8401,9.3079,0.00000,0.11507
7.38,2.12,2.1081,20.6514,0.00000,0.08524
2.62,2.38,1.9754,0.0001,0.00000,0.08063
2.88,2.38,2.5675,0.0003,0.00000,0.10727
3.12,2.38,2.1223,0.0008,0.00000,0.09372
3.38,2.38,2.0724,0.0017,0.00000,0.09590
3.62,2.38,2.4021,0.0023,0.00000,0.11188
3.88,2.38,2.4435,0.0023,0.00000,0.11211
4.12,2.38,2.6032,0.0023,0.00000,0.11893
4.38,2.38,2.4110,0.0018,0.00000,0.11311
4.62,2.38,2.4115,0.0030,0.00000,0.11117
4.88,2.38,2.4995,0.0053,0.00000,0.11347
5.12,2.38,2.5188,0.0078,0.00000,0.11098
5.38,2.38,2.7037,0.0149,0.00000,0.11307
5.62,2.38,2.5416,0.0200,0.00000,0.10297
5.88,2.38,2.5214,0.0148,0.00000,0.09633
6.12,2.38,2.3369,0.0088,0.00000,0.08721
6.38,2.38,2.3722,0.0073,0.00000,0.08708
6.62,2.38,2.8014,0.0879,0.00000,0.09865
6.88,2.38,2.8539,1.0464,0.00000,0.09658
7.12,2.38,2.8933,4.9478,0.00000,0.09521
7.38,2.38,2.1366,10.9738,0.00000,0.06971
2.62,2.62,2.0589,0.0000,0.00000,0.06675
2.88,2.62,2.6866,0.0001,0.00000,0.08873
3.12,2.62,2.2860,0.0005,0.00000,0.07992
3.38,2.62,2.2310,0.0018,0.00000,0.08398
3.62,2.62,2.4279,0.0030,0.00000,0.09321
3.88,2.62,2.4713,0.0024,0.00000,0.09043
4.12,2.62,2.6877,0.0016,0.00000,0.09507
4.38,2.62,2.5084,0.0011,0.00000,0.09243
4.62,2.62,2.5047,0.0018,0.00000,0.09405
4.88,2.62,2.5411,0.0038,0.00000,0.09349
5.12,2.62,2.5433,0.0073,0.00000,0.08915
5.38,2.62,2.7397,0.0153,0.00000,0.09332
5.62,2.62,2.5833,0.0214,0.00000,0.08706
5.88,2.62,2.5644,0.0163,0.00000,0.08096
6.12,2.62,2.4473,0.0083,0.00000,0.07389
6.38,2.62,2.4835,0.0058,0.00000,0.07291
6.62,2.62,2.9011,0.0825,0.00000,0.08229
6.88,2.62,2.9350,0.9902,0.00000,0.08113
7.12,2.62,2.9519,4.6842,0.00000,0.08028
7.38,2.62,2.1755,10.3898,0.00000,0.05894
2.62,2.88,2.1080,0.0000,0.00000,0.05542
2.88,2.88,2.7734,0.0000,0.00000,0.07372
3.12,2.88,2.4510,0.0004,0.00000,0.06719
3.38,2.88,2.3966,0.0018,0.00000,0.06934
3.62,2.88,2.4432,0.0032,0.00000,0.07351
3.88,2.88,2.4737,0.0022,0.00000,0.07170
4.12,2.88,2.7255,0.0008,0.00000,0.07609
4.38,2.88,2.6048,0.0004,0.00000,0.07647
4.62,2.88,2.5916,0.0010,0.00000,0.08045
4.88,2.88,2.5678,0.0038,0.00000,0.07852
5.12,2.88,2.5723,0.0078,0.00000,0.07359
5.38,2.88,2.7506,0.0113,0.00000,0.07641
5.62,2.88,2.6269,0.0139,0.00000,0.07220
5.88,2.88,2.6227,0.0124,0.00000,0.06839
6.12,2.88,2.5766,0.0067,0.00000,0.06385
6.38,2.88,2.6038,0.0062,0.00000,0.06125
6.62,2.88,2.9680,0.1357,0.00000,0.06724
6.88,2.88,2.9859,1.6509,0.00000,0.06860
7.12,2.88,3.0007,7.8192,0.00000,0.07076
7.38,2.88,2.2115,17.3491,0.00000,0.05281
2.62,3.12,2.1343,0.0000,0.00000,0.04887
2.88,3.12,2.8343,0.0001,0.00000,0.06507
3.12,3.12,2.6025,0.0013,0.00000,0.05903
3.38,3.12,2.5554,0.0057,0.00000,0.05769
3.62,3.12,2.4656,0.0101,0.00000,0.05747
3.88,3.12,2.4877,0.0071,0.00000,0.05694
4.12,3.12,2.7446,0.0022,0.00000,0.06250
4.38,3.12,2.6862,0.0004,0.00000,0.06510
4.62,3.12,2.6685,0.0012,0.00000,0.06835
4.88,3.12,2.6133,0.0052,0.00000,0.06594
5.12,3.12,2.6260,0.0105,0.00000,0.06285
5.38,3.12,2.7526,0.0105,0.00000,0.06408
5.62,3.12,2.6910,0.0077,0.00000,0.06103
5.88,3.12,2.7082,0.0058,0.00000,0.05957
6.12,3.12,2.7182,0.0033,0.00000,0.05776
6.38,3.12,2.7334,0.0064,0.00000,0.05503
6.62,3.12,3.0346,0.1512,0.00000,0.05865
6.88,3.12,3.0318,1.7979,0.00000,0.05984
7.12,3.12,3.0437,8.4875,0.00000,0.06222
7.38,3.12,2.2423,18.8242,0.00000,0.04677
2.62,3.38,2.1614,0.0000,0.00000,0.04174
2.88,3.38,2.8933,0.0003,0.00000,0.05578
3.12,3.38,2.7393,0.0037,0.00000,0.05111
3.38,3.38,2.7040,0.0167,0.00000,0.04920
3.62,3.38,2.5281,0.0292,0.00000,0.04753
3.88,3.38,2.5536,0.0204,0.00000,0.04727
4.12,3.38,2.7625,0.0063,0.00000,0.05179
4.38,3.38,2.7317,0.0013,0.00000,0.05394
4.62,3.38,2.7031,0.0013,0.00000,0.05452
4.88,3.38,2.6522,0.0040,0.00000,0.05235
5.12,3.38,2.7057,0.0088,0.00000,0.05285
5.38,3.38,2.7745,0.0098,0.00000,0.05503
5.62,3.38,2.7724,0.0055,0.00000,0.05393
5.88,3.38,2.7989,0.0022,0.00000,0.05334
6.12,3.38,2.8545,0.0021,0.00000,0.05327
6.38,3.38,2.8601,0.0174,0.00000,0.05202
6.62,3.38,3.1069,0.1746,0.00000,0.05480
6.88,3.38,3.0834,1.4956,0.00000,0.05294
7.12,3.38,3.0873,6.6781,0.00000,0.05197
7.38,3.38,2.2716,14.6961,0.00000,0.03826
2.62,3.62,2.1863,0.0000,0.00000,0.03596
2.88,3.62,2.9484,0.0004,0.00000,0.04803
3.12,3.62,2.8692,0.0050,0.00000,0.04429
3.38,3.62,2.8606,0.0229,0.00000,0.04289
3.62,3.62,2.6337,0.0405,0.00000,0.04152
3.88,3.62,2.6473,0.0291,0.00000,0.04121
4.12,3.62,2.7610,0.0096,0.00000,0.04285
4.38,3.62,2.7453,0.0029,0.00000,0.04293
4.62,3.62,2.7102,0.0029,0.00000,0.04237
4.88,3.62,2.6791,0.0029,0.00000,0.04144
5.12,3.62,2.7971,0.0043,0.00000,0.04408
5.38,3.62,2.8273,0.0052,0.00000,0.04738
5.62,3.62,2.8784,0.0031,0.00000,0.04839
5.88,3.62,2.8991,0.0013,0.00000,0.04683
6.12,3.62,2.9858,0.0067,0.00000,0.04676
6.38,3.62,2.9762,0.0772,0.00000,0.04759
6.62,3.62,3.1799,0.3910,0.00000,0.05134
6.88,3.62,3.1357,1.2132,0.00000,0.04847
7.12,3.62,3.1262,3.4597,0.00000,0.04516
7.38,3.62,2.2967,6.9896,0.00000,0.03225
2.62,3.88,2.2297,0.0000,0.00000,0.03225
2.88,3.88,3.0217,0.0003,0.00000,0.04309
3.12,3.88,2.9906,0.0030,0.00000,0.04006
3.38,3.88,3.0016,0.0135,0.00000,0.03844
3.62,3.88,2.7581,0.0247,0.00000,0.03599
3.88,3.88,2.7559,0.0195,0.00000,0.03525
4.12,3.88,2.7487,0.0077,0.00000,0.03529
4.38,3.88,2.7354,0.0038,0.00000,0.03480
4.62,3.88,2.6959,0.0045,0.00000,0.03450
4.88,3.88,2.6910,0.0037,0.00000,0.03434
5.12,3.88,2.8842,0.0030,0.00000,0.03738
5.38,3.88,2.9002,0.0029,0.00000,0.04115
5.62,3.88,2.9964,0.0023,0.00000,0.04420
5.88,3.88,3.0018,0.0020,0.00000,0.04174
6.12,3.88,3.1099,0.0168,0.00000,0.04052
6.38,3.88,3.0777,0.1931,0.00000,0.04084
6.62,3.88,3.2426,0.8783,0.00000,0.04478
6.88,3.88,3.1817,1.6398,0.00000,0.04439
7.12,3.88,3.1609,1.9287,0.00000,0.04198
7.38,3.88,2.3201,2.5241,0.00000,0.02963
2.62,4.12,2.2524,0.0000,0.00000,0.02845
2.88,4.12,3.0623,0.0002,0.00000,0.03822
3.12,4.12,3.0635,0.0014,0.00000,0.03633
3.38,4.12,3.0952,0.0044,0.00000,0.03493
3.62,4.12,2.8699,0.0073,0.00000,0.03135
3.88,4.12,2.8652,0.0064,0.00000,0.02972
4.12,4.12,2.7435,0.0031,0.00000,0.02868
4.38,4.12,2.7198,0.0021,0.00000,0.02854
4.62,4.12,2.6661,0.0030,0.00000,0.02866
4.88,4.12,2.6823,0.0036,0.00000,0.02898
5.12,4.12,2.9457,0.0040,0.00000,0.03251
5.38,4.12,2.9685,0.0038,0.00000,0.03734
5.62,4.12,3.1069,0.0035,0.00000,0.04230
5.88,4.12,3.0963,0.0032,0.00000,0.03895
6.12,4.12,3.2189,0.0205,0.00000,0.03621
6.38,4.12,3.1659,0.2304,0.00000,0.03538
6.62,4.12,3.3013,1.0557,0.00000,0.03874
6.88,4.12,3.2263,2.0735,0.00000,0.03975
7.12,4.12,3.1955,2.8657,0.00000,0.03860
7.38,4.12,2.3443,4.2641,0.00000,0.02740
2.62,4.38,2.2646,0.0000,0.00000,0.02483
2.88,4.38,3.0863,0.0003,0.00000,0.03339
3.12,4.38,3.1136,0.0014,0.00000,0.03190
3.38,4.38,3.1690,0.0025,0.00000,0.03069
3.62,4.38,2.9696,0.0023,0.00000,0.02765
3.88,4.38,2.9658,0.0016,0.00000,0.02622
4.12,4.38,2.7587,0.0008,0.00000,0.02413
4.38,4.38,2.7252,0.0005,0.00000,0.02366
4.62,4.38,2.6440,0.0012,0.00000,0.02383
4.88,4.38,2.6681,0.0031,0.00000,0.02462
5.12,4.38,2.9828,0.0050,0.00000,0.02838
5.38,4.38,3.0228,0.0047,0.00000,0.03317
5.62,4.38,3.2031,0.0039,0.00000,0.03836
5.88,4.38,3.1765,0.0028,0.00000,0.03491
6.12,4.38,3.2977,0.0110,0.00000,0.03209
6.38,4.38,3.2352,0.1211,0.00000,0.03164
6.62,4.38,3.3628,0.5836,0.00000,0.03464
6.88,4.38,3.2751,1.4881,0.00000,0.03470
7.12,4.38,3.2315,3.4167,0.00000,0.03372
7.38,4.38,2.3690,6.4818,0.00000,0.02425
2.62,4.62,2.2896,0.0001,0.00000,0.02148
2.88,4.62,3.1232,0.0002,0.00000,0.02885
3.12,4.62,3.1626,0.0008,0.00000,0.02742
3.38,4.62,3.2321,0.0015,0.00000,0.02628
3.62,4.62,3.0533,0.0017,0.00000,0.02422
3.88,4.62,3.0531,0.0017,0.00000,0.02367
4.12,4.62,2.7924,0.0010,0.00000,0.02143
4.38,4.62,2.7468,0.0003,0.00000,0.02069
4.62,4.62,2.6365,0.0008,0.00000,0.02056
4.88,4.62,2.6704,0.0032,0.00000,0.02139
5.12,4.62,3.0183,0.0055,0.00000,0.02447
5.38,4.62,3.0645,0.0048,0.00000,0.02688
5.62,4.62,3.2689,0.0035,0.00000,0.03014
5.88,4.62,3.2353,0.0020,0.00000,0.02867
6.12,4.62,3.3568,0.0027,0.00000,0.02824
6.38,4.62,3.2904,0.0264,0.00000,0.02867
6.62,4.62,3.4170,0.1433,0.00000,0.03126
6.88,4.62,3.3232,0.5541,0.00000,0.03041
7.12,4.62,3.2726,1.8496,0.00000,0.02940
7.38,4.62,2.3979,3.8641,0.00000,0.02136
2.62,4.88,2.3196,0.0044,0.00000,0.01933
2.88,4.88,3.1658,0.0021,0.00000,0.02592
3.12,4.88,3.2111,0.0007,0.00000,0.02448
3.38,4.88,3.2878,0.0007,0.00000,0.02328
3.62,4.88,3.1187,0.0016,0.00000,0.02169
3.88,4.88,3.1201,0.0024,0.00000,0.02155
4.12,4.88,2.8391,0.0016,0.00000,0.01961
4.38,4.88,2.7901,0.0007,0.00000,0.01902
4.62,4.88,2.6620,0.0006,0.00000,0.01847
4.88,4.88,2.6986,0.0019,0.00000,0.01887
5.12,4.88,3.0434,0.0034,0.00000,0.02116
5.38,4.88,3.0924,0.0037,0.00000,0.02197
5.62,4.88,3.3102,0.0036,0.00000,0.02393
5.88,4.88,3.2719,0.0022,0.00000,0.02409
6.12,4.88,3.3972,0.0013,0.00000,0.02538
6.38,4.88,3.3302,0.0048,0.00000,0.02554
6.62,4.88,3.4577,0.0229,0.00000,0.02722
6.88,4.88,3.3650,0.1097,0.00000,0.02685
7.12,4.88,3.3148,0.4091,0.00000,0.02665
7.38,4.88,2.4287,0.8661,0.00000,0.01956
2.62,5.12,2.3480,0.0590,0.00000,0.01786
2.88,5.12,3.2055,0.0272,0.00000,0.02394
3.12,5.12,3.2498,0.0066,0.00000,0.02254
3.38,5.12,3.3277,0.0015,0.00000,0.02142
3.62,5.12,3.1690,0.0014,0.00000,0.02012
3.88,5.12,3.1778,0.0017,0.00000,0.02012
4.12,5.12,2.8995,0.0014,0.00000,0.01902
4.38,5.12,2.8563,0.0010,0.00000,0.01935
4.62,5.12,2.7221,0.0008,0.00000,0.01824
4.88,5.12,2.7552,0.0013,0.00000,0.01763
5.12,5.12,3.0700,0.0025,0.00000,0.01921
5.38,5.12,3.1168,0.0042,0.00000,0.02013
5.62,5.12,3.3301,0.0053,0.00000,0.02205
5.88,5.12,3.2925,0.0044,0.00000,0.02220
6.12,5.12,3.4278,0.0049,0.00000,0.02341
6.38,5.12,3.3597,0.0110,0.00000,0.02327
6.62,5.12,3.4879,0.0285,0.00000,0.02472
6.88,5.12,3.3993,0.0558,0.00000,0.02532
7.12,5.12,3.3519,0.0839,0.00000,0.02600
7.38,5.12,2.4559,0.1117,0.00000,0.01921
2.62,5.38,2.3706,0.3380,0.00000,0.01614
2.88,5.38,3.2371,0.1567,0.00000,0.02175
3.12,5.38,3.2782,0.0395,0.00000,0.02084
3.38,5.38,3.3556,0.0085,0.00000,0.02025
3.62,5.38,3.2060,0.0030,0.00000,0.01926
3.88,5.38,3.2192,0.0019,0.00000,0.01934
4.12,5.38,2.9520,0.0017,0.00000,0.01898
4.38,5.38,2.9196,0.0016,0.00000,0.02015
4.62,5.38,2.7982,0.0020,0.00000,0.01892
4.88,5.38,2.8349,0.0040,0.00000,0.01801
5.12,5.38,3.1120,0.0075,0.00000,0.01949
5.38,5.38,3.1510,0.0116,0.00000,0.02115
5.62,5.38,3.3429,0.0143,0.00000,0.02351
5.88,5.38,3.3092,0.0159,0.00000,0.02279
6.12,5.38,3.4529,0.0206,0.00000,0.02296
6.38,5.38,3.3841,0.0320,0.00000,0.02251
6.62,5.38,3.5145,0.0585,0.00000,0.02413
6.88,5.38,3.4337,0.1092,0.00000,0.02562
7.12,5.38,3.3912,0.1761,0.00000,0.02679
7.38,5.38,2.4842,0.2429,0.00000,0.01976
2.62,5.62,2.3807,0.8891,0.00000,0.01472
2.88,5.62,3.2555,0.4172,0.00000,0.01998
3.12,5.62,3.3032,0.1118,0.00000,0.01958
3.38,5.62,3.3876,0.0257,0.00000,0.01956
3.62,5.62,3.2439,0.0081,0.00000,0.01916
3.88,5.62,3.2572,0.0056,0.00000,0.01954
4.12,5.62,3.0070,0.0051,0.00000,0.01833
4.38,5.62,2.9860,0.0039,0.00000,0.01854
4.62,5.62,2.8821,0.0048,0.00000,0.01807
4.88,5.62,2.9245,0.0092,0.00000,0.01831
5.12,5.62,3.1556,0.0166,0.00000,0.02007
5.38,5.62,3.1866,0.0253,0.00000,0.02216
5.62,5.62,3.3581,0.0353,0.00000,0.02490
5.88,5.62,3.3300,0.0484,0.00000,0.02388
6.12,5.62,3.4735,0.0597,0.00000,0.02334
6.38,5.62,3.4108,0.0705,0.00000,0.02242
6.62,5.62,3.5456,0.0942,0.00000,0.02394
6.88,5.62,3.4705,0.2181,0.00000,0.02598
7.12,5.62,3.4270,0.5704,0.00000,0.02747
7.38,5.62,2.5072,1.0373,0.00000,0.02022
2.62,5.88,2.3879,1.0976,0.00000,0.01372
2.88,5.88,3.2712,0.5263,0.00000,0.01874
3.12,5.88,3.3237,0.1540,0.00000,0.01862
3.38,5.88,3.4117,0.0397,0.00000,0.01894
3.62,5.88,3.2800,0.0125,0.00000,0.01921
3.88,5.88,3.3023,0.0101,0.00000,0.02007
4.12,5.88,3.0747,0.0098,0.00000,0.01792
4.38,5.88,3.0616,0.0078,0.00000,0.01686
4.62,5.88,2.9728,0.0094,0.00000,0.01688
4.88,5.88,3.0230,0.0150,0.00000,0.01771
5.12,5.88,3.2018,0.0241,0.00000,0.01892
5.38,5.88,3.2243,0.0387,0.00000,0.02017
5.62,5.88,3.3806,0.0639,0.00000,0.02244
5.88,5.88,3.3650,0.0991,0.00000,0.02281
6.12,5.88,3.5039,0.1226,0.00000,0.02346
6.38,5.88,3.4472,0.1383,0.00000,0.02304
6.62,5.88,3.5826,0.1696,0.00000,0.02473
6.88,5.88,3.5152,0.4197,0.00000,0.02687
7.12,5.88,3.4685,1.2322,0.00000,0.02856
7.38,5.88,2.5318,2.3461,0.00000,0.02108
2.62,6.12,2.4028,0.6812,0.00000,0.01351
2.88,6.12,3.2958,0.3541,0.00000,0.01848
3.12,6.12,3.3469,0.1318,0.00000,0.01824
3.38,6.12,3.4320,0.0443,0.00000,0.01821
3.62,6.12,3.3100,0.0155,0.00000,0.01823
3.88,6.12,3.3467,0.0134,0.00000,0.01906
4.12,6.12,3.1474,0.0137,0.00000,0.01730
4.38,6.12,3.1386,0.0137,0.00000,0.01628
4.62,6.12,3.0597,0.0191,0.00000,0.01642
4.88,6.12,3.1161,0.0271,0.00000,0.01733
5.12,6.12,3.2496,0.0365,0.00000,0.01790
5.38,6.12,3.2783,0.0541,0.00000,0.01845
5.62,6.12,3.4194,0.0904,0.00000,0.02032
5.88,6.12,3.4086,0.1447,0.00000,0.02218
6.12,6.12,3.5357,0.1903,0.00000,0.02427
6.38,6.12,3.4905,0.2314,0.00000,0.02455
6.62,6.12,3.6254,0.2957,0.00000,0.02629
6.88,6.12,3.5631,0.6546,0.00000,0.02725
7.12,6.12,3.5098,1.7667,0.00000,0.02791
7.38,6.12,2.5558,3.2673,0.00000,0.02045
2.62,6.38,2.4209,0.6570,0.00000,0.01408
2.88,6.38,3.3221,0.3881,0.00000,0.01925
3.12,6.38,3.3726,0.1916,0.00000,0.01872
3.38,6.38,3.4571,0.0818,0.00000,0.01819
3.62,6.38,3.3417,0.0319,0.00000,0.01794
3.88,6.38,3.3912,0.0259,0.00000,0.01880
4.12,6.38,3.2197,0.0269,0.00000,0.01733
4.38,6.38,3.2159,0.0281,0.00000,0.01629
4.62,6.38,3.1416,0.0379,0.00000,0.01635
4.88,6.38,3.2043,0.0514,0.00000,0.01730
5.12,6.38,3.3095,0.0658,0.00000,0.01778
5.38,6.38,3.3500,0.0863,0.00000,0.01855
5.62,6.38,3.4629,0.1234,0.00000,0.02057
5.88,6.38,3.4568,0.1875,0.00000,0.02347
6.12,6.38,3.5742,0.2540,0.00000,0.02653
6.38,6.38,3.5378,0.3271,0.00000,0.02679
6.62,6.38,3.6685,0.4637,0.00000,0.02798
6.88,6.38,3.6142,0.9265,0.00000,0.02752
7.12,6.38,3.5575,2.1769,0.00000,0.02682
7.38,6.38,2.5877,3.8189,0.00000,0.01941
2.62,6.62,2.4389,1.5874,0.00000,0.01481
2.88,6.62,3.3473,0.8915,0.00000,0.02031
3.12,6.62,3.3996,0.4079,0.00000,0.02002
3.38,6.62,3.4854,0.1815,0.00000,0.01957
3.62,6.62,3.3746,0.0847,0.00000,0.01918
3.88,6.62,3.4288,0.0638,0.00000,0.01990
4.12,6.62,3.2852,0.0623,0.00000,0.01814
4.38,6.62,3.3041,0.0587,0.00000,0.01672
4.62,6.62,3.2340,0.0679,0.00000,0.01653
4.88,6.62,3.2957,0.0890,0.00000,0.01737
5.12,6.62,3.3736,0.1173,0.00000,0.01810
5.38,6.62,3.4196,0.1478,0.00000,0.01949
5.62,6.62,3.5072,0.1905,0.00000,0.02189
5.88,6.62,3.5215,0.2687,0.00000,0.02585
6.12,6.62,3.6289,0.3576,0.00000,0.02985
6.38,6.62,3.5866,0.4673,0.00000,0.02990
6.62,6.62,3.7092,0.7021,0.00000,0.03062
6.88,6.62,3.6678,1.3043,0.00000,0.02935
7.12,6.62,3.6053,2.7402,0.00000,0.02754
7.38,6.62,2.6212,4.6075,0.00000,0.01969
2.62,6.88,2.4525,3.3732,0.00000,0.01547
2.88,6.88,3.3670,1.8072,0.00000,0.02122
3.12,6.88,3.4250,0.7524,0.00000,0.02148
3.38,6.88,3.5110,0.3482,0.00000,0.02137
3.62,6.88,3.4017,0.2015,0.00000,0.02017
3.88,6.88,3.4603,0.1422,0.00000,0.01983
4.12,6.88,3.3442,0.1190,0.00000,0.01825
4.38,6.88,3.3885,0.1080,0.00000,0.01734
4.62,6.88,3.3227,0.1198,0.00000,0.01746
4.88,6.88,3.3864,0.1487,0.00000,0.01850
5.12,6.88,3.4354,0.1913,0.00000,0.01922
5.38,6.88,3.4832,0.2411,0.00000,0.02084
5.62,6.88,3.5581,0.3022,0.00000,0.02366
5.88,6.88,3.5915,0.3969,0.00000,0.02820
6.12,6.88,3.6830,0.5090,0.00000,0.03269
6.38,6.88,3.6420,0.6614,0.00000,0.03372
6.62,6.88,3.7540,0.9842,0.00000,0.03553
6.88,6.88,3.7183,1.7501,0.00000,0.03369
7.12,6.88,3.6509,3.5124,0.00000,0.03021
7.38,6.88,2.6555,5.8058,0.00000,0.02117
2.62,7.12,2.4658,5.7135,0.00000,0.01622
2.88,7.12,3.3853,3.0390,0.00000,0.02194
3.12,7.12,3.4456,1.2604,0.00000,0.02206
3.38,7.12,3.5264,0.5993,0.00000,0.02181
3.62,7.12,3.4188,0.3569,0.00000,0.02051
3.88,7.12,3.4886,0.2358,0.00000,0.01973
4.12,7.12,3.3954,0.1767,0.00000,0.01865
4.38,7.12,3.4513,0.1664,0.00000,0.01851
4.62,7.12,3.3857,0.1932,0.00000,0.01905
4.88,7.12,3.4623,0.2294,0.00000,0.02054
5.12,7.12,3.4956,0.2814,0.00000,0.02106
5.38,7.12,3.5437,0.3581,0.00000,0.02233
5.62,7.12,3.6041,0.4451,0.00000,0.02532
5.88,7.12,3.6447,0.5431,0.00000,0.03000
6.12,7.12,3.7225,0.6692,0.00000,0.03457
6.38,7.12,3.7009,0.8771,0.00000,0.03753
6.62,7.12,3.8021,1.2904,0.00000,0.04157
6.88,7.12,3.7638,2.2250,0.00000,0.03891
7.12,7.12,3.6923,4.3553,0.00000,0.03329
7.38,7.12,2.6856,7.0984,0.00000,0.02278
2.62,7.38,2.4816,7.4246,0.00000,0.01650
2.88,7.38,3.4054,4.0722,0.00000,0.02237
3.12,7.38,3.4640,1.8521,0.00000,0.02269
3.38,7.38,3.5390,0.9111,0.00000,0.02252
3.62,7.38,3.4354,0.4893,0.00000,0.02140
3.88,7.38,3.5192,0.3180,0.00000,0.02076
4.12,7.38,3.4395,0.2462,0.00000,0.01982
4.38,7.38,3.5032,0.2334,0.00000,0.01996
4.62,7.38,3.4408,0.2663,0.00000,0.02057
4.88,7.38,3.5314,0.3123,0.00000,0.02237
5.12,7.38,3.5541,0.3826,0.00000,0.02298
5.38,7.38,3.5945,0.5013,0.00000,0.02429
5.62,7.38,3.6342,0.6325,0.00000,0.02724
5.88,7.38,3.6781,0.7265,0.00000,0.03143
6.12,7.38,3.7474,0.8514,0.00000,0.03583
6.38,7.38,3.7468,1.1377,0.00000,0.04118
6.62,7.38,3.8411,1.7128,0.00000,0.04747
6.88,7.38,3.8092,2.8807,0.00000,0.04330
7.12,7.38,3.7355,5.4113,0.00000,0.03525
7.38,7.38,2.7172,8.6222,0.00000,0.02363
2.62,7.62,2.4930,7.9133,0.00000,0.01695
2.88,7.62,3.4211,4.5565,0.00000,0.02329
3.12,7.62,3.4842,2.3332,0.00000,0.02433
3.38,7.62,3.5621,1.2306,0.00000,0.02483
3.62,7.62,3.4619,0.6460,0.00000,0.02334
3.88,7.62,3.5576,0.4347,0.00000,0.02223
4.12,7.62,3.4811,0.3572,0.00000,0.02084
4.38,7.62,3.5527,0.3273,0.00000,0.02094
4.62,7.62,3.5015,0.3550,0.00000,0.02203
4.88,7.62,3.6051,0.4214,0.00000,0.02455
5.12,7.62,3.6135,0.5241,0.00000,0.02537
5.38,7.62,3.6403,0.6838,0.00000,0.02752
5.62,7.62,3.6604,0.8615,0.00000,0.03091
5.88,7.62,3.7055,0.9485,0.00000,0.03356
6.12,7.62,3.7675,1.0603,0.00000,0.03660
6.38,7.62,3.7858,1.4395,0.00000,0.04462
6.62,7.62,3.8800,2.2502,0.00000,0.05383
6.88,7.62,3.8578,3.6970,0.00000,0.04849
7.12,7.62,3.7778,6.4917,0.00000,0.03783
7.38,7.62,2.7499,9.9234,0.00000,0.02482
2.62,7.88,2.5017,8.0803,0.00000,0.01855
2.88,7.88,3.4344,4.8494,0.00000,0.02560
3.12,7.88,3.5016,2.6988,0.00000,0.02707
3.38,7.88,3.5850,1.5272,0.00000,0.02809
3.62,7.88,3.4882,0.8420,0.00000,0.02559
3.88,7.88,3.5955,0.5661,0.00000,0.02338
4.12,7.88,3.5180,0.4631,0.00000,0.02145
4.38,7.88,3.5896,0.4425,0.00000,0.02179
4.62,7.88,3.5485,0.4941,0.00000,0.02376
4.88,7.88,3.6657,0.5873,0.00000,0.02739
5.12,7.88,3.6640,0.7225,0.00000,0.02892
5.38,7.88,3.6834,0.8884,0.00000,0.03222
5.62,7.88,3.6907,1.0774,0.00000,0.03594
5.88,7.88,3.7294,1.1769,0.00000,0.03710
6.12,7.88,3.7827,1.3192,0.00000,0.03905
6.38,7.88,3.8267,1.8049,0.00000,0.04956
6.62,7.88,3.9271,2.8114,0.00000,0.06235
6.88,7.88,3.9136,4.4304,0.00000,0.05724
7.12,7.88,3.8219,7.2179,0.00000,0.04370
7.38,7.88,2.7842,10.4252,0.00000,0.02805
2.62,8.12,2.5071,8.6771,0.00000,0.02118
2.88,8.12,3.4424,5.2742,0.00000,0.02933
3.12,8.12,3.5139,2.9855,0.00000,0.03135
3.38,8.12,3.6093,1.7589,0.00000,0.03289
3.62,8.12,3.5175,1.0213,0.00000,0.02891
3.88,8.12,3.6301,0.6773,0.00000,0.02553
4.12,8.12,3.5490,0.5461,0.00000,0.02325
4.38,8.12,3.6120,0.5746,0.00000,0.02368
4.62,8.12,3.5793,0.6741,0.00000,0.02535
4.88,8.12,3.7134,0.7744,0.00000,0.02916
5.12,8.12,3.7076,0.9290,0.00000,0.03260
5.38,8.12,3.7275,1.0946,0.00000,0.03804
5.62,8.12,3.7260,1.2932,0.00000,0.04188
5.88,8.12,3.7509,1.4424,0.00000,0.04181
6.12,8.12,3.7932,1.6823,0.00000,0.04389
6.38,8.12,3.8516,2.2932,0.00000,0.05717
6.62,8.12,3.9566,3.4356,0.00000,0.07413
6.88,8.12,3.9781,5.1386,0.00000,0.07033
7.12,8.12,3.8828,7.7793,0.00000,0.05267
7.38,8.12,2.8249,10.5223,0.00000,0.03258
2.62,8.38,2.5183,9.4561,0.00000,0.02413
2.88,8.38,3.4577,5.7492,0.00000,0.03383
3.12,8.38,3.5297,3.2378,0.00000,0.03772
3.38,8.38,3.6331,1.9849,0.00000,0.04106
3.62,8.38,3.5464,1.2394,0.00000,0.03602
3.88,8.38,3.6582,0.8499,0.00000,0.03159
4.12,8.38,3.5765,0.6943,0.00000,0.02815
4.38,8.38,3.6379,0.7560,0.00000,0.02755
4.62,8.38,3.6098,0.8805,0.00000,0.02742
4.88,8.38,3.7540,0.9749,0.00000,0.03033
5.12,8.38,3.7450,1.1447,0.00000,0.03593
5.38,8.38,3.7721,1.3426,0.00000,0.04383
5.62,8.38,3.7637,1.5954,0.00000,0.04821
5.88,8.38,3.7721,1.8141,0.00000,0.04755
6.12,8.38,3.7980,2.1673,0.00000,0.05022
6.38,8.38,3.8505,2.9050,0.00000,0.06587
6.62,8.38,3.9552,4.2256,0.00000,0.08742
6.88,8.38,4.0314,6.0561,0.00000,0.08546
7.12,8.38,3.9417,8.4558,0.00000,0.06190
7.38,8.38,2.8637,10.5622,0.00000,0.03626
2.62,8.62,2.5291,9.3895,0.00000,0.02695
2.88,8.62,3.4736,5.9610,0.00000,0.03844
3.12,8.62,3.5491,3.6236,0.00000,0.04499
3.38,8.62,3.6563,2.3513,0.00000,0.05093
3.62,8.62,3.5674,1.5300,0.00000,0.04548
3.88,8.62,3.6740,1.0983,0.00000,0.04039
4.12,8.62,3.5983,0.9300,0.00000,0.03540
4.38,8.62,3.6704,0.9993,0.00000,0.03336
4.62,8.62,3.6382,1.1319,0.00000,0.03104
4.88,8.62,3.7818,1.2346,0.00000,0.03282
5.12,8.62,3.7696,1.4301,0.00000,0.03957
5.38,8.62,3.8025,1.6684,0.00000,0.04888
5.62,8.62,3.7882,1.9776,0.00000,0.05404
5.88,8.62,3.7941,2.2690,0.00000,0.05428
6.12,8.62,3.8142,2.7423,0.00000,0.05812
6.38,8.62,3.8642,3.6148,0.00000,0.07591
6.62,8.62,3.9644,5.1843,0.00000,0.10285
6.88,8.62,4.0710,7.2321,0.00000,0.10186
7.12,8.62,3.9872,9.5111,0.00000,0.06996
7.38,8.62,2.9073,11.1462,0.00000,0.03818
2.62,8.88,2.5447,8.9453,0.00000,0.03028
2.88,8.88,3.4945,6.0897,0.00000,0.04378
3.12,8.88,3.5692,4.1096,0.00000,0.05312
3.38,8.88,3.6746,2.7784,0.00000,0.06189
3.62,8.88,3.5836,1.8224,0.00000,0.05607
3.88,8.88,3.6888,1.3819,0.00000,0.05034
4.12,8.88,3.6150,1.2535,0.00000,0.04444
4.38,8.88,3.6912,1.3289,0.00000,0.04160
4.62,8.88,3.6547,1.4626,0.00000,0.03724
4.88,8.88,3.8026,1.5972,0.00000,0.03777
5.12,8.88,3.7860,1.8467,0.00000,0.04399
5.38,8.88,3.8229,2.1182,0.00000,0.05315
5.62,8.88,3.8056,2.4518,0.00000,0.05914
5.88,8.88,3.8214,2.8173,0.00000,0.06157
6.12,8.88,3.8416,3.4386,0.00000,0.06637
6.38,8.88,3.8925,4.4577,0.00000,0.08561
6.62,8.88,3.9894,6.2703,0.00000,0.11759
6.88,8.88,4.1032,8.5585,0.00000,0.11720
7.12,8.88,4.0175,10.8942,0.00000,0.07671
7.38,8.88,2.9449,12.3528,0.00000,0.03867
2.62,9.12,2.5600,9.7407,0.00000,0.03428
2.88,9.12,3.5148,6.7408,0.00000,0.05020
3.12,9.12,3.5869,4.6266,0.00000,0.06320
3.38,9.12,3.6895,3.1649,0.00000,0.07617
3.62,9.12,3.5959,2.1193,0.00000,0.07008
3.88,9.12,3.6971,1.7266,0.00000,0.06301
4.12,9.12,3.6194,1.6760,0.00000,0.05606
4.38,9.12,3.6949,1.7536,0.00000,0.05257
4.62,9.12,3.6579,1.8966,0.00000,0.04563
4.88,9.12,3.8132,2.1015,0.00000,0.04466
5.12,9.12,3.7998,2.4384,0.00000,0.05009
5.38,9.12,3.8553,2.7430,0.00000,0.05833
5.62,9.12,3.8344,3.0857,0.00000,0.06376
5.88,9.12,3.8483,3.5025,0.00000,0.06808
6.12,9.12,3.8630,4.2642,0.00000,0.07378
6.38,9.12,3.9169,5.4471,0.00000,0.09467
6.62,9.12,4.0113,7.4849,0.00000,0.13083
6.88,9.12,4.1340,10.0206,0.00000,0.13128
7.12,9.12,4.0474,12.5255,0.00000,0.08332
7.38,9.12,2.9808,13.9802,0.00000,0.03926
2.62,9.38,2.5727,12.0503,0.00000,0.03887
2.88,9.38,3.5307,8.1687,0.00000,0.05767
3.12,9.38,3.6033,5.4345,0.00000,0.07601
3.38,9.38,3.7039,3.7318,0.00000,0.09521
3.62,9.38,3.6067,2.5907,0.00000,0.08910
3.88,9.38,3.7037,2.1931,0.00000,0.08028
4.12,9.38,3.6223,2.1632,0.00000,0.07069
4.38,9.38,3.7016,2.2418,0.00000,0.06506
4.62,9.38,3.6647,2.4276,0.00000,0.05513
4.88,9.38,3.8127,2.7190,0.00000,0.05264
5.12,9.38,3.8013,3.1576,0.00000,0.05790
5.38,9.38,3.8867,3.5325,0.00000,0.06594
5.62,9.38,3.8655,3.8986,0.00000,0.06967
5.88,9.38,3.8667,4.3603,0.00000,0.07524
6.12,9.38,3.8707,5.2727,0.00000,0.08311
6.38,9.38,3.9368,6.6518,0.00000,0.10833
6.62,9.38,4.0336,8.8894,0.00000,0.14922
6.88,9.38,4.1656,11.6179,0.00000,0.14811
7.12,9.38,4.0715,14.2373,0.00000,0.09133
7.38,9.38,3.0119,15.5793,0.00000,0.04125
2.62,9.62,2.5868,14.1677,0.00000,0.04612
2.88,9.62,3.5464,9.5273,0.00000,0.06833
3.12,9.62,3.6180,6.2311,0.00000,0.09195
3.38,9.62,3.7112,4.3511,0.00000,0.11709
3.62,9.62,3.6182,3.1527,0.00000,0.11168
3.88,9.62,3.7274,2.7111,0.00000,0.10302
4.12,9.62,3.6466,2.6735,0.00000,0.08854
4.38,9.62,3.7247,2.7952,0.00000,0.07785
4.62,9.62,3.6819,3.0796,0.00000,0.06487
4.88,9.62,3.8135,3.4706,0.00000,0.06156
5.12,9.62,3.7982,4.0183,0.00000,0.06763
5.38,9.62,3.8973,4.4551,0.00000,0.07706
5.62,9.62,3.8755,4.8353,0.00000,0.07955
5.88,9.62,3.8822,5.3839,0.00000,0.08604
6.12,9.62,3.8820,6.4776,0.00000,0.09539
6.38,9.62,3.9437,8.0512,0.00000,0.12363
6.62,9.62,4.0382,10.4859,0.00000,0.16812
6.88,9.62,4.2020,13.3545,0.00000,0.16563
7.12,9.62,4.1104,15.9212,0.00000,0.10015
7.38,9.62,3.0560,16.9047,0.00000,0.04369
2.62,9.88,2.5963,15.0020,0.00000,0.05517
2.88,9.88,3.5577,10.1923,0.00000,0.08107
3.12,9.88,3.6318,6.7076,0.00000,0.10987
3.38,9.88,3.7213,4.8437,0.00000,0.14101
3.62,9.88,3.6332,3.6880,0.00000,0.13724
3.88,9.88,3.7496,3.2702,0.00000,0.13002
4.12,9.88,3.6701,3.2988,0.00000,0.11012
4.38,9.88,3.7485,3.5375,0.00000,0.09390
4.62,9.88,3.7020,3.9776,0.00000,0.07735
4.88,9.88,3.8258,4.4873,0.00000,0.07294
5.12,9.88,3.8028,5.1382,0.00000,0.07990
5.38,9.88,3.8904,5.5600,0.00000,0.09107
5.62,9.88,3.8673,5.9189,0.00000,0.09285
5.88,9.88,3.8941,6.5767,0.00000,0.10000
6.12,9.88,3.8914,7.8363,0.00000,0.10917
6.38,9.88,3.9435,9.5552,0.00000,0.13817
6.62,9.88,4.0357,12.1865,0.00000,0.18626
6.88,9.88,4.2316,15.1901,0.00000,0.18559
7.12,9.88,4.1404,17.6690,0.00000,0.11072
7.38,9.88,3.0954,18.3049,0.00000,0.04567
2.62,10.12,2.6066,15.3806,0.00000,0.06470
2.88,10.12,3.5720,10.5608,0.00000,0.09517
3.12,10.12,3.6458,7.0183,0.00000,0.13042
3.38,10.12,3.7338,5.3203,0.00000,0.16902
3.62,10.12,3.6475,4.3362,0.00000,0.16613
3.88,10.12,3.7637,4.0014,0.00000,0.15868
4.12,10.12,3.6842,4.1178,0.00000,0.13417
4.38,10.12,3.7591,4.4693,0.00000,0.11435
4.62,10.12,3.7110,5.0643,0.00000,0.09419
4.88,10.12,3.8366,5.6618,0.00000,0.08807
5.12,10.12,3.8080,6.3876,0.00000,0.09492
5.38,10.12,3.8850,6.8117,0.00000,0.10669
5.62,10.12,3.8596,7.1533,0.00000,0.10759
5.88,10.12,3.8987,7.8937,0.00000,0.11515
6.12,10.12,3.8932,9.3207,0.00000,0.12326
6.38,10.12,3.9408,11.1568,0.00000,0.15220
6.62,10.12,4.0302,13.9360,0.00000,0.20470
6.88,10.12,4.2568,17.1151,0.00000,0.20826
7.12,10.12,4.1733,19.7124,0.00000,0.12314
7.38,10.12,3.1454,20.2905,0.00000,0.04780
2.62,10.38,2.6117,15.7781,0.00000,0.07423
2.88,10.38,3.5794,10.8917,0.00000,0.10970
3.12,10.38,3.6548,7.2583,0.00000,0.15050
3.38,10.38,3.7455,5.7407,0.00000,0.19548
3.62,10.38,3.6558,4.9601,0.00000,0.19337
3.88,10.38,3.7687,4.7694,0.00000,0.18603
4.12,10.38,3.6934,4.9944,0.00000,0.15880
4.38,10.38,3.7669,5.4063,0.00000,0.13696
4.62,10.38,3.7152,6.1287,0.00000,0.11326
4.88,10.38,3.8403,6.8084,0.00000,0.10486
5.12,10.38,3.8111,7.6059,0.00000,0.11041
5.38,10.38,3.8973,8.1156,0.00000,0.12215
5.62,10.38,3.8690,8.4799,0.00000,0.12214
5.88,10.38,3.9034,9.2735,0.00000,0.12954
6.12,10.38,3.8905,10.8709,0.00000,0.13574
6.38,10.38,3.9335,12.8182,0.00000,0.16366
6.62,10.38,4.0247,15.7264,0.00000,0.21911
6.88,10.38,4.2851,19.0717,0.00000,0.22634
7.12,10.38,4.2050,21.7814,0.00000,0.13334
7.38,10.38,3.1886,22.2535,0.00000,0.04978
2.62,10.62,2.6209,16.9505,0.00000,0.08636
2.88,10.62,3.5853,11.6793,0.00000,0.12730
3.12,10.62,3.6595,7.7449,0.00000,0.17243
3.38,10.62,3.7575,6.2622,0.00000,0.22282
3.62,10.62,3.6690,5.5953,0.00000,0.22190
3.88,10.62,3.7790,5.5852,0.00000,0.21488
4.12,10.62,3.7037,5.9692,0.00000,0.18462
4.38,10.62,3.7776,6.3814,0.00000,0.16024
4.62,10.62,3.7250,7.1686,0.00000,0.13311
4.88,10.62,3.8460,7.9851,0.00000,0.12218
5.12,10.62,3.8150,8.9366,0.00000,0.12398
5.38,10.62,3.9077,9.5255,0.00000,0.13365
5.62,10.62,3.8754,9.8457,0.00000,0.13379
5.88,10.62,3.9070,10.6588,0.00000,0.14244
6.12,10.62,3.8898,12.4392,0.00000,0.14741
6.38,10.62,3.9355,14.5329,0.00000,0.17499
6.62,10.62,4.0266,17.5539,0.00000,0.23084
6.88,10.62,4.3014,21.0144,0.00000,0.23735
7.12,10.62,4.2262,23.8128,0.00000,0.13876
7.38,10.62,3.2333,24.1186,0.00000,0.05079
2.62,10.88,2.6276,19.2913,0.00000,0.10169
2.88,10.88,3.5870,13.2224,0.00000,0.14935
3.12,10.88,3.6661,8.7464,0.00000,0.19867
3.38,10.88,3.7786,7.1135,0.00000,0.25350
3.62,10.88,3.6890,6.4195,0.00000,0.25267
3.88,10.88,3.7922,6.5114,0.00000,0.24500
4.12,10.88,3.7191,7.0330,0.00000,0.20895
4.38,10.88,3.7969,7.4270,0.00000,0.17963
4.62,10.88,3.7405,8.2551,0.00000,0.15102
4.88,10.88,3.8464,9.2474,0.00000,0.14039
5.12,10.88,3.8113,10.4317,0.00000,0.13886
5.38,10.88,3.9031,11.0803,0.00000,0.14519
5.62,10.88,3.8698,11.2745,0.00000,0.14463
5.88,10.88,3.9077,11.9994,0.00000,0.15372
6.12,10.88,3.8879,13.9133,0.00000,0.15738
6.38,10.88,3.9410,16.2791,0.00000,0.18611
6.62,10.88,4.0317,19.4962,0.00000,0.24162
6.88,10.88,4.3036,23.0982,0.00000,0.24366
7.12,10.88,4.2291,26.0222,0.00000,0.14054
7.38,10.88,3.2671,26.2241,0.00000,0.05099
2.62,11.12,2.6344,20.8685,0.00000,0.11923
2.88,11.12,3.5931,14.8876,0.00000,0.17486
3.12,11.12,3.6729,10.4773,0.00000,0.22735
3.38,11.12,3.7911,8.4926,0.00000,0.28377
3.62,11.12,3.7040,7.4364,0.00000,0.28424
3.88,11.12,3.8027,7.4378,0.00000,0.28067
4.12,11.12,3.7296,8.0042,0.00000,0.23717
4.38,11.12,3.8115,8.4698,0.00000,0.19989
4.62,11.12,3.7558,9.4119,0.00000,0.16999
4.88,11.12,3.8491,10.4727,0.00000,0.16068
5.12,11.12,3.8100,11.8068,0.00000,0.15660
5.38,11.12,3.8988,12.6075,0.00000,0.15958
5.62,11.12,3.8649,12.7744,0.00000,0.15488
5.88,11.12,3.9065,13.4113,0.00000,0.15997
6.12,11.12,3.8869,15.4631,0.00000,0.16190
6.38,11.12,3.9448,18.1327,0.00000,0.19105
6.62,11.12,4.0298,21.5504,0.00000,0.24496
6.88,11.12,4.3054,25.3386,0.00000,0.24509
7.12,11.12,4.2388,28.4967,0.00000,0.14107
7.38,11.12,3.3044,28.7381,0.00000,0.05138
2.62,11.38,2.6392,21.3371,0.00000,0.13837
2.88,11.38,3.5959,16.3644,0.00000,0.20264
3.12,11.38,3.6754,12.6340,0.00000,0.25792
3.38,11.38,3.7929,10.2166,0.00000,0.31579
3.62,11.38,3.7082,8.5914,0.00000,0.31902
3.88,11.38,3.8101,8.3763,0.00000,0.32095
4.12,11.38,3.7410,8.9257,0.00000,0.27008
4.38,11.38,3.8205,9.5477,0.00000,0.22498
4.62,11.38,3.7644,10.6652,0.00000,0.19100
4.88,11.38,3.8580,11.6510,0.00000,0.17887
5.12,11.38,3.8192,12.9618,0.00000,0.17195
5.38,11.38,3.9060,13.9849,0.00000,0.17401
5.62,11.38,3.8697,14.2733,0.00000,0.16402
5.88,11.38,3.9038,14.9848,0.00000,0.16226
6.12,11.38,3.8822,17.2869,0.00000,0.16149
6.38,11.38,3.9478,20.1687,0.00000,0.18782
6.62,11.38,4.0315,23.6893,0.00000,0.23848
6.88,11.38,4.3145,27.6261,0.00000,0.24212
7.12,11.38,4.2505,31.0896,0.00000,0.14112
7.38,11.38,3.3337,31.5193,0.00000,0.05142
2.62,11.62,2.6486,23.5387,0.00000,0.15932
2.88,11.62,3.6025,18.2142,0.00000,0.23247
3.12,11.62,3.6807,14.2465,0.00000,0.28923
3.38,11.62,3.7944,11.4653,0.00000,0.34860
3.62,11.62,3.7112,9.5408,0.00000,0.35371
3.88,11.62,3.8196,9.2874,0.00000,0.35766
4.12,11.62,3.7494,9.9284,0.00000,0.29986
4.38,11.62,3.8145,10.7391,0.00000,0.25001
4.62,11.62,3.7612,12.0504,0.00000,0.21227
4.88,11.62,3.8674,12.9489,0.00000,0.19516
5.12,11.62,3.8281,14.1625,0.00000,0.18546
5.38,11.62,3.9137,15.2930,0.00000,0.18803
5.62,11.62,3.8719,15.6862,0.00000,0.17221
5.88,11.62,3.8929,16.6507,0.00000,0.16312
6.12,11.62,3.8701,19.2957,0.00000,0.16120
6.38,11.62,3.9508,22.2491,0.00000,0.18651
6.62,11.62,4.0365,25.7793,0.00000,0.23148
6.88,11.62,4.3204,29.8803,0.00000,0.23285
7.12,11.62,4.2599,33.7484,0.00000,0.13559
7.38,11.62,3.3746,34.4685,0.00000,0.04949
2.62,11.88,2.6564,26.5073,0.00000,0.18242
2.88,11.88,3.6162,19.9596,0.00000,0.26427
3.12,11.88,3.6923,15.1150,0.00000,0.32034
3.38,11.88,3.7955,12.1597,0.00000,0.37943
3.62,11.88,3.7108,10.2895,0.00000,0.38406
3.88,11.88,3.8202,10.1798,0.00000,0.38673
4.12,11.88,3.7520,10.9686,0.00000,0.32238
4.38,11.88,3.8121,11.9457,0.00000,0.26947
4.62,11.88,3.7585,13.4686,0.00000,0.22946
4.88,11.88,3.8665,14.3772,0.00000,0.20900
5.12,11.88,3.8258,15.5493,0.00000,0.19790
5.38,11.88,3.9172,16.6794,0.00000,0.20069
5.62,11.88,3.8740,17.1095,0.00000,0.17907
5.88,11.88,3.8982,18.3411,0.00000,0.16368
6.12,11.88,3.8764,21.2818,0.00000,0.16158
6.38,11.88,3.9581,24.2279,0.00000,0.18700
6.62,11.88,4.0411,27.7281,0.00000,0.22523
6.88,11.88,4.3197,32.0814,0.00000,0.22043
7.12,11.88,4.2571,36.4969,0.00000,0.12733
7.38,11.88,3.4131,37.6072,0.00000,0.04729
2.62,12.12,2.6617,27.9080,0.00000,0.20416
2.88,12.12,3.6280,20.9584,0.00000,0.29288
3.12,12.12,3.7030,15.7969,0.00000,0.34575
3.38,12.12,3.7962,13.0085,0.00000,0.40339
3.62,12.12,3.7183,11.4113,0.00000,0.41009
3.88,12.12,3.8377,11.3018,0.00000,0.41402
4.12,12.12,3.7693,12.0372,0.00000,0.34183
4.38,12.12,3.8186,13.1025,0.00000,0.28181
4.62,12.12,3.7590,14.8021,0.00000,0.24055
4.88,12.12,3.8522,15.8071,0.00000,0.22116
5.12,12.12,3.8107,17.0655,0.00000,0.20712
5.38,12.12,3.9207,18.1723,0.00000,0.20646
5.62,12.12,3.8828,18.6190,0.00000,0.18199
5.88,12.12,3.9143,20.1234,0.00000,0.16462
6.12,12.12,3.8860,23.2867,0.00000,0.16130
6.38,12.12,3.9542,26.1486,0.00000,0.18210
6.62,12.12,4.0279,29.5847,0.00000,0.21105
6.88,12.12,4.3126,34.2696,0.00000,0.20454
7.12,12.12,4.2575,39.3599,0.00000,0.11926
7.38,12.12,3.4557,40.9606,0.00000,0.04539
2.62,12.38,2.6679,28.5389,0.00000,0.22328
2.88,12.38,3.6333,21.8065,0.00000,0.31752
3.12,12.38,3.7095,16.7803,0.00000,0.36780
3.38,12.38,3.7976,14.1703,0.00000,0.42488
3.62,12.38,3.7257,12.7607,0.00000,0.43363
3.88,12.38,3.8581,12.4875,0.00000,0.43848
4.12,12.38,3.7916,13.1039,0.00000,0.35602
4.38,12.38,3.8275,14.3451,0.00000,0.28530
4.62,12.38,3.7581,16.2463,0.00000,0.24321
4.88,12.38,3.8319,17.3428,0.00000,0.22732
5.12,12.38,3.7920,18.7573,0.00000,0.21008
5.38,12.38,3.9132,19.8700,0.00000,0.20397
5.62,12.38,3.8796,20.3371,0.00000,0.17994
5.88,12.38,3.9207,22.1136,0.00000,0.16513
6.12,12.38,3.8859,25.4537,0.00000,0.15984
6.38,12.38,3.9485,28.1400,0.00000,0.17374
6.62,12.38,4.0200,31.5094,0.00000,0.19386
6.88,12.38,4.3158,36.5611,0.00000,0.18752
7.12,12.38,4.2657,42.2850,0.00000,0.11075
7.38,12.38,3.5012,44.3109,0.00000,0.04248
2.62,12.62,2.6782,30.1188,0.00000,0.23741
2.88,12.62,3.6348,23.2887,0.00000,0.33609
3.12,12.62,3.7122,18.1784,0.00000,0.38708
3.38,12.62,3.7992,15.4233,0.00000,0.44475
3.62,12.62,3.7246,13.9604,0.00000,0.45060
3.88,12.62,3.8611,13.4979,0.00000,0.45184
4.12,12.62,3.8011,14.0927,0.00000,0.36275
4.38,12.62,3.8315,15.6357,0.00000,0.28665
4.62,12.62,3.7568,17.8283,0.00000,0.24385
4.88,12.62,3.8261,19.0945,0.00000,0.22928
5.12,12.62,3.7842,20.7307,0.00000,0.20886
5.38,12.62,3.8977,21.9127,0.00000,0.19808
5.62,12.62,3.8643,22.4438,0.00000,0.17571
5.88,12.62,3.9222,24.3783,0.00000,0.16430
6.12,12.62,3.8912,27.8144,0.00000,0.15707
6.38,12.62,3.9608,30.2889,0.00000,0.16554
6.62,12.62,4.0288,33.5543,0.00000,0.17949
6.88,12.62,4.3180,38.9422,0.00000,0.17268
7.12,12.62,4.2716,45.2635,0.00000,0.10278
7.38,12.62,3.5492,47.6385,0.00000,0.03957
2.62,12.88,2.6958,32.1925,0.00000,0.25377
2.88,12.88,3.6371,25.0921,0.00000,0.35657
3.12,12.88,3.7086,19.7759,0.00000,0.40544
3.38,12.88,3.7980,16.8065,0.00000,0.46089
3.62,12.88,3.7261,15.2735,0.00000,0.46516
3.88,12.88,3.8656,14.5751,0.00000,0.46510
4.12,12.88,3.8097,15.0625,0.00000,0.37008
4.38,12.88,3.8354,16.7147,0.00000,0.28873
4.62,12.88,3.7582,19.1050,0.00000,0.24402
4.88,12.88,3.8275,20.6806,0.00000,0.22867
5.12,12.88,3.7833,22.6651,0.00000,0.20570
5.38,12.88,3.8963,24.0429,0.00000,0.19240
5.62,12.88,3.8591,24.7299,0.00000,0.17034
5.88,12.88,3.9196,26.7366,0.00000,0.15922
6.12,12.88,3.8930,30.2654,0.00000,0.14976
6.38,12.88,3.9771,32.6990,0.00000,0.15462
6.62,12.88,4.0401,35.9194,0.00000,0.16418
6.88,12.88,4.3116,41.5157,0.00000,0.15626
7.12,12.88,4.2643,48.3299,0.00000,0.09355
7.38,12.88,3.5802,51.0053,0.00000,0.03686
2.62,13.12,2.7029,33.4168,0.00000,0.26613
2.88,13.12,3.6291,26.6188,0.00000,0.37311
3.12,13.12,3.7012,21.4775,0.00000,0.42373
3.38,13.12,3.8016,18.3110,0.00000,0.47913
3.62,13.12,3.7345,16.6612,0.00000,0.47742
3.88,13.12,3.8719,15.7758,0.00000,0.47234
4.12,13.12,3.8160,16.1503,0.00000,0.37423
4.38,13.12,3.8392,17.6857,0.00000,0.29058
4.62,13.12,3.7614,20.1161,0.00000,0.24388
4.88,13.12,3.8214,22.0503,0.00000,0.22573
5.12,13.12,3.7765,24.4331,0.00000,0.19893
5.38,13.12,3.9069,25.9027,0.00000,0.18327
5.62,13.12,3.8687,26.6643,0.00000,0.16107
5.88,13.12,3.9141,28.8305,0.00000,0.14866
6.12,13.12,3.8823,32.6080,0.00000,0.13756
6.38,13.12,3.9787,35.2647,0.00000,0.14061
6.62,13.12,4.0415,38.5956,0.00000,0.14734
6.88,13.12,4.3111,44.3462,0.00000,0.13845
7.12,13.12,4.2671,51.6564,0.00000,0.08326
7.38,13.12,3.6169,54.8130,0.00000,0.03391
2.62,13.38,2.7171,33.1692,0.00000,0.27412
2.88,13.38,3.6310,27.4762,0.00000,0.38442
3.12,13.38,3.6998,23.0199,0.00000,0.43633
3.38,13.38,3.8007,19.6669,0.00000,0.49093
3.62,13.38,3.7411,17.7793,0.00000,0.48549
3.88,13.38,3.8771,16.7696,0.00000,0.47691
4.12,13.38,3.8158,17.1456,0.00000,0.37643
4.38,13.38,3.8360,18.6781,0.00000,0.29152
4.62,13.38,3.7611,21.2312,0.00000,0.24414
4.88,13.38,3.8157,23.5797,0.00000,0.22376
5.12,13.38,3.7741,26.4135,0.00000,0.19250
5.38,13.38,3.9221,27.7830,0.00000,0.17359
5.62,13.38,3.8835,28.4296,0.00000,0.15046
5.88,13.38,3.9169,30.7314,0.00000,0.13681
6.12,13.38,3.8810,34.7208,0.00000,0.12593
6.38,13.38,3.9771,37.6406,0.00000,0.12772
6.62,13.38,4.0339,41.2371,0.00000,0.12997
6.88,13.38,4.3033,47.3324,0.00000,0.11976
7.12,13.38,4.2639,55.2751,0.00000,0.07257
7.38,13.38,3.6693,59.0398,0.00000,0.03067
2.62,13.62,2.7265,32.1717,0.00000,0.27340
2.88,13.62,3.6226,27.4064,0.00000,0.38487
3.12,13.62,3.6986,23.4937,0.00000,0.43899
3.38,13.62,3.8036,20.3297,0.00000,0.49422
3.62,13.62,3.7432,18.5932,0.00000,0.48708
3.88,13.62,3.8655,17.6262,0.00000,0.47429
4.12,13.62,3.8043,18.0986,0.00000,0.37155
4.38,13.62,3.8342,19.7333,0.00000,0.28624
4.62,13.62,3.7650,22.4528,0.00000,0.23955
4.88,13.62,3.8220,25.2231,0.00000,0.21894
5.12,13.62,3.7789,28.5656,0.00000,0.18538
5.38,13.62,3.9255,29.9187,0.00000,0.16407
5.62,13.62,3.8874,30.4762,0.00000,0.14096
5.88,13.62,3.9267,32.7027,0.00000,0.12742
6.12,13.62,3.8880,36.6165,0.00000,0.11681
6.38,13.62,3.9786,39.6373,0.00000,0.11620
6.62,13.62,4.0262,43.5781,0.00000,0.11282
6.88,13.62,4.2847,50.3170,0.00000,0.10124
7.12,13.62,4.2528,58.9472,0.00000,0.06207
7.38,13.62,3.7392,63.1030,0.00000,0.02744
2.62,13.88,2.7505,31.1493,0.00000,0.27137
2.88,13.88,3.6390,26.6269,0.00000,0.38304
3.12,13.88,3.7057,22.7333,0.00000,0.43706
3.38,13.88,3.7917,20.2263,0.00000,0.49044
3.62,13.88,3.7310,19.2785,0.00000,0.48137
3.88,13.88,3.8544,18.6571,0.00000,0.46553
4.12,13.88,3.7962,19.3236,0.00000,0.36221
4.38,13.88,3.8323,21.0040,0.00000,0.27702
4.62,13.88,3.7715,23.8224,0.00000,0.23029
4.88,13.88,3.8395,26.7579,0.00000,0.20916
5.12,13.88,3.7912,30.3451,0.00000,0.17472
5.38,13.88,3.9212,31.7865,0.00000,0.15189
5.62,13.88,3.8758,32.4289,0.00000,0.12986
5.88,13.88,3.9232,34.7069,0.00000,0.11771
6.12,13.88,3.8853,38.5869,0.00000,0.10785
6.38,13.88,3.9822,41.5937,0.00000,0.10550
6.62,13.88,4.0207,45.9152,0.00000,0.09789
6.88,13.88,4.2547,53.6118,0.00000,0.08505
7.12,13.88,4.2314,63.0470,0.00000,0.05267
7.38,13.88,3.8134,67.4026,0.00000,0.02463
2.62,14.12,2.7582,30.2324,0.00000,0.26618
2.88,14.12,3.6518,25.6963,0.00000,0.37597
3.12,14.12,3.7173,21.6127,0.00000,0.43068
3.38,14.12,3.7947,19.7613,0.00000,0.48383
3.62,14.12,3.7246,19.6512,0.00000,0.46718
3.88,14.12,3.8386,19.6091,0.00000,0.44379
4.12,14.12,3.7864,20.6876,0.00000,0.34469
4.38,14.12,3.8278,22.4711,0.00000,0.26391
4.62,14.12,3.7722,25.3549,0.00000,0.21769
4.88,14.12,3.8499,28.0135,0.00000,0.19627
5.12,14.12,3.8028,31.4196,0.00000,0.16293
5.38,14.12,3.9251,33.0913,0.00000,0.14020
5.62,14.12,3.8712,34.0822,0.00000,0.11858
5.88,14.12,3.9222,36.6996,0.00000,0.10660
6.12,14.12,3.8782,40.7646,0.00000,0.09663
6.38,14.12,3.9783,43.7776,0.00000,0.09280
6.62,14.12,4.0088,48.6050,0.00000,0.08345
6.88,14.12,4.2223,57.4974,0.00000,0.07075
7.12,14.12,4.2102,67.9079,0.00000,0.04436
7.38,14.12,3.8869,72.6010,0.00000,0.02221
2.62,14.38,2.7639,30.1671,0.00000,0.25833
2.88,14.38,3.6537,25.5819,0.00000,0.36356
3.12,14.38,3.7187,21.2816,0.00000,0.41894
3.38,14.38,3.8062,19.4396,0.00000,0.47526
3.62,14.38,3.7350,19.5154,0.00000,0.45140
3.88,14.38,3.8326,20.1065,0.00000,0.41812
4.12,14.38,3.7784,21.7921,0.00000,0.32262
4.38,14.38,3.8196,23.6765,0.00000,0.24639
4.62,14.38,3.7669,26.5353,0.00000,0.20168
4.88,14.38,3.8481,28.8001,0.00000,0.18089
5.12,14.38,3.8099,31.9628,0.00000,0.14971
5.38,14.38,3.9393,34.0932,0.00000,0.12779
5.62,14.38,3.8779,35.6467,0.00000,0.10665
5.88,14.38,3.9329,38.6189,0.00000,0.09469
6.12,14.38,3.8781,42.9791,0.00000,0.08419
6.38,14.38,3.9656,46.1982,0.00000,0.07874
6.62,14.38,3.9866,51.6516,0.00000,0.06915
6.88,14.38,4.1985,61.8111,0.00000,0.05796
7.12,14.38,4.1983,73.4557,0.00000,0.03718
7.38,14.38,3.9536,78.9141,0.00000,0.02018
2.62,14.62,2.7694,30.0867,0.00000,0.24800
2.88,14.62,3.6530,26.1316,0.00000,0.34914
3.12,14.62,3.7214,22.1338,0.00000,0.40447
3.38,14.62,3.8123,19.9269,0.00000,0.45991
3.62,14.62,3.7404,19.6310,0.00000,0.42958
3.88,14.62,3.8269,20.3749,0.00000,0.39006
4.12,14.62,3.7723,22.3172,0.00000,0.30055
4.38,14.62,3.8146,24.2627,0.00000,0.23058
4.62,14.62,3.7684,27.1985,0.00000,0.18698
4.88,14.62,3.8454,29.3556,0.00000,0.16529
5.12,14.62,3.8190,32.4418,0.00000,0.13623
5.38,14.62,3.9546,34.9677,0.00000,0.11586
5.62,14.62,3.8840,37.0582,0.00000,0.09606
5.88,14.62,3.9414,40.3459,0.00000,0.08434
6.12,14.62,3.8712,45.1895,0.00000,0.07204
6.38,14.62,3.9455,49.1140,0.00000,0.06429
6.62,14.62,3.9615,55.4847,0.00000,0.05534
6.88,14.62,4.1826,66.7996,0.00000,0.04622
7.12,14.62,4.1949,79.7620,0.00000,0.03053
7.38,14.62,4.0488,86.3434,0.00000,0.01797
2.62,14.88,2.7948,30.1416,0.00000,0.23764
2.88,14.88,3.6847,26.8006,0.00000,0.33545
3.12,14.88,3.7454,23.2236,0.00000,0.38856
3.38,14.88,3.8002,20.9924,0.00000,0.43803
3.62,14.88,3.7297,20.5748,0.00000,0.40289
3.88,14.88,3.8175,21.0523,0.00000,0.36062
4.12,14.88,3.7629,22.7539,0.00000,0.27653
4.38,14.88,3.8024,24.6609,0.00000,0.21181
4.62,14.88,3.7722,27.7788,0.00000,0.17147
4.88,14.88,3.8477,30.0490,0.00000,0.15054
5.12,14.88,3.8300,33.1274,0.00000,0.12362
5.38,14.88,3.9530,35.6597,0.00000,0.10469
5.62,14.88,3.8807,37.8968,0.00000,0.08610
5.88,14.88,3.9458,41.3618,0.00000,0.07448
6.12,14.88,3.8595,46.7896,0.00000,0.06160
6.38,14.88,3.9246,52.0154,0.00000,0.05288
6.62,14.88,3.9260,59.8832,0.00000,0.04365
6.88,14.88,4.1401,72.4197,0.00000,0.03524
7.12,14.88,4.1699,87.0235,0.00000,0.02399
7.38,14.88,4.2028,95.3936,0.00000,0.01567
2.62,15.12,2.8168,31.4030,0.00000,0.22962
2.88,15.12,3.7102,27.7916,0.00000,0.32150
3.12,15.12,3.7684,24.0441,0.00000,0.36766
3.38,15.12,3.7897,21.8727,0.00000,0.40909
3.62,15.12,3.7195,21.6024,0.00000,0.37214
3.88,15.12,3.7980,21.9856,0.00000,0.32966
4.12,15.12,3.7548,23.4465,0.00000,0.25176
4.38,15.12,3.8027,25.0251,0.00000,0.19188
4.62,15.12,3.7819,28.0703,0.00000,0.15566
4.88,15.12,3.8461,30.5993,0.00000,0.13673
5.12,15.12,3.8338,33.7134,0.00000,0.11171
5.38,15.12,3.9328,36.0202,0.00000,0.09351
5.62,15.12,3.8896,38.1353,0.00000,0.07656
5.88,15.12,3.9687,41.5681,0.00000,0.06567
6.12,15.12,3.8588,47.2205,0.00000,0.05298
6.38,15.12,3.9090,53.5229,0.00000,0.04389
6.62,15.12,3.8779,62.7013,0.00000,0.03465
6.88,15.12,4.0662,76.2446,0.00000,0.02710
7.12,15.12,4.1218,92.5270,0.00000,0.01921
7.38,15.12,4.3887,102.2253,0.00000,0.01420
2.62,15.38,2.8470,32.8509,0.00000,0.22261
2.88,15.38,3.7317,28.8230,0.00000,0.30870
3.12,15.38,3.7879,24.7717,0.00000,0.34703
3.38,15.38,3.7920,22.4412,0.00000,0.38021
3.62,15.38,3.7195,22.1393,0.00000,0.34372
3.88,15.38,3.7766,22.4952,0.00000,0.30308
4.12,15.38,3.7456,23.7783,0.00000,0.23070
4.38,15.38,3.8044,25.0625,0.00000,0.17392
4.62,15.38,3.7919,27.9857,0.00000,0.13969
4.88,15.38,3.8446,30.8565,0.00000,0.12145
5.12,15.38,3.8385,34.0809,0.00000,0.09925
5.38,15.38,3.9066,36.1420,0.00000,0.08300
5.62,15.38,3.9050,38.0846,0.00000,0.06843
5.88,15.38,3.9879,41.5312,0.00000,0.05852
6.12,15.38,3.8830,47.2186,0.00000,0.04628
6.38,15.38,3.9330,53.9793,0.00000,0.03720
6.62,15.38,3.8527,63.2817,0.00000,0.02858
6.88,15.38,3.9878,76.1468,0.00000,0.02229
7.12,15.38,4.0298,91.3039,0.00000,0.01654
7.38,15.38,4.4067,97.5640,0.00000,0.01345
2.62,15.62,2.8806,33.5463,0.00000,0.21918
2.88,15.62,3.7491,29.3531,0.00000,0.30298
3.12,15.62,3.8069,25.1561,0.00000,0.33144
3.38,15.62,3.8057,22.7129,0.00000,0.35213
3.62,15.62,3.7296,22.2971,0.00000,0.31567
3.88,15.62,3.7666,22.4556,0.00000,0.27777
4.12,15.62,3.7444,23.4533,0.00000,0.21126
4.38,15.62,3.8055,24.7289,0.00000,0.15825
4.62,15.62,3.7952,27.7052,0.00000,0.12579
4.88,15.62,3.8268,30.8284,0.00000,0.10756
5.12,15.62,3.8341,34.2068,0.00000,0.08761
5.38,15.62,3.8850,36.3916,0.00000,0.07285
5.62,15.62,3.9171,38.3628,0.00000,0.06093
5.88,15.62,3.9871,41.5712,0.00000,0.05235
6.12,15.62,3.9199,46.9437,0.00000,0.04110
6.38,15.62,3.9680,53.8961,0.00000,0.03231
6.62,15.62,3.8717,62.5611,0.00000,0.02471
6.88,15.62,3.9528,73.1303,0.00000,0.01961
7.12,15.62,3.9069,83.9328,0.00000,0.01520
7.38,15.62,4.1477,85.1121,0.00000,0.01300
7.62,15.62,4.0621,74.5555,0.00000,0.01196
7.88,15.62,3.7554,63.2361,0.00000,0.01083
8.12,15.62,3.7637,59.1163,0.00000,0.01004
8.38,15.62,3.8797,60.2175,0.00000,0.00865
8.62,15.62,3.9570,62.3189,0.00000,0.00739
8.88,15.62,4.0001,65.0327,0.00000,0.00689
9.12,15.62,4.0399,68.0817,0.00000,0.00659
9.38,15.62,4.0604,70.9659,0.00000,0.00635
9.62,15.62,4.0927,73.7182,0.00000,0.00632
9.88,15.62,4.1337,77.5490,0.00000,0.00656
10.12,15.62,4.1950,81.9338,0.00000,0.00676
10.38,15.62,4.2308,86.7300,0.00000,0.00685
10.62,15.62,4.2784,91.6542,0.00000,0.00726
10.88,15.62,4.2929,96.8667,0.00000,0.00759
11.12,15.62,4.3108,101.8369,0.00000,0.00725
11.38,15.62,4.3006,105.5406,0.00000,0.00688
11.62,15.62,4.3314,108.6293,0.00000,0.00686
11.88,15.62,4.3597,110.9186,0.00020,0.00700
12.12,15.62,4.3849,113.3496,0.00395,0.00751
12.38,15.62,4.3538,117.0015,0.03651,0.00813
12.62,15.62,4.4205,123.2855,0.14992,0.00829
12.88,15.62,4.4665,127.3969,0.28691,0.00831
13.12,15.62,4.5439,127.8627,0.39193,0.00864
13.38,15.62,4.6195,127.2515,0.54770,0.00924
13.62,15.62,4.5146,127.4712,0.55178,0.00942
13.88,15.62,4.4082,130.9414,0.42626,0.00984
14.12,15.62,4.4078,134.7891,0.44382,0.01127
14.38,15.62,4.3842,134.0685,0.47919,0.01462
14.62,15.62,4.4487,129.5667,0.52540,0.02376
14.88,15.62,4.6850,122.6845,1.00864,0.04892
15.12,15.62,5.0653,114.1501,1.70110,0.07613
15.38,15.62,4.9062,107.8390,1.66509,0.07418
15.62,15.62,4.4704,103.8705,1.27732,0.06092
15.88,15.62,4.1250,98.7876,0.98607,0.05654
16.12,15.62,3.7151,93.2891,0.47973,0.06198
16.38,15.62,3.5079,94.3661,0.10081,0.06959
16.62,15.62,3.2603,97.3280,0.00857,0.07256
16.88,15.62,3.1339,106.8676,0.00034,0.05748
2.62,15.88,2.9034,33.6112,0.00000,0.21422
2.88,15.88,3.7680,29.2113,0.00000,0.29431
3.12,15.88,3.8239,24.9033,0.00000,0.31331
3.38,15.88,3.8155,22.5987,0.00000,0.32278
3.62,15.88,3.7445,22.2572,0.00000,0.28582
3.88,15.88,3.7726,22.3064,0.00000,0.24937
4.12,15.88,3.7571,23.0270,0.00000,0.19022
4.38,15.88,3.8086,24.1466,0.00000,0.14303
4.62,15.88,3.7936,26.9716,0.00000,0.11333
4.88,15.88,3.7970,30.4342,0.00000,0.09564
5.12,15.88,3.8126,34.2307,0.00000,0.07805
5.38,15.88,3.8572,37.0237,0.00000,0.06442
5.62,15.88,3.9094,39.4362,0.00000,0.05457
5.88,15.88,3.9524,42.3604,0.00000,0.04730
6.12,15.88,3.9430,47.0570,0.00000,0.03759
6.38,15.88,3.9726,53.7013,0.00000,0.02905
6.62,15.88,3.8955,61.1163,0.00000,0.02247
6.88,15.88,3.9160,68.7869,0.00000,0.01822
7.12,15.88,3.8452,75.2852,0.00000,0.01505
7.38,15.88,3.9202,75.1077,0.00000,0.01341
7.62,15.88,4.0093,68.0180,0.00000,0.01292
7.88,15.88,4.0413,60.4884,0.00000,0.01224
8.12,15.88,4.0971,56.6742,0.00000,0.01122
8.38,15.88,4.1467,56.8604,0.00000,0.00992
8.62,15.88,4.1734,58.7636,0.00000,0.00888
8.88,15.88,4.1794,61.4750,0.00000,0.00840
9.12,15.88,4.1738,64.3370,0.00000,0.00799
9.38,15.88,4.1792,67.5829,0.00000,0.00762
9.62,15.88,4.1868,71.0683,0.00000,0.00754
9.88,15.88,4.1776,74.9243,0.00000,0.00771
10.12,15.88,4.1695,78.6847,0.00000,0.00776
10.38,15.88,4.1644,82.7269,0.00000,0.00781
10.62,15.88,4.1612,87.0587,0.00000,0.00804
10.88,15.88,4.1524,92.0371,0.00000,0.00816
11.12,15.88,4.1446,96.7108,0.00000,0.00797
11.38,15.88,4.1344,100.0204,0.00000,0.00789
11.62,15.88,4.1383,102.6817,0.00000,0.00781
11.88,15.88,4.1147,104.1637,0.00009,0.00774
12.12,15.88,4.1096,106.1887,0.00178,0.00817
12.38,15.88,4.1149,110.7925,0.01645,0.00885
12.62,15.88,4.1515,117.3931,0.06757,0.00912
12.88,15.88,4.1334,121.2060,0.12952,0.00913
13.12,15.88,4.1394,122.1846,0.17967,0.00911
13.38,15.88,4.1825,123.0895,0.26327,0.00942
13.62,15.88,4.1558,124.4955,0.29177,0.00990
13.88,15.88,4.1433,127.2833,0.26522,0.01070
14.12,15.88,4.1700,129.5118,0.31916,0.01205
14.38,15.88,4.2260,125.9308,0.45975,0.01545
14.62,15.88,4.3446,118.3352,0.68483,0.02496
14.88,15.88,4.4681,110.9626,1.04455,0.04799
15.12,15.88,4.5170,102.0238,1.35601,0.07358
15.38,15.88,4.2765,93.1491,1.17208,0.07957
15.62,15.88,3.9831,87.8586,0.74900,0.07882
15.88,15.88,3.7856,84.1865,0.47732,0.08331
16.12,15.88,3.5602,80.2263,0.21873,0.09411
16.38,15.88,3.5121,81.7682,0.04550,0.10291
16.62,15.88,3.5243,85.8792,0.00386,0.10466
16.88,15.88,3.5990,96.5638,0.00016,0.08251
2.62,16.12,2.9006,33.6764,0.00000,0.20743
2.88,16.12,3.7794,29.0695,0.00000,0.28237
3.12,16.12,3.8353,24.5835,0.00000,0.29375
3.38,16.12,3.8269,22.3792,0.00000,0.29639
3.62,16.12,3.7669,22.2140,0.00000,0.25978
3.88,16.12,3.7831,22.2902,0.00000,0.22343
4.12,16.12,3.7640,22.8596,0.00000,0.17006
4.38,16.12,3.8014,23.7894,0.00000,0.12760
4.62,16.12,3.7934,26.3641,0.00000,0.10144
4.88,16.12,3.7903,30.1599,0.00000,0.08558
5.12,16.12,3.8129,34.4119,0.00000,0.07050
5.38,16.12,3.8339,37.8075,0.00000,0.05773
5.62,16.12,3.8857,40.8689,0.00000,0.04918
5.88,16.12,3.9020,44.0946,0.00000,0.04317
6.12,16.12,3.9339,48.2579,0.00000,0.03535
6.38,16.12,3.9177,54.0149,0.00000,0.02716
6.62,16.12,3.8895,60.0028,0.00000,0.02153
6.88,16.12,3.8597,64.9433,0.00000,0.01789
7.12,16.12,3.8614,67.9572,0.00000,0.01571
7.38,16.12,3.8826,67.6014,0.00000,0.01432
7.62,16.12,3.9587,64.0592,0.00000,0.01334
7.88,16.12,4.0355,59.4945,0.00000,0.01228
8.12,16.12,4.1035,55.3016,0.00000,0.01126
8.38,16.12,4.1451,53.2304,0.00000,0.01043
8.62,16.12,4.1615,53.6685,0.00000,0.00983
8.88,16.12,4.1709,55.7935,0.00000,0.00958
9.12,16.12,4.1653,58.3548,0.00000,0.00927
9.38,16.12,4.1760,61.3679,0.00000,0.00889
9.62,16.12,4.1765,64.5867,0.00000,0.00882
9.88,16.12,4.1653,67.8316,0.00000,0.00900
10.12,16.12,4.1481,70.8992,0.00000,0.00911
10.38,16.12,4.1441,74.0334,0.00000,0.00927
10.62,16.12,4.1325,77.4581,0.00000,0.00943
10.88,16.12,4.1316,81.6250,0.00000,0.00954
11.12,16.12,4.1196,85.8121,0.00000,0.00942
11.38,16.12,4.1154,89.1917,0.00000,0.00951
11.62,16.12,4.1053,91.8841,0.00000,0.00954
11.88,16.12,4.0748,93.5150,0.00002,0.00940
12.12,16.12,4.0580,96.1077,0.00038,0.00953
12.38,16.12,4.0735,101.1704,0.00347,0.01004
12.62,16.12,4.0811,106.8972,0.01427,0.01055
12.88,16.12,4.0544,110.3951,0.02770,0.01086
13.12,16.12,4.0403,112.2408,0.04267,0.01076
13.38,16.12,4.0647,114.5531,0.08122,0.01091
13.62,16.12,4.0805,117.2198,0.12880,0.01163
13.88,16.12,4.0981,120.2673,0.16990,0.01275
14.12,16.12,4.1282,123.1045,0.25180,0.01396
14.38,16.12,4.2336,120.3867,0.47090,0.01649
14.62,16.12,4.4099,112.8250,0.83294,0.02356
14.88,16.12,4.5526,107.0349,1.13468,0.03787
15.12,16.12,4.4276,98.6316,1.20427,0.05549
15.38,16.12,4.0435,87.0212,0.90493,0.07179
15.62,16.12,3.7429,79.7730,0.42843,0.08986
15.88,16.12,3.6286,75.5667,0.15213,0.10804
16.12,16.12,3.5109,71.6487,0.05012,0.12582
16.38,16.12,3.4743,73.8421,0.00973,0.13286
16.62,16.12,3.4899,79.9670,0.00086,0.12896
16.88,16.12,3.5715,91.5811,0.00013,0.09941
2.62,16.38,2.8734,33.0315,0.00000,0.19441
2.88,16.38,3.7727,28.6810,0.00000,0.26495
3.12,16.38,3.8381,24.1810,0.00000,0.27270
3.38,16.38,3.8351,21.8759,0.00000,0.27103
3.62,16.38,3.7746,21.8208,0.00000,0.23457
3.88,16.38,3.7963,22.2563,0.00000,0.19972
4.12,16.38,3.7799,23.1700,0.00000,0.15268
4.38,16.38,3.8009,24.1929,0.00000,0.11435
4.62,16.38,3.7938,26.5162,0.00000,0.09134
4.88,16.38,3.7897,30.2329,0.00000,0.07747
5.12,16.38,3.8245,34.6545,0.00000,0.06442
5.38,16.38,3.8187,38.3595,0.00000,0.05207
5.62,16.38,3.8589,41.9132,0.00000,0.04361
5.88,16.38,3.8635,45.6451,0.00000,0.03816
6.12,16.38,3.9084,49.5107,0.00000,0.03283
6.38,16.38,3.8610,54.2097,0.00000,0.02621
6.62,16.38,3.8746,59.1187,0.00000,0.02172
6.88,16.38,3.8482,62.6504,0.00000,0.01874
7.12,16.38,3.8272,63.9799,0.00000,0.01643
7.38,16.38,3.8096,63.4360,0.00000,0.01459
7.62,16.38,3.8296,62.1269,0.00000,0.01309
7.88,16.38,3.8625,59.9605,0.00000,0.01181
8.12,16.38,3.8559,56.0813,0.00000,0.01078
8.38,16.38,3.8367,52.4894,0.00000,0.01006
8.62,16.38,3.8367,51.4021,0.00000,0.00961
8.88,16.38,3.8518,52.6902,0.00000,0.00953
9.12,16.38,3.8535,54.9503,0.00000,0.00962
9.38,16.38,3.8588,57.4941,0.00000,0.00986
9.62,16.38,3.8661,59.9786,0.00000,0.01014
9.88,16.38,3.8612,62.4400,0.00000,0.01023
10.12,16.38,3.8539,65.0458,0.00000,0.01039
10.38,16.38,3.8664,67.6481,0.00000,0.01082
10.62,16.38,3.8772,70.4697,0.00000,0.01102
10.88,16.38,3.8862,74.0723,0.00000,0.01110
11.12,16.38,3.8825,78.1608,0.00000,0.01071
11.38,16.38,3.8852,81.6202,0.00000,0.01047
11.62,16.38,3.8879,83.9005,0.00000,0.01076
11.88,16.38,3.8685,85.5895,0.00000,0.01090
12.12,16.38,3.8657,88.8971,0.00003,0.01082
12.38,16.38,3.8958,93.7660,0.00028,0.01100
12.62,16.38,3.9100,98.2270,0.00117,0.01151
12.88,16.38,3.8959,101.5536,0.00248,0.01198
13.12,16.38,3.8921,104.0405,0.00636,0.01209
13.38,16.38,3.9130,106.8475,0.02214,0.01235
13.62,16.38,3.9367,110.3866,0.05124,0.01315
13.88,16.38,3.9340,114.5173,0.08439,0.01439
14.12,16.38,3.9501,119.0240,0.14577,0.01551
14.38,16.38,4.0305,118.8059,0.31649,0.01736
14.62,16.38,4.1419,113.4671,0.56484,0.02198
14.88,16.38,4.1775,108.4546,0.69356,0.02947
15.12,16.38,4.0208,98.0395,0.66408,0.04139
15.38,16.38,3.6783,82.0537,0.47206,0.06477
15.62,16.38,3.4848,70.8407,0.19831,0.09825
15.88,16.38,3.5207,65.0503,0.04347,0.13482
16.12,16.38,3.5222,63.0544,0.00653,0.16641
16.38,16.38,3.5721,68.1343,0.00133,0.17518
16.62,16.38,3.5720,74.5918,0.00219,0.16892
16.88,16.38,3.4750,85.0932,0.00462,0.12915
2.62,16.62,2.8686,32.9587,0.00000,0.18475
2.88,16.62,3.7793,28.5725,0.00000,0.25202
3.12,16.62,3.8339,23.7483,0.00000,0.25734
3.38,16.62,3.8200,21.1357,0.00000,0.25134
3.62,16.62,3.7555,21.1483,0.00000,0.21277
3.88,16.62,3.8032,22.1961,0.00000,0.17823
4.12,16.62,3.7933,23.8299,0.00000,0.13744
4.38,16.62,3.8139,25.1583,0.00000,0.10451
4.62,16.62,3.7972,27.2692,0.00000,0.08412
4.88,16.62,3.7874,30.5351,0.00000,0.07175
5.12,16.62,3.8228,34.8882,0.00000,0.06056
5.38,16.62,3.8169,38.7106,0.00000,0.04856
5.62,16.62,3.8384,42.4068,0.00000,0.03967
5.88,16.62,3.8457,46.1669,0.00000,0.03436
6.12,16.62,3.8788,49.6800,0.00000,0.03054
6.38,16.62,3.8462,53.3818,0.00000,0.02550
6.62,16.62,3.8417,57.1558,0.00000,0.02177
6.88,16.62,3.8548,59.6164,0.00000,0.01945
7.12,16.62,3.8690,60.6442,0.00000,0.01705
7.38,16.62,3.8602,60.7998,0.00000,0.01474
7.62,16.62,3.8620,60.8009,0.00000,0.01296
7.88,16.62,3.8736,60.2379,0.00000,0.01153
8.12,16.62,3.8363,57.9353,0.00000,0.01041
8.38,16.62,3.8041,54.7742,0.00000,0.00979
8.62,16.62,3.8025,53.1755,0.00000,0.00956
8.88,16.62,3.8111,53.9196,0.00000,0.00965
9.12,16.62,3.8149,55.8315,0.00000,0.01010
9.38,16.62,3.8155,57.8930,0.00000,0.01094
9.62,16.62,3.8302,59.9368,0.00000,0.01159
9.88,16.62,3.8241,62.1053,0.00000,0.01176
10.12,16.62,3.8193,64.7431,0.00000,0.01207
10.38,16.62,3.8314,67.5418,0.00000,0.01273
10.62,16.62,3.8505,70.4335,0.00000,0.01292
10.88,16.62,3.8588,73.7974,0.00000,0.01283
11.12,16.62,3.8647,77.7720,0.00000,0.01210
11.38,16.62,3.8702,81.1633,0.00000,0.01133
11.62,16.62,3.8819,83.0032,0.00000,0.01143
11.88,16.62,3.8714,84.4302,0.00000,0.01176
12.12,16.62,3.8789,87.6695,0.00000,0.01194
12.38,16.62,3.9003,91.4660,0.00001,0.01221
12.62,16.62,3.9131,94.4773,0.00004,0.01260
12.88,16.62,3.9035,97.6944,0.00012,0.01284
13.12,16.62,3.9077,101.0008,0.00083,0.01302
13.38,16.62,3.9154,103.8944,0.00418,0.01345
13.62,16.62,3.9338,107.5554,0.01176,0.01435
13.88,16.62,3.9261,112.2193,0.02920,0.01564
14.12,16.62,3.9549,117.5243,0.08062,0.01667
14.38,16.62,4.0135,119.0091,0.16898,0.01800
14.62,16.62,4.0308,114.2768,0.22115,0.02099
14.88,16.62,3.9591,105.5714,0.19734,0.02542
15.12,16.62,3.6394,90.0795,0.15480,0.03170
15.38,16.62,3.1190,70.1750,0.10380,0.04655
15.62,16.62,2.9336,59.3517,0.04245,0.08034
15.88,16.62,3.2618,57.3630,0.00828,0.14843
16.12,16.62,3.4857,58.3740,0.00163,0.21538
16.38,16.62,3.5228,65.7110,0.00892,0.22901
16.62,16.62,3.5349,71.2123,0.03841,0.22029
16.88,16.62,3.3184,79.2877,0.08226,0.16768
2.62,16.88,2.8523,34.1199,0.00000,0.17513
2.88,16.88,3.7670,29.0834,0.00000,0.23822
3.12,16.88,3.8173,23.8418,0.00000,0.24180
3.38,16.88,3.7987,21.0491,0.00000,0.23293
3.62,16.88,3.7285,21.0911,0.00000,0.19271
3.88,16.88,3.7977,22.4128,0.00000,0.15745
4.12,16.88,3.7940,24.5274,0.00000,0.12290
4.38,16.88,3.8183,26.1365,0.00000,0.09703
4.62,16.88,3.7817,28.1149,0.00000,0.07927
4.88,16.88,3.7884,30.9360,0.00000,0.06867
5.12,16.88,3.8088,35.2088,0.00000,0.05905
5.38,16.88,3.8206,39.1923,0.00000,0.04774
5.62,16.88,3.8084,42.8122,0.00000,0.03860
5.88,16.88,3.8121,46.2459,0.00000,0.03255
6.12,16.88,3.8189,49.2991,0.00000,0.02812
6.38,16.88,3.8262,51.9310,0.00000,0.02397
6.62,16.88,3.8381,54.3787,0.00000,0.02112
6.88,16.88,3.8434,56.1097,0.00000,0.01911
7.12,16.88,3.8526,57.5669,0.00000,0.01682
7.38,16.88,3.8425,58.7807,0.00000,0.01441
7.62,16.88,3.8218,59.3791,0.00000,0.01259
7.88,16.88,3.8100,59.3697,0.00000,0.01120
8.12,16.88,3.7848,58.4116,0.00000,0.01026
8.38,16.88,3.7506,56.4405,0.00000,0.00999
8.62,16.88,3.7274,55.1559,0.00000,0.01000
8.88,16.88,3.7131,55.7355,0.00000,0.00999
9.12,16.88,3.7093,57.3161,0.00000,0.01024
9.38,16.88,3.7150,58.9363,0.00000,0.01103
9.62,16.88,3.7337,60.6274,0.00000,0.01177
9.88,16.88,3.7383,62.6445,0.00000,0.01234
10.12,16.88,3.7394,65.4153,0.00000,0.01305
10.38,16.88,3.7373,68.4556,0.00000,0.01364
10.62,16.88,3.7274,71.2225,0.00000,0.01352
10.88,16.88,3.7251,73.9914,0.00000,0.01308
11.12,16.88,3.7533,77.4453,0.00000,0.01249
11.38,16.88,3.7852,80.7284,0.00000,0.01189
11.62,16.88,3.7955,82.5991,0.00000,0.01188
11.88,16.88,3.7908,84.0981,0.00000,0.01227
12.12,16.88,3.8021,87.2556,0.00000,0.01292
12.38,16.88,3.8168,90.5706,0.00000,0.01354
12.62,16.88,3.8266,93.1892,0.00000,0.01390
12.88,16.88,3.8319,96.7907,0.00000,0.01380
13.12,16.88,3.8435,101.0148,0.00007,0.01385
13.38,16.88,3.8513,104.2672,0.00058,0.01441
13.62,16.88,3.8656,108.1787,0.00595,0.01545
13.88,16.88,3.8958,113.3284,0.04887,0.01690
14.12,16.88,3.9873,118.7254,0.19210,0.01790
14.38,16.88,4.0206,120.1805,0.31019,0.01839
14.62,16.88,3.8937,113.2223,0.20298,0.01925
14.88,16.88,3.6770,97.1508,0.06232,0.01999
15.12,16.88,2.7453,71.5738,0.01767,0.01822
15.38,16.88,1.7708,45.5960,0.00875,0.02062
15.62,16.88,1.6077,38.3206,0.00348,0.05004
15.88,16.88,2.3722,45.5100,0.00108,0.15189
16.12,16.88,3.2074,52.6257,0.00851,0.27586
16.38,16.88,3.4661,62.7069,0.07805,0.32070
16.62,16.88,3.6988,72.9661,0.32546,0.31201
16.88,16.88,3.6436,86.6431,0.68597,0.23092
2.62,17.12,2.8469,36.4813,0.00000,0.16390
2.88,17.12,3.7527,30.6962,0.00000,0.22175
3.12,17.12,3.7980,25.1237,0.00000,0.22301
3.38,17.12,3.7863,22.0151,0.00000,0.21329
3.62,17.12,3.7130,21.8474,0.00000,0.17535
3.88,17.12,3.7892,23.0867,0.00000,0.14184
4.12,17.12,3.7816,25.3605,0.00000,0.11206
4.38,17.12,3.8102,27.0870,0.00000,0.09101
4.62,17.12,3.7656,28.9861,0.00000,0.07509
4.88,17.12,3.7994,31.5252,0.00000,0.06524
5.12,17.12,3.8049,35.6023,0.00000,0.05611
5.38,17.12,3.8332,39.7457,0.00000,0.04611
5.62,17.12,3.8018,43.4335,0.00000,0.03795
5.88,17.12,3.7921,46.5403,0.00000,0.03175
6.12,17.12,3.8003,49.0767,0.00000,0.02680
6.38,17.12,3.8229,50.8192,0.00000,0.02298
6.62,17.12,3.8604,52.2157,0.00000,0.02059
6.88,17.12,3.8922,53.5893,0.00000,0.01880
7.12,17.12,3.9142,55.3455,0.00000,0.01681
7.38,17.12,3.9152,57.1966,0.00000,0.01462
7.62,17.12,3.9024,58.2597,0.00000,0.01300
7.88,17.12,3.8853,58.3825,0.00000,0.01161
8.12,17.12,3.8697,57.9691,0.00000,0.01065
8.38,17.12,3.8350,57.2438,0.00000,0.01049
8.62,17.12,3.8034,56.7896,0.00000,0.01059
8.88,17.12,3.7856,57.3765,0.00000,0.01044
9.12,17.12,3.7783,58.7173,0.00000,0.01032
9.38,17.12,3.7800,60.2014,0.00000,0.01073
9.62,17.12,3.7896,61.7320,0.00000,0.01135
9.88,17.12,3.8032,63.3377,0.00000,0.01218
10.12,17.12,3.8081,65.5903,0.00000,0.01307
10.38,17.12,3.8044,68.2963,0.00000,0.01334
10.62,17.12,3.7896,70.8105,0.00000,0.01292
10.88,17.12,3.7917,73.1929,0.00000,0.01257
11.12,17.12,3.8157,76.0183,0.00000,0.01263
11.38,17.12,3.8446,78.9765,0.00000,0.01261
11.62,17.12,3.8470,81.3046,0.00000,0.01269
11.88,17.12,3.8405,83.5682,0.00000,0.01296
12.12,17.12,3.8404,86.9340,0.00000,0.01353
12.38,17.12,3.8509,90.5093,0.00000,0.01431
12.62,17.12,3.8636,93.9125,0.00000,0.01498
12.88,17.12,3.8793,97.9108,0.00000,0.01521
13.12,17.12,3.8804,102.0727,0.00001,0.01538
13.38,17.12,3.8902,105.7081,0.00043,0.01613
13.62,17.12,3.9011,110.4013,0.00842,0.01749
13.88,17.12,3.9544,115.9025,0.07788,0.01942
14.12,17.12,4.1186,120.7603,0.30886,0.02107
14.38,17.12,4.1799,121.6788,0.48551,0.02154
14.62,17.12,3.9270,112.0554,0.29031,0.02087
14.88,17.12,3.5228,86.2156,0.06534,0.01868
15.12,17.12,2.0525,49.2136,0.00587,0.01197
15.38,17.12,0.7523,21.3511,0.00044,0.00983
15.62,17.12,0.6105,16.3992,0.00014,0.04132
15.88,17.12,1.5390,27.1325,0.00181,0.17524
16.12,17.12,2.7734,40.6972,0.03387,0.38032
16.38,17.12,3.4936,57.9793,0.30023,0.49900
16.62,17.12,4.4353,87.5443,1.22370,0.48016
16.88,17.12,5.1933,125.8663,2.55303,0.34289
2.62,17.38,2.8419,38.9609,0.00000,0.14736
2.88,17.38,3.7072,32.5626,0.00000,0.19948
3.12,17.38,3.7572,26.8875,0.00000,0.20216
3.38,17.38,3.7769,23.4796,0.00000,0.19602
3.62,17.38,3.6996,22.9393,0.00000,0.16017
3.88,17.38,3.7578,23.8953,0.00000,0.12704
4.12,17.38,3.7413,26.0000,0.00000,0.10031
4.38,17.38,3.7887,27.5869,0.00000,0.08259
4.62,17.38,3.7589,29.5103,0.00000,0.06917
4.88,17.38,3.7921,32.0692,0.00000,0.06031
5.12,17.38,3.7877,35.7779,0.00000,0.05235
5.38,17.38,3.8068,39.6548,0.00000,0.04394
5.62,17.38,3.7924,43.3776,0.00000,0.03695
5.88,17.38,3.7781,46.4388,0.00000,0.03129
6.12,17.38,3.7792,48.4794,0.00000,0.02646
6.38,17.38,3.8174,49.3643,0.00000,0.02294
6.62,17.38,3.8536,50.3257,0.00000,0.02065
6.88,17.38,3.8705,51.8981,0.00000,0.01865
7.12,17.38,3.8854,53.8766,0.00000,0.01654
7.38,17.38,3.8869,55.8872,0.00000,0.01463
7.62,17.38,3.8760,57.3747,0.00000,0.01323
7.88,17.38,3.8650,58.0088,0.00000,0.01184
8.12,17.38,3.8553,57.9666,0.00000,0.01058
8.38,17.38,3.8185,57.8829,0.00000,0.01018
8.62,17.38,3.7761,58.0114,0.00000,0.01044
8.88,17.38,3.7586,58.5604,0.00000,0.01051
9.12,17.38,3.7565,59.5927,0.00000,0.01019
9.38,17.38,3.7514,60.8699,0.00000,0.01017
9.62,17.38,3.7432,62.2426,0.00000,0.01076
9.88,17.38,3.7471,63.3384,0.00000,0.01184
10.12,17.38,3.7547,64.7212,0.00000,0.01262
10.38,17.38,3.7568,66.7975,0.00000,0.01257
10.62,17.38,3.7578,69.1089,0.00000,0.01249
10.88,17.38,3.7732,71.2109,0.00000,0.01273
11.12,17.38,3.7722,73.2214,0.00000,0.01329
11.38,17.38,3.7622,75.5119,0.00000,0.01340
11.62,17.38,3.7597,77.9700,0.00000,0.01347
11.88,17.38,3.7667,80.6125,0.00000,0.01352
12.12,17.38,3.7683,83.8527,0.00000,0.01374
12.38,17.38,3.7765,87.3697,0.00000,0.01442
12.62,17.38,3.7965,91.1978,0.00000,0.01541
12.88,17.38,3.8195,95.0627,0.00000,0.01631
13.12,17.38,3.8260,98.6008,0.00000,0.01691
13.38,17.38,3.8425,102.0858,0.00025,0.01782
13.62,17.38,3.8685,106.6323,0.00509,0.01971
13.88,17.38,3.9194,111.5455,0.04720,0.02264
14.12,17.38,4.0322,115.9837,0.18719,0.02588
14.38,17.38,4.0737,117.3881,0.29412,0.02823
14.62,17.38,3.8719,108.3493,0.17636,0.02922
14.88,17.38,3.4613,80.6184,0.04114,0.02885
15.12,17.38,2.0769,42.0774,0.00461,0.02542
15.38,17.38,0.8256,15.5633,0.00042,0.03255
15.62,17.38,0.6375,10.4993,0.00009,0.09060
15.88,17.38,1.4542,20.0956,0.00287,0.29401
16.12,17.38,2.6192,33.8240,0.05338,0.62159
16.38,17.38,3.4233,52.9577,0.46493,0.84730
16.62,17.38,4.6682,95.3362,1.87506,0.84527
16.88,17.38,6.0040,151.5861,3.89305,0.66996
2.62,17.62,2.8914,39.9945,0.00000,0.13590
2.88,17.62,3.7119,33.5140,0.00000,0.18367
3.12,17.62,3.7432,27.9144,0.00000,0.18471
3.38,17.62,3.7528,24.4061,0.00000,0.17796
3.62,17.62,3.6769,23.6916,0.00000,0.14425
3.88,17.62,3.7264,24.4452,0.00000,0.11284
4.12,17.62,3.6949,26.2809,0.00000,0.08841
4.38,17.62,3.7416,27.7686,0.00000,0.07268
4.62,17.62,3.7551,29.9209,0.00000,0.06190
4.88,17.62,3.7936,32.8090,0.00000,0.05456
5.12,17.62,3.7907,36.3639,0.00000,0.04876
5.38,17.62,3.7999,39.6079,0.00000,0.04248
5.62,17.62,3.8168,42.8484,0.00000,0.03632
5.88,17.62,3.8396,45.8018,0.00000,0.03101
6.12,17.62,3.8403,47.4388,0.00000,0.02628
6.38,17.62,3.8617,47.4992,0.00000,0.02271
6.62,17.62,3.8900,48.1105,0.00000,0.02051
6.88,17.62,3.9045,50.1101,0.00000,0.01857
7.12,17.62,3.9164,52.6808,0.00000,0.01648
7.38,17.62,3.9283,54.9491,0.00000,0.01476
7.62,17.62,3.9392,56.7579,0.00000,0.01346
7.88,17.62,3.9548,58.0673,0.00000,0.01220
8.12,17.62,3.9624,58.5425,0.00000,0.01082
8.38,17.62,3.9463,58.5508,0.00000,0.01017
8.62,17.62,3.9179,58.5676,0.00000,0.01052
8.88,17.62,3.9032,58.7120,0.00000,0.01082
9.12,17.62,3.9021,59.2275,0.00000,0.01041
9.38,17.62,3.8978,60.0010,0.00000,0.01018
9.62,17.62,3.8926,60.9531,0.00000,0.01092
9.88,17.62,3.8947,62.0098,0.00000,0.01223
10.12,17.62,3.9000,63.3810,0.00000,0.01297
10.38,17.62,3.8974,65.2716,0.00000,0.01297
10.62,17.62,3.8933,67.1805,0.00000,0.01346
10.88,17.62,3.8972,68.7460,0.00000,0.01409
11.12,17.62,3.8885,70.0892,0.00000,0.01479
11.38,17.62,3.8737,71.8057,0.00000,0.01494
11.62,17.62,3.8661,73.9299,0.00000,0.01501
11.88,17.62,3.8605,76.3722,0.00000,0.01494
12.12,17.62,3.8534,79.3951,0.00000,0.01519
12.38,17.62,3.8543,82.7758,0.00000,0.01595
12.62,17.62,3.8648,86.2601,0.00000,0.01690
12.88,17.62,3.8726,89.2672,0.00000,0.01779
13.12,17.62,3.8817,91.7595,0.00000,0.01870
13.38,17.62,3.8855,94.3229,0.00006,0.01993
13.62,17.62,3.8893,97.6426,0.00114,0.02227
13.88,17.62,3.9015,101.3724,0.01054,0.02612
14.12,17.62,3.9240,104.8732,0.04208,0.03117
14.38,17.62,3.9201,106.3125,0.06944,0.03651
14.62,17.62,3.8490,100.6808,0.05644,0.04265
14.88,17.62,3.6087,80.7654,0.03737,0.05376
15.12,17.62,2.7698,50.9189,0.01813,0.07579
15.38,17.62,1.9025,26.7958,0.00391,0.12964
15.62,17.62,1.6880,20.0295,0.00036,0.26088
15.88,17.62,2.2049,27.1657,0.00174,0.55197
16.12,17.62,2.8869,36.3220,0.03183,0.95821
16.38,17.62,3.1467,46.9937,0.27539,1.29052
16.62,17.62,3.6158,72.5977,1.10599,1.47755
16.88,17.62,4.2238,107.7690,2.29182,1.47793
2.62,17.88,2.9212,38.6863,0.00000,0.12483
2.88,17.88,3.7114,33.0957,0.00000,0.16948
3.12,17.88,3.7400,28.0240,0.00000,0.17092
3.38,17.88,3.7272,24.5398,0.00000,0.16321
3.62,17.88,3.6561,23.6528,0.00000,0.13029
3.88,17.88,3.7112,24.2250,0.00000,0.10023
4.12,17.88,3.6773,25.9009,0.00000,0.07838
4.38,17.88,3.7089,27.6003,0.00000,0.06476
4.62,17.88,3.7406,30.1161,0.00000,0.05554
4.88,17.88,3.7882,33.2970,0.00000,0.04890
5.12,17.88,3.7910,36.9041,0.00000,0.04473
5.38,17.88,3.8083,39.8342,0.00000,0.04086
5.62,17.88,3.8162,42.4799,0.00000,0.03558
5.88,17.88,3.8294,44.8133,0.00000,0.03023
6.12,17.88,3.8456,46.0838,0.00000,0.02568
6.38,17.88,3.8682,46.0023,0.00000,0.02200
6.62,17.88,3.8907,46.3830,0.00000,0.01971
6.88,17.88,3.9020,48.4408,0.00000,0.01791
7.12,17.88,3.9074,51.4351,0.00000,0.01611
7.38,17.88,3.9167,53.9440,0.00000,0.01444
7.62,17.88,3.9301,56.0126,0.00000,0.01301
7.88,17.88,3.9445,57.8761,0.00000,0.01196
8.12,17.88,3.9465,58.9566,0.00000,0.01084
8.38,17.88,3.9466,59.1678,0.00000,0.00984
8.62,17.88,3.9416,59.0294,0.00000,0.00958
8.88,17.88,3.9349,58.9818,0.00000,0.00961
9.12,17.88,3.9328,59.3204,0.00000,0.00936
9.38,17.88,3.9281,59.7959,0.00000,0.00918
9.62,17.88,3.9265,60.3167,0.00000,0.00971
9.88,17.88,3.9261,61.2782,0.00000,0.01074
10.12,17.88,3.9213,62.7416,0.00000,0.01155
10.38,17.88,3.9152,64.4663,0.00000,0.01212
10.62,17.88,3.9011,65.7355,0.00000,0.01306
10.88,17.88,3.8851,66.7353,0.00000,0.01391
11.12,17.88,3.8849,68.0049,0.00000,0.01468
11.38,17.88,3.8949,69.7511,0.00000,0.01511
11.62,17.88,3.8967,71.5814,0.00000,0.01514
11.88,17.88,3.8928,73.5403,0.00000,0.01513
12.12,17.88,3.9049,76.2635,0.00000,0.01584
12.38,17.88,3.9223,79.5620,0.00000,0.01708
12.62,17.88,3.9240,82.3728,0.00000,0.01816
12.88,17.88,3.9142,84.1195,0.00000,0.01882
13.12,17.88,3.9107,85.3888,0.00000,0.01988
13.38,17.88,3.8890,86.8789,0.00000,0.02165
13.62,17.88,3.8698,89.0928,0.00009,0.02439
13.88,17.88,3.8607,91.9742,0.00091,0.02891
14.12,17.88,3.8534,94.9854,0.00486,0.03548
14.38,17.88,3.8263,96.7476,0.02280,0.04409
14.62,17.88,3.8224,94.1490,0.08127,0.05776
14.88,17.88,3.7616,81.8738,0.12942,0.08682
15.12,17.88,3.4805,61.6083,0.07813,0.14675
15.38,17.88,3.1177,42.9184,0.01742,0.26270
15.62,17.88,2.9576,35.1790,0.00144,0.46552
15.88,17.88,3.0618,37.5176,0.00044,0.78072
16.12,17.88,3.1166,41.4727,0.00735,1.17057
16.38,17.88,2.8522,43.6942,0.06441,1.60698
16.62,17.88,2.6615,48.4287,0.26081,2.09148
16.88,17.88,2.6154,57.1557,0.54251,2.40289
2.62,18.12,2.9713,37.7254,0.00000,0.11655
2.88,18.12,3.7372,32.7024,0.00000,0.15780
3.12,18.12,3.7445,27.7628,0.00000,0.15815
3.38,18.12,3.6996,24.2341,0.00000,0.14886
3.62,18.12,3.6253,23.3371,0.00000,0.11825
3.88,18.12,3.6813,23.8483,0.00000,0.09116
4.12,18.12,3.6584,25.5369,0.00000,0.07158
4.38,18.12,3.6976,27.5482,0.00000,0.05946
4.62,18.12,3.7222,30.3548,0.00000,0.05134
4.88,18.12,3.7704,33.7486,0.00000,0.04563
5.12,18.12,3.7825,37.5116,0.00000,0.04182
5.38,18.12,3.8034,40.4998,0.00000,0.03822
5.62,18.12,3.8076,42.7254,0.00000,0.03366
5.88,18.12,3.8055,44.3240,0.00000,0.02869
6.12,18.12,3.8169,45.4773,0.00000,0.02451
6.38,18.12,3.8357,45.9320,0.00000,0.02078
6.62,18.12,3.8517,46.4622,0.00000,0.01811
6.88,18.12,3.8667,48.1937,0.00000,0.01650
7.12,18.12,3.8884,50.9008,0.00000,0.01535
7.38,18.12,3.9118,53.2676,0.00000,0.01397
7.62,18.12,3.9341,55.4765,0.00000,0.01249
7.88,18.12,3.9467,57.7053,0.00000,0.01163
8.12,18.12,3.9451,59.2415,0.00000,0.01099
8.38,18.12,3.9606,59.7977,0.00000,0.00991
8.62,18.12,3.9951,59.8598,0.00000,0.00904
8.88,18.12,4.0364,59.9726,0.00000,0.00871
9.12,18.12,4.0693,60.4012,0.00000,0.00860
9.38,18.12,4.0794,60.8830,0.00000,0.00847
9.62,18.12,4.0771,61.4013,0.00000,0.00871
9.88,18.12,4.0751,62.3591,0.00000,0.00949
10.12,18.12,4.0761,63.7483,0.00000,0.01041
10.38,18.12,4.0752,65.1924,0.00000,0.01141
10.62,18.12,4.0704,66.0326,0.00000,0.01256
10.88,18.12,4.0562,66.5341,0.00000,0.01364
11.12,18.12,4.0510,67.6540,0.00000,0.01451
11.38,18.12,4.0536,69.4681,0.00000,0.01498
11.62,18.12,4.0478,71.1328,0.00000,0.01462
11.88,18.12,4.0364,72.6565,0.00000,0.01443
12.12,18.12,4.0401,75.0369,0.00000,0.01530
12.38,18.12,4.0448,77.8501,0.00000,0.01682
12.62,18.12,4.0309,79.5174,0.00000,0.01822
12.88,18.12,4.0093,80.0323,0.00000,0.01926
13.12,18.12,3.9840,80.6089,0.00000,0.02079
13.38,18.12,3.9378,81.5993,0.00000,0.02313
13.62,18.12,3.8995,83.3209,0.00000,0.02618
13.88,18.12,3.8672,85.8619,0.00010,0.03119
14.12,18.12,3.8376,88.7291,0.00246,0.03937
14.38,18.12,3.8060,90.3200,0.02888,0.05198
14.62,18.12,3.8135,88.2289,0.12881,0.07341
14.88,18.12,3.8240,80.3233,0.21223,0.11433
15.12,18.12,3.6740,67.5366,0.12871,0.18807
15.38,18.12,3.4407,55.0326,0.02872,0.31416
15.62,18.12,3.2976,48.0648,0.00236,0.51149
15.88,18.12,3.2398,46.5358,0.00021,0.78519
16.12,18.12,3.1011,46.2845,0.00411,1.14743
16.38,18.12,2.8247,46.0592,0.04825,1.63482
16.62,18.12,2.6626,50.3148,0.22500,2.13493
16.88,18.12,2.5867,59.0694,0.49632,2.37516
2.62,18.38,2.9701,37.5975,0.00000,0.10578
2.88,18.38,3.7042,32.5715,0.00000,0.14116
3.12,18.38,3.7042,27.5613,0.00000,0.14065
3.38,18.38,3.6753,24.1432,0.00000,0.13229
3.62,18.38,3.6133,23.5030,0.00000,0.10540
3.88,18.38,3.6626,24.1395,0.00000,0.08204
4.12,18.38,3.6450,25.8255,0.00000,0.06626
4.38,18.38,3.7006,27.8370,0.00000,0.05648
4.62,18.38,3.7151,30.5452,0.00000,0.04882
4.88,18.38,3.7470,33.8558,0.00000,0.04361
5.12,18.38,3.7711,37.7459,0.00000,0.03991
5.38,18.38,3.7935,40.8832,0.00000,0.03549
5.62,18.38,3.7905,42.6501,0.00000,0.03090
5.88,18.38,3.7961,43.4574,0.00000,0.02682
6.12,18.38,3.8137,44.6894,0.00000,0.02359
6.38,18.38,3.8350,46.1849,0.00000,0.02021
6.62,18.38,3.8536,47.2963,0.00000,0.01714
6.88,18.38,3.8754,48.5071,0.00000,0.01535
7.12,18.38,3.8949,50.5061,0.00000,0.01452
7.38,18.38,3.9122,52.7889,0.00000,0.01360
7.62,18.38,3.9359,55.2158,0.00000,0.01221
7.88,18.38,3.9415,57.5836,0.00000,0.01113
8.12,18.38,3.9369,59.4085,0.00000,0.01068
8.38,18.38,3.9541,60.3497,0.00000,0.01007
8.62,18.38,3.9852,60.4873,0.00000,0.00930
8.88,18.38,4.0265,60.3062,0.00000,0.00882
9.12,18.38,4.0635,60.4776,0.00000,0.00869
9.38,18.38,4.0779,60.8855,0.00000,0.00847
9.62,18.38,4.0800,61.4330,0.00000,0.00854
9.88,18.38,4.0851,62.3544,0.00000,0.00926
10.12,18.38,4.0884,63.6184,0.00000,0.01012
10.38,18.38,4.0781,64.9222,0.00000,0.01094
10.62,18.38,4.0773,65.7046,0.00000,0.01184
10.88,18.38,4.0723,66.0704,0.00000,0.01276
11.12,18.38,4.0619,67.0637,0.00000,0.01358
11.38,18.38,4.0556,68.9071,0.00000,0.01413
11.62,18.38,4.0470,70.4981,0.00000,0.01390
11.88,18.38,4.0337,71.5929,0.00000,0.01369
12.12,18.38,4.0317,73.5513,0.00000,0.01439
12.38,18.38,4.0305,75.8747,0.00000,0.01578
12.62,18.38,4.0186,77.1542,0.00000,0.01728
12.88,18.38,4.0042,77.6367,0.00000,0.01877
13.12,18.38,3.9777,78.1325,0.00000,0.02080
13.38,18.38,3.9387,78.9440,0.00000,0.02368
13.62,18.38,3.9135,80.6210,0.00000,0.02728
13.88,18.38,3.8898,82.6950,0.00004,0.03304
14.12,18.38,3.8467,84.2006,0.00143,0.04260
14.38,18.38,3.8189,84.3226,0.01742,0.05806
14.62,18.38,3.7886,81.4175,0.07807,0.08319
14.88,18.38,3.7632,75.2547,0.12871,0.12560
15.12,18.38,3.6718,67.7660,0.07807,0.19601
15.38,18.38,3.5127,60.9046,0.01742,0.30528
15.62,18.38,3.3800,56.1471,0.00143,0.46533
15.88,18.38,3.2792,53.3994,0.00053,0.68789
16.12,18.38,3.1354,51.9756,0.01607,0.98416
16.38,18.38,3.1010,57.7162,0.19654,1.32204
16.62,18.38,3.4938,82.7936,0.93125,1.50515
16.88,18.38,4.0146,117.9215,2.06642,1.40544
2.62,18.62,3.0040,37.7782,0.00000,0.09600
2.88,18.62,3.7082,32.8240,0.00000,0.12568
3.12,18.62,3.6840,27.6826,0.00000,0.12227
3.38,18.62,3.6565,24.2396,0.00000,0.11317
3.62,18.62,3.5863,23.8290,0.00000,0.09168
3.88,18.62,3.6232,24.7335,0.00000,0.07415
4.12,18.62,3.6098,26.4763,0.00000,0.06149
4.38,18.62,3.6588,28.3330,0.00000,0.05284
4.62,18.62,3.6675,30.7177,0.00000,0.04608
4.88,18.62,3.6943,33.6505,0.00000,0.04101
5.12,18.62,3.7131,37.4116,0.00000,0.03767
5.38,18.62,3.7262,40.6842,0.00000,0.03330
5.62,18.62,3.7151,42.2995,0.00000,0.02850
5.88,18.62,3.7074,42.5926,0.00000,0.02554
6.12,18.62,3.7107,43.6209,0.00000,0.02391
6.38,18.62,3.7259,45.5552,0.00000,0.02114
6.62,18.62,3.7459,47.1205,0.00000,0.01752
6.88,18.62,3.7617,48.2147,0.00000,0.01515
7.12,18.62,3.7761,49.9806,0.00000,0.01406
7.38,18.62,3.7924,52.3917,0.00000,0.01337
7.62,18.62,3.8097,54.9452,0.00000,0.01221
7.88,18.62,3.8166,57.3048,0.00000,0.01070
8.12,18.62,3.8201,59.3391,0.00000,0.00977
8.38,18.62,3.8386,60.6184,0.00000,0.00946
8.62,18.62,3.8604,60.6761,0.00000,0.00924
8.88,18.62,3.8836,60.0715,0.00000,0.00901
9.12,18.62,3.9054,59.9297,0.00000,0.00891
9.38,18.62,3.9146,60.2472,0.00000,0.00864
9.62,18.62,3.9202,60.8086,0.00000,0.00861
9.88,18.62,3.9337,61.6414,0.00000,0.00928
10.12,18.62,3.9298,62.6385,0.00000,0.00995
10.38,18.62,3.9054,63.6294,0.00000,0.01025
10.62,18.62,3.8944,64.2339,0.00000,0.01062
10.88,18.62,3.8931,64.7193,0.00000,0.01116
11.12,18.62,3.8878,65.7981,0.00000,0.01184
11.38,18.62,3.8873,67.6202,0.00000,0.01263
11.62,18.62,3.8798,69.3246,0.00000,0.01322
11.88,18.62,3.8647,70.4253,0.00000,0.01340
12.12,18.62,3.8634,72.1526,0.00000,0.01397
12.38,18.62,3.8749,74.2029,0.00000,0.01499
12.62,18.62,3.8808,75.6653,0.00000,0.01638
12.88,18.62,3.8784,76.5911,0.00000,0.01795
13.12,18.62,3.8680,77.1597,0.00000,0.02008
13.38,18.62,3.8499,77.9134,0.00000,0.02321
13.62,18.62,3.8342,79.5040,0.00000,0.02731
13.88,18.62,3.8182,80.6377,0.00001,0.03361
14.12,18.62,3.7875,80.2992,0.00032,0.04347
14.38,18.62,3.7500,78.8356,0.00389,0.05898
14.62,18.62,3.7033,75.7349,0.01742,0.08243
14.88,18.62,3.6480,71.2209,0.02872,0.11663
15.12,18.62,3.5817,67.1600,0.01742,0.17252
15.38,18.62,3.5094,64.2140,0.00389,0.25990
15.62,18.62,3.4343,62.3766,0.00032,0.38011
15.88,18.62,3.3479,62.0384,0.00084,0.53612
16.12,18.62,3.2507,64.2042,0.02737,0.69966
16.38,18.62,3.4588,78.5380,0.33486,0.79294
16.62,18.62,4.4223,120.5714,1.58680,0.72735
16.88,18.62,5.6688,175.9099,3.52122,0.53062
2.62,18.88,2.9627,38.3713,0.00000,0.08593
2.88,18.88,3.6768,33.7929,0.00000,0.11275
3.12,18.88,3.6800,28.6504,0.00000,0.10848
3.38,18.88,3.6727,24.9715,0.00000,0.09917
3.62,18.88,3.6058,24.4353,0.00000,0.08219
3.88,18.88,3.6302,25.3590,0.00000,0.06894
4.12,18.88,3.6090,27.1046,0.00000,0.05725
4.38,18.88,3.6447,28.8606,0.00000,0.04874
4.62,18.88,3.6501,30.8371,0.00000,0.04328
4.88,18.88,3.6803,33.0385,0.00000,0.03860
5.12,18.88,3.6953,36.0330,0.00000,0.03588
5.38,18.88,3.6964,39.0276,0.00000,0.03231
5.62,18.88,3.7041,40.7680,0.00000,0.02792
5.88,18.88,3.7172,41.1615,0.00000,0.02592
6.12,18.88,3.7272,41.9186,0.00000,0.02520
6.38,18.88,3.7365,43.3668,0.00000,0.02256
6.62,18.88,3.7551,44.7671,0.00000,0.01874
6.88,18.88,3.7754,46.1237,0.00000,0.01627
7.12,18.88,3.8000,48.3282,0.00000,0.01491
7.38,18.88,3.8156,51.2937,0.00000,0.01381
7.62,18.88,3.8153,53.9610,0.00000,0.01255
7.88,18.88,3.8195,56.0766,0.00000,0.01080
8.12,18.88,3.8329,58.1124,0.00000,0.00943
8.38,18.88,3.8559,59.5931,0.00000,0.00910
8.62,18.88,3.8763,59.8771,0.00000,0.00919
8.88,18.88,3.8846,59.5093,0.00000,0.00902
9.12,18.88,3.8894,59.5608,0.00000,0.00884
9.38,18.88,3.8968,60.1406,0.00000,0.00871
9.62,18.88,3.9055,60.8733,0.00000,0.00882
9.88,18.88,3.9173,61.6358,0.00000,0.00933
10.12,18.88,3.9089,62.4053,0.00000,0.00969
10.38,18.88,3.8871,63.2530,0.00000,0.00974
10.62,18.88,3.8747,63.9107,0.00000,0.00991
10.88,18.88,3.8742,64.4144,0.00000,0.01025
11.12,18.88,3.8766,65.2570,0.00000,0.01085
11.38,18.88,3.8886,66.5787,0.00000,0.01186
11.62,18.88,3.8905,68.0614,0.00000,0.01309
11.88,18.88,3.8808,69.4022,0.00000,0.01359
12.12,18.88,3.8756,70.9375,0.00000,0.01406
12.38,18.88,3.8765,72.5502,0.00000,0.01463
12.62,18.88,3.8725,74.1706,0.00000,0.01571
12.88,18.88,3.8595,75.5381,0.00000,0.01741
13.12,18.88,3.8486,76.3144,0.00000,0.01977
13.38,18.88,3.8397,77.0571,0.00000,0.02275
13.62,18.88,3.8311,78.2630,0.00000,0.02689
13.88,18.88,3.8110,78.5390,0.00000,0.03309
14.12,18.88,3.7960,77.6117,0.00003,0.04208
14.38,18.88,3.7526,76.0758,0.00032,0.05498
14.62,18.88,3.6931,73.7234,0.00143,0.07315
14.88,18.88,3.6524,71.4519,0.00236,0.09762
15.12,18.88,3.6019,70.3203,0.00143,0.13438
15.38,18.88,3.5568,70.2298,0.00032,0.19024
15.62,18.88,3.5021,71.0060,0.00003,0.26123
15.88,18.88,3.4368,74.2137,0.00055,0.33771
16.12,18.88,3.3733,80.4276,0.01809,0.38798
16.38,18.88,3.5969,95.3630,0.22134,0.36639
16.62,18.88,4.3248,125.8325,1.04886,0.27814
16.88,18.88,5.1492,162.7201,2.32751,0.17071
2.62,19.12,2.9760,39.7115,0.00000,0.07784
2.88,19.12,3.7002,35.4128,0.00000,0.10171
3.12,19.12,3.6887,30.1780,0.00000,0.09567
3.38,19.12,3.6638,26.0103,0.00000,0.08608
3.62,19.12,3.5880,24.9777,0.00000,0.07317
3.88,19.12,3.5893,25.5944,0.00000,0.06308
4.12,19.12,3.5574,27.1903,0.00000,0.05240
4.38,19.12,3.5693,28.9593,0.00000,0.04332
4.62,19.12,3.5594,30.7000,0.00000,0.03809
4.88,19.12,3.5677,32.3680,0.00000,0.03447
5.12,19.12,3.5789,34.6080,0.00000,0.03220
5.38,19.12,3.5837,37.0756,0.00000,0.02969
5.62,19.12,3.5957,38.9857,0.00000,0.02653
5.88,19.12,3.6126,39.8794,0.00000,0.02431
6.12,19.12,3.6258,40.6896,0.00000,0.02278
6.38,19.12,3.6362,41.6566,0.00000,0.02096
6.62,19.12,3.6448,42.5931,0.00000,0.01868
6.88,19.12,3.6574,44.0401,0.00000,0.01664
7.12,19.12,3.6747,46.6071,0.00000,0.01496
7.38,19.12,3.6859,49.9246,0.00000,0.01302
7.62,19.12,3.6838,52.5591,0.00000,0.01136
7.88,19.12,3.6892,54.3963,0.00000,0.00998
8.12,19.12,3.7072,56.3663,0.00000,0.00895
8.38,19.12,3.7201,57.9874,0.00000,0.00868
8.62,19.12,3.7280,58.6963,0.00000,0.00876
8.88,19.12,3.7296,58.7879,0.00000,0.00861
9.12,19.12,3.7264,59.0258,0.00000,0.00846
9.38,19.12,3.7321,59.6826,0.00000,0.00870
9.62,19.12,3.7405,60.5259,0.00000,0.00925
9.88,19.12,3.7422,61.4109,0.00000,0.00956
10.12,19.12,3.7356,62.3201,0.00000,0.00949
10.38,19.12,3.7257,63.4281,0.00000,0.00950
10.62,19.12,3.7237,64.3259,0.00000,0.00961
10.88,19.12,3.7288,64.5698,0.00000,0.00958
11.12,19.12,3.7400,64.8012,0.00000,0.00978
11.38,19.12,3.7509,65.3868,0.00000,0.01054
11.62,19.12,3.7580,66.2773,0.00000,0.01161
11.88,19.12,3.7622,67.5591,0.00000,0.01223
12.12,19.12,3.7678,68.9856,0.00000,0.01268
12.38,19.12,3.7646,70.5157,0.00000,0.01316
12.62,19.12,3.7587,72.6119,0.00000,0.01430
12.88,19.12,3.7494,74.5184,0.00000,0.01647
13.12,19.12,3.7414,75.5189,0.00000,0.01922
13.38,19.12,3.7427,76.2477,0.00000,0.02191
13.62,19.12,3.7426,76.9632,0.00000,0.02581
13.88,19.12,3.7344,76.7742,0.00000,0.03178
14.12,19.12,3.7294,75.9635,0.00000,0.03969
14.38,19.12,3.7116,74.8885,0.00001,0.04989
14.62,19.12,3.6886,73.7729,0.00004,0.06312
14.88,19.12,3.6841,73.8028,0.00007,0.08048
15.12,19.12,3.6628,75.2379,0.00004,0.10324
15.38,19.12,3.6271,77.4513,0.00001,0.13223
15.62,19.12,3.5701,79.9287,0.00000,0.16399
15.88,19.12,3.5265,85.1553,0.00015,0.18786
16.12,19.12,3.4801,92.6664,0.00494,0.19077
16.38,19.12,3.5798,103.5825,0.06046,0.16290
16.62,19.12,3.7533,116.5712,0.28650,0.11997
16.88,19.12,3.9386,130.3686,0.63576,0.07915
2.62,19.38,2.9472,41.8026,0.00000,0.06732
2.88,19.38,3.6272,37.5968,0.00000,0.08617
3.12,19.38,3.6497,32.0825,0.00000,0.08094
3.38,19.38,3.6709,27.2535,0.00000,0.07421
3.62,19.38,3.6020,25.5929,0.00000,0.06533
3.88,19.38,3.6093,25.8834,0.00000,0.05840
4.12,19.38,3.6005,27.0554,0.00000,0.04961
4.38,19.38,3.5938,28.4370,0.00000,0.04017
4.62,19.38,3.5827,30.0374,0.00000,0.03488
4.88,19.38,3.6053,31.6747,0.00000,0.03262
5.12,19.38,3.6329,33.4862,0.00000,0.03049
5.38,19.38,3.6491,35.1395,0.00000,0.02845
5.62,19.38,3.6618,36.8365,0.00000,0.02644
5.88,19.38,3.6803,38.5120,0.00000,0.02389
6.12,19.38,3.6991,40.0701,0.00000,0.02117
6.38,19.38,3.7248,41.1527,0.00000,0.01991
6.62,19.38,3.7447,41.9880,0.00000,0.01897
6.88,19.38,3.7559,43.6917,0.00000,0.01702
7.12,19.38,3.7607,46.3181,0.00000,0.01477
7.38,19.38,3.7744,49.0932,0.00000,0.01235
7.62,19.38,3.7823,51.3440,0.00000,0.01057
7.88,19.38,3.7842,53.1765,0.00000,0.00954
8.12,19.38,3.7955,55.2261,0.00000,0.00888
8.38,19.38,3.8005,57.2123,0.00000,0.00861
8.62,19.38,3.7968,58.6419,0.00000,0.00850
8.88,19.38,3.7841,59.4030,0.00000,0.00839
9.12,19.38,3.7669,59.8540,0.00000,0.00851
9.38,19.38,3.7629,60.4935,0.00000,0.00924
9.62,19.38,3.7631,61.6273,0.00000,0.01023
9.88,19.38,3.7549,63.0420,0.00000,0.01051
10.12,19.38,3.7581,64.5797,0.00000,0.01028
10.38,19.38,3.7687,66.0632,0.00000,0.01028
10.62,19.38,3.7799,66.8436,0.00000,0.01026
10.88,19.38,3.7851,66.6702,0.00000,0.00978
11.12,19.38,3.7952,66.4460,0.00000,0.00947
11.38,19.38,3.8034,66.7482,0.00000,0.00976
11.62,19.38,3.8148,67.4175,0.00000,0.01047
11.88,19.38,3.8254,68.5532,0.00000,0.01116
12.12,19.38,3.8302,70.1776,0.00000,0.01161
12.38,19.38,3.8207,72.3027,0.00000,0.01212
12.62,19.38,3.8188,74.9148,0.00000,0.01340
12.88,19.38,3.8222,76.9149,0.00001,0.01573
13.12,19.38,3.8140,77.5860,0.00004,0.01845
13.38,19.38,3.8192,77.8422,0.00006,0.02114
13.62,19.38,3.8151,78.1770,0.00005,0.02518
13.88,19.38,3.7990,78.1020,0.00005,0.03074
14.12,19.38,3.7830,77.6598,0.00007,0.03709
14.38,19.38,3.7558,76.7805,0.00006,0.04438
14.62,19.38,3.7296,76.2945,0.00003,0.05265
14.88,19.38,3.7052,77.3015,0.00004,0.06242
15.12,19.38,3.6701,79.7727,0.00008,0.07535
15.38,19.38,3.6420,83.1123,0.00010,0.08939
15.62,19.38,3.5869,86.2818,0.00012,0.10058
15.88,19.38,3.5640,91.2562,0.00017,0.10467
16.12,19.38,3.5288,97.4418,0.00073,0.09960
16.38,19.38,3.5740,105.0603,0.00783,0.08423
16.62,19.38,3.5808,111.4255,0.03688,0.06575
16.88,19.38,3.6806,119.2327,0.08173,0.04992
2.62,19.62,2.9759,44.8793,0.00000,0.05750
2.88,19.62,3.6537,40.2302,0.00000,0.07191
3.12,19.62,3.6632,34.1821,0.00000,0.06669
3.38,19.62,3.6584,28.7401,0.00000,0.06126
3.62,19.62,3.6100,26.4374,0.00000,0.05603
3.88,19.62,3.6216,26.3101,0.00000,0.05217
4.12,19.62,3.5975,27.0747,0.00000,0.04566
4.38,19.62,3.5826,27.9396,0.00000,0.03768
4.62,19.62,3.5649,29.3409,0.00000,0.03274
4.88,19.62,3.5881,30.9992,0.00000,0.03057
5.12,19.62,3.6219,32.6254,0.00000,0.02827
5.38,19.62,3.6404,33.7799,0.00000,0.02625
5.62,19.62,3.6538,35.0642,0.00000,0.02514
5.88,19.62,3.6720,37.0449,0.00000,0.02314
6.12,19.62,3.6898,39.2418,0.00000,0.01989
6.38,19.62,3.7087,40.8161,0.00000,0.01790
6.62,19.62,3.7287,42.0851,0.00000,0.01703
6.88,19.62,3.7377,44.2453,0.00000,0.01551
7.12,19.62,3.7376,46.9706,0.00000,0.01340
7.38,19.62,3.7470,49.2546,0.00000,0.01149
7.62,19.62,3.7573,51.2583,0.00000,0.01008
7.88,19.62,3.7595,53.3348,0.00000,0.00904
8.12,19.62,3.7639,55.6392,0.00000,0.00848
8.38,19.62,3.7673,57.9742,0.00000,0.00823
8.62,19.62,3.7640,59.9197,0.00000,0.00784
8.88,19.62,3.7535,61.2081,0.00000,0.00760
9.12,19.62,3.7414,61.9987,0.00000,0.00792
9.38,19.62,3.7364,62.9072,0.00000,0.00881
9.62,19.62,3.7365,64.4649,0.00000,0.00976
9.88,19.62,3.7309,66.4144,0.00000,0.01018
10.12,19.62,3.7373,68.5845,0.00000,0.01017
10.38,19.62,3.7544,70.3240,0.00000,0.01021
10.62,19.62,3.7670,70.9826,0.00000,0.01003
10.88,19.62,3.7713,70.7806,0.00000,0.00932
11.12,19.62,3.7778,70.5644,0.00000,0.00883
11.38,19.62,3.7898,70.7983,0.00000,0.00888
11.62,19.62,3.7998,71.4648,0.00000,0.00935
11.88,19.62,3.8057,72.7065,0.00000,0.01003
12.12,19.62,3.8058,74.7095,0.00000,0.01057
12.38,19.62,3.7970,77.2534,0.00000,0.01118
12.62,19.62,3.7945,79.9293,0.00002,0.01239
12.88,19.62,3.7998,81.9036,0.00028,0.01443
13.12,19.62,3.7960,82.4416,0.00126,0.01665
13.38,19.62,3.7986,82.2716,0.00209,0.01911
13.62,19.62,3.7955,82.5125,0.00153,0.02293
13.88,19.62,3.7797,82.7820,0.00158,0.02763
14.12,19.62,3.7803,82.5772,0.00243,0.03234
14.38,19.62,3.7764,82.0306,0.00190,0.03689
14.62,19.62,3.7642,82.0792,0.00090,0.04156
14.88,19.62,3.7532,83.0855,0.00129,0.04654
15.12,19.62,3.7245,84.8776,0.00264,0.05388
15.38,19.62,3.7031,87.7261,0.00327,0.06121
15.62,19.62,3.6548,90.8547,0.00406,0.06487
15.88,19.62,3.6248,94.7344,0.00493,0.06480
16.12,19.62,3.5721,98.9434,0.00353,0.06096
16.38,19.62,3.5778,104.5237,0.00681,0.05248
16.62,19.62,3.5782,108.7963,0.02544,0.04289
16.88,19.62,3.7333,115.7127,0.05316,0.03526
2.62,19.88,2.8612,46.9657,0.00000,0.04578
2.88,19.88,3.6681,42.5213,0.00000,0.05841
3.12,19.88,3.7594,37.0426,0.00000,0.05534
3.38,19.88,3.8050,31.9879,0.00000,0.05240
3.62,19.88,3.8041,29.7846,0.00000,0.05015
3.88,19.88,3.8326,29.2846,0.00000,0.04789
4.12,19.88,3.8484,29.6396,0.00000,0.04358
4.38,19.88,3.8729,30.2381,0.00000,0.03766
4.62,19.88,3.8669,31.2555,0.00000,0.03297
4.88,19.88,3.8692,32.4971,0.00000,0.03014
5.12,19.88,3.8955,33.7661,0.00000,0.02806
5.38,19.88,3.9289,34.8137,0.00000,0.02603
5.62,19.88,3.9584,35.9862,0.00000,0.02460
5.88,19.88,3.9792,37.8278,0.00000,0.02307
6.12,19.88,3.9979,40.1205,0.00000,0.02061
6.38,19.88,4.0055,42.1828,0.00000,0.01810
6.62,19.88,4.0069,44.1104,0.00000,0.01649
6.88,19.88,4.0035,46.5424,0.00000,0.01500
7.12,19.88,4.0081,49.3771,0.00000,0.01303
7.38,19.88,4.0190,51.9588,0.00000,0.01151
7.62,19.88,4.0352,54.3752,0.00000,0.01021
7.88,19.88,4.0356,56.9125,0.00000,0.00882
8.12,19.88,4.0192,59.7133,0.00000,0.00798
8.38,19.88,4.0012,62.4399,0.00000,0.00759
8.62,19.88,3.9948,64.7740,0.00000,0.00714
8.88,19.88,3.9940,66.7465,0.00000,0.00685
9.12,19.88,3.9814,68.4136,0.00000,0.00702
9.38,19.88,3.9565,69.9752,0.00000,0.00750
9.62,19.88,3.9413,71.7161,0.00000,0.00798
9.88,19.88,3.9248,73.6461,0.00000,0.00825
10.12,19.88,3.9137,75.8589,0.00000,0.00835
10.38,19.88,3.9236,77.7778,0.00000,0.00836
10.62,19.88,3.9405,79.1740,0.00000,0.00821
10.88,19.88,3.9396,79.9663,0.00000,0.00784
11.12,19.88,3.9281,80.1040,0.00000,0.00774
11.38,19.88,3.9208,79.9110,0.00000,0.00799
11.62,19.88,3.9118,80.4954,0.00000,0.00842
11.88,19.88,3.9071,82.1224,0.00000,0.00899
12.12,19.88,3.9042,84.5557,0.00000,0.00949
12.38,19.88,3.8978,87.3375,0.00001,0.01007
12.62,19.88,3.8886,90.1392,0.00028,0.01109
12.88,19.88,3.8690,92.3989,0.00343,0.01268
13.12,19.88,3.8522,93.3908,0.01536,0.01439
13.38,19.88,3.8421,93.4519,0.02558,0.01629
13.62,19.88,3.8176,93.7486,0.01876,0.01899
13.88,19.88,3.7823,94.3821,0.01939,0.02211
14.12,19.88,3.7777,94.5374,0.02971,0.02515
14.38,19.88,3.7898,94.2417,0.02319,0.02783
14.62,19.88,3.7809,94.5703,0.01103,0.03047
14.88,19.88,3.7901,95.6067,0.01573,0.03350
15.12,19.88,3.7812,96.0408,0.03233,0.03790
15.38,19.88,3.7716,97.3840,0.03999,0.04196
15.62,19.88,3.7363,99.9185,0.04968,0.04435
15.88,19.88,3.6712,102.6357,0.06028,0.04434
16.12,19.88,3.5522,104.4466,0.04027,0.04134
16.38,19.88,3.4957,107.5304,0.04793,0.03607
16.62,19.88,3.4917,110.0094,0.14347,0.02987
16.88,19.88,3.7803,117.1516,0.27802,0.02499
2.62,20.12,2.7609,46.5093,0.00000,0.04056
2.88,20.12,3.6276,43.7162,0.00000,0.05293
3.12,20.12,3.6656,40.3938,0.00000,0.05002
3.38,20.12,3.7379,36.7818,0.00000,0.04753
3.62,20.12,3.7639,35.1907,0.00000,0.04492
3.88,20.12,3.7700,34.1303,0.00000,0.04158
4.12,20.12,3.8028,33.7241,0.00000,0.03845
4.38,20.12,3.8206,34.2036,0.00000,0.03404
4.62,20.12,3.8248,34.9021,0.00000,0.03012
4.88,20.12,3.8139,35.5899,0.00000,0.02744
5.12,20.12,3.8329,36.5679,0.00000,0.02592
5.38,20.12,3.8720,37.6956,0.00000,0.02402
5.62,20.12,3.9085,38.9914,0.00000,0.02169
5.88,20.12,3.9294,40.6968,0.00000,0.02044
6.12,20.12,3.9418,42.8373,0.00000,0.01972
6.38,20.12,3.9479,45.1462,0.00000,0.01774
6.62,20.12,3.9537,47.6462,0.00000,0.01553
6.88,20.12,3.9589,50.2289,0.00000,0.01393
7.12,20.12,3.9705,52.9954,0.00000,0.01214
7.38,20.12,3.9814,55.8551,0.00000,0.01062
7.62,20.12,3.9996,58.6631,0.00000,0.00942
7.88,20.12,4.0020,61.3644,0.00000,0.00811
8.12,20.12,3.9877,64.3689,0.00000,0.00723
8.38,20.12,3.9688,67.2918,0.00000,0.00674
8.62,20.12,3.9687,69.8719,0.00000,0.00637
8.88,20.12,3.9738,72.5146,0.00000,0.00612
9.12,20.12,3.9698,75.3176,0.00000,0.00611
9.38,20.12,3.9514,77.7428,0.00000,0.00631
9.62,20.12,3.9411,79.6758,0.00000,0.00651
9.88,20.12,3.9267,81.4689,0.00000,0.00659
10.12,20.12,3.9171,83.6917,0.00000,0.00667
10.38,20.12,3.9251,86.0528,0.00000,0.00663
10.62,20.12,3.9444,88.5407,0.00000,0.00652
10.88,20.12,3.9432,90.7526,0.00000,0.00650
11.12,20.12,3.9365,91.7880,0.00000,0.00673
11.38,20.12,3.9241,91.4767,0.00000,0.00716
11.62,20.12,3.9152,91.8545,0.00000,0.00763
11.88,20.12,3.9122,93.7238,0.00000,0.00806
12.12,20.12,3.9114,96.7029,0.00000,0.00846
12.38,20.12,3.9095,100.1974,0.00004,0.00901
12.62,20.12,3.9178,103.7138,0.00133,0.00996
12.88,20.12,3.9063,106.4645,0.01623,0.01123
13.12,20.12,3.8924,108.0351,0.07278,0.01249
13.38,20.12,3.8973,108.8935,0.12123,0.01389
13.62,20.12,3.8583,109.0838,0.08889,0.01545
13.88,20.12,3.8202,109.7005,0.09188,0.01711
14.12,20.12,3.8381,110.1980,0.14080,0.01896
14.38,20.12,3.8590,109.6100,0.10990,0.02083
14.62,20.12,3.8181,109.1847,0.05229,0.02260
14.88,20.12,3.8182,109.8717,0.07454,0.02468
15.12,20.12,3.8413,109.1874,0.15322,0.02750
15.38,20.12,3.8534,109.6852,0.18951,0.02962
15.62,20.12,3.8263,111.9638,0.23544,0.03149
15.88,20.12,3.8129,114.0850,0.28550,0.03206
16.12,20.12,3.6712,114.1588,0.18654,0.03040
16.38,20.12,3.5505,114.0134,0.17443,0.02736
16.62,20.12,3.5930,114.6252,0.43012,0.02247
16.88,20.12,4.0630,123.6615,0.76324,0.01824
2.62,20.38,2.3712,49.4570,0.00000,0.03967
2.88,20.38,3.0882,47.7636,0.00000,0.05090
3.12,20.38,3.0813,45.4286,0.00000,0.04535
3.38,20.38,3.2056,42.5318,0.00000,0.04059
3.62,20.38,3.3272,41.2081,0.00000,0.03731
3.88,20.38,3.3383,39.4981,0.00000,0.03356
4.12,20.38,3.3118,38.3383,0.00000,0.03053
4.38,20.38,3.2868,38.7304,0.00000,0.02674
4.62,20.38,3.3064,39.1865,0.00000,0.02374
4.88,20.38,3.2952,39.3010,0.00000,0.02149
5.12,20.38,3.3039,40.0620,0.00000,0.02029
5.38,20.38,3.3464,41.0485,0.00000,0.01902
5.62,20.38,3.3898,41.9168,0.00000,0.01685
5.88,20.38,3.4166,43.2256,0.00000,0.01569
6.12,20.38,3.4349,45.1730,0.00000,0.01561
6.38,20.38,3.4706,47.4033,0.00000,0.01438
6.62,20.38,3.5376,50.0173,0.00000,0.01247
6.88,20.38,3.5980,52.3825,0.00000,0.01130
7.12,20.38,3.6315,54.6813,0.00000,0.01018
7.38,20.38,3.6434,57.2713,0.00000,0.00890
7.62,20.38,3.6657,59.9940,0.00000,0.00798
7.88,20.38,3.6949,62.4265,0.00000,0.00724
8.12,20.38,3.7219,65.1302,0.00000,0.00677
8.38,20.38,3.7364,67.8518,0.00000,0.00630
8.62,20.38,3.7612,70.4832,0.00000,0.00588
8.88,20.38,3.7812,73.4725,0.00000,0.00559
9.12,20.38,3.8085,77.0894,0.00000,0.00549
9.38,20.38,3.8336,80.3169,0.00000,0.00558
9.62,20.38,3.8526,82.7745,0.00000,0.00570
9.88,20.38,3.8601,84.9426,0.00000,0.00567
10.12,20.38,3.8677,87.3732,0.00000,0.00571
10.38,20.38,3.8569,89.6746,0.00000,0.00566
10.62,20.38,3.8461,92.0184,0.00000,0.00558
10.88,20.38,3.8427,94.7213,0.00000,0.00569
11.12,20.38,3.8417,96.5732,0.00000,0.00600
11.38,20.38,3.8047,96.4354,0.00000,0.00637
11.62,20.38,3.7882,96.4588,0.00000,0.00679
11.88,20.38,3.8061,98.5048,0.00000,0.00717
12.12,20.38,3.8291,102.2115,0.00000,0.00759
12.38,20.38,3.8469,106.5874,0.00009,0.00822
12.62,20.38,3.8833,111.1518,0.00296,0.00922
12.88,20.38,3.9092,114.7578,0.03602,0.01030
13.12,20.38,3.9293,117.1668,0.16150,0.01126
13.38,20.38,3.9413,118.9482,0.26902,0.01236
13.62,20.38,3.8440,118.8200,0.19724,0.01316
13.88,20.38,3.8085,119.4887,0.20388,0.01402
14.12,20.38,3.8824,120.8110,0.31244,0.01533
14.38,20.38,3.8613,120.2298,0.24388,0.01663
14.62,20.38,3.7047,119.0965,0.11602,0.01766
14.88,20.38,3.6448,119.4317,0.16541,0.01886
15.12,20.38,3.6998,118.3944,0.34001,0.02060
15.38,20.38,3.7433,119.0093,0.42053,0.02156
15.62,20.38,3.7582,122.1057,0.52246,0.02258
15.88,20.38,3.8584,125.2412,0.63344,0.02327
16.12,20.38,3.7083,126.0198,0.41044,0.02257
16.38,20.38,3.5299,125.4894,0.34410,0.02052
16.62,20.38,3.6429,126.0056,0.75077,0.01662
16.88,20.38,4.2362,135.7959,1.24165,0.01291
