x,y,rho,contact,casualty,pressure
2.62,0.12,0.3098,0.0039,0.00000,0.24222
2.88,0.12,0.6007,0.0146,0.00000,0.46326
3.12,0.12,0.8407,0.0309,0.00000,0.62628
3.38,0.12,0.9093,0.0376,0.00000,0.62735
3.62,0.12,1.0011,0.0315,0.00000,0.62755
3.88,0.12,1.1582,0.0231,0.00000,0.67382
4.12,0.12,1.2301,0.0240,0.00000,0.65280
4.38,0.12,1.2472,0.0258,0.00000,0.59896
4.62,0.12,1.2813,0.0199,0.00000,0.57693
4.88,0.12,1.3059,0.0160,0.00000,0.55910
5.12,0.12,1.3026,0.0158,0.00000,0.51153
5.38,0.12,1.3156,0.0152,0.00000,0.46735
5.62,0.12,1.3413,0.0146,0.00000,0.45941
5.88,0.12,1.3283,0.0167,0.00000,0.45459
6.12,0.12,1.3556,0.0158,0.00000,0.44253
6.38,0.12,1.3901,0.0240,0.00000,0.44705
6.62,0.12,1.3479,0.3034,0.00000,0.45009
6.88,0.12,1.3372,3.5141,0.00000,0.48678
7.12,0.12,1.1032,16.5763,0.00000,0.46135
7.38,0.12,0.6487,36.7515,0.00000,0.30703
2.62,0.38,0.5986,0.0062,0.00000,0.43456
2.88,0.38,1.1471,0.0234,0.00000,0.81718
3.12,0.38,1.5305,0.0516,0.00000,1.06626
3.38,0.38,1.4819,0.0705,0.00000,0.99793
3.62,0.38,1.4552,0.0683,0.00000,0.92152
3.88,0.38,1.5957,0.0500,0.00000,0.95073
4.12,0.38,1.6271,0.0419,0.00000,0.89943
4.38,0.38,1.6033,0.0396,0.00000,0.79022
4.62,0.38,1.6397,0.0317,0.00000,0.72319
4.88,0.38,1.6538,0.0277,0.00000,0.68381
5.12,0.38,1.6262,0.0256,0.00000,0.63127
5.38,0.38,1.6397,0.0233,0.00000,0.58168
5.62,0.38,1.6710,0.0226,0.00000,0.56490
5.88,0.38,1.6441,0.0257,0.00000,0.55696
6.12,0.38,1.6860,0.0259,0.00000,0.54829
6.38,0.38,1.7282,0.0336,0.00000,0.54900
6.62,0.38,1.6346,0.2812,0.00000,0.52649
6.88,0.38,1.7258,3.1335,0.00000,0.57291
7.12,0.38,1.6173,14.7392,0.00000,0.57537
7.38,0.38,1.0397,32.6609,0.00000,0.39882
2.62,0.62,0.7561,0.0051,0.00000,0.46921
2.88,0.62,1.4550,0.0197,0.00000,0.88699
3.12,0.62,1.9014,0.0473,0.00000,1.14597
3.38,0.62,1.7312,0.0772,0.00000,1.02793
3.62,0.62,1.6207,0.0880,0.00000,0.90088
3.88,0.62,1.7609,0.0663,0.00000,0.91000
4.12,0.62,1.7666,0.0462,0.00000,0.85318
4.38,0.62,1.7208,0.0359,0.00000,0.74355
4.62,0.62,1.7587,0.0299,0.00000,0.67639
4.88,0.62,1.7782,0.0280,0.00000,0.63608
5.12,0.62,1.7565,0.0238,0.00000,0.58623
5.38,0.62,1.7675,0.0210,0.00000,0.53863
5.62,0.62,1.8037,0.0209,0.00000,0.51465
5.88,0.62,1.7758,0.0265,0.00000,0.50005
6.12,0.62,1.8132,0.0323,0.00000,0.49511
6.38,0.62,1.8505,0.0382,0.00000,0.49443
6.62,0.62,1.6504,0.2684,0.00000,0.44369
6.88,0.62,1.8075,2.9905,0.00000,0.47261
7.12,0.62,1.9562,14.0849,0.00000,0.50387
7.38,0.62,1.3788,31.2213,0.00000,0.36169
2.62,0.88,0.7456,0.0020,0.00000,0.32731
2.88,0.88,1.3890,0.0084,0.00000,0.62781
3.12,0.88,1.7496,0.0238,0.00000,0.81600
3.38,0.88,1.5997,0.0483,0.00000,0.72969
3.62,0.88,1.5909,0.0633,0.00000,0.64496
3.88,0.88,1.7360,0.0518,0.00000,0.64904
4.12,0.88,1.7349,0.0373,0.00000,0.60611
4.38,0.88,1.7371,0.0276,0.00000,0.54669
4.62,0.88,1.7825,0.0235,0.00000,0.51975
4.88,0.88,1.7986,0.0197,0.00000,0.49570
5.12,0.88,1.8062,0.0152,0.00000,0.45508
5.38,0.88,1.8093,0.0142,0.00000,0.40932
5.62,0.88,1.8625,0.0145,0.00000,0.38277
5.88,0.88,1.8724,0.0226,0.00000,0.36892
6.12,0.88,1.8975,0.0323,0.00000,0.36452
6.38,0.88,1.9767,0.0360,0.00000,0.36674
6.62,0.88,1.7036,0.2364,0.00000,0.31410
6.88,0.88,1.8121,2.6399,0.00000,0.32053
7.12,0.88,2.1418,12.4496,0.00000,0.36176
7.38,0.88,1.6062,27.6084,0.00000,0.26870
2.62,1.12,0.8920,0.0004,0.00000,0.21577
2.88,1.12,1.5194,0.0022,0.00000,0.40350
3.12,1.12,1.7621,0.0083,0.00000,0.51559
3.38,1.12,1.6710,0.0206,0.00000,0.47765
3.62,1.12,1.8152,0.0293,0.00000,0.45414
3.88,1.12,1.9123,0.0269,0.00000,0.45912
4.12,1.12,1.8740,0.0236,0.00000,0.43197
4.38,1.12,1.9363,0.0214,0.00000,0.41412
4.62,1.12,1.9809,0.0204,0.00000,0.41007
4.88,1.12,1.9784,0.0154,0.00000,0.39307
5.12,1.12,2.0054,0.0114,0.00000,0.36506
5.38,1.12,1.9883,0.0099,0.00000,0.32846
5.62,1.12,2.0549,0.0096,0.00000,0.30797
5.88,1.12,2.1036,0.0142,0.00000,0.29602
6.12,1.12,2.0529,0.0194,0.00000,0.27818
6.38,1.12,2.1618,0.0237,0.00000,0.27865
6.62,1.12,1.9385,0.1544,0.00000,0.24450
6.88,1.12,1.9999,1.6778,0.00000,0.24447
7.12,1.12,2.3713,7.8974,0.00000,0.28103
7.38,1.12,1.8105,17.5111,0.00000,0.21259
2.62,1.38,1.1730,0.0001,0.00000,0.16168
2.88,1.38,1.8303,0.0006,0.00000,0.27917
3.12,1.38,1.9157,0.0026,0.00000,0.33316
3.38,1.38,1.8157,0.0068,0.00000,0.31981
3.62,1.38,2.0504,0.0107,0.00000,0.33108
3.88,1.38,2.0709,0.0118,0.00000,0.33685
4.12,1.38,2.0072,0.0119,0.00000,0.32568
4.38,1.38,2.0906,0.0140,0.00000,0.32709
4.62,1.38,2.1052,0.0168,0.00000,0.32223
4.88,1.38,2.1034,0.0162,0.00000,0.30615
5.12,1.38,2.1635,0.0156,0.00000,0.29322
5.38,1.38,2.1363,0.0133,0.00000,0.27288
5.62,1.38,2.1907,0.0124,0.00000,0.26080
5.88,1.38,2.2785,0.0111,0.00000,0.25239
6.12,1.38,2.1132,0.0088,0.00000,0.22148
6.38,1.38,2.1822,0.0118,0.00000,0.21396
6.62,1.38,2.1060,0.0986,0.00000,0.19798
6.88,1.38,2.1694,1.0774,0.00000,0.19674
7.12,1.38,2.4996,5.0654,0.00000,0.22159
7.38,1.38,1.9048,11.2268,0.00000,0.16778
2.62,1.62,1.4272,0.0004,0.00000,0.13797
2.88,1.62,2.0457,0.0010,0.00000,0.21247
3.12,1.62,1.9005,0.0019,0.00000,0.22224
3.38,1.62,1.8048,0.0037,0.00000,0.21671
3.62,1.62,2.1560,0.0094,0.00000,0.24579
3.88,1.62,2.1369,0.0146,0.00000,0.25048
4.12,1.62,2.0942,0.0136,0.00000,0.24931
4.38,1.62,2.1657,0.0145,0.00000,0.25827
4.62,1.62,2.1610,0.0164,0.00000,0.25353
4.88,1.62,2.1820,0.0168,0.00000,0.24160
5.12,1.62,2.2648,0.0183,0.00000,0.23794
5.38,1.62,2.2627,0.0186,0.00000,0.22917
5.62,1.62,2.2674,0.0196,0.00000,0.21707
5.88,1.62,2.3707,0.0146,0.00000,0.21072
6.12,1.62,2.1426,0.0087,0.00000,0.18017
6.38,1.62,2.1862,0.0096,0.00000,0.17103
6.62,1.62,2.2896,0.0908,0.00000,0.16991
6.88,1.62,2.3575,1.0204,0.00000,0.16767
7.12,1.62,2.6087,4.8048,0.00000,0.18086
7.38,1.62,1.9724,10.6499,0.00000,0.13583
2.62,1.88,1.6957,0.0019,0.00000,0.12897
2.88,1.88,2.2794,0.0053,0.00000,0.18198
3.12,1.88,1.9126,0.0081,0.00000,0.16700
3.38,1.88,1.8347,0.0083,0.00000,0.16145
3.62,1.88,2.3001,0.0150,0.00000,0.19383
3.88,1.88,2.2704,0.0225,0.00000,0.19451
4.12,1.88,2.2524,0.0191,0.00000,0.19568
4.38,1.88,2.2550,0.0157,0.00000,0.20252
4.62,1.88,2.2590,0.0127,0.00000,0.20048
4.88,1.88,2.3179,0.0099,0.00000,0.19540
5.12,1.88,2.3869,0.0107,0.00000,0.19558
5.38,1.88,2.4436,0.0144,0.00000,0.19461
5.62,1.88,2.3799,0.0182,0.00000,0.17851
5.88,1.88,2.4471,0.0144,0.00000,0.16938
6.12,1.88,2.1962,0.0099,0.00000,0.14591
6.38,1.88,2.2340,0.0092,0.00000,0.14127
6.62,1.88,2.4939,0.0635,0.00000,0.15013
6.88,1.88,2.5725,0.7006,0.00000,0.14756
7.12,1.88,2.7539,3.2953,0.00000,0.15301
7.38,1.88,2.0650,7.3024,0.00000,0.11384
2.62,2.12,1.8732,0.0051,0.00000,0.11350
2.88,2.12,2.4454,0.0153,0.00000,0.15433
3.12,2.12,1.9653,0.0233,0.00000,0.13299
3.38,2.12,1.8991,0.0172,0.00000,0.12674
3.62,2.12,2.3877,0.0140,0.00000,0.15322
3.88,2.12,2.3861,0.0160,0.00000,0.15314
4.12,2.12,2.4240,0.0130,0.00000,0.15749
4.38,2.12,2.3092,0.0092,0.00000,0.15884
4.62,2.12,2.3052,0.0056,0.00000,0.15656
4.88,2.12,2.4031,0.0033,0.00000,0.15578
5.12,2.12,2.4546,0.0032,0.00000,0.15783
5.38,2.12,2.5815,0.0057,0.00000,0.16248
5.62,2.12,2.4561,0.0083,0.00000,0.14467
5.88,2.12,2.4765,0.0071,0.00000,0.13268
6.12,2.12,2.2415,0.0054,0.00000,0.11604
6.38,2.12,2.2703,0.0060,0.00000,0.11492
6.62,2.12,2.6338,0.0667,0.00000,0.12841
6.88,2.12,2.7137,0.7763,0.00000,0.12675
7.12,2.12,2.8289,3.6629,0.00000,0.12830
7.38,2.12,2.1055,8.1201,0.00000,0.09480
2.62,2.38,1.9472,0.0117,0.00000,0.09808
2.88,2.38,2.5173,0.0369,0.00000,0.13028
3.12,2.38,2.0243,0.0570,0.00000,0.10820
3.38,2.38,1.9827,0.0365,0.00000,0.10125
3.62,2.38,2.4223,0.0132,0.00000,0.12007
3.88,2.38,2.4526,0.0073,0.00000,0.12108
4.12,2.38,2.5631,0.0056,0.00000,0.12792
4.38,2.38,2.3530,0.0038,0.00000,0.12527
4.62,2.38,2.3409,0.0029,0.00000,0.12438
4.88,2.38,2.4702,0.0030,0.00000,0.12691
5.12,2.38,2.5136,0.0022,0.00000,0.12793
5.38,2.38,2.6872,0.0020,0.00000,0.13279
5.62,2.38,2.5033,0.0022,0.00000,0.11735
5.88,2.38,2.4868,0.0017,0.00000,0.10799
6.12,2.38,2.3063,0.0013,0.00000,0.09809
6.38,2.38,2.3439,0.0044,0.00000,0.09754
6.62,2.38,2.7691,0.1113,0.00000,0.11060
6.88,2.38,2.8308,1.3470,0.00000,0.10884
7.12,2.38,2.8838,6.3751,0.00000,0.10804
7.38,2.38,2.1328,14.1421,0.00000,0.07936
2.62,2.62,2.0430,0.0306,0.00000,0.08332
2.88,2.62,2.6401,0.1000,0.00000,0.10912
3.12,2.62,2.1624,0.1555,0.00000,0.08998
3.38,2.62,2.1165,0.0962,0.00000,0.08485
3.62,2.62,2.4526,0.0258,0.00000,0.09732
3.88,2.62,2.4906,0.0058,0.00000,0.09807
4.12,2.62,2.6632,0.0026,0.00000,0.10523
4.38,2.62,2.4278,0.0021,0.00000,0.10136
4.62,2.62,2.4188,0.0034,0.00000,0.10233
4.88,2.62,2.5450,0.0049,0.00000,0.10619
5.12,2.62,2.5736,0.0043,0.00000,0.10543
5.38,2.62,2.7586,0.0037,0.00000,0.10855
5.62,2.62,2.5420,0.0028,0.00000,0.09745
5.88,2.62,2.5065,0.0013,0.00000,0.09327
6.12,2.62,2.3880,0.0006,0.00000,0.08849
6.38,2.62,2.4389,0.0042,0.00000,0.08537
6.62,2.62,2.8897,0.1039,0.00000,0.09416
6.88,2.62,2.9384,1.2520,0.00000,0.09219
7.12,2.62,2.9574,5.9262,0.00000,0.09092
7.38,2.62,2.1798,13.1481,0.00000,0.06666
2.62,2.88,2.0919,0.0459,0.00000,0.06809
2.88,2.88,2.7219,0.1518,0.00000,0.08930
3.12,2.88,2.3077,0.2368,0.00000,0.07608
3.38,2.88,2.2532,0.1457,0.00000,0.07391
3.62,2.88,2.4437,0.0373,0.00000,0.08104
3.88,2.88,2.4810,0.0064,0.00000,0.08138
4.12,2.88,2.7075,0.0017,0.00000,0.08864
4.38,2.88,2.5110,0.0015,0.00000,0.08531
4.62,2.88,2.4959,0.0029,0.00000,0.08520
4.88,2.88,2.5729,0.0047,0.00000,0.08648
5.12,2.88,2.5971,0.0058,0.00000,0.08573
5.38,2.88,2.7780,0.0062,0.00000,0.08976
5.62,2.88,2.5716,0.0047,0.00000,0.08317
5.88,2.88,2.5403,0.0022,0.00000,0.08145
6.12,2.88,2.4856,0.0012,0.00000,0.07835
6.38,2.88,2.5363,0.0034,0.00000,0.07321
6.62,2.88,2.9682,0.0482,0.00000,0.07884
6.88,2.88,3.0075,0.5565,0.00000,0.07921
7.12,2.88,3.0156,2.6273,0.00000,0.08033
7.38,2.88,2.2196,5.8272,0.00000,0.05933
2.62,3.12,2.1034,0.0274,0.00000,0.05795
2.88,3.12,2.7695,0.0909,0.00000,0.07642
3.12,3.12,2.4608,0.1420,0.00000,0.06708
3.38,3.12,2.4187,0.0873,0.00000,0.06561
3.62,3.12,2.4592,0.0223,0.00000,0.06875
3.88,3.12,2.4814,0.0044,0.00000,0.06864
4.12,3.12,2.7209,0.0023,0.00000,0.07471
4.38,3.12,2.5923,0.0017,0.00000,0.07306
4.62,3.12,2.5818,0.0020,0.00000,0.07288
4.88,3.12,2.6066,0.0038,0.00000,0.07161
5.12,3.12,2.6357,0.0057,0.00000,0.07036
5.38,3.12,2.7919,0.0053,0.00000,0.07414
5.62,3.12,2.6287,0.0035,0.00000,0.07070
5.88,3.12,2.6123,0.0020,0.00000,0.06985
6.12,3.12,2.6169,0.0021,0.00000,0.06804
6.38,3.12,2.6561,0.0038,0.00000,0.06361
6.62,3.12,3.0314,0.0199,0.00000,0.06780
6.88,3.12,3.0488,0.2059,0.00000,0.06915
7.12,3.12,3.0505,0.9658,0.00000,0.07131
7.38,3.12,2.2438,2.1390,0.00000,0.05288
2.62,3.38,2.1423,0.0061,0.00000,0.04954
2.88,3.38,2.8506,0.0202,0.00000,0.06558
3.12,3.38,2.6302,0.0316,0.00000,0.05827
3.38,3.38,2.5905,0.0195,0.00000,0.05594
3.62,3.38,2.5135,0.0053,0.00000,0.05682
3.88,3.38,2.5315,0.0025,0.00000,0.05789
4.12,3.38,2.7368,0.0030,0.00000,0.06325
4.38,3.38,2.6613,0.0023,0.00000,0.06405
4.62,3.38,2.6538,0.0023,0.00000,0.06533
4.88,3.38,2.6452,0.0038,0.00000,0.06249
5.12,3.38,2.6888,0.0045,0.00000,0.05992
5.38,3.38,2.8023,0.0032,0.00000,0.06175
5.62,3.38,2.7008,0.0020,0.00000,0.05964
5.88,3.38,2.7011,0.0015,0.00000,0.05905
6.12,3.38,2.7624,0.0027,0.00000,0.05892
6.38,3.38,2.7883,0.0054,0.00000,0.05644
6.62,3.38,3.0931,0.0404,0.00000,0.06007
6.88,3.38,3.0860,0.4535,0.00000,0.06124
7.12,3.38,3.0862,2.1391,0.00000,0.06320
7.38,3.38,2.2703,4.7433,0.00000,0.04688
2.62,3.62,2.1685,0.0005,0.00000,0.04262
2.88,3.62,2.9126,0.0017,0.00000,0.05665
3.12,3.62,2.7808,0.0027,0.00000,0.05085
3.38,3.62,2.7568,0.0020,0.00000,0.04770
3.62,3.62,2.5866,0.0014,0.00000,0.04672
3.88,3.62,2.5988,0.0018,0.00000,0.04822
4.12,3.62,2.7431,0.0025,0.00000,0.05227
4.38,3.62,2.7039,0.0030,0.00000,0.05413
4.62,3.62,2.6879,0.0043,0.00000,0.05610
4.88,3.62,2.6681,0.0048,0.00000,0.05314
5.12,3.62,2.7515,0.0036,0.00000,0.05100
5.38,3.62,2.8272,0.0025,0.00000,0.05190
5.62,3.62,2.7962,0.0023,0.00000,0.05123
5.88,3.62,2.8003,0.0018,0.00000,0.05130
6.12,3.62,2.8992,0.0021,0.00000,0.05259
6.38,3.62,2.9102,0.0055,0.00000,0.05138
6.62,3.62,3.1525,0.0656,0.00000,0.05459
6.88,3.62,3.1286,0.7380,0.00000,0.05587
7.12,3.62,3.1311,3.4671,0.00000,0.05790
7.38,3.62,2.3041,7.6846,0.00000,0.04298
2.62,3.88,2.1937,0.0000,0.00000,0.03919
2.88,3.88,2.9674,0.0001,0.00000,0.05217
3.12,3.88,2.9068,0.0005,0.00000,0.04694
3.38,3.88,2.9016,0.0020,0.00000,0.04280
3.62,3.88,2.6710,0.0036,0.00000,0.03986
3.88,3.88,2.6741,0.0034,0.00000,0.04038
4.12,3.88,2.7389,0.0033,0.00000,0.04246
4.38,3.88,2.7231,0.0046,0.00000,0.04408
4.62,3.88,2.6954,0.0063,0.00000,0.04584
4.88,3.88,2.6820,0.0054,0.00000,0.04360
5.12,3.88,2.8270,0.0034,0.00000,0.04268
5.38,3.88,2.8800,0.0026,0.00000,0.04309
5.62,3.88,2.9178,0.0028,0.00000,0.04378
5.88,3.88,2.9106,0.0026,0.00000,0.04486
6.12,3.88,3.0221,0.0027,0.00000,0.04726
6.38,3.88,3.0136,0.0067,0.00000,0.04694
6.62,3.88,3.2082,0.0541,0.00000,0.04982
6.88,3.88,3.1662,0.4767,0.00000,0.05045
7.12,3.88,3.1606,2.1468,0.00000,0.05164
7.38,3.88,2.3234,4.7298,0.00000,0.03816
2.62,4.12,2.2234,0.0000,0.00000,0.03606
2.88,4.12,3.0185,0.0001,0.00000,0.04829
3.12,4.12,2.9971,0.0009,0.00000,0.04473
3.38,4.12,3.0048,0.0036,0.00000,0.04129
3.62,4.12,2.7609,0.0067,0.00000,0.03664
3.88,4.12,2.7639,0.0067,0.00000,0.03602
4.12,4.12,2.7354,0.0058,0.00000,0.03682
4.38,4.12,2.7213,0.0059,0.00000,0.03709
4.62,4.12,2.6809,0.0062,0.00000,0.03729
4.88,4.12,2.6904,0.0047,0.00000,0.03564
5.12,4.12,2.9095,0.0032,0.00000,0.03596
5.38,4.12,2.9452,0.0025,0.00000,0.03599
5.62,4.12,3.0309,0.0025,0.00000,0.03733
5.88,4.12,3.0117,0.0035,0.00000,0.03891
6.12,4.12,3.1294,0.0048,0.00000,0.04178
6.38,4.12,3.0983,0.0097,0.00000,0.04162
6.62,4.12,3.2581,0.0432,0.00000,0.04389
6.88,4.12,3.2023,0.2230,0.00000,0.04435
7.12,4.12,3.1873,0.8702,0.00000,0.04526
7.38,4.12,2.3406,1.8740,0.00000,0.03338
2.62,4.38,2.2465,0.0001,0.00000,0.03104
2.88,4.38,3.0587,0.0003,0.00000,0.04218
3.12,4.38,3.0708,0.0013,0.00000,0.04152
3.38,4.38,3.1023,0.0035,0.00000,0.04042
3.62,4.38,2.8670,0.0059,0.00000,0.03471
3.88,4.38,2.8633,0.0069,0.00000,0.03283
4.12,4.38,2.7382,0.0066,0.00000,0.03269
4.38,4.38,2.7186,0.0054,0.00000,0.03207
4.62,4.38,2.6649,0.0043,0.00000,0.03100
4.88,4.38,2.6893,0.0029,0.00000,0.02977
5.12,4.38,2.9701,0.0021,0.00000,0.03113
5.38,4.38,3.0032,0.0021,0.00000,0.03141
5.62,4.38,3.1292,0.0026,0.00000,0.03320
5.88,4.38,3.1001,0.0040,0.00000,0.03422
6.12,4.38,3.2216,0.0058,0.00000,0.03652
6.38,4.38,3.1720,0.0096,0.00000,0.03597
6.62,4.38,3.3110,0.0511,0.00000,0.03757
6.88,4.38,3.2429,0.4027,0.00000,0.03859
7.12,4.38,3.2179,1.7839,0.00000,0.04012
7.38,4.38,2.3617,3.9202,0.00000,0.02976
2.62,4.62,2.2775,0.0004,0.00000,0.02602
2.88,4.62,3.1057,0.0007,0.00000,0.03556
3.12,4.62,3.1374,0.0016,0.00000,0.03588
3.38,4.62,3.1887,0.0029,0.00000,0.03586
3.62,4.62,2.9758,0.0035,0.00000,0.03122
3.88,4.62,2.9682,0.0050,0.00000,0.02919
4.12,4.62,2.7519,0.0060,0.00000,0.02741
4.38,4.62,2.7152,0.0045,0.00000,0.02653
4.62,4.62,2.6412,0.0028,0.00000,0.02576
4.88,4.62,2.6747,0.0015,0.00000,0.02550
5.12,4.62,3.0074,0.0010,0.00000,0.02775
5.38,4.62,3.0541,0.0016,0.00000,0.02825
5.62,4.62,3.2172,0.0025,0.00000,0.03016
5.88,4.62,3.1786,0.0035,0.00000,0.03076
6.12,4.62,3.3000,0.0046,0.00000,0.03271
6.38,4.62,3.2354,0.0073,0.00000,0.03206
6.62,4.62,3.3622,0.0627,0.00000,0.03320
6.88,4.62,3.2873,0.6712,0.00000,0.03425
7.12,4.62,3.2566,3.1370,0.00000,0.03592
7.38,4.62,2.3900,6.9466,0.00000,0.02673
2.62,4.88,2.3031,0.0006,0.00000,0.02315
2.88,4.88,3.1433,0.0010,0.00000,0.03172
3.12,4.88,3.1886,0.0016,0.00000,0.03254
3.38,4.88,3.2580,0.0021,0.00000,0.03336
3.62,4.88,3.0656,0.0022,0.00000,0.03004
3.88,4.88,3.0540,0.0039,0.00000,0.02808
4.12,4.88,2.7733,0.0058,0.00000,0.02427
4.38,4.88,2.7223,0.0039,0.00000,0.02251
4.62,4.88,2.6258,0.0016,0.00000,0.02196
4.88,4.88,2.6700,0.0006,0.00000,0.02250
5.12,4.88,3.0425,0.0003,0.00000,0.02525
5.38,4.88,3.0972,0.0008,0.00000,0.02560
5.62,4.88,3.2841,0.0015,0.00000,0.02727
5.88,4.88,3.2410,0.0024,0.00000,0.02784
6.12,4.88,3.3643,0.0032,0.00000,0.02991
6.38,4.88,3.2934,0.0047,0.00000,0.02964
6.62,4.88,3.4164,0.0494,0.00000,0.03075
6.88,4.88,3.3351,0.5576,0.00000,0.03108
7.12,4.88,3.2980,2.6195,0.00000,0.03201
7.38,4.88,2.4195,5.8003,0.00000,0.02372
2.62,5.12,2.3259,0.0007,0.00000,0.02189
2.88,5.12,3.1750,0.0012,0.00000,0.03012
3.12,5.12,3.2258,0.0018,0.00000,0.03149
3.38,5.12,3.3052,0.0023,0.00000,0.03310
3.62,5.12,3.1283,0.0020,0.00000,0.03077
3.88,5.12,3.1174,0.0027,0.00000,0.02920
4.12,5.12,2.8049,0.0037,0.00000,0.02382
4.38,5.12,2.7512,0.0023,0.00000,0.02070
4.62,5.12,2.6370,0.0007,0.00000,0.01979
4.88,5.12,2.6869,0.0002,0.00000,0.02032
5.12,5.12,3.0781,0.0002,0.00000,0.02283
5.38,5.12,3.1338,0.0006,0.00000,0.02332
5.62,5.12,3.3300,0.0021,0.00000,0.02506
5.88,5.12,3.2851,0.0041,0.00000,0.02513
6.12,5.12,3.4127,0.0056,0.00000,0.02665
6.38,5.12,3.3395,0.0080,0.00000,0.02709
6.62,5.12,3.4622,0.0441,0.00000,0.02890
6.88,5.12,3.3775,0.4594,0.00000,0.02858
7.12,5.12,3.3366,2.1391,0.00000,0.02854
7.38,5.12,2.4470,4.7238,0.00000,0.02098
2.62,5.38,2.3499,0.0013,0.00000,0.02065
2.88,5.38,3.2067,0.0021,0.00000,0.02805
3.12,5.38,3.2546,0.0029,0.00000,0.02798
3.38,5.38,3.3364,0.0032,0.00000,0.02833
3.62,5.38,3.1756,0.0025,0.00000,0.02731
3.88,5.38,3.1749,0.0024,0.00000,0.02725
4.12,5.38,2.8516,0.0022,0.00000,0.02255
4.38,5.38,2.7941,0.0013,0.00000,0.01984
4.62,5.38,2.6664,0.0009,0.00000,0.01906
4.88,5.38,2.7221,0.0010,0.00000,0.01922
5.12,5.38,3.1164,0.0017,0.00000,0.02111
5.38,5.38,3.1702,0.0033,0.00000,0.02163
5.62,5.38,3.3611,0.0089,0.00000,0.02329
5.88,5.38,3.3127,0.0192,0.00000,0.02303
6.12,5.38,3.4444,0.0378,0.00000,0.02425
6.38,5.38,3.3689,0.0555,0.00000,0.02529
6.62,5.38,3.4928,0.0819,0.00000,0.02767
6.88,5.38,3.4128,0.5318,0.00000,0.02671
7.12,5.38,3.3758,2.4120,0.00000,0.02579
7.38,5.38,2.4766,5.3055,0.00000,0.01878
2.62,5.62,2.3700,0.0037,0.00000,0.01929
2.88,5.62,3.2339,0.0077,0.00000,0.02587
3.12,5.62,3.2805,0.0097,0.00000,0.02451
3.38,5.62,3.3653,0.0064,0.00000,0.02352
3.62,5.62,3.2118,0.0032,0.00000,0.02255
3.88,5.62,3.2172,0.0028,0.00000,0.02283
4.12,5.62,2.9095,0.0024,0.00000,0.02017
4.38,5.62,2.8579,0.0026,0.00000,0.01958
4.62,5.62,2.7144,0.0038,0.00000,0.01945
4.88,5.62,2.7700,0.0058,0.00000,0.01904
5.12,5.62,3.1504,0.0100,0.00000,0.02013
5.38,5.62,3.2079,0.0143,0.00000,0.02051
5.62,5.62,3.3963,0.0224,0.00000,0.02187
5.88,5.62,3.3436,0.0536,0.00000,0.02169
6.12,5.62,3.4700,0.1479,0.00000,0.02301
6.38,5.62,3.3984,0.2331,0.00000,0.02411
6.62,5.62,3.5325,0.1975,0.00000,0.02638
6.88,5.62,3.4501,0.4343,0.00000,0.02494
7.12,5.62,3.4067,1.6609,0.00000,0.02347
7.38,5.62,2.4975,3.5592,0.00000,0.01696
2.62,5.88,2.3881,0.0118,0.00000,0.01806
2.88,5.88,3.2594,0.0281,0.00000,0.02424
3.12,5.88,3.3037,0.0375,0.00000,0.02285
3.38,5.88,3.3898,0.0217,0.00000,0.02164
3.62,5.88,3.2454,0.0061,0.00000,0.02029
3.88,5.88,3.2576,0.0030,0.00000,0.02020
4.12,5.88,2.9701,0.0040,0.00000,0.01876
4.38,5.88,2.9263,0.0081,0.00000,0.01969
4.62,5.88,2.7776,0.0134,0.00000,0.02005
4.88,5.88,2.8358,0.0186,0.00000,0.01929
5.12,5.88,3.1838,0.0311,0.00000,0.02019
5.38,5.88,3.2381,0.0421,0.00000,0.02081
5.62,5.88,3.4245,0.0435,0.00000,0.02154
5.88,5.88,3.3840,0.0828,0.00000,0.02104
6.12,5.88,3.5082,0.2485,0.00000,0.02225
6.38,5.88,3.4299,0.4126,0.00000,0.02306
6.62,5.88,3.5620,0.3707,0.00000,0.02500
6.88,5.88,3.4850,0.4669,0.00000,0.02369
7.12,5.88,3.4420,1.1029,0.00000,0.02226
7.38,5.88,2.5215,2.0937,0.00000,0.01602
2.62,6.12,2.3965,0.0270,0.00000,0.01687
2.88,6.12,3.2746,0.0595,0.00000,0.02276
3.12,6.12,3.3231,0.0757,0.00000,0.02163
3.38,6.12,3.4136,0.0430,0.00000,0.02054
3.62,6.12,3.2763,0.0120,0.00000,0.01929
3.88,6.12,3.2959,0.0072,0.00000,0.01929
4.12,6.12,3.0309,0.0125,0.00000,0.01839
4.38,6.12,2.9988,0.0225,0.00000,0.01999
4.62,6.12,2.8609,0.0324,0.00000,0.02074
4.88,6.12,2.9175,0.0392,0.00000,0.01986
5.12,6.12,3.2146,0.0580,0.00000,0.02068
5.38,6.12,3.2628,0.0798,0.00000,0.02162
5.62,6.12,3.4427,0.0790,0.00000,0.02196
5.88,6.12,3.4170,0.0956,0.00000,0.02124
6.12,6.12,3.5391,0.2055,0.00000,0.02250
6.38,6.12,3.4588,0.3485,0.00000,0.02315
6.62,6.12,3.5835,0.4394,0.00000,0.02487
6.88,6.12,3.5136,0.6993,0.00000,0.02377
7.12,6.12,3.4702,1.4172,0.00000,0.02238
7.38,6.12,2.5388,2.4753,0.00000,0.01604
2.62,6.38,2.4115,0.0496,0.00000,0.01638
2.88,6.38,3.2980,0.0948,0.00000,0.02214
3.12,6.38,3.3476,0.1096,0.00000,0.02096
3.38,6.38,3.4395,0.0624,0.00000,0.01979
3.62,6.38,3.3074,0.0243,0.00000,0.01874
3.88,6.38,3.3375,0.0240,0.00000,0.01898
4.12,6.38,3.1033,0.0381,0.00000,0.01810
4.38,6.38,3.0802,0.0506,0.00000,0.01918
4.62,6.38,2.9517,0.0608,0.00000,0.01989
4.88,6.38,3.0114,0.0680,0.00000,0.01998
5.12,6.38,3.2560,0.0894,0.00000,0.02099
5.38,6.38,3.3024,0.1240,0.00000,0.02219
5.62,6.38,3.4713,0.1348,0.00000,0.02316
5.88,6.38,3.4517,0.1349,0.00000,0.02247
6.12,6.38,3.5649,0.1714,0.00000,0.02351
6.38,6.38,3.4903,0.2657,0.00000,0.02464
6.62,6.38,3.6144,0.4564,0.00000,0.02689
6.88,6.38,3.5589,0.9031,0.00000,0.02551
7.12,6.38,3.5157,1.9494,0.00000,0.02336
7.38,6.38,2.5704,3.4189,0.00000,0.01654
2.62,6.62,2.4256,0.0988,0.00000,0.01665
2.88,6.62,3.3211,0.1447,0.00000,0.02254
3.12,6.62,3.3717,0.1485,0.00000,0.02131
3.38,6.62,3.4648,0.0891,0.00000,0.01996
3.62,6.62,3.3425,0.0509,0.00000,0.01881
3.88,6.62,3.3836,0.0637,0.00000,0.01915
4.12,6.62,3.1806,0.0938,0.00000,0.01861
4.38,6.62,3.1719,0.1030,0.00000,0.01914
4.62,6.62,3.0560,0.1054,0.00000,0.01945
4.88,6.62,3.1240,0.1107,0.00000,0.02068
5.12,6.62,3.3117,0.1393,0.00000,0.02265
5.38,6.62,3.3500,0.1902,0.00000,0.02471
5.62,6.62,3.4972,0.2151,0.00000,0.02619
5.88,6.62,3.4796,0.2216,0.00000,0.02484
6.12,6.62,3.5828,0.2495,0.00000,0.02519
6.38,6.62,3.5213,0.3419,0.00000,0.02741
6.62,6.62,3.6515,0.5702,0.00000,0.03133
6.88,6.62,3.6127,1.1342,0.00000,0.02970
7.12,6.62,3.5622,2.5158,0.00000,0.02604
7.38,6.62,2.6025,4.4192,0.00000,0.01802
2.62,6.88,2.4330,0.4038,0.00000,0.01803
2.88,6.88,3.3373,0.3009,0.00000,0.02434
3.12,6.88,3.3939,0.1923,0.00000,0.02267
3.38,6.88,3.4884,0.1113,0.00000,0.02082
3.62,6.88,3.3688,0.0890,0.00000,0.01939
3.88,6.88,3.4128,0.1288,0.00000,0.02008
4.12,6.88,3.2431,0.1877,0.00000,0.02062
4.38,6.88,3.2669,0.1969,0.00000,0.02142
4.62,6.88,3.1743,0.1897,0.00000,0.02147
4.88,6.88,3.2448,0.1795,0.00000,0.02302
5.12,6.88,3.3682,0.1983,0.00000,0.02563
5.38,6.88,3.4015,0.2571,0.00000,0.02840
5.62,6.88,3.5237,0.3087,0.00000,0.02961
5.88,6.88,3.5104,0.3505,0.00000,0.02775
6.12,6.88,3.6065,0.4052,0.00000,0.02799
6.38,6.88,3.5582,0.5151,0.00000,0.03151
6.62,6.88,3.6880,0.7575,0.00000,0.03710
6.88,6.88,3.6739,1.3880,0.00000,0.03530
7.12,6.88,3.6196,2.9742,0.00000,0.03030
7.38,6.88,2.6376,5.0987,0.00000,0.02070
2.62,7.12,2.4460,1.6962,0.00000,0.02248
2.88,7.12,3.3589,0.9273,0.00000,0.02983
3.12,7.12,3.4191,0.3638,0.00000,0.02607
3.38,7.12,3.5111,0.1667,0.00000,0.02215
3.62,7.12,3.3906,0.1468,0.00000,0.02047
3.88,7.12,3.4374,0.2055,0.00000,0.02181
4.12,7.12,3.2929,0.2893,0.00000,0.02338
4.38,7.12,3.3404,0.3096,0.00000,0.02475
4.62,7.12,3.2738,0.2993,0.00000,0.02466
4.88,7.12,3.3619,0.2664,0.00000,0.02595
5.12,7.12,3.4412,0.2690,0.00000,0.02900
5.38,7.12,3.4656,0.3366,0.00000,0.03257
5.62,7.12,3.5525,0.4306,0.00000,0.03327
5.88,7.12,3.5504,0.5214,0.00000,0.03130
6.12,7.12,3.6374,0.6086,0.00000,0.03207
6.38,7.12,3.5964,0.7372,0.00000,0.03692
6.62,7.12,3.7246,0.9869,0.00000,0.04350
6.88,7.12,3.7431,1.6312,0.00000,0.04063
7.12,7.12,3.6852,3.1980,0.00000,0.03412
7.38,7.12,2.6683,5.1717,0.00000,0.02306
2.62,7.38,2.4585,3.9035,0.00000,0.02684
2.88,7.38,3.3775,2.0089,0.00000,0.03522
3.12,7.38,3.4382,0.6862,0.00000,0.02945
3.38,7.38,3.5276,0.2787,0.00000,0.02367
3.62,7.38,3.4112,0.2371,0.00000,0.02207
3.88,7.38,3.4636,0.2841,0.00000,0.02395
4.12,7.38,3.3363,0.3631,0.00000,0.02602
4.38,7.38,3.3963,0.3947,0.00000,0.02789
4.62,7.38,3.3443,0.3867,0.00000,0.02735
4.88,7.38,3.4551,0.3513,0.00000,0.02835
5.12,7.38,3.5157,0.3674,0.00000,0.03225
5.38,7.38,3.5402,0.4508,0.00000,0.03674
5.62,7.38,3.5926,0.5760,0.00000,0.03701
5.88,7.38,3.5975,0.7067,0.00000,0.03567
6.12,7.38,3.6668,0.8294,0.00000,0.03739
6.38,7.38,3.6328,0.9876,0.00000,0.04284
6.62,7.38,3.7606,1.2906,0.00000,0.04982
6.88,7.38,3.8108,2.0283,0.00000,0.04595
7.12,7.38,3.7490,3.7193,0.00000,0.03765
7.38,7.38,2.7020,5.7379,0.00000,0.02505
2.62,7.62,2.4748,5.7108,0.00000,0.02721
2.88,7.62,3.3998,2.9497,0.00000,0.03588
3.12,7.62,3.4551,1.0269,0.00000,0.03085
3.38,7.62,3.5382,0.4360,0.00000,0.02595
3.62,7.62,3.4285,0.3658,0.00000,0.02447
3.88,7.62,3.4869,0.3984,0.00000,0.02658
4.12,7.62,3.3766,0.4730,0.00000,0.02937
4.38,7.62,3.4440,0.5034,0.00000,0.03154
4.62,7.62,3.3999,0.4919,0.00000,0.03033
4.88,7.62,3.5318,0.4623,0.00000,0.03074
5.12,7.62,3.5766,0.4912,0.00000,0.03309
5.38,7.62,3.6022,0.5799,0.00000,0.03647
5.62,7.62,3.6361,0.7274,0.00000,0.03795
5.88,7.62,3.6537,0.8962,0.00000,0.03879
6.12,7.62,3.7061,1.0656,0.00000,0.04161
6.38,7.62,3.6783,1.2687,0.00000,0.04674
6.62,7.62,3.7995,1.6755,0.00000,0.05375
6.88,7.62,3.8758,2.6224,0.00000,0.05094
7.12,7.62,3.8108,4.7012,0.00000,0.04186
7.38,7.62,2.7513,7.1545,0.00000,0.02754
2.62,7.88,2.4938,7.0698,0.00000,0.02868
2.88,7.88,3.4278,3.6964,0.00000,0.03811
3.12,7.88,3.4817,1.3324,0.00000,0.03404
3.38,7.88,3.5632,0.6117,0.00000,0.03006
3.62,7.88,3.4536,0.5280,0.00000,0.02792
3.88,7.88,3.5108,0.5658,0.00000,0.03001
4.12,7.88,3.4208,0.6623,0.00000,0.03412
4.38,7.88,3.4947,0.6748,0.00000,0.03651
4.62,7.88,3.4458,0.6334,0.00000,0.03404
4.88,7.88,3.5773,0.6011,0.00000,0.03316
5.12,7.88,3.6068,0.6327,0.00000,0.03260
5.38,7.88,3.6511,0.7237,0.00000,0.03402
5.62,7.88,3.6807,0.9030,0.00000,0.03721
5.88,7.88,3.7104,1.1242,0.00000,0.04060
6.12,7.88,3.7500,1.3588,0.00000,0.04507
6.38,7.88,3.7243,1.6200,0.00000,0.05115
6.62,7.88,3.8364,2.1295,0.00000,0.05941
6.88,7.88,3.9400,3.2578,0.00000,0.05761
7.12,7.88,3.8728,5.6147,0.00000,0.04687
7.38,7.88,2.8084,8.3253,0.00000,0.03059
2.62,8.12,2.5090,8.2407,0.00000,0.03345
2.88,8.12,3.4538,4.3445,0.00000,0.04455
3.12,8.12,3.5109,1.5908,0.00000,0.04020
3.38,8.12,3.5917,0.7624,0.00000,0.03583
3.62,8.12,3.4872,0.6657,0.00000,0.03245
3.88,8.12,3.5463,0.7108,0.00000,0.03388
4.12,8.12,3.4623,0.8325,0.00000,0.03855
4.38,8.12,3.5365,0.8436,0.00000,0.04096
4.62,8.12,3.4862,0.7926,0.00000,0.03690
4.88,8.12,3.6029,0.7699,0.00000,0.03437
5.12,8.12,3.6170,0.8113,0.00000,0.03219
5.38,8.12,3.6928,0.8978,0.00000,0.03286
5.62,8.12,3.7182,1.1091,0.00000,0.03661
5.88,8.12,3.7519,1.3928,0.00000,0.04161
6.12,8.12,3.7861,1.7188,0.00000,0.04851
6.38,8.12,3.7681,2.0606,0.00000,0.05811
6.62,8.12,3.8702,2.6279,0.00000,0.06778
6.88,8.12,3.9943,3.7996,0.00000,0.06312
7.12,8.12,3.9229,6.0885,0.00000,0.04990
7.38,8.12,2.8531,8.5269,0.00000,0.03385
2.62,8.38,2.5215,9.2929,0.00000,0.03795
2.88,8.38,3.4747,4.9299,0.00000,0.05094
3.12,8.38,3.5357,1.8199,0.00000,0.04760
3.38,8.38,3.6153,0.8982,0.00000,0.04410
3.62,8.38,3.5148,0.7811,0.00000,0.03847
3.88,8.38,3.5766,0.8238,0.00000,0.03721
4.12,8.38,3.4939,0.9671,0.00000,0.04208
4.38,8.38,3.5681,1.0185,0.00000,0.04609
4.62,8.38,3.5244,0.9953,0.00000,0.04062
4.88,8.38,3.6335,0.9724,0.00000,0.03576
5.12,8.38,3.6348,1.0250,0.00000,0.03261
5.38,8.38,3.7295,1.1356,0.00000,0.03331
5.62,8.38,3.7457,1.4175,0.00000,0.03692
5.88,8.38,3.7806,1.7656,0.00000,0.04246
6.12,8.38,3.8091,2.1713,0.00000,0.05207
6.38,8.38,3.8056,2.6069,0.00000,0.06679
6.62,8.38,3.9055,3.2271,0.00000,0.07755
6.88,8.38,4.0519,4.3900,0.00000,0.06776
7.12,8.38,3.9767,6.4427,0.00000,0.05166
7.38,8.38,2.8959,8.3344,0.00000,0.03635
2.62,8.62,2.5315,10.5632,0.00000,0.04041
2.88,8.62,3.4883,5.6125,0.00000,0.05489
3.12,8.62,3.5562,2.0824,0.00000,0.05420
3.38,8.62,3.6440,1.0968,0.00000,0.05362
3.62,8.62,3.5411,0.9977,0.00000,0.04653
3.88,8.62,3.5957,1.0413,0.00000,0.04240
4.12,8.62,3.5148,1.2089,0.00000,0.04667
4.38,8.62,3.5933,1.2896,0.00000,0.05176
4.62,8.62,3.5552,1.2699,0.00000,0.04459
4.88,8.62,3.6641,1.2271,0.00000,0.03746
5.12,8.62,3.6587,1.3078,0.00000,0.03382
5.38,8.62,3.7666,1.4957,0.00000,0.03494
5.62,8.62,3.7729,1.8874,0.00000,0.03863
5.88,8.62,3.8015,2.2821,0.00000,0.04484
6.12,8.62,3.8224,2.7390,0.00000,0.05667
6.38,8.62,3.8313,3.2823,0.00000,0.07536
6.62,8.62,3.9309,3.9961,0.00000,0.08754
6.88,8.62,4.1070,5.1940,0.00000,0.07415
7.12,8.62,4.0333,7.0801,0.00000,0.05308
7.38,8.62,2.9443,8.5136,0.00000,0.03509
2.62,8.88,2.5399,11.8570,0.00000,0.04268
2.88,8.88,3.4983,6.3731,0.00000,0.05869
3.12,8.88,3.5731,2.4732,0.00000,0.06084
3.38,8.88,3.6718,1.4395,0.00000,0.06350
3.62,8.88,3.5688,1.3823,0.00000,0.05619
3.88,8.88,3.6160,1.4327,0.00000,0.05068
4.12,8.88,3.5340,1.6160,0.00000,0.05351
4.38,8.88,3.6155,1.6875,0.00000,0.05755
4.62,8.88,3.5770,1.6396,0.00000,0.04800
4.88,8.88,3.6855,1.5861,0.00000,0.03951
5.12,8.88,3.6776,1.7213,0.00000,0.03633
5.38,8.88,3.7995,2.0194,0.00000,0.03784
5.62,8.88,3.7997,2.5370,0.00000,0.04157
5.88,8.88,3.8162,2.9468,0.00000,0.04871
6.12,8.88,3.8270,3.4450,0.00000,0.06251
6.38,8.88,3.8488,4.1330,0.00000,0.08447
6.62,8.88,3.9525,4.9941,0.00000,0.09926
6.88,8.88,4.1519,6.2601,0.00000,0.08424
7.12,8.88,4.0765,8.1412,0.00000,0.05597
7.38,8.88,2.9899,9.4314,0.00000,0.03287
2.62,9.12,2.5488,12.1446,0.00000,0.04446
2.88,9.12,3.5106,6.7709,0.00000,0.06235
3.12,9.12,3.5882,2.9238,0.00000,0.06883
3.38,9.12,3.6924,1.8992,0.00000,0.07578
3.62,9.12,3.5941,1.8668,0.00000,0.06769
3.88,9.12,3.6426,1.9128,0.00000,0.06066
4.12,9.12,3.5609,2.0893,0.00000,0.06320
4.38,9.12,3.6417,2.1648,0.00000,0.06692
4.62,9.12,3.5985,2.1033,0.00000,0.05378
4.88,9.12,3.7076,2.0402,0.00000,0.04270
5.12,9.12,3.6955,2.2288,0.00000,0.03918
5.38,9.12,3.8183,2.6715,0.00000,0.04090
5.62,9.12,3.8129,3.3644,0.00000,0.04581
5.88,9.12,3.8281,3.8045,0.00000,0.05496
6.12,9.12,3.8296,4.3422,0.00000,0.07079
6.38,9.12,3.8551,5.1748,0.00000,0.09516
6.62,9.12,3.9615,6.2211,0.00000,0.11153
6.88,9.12,4.1869,7.5601,0.00000,0.09427
7.12,9.12,4.1134,9.4945,0.00000,0.05837
7.38,9.12,3.0373,10.7952,0.00000,0.03065
2.62,9.38,2.5655,11.5056,0.00000,0.04536
2.88,9.38,3.5341,6.7832,0.00000,0.06567
3.12,9.38,3.6084,3.3622,0.00000,0.07902
3.38,9.38,3.7062,2.4439,0.00000,0.09232
3.62,9.38,3.6116,2.4321,0.00000,0.08284
3.88,9.38,3.6655,2.4310,0.00000,0.07334
4.12,9.38,3.5849,2.5612,0.00000,0.07534
4.38,9.38,3.6670,2.6742,0.00000,0.07911
4.62,9.38,3.6225,2.6350,0.00000,0.06290
4.88,9.38,3.7323,2.5608,0.00000,0.04881
5.12,9.38,3.7115,2.7807,0.00000,0.04285
5.38,9.38,3.8239,3.3752,0.00000,0.04399
5.62,9.38,3.8141,4.2839,0.00000,0.05135
5.88,9.38,3.8392,4.8154,0.00000,0.06355
6.12,9.38,3.8335,5.4172,0.00000,0.08072
6.38,9.38,3.8567,6.4061,0.00000,0.10554
6.62,9.38,3.9630,7.6884,0.00000,0.12100
6.88,9.38,4.2092,9.1098,0.00000,0.10040
7.12,9.38,4.1358,11.0908,0.00000,0.05917
7.38,9.38,3.0836,12.4105,0.00000,0.02900
2.62,9.62,2.5874,11.4472,0.00000,0.04676
2.88,9.62,3.5667,7.0790,0.00000,0.07059
3.12,9.62,3.6341,3.9066,0.00000,0.09316
3.38,9.62,3.7119,3.0727,0.00000,0.11428
3.62,9.62,3.6143,3.0820,0.00000,0.10274
3.88,9.62,3.6698,3.0335,0.00000,0.09020
4.12,9.62,3.5935,3.1217,0.00000,0.08957
4.38,9.62,3.6866,3.2600,0.00000,0.09185
4.62,9.62,3.6417,3.2388,0.00000,0.07407
4.88,9.62,3.7498,3.1615,0.00000,0.05868
5.12,9.62,3.7283,3.4062,0.00000,0.04964
5.38,9.62,3.8350,4.1477,0.00000,0.04915
5.62,9.62,3.8191,5.2846,0.00000,0.05821
5.88,9.62,3.8540,5.9369,0.00000,0.07331
6.12,9.62,3.8455,6.6208,0.00000,0.09186
6.38,9.62,3.8634,7.7624,0.00000,0.11684
6.62,9.62,3.9634,9.2913,0.00000,0.13099
6.88,9.62,4.2309,10.8042,0.00000,0.10738
7.12,9.62,4.1619,12.7181,0.00000,0.06175
7.38,9.62,3.1297,13.8105,0.00000,0.02933
2.62,9.88,2.6029,12.2316,0.00000,0.05141
2.88,9.88,3.5910,7.8400,0.00000,0.08038
3.12,9.88,3.6573,4.6603,0.00000,0.11334
3.38,9.88,3.7210,3.7682,0.00000,0.14264
3.62,9.88,3.6195,3.7255,0.00000,0.12713
3.88,9.88,3.6725,3.7201,0.00000,0.11020
4.12,9.88,3.5972,3.8697,0.00000,0.10559
4.38,9.88,3.7001,3.9898,0.00000,0.10508
4.62,9.88,3.6561,3.9492,0.00000,0.08599
4.88,9.88,3.7657,3.8847,0.00000,0.06990
5.12,9.88,3.7454,4.1816,0.00000,0.05774
5.38,9.88,3.8517,5.0728,0.00000,0.05551
5.62,9.88,3.8327,6.4255,0.00000,0.06598
5.88,9.88,3.8675,7.1553,0.00000,0.08329
6.12,9.88,3.8507,7.8989,0.00000,0.10263
6.38,9.88,3.8692,9.1651,0.00000,0.12786
6.62,9.88,3.9686,10.9311,0.00000,0.14135
6.88,9.88,4.2587,12.5998,0.00000,0.11628
7.12,9.88,4.1923,14.3491,0.00000,0.06602
7.38,9.88,3.1693,14.9370,0.00000,0.03025
2.62,10.12,2.6046,12.5880,0.00000,0.05814
2.88,10.12,3.5956,8.4330,0.00000,0.09314
3.12,10.12,3.6686,5.4054,0.00000,0.13736
3.38,10.12,3.7333,4.4711,0.00000,0.17557
3.62,10.12,3.6296,4.3656,0.00000,0.15427
3.88,10.12,3.6783,4.4862,0.00000,0.13167
4.12,10.12,3.6047,4.7947,0.00000,0.12392
4.38,10.12,3.7185,4.8939,0.00000,0.12108
4.62,10.12,3.6774,4.8125,0.00000,0.09943
4.88,10.12,3.7869,4.7390,0.00000,0.08116
5.12,10.12,3.7604,5.0792,0.00000,0.06548
5.38,10.12,3.8591,6.1104,0.00000,0.06140
5.62,10.12,3.8339,7.6724,0.00000,0.07329
5.88,10.12,3.8670,8.4609,0.00000,0.09199
6.12,10.12,3.8484,9.2613,0.00000,0.11048
6.38,10.12,3.8804,10.6478,0.00000,0.13504
6.62,10.12,3.9783,12.6251,0.00000,0.14788
6.88,10.12,4.2781,14.4979,0.00000,0.12280
7.12,10.12,4.2152,16.2179,0.00000,0.06914
7.38,10.12,3.2109,16.5162,0.00000,0.03035
2.62,10.38,2.6116,12.0494,0.00000,0.06613
2.88,10.38,3.6046,8.5818,0.00000,0.10767
3.12,10.38,3.6798,5.9808,0.00000,0.16499
3.38,10.38,3.7461,5.1369,0.00000,0.21458
3.62,10.38,3.6413,5.0233,0.00000,0.18542
3.88,10.38,3.6916,5.2267,0.00000,0.15451
4.12,10.38,3.6204,5.6579,0.00000,0.14333
4.38,10.38,3.7426,5.7887,0.00000,0.13879
4.62,10.38,3.7050,5.7193,0.00000,0.11424
4.88,10.38,3.8119,5.6289,0.00000,0.09325
5.12,10.38,3.7751,6.0002,0.00000,0.07409
5.38,10.38,3.8600,7.1761,0.00000,0.06808
5.62,10.38,3.8279,8.9724,0.00000,0.08130
5.88,10.38,3.8625,9.8875,0.00000,0.10146
6.12,10.38,3.8451,10.7707,0.00000,0.11851
6.38,10.38,3.8947,12.2844,0.00000,0.14289
6.62,10.38,3.9908,14.4802,0.00000,0.15557
6.88,10.38,4.2875,16.5686,0.00000,0.12893
7.12,10.38,4.2233,18.3979,0.00000,0.07120
7.38,10.38,3.2535,18.7028,0.00000,0.02978
2.62,10.62,2.6243,11.7483,0.00000,0.07651
2.88,10.62,3.6172,8.7392,0.00000,0.12469
3.12,10.62,3.6881,6.4004,0.00000,0.19479
3.38,10.62,3.7531,5.7081,0.00000,0.25671
3.62,10.62,3.6487,5.6479,0.00000,0.21813
3.88,10.62,3.7077,5.8615,0.00000,0.17525
4.12,10.62,3.6401,6.3618,0.00000,0.15946
4.38,10.62,3.7625,6.6048,0.00000,0.15463
4.62,10.62,3.7218,6.6133,0.00000,0.12802
4.88,10.62,3.8260,6.4864,0.00000,0.10461
5.12,10.62,3.7867,6.8697,0.00000,0.08202
5.38,10.62,3.8706,8.1793,0.00000,0.07423
5.62,10.62,3.8359,10.2515,0.00000,0.08985
5.88,10.62,3.8686,11.4590,0.00000,0.11329
6.12,10.62,3.8470,12.4855,0.00000,0.12798
6.38,10.62,3.8960,14.0796,0.00000,0.15051
6.62,10.62,3.9874,16.4855,0.00000,0.16422
6.88,10.62,4.2922,18.8012,0.00000,0.13770
7.12,10.62,4.2355,20.8400,0.00000,0.07551
7.38,10.62,3.3075,21.3462,0.00000,0.03059
2.62,10.88,2.6335,12.3093,0.00000,0.08772
2.88,10.88,3.6255,9.2913,0.00000,0.14325
3.12,10.88,3.6934,6.8994,0.00000,0.22705
3.38,10.88,3.7552,6.2764,0.00000,0.30216
3.62,10.88,3.6523,6.2420,0.00000,0.25484
3.88,10.88,3.7180,6.4357,0.00000,0.19874
4.12,10.88,3.6508,6.9939,0.00000,0.17509
4.38,10.88,3.7681,7.3758,0.00000,0.16808
4.62,10.88,3.7240,7.4740,0.00000,0.13902
4.88,10.88,3.8291,7.3221,0.00000,0.11369
5.12,10.88,3.7924,7.7411,0.00000,0.08807
5.38,10.88,3.8869,9.1760,0.00000,0.07898
5.62,10.88,3.8526,11.5284,0.00000,0.09828
5.88,10.88,3.8821,13.1430,0.00000,0.12616
6.12,10.88,3.8509,14.3780,0.00000,0.13688
6.38,10.88,3.8830,15.9762,0.00000,0.15389
6.62,10.88,3.9733,18.5479,0.00000,0.16971
6.88,10.88,4.2932,21.1075,0.00000,0.14894
7.12,10.88,4.2404,23.3850,0.00000,0.08347
7.38,10.88,3.3524,24.0838,0.00000,0.03347
2.62,11.12,2.6392,13.5684,0.00000,0.10065
2.88,11.12,3.6332,10.3291,0.00000,0.16553
3.12,11.12,3.7048,7.7709,0.00000,0.26468
3.38,11.12,3.7667,7.0747,0.00000,0.35232
3.62,11.12,3.6635,6.9556,0.00000,0.29534
3.88,11.12,3.7278,7.0829,0.00000,0.22665
4.12,11.12,3.6584,7.6650,0.00000,0.19381
4.38,11.12,3.7703,8.1687,0.00000,0.18170
4.62,11.12,3.7231,8.3501,0.00000,0.14860
4.88,11.12,3.8292,8.2502,0.00000,0.12071
5.12,11.12,3.7960,8.7894,0.00000,0.09156
5.38,11.12,3.9023,10.2753,0.00000,0.08113
5.62,11.12,3.8655,12.7933,0.00000,0.10539
5.88,11.12,3.8867,14.7889,0.00000,0.13852
6.12,11.12,3.8523,16.3014,0.00000,0.14541
6.38,11.12,3.8815,17.9890,0.00000,0.15694
6.62,11.12,3.9678,20.7222,0.00000,0.17394
6.88,11.12,4.2861,23.4524,0.00000,0.15802
7.12,11.12,4.2415,25.8321,0.00000,0.08991
7.38,11.12,3.4037,26.4242,0.00000,0.03540
2.62,11.38,2.6441,16.5698,0.00000,0.11622
2.88,11.38,3.6400,12.1113,0.00000,0.19054
3.12,11.38,3.7139,8.7562,0.00000,0.30113
3.38,11.38,3.7793,7.8817,0.00000,0.39702
3.62,11.38,3.6791,7.7426,0.00000,0.33011
3.88,11.38,3.7423,7.8467,0.00000,0.25116
4.12,11.38,3.6668,8.4568,0.00000,0.20990
4.38,11.38,3.7669,9.0843,0.00000,0.19118
4.62,11.38,3.7212,9.3612,0.00000,0.15522
4.88,11.38,3.8369,9.3676,0.00000,0.12619
5.12,11.38,3.8048,10.0721,0.00000,0.09424
5.38,11.38,3.9124,11.5135,0.00000,0.08291
5.62,11.38,3.8732,14.0772,0.00000,0.11214
5.88,11.38,3.8882,16.3536,0.00000,0.14953
6.12,11.38,3.8553,18.1638,0.00000,0.15136
6.38,11.38,3.8984,20.0439,0.00000,0.15773
6.62,11.38,3.9788,22.8767,0.00000,0.17571
6.88,11.38,4.2762,25.6684,0.00000,0.16338
7.12,11.38,4.2312,28.1818,0.00000,0.09361
7.38,11.38,3.4404,28.7370,0.00000,0.03593
2.62,11.62,2.6536,19.8831,0.00000,0.13153
2.88,11.62,3.6516,13.9327,0.00000,0.21424
3.12,11.62,3.7236,9.6047,0.00000,0.33441
3.38,11.62,3.7872,8.6007,0.00000,0.43840
3.62,11.62,3.6898,8.5604,0.00000,0.36497
3.88,11.62,3.7586,8.7626,0.00000,0.27865
4.12,11.62,3.6803,9.4638,0.00000,0.22815
4.38,11.62,3.7655,10.1072,0.00000,0.20152
4.62,11.62,3.7219,10.3931,0.00000,0.16309
4.88,11.62,3.8473,10.5357,0.00000,0.13344
5.12,11.62,3.8177,11.4470,0.00000,0.09890
5.38,11.62,3.9239,12.8539,0.00000,0.08631
5.62,11.62,3.8829,15.4291,0.00000,0.11859
5.88,11.62,3.8916,17.9420,0.00000,0.15788
6.12,11.62,3.8572,20.0232,0.00000,0.15443
6.38,11.62,3.9101,22.0136,0.00000,0.15651
6.62,11.62,3.9878,24.8695,0.00000,0.17422
6.88,11.62,4.2724,27.7721,0.00000,0.16374
7.12,11.62,4.2273,30.5733,0.00000,0.09398
7.38,11.62,3.4668,31.2834,0.00000,0.03524
2.62,11.88,2.6605,20.1007,0.00000,0.14642
2.88,11.88,3.6606,14.4206,0.00000,0.23893
3.12,11.88,3.7323,10.2882,0.00000,0.37045
3.38,11.88,3.7887,9.4164,0.00000,0.48064
3.62,11.88,3.6911,9.4882,0.00000,0.39867
3.88,11.88,3.7687,9.7957,0.00000,0.30490
4.12,11.88,3.6925,10.5891,0.00000,0.24694
4.38,11.88,3.7635,11.1350,0.00000,0.21430
4.62,11.88,3.7221,11.3132,0.00000,0.17320
4.88,11.88,3.8547,11.5315,0.00000,0.14256
5.12,11.88,3.8271,12.6151,0.00000,0.10564
5.38,11.88,3.9242,14.1158,0.00000,0.09126
5.62,11.88,3.8801,16.7863,0.00000,0.12381
5.88,11.88,3.8926,19.5402,0.00000,0.16303
6.12,11.88,3.8580,21.9009,0.00000,0.15683
6.38,11.88,3.9109,23.9922,0.00000,0.15721
6.62,11.88,3.9909,26.9070,0.00000,0.17229
6.88,11.88,4.2743,29.9697,0.00000,0.15962
7.12,11.88,4.2273,33.0655,0.00000,0.09092
7.38,11.88,3.4841,33.8770,0.00000,0.03365
2.62,12.12,2.6651,18.8457,0.00000,0.16096
2.88,12.12,3.6701,14.3231,0.00000,0.26482
3.12,12.12,3.7441,10.9150,0.00000,0.41121
3.38,12.12,3.7944,10.1721,0.00000,0.52838
3.62,12.12,3.6924,10.2752,0.00000,0.43317
3.88,12.12,3.7677,10.6750,0.00000,0.32789
4.12,12.12,3.6976,11.5716,0.00000,0.26472
4.38,12.12,3.7706,12.0571,0.00000,0.22951
4.62,12.12,3.7283,12.1676,0.00000,0.18509
4.88,12.12,3.8538,12.5483,0.00000,0.15238
5.12,12.12,3.8250,13.8537,0.00000,0.11380
5.38,12.12,3.9138,15.3971,0.00000,0.09817
5.62,12.12,3.8700,18.1063,0.00000,0.12913
5.88,12.12,3.8974,21.0673,0.00000,0.16780
6.12,12.12,3.8664,23.6808,0.00000,0.16119
6.38,12.12,3.9124,25.9258,0.00000,0.15975
6.62,12.12,3.9887,28.9613,0.00000,0.17026
6.88,12.12,4.2700,32.2499,0.00000,0.15531
7.12,12.12,4.2283,35.8038,0.00000,0.08824
7.38,12.12,3.5156,36.9450,0.00000,0.03265
2.62,12.38,2.6722,17.5451,0.00000,0.17398
2.88,12.38,3.6850,14.3377,0.00000,0.28723
3.12,12.38,3.7569,11.6708,0.00000,0.44583
3.38,12.38,3.8019,10.8283,0.00000,0.57013
3.62,12.38,3.6970,10.7753,0.00000,0.46506
3.88,12.38,3.7654,11.2661,0.00000,0.35051
4.12,12.38,3.6989,12.3220,0.00000,0.28362
4.38,12.38,3.7852,12.8910,0.00000,0.24821
4.62,12.38,3.7419,13.0775,0.00000,0.19872
4.88,12.38,3.8518,13.7252,0.00000,0.16112
5.12,12.38,3.8203,15.3032,0.00000,0.12073
5.38,12.38,3.9070,16.8011,0.00000,0.10383
5.62,12.38,3.8680,19.5018,0.00000,0.13154
5.88,12.38,3.9191,22.6479,0.00000,0.16863
6.12,12.38,3.8894,25.4473,0.00000,0.16274
6.38,12.38,3.9131,27.7763,0.00000,0.15942
6.62,12.38,3.9780,30.8849,0.00000,0.16654
6.88,12.38,4.2511,34.4600,0.00000,0.15244
7.12,12.38,4.2141,38.6401,0.00000,0.08723
7.38,12.38,3.5427,40.3634,0.00000,0.03228
2.62,12.62,2.6736,17.9046,0.00000,0.18822
2.88,12.62,3.6877,15.0996,0.00000,0.30954
3.12,12.62,3.7624,12.5934,0.00000,0.47782
3.38,12.62,3.8097,11.5138,0.00000,0.60830
3.62,12.62,3.7053,11.2242,0.00000,0.49113
3.88,12.62,3.7725,11.6817,0.00000,0.36522
4.12,12.62,3.7049,12.8165,0.00000,0.29828
4.38,12.62,3.7964,13.5711,0.00000,0.26726
4.62,12.62,3.7527,13.9924,0.00000,0.21352
4.88,12.62,3.8538,14.9256,0.00000,0.17077
5.12,12.62,3.8216,16.7400,0.00000,0.12833
5.38,12.62,3.9158,18.2393,0.00000,0.10923
5.62,12.62,3.8798,21.0078,0.00000,0.13089
5.88,12.62,3.9381,24.3328,0.00000,0.16346
6.12,12.62,3.9038,27.3077,0.00000,0.15883
6.38,12.62,3.9139,29.7819,0.00000,0.15553
6.62,12.62,3.9698,33.0089,0.00000,0.15844
6.88,12.62,4.2351,36.8035,0.00000,0.14378
7.12,12.62,4.2047,41.4068,0.00000,0.08269
7.38,12.62,3.5751,43.4732,0.00000,0.03090
2.62,12.88,2.6829,21.2916,0.00000,0.20650
2.88,12.88,3.6943,17.1496,0.00000,0.33446
3.12,12.88,3.7694,13.7053,0.00000,0.50485
3.38,12.88,3.8127,12.2346,0.00000,0.63557
3.62,12.88,3.7092,11.7574,0.00000,0.50939
3.88,12.88,3.7843,12.1559,0.00000,0.37642
4.12,12.88,3.7170,13.2837,0.00000,0.30961
4.38,12.88,3.8083,14.0886,0.00000,0.28102
4.62,12.88,3.7630,14.6770,0.00000,0.22405
4.88,12.88,3.8575,15.8961,0.00000,0.17757
5.12,12.88,3.8247,17.9897,0.00000,0.13399
5.38,12.88,3.9294,19.7089,0.00000,0.11331
5.62,12.88,3.8918,22.6625,0.00000,0.12840
5.88,12.88,3.9382,26.0371,0.00000,0.15487
6.12,12.88,3.8999,29.1437,0.00000,0.15005
6.38,12.88,3.9167,31.9197,0.00000,0.14649
6.62,12.88,3.9683,35.4033,0.00000,0.14591
6.88,12.88,4.2226,39.4358,0.00000,0.13089
7.12,12.88,4.1929,44.3395,0.00000,0.07578
7.38,12.88,3.6083,46.4956,0.00000,0.02901
2.62,13.12,2.6912,24.6745,0.00000,0.22195
2.88,13.12,3.6956,19.2252,0.00000,0.35337
3.12,13.12,3.7688,14.8836,0.00000,0.52216
3.38,13.12,3.8041,13.0862,0.00000,0.65247
3.62,13.12,3.6995,12.4991,0.00000,0.52335
3.88,13.12,3.7866,12.8754,0.00000,0.38896
4.12,13.12,3.7243,13.9699,0.00000,0.31964
4.38,13.12,3.8186,14.5968,0.00000,0.28816
4.62,13.12,3.7710,15.1651,0.00000,0.22741
4.88,13.12,3.8601,16.6778,0.00000,0.17776
5.12,13.12,3.8263,19.1357,0.00000,0.13497
5.38,13.12,3.9317,21.2120,0.00000,0.11489
5.62,13.12,3.8932,24.3950,0.00000,0.12430
5.88,13.12,3.9328,27.7497,0.00000,0.14449
6.12,13.12,3.8956,30.9721,0.00000,0.13898
6.38,13.12,3.9281,34.0701,0.00000,0.13521
6.62,13.12,3.9753,37.8448,0.00000,0.13272
6.88,13.12,4.2094,42.2464,0.00000,0.11800
7.12,13.12,4.1821,47.5748,0.00000,0.06893
7.38,13.12,3.6506,49.7816,0.00000,0.02735
2.62,13.38,2.7036,26.0514,0.00000,0.23671
2.88,13.38,3.6968,20.3250,0.00000,0.36923
3.12,13.38,3.7626,15.7628,0.00000,0.53196
3.38,13.38,3.7933,13.9855,0.00000,0.65891
3.62,13.38,3.6883,13.4716,0.00000,0.53161
3.88,13.38,3.7803,13.7860,0.00000,0.40046
4.12,13.38,3.7206,14.8305,0.00000,0.32747
4.38,13.38,3.8235,15.3863,0.00000,0.29055
4.62,13.38,3.7745,16.0034,0.00000,0.22533
4.88,13.38,3.8585,17.6516,0.00000,0.17312
5.12,13.38,3.8223,20.3194,0.00000,0.13285
5.38,13.38,3.9253,22.6488,0.00000,0.11475
5.62,13.38,3.8865,26.0025,0.00000,0.11944
5.88,13.38,3.9296,29.4763,0.00000,0.13401
6.12,13.38,3.8974,32.9252,0.00000,0.12784
6.38,13.38,3.9398,36.2205,0.00000,0.12319
6.62,13.38,3.9832,40.2372,0.00000,0.11742
6.88,13.38,4.2018,45.0868,0.00000,0.10212
7.12,13.38,4.1764,50.9355,0.00000,0.06029
7.38,13.38,3.6816,53.3108,0.00000,0.02524
2.62,13.62,2.7120,27.0747,0.00000,0.25339
2.88,13.62,3.6951,21.1480,0.00000,0.38650
3.12,13.62,3.7603,16.3826,0.00000,0.53610
3.38,13.62,3.7946,14.5836,0.00000,0.65012
3.62,13.62,3.6916,14.1310,0.00000,0.52487
3.88,13.62,3.7827,14.4578,0.00000,0.39974
4.12,13.62,3.7186,15.5668,0.00000,0.32643
4.38,13.62,3.8260,16.2935,0.00000,0.28668
4.62,13.62,3.7776,17.1540,0.00000,0.21924
4.88,13.62,3.8563,18.8906,0.00000,0.16612
5.12,13.62,3.8137,21.6833,0.00000,0.12844
5.38,13.62,3.9177,24.1119,0.00000,0.11193
5.62,13.62,3.8792,27.5136,0.00000,0.11319
5.88,13.62,3.9295,31.2243,0.00000,0.12348
6.12,13.62,3.8986,34.9691,0.00000,0.11661
6.38,13.62,3.9475,38.3368,0.00000,0.11099
6.62,13.62,3.9893,42.5360,0.00000,0.10270
6.88,13.62,4.2042,47.8340,0.00000,0.08755
7.12,13.62,4.1846,54.2587,0.00000,0.05244
7.38,13.62,3.7231,57.0108,0.00000,0.02338
2.62,13.88,2.7212,26.8236,0.00000,0.26721
2.88,13.88,3.6967,21.4951,0.00000,0.40196
3.12,13.88,3.7616,17.0310,0.00000,0.53709
3.38,13.88,3.7956,15.1499,0.00000,0.63541
3.62,13.88,3.6946,14.6702,0.00000,0.51171
3.88,13.88,3.7884,15.1938,0.00000,0.39165
4.12,13.88,3.7236,16.5540,0.00000,0.31783
4.38,13.88,3.8286,17.3601,0.00000,0.27591
4.62,13.88,3.7776,18.3615,0.00000,0.21007
4.88,13.88,3.8542,20.2801,0.00000,0.15898
5.12,13.88,3.8077,23.2918,0.00000,0.12266
5.38,13.88,3.9152,25.7794,0.00000,0.10566
5.62,13.88,3.8717,29.1433,0.00000,0.10366
5.88,13.88,3.9311,32.9617,0.00000,0.11064
6.12,13.88,3.9001,36.9355,0.00000,0.10484
6.38,13.88,3.9515,40.4710,0.00000,0.09992
6.62,13.88,3.9868,45.0027,0.00000,0.08975
6.88,13.88,4.1994,50.8991,0.00000,0.07450
7.12,13.88,4.1830,58.0044,0.00000,0.04520
7.38,13.88,3.7725,61.2067,0.00000,0.02152
2.62,14.12,2.7267,25.0202,0.00000,0.27633
2.88,14.12,3.6941,21.2811,0.00000,0.41118
3.12,14.12,3.7618,17.8178,0.00000,0.53088
3.38,14.12,3.8006,16.1295,0.00000,0.61480
3.62,14.12,3.6997,15.7578,0.00000,0.49295
3.88,14.12,3.7907,16.4592,0.00000,0.37560
4.12,14.12,3.7263,18.0459,0.00000,0.30208
4.38,14.12,3.8291,18.8031,0.00000,0.26009
4.62,14.12,3.7785,19.8676,0.00000,0.19919
4.88,14.12,3.8546,21.9544,0.00000,0.15245
5.12,14.12,3.8020,25.1657,0.00000,0.11653
5.38,14.12,3.9152,27.6537,0.00000,0.09766
5.62,14.12,3.8669,30.9469,0.00000,0.09260
5.88,14.12,3.9354,34.8010,0.00000,0.09634
6.12,14.12,3.8986,39.0280,0.00000,0.09100
6.38,14.12,3.9442,42.9528,0.00000,0.08671
6.62,14.12,3.9710,48.0400,0.00000,0.07670
6.88,14.12,4.1904,54.6761,0.00000,0.06320
7.12,14.12,4.1853,62.5657,0.00000,0.03918
7.38,14.12,3.8515,66.2765,0.00000,0.01990
2.62,14.38,2.7379,24.8781,0.00000,0.28209
2.88,14.38,3.6960,21.8840,0.00000,0.41489
3.12,14.38,3.7599,18.9474,0.00000,0.51903
3.38,14.38,3.7988,17.6084,0.00000,0.58930
3.62,14.38,3.6981,17.5663,0.00000,0.46792
3.88,14.38,3.7857,18.1547,0.00000,0.35047
4.12,14.38,3.7261,19.6869,0.00000,0.27989
4.38,14.38,3.8292,20.4569,0.00000,0.24210
4.62,14.38,3.7814,21.7201,0.00000,0.18790
4.88,14.38,3.8616,23.9366,0.00000,0.14628
5.12,14.38,3.7998,27.2541,0.00000,0.11146
5.38,14.38,3.9090,29.6098,0.00000,0.09149
5.62,14.38,3.8542,32.8106,0.00000,0.08324
5.88,14.38,3.9352,36.8093,0.00000,0.08303
6.12,14.38,3.8957,41.4522,0.00000,0.07701
6.38,14.38,3.9516,46.0450,0.00000,0.07287
6.62,14.38,3.9656,51.8696,0.00000,0.06409
6.88,14.38,4.1653,59.3267,0.00000,0.05320
7.12,14.38,4.1669,68.3069,0.00000,0.03394
7.38,14.38,3.9454,72.8553,0.00000,0.01852
2.62,14.62,2.7510,26.8870,0.00000,0.28830
2.88,14.62,3.6958,23.7077,0.00000,0.42044
3.12,14.62,3.7548,20.7110,0.00000,0.50996
3.38,14.62,3.7815,19.4570,0.00000,0.56336
3.62,14.62,3.6833,19.6161,0.00000,0.44222
3.88,14.62,3.7789,19.8789,0.00000,0.32678
4.12,14.62,3.7279,21.2030,0.00000,0.25927
4.38,14.62,3.8251,22.0595,0.00000,0.22426
4.62,14.62,3.7826,23.5348,0.00000,0.17573
4.88,14.62,3.8723,25.7757,0.00000,0.13905
5.12,14.62,3.8055,29.1482,0.00000,0.10649
5.38,14.62,3.9015,31.4819,0.00000,0.08662
5.62,14.62,3.8356,34.7470,0.00000,0.07548
5.88,14.62,3.9279,38.9355,0.00000,0.07142
6.12,14.62,3.8871,44.0484,0.00000,0.06393
6.38,14.62,3.9692,49.5293,0.00000,0.05890
6.62,14.62,3.9676,56.3893,0.00000,0.05117
6.88,14.62,4.1209,65.0351,0.00000,0.04266
7.12,14.62,4.1314,75.5311,0.00000,0.02825
7.38,14.62,4.0830,81.0700,0.00000,0.01705
2.62,14.88,2.7738,28.1256,0.00000,0.29171
2.88,14.88,3.7002,25.4207,0.00000,0.42245
3.12,14.88,3.7613,22.7134,0.00000,0.50014
3.38,14.88,3.7741,21.1158,0.00000,0.53740
3.62,14.88,3.6742,21.0616,0.00000,0.41625
3.88,14.88,3.7674,21.2258,0.00000,0.30449
4.12,14.88,3.7205,22.5678,0.00000,0.24050
4.38,14.88,3.8156,23.4644,0.00000,0.20724
4.62,14.88,3.7892,25.0110,0.00000,0.16262
4.88,14.88,3.8851,27.1659,0.00000,0.12912
5.12,14.88,3.8284,30.5872,0.00000,0.09960
5.38,14.88,3.9097,33.1485,0.00000,0.08081
5.62,14.88,3.8240,36.5672,0.00000,0.06811
5.88,14.88,3.9182,40.6934,0.00000,0.06185
6.12,14.88,3.8679,46.0724,0.00000,0.05306
6.38,14.88,3.9620,52.3767,0.00000,0.04656
6.62,14.88,3.9312,60.6537,0.00000,0.03926
6.88,14.88,4.0394,71.4715,0.00000,0.03263
7.12,14.88,4.0694,84.4833,0.00000,0.02268
7.38,14.88,4.2639,91.5919,0.00000,0.01559
2.62,15.12,2.8130,28.6123,0.00000,0.28748
2.88,15.12,3.7148,26.6020,0.00000,0.41201
3.12,15.12,3.7771,24.2019,0.00000,0.47865
3.38,15.12,3.7778,22.1050,0.00000,0.50475
3.62,15.12,3.6823,21.7303,0.00000,0.38884
3.88,15.12,3.7581,22.1365,0.00000,0.28398
4.12,15.12,3.7064,23.7380,0.00000,0.22248
4.38,15.12,3.7990,24.5793,0.00000,0.18971
4.62,15.12,3.7958,26.0047,0.00000,0.14893
4.88,15.12,3.8978,27.8800,0.00000,0.11819
5.12,15.12,3.8654,31.2288,0.00000,0.09199
5.38,15.12,3.9288,34.2186,0.00000,0.07505
5.62,15.12,3.8335,37.8671,0.00000,0.06246
5.88,15.12,3.9211,41.7563,0.00000,0.05540
6.12,15.12,3.8464,46.9842,0.00000,0.04597
6.38,15.12,3.9286,53.3318,0.00000,0.03872
6.62,15.12,3.8634,62.5145,0.00000,0.03128
6.88,15.12,3.9555,75.7496,0.00000,0.02551
7.12,15.12,4.0162,91.7225,0.00000,0.01864
7.38,15.12,4.4581,100.2006,0.00000,0.01462
2.62,15.38,2.8520,28.9362,0.00000,0.27900
2.88,15.38,3.7388,27.2278,0.00000,0.39462
3.12,15.38,3.8050,24.9110,0.00000,0.45020
3.38,15.38,3.7878,22.6307,0.00000,0.46797
3.62,15.38,3.6906,22.1150,0.00000,0.36113
3.88,15.38,3.7403,22.6556,0.00000,0.26525
4.12,15.38,3.6974,24.4024,0.00000,0.20665
4.38,15.38,3.7842,25.1400,0.00000,0.17369
4.62,15.38,3.7891,26.3348,0.00000,0.13584
4.88,15.38,3.8785,27.8800,0.00000,0.10703
5.12,15.38,3.8709,30.9858,0.00000,0.08363
5.38,15.38,3.9307,34.2541,0.00000,0.06871
5.62,15.38,3.8631,38.0358,0.00000,0.05701
5.88,15.38,3.9355,41.9220,0.00000,0.04958
6.12,15.38,3.8536,46.9495,0.00000,0.04058
6.38,15.38,3.9223,52.5812,0.00000,0.03383
6.62,15.38,3.8278,61.0340,0.00000,0.02667
6.88,15.38,3.9178,74.3191,0.00000,0.02148
7.12,15.38,3.9630,89.9581,0.00000,0.01634
7.38,15.38,4.4535,95.2657,0.00000,0.01396
2.62,15.62,2.9017,29.3441,0.00000,0.27139
2.88,15.62,3.7868,27.4795,0.00000,0.37822
3.12,15.62,3.8465,24.9570,0.00000,0.41989
3.38,15.62,3.7963,22.7846,0.00000,0.42623
3.62,15.62,3.6957,22.3001,0.00000,0.33017
3.88,15.62,3.7302,22.7414,0.00000,0.24664
4.12,15.62,3.7021,24.4698,0.00000,0.19368
4.38,15.62,3.7669,25.2310,0.00000,0.16096
4.62,15.62,3.7754,26.2347,0.00000,0.12434
4.88,15.62,3.8401,27.5743,0.00000,0.09616
5.12,15.62,3.8529,30.4760,0.00000,0.07501
5.38,15.62,3.9134,33.6606,0.00000,0.06131
5.62,15.62,3.8913,37.1613,0.00000,0.05057
5.88,15.62,3.9395,41.0187,0.00000,0.04351
6.12,15.62,3.8874,45.9233,0.00000,0.03596
6.38,15.62,3.9467,51.2223,0.00000,0.03004
6.62,15.62,3.8595,58.3211,0.00000,0.02375
6.88,15.62,3.9222,68.8287,0.00000,0.01938
7.12,15.62,3.8612,79.6236,0.00000,0.01538
7.38,15.62,4.1428,80.2453,0.00000,0.01363
7.62,15.62,4.0765,70.2548,0.00000,0.01309
7.88,15.62,3.7099,60.0541,0.00000,0.01215
8.12,15.62,3.6846,55.5806,0.00000,0.01113
8.38,15.62,3.7876,55.7884,0.00000,0.01021
8.62,15.62,3.8565,56.6042,0.00000,0.00948
8.88,15.62,3.8732,57.7585,0.00000,0.00886
9.12,15.62,3.8814,59.3192,0.00000,0.00836
9.38,15.62,3.8771,61.6300,0.00000,0.00802
9.62,15.62,3.8728,64.3453,0.00000,0.00811
9.88,15.62,3.8747,67.4057,0.00000,0.00840
10.12,15.62,3.8894,70.5801,0.00000,0.00855
10.38,15.62,3.9038,74.0939,0.00000,0.00836
10.62,15.62,3.9280,77.8164,0.00000,0.00825
10.88,15.62,3.9529,81.4588,0.00000,0.00827
11.12,15.62,3.9670,84.7305,0.00000,0.00828
11.38,15.62,3.9568,87.6219,0.00000,0.00822
11.62,15.62,3.9779,90.7676,0.00000,0.00836
11.88,15.62,4.0056,93.6863,0.00000,0.00860
12.12,15.62,4.0379,96.9890,0.00000,0.00883
12.38,15.62,4.0413,100.4760,0.00000,0.00898
12.62,15.62,4.0566,103.8752,0.00000,0.00928
12.88,15.62,4.0504,106.3415,0.00000,0.00975
13.12,15.62,4.0584,108.7540,0.00001,0.01032
13.38,15.62,4.0564,111.4637,0.00043,0.01087
13.62,15.62,4.0818,114.7929,0.00731,0.01162
13.88,15.62,4.0939,118.1626,0.05814,0.01269
14.12,15.62,4.2095,122.1148,0.21015,0.01383
14.38,15.62,4.4116,126.7386,0.32615,0.01480
14.62,15.62,4.6147,129.5922,0.28470,0.01654
14.88,15.62,4.5302,123.3431,0.49221,0.02003
15.12,15.62,4.3764,111.7514,1.05515,0.02697
15.38,15.62,4.2150,103.3721,1.21319,0.03669
15.62,15.62,3.7849,95.4443,0.62516,0.04262
15.88,15.62,3.4851,89.4400,0.13060,0.04834
16.12,15.62,3.3213,88.6194,0.01051,0.05350
16.38,15.62,3.1395,85.8918,0.00041,0.05410
16.62,15.62,2.9467,85.3603,0.00007,0.05318
16.88,15.62,2.6522,97.4668,0.00002,0.04039
2.62,15.88,2.9399,29.6883,0.00000,0.25256
2.88,15.88,3.8263,27.3593,0.00000,0.35114
3.12,15.88,3.8858,24.4272,0.00000,0.38377
3.38,15.88,3.8165,22.4067,0.00000,0.38157
3.62,15.88,3.7106,22.0281,0.00000,0.29617
3.88,15.88,3.7291,22.5197,0.00000,0.22526
4.12,15.88,3.7140,24.3926,0.00000,0.17931
4.38,15.88,3.7542,25.2982,0.00000,0.14780
4.62,15.88,3.7738,26.0879,0.00000,0.11240
4.88,15.88,3.8077,27.2559,0.00000,0.08500
5.12,15.88,3.8318,30.0707,0.00000,0.06676
5.38,15.88,3.8715,33.2643,0.00000,0.05427
5.62,15.88,3.8852,36.6340,0.00000,0.04446
5.88,15.88,3.9027,40.5179,0.00000,0.03825
6.12,15.88,3.8956,45.3956,0.00000,0.03267
6.38,15.88,3.9321,50.8595,0.00000,0.02733
6.62,15.88,3.8908,56.7956,0.00000,0.02188
6.88,15.88,3.8918,63.4855,0.00000,0.01818
7.12,15.88,3.7973,68.8774,0.00000,0.01556
7.38,15.88,3.8710,68.3353,0.00000,0.01428
7.62,15.88,3.9687,62.5424,0.00000,0.01413
7.88,15.88,3.9757,56.6289,0.00000,0.01377
8.12,15.88,3.9821,52.9794,0.00000,0.01285
8.38,15.88,3.9886,52.3132,0.00000,0.01217
8.62,15.88,4.0079,52.8844,0.00000,0.01198
8.88,15.88,4.0180,54.4709,0.00000,0.01163
9.12,15.88,4.0120,56.4245,0.00000,0.01100
9.38,15.88,4.0042,58.7614,0.00000,0.01048
9.62,15.88,4.0302,61.3556,0.00000,0.01061
9.88,15.88,4.0639,64.1902,0.00000,0.01111
10.12,15.88,4.0581,67.2591,0.00000,0.01131
10.38,15.88,4.0353,70.8449,0.00000,0.01115
10.62,15.88,4.0331,74.5942,0.00000,0.01107
10.88,15.88,4.0409,77.5863,0.00000,0.01117
11.12,15.88,4.0553,79.6975,0.00000,0.01114
11.38,15.88,4.0619,81.9494,0.00000,0.01080
11.62,15.88,4.0818,84.9979,0.00000,0.01055
11.88,15.88,4.0965,88.0303,0.00000,0.01064
12.12,15.88,4.0984,91.0148,0.00000,0.01105
12.38,15.88,4.0874,93.8565,0.00000,0.01119
12.62,15.88,4.0926,96.8243,0.00000,0.01118
12.88,15.88,4.0942,99.5689,0.00000,0.01151
13.12,15.88,4.0785,102.2040,0.00000,0.01204
13.38,15.88,4.0467,104.9552,0.00027,0.01262
13.62,15.88,4.0379,108.2355,0.00567,0.01358
13.88,15.88,4.0455,111.1418,0.05441,0.01479
14.12,15.88,4.1285,113.2051,0.21999,0.01596
14.38,15.88,4.1672,113.6299,0.35285,0.01718
14.62,15.88,4.0504,110.9450,0.25302,0.01905
14.88,15.88,3.8970,101.5284,0.24962,0.02305
15.12,15.88,3.7451,88.8057,0.47778,0.03248
15.38,15.88,3.7319,78.7670,0.54678,0.04747
15.62,15.88,3.6047,73.2316,0.28175,0.05881
15.88,15.88,3.4504,70.1357,0.05918,0.06776
16.12,15.88,3.3831,67.6144,0.00623,0.07638
16.38,15.88,3.4523,67.1893,0.00266,0.08064
16.62,15.88,3.5415,72.0465,0.00161,0.07835
16.88,15.88,3.4271,85.8468,0.00048,0.05894
2.62,16.12,2.9612,30.2503,0.00000,0.23238
2.88,16.12,3.8558,27.3300,0.00000,0.32521
3.12,16.12,3.9127,23.9673,0.00000,0.35255
3.38,16.12,3.8419,21.9361,0.00000,0.34426
3.62,16.12,3.7409,21.5713,0.00000,0.26596
3.88,16.12,3.7396,22.1759,0.00000,0.20341
4.12,16.12,3.7364,24.2316,0.00000,0.16328
4.38,16.12,3.7588,25.3732,0.00000,0.13412
4.62,16.12,3.7885,26.0845,0.00000,0.10090
4.88,16.12,3.8009,27.1496,0.00000,0.07447
5.12,16.12,3.8300,29.8490,0.00000,0.05909
5.38,16.12,3.8296,33.2416,0.00000,0.04800
5.62,16.12,3.8625,36.9568,0.00000,0.03932
5.88,16.12,3.8508,41.2589,0.00000,0.03405
6.12,16.12,3.8836,46.2044,0.00000,0.03028
6.38,16.12,3.8760,51.4966,0.00000,0.02559
6.62,16.12,3.8927,56.2102,0.00000,0.02134
6.88,16.12,3.8449,59.4191,0.00000,0.01843
7.12,16.12,3.8348,60.5726,0.00000,0.01693
7.38,16.12,3.8480,59.8097,0.00000,0.01580
7.62,16.12,3.9221,57.4185,0.00000,0.01499
7.88,16.12,3.9856,54.5163,0.00000,0.01429
8.12,16.12,3.9943,51.4220,0.00000,0.01364
8.38,16.12,3.9830,49.6315,0.00000,0.01348
8.62,16.12,3.9882,49.7555,0.00000,0.01404
8.88,16.12,4.0010,51.2372,0.00000,0.01452
9.12,16.12,3.9994,52.9972,0.00000,0.01453
9.38,16.12,4.0033,54.8713,0.00000,0.01429
9.62,16.12,4.0321,57.0086,0.00000,0.01443
9.88,16.12,4.0623,59.4632,0.00000,0.01478
10.12,16.12,4.0529,62.2498,0.00000,0.01485
10.38,16.12,4.0309,65.4507,0.00000,0.01478
10.62,16.12,4.0206,68.4998,0.00000,0.01461
10.88,16.12,4.0221,70.7278,0.00000,0.01454
11.12,16.12,4.0319,72.4199,0.00000,0.01438
11.38,16.12,4.0456,74.6712,0.00000,0.01388
11.62,16.12,4.0624,77.5235,0.00000,0.01352
11.88,16.12,4.0738,80.5473,0.00000,0.01371
12.12,16.12,4.0678,83.4105,0.00000,0.01434
12.38,16.12,4.0629,85.9914,0.00000,0.01453
12.62,16.12,4.0636,88.6373,0.00000,0.01426
12.88,16.12,4.0670,91.6307,0.00000,0.01448
13.12,16.12,4.0439,94.5912,0.00000,0.01515
13.38,16.12,4.0147,97.5879,0.00022,0.01591
13.62,16.12,3.9849,100.7437,0.00496,0.01718
13.88,16.12,3.9801,103.5460,0.04939,0.01861
14.12,16.12,4.0279,103.8161,0.20316,0.01973
14.38,16.12,4.0211,98.8608,0.32489,0.02099
14.62,16.12,3.8305,91.9777,0.20350,0.02218
14.88,16.12,3.5796,83.1946,0.08602,0.02343
15.12,16.12,3.2709,68.8427,0.10356,0.03017
15.38,16.12,3.3212,56.9579,0.11548,0.04651
15.62,16.12,3.4711,54.8039,0.05977,0.06755
15.88,16.12,3.4056,55.7772,0.01632,0.08555
16.12,16.12,3.3444,53.4723,0.01850,0.09697
16.38,16.12,3.5471,54.8747,0.02901,0.10605
16.62,16.12,3.6319,63.3590,0.01859,0.10221
16.88,16.12,3.6086,76.9195,0.00558,0.07680
2.62,16.38,2.9449,31.1740,0.00000,0.21172
2.88,16.38,3.8495,27.5367,0.00000,0.29769
3.12,16.38,3.9101,23.8030,0.00000,0.32432
3.38,16.38,3.8516,21.7073,0.00000,0.31799
3.62,16.38,3.7666,21.1908,0.00000,0.24398
3.88,16.38,3.7535,21.6797,0.00000,0.18314
4.12,16.38,3.7554,23.7956,0.00000,0.14716
4.38,16.38,3.7726,25.3014,0.00000,0.12238
4.62,16.38,3.8015,26.2701,0.00000,0.09219
4.88,16.38,3.8047,27.4619,0.00000,0.06629
5.12,16.38,3.8394,30.0093,0.00000,0.05266
5.38,16.38,3.8171,33.5307,0.00000,0.04315
5.62,16.38,3.8605,37.6969,0.00000,0.03591
5.88,16.38,3.8321,42.3648,0.00000,0.03148
6.12,16.38,3.8793,47.1517,0.00000,0.02867
6.38,16.38,3.8319,51.7349,0.00000,0.02490
6.62,16.38,3.8575,55.2370,0.00000,0.02189
6.88,16.38,3.8144,56.4305,0.00000,0.01991
7.12,16.38,3.7785,55.5849,0.00000,0.01846
7.38,16.38,3.7625,54.6594,0.00000,0.01676
7.62,16.38,3.7778,53.9766,0.00000,0.01512
7.88,16.38,3.8077,52.9299,0.00000,0.01417
8.12,16.38,3.7988,50.8525,0.00000,0.01365
8.38,16.38,3.7672,49.0695,0.00000,0.01332
8.62,16.38,3.7616,49.0754,0.00000,0.01387
8.88,16.38,3.7780,50.2153,0.00000,0.01535
9.12,16.38,3.7925,51.4720,0.00000,0.01696
9.38,16.38,3.8081,52.8051,0.00000,0.01778
9.62,16.38,3.8286,54.4746,0.00000,0.01779
9.88,16.38,3.8466,56.5213,0.00000,0.01734
10.12,16.38,3.8549,59.0399,0.00000,0.01702
10.38,16.38,3.8570,61.7186,0.00000,0.01714
10.62,16.38,3.8448,63.8326,0.00000,0.01676
10.88,16.38,3.8364,65.5455,0.00000,0.01614
11.12,16.38,3.8430,67.7566,0.00000,0.01576
11.38,16.38,3.8572,70.6056,0.00000,0.01536
11.62,16.38,3.8638,73.3483,0.00000,0.01540
11.88,16.38,3.8557,76.2386,0.00000,0.01593
12.12,16.38,3.8566,79.2334,0.00000,0.01655
12.38,16.38,3.8637,82.1219,0.00000,0.01705
12.62,16.38,3.8659,85.0519,0.00000,0.01735
12.88,16.38,3.8599,88.3111,0.00000,0.01798
13.12,16.38,3.8550,91.7652,0.00001,0.01918
13.38,16.38,3.8370,95.2816,0.00044,0.02041
13.62,16.38,3.8252,98.8736,0.00650,0.02198
13.88,16.38,3.8036,101.4956,0.04262,0.02367
14.12,16.38,3.8131,99.5233,0.13077,0.02480
14.38,16.38,3.7481,89.1557,0.17913,0.02524
14.62,16.38,3.4036,78.0811,0.10122,0.02318
14.88,16.38,2.5690,64.4846,0.02525,0.01729
15.12,16.38,1.8671,43.7087,0.00994,0.01644
15.38,16.38,1.9743,32.0913,0.00952,0.02985
15.62,16.38,2.7351,36.5673,0.00630,0.06519
15.88,16.38,3.4013,44.4570,0.01849,0.10842
16.12,16.38,3.5385,47.3013,0.07829,0.13095
16.38,16.38,3.7591,51.0178,0.12957,0.14416
16.62,16.38,3.7607,57.9671,0.08352,0.14137
16.88,16.38,3.6649,68.0620,0.02598,0.10802
2.62,16.62,2.9367,31.4264,0.00000,0.19790
2.88,16.62,3.8402,27.5228,0.00000,0.27568
3.12,16.62,3.8911,23.6402,0.00000,0.29688
3.38,16.62,3.8367,21.4930,0.00000,0.29249
3.62,16.62,3.7690,20.8133,0.00000,0.22456
3.88,16.62,3.7673,21.1340,0.00000,0.16548
4.12,16.62,3.7578,23.3581,0.00000,0.13075
4.38,16.62,3.7743,25.3419,0.00000,0.10843
4.62,16.62,3.7928,26.8252,0.00000,0.08328
4.88,16.62,3.8047,28.3346,0.00000,0.06089
5.12,16.62,3.8394,30.7825,0.00000,0.04820
5.38,16.62,3.8217,34.1246,0.00000,0.03951
5.62,16.62,3.8633,38.3950,0.00000,0.03384
5.88,16.62,3.8444,43.0646,0.00000,0.03045
6.12,16.62,3.8657,47.3764,0.00000,0.02764
6.38,16.62,3.8287,50.9651,0.00000,0.02440
6.62,16.62,3.8149,53.3548,0.00000,0.02201
6.88,16.62,3.8355,53.7621,0.00000,0.02089
7.12,16.62,3.8369,52.8845,0.00000,0.01971
7.38,16.62,3.8169,52.1866,0.00000,0.01759
7.62,16.62,3.8027,51.9616,0.00000,0.01542
7.88,16.62,3.7986,51.6421,0.00000,0.01431
8.12,16.62,3.7770,50.6679,0.00000,0.01376
8.38,16.62,3.7548,49.3448,0.00000,0.01319
8.62,16.62,3.7586,48.9675,0.00000,0.01345
8.88,16.62,3.7757,49.6372,0.00000,0.01508
9.12,16.62,3.7934,50.7497,0.00000,0.01738
9.38,16.62,3.8034,52.0649,0.00000,0.01909
9.62,16.62,3.8119,53.6091,0.00000,0.01935
9.88,16.62,3.8207,55.4002,0.00000,0.01850
10.12,16.62,3.8340,57.5539,0.00000,0.01782
10.38,16.62,3.8428,59.6191,0.00000,0.01790
10.62,16.62,3.8395,61.2793,0.00000,0.01746
10.88,16.62,3.8289,62.9742,0.00000,0.01672
11.12,16.62,3.8306,65.5177,0.00000,0.01650
11.38,16.62,3.8323,68.4143,0.00000,0.01651
11.62,16.62,3.8342,71.1278,0.00000,0.01696
11.88,16.62,3.8192,74.0536,0.00000,0.01762
12.12,16.62,3.8281,77.3716,0.00000,0.01806
12.38,16.62,3.8332,80.6332,0.00000,0.01883
12.62,16.62,3.8431,84.1745,0.00000,0.02017
12.88,16.62,3.8327,87.9094,0.00000,0.02174
13.12,16.62,3.8409,92.0040,0.00002,0.02388
13.38,16.62,3.8095,96.0932,0.00065,0.02622
13.62,16.62,3.7999,100.9422,0.00814,0.02872
13.88,16.62,3.7421,104.0510,0.03928,0.03118
14.12,16.62,3.7201,100.6340,0.07735,0.03260
14.38,16.62,3.5835,85.5857,0.06766,0.03171
14.62,16.62,3.1250,67.2020,0.02770,0.02605
14.88,16.62,1.7664,43.4158,0.00519,0.01440
15.12,16.62,0.7080,20.1470,0.00063,0.00844
15.38,16.62,0.7604,12.6749,0.00039,0.02048
15.62,16.62,1.8359,22.1660,0.00282,0.07039
15.88,16.62,3.1220,36.3184,0.03041,0.14776
16.12,16.62,3.5643,46.0083,0.13289,0.19009
16.38,16.62,3.7907,54.4573,0.22145,0.19890
16.62,16.62,3.7427,60.5810,0.15597,0.19157
16.88,16.62,3.4699,68.0244,0.07670,0.14543
2.62,16.88,2.9151,30.8729,0.00000,0.18404
2.88,16.88,3.8006,27.1158,0.00000,0.25420
3.12,16.88,3.8542,23.3590,0.00000,0.27067
3.38,16.88,3.8202,21.2897,0.00000,0.26734
3.62,16.88,3.7538,20.6796,0.00000,0.20428
3.88,16.88,3.7718,21.0750,0.00000,0.14731
4.12,16.88,3.7492,23.4715,0.00000,0.11414
4.38,16.88,3.7645,25.6602,0.00000,0.09398
4.62,16.88,3.7681,27.5038,0.00000,0.07410
4.88,16.88,3.7931,29.3765,0.00000,0.05656
5.12,16.88,3.8079,31.8983,0.00000,0.04489
5.38,16.88,3.8149,34.9284,0.00000,0.03702
5.62,16.88,3.8388,38.8099,0.00000,0.03249
5.88,16.88,3.8490,43.0082,0.00000,0.03003
6.12,16.88,3.8365,46.7190,0.00000,0.02720
6.38,16.88,3.8254,49.3649,0.00000,0.02401
6.62,16.88,3.8151,50.9560,0.00000,0.02183
6.88,16.88,3.8228,51.5050,0.00000,0.02070
7.12,16.88,3.8167,51.4592,0.00000,0.01932
7.38,16.88,3.7906,51.2087,0.00000,0.01724
7.62,16.88,3.7693,50.9764,0.00000,0.01516
7.88,16.88,3.7599,50.4791,0.00000,0.01401
8.12,16.88,3.7581,49.6759,0.00000,0.01352
8.38,16.88,3.7569,48.5516,0.00000,0.01308
8.62,16.88,3.7534,47.8246,0.00000,0.01303
8.88,16.88,3.7585,48.0635,0.00000,0.01384
9.12,16.88,3.7770,49.1944,0.00000,0.01555
9.38,16.88,3.7842,50.4419,0.00000,0.01757
9.62,16.88,3.7793,51.5941,0.00000,0.01863
9.88,16.88,3.7801,52.9968,0.00000,0.01799
10.12,16.88,3.7891,54.7266,0.00000,0.01703
10.38,16.88,3.7974,56.3133,0.00000,0.01682
10.62,16.88,3.8089,57.8718,0.00000,0.01660
10.88,16.88,3.8104,59.7015,0.00000,0.01638
11.12,16.88,3.8131,61.9493,0.00000,0.01667
11.38,16.88,3.8022,64.1227,0.00000,0.01712
11.62,16.88,3.7930,66.1885,0.00000,0.01777
11.88,16.88,3.7712,68.6340,0.00000,0.01846
12.12,16.88,3.7653,71.6709,0.00000,0.01897
12.38,16.88,3.7596,74.6772,0.00000,0.02005
12.62,16.88,3.7652,78.0681,0.00000,0.02219
12.88,16.88,3.7611,81.6542,0.00000,0.02485
13.12,16.88,3.7670,85.5096,0.00001,0.02826
13.38,16.88,3.7354,89.4145,0.00039,0.03241
13.62,16.88,3.7236,94.6786,0.00474,0.03704
13.88,16.88,3.6723,98.8297,0.02149,0.04236
14.12,16.88,3.6674,96.7553,0.03643,0.04799
14.38,16.88,3.5236,82.3418,0.02376,0.05113
14.62,16.88,3.1075,62.4113,0.00631,0.04778
14.88,16.88,1.7461,36.4871,0.00074,0.03575
15.12,16.88,0.6453,14.1829,0.00005,0.03246
15.38,16.88,0.6172,8.2020,0.00035,0.05790
15.62,16.88,1.5903,17.9095,0.00531,0.13819
15.88,16.88,2.9333,34.7063,0.03765,0.25012
16.12,16.88,3.5104,51.2329,0.12880,0.29771
16.38,16.88,3.7588,65.1381,0.23001,0.29579
16.62,16.88,3.8727,73.6977,0.31744,0.28242
16.88,16.88,3.6487,84.5632,0.45906,0.20976
2.62,17.12,2.9220,31.3640,0.00000,0.17627
2.88,17.12,3.7965,27.4886,0.00000,0.24188
3.12,17.12,3.8396,23.6933,0.00000,0.25407
3.38,17.12,3.8085,21.5507,0.00000,0.24894
3.62,17.12,3.7339,21.0109,0.00000,0.18934
3.88,17.12,3.7729,21.5145,0.00000,0.13525
4.12,17.12,3.7446,24.0031,0.00000,0.10324
4.38,17.12,3.7629,26.2831,0.00000,0.08386
4.62,17.12,3.7506,28.3777,0.00000,0.06660
4.88,17.12,3.7823,30.4547,0.00000,0.05229
5.12,17.12,3.7795,32.9341,0.00000,0.04219
5.38,17.12,3.8142,35.5937,0.00000,0.03577
5.62,17.12,3.8187,38.9125,0.00000,0.03198
5.88,17.12,3.8372,42.5224,0.00000,0.02995
6.12,17.12,3.8352,45.8514,0.00000,0.02744
6.38,17.12,3.8272,47.9885,0.00000,0.02392
6.62,17.12,3.8377,48.9155,0.00000,0.02140
6.88,17.12,3.8568,49.5901,0.00000,0.02020
7.12,17.12,3.8708,50.3223,0.00000,0.01887
7.38,17.12,3.8739,50.7317,0.00000,0.01697
7.62,17.12,3.8654,50.7199,0.00000,0.01519
7.88,17.12,3.8479,50.0080,0.00000,0.01406
8.12,17.12,3.8347,48.9487,0.00000,0.01341
8.38,17.12,3.8302,47.9164,0.00000,0.01292
8.62,17.12,3.8290,47.0903,0.00000,0.01276
8.88,17.12,3.8372,46.8270,0.00000,0.01318
9.12,17.12,3.8588,47.4353,0.00000,0.01443
9.38,17.12,3.8643,48.1832,0.00000,0.01662
9.62,17.12,3.8526,48.8041,0.00000,0.01833
9.88,17.12,3.8516,49.7726,0.00000,0.01785
10.12,17.12,3.8566,51.1045,0.00000,0.01686
10.38,17.12,3.8561,52.2659,0.00000,0.01660
10.62,17.12,3.8626,53.4134,0.00000,0.01667
10.88,17.12,3.8690,54.9393,0.00000,0.01693
11.12,17.12,3.8730,56.6610,0.00000,0.01731
11.38,17.12,3.8648,58.1487,0.00000,0.01759
11.62,17.12,3.8470,59.5486,0.00000,0.01808
11.88,17.12,3.8200,61.3923,0.00000,0.01900
12.12,17.12,3.7986,63.6994,0.00000,0.02007
12.38,17.12,3.7884,66.1794,0.00000,0.02185
12.62,17.12,3.7794,69.0025,0.00000,0.02465
12.88,17.12,3.7743,71.9321,0.00000,0.02822
13.12,17.12,3.7557,74.6414,0.00000,0.03304
13.38,17.12,3.7154,77.4588,0.00009,0.03963
13.62,17.12,3.6880,81.6656,0.00105,0.04810
13.88,17.12,3.6438,85.9587,0.00473,0.05943
14.12,17.12,3.6449,86.0521,0.00782,0.07533
14.38,17.12,3.5573,76.4083,0.00479,0.09252
14.62,17.12,3.3079,61.2788,0.00110,0.10619
14.88,17.12,2.4118,41.5777,0.00010,0.11567
15.12,17.12,1.5984,21.4760,0.00004,0.14130
15.38,17.12,1.5599,14.0909,0.00136,0.20870
15.62,17.12,2.2718,21.1746,0.01773,0.32448
15.88,17.12,3.2004,36.1820,0.09457,0.43228
16.12,17.12,3.5477,54.2723,0.24472,0.46350
16.38,17.12,3.8425,70.5893,0.48019,0.47564
16.62,17.12,4.4551,90.3235,1.06954,0.45555
16.88,17.12,4.8162,120.3565,1.95131,0.33112
2.62,17.38,2.8962,32.3923,0.00000,0.16977
2.88,17.38,3.7821,28.3634,0.00000,0.23138
3.12,17.38,3.8271,24.4932,0.00000,0.23949
3.38,17.38,3.7858,22.1110,0.00000,0.23167
3.62,17.38,3.7072,21.4340,0.00000,0.17651
3.88,17.38,3.7653,21.7913,0.00000,0.12688
4.12,17.38,3.7356,24.2469,0.00000,0.09704
4.38,17.38,3.7606,26.8878,0.00000,0.07865
4.62,17.38,3.7413,29.3761,0.00000,0.06194
4.88,17.38,3.7731,31.4637,0.00000,0.04898
5.12,17.38,3.7601,33.6211,0.00000,0.04039
5.38,17.38,3.7874,35.7694,0.00000,0.03531
5.62,17.38,3.8008,38.5349,0.00000,0.03230
5.88,17.38,3.8062,41.6506,0.00000,0.02999
6.12,17.38,3.8096,44.4087,0.00000,0.02720
6.38,17.38,3.8304,46.2880,0.00000,0.02395
6.62,17.38,3.8492,47.2899,0.00000,0.02112
6.88,17.38,3.8631,48.2003,0.00000,0.01938
7.12,17.38,3.8798,49.2849,0.00000,0.01802
7.38,17.38,3.8880,50.1544,0.00000,0.01626
7.62,17.38,3.8827,50.4820,0.00000,0.01481
7.88,17.38,3.8760,49.9009,0.00000,0.01397
8.12,17.38,3.8685,48.7191,0.00000,0.01339
8.38,17.38,3.8610,47.6586,0.00000,0.01296
8.62,17.38,3.8553,47.0115,0.00000,0.01284
8.88,17.38,3.8543,46.6040,0.00000,0.01309
9.12,17.38,3.8634,46.5819,0.00000,0.01391
9.38,17.38,3.8733,46.9105,0.00000,0.01552
9.62,17.38,3.8742,47.5279,0.00000,0.01673
9.88,17.38,3.8809,48.3916,0.00000,0.01667
10.12,17.38,3.8869,49.2738,0.00000,0.01650
10.38,17.38,3.8754,49.9481,0.00000,0.01651
10.62,17.38,3.8644,50.7436,0.00000,0.01686
10.88,17.38,3.8689,52.0357,0.00000,0.01746
11.12,17.38,3.8852,53.5415,0.00000,0.01766
11.38,17.38,3.9002,54.6708,0.00000,0.01760
11.62,17.38,3.8874,55.6769,0.00000,0.01798
11.88,17.38,3.8646,57.2183,0.00000,0.01915
12.12,17.38,3.8395,59.2462,0.00000,0.02075
12.38,17.38,3.8201,61.4897,0.00000,0.02326
12.62,17.38,3.8073,63.9293,0.00000,0.02677
12.88,17.38,3.8106,66.3430,0.00000,0.03116
13.12,17.38,3.8019,68.0513,0.00000,0.03740
13.38,17.38,3.7745,69.6438,0.00001,0.04667
13.62,17.38,3.7435,72.2132,0.00009,0.05981
13.88,17.38,3.7089,75.2428,0.00039,0.07827
14.12,17.38,3.6767,75.7139,0.00064,0.10588
14.38,17.38,3.6109,69.7472,0.00039,0.14005
14.62,17.38,3.5210,58.3693,0.00009,0.17760
14.88,17.38,3.2318,44.1538,0.00001,0.22873
15.12,17.38,2.8703,29.4772,0.00007,0.30599
15.38,17.38,2.8337,23.0956,0.00223,0.41652
15.62,17.38,3.1116,26.3759,0.02873,0.54046
15.88,17.38,3.3936,34.6422,0.14984,0.63781
16.12,17.38,3.4620,45.0842,0.37619,0.72157
16.38,17.38,3.7702,58.5305,0.74651,0.83698
16.62,17.38,4.6246,89.6845,1.73438,0.85662
16.88,17.38,5.4413,137.5502,3.20845,0.69191
2.62,17.62,2.9106,33.3975,0.00000,0.16662
2.88,17.62,3.7992,29.2385,0.00000,0.22353
3.12,17.62,3.8233,25.1491,0.00000,0.22387
3.38,17.62,3.7584,22.3940,0.00000,0.21064
3.62,17.62,3.6816,21.4834,0.00000,0.16116
3.88,17.62,3.7429,21.6344,0.00000,0.11760
4.12,17.62,3.7066,23.9441,0.00000,0.09086
4.38,17.62,3.7419,26.9014,0.00000,0.07405
4.62,17.62,3.7349,29.7937,0.00000,0.05834
4.88,17.62,3.7598,32.1149,0.00000,0.04627
5.12,17.62,3.7524,34.1639,0.00000,0.03897
5.38,17.62,3.7599,35.9430,0.00000,0.03490
5.62,17.62,3.7826,38.2730,0.00000,0.03228
5.88,17.62,3.8138,40.9022,0.00000,0.02983
6.12,17.62,3.8218,42.9585,0.00000,0.02724
6.38,17.62,3.8384,44.5135,0.00000,0.02449
6.62,17.62,3.8556,46.0194,0.00000,0.02143
6.88,17.62,3.8766,47.4846,0.00000,0.01894
7.12,17.62,3.8976,48.7449,0.00000,0.01729
7.38,17.62,3.9180,49.7351,0.00000,0.01567
7.62,17.62,3.9429,50.4429,0.00000,0.01443
7.88,17.62,3.9771,50.5924,0.00000,0.01370
8.12,17.62,3.9977,50.0715,0.00000,0.01319
8.38,17.62,3.9972,49.4383,0.00000,0.01297
8.62,17.62,3.9901,49.1118,0.00000,0.01299
8.88,17.62,3.9870,48.7293,0.00000,0.01312
9.12,17.62,3.9894,48.2198,0.00000,0.01359
9.38,17.62,4.0012,48.0779,0.00000,0.01443
9.62,17.62,4.0084,48.5037,0.00000,0.01483
9.88,17.62,4.0156,49.0636,0.00000,0.01507
10.12,17.62,4.0222,49.3862,0.00000,0.01564
10.38,17.62,4.0100,49.6349,0.00000,0.01602
10.62,17.62,3.9922,50.3564,0.00000,0.01641
10.88,17.62,3.9950,51.7165,0.00000,0.01704
11.12,17.62,4.0124,53.3637,0.00000,0.01726
11.38,17.62,4.0267,54.5269,0.00000,0.01755
11.62,17.62,4.0136,55.2908,0.00000,0.01854
11.88,17.62,3.9945,56.5098,0.00000,0.02010
12.12,17.62,3.9697,58.4057,0.00000,0.02189
12.38,17.62,3.9373,60.4665,0.00000,0.02461
12.62,17.62,3.9097,62.6534,0.00000,0.02843
12.88,17.62,3.8943,65.0637,0.00000,0.03324
13.12,17.62,3.8784,66.9621,0.00000,0.04047
13.38,17.62,3.8423,68.0698,0.00000,0.05163
13.62,17.62,3.7865,69.1089,0.00000,0.06790
13.88,17.62,3.7381,70.3009,0.00001,0.09181
14.12,17.62,3.6691,69.6177,0.00002,0.12857
14.38,17.62,3.5978,65.1715,0.00001,0.17554
14.62,17.62,3.5060,56.5531,0.00000,0.22743
14.88,17.62,3.3754,44.9804,0.00000,0.30238
15.12,17.62,3.2355,33.8887,0.00004,0.40651
15.38,17.62,3.1919,28.5627,0.00135,0.52680
15.62,17.62,3.2034,28.6926,0.01741,0.65799
15.88,17.62,3.2095,30.9300,0.09070,0.82466
16.12,17.62,3.1932,33.6439,0.22736,1.06378
16.38,17.62,3.2864,39.8251,0.45152,1.36563
16.62,17.62,3.6475,60.5613,1.05159,1.58304
16.88,17.62,3.9833,92.5049,1.94688,1.56998
2.62,17.88,2.8993,33.3716,0.00000,0.15888
2.88,17.88,3.7724,29.3859,0.00000,0.21160
3.12,17.88,3.8062,25.3204,0.00000,0.20829
3.38,17.88,3.7629,22.4401,0.00000,0.19395
3.62,17.88,3.6817,21.5186,0.00000,0.14991
3.88,17.88,3.7236,21.7165,0.00000,0.11118
4.12,17.88,3.6886,23.8848,0.00000,0.08665
4.38,17.88,3.7191,26.7114,0.00000,0.07070
4.62,17.88,3.7201,29.6339,0.00000,0.05611
4.88,17.88,3.7418,32.2378,0.00000,0.04455
5.12,17.88,3.7437,34.4454,0.00000,0.03770
5.38,17.88,3.7529,36.1114,0.00000,0.03411
5.62,17.88,3.7636,38.0475,0.00000,0.03145
5.88,17.88,3.7964,39.9369,0.00000,0.02901
6.12,17.88,3.8234,41.4622,0.00000,0.02705
6.38,17.88,3.8430,43.0365,0.00000,0.02461
6.62,17.88,3.8597,45.0585,0.00000,0.02150
6.88,17.88,3.8874,46.9828,0.00000,0.01862
7.12,17.88,3.9075,48.3749,0.00000,0.01670
7.38,17.88,3.9213,49.3058,0.00000,0.01531
7.62,17.88,3.9403,50.2012,0.00000,0.01413
7.88,17.88,3.9725,51.1646,0.00000,0.01330
8.12,17.88,3.9925,51.6589,0.00000,0.01277
8.38,17.88,3.9940,51.6179,0.00000,0.01262
8.62,17.88,3.9835,51.2854,0.00000,0.01273
8.88,17.88,3.9630,50.8243,0.00000,0.01280
9.12,17.88,3.9503,50.2926,0.00000,0.01294
9.38,17.88,3.9531,49.8351,0.00000,0.01324
9.62,17.88,3.9606,49.5242,0.00000,0.01341
9.88,17.88,3.9695,49.3605,0.00000,0.01377
10.12,17.88,3.9753,49.3034,0.00000,0.01444
10.38,17.88,3.9765,49.4583,0.00000,0.01501
10.62,17.88,3.9738,50.1096,0.00000,0.01533
10.88,17.88,3.9794,51.2720,0.00000,0.01581
11.12,17.88,3.9842,52.9558,0.00000,0.01642
11.38,17.88,3.9763,54.5486,0.00000,0.01735
11.62,17.88,3.9665,55.6125,0.00000,0.01911
11.88,17.88,3.9623,56.6445,0.00000,0.02109
12.12,17.88,3.9590,58.2624,0.00000,0.02285
12.38,17.88,3.9457,60.1452,0.00000,0.02542
12.62,17.88,3.9192,62.1580,0.00000,0.02930
12.88,17.88,3.8890,64.7330,0.00000,0.03433
13.12,17.88,3.8557,67.4252,0.00002,0.04201
13.38,17.88,3.8260,68.8835,0.00004,0.05430
13.62,17.88,3.7804,69.1969,0.00003,0.07271
13.88,17.88,3.7310,68.9881,0.00004,0.10077
14.12,17.88,3.6719,66.9530,0.00006,0.14279
14.38,17.88,3.5945,62.2821,0.00003,0.19831
14.62,17.88,3.5090,54.9616,0.00001,0.26463
14.88,17.88,3.3804,44.6987,0.00000,0.35196
15.12,17.88,3.2590,34.3966,0.00001,0.46119
15.38,17.88,3.1838,28.3445,0.00030,0.59214
15.62,17.88,3.1417,26.4280,0.00389,0.76145
15.88,17.88,3.1210,26.6066,0.02029,1.00959
16.12,17.88,3.0788,27.5944,0.05108,1.35422
16.38,17.88,2.9137,29.4005,0.10428,1.76659
16.62,17.88,2.7629,35.2624,0.25123,2.21373
16.88,17.88,2.6584,45.4119,0.47123,2.50461
2.62,18.12,2.9039,33.4356,0.00000,0.15045
2.88,18.12,3.7759,29.4474,0.00000,0.20067
3.12,18.12,3.8031,25.3570,0.00000,0.19383
3.38,18.12,3.7627,22.6548,0.00000,0.17742
3.62,18.12,3.6719,22.0785,0.00000,0.13861
3.88,18.12,3.7017,22.4073,0.00000,0.10521
4.12,18.12,3.6794,24.3929,0.00000,0.08254
4.38,18.12,3.6989,26.8606,0.00000,0.06690
4.62,18.12,3.6876,29.5857,0.00000,0.05405
4.88,18.12,3.7092,32.2968,0.00000,0.04409
5.12,18.12,3.7162,34.7638,0.00000,0.03755
5.38,18.12,3.7266,36.4627,0.00000,0.03347
5.62,18.12,3.7353,37.9408,0.00000,0.03023
5.88,18.12,3.7524,39.0907,0.00000,0.02736
6.12,18.12,3.7590,40.3457,0.00000,0.02530
6.38,18.12,3.7631,42.3368,0.00000,0.02332
6.62,18.12,3.7770,44.7767,0.00000,0.02090
6.88,18.12,3.8018,46.6555,0.00000,0.01824
7.12,18.12,3.8189,47.9382,0.00000,0.01639
7.38,18.12,3.8293,48.8968,0.00000,0.01530
7.62,18.12,3.8365,49.9011,0.00000,0.01407
7.88,18.12,3.8549,51.2595,0.00000,0.01303
8.12,18.12,3.8770,52.3697,0.00000,0.01246
8.38,18.12,3.8951,52.6682,0.00000,0.01225
8.62,18.12,3.9040,52.1906,0.00000,0.01238
8.88,18.12,3.8973,51.6879,0.00000,0.01256
9.12,18.12,3.8922,51.5339,0.00000,0.01256
9.38,18.12,3.8941,51.2671,0.00000,0.01264
9.62,18.12,3.8960,50.4357,0.00000,0.01296
9.88,18.12,3.8951,49.5784,0.00000,0.01341
10.12,18.12,3.8900,49.2938,0.00000,0.01381
10.38,18.12,3.8929,49.6306,0.00000,0.01426
10.62,18.12,3.9009,50.3186,0.00000,0.01468
10.88,18.12,3.9120,51.2044,0.00000,0.01528
11.12,18.12,3.9157,52.6461,0.00000,0.01626
11.38,18.12,3.9081,54.4945,0.00000,0.01744
11.62,18.12,3.9105,56.2033,0.00000,0.01930
11.88,18.12,3.9115,57.5068,0.00000,0.02121
12.12,18.12,3.9151,59.0828,0.00000,0.02287
12.38,18.12,3.9142,61.0021,0.00000,0.02530
12.62,18.12,3.9017,63.1361,0.00001,0.02921
12.88,18.12,3.8815,65.6031,0.00016,0.03467
13.12,18.12,3.8507,68.2761,0.00071,0.04255
13.38,18.12,3.8264,70.3273,0.00118,0.05476
13.62,18.12,3.7934,71.2397,0.00096,0.07337
13.88,18.12,3.7361,70.5722,0.00128,0.10152
14.12,18.12,3.6623,67.3773,0.00186,0.14155
14.38,18.12,3.5765,62.0878,0.00112,0.19567
14.62,18.12,3.4865,54.5021,0.00025,0.26718
14.88,18.12,3.3520,43.8266,0.00002,0.36090
15.12,18.12,3.2174,33.0634,0.00000,0.47439
15.38,18.12,3.1418,26.7338,0.00005,0.61013
15.62,18.12,3.1151,24.6934,0.00064,0.78521
15.88,18.12,3.0900,24.7861,0.00320,1.03821
16.12,18.12,3.0404,25.9876,0.01003,1.38152
16.38,18.12,2.8850,28.4422,0.05265,1.78681
16.62,18.12,2.7711,35.3111,0.22312,2.21769
16.88,18.12,2.6898,46.2644,0.48732,2.46602
2.62,18.38,2.8837,34.6270,0.00000,0.13595
2.88,18.38,3.7502,30.1649,0.00000,0.18219
3.12,18.38,3.7798,25.6605,0.00000,0.17513
3.38,18.38,3.7420,23.0433,0.00000,0.15915
3.62,18.38,3.6572,22.8425,0.00000,0.12590
3.88,18.38,3.6937,23.1739,0.00000,0.09820
4.12,18.38,3.6733,24.8557,0.00000,0.07845
4.38,18.38,3.7027,27.1145,0.00000,0.06417
4.62,18.38,3.6894,29.7185,0.00000,0.05276
4.88,18.38,3.7076,32.4201,0.00000,0.04397
5.12,18.38,3.7193,35.1475,0.00000,0.03777
5.38,18.38,3.7242,37.0717,0.00000,0.03313
5.62,18.38,3.7258,38.1154,0.00000,0.02906
5.88,18.38,3.7469,38.6588,0.00000,0.02581
6.12,18.38,3.7603,39.8077,0.00000,0.02380
6.38,18.38,3.7656,41.9909,0.00000,0.02243
6.62,18.38,3.7683,44.3108,0.00000,0.02063
6.88,18.38,3.7770,45.8073,0.00000,0.01831
7.12,18.38,3.7953,47.0872,0.00000,0.01676
7.38,18.38,3.8195,48.3585,0.00000,0.01592
7.62,18.38,3.8381,49.5544,0.00000,0.01457
7.88,18.38,3.8519,51.0917,0.00000,0.01328
8.12,18.38,3.8683,52.6226,0.00000,0.01256
8.38,18.38,3.8837,53.2482,0.00000,0.01219
8.62,18.38,3.8925,52.8355,0.00000,0.01220
8.88,18.38,3.8879,52.4314,0.00000,0.01241
9.12,18.38,3.8758,52.6401,0.00000,0.01242
9.38,18.38,3.8702,52.7465,0.00000,0.01261
9.62,18.38,3.8612,51.9219,0.00000,0.01322
9.88,18.38,3.8486,50.8562,0.00000,0.01390
10.12,18.38,3.8441,50.5608,0.00000,0.01424
10.38,18.38,3.8505,51.1154,0.00000,0.01462
10.62,18.38,3.8616,52.0389,0.00000,0.01511
10.88,18.38,3.8683,53.0644,0.00000,0.01579
11.12,18.38,3.8638,54.3490,0.00000,0.01678
11.38,18.38,3.8566,56.1522,0.00000,0.01782
11.62,18.38,3.8603,58.3732,0.00000,0.01916
11.88,18.38,3.8521,60.2084,0.00000,0.02055
12.12,18.38,3.8343,61.9957,0.00000,0.02200
12.38,18.38,3.8277,64.2382,0.00000,0.02431
12.62,18.38,3.8318,66.7872,0.00016,0.02802
12.88,18.38,3.8203,68.9088,0.00193,0.03332
13.12,18.38,3.8031,70.8584,0.00865,0.04071
13.38,18.38,3.7853,73.2099,0.01452,0.05144
13.62,18.38,3.7643,75.2151,0.01174,0.06720
13.88,18.38,3.7224,75.1600,0.01559,0.09101
14.12,18.38,3.6419,71.6700,0.02262,0.12534
14.38,18.38,3.5522,65.2488,0.01363,0.17222
14.62,18.38,3.4441,55.5758,0.00304,0.23584
14.88,18.38,3.2943,43.0570,0.00025,0.32257
15.12,18.38,3.1298,30.9458,0.00002,0.43416
15.38,18.38,3.0779,24.9856,0.00032,0.56286
15.62,18.38,3.1128,24.6205,0.00390,0.71205
15.88,18.38,3.0994,25.6805,0.01794,0.91580
16.12,18.38,3.0411,27.4248,0.04458,1.18969
16.38,18.38,3.1257,34.6486,0.21024,1.49050
16.62,18.38,3.5929,58.7163,0.91686,1.66213
16.88,18.38,4.0720,93.2191,2.02565,1.55114
2.62,18.62,2.9354,35.9751,0.00000,0.11934
2.88,18.62,3.7513,31.0918,0.00000,0.15889
3.12,18.62,3.7640,25.9729,0.00000,0.15188
3.38,18.62,3.7277,23.0613,0.00000,0.13718
3.62,18.62,3.6412,23.0290,0.00000,0.10931
3.88,18.62,3.6717,23.5079,0.00000,0.08675
4.12,18.62,3.6325,24.9989,0.00000,0.07124
4.38,18.62,3.6580,27.2037,0.00000,0.05994
4.62,18.62,3.6487,29.8622,0.00000,0.05023
4.88,18.62,3.6638,32.4906,0.00000,0.04203
5.12,18.62,3.6632,35.0986,0.00000,0.03631
5.38,18.62,3.6659,37.1172,0.00000,0.03221
5.62,18.62,3.6620,38.0185,0.00000,0.02815
5.88,18.62,3.6686,38.3923,0.00000,0.02463
6.12,18.62,3.6787,39.6934,0.00000,0.02233
6.38,18.62,3.6807,41.9276,0.00000,0.02105
6.62,18.62,3.6725,43.9610,0.00000,0.01993
6.88,18.62,3.6633,45.1784,0.00000,0.01825
7.12,18.62,3.6668,46.4788,0.00000,0.01699
7.38,18.62,3.6809,47.9390,0.00000,0.01643
7.62,18.62,3.7012,49.3232,0.00000,0.01518
7.88,18.62,3.7197,51.0201,0.00000,0.01361
8.12,18.62,3.7333,52.8185,0.00000,0.01270
8.38,18.62,3.7467,53.7834,0.00000,0.01233
8.62,18.62,3.7599,53.6958,0.00000,0.01238
8.88,18.62,3.7662,53.4529,0.00000,0.01255
9.12,18.62,3.7720,53.6535,0.00000,0.01253
9.38,18.62,3.7824,53.8024,0.00000,0.01288
9.62,18.62,3.7845,53.1392,0.00000,0.01371
9.88,18.62,3.7850,52.2003,0.00000,0.01455
10.12,18.62,3.7930,52.0204,0.00000,0.01522
10.38,18.62,3.8058,52.7790,0.00000,0.01590
10.62,18.62,3.8249,53.9720,0.00000,0.01653
10.88,18.62,3.8301,55.1656,0.00000,0.01706
11.12,18.62,3.8250,56.4061,0.00000,0.01775
11.38,18.62,3.8181,58.1309,0.00000,0.01835
11.62,18.62,3.8154,60.5348,0.00000,0.01900
11.88,18.62,3.8085,62.8674,0.00000,0.02002
12.12,18.62,3.7935,64.9747,0.00000,0.02137
12.38,18.62,3.7858,67.5962,0.00002,0.02344
12.62,18.62,3.7939,70.8766,0.00072,0.02667
12.88,18.62,3.7877,73.5551,0.00884,0.03137
13.12,18.62,3.7822,75.8383,0.03984,0.03776
13.38,18.62,3.7775,78.7193,0.06762,0.04614
13.62,18.62,3.7568,81.6304,0.05539,0.05720
13.88,18.62,3.7420,82.9052,0.07124,0.07390
14.12,18.62,3.6953,80.1670,0.10170,0.09881
14.38,18.62,3.5656,71.4643,0.06110,0.13414
14.62,18.62,3.4496,58.5825,0.01362,0.18396
14.88,18.62,3.1475,43.6894,0.00112,0.24711
15.12,18.62,2.7818,27.9467,0.00008,0.33177
15.38,18.62,2.7282,20.7563,0.00143,0.44721
15.62,18.62,2.9890,22.8310,0.01742,0.59350
15.88,18.62,3.2148,27.1397,0.07885,0.75288
16.12,18.62,3.1639,32.4540,0.15466,0.89810
16.38,18.62,3.3829,45.0571,0.39579,1.02110
16.62,18.62,4.3916,81.8625,1.52238,0.99783
16.88,18.62,5.4546,134.8922,3.33926,0.74293
2.62,18.88,2.9575,37.3193,0.00000,0.10400
2.88,18.88,3.7030,31.9725,0.00000,0.13717
3.12,18.88,3.7256,26.2537,0.00000,0.13171
3.38,18.88,3.7213,22.9102,0.00000,0.12008
3.62,18.88,3.6357,22.8875,0.00000,0.09673
3.88,18.88,3.6631,23.7951,0.00000,0.07729
4.12,18.88,3.6360,25.3642,0.00000,0.06463
4.38,18.88,3.6503,27.3093,0.00000,0.05541
4.62,18.88,3.6456,29.7950,0.00000,0.04742
4.88,18.88,3.6602,32.4120,0.00000,0.04007
5.12,18.88,3.6447,34.7574,0.00000,0.03469
5.38,18.88,3.6517,36.3178,0.00000,0.03108
5.62,18.88,3.6663,36.9787,0.00000,0.02763
5.88,18.88,3.6831,37.3267,0.00000,0.02467
6.12,18.88,3.7030,38.5565,0.00000,0.02243
6.38,18.88,3.7110,40.6089,0.00000,0.02088
6.62,18.88,3.7123,42.7244,0.00000,0.02017
6.88,18.88,3.7024,44.5734,0.00000,0.01915
7.12,18.88,3.6977,46.4162,0.00000,0.01810
7.38,18.88,3.7102,48.0493,0.00000,0.01773
7.62,18.88,3.7311,49.4118,0.00000,0.01669
7.88,18.88,3.7486,50.9978,0.00000,0.01484
8.12,18.88,3.7593,52.8050,0.00000,0.01361
8.38,18.88,3.7658,54.2011,0.00000,0.01311
8.62,18.88,3.7643,54.7070,0.00000,0.01303
8.88,18.88,3.7590,54.7509,0.00000,0.01298
9.12,18.88,3.7604,55.0068,0.00000,0.01284
9.38,18.88,3.7641,55.5107,0.00000,0.01349
9.62,18.88,3.7630,55.6786,0.00000,0.01470
9.88,18.88,3.7621,55.5469,0.00000,0.01573
10.12,18.88,3.7580,55.8806,0.00000,0.01674
10.38,18.88,3.7570,56.8900,0.00000,0.01774
10.62,18.88,3.7689,58.0418,0.00000,0.01868
10.88,18.88,3.7717,59.0731,0.00000,0.01867
11.12,18.88,3.7734,60.3295,0.00000,0.01859
11.38,18.88,3.7663,62.0384,0.00000,0.01810
11.62,18.88,3.7588,64.5281,0.00000,0.01783
11.88,18.88,3.7610,67.4599,0.00000,0.01855
12.12,18.88,3.7637,70.1284,0.00000,0.01980
12.38,18.88,3.7600,73.1620,0.00004,0.02159
12.62,18.88,3.7517,77.4089,0.00139,0.02419
12.88,18.88,3.7245,81.3723,0.01710,0.02773
13.12,18.88,3.7290,84.8683,0.07904,0.03242
13.38,18.88,3.7569,88.4698,0.14264,0.03843
13.62,18.88,3.7314,91.8281,0.12538,0.04533
13.88,18.88,3.7147,93.9528,0.13462,0.05506
14.12,18.88,3.7050,91.5039,0.17181,0.06810
14.38,18.88,3.5367,80.0325,0.10146,0.08478
14.62,18.88,3.2716,63.6386,0.02257,0.10584
14.88,18.88,2.3758,43.3377,0.00185,0.12350
15.12,18.88,1.5634,22.1092,0.00013,0.15406
15.38,18.88,1.4997,13.7205,0.00236,0.22599
15.62,18.88,2.1499,18.4977,0.02872,0.37177
15.88,18.88,3.0431,27.2757,0.12919,0.55497
16.12,18.88,3.3002,38.1287,0.22797,0.64166
16.38,18.88,3.4392,51.6207,0.32179,0.65065
16.62,18.88,4.1570,75.9697,0.94265,0.61176
16.88,18.88,4.5941,112.0227,2.02749,0.42606
2.62,19.12,2.9569,38.3569,0.00000,0.09273
2.88,19.12,3.6827,32.6706,0.00000,0.12119
3.12,19.12,3.6948,26.6564,0.00000,0.11511
3.38,19.12,3.6815,22.9052,0.00000,0.10452
3.62,19.12,3.5930,22.6891,0.00000,0.08688
3.88,19.12,3.5968,23.9335,0.00000,0.07094
4.12,19.12,3.5824,25.6837,0.00000,0.05910
4.38,19.12,3.5899,27.3041,0.00000,0.05047
4.62,19.12,3.5909,29.4002,0.00000,0.04341
4.88,19.12,3.5940,31.8720,0.00000,0.03700
5.12,19.12,3.5761,33.9487,0.00000,0.03170
5.38,19.12,3.5863,35.0431,0.00000,0.02764
5.62,19.12,3.6051,35.6198,0.00000,0.02464
5.88,19.12,3.6209,36.0405,0.00000,0.02298
6.12,19.12,3.6294,36.9978,0.00000,0.02195
6.38,19.12,3.6347,38.5996,0.00000,0.02045
6.62,19.12,3.6430,40.6063,0.00000,0.01933
6.88,19.12,3.6453,43.1029,0.00000,0.01857
7.12,19.12,3.6508,45.7585,0.00000,0.01766
7.38,19.12,3.6606,47.7257,0.00000,0.01721
7.62,19.12,3.6726,49.0355,0.00000,0.01679
7.88,19.12,3.6816,50.4982,0.00000,0.01535
8.12,19.12,3.6849,52.3089,0.00000,0.01398
8.38,19.12,3.6902,54.0322,0.00000,0.01342
8.62,19.12,3.6940,54.9921,0.00000,0.01335
8.88,19.12,3.7043,55.4169,0.00000,0.01332
9.12,19.12,3.7212,55.9699,0.00000,0.01336
9.38,19.12,3.7385,57.0907,0.00000,0.01437
9.62,19.12,3.7493,58.4414,0.00000,0.01587
9.88,19.12,3.7605,59.4691,0.00000,0.01729
10.12,19.12,3.7639,60.4861,0.00000,0.01855
10.38,19.12,3.7692,61.8305,0.00000,0.01959
10.62,19.12,3.7786,63.0516,0.00000,0.02069
10.88,19.12,3.7793,64.1088,0.00000,0.02029
11.12,19.12,3.7784,65.5929,0.00000,0.01964
11.38,19.12,3.7703,67.5991,0.00000,0.01818
11.62,19.12,3.7705,70.4983,0.00000,0.01708
11.88,19.12,3.7809,73.8756,0.00000,0.01737
12.12,19.12,3.7886,77.1984,0.00000,0.01834
12.38,19.12,3.7913,80.8674,0.00005,0.01982
12.62,19.12,3.7779,85.5583,0.00171,0.02180
12.88,19.12,3.7439,90.0950,0.02167,0.02416
13.12,19.12,3.7814,94.3798,0.10774,0.02727
13.38,19.12,3.8462,97.8376,0.22617,0.03147
13.62,19.12,3.8114,100.4568,0.22958,0.03553
13.88,19.12,3.7126,102.5163,0.16267,0.04019
14.12,19.12,3.6580,99.7810,0.12958,0.04450
14.38,19.12,3.4695,85.9612,0.06890,0.04651
14.62,19.12,3.0578,65.3352,0.01513,0.04544
14.88,19.12,1.7163,37.8360,0.00124,0.03664
15.12,19.12,0.6263,14.4904,0.00008,0.03536
15.38,19.12,0.5512,7.4634,0.00143,0.06635
15.62,19.12,1.3516,13.7817,0.01742,0.17982
15.88,19.12,2.6145,25.8113,0.07817,0.37012
16.12,19.12,3.2312,41.4275,0.13224,0.46752
16.38,19.12,3.3413,55.3801,0.12138,0.45147
16.62,19.12,3.5009,62.5123,0.22203,0.42990
16.88,19.12,3.2076,74.6224,0.45369,0.31437
2.62,19.38,2.9083,40.0479,0.00000,0.08526
2.88,19.38,3.6227,34.2855,0.00000,0.10995
3.12,19.38,3.6563,28.1672,0.00000,0.10145
3.38,19.38,3.6657,23.9287,0.00000,0.08983
3.62,19.38,3.6015,23.2843,0.00000,0.07730
3.88,19.38,3.5975,24.3963,0.00000,0.06566
4.12,19.38,3.5925,25.8137,0.00000,0.05528
4.38,19.38,3.6139,26.9548,0.00000,0.04760
4.62,19.38,3.6319,28.7130,0.00000,0.04091
4.88,19.38,3.6415,30.7609,0.00000,0.03480
5.12,19.38,3.6405,32.2901,0.00000,0.02958
5.38,19.38,3.6614,33.3435,0.00000,0.02529
5.62,19.38,3.6887,34.3945,0.00000,0.02244
5.88,19.38,3.7123,35.4009,0.00000,0.02130
6.12,19.38,3.7231,36.6336,0.00000,0.02094
6.38,19.38,3.7329,38.1961,0.00000,0.01961
6.62,19.38,3.7397,39.9195,0.00000,0.01814
6.88,19.38,3.7422,42.2134,0.00000,0.01730
7.12,19.38,3.7483,45.0219,0.00000,0.01653
7.38,19.38,3.7512,47.4069,0.00000,0.01633
7.62,19.38,3.7567,49.2113,0.00000,0.01666
7.88,19.38,3.7538,50.9261,0.00000,0.01573
8.12,19.38,3.7345,52.8942,0.00000,0.01443
8.38,19.38,3.7247,54.9149,0.00000,0.01405
8.62,19.38,3.7316,56.4913,0.00000,0.01418
8.88,19.38,3.7501,57.6993,0.00000,0.01430
9.12,19.38,3.7622,58.6366,0.00000,0.01428
9.38,19.38,3.7652,59.8995,0.00000,0.01473
9.62,19.38,3.7707,61.7146,0.00000,0.01541
9.88,19.38,3.7794,63.3489,0.00000,0.01651
10.12,19.38,3.7762,64.7419,0.00000,0.01734
10.38,19.38,3.7747,66.3474,0.00000,0.01760
10.62,19.38,3.7753,67.9643,0.00000,0.01816
10.88,19.38,3.7665,69.5127,0.00000,0.01824
11.12,19.38,3.7590,71.4817,0.00000,0.01817
11.38,19.38,3.7493,74.0156,0.00000,0.01721
11.62,19.38,3.7546,77.3055,0.00000,0.01634
11.88,19.38,3.7617,80.6259,0.00000,0.01627
12.12,19.38,3.7666,83.9889,0.00000,0.01657
12.38,19.38,3.7607,87.6261,0.00005,0.01723
12.62,19.38,3.7514,91.8019,0.00181,0.01836
12.88,19.38,3.7387,95.9897,0.02347,0.02004
13.12,19.38,3.8134,100.0027,0.12266,0.02240
13.38,19.38,3.9149,102.4762,0.28126,0.02539
13.62,19.38,3.9166,103.7169,0.31038,0.02788
13.88,19.38,3.7626,104.8907,0.19654,0.02985
14.12,19.38,3.6277,101.7081,0.11536,0.03072
14.38,19.38,3.4549,88.5227,0.05611,0.02925
14.62,19.38,3.0355,69.0906,0.01337,0.02448
14.88,19.38,1.7081,41.7111,0.00180,0.01461
15.12,19.38,0.6488,17.8550,0.00042,0.00979
15.38,19.38,0.6454,10.0738,0.00052,0.02745
15.62,19.38,1.5272,15.9628,0.00398,0.10643
15.88,19.38,2.6958,28.3857,0.01745,0.24688
16.12,19.38,3.2058,43.5534,0.02901,0.32831
16.38,19.38,3.3493,56.1431,0.02102,0.32778
16.62,19.38,3.3679,57.8521,0.02084,0.31700
16.88,19.38,2.9890,63.4825,0.03753,0.23692
2.62,19.62,2.9476,42.1639,0.00000,0.08136
2.88,19.62,3.6140,36.4817,0.00000,0.10203
3.12,19.62,3.6399,30.2928,0.00000,0.09044
3.38,19.62,3.6579,25.5350,0.00000,0.07715
3.62,19.62,3.6066,24.2197,0.00000,0.06606
3.88,19.62,3.6097,24.8138,0.00000,0.05695
4.12,19.62,3.5862,25.7655,0.00000,0.04915
4.38,19.62,3.5965,26.5133,0.00000,0.04243
4.62,19.62,3.6112,27.9603,0.00000,0.03629
4.88,19.62,3.6318,29.5584,0.00000,0.03085
5.12,19.62,3.6550,30.6238,0.00000,0.02658
5.38,19.62,3.6804,31.8488,0.00000,0.02317
5.62,19.62,3.7029,33.4581,0.00000,0.02070
5.88,19.62,3.7215,35.1674,0.00000,0.01914
6.12,19.62,3.7404,36.9694,0.00000,0.01821
6.38,19.62,3.7576,38.8356,0.00000,0.01732
6.62,19.62,3.7679,40.4999,0.00000,0.01664
6.88,19.62,3.7694,42.5123,0.00000,0.01590
7.12,19.62,3.7705,45.2111,0.00000,0.01516
7.38,19.62,3.7797,47.9567,0.00000,0.01480
7.62,19.62,3.7886,50.4036,0.00000,0.01486
7.88,19.62,3.7855,52.6118,0.00000,0.01444
8.12,19.62,3.7730,55.0009,0.00000,0.01387
8.38,19.62,3.7650,57.3933,0.00000,0.01390
8.62,19.62,3.7719,59.5307,0.00000,0.01408
8.88,19.62,3.7861,61.4622,0.00000,0.01422
9.12,19.62,3.7960,62.8210,0.00000,0.01421
9.38,19.62,3.7970,63.9428,0.00000,0.01434
9.62,19.62,3.8083,65.6674,0.00000,0.01448
9.88,19.62,3.8193,67.5704,0.00000,0.01492
10.12,19.62,3.8180,69.2859,0.00000,0.01524
10.38,19.62,3.8149,70.9934,0.00000,0.01497
10.62,19.62,3.8186,72.9020,0.00000,0.01506
10.88,19.62,3.8102,75.0348,0.00000,0.01582
11.12,19.62,3.8059,77.4910,0.00000,0.01650
11.38,19.62,3.7990,80.4101,0.00000,0.01624
11.62,19.62,3.8019,83.8009,0.00000,0.01578
11.88,19.62,3.7959,86.8796,0.00000,0.01542
12.12,19.62,3.8012,89.8127,0.00000,0.01505
12.38,19.62,3.7932,92.5680,0.00003,0.01498
12.62,19.62,3.7835,95.5422,0.00102,0.01550
12.88,19.62,3.7664,99.1248,0.01325,0.01673
13.12,19.62,3.8146,102.9869,0.07016,0.01855
13.38,19.62,3.8774,105.3222,0.16564,0.02062
13.62,19.62,3.9170,105.8142,0.20288,0.02254
13.88,19.62,3.8614,105.8329,0.19871,0.02388
14.12,19.62,3.7544,103.2294,0.21196,0.02443
14.38,19.62,3.5663,93.7059,0.14243,0.02467
14.62,19.62,3.2705,79.6809,0.05582,0.02437
14.88,19.62,2.4386,60.3146,0.02375,0.02128
15.12,19.62,1.6503,39.1343,0.01229,0.02183
15.38,19.62,1.6737,28.2341,0.00666,0.04168
15.62,19.62,2.4324,28.4156,0.00333,0.10449
15.88,19.62,3.1977,36.0000,0.00207,0.19412
16.12,19.62,3.3501,45.1195,0.00242,0.24047
16.38,19.62,3.4556,51.1137,0.00154,0.25379
16.62,19.62,3.5119,54.2187,0.00084,0.25354
16.88,19.62,3.1937,64.4541,0.00116,0.18905
2.62,19.88,2.9437,43.3360,0.00000,0.07368
2.88,19.88,3.6240,38.4095,0.00000,0.09108
3.12,19.88,3.6822,33.1495,0.00000,0.07997
3.38,19.88,3.7658,28.5928,0.00000,0.06835
3.62,19.88,3.7749,26.9447,0.00000,0.05892
3.88,19.88,3.8214,26.9954,0.00000,0.05167
4.12,19.88,3.8262,27.7911,0.00000,0.04599
4.38,19.88,3.8528,28.6664,0.00000,0.03985
4.62,19.88,3.8922,29.7927,0.00000,0.03455
4.88,19.88,3.9184,31.0039,0.00000,0.02943
5.12,19.88,3.9314,31.9162,0.00000,0.02504
5.38,19.88,3.9377,33.1168,0.00000,0.02178
5.62,19.88,3.9454,34.8584,0.00000,0.01956
5.88,19.88,3.9584,36.9188,0.00000,0.01763
6.12,19.88,3.9842,39.1671,0.00000,0.01592
6.38,19.88,3.9999,41.5342,0.00000,0.01509
6.62,19.88,3.9972,43.6859,0.00000,0.01504
6.88,19.88,3.9837,46.0423,0.00000,0.01470
7.12,19.88,3.9806,49.0120,0.00000,0.01415
7.38,19.88,3.9997,52.1820,0.00000,0.01321
7.62,19.88,4.0033,55.0661,0.00000,0.01227
7.88,19.88,3.9979,57.7221,0.00000,0.01192
8.12,19.88,4.0011,60.6571,0.00000,0.01211
8.38,19.88,3.9939,63.7312,0.00000,0.01244
8.62,19.88,3.9792,66.6029,0.00000,0.01235
8.88,19.88,3.9546,69.3316,0.00000,0.01223
9.12,19.88,3.9285,71.4021,0.00000,0.01224
9.38,19.88,3.9066,72.6650,0.00000,0.01257
9.62,19.88,3.9018,74.3796,0.00000,0.01284
9.88,19.88,3.9060,76.7162,0.00000,0.01294
10.12,19.88,3.9000,78.9482,0.00000,0.01304
10.38,19.88,3.8890,80.8564,0.00000,0.01267
10.62,19.88,3.8819,82.8812,0.00000,0.01233
10.88,19.88,3.8682,85.2536,0.00000,0.01283
11.12,19.88,3.8529,87.8899,0.00000,0.01350
11.38,19.88,3.8526,91.0536,0.00000,0.01374
11.62,19.88,3.8592,94.5830,0.00000,0.01372
11.88,19.88,3.8538,97.7387,0.00000,0.01338
12.12,19.88,3.8577,100.5501,0.00000,0.01295
12.38,19.88,3.8526,102.9024,0.00001,0.01301
12.62,19.88,3.8251,105.1487,0.00023,0.01356
12.88,19.88,3.8001,108.5293,0.00316,0.01452
13.12,19.88,3.8263,112.9601,0.01831,0.01592
13.38,19.88,3.8596,116.1510,0.05143,0.01748
13.62,19.88,3.8755,116.8489,0.09767,0.01897
13.88,19.88,3.8986,116.3607,0.21344,0.02001
14.12,19.88,3.8952,114.4065,0.36879,0.02066
14.38,19.88,3.7686,108.2685,0.36746,0.02223
14.62,19.88,3.6471,98.2373,0.29448,0.02603
14.88,19.88,3.4030,85.1770,0.23979,0.03198
15.12,19.88,2.9768,68.3376,0.14724,0.04512
15.38,19.88,2.8984,53.8294,0.08104,0.07229
15.62,19.88,3.0962,45.6033,0.03688,0.11386
15.88,19.88,3.2911,46.5351,0.00791,0.16053
16.12,19.88,3.3817,49.8538,0.00071,0.18842
16.38,19.88,3.5298,49.7555,0.00006,0.20416
16.62,19.88,3.5600,52.1228,0.00001,0.20507
16.88,19.88,3.1311,63.5860,0.00000,0.15252
2.62,20.12,2.8256,44.3318,0.00000,0.07450
2.88,20.12,3.6143,40.1463,0.00000,0.09363
3.12,20.12,3.6331,36.5824,0.00000,0.07816
3.38,20.12,3.7076,33.1776,0.00000,0.06173
3.62,20.12,3.7296,31.7648,0.00000,0.05170
3.88,20.12,3.7496,31.3013,0.00000,0.04511
4.12,20.12,3.7759,31.7302,0.00000,0.04086
4.38,20.12,3.7954,32.7627,0.00000,0.03633
4.62,20.12,3.8356,33.5423,0.00000,0.03218
4.88,20.12,3.8621,34.3353,0.00000,0.02708
5.12,20.12,3.8717,35.0827,0.00000,0.02220
5.38,20.12,3.8779,36.0010,0.00000,0.01872
5.62,20.12,3.8899,37.7359,0.00000,0.01651
5.88,20.12,3.9086,40.0460,0.00000,0.01465
6.12,20.12,3.9358,42.5772,0.00000,0.01297
6.38,20.12,3.9564,45.3727,0.00000,0.01216
6.62,20.12,3.9581,48.0893,0.00000,0.01230
6.88,20.12,3.9544,51.0146,0.00000,0.01248
7.12,20.12,3.9638,54.3891,0.00000,0.01219
7.38,20.12,3.9835,57.7717,0.00000,0.01110
7.62,20.12,3.9895,60.7801,0.00000,0.00988
7.88,20.12,3.9963,63.8573,0.00000,0.00935
8.12,20.12,4.0064,67.4548,0.00000,0.00949
8.38,20.12,4.0047,71.5305,0.00000,0.00973
8.62,20.12,3.9866,75.5097,0.00000,0.00940
8.88,20.12,3.9562,79.3225,0.00000,0.00916
9.12,20.12,3.9251,82.4787,0.00000,0.00917
9.38,20.12,3.9076,84.7050,0.00000,0.00946
9.62,20.12,3.8971,86.8441,0.00000,0.00973
9.88,20.12,3.8976,89.3784,0.00000,0.00987
10.12,20.12,3.8889,91.8559,0.00000,0.00998
10.38,20.12,3.8834,93.9677,0.00000,0.01000
10.62,20.12,3.8734,96.1955,0.00000,0.00995
10.88,20.12,3.8687,98.7182,0.00000,0.01007
11.12,20.12,3.8507,101.3820,0.00000,0.01023
11.38,20.12,3.8579,104.4295,0.00000,0.01048
11.62,20.12,3.8637,107.7439,0.00000,0.01073
11.88,20.12,3.8660,111.0767,0.00000,0.01076
12.12,20.12,3.8580,114.0744,0.00000,0.01075
12.38,20.12,3.8607,116.7676,0.00000,0.01123
12.62,20.12,3.8346,119.6489,0.00005,0.01196
12.88,20.12,3.8293,123.7785,0.00130,0.01276
13.12,20.12,3.8451,128.4031,0.01419,0.01395
13.38,20.12,3.9041,131.8786,0.06440,0.01530
13.62,20.12,3.9265,133.6361,0.15083,0.01649
13.88,20.12,3.9911,134.1215,0.32373,0.01718
14.12,20.12,4.0879,132.4485,0.60267,0.01748
14.38,20.12,4.0978,129.0532,0.81328,0.01820
14.62,20.12,4.0559,124.6930,1.04030,0.02049
14.88,20.12,3.9062,115.9923,1.07403,0.02904
15.12,20.12,3.5232,97.7055,0.69311,0.05217
15.38,20.12,3.3334,76.0677,0.38391,0.08529
15.62,20.12,3.2468,63.2520,0.17471,0.11022
15.88,20.12,3.2684,59.8093,0.03727,0.13495
16.12,20.12,3.3478,57.4333,0.00304,0.15931
16.38,20.12,3.4716,54.6463,0.00009,0.17412
16.62,20.12,3.5445,53.9146,0.00000,0.17596
16.88,20.12,3.0156,60.8373,0.00000,0.13288
2.62,20.38,2.4574,49.6585,0.00000,0.08249
2.88,20.38,3.2526,45.0576,0.00000,0.10504
3.12,20.38,3.2428,42.0143,0.00000,0.08198
3.38,20.38,3.2751,39.4858,0.00000,0.05661
3.62,20.38,3.2910,38.2456,0.00000,0.04377
3.88,20.38,3.2622,37.2301,0.00000,0.03659
4.12,20.38,3.2871,37.0544,0.00000,0.03293
4.38,20.38,3.2765,37.8795,0.00000,0.02922
4.62,20.38,3.2487,38.0555,0.00000,0.02533
4.88,20.38,3.2235,38.0818,0.00000,0.02092
5.12,20.38,3.2363,38.3369,0.00000,0.01718
5.38,20.38,3.2760,38.8552,0.00000,0.01456
5.62,20.38,3.3315,40.5960,0.00000,0.01268
5.88,20.38,3.3863,43.1005,0.00000,0.01106
6.12,20.38,3.4266,45.6113,0.00000,0.00977
6.38,20.38,3.4680,48.2945,0.00000,0.00928
6.62,20.38,3.5125,51.0552,0.00000,0.00975
6.88,20.38,3.5630,54.2607,0.00000,0.01022
7.12,20.38,3.6089,57.7084,0.00000,0.00975
7.38,20.38,3.6175,60.7369,0.00000,0.00871
7.62,20.38,3.6204,63.6110,0.00000,0.00787
7.88,20.38,3.6471,67.0878,0.00000,0.00732
8.12,20.38,3.6671,70.9279,0.00000,0.00711
8.38,20.38,3.6803,75.2597,0.00000,0.00707
8.62,20.38,3.6801,79.9600,0.00000,0.00675
8.88,20.38,3.6861,84.8381,0.00000,0.00663
9.12,20.38,3.6818,89.2022,0.00000,0.00668
9.38,20.38,3.6529,92.7199,0.00000,0.00679
9.62,20.38,3.5840,95.2511,0.00000,0.00687
9.88,20.38,3.5325,97.5174,0.00000,0.00700
10.12,20.38,3.5166,100.0459,0.00000,0.00725
10.38,20.38,3.5271,102.2568,0.00000,0.00778
10.62,20.38,3.5160,104.5578,0.00000,0.00806
10.88,20.38,3.5266,107.3800,0.00000,0.00794
11.12,20.38,3.5507,110.5274,0.00000,0.00781
11.38,20.38,3.5974,113.7898,0.00000,0.00796
11.62,20.38,3.6152,116.8850,0.00000,0.00826
11.88,20.38,3.6325,119.9624,0.00000,0.00857
12.12,20.38,3.6083,122.6945,0.00000,0.00887
12.38,20.38,3.6048,125.5796,0.00000,0.00942
12.62,20.38,3.6313,129.8386,0.00007,0.01021
12.88,20.38,3.7077,135.5985,0.00232,0.01111
13.12,20.38,3.7256,140.4019,0.02845,0.01218
13.38,20.38,3.8019,143.7028,0.13310,0.01334
13.62,20.38,3.9009,146.8241,0.29093,0.01447
13.88,20.38,4.1004,149.1985,0.52832,0.01512
14.12,20.38,4.3245,148.1965,0.91013,0.01513
14.38,20.38,4.5205,146.2773,1.34659,0.01478
14.62,20.38,4.8363,147.4454,2.08511,0.01461
14.88,20.38,4.7185,145.0918,2.33797,0.01988
15.12,20.38,3.8977,126.9776,1.53447,0.03832
15.38,20.38,3.3072,100.2866,0.85181,0.06378
15.62,20.38,3.0614,84.6536,0.38769,0.07928
15.88,20.38,3.0027,77.4247,0.08270,0.09441
16.12,20.38,2.8473,69.5019,0.00674,0.11085
16.38,20.38,2.7469,64.6004,0.00020,0.11987
16.62,20.38,2.7351,60.3817,0.00000,0.12155
16.88,20.38,2.2810,62.2920,0.00000,0.09263
