x,y,rho,contact,casualty,pressure
2.62,0.12,0.3239,0.0020,0.00000,0.21981
2.88,0.12,0.6209,0.0037,0.00000,0.41225
3.12,0.12,0.8641,0.0047,0.00000,0.55037
3.38,0.12,0.9393,0.0053,0.00000,0.56249
3.62,0.12,1.0212,0.0067,0.00000,0.57589
3.88,0.12,1.1435,0.0090,0.00000,0.60670
4.12,0.12,1.1969,0.0146,0.00000,0.58380
4.38,0.12,1.2283,0.0210,0.00000,0.54531
4.62,0.12,1.2973,0.0191,0.00000,0.53157
4.88,0.12,1.3406,0.0129,0.00000,0.50472
5.12,0.12,1.3182,0.0094,0.00000,0.45030
5.38,0.12,1.2958,0.0065,0.00000,0.41506
5.62,0.12,1.3127,0.0060,0.00000,0.40723
5.88,0.12,1.3165,0.0087,0.00000,0.39890
6.12,0.12,1.3278,0.0120,0.00000,0.40706
6.38,0.12,1.3545,0.0183,0.00000,0.43520
6.62,0.12,1.3522,0.1783,0.00000,0.45934
6.88,0.12,1.3438,2.0166,0.00000,0.50504
7.12,0.12,1.0833,9.4793,0.00000,0.48116
7.38,0.12,0.6242,20.9921,0.00000,0.31808
2.62,0.38,0.6159,0.0029,0.00000,0.39452
2.88,0.38,1.1677,0.0059,0.00000,0.73304
3.12,0.38,1.5432,0.0102,0.00000,0.94946
3.38,0.38,1.4937,0.0138,0.00000,0.90228
3.62,0.38,1.4696,0.0156,0.00000,0.85060
3.88,0.38,1.5948,0.0194,0.00000,0.86164
4.12,0.38,1.6047,0.0242,0.00000,0.79578
4.38,0.38,1.5788,0.0279,0.00000,0.70237
4.62,0.38,1.6433,0.0304,0.00000,0.66078
4.88,0.38,1.6836,0.0266,0.00000,0.61687
5.12,0.38,1.6513,0.0188,0.00000,0.54477
5.38,0.38,1.6414,0.0112,0.00000,0.50218
5.62,0.38,1.6718,0.0090,0.00000,0.49810
5.88,0.38,1.6666,0.0128,0.00000,0.48919
6.12,0.38,1.6845,0.0217,0.00000,0.50299
6.38,0.38,1.6964,0.0404,0.00000,0.53527
6.62,0.38,1.6327,0.2148,0.00000,0.54502
6.88,0.38,1.7238,2.1232,0.00000,0.61017
7.12,0.38,1.5833,9.9024,0.00000,0.61653
7.38,0.38,1.0027,21.9168,0.00000,0.42341
2.62,0.62,0.7700,0.0020,0.00000,0.42905
2.88,0.62,1.4676,0.0063,0.00000,0.80210
3.12,0.62,1.9005,0.0181,0.00000,1.03016
3.38,0.62,1.7262,0.0288,0.00000,0.93642
3.62,0.62,1.6278,0.0266,0.00000,0.84098
3.88,0.62,1.7798,0.0281,0.00000,0.85166
4.12,0.62,1.7771,0.0330,0.00000,0.78778
4.38,0.62,1.7108,0.0357,0.00000,0.67648
4.62,0.62,1.7448,0.0438,0.00000,0.60943
4.88,0.62,1.7800,0.0427,0.00000,0.55905
5.12,0.62,1.7739,0.0277,0.00000,0.50109
5.38,0.62,1.7735,0.0129,0.00000,0.46412
5.62,0.62,1.7947,0.0073,0.00000,0.45894
5.88,0.62,1.7896,0.0094,0.00000,0.44720
6.12,0.62,1.8334,0.0216,0.00000,0.45454
6.38,0.62,1.8377,0.0540,0.00000,0.47376
6.62,0.62,1.6433,0.2307,0.00000,0.44844
6.88,0.62,1.8122,2.0473,0.00000,0.49161
7.12,0.62,1.9404,9.4894,0.00000,0.52230
7.38,0.62,1.3553,21.0022,0.00000,0.37072
2.62,0.88,0.7532,0.0009,0.00000,0.30446
2.88,0.88,1.3988,0.0055,0.00000,0.57187
3.12,0.88,1.7548,0.0213,0.00000,0.73203
3.38,0.88,1.5918,0.0356,0.00000,0.65851
3.62,0.88,1.5790,0.0281,0.00000,0.59645
3.88,0.88,1.7482,0.0231,0.00000,0.61709
4.12,0.88,1.7571,0.0260,0.00000,0.58693
4.38,0.88,1.7359,0.0306,0.00000,0.51610
4.62,0.88,1.7600,0.0421,0.00000,0.45851
4.88,0.88,1.7814,0.0438,0.00000,0.41860
5.12,0.88,1.8223,0.0282,0.00000,0.38991
5.38,0.88,1.8352,0.0120,0.00000,0.36321
5.62,0.88,1.8502,0.0043,0.00000,0.35314
5.88,0.88,1.8650,0.0034,0.00000,0.34412
6.12,0.88,1.9293,0.0110,0.00000,0.34207
6.38,0.88,1.9769,0.0361,0.00000,0.34674
6.62,0.88,1.6659,0.1767,0.00000,0.30012
6.88,0.88,1.8025,1.6153,0.00000,0.31127
7.12,0.88,2.1540,7.5106,0.00000,0.35052
7.38,0.88,1.6137,16.6345,0.00000,0.25855
2.62,1.12,0.8922,0.0003,0.00000,0.20200
2.88,1.12,1.5280,0.0028,0.00000,0.37084
3.12,1.12,1.7813,0.0117,0.00000,0.46683
3.38,1.12,1.6707,0.0197,0.00000,0.43191
3.62,1.12,1.7880,0.0151,0.00000,0.41517
3.88,1.12,1.9088,0.0130,0.00000,0.43248
4.12,1.12,1.8912,0.0170,0.00000,0.42049
4.38,1.12,1.9428,0.0201,0.00000,0.39551
4.62,1.12,1.9799,0.0249,0.00000,0.36488
4.88,1.12,1.9697,0.0252,0.00000,0.33504
5.12,1.12,2.0178,0.0177,0.00000,0.31893
5.38,1.12,2.0291,0.0096,0.00000,0.29897
5.62,1.12,2.0600,0.0037,0.00000,0.28986
5.88,1.12,2.0971,0.0013,0.00000,0.28537
6.12,1.12,2.0905,0.0040,0.00000,0.27135
6.38,1.12,2.1791,0.0169,0.00000,0.26796
6.62,1.12,1.8945,0.0932,0.00000,0.22752
6.88,1.12,1.9777,0.8679,0.00000,0.22768
7.12,1.12,2.3924,4.0391,0.00000,0.26404
7.38,1.12,1.8325,8.9468,0.00000,0.19942
2.62,1.38,1.1985,0.0001,0.00000,0.16025
2.88,1.38,1.8626,0.0006,0.00000,0.27280
3.12,1.38,1.9401,0.0025,0.00000,0.32048
3.38,1.38,1.8205,0.0043,0.00000,0.30218
3.62,1.38,2.0371,0.0039,0.00000,0.30824
3.88,1.38,2.0795,0.0065,0.00000,0.31853
4.12,1.38,2.0309,0.0120,0.00000,0.31357
4.38,1.38,2.1063,0.0144,0.00000,0.31057
4.62,1.38,2.1301,0.0138,0.00000,0.29466
4.88,1.38,2.1145,0.0121,0.00000,0.27203
5.12,1.38,2.1638,0.0109,0.00000,0.26209
5.38,1.38,2.1575,0.0090,0.00000,0.24986
5.62,1.38,2.2018,0.0043,0.00000,0.24506
5.88,1.38,2.2787,0.0010,0.00000,0.24500
6.12,1.38,2.1366,0.0014,0.00000,0.22028
6.38,1.38,2.2105,0.0077,0.00000,0.20775
6.62,1.38,2.0976,0.0687,0.00000,0.18278
6.88,1.38,2.1625,0.7231,0.00000,0.18177
7.12,1.38,2.5179,3.3907,0.00000,0.20860
7.38,1.38,1.9237,7.5134,0.00000,0.15856
2.62,1.62,1.4900,0.0000,0.00000,0.14872
2.88,1.62,2.1063,0.0000,0.00000,0.22487
3.12,1.62,1.9123,0.0002,0.00000,0.22757
3.38,1.62,1.7982,0.0004,0.00000,0.21236
3.62,1.62,2.1624,0.0007,0.00000,0.23532
3.88,1.62,2.1611,0.0028,0.00000,0.24247
4.12,1.62,2.1228,0.0071,0.00000,0.24369
4.38,1.62,2.1757,0.0106,0.00000,0.24729
4.62,1.62,2.1683,0.0105,0.00000,0.23582
4.88,1.62,2.1901,0.0103,0.00000,0.22093
5.12,1.62,2.2641,0.0125,0.00000,0.21586
5.38,1.62,2.2638,0.0110,0.00000,0.20944
5.62,1.62,2.2781,0.0050,0.00000,0.20413
5.88,1.62,2.3920,0.0011,0.00000,0.20784
6.12,1.62,2.1603,0.0004,0.00000,0.18292
6.38,1.62,2.2043,0.0036,0.00000,0.16489
6.62,1.62,2.2956,0.0798,0.00000,0.15305
6.88,1.62,2.3572,0.9500,0.00000,0.15284
7.12,1.62,2.6140,4.4909,0.00000,0.17045
7.38,1.62,1.9780,9.9608,0.00000,0.12942
2.62,1.88,1.7601,0.0000,0.00000,0.13900
2.88,1.88,2.3355,0.0000,0.00000,0.19319
3.12,1.88,1.9071,0.0001,0.00000,0.17005
3.38,1.88,1.8191,0.0003,0.00000,0.15561
3.62,1.88,2.3170,0.0006,0.00000,0.18610
3.88,1.88,2.2867,0.0016,0.00000,0.19190
4.12,1.88,2.2690,0.0051,0.00000,0.19838
4.38,1.88,2.2609,0.0089,0.00000,0.20140
4.62,1.88,2.2351,0.0086,0.00000,0.19284
4.88,1.88,2.3018,0.0099,0.00000,0.18555
5.12,1.88,2.3918,0.0142,0.00000,0.18193
5.38,1.88,2.4431,0.0118,0.00000,0.17854
5.62,1.88,2.3797,0.0048,0.00000,0.16866
5.88,1.88,2.4660,0.0010,0.00000,0.16953
6.12,1.88,2.2139,0.0002,0.00000,0.14919
6.38,1.88,2.2492,0.0015,0.00000,0.13394
6.62,1.88,2.5062,0.0467,0.00000,0.13304
6.88,1.88,2.5749,0.5685,0.00000,0.13334
7.12,1.88,2.7498,2.6923,0.00000,0.14325
7.38,1.88,2.0608,5.9735,0.00000,0.10777
2.62,2.12,1.9085,0.0000,0.00000,0.11360
2.88,2.12,2.4730,0.0000,0.00000,0.15235
3.12,2.12,1.9525,0.0003,0.00000,0.12658
3.38,2.12,1.8899,0.0013,0.00000,0.11770
3.62,2.12,2.4124,0.0023,0.00000,0.14569
3.88,2.12,2.3893,0.0029,0.00000,0.15021
4.12,2.12,2.4178,0.0072,0.00000,0.15870
4.38,2.12,2.3123,0.0122,0.00000,0.15754
4.62,2.12,2.2867,0.0101,0.00000,0.15132
4.88,2.12,2.3916,0.0076,0.00000,0.15023
5.12,2.12,2.4671,0.0097,0.00000,0.14859
5.38,2.12,2.5993,0.0088,0.00000,0.14980
5.62,2.12,2.4719,0.0040,0.00000,0.13847
5.88,2.12,2.4903,0.0009,0.00000,0.13466
6.12,2.12,2.2578,0.0002,0.00000,0.11905
6.38,2.12,2.2934,0.0004,0.00000,0.10948
6.62,2.12,2.6568,0.0113,0.00000,0.11561
6.88,2.12,2.7251,0.1383,0.00000,0.11591
7.12,2.12,2.8311,0.6547,0.00000,0.12060
7.38,2.12,2.1052,1.4526,0.00000,0.08981
2.62,2.38,1.9581,0.0000,0.00000,0.09230
2.88,2.38,2.5277,0.0000,0.00000,0.12143
3.12,2.38,2.0218,0.0005,0.00000,0.09918
3.38,2.38,1.9814,0.0022,0.00000,0.09529
3.62,2.38,2.4375,0.0039,0.00000,0.11738
3.88,2.38,2.4535,0.0050,0.00000,0.11815
4.12,2.38,2.5594,0.0107,0.00000,0.12363
4.38,2.38,2.3689,0.0175,0.00000,0.11912
4.62,2.38,2.3520,0.0144,0.00000,0.11672
4.88,2.38,2.4680,0.0068,0.00000,0.11923
5.12,2.38,2.5106,0.0046,0.00000,0.11828
5.38,2.38,2.7003,0.0048,0.00000,0.12396
5.62,2.38,2.5398,0.0031,0.00000,0.11639
5.88,2.38,2.5155,0.0013,0.00000,0.11210
6.12,2.38,2.3301,0.0006,0.00000,0.09994
6.38,2.38,2.3683,0.0006,0.00000,0.09270
6.62,2.38,2.7858,0.0133,0.00000,0.10071
6.88,2.38,2.8383,0.1611,0.00000,0.10091
7.12,2.38,2.8861,0.7617,0.00000,0.10303
7.38,2.38,2.1329,1.6890,0.00000,0.07628
2.62,2.62,2.0427,0.0000,0.00000,0.07809
2.88,2.62,2.6459,0.0000,0.00000,0.10185
3.12,2.62,2.1741,0.0003,0.00000,0.08319
3.38,2.62,2.1247,0.0013,0.00000,0.08027
3.62,2.62,2.4602,0.0026,0.00000,0.09522
3.88,2.62,2.4979,0.0041,0.00000,0.09433
4.12,2.62,2.6743,0.0086,0.00000,0.09845
4.38,2.62,2.4612,0.0135,0.00000,0.09299
4.62,2.62,2.4434,0.0121,0.00000,0.09250
4.88,2.62,2.5154,0.0058,0.00000,0.09536
5.12,2.62,2.5368,0.0029,0.00000,0.09565
5.38,2.62,2.7459,0.0042,0.00000,0.10372
5.62,2.62,2.5742,0.0052,0.00000,0.09896
5.88,2.62,2.5489,0.0041,0.00000,0.09569
6.12,2.62,2.4265,0.0025,0.00000,0.08612
6.38,2.62,2.4671,0.0031,0.00000,0.07840
6.62,2.62,2.8987,0.0652,0.00000,0.08448
6.88,2.62,2.9382,0.7928,0.00000,0.08321
7.12,2.62,2.9538,3.7539,0.00000,0.08289
7.38,2.62,2.1755,8.3281,0.00000,0.06091
2.62,2.88,2.0904,0.0000,0.00000,0.06385
2.88,2.88,2.7276,0.0000,0.00000,0.08357
3.12,2.88,2.3277,0.0001,0.00000,0.06993
3.38,2.88,2.2699,0.0003,0.00000,0.06644
3.62,2.88,2.4435,0.0007,0.00000,0.07340
3.88,2.88,2.4868,0.0016,0.00000,0.07368
4.12,2.88,2.7260,0.0033,0.00000,0.08003
4.38,2.88,2.5597,0.0049,0.00000,0.07642
4.62,2.88,2.5458,0.0049,0.00000,0.07553
4.88,2.88,2.5441,0.0027,0.00000,0.07640
5.12,2.88,2.5546,0.0021,0.00000,0.07818
5.38,2.88,2.7525,0.0057,0.00000,0.08586
5.62,2.88,2.6039,0.0093,0.00000,0.08177
5.88,2.88,2.6016,0.0082,0.00000,0.08009
6.12,2.88,2.5414,0.0052,0.00000,0.07474
6.38,2.88,2.5791,0.0070,0.00000,0.06840
6.62,2.88,2.9872,0.1512,0.00000,0.07265
6.88,2.88,3.0144,1.8374,0.00000,0.06988
7.12,2.88,3.0201,8.7035,0.00000,0.06787
7.38,2.88,2.2224,19.3122,0.00000,0.04950
2.62,3.12,2.1172,0.0000,0.00000,0.05427
2.88,3.12,2.7924,0.0000,0.00000,0.07148
3.12,3.12,2.4960,0.0000,0.00000,0.06144
3.38,3.12,2.4401,0.0000,0.00000,0.05702
3.62,3.12,2.4344,0.0001,0.00000,0.05804
3.88,3.12,2.4694,0.0003,0.00000,0.05832
4.12,3.12,2.7422,0.0006,0.00000,0.06464
4.38,3.12,2.6509,0.0009,0.00000,0.06358
4.62,3.12,2.6519,0.0010,0.00000,0.06393
4.88,3.12,2.5902,0.0009,0.00000,0.06397
5.12,3.12,2.6015,0.0020,0.00000,0.06519
5.38,3.12,2.7625,0.0072,0.00000,0.06960
5.62,3.12,2.6597,0.0124,0.00000,0.06633
5.88,3.12,2.6786,0.0100,0.00000,0.06544
6.12,3.12,2.6742,0.0057,0.00000,0.06316
6.38,3.12,2.7036,0.0079,0.00000,0.06075
6.62,3.12,3.0593,0.1642,0.00000,0.06559
6.88,3.12,3.0668,1.9908,0.00000,0.06229
7.12,3.12,3.0697,9.4306,0.00000,0.05956
7.38,3.12,2.2587,20.9266,0.00000,0.04327
2.62,3.38,2.1558,0.0000,0.00000,0.04612
2.88,3.38,2.8742,0.0000,0.00000,0.06127
3.12,3.38,2.6772,0.0000,0.00000,0.05456
3.38,3.38,2.6260,0.0000,0.00000,0.05109
3.62,3.38,2.4682,0.0000,0.00000,0.04953
3.88,3.38,2.4820,0.0000,0.00000,0.04922
4.12,3.38,2.7323,0.0001,0.00000,0.05348
4.38,3.38,2.7006,0.0002,0.00000,0.05390
4.62,3.38,2.7209,0.0006,0.00000,0.05688
4.88,3.38,2.6499,0.0012,0.00000,0.05790
5.12,3.38,2.6893,0.0026,0.00000,0.05750
5.38,3.38,2.7886,0.0076,0.00000,0.05805
5.62,3.38,2.7356,0.0124,0.00000,0.05558
5.88,3.38,2.7638,0.0098,0.00000,0.05419
6.12,3.38,2.8099,0.0058,0.00000,0.05296
6.38,3.38,2.8222,0.0054,0.00000,0.05271
6.62,3.38,3.1079,0.0809,0.00000,0.05733
6.88,3.38,3.0957,0.9759,0.00000,0.05418
7.12,3.38,3.1001,4.6226,0.00000,0.05154
7.38,3.38,2.2813,10.2576,0.00000,0.03738
2.62,3.62,2.1745,0.0000,0.00000,0.03955
2.88,3.62,2.9259,0.0000,0.00000,0.05357
3.12,3.62,2.8187,0.0000,0.00000,0.05000
3.38,3.62,2.7898,0.0000,0.00000,0.04713
3.62,3.62,2.5410,0.0000,0.00000,0.04383
3.88,3.62,2.5383,0.0000,0.00000,0.04321
4.12,3.62,2.7167,0.0001,0.00000,0.04572
4.38,3.62,2.7132,0.0005,0.00000,0.04665
4.62,3.62,2.7508,0.0013,0.00000,0.05093
4.88,3.62,2.7044,0.0021,0.00000,0.05255
5.12,3.62,2.7872,0.0027,0.00000,0.05116
5.38,3.62,2.8287,0.0046,0.00000,0.04935
5.62,3.62,2.8391,0.0069,0.00000,0.04794
5.88,3.62,2.8650,0.0066,0.00000,0.04687
6.12,3.62,2.9469,0.0056,0.00000,0.04651
6.38,3.62,2.9360,0.0036,0.00000,0.04526
6.62,3.62,3.1534,0.0171,0.00000,0.04741
6.88,3.62,3.1234,0.1990,0.00000,0.04585
7.12,3.62,3.1277,0.9417,0.00000,0.04517
7.38,3.62,2.3014,2.0893,0.00000,0.03306
2.62,3.88,2.2051,0.0000,0.00000,0.03488
2.88,3.88,2.9849,0.0000,0.00000,0.04805
3.12,3.88,2.9393,0.0001,0.00000,0.04625
3.38,3.88,2.9309,0.0001,0.00000,0.04356
3.62,3.88,2.6404,0.0001,0.00000,0.03944
3.88,3.88,2.6241,0.0001,0.00000,0.03773
4.12,3.88,2.7006,0.0002,0.00000,0.03801
4.38,3.88,2.7100,0.0010,0.00000,0.03839
4.62,3.88,2.7600,0.0022,0.00000,0.04135
4.88,3.88,2.7348,0.0027,0.00000,0.04289
5.12,3.88,2.8650,0.0027,0.00000,0.04330
5.38,3.88,2.8789,0.0022,0.00000,0.04181
5.62,3.88,2.9623,0.0020,0.00000,0.04177
5.88,3.88,2.9802,0.0026,0.00000,0.04126
6.12,3.88,3.0816,0.0030,0.00000,0.04141
6.38,3.88,3.0512,0.0019,0.00000,0.03974
6.62,3.88,3.2206,0.0026,0.00000,0.04071
6.88,3.88,3.1652,0.0184,0.00000,0.04025
7.12,3.88,3.1536,0.0803,0.00000,0.04071
7.38,3.88,2.3170,0.1752,0.00000,0.02998
2.62,4.12,2.2404,0.0000,0.00000,0.03014
2.88,4.12,3.0429,0.0001,0.00000,0.04124
3.12,4.12,3.0328,0.0001,0.00000,0.03998
3.38,4.12,3.0420,0.0001,0.00000,0.03900
3.62,4.12,2.7538,0.0001,0.00000,0.03627
3.88,4.12,2.7273,0.0001,0.00000,0.03396
4.12,4.12,2.6784,0.0004,0.00000,0.03182
4.38,4.12,2.6905,0.0017,0.00000,0.03126
4.62,4.12,2.7575,0.0031,0.00000,0.03299
4.88,4.12,2.7517,0.0032,0.00000,0.03497
5.12,4.12,2.9340,0.0030,0.00000,0.03776
5.38,4.12,2.9455,0.0019,0.00000,0.03658
5.62,4.12,3.0842,0.0012,0.00000,0.03661
5.88,4.12,3.0857,0.0011,0.00000,0.03588
6.12,4.12,3.1974,0.0011,0.00000,0.03627
6.38,4.12,3.1514,0.0025,0.00000,0.03554
6.62,4.12,3.2895,0.0102,0.00000,0.03706
6.88,4.12,3.2138,0.0281,0.00000,0.03717
7.12,4.12,3.1868,0.0700,0.00000,0.03786
7.38,4.12,2.3386,0.1346,0.00000,0.02791
2.62,4.38,2.2710,0.0000,0.00000,0.02653
2.88,4.38,3.0893,0.0000,0.00000,0.03588
3.12,4.38,3.0976,0.0001,0.00000,0.03485
3.38,4.38,3.1237,0.0001,0.00000,0.03468
3.62,4.38,2.8679,0.0001,0.00000,0.03226
3.88,4.38,2.8431,0.0002,0.00000,0.03037
4.12,4.38,2.6764,0.0004,0.00000,0.02754
4.38,4.38,2.6737,0.0016,0.00000,0.02646
4.62,4.38,2.7374,0.0028,0.00000,0.02770
4.88,4.38,2.7557,0.0025,0.00000,0.03023
5.12,4.38,3.0030,0.0019,0.00000,0.03410
5.38,4.38,3.0240,0.0019,0.00000,0.03265
5.62,4.38,3.1908,0.0034,0.00000,0.03222
5.88,4.38,3.1695,0.0046,0.00000,0.03138
6.12,4.38,3.2836,0.0035,0.00000,0.03219
6.38,4.38,3.2269,0.0098,0.00000,0.03259
6.62,4.38,3.3505,0.0463,0.00000,0.03495
6.88,4.38,3.2646,0.1439,0.00000,0.03514
7.12,4.38,3.2274,0.4097,0.00000,0.03554
7.38,4.38,2.3671,0.8256,0.00000,0.02614
2.62,4.62,2.2906,0.0001,0.00000,0.02333
2.88,4.62,3.1204,0.0000,0.00000,0.03166
3.12,4.62,3.1467,0.0000,0.00000,0.03145
3.38,4.62,3.1951,0.0001,0.00000,0.03132
3.62,4.62,2.9721,0.0001,0.00000,0.02735
3.88,4.62,2.9477,0.0001,0.00000,0.02498
4.12,4.62,2.6921,0.0002,0.00000,0.02285
4.38,4.62,2.6692,0.0008,0.00000,0.02233
4.62,4.62,2.7092,0.0013,0.00000,0.02317
4.88,4.62,2.7491,0.0011,0.00000,0.02522
5.12,4.62,3.0615,0.0010,0.00000,0.02903
5.38,4.62,3.0928,0.0030,0.00000,0.02862
5.62,4.62,3.2679,0.0114,0.00000,0.02916
5.88,4.62,3.2370,0.0185,0.00000,0.02869
6.12,4.62,3.3570,0.0127,0.00000,0.02965
6.38,4.62,3.2858,0.0182,0.00000,0.03089
6.62,4.62,3.4005,0.0863,0.00000,0.03397
6.88,4.62,3.3135,0.3522,0.00000,0.03375
7.12,4.62,3.2727,1.2169,0.00000,0.03341
7.38,4.62,2.4002,2.5613,0.00000,0.02442
2.62,4.88,2.3070,0.0027,0.00000,0.02100
2.88,4.88,3.1467,0.0012,0.00000,0.02840
3.12,4.88,3.1880,0.0004,0.00000,0.02778
3.38,4.88,3.2562,0.0001,0.00000,0.02693
3.62,4.88,3.0571,0.0000,0.00000,0.02288
3.88,4.88,3.0308,0.0000,0.00000,0.02074
4.12,4.88,2.7186,0.0000,0.00000,0.01920
4.38,4.88,2.6827,0.0002,0.00000,0.01935
4.62,4.88,2.7003,0.0004,0.00000,0.02012
4.88,4.88,2.7519,0.0008,0.00000,0.02159
5.12,4.88,3.1010,0.0015,0.00000,0.02496
5.38,4.88,3.1409,0.0048,0.00000,0.02522
5.62,4.88,3.3197,0.0184,0.00000,0.02644
5.88,4.88,3.2852,0.0303,0.00000,0.02650
6.12,4.88,3.4135,0.0197,0.00000,0.02750
6.38,4.88,3.3354,0.0152,0.00000,0.02842
6.62,4.88,3.4455,0.0742,0.00000,0.03101
6.88,4.88,3.3552,0.4458,0.00000,0.03065
7.12,4.88,3.3099,1.8129,0.00000,0.03027
7.38,4.88,2.4259,3.9255,0.00000,0.02211
2.62,5.12,2.3329,0.0326,0.00000,0.01943
2.88,5.12,3.1840,0.0161,0.00000,0.02613
3.12,5.12,3.2318,0.0058,0.00000,0.02494
3.38,5.12,3.3081,0.0021,0.00000,0.02361
3.62,5.12,3.1178,0.0006,0.00000,0.02043
3.88,5.12,3.0923,0.0001,0.00000,0.01893
4.12,5.12,2.7697,0.0000,0.00000,0.01743
4.38,5.12,2.7334,0.0000,0.00000,0.01778
4.62,5.12,2.7180,0.0003,0.00000,0.01868
4.88,5.12,2.7684,0.0011,0.00000,0.02005
5.12,5.12,3.1267,0.0021,0.00000,0.02298
5.38,5.12,3.1724,0.0042,0.00000,0.02274
5.62,5.12,3.3543,0.0125,0.00000,0.02351
5.88,5.12,3.3161,0.0197,0.00000,0.02375
6.12,5.12,3.4492,0.0129,0.00000,0.02495
6.38,5.12,3.3751,0.0085,0.00000,0.02523
6.62,5.12,3.4909,0.0447,0.00000,0.02702
6.88,5.12,3.3975,0.3389,0.00000,0.02694
7.12,5.12,3.3455,1.4601,0.00000,0.02688
7.38,5.12,2.4491,3.1800,0.00000,0.01967
2.62,5.38,2.3573,0.1502,0.00000,0.01782
2.88,5.38,3.2181,0.0848,0.00000,0.02407
3.12,5.38,3.2662,0.0449,0.00000,0.02325
3.38,5.38,3.3446,0.0211,0.00000,0.02231
3.62,5.38,3.1617,0.0056,0.00000,0.01951
3.88,5.38,3.1447,0.0010,0.00000,0.01812
4.12,5.38,2.8383,0.0002,0.00000,0.01665
4.38,5.38,2.8052,0.0002,0.00000,0.01699
4.62,5.38,2.7591,0.0003,0.00000,0.01775
4.88,5.38,2.8061,0.0010,0.00000,0.01882
5.12,5.38,3.1480,0.0019,0.00000,0.02122
5.38,5.38,3.1893,0.0031,0.00000,0.02090
5.62,5.38,3.3688,0.0065,0.00000,0.02163
5.88,5.38,3.3363,0.0095,0.00000,0.02196
6.12,5.38,3.4751,0.0082,0.00000,0.02336
6.38,5.38,3.4047,0.0112,0.00000,0.02342
6.62,5.38,3.5282,0.0500,0.00000,0.02493
6.88,5.38,3.4407,0.2814,0.00000,0.02516
7.12,5.38,3.3885,1.0968,0.00000,0.02536
7.38,5.38,2.4784,2.3281,0.00000,0.01860
2.62,5.62,2.3780,0.2789,0.00000,0.01671
2.88,5.62,3.2465,0.2016,0.00000,0.02269
3.12,5.62,3.2896,0.1613,0.00000,0.02203
3.38,5.62,3.3663,0.0878,0.00000,0.02113
3.62,5.62,3.1966,0.0230,0.00000,0.01871
3.88,5.62,3.1974,0.0044,0.00000,0.01768
4.12,5.62,2.9210,0.0017,0.00000,0.01640
4.38,5.62,2.8933,0.0013,0.00000,0.01645
4.62,5.62,2.8297,0.0012,0.00000,0.01680
4.88,5.62,2.8683,0.0019,0.00000,0.01742
5.12,5.62,3.1706,0.0032,0.00000,0.01934
5.38,5.62,3.2074,0.0047,0.00000,0.01956
5.62,5.62,3.3828,0.0085,0.00000,0.02087
5.88,5.62,3.3568,0.0136,0.00000,0.02153
6.12,5.62,3.4948,0.0167,0.00000,0.02322
6.38,5.62,3.4282,0.0261,0.00000,0.02354
6.62,5.62,3.5576,0.0857,0.00000,0.02520
6.88,5.62,3.4765,0.3848,0.00000,0.02518
7.12,5.62,3.4254,1.3802,0.00000,0.02511
7.38,5.62,2.5029,2.8651,0.00000,0.01837
2.62,5.88,2.3925,0.3765,0.00000,0.01577
2.88,5.88,3.2701,0.2987,0.00000,0.02157
3.12,5.88,3.3131,0.2618,0.00000,0.02097
3.38,5.88,3.3893,0.1453,0.00000,0.01995
3.62,5.88,3.2267,0.0393,0.00000,0.01796
3.88,5.88,3.2415,0.0102,0.00000,0.01726
4.12,5.88,3.0081,0.0068,0.00000,0.01616
4.38,5.88,2.9926,0.0055,0.00000,0.01617
4.62,5.88,2.9188,0.0044,0.00000,0.01628
4.88,5.88,2.9516,0.0053,0.00000,0.01683
5.12,5.88,3.2113,0.0083,0.00000,0.01852
5.38,5.88,3.2458,0.0115,0.00000,0.01894
5.62,5.88,3.4059,0.0170,0.00000,0.02049
5.88,5.88,3.3853,0.0278,0.00000,0.02176
6.12,5.88,3.5216,0.0407,0.00000,0.02408
6.38,5.88,3.4572,0.0591,0.00000,0.02472
6.62,5.88,3.5827,0.1451,0.00000,0.02653
6.88,5.88,3.5078,0.6021,0.00000,0.02604
7.12,5.88,3.4599,2.1469,0.00000,0.02523
7.38,5.88,2.5250,4.4484,0.00000,0.01823
2.62,6.12,2.4054,0.9496,0.00000,0.01520
2.88,6.12,3.2932,0.5317,0.00000,0.02094
3.12,6.12,3.3374,0.2642,0.00000,0.02045
3.38,6.12,3.4125,0.1177,0.00000,0.01950
3.62,6.12,3.2616,0.0374,0.00000,0.01814
3.88,6.12,3.2895,0.0183,0.00000,0.01777
4.12,6.12,3.0931,0.0173,0.00000,0.01650
4.38,6.12,3.0945,0.0144,0.00000,0.01640
4.62,6.12,3.0228,0.0109,0.00000,0.01656
4.88,6.12,3.0555,0.0119,0.00000,0.01713
5.12,6.12,3.2659,0.0180,0.00000,0.01845
5.38,6.12,3.2973,0.0255,0.00000,0.01873
5.62,6.12,3.4309,0.0372,0.00000,0.02036
5.88,6.12,3.4084,0.0629,0.00000,0.02286
6.12,6.12,3.5427,0.0948,0.00000,0.02616
6.38,6.12,3.4975,0.1262,0.00000,0.02593
6.62,6.12,3.6220,0.2501,0.00000,0.02688
6.88,6.12,3.5474,0.9055,0.00000,0.02664
7.12,6.12,3.4930,3.0908,0.00000,0.02558
7.38,6.12,2.5419,6.3362,0.00000,0.01821
2.62,6.38,2.4147,1.7453,0.00000,0.01463
2.88,6.38,3.3114,0.9000,0.00000,0.02026
3.12,6.38,3.3570,0.3453,0.00000,0.01993
3.38,6.38,3.4302,0.1312,0.00000,0.01947
3.62,6.38,3.2961,0.0541,0.00000,0.01981
3.88,6.38,3.3397,0.0381,0.00000,0.02077
4.12,6.38,3.1726,0.0375,0.00000,0.01848
4.38,6.38,3.1967,0.0303,0.00000,0.01712
4.62,6.38,3.1321,0.0224,0.00000,0.01705
4.88,6.38,3.1643,0.0240,0.00000,0.01769
5.12,6.38,3.3207,0.0352,0.00000,0.01875
5.38,6.38,3.3493,0.0510,0.00000,0.01898
5.62,6.38,3.4561,0.0758,0.00000,0.02066
5.88,6.38,3.4366,0.1251,0.00000,0.02441
6.12,6.38,3.5657,0.1773,0.00000,0.02853
6.38,6.38,3.5345,0.2106,0.00000,0.02710
6.62,6.38,3.6533,0.3429,0.00000,0.02687
6.88,6.38,3.6014,0.9762,0.00000,0.02682
7.12,6.38,3.5528,2.8937,0.00000,0.02561
7.38,6.38,2.5766,5.6535,0.00000,0.01802
2.62,6.62,2.4252,1.8048,0.00000,0.01403
2.88,6.62,3.3281,0.9988,0.00000,0.01946
3.12,6.62,3.3753,0.4646,0.00000,0.01927
3.38,6.62,3.4498,0.2171,0.00000,0.01930
3.62,6.62,3.3305,0.1107,0.00000,0.02112
3.88,6.62,3.3872,0.0824,0.00000,0.02332
4.12,6.62,3.2437,0.0746,0.00000,0.02027
4.38,6.62,3.2887,0.0581,0.00000,0.01774
4.62,6.62,3.2294,0.0434,0.00000,0.01727
4.88,6.62,3.2696,0.0461,0.00000,0.01828
5.12,6.62,3.3774,0.0632,0.00000,0.01957
5.38,6.62,3.4029,0.0888,0.00000,0.02008
5.62,6.62,3.4880,0.1297,0.00000,0.02202
5.88,6.62,3.4767,0.2043,0.00000,0.02644
6.12,6.62,3.5901,0.2726,0.00000,0.03072
6.38,6.62,3.5765,0.2946,0.00000,0.02875
6.62,6.62,3.6985,0.4123,0.00000,0.02772
6.88,6.62,3.6693,0.9574,0.00000,0.02691
7.12,6.62,3.6132,2.3998,0.00000,0.02533
7.38,6.62,2.6060,4.3310,0.00000,0.01787
2.62,6.88,2.4438,1.8053,0.00000,0.01420
2.88,6.88,3.3517,1.0274,0.00000,0.01955
3.12,6.88,3.4002,0.4990,0.00000,0.01928
3.38,6.88,3.4772,0.2656,0.00000,0.01913
3.62,6.88,3.3628,0.1788,0.00000,0.01992
3.88,6.88,3.4259,0.1416,0.00000,0.02120
4.12,6.88,3.3038,0.1186,0.00000,0.01908
4.38,6.88,3.3666,0.0924,0.00000,0.01766
4.62,6.88,3.3128,0.0772,0.00000,0.01761
4.88,6.88,3.3690,0.0844,0.00000,0.01914
5.12,6.88,3.4388,0.1063,0.00000,0.02052
5.38,6.88,3.4697,0.1377,0.00000,0.02148
5.62,6.88,3.5351,0.1955,0.00000,0.02411
5.88,6.88,3.5275,0.3004,0.00000,0.02911
6.12,6.88,3.6231,0.3907,0.00000,0.03344
6.38,6.88,3.6352,0.4058,0.00000,0.03114
6.62,6.88,3.7626,0.5065,0.00000,0.02910
6.88,6.88,3.7510,1.0498,0.00000,0.02717
7.12,6.88,3.6791,2.4167,0.00000,0.02527
7.38,6.88,2.6362,4.1231,0.00000,0.01795
2.62,7.12,2.4555,2.3506,0.00000,0.01495
2.88,7.12,3.3669,1.2634,0.00000,0.02045
3.12,7.12,3.4199,0.5114,0.00000,0.02019
3.38,7.12,3.4979,0.2726,0.00000,0.01976
3.62,7.12,3.3870,0.2330,0.00000,0.01875
3.88,7.12,3.4596,0.1894,0.00000,0.01849
4.12,7.12,3.3548,0.1515,0.00000,0.01738
4.38,7.12,3.4339,0.1244,0.00000,0.01739
4.62,7.12,3.3893,0.1213,0.00000,0.01828
4.88,7.12,3.4592,0.1402,0.00000,0.02068
5.12,7.12,3.4964,0.1706,0.00000,0.02215
5.38,7.12,3.5380,0.2083,0.00000,0.02310
5.62,7.12,3.5853,0.2785,0.00000,0.02568
5.88,7.12,3.5848,0.4093,0.00000,0.03080
6.12,7.12,3.6644,0.5248,0.00000,0.03549
6.38,7.12,3.6908,0.5402,0.00000,0.03383
6.62,7.12,3.8168,0.6337,0.00000,0.03174
6.88,7.12,3.8344,1.2207,0.00000,0.02919
7.12,7.12,3.7533,2.6545,0.00000,0.02669
7.38,7.12,2.6706,4.3332,0.00000,0.01870
2.62,7.38,2.4642,3.0950,0.00000,0.01616
2.88,7.38,3.3795,1.6171,0.00000,0.02202
3.12,7.38,3.4331,0.5777,0.00000,0.02161
3.38,7.38,3.5091,0.2809,0.00000,0.02102
3.62,7.38,3.4021,0.2559,0.00000,0.01912
3.88,7.38,3.4852,0.2139,0.00000,0.01801
4.12,7.38,3.3960,0.1773,0.00000,0.01700
4.38,7.38,3.4945,0.1591,0.00000,0.01758
4.62,7.38,3.4606,0.1735,0.00000,0.01920
4.88,7.38,3.5388,0.2073,0.00000,0.02220
5.12,7.38,3.5463,0.2544,0.00000,0.02388
5.38,7.38,3.5963,0.3067,0.00000,0.02467
5.62,7.38,3.6289,0.3871,0.00000,0.02658
5.88,7.38,3.6405,0.5409,0.00000,0.03146
6.12,7.38,3.7008,0.6822,0.00000,0.03657
6.38,7.38,3.7341,0.6949,0.00000,0.03640
6.62,7.38,3.8599,0.7950,0.00000,0.03536
6.88,7.38,3.9159,1.4638,0.00000,0.03250
7.12,7.38,3.8326,3.0441,0.00000,0.02909
7.38,7.38,2.7118,4.7917,0.00000,0.02004
2.62,7.62,2.4735,3.4771,0.00000,0.01830
2.88,7.62,3.3928,1.8450,0.00000,0.02469
3.12,7.62,3.4480,0.6634,0.00000,0.02350
3.38,7.62,3.5287,0.2955,0.00000,0.02231
3.62,7.62,3.4216,0.2487,0.00000,0.02010
3.88,7.62,3.5068,0.2259,0.00000,0.01866
4.12,7.62,3.4320,0.2142,0.00000,0.01759
4.38,7.62,3.5472,0.2160,0.00000,0.01871
4.62,7.62,3.5140,0.2549,0.00000,0.02073
4.88,7.62,3.6035,0.3033,0.00000,0.02350
5.12,7.62,3.5985,0.3673,0.00000,0.02481
5.38,7.62,3.6534,0.4393,0.00000,0.02553
5.62,7.62,3.6667,0.5380,0.00000,0.02727
5.88,7.62,3.6900,0.7169,0.00000,0.03283
6.12,7.62,3.7380,0.8836,0.00000,0.03870
6.38,7.62,3.7850,0.9049,0.00000,0.03980
6.62,7.62,3.9093,1.0337,0.00000,0.03964
6.88,7.62,3.9893,1.7821,0.00000,0.03582
7.12,7.62,3.8980,3.4506,0.00000,0.03120
7.38,7.62,2.7493,5.1705,0.00000,0.02137
2.62,7.88,2.4827,2.9510,0.00000,0.02139
2.88,7.88,3.4065,1.6956,0.00000,0.02881
3.12,7.88,3.4636,0.7229,0.00000,0.02718
3.38,7.88,3.5511,0.3626,0.00000,0.02543
3.62,7.88,3.4495,0.2885,0.00000,0.02234
3.88,7.88,3.5360,0.2720,0.00000,0.02023
4.12,7.88,3.4632,0.2777,0.00000,0.01909
4.38,7.88,3.5875,0.3006,0.00000,0.02059
4.62,7.88,3.5488,0.3647,0.00000,0.02266
4.88,7.88,3.6458,0.4235,0.00000,0.02493
5.12,7.88,3.6377,0.5044,0.00000,0.02563
5.38,7.88,3.7030,0.6114,0.00000,0.02654
5.62,7.88,3.7030,0.7523,0.00000,0.02885
5.88,7.88,3.7309,0.9715,0.00000,0.03573
6.12,7.88,3.7694,1.1846,0.00000,0.04270
6.38,7.88,3.8436,1.2376,0.00000,0.04475
6.62,7.88,3.9677,1.4093,0.00000,0.04491
6.88,7.88,4.0580,2.2342,0.00000,0.03950
7.12,7.88,3.9551,3.9727,0.00000,0.03320
7.38,7.88,2.7894,5.6441,0.00000,0.02260
2.62,8.12,2.4908,2.1333,0.00000,0.02541
2.88,8.12,3.4212,1.4691,0.00000,0.03455
3.12,8.12,3.4837,0.8493,0.00000,0.03375
3.38,8.12,3.5769,0.5196,0.00000,0.03236
3.62,8.12,3.4773,0.4067,0.00000,0.02725
3.88,8.12,3.5613,0.3774,0.00000,0.02352
4.12,8.12,3.4881,0.3840,0.00000,0.02217
4.38,8.12,3.6234,0.4079,0.00000,0.02368
4.62,8.12,3.5767,0.4762,0.00000,0.02488
4.88,8.12,3.6724,0.5513,0.00000,0.02628
5.12,8.12,3.6580,0.6730,0.00000,0.02654
5.38,8.12,3.7300,0.8447,0.00000,0.02805
5.62,8.12,3.7229,1.0665,0.00000,0.03139
5.88,8.12,3.7606,1.3596,0.00000,0.03935
6.12,8.12,3.7949,1.6478,0.00000,0.04729
6.38,8.12,3.8852,1.7457,0.00000,0.05022
6.62,8.12,4.0029,1.9774,0.00000,0.05020
6.88,8.12,4.1224,2.9373,0.00000,0.04354
7.12,8.12,4.0240,4.9475,0.00000,0.03536
7.38,8.12,2.8455,6.8855,0.00000,0.02359
2.62,8.38,2.5032,2.1349,0.00000,0.02956
2.88,8.38,3.4409,1.6516,0.00000,0.04086
3.12,8.38,3.5057,1.1221,0.00000,0.04257
3.38,8.38,3.5982,0.7668,0.00000,0.04336
3.62,8.38,3.4994,0.6132,0.00000,0.03569
3.88,8.38,3.5830,0.5607,0.00000,0.02933
4.12,8.38,3.5102,0.5570,0.00000,0.02758
4.38,8.38,3.6551,0.5738,0.00000,0.02906
4.62,8.38,3.6074,0.6368,0.00000,0.02833
4.88,8.38,3.7067,0.7256,0.00000,0.02819
5.12,8.38,3.6812,0.9038,0.00000,0.02813
5.38,8.38,3.7541,1.1637,0.00000,0.03067
5.62,8.38,3.7430,1.4893,0.00000,0.03562
5.88,8.38,3.7873,1.8567,0.00000,0.04466
6.12,8.38,3.8169,2.2198,0.00000,0.05340
6.38,8.38,3.9133,2.3853,0.00000,0.05733
6.62,8.38,4.0258,2.7080,0.00000,0.05712
6.88,8.38,4.1810,3.8561,0.00000,0.04928
7.12,8.38,4.0858,6.2386,0.00000,0.03849
7.38,8.38,2.9021,8.5814,0.00000,0.02477
2.62,8.62,2.5238,3.5867,0.00000,0.03261
2.88,8.62,3.4694,2.4562,0.00000,0.04624
3.12,8.62,3.5327,1.4847,0.00000,0.05264
3.38,8.62,3.6173,1.0224,0.00000,0.05761
3.62,8.62,3.5170,0.8505,0.00000,0.04693
3.88,8.62,3.6064,0.7759,0.00000,0.03724
4.12,8.62,3.5357,0.7619,0.00000,0.03468
4.38,8.62,3.6827,0.8054,0.00000,0.03570
4.62,8.62,3.6320,0.8982,0.00000,0.03268
4.88,8.62,3.7319,0.9883,0.00000,0.03116
5.12,8.62,3.7019,1.2178,0.00000,0.03136
5.38,8.62,3.7851,1.5876,0.00000,0.03545
5.62,8.62,3.7697,2.0186,0.00000,0.04223
5.88,8.62,3.8099,2.4378,0.00000,0.05256
6.12,8.62,3.8317,2.8706,0.00000,0.06173
6.38,8.62,3.9319,3.1144,0.00000,0.06660
6.62,8.62,4.0428,3.5345,0.00000,0.06724
6.88,8.62,4.2268,4.8389,0.00000,0.05851
7.12,8.62,4.1329,7.3215,0.00000,0.04411
7.38,8.62,2.9521,9.5830,0.00000,0.02724
2.62,8.88,2.5373,7.9702,0.00000,0.03568
2.88,8.88,3.4853,4.5774,0.00000,0.05194
3.12,8.88,3.5516,2.1113,0.00000,0.06375
3.38,8.88,3.6352,1.2645,0.00000,0.07313
3.62,8.88,3.5356,1.0377,0.00000,0.05900
3.88,8.88,3.6362,0.9934,0.00000,0.04613
4.12,8.88,3.5668,1.0237,0.00000,0.04240
4.38,8.88,3.7058,1.1054,0.00000,0.04235
4.62,8.88,3.6495,1.2353,0.00000,0.03781
4.88,8.88,3.7504,1.3233,0.00000,0.03595
5.12,8.88,3.7192,1.6092,0.00000,0.03684
5.38,8.88,3.8131,2.1298,0.00000,0.04227
5.62,8.88,3.7905,2.6971,0.00000,0.04994
5.88,8.88,3.8153,3.1805,0.00000,0.06113
6.12,8.88,3.8254,3.6948,0.00000,0.07102
6.38,8.88,3.9413,4.0038,0.00000,0.07683
6.62,8.88,4.0626,4.5056,0.00000,0.07816
6.88,8.88,4.2687,5.8693,0.00000,0.06843
7.12,8.88,4.1660,8.0490,0.00000,0.04996
7.38,8.88,2.9769,9.5828,0.00000,0.02960
2.62,9.12,2.5485,12.1522,0.00000,0.04054
2.88,9.12,3.4953,6.7306,0.00000,0.06043
3.12,9.12,3.5604,2.9287,0.00000,0.07841
3.38,9.12,3.6439,1.6621,0.00000,0.09235
3.62,9.12,3.5485,1.3119,0.00000,0.07325
3.88,9.12,3.6591,1.2911,0.00000,0.05540
4.12,9.12,3.5896,1.3744,0.00000,0.04939
4.38,9.12,3.7192,1.4706,0.00000,0.04812
4.62,9.12,3.6611,1.6232,0.00000,0.04339
4.88,9.12,3.7668,1.7257,0.00000,0.04233
5.12,9.12,3.7347,2.0928,0.00000,0.04426
5.38,9.12,3.8394,2.7903,0.00000,0.05100
5.62,9.12,3.8081,3.5188,0.00000,0.05821
5.88,9.12,3.8156,4.0914,0.00000,0.06887
6.12,9.12,3.8206,4.7080,0.00000,0.08089
6.38,9.12,3.9498,5.0727,0.00000,0.09034
6.62,9.12,4.0726,5.6436,0.00000,0.09167
6.88,9.12,4.3121,7.0649,0.00000,0.07808
7.12,9.12,4.2141,9.0161,0.00000,0.05399
7.38,9.12,3.0147,9.9365,0.00000,0.03041
2.62,9.38,2.5548,11.7018,0.00000,0.04671
2.88,9.38,3.5022,6.8604,0.00000,0.07111
3.12,9.38,3.5695,3.4286,0.00000,0.09715
3.38,9.38,3.6578,2.2029,0.00000,0.11758
3.62,9.38,3.5621,1.7796,0.00000,0.09148
3.88,9.38,3.6741,1.7067,0.00000,0.06538
4.12,9.38,3.6048,1.7878,0.00000,0.05574
4.38,9.38,3.7308,1.9416,0.00000,0.05391
4.62,9.38,3.6684,2.1748,0.00000,0.04982
4.88,9.38,3.7710,2.2888,0.00000,0.04975
5.12,9.38,3.7402,2.7281,0.00000,0.05286
5.38,9.38,3.8625,3.6039,0.00000,0.06160
5.62,9.38,3.8294,4.5013,0.00000,0.06847
5.88,9.38,3.8288,5.1312,0.00000,0.07768
6.12,9.38,3.8239,5.8188,0.00000,0.09149
6.38,9.38,3.9506,6.2517,0.00000,0.10664
6.62,9.38,4.0742,6.9188,0.00000,0.10948
6.88,9.38,4.3424,8.4219,0.00000,0.09010
7.12,9.38,4.2459,10.3335,0.00000,0.05751
7.38,9.38,3.0520,10.9651,0.00000,0.02998
2.62,9.62,2.5675,9.6430,0.00000,0.05303
2.88,9.62,3.5193,6.1843,0.00000,0.08214
3.12,9.62,3.5868,3.6439,0.00000,0.11798
3.38,9.62,3.6782,2.7305,0.00000,0.14723
3.62,9.62,3.5814,2.3660,0.00000,0.11394
3.88,9.62,3.6944,2.2343,0.00000,0.07905
4.12,9.62,3.6228,2.3088,0.00000,0.06544
4.38,9.62,3.7461,2.5772,0.00000,0.06310
4.62,9.62,3.6809,2.9454,0.00000,0.05922
4.88,9.62,3.7744,3.0754,0.00000,0.05951
5.12,9.62,3.7366,3.5887,0.00000,0.06261
5.38,9.62,3.8673,4.6418,0.00000,0.07239
5.62,9.62,3.8386,5.6882,0.00000,0.07942
5.88,9.62,3.8571,6.2596,0.00000,0.08896
6.12,9.62,3.8462,6.9674,0.00000,0.10456
6.38,9.62,3.9539,7.5274,0.00000,0.12333
6.62,9.62,4.0710,8.3167,0.00000,0.12699
6.88,9.62,4.3616,9.9377,0.00000,0.10293
7.12,9.62,4.2724,11.9098,0.00000,0.06164
7.38,9.62,3.0959,12.3521,0.00000,0.02950
2.62,9.88,2.5764,9.1719,0.00000,0.05929
2.88,9.88,3.5328,6.2566,0.00000,0.09349
3.12,9.88,3.6031,4.0783,0.00000,0.14065
3.38,9.88,3.6987,3.3549,0.00000,0.18024
3.62,9.88,3.6016,3.0464,0.00000,0.14105
3.88,9.88,3.7167,2.9021,0.00000,0.09905
4.12,9.88,3.6428,3.0184,0.00000,0.07992
4.38,9.88,3.7587,3.3469,0.00000,0.07447
4.62,9.88,3.6922,3.7964,0.00000,0.07083
4.88,9.88,3.7812,3.9820,0.00000,0.07269
5.12,9.88,3.7353,4.6062,0.00000,0.07499
5.38,9.88,3.8647,5.7912,0.00000,0.08383
5.62,9.88,3.8370,6.9119,0.00000,0.08989
5.88,9.88,3.8784,7.3706,0.00000,0.10026
6.12,9.88,3.8659,8.1139,0.00000,0.11819
6.38,9.88,3.9684,8.8933,0.00000,0.14156
6.62,9.88,4.0849,9.8871,0.00000,0.14755
6.88,9.88,4.3874,11.7013,0.00000,0.11941
7.12,9.88,4.2961,13.7589,0.00000,0.06787
7.38,9.88,3.1421,14.0260,0.00000,0.02967
2.62,10.12,2.5821,10.0661,0.00000,0.06695
2.88,10.12,3.5409,7.0328,0.00000,0.10726
3.12,10.12,3.6091,4.8156,0.00000,0.16758
3.38,10.12,3.7033,4.1435,0.00000,0.21914
3.62,10.12,3.6108,3.8642,0.00000,0.17322
3.88,10.12,3.7347,3.7653,0.00000,0.12340
4.12,10.12,3.6582,3.9548,0.00000,0.09772
4.38,10.12,3.7622,4.2253,0.00000,0.08777
4.62,10.12,3.6977,4.6586,0.00000,0.08512
4.88,10.12,3.7922,4.9011,0.00000,0.09012
5.12,10.12,3.7416,5.6180,0.00000,0.09126
5.38,10.12,3.8629,6.8721,0.00000,0.09786
5.62,10.12,3.8343,8.0371,0.00000,0.10072
5.88,10.12,3.8898,8.4962,0.00000,0.11044
6.12,10.12,3.8756,9.3566,0.00000,0.13074
6.38,10.12,3.9857,10.3628,0.00000,0.15989
6.62,10.12,4.0968,11.5680,0.00000,0.16921
6.88,10.12,4.4043,13.6248,0.00000,0.13641
7.12,10.12,4.3194,15.9357,0.00000,0.07421
7.38,10.12,3.1998,16.2997,0.00000,0.03014
2.62,10.38,2.5861,9.7704,0.00000,0.07733
2.88,10.38,3.5469,7.2120,0.00000,0.12575
3.12,10.38,3.6167,5.3425,0.00000,0.20263
3.38,10.38,3.7108,4.8908,0.00000,0.26901
3.62,10.38,3.6175,4.7236,0.00000,0.21204
3.88,10.38,3.7446,4.7308,0.00000,0.14945
4.12,10.38,3.6716,5.0317,0.00000,0.11759
4.38,10.38,3.7709,5.2278,0.00000,0.10510
4.62,10.38,3.7018,5.6401,0.00000,0.10320
4.88,10.38,3.7986,5.8988,0.00000,0.11047
5.12,10.38,3.7477,6.6336,0.00000,0.10927
5.38,10.38,3.8650,7.9364,0.00000,0.11335
5.62,10.38,3.8333,9.2059,0.00000,0.11285
5.88,10.38,3.8948,9.7975,0.00000,0.12096
6.12,10.38,3.8783,10.8098,0.00000,0.14283
6.38,10.38,3.9994,11.9817,0.00000,0.17756
6.62,10.38,4.1089,13.3436,0.00000,0.18983
6.88,10.38,4.4170,15.6223,0.00000,0.15182
7.12,10.38,4.3276,18.2854,0.00000,0.08016
7.38,10.38,3.2327,18.9173,0.00000,0.03121
2.62,10.62,2.6008,9.9001,0.00000,0.09123
2.88,10.62,3.5643,7.6621,0.00000,0.14856
3.12,10.62,3.6330,6.0295,0.00000,0.23883
3.38,10.62,3.7239,5.7036,0.00000,0.31649
3.62,10.62,3.6301,5.5474,0.00000,0.24977
3.88,10.62,3.7557,5.6015,0.00000,0.17580
4.12,10.62,3.6806,6.0038,0.00000,0.13816
4.38,10.62,3.7776,6.2098,0.00000,0.12521
4.62,10.62,3.7066,6.6887,0.00000,0.12453
4.88,10.62,3.8046,6.9813,0.00000,0.13336
5.12,10.62,3.7502,7.7183,0.00000,0.12787
5.38,10.62,3.8659,9.0508,0.00000,0.12844
5.62,10.62,3.8298,10.4394,0.00000,0.12492
5.88,10.62,3.8932,11.2369,0.00000,0.13050
6.12,10.62,3.8775,12.4306,0.00000,0.15311
6.38,10.62,4.0047,13.7148,0.00000,0.19341
6.62,10.62,4.1122,15.1949,0.00000,0.20851
6.88,10.62,4.4317,17.7087,0.00000,0.16629
7.12,10.62,4.3465,20.7891,0.00000,0.08676
7.38,10.62,3.2713,21.7825,0.00000,0.03330
2.62,10.88,2.6130,11.2861,0.00000,0.10501
2.88,10.88,3.5748,8.8537,0.00000,0.17158
3.12,10.88,3.6406,7.1283,0.00000,0.27373
3.38,10.88,3.7273,6.7235,0.00000,0.35924
3.62,10.88,3.6354,6.4249,0.00000,0.28362
3.88,10.88,3.7588,6.3658,0.00000,0.20047
4.12,10.88,3.6832,6.7550,0.00000,0.15918
4.38,10.88,3.7873,7.0070,0.00000,0.14816
4.62,10.88,3.7163,7.6198,0.00000,0.14771
4.88,10.88,3.8083,8.0784,0.00000,0.15602
5.12,10.88,3.7526,8.9335,0.00000,0.14607
5.38,10.88,3.8745,10.2827,0.00000,0.14366
5.62,10.88,3.8337,11.7448,0.00000,0.13634
5.88,10.88,3.8879,12.7546,0.00000,0.13837
6.12,10.88,3.8697,14.1571,0.00000,0.16052
6.38,10.88,3.9981,15.5506,0.00000,0.20278
6.62,10.88,4.1073,17.1817,0.00000,0.22165
6.88,10.88,4.4463,19.9628,0.00000,0.18250
7.12,10.88,4.3625,23.4084,0.00000,0.09681
7.38,10.88,3.3042,24.7027,0.00000,0.03658
2.62,11.12,2.6207,12.9817,0.00000,0.11795
2.88,11.12,3.5813,10.1850,0.00000,0.19487
3.12,11.12,3.6443,8.2472,0.00000,0.31116
3.38,11.12,3.7255,7.7368,0.00000,0.40443
3.62,11.12,3.6342,7.3000,0.00000,0.31860
3.88,11.12,3.7535,7.0789,0.00000,0.22617
4.12,11.12,3.6816,7.3960,0.00000,0.18221
4.38,11.12,3.8022,7.6791,0.00000,0.17347
4.62,11.12,3.7321,8.4189,0.00000,0.17216
4.88,11.12,3.8164,9.1461,0.00000,0.17900
5.12,11.12,3.7623,10.2282,0.00000,0.16474
5.38,11.12,3.8906,11.5881,0.00000,0.15895
5.62,11.12,3.8501,13.0840,0.00000,0.14741
5.88,11.12,3.8978,14.2832,0.00000,0.14716
6.12,11.12,3.8719,15.9068,0.00000,0.16800
6.38,11.12,3.9947,17.4402,0.00000,0.20901
6.62,11.12,4.1013,19.2647,0.00000,0.23020
6.88,11.12,4.4516,22.3410,0.00000,0.19666
7.12,11.12,4.3776,26.1051,0.00000,0.10636
7.38,11.12,3.3480,27.5775,0.00000,0.03876
2.62,11.38,2.6304,13.1309,0.00000,0.13486
2.88,11.38,3.5990,10.9302,0.00000,0.22437
3.12,11.38,3.6613,9.4148,0.00000,0.35279
3.38,11.38,3.7337,8.7820,0.00000,0.44851
3.62,11.38,3.6351,8.0621,0.00000,0.34982
3.88,11.38,3.7478,7.7213,0.00000,0.24848
4.12,11.38,3.6814,8.0274,0.00000,0.20437
4.38,11.38,3.8174,8.3284,0.00000,0.19913
4.62,11.38,3.7493,9.1478,0.00000,0.19648
4.88,11.38,3.8307,10.1185,0.00000,0.20196
5.12,11.38,3.7762,11.4233,0.00000,0.18397
5.38,11.38,3.8973,12.8283,0.00000,0.17417
5.62,11.38,3.8585,14.3874,0.00000,0.15854
5.88,11.38,3.9189,15.7782,0.00000,0.15740
6.12,11.38,3.8897,17.6339,0.00000,0.17646
6.38,11.38,4.0056,19.3543,0.00000,0.21528
6.62,11.38,4.1069,21.4054,0.00000,0.23633
6.88,11.38,4.4385,24.7676,0.00000,0.20522
7.12,11.38,4.3603,28.8455,0.00000,0.11184
7.38,11.38,3.3752,30.4801,0.00000,0.03960
2.62,11.62,2.6412,13.0990,0.00000,0.15359
2.88,11.62,3.6166,11.6887,0.00000,0.25467
3.12,11.62,3.6778,10.7125,0.00000,0.39192
3.38,11.62,3.7431,9.7851,0.00000,0.48789
3.62,11.62,3.6399,8.6095,0.00000,0.37737
3.88,11.62,3.7499,8.2094,0.00000,0.26854
4.12,11.62,3.6845,8.6224,0.00000,0.22428
4.38,11.62,3.8301,9.0009,0.00000,0.22164
4.62,11.62,3.7666,9.8835,0.00000,0.21758
4.88,11.62,3.8418,11.0092,0.00000,0.22160
5.12,11.62,3.7799,12.4922,0.00000,0.19999
5.38,11.62,3.8913,14.0460,0.00000,0.18647
5.62,11.62,3.8540,15.7505,0.00000,0.16737
5.88,11.62,3.9316,17.2869,0.00000,0.16564
6.12,11.62,3.9040,19.3266,0.00000,0.18458
6.38,11.62,4.0086,21.2182,0.00000,0.22264
6.62,11.62,4.1002,23.5160,0.00000,0.24234
6.88,11.62,4.4182,27.1928,0.00000,0.21088
7.12,11.62,4.3465,31.6075,0.00000,0.11492
7.38,11.62,3.4140,33.4346,0.00000,0.04017
2.62,11.88,2.6563,15.2740,0.00000,0.16966
2.88,11.88,3.6277,13.3036,0.00000,0.27710
3.12,11.88,3.6844,11.9218,0.00000,0.42254
3.38,11.88,3.7472,10.5564,0.00000,0.52578
3.62,11.88,3.6470,9.0364,0.00000,0.40699
3.88,11.88,3.7610,8.6276,0.00000,0.28941
4.12,11.88,3.6934,9.1845,0.00000,0.24198
4.38,11.88,3.8413,9.7600,0.00000,0.24017
4.62,11.88,3.7791,10.7838,0.00000,0.23778
4.88,11.88,3.8464,11.9416,0.00000,0.24292
5.12,11.88,3.7785,13.5183,0.00000,0.21559
5.38,11.88,3.8855,15.3749,0.00000,0.19620
5.62,11.88,3.8451,17.3328,0.00000,0.17431
5.88,11.88,3.9362,18.8860,0.00000,0.17345
6.12,11.88,3.9131,20.9818,0.00000,0.19329
6.38,11.88,4.0088,23.0133,0.00000,0.23026
6.62,11.88,4.0912,25.5668,0.00000,0.24637
6.88,11.88,4.3993,29.5837,0.00000,0.21208
7.12,11.88,4.3336,34.3970,0.00000,0.11477
7.38,11.88,3.4523,36.5118,0.00000,0.03982
2.62,12.12,2.6602,18.5286,0.00000,0.18358
2.88,12.12,3.6220,15.2504,0.00000,0.29578
3.12,12.12,3.6795,12.9589,0.00000,0.44942
3.38,12.12,3.7450,11.2595,0.00000,0.56118
3.62,12.12,3.6492,9.6422,0.00000,0.43434
3.88,12.12,3.7719,9.2860,0.00000,0.30824
4.12,12.12,3.7061,9.9718,0.00000,0.25983
4.38,12.12,3.8464,10.6863,0.00000,0.25965
4.62,12.12,3.7784,11.8269,0.00000,0.25551
4.88,12.12,3.8428,12.9089,0.00000,0.25821
5.12,12.12,3.7734,14.4584,0.00000,0.22667
5.38,12.12,3.8822,16.6702,0.00000,0.20413
5.62,12.12,3.8459,18.9816,0.00000,0.18081
5.88,12.12,3.9462,20.5724,0.00000,0.18027
6.12,12.12,3.9195,22.6317,0.00000,0.19833
6.38,12.12,4.0103,24.7218,0.00000,0.23056
6.62,12.12,4.0870,27.5776,0.00000,0.24336
6.88,12.12,4.3854,32.0083,0.00000,0.21017
7.12,12.12,4.3260,37.2422,0.00000,0.11411
7.38,12.12,3.4980,39.6098,0.00000,0.03941
2.62,12.38,2.6650,20.4745,0.00000,0.19834
2.88,12.38,3.6219,16.6992,0.00000,0.31639
3.12,12.38,3.6769,14.0296,0.00000,0.47189
3.38,12.38,3.7418,12.1306,0.00000,0.58404
3.62,12.38,3.6524,10.4378,0.00000,0.45209
3.88,12.38,3.7847,10.1852,0.00000,0.32314
4.12,12.38,3.7175,11.0598,0.00000,0.27600
4.38,12.38,3.8381,11.8509,0.00000,0.27678
4.62,12.38,3.7663,13.0526,0.00000,0.26762
4.88,12.38,3.8415,14.0177,0.00000,0.26580
5.12,12.38,3.7758,15.4706,0.00000,0.23332
5.38,12.38,3.8809,17.9174,0.00000,0.21041
5.62,12.38,3.8434,20.5600,0.00000,0.18458
5.88,12.38,3.9545,22.4099,0.00000,0.18199
6.12,12.38,3.9297,24.5045,0.00000,0.19829
6.38,12.38,4.0230,26.4639,0.00000,0.22620
6.62,12.38,4.0928,29.5178,0.00000,0.23463
6.88,12.38,4.3788,34.4309,0.00000,0.20437
7.12,12.38,4.3174,40.1830,0.00000,0.11233
7.38,12.38,3.5309,42.8444,0.00000,0.03881
2.62,12.62,2.6696,21.5630,0.00000,0.21056
2.88,12.62,3.6255,17.6829,0.00000,0.33487
3.12,12.62,3.6837,14.8593,0.00000,0.48985
3.38,12.62,3.7512,12.8983,0.00000,0.59784
3.62,12.62,3.6629,11.2487,0.00000,0.46256
3.88,12.62,3.7960,11.1588,0.00000,0.33339
4.12,12.62,3.7261,12.2924,0.00000,0.28754
4.38,12.62,3.8269,13.2568,0.00000,0.28923
4.62,12.62,3.7573,14.5684,0.00000,0.27776
4.88,12.62,3.8497,15.4195,0.00000,0.27463
5.12,12.62,3.7831,16.7910,0.00000,0.24053
5.38,12.62,3.8699,19.3073,0.00000,0.21481
5.62,12.62,3.8300,22.0890,0.00000,0.18616
5.88,12.62,3.9585,24.1473,0.00000,0.18115
6.12,12.62,3.9379,26.3053,0.00000,0.19493
6.38,12.62,4.0406,28.2727,0.00000,0.22030
6.62,12.62,4.1074,31.5830,0.00000,0.22360
6.88,12.62,4.3900,36.9683,0.00000,0.19420
7.12,12.62,4.3311,43.2970,0.00000,0.10787
7.38,12.62,3.5743,46.3445,0.00000,0.03767
2.62,12.88,2.6840,22.8891,0.00000,0.22324
2.88,12.88,3.6409,18.6810,0.00000,0.35133
3.12,12.88,3.6982,15.5730,0.00000,0.50211
3.38,12.88,3.7595,13.6534,0.00000,0.60370
3.62,12.88,3.6695,12.1719,0.00000,0.46596
3.88,12.88,3.7999,12.0847,0.00000,0.33686
4.12,12.88,3.7296,13.3512,0.00000,0.29204
4.38,12.88,3.8239,14.6404,0.00000,0.29470
4.62,12.88,3.7600,16.2220,0.00000,0.28278
4.88,12.88,3.8635,17.0786,0.00000,0.27962
5.12,12.88,3.7958,18.4713,0.00000,0.24461
5.38,12.88,3.8683,21.0219,0.00000,0.21734
5.62,12.88,3.8235,23.8384,0.00000,0.18724
5.88,12.88,3.9574,25.8283,0.00000,0.17965
6.12,12.88,3.9406,27.8924,0.00000,0.18935
6.38,12.88,4.0500,30.0092,0.00000,0.21127
6.62,12.88,4.1104,33.6851,0.00000,0.21070
6.88,12.88,4.3880,39.5959,0.00000,0.18290
7.12,12.88,4.3318,46.5821,0.00000,0.10280
7.38,12.88,3.6131,50.1086,0.00000,0.03651
2.62,13.12,2.6975,24.2132,0.00000,0.23131
2.88,13.12,3.6514,19.7921,0.00000,0.35882
3.12,13.12,3.7110,16.5023,0.00000,0.50292
3.38,13.12,3.7669,14.5060,0.00000,0.59963
3.62,13.12,3.6698,13.0011,0.00000,0.46422
3.88,13.12,3.7862,12.6594,0.00000,0.33768
4.12,13.12,3.7188,13.8735,0.00000,0.29231
4.38,13.12,3.8229,15.6126,0.00000,0.29392
4.62,13.12,3.7649,17.6656,0.00000,0.28117
4.88,13.12,3.8728,18.7767,0.00000,0.27704
5.12,13.12,3.8044,20.3702,0.00000,0.24167
5.38,13.12,3.8690,23.0243,0.00000,0.21482
5.62,13.12,3.8194,25.9190,0.00000,0.18457
5.88,13.12,3.9407,27.7042,0.00000,0.17418
6.12,13.12,3.9249,29.5908,0.00000,0.18019
6.38,13.12,4.0557,31.8082,0.00000,0.19955
6.62,13.12,4.1162,35.8033,0.00000,0.19646
6.88,13.12,4.3754,42.2637,0.00000,0.16984
7.12,13.12,4.3223,49.9300,0.00000,0.09628
7.38,13.12,3.6573,53.9255,0.00000,0.03494
2.62,13.38,2.7187,25.8000,0.00000,0.23246
2.88,13.38,3.6636,21.1557,0.00000,0.35693
3.12,13.38,3.7196,17.6543,0.00000,0.49094
3.38,13.38,3.7696,15.3566,0.00000,0.58043
3.62,13.38,3.6710,13.6229,0.00000,0.45217
3.88,13.38,3.7800,12.9979,0.00000,0.33274
4.12,13.38,3.7147,14.1157,0.00000,0.28632
4.38,13.38,3.8234,16.2659,0.00000,0.28453
4.62,13.38,3.7682,18.8037,0.00000,0.27026
4.88,13.38,3.8817,20.2926,0.00000,0.26483
5.12,13.38,3.8121,22.2175,0.00000,0.23006
5.38,13.38,3.8615,25.0684,0.00000,0.20442
5.62,13.38,3.8057,28.0863,0.00000,0.17619
5.88,13.38,3.9229,29.6792,0.00000,0.16552
6.12,13.38,3.9137,31.4516,0.00000,0.16776
6.38,13.38,4.0681,33.8008,0.00000,0.18380
6.62,13.38,4.1243,38.0940,0.00000,0.17915
6.88,13.38,4.3500,45.0390,0.00000,0.15298
7.12,13.38,4.2968,53.3414,0.00000,0.08695
7.38,13.38,3.6943,57.7548,0.00000,0.03252
2.62,13.62,2.7305,27.5061,0.00000,0.23231
2.88,13.62,3.6677,22.6287,0.00000,0.35641
3.12,13.62,3.7243,18.8859,0.00000,0.48151
3.38,13.62,3.7737,16.2832,0.00000,0.56201
3.62,13.62,3.6796,14.3952,0.00000,0.43596
3.88,13.62,3.7938,13.6371,0.00000,0.31966
4.12,13.62,3.7324,14.7187,0.00000,0.27398
4.38,13.62,3.8338,17.0955,0.00000,0.27049
4.62,13.62,3.7756,19.9275,0.00000,0.25336
4.88,13.62,3.8879,21.5845,0.00000,0.24526
5.12,13.62,3.8136,23.7312,0.00000,0.21322
5.38,13.62,3.8521,26.9808,0.00000,0.19057
5.62,13.62,3.7974,30.3153,0.00000,0.16524
5.88,13.62,3.9265,31.7368,0.00000,0.15550
6.12,13.62,3.9169,33.3486,0.00000,0.15377
6.38,13.62,4.0770,35.8835,0.00000,0.16460
6.62,13.62,4.1279,40.5983,0.00000,0.15833
6.88,13.62,4.3315,48.0755,0.00000,0.13367
7.12,13.62,4.2815,57.0497,0.00000,0.07652
7.38,13.62,3.7432,61.9794,0.00000,0.02992
2.62,13.88,2.7384,28.5067,0.00000,0.23461
2.88,13.88,3.6710,23.8076,0.00000,0.35893
3.12,13.88,3.7275,20.0691,0.00000,0.47625
3.38,13.88,3.7767,17.3362,0.00000,0.54797
3.62,13.88,3.6886,15.4942,0.00000,0.41919
3.88,13.88,3.8076,14.8154,0.00000,0.30058
4.12,13.88,3.7470,16.0211,0.00000,0.25567
4.38,13.88,3.8351,18.4027,0.00000,0.25162
4.62,13.88,3.7729,21.2728,0.00000,0.23248
4.88,13.88,3.8819,22.8382,0.00000,0.22233
5.12,13.88,3.8069,25.0505,0.00000,0.19397
5.38,13.88,3.8483,28.8014,0.00000,0.17486
5.62,13.88,3.7926,32.6049,0.00000,0.15185
5.88,13.88,3.9343,33.8960,0.00000,0.14231
6.12,13.88,3.9237,35.3253,0.00000,0.13714
6.38,13.88,4.0769,38.1032,0.00000,0.14243
6.62,13.88,4.1194,43.3040,0.00000,0.13526
6.88,13.88,4.3243,51.4577,0.00000,0.11445
7.12,13.88,4.2801,61.2973,0.00000,0.06684
7.38,13.88,3.8022,66.8652,0.00000,0.02766
2.62,14.12,2.7446,29.9449,0.00000,0.23990
2.88,14.12,3.6683,25.2440,0.00000,0.36458
3.12,14.12,3.7254,21.4483,0.00000,0.47799
3.38,14.12,3.7775,18.6102,0.00000,0.54402
3.62,14.12,3.6922,16.8540,0.00000,0.40876
3.88,14.12,3.8082,16.2430,0.00000,0.28399
4.12,14.12,3.7499,17.5566,0.00000,0.23875
4.38,14.12,3.8320,19.9221,0.00000,0.23398
4.62,14.12,3.7691,22.8848,0.00000,0.21286
4.88,14.12,3.8769,24.3782,0.00000,0.20023
5.12,14.12,3.8051,26.5648,0.00000,0.17340
5.38,14.12,3.8574,30.5142,0.00000,0.15595
5.62,14.12,3.7968,34.6001,0.00000,0.13511
5.88,14.12,3.9379,35.9188,0.00000,0.12583
6.12,14.12,3.9159,37.3662,0.00000,0.11834
6.38,14.12,4.0595,40.5365,0.00000,0.11912
6.62,14.12,4.0987,46.3231,0.00000,0.11132
6.88,14.12,4.3159,55.2983,0.00000,0.09470
7.12,14.12,4.2833,66.0568,0.00000,0.05688
7.38,14.12,3.8839,72.0526,0.00000,0.02536
2.62,14.38,2.7584,31.3907,0.00000,0.24230
2.88,14.38,3.6710,26.7125,0.00000,0.36426
3.12,14.38,3.7248,22.9635,0.00000,0.47018
3.38,14.38,3.7722,20.0992,0.00000,0.52819
3.62,14.38,3.6916,18.4950,0.00000,0.39393
3.88,14.38,3.8102,17.8314,0.00000,0.27136
4.12,14.38,3.7576,19.1018,0.00000,0.22542
4.38,14.38,3.8353,21.4960,0.00000,0.21777
4.62,14.38,3.7753,24.6363,0.00000,0.19520
4.88,14.38,3.8772,26.0675,0.00000,0.18067
5.12,14.38,3.8069,28.2018,0.00000,0.15463
5.38,14.38,3.8694,32.2210,0.00000,0.13754
5.62,14.38,3.7983,36.5401,0.00000,0.11679
5.88,14.38,3.9331,38.1576,0.00000,0.10634
6.12,14.38,3.9059,39.9261,0.00000,0.09816
6.38,14.38,4.0486,43.4950,0.00000,0.09647
6.62,14.38,4.0697,49.8687,0.00000,0.08810
6.88,14.38,4.2679,59.8466,0.00000,0.07463
7.12,14.38,4.2490,71.6408,0.00000,0.04628
7.38,14.38,3.9828,77.8841,0.00000,0.02279
2.62,14.62,2.7726,31.9054,0.00000,0.24306
2.88,14.62,3.6738,27.7521,0.00000,0.36163
3.12,14.62,3.7272,24.3611,0.00000,0.45608
3.38,14.62,3.7630,21.4717,0.00000,0.50250
3.62,14.62,3.6842,20.0091,0.00000,0.37445
3.88,14.62,3.8016,19.4621,0.00000,0.25974
4.12,14.62,3.7615,20.8320,0.00000,0.21352
4.38,14.62,3.8373,23.1012,0.00000,0.20222
4.62,14.62,3.7820,26.1842,0.00000,0.17902
4.88,14.62,3.8747,27.5544,0.00000,0.16301
5.12,14.62,3.8112,29.7122,0.00000,0.13631
5.38,14.62,3.8793,33.8327,0.00000,0.11790
5.62,14.62,3.7967,38.4421,0.00000,0.09837
5.88,14.62,3.9220,40.6643,0.00000,0.08807
6.12,14.62,3.8834,43.1601,0.00000,0.07841
6.38,14.62,4.0392,47.3029,0.00000,0.07394
6.62,14.62,4.0453,54.4716,0.00000,0.06578
6.88,14.62,4.2103,65.6251,0.00000,0.05531
7.12,14.62,4.2076,78.6602,0.00000,0.03573
7.38,14.62,4.1342,85.4669,0.00000,0.02007
2.62,14.88,2.7984,31.8050,0.00000,0.24597
2.88,14.88,3.6884,28.1699,0.00000,0.36386
3.12,14.88,3.7416,25.0497,0.00000,0.44616
3.38,14.88,3.7637,22.2757,0.00000,0.48005
3.62,14.88,3.6777,21.0933,0.00000,0.35721
3.88,14.88,3.7747,20.8059,0.00000,0.24870
4.12,14.88,3.7447,22.3626,0.00000,0.20050
4.38,14.88,3.8197,24.4300,0.00000,0.18410
4.62,14.88,3.7848,27.3384,0.00000,0.16201
4.88,14.88,3.8812,28.7753,0.00000,0.14723
5.12,14.88,3.8345,30.9445,0.00000,0.12102
5.38,14.88,3.9016,34.8019,0.00000,0.10142
5.62,14.88,3.8098,39.3715,0.00000,0.08296
5.88,14.88,3.9112,42.2704,0.00000,0.07272
6.12,14.88,3.8466,45.8119,0.00000,0.06191
6.38,14.88,4.0050,51.0379,0.00000,0.05560
6.62,14.88,3.9878,59.6376,0.00000,0.04765
6.88,14.88,4.1305,72.5082,0.00000,0.03927
7.12,14.88,4.1574,87.6245,0.00000,0.02663
7.38,14.88,4.3472,96.2323,0.00000,0.01753
2.62,15.12,2.8423,32.0948,0.00000,0.24727
2.88,15.12,3.7214,28.3263,0.00000,0.36339
3.12,15.12,3.7726,24.9145,0.00000,0.43287
3.38,15.12,3.7728,22.3121,0.00000,0.45487
3.62,15.12,3.6777,21.5418,0.00000,0.33866
3.88,15.12,3.7498,21.5878,0.00000,0.23665
4.12,15.12,3.7246,23.3679,0.00000,0.18662
4.38,15.12,3.7899,25.3823,0.00000,0.16551
4.62,15.12,3.7821,28.1891,0.00000,0.14507
4.88,15.12,3.8791,29.7113,0.00000,0.13223
5.12,15.12,3.8621,31.7383,0.00000,0.10835
5.38,15.12,3.9293,34.8716,0.00000,0.08918
5.62,15.12,3.8555,38.8483,0.00000,0.07153
5.88,15.12,3.9337,42.1184,0.00000,0.06125
6.12,15.12,3.8259,46.3996,0.00000,0.05105
6.38,15.12,3.9515,52.7174,0.00000,0.04459
6.62,15.12,3.9060,62.8995,0.00000,0.03618
6.88,15.12,4.0422,77.4621,0.00000,0.02863
7.12,15.12,4.1038,95.0561,0.00000,0.02040
7.38,15.12,4.5705,105.7464,0.00000,0.01578
2.62,15.38,2.8905,32.8010,0.00000,0.23651
2.88,15.38,3.7608,28.5382,0.00000,0.34475
3.12,15.38,3.8092,24.6296,0.00000,0.40461
3.38,15.38,3.7794,22.1573,0.00000,0.42170
3.62,15.38,3.6828,21.7065,0.00000,0.31510
3.88,15.38,3.7312,22.0522,0.00000,0.21968
4.12,15.38,3.7116,23.9906,0.00000,0.16980
4.38,15.38,3.7668,25.8483,0.00000,0.14657
4.62,15.38,3.7810,28.3757,0.00000,0.12841
4.88,15.38,3.8530,29.8945,0.00000,0.11702
5.12,15.38,3.8604,31.7610,0.00000,0.09687
5.38,15.38,3.9253,34.2493,0.00000,0.07974
5.62,15.38,3.9130,37.6241,0.00000,0.06328
5.88,15.38,3.9823,40.9894,0.00000,0.05301
6.12,15.38,3.8710,45.3970,0.00000,0.04414
6.38,15.38,3.9593,51.9183,0.00000,0.03838
6.62,15.38,3.8712,61.9401,0.00000,0.03010
6.88,15.38,3.9786,75.7793,0.00000,0.02340
7.12,15.38,4.0238,92.6054,0.00000,0.01758
7.38,15.38,4.5572,100.7268,0.00000,0.01515
2.62,15.62,2.9380,33.4417,0.00000,0.22735
2.88,15.62,3.8159,28.9405,0.00000,0.32760
3.12,15.62,3.8588,24.7953,0.00000,0.37663
3.38,15.62,3.7828,22.4142,0.00000,0.38549
3.62,15.62,3.6822,22.0710,0.00000,0.28745
3.88,15.62,3.7139,22.2988,0.00000,0.20073
4.12,15.62,3.7140,23.9740,0.00000,0.15487
4.38,15.62,3.7504,25.5768,0.00000,0.13123
4.62,15.62,3.7791,27.8464,0.00000,0.11351
4.88,15.62,3.8186,29.4327,0.00000,0.10194
5.12,15.62,3.8374,31.2306,0.00000,0.08538
5.38,15.62,3.8864,33.4672,0.00000,0.07116
5.62,15.62,3.9346,36.6421,0.00000,0.05738
5.88,15.62,3.9914,40.1663,0.00000,0.04790
6.12,15.62,3.9418,44.5789,0.00000,0.03985
6.38,15.62,4.0087,50.6277,0.00000,0.03420
6.62,15.62,3.9286,58.8024,0.00000,0.02716
6.88,15.62,3.9772,69.4202,0.00000,0.02175
7.12,15.62,3.9068,81.1799,0.00000,0.01723
7.38,15.62,4.2166,84.5397,0.00000,0.01523
7.62,15.62,4.1608,76.0377,0.00000,0.01404
7.88,15.62,3.7842,64.9314,0.00000,0.01188
8.12,15.62,3.7473,58.6899,0.00000,0.01084
8.38,15.62,3.8393,57.7171,0.00000,0.01077
8.62,15.62,3.8853,57.9651,0.00000,0.01000
8.88,15.62,3.8925,59.1661,0.00000,0.00909
9.12,15.62,3.9080,61.8009,0.00000,0.00858
9.38,15.62,3.9265,65.5868,0.00000,0.00849
9.62,15.62,3.9516,68.8598,0.00000,0.00850
9.88,15.62,3.9804,71.9438,0.00000,0.00861
10.12,15.62,4.0222,74.8115,0.00000,0.00850
10.38,15.62,4.0499,77.5559,0.00000,0.00831
10.62,15.62,4.0620,79.7187,0.00000,0.00815
10.88,15.62,4.0785,82.5288,0.00000,0.00821
11.12,15.62,4.1028,86.1214,0.00000,0.00850
11.38,15.62,4.1320,90.2919,0.00000,0.00875
11.62,15.62,4.1422,93.5654,0.00000,0.00879
11.88,15.62,4.1539,96.4679,0.00000,0.00896
12.12,15.62,4.1649,99.5000,0.00000,0.00939
12.38,15.62,4.1638,102.9286,0.00000,0.01002
12.62,15.62,4.1327,105.8440,0.00000,0.01051
12.88,15.62,4.1339,109.4608,0.00000,0.01082
13.12,15.62,4.1610,113.7902,0.00001,0.01103
13.38,15.62,4.1922,118.5699,0.00035,0.01150
13.62,15.62,4.2027,122.8963,0.00444,0.01233
13.88,15.62,4.1832,125.7814,0.02339,0.01330
14.12,15.62,4.1652,128.5717,0.08461,0.01453
14.38,15.62,4.2250,131.5334,0.30141,0.01582
14.62,15.62,4.4616,135.3270,0.69858,0.01797
14.88,15.62,4.5910,139.8770,0.96941,0.02196
15.12,15.62,4.4429,141.8704,1.12139,0.03011
15.38,15.62,4.2452,129.2564,1.12378,0.04851
15.62,15.62,3.6969,104.7738,0.59661,0.07823
15.88,15.62,3.3579,91.6635,0.13163,0.10601
16.12,15.62,3.2028,96.4871,0.02624,0.11961
16.38,15.62,3.2072,105.0917,0.02657,0.12806
16.62,15.62,3.2558,102.4205,0.01684,0.13074
16.88,15.62,3.5853,104.8964,0.00506,0.10194
2.62,15.88,2.9688,33.7800,0.00000,0.21754
2.88,15.88,3.8486,29.2688,0.00000,0.30913
3.12,15.88,3.8953,25.0746,0.00000,0.34873
3.38,15.88,3.7888,22.6453,0.00000,0.35109
3.62,15.88,3.6904,22.1827,0.00000,0.26279
3.88,15.88,3.7057,22.1293,0.00000,0.18542
4.12,15.88,3.7284,23.4169,0.00000,0.14428
4.38,15.88,3.7464,24.9273,0.00000,0.12105
4.62,15.88,3.7828,27.1939,0.00000,0.10228
4.88,15.88,3.7947,28.9985,0.00000,0.08890
5.12,15.88,3.8253,30.8660,0.00000,0.07398
5.38,15.88,3.8426,33.2214,0.00000,0.06194
5.62,15.88,3.9102,36.5127,0.00000,0.05204
5.88,15.88,3.9399,40.4758,0.00000,0.04436
6.12,15.88,3.9743,45.3275,0.00000,0.03704
6.38,15.88,4.0069,51.1037,0.00000,0.03114
6.62,15.88,3.9783,57.0974,0.00000,0.02563
6.88,15.88,3.9555,63.5520,0.00000,0.02145
7.12,15.88,3.8518,69.5890,0.00000,0.01840
7.38,15.88,3.9383,70.8314,0.00000,0.01667
7.62,15.88,4.0484,66.1630,0.00000,0.01613
7.88,15.88,4.0502,59.6657,0.00000,0.01522
8.12,15.88,4.0587,54.5864,0.00000,0.01395
8.38,15.88,4.0862,52.9153,0.00000,0.01338
8.62,15.88,4.1237,53.0828,0.00000,0.01315
8.88,15.88,4.1516,54.6643,0.00000,0.01328
9.12,15.88,4.1651,57.2691,0.00000,0.01341
9.38,15.88,4.1691,60.4368,0.00000,0.01333
9.62,15.88,4.1651,63.5298,0.00000,0.01331
9.88,15.88,4.1587,66.6788,0.00000,0.01352
10.12,15.88,4.1386,69.2220,0.00000,0.01318
10.38,15.88,4.1173,71.5013,0.00000,0.01253
10.62,15.88,4.1136,73.8703,0.00000,0.01194
10.88,15.88,4.1162,77.1296,0.00000,0.01170
11.12,15.88,4.1202,80.8925,0.00000,0.01198
11.38,15.88,4.1238,84.7066,0.00000,0.01202
11.62,15.88,4.1258,88.0757,0.00000,0.01169
11.88,15.88,4.1395,91.2489,0.00000,0.01178
12.12,15.88,4.1376,94.1058,0.00000,0.01219
12.38,15.88,4.1349,97.3321,0.00000,0.01245
12.62,15.88,4.1316,100.5841,0.00000,0.01268
12.88,15.88,4.1278,103.8587,0.00000,0.01288
13.12,15.88,4.1142,107.2450,0.00000,0.01284
13.38,15.88,4.0987,111.3800,0.00016,0.01317
13.62,15.88,4.0728,115.6141,0.00202,0.01404
13.88,15.88,4.0317,118.4770,0.01113,0.01525
14.12,15.88,4.0348,121.2188,0.04530,0.01703
14.38,15.88,4.0764,123.8509,0.16898,0.01893
14.62,15.88,4.1763,126.8055,0.38369,0.02153
14.88,15.88,4.2125,130.6697,0.56486,0.02652
15.12,15.88,4.1874,133.5561,0.77689,0.03725
15.38,15.88,4.0651,123.1933,0.84232,0.06139
15.62,15.88,3.6864,100.1294,0.45062,0.10041
15.88,15.88,3.5175,84.1799,0.10803,0.14023
16.12,15.88,3.4743,82.4036,0.06058,0.16502
16.38,15.88,3.5750,85.9544,0.08767,0.18288
16.62,15.88,3.6212,85.6846,0.05611,0.19040
16.88,15.88,3.7665,94.3648,0.01692,0.14926
2.62,16.12,3.0137,34.5288,0.00000,0.20683
2.88,16.12,3.8730,29.6736,0.00000,0.29012
3.12,16.12,3.9125,25.1764,0.00000,0.32082
3.38,16.12,3.7834,22.4621,0.00000,0.31824
3.62,16.12,3.7007,21.7296,0.00000,0.24047
3.88,16.12,3.7122,21.5856,0.00000,0.17230
4.12,16.12,3.7415,22.7623,0.00000,0.13485
4.38,16.12,3.7508,24.3598,0.00000,0.11218
4.62,16.12,3.7964,26.7243,0.00000,0.09309
4.88,16.12,3.7911,28.8400,0.00000,0.07879
5.12,16.12,3.8318,31.0011,0.00000,0.06571
5.38,16.12,3.8130,33.7704,0.00000,0.05511
5.62,16.12,3.8777,37.3961,0.00000,0.04773
5.88,16.12,3.8715,41.7984,0.00000,0.04114
6.12,16.12,3.9514,46.9985,0.00000,0.03432
6.38,16.12,3.9337,52.4853,0.00000,0.02836
6.62,16.12,3.9611,56.7619,0.00000,0.02438
6.88,16.12,3.9123,59.5308,0.00000,0.02147
7.12,16.12,3.9038,60.6875,0.00000,0.01996
7.38,16.12,3.9080,60.1717,0.00000,0.01883
7.62,16.12,3.9760,57.9749,0.00000,0.01851
7.88,16.12,4.0346,54.4274,0.00000,0.01839
8.12,16.12,4.0574,50.0551,0.00000,0.01769
8.38,16.12,4.0766,47.1052,0.00000,0.01757
8.62,16.12,4.1115,46.3744,0.00000,0.01807
8.88,16.12,4.1453,47.4680,0.00000,0.01879
9.12,16.12,4.1575,49.8231,0.00000,0.01921
9.38,16.12,4.1597,52.7189,0.00000,0.01929
9.62,16.12,4.1492,55.7577,0.00000,0.01963
9.88,16.12,4.1407,58.7335,0.00000,0.02010
10.12,16.12,4.1145,61.0896,0.00000,0.01981
10.38,16.12,4.0928,63.1040,0.00000,0.01928
10.62,16.12,4.0886,65.4883,0.00000,0.01854
10.88,16.12,4.0858,68.7436,0.00000,0.01752
11.12,16.12,4.0888,72.4917,0.00000,0.01699
11.38,16.12,4.0910,75.8402,0.00000,0.01646
11.62,16.12,4.0960,78.9530,0.00000,0.01572
11.88,16.12,4.1104,82.0105,0.00000,0.01573
12.12,16.12,4.1071,84.8641,0.00000,0.01602
12.38,16.12,4.1007,87.7644,0.00000,0.01575
12.62,16.12,4.1044,91.1110,0.00000,0.01549
12.88,16.12,4.0949,94.2040,0.00000,0.01547
13.12,16.12,4.0770,96.9930,0.00000,0.01544
13.38,16.12,4.0534,100.4739,0.00003,0.01600
13.62,16.12,4.0267,104.7359,0.00045,0.01709
13.88,16.12,3.9868,108.3787,0.00326,0.01863
14.12,16.12,3.9929,112.2048,0.02074,0.02102
14.38,16.12,4.0273,115.4657,0.08749,0.02382
14.62,16.12,4.0780,118.6478,0.19009,0.02727
14.88,16.12,4.1200,122.3596,0.32648,0.03314
15.12,16.12,4.2688,124.0564,0.60002,0.04452
15.38,16.12,4.1862,115.3271,0.70920,0.06665
15.62,16.12,3.7278,96.0796,0.38023,0.10090
15.88,16.12,3.4946,78.1386,0.09889,0.14465
16.12,16.12,3.4800,72.0928,0.08884,0.18438
16.38,16.12,3.5529,72.5731,0.13679,0.21490
16.62,16.12,3.5283,74.3934,0.08868,0.22670
16.88,16.12,3.5822,87.3739,0.02902,0.17681
2.62,16.38,3.0363,35.2072,0.00000,0.19033
2.88,16.38,3.8750,29.7757,0.00000,0.26626
3.12,16.38,3.9141,24.8223,0.00000,0.29126
3.38,16.38,3.7754,21.8343,0.00000,0.28798
3.62,16.38,3.6980,20.8789,0.00000,0.21989
3.88,16.38,3.7176,20.8572,0.00000,0.15981
4.12,16.38,3.7445,22.1944,0.00000,0.12527
4.38,16.38,3.7560,23.9219,0.00000,0.10330
4.62,16.38,3.8018,26.2766,0.00000,0.08531
4.88,16.38,3.7891,28.6256,0.00000,0.07164
5.12,16.38,3.8325,31.1540,0.00000,0.06122
5.38,16.38,3.7972,34.4059,0.00000,0.05188
5.62,16.38,3.8568,38.5675,0.00000,0.04542
5.88,16.38,3.8336,43.2039,0.00000,0.03952
6.12,16.38,3.9072,48.2252,0.00000,0.03295
6.38,16.38,3.8675,52.8864,0.00000,0.02715
6.62,16.38,3.9000,55.7392,0.00000,0.02399
6.88,16.38,3.8744,56.4886,0.00000,0.02200
7.12,16.38,3.8412,55.4596,0.00000,0.02055
7.38,16.38,3.7972,54.0948,0.00000,0.01904
7.62,16.38,3.7901,53.0198,0.00000,0.01853
7.88,16.38,3.8208,51.3750,0.00000,0.01900
8.12,16.38,3.8397,48.2455,0.00000,0.01942
8.38,16.38,3.8416,45.0335,0.00000,0.02034
8.62,16.38,3.8542,43.3181,0.00000,0.02155
8.88,16.38,3.8709,43.2858,0.00000,0.02201
9.12,16.38,3.8759,44.9656,0.00000,0.02220
9.38,16.38,3.8824,47.6567,0.00000,0.02272
9.62,16.38,3.8841,50.4827,0.00000,0.02370
9.88,16.38,3.8748,52.9432,0.00000,0.02422
10.12,16.38,3.8625,54.9973,0.00000,0.02438
10.38,16.38,3.8654,56.9872,0.00000,0.02527
10.62,16.38,3.8731,59.4072,0.00000,0.02528
10.88,16.38,3.8664,62.4656,0.00000,0.02334
11.12,16.38,3.8565,65.8600,0.00000,0.02099
11.38,16.38,3.8571,68.7201,0.00000,0.01966
11.62,16.38,3.8725,71.2165,0.00000,0.01872
11.88,16.38,3.8871,73.5962,0.00000,0.01873
12.12,16.38,3.8808,76.2281,0.00000,0.01884
12.38,16.38,3.8847,79.0790,0.00000,0.01823
12.62,16.38,3.8989,82.5645,0.00000,0.01752
12.88,16.38,3.8995,85.7889,0.00000,0.01731
13.12,16.38,3.8977,88.5342,0.00000,0.01784
13.38,16.38,3.8915,91.8012,0.00000,0.01911
13.62,16.38,3.8751,96.0614,0.00005,0.02056
13.88,16.38,3.8689,100.6935,0.00082,0.02257
14.12,16.38,3.8814,105.6554,0.00846,0.02587
14.38,16.38,3.8933,109.5395,0.03868,0.02986
14.62,16.38,3.9263,113.1451,0.08423,0.03454
14.88,16.38,3.9715,116.0157,0.16444,0.04039
15.12,16.38,4.0465,114.0974,0.33312,0.04929
15.38,16.38,3.9535,107.1260,0.39146,0.06478
15.62,16.38,3.4981,91.3709,0.20606,0.09011
15.88,16.38,3.2716,69.3447,0.05427,0.13633
16.12,16.38,3.3571,60.6336,0.05349,0.19984
16.38,16.38,3.4788,62.1607,0.08629,0.26749
16.62,16.38,3.4563,69.3756,0.07111,0.29935
16.88,16.38,3.5335,89.9969,0.05649,0.23287
2.62,16.62,3.0418,34.8726,0.00000,0.17936
2.88,16.62,3.8647,29.2803,0.00000,0.24943
3.12,16.62,3.8931,24.1183,0.00000,0.26592
3.38,16.62,3.7768,21.0429,0.00000,0.25865
3.62,16.62,3.7072,20.0930,0.00000,0.19895
3.88,16.62,3.7287,20.2691,0.00000,0.14727
4.12,16.62,3.7378,21.7554,0.00000,0.11609
4.38,16.62,3.7571,23.6153,0.00000,0.09615
4.62,16.62,3.7913,26.0020,0.00000,0.08022
4.88,16.62,3.7899,28.6240,0.00000,0.06753
5.12,16.62,3.8200,31.6651,0.00000,0.05884
5.38,16.62,3.7992,35.3613,0.00000,0.05105
5.62,16.62,3.8352,39.8424,0.00000,0.04501
5.88,16.62,3.8250,44.3118,0.00000,0.03970
6.12,16.62,3.8551,48.6721,0.00000,0.03306
6.38,16.62,3.8549,52.1634,0.00000,0.02754
6.62,16.62,3.8584,53.6425,0.00000,0.02440
6.88,16.62,3.8907,53.2662,0.00000,0.02270
7.12,16.62,3.9027,52.2738,0.00000,0.02108
7.38,16.62,3.8668,51.6735,0.00000,0.01890
7.62,16.62,3.8324,51.5049,0.00000,0.01774
7.88,16.62,3.8295,51.1419,0.00000,0.01781
8.12,16.62,3.8312,49.6006,0.00000,0.01854
8.38,16.62,3.8339,47.1804,0.00000,0.02017
8.62,16.62,3.8401,45.2562,0.00000,0.02230
8.88,16.62,3.8443,44.5173,0.00000,0.02353
9.12,16.62,3.8424,45.1636,0.00000,0.02398
9.38,16.62,3.8478,46.9005,0.00000,0.02453
9.62,16.62,3.8575,48.9452,0.00000,0.02555
9.88,16.62,3.8530,50.7076,0.00000,0.02608
10.12,16.62,3.8479,52.1028,0.00000,0.02663
10.38,16.62,3.8510,53.7104,0.00000,0.02816
10.62,16.62,3.8534,56.0016,0.00000,0.02828
10.88,16.62,3.8423,58.8719,0.00000,0.02607
11.12,16.62,3.8283,61.5549,0.00000,0.02316
11.38,16.62,3.8313,63.6221,0.00000,0.02172
11.62,16.62,3.8451,65.3583,0.00000,0.02081
11.88,16.62,3.8580,67.2235,0.00000,0.02086
12.12,16.62,3.8526,69.6165,0.00000,0.02105
12.38,16.62,3.8607,72.7052,0.00000,0.02050
12.62,16.62,3.8735,76.2820,0.00000,0.01964
12.88,16.62,3.8816,79.4726,0.00000,0.01947
13.12,16.62,3.8794,82.1782,0.00000,0.02063
13.38,16.62,3.8748,85.6203,0.00000,0.02248
13.62,16.62,3.8463,89.7380,0.00001,0.02442
13.88,16.62,3.8517,94.7335,0.00015,0.02740
14.12,16.62,3.8586,100.0081,0.00177,0.03206
14.38,16.62,3.8656,104.7274,0.00834,0.03789
14.62,16.62,3.8616,108.6176,0.01957,0.04495
14.88,16.62,3.8829,109.6663,0.04334,0.05183
15.12,16.62,3.7846,105.7747,0.08603,0.05489
15.38,16.62,3.2959,100.7155,0.09386,0.05160
15.62,16.62,2.3771,82.0810,0.04697,0.05354
15.88,16.62,1.9699,54.0272,0.01215,0.08225
16.12,16.62,2.4279,48.4840,0.01408,0.16226
16.38,16.62,3.1584,58.2631,0.04562,0.31031
16.62,16.62,3.4227,72.9456,0.14083,0.40695
16.88,16.62,3.5198,102.7163,0.28991,0.32234
2.62,16.88,2.9934,33.8024,0.00000,0.17053
2.88,16.88,3.8215,28.4869,0.00000,0.23391
3.12,16.88,3.8518,23.5224,0.00000,0.24279
3.38,16.88,3.7793,20.6516,0.00000,0.23186
3.62,16.88,3.7132,19.9065,0.00000,0.17969
3.88,16.88,3.7345,20.1261,0.00000,0.13463
4.12,16.88,3.7222,21.6341,0.00000,0.10619
4.38,16.88,3.7531,23.6862,0.00000,0.08892
4.62,16.88,3.7612,26.3278,0.00000,0.07541
4.88,16.88,3.7929,29.3658,0.00000,0.06460
5.12,16.88,3.8021,32.9406,0.00000,0.05685
5.38,16.88,3.8123,36.8441,0.00000,0.05055
5.62,16.88,3.8106,41.2026,0.00000,0.04391
5.88,16.88,3.8254,45.0884,0.00000,0.03808
6.12,16.88,3.8117,48.2624,0.00000,0.03203
6.38,16.88,3.8336,50.3849,0.00000,0.02752
6.62,16.88,3.8625,50.9960,0.00000,0.02505
6.88,16.88,3.8851,50.5377,0.00000,0.02310
7.12,16.88,3.8929,50.3564,0.00000,0.02107
7.38,16.88,3.8654,50.6366,0.00000,0.01889
7.62,16.88,3.8263,50.9785,0.00000,0.01727
7.88,16.88,3.8060,51.0873,0.00000,0.01668
8.12,16.88,3.7963,50.4799,0.00000,0.01719
8.38,16.88,3.7837,49.1017,0.00000,0.01878
8.62,16.88,3.7684,47.7083,0.00000,0.02114
8.88,16.88,3.7579,46.7456,0.00000,0.02321
9.12,16.88,3.7497,46.4687,0.00000,0.02396
9.38,16.88,3.7513,47.0877,0.00000,0.02397
9.62,16.88,3.7623,48.2472,0.00000,0.02444
9.88,16.88,3.7759,49.4748,0.00000,0.02501
10.12,16.88,3.7901,50.4506,0.00000,0.02536
10.38,16.88,3.7981,51.7796,0.00000,0.02583
10.62,16.88,3.7897,53.9185,0.00000,0.02509
10.88,16.88,3.7763,56.3850,0.00000,0.02328
11.12,16.88,3.7723,58.1933,0.00000,0.02132
11.38,16.88,3.7798,59.5223,0.00000,0.02037
11.62,16.88,3.7815,60.8838,0.00000,0.02004
11.88,16.88,3.7828,62.6647,0.00000,0.02051
12.12,16.88,3.7775,64.9132,0.00000,0.02125
12.38,16.88,3.7808,67.8635,0.00000,0.02141
12.62,16.88,3.7872,71.1439,0.00000,0.02120
12.88,16.88,3.7999,74.0128,0.00000,0.02144
13.12,16.88,3.8082,76.4777,0.00000,0.02296
13.38,16.88,3.8095,79.7515,0.00000,0.02507
13.62,16.88,3.7752,83.2946,0.00000,0.02789
13.88,16.88,3.7777,87.6810,0.00001,0.03266
14.12,16.88,3.7977,92.6196,0.00014,0.03977
14.38,16.88,3.8442,98.0538,0.00071,0.04989
14.62,16.88,3.8452,102.0500,0.00199,0.06362
14.88,16.88,3.8571,101.8208,0.00533,0.07825
15.12,16.88,3.5546,96.7962,0.01000,0.07969
15.38,16.88,2.4347,85.8556,0.00948,0.05409
15.62,16.88,1.1486,57.2209,0.00425,0.03112
15.88,16.88,0.6996,30.8199,0.00130,0.04590
16.12,16.88,1.2960,33.9733,0.01008,0.15683
16.38,16.88,2.4864,52.0831,0.11293,0.41808
16.62,16.88,3.3376,73.8159,0.52898,0.59510
16.88,16.88,3.6900,109.4824,1.17198,0.46602
2.62,17.12,2.9467,33.2809,0.00000,0.16200
2.88,17.12,3.7884,28.2674,0.00000,0.21822
3.12,17.12,3.8154,23.5553,0.00000,0.22190
3.38,17.12,3.7661,20.9029,0.00000,0.21030
3.62,17.12,3.6952,20.3924,0.00000,0.16376
3.88,17.12,3.7334,20.6206,0.00000,0.12218
4.12,17.12,3.7020,22.2283,0.00000,0.09600
4.38,17.12,3.7504,24.4957,0.00000,0.08126
4.62,17.12,3.7345,27.3558,0.00000,0.06965
4.88,17.12,3.7946,30.6599,0.00000,0.06122
5.12,17.12,3.7968,34.5521,0.00000,0.05456
5.38,17.12,3.8184,38.2718,0.00000,0.04916
5.62,17.12,3.7934,41.9924,0.00000,0.04210
5.88,17.12,3.8033,45.0092,0.00000,0.03576
6.12,17.12,3.8022,47.0231,0.00000,0.03110
6.38,17.12,3.8033,48.2056,0.00000,0.02776
6.62,17.12,3.8354,48.5439,0.00000,0.02593
6.88,17.12,3.8726,48.5320,0.00000,0.02413
7.12,17.12,3.9041,49.0321,0.00000,0.02205
7.38,17.12,3.9326,49.8549,0.00000,0.02015
7.62,17.12,3.9511,50.7796,0.00000,0.01843
7.88,17.12,3.9446,51.4578,0.00000,0.01730
8.12,17.12,3.9193,51.5534,0.00000,0.01732
8.38,17.12,3.8828,50.9835,0.00000,0.01846
8.62,17.12,3.8545,50.0958,0.00000,0.02014
8.88,17.12,3.8444,49.1046,0.00000,0.02187
9.12,17.12,3.8417,48.3123,0.00000,0.02263
9.38,17.12,3.8454,48.2485,0.00000,0.02281
9.62,17.12,3.8532,48.8761,0.00000,0.02336
9.88,17.12,3.8620,49.7420,0.00000,0.02395
10.12,17.12,3.8737,50.5555,0.00000,0.02409
10.38,17.12,3.8824,51.7123,0.00000,0.02368
10.62,17.12,3.8739,53.4912,0.00000,0.02253
10.88,17.12,3.8679,55.3971,0.00000,0.02128
11.12,17.12,3.8696,56.8010,0.00000,0.02042
11.38,17.12,3.8714,57.9572,0.00000,0.02006
11.62,17.12,3.8661,59.2195,0.00000,0.02009
11.88,17.12,3.8576,60.7701,0.00000,0.02066
12.12,17.12,3.8469,62.5542,0.00000,0.02163
12.38,17.12,3.8433,64.6060,0.00000,0.02239
12.62,17.12,3.8527,67.0864,0.00000,0.02299
12.88,17.12,3.8617,69.8076,0.00000,0.02366
13.12,17.12,3.8612,72.4788,0.00000,0.02538
13.38,17.12,3.8456,75.3427,0.00000,0.02794
13.62,17.12,3.8000,78.0436,0.00000,0.03210
13.88,17.12,3.7724,81.3661,0.00000,0.03923
14.12,17.12,3.7701,85.4559,0.00000,0.05008
14.38,17.12,3.8009,90.2499,0.00002,0.06749
14.62,17.12,3.8031,93.1776,0.00009,0.09461
14.88,17.12,3.8035,91.0599,0.00031,0.13064
15.12,17.12,3.4597,83.0121,0.00054,0.15342
15.38,17.12,2.2211,66.0368,0.00043,0.13436
15.62,17.12,0.9443,35.1106,0.00016,0.11468
15.88,17.12,0.5110,16.3108,0.00072,0.16008
16.12,17.12,0.9967,22.1396,0.02260,0.36614
16.38,17.12,2.2920,39.4023,0.27624,0.75032
16.62,17.12,3.8136,72.1156,1.30882,0.92913
16.88,17.12,4.8974,121.6074,2.90431,0.68894
2.62,17.38,2.8983,33.2332,0.00000,0.15269
2.88,17.38,3.7396,28.5831,0.00000,0.20518
3.12,17.38,3.7682,24.1717,0.00000,0.20636
3.38,17.38,3.7423,21.6991,0.00000,0.19511
3.62,17.38,3.6713,21.4164,0.00000,0.15238
3.88,17.38,3.7342,21.7708,0.00000,0.11367
4.12,17.38,3.6890,23.5485,0.00000,0.08919
4.38,17.38,3.7402,25.7965,0.00000,0.07593
4.62,17.38,3.7210,28.4589,0.00000,0.06564
4.88,17.38,3.7755,31.5539,0.00000,0.05817
5.12,17.38,3.7824,35.3211,0.00000,0.05204
5.38,17.38,3.7888,38.6184,0.00000,0.04672
5.62,17.38,3.7775,41.7109,0.00000,0.04011
5.88,17.38,3.7704,44.1676,0.00000,0.03399
6.12,17.38,3.7786,45.3137,0.00000,0.03043
6.38,17.38,3.7992,45.7206,0.00000,0.02818
6.62,17.38,3.8183,46.0657,0.00000,0.02660
6.88,17.38,3.8413,46.5642,0.00000,0.02506
7.12,17.38,3.8701,47.4981,0.00000,0.02307
7.38,17.38,3.9054,48.7604,0.00000,0.02108
7.62,17.38,3.9360,50.3785,0.00000,0.01935
7.88,17.38,3.9295,51.8811,0.00000,0.01787
8.12,17.38,3.9038,52.5922,0.00000,0.01730
8.38,17.38,3.8757,52.5172,0.00000,0.01769
8.62,17.38,3.8505,52.1202,0.00000,0.01838
8.88,17.38,3.8415,51.4766,0.00000,0.01953
9.12,17.38,3.8407,50.7458,0.00000,0.02060
9.38,17.38,3.8403,50.5107,0.00000,0.02144
9.62,17.38,3.8401,50.8363,0.00000,0.02253
9.88,17.38,3.8358,51.3464,0.00000,0.02401
10.12,17.38,3.8355,51.9951,0.00000,0.02509
10.38,17.38,3.8401,52.9774,0.00000,0.02438
10.62,17.38,3.8461,54.3326,0.00000,0.02297
10.88,17.38,3.8584,55.7015,0.00000,0.02214
11.12,17.38,3.8647,56.7701,0.00000,0.02214
11.38,17.38,3.8586,57.7044,0.00000,0.02245
11.62,17.38,3.8461,58.8870,0.00000,0.02229
11.88,17.38,3.8351,60.4379,0.00000,0.02183
12.12,17.38,3.8281,62.0519,0.00000,0.02157
12.38,17.38,3.8222,63.5173,0.00000,0.02180
12.62,17.38,3.8326,65.3287,0.00000,0.02265
12.88,17.38,3.8389,67.9323,0.00000,0.02384
13.12,17.38,3.8368,70.8029,0.00000,0.02601
13.38,17.38,3.8203,73.1433,0.00000,0.02959
13.62,17.38,3.7951,74.9093,0.00000,0.03556
13.88,17.38,3.7665,77.2566,0.00000,0.04535
14.12,17.38,3.7387,80.3621,0.00000,0.06093
14.38,17.38,3.7258,83.5613,0.00000,0.08761
14.62,17.38,3.7045,84.7224,0.00000,0.13314
14.88,17.38,3.6784,80.7492,0.00001,0.20312
15.12,17.38,3.4408,69.2026,0.00001,0.28893
15.38,17.38,2.7124,50.6312,0.00001,0.36812
15.62,17.38,1.7933,26.6778,0.00000,0.45819
15.88,17.38,1.3666,15.4458,0.00087,0.63095
16.12,17.38,1.6795,19.5562,0.02871,0.97306
16.38,17.38,2.6828,31.8186,0.35126,1.38994
16.62,17.38,4.1492,69.9364,1.66452,1.44459
16.88,17.38,5.5033,128.2819,3.69369,1.06833
2.62,17.62,2.9034,34.5974,0.00000,0.14682
2.88,17.62,3.7259,29.7160,0.00000,0.19740
3.12,17.62,3.7384,25.0707,0.00000,0.19392
3.38,17.62,3.7267,22.4140,0.00000,0.18009
3.62,17.62,3.6572,22.2116,0.00000,0.14227
3.88,17.62,3.7212,22.8000,0.00000,0.10873
4.12,17.62,3.6722,24.8422,0.00000,0.08556
4.38,17.62,3.7081,27.1276,0.00000,0.07221
4.62,17.62,3.7137,29.5114,0.00000,0.06273
4.88,17.62,3.7457,32.0531,0.00000,0.05491
5.12,17.62,3.7597,35.3370,0.00000,0.04880
5.38,17.62,3.7724,38.2729,0.00000,0.04372
5.62,17.62,3.7827,40.9503,0.00000,0.03815
5.88,17.62,3.7966,43.1420,0.00000,0.03300
6.12,17.62,3.7924,44.0760,0.00000,0.03010
6.38,17.62,3.7847,44.2009,0.00000,0.02824
6.62,17.62,3.7931,44.5961,0.00000,0.02675
6.88,17.62,3.8155,45.3680,0.00000,0.02584
7.12,17.62,3.8403,46.4092,0.00000,0.02461
7.38,17.62,3.8673,47.9062,0.00000,0.02256
7.62,17.62,3.8989,49.9706,0.00000,0.02068
7.88,17.62,3.9178,52.0714,0.00000,0.01909
8.12,17.62,3.9253,53.4088,0.00000,0.01755
8.38,17.62,3.9297,53.9220,0.00000,0.01646
8.62,17.62,3.9337,53.8801,0.00000,0.01636
8.88,17.62,3.9424,53.3746,0.00000,0.01750
9.12,17.62,3.9482,52.8455,0.00000,0.01910
9.38,17.62,3.9474,52.7204,0.00000,0.02034
9.62,17.62,3.9434,52.7951,0.00000,0.02183
9.88,17.62,3.9412,52.9689,0.00000,0.02396
10.12,17.62,3.9457,53.5349,0.00000,0.02553
10.38,17.62,3.9525,54.5375,0.00000,0.02483
10.62,17.62,3.9612,55.7086,0.00000,0.02369
10.88,17.62,3.9749,56.7843,0.00000,0.02355
11.12,17.62,3.9772,57.5731,0.00000,0.02391
11.38,17.62,3.9711,58.2255,0.00000,0.02444
11.62,17.62,3.9643,59.3184,0.00000,0.02424
11.88,17.62,3.9545,60.9687,0.00000,0.02301
12.12,17.62,3.9436,62.6507,0.00000,0.02159
12.38,17.62,3.9364,64.1294,0.00000,0.02130
12.62,17.62,3.9388,65.7721,0.00000,0.02227
12.88,17.62,3.9344,68.1213,0.00000,0.02390
13.12,17.62,3.9160,70.7048,0.00000,0.02649
13.38,17.62,3.8850,72.6840,0.00000,0.03088
13.62,17.62,3.8527,74.2874,0.00000,0.03800
13.88,17.62,3.8158,76.3365,0.00000,0.04963
14.12,17.62,3.7644,78.3679,0.00000,0.06962
14.38,17.62,3.6992,79.5922,0.00000,0.10555
14.62,17.62,3.6217,78.9477,0.00000,0.16919
14.88,17.62,3.5487,74.3828,0.00000,0.27660
15.12,17.62,3.3758,63.0020,0.00000,0.44591
15.38,17.62,3.1123,45.8293,0.00000,0.67538
15.62,17.62,2.7243,27.7426,0.00000,0.94078
15.88,17.62,2.4774,18.5304,0.00047,1.26637
16.12,17.62,2.5765,18.9176,0.01573,1.65839
16.38,17.62,2.9101,25.0917,0.19249,1.98472
16.62,17.62,3.4411,48.3969,0.91217,2.01520
16.88,17.62,3.9503,84.3782,2.02418,1.74684
2.62,17.88,2.8947,36.5509,0.00000,0.13680
2.88,17.88,3.7038,31.2454,0.00000,0.18395
3.12,17.88,3.7285,26.1699,0.00000,0.17811
3.38,17.88,3.7332,22.9373,0.00000,0.16321
3.62,17.88,3.6598,22.5196,0.00000,0.13092
3.88,17.88,3.6979,23.3289,0.00000,0.10309
4.12,17.88,3.6564,25.5399,0.00000,0.08178
4.38,17.88,3.6687,27.9454,0.00000,0.06813
4.62,17.88,3.6883,30.2899,0.00000,0.05954
4.88,17.88,3.7147,32.3299,0.00000,0.05223
5.12,17.88,3.7327,35.0193,0.00000,0.04626
5.38,17.88,3.7720,37.8520,0.00000,0.04121
5.62,17.88,3.7800,40.4657,0.00000,0.03611
5.88,17.88,3.7835,42.3155,0.00000,0.03168
6.12,17.88,3.7994,43.2169,0.00000,0.02920
6.38,17.88,3.8037,43.6486,0.00000,0.02733
6.62,17.88,3.8164,44.2191,0.00000,0.02576
6.88,17.88,3.8397,45.0405,0.00000,0.02548
7.12,17.88,3.8550,46.1580,0.00000,0.02553
7.38,17.88,3.8680,47.8227,0.00000,0.02413
7.62,17.88,3.8906,49.8181,0.00000,0.02251
7.88,17.88,3.9181,51.6861,0.00000,0.02085
8.12,17.88,3.9308,53.3225,0.00000,0.01821
8.38,17.88,3.9328,54.4638,0.00000,0.01585
8.62,17.88,3.9304,54.5895,0.00000,0.01519
8.88,17.88,3.9302,53.9430,0.00000,0.01606
9.12,17.88,3.9304,53.3768,0.00000,0.01758
9.38,17.88,3.9290,53.2487,0.00000,0.01874
9.62,17.88,3.9303,53.2009,0.00000,0.01994
9.88,17.88,3.9411,53.2435,0.00000,0.02126
10.12,17.88,3.9578,53.8095,0.00000,0.02204
10.38,17.88,3.9683,54.8420,0.00000,0.02173
10.62,17.88,3.9676,55.9810,0.00000,0.02153
10.88,17.88,3.9730,57.0865,0.00000,0.02198
11.12,17.88,3.9731,58.0666,0.00000,0.02218
11.38,17.88,3.9666,58.8488,0.00000,0.02255
11.62,17.88,3.9596,59.8268,0.00000,0.02273
11.88,17.88,3.9462,61.3323,0.00000,0.02203
12.12,17.88,3.9322,63.0413,0.00000,0.02107
12.38,17.88,3.9277,64.5961,0.00000,0.02103
12.62,17.88,3.9216,66.1474,0.00000,0.02211
12.88,17.88,3.9144,68.1867,0.00000,0.02392
13.12,17.88,3.8944,70.5432,0.00000,0.02669
13.38,17.88,3.8720,72.7010,0.00000,0.03141
13.62,17.88,3.8499,74.7126,0.00000,0.03911
13.88,17.88,3.8262,76.7752,0.00000,0.05195
14.12,17.88,3.7763,78.0916,0.00000,0.07513
14.38,17.88,3.6994,77.9400,0.00000,0.11729
14.62,17.88,3.6057,75.8728,0.00000,0.19380
14.88,17.88,3.4864,70.8873,0.00000,0.32942
15.12,17.88,3.3263,61.7637,0.00000,0.54341
15.38,17.88,3.1350,47.6802,0.00000,0.82894
15.62,17.88,2.8903,31.8830,0.00000,1.15260
15.88,17.88,2.7323,21.3887,0.00011,1.50234
16.12,17.88,2.7290,18.8350,0.00366,1.83377
16.38,17.88,2.6598,20.3272,0.04484,2.08955
16.62,17.88,2.5932,27.2924,0.21249,2.31142
16.88,17.88,2.5502,39.1748,0.47154,2.42232
2.62,18.12,2.9219,37.4874,0.00000,0.12842
2.88,18.12,3.7335,32.0622,0.00000,0.17160
3.12,18.12,3.7446,26.6992,0.00000,0.16218
3.38,18.12,3.7145,23.0261,0.00000,0.14485
3.62,18.12,3.6401,22.5049,0.00000,0.11740
3.88,18.12,3.6566,23.5189,0.00000,0.09473
4.12,18.12,3.6342,25.7206,0.00000,0.07665
4.38,18.12,3.6523,28.0703,0.00000,0.06381
4.62,18.12,3.6646,30.4777,0.00000,0.05601
4.88,18.12,3.6895,32.4293,0.00000,0.05037
5.12,18.12,3.7103,34.8065,0.00000,0.04527
5.38,18.12,3.7581,37.6628,0.00000,0.04028
5.62,18.12,3.7843,40.4167,0.00000,0.03566
5.88,18.12,3.7837,42.1291,0.00000,0.03115
6.12,18.12,3.7852,42.9472,0.00000,0.02807
6.38,18.12,3.7930,43.5205,0.00000,0.02595
6.62,18.12,3.8035,44.1273,0.00000,0.02444
6.88,18.12,3.8164,44.9079,0.00000,0.02396
7.12,18.12,3.8229,46.1875,0.00000,0.02391
7.38,18.12,3.8303,47.9640,0.00000,0.02354
7.62,18.12,3.8425,49.6414,0.00000,0.02279
7.88,18.12,3.8625,51.0044,0.00000,0.02079
8.12,18.12,3.8708,52.4004,0.00000,0.01776
8.38,18.12,3.8669,53.5720,0.00000,0.01565
8.62,18.12,3.8560,53.7256,0.00000,0.01506
8.88,18.12,3.8602,53.0241,0.00000,0.01543
9.12,18.12,3.8740,52.2860,0.00000,0.01650
9.38,18.12,3.8848,51.9740,0.00000,0.01759
9.62,18.12,3.9000,51.9224,0.00000,0.01851
9.88,18.12,3.9110,52.1553,0.00000,0.01902
10.12,18.12,3.9220,52.9501,0.00000,0.01914
10.38,18.12,3.9360,54.0687,0.00000,0.01887
10.62,18.12,3.9452,55.1642,0.00000,0.01882
10.88,18.12,3.9515,56.1115,0.00000,0.01924
11.12,18.12,3.9534,57.1308,0.00000,0.01952
11.38,18.12,3.9480,58.2332,0.00000,0.02007
11.62,18.12,3.9376,59.4197,0.00000,0.02060
11.88,18.12,3.9238,60.8407,0.00000,0.02075
12.12,18.12,3.9159,62.3944,0.00000,0.02086
12.38,18.12,3.9150,63.8037,0.00000,0.02131
12.62,18.12,3.9057,65.2265,0.00000,0.02226
12.88,18.12,3.8978,67.0431,0.00000,0.02401
13.12,18.12,3.8848,69.3006,0.00000,0.02676
13.38,18.12,3.8644,71.9689,0.00000,0.03128
13.62,18.12,3.8470,74.6505,0.00000,0.03914
13.88,18.12,3.8308,76.9942,0.00000,0.05245
14.12,18.12,3.7908,78.5812,0.00000,0.07558
14.38,18.12,3.7220,78.5751,0.00000,0.11651
14.62,18.12,3.6257,76.2344,0.00000,0.19213
14.88,18.12,3.4961,71.1456,0.00000,0.32672
15.12,18.12,3.3188,61.9898,0.00000,0.53383
15.38,18.12,3.1223,47.7737,0.00000,0.81630
15.62,18.12,2.8874,31.8916,0.00000,1.15633
15.88,18.12,2.7256,21.1324,0.00011,1.52363
16.12,18.12,2.7048,18.3524,0.00380,1.85236
16.38,18.12,2.6349,20.1834,0.04655,2.09640
16.62,18.12,2.5947,28.2309,0.22060,2.30911
16.88,18.12,2.5718,41.1278,0.48953,2.40686
2.62,18.38,2.9382,37.0005,0.00000,0.11673
2.88,18.38,3.7132,31.7440,0.00000,0.15417
3.12,18.38,3.7332,26.4319,0.00000,0.14393
3.38,18.38,3.6925,22.8957,0.00000,0.12724
3.62,18.38,3.6146,22.5171,0.00000,0.10459
3.88,18.38,3.6237,23.5624,0.00000,0.08690
4.12,18.38,3.6216,25.6575,0.00000,0.07251
4.38,18.38,3.6620,27.8766,0.00000,0.06086
4.62,18.38,3.6673,30.2536,0.00000,0.05332
4.88,18.38,3.6907,32.3192,0.00000,0.04873
5.12,18.38,3.7195,34.6710,0.00000,0.04470
5.38,18.38,3.7535,37.1919,0.00000,0.04019
5.62,18.38,3.7737,39.4497,0.00000,0.03630
5.88,18.38,3.7899,40.9889,0.00000,0.03219
6.12,18.38,3.7977,41.8673,0.00000,0.02860
6.38,18.38,3.8159,42.3332,0.00000,0.02602
6.62,18.38,3.8354,42.9216,0.00000,0.02448
6.88,18.38,3.8472,44.0966,0.00000,0.02362
7.12,18.38,3.8544,45.9281,0.00000,0.02313
7.38,18.38,3.8538,47.8717,0.00000,0.02334
7.62,18.38,3.8512,49.4507,0.00000,0.02277
7.88,18.38,3.8595,50.7941,0.00000,0.02011
8.12,18.38,3.8636,51.8689,0.00000,0.01717
8.38,18.38,3.8623,52.5074,0.00000,0.01587
8.62,18.38,3.8535,52.5080,0.00000,0.01566
8.88,18.38,3.8545,51.9404,0.00000,0.01560
9.12,18.38,3.8707,51.2932,0.00000,0.01592
9.38,18.38,3.8915,50.9354,0.00000,0.01668
9.62,18.38,3.9108,50.9538,0.00000,0.01741
9.88,18.38,3.9095,51.4493,0.00000,0.01790
10.12,18.38,3.9022,52.5483,0.00000,0.01808
10.38,18.38,3.9101,53.7837,0.00000,0.01781
10.62,18.38,3.9289,54.8297,0.00000,0.01767
10.88,18.38,3.9324,55.6974,0.00000,0.01780
11.12,18.38,3.9290,56.7483,0.00000,0.01791
11.38,18.38,3.9301,58.1202,0.00000,0.01815
11.62,18.38,3.9227,59.8130,0.00000,0.01846
11.88,18.38,3.9092,61.6072,0.00000,0.01906
12.12,18.38,3.9033,63.1463,0.00000,0.01998
12.38,18.38,3.8961,64.2782,0.00000,0.02091
12.62,18.38,3.8819,65.4289,0.00000,0.02185
12.88,18.38,3.8668,67.1339,0.00000,0.02344
13.12,18.38,3.8608,69.5331,0.00000,0.02602
13.38,18.38,3.8492,72.6568,0.00000,0.03028
13.62,18.38,3.8459,75.6231,0.00000,0.03793
13.88,18.38,3.8392,77.9993,0.00000,0.05016
14.12,18.38,3.7983,80.1180,0.00000,0.06957
14.38,18.38,3.7229,81.3185,0.00001,0.10267
14.62,18.38,3.6275,80.1699,0.00003,0.16213
14.88,18.38,3.5335,75.4915,0.00005,0.26589
15.12,18.38,3.3446,63.9684,0.00003,0.42678
15.38,18.38,3.0883,46.2119,0.00001,0.65316
15.62,18.38,2.7188,27.5030,0.00000,0.94872
15.88,18.38,2.4745,16.7776,0.00048,1.31438
16.12,18.38,2.5516,15.9831,0.01600,1.69834
16.38,18.38,2.8557,24.1673,0.19578,1.95396
16.62,18.38,3.4112,51.5620,0.92773,1.91281
16.88,18.38,3.9928,90.7850,2.05869,1.61844
2.62,18.62,3.0262,36.4829,0.00000,0.10612
2.88,18.62,3.7569,31.4463,0.00000,0.13743
3.12,18.62,3.7489,26.1869,0.00000,0.12631
3.38,18.62,3.6751,22.7971,0.00000,0.10989
3.62,18.62,3.5807,22.4781,0.00000,0.09148
3.88,18.62,3.5933,23.4743,0.00000,0.07913
4.12,18.62,3.5929,25.5239,0.00000,0.06822
4.38,18.62,3.6312,27.6255,0.00000,0.05793
4.62,18.62,3.6304,29.9121,0.00000,0.04998
4.88,18.62,3.6454,32.1438,0.00000,0.04483
5.12,18.62,3.6493,34.4527,0.00000,0.04138
5.38,18.62,3.6639,36.3589,0.00000,0.03793
5.62,18.62,3.6819,38.0039,0.00000,0.03486
5.88,18.62,3.6931,39.5831,0.00000,0.03164
6.12,18.62,3.6981,40.8255,0.00000,0.02829
6.38,18.62,3.7110,41.3218,0.00000,0.02564
6.62,18.62,3.7203,41.8238,0.00000,0.02426
6.88,18.62,3.7247,43.2697,0.00000,0.02333
7.12,18.62,3.7340,45.4669,0.00000,0.02240
7.38,18.62,3.7310,47.4235,0.00000,0.02163
7.62,18.62,3.7286,48.9430,0.00000,0.02058
7.88,18.62,3.7354,50.4366,0.00000,0.01841
8.12,18.62,3.7419,51.4321,0.00000,0.01623
8.38,18.62,3.7494,51.7258,0.00000,0.01562
8.62,18.62,3.7522,51.5941,0.00000,0.01583
8.88,18.62,3.7529,51.1767,0.00000,0.01576
9.12,18.62,3.7636,50.7307,0.00000,0.01583
9.38,18.62,3.7909,50.5206,0.00000,0.01648
9.62,18.62,3.8127,50.7757,0.00000,0.01726
9.88,18.62,3.8201,51.4973,0.00000,0.01809
10.12,18.62,3.8240,52.6693,0.00000,0.01867
10.38,18.62,3.8393,53.8200,0.00000,0.01915
10.62,18.62,3.8658,54.9199,0.00000,0.01951
10.88,18.62,3.8731,56.2126,0.00000,0.01925
11.12,18.62,3.8667,57.6416,0.00000,0.01868
11.38,18.62,3.8714,59.1755,0.00000,0.01813
11.62,18.62,3.8702,61.1146,0.00000,0.01782
11.88,18.62,3.8629,63.2340,0.00000,0.01829
12.12,18.62,3.8559,64.9314,0.00000,0.01944
12.38,18.62,3.8447,66.0077,0.00000,0.02060
12.62,18.62,3.8369,66.9785,0.00000,0.02170
12.88,18.62,3.8345,68.6977,0.00000,0.02321
13.12,18.62,3.8346,71.5210,0.00000,0.02554
13.38,18.62,3.8286,75.0340,0.00000,0.02937
13.62,18.62,3.8272,78.2172,0.00000,0.03599
13.88,18.62,3.8225,80.8980,0.00000,0.04592
14.12,18.62,3.7934,83.8157,0.00002,0.06061
14.38,18.62,3.7473,86.7481,0.00022,0.08436
14.62,18.62,3.6779,87.1180,0.00099,0.12344
14.88,18.62,3.6129,82.2119,0.00164,0.18863
15.12,18.62,3.3708,69.7731,0.00101,0.27356
15.38,18.62,2.6788,50.0679,0.00023,0.35521
15.62,18.62,1.7874,25.2443,0.00002,0.46279
15.88,18.62,1.3701,11.8968,0.00082,0.65810
16.12,18.62,1.6766,14.6512,0.02714,0.97285
16.38,18.62,2.6417,31.6234,0.33213,1.27191
16.62,18.62,4.1187,77.3609,1.57387,1.21750
16.88,18.62,5.5865,141.2132,3.49252,0.84176
2.62,18.88,3.0075,36.8845,0.00000,0.09493
2.88,18.88,3.7566,31.8389,0.00000,0.12168
3.12,18.88,3.7590,26.4756,0.00000,0.11153
3.38,18.88,3.6731,22.8972,0.00000,0.09659
3.62,18.88,3.5773,22.4080,0.00000,0.08162
3.88,18.88,3.6072,23.5072,0.00000,0.07289
4.12,18.88,3.6038,25.6395,0.00000,0.06365
4.38,18.88,3.6308,27.5086,0.00000,0.05395
4.62,18.88,3.6362,29.5279,0.00000,0.04641
4.88,18.88,3.6559,31.7560,0.00000,0.04153
5.12,18.88,3.6437,33.9420,0.00000,0.03845
5.38,18.88,3.6424,35.3849,0.00000,0.03585
5.62,18.88,3.6712,36.6598,0.00000,0.03326
5.88,18.88,3.6959,38.4708,0.00000,0.03045
6.12,18.88,3.7152,40.2939,0.00000,0.02783
6.38,18.88,3.7334,41.3292,0.00000,0.02596
6.62,18.88,3.7436,42.0278,0.00000,0.02512
6.88,18.88,3.7493,43.2654,0.00000,0.02411
7.12,18.88,3.7576,45.2000,0.00000,0.02243
7.38,18.88,3.7582,47.0136,0.00000,0.02036
7.62,18.88,3.7592,48.5454,0.00000,0.01904
7.88,18.88,3.7602,50.3780,0.00000,0.01775
8.12,18.88,3.7582,51.8895,0.00000,0.01626
8.38,18.88,3.7600,52.5941,0.00000,0.01597
8.62,18.88,3.7702,52.7899,0.00000,0.01640
8.88,18.88,3.7785,52.7976,0.00000,0.01654
9.12,18.88,3.7768,52.7700,0.00000,0.01689
9.38,18.88,3.7815,52.8520,0.00000,0.01775
9.62,18.88,3.7761,53.2756,0.00000,0.01859
9.88,18.88,3.7689,54.1954,0.00000,0.01964
10.12,18.88,3.7732,55.4846,0.00000,0.02070
10.38,18.88,3.7864,56.5946,0.00000,0.02224
10.62,18.88,3.8072,57.8263,0.00000,0.02286
10.88,18.88,3.8199,59.6541,0.00000,0.02162
11.12,18.88,3.8228,61.4901,0.00000,0.01984
11.38,18.88,3.8361,63.1366,0.00000,0.01858
11.62,18.88,3.8405,64.9453,0.00000,0.01791
11.88,18.88,3.8305,66.9500,0.00000,0.01801
12.12,18.88,3.8149,68.7879,0.00000,0.01869
12.38,18.88,3.8078,70.1683,0.00000,0.01971
12.62,18.88,3.8102,71.2830,0.00000,0.02092
12.88,18.88,3.8200,73.0383,0.00000,0.02243
13.12,18.88,3.8209,76.0204,0.00000,0.02454
13.38,18.88,3.8158,79.8512,0.00000,0.02778
13.62,18.88,3.8017,83.6344,0.00000,0.03262
13.88,18.88,3.7802,87.2924,0.00001,0.03939
14.12,18.88,3.7519,91.2815,0.00025,0.04921
14.38,18.88,3.7425,95.6667,0.00300,0.06414
14.62,18.88,3.7203,97.1364,0.01352,0.08625
14.88,18.88,3.7116,92.6847,0.02261,0.11944
15.12,18.88,3.3621,82.1805,0.01428,0.14461
15.38,18.88,2.1546,61.9820,0.00359,0.12992
15.62,18.88,0.9226,29.2812,0.00043,0.11532
15.88,18.88,0.5233,11.5724,0.00063,0.16262
16.12,18.88,1.0636,19.6408,0.01832,0.33997
16.38,18.88,2.3781,42.3633,0.22285,0.63094
16.62,18.88,3.8253,81.6143,1.05554,0.72686
16.88,18.88,4.8613,134.9962,2.34222,0.50595
2.62,19.12,3.0064,37.9032,0.00000,0.08465
2.88,19.12,3.7541,32.5372,0.00000,0.10785
3.12,19.12,3.7386,26.8649,0.00000,0.09736
3.38,19.12,3.6500,23.1032,0.00000,0.08318
3.62,19.12,3.5508,22.4593,0.00000,0.07206
3.88,19.12,3.5774,23.4992,0.00000,0.06644
4.12,19.12,3.5668,25.5284,0.00000,0.05794
4.38,19.12,3.5758,27.2417,0.00000,0.04821
4.62,19.12,3.5727,29.0445,0.00000,0.04200
4.88,19.12,3.5691,31.0514,0.00000,0.03837
5.12,19.12,3.5546,33.0025,0.00000,0.03542
5.38,19.12,3.5558,34.2742,0.00000,0.03283
5.62,19.12,3.5812,35.4431,0.00000,0.03119
5.88,19.12,3.6067,37.3713,0.00000,0.02949
6.12,19.12,3.6291,39.6364,0.00000,0.02753
6.38,19.12,3.6466,41.2912,0.00000,0.02588
6.62,19.12,3.6584,42.3647,0.00000,0.02471
6.88,19.12,3.6661,43.4685,0.00000,0.02295
7.12,19.12,3.6682,45.2018,0.00000,0.02096
7.38,19.12,3.6662,47.0049,0.00000,0.01910
7.62,19.12,3.6687,48.4953,0.00000,0.01792
7.88,19.12,3.6733,50.4607,0.00000,0.01710
8.12,19.12,3.6778,52.6640,0.00000,0.01630
8.38,19.12,3.6925,54.1224,0.00000,0.01643
8.62,19.12,3.7156,54.7796,0.00000,0.01711
8.88,19.12,3.7346,55.2263,0.00000,0.01749
9.12,19.12,3.7377,55.5589,0.00000,0.01800
9.38,19.12,3.7358,55.7843,0.00000,0.01873
9.62,19.12,3.7301,56.1711,0.00000,0.01935
9.88,19.12,3.7279,57.2567,0.00000,0.02042
10.12,19.12,3.7383,58.9398,0.00000,0.02168
10.38,19.12,3.7452,60.3331,0.00000,0.02326
10.62,19.12,3.7547,61.5420,0.00000,0.02344
10.88,19.12,3.7705,63.3808,0.00000,0.02183
11.12,19.12,3.7851,65.5581,0.00000,0.01983
11.38,19.12,3.8044,67.6517,0.00000,0.01859
11.62,19.12,3.8088,69.5544,0.00000,0.01794
11.88,19.12,3.7897,71.4456,0.00000,0.01789
12.12,19.12,3.7703,73.3158,0.00000,0.01806
12.38,19.12,3.7766,75.0368,0.00000,0.01875
12.62,19.12,3.7922,76.4742,0.00000,0.02000
12.88,19.12,3.8051,78.4090,0.00000,0.02162
13.12,19.12,3.8102,81.5442,0.00000,0.02353
13.38,19.12,3.8095,85.9128,0.00001,0.02598
13.62,19.12,3.7969,90.4852,0.00002,0.02925
13.88,19.12,3.7864,95.2511,0.00008,0.03356
14.12,19.12,3.7675,100.1730,0.00144,0.03967
14.38,19.12,3.7781,105.2322,0.01741,0.04801
14.62,19.12,3.8008,107.6673,0.07910,0.05904
14.88,19.12,3.8367,104.2285,0.13557,0.07324
15.12,19.12,3.4906,93.9085,0.09200,0.07775
15.38,19.12,2.3256,72.2342,0.02860,0.05472
15.62,19.12,1.0921,36.4273,0.00578,0.03102
15.88,19.12,0.7106,19.3513,0.00264,0.04073
16.12,19.12,1.4059,34.1447,0.01092,0.13224
16.38,19.12,2.6234,58.3353,0.09149,0.33757
16.62,19.12,3.2434,81.4639,0.41761,0.46236
16.88,19.12,3.2967,114.8121,0.92310,0.34903
2.62,19.38,3.0229,39.6145,0.00000,0.07361
2.88,19.38,3.6705,34.0249,0.00000,0.09341
3.12,19.38,3.6752,28.0717,0.00000,0.08378
3.38,19.38,3.6567,24.2190,0.00000,0.07169
3.62,19.38,3.5738,23.4924,0.00000,0.06371
3.88,19.38,3.5895,24.0790,0.00000,0.05986
4.12,19.38,3.5779,25.3912,0.00000,0.05286
4.38,19.38,3.5820,26.8935,0.00000,0.04452
4.62,19.38,3.6043,28.6587,0.00000,0.04011
4.88,19.38,3.6184,30.3315,0.00000,0.03759
5.12,19.38,3.6053,31.8806,0.00000,0.03436
5.38,19.38,3.5988,33.1640,0.00000,0.03141
5.62,19.38,3.6151,34.4684,0.00000,0.03070
5.88,19.38,3.6432,36.3743,0.00000,0.02995
6.12,19.38,3.6729,38.8159,0.00000,0.02789
6.38,19.38,3.6994,41.0620,0.00000,0.02546
6.62,19.38,3.7158,42.8613,0.00000,0.02335
6.88,19.38,3.7291,44.4945,0.00000,0.02121
7.12,19.38,3.7338,46.5074,0.00000,0.01976
7.38,19.38,3.7255,48.7565,0.00000,0.01873
7.62,19.38,3.7247,50.5424,0.00000,0.01749
7.88,19.38,3.7299,52.1758,0.00000,0.01649
8.12,19.38,3.7396,54.4303,0.00000,0.01595
8.38,19.38,3.7562,56.5763,0.00000,0.01612
8.62,19.38,3.7656,57.9669,0.00000,0.01664
8.88,19.38,3.7697,59.0283,0.00000,0.01702
9.12,19.38,3.7622,59.7918,0.00001,0.01710
9.38,19.38,3.7464,60.1929,0.00002,0.01697
9.62,19.38,3.7422,60.6061,0.00004,0.01681
9.88,19.38,3.7497,61.8607,0.00002,0.01730
10.12,19.38,3.7625,63.9732,0.00001,0.01831
10.38,19.38,3.7579,65.7263,0.00002,0.01926
10.62,19.38,3.7428,66.8625,0.00003,0.01901
10.88,19.38,3.7472,68.5119,0.00002,0.01804
11.12,19.38,3.7587,70.9005,0.00000,0.01736
11.38,19.38,3.7721,73.3749,0.00000,0.01739
11.62,19.38,3.7799,75.5000,0.00002,0.01725
11.88,19.38,3.7706,77.6106,0.00003,0.01731
12.12,19.38,3.7544,79.7043,0.00002,0.01733
12.38,19.38,3.7655,81.7765,0.00001,0.01779
12.62,19.38,3.7818,83.6970,0.00003,0.01881
12.88,19.38,3.7883,85.9844,0.00005,0.02018
13.12,19.38,3.7879,89.3348,0.00006,0.02157
13.38,19.38,3.7873,94.1272,0.00022,0.02312
13.62,19.38,3.7737,99.1763,0.00080,0.02522
13.88,19.38,3.7576,104.2257,0.00143,0.02796
14.12,19.38,3.7453,109.4260,0.00482,0.03175
14.38,19.38,3.7850,114.3893,0.04890,0.03611
14.62,19.38,3.9040,116.6782,0.22563,0.04132
14.88,19.38,4.0091,112.7648,0.41045,0.04810
15.12,19.38,3.7747,100.3143,0.32839,0.05429
15.38,19.38,3.1477,78.5166,0.14814,0.05364
15.62,19.38,2.3179,49.5755,0.04971,0.05097
15.88,19.38,1.9665,38.4296,0.02927,0.06394
16.12,19.38,2.4860,51.8159,0.05061,0.12146
16.38,19.38,3.2312,70.7078,0.10323,0.23615
16.62,19.38,3.3239,89.3180,0.29468,0.30566
16.88,19.38,3.1114,117.6481,0.60996,0.23592
2.62,19.62,3.1093,41.4693,0.00000,0.06422
2.88,19.62,3.6967,35.8927,0.00000,0.08080
3.12,19.62,3.6592,29.8209,0.00000,0.07220
3.38,19.62,3.6119,25.6822,0.00000,0.06225
3.62,19.62,3.5616,24.7554,0.00000,0.05544
3.88,19.62,3.5834,24.9760,0.00000,0.05073
4.12,19.62,3.5659,25.5002,0.00000,0.04511
4.38,19.62,3.5692,26.4886,0.00000,0.03970
4.62,19.62,3.5928,28.1364,0.00000,0.03690
4.88,19.62,3.6169,29.5625,0.00000,0.03542
5.12,19.62,3.6092,30.7135,0.00000,0.03325
5.38,19.62,3.6063,32.1021,0.00000,0.03043
5.62,19.62,3.6239,33.7711,0.00000,0.02904
5.88,19.62,3.6473,35.8270,0.00000,0.02779
6.12,19.62,3.6645,38.2308,0.00000,0.02533
6.38,19.62,3.6887,40.8384,0.00000,0.02289
6.62,19.62,3.7092,43.4238,0.00000,0.02096
6.88,19.62,3.7221,45.9753,0.00000,0.01922
7.12,19.62,3.7308,48.7085,0.00000,0.01814
7.38,19.62,3.7317,51.6881,0.00000,0.01728
7.62,19.62,3.7387,54.0651,0.00000,0.01599
7.88,19.62,3.7477,55.5808,0.00000,0.01458
8.12,19.62,3.7616,57.6185,0.00000,0.01358
8.38,19.62,3.7734,60.1154,0.00000,0.01317
8.62,19.62,3.7743,62.0343,0.00000,0.01334
8.88,19.62,3.7745,63.6258,0.00001,0.01401
9.12,19.62,3.7699,65.0240,0.00017,0.01450
9.38,19.62,3.7669,65.9431,0.00075,0.01446
9.62,19.62,3.7725,66.6107,0.00123,0.01403
9.88,19.62,3.7868,68.0445,0.00076,0.01413
10.12,19.62,3.7980,70.4740,0.00029,0.01524
10.38,19.62,3.7950,72.5905,0.00058,0.01612
10.62,19.62,3.7767,73.9383,0.00093,0.01556
10.88,19.62,3.7752,75.5841,0.00056,0.01489
11.12,19.62,3.7833,77.9512,0.00014,0.01506
11.38,19.62,3.7966,80.6247,0.00016,0.01584
11.62,19.62,3.7958,83.0815,0.00068,0.01610
11.88,19.62,3.7913,85.7976,0.00112,0.01617
12.12,19.62,3.7838,88.8979,0.00069,0.01610
12.38,19.62,3.8030,91.9012,0.00033,0.01630
12.62,19.62,3.8184,94.2739,0.00084,0.01681
12.88,19.62,3.8178,96.4325,0.00153,0.01742
13.12,19.62,3.7991,99.4870,0.00182,0.01814
13.38,19.62,3.7970,104.3773,0.00366,0.01911
13.62,19.62,3.7945,109.5498,0.01051,0.02070
13.88,19.62,3.7864,113.8614,0.01753,0.02277
14.12,19.62,3.7835,118.3539,0.01908,0.02525
14.38,19.62,3.8307,122.6914,0.08032,0.02780
14.62,19.62,4.0276,124.0322,0.35718,0.03060
14.88,19.62,4.2083,119.1977,0.71713,0.03458
15.12,19.62,4.0227,106.3933,0.73137,0.04381
15.38,19.62,3.7080,88.0135,0.47225,0.06211
15.62,19.62,3.4335,70.5385,0.21467,0.08127
15.88,19.62,3.2938,63.2940,0.14008,0.10316
16.12,19.62,3.4602,67.0089,0.21274,0.14284
16.38,19.62,3.6246,78.2673,0.24296,0.19340
16.62,19.62,3.5372,97.7639,0.27020,0.21173
16.88,19.62,3.3350,124.3684,0.40025,0.16068
2.62,19.88,2.9698,42.3141,0.00000,0.05626
2.88,19.88,3.7055,37.8045,0.00000,0.07062
3.12,19.88,3.7493,32.7029,0.00000,0.06252
3.38,19.88,3.7472,28.5485,0.00000,0.05420
3.62,19.88,3.7550,27.4455,0.00000,0.04901
3.88,19.88,3.7938,27.3898,0.00000,0.04394
4.12,19.88,3.7881,27.4266,0.00000,0.03924
4.38,19.88,3.8033,28.0303,0.00000,0.03621
4.62,19.88,3.8323,29.4884,0.00000,0.03456
4.88,19.88,3.8625,31.0584,0.00000,0.03393
5.12,19.88,3.8594,32.2607,0.00000,0.03292
5.38,19.88,3.8559,33.8310,0.00000,0.02966
5.62,19.88,3.8743,35.9442,0.00000,0.02670
5.88,19.88,3.9021,38.3260,0.00000,0.02477
6.12,19.88,3.9084,40.7042,0.00000,0.02258
6.38,19.88,3.9096,43.3181,0.00000,0.02084
6.62,19.88,3.9069,46.0380,0.00000,0.01923
6.88,19.88,3.9040,49.1124,0.00000,0.01759
7.12,19.88,3.8998,52.4690,0.00000,0.01636
7.38,19.88,3.8970,55.9436,0.00000,0.01537
7.62,19.88,3.8944,58.8510,0.00000,0.01428
7.88,19.88,3.9018,61.0408,0.00000,0.01277
8.12,19.88,3.9167,63.4460,0.00000,0.01114
8.38,19.88,3.9248,66.5922,0.00000,0.01017
8.62,19.88,3.8989,69.2896,0.00001,0.01010
8.88,19.88,3.8654,71.6388,0.00017,0.01082
9.12,19.88,3.8505,73.8070,0.00204,0.01168
9.38,19.88,3.8726,75.8299,0.00912,0.01189
9.62,19.88,3.8926,77.3798,0.01504,0.01134
9.88,19.88,3.8959,79.0064,0.00925,0.01130
10.12,19.88,3.8856,81.4086,0.00357,0.01252
10.38,19.88,3.8873,83.9537,0.00705,0.01351
10.62,19.88,3.8873,85.8695,0.01136,0.01302
10.88,19.88,3.8779,87.6497,0.00689,0.01263
11.12,19.88,3.8771,89.9965,0.00169,0.01305
11.38,19.88,3.8841,92.8027,0.00198,0.01369
11.62,19.88,3.8703,95.7426,0.00829,0.01402
11.88,19.88,3.8717,99.2156,0.01367,0.01402
12.12,19.88,3.8836,103.3813,0.00847,0.01379
12.38,19.88,3.8974,107.3032,0.00408,0.01381
12.62,19.88,3.8825,109.7996,0.01029,0.01401
12.88,19.88,3.8530,111.6117,0.01872,0.01412
13.12,19.88,3.8113,114.2991,0.02095,0.01444
13.38,19.88,3.8026,119.3247,0.02877,0.01509
13.62,19.88,3.8176,124.1273,0.05705,0.01652
13.88,19.88,3.8443,127.0283,0.09455,0.01859
14.12,19.88,3.8463,129.6816,0.09656,0.02062
14.38,19.88,3.8599,132.4364,0.14902,0.02249
14.62,19.88,4.0447,132.5640,0.42100,0.02451
14.88,19.88,4.2462,127.9742,0.83206,0.02736
15.12,19.88,4.1534,117.1250,1.01890,0.03543
15.38,19.88,3.8709,101.6349,0.82355,0.05687
15.62,19.88,3.6963,88.9298,0.46432,0.08186
15.88,19.88,3.5991,80.2790,0.30669,0.10380
16.12,19.88,3.6992,78.1236,0.38705,0.13660
16.38,19.88,3.7709,85.9449,0.40169,0.16816
16.62,19.88,3.5969,101.0389,0.33567,0.16340
16.88,19.88,3.2504,121.7747,0.38678,0.11828
2.62,20.12,2.8275,41.5833,0.00000,0.05241
2.88,20.12,3.6602,39.3014,0.00000,0.06631
3.12,20.12,3.6645,36.5504,0.00000,0.05598
3.38,20.12,3.7184,33.3709,0.00000,0.04579
3.62,20.12,3.7582,32.3264,0.00000,0.04142
3.88,20.12,3.7635,31.6153,0.00000,0.03758
4.12,20.12,3.7571,31.0393,0.00000,0.03394
4.38,20.12,3.7589,31.5987,0.00000,0.03131
4.62,20.12,3.7750,32.8723,0.00000,0.02987
4.88,20.12,3.8074,34.6348,0.00000,0.02951
5.12,20.12,3.8270,36.3015,0.00000,0.02907
5.38,20.12,3.8406,37.8730,0.00000,0.02624
5.62,20.12,3.8562,39.7872,0.00000,0.02310
5.88,20.12,3.8847,42.3706,0.00000,0.02101
6.12,20.12,3.8991,45.0675,0.00000,0.01936
6.38,20.12,3.9061,47.8079,0.00000,0.01799
6.62,20.12,3.9019,50.6796,0.00000,0.01630
6.88,20.12,3.9036,54.2107,0.00000,0.01483
7.12,20.12,3.8944,57.8283,0.00000,0.01384
7.38,20.12,3.9002,61.6738,0.00000,0.01301
7.62,20.12,3.9022,65.1846,0.00000,0.01211
7.88,20.12,3.9201,68.2737,0.00000,0.01091
8.12,20.12,3.9274,71.2120,0.00000,0.00939
8.38,20.12,3.9360,75.1009,0.00000,0.00854
8.62,20.12,3.9107,78.6464,0.00002,0.00836
8.88,20.12,3.8849,82.0002,0.00079,0.00849
9.12,20.12,3.8766,85.2919,0.00965,0.00876
9.38,20.12,3.9226,89.3510,0.04323,0.00886
9.62,20.12,3.9393,92.3319,0.07129,0.00848
9.88,20.12,3.9108,93.6128,0.04383,0.00841
10.12,20.12,3.8938,95.2036,0.01693,0.00920
10.38,20.12,3.9156,98.2070,0.03342,0.01000
10.62,20.12,3.9304,101.0891,0.05382,0.00995
10.88,20.12,3.9179,103.3472,0.03265,0.01000
11.12,20.12,3.9272,106.1696,0.00800,0.01046
11.38,20.12,3.9290,109.2549,0.00936,0.01076
11.62,20.12,3.9143,112.7240,0.03930,0.01094
11.88,20.12,3.9207,116.8829,0.06479,0.01092
12.12,20.12,3.9260,121.1427,0.04014,0.01080
12.38,20.12,3.9278,125.0017,0.01932,0.01102
12.62,20.12,3.9321,127.4426,0.04878,0.01138
12.88,20.12,3.9155,128.9740,0.08865,0.01159
13.12,20.12,3.8728,130.9889,0.09699,0.01192
13.38,20.12,3.8754,135.4321,0.10849,0.01245
13.62,20.12,3.9030,139.3818,0.14552,0.01357
13.88,20.12,3.9593,141.4158,0.24171,0.01526
14.12,20.12,3.9751,142.8525,0.31355,0.01669
14.38,20.12,3.9527,144.3613,0.43188,0.01752
14.62,20.12,4.1065,143.3478,0.73118,0.01852
14.88,20.12,4.2205,140.0898,1.05148,0.02082
15.12,20.12,4.1396,132.3479,1.23738,0.02805
15.38,20.12,3.9669,118.0445,1.07141,0.04790
15.62,20.12,3.8487,104.2017,0.70711,0.07177
15.88,20.12,3.6854,92.7012,0.45338,0.09262
16.12,20.12,3.6885,88.5565,0.40441,0.12797
16.38,20.12,3.7588,95.0023,0.42577,0.16180
16.62,20.12,3.7013,105.9165,0.50618,0.14741
16.88,20.12,3.5476,123.1643,0.76120,0.10053
2.62,20.38,2.3984,44.3059,0.00000,0.05122
2.88,20.38,3.0854,43.2821,0.00000,0.06505
3.12,20.38,3.0685,41.8436,0.00000,0.05162
3.38,20.38,3.2426,39.4150,0.00000,0.03790
3.62,20.38,3.3850,38.2463,0.00000,0.03405
3.88,20.38,3.3840,36.8741,0.00000,0.03209
4.12,20.38,3.3492,35.8431,0.00000,0.02872
4.38,20.38,3.3110,36.3854,0.00000,0.02494
4.62,20.38,3.2782,37.3098,0.00000,0.02277
4.88,20.38,3.2944,38.8467,0.00000,0.02215
5.12,20.38,3.3659,40.7089,0.00000,0.02226
5.38,20.38,3.4322,41.8524,0.00000,0.02111
5.62,20.38,3.4574,42.9757,0.00000,0.01907
5.88,20.38,3.4849,45.4877,0.00000,0.01731
6.12,20.38,3.4974,48.2130,0.00000,0.01626
6.38,20.38,3.5213,50.8690,0.00000,0.01520
6.62,20.38,3.5787,54.2441,0.00000,0.01353
6.88,20.38,3.6425,58.3363,0.00000,0.01248
7.12,20.38,3.6590,61.7392,0.00000,0.01201
7.38,20.38,3.7049,65.5480,0.00000,0.01143
7.62,20.38,3.7425,69.1263,0.00000,0.01050
7.88,20.38,3.7784,72.3946,0.00000,0.00947
8.12,20.38,3.7620,75.5145,0.00000,0.00837
8.38,20.38,3.7577,79.6367,0.00000,0.00798
8.62,20.38,3.7696,83.5660,0.00005,0.00783
8.88,20.38,3.7967,88.0338,0.00176,0.00739
9.12,20.38,3.8016,93.0776,0.02140,0.00696
9.38,20.38,3.8539,99.8690,0.09593,0.00698
9.62,20.38,3.8317,104.4288,0.15819,0.00688
9.88,20.38,3.7132,104.7496,0.09725,0.00665
10.12,20.38,3.6656,104.8754,0.03756,0.00689
10.38,20.38,3.7185,108.2849,0.07416,0.00742
10.62,20.38,3.7454,112.2923,0.11943,0.00757
10.88,20.38,3.7197,115.0073,0.07245,0.00767
11.12,20.38,3.7380,118.3954,0.01775,0.00799
11.38,20.38,3.7413,122.1499,0.02077,0.00818
11.62,20.38,3.7442,126.4354,0.08720,0.00837
11.88,20.38,3.7715,131.0702,0.14377,0.00850
12.12,20.38,3.7425,134.5253,0.08908,0.00856
12.38,20.38,3.7264,137.3837,0.04287,0.00892
12.62,20.38,3.8044,139.3101,0.10825,0.00942
12.88,20.38,3.8389,139.9782,0.19666,0.00983
13.12,20.38,3.8178,140.7707,0.21336,0.01025
13.38,20.38,3.8682,144.3112,0.21801,0.01087
13.62,20.38,3.9066,147.9510,0.22103,0.01166
13.88,20.38,3.9976,150.1962,0.36826,0.01258
14.12,20.38,4.1187,151.9373,0.59019,0.01314
14.38,20.38,4.2102,154.2241,0.88711,0.01298
14.62,20.38,4.4921,153.3488,1.35868,0.01312
14.88,20.38,4.6391,150.9924,1.66826,0.01503
15.12,20.38,4.5581,145.9339,1.79313,0.02100
15.38,20.38,4.2001,133.3248,1.48863,0.03533
15.62,20.38,3.7828,117.6446,0.99028,0.05205
15.88,20.38,3.4307,104.8190,0.62322,0.06658
16.12,20.38,3.2605,100.1613,0.44800,0.09260
16.38,20.38,3.2408,104.1696,0.48061,0.11696
16.62,20.38,3.3865,112.6352,0.70804,0.10356
16.88,20.38,3.7235,130.3508,1.16874,0.06905
