x,y,rho,contact,casualty,pressure
2.62,0.12,0.3115,0.0130,0.00000,0.20141
2.88,0.12,0.6105,0.0250,0.00000,0.37211
3.12,0.12,0.8561,0.0441,0.00000,0.49626
3.38,0.12,0.9195,0.0620,0.00000,0.52464
3.62,0.12,1.0090,0.0578,0.00000,0.55441
3.88,0.12,1.1438,0.0492,0.00000,0.57975
4.12,0.12,1.1768,0.0514,0.00000,0.54929
4.38,0.12,1.2015,0.0430,0.00000,0.51287
4.62,0.12,1.2811,0.0302,0.00000,0.50721
4.88,0.12,1.3140,0.0237,0.00000,0.48434
5.12,0.12,1.2937,0.0149,0.00000,0.43055
5.38,0.12,1.2680,0.0122,0.00000,0.39167
5.62,0.12,1.2770,0.0183,0.00000,0.37895
5.88,0.12,1.3090,0.0264,0.00000,0.37125
6.12,0.12,1.3678,0.0367,0.00000,0.38103
6.38,0.12,1.3960,0.0535,0.00000,0.39157
6.62,0.12,1.3468,0.2054,0.00000,0.38436
6.88,0.12,1.3670,1.7687,0.00000,0.42098
7.12,0.12,1.1872,8.0798,0.00000,0.41188
7.38,0.12,0.7257,17.8045,0.00000,0.27632
2.62,0.38,0.5979,0.0176,0.00000,0.34877
2.88,0.38,1.1629,0.0320,0.00000,0.64166
3.12,0.38,1.5542,0.0503,0.00000,0.82930
3.38,0.38,1.4889,0.0704,0.00000,0.80985
3.62,0.38,1.4826,0.0742,0.00000,0.79051
3.88,0.38,1.6302,0.0630,0.00000,0.78994
4.12,0.38,1.6162,0.0601,0.00000,0.71447
4.38,0.38,1.5975,0.0537,0.00000,0.64679
4.62,0.38,1.6749,0.0395,0.00000,0.63387
4.88,0.38,1.6910,0.0286,0.00000,0.59946
5.12,0.38,1.6710,0.0183,0.00000,0.53145
5.38,0.38,1.6610,0.0145,0.00000,0.48595
5.62,0.38,1.6630,0.0194,0.00000,0.46694
5.88,0.38,1.6683,0.0283,0.00000,0.44302
6.12,0.38,1.7144,0.0421,0.00000,0.44137
6.38,0.38,1.7118,0.0657,0.00000,0.44631
6.62,0.38,1.5887,0.2238,0.00000,0.42654
6.88,0.38,1.7173,1.8360,0.00000,0.47449
7.12,0.38,1.6906,8.3883,0.00000,0.49307
7.38,0.38,1.1202,18.5069,0.00000,0.34539
2.62,0.62,0.7701,0.0110,0.00000,0.36327
2.88,0.62,1.4925,0.0215,0.00000,0.67864
3.12,0.62,1.9353,0.0377,0.00000,0.87348
3.38,0.62,1.7316,0.0579,0.00000,0.81185
3.62,0.62,1.6570,0.0628,0.00000,0.75444
3.88,0.62,1.8250,0.0480,0.00000,0.74888
4.12,0.62,1.7932,0.0397,0.00000,0.67244
4.38,0.62,1.7516,0.0378,0.00000,0.60263
4.62,0.62,1.8006,0.0317,0.00000,0.58172
4.88,0.62,1.7866,0.0246,0.00000,0.54258
5.12,0.62,1.7881,0.0175,0.00000,0.48151
5.38,0.62,1.8085,0.0154,0.00000,0.43717
5.62,0.62,1.8139,0.0184,0.00000,0.41906
5.88,0.62,1.8048,0.0217,0.00000,0.39832
6.12,0.62,1.8492,0.0300,0.00000,0.39130
6.38,0.62,1.8615,0.0501,0.00000,0.39421
6.62,0.62,1.6342,0.1951,0.00000,0.36087
6.88,0.62,1.7978,1.7193,0.00000,0.38920
7.12,0.62,1.9939,7.9258,0.00000,0.42117
7.38,0.62,1.4251,17.5159,0.00000,0.30426
2.62,0.88,0.8217,0.0029,0.00000,0.25732
2.88,0.88,1.4956,0.0073,0.00000,0.48461
3.12,0.88,1.8207,0.0171,0.00000,0.62212
3.38,0.88,1.6313,0.0291,0.00000,0.56906
3.62,0.88,1.6546,0.0305,0.00000,0.52696
3.88,0.88,1.7940,0.0213,0.00000,0.52637
4.12,0.88,1.7645,0.0157,0.00000,0.48513
4.38,0.88,1.7880,0.0163,0.00000,0.45158
4.62,0.88,1.8308,0.0155,0.00000,0.43276
4.88,0.88,1.8015,0.0131,0.00000,0.39695
5.12,0.88,1.8305,0.0102,0.00000,0.35753
5.38,0.88,1.8606,0.0094,0.00000,0.32692
5.62,0.88,1.8947,0.0113,0.00000,0.31904
5.88,0.88,1.9190,0.0134,0.00000,0.31222
6.12,0.88,1.9428,0.0174,0.00000,0.30174
6.38,0.88,2.0090,0.0271,0.00000,0.30140
6.62,0.88,1.7227,0.1357,0.00000,0.26351
6.88,0.88,1.8226,1.3399,0.00000,0.27258
7.12,0.88,2.1697,6.2435,0.00000,0.30984
7.38,0.88,1.6358,13.8175,0.00000,0.23108
2.62,1.12,1.0507,0.0008,0.00000,0.18234
2.88,1.12,1.7035,0.0039,0.00000,0.33158
3.12,1.12,1.8479,0.0126,0.00000,0.41185
3.38,1.12,1.7135,0.0204,0.00000,0.38410
3.62,1.12,1.9024,0.0171,0.00000,0.37712
3.88,1.12,1.9641,0.0113,0.00000,0.37857
4.12,1.12,1.9101,0.0095,0.00000,0.36138
4.38,1.12,2.0011,0.0113,0.00000,0.35686
4.62,1.12,2.0420,0.0108,0.00000,0.34230
4.88,1.12,2.0124,0.0079,0.00000,0.30995
5.12,1.12,2.0474,0.0052,0.00000,0.28456
5.38,1.12,2.0469,0.0041,0.00000,0.26435
5.62,1.12,2.1039,0.0059,0.00000,0.26034
5.88,1.12,2.1832,0.0114,0.00000,0.26009
6.12,1.12,2.1025,0.0160,0.00000,0.24264
6.38,1.12,2.1640,0.0168,0.00000,0.23729
6.62,1.12,1.9435,0.0780,0.00000,0.20813
6.88,1.12,2.0225,0.8210,0.00000,0.21092
7.12,1.12,2.4190,3.8524,0.00000,0.24449
7.38,1.12,1.8542,8.5343,0.00000,0.18540
2.62,1.38,1.3577,0.0019,0.00000,0.14393
2.88,1.38,2.0076,0.0082,0.00000,0.24198
3.12,1.38,1.9370,0.0213,0.00000,0.27877
3.38,1.38,1.8081,0.0282,0.00000,0.26834
3.62,1.38,2.1188,0.0196,0.00000,0.28632
3.88,1.38,2.1185,0.0112,0.00000,0.28730
4.12,1.38,2.0626,0.0092,0.00000,0.27973
4.38,1.38,2.1486,0.0116,0.00000,0.28362
4.62,1.38,2.1589,0.0127,0.00000,0.27281
4.88,1.38,2.1554,0.0099,0.00000,0.25151
5.12,1.38,2.2116,0.0055,0.00000,0.23925
5.38,1.38,2.2051,0.0035,0.00000,0.22480
5.62,1.38,2.2395,0.0053,0.00000,0.21395
5.88,1.38,2.3414,0.0121,0.00000,0.21199
6.12,1.38,2.1372,0.0170,0.00000,0.18990
6.38,1.38,2.1675,0.0132,0.00000,0.18417
6.62,1.38,2.1328,0.0549,0.00000,0.17374
6.88,1.38,2.2119,0.6100,0.00000,0.17291
7.12,1.38,2.5410,2.8787,0.00000,0.19243
7.38,1.38,1.9371,6.3837,0.00000,0.14517
2.62,1.62,1.5732,0.0043,0.00000,0.12518
2.88,1.62,2.1677,0.0154,0.00000,0.19034
3.12,1.62,1.8876,0.0293,0.00000,0.19477
3.38,1.62,1.8010,0.0282,0.00000,0.19143
3.62,1.62,2.2298,0.0183,0.00000,0.22189
3.88,1.62,2.2019,0.0128,0.00000,0.22068
4.12,1.62,2.1798,0.0094,0.00000,0.21368
4.38,1.62,2.2078,0.0092,0.00000,0.21668
4.62,1.62,2.1868,0.0114,0.00000,0.21412
4.88,1.62,2.2256,0.0113,0.00000,0.20641
5.12,1.62,2.3108,0.0073,0.00000,0.20201
5.38,1.62,2.3648,0.0060,0.00000,0.19403
5.62,1.62,2.3461,0.0090,0.00000,0.17798
5.88,1.62,2.4195,0.0145,0.00000,0.17067
6.12,1.62,2.1457,0.0178,0.00000,0.14838
6.38,1.62,2.1742,0.0136,0.00000,0.14649
6.62,1.62,2.3443,0.0698,0.00000,0.15219
6.88,1.62,2.4151,0.7904,0.00000,0.15101
7.12,1.62,2.6359,3.7336,0.00000,0.16024
7.38,1.62,1.9863,8.2820,0.00000,0.11968
2.62,1.88,1.8041,0.0052,0.00000,0.11649
2.88,1.88,2.3755,0.0175,0.00000,0.16585
3.12,1.88,1.9303,0.0288,0.00000,0.15355
3.38,1.88,1.8780,0.0221,0.00000,0.14749
3.62,1.88,2.3869,0.0140,0.00000,0.17678
3.88,1.88,2.3535,0.0130,0.00000,0.17653
4.12,1.88,2.3620,0.0103,0.00000,0.17005
4.38,1.88,2.2925,0.0078,0.00000,0.16873
4.62,1.88,2.2669,0.0087,0.00000,0.17302
4.88,1.88,2.3456,0.0104,0.00000,0.17248
5.12,1.88,2.4122,0.0111,0.00000,0.16627
5.38,1.88,2.5289,0.0182,0.00000,0.16416
5.62,1.88,2.4519,0.0268,0.00000,0.15053
5.88,1.88,2.4799,0.0245,0.00000,0.14146
6.12,1.88,2.1975,0.0181,0.00000,0.12258
6.38,1.88,2.2325,0.0145,0.00000,0.12091
6.62,1.88,2.5518,0.1225,0.00000,0.13109
6.88,1.88,2.6289,1.4204,0.00000,0.12925
7.12,1.88,2.7768,6.7118,0.00000,0.13285
7.38,1.88,2.0749,14.8886,0.00000,0.09855
2.62,2.12,1.9560,0.0031,0.00000,0.10028
2.88,2.12,2.5297,0.0105,0.00000,0.13701
3.12,2.12,2.0139,0.0170,0.00000,0.11870
3.38,2.12,1.9606,0.0132,0.00000,0.11133
3.62,2.12,2.4460,0.0098,0.00000,0.13453
3.88,2.12,2.4503,0.0105,0.00000,0.13872
4.12,2.12,2.5194,0.0104,0.00000,0.14006
4.38,2.12,2.3503,0.0092,0.00000,0.13670
4.62,2.12,2.3341,0.0109,0.00000,0.14144
4.88,2.12,2.4463,0.0152,0.00000,0.14287
5.12,2.12,2.4801,0.0216,0.00000,0.13382
5.38,2.12,2.6349,0.0362,0.00000,0.13349
5.62,2.12,2.4936,0.0496,0.00000,0.12345
5.88,2.12,2.4884,0.0365,0.00000,0.11753
6.12,2.12,2.2613,0.0173,0.00000,0.10458
6.38,2.12,2.3020,0.0141,0.00000,0.10148
6.62,2.12,2.7011,0.1584,0.00000,0.11100
6.88,2.12,2.7664,1.7862,0.00000,0.10817
7.12,2.12,2.8476,8.3858,0.00000,0.10810
7.38,2.12,2.1125,18.5841,0.00000,0.07957
2.62,2.38,1.9991,0.0052,0.00000,0.08397
2.88,2.38,2.5827,0.0175,0.00000,0.11115
3.12,2.38,2.1016,0.0277,0.00000,0.09234
3.38,2.38,2.0637,0.0187,0.00000,0.08691
3.62,2.38,2.4474,0.0083,0.00000,0.10428
3.88,2.38,2.4861,0.0067,0.00000,0.10975
4.12,2.38,2.6354,0.0082,0.00000,0.11700
4.38,2.38,2.4231,0.0104,0.00000,0.11419
4.62,2.38,2.4088,0.0148,0.00000,0.11666
4.88,2.38,2.5089,0.0202,0.00000,0.11694
5.12,2.38,2.5318,0.0266,0.00000,0.10858
5.38,2.38,2.7251,0.0366,0.00000,0.10890
5.62,2.38,2.5384,0.0457,0.00000,0.10051
5.88,2.38,2.5123,0.0325,0.00000,0.09759
6.12,2.38,2.3556,0.0158,0.00000,0.08969
6.38,2.38,2.3935,0.0344,0.00000,0.08635
6.62,2.38,2.8211,0.2511,0.00000,0.09593
6.88,2.38,2.8679,1.8371,0.00000,0.09599
7.12,2.38,2.8993,7.9199,0.00000,0.09684
7.38,2.38,2.1395,17.3362,0.00000,0.07132
2.62,2.62,2.0784,0.0209,0.00000,0.07055
2.88,2.62,2.7023,0.0697,0.00000,0.09302
3.12,2.62,2.2780,0.1090,0.00000,0.07850
3.38,2.62,2.2287,0.0667,0.00000,0.07471
3.62,2.62,2.4606,0.0166,0.00000,0.08477
3.88,2.62,2.5023,0.0044,0.00000,0.08781
4.12,2.62,2.7080,0.0057,0.00000,0.09514
4.38,2.62,2.5183,0.0096,0.00000,0.09184
4.62,2.62,2.5043,0.0147,0.00000,0.09218
4.88,2.62,2.5459,0.0174,0.00000,0.09159
5.12,2.62,2.5617,0.0176,0.00000,0.08624
5.38,2.62,2.7696,0.0194,0.00000,0.08788
5.62,2.62,2.5811,0.0239,0.00000,0.08185
5.88,2.62,2.5593,0.0196,0.00000,0.08135
6.12,2.62,2.4699,0.0197,0.00000,0.07757
6.38,2.62,2.5024,0.1224,0.00000,0.07419
6.62,2.62,2.9198,0.6405,0.00000,0.08252
6.88,2.62,2.9487,2.3926,0.00000,0.08572
7.12,2.62,2.9545,7.8514,0.00000,0.08907
7.38,2.62,2.1746,16.3726,0.00000,0.06606
2.62,2.88,2.1291,0.0345,0.00000,0.05924
2.88,2.88,2.7969,0.1148,0.00000,0.07897
3.12,2.88,2.4605,0.1796,0.00000,0.06944
3.38,2.88,2.4006,0.1095,0.00000,0.06615
3.62,2.88,2.4612,0.0256,0.00000,0.06944
3.88,2.88,2.4958,0.0043,0.00000,0.06982
4.12,2.88,2.7339,0.0066,0.00000,0.07539
4.38,2.88,2.6059,0.0121,0.00000,0.07337
4.62,2.88,2.5895,0.0146,0.00000,0.07379
4.88,2.88,2.5706,0.0136,0.00000,0.07278
5.12,2.88,2.5877,0.0089,0.00000,0.06967
5.38,2.88,2.7714,0.0063,0.00000,0.07160
5.62,2.88,2.6132,0.0080,0.00000,0.06766
5.88,2.88,2.6099,0.0090,0.00000,0.06844
6.12,2.88,2.5904,0.0220,0.00000,0.06802
6.38,2.88,2.6208,0.1945,0.00000,0.06522
6.62,2.88,2.9994,0.9179,0.00000,0.07121
6.88,2.88,3.0167,2.2506,0.00000,0.07444
7.12,2.88,3.0196,4.9102,0.00000,0.07810
7.38,2.88,2.2216,9.1642,0.00000,0.05809
2.62,3.12,2.1419,0.0211,0.00000,0.05104
2.88,3.12,2.8499,0.0701,0.00000,0.06829
3.12,3.12,2.6314,0.1100,0.00000,0.06163
3.38,3.12,2.5860,0.0682,0.00000,0.05873
3.62,3.12,2.4813,0.0172,0.00000,0.05838
3.88,3.12,2.5016,0.0048,0.00000,0.05864
4.12,3.12,2.7576,0.0097,0.00000,0.06394
4.38,3.12,2.7007,0.0172,0.00000,0.06381
4.62,3.12,2.6742,0.0164,0.00000,0.06388
4.88,3.12,2.6152,0.0108,0.00000,0.06136
5.12,3.12,2.6447,0.0054,0.00000,0.05912
5.38,3.12,2.7781,0.0031,0.00000,0.06063
5.62,3.12,2.6711,0.0044,0.00000,0.05817
5.88,3.12,2.6828,0.0068,0.00000,0.05882
6.12,3.12,2.7262,0.0160,0.00000,0.05994
6.38,3.12,2.7495,0.1229,0.00000,0.05791
6.62,3.12,3.0673,0.5503,0.00000,0.06209
6.88,3.12,3.0734,1.0723,0.00000,0.06461
7.12,3.12,3.0830,1.4530,0.00000,0.06782
7.38,3.12,2.2689,2.1305,0.00000,0.05045
2.62,3.38,2.1675,0.0050,0.00000,0.04470
2.88,3.38,2.9112,0.0162,0.00000,0.05972
3.12,3.38,2.7802,0.0260,0.00000,0.05458
3.38,3.38,2.7441,0.0189,0.00000,0.05172
3.62,3.38,2.5300,0.0094,0.00000,0.04935
3.88,3.38,2.5448,0.0063,0.00000,0.05048
4.12,3.38,2.7680,0.0087,0.00000,0.05565
4.38,3.38,2.7554,0.0146,0.00000,0.05639
4.62,3.38,2.7279,0.0151,0.00000,0.05647
4.88,3.38,2.6705,0.0105,0.00000,0.05334
5.12,3.38,2.7327,0.0070,0.00000,0.05162
5.38,3.38,2.8039,0.0056,0.00000,0.05252
5.62,3.38,2.7519,0.0091,0.00000,0.05182
5.88,3.38,2.7698,0.0136,0.00000,0.05277
6.12,3.38,2.8669,0.0145,0.00000,0.05461
6.38,3.38,2.8770,0.0520,0.00000,0.05293
6.62,3.38,3.1232,0.2161,0.00000,0.05569
6.88,3.38,3.1056,0.3712,0.00000,0.05681
7.12,3.38,3.1109,0.3035,0.00000,0.05858
7.38,3.38,2.2880,0.2322,0.00000,0.04330
2.62,3.62,2.1883,0.0006,0.00000,0.03964
2.88,3.62,2.9592,0.0018,0.00000,0.05299
3.12,3.62,2.8992,0.0050,0.00000,0.04898
3.38,3.62,2.8854,0.0128,0.00000,0.04621
3.62,3.62,2.6191,0.0193,0.00000,0.04236
3.88,3.62,2.6251,0.0136,0.00000,0.04233
4.12,3.62,2.7555,0.0076,0.00000,0.04534
4.38,3.62,2.7618,0.0086,0.00000,0.04672
4.62,3.62,2.7412,0.0115,0.00000,0.04818
4.88,3.62,2.7054,0.0125,0.00000,0.04615
5.12,3.62,2.8218,0.0113,0.00000,0.04549
5.38,3.62,2.8536,0.0085,0.00000,0.04635
5.62,3.62,2.8615,0.0126,0.00000,0.04748
5.88,3.62,2.8695,0.0182,0.00000,0.04863
6.12,3.62,2.9991,0.0159,0.00000,0.05101
6.38,3.62,2.9903,0.0492,0.00000,0.05018
6.62,3.62,3.1748,0.2025,0.00000,0.05263
6.88,3.62,3.1361,0.3346,0.00000,0.05208
7.12,3.62,3.1347,0.2182,0.00000,0.05152
7.38,3.62,2.3035,0.0714,0.00000,0.03746
2.62,3.88,2.2267,0.0001,0.00000,0.03397
2.88,3.88,3.0246,0.0005,0.00000,0.04547
3.12,3.88,3.0112,0.0044,0.00000,0.04240
3.38,3.88,3.0169,0.0183,0.00000,0.04000
3.62,3.88,2.7377,0.0305,0.00000,0.03626
3.88,3.88,2.7338,0.0217,0.00000,0.03619
4.12,3.88,2.7424,0.0105,0.00000,0.03745
4.38,3.88,2.7460,0.0074,0.00000,0.03791
4.62,3.88,2.7232,0.0095,0.00000,0.03897
4.88,3.88,2.7146,0.0122,0.00000,0.03848
5.12,3.88,2.8999,0.0109,0.00000,0.03967
5.38,3.88,2.9181,0.0076,0.00000,0.04083
5.62,3.88,2.9844,0.0094,0.00000,0.04314
5.88,3.88,2.9757,0.0118,0.00000,0.04464
6.12,3.88,3.1186,0.0105,0.00000,0.04770
6.38,3.88,3.0915,0.0401,0.00000,0.04683
6.62,3.88,3.2382,0.1658,0.00000,0.04849
6.88,3.88,3.1809,0.2723,0.00000,0.04758
7.12,3.88,3.1672,0.1767,0.00000,0.04626
7.38,3.88,2.3249,0.0559,0.00000,0.03330
2.62,4.12,2.2603,0.0003,0.00000,0.02881
2.88,4.12,3.0779,0.0007,0.00000,0.03866
3.12,4.12,3.0923,0.0035,0.00000,0.03639
3.38,4.12,3.1189,0.0124,0.00000,0.03435
3.62,4.12,2.8623,0.0201,0.00000,0.03115
3.88,4.12,2.8540,0.0166,0.00000,0.03161
4.12,4.12,2.7395,0.0110,0.00000,0.03188
4.38,4.12,2.7265,0.0068,0.00000,0.03122
4.62,4.12,2.6932,0.0056,0.00000,0.03096
4.88,4.12,2.7127,0.0067,0.00000,0.03126
5.12,4.12,2.9637,0.0061,0.00000,0.03382
5.38,4.12,2.9783,0.0053,0.00000,0.03536
5.62,4.12,3.0957,0.0061,0.00000,0.03836
5.88,4.12,3.0800,0.0057,0.00000,0.04002
6.12,4.12,3.2273,0.0051,0.00000,0.04316
6.38,4.12,3.1778,0.0178,0.00000,0.04170
6.62,4.12,3.3031,0.0688,0.00000,0.04230
6.88,4.12,3.2385,0.1154,0.00000,0.04176
7.12,4.12,3.2198,0.0925,0.00000,0.04132
7.38,4.12,2.3633,0.0650,0.00000,0.03003
2.62,4.38,2.2841,0.0012,0.00000,0.02605
2.88,4.38,3.1156,0.0018,0.00000,0.03496
3.12,4.38,3.1514,0.0028,0.00000,0.03295
3.38,4.38,3.2031,0.0050,0.00000,0.03092
3.62,4.38,2.9759,0.0064,0.00000,0.02768
3.88,4.38,2.9595,0.0061,0.00000,0.02748
4.12,4.38,2.7474,0.0056,0.00000,0.02670
4.38,4.38,2.7258,0.0033,0.00000,0.02626
4.62,4.38,2.6805,0.0019,0.00000,0.02582
4.88,4.38,2.7097,0.0023,0.00000,0.02595
5.12,4.38,3.0017,0.0030,0.00000,0.02861
5.38,4.38,3.0277,0.0034,0.00000,0.03041
5.62,4.38,3.1905,0.0039,0.00000,0.03357
5.88,4.38,3.1631,0.0036,0.00000,0.03415
6.12,4.38,3.3043,0.0034,0.00000,0.03625
6.38,4.38,3.2442,0.0056,0.00000,0.03579
6.62,4.38,3.3651,0.0190,0.00000,0.03714
6.88,4.38,3.2880,0.0737,0.00000,0.03653
7.12,4.38,3.2557,0.2527,0.00000,0.03625
7.38,4.38,2.3879,0.5268,0.00000,0.02652
2.62,4.62,2.3137,0.0024,0.00000,0.02397
2.88,4.62,3.1566,0.0028,0.00000,0.03216
3.12,4.62,3.1978,0.0024,0.00000,0.03041
3.38,4.62,3.2623,0.0021,0.00000,0.02856
3.62,4.62,3.0665,0.0015,0.00000,0.02542
3.88,4.62,3.0541,0.0012,0.00000,0.02518
4.12,4.62,2.7749,0.0013,0.00000,0.02416
4.38,4.62,2.7398,0.0011,0.00000,0.02344
4.62,4.62,2.6835,0.0012,0.00000,0.02274
4.88,4.62,2.7231,0.0016,0.00000,0.02313
5.12,4.62,3.0391,0.0028,0.00000,0.02578
5.38,4.62,3.0700,0.0040,0.00000,0.02669
5.62,4.62,3.2516,0.0036,0.00000,0.02885
5.88,4.62,3.2142,0.0030,0.00000,0.02904
6.12,4.62,3.3543,0.0031,0.00000,0.03109
6.38,4.62,3.2901,0.0036,0.00000,0.03194
6.62,4.62,3.4115,0.0259,0.00000,0.03434
6.88,4.62,3.3317,0.2739,0.00000,0.03348
7.12,4.62,3.2962,1.2724,0.00000,0.03275
7.38,4.62,2.4178,2.8103,0.00000,0.02392
2.62,4.88,2.3255,0.0177,0.00000,0.02150
2.88,4.88,3.1758,0.0091,0.00000,0.02900
3.12,4.88,3.2299,0.0031,0.00000,0.02804
3.38,4.88,3.3149,0.0015,0.00000,0.02698
3.62,4.88,3.1431,0.0009,0.00000,0.02407
3.88,4.88,3.1351,0.0006,0.00000,0.02404
4.12,4.88,2.8225,0.0008,0.00000,0.02335
4.38,4.88,2.7786,0.0024,0.00000,0.02237
4.62,4.88,2.7083,0.0043,0.00000,0.02137
4.88,4.88,2.7542,0.0050,0.00000,0.02183
5.12,4.88,3.0752,0.0083,0.00000,0.02425
5.38,4.88,3.1092,0.0123,0.00000,0.02424
5.62,4.88,3.3003,0.0102,0.00000,0.02538
5.88,4.88,3.2567,0.0079,0.00000,0.02577
6.12,4.88,3.3939,0.0067,0.00000,0.02820
6.38,4.88,3.3279,0.0077,0.00000,0.02949
6.62,4.88,3.4543,0.0633,0.00000,0.03216
6.88,4.88,3.3775,0.6771,0.00000,0.03149
7.12,4.88,3.3440,3.1492,0.00000,0.03086
7.38,4.88,2.4538,6.9590,0.00000,0.02256
2.62,5.12,2.3505,0.2101,0.00000,0.01963
2.88,5.12,3.2097,0.0954,0.00000,0.02653
3.12,5.12,3.2622,0.0212,0.00000,0.02586
3.38,5.12,3.3522,0.0034,0.00000,0.02516
3.62,5.12,3.1953,0.0019,0.00000,0.02258
3.88,5.12,3.1930,0.0018,0.00000,0.02208
4.12,5.12,2.8835,0.0021,0.00000,0.02097
4.38,5.12,2.8412,0.0051,0.00000,0.02089
4.62,5.12,2.7483,0.0099,0.00000,0.02078
4.88,5.12,2.7925,0.0125,0.00000,0.02098
5.12,5.12,3.1027,0.0171,0.00000,0.02272
5.38,5.12,3.1388,0.0239,0.00000,0.02237
5.62,5.12,3.3335,0.0268,0.00000,0.02320
5.88,5.12,3.2909,0.0297,0.00000,0.02388
6.12,5.12,3.4267,0.0250,0.00000,0.02636
6.38,5.12,3.3601,0.0260,0.00000,0.02718
6.62,5.12,3.4888,0.1096,0.00000,0.02933
6.88,5.12,3.4095,0.9122,0.00000,0.02910
7.12,5.12,3.3726,4.0779,0.00000,0.02894
7.38,5.12,2.4743,8.9491,0.00000,0.02124
2.62,5.38,2.3711,1.0620,0.00000,0.01822
2.88,5.38,3.2386,0.4803,0.00000,0.02461
3.12,5.38,3.2877,0.1030,0.00000,0.02379
3.38,5.38,3.3779,0.0106,0.00000,0.02302
3.62,5.38,3.2294,0.0036,0.00000,0.02108
3.88,5.38,3.2335,0.0042,0.00000,0.02056
4.12,5.38,2.9530,0.0042,0.00000,0.01891
4.38,5.38,2.9159,0.0068,0.00000,0.01909
4.62,5.38,2.7935,0.0133,0.00000,0.01944
4.88,5.38,2.8403,0.0188,0.00000,0.01984
5.12,5.38,3.1387,0.0226,0.00000,0.02136
5.38,5.38,3.1707,0.0309,0.00000,0.02102
5.62,5.38,3.3517,0.0510,0.00000,0.02200
5.88,5.38,3.3143,0.0729,0.00000,0.02317
6.12,5.38,3.4546,0.0681,0.00000,0.02579
6.38,5.38,3.3867,0.0745,0.00000,0.02644
6.62,5.38,3.5139,0.1736,0.00000,0.02844
6.88,5.38,3.4445,0.8690,0.00000,0.02854
7.12,5.38,3.4148,3.4632,0.00000,0.02866
7.38,5.38,2.5059,7.4350,0.00000,0.02114
2.62,5.62,2.3910,2.3888,0.00000,0.01715
2.88,5.62,3.2686,1.0823,0.00000,0.02329
3.12,5.62,3.3184,0.2330,0.00000,0.02283
3.38,5.62,3.4095,0.0241,0.00000,0.02239
3.62,5.62,3.2630,0.0086,0.00000,0.02056
3.88,5.62,3.2702,0.0091,0.00000,0.01988
4.12,5.62,3.0292,0.0090,0.00000,0.01825
4.38,5.62,3.0020,0.0103,0.00000,0.01817
4.62,5.62,2.8562,0.0159,0.00000,0.01807
4.88,5.62,2.9061,0.0245,0.00000,0.01870
5.12,5.62,3.1833,0.0330,0.00000,0.02053
5.38,5.62,3.2144,0.0447,0.00000,0.02069
5.62,5.62,3.3768,0.0742,0.00000,0.02200
5.88,5.62,3.3358,0.1128,0.00000,0.02348
6.12,5.62,3.4700,0.1294,0.00000,0.02636
6.38,5.62,3.4068,0.1599,0.00000,0.02722
6.62,5.62,3.5363,0.2590,0.00000,0.02925
6.88,5.62,3.4766,0.8546,0.00000,0.02935
7.12,5.62,3.4477,2.9857,0.00000,0.02952
7.38,5.62,2.5274,6.2084,0.00000,0.02190
2.62,5.88,2.4126,3.0255,0.00000,0.01674
2.88,5.88,3.3007,1.3779,0.00000,0.02285
3.12,5.88,3.3483,0.3037,0.00000,0.02275
3.38,5.88,3.4384,0.0389,0.00000,0.02262
3.62,5.88,3.3001,0.0210,0.00000,0.02051
3.88,5.88,3.3149,0.0222,0.00000,0.01942
4.12,5.88,3.1048,0.0230,0.00000,0.01818
4.38,5.88,3.0850,0.0218,0.00000,0.01823
4.62,5.88,2.9376,0.0252,0.00000,0.01792
4.88,5.88,2.9943,0.0379,0.00000,0.01891
5.12,5.88,3.2354,0.0532,0.00000,0.02119
5.38,5.88,3.2636,0.0659,0.00000,0.02176
5.62,5.88,3.4032,0.0914,0.00000,0.02326
5.88,5.88,3.3670,0.1396,0.00000,0.02523
6.12,5.88,3.4958,0.1973,0.00000,0.02856
6.38,5.88,3.4327,0.2614,0.00000,0.02867
6.62,5.88,3.5586,0.3394,0.00000,0.02954
6.88,5.88,3.5183,0.8951,0.00000,0.02958
7.12,5.88,3.4952,2.8956,0.00000,0.03000
7.38,5.88,2.5586,5.8461,0.00000,0.02241
2.62,6.12,2.4232,3.1063,0.00000,0.01665
2.88,6.12,3.3190,1.4321,0.00000,0.02276
3.12,6.12,3.3704,0.3372,0.00000,0.02240
3.38,6.12,3.4657,0.0604,0.00000,0.02187
3.62,6.12,3.3378,0.0393,0.00000,0.01979
3.88,6.12,3.3608,0.0425,0.00000,0.01899
4.12,6.12,3.1771,0.0481,0.00000,0.01857
4.38,6.12,3.1715,0.0459,0.00000,0.01900
4.62,6.12,3.0363,0.0481,0.00000,0.01881
4.88,6.12,3.0903,0.0636,0.00000,0.02025
5.12,6.12,3.2828,0.0826,0.00000,0.02272
5.38,6.12,3.3200,0.0949,0.00000,0.02339
5.62,6.12,3.4429,0.1223,0.00000,0.02503
5.88,6.12,3.4105,0.1825,0.00000,0.02747
6.12,6.12,3.5251,0.2652,0.00000,0.03091
6.38,6.12,3.4664,0.3518,0.00000,0.03013
6.62,6.12,3.5939,0.4548,0.00000,0.03008
6.88,6.12,3.5662,1.0257,0.00000,0.03027
7.12,6.12,3.5338,2.8614,0.00000,0.03082
7.38,6.12,2.5817,5.4422,0.00000,0.02301
2.62,6.38,2.4444,3.3543,0.00000,0.01748
2.88,6.38,3.3489,1.5800,0.00000,0.02383
3.12,6.38,3.3960,0.4150,0.00000,0.02293
3.38,6.38,3.4871,0.1045,0.00000,0.02161
3.62,6.38,3.3731,0.0708,0.00000,0.01954
3.88,6.38,3.4128,0.0710,0.00000,0.01946
4.12,6.38,3.2476,0.0803,0.00000,0.01992
4.38,6.38,3.2528,0.0838,0.00000,0.02056
4.62,6.38,3.1391,0.0926,0.00000,0.02046
4.88,6.38,3.2011,0.1131,0.00000,0.02203
5.12,6.38,3.3445,0.1381,0.00000,0.02432
5.38,6.38,3.3794,0.1515,0.00000,0.02482
5.62,6.38,3.4754,0.1841,0.00000,0.02611
5.88,6.38,3.4541,0.2563,0.00000,0.02806
6.12,6.38,3.5603,0.3508,0.00000,0.03084
6.38,6.38,3.5075,0.4637,0.00000,0.03064
6.62,6.38,3.6331,0.6638,0.00000,0.03158
6.88,6.38,3.6281,1.3690,0.00000,0.03234
7.12,6.38,3.5966,3.1922,0.00000,0.03263
7.38,6.38,2.6295,5.6025,0.00000,0.02404
2.62,6.62,2.4574,3.8943,0.00000,0.01849
2.88,6.62,3.3685,1.8840,0.00000,0.02510
3.12,6.62,3.4193,0.5570,0.00000,0.02396
3.38,6.62,3.5106,0.1892,0.00000,0.02250
3.62,6.62,3.4040,0.1434,0.00000,0.02065
3.88,6.62,3.4555,0.1282,0.00000,0.02106
4.12,6.62,3.3106,0.1283,0.00000,0.02180
4.38,6.62,3.3313,0.1386,0.00000,0.02231
4.62,6.62,3.2319,0.1578,0.00000,0.02197
4.88,6.62,3.3068,0.1879,0.00000,0.02356
5.12,6.62,3.4124,0.2271,0.00000,0.02581
5.38,6.62,3.4423,0.2459,0.00000,0.02603
5.62,6.62,3.5062,0.2822,0.00000,0.02665
5.88,6.62,3.4976,0.3623,0.00000,0.02838
6.12,6.62,3.5968,0.4641,0.00000,0.03126
6.38,6.62,3.5596,0.6066,0.00000,0.03247
6.62,6.62,3.6847,0.9119,0.00000,0.03478
6.88,6.62,3.6898,1.8269,0.00000,0.03549
7.12,6.62,3.6513,3.9602,0.00000,0.03506
7.38,6.62,2.6728,6.6732,0.00000,0.02559
2.62,6.88,2.4729,4.6987,0.00000,0.01768
2.88,6.88,3.3885,2.3160,0.00000,0.02401
3.12,6.88,3.4403,0.7310,0.00000,0.02340
3.38,6.88,3.5319,0.2855,0.00000,0.02273
3.62,6.88,3.4292,0.2353,0.00000,0.02137
3.88,6.88,3.4817,0.2137,0.00000,0.02173
4.12,6.88,3.3501,0.2113,0.00000,0.02246
4.38,6.88,3.3908,0.2224,0.00000,0.02349
4.62,6.88,3.3089,0.2439,0.00000,0.02308
4.88,6.88,3.3986,0.2812,0.00000,0.02470
5.12,6.88,3.4714,0.3317,0.00000,0.02688
5.38,6.88,3.4987,0.3636,0.00000,0.02704
5.62,6.88,3.5424,0.4169,0.00000,0.02735
5.88,6.88,3.5439,0.5032,0.00000,0.02959
6.12,6.88,3.6258,0.5989,0.00000,0.03364
6.38,6.88,3.6093,0.7562,0.00000,0.03673
6.62,6.88,3.7367,1.1255,0.00000,0.03991
6.88,6.88,3.7515,2.1952,0.00000,0.03973
7.12,6.88,3.7087,4.6435,0.00000,0.03843
7.38,6.88,2.7145,7.6525,0.00000,0.02803
2.62,7.12,2.4799,5.3290,0.00000,0.01807
2.88,7.12,3.4015,2.6565,0.00000,0.02444
3.12,7.12,3.4594,0.8495,0.00000,0.02358
3.38,7.12,3.5533,0.3425,0.00000,0.02267
3.62,7.12,3.4512,0.3036,0.00000,0.02112
3.88,7.12,3.5026,0.3171,0.00000,0.02132
4.12,7.12,3.3795,0.3534,0.00000,0.02261
4.38,7.12,3.4409,0.3532,0.00000,0.02472
4.62,7.12,3.3808,0.3634,0.00000,0.02496
4.88,7.12,3.4812,0.3981,0.00000,0.02686
5.12,7.12,3.5216,0.4388,0.00000,0.02817
5.38,7.12,3.5466,0.4867,0.00000,0.02802
5.62,7.12,3.5795,0.5769,0.00000,0.02846
5.88,7.12,3.5923,0.6792,0.00000,0.03144
6.12,7.12,3.6585,0.7804,0.00000,0.03665
6.38,7.12,3.6608,0.9614,0.00000,0.04182
6.62,7.12,3.7872,1.3631,0.00000,0.04577
6.88,7.12,3.8146,2.4560,0.00000,0.04407
7.12,7.12,3.7602,4.8597,0.00000,0.04129
7.38,7.12,2.7396,7.6413,0.00000,0.02977
2.62,7.38,2.4939,5.6988,0.00000,0.02029
2.88,7.38,3.4249,2.9023,0.00000,0.02731
3.12,7.38,3.4819,0.9700,0.00000,0.02557
3.38,7.38,3.5665,0.4099,0.00000,0.02353
3.62,7.38,3.4652,0.3692,0.00000,0.02128
3.88,7.38,3.5273,0.4195,0.00000,0.02122
4.12,7.38,3.4156,0.5034,0.00000,0.02270
4.38,7.38,3.4956,0.4928,0.00000,0.02529
4.62,7.38,3.4498,0.4949,0.00000,0.02654
4.88,7.38,3.5491,0.5269,0.00000,0.02894
5.12,7.38,3.5661,0.5578,0.00000,0.02954
5.38,7.38,3.6017,0.6318,0.00000,0.02980
5.62,7.38,3.6245,0.7608,0.00000,0.03047
5.88,7.38,3.6421,0.8736,0.00000,0.03340
6.12,7.38,3.6980,0.9953,0.00000,0.03926
6.38,7.38,3.7088,1.2194,0.00000,0.04673
6.62,7.38,3.8294,1.6610,0.00000,0.05179
6.88,7.38,3.8821,2.7282,0.00000,0.04813
7.12,7.38,3.8197,4.8807,0.00000,0.04299
7.38,7.38,2.7639,7.1361,0.00000,0.03026
2.62,7.62,2.5109,6.5366,0.00000,0.02207
2.88,7.62,3.4490,3.4159,0.00000,0.02977
3.12,7.62,3.5033,1.2311,0.00000,0.02784
3.38,7.62,3.5747,0.5438,0.00000,0.02526
3.62,7.62,3.4741,0.4489,0.00000,0.02214
3.88,7.62,3.5560,0.4917,0.00000,0.02147
4.12,7.62,3.4556,0.5964,0.00000,0.02307
4.38,7.62,3.5440,0.6046,0.00000,0.02632
4.62,7.62,3.5076,0.6216,0.00000,0.02775
4.88,7.62,3.6104,0.6666,0.00000,0.02998
5.12,7.62,3.6113,0.7247,0.00000,0.03146
5.38,7.62,3.6560,0.8477,0.00000,0.03365
5.62,7.62,3.6676,1.0169,0.00000,0.03381
5.88,7.62,3.6901,1.1234,0.00000,0.03552
6.12,7.62,3.7384,1.2484,0.00000,0.04183
6.38,7.62,3.7516,1.5166,0.00000,0.05076
6.62,7.62,3.8657,2.0513,0.00000,0.05670
6.88,7.62,3.9421,3.1699,0.00000,0.05216
7.12,7.62,3.8734,5.1505,0.00000,0.04500
7.38,7.62,2.7894,6.9657,0.00000,0.03080
2.62,7.88,2.5263,7.7115,0.00000,0.02404
2.88,7.88,3.4709,4.1051,0.00000,0.03253
3.12,7.88,3.5270,1.5633,0.00000,0.03076
3.38,7.88,3.5943,0.7321,0.00000,0.02817
3.62,7.88,3.4895,0.5992,0.00000,0.02437
3.88,7.88,3.5773,0.6368,0.00000,0.02338
4.12,7.88,3.4922,0.7549,0.00000,0.02590
4.38,7.88,3.5998,0.7641,0.00000,0.03030
4.62,7.88,3.5612,0.7660,0.00000,0.03017
4.88,7.88,3.6568,0.8248,0.00000,0.03059
5.12,7.88,3.6488,0.9427,0.00000,0.03324
5.38,7.88,3.7054,1.1427,0.00000,0.03772
5.62,7.88,3.7030,1.3834,0.00000,0.03799
5.88,7.88,3.7238,1.4828,0.00000,0.03908
6.12,7.88,3.7665,1.5957,0.00000,0.04572
6.38,7.88,3.7914,1.9194,0.00000,0.05480
6.62,7.88,3.8999,2.5888,0.00000,0.06058
6.88,7.88,3.9847,3.8519,0.00000,0.05520
7.12,7.88,3.9088,5.9189,0.00000,0.04604
7.38,7.88,2.8182,7.6602,0.00000,0.03073
2.62,8.12,2.5401,8.1941,0.00000,0.02715
2.88,8.12,3.4913,4.4276,0.00000,0.03687
3.12,8.12,3.5466,1.7397,0.00000,0.03543
3.38,8.12,3.6153,0.9278,0.00000,0.03326
3.62,8.12,3.5121,0.8808,0.00000,0.02911
3.88,8.12,3.6004,0.9384,0.00000,0.02811
4.12,8.12,3.5254,1.0657,0.00000,0.03169
4.38,8.12,3.6441,1.0361,0.00000,0.03671
4.62,8.12,3.6004,0.9653,0.00000,0.03382
4.88,8.12,3.6975,1.0077,0.00000,0.03165
5.12,8.12,3.6813,1.1772,0.00000,0.03409
5.38,8.12,3.7414,1.4723,0.00000,0.03988
5.62,8.12,3.7325,1.8301,0.00000,0.04216
5.88,8.12,3.7542,1.9441,0.00000,0.04397
6.12,8.12,3.7894,2.0678,0.00000,0.05072
6.38,8.12,3.8306,2.4811,0.00000,0.06025
6.62,8.12,3.9374,3.2858,0.00000,0.06552
6.88,8.12,4.0304,4.6947,0.00000,0.05749
7.12,8.12,3.9495,6.9097,0.00000,0.04497
7.38,8.12,2.8569,8.6838,0.00000,0.02903
2.62,8.38,2.5449,8.8111,0.00000,0.03103
2.88,8.38,3.4985,4.7970,0.00000,0.04242
3.12,8.38,3.5637,1.9024,0.00000,0.04220
3.38,8.38,3.6501,1.1479,0.00000,0.04149
3.62,8.38,3.5432,1.2322,0.00000,0.03668
3.88,8.38,3.6153,1.3083,0.00000,0.03509
4.12,8.38,3.5444,1.4451,0.00000,0.03934
4.38,8.38,3.6667,1.3784,0.00000,0.04446
4.62,8.38,3.6222,1.2198,0.00000,0.03849
4.88,8.38,3.7364,1.2357,0.00000,0.03407
5.12,8.38,3.7167,1.4536,0.00000,0.03630
5.38,8.38,3.7727,1.8533,0.00000,0.04291
5.62,8.38,3.7553,2.3389,0.00000,0.04626
5.88,8.38,3.7732,2.4929,0.00000,0.04811
6.12,8.38,3.8010,2.6879,0.00000,0.05556
6.38,8.38,3.8672,3.2447,0.00000,0.06635
6.62,8.38,3.9798,4.1554,0.00000,0.07037
6.88,8.38,4.0856,5.6547,0.00000,0.05985
7.12,8.38,3.9948,8.0341,0.00000,0.04429
7.38,8.38,2.8952,9.9073,0.00000,0.02750
2.62,8.62,2.5609,9.9656,0.00000,0.03550
2.88,8.62,3.5153,5.5054,0.00000,0.04911
3.12,8.62,3.5822,2.2703,0.00000,0.05152
3.38,8.62,3.6802,1.4324,0.00000,0.05351
3.62,8.62,3.5758,1.5263,0.00000,0.04737
3.88,8.62,3.6364,1.6216,0.00000,0.04460
4.12,8.62,3.5598,1.7992,0.00000,0.04898
4.38,8.62,3.6709,1.7372,0.00000,0.05370
4.62,8.62,3.6289,1.5399,0.00000,0.04430
4.88,8.62,3.7716,1.5586,0.00000,0.03787
5.12,8.62,3.7505,1.8333,0.00000,0.04076
5.38,8.62,3.8007,2.3283,0.00000,0.04811
5.62,8.62,3.7712,2.9392,0.00000,0.05068
5.88,8.62,3.7868,3.1768,0.00000,0.05229
6.12,8.62,3.8095,3.5032,0.00000,0.06200
6.38,8.62,3.8844,4.2475,0.00000,0.07484
6.62,8.62,3.9960,5.2538,0.00000,0.07625
6.88,8.62,4.1406,6.8623,0.00000,0.06328
7.12,8.62,4.0603,9.6254,0.00000,0.04515
7.38,8.62,2.9548,11.9520,0.00000,0.02705
2.62,8.88,2.5753,10.6723,0.00000,0.04148
2.88,8.88,3.5300,6.1622,0.00000,0.05819
3.12,8.88,3.6001,2.8459,0.00000,0.06449
3.38,8.88,3.7066,1.8517,0.00000,0.07013
3.62,8.88,3.6048,1.8160,0.00000,0.06224
3.88,8.88,3.6635,1.9347,0.00000,0.05817
4.12,8.88,3.5819,2.1802,0.00000,0.06223
4.38,8.88,3.6776,2.1353,0.00000,0.06620
4.62,8.88,3.6334,1.9290,0.00000,0.05273
4.88,8.88,3.7938,1.9745,0.00000,0.04412
5.12,8.88,3.7689,2.3089,0.00000,0.04769
5.38,8.88,3.8203,2.8706,0.00000,0.05525
5.62,8.88,3.7859,3.6184,0.00000,0.05695
5.88,8.88,3.8061,4.0058,0.00000,0.05919
6.12,8.88,3.8214,4.4811,0.00000,0.07158
6.38,8.88,3.8957,5.4059,0.00000,0.08663
6.62,8.88,4.0071,6.5217,0.00000,0.08427
6.88,8.88,4.1767,8.2291,0.00000,0.06663
7.12,8.88,4.0910,11.2228,0.00000,0.04535
7.38,8.88,2.9862,13.7388,0.00000,0.02648
2.62,9.12,2.5946,11.1238,0.00000,0.04994
2.88,9.12,3.5497,6.8115,0.00000,0.07095
3.12,9.12,3.6166,3.5798,0.00000,0.08207
3.38,9.12,3.7259,2.4061,0.00000,0.09204
3.62,9.12,3.6300,2.1786,0.00000,0.08193
3.88,9.12,3.6937,2.3395,0.00000,0.07612
4.12,9.12,3.6050,2.6853,0.00000,0.07940
4.38,9.12,3.6890,2.6404,0.00000,0.08255
4.62,9.12,3.6427,2.3908,0.00000,0.06358
4.88,9.12,3.8119,2.4376,0.00000,0.05145
5.12,9.12,3.7863,2.8231,0.00000,0.05597
5.38,9.12,3.8406,3.4382,0.00000,0.06422
5.62,9.12,3.8028,4.3195,0.00000,0.06568
5.88,9.12,3.8304,4.8709,0.00000,0.06971
6.12,9.12,3.8405,5.4705,0.00000,0.08440
6.38,9.12,3.9150,6.5616,0.00000,0.10069
6.62,9.12,4.0215,7.8422,0.00000,0.09423
6.88,9.12,4.2121,9.6541,0.00000,0.07103
7.12,9.12,4.1336,12.6224,0.00000,0.04609
7.38,9.12,3.0379,14.8355,0.00000,0.02628
2.62,9.38,2.6017,11.3118,0.00000,0.06012
2.88,9.38,3.5572,7.3741,0.00000,0.08630
3.12,9.38,3.6307,4.3587,0.00000,0.10307
3.38,9.38,3.7485,3.0745,0.00000,0.11809
3.62,9.38,3.6511,2.6899,0.00000,0.10559
3.88,9.38,3.7180,2.8949,0.00000,0.09771
4.12,9.38,3.6305,3.3467,0.00000,0.09979
4.38,9.38,3.7145,3.2932,0.00000,0.10215
4.62,9.38,3.6626,2.9649,0.00000,0.07620
4.88,9.38,3.8244,2.9622,0.00000,0.05817
5.12,9.38,3.7947,3.3788,0.00000,0.06407
5.38,9.38,3.8515,4.0846,0.00000,0.07528
5.62,9.38,3.8170,5.1076,0.00000,0.07714
5.88,9.38,3.8517,5.7492,0.00000,0.08327
6.12,9.38,3.8511,6.3930,0.00000,0.09972
6.38,9.38,3.9304,7.6341,0.00000,0.11611
6.62,9.38,4.0374,9.1898,0.00000,0.10581
6.88,9.38,4.2313,11.2658,0.00000,0.07764
7.12,9.38,4.1472,14.4549,0.00000,0.04764
7.38,9.38,3.0888,16.7724,0.00000,0.02536
2.62,9.62,2.6078,10.7071,0.00000,0.07097
2.88,9.62,3.5648,7.5334,0.00000,0.10312
3.12,9.62,3.6405,5.0178,0.00000,0.12710
3.38,9.62,3.7596,3.8560,0.00000,0.14888
3.62,9.62,3.6630,3.4577,0.00000,0.13421
3.88,9.62,3.7408,3.6266,0.00000,0.12382
4.12,9.62,3.6571,4.1067,0.00000,0.12348
4.38,9.62,3.7409,4.1016,0.00000,0.12445
4.62,9.62,3.6823,3.7382,0.00000,0.09134
4.88,9.62,3.8253,3.6320,0.00000,0.06657
5.12,9.62,3.7903,4.0347,0.00000,0.07371
5.38,9.62,3.8542,4.8336,0.00000,0.08921
5.62,9.62,3.8204,6.0020,0.00000,0.09154
5.88,9.62,3.8646,6.7357,0.00000,0.09843
6.12,9.62,3.8660,7.4244,0.00000,0.11401
6.38,9.62,3.9507,8.7602,0.00000,0.12758
6.62,9.62,4.0464,10.5844,0.00000,0.11335
6.88,9.62,4.2368,13.0464,0.00000,0.08240
7.12,9.62,4.1632,16.7823,0.00000,0.04822
7.38,9.62,3.1623,19.6732,0.00000,0.02360
2.62,9.88,2.6143,10.1099,0.00000,0.08179
2.88,9.88,3.5760,7.6233,0.00000,0.12084
3.12,9.88,3.6496,5.5690,0.00000,0.15459
3.38,9.88,3.7631,4.7228,0.00000,0.18607
3.62,9.88,3.6694,4.4856,0.00000,0.16887
3.88,9.88,3.7578,4.5373,0.00000,0.15439
4.12,9.88,3.6745,4.9731,0.00000,0.14966
4.38,9.88,3.7559,5.0885,0.00000,0.14798
4.62,9.88,3.6974,4.7511,0.00000,0.10799
4.88,9.88,3.8287,4.5290,0.00000,0.07744
5.12,9.88,3.7883,4.9140,0.00000,0.08589
5.38,9.88,3.8589,5.7813,0.00000,0.10582
5.62,9.88,3.8251,7.0548,0.00000,0.10850
5.88,9.88,3.8732,7.8607,0.00000,0.11488
6.12,9.88,3.8754,8.6373,0.00000,0.12872
6.38,9.88,3.9642,10.0806,0.00000,0.13994
6.62,9.88,4.0571,12.1271,0.00000,0.12224
6.88,9.88,4.2467,14.9045,0.00000,0.08790
7.12,9.88,4.1672,18.9721,0.00000,0.04942
7.38,9.88,3.1962,22.0394,0.00000,0.02257
2.62,10.12,2.6237,10.4732,0.00000,0.09477
2.88,10.12,3.5922,8.2373,0.00000,0.14149
3.12,10.12,3.6631,6.3570,0.00000,0.18595
3.38,10.12,3.7678,5.6716,0.00000,0.22826
3.62,10.12,3.6753,5.5083,0.00000,0.20796
3.88,10.12,3.7726,5.5163,0.00000,0.18918
4.12,10.12,3.6894,6.0213,0.00000,0.18011
4.38,10.12,3.7652,6.2588,0.00000,0.17583
4.62,10.12,3.7037,5.9088,0.00000,0.12746
4.88,10.12,3.8313,5.5999,0.00000,0.09006
5.12,10.12,3.7926,6.0218,0.00000,0.09901
5.38,10.12,3.8691,6.9216,0.00000,0.12258
5.62,10.12,3.8311,8.2177,0.00000,0.12462
5.88,10.12,3.8805,9.0522,0.00000,0.12895
6.12,10.12,3.8835,9.9138,0.00000,0.14144
6.38,10.12,3.9669,11.4879,0.00000,0.15324
6.62,10.12,4.0555,13.7580,0.00000,0.13346
6.88,10.12,4.2723,16.8128,0.00000,0.09406
7.12,10.12,4.2042,21.0383,0.00000,0.05106
7.38,10.12,3.2408,23.9224,0.00000,0.02238
2.62,10.38,2.6340,12.9851,0.00000,0.11081
2.88,10.38,3.6045,9.9167,0.00000,0.16659
3.12,10.38,3.6754,7.4938,0.00000,0.22386
3.38,10.38,3.7784,6.6245,0.00000,0.27836
3.62,10.38,3.6885,6.3808,0.00000,0.25326
3.88,10.38,3.7884,6.5487,0.00000,0.22964
4.12,10.38,3.7032,7.3417,0.00000,0.21652
4.38,10.38,3.7769,7.6268,0.00000,0.20949
4.62,10.38,3.7151,7.1295,0.00000,0.15010
4.88,10.38,3.8376,6.6562,0.00000,0.10283
5.12,10.38,3.7955,7.0991,0.00000,0.11070
5.38,10.38,3.8744,8.0692,0.00000,0.13690
5.62,10.38,3.8425,9.4161,0.00000,0.13869
5.88,10.38,3.9079,10.3241,0.00000,0.14137
6.12,10.38,3.8968,11.2533,0.00000,0.15056
6.38,10.38,3.9528,12.9706,0.00000,0.16180
6.62,10.38,4.0452,15.5158,0.00000,0.14381
6.88,10.38,4.2950,18.8523,0.00000,0.10276
7.12,10.38,4.2255,23.4033,0.00000,0.05489
7.38,10.38,3.2662,26.3938,0.00000,0.02317
2.62,10.62,2.6463,18.2523,0.00000,0.12818
2.88,10.62,3.6127,12.8619,0.00000,0.19400
3.12,10.62,3.6842,8.9451,0.00000,0.26542
3.38,10.62,3.7900,7.7021,0.00000,0.33203
3.62,10.62,3.6981,7.4425,0.00000,0.30096
3.88,10.62,3.7908,7.9224,0.00000,0.27301
4.12,10.62,3.7096,9.0745,0.00000,0.25715
4.38,10.62,3.7904,9.1934,0.00000,0.24631
4.62,10.62,3.7297,8.3636,0.00000,0.17360
4.88,10.62,3.8432,7.6283,0.00000,0.11469
5.12,10.62,3.7969,8.0422,0.00000,0.11998
5.38,10.62,3.8788,9.2068,0.00000,0.14817
5.62,10.62,3.8488,10.7525,0.00000,0.15129
5.88,10.62,3.9262,11.7673,0.00000,0.15468
6.12,10.62,3.9088,12.7348,0.00000,0.16030
6.38,10.62,3.9423,14.5657,0.00000,0.16851
6.62,10.62,4.0279,17.3115,0.00000,0.15127
6.88,10.62,4.3081,20.9291,0.00000,0.11110
7.12,10.62,4.2550,25.9670,0.00000,0.05962
7.38,10.62,3.3147,29.2789,0.00000,0.02444
2.62,10.88,2.6596,22.9408,0.00000,0.14570
2.88,10.88,3.6237,15.7299,0.00000,0.22109
3.12,10.88,3.6920,10.7011,0.00000,0.30587
3.38,10.88,3.7917,9.1513,0.00000,0.38311
3.62,10.88,3.7011,8.8729,0.00000,0.34506
3.88,10.88,3.7983,9.5585,0.00000,0.31365
4.12,10.88,3.7211,10.9119,0.00000,0.29797
4.38,10.88,3.8014,10.7015,0.00000,0.28319
4.62,10.88,3.7411,9.4664,0.00000,0.19622
4.88,10.88,3.8488,8.5774,0.00000,0.12651
5.12,10.88,3.7948,9.0231,0.00000,0.12891
5.38,10.88,3.8752,10.3867,0.00000,0.15778
5.62,10.88,3.8448,12.2036,0.00000,0.16164
5.88,10.88,3.9255,13.4181,0.00000,0.16543
6.12,10.88,3.9053,14.4904,0.00000,0.16683
6.38,10.88,3.9380,16.3722,0.00000,0.17141
6.62,10.88,4.0210,19.1637,0.00000,0.15663
6.88,10.88,4.3134,22.9870,0.00000,0.12094
7.12,10.88,4.2570,28.2896,0.00000,0.06624
7.38,10.88,3.3376,31.5650,0.00000,0.02631
2.62,11.12,2.6666,26.0337,0.00000,0.16302
2.88,11.12,3.6270,18.0280,0.00000,0.24698
3.12,11.12,3.6997,12.5915,0.00000,0.34513
3.38,11.12,3.7966,10.7513,0.00000,0.43452
3.62,11.12,3.7029,10.2471,0.00000,0.38843
3.88,11.12,3.7972,10.8700,0.00000,0.35083
4.12,11.12,3.7256,12.2255,0.00000,0.33572
4.38,11.12,3.8194,11.8419,0.00000,0.31960
4.62,11.12,3.7618,10.3809,0.00000,0.21964
4.88,11.12,3.8579,9.5105,0.00000,0.13961
5.12,11.12,3.7958,10.0783,0.00000,0.14020
5.38,11.12,3.8664,11.5866,0.00000,0.16969
5.62,11.12,3.8287,13.6594,0.00000,0.17230
5.88,11.12,3.9093,15.1746,0.00000,0.17421
6.12,11.12,3.8940,16.4742,0.00000,0.17088
6.38,11.12,3.9478,18.3862,0.00000,0.17193
6.62,11.12,4.0262,21.1401,0.00000,0.15832
6.88,11.12,4.3290,25.1097,0.00000,0.12697
7.12,11.12,4.2809,30.4941,0.00000,0.07115
7.38,11.12,3.3760,33.4783,0.00000,0.02790
2.62,11.38,2.6827,27.3044,0.00000,0.18135
2.88,11.38,3.6387,19.3935,0.00000,0.27522
3.12,11.38,3.7100,14.0348,0.00000,0.38472
3.38,11.38,3.8059,11.9835,0.00000,0.48422
3.62,11.38,3.7138,11.2569,0.00000,0.42912
3.88,11.38,3.7975,11.8052,0.00000,0.38203
4.12,11.38,3.7252,13.1653,0.00000,0.36468
4.38,11.38,3.8309,12.8380,0.00000,0.34769
4.62,11.38,3.7772,11.3422,0.00000,0.23854
4.88,11.38,3.8660,10.5163,0.00000,0.15078
5.12,11.38,3.8032,11.1913,0.00000,0.15042
5.38,11.38,3.8664,12.7670,0.00000,0.18041
5.62,11.38,3.8195,15.0131,0.00000,0.18041
5.88,11.38,3.8905,16.8087,0.00000,0.17821
6.12,11.38,3.8756,18.3658,0.00000,0.17081
6.38,11.38,3.9536,20.4596,0.00000,0.17119
6.62,11.38,4.0386,23.3633,0.00000,0.15923
6.88,11.38,4.3449,27.4921,0.00000,0.12915
7.12,11.38,4.2902,33.1141,0.00000,0.07285
7.38,11.38,3.4008,36.1768,0.00000,0.02860
2.62,11.62,2.6896,27.0278,0.00000,0.20152
2.88,11.62,3.6422,19.8411,0.00000,0.30721
3.12,11.62,3.7197,14.9086,0.00000,0.42600
3.38,11.62,3.8219,12.8297,0.00000,0.53170
3.62,11.62,3.7301,12.0363,0.00000,0.46751
3.88,11.62,3.7993,12.7732,0.00000,0.41167
4.12,11.62,3.7267,14.3766,0.00000,0.39234
4.38,11.62,3.8323,14.1605,0.00000,0.37394
4.62,11.62,3.7830,12.6574,0.00000,0.25531
4.88,11.62,3.8716,11.7785,0.00000,0.15942
5.12,11.62,3.8096,12.4308,0.00000,0.15811
5.38,11.62,3.8755,13.9766,0.00000,0.18892
5.62,11.62,3.8249,16.3030,0.00000,0.18634
5.88,11.62,3.8873,18.3228,0.00000,0.18100
6.12,11.62,3.8729,20.1176,0.00000,0.17112
6.38,11.62,3.9524,22.4121,0.00000,0.17067
6.62,11.62,4.0365,25.5217,0.00000,0.15914
6.88,11.62,4.3420,29.8968,0.00000,0.12874
7.12,11.62,4.2976,36.0312,0.00000,0.07269
7.38,11.62,3.4565,39.4949,0.00000,0.02888
2.62,11.88,2.7088,27.4309,0.00000,0.22253
2.88,11.88,3.6563,20.6305,0.00000,0.33899
3.12,11.88,3.7295,15.8866,0.00000,0.46364
3.38,11.88,3.8250,13.7311,0.00000,0.57236
3.62,11.88,3.7378,12.8519,0.00000,0.50085
3.88,11.88,3.8061,13.7916,0.00000,0.43773
4.12,11.88,3.7343,15.7200,0.00000,0.41697
4.38,11.88,3.8337,15.6395,0.00000,0.39743
4.62,11.88,3.7896,14.1677,0.00000,0.27069
4.88,11.88,3.8811,13.2223,0.00000,0.16777
5.12,11.88,3.8175,13.8034,0.00000,0.16432
5.38,11.88,3.8882,15.2342,0.00000,0.19509
5.62,11.88,3.8403,17.5141,0.00000,0.19136
5.88,11.88,3.9028,19.7411,0.00000,0.18476
6.12,11.88,3.8845,21.7873,0.00000,0.17290
6.38,11.88,3.9525,24.2276,0.00000,0.16950
6.62,11.88,4.0306,27.5520,0.00000,0.15645
6.88,11.88,4.3174,32.3246,0.00000,0.12675
7.12,11.88,4.2741,39.0951,0.00000,0.07211
7.38,11.88,3.4969,42.9276,0.00000,0.02905
2.62,12.12,2.7224,27.9030,0.00000,0.24043
2.88,12.12,3.6594,21.6816,0.00000,0.36679
3.12,12.12,3.7376,17.2721,0.00000,0.50022
3.38,12.12,3.8311,14.9625,0.00000,0.61507
3.62,12.12,3.7377,13.8878,0.00000,0.53286
3.88,12.12,3.8044,14.9330,0.00000,0.45767
4.12,12.12,3.7424,17.1501,0.00000,0.43666
4.38,12.12,3.8474,17.1817,0.00000,0.41714
4.62,12.12,3.8044,15.7425,0.00000,0.28314
4.88,12.12,3.8873,14.8209,0.00000,0.17424
5.12,12.12,3.8215,15.4492,0.00000,0.16873
5.38,12.12,3.9039,16.7731,0.00000,0.19916
5.62,12.12,3.8578,18.9349,0.00000,0.19473
5.88,12.12,3.9135,21.2219,0.00000,0.18674
6.12,12.12,3.8903,23.3649,0.00000,0.17202
6.38,12.12,3.9598,25.8819,0.00000,0.16524
6.62,12.12,4.0285,29.3991,0.00000,0.15090
6.88,12.12,4.2959,34.7226,0.00000,0.12236
7.12,12.12,4.2613,42.2319,0.00000,0.06992
7.38,12.12,3.5429,46.3816,0.00000,0.02843
2.62,12.38,2.7408,26.8704,0.00000,0.25831
2.88,12.38,3.6714,22.0445,0.00000,0.39503
3.12,12.38,3.7463,18.5516,0.00000,0.53870
3.38,12.38,3.8339,16.4376,0.00000,0.66025
3.62,12.38,3.7369,15.3603,0.00000,0.56526
3.88,12.38,3.8031,16.2831,0.00000,0.47532
4.12,12.38,3.7467,18.4774,0.00000,0.45154
4.38,12.38,3.8521,18.4585,0.00000,0.42995
4.62,12.38,3.8117,17.0233,0.00000,0.29095
4.88,12.38,3.9014,16.3353,0.00000,0.17951
5.12,12.38,3.8369,17.2425,0.00000,0.17169
5.38,12.38,3.9165,18.6303,0.00000,0.19978
5.62,12.38,3.8622,20.8001,0.00000,0.19466
5.88,12.38,3.9098,23.0980,0.00000,0.18583
6.12,12.38,3.8850,25.2534,0.00000,0.16802
6.38,12.38,3.9610,27.6897,0.00000,0.15768
6.62,12.38,4.0267,31.1967,0.00000,0.14320
6.88,12.38,4.2879,37.0642,0.00000,0.11740
7.12,12.38,4.2499,45.3765,0.00000,0.06732
7.38,12.38,3.5735,49.9695,0.00000,0.02724
2.62,12.62,2.7448,24.8989,0.00000,0.26915
2.88,12.62,3.6737,21.7860,0.00000,0.41414
3.12,12.62,3.7503,19.4187,0.00000,0.57151
3.38,12.62,3.8421,17.9005,0.00000,0.70321
3.62,12.62,3.7476,17.1213,0.00000,0.59521
3.88,12.62,3.8084,17.6613,0.00000,0.48911
4.12,12.62,3.7516,19.4801,0.00000,0.46006
4.38,12.62,3.8561,19.3769,0.00000,0.43698
4.62,12.62,3.8201,17.9514,0.00000,0.29560
4.88,12.62,3.9261,17.3773,0.00000,0.18312
5.12,12.62,3.8580,18.5000,0.00000,0.17319
5.38,12.62,3.9242,20.3432,0.00000,0.19914
5.62,12.62,3.8632,22.9468,0.00000,0.19310
5.88,12.62,3.9036,25.4041,0.00000,0.18215
6.12,12.62,3.8736,27.6474,0.00000,0.16006
6.38,12.62,3.9538,29.9605,0.00000,0.14474
6.62,12.62,4.0218,33.3221,0.00000,0.13159
6.88,12.62,4.2905,39.5146,0.00000,0.11129
7.12,12.62,4.2609,48.4755,0.00000,0.06478
7.38,12.62,3.6261,53.5426,0.00000,0.02628
2.62,12.88,2.7553,24.0870,0.00000,0.27570
2.88,12.88,3.6807,21.8821,0.00000,0.42627
3.12,12.88,3.7496,20.0492,0.00000,0.59387
3.38,12.88,3.8339,18.9664,0.00000,0.73245
3.62,12.88,3.7505,18.4873,0.00000,0.61487
3.88,12.88,3.8194,18.7375,0.00000,0.49695
4.12,12.88,3.7588,20.2359,0.00000,0.46148
4.38,12.88,3.8590,20.2013,0.00000,0.43900
4.62,12.88,3.8281,18.8658,0.00000,0.29793
4.88,12.88,3.9508,18.1616,0.00000,0.18397
5.12,12.88,3.8782,19.2448,0.00000,0.17125
5.38,12.88,3.9302,21.5922,0.00000,0.19415
5.62,12.88,3.8633,24.7559,0.00000,0.18573
5.88,12.88,3.9063,27.5049,0.00000,0.17263
6.12,12.88,3.8740,29.9444,0.00000,0.14888
6.38,12.88,3.9531,32.2896,0.00000,0.13058
6.62,12.88,4.0201,35.7049,0.00000,0.11965
6.88,12.88,4.2860,42.2674,0.00000,0.10470
7.12,12.88,4.2573,51.7445,0.00000,0.06204
7.38,12.88,3.6531,56.9685,0.00000,0.02548
2.62,13.12,2.7561,24.7740,0.00000,0.28154
2.88,13.12,3.6812,22.6397,0.00000,0.43575
3.12,13.12,3.7517,20.7756,0.00000,0.60957
3.38,13.12,3.8262,19.7074,0.00000,0.75153
3.62,13.12,3.7438,19.3211,0.00000,0.62557
3.88,13.12,3.8150,19.6076,0.00000,0.49876
4.12,13.12,3.7561,21.1311,0.00000,0.45909
4.38,13.12,3.8638,21.2875,0.00000,0.43968
4.62,13.12,3.8401,20.1249,0.00000,0.30020
4.88,13.12,3.9702,19.2553,0.00000,0.18468
5.12,13.12,3.8913,20.1805,0.00000,0.16808
5.38,13.12,3.9264,22.7113,0.00000,0.18598
5.62,13.12,3.8604,26.1402,0.00000,0.17589
5.88,13.12,3.9236,29.0824,0.00000,0.16251
6.12,13.12,3.8915,31.7352,0.00000,0.13745
6.38,13.12,3.9580,34.3349,0.00000,0.11736
6.62,13.12,4.0134,38.0458,0.00000,0.10833
6.88,13.12,4.2619,45.0971,0.00000,0.09709
7.12,13.12,4.2431,55.1472,0.00000,0.05841
7.38,13.12,3.6981,60.5123,0.00000,0.02452
2.62,13.38,2.7680,25.7854,0.00000,0.28666
2.88,13.38,3.6959,23.5945,0.00000,0.44404
3.12,13.38,3.7643,21.6812,0.00000,0.62290
3.38,13.38,3.8225,20.5814,0.00000,0.76589
3.62,13.38,3.7395,20.2399,0.00000,0.62954
3.88,13.38,3.8043,20.5953,0.00000,0.49452
4.12,13.38,3.7439,22.2519,0.00000,0.45372
4.38,13.38,3.8620,22.7668,0.00000,0.43820
4.62,13.38,3.8495,21.9960,0.00000,0.30107
4.88,13.38,3.9820,21.0157,0.00000,0.18481
5.12,13.38,3.9016,21.7313,0.00000,0.16399
5.38,13.38,3.9280,24.1682,0.00000,0.17634
5.62,13.38,3.8561,27.6225,0.00000,0.16486
5.88,13.38,3.9298,30.5282,0.00000,0.15157
6.12,13.38,3.9050,33.1979,0.00000,0.12631
6.38,13.38,3.9737,36.0517,0.00000,0.10656
6.62,13.38,4.0143,40.1456,0.00000,0.09855
6.88,13.38,4.2266,47.8276,0.00000,0.08900
7.12,13.38,4.2063,58.6892,0.00000,0.05411
7.38,13.38,3.7301,64.4898,0.00000,0.02329
2.62,13.62,2.7890,26.8371,0.00000,0.28939
2.88,13.62,3.7167,24.4514,0.00000,0.44804
3.12,13.62,3.7847,22.4490,0.00000,0.62438
3.38,13.62,3.8202,21.5126,0.00000,0.76064
3.62,13.62,3.7337,21.4242,0.00000,0.62071
3.88,13.62,3.7943,21.8797,0.00000,0.48530
4.12,13.62,3.7372,23.6680,0.00000,0.44059
4.38,13.62,3.8554,24.4540,0.00000,0.42244
4.62,13.62,3.8505,23.9323,0.00000,0.29150
4.88,13.62,3.9897,22.8071,0.00000,0.17998
5.12,13.62,3.9105,23.3508,0.00000,0.15657
5.38,13.62,3.9375,25.7227,0.00000,0.16429
5.62,13.62,3.8594,29.3078,0.00000,0.15161
5.88,13.62,3.9248,32.3277,0.00000,0.13857
6.12,13.62,3.8991,34.9896,0.00000,0.11493
6.38,13.62,3.9851,37.8125,0.00000,0.09716
6.62,13.62,4.0252,42.1667,0.00000,0.08979
6.88,13.62,4.2234,50.6199,0.00000,0.08114
7.12,13.62,4.2038,62.3366,0.00000,0.04985
7.38,13.62,3.7542,68.5108,0.00000,0.02204
2.62,13.88,2.8208,26.9841,0.00000,0.28633
2.88,13.88,3.7478,24.8066,0.00000,0.44269
3.12,13.88,3.8121,22.9560,0.00000,0.61115
3.38,13.88,3.8210,22.2621,0.00000,0.73821
3.62,13.88,3.7337,22.5014,0.00000,0.60144
3.88,13.88,3.7892,23.1966,0.00000,0.46996
4.12,13.88,3.7379,25.1455,0.00000,0.41909
4.38,13.88,3.8506,25.9265,0.00000,0.39391
4.62,13.88,3.8473,25.3617,0.00000,0.27181
4.88,13.88,3.9777,24.1831,0.00000,0.16865
5.12,13.88,3.9049,24.7399,0.00000,0.14494
5.38,13.88,3.9523,27.1861,0.00000,0.14979
5.62,13.88,3.8686,30.9674,0.00000,0.13652
5.88,13.88,3.9136,34.3420,0.00000,0.12360
6.12,13.88,3.8876,37.1660,0.00000,0.10283
6.38,13.88,3.9856,39.8107,0.00000,0.08789
6.62,13.88,4.0215,44.3420,0.00000,0.08127
6.88,13.88,4.2119,53.6456,0.00000,0.07363
7.12,13.88,4.1931,66.5043,0.00000,0.04586
7.38,13.88,3.7824,73.6577,0.00000,0.02098
2.62,14.12,2.8514,27.0118,0.00000,0.27907
2.88,14.12,3.7779,25.0250,0.00000,0.42973
3.12,14.12,3.8380,23.1747,0.00000,0.58576
3.38,14.12,3.8276,22.4898,0.00000,0.70178
3.62,14.12,3.7439,22.9221,0.00000,0.57306
3.88,14.12,3.7954,23.9562,0.00000,0.44743
4.12,14.12,3.7534,26.1250,0.00000,0.39176
4.38,14.12,3.8498,26.9189,0.00000,0.36046
4.62,14.12,3.8524,26.4588,0.00000,0.24863
4.88,14.12,3.9613,25.5273,0.00000,0.15485
5.12,14.12,3.8857,26.3184,0.00000,0.13147
5.38,14.12,3.9351,28.8382,0.00000,0.13402
5.62,14.12,3.8613,32.6756,0.00000,0.12140
5.88,14.12,3.9125,36.3476,0.00000,0.10902
6.12,14.12,3.8827,39.2918,0.00000,0.09037
6.38,14.12,3.9690,41.9112,0.00000,0.07694
6.62,14.12,4.0037,46.7609,0.00000,0.07081
6.88,14.12,4.1980,56.9045,0.00000,0.06467
7.12,14.12,4.1927,71.1885,0.00000,0.04125
7.38,14.12,3.8497,79.9440,0.00000,0.01995
2.62,14.38,2.8586,27.5673,0.00000,0.26676
2.88,14.38,3.7930,25.3819,0.00000,0.41150
3.12,14.38,3.8616,23.1671,0.00000,0.55398
3.38,14.38,3.8532,22.1576,0.00000,0.65398
3.62,14.38,3.7707,22.5311,0.00000,0.53534
3.88,14.38,3.8083,23.9532,0.00000,0.41871
4.12,14.38,3.7804,26.4683,0.00000,0.36248
4.38,14.38,3.8720,27.4118,0.00000,0.32952
4.62,14.38,3.8861,27.2666,0.00000,0.22832
4.88,14.38,3.9622,26.9251,0.00000,0.14312
5.12,14.38,3.8964,28.4038,0.00000,0.11906
5.38,14.38,3.9131,31.3676,0.00000,0.11709
5.62,14.38,3.8385,35.4349,0.00000,0.10472
5.88,14.38,3.8736,39.0326,0.00000,0.09305
6.12,14.38,3.8502,41.6589,0.00000,0.07738
6.38,14.38,3.9391,44.2873,0.00000,0.06592
6.62,14.38,3.9746,49.3772,0.00000,0.05978
6.88,14.38,4.1717,60.2379,0.00002,0.05459
7.12,14.38,4.1794,75.7999,0.00007,0.03581
7.38,14.38,3.8994,85.9265,0.00016,0.01859
2.62,14.62,2.8578,27.8342,0.00000,0.25670
2.88,14.62,3.8130,25.6333,0.00000,0.39606
3.12,14.62,3.8854,23.0306,0.00000,0.52354
3.38,14.62,3.8792,21.5565,0.00000,0.60432
3.62,14.62,3.8000,21.7224,0.00000,0.49416
3.88,14.62,3.8231,23.2736,0.00000,0.38829
4.12,14.62,3.8040,25.8937,0.00000,0.33289
4.38,14.62,3.9025,27.0700,0.00000,0.29786
4.62,14.62,3.9340,27.3910,0.00000,0.20758
4.88,14.62,3.9959,27.8052,0.00000,0.13205
5.12,14.62,3.9546,30.2729,0.00000,0.10714
5.38,14.62,3.9280,34.2483,0.00000,0.09954
5.62,14.62,3.8587,39.4148,0.00000,0.08722
5.88,14.62,3.8271,43.4123,0.00000,0.07581
6.12,14.62,3.8036,46.0809,0.00000,0.06337
6.38,14.62,3.8741,48.7983,0.00000,0.05402
6.62,14.62,3.9178,53.8038,0.00004,0.04876
6.88,14.62,4.1048,65.0462,0.00052,0.04456
7.12,14.62,4.1350,81.2805,0.00253,0.03008
7.38,14.62,3.9680,92.5439,0.00598,0.01710
2.62,14.88,2.8622,28.1856,0.00000,0.24532
2.88,14.88,3.8306,25.8212,0.00000,0.37598
3.12,14.88,3.9033,22.7549,0.00000,0.48992
3.38,14.88,3.8944,20.8904,0.00000,0.55758
3.62,14.88,3.8149,20.8769,0.00000,0.45521
3.88,14.88,3.8350,22.2554,0.00000,0.35909
4.12,14.88,3.8211,24.6148,0.00000,0.30575
4.38,14.88,3.9187,25.8482,0.00000,0.26878
4.62,14.88,3.9607,26.5328,0.00000,0.18793
4.88,14.88,4.0182,27.6110,0.00000,0.12043
5.12,14.88,3.9989,30.7027,0.00000,0.09570
5.38,14.88,3.9761,35.4915,0.00000,0.08546
5.62,14.88,3.9294,42.0912,0.00000,0.07335
5.88,14.88,3.8397,47.5702,0.00000,0.06175
6.12,14.88,3.8348,52.1883,0.00000,0.05131
6.38,14.88,3.8391,56.6685,0.00002,0.04225
6.62,14.88,3.8754,62.9658,0.00052,0.03692
6.88,14.88,3.9793,75.2953,0.00650,0.03258
7.12,14.88,4.0415,93.4416,0.03285,0.02293
7.38,14.88,3.9786,109.3753,0.08515,0.01491
2.62,15.12,2.8761,29.4217,0.00000,0.23571
2.88,15.12,3.8484,26.1655,0.00000,0.35537
3.12,15.12,3.9183,22.2486,0.00000,0.45356
3.38,15.12,3.9059,20.1232,0.00000,0.51139
3.62,15.12,3.8306,20.1281,0.00000,0.41763
3.88,15.12,3.8562,21.4066,0.00000,0.33001
4.12,15.12,3.8339,23.4598,0.00000,0.28051
4.38,15.12,3.9134,24.5220,0.00000,0.24383
4.62,15.12,3.9533,25.3331,0.00000,0.17032
4.88,15.12,4.0106,26.7286,0.00000,0.10864
5.12,15.12,4.0147,29.7985,0.00000,0.08549
5.38,15.12,4.0166,34.5134,0.00000,0.07556
5.62,15.12,3.9892,41.4061,0.00000,0.06362
5.88,15.12,3.8990,48.1761,0.00000,0.05192
6.12,15.12,3.9173,55.4404,0.00000,0.04270
6.38,15.12,3.8884,63.3681,0.00007,0.03399
6.62,15.12,3.9439,74.2893,0.00238,0.02840
6.88,15.12,3.9381,91.5795,0.03107,0.02324
7.12,15.12,4.0723,118.9254,0.17168,0.01739
7.38,15.12,4.0434,151.3494,0.52040,0.01247
2.62,15.38,2.8651,30.3123,0.00000,0.22232
2.88,15.38,3.8420,26.2451,0.00000,0.33185
3.12,15.38,3.9185,21.6578,0.00000,0.42038
3.38,15.38,3.9172,19.5406,0.00000,0.47564
3.62,15.38,3.8465,19.7296,0.00000,0.38753
3.88,15.38,3.8734,20.9475,0.00000,0.30321
4.12,15.38,3.8408,22.7560,0.00000,0.25587
4.38,15.38,3.9023,23.7370,0.00000,0.21968
4.62,15.38,3.9268,24.6845,0.00000,0.15335
4.88,15.38,3.9877,26.1655,0.00000,0.09866
5.12,15.38,4.0208,28.9507,0.00000,0.07730
5.38,15.38,4.0450,32.9440,0.00000,0.06765
5.62,15.38,4.0173,39.0020,0.00000,0.05621
5.88,15.38,3.9414,45.8110,0.00000,0.04522
6.12,15.38,3.9684,53.6904,0.00000,0.03696
6.38,15.38,3.9354,63.2201,0.00011,0.02935
6.62,15.38,3.9864,77.3927,0.00419,0.02434
6.88,15.38,3.9339,98.4581,0.05987,0.01925
7.12,15.38,4.1497,132.6623,0.38910,0.01507
7.38,15.38,4.3050,176.9611,1.37882,0.01062
2.62,15.62,2.8579,31.0725,0.00000,0.21175
2.88,15.62,3.8364,26.6453,0.00000,0.31319
3.12,15.62,3.9076,21.7236,0.00000,0.38913
3.38,15.62,3.9152,19.5814,0.00000,0.43786
3.62,15.62,3.8544,19.8772,0.00000,0.35766
3.88,15.62,3.8855,20.9615,0.00000,0.27999
4.12,15.62,3.8425,22.5226,0.00000,0.23574
4.38,15.62,3.8830,23.5056,0.00000,0.20113
4.62,15.62,3.8898,24.6741,0.00000,0.14025
4.88,15.62,3.9546,26.4463,0.00000,0.09079
5.12,15.62,3.9961,29.2086,0.00000,0.07001
5.38,15.62,4.0422,32.4847,0.00000,0.06025
5.62,15.62,4.0166,37.5538,0.00000,0.04978
5.88,15.62,3.9596,43.7340,0.00000,0.04007
6.12,15.62,3.9765,50.8389,0.00000,0.03280
6.38,15.62,3.9394,59.1763,0.00007,0.02653
6.62,15.62,3.9737,70.4913,0.00297,0.02255
6.88,15.62,3.9186,85.1001,0.05057,0.01851
7.12,15.62,4.1503,105.8321,0.40779,0.01539
7.38,15.62,4.5594,135.0604,1.58468,0.01215
7.62,15.62,5.2163,146.3316,2.73757,0.01111
7.88,15.62,4.7046,103.4773,1.76202,0.01234
8.12,15.62,3.7919,64.3350,0.39665,0.01187
8.38,15.62,3.5962,55.3115,0.03245,0.01071
8.62,15.62,3.6241,55.3431,0.00098,0.01039
8.88,15.62,3.6615,57.5882,0.00000,0.00993
9.12,15.62,3.7242,59.8706,0.00000,0.00948
9.38,15.62,3.7479,62.1173,0.00000,0.00957
9.62,15.62,3.7691,64.8546,0.00000,0.01000
9.88,15.62,3.7882,68.4370,0.00000,0.01012
10.12,15.62,3.8346,72.9518,0.00000,0.01026
10.38,15.62,3.8540,77.8825,0.00000,0.01049
10.62,15.62,3.8613,82.7431,0.00000,0.00974
10.88,15.62,3.8727,87.4380,0.00000,0.00904
11.12,15.62,3.9206,92.1341,0.00000,0.00957
11.38,15.62,3.9426,96.6175,0.00000,0.01016
11.62,15.62,3.9742,101.0000,0.00000,0.00959
11.88,15.62,3.9954,105.5546,0.00000,0.00879
12.12,15.62,4.0466,110.9079,0.00009,0.00830
12.38,15.62,4.0830,116.7969,0.00291,0.00803
12.62,15.62,4.1340,122.5424,0.03548,0.00817
12.88,15.62,4.1776,126.7491,0.15902,0.00860
13.12,15.62,4.2824,130.3765,0.26217,0.00894
13.38,15.62,4.2887,133.0306,0.15911,0.00907
13.62,15.62,4.2395,136.9747,0.03871,0.00929
13.88,15.62,4.2718,143.5857,0.04382,0.00989
14.12,15.62,4.3761,150.1812,0.20422,0.01060
14.38,15.62,4.4985,153.3803,0.45852,0.01100
14.62,15.62,4.4983,154.8191,0.64521,0.01100
14.88,15.62,4.5453,157.5048,0.82960,0.01089
15.12,15.62,4.5860,159.9350,0.92957,0.01038
15.38,15.62,4.6175,158.5899,0.79587,0.00958
15.62,15.62,4.6892,156.5415,0.69464,0.00813
15.88,15.62,4.4853,158.9823,0.69276,0.00629
16.12,15.62,4.1140,158.2132,0.55109,0.00479
16.38,15.62,3.9874,149.9412,0.58853,0.00390
16.62,15.62,4.0401,149.3956,1.15379,0.00307
16.88,15.62,4.8327,163.6280,2.15734,0.00231
2.62,15.88,2.8445,31.6900,0.00000,0.20954
2.88,15.88,3.8305,27.4404,0.00000,0.30652
3.12,15.88,3.9105,22.6435,0.00000,0.36791
3.38,15.88,3.9195,20.3122,0.00000,0.40417
3.62,15.88,3.8465,20.4917,0.00000,0.32990
3.88,15.88,3.8692,21.4601,0.00000,0.25922
4.12,15.88,3.8277,22.9061,0.00000,0.21779
4.38,15.88,3.8629,23.9363,0.00000,0.18442
4.62,15.88,3.8560,25.3166,0.00000,0.12801
4.88,15.88,3.9232,27.5017,0.00000,0.08351
5.12,15.88,3.9481,30.5783,0.00000,0.06400
5.38,15.88,4.0005,33.6077,0.00000,0.05449
5.62,15.88,3.9840,38.1175,0.00000,0.04478
5.88,15.88,3.9522,43.7454,0.00000,0.03626
6.12,15.88,3.9559,50.1165,0.00000,0.03008
6.38,15.88,3.9462,56.6729,0.00002,0.02516
6.62,15.88,3.9559,63.6689,0.00092,0.02169
6.88,15.88,3.8934,70.2881,0.01995,0.01862
7.12,15.88,4.0073,75.6413,0.19576,0.01658
7.38,15.88,4.3212,84.0842,0.80964,0.01550
7.62,15.88,4.6918,88.6863,1.31745,0.01591
7.88,15.88,4.4151,70.6774,0.79975,0.01631
8.12,15.88,3.9428,53.9080,0.17812,0.01508
8.38,15.88,3.8879,50.4665,0.01460,0.01430
8.62,15.88,3.9529,51.4390,0.00044,0.01465
8.88,15.88,3.9811,53.9104,0.00000,0.01451
9.12,15.88,4.0099,56.3428,0.00000,0.01439
9.38,15.88,4.0220,58.4559,0.00000,0.01517
9.62,15.88,4.0560,61.1683,0.00000,0.01627
9.88,15.88,4.0641,64.5489,0.00000,0.01697
10.12,15.88,4.0649,68.1197,0.00000,0.01786
10.38,15.88,4.0610,72.1214,0.00000,0.01882
10.62,15.88,4.0691,76.5894,0.00000,0.01710
10.88,15.88,4.0503,80.6328,0.00000,0.01583
11.12,15.88,4.0391,84.6809,0.00000,0.01718
11.38,15.88,4.0413,89.4732,0.00000,0.01839
11.62,15.88,4.0591,93.9265,0.00000,0.01661
11.88,15.88,4.0598,97.4606,0.00000,0.01461
12.12,15.88,4.0670,101.3517,0.00004,0.01282
12.38,15.88,4.0565,106.4880,0.00131,0.01139
12.62,15.88,4.0550,111.6974,0.01599,0.01105
12.88,15.88,4.0480,115.2917,0.07166,0.01125
13.12,15.88,4.0854,118.1759,0.11814,0.01109
13.38,15.88,4.0987,121.0916,0.07170,0.01087
13.62,15.88,4.0690,125.2041,0.01745,0.01094
13.88,15.88,4.0630,131.3416,0.01975,0.01136
14.12,15.88,4.0855,137.2372,0.09203,0.01202
14.38,15.88,4.1040,140.1843,0.20663,0.01272
14.62,15.88,4.0803,141.8782,0.29079,0.01336
14.88,15.88,4.1256,144.4870,0.37494,0.01371
15.12,15.88,4.1638,147.1773,0.43287,0.01344
15.38,15.88,4.1648,146.5337,0.42957,0.01276
15.62,15.88,4.1881,145.5487,0.46737,0.01126
15.88,15.88,4.0982,150.1361,0.46953,0.00917
16.12,15.88,3.9492,151.5414,0.33736,0.00713
16.38,15.88,3.9270,142.0652,0.38011,0.00569
16.62,15.88,3.9861,138.5003,0.90458,0.00439
16.88,15.88,4.6728,151.6795,1.77375,0.00337
2.62,16.12,2.8626,33.1211,0.00000,0.21288
2.88,16.12,3.8528,28.7469,0.00000,0.30582
3.12,16.12,3.9258,23.8440,0.00000,0.35138
3.38,16.12,3.9120,21.2842,0.00000,0.37442
3.62,16.12,3.8247,21.4546,0.00000,0.30493
3.88,16.12,3.8332,22.4274,0.00000,0.23964
4.12,16.12,3.7874,23.8105,0.00000,0.19835
4.38,16.12,3.8385,24.8306,0.00000,0.16548
4.62,16.12,3.8362,26.4056,0.00000,0.11545
4.88,16.12,3.8987,29.0200,0.00000,0.07729
5.12,16.12,3.9002,32.5980,0.00000,0.05955
5.38,16.12,3.9470,35.7545,0.00000,0.05050
5.62,16.12,3.9343,40.0968,0.00000,0.04138
5.88,16.12,3.9249,45.3492,0.00000,0.03375
6.12,16.12,3.9037,50.9878,0.00000,0.02817
6.38,16.12,3.9328,56.0030,0.00000,0.02426
6.62,16.12,3.9244,60.0836,0.00013,0.02121
6.88,16.12,3.8982,63.3616,0.00357,0.01903
7.12,16.12,3.8329,64.2830,0.03961,0.01751
7.38,16.12,3.8611,63.0079,0.17123,0.01706
7.62,16.12,3.9813,61.3986,0.27888,0.01772
7.88,16.12,3.9536,56.0036,0.16846,0.01800
8.12,16.12,3.8694,50.6107,0.03752,0.01734
8.38,16.12,3.9192,49.0236,0.00308,0.01733
8.62,16.12,3.9865,49.6801,0.00009,0.01842
8.88,16.12,4.0164,51.4499,0.00000,0.01908
9.12,16.12,4.0321,53.1777,0.00000,0.01990
9.38,16.12,4.0414,54.6391,0.00000,0.02191
9.62,16.12,4.0654,56.8652,0.00000,0.02392
9.88,16.12,4.0709,59.3542,0.00000,0.02533
10.12,16.12,4.0640,61.5432,0.00000,0.02697
10.38,16.12,4.0632,64.2956,0.00000,0.02883
10.62,16.12,4.0675,67.9591,0.00000,0.02819
10.88,16.12,4.0484,71.2926,0.00000,0.02817
11.12,16.12,4.0272,74.3454,0.00000,0.02878
11.38,16.12,4.0298,78.3679,0.00000,0.02863
11.62,16.12,4.0403,82.0999,0.00000,0.02547
11.88,16.12,4.0391,84.7500,0.00000,0.02239
12.12,16.12,4.0336,87.6336,0.00001,0.01899
12.38,16.12,4.0216,91.8646,0.00028,0.01602
12.62,16.12,4.0133,96.2994,0.00337,0.01487
12.88,16.12,3.9987,99.4148,0.01512,0.01452
13.12,16.12,4.0048,101.4857,0.02493,0.01381
13.38,16.12,4.0126,104.4040,0.01513,0.01339
13.62,16.12,4.0008,108.7293,0.00368,0.01346
13.88,16.12,3.9887,114.3885,0.00417,0.01392
14.12,16.12,3.9831,119.3776,0.01942,0.01475
14.38,16.12,3.9691,122.4190,0.04360,0.01584
14.62,16.12,3.9502,124.9828,0.06141,0.01700
14.88,16.12,3.9798,128.0507,0.08083,0.01790
15.12,16.12,4.0145,131.5954,0.11340,0.01834
15.38,16.12,4.0262,133.0462,0.20455,0.01833
15.62,16.12,4.0721,133.6451,0.35563,0.01725
15.88,16.12,4.0287,138.0727,0.38235,0.01493
16.12,16.12,3.9294,140.1952,0.27392,0.01204
16.38,16.12,3.9680,130.4324,0.35400,0.00966
16.62,16.12,4.0855,123.1401,0.87765,0.00746
16.88,16.12,4.8018,134.6536,1.66021,0.00582
2.62,16.38,2.8651,34.2254,0.00000,0.21220
2.88,16.38,3.8401,29.6091,0.00000,0.30079
3.12,16.38,3.9179,24.5647,0.00000,0.33720
3.38,16.38,3.8986,22.0256,0.00000,0.35320
3.62,16.38,3.8048,22.4430,0.00000,0.28607
3.88,16.38,3.8089,23.6310,0.00000,0.22359
4.12,16.38,3.7566,25.1130,0.00000,0.18119
4.38,16.38,3.8106,26.1531,0.00000,0.14785
4.62,16.38,3.8159,27.8832,0.00000,0.10415
4.88,16.38,3.8715,30.7902,0.00000,0.07215
5.12,16.38,3.8667,34.8365,0.00000,0.05668
5.38,16.38,3.9070,38.3249,0.00000,0.04821
5.62,16.38,3.8793,42.6306,0.00000,0.03907
5.88,16.38,3.8907,47.2535,0.00000,0.03182
6.12,16.38,3.8511,51.5676,0.00000,0.02658
6.38,16.38,3.8949,55.2471,0.00000,0.02349
6.62,16.38,3.8660,57.7350,0.00001,0.02125
6.88,16.38,3.8718,59.2112,0.00027,0.01966
7.12,16.38,3.8517,59.4485,0.00313,0.01852
7.38,16.38,3.8090,57.8367,0.01384,0.01793
7.62,16.38,3.8153,55.9661,0.02270,0.01831
7.88,16.38,3.8245,53.6630,0.01374,0.01872
8.12,16.38,3.7884,50.6548,0.00306,0.01820
8.38,16.38,3.7746,49.1379,0.00025,0.01820
8.62,16.38,3.8124,49.4674,0.00001,0.01971
8.88,16.38,3.8457,50.5655,0.00000,0.02121
9.12,16.38,3.8520,51.4255,0.00000,0.02293
9.38,16.38,3.8482,52.2717,0.00000,0.02570
9.62,16.38,3.8494,53.9220,0.00000,0.02796
9.88,16.38,3.8538,55.5285,0.00000,0.02971
10.12,16.38,3.8640,57.0252,0.00000,0.03143
10.38,16.38,3.8782,59.4422,0.00000,0.03289
10.62,16.38,3.8795,62.5048,0.00000,0.03544
10.88,16.38,3.8755,65.0827,0.00000,0.03800
11.12,16.38,3.8798,67.3301,0.00000,0.03569
11.38,16.38,3.8880,70.3680,0.00000,0.03182
11.62,16.38,3.8927,73.2809,0.00000,0.02817
11.88,16.38,3.9048,75.5184,0.00000,0.02536
12.12,16.38,3.9102,78.1707,0.00000,0.02204
12.38,16.38,3.9045,81.7368,0.00002,0.01918
12.62,16.38,3.8856,85.3057,0.00028,0.01765
12.88,16.38,3.8617,88.0358,0.00124,0.01674
13.12,16.38,3.8605,89.9347,0.00204,0.01589
13.38,16.38,3.8604,92.7668,0.00124,0.01573
13.62,16.38,3.8458,96.9147,0.00030,0.01595
13.88,16.38,3.8493,101.8967,0.00034,0.01671
14.12,16.38,3.8617,106.0101,0.00159,0.01812
14.38,16.38,3.8485,108.8776,0.00356,0.01972
14.62,16.38,3.8412,112.2982,0.00505,0.02124
14.88,16.38,3.8641,116.2503,0.00767,0.02301
15.12,16.38,3.9014,120.4006,0.02376,0.02515
15.38,16.38,3.9475,123.5384,0.10052,0.02691
15.62,16.38,4.0327,125.5611,0.26005,0.02672
15.88,16.38,4.0695,129.1528,0.37869,0.02438
16.12,16.38,4.0470,131.1113,0.40629,0.02086
16.38,16.38,4.1547,123.8753,0.51859,0.01715
16.62,16.38,4.2652,117.0168,0.85330,0.01322
16.88,16.38,4.8941,126.4233,1.33390,0.01020
2.62,16.62,2.8939,34.8404,0.00000,0.21316
2.88,16.62,3.8508,30.0603,0.00000,0.29762
3.12,16.62,3.9164,24.8366,0.00000,0.32341
3.38,16.62,3.8848,22.3714,0.00000,0.33028
3.62,16.62,3.7916,23.0957,0.00000,0.26658
3.88,16.62,3.8013,24.4982,0.00000,0.20993
4.12,16.62,3.7442,26.1397,0.00000,0.16793
4.38,16.62,3.7802,27.5099,0.00000,0.13303
4.62,16.62,3.7902,29.6430,0.00000,0.09447
4.88,16.62,3.8451,32.6110,0.00000,0.06802
5.12,16.62,3.8426,36.7846,0.00000,0.05497
5.38,16.62,3.8773,40.6539,0.00000,0.04713
5.62,16.62,3.8479,44.7071,0.00000,0.03784
5.88,16.62,3.8664,48.2559,0.00000,0.03072
6.12,16.62,3.8265,51.0459,0.00000,0.02615
6.38,16.62,3.8438,53.3956,0.00000,0.02344
6.62,16.62,3.8522,55.0725,0.00000,0.02182
6.88,16.62,3.8408,55.8366,0.00001,0.02019
7.12,16.62,3.8383,55.7389,0.00009,0.01880
7.38,16.62,3.8297,55.1318,0.00041,0.01792
7.62,16.62,3.8265,54.5065,0.00068,0.01773
7.88,16.62,3.8210,53.2613,0.00041,0.01780
8.12,16.62,3.7796,51.0303,0.00009,0.01769
8.38,16.62,3.7565,49.3189,0.00001,0.01831
8.62,16.62,3.7866,49.1963,0.00000,0.01999
8.88,16.62,3.8123,49.9425,0.00000,0.02187
9.12,16.62,3.8222,50.6422,0.00000,0.02428
9.38,16.62,3.8231,51.5278,0.00000,0.02726
9.62,16.62,3.8227,52.9206,0.00000,0.02955
9.88,16.62,3.8320,54.6172,0.00000,0.03140
10.12,16.62,3.8499,56.7353,0.00000,0.03310
10.38,16.62,3.8612,59.4038,0.00000,0.03376
10.62,16.62,3.8608,61.8480,0.00000,0.03637
10.88,16.62,3.8652,63.6566,0.00000,0.03830
11.12,16.62,3.8716,65.3604,0.00000,0.03577
11.38,16.62,3.8766,67.5694,0.00000,0.03166
11.62,16.62,3.8846,69.8851,0.00000,0.02831
11.88,16.62,3.8979,72.0573,0.00000,0.02571
12.12,16.62,3.8982,74.6744,0.00000,0.02320
12.38,16.62,3.8877,77.8126,0.00000,0.02130
12.62,16.62,3.8655,80.6645,0.00001,0.01976
12.88,16.62,3.8458,82.7154,0.00004,0.01858
13.12,16.62,3.8461,84.6367,0.00006,0.01781
13.38,16.62,3.8474,87.6284,0.00004,0.01794
13.62,16.62,3.8274,91.6225,0.00001,0.01845
13.88,16.62,3.8331,95.7981,0.00001,0.01977
14.12,16.62,3.8499,98.8631,0.00005,0.02205
14.38,16.62,3.8309,101.2053,0.00011,0.02459
14.62,16.62,3.8154,104.5060,0.00016,0.02717
14.88,16.62,3.8281,108.5901,0.00053,0.03049
15.12,16.62,3.8528,112.9325,0.00594,0.03516
15.38,16.62,3.8960,117.2008,0.04791,0.04035
15.62,16.62,3.9842,120.3153,0.20213,0.04349
15.88,16.62,4.1251,122.6120,0.46677,0.04376
16.12,16.62,4.2194,123.8698,0.70200,0.04059
16.38,16.62,4.3172,122.7799,0.81167,0.03433
16.62,16.62,4.2708,123.2772,0.92649,0.02532
16.88,16.62,4.7159,132.8688,1.21945,0.01748
2.62,16.88,2.8931,35.7741,0.00000,0.20466
2.88,16.88,3.8542,30.7343,0.00000,0.28264
3.12,16.88,3.9245,25.2955,0.00000,0.29917
3.38,16.88,3.8810,22.6880,0.00000,0.29860
3.62,16.88,3.7770,23.3984,0.00000,0.24083
3.88,16.88,3.7804,24.8619,0.00000,0.19097
4.12,16.88,3.7329,26.6639,0.00000,0.15336
4.38,16.88,3.7664,28.4240,0.00000,0.12189
4.62,16.88,3.7741,30.9657,0.00000,0.08830
4.88,16.88,3.8180,33.8863,0.00000,0.06536
5.12,16.88,3.8229,37.8452,0.00000,0.05396
5.38,16.88,3.8455,41.9393,0.00000,0.04649
5.62,16.88,3.8339,45.4620,0.00000,0.03758
5.88,16.88,3.8326,47.5284,0.00000,0.03090
6.12,16.88,3.8249,49.1612,0.00000,0.02734
6.38,16.88,3.8083,50.9938,0.00000,0.02438
6.62,16.88,3.8213,52.3366,0.00000,0.02219
6.88,16.88,3.8377,53.0091,0.00000,0.02036
7.12,16.88,3.8447,52.9899,0.00000,0.01897
7.38,16.88,3.8343,52.6868,0.00000,0.01788
7.62,16.88,3.8279,52.7049,0.00000,0.01705
7.88,16.88,3.8147,52.5005,0.00000,0.01689
8.12,16.88,3.7890,51.1984,0.00000,0.01767
8.38,16.88,3.7615,49.4913,0.00000,0.01906
8.62,16.88,3.7498,48.8888,0.00000,0.02054
8.88,16.88,3.7495,49.3440,0.00000,0.02267
9.12,16.88,3.7653,50.0932,0.00000,0.02539
9.38,16.88,3.7844,50.9890,0.00000,0.02740
9.62,16.88,3.7965,52.2314,0.00000,0.02868
9.88,16.88,3.8088,54.4010,0.00000,0.03029
10.12,16.88,3.8111,57.3022,0.00000,0.03198
10.38,16.88,3.8059,59.9937,0.00000,0.03288
10.62,16.88,3.8034,61.7245,0.00000,0.03450
10.88,16.88,3.8167,62.8139,0.00000,0.03497
11.12,16.88,3.8211,63.9091,0.00000,0.03403
11.38,16.88,3.8221,65.2677,0.00000,0.03211
11.62,16.88,3.8272,67.0279,0.00000,0.02974
11.88,16.88,3.8221,69.0663,0.00000,0.02727
12.12,16.88,3.8028,71.3882,0.00000,0.02467
12.38,16.88,3.7899,74.0919,0.00000,0.02251
12.62,16.88,3.7868,76.5150,0.00000,0.02080
12.88,16.88,3.7881,78.1084,0.00000,0.01970
13.12,16.88,3.7921,79.9710,0.00000,0.01922
13.38,16.88,3.7900,83.2166,0.00000,0.01955
13.62,16.88,3.7779,87.2547,0.00000,0.02028
13.88,16.88,3.7850,90.7382,0.00000,0.02214
14.12,16.88,3.7929,92.6158,0.00000,0.02540
14.38,16.88,3.7852,94.1402,0.00000,0.02930
14.62,16.88,3.7829,96.8076,0.00000,0.03389
14.88,16.88,3.8019,100.7170,0.00006,0.03998
15.12,16.88,3.8165,105.1422,0.00178,0.04902
15.38,16.88,3.8287,109.6190,0.02294,0.06196
15.62,16.88,3.8729,112.8795,0.14177,0.07670
15.88,16.88,4.0332,113.8322,0.46727,0.08789
16.12,16.88,4.2488,114.0882,0.90689,0.09002
16.38,16.88,4.4346,119.2787,1.18901,0.08298
16.62,16.88,4.3790,130.8242,1.51328,0.06311
16.88,16.88,4.7282,146.5011,2.13184,0.04006
2.62,17.12,2.9173,37.1736,0.00000,0.19823
2.88,17.12,3.8846,31.8822,0.00000,0.26983
3.12,17.12,3.9370,26.1603,0.00000,0.27708
3.38,17.12,3.8728,23.1802,0.00000,0.26999
3.62,17.12,3.7634,23.6429,0.00000,0.21696
3.88,17.12,3.7578,25.0534,0.00000,0.17117
4.12,17.12,3.7278,27.0110,0.00000,0.13840
4.38,17.12,3.7611,29.0295,0.00000,0.11309
4.62,17.12,3.7627,31.6511,0.00000,0.08417
4.88,17.12,3.7927,34.3628,0.00000,0.06274
5.12,17.12,3.8113,37.8130,0.00000,0.05268
5.38,17.12,3.8218,41.6335,0.00000,0.04651
5.62,17.12,3.8381,44.8544,0.00000,0.03890
5.88,17.12,3.8218,46.3268,0.00000,0.03291
6.12,17.12,3.8210,47.4311,0.00000,0.02962
6.38,17.12,3.8362,49.1602,0.00000,0.02624
6.62,17.12,3.8582,50.6637,0.00000,0.02312
6.88,17.12,3.8617,51.5259,0.00000,0.02051
7.12,17.12,3.8633,51.8121,0.00000,0.01890
7.38,17.12,3.8619,51.8148,0.00000,0.01783
7.62,17.12,3.8676,52.1970,0.00000,0.01695
7.88,17.12,3.8588,52.7245,0.00000,0.01698
8.12,17.12,3.8332,52.3261,0.00000,0.01826
8.38,17.12,3.8071,50.9089,0.00000,0.01994
8.62,17.12,3.7976,49.7322,0.00000,0.02147
8.88,17.12,3.8075,49.4835,0.00000,0.02357
9.12,17.12,3.8232,49.8133,0.00000,0.02590
9.38,17.12,3.8426,50.4777,0.00000,0.02742
9.62,17.12,3.8591,51.6880,0.00000,0.02818
9.88,17.12,3.8675,53.7733,0.00000,0.02940
10.12,17.12,3.8655,56.4829,0.00000,0.03075
10.38,17.12,3.8677,58.8770,0.00000,0.03153
10.62,17.12,3.8762,60.2922,0.00000,0.03250
10.88,17.12,3.8935,61.0046,0.00000,0.03219
11.12,17.12,3.8969,61.5086,0.00000,0.03172
11.38,17.12,3.8888,62.1523,0.00000,0.03091
11.62,17.12,3.8819,63.4896,0.00000,0.02962
11.88,17.12,3.8716,65.4683,0.00000,0.02796
12.12,17.12,3.8553,67.6465,0.00000,0.02577
12.38,17.12,3.8466,69.9386,0.00000,0.02363
12.62,17.12,3.8432,71.8548,0.00000,0.02188
12.88,17.12,3.8408,73.2813,0.00000,0.02067
13.12,17.12,3.8466,75.3258,0.00000,0.02033
13.38,17.12,3.8519,78.8647,0.00000,0.02092
13.62,17.12,3.8483,82.9308,0.00000,0.02203
13.88,17.12,3.8471,86.0584,0.00000,0.02440
14.12,17.12,3.8411,87.5666,0.00000,0.02853
14.38,17.12,3.8294,88.8078,0.00000,0.03393
14.62,17.12,3.8160,91.1599,0.00000,0.04099
14.88,17.12,3.8169,94.5585,0.00001,0.05108
15.12,17.12,3.8124,98.1853,0.00042,0.06721
15.38,17.12,3.7889,101.5773,0.00750,0.09394
15.62,17.12,3.7717,103.6832,0.06627,0.13315
15.88,17.12,3.8390,103.7367,0.29967,0.17720
16.12,17.12,3.9888,103.1974,0.74374,0.21490
16.38,17.12,4.3574,110.8956,1.33548,0.23163
16.62,17.12,5.0449,135.1724,2.49763,0.19931
16.88,17.12,6.1334,167.4776,4.17218,0.13528
2.62,17.38,2.9202,38.2515,0.00000,0.19025
2.88,17.38,3.8636,32.7754,0.00000,0.25580
3.12,17.38,3.9181,26.8226,0.00000,0.25906
3.38,17.38,3.8662,23.5732,0.00000,0.25042
3.62,17.38,3.7533,23.8699,0.00000,0.19976
3.88,17.38,3.7337,25.4003,0.00000,0.15534
4.12,17.38,3.7169,27.6133,0.00000,0.12563
4.38,17.38,3.7466,29.7120,0.00000,0.10438
4.62,17.38,3.7473,32.1902,0.00000,0.07915
4.88,17.38,3.7699,34.6508,0.00000,0.05913
5.12,17.38,3.7886,37.4432,0.00000,0.05011
5.38,17.38,3.7992,40.3795,0.00000,0.04565
5.62,17.38,3.8206,43.4686,0.00000,0.03989
5.88,17.38,3.8339,45.4860,0.00000,0.03480
6.12,17.38,3.8389,46.7617,0.00000,0.03134
6.38,17.38,3.8487,48.1705,0.00000,0.02749
6.62,17.38,3.8587,49.5734,0.00000,0.02387
6.88,17.38,3.8611,50.6362,0.00000,0.02069
7.12,17.38,3.8677,51.2621,0.00000,0.01861
7.38,17.38,3.8771,51.6216,0.00000,0.01753
7.62,17.38,3.8871,52.0770,0.00000,0.01708
7.88,17.38,3.8909,52.5073,0.00000,0.01752
8.12,17.38,3.8769,52.3035,0.00000,0.01879
8.38,17.38,3.8512,51.1487,0.00000,0.02044
8.62,17.38,3.8354,49.7184,0.00000,0.02216
8.88,17.38,3.8452,48.8831,0.00000,0.02389
9.12,17.38,3.8490,48.7821,0.00000,0.02534
9.38,17.38,3.8482,49.3331,0.00000,0.02697
9.62,17.38,3.8539,50.7688,0.00000,0.02837
9.88,17.38,3.8560,52.8509,0.00000,0.02952
10.12,17.38,3.8605,55.2315,0.00000,0.03056
10.38,17.38,3.8729,57.3218,0.00000,0.03110
10.62,17.38,3.8914,58.5690,0.00000,0.03102
10.88,17.38,3.9101,59.0996,0.00000,0.03002
11.12,17.38,3.9107,59.3832,0.00000,0.02997
11.38,17.38,3.8954,59.8432,0.00000,0.02954
11.62,17.38,3.8883,61.1259,0.00000,0.02868
11.88,17.38,3.8857,63.2722,0.00000,0.02759
12.12,17.38,3.8759,65.4897,0.00000,0.02593
12.38,17.38,3.8731,67.4523,0.00000,0.02442
12.62,17.38,3.8702,69.0746,0.00000,0.02274
12.88,17.38,3.8609,70.7365,0.00000,0.02126
13.12,17.38,3.8612,73.1370,0.00000,0.02095
13.38,17.38,3.8715,76.6086,0.00000,0.02185
13.62,17.38,3.8702,80.3167,0.00000,0.02347
13.88,17.38,3.8625,83.2174,0.00000,0.02636
14.12,17.38,3.8520,84.7976,0.00000,0.03104
14.38,17.38,3.8381,86.1435,0.00000,0.03775
14.62,17.38,3.8254,88.3277,0.00000,0.04758
14.88,17.38,3.8119,90.8096,0.00000,0.06231
15.12,17.38,3.7891,92.8238,0.00007,0.08711
15.38,17.38,3.7477,94.4622,0.00175,0.13159
15.62,17.38,3.6848,94.7370,0.02045,0.20384
15.88,17.38,3.6404,93.2100,0.11262,0.30839
16.12,17.38,3.6179,91.3958,0.34725,0.44381
16.38,17.38,3.9188,97.9785,0.92716,0.56939
16.62,17.38,5.0155,128.9947,2.45647,0.58367
16.88,17.38,6.4745,174.1502,4.62181,0.46920
2.62,17.62,2.9599,39.0497,0.00000,0.18403
2.88,17.62,3.8741,33.4552,0.00000,0.24524
3.12,17.62,3.9104,27.2536,0.00000,0.24306
3.38,17.62,3.8426,23.7368,0.00000,0.22971
3.62,17.62,3.7319,23.9612,0.00000,0.18133
3.88,17.62,3.7134,25.8143,0.00000,0.14012
4.12,17.62,3.6882,28.3199,0.00000,0.11314
4.38,17.62,3.7198,30.2228,0.00000,0.09381
4.62,17.62,3.7210,32.4726,0.00000,0.07198
4.88,17.62,3.7547,34.9833,0.00000,0.05499
5.12,17.62,3.7755,37.5796,0.00000,0.04710
5.38,17.62,3.8167,39.8021,0.00000,0.04375
5.62,17.62,3.8356,42.7066,0.00000,0.03987
5.88,17.62,3.8582,45.4103,0.00000,0.03555
6.12,17.62,3.8786,47.2393,0.00000,0.03165
6.38,17.62,3.8874,48.6720,0.00000,0.02731
6.62,17.62,3.8639,49.8306,0.00000,0.02355
6.88,17.62,3.8469,50.5091,0.00000,0.02041
7.12,17.62,3.8532,50.7252,0.00000,0.01827
7.38,17.62,3.8695,50.8676,0.00000,0.01739
7.62,17.62,3.8920,51.1806,0.00000,0.01726
7.88,17.62,3.9094,51.2629,0.00000,0.01752
8.12,17.62,3.9090,50.9831,0.00000,0.01826
8.38,17.62,3.8971,50.2683,0.00000,0.01957
8.62,17.62,3.8955,49.2318,0.00000,0.02143
8.88,17.62,3.9151,48.2728,0.00000,0.02332
9.12,17.62,3.9275,47.8889,0.00000,0.02497
9.38,17.62,3.9267,48.3189,0.00000,0.02671
9.62,17.62,3.9307,49.8263,0.00000,0.02840
9.88,17.62,3.9391,52.0695,0.00000,0.02987
10.12,17.62,3.9535,54.5086,0.00000,0.03068
10.38,17.62,3.9752,56.6638,0.00000,0.03093
10.62,17.62,3.9992,58.0937,0.00000,0.02993
10.88,17.62,4.0164,58.8273,0.00000,0.02863
11.12,17.62,4.0213,59.4775,0.00000,0.02892
11.38,17.62,4.0220,60.3937,0.00000,0.02878
11.62,17.62,4.0293,61.8792,0.00000,0.02782
11.88,17.62,4.0347,64.0031,0.00000,0.02676
12.12,17.62,4.0321,66.0183,0.00000,0.02536
12.38,17.62,4.0350,67.6546,0.00000,0.02424
12.62,17.62,4.0401,69.4252,0.00000,0.02281
12.88,17.62,4.0342,71.7875,0.00000,0.02137
13.12,17.62,4.0180,74.5032,0.00000,0.02122
13.38,17.62,4.0048,77.3119,0.00000,0.02246
13.62,17.62,3.9897,80.1249,0.00000,0.02473
13.88,17.62,3.9782,82.6767,0.00000,0.02816
14.12,17.62,3.9566,84.3359,0.00000,0.03283
14.38,17.62,3.9167,85.7556,0.00000,0.03996
14.62,17.62,3.8744,87.4956,0.00000,0.05182
14.88,17.62,3.8325,88.8560,0.00002,0.07091
15.12,17.62,3.7828,89.2823,0.00027,0.10396
15.38,17.62,3.7200,89.0624,0.00145,0.16471
15.62,17.62,3.6479,87.6800,0.00557,0.26652
15.88,17.62,3.5489,84.9935,0.02281,0.43160
16.12,17.62,3.4076,82.0839,0.08514,0.68402
16.38,17.62,3.3971,82.9861,0.34742,0.99574
16.62,17.62,3.8326,99.0792,1.16333,1.21097
16.88,17.62,4.3572,126.2494,2.33362,1.20139
2.62,17.88,2.9565,39.6800,0.00000,0.17388
2.88,17.88,3.8482,34.0681,0.00000,0.23164
3.12,17.88,3.8918,27.8320,0.00000,0.22606
3.38,17.88,3.8225,24.2196,0.00000,0.20940
3.62,17.88,3.7122,24.4165,0.00000,0.16379
3.88,17.88,3.7035,26.3379,0.00000,0.12634
4.12,17.88,3.6734,28.9117,0.00000,0.10285
4.38,17.88,3.7138,30.4601,0.00000,0.08576
4.62,17.88,3.6904,32.2801,0.00000,0.06667
4.88,17.88,3.7287,34.8234,0.00000,0.05239
5.12,17.88,3.7557,37.5307,0.00000,0.04478
5.38,17.88,3.8063,39.5467,0.00000,0.04114
5.62,17.88,3.8344,42.0959,0.00000,0.03850
5.88,17.88,3.8669,44.9845,0.00000,0.03508
6.12,17.88,3.8834,47.4521,0.00000,0.03103
6.38,17.88,3.8927,49.2446,0.00000,0.02649
6.62,17.88,3.8860,50.2035,0.00000,0.02302
6.88,17.88,3.8753,50.2541,0.00000,0.02034
7.12,17.88,3.8816,49.5472,0.00000,0.01835
7.38,17.88,3.8998,48.8698,0.00000,0.01751
7.62,17.88,3.9267,48.9068,0.00000,0.01740
7.88,17.88,3.9396,49.0252,0.00000,0.01734
8.12,17.88,3.9410,48.8543,0.00000,0.01754
8.38,17.88,3.9452,48.5516,0.00000,0.01836
8.62,17.88,3.9534,48.1373,0.00000,0.01990
8.88,17.88,3.9639,47.5082,0.00000,0.02188
9.12,17.88,3.9775,47.0485,0.00000,0.02421
9.38,17.88,3.9797,47.2824,0.00000,0.02606
9.62,17.88,3.9761,48.6331,0.00000,0.02709
9.88,17.88,3.9819,50.9871,0.00000,0.02811
10.12,17.88,3.9924,53.7196,0.00000,0.02845
10.38,17.88,4.0046,56.1638,0.00000,0.02840
10.62,17.88,4.0144,57.8940,0.00000,0.02773
10.88,17.88,4.0167,58.8815,0.00000,0.02749
11.12,17.88,4.0151,59.7371,0.00000,0.02811
11.38,17.88,4.0159,60.8307,0.00000,0.02807
11.62,17.88,4.0169,62.4020,0.00000,0.02664
11.88,17.88,4.0215,64.4245,0.00000,0.02485
12.12,17.88,4.0319,66.2707,0.00000,0.02341
12.38,17.88,4.0438,67.8803,0.00000,0.02244
12.62,17.88,4.0530,69.8813,0.00000,0.02145
12.88,17.88,4.0469,72.4508,0.00000,0.02048
13.12,17.88,4.0207,75.0548,0.00000,0.02066
13.38,17.88,3.9965,77.4055,0.00000,0.02229
13.62,17.88,3.9812,79.7834,0.00000,0.02502
13.88,17.88,3.9788,82.3282,0.00000,0.02875
14.12,17.88,3.9642,84.5233,0.00000,0.03355
14.38,17.88,3.9322,86.3594,0.00000,0.04115
14.62,17.88,3.8871,87.8125,0.00001,0.05436
14.88,17.88,3.8315,88.2937,0.00026,0.07656
15.12,17.88,3.7595,87.5686,0.00320,0.11549
15.38,17.88,3.6842,86.0190,0.01467,0.18450
15.62,17.88,3.6308,83.7745,0.02634,0.29910
15.88,17.88,3.5185,81.1739,0.02199,0.48894
16.12,17.88,3.3251,78.4093,0.02271,0.79072
16.38,17.88,3.0750,74.1391,0.07551,1.22562
16.62,17.88,2.8551,71.7387,0.25435,1.69318
16.88,17.88,2.6712,75.1193,0.51601,1.97025
2.62,18.12,2.9785,40.4390,0.00000,0.16358
2.88,18.12,3.8461,34.6224,0.00000,0.21724
3.12,18.12,3.8652,28.3631,0.00000,0.20756
3.38,18.12,3.7907,25.0161,0.00000,0.18738
3.62,18.12,3.6870,25.4111,0.00000,0.14632
3.88,18.12,3.7032,26.9579,0.00000,0.11409
4.12,18.12,3.6797,29.2013,0.00000,0.09488
4.38,18.12,3.7103,30.6327,0.00000,0.08084
4.62,18.12,3.6676,32.3662,0.00000,0.06379
4.88,18.12,3.6940,34.9507,0.00000,0.05016
5.12,18.12,3.7304,37.6432,0.00000,0.04224
5.38,18.12,3.7748,39.5499,0.00000,0.03812
5.62,18.12,3.7914,41.7824,0.00000,0.03580
5.88,18.12,3.8086,44.5341,0.00000,0.03283
6.12,18.12,3.8270,47.3537,0.00000,0.02896
6.38,18.12,3.8390,49.6504,0.00000,0.02488
6.62,18.12,3.8419,50.8713,0.00000,0.02200
6.88,18.12,3.8347,50.8434,0.00000,0.02001
7.12,18.12,3.8262,49.6339,0.00000,0.01825
7.38,18.12,3.8299,48.1403,0.00000,0.01701
7.62,18.12,3.8412,47.6225,0.00000,0.01655
7.88,18.12,3.8458,47.7604,0.00000,0.01635
8.12,18.12,3.8546,47.7681,0.00000,0.01649
8.38,18.12,3.8778,47.6242,0.00000,0.01725
8.62,18.12,3.9039,47.4295,0.00000,0.01868
8.88,18.12,3.9217,47.0419,0.00000,0.02064
9.12,18.12,3.9400,46.6279,0.00000,0.02344
9.38,18.12,3.9493,46.8493,0.00000,0.02569
9.62,18.12,3.9474,48.2494,0.00000,0.02614
9.88,18.12,3.9528,50.6614,0.00000,0.02616
10.12,18.12,3.9646,53.4199,0.00000,0.02607
10.38,18.12,3.9741,55.8636,0.00000,0.02607
10.62,18.12,3.9831,57.7571,0.00000,0.02596
10.88,18.12,3.9908,59.0746,0.00000,0.02648
11.12,18.12,4.0008,60.0863,0.00000,0.02667
11.38,18.12,4.0093,61.2256,0.00000,0.02610
11.62,18.12,4.0106,62.8423,0.00000,0.02456
11.88,18.12,4.0156,64.7643,0.00000,0.02269
12.12,18.12,4.0280,66.7186,0.00000,0.02148
12.38,18.12,4.0386,68.7473,0.00000,0.02073
12.62,18.12,4.0437,70.9897,0.00000,0.02013
12.88,18.12,4.0321,73.2859,0.00000,0.01979
13.12,18.12,3.9976,75.4398,0.00000,0.02031
13.38,18.12,3.9749,77.3965,0.00000,0.02206
13.62,18.12,3.9708,79.6696,0.00000,0.02462
13.88,18.12,3.9657,82.5753,0.00000,0.02806
14.12,18.12,3.9420,85.5216,0.00000,0.03302
14.38,18.12,3.9099,87.6839,0.00000,0.04102
14.62,18.12,3.8754,88.9958,0.00006,0.05402
14.88,18.12,3.8237,89.3660,0.00141,0.07568
15.12,18.12,3.7660,88.5089,0.01534,0.11429
15.38,18.12,3.7242,86.2294,0.06751,0.18047
15.62,18.12,3.7009,83.3853,0.11877,0.28836
15.88,18.12,3.5705,81.3501,0.09253,0.45986
16.12,18.12,3.3370,79.4336,0.06030,0.73152
16.38,18.12,3.0610,75.4445,0.09343,1.15865
16.62,18.12,2.7972,73.3343,0.22540,1.66137
16.88,18.12,2.5820,76.3874,0.43890,1.99784
2.62,18.38,2.9583,41.5524,0.00000,0.14559
2.88,18.38,3.7928,35.3293,0.00000,0.19326
3.12,18.38,3.8088,28.8441,0.00000,0.18480
3.38,18.38,3.7510,25.8151,0.00000,0.16652
3.62,18.38,3.6668,26.5732,0.00000,0.13111
3.88,18.38,3.7083,27.6945,0.00000,0.10383
4.12,18.38,3.6969,29.3849,0.00000,0.08802
4.38,18.38,3.6999,30.8284,0.00000,0.07597
4.62,18.38,3.6672,32.7519,0.00000,0.06112
4.88,18.38,3.6933,35.2369,0.00000,0.04802
5.12,18.38,3.7270,37.6896,0.00000,0.03986
5.38,18.38,3.7579,39.2862,0.00000,0.03533
5.62,18.38,3.7730,40.9669,0.00000,0.03299
5.88,18.38,3.7854,43.3700,0.00000,0.03074
6.12,18.38,3.7948,46.4763,0.00000,0.02745
6.38,18.38,3.8036,49.1675,0.00000,0.02376
6.62,18.38,3.8158,50.4139,0.00000,0.02117
6.88,18.38,3.8343,50.5763,0.00000,0.01960
7.12,18.38,3.8500,49.9976,0.00000,0.01817
7.38,18.38,3.8621,48.8837,0.00000,0.01680
7.62,18.38,3.8697,48.0261,0.00000,0.01602
7.88,18.38,3.8825,47.7122,0.00000,0.01587
8.12,18.38,3.9004,47.5771,0.00000,0.01614
8.38,18.38,3.9180,47.4052,0.00000,0.01700
8.62,18.38,3.9257,47.2082,0.00000,0.01854
8.88,18.38,3.9202,47.1136,0.00000,0.02060
9.12,18.38,3.9089,47.3100,0.00000,0.02370
9.38,18.38,3.9024,48.1237,0.00000,0.02623
9.62,18.38,3.8966,49.7782,0.00000,0.02646
9.88,18.38,3.8897,51.9913,0.00000,0.02603
10.12,18.38,3.8863,54.3717,0.00000,0.02560
10.38,18.38,3.8882,56.5636,0.00000,0.02563
10.62,18.38,3.8970,58.6113,0.00000,0.02600
10.88,18.38,3.9080,60.3610,0.00000,0.02658
11.12,18.38,3.9259,61.6839,0.00000,0.02551
11.38,18.38,3.9425,63.0122,0.00000,0.02361
11.62,18.38,3.9479,64.7039,0.00000,0.02219
11.88,18.38,3.9494,66.4650,0.00000,0.02105
12.12,18.38,3.9520,68.4115,0.00000,0.02032
12.38,18.38,3.9562,70.7105,0.00000,0.01993
12.62,18.38,3.9682,73.1046,0.00000,0.01958
12.88,18.38,3.9807,75.4631,0.00000,0.01957
13.12,18.38,3.9715,77.8354,0.00000,0.02016
13.38,18.38,3.9598,79.7323,0.00000,0.02172
13.62,18.38,3.9617,81.5445,0.00000,0.02402
13.88,18.38,3.9530,84.1249,0.00000,0.02717
14.12,18.38,3.9261,87.1196,0.00000,0.03200
14.38,18.38,3.8894,89.3266,0.00002,0.03944
14.62,18.38,3.8586,90.8591,0.00033,0.05062
14.88,18.38,3.8150,91.7062,0.00503,0.06903
15.12,18.38,3.7652,91.2951,0.03755,0.10105
15.38,18.38,3.7418,88.9729,0.13371,0.15465
15.62,18.38,3.7508,86.2072,0.21941,0.24217
15.88,18.38,3.6324,84.7577,0.17698,0.37486
16.12,18.38,3.4143,83.9435,0.13219,0.58138
16.38,18.38,3.3284,86.6572,0.28178,0.90431
16.62,18.38,3.5577,105.0574,0.88104,1.21063
16.88,18.38,3.8895,133.3875,1.83051,1.31494
2.62,18.62,3.0120,42.9511,0.00000,0.12890
2.88,18.62,3.7963,36.6135,0.00000,0.17005
3.12,18.62,3.7872,29.8686,0.00000,0.16148
3.38,18.62,3.7161,26.5061,0.00000,0.14467
3.62,18.62,3.6457,27.1761,0.00000,0.11598
3.88,18.62,3.6774,28.1086,0.00000,0.09388
4.12,18.62,3.6681,29.5086,0.00000,0.07977
4.38,18.62,3.6615,31.0475,0.00000,0.06803
4.62,18.62,3.6379,33.1070,0.00000,0.05573
4.88,18.62,3.6563,35.2094,0.00000,0.04494
5.12,18.62,3.6647,37.3353,0.00000,0.03779
5.38,18.62,3.6702,38.7998,0.00000,0.03313
5.62,18.62,3.6613,39.9688,0.00000,0.03018
5.88,18.62,3.6626,41.7926,0.00000,0.02850
6.12,18.62,3.6652,44.7996,0.00000,0.02614
6.38,18.62,3.6739,47.4907,0.00000,0.02271
6.62,18.62,3.6937,48.5906,0.00000,0.01999
6.88,18.62,3.7242,48.9172,0.00000,0.01826
7.12,18.62,3.7548,49.2675,0.00000,0.01709
7.38,18.62,3.7703,49.3617,0.00000,0.01617
7.62,18.62,3.7746,49.0067,0.00000,0.01553
7.88,18.62,3.7850,48.5834,0.00000,0.01552
8.12,18.62,3.8051,48.3616,0.00000,0.01604
8.38,18.62,3.8271,48.1885,0.00000,0.01733
8.62,18.62,3.8385,47.9863,0.00000,0.01931
8.88,18.62,3.8373,48.1529,0.00000,0.02138
9.12,18.62,3.8280,49.0106,0.00000,0.02420
9.38,18.62,3.8279,50.3784,0.00000,0.02656
9.62,18.62,3.8319,51.9348,0.00000,0.02697
9.88,18.62,3.8245,53.4845,0.00000,0.02700
10.12,18.62,3.8131,55.2803,0.00000,0.02678
10.38,18.62,3.8077,57.2257,0.00000,0.02662
10.62,18.62,3.8116,59.3293,0.00000,0.02705
10.88,18.62,3.8193,61.3414,0.00000,0.02735
11.12,18.62,3.8334,63.0167,0.00000,0.02553
11.38,18.62,3.8492,64.6348,0.00000,0.02306
11.62,18.62,3.8583,66.4156,0.00000,0.02195
11.88,18.62,3.8600,68.1413,0.00000,0.02136
12.12,18.62,3.8560,69.9503,0.00000,0.02065
12.38,18.62,3.8467,72.0753,0.00000,0.02012
12.62,18.62,3.8463,74.3607,0.00000,0.01964
12.88,18.62,3.8553,76.9355,0.00000,0.01958
13.12,18.62,3.8565,79.8785,0.00000,0.02005
13.38,18.62,3.8519,82.2660,0.00000,0.02127
13.62,18.62,3.8602,84.0064,0.00000,0.02334
13.88,18.62,3.8673,86.2310,0.00001,0.02615
14.12,18.62,3.8543,89.1551,0.00008,0.03020
14.38,18.62,3.8376,91.6705,0.00040,0.03640
14.62,18.62,3.8293,93.7591,0.00177,0.04536
14.88,18.62,3.8019,94.9853,0.01550,0.05925
15.12,18.62,3.7567,94.6083,0.07811,0.08230
15.38,18.62,3.7449,92.9037,0.18459,0.11964
15.62,18.62,3.7657,91.1476,0.25159,0.17765
15.88,18.62,3.6830,90.3822,0.23867,0.26188
16.12,18.62,3.5365,91.7174,0.22913,0.38883
16.38,18.62,3.6854,102.6195,0.50374,0.57425
16.62,18.62,4.4268,139.1305,1.57924,0.69847
16.88,18.62,5.4793,189.1318,3.28459,0.65796
2.62,18.88,3.0429,43.7599,0.00000,0.10934
2.88,18.88,3.7556,37.8707,0.00000,0.14286
3.12,18.88,3.7604,31.1387,0.00000,0.13606
3.38,18.88,3.7135,27.0419,0.00000,0.12244
3.62,18.88,3.6547,27.2378,0.00000,0.10066
3.88,18.88,3.6615,28.1851,0.00000,0.08346
4.12,18.88,3.6366,29.5542,0.00000,0.07065
4.38,18.88,3.6429,31.1411,0.00000,0.05988
4.62,18.88,3.6401,33.1487,0.00000,0.05045
4.88,18.88,3.6699,34.8727,0.00000,0.04269
5.12,18.88,3.6784,36.5905,0.00000,0.03677
5.38,18.88,3.6880,37.9610,0.00000,0.03193
5.62,18.88,3.6847,39.1351,0.00000,0.02855
5.88,18.88,3.6851,40.6212,0.00000,0.02758
6.12,18.88,3.6886,42.7254,0.00000,0.02641
6.38,18.88,3.7129,44.7080,0.00000,0.02318
6.62,18.88,3.7458,45.8218,0.00000,0.01997
6.88,18.88,3.7653,46.3309,0.00000,0.01782
7.12,18.88,3.7825,47.2096,0.00000,0.01664
7.38,18.88,3.7932,48.4753,0.00000,0.01604
7.62,18.88,3.8089,49.3573,0.00000,0.01581
7.88,18.88,3.8306,49.6091,0.00000,0.01623
8.12,18.88,3.8483,49.6920,0.00000,0.01719
8.38,18.88,3.8510,49.8193,0.00000,0.01888
8.62,18.88,3.8469,49.9768,0.00000,0.02078
8.88,18.88,3.8394,50.4695,0.00000,0.02217
9.12,18.88,3.8245,51.4486,0.00000,0.02377
9.38,18.88,3.8170,52.7620,0.00000,0.02558
9.62,18.88,3.8280,53.9901,0.00000,0.02685
9.88,18.88,3.8409,55.1060,0.00000,0.02824
10.12,18.88,3.8427,56.7411,0.00000,0.02889
10.38,18.88,3.8296,58.7876,0.00000,0.02838
10.62,18.88,3.8232,60.9507,0.00000,0.02830
10.88,18.88,3.8322,63.0944,0.00000,0.02803
11.12,18.88,3.8402,65.1002,0.00000,0.02615
11.38,18.88,3.8364,66.9805,0.00000,0.02425
11.62,18.88,3.8256,68.7906,0.00000,0.02365
11.88,18.88,3.8182,70.6816,0.00000,0.02320
12.12,18.88,3.8114,72.7456,0.00000,0.02159
12.38,18.88,3.8045,75.0439,0.00000,0.02008
12.62,18.88,3.8092,77.5027,0.00000,0.01950
12.88,18.88,3.8215,80.0431,0.00000,0.01969
13.12,18.88,3.8314,82.9008,0.00000,0.01998
13.38,18.88,3.8407,85.6108,0.00000,0.02069
13.62,18.88,3.8561,87.6369,0.00000,0.02237
13.88,18.88,3.8676,89.7440,0.00008,0.02472
14.12,18.88,3.8546,92.6337,0.00099,0.02745
14.38,18.88,3.8376,95.4651,0.00450,0.03171
14.62,18.88,3.8259,97.6289,0.00924,0.03803
14.88,18.88,3.8174,98.8859,0.02794,0.04735
15.12,18.88,3.8242,98.9768,0.11175,0.06180
15.38,18.88,3.8579,98.4385,0.23005,0.08337
15.62,18.88,3.9072,97.8374,0.31945,0.11219
15.88,18.88,3.8475,98.3755,0.38312,0.14806
16.12,18.88,3.6897,101.9536,0.39594,0.19965
16.38,18.88,3.8702,113.5784,0.59611,0.27700
16.62,18.88,4.3945,141.7293,1.33402,0.32096
16.88,18.88,5.1440,177.4187,2.54503,0.28081
2.62,19.12,3.0871,43.9986,0.00000,0.09401
2.88,19.12,3.7197,38.4741,0.00000,0.12045
3.12,19.12,3.7098,31.8042,0.00000,0.11378
3.38,19.12,3.6779,27.2523,0.00000,0.10151
3.62,19.12,3.6098,26.9992,0.00000,0.08464
3.88,19.12,3.6034,27.8592,0.00000,0.07187
4.12,19.12,3.5527,29.1406,0.00000,0.06099
4.38,19.12,3.5530,30.6517,0.00000,0.05165
4.62,19.12,3.5599,32.5409,0.00000,0.04501
4.88,19.12,3.5877,34.1694,0.00000,0.03990
5.12,19.12,3.6031,35.5882,0.00000,0.03457
5.38,19.12,3.6105,36.7881,0.00000,0.02927
5.62,19.12,3.6098,38.1292,0.00000,0.02564
5.88,19.12,3.6107,39.5887,0.00000,0.02485
6.12,19.12,3.6110,40.8840,0.00000,0.02482
6.38,19.12,3.6312,42.2260,0.00000,0.02276
6.62,19.12,3.6601,43.5770,0.00000,0.01960
6.88,19.12,3.6700,44.4740,0.00000,0.01726
7.12,19.12,3.6855,45.5680,0.00000,0.01599
7.38,19.12,3.7043,47.2021,0.00000,0.01551
7.62,19.12,3.7304,48.8483,0.00000,0.01571
7.88,19.12,3.7614,49.8146,0.00000,0.01643
8.12,19.12,3.7884,50.2527,0.00000,0.01772
8.38,19.12,3.8020,50.7251,0.00000,0.01957
8.62,19.12,3.8109,51.3058,0.00000,0.02102
8.88,19.12,3.8109,51.8691,0.00000,0.02182
9.12,19.12,3.8000,52.4078,0.00000,0.02279
9.38,19.12,3.7947,53.4643,0.00000,0.02451
9.62,19.12,3.8057,54.7790,0.00000,0.02675
9.88,19.12,3.8197,56.0521,0.00000,0.02923
10.12,19.12,3.8243,57.7804,0.00000,0.03043
10.38,19.12,3.8153,60.0821,0.00000,0.02989
10.62,19.12,3.8096,62.4475,0.00000,0.02957
10.88,19.12,3.8185,64.6903,0.00000,0.02889
11.12,19.12,3.8265,67.0741,0.00000,0.02739
11.38,19.12,3.8186,69.3574,0.00000,0.02648
11.62,19.12,3.8044,71.3071,0.00001,0.02634
11.88,19.12,3.7933,73.2114,0.00003,0.02578
12.12,19.12,3.7822,75.3377,0.00005,0.02312
12.38,19.12,3.7766,77.8982,0.00003,0.02071
12.62,19.12,3.7791,80.6256,0.00001,0.01998
12.88,19.12,3.7850,83.2430,0.00000,0.02011
13.12,19.12,3.7909,86.0755,0.00000,0.01998
13.38,19.12,3.8009,88.8440,0.00000,0.02002
13.62,19.12,3.8200,91.1380,0.00001,0.02104
13.88,19.12,3.8331,93.4913,0.00038,0.02268
14.12,19.12,3.8266,96.4590,0.00468,0.02444
14.38,19.12,3.8178,99.3985,0.02116,0.02727
14.62,19.12,3.8013,101.2231,0.03673,0.03124
14.88,19.12,3.7904,102.6464,0.03757,0.03715
15.12,19.12,3.8190,104.1998,0.07979,0.04545
15.38,19.12,3.8830,105.3028,0.18545,0.05564
15.62,19.12,3.9885,105.8516,0.34983,0.06722
15.88,19.12,3.9813,107.2437,0.49373,0.07686
16.12,19.12,3.8185,110.8918,0.51532,0.08884
16.38,19.12,3.9140,118.7996,0.59503,0.11282
16.62,19.12,3.9418,131.6553,0.78038,0.12654
16.88,19.12,4.0511,146.2672,1.11521,0.10752
2.62,19.38,3.0850,45.6767,0.00000,0.08202
2.88,19.38,3.6264,40.1423,0.00000,0.10233
3.12,19.38,3.6306,33.2089,0.00000,0.09464
3.38,19.38,3.6571,27.9783,0.00000,0.08340
3.62,19.38,3.6101,27.0323,0.00000,0.07044
3.88,19.38,3.6143,27.6753,0.00000,0.06124
4.12,19.38,3.5731,28.8435,0.00000,0.05298
4.38,19.38,3.5816,30.2111,0.00000,0.04551
4.62,19.38,3.6071,31.8353,0.00000,0.04093
4.88,19.38,3.6411,33.2084,0.00000,0.03760
5.12,19.38,3.6713,34.3962,0.00000,0.03297
5.38,19.38,3.6943,35.5632,0.00000,0.02785
5.62,19.38,3.6991,37.0461,0.00000,0.02412
5.88,19.38,3.6989,38.7445,0.00000,0.02279
6.12,19.38,3.7071,40.0495,0.00000,0.02326
6.38,19.38,3.7266,41.4055,0.00000,0.02258
6.62,19.38,3.7510,43.1877,0.00000,0.01980
6.88,19.38,3.7573,44.7292,0.00000,0.01722
7.12,19.38,3.7614,46.0725,0.00000,0.01573
7.38,19.38,3.7667,47.5614,0.00000,0.01522
7.62,19.38,3.7849,49.2805,0.00000,0.01541
7.88,19.38,3.8087,50.8013,0.00000,0.01584
8.12,19.38,3.8286,51.6978,0.00000,0.01671
8.38,19.38,3.8447,52.3500,0.00000,0.01810
8.62,19.38,3.8503,53.1606,0.00000,0.01920
8.88,19.38,3.8387,53.9238,0.00000,0.01980
9.12,19.38,3.8178,54.4452,0.00000,0.02062
9.38,19.38,3.8101,55.6980,0.00000,0.02201
9.62,19.38,3.8097,57.6847,0.00000,0.02415
9.88,19.38,3.8074,59.5926,0.00000,0.02673
10.12,19.38,3.8107,61.5351,0.00000,0.02824
10.38,19.38,3.8251,64.0076,0.00000,0.02810
10.62,19.38,3.8302,66.4444,0.00000,0.02746
10.88,19.38,3.8327,68.4938,0.00001,0.02689
11.12,19.38,3.8439,70.9011,0.00003,0.02668
11.38,19.38,3.8420,73.4937,0.00008,0.02656
11.62,19.38,3.8296,75.6780,0.00029,0.02613
11.88,19.38,3.8133,77.5632,0.00109,0.02520
12.12,19.38,3.8056,79.7250,0.00175,0.02314
12.38,19.38,3.8121,82.4840,0.00105,0.02149
12.62,19.38,3.8253,85.3621,0.00024,0.02074
12.88,19.38,3.8230,88.2429,0.00005,0.02014
13.12,19.38,3.8267,91.2072,0.00008,0.01973
13.38,19.38,3.8247,93.9952,0.00008,0.01943
13.62,19.38,3.8212,96.6806,0.00007,0.01955
13.88,19.38,3.8260,99.2503,0.00089,0.02004
14.12,19.38,3.8247,101.7941,0.01070,0.02125
14.38,19.38,3.8360,104.1992,0.04972,0.02351
14.62,19.38,3.8441,105.6237,0.09122,0.02617
14.88,19.38,3.8151,107.1408,0.07662,0.02984
15.12,19.38,3.7830,109.5653,0.06479,0.03442
15.38,19.38,3.8192,111.9890,0.13316,0.03906
15.62,19.38,3.9105,113.4559,0.29361,0.04428
15.88,19.38,3.9678,114.0994,0.45501,0.04804
16.12,19.38,3.8738,114.6207,0.52766,0.05073
16.38,19.38,3.9043,117.4552,0.57643,0.05724
16.62,19.38,3.8232,121.9440,0.57740,0.05965
16.88,19.38,3.8547,128.3585,0.60515,0.04982
2.62,19.62,3.1153,47.4271,0.00000,0.07361
2.88,19.62,3.6132,42.1656,0.00000,0.08951
3.12,19.62,3.6176,35.2541,0.00000,0.07847
3.38,19.62,3.6459,29.3733,0.00000,0.06538
3.62,19.62,3.6177,27.8256,0.00000,0.05607
3.88,19.62,3.6172,28.2341,0.00000,0.05024
4.12,19.62,3.5800,29.0149,0.00000,0.04391
4.38,19.62,3.5829,29.9126,0.00000,0.03794
4.62,19.62,3.5990,31.0299,0.00000,0.03481
4.88,19.62,3.6320,32.0909,0.00000,0.03304
5.12,19.62,3.6608,33.3320,0.00000,0.03032
5.38,19.62,3.6878,34.7169,0.00000,0.02697
5.62,19.62,3.7068,36.3887,0.00000,0.02400
5.88,19.62,3.7134,38.3650,0.00000,0.02232
6.12,19.62,3.7198,40.0272,0.00000,0.02233
6.38,19.62,3.7318,41.5906,0.00000,0.02182
6.62,19.62,3.7541,43.5734,0.00000,0.01937
6.88,19.62,3.7701,45.5990,0.00000,0.01671
7.12,19.62,3.7793,47.4125,0.00000,0.01521
7.38,19.62,3.7816,49.1283,0.00000,0.01476
7.62,19.62,3.7984,51.0262,0.00000,0.01481
7.88,19.62,3.8220,53.2017,0.00000,0.01489
8.12,19.62,3.8435,54.9858,0.00000,0.01497
8.38,19.62,3.8622,56.0774,0.00000,0.01551
8.62,19.62,3.8676,56.8823,0.00000,0.01653
8.88,19.62,3.8592,57.8344,0.00000,0.01762
9.12,19.62,3.8415,58.7659,0.00000,0.01899
9.38,19.62,3.8335,60.3575,0.00000,0.02019
9.62,19.62,3.8324,62.8611,0.00000,0.02161
9.88,19.62,3.8315,65.3272,0.00000,0.02385
10.12,19.62,3.8401,67.5439,0.00000,0.02554
10.38,19.62,3.8600,70.0017,0.00000,0.02549
10.62,19.62,3.8642,72.3723,0.00002,0.02430
10.88,19.62,3.8614,74.5412,0.00024,0.02364
11.12,19.62,3.8645,77.0826,0.00111,0.02396
11.38,19.62,3.8590,79.7409,0.00219,0.02407
11.62,19.62,3.8418,81.8822,0.00469,0.02369
11.88,19.62,3.8336,83.8528,0.01426,0.02297
12.12,19.62,3.8373,86.5241,0.02185,0.02195
12.38,19.62,3.8353,89.4987,0.01297,0.02103
12.62,19.62,3.8439,92.3869,0.00306,0.02045
12.88,19.62,3.8383,95.4262,0.00128,0.01972
13.12,19.62,3.8485,98.4618,0.00248,0.01937
13.38,19.62,3.8462,101.2174,0.00279,0.01905
13.62,19.62,3.8346,103.9125,0.00161,0.01855
13.88,19.62,3.8417,106.5895,0.00254,0.01803
14.12,19.62,3.8490,108.9495,0.02206,0.01843
14.38,19.62,3.8756,110.5614,0.10082,0.01985
14.62,19.62,3.9296,110.8962,0.20488,0.02173
14.88,19.62,3.9235,111.5174,0.20575,0.02418
15.12,19.62,3.8395,113.8287,0.15438,0.02698
15.38,19.62,3.8674,116.9180,0.17131,0.02984
15.62,19.62,3.9125,118.6553,0.24340,0.03285
15.88,19.62,3.9701,117.9378,0.38737,0.03573
16.12,19.62,3.9494,114.9249,0.54121,0.03739
16.38,19.62,3.9644,113.2595,0.61712,0.03959
16.62,19.62,3.9755,114.9475,0.74481,0.03897
16.88,19.62,4.2421,121.2633,1.03801,0.03162
2.62,19.88,3.0559,47.2608,0.00000,0.06517
2.88,19.88,3.6702,43.6037,0.00000,0.07977
3.12,19.88,3.7320,38.2457,0.00000,0.06733
3.38,19.88,3.7790,32.5776,0.00000,0.05291
3.62,19.88,3.7954,30.9404,0.00000,0.04676
3.88,19.88,3.8401,31.3255,0.00000,0.04374
4.12,19.88,3.8560,31.7192,0.00000,0.03847
4.38,19.88,3.8646,32.1095,0.00000,0.03324
4.62,19.88,3.8769,32.8135,0.00000,0.03105
4.88,19.88,3.9042,33.8440,0.00000,0.03013
5.12,19.88,3.9068,35.2403,0.00000,0.02883
5.38,19.88,3.9117,36.7734,0.00000,0.02703
5.62,19.88,3.9486,38.5720,0.00000,0.02463
5.88,19.88,3.9770,40.6817,0.00000,0.02262
6.12,19.88,3.9850,42.7531,0.00000,0.02188
6.38,19.88,3.9834,44.6752,0.00000,0.02082
6.62,19.88,3.9911,46.7265,0.00000,0.01848
6.88,19.88,4.0020,49.1092,0.00000,0.01598
7.12,19.88,4.0124,51.6576,0.00000,0.01470
7.38,19.88,4.0143,54.1180,0.00000,0.01454
7.62,19.88,4.0011,56.5933,0.00000,0.01450
7.88,19.88,3.9960,59.5135,0.00000,0.01411
8.12,19.88,4.0139,62.4883,0.00000,0.01341
8.38,19.88,4.0176,64.6213,0.00000,0.01294
8.62,19.88,3.9927,65.7064,0.00000,0.01347
8.88,19.88,3.9616,66.8147,0.00000,0.01462
9.12,19.88,3.9295,68.3438,0.00000,0.01619
9.38,19.88,3.9110,70.4796,0.00000,0.01713
9.62,19.88,3.9115,73.3777,0.00000,0.01744
9.88,19.88,3.9112,76.2206,0.00000,0.01849
10.12,19.88,3.9162,78.6098,0.00000,0.01964
10.38,19.88,3.9303,80.9762,0.00001,0.01961
10.62,19.88,3.9241,83.4662,0.00024,0.01829
10.88,19.88,3.9093,86.3687,0.00297,0.01737
11.12,19.88,3.9155,89.9087,0.01350,0.01758
11.38,19.88,3.9216,93.1460,0.02502,0.01815
11.62,19.88,3.9051,95.4164,0.03530,0.01871
11.88,19.88,3.9313,97.8327,0.07562,0.01862
12.12,19.88,3.9566,101.2069,0.10429,0.01754
12.38,19.88,3.9052,103.9201,0.05979,0.01636
12.62,19.88,3.8637,106.1633,0.01543,0.01636
12.88,19.88,3.8721,108.6747,0.01389,0.01677
13.12,19.88,3.9255,111.6166,0.03029,0.01713
13.38,19.88,3.9365,114.3840,0.03414,0.01727
13.62,19.88,3.8966,117.0025,0.01924,0.01667
13.88,19.88,3.8907,119.8988,0.01431,0.01591
14.12,19.88,3.9198,122.4334,0.05755,0.01573
14.38,19.88,3.9821,123.1769,0.18799,0.01634
14.62,19.88,4.0740,121.5708,0.35377,0.01760
14.88,19.88,4.0778,120.1020,0.37845,0.01912
15.12,19.88,3.9535,121.3431,0.28442,0.02073
15.38,19.88,4.0233,124.1706,0.26601,0.02283
15.62,19.88,4.0320,125.2682,0.30651,0.02412
15.88,19.88,4.0371,123.7685,0.43214,0.02429
16.12,19.88,4.0741,120.8639,0.60398,0.02455
16.38,19.88,4.1053,118.4098,0.74171,0.02653
16.62,19.88,4.1898,119.7794,1.05181,0.02671
16.88,19.88,4.7161,128.1981,1.67750,0.02128
2.62,20.12,2.9424,45.0076,0.00000,0.06007
2.88,20.12,3.6546,44.0248,0.00000,0.07440
3.12,20.12,3.6772,41.7204,0.00000,0.06055
3.38,20.12,3.7377,37.3812,0.00000,0.04554
3.62,20.12,3.7721,35.8345,0.00000,0.04058
3.88,20.12,3.8092,35.7850,0.00000,0.03783
4.12,20.12,3.8388,35.7024,0.00000,0.03316
4.38,20.12,3.8318,35.7556,0.00000,0.02866
4.62,20.12,3.8383,36.1888,0.00000,0.02684
4.88,20.12,3.8631,37.4364,0.00000,0.02613
5.12,20.12,3.8678,39.3924,0.00000,0.02575
5.38,20.12,3.8795,41.4448,0.00000,0.02464
5.62,20.12,3.9213,43.3846,0.00000,0.02187
5.88,20.12,3.9554,45.3658,0.00000,0.01920
6.12,20.12,3.9717,47.5639,0.00000,0.01798
6.38,20.12,3.9761,49.8244,0.00000,0.01685
6.62,20.12,3.9875,52.2083,0.00000,0.01499
6.88,20.12,3.9960,54.9556,0.00000,0.01320
7.12,20.12,4.0055,58.0849,0.00000,0.01243
7.38,20.12,4.0170,61.3823,0.00000,0.01284
7.62,20.12,4.0052,64.7631,0.00000,0.01320
7.88,20.12,3.9992,68.4365,0.00000,0.01274
8.12,20.12,4.0120,72.2954,0.00000,0.01169
8.38,20.12,4.0102,75.5219,0.00000,0.01058
8.62,20.12,3.9807,77.4941,0.00000,0.01034
8.88,20.12,3.9536,79.2079,0.00000,0.01055
9.12,20.12,3.9240,81.3249,0.00000,0.01110
9.38,20.12,3.9094,83.9406,0.00000,0.01155
9.62,20.12,3.9164,87.3317,0.00000,0.01153
9.88,20.12,3.9189,90.7452,0.00000,0.01174
10.12,20.12,3.9225,93.6150,0.00000,0.01213
10.38,20.12,3.9312,96.4296,0.00003,0.01207
10.62,20.12,3.9240,99.8622,0.00115,0.01127
10.88,20.12,3.9158,103.8075,0.01408,0.01077
11.12,20.12,3.9491,108.1931,0.06386,0.01122
11.38,20.12,3.9586,111.5785,0.11541,0.01216
11.62,20.12,3.9351,113.6709,0.12879,0.01297
11.88,20.12,3.9955,116.6766,0.18593,0.01305
12.12,20.12,4.0190,120.7972,0.20999,0.01206
12.38,20.12,3.9371,123.3503,0.11092,0.01116
12.62,20.12,3.8867,125.1974,0.03464,0.01154
12.88,20.12,3.9153,127.2175,0.06267,0.01226
13.12,20.12,4.0221,130.0735,0.14346,0.01301
13.38,20.12,4.0359,132.6492,0.16177,0.01359
13.62,20.12,3.9364,135.0638,0.09091,0.01330
13.88,20.12,3.9300,137.5535,0.05942,0.01310
14.12,20.12,4.0052,139.8432,0.16579,0.01305
14.38,20.12,4.0898,140.1599,0.35162,0.01316
14.62,20.12,4.1530,137.7430,0.51237,0.01377
14.88,20.12,4.1869,134.7982,0.55823,0.01465
15.12,20.12,4.0429,133.9757,0.40438,0.01545
15.38,20.12,4.0790,135.0660,0.38683,0.01678
15.62,20.12,4.0643,135.0723,0.59478,0.01684
15.88,20.12,4.1491,132.5855,0.79706,0.01504
16.12,20.12,4.2202,130.2307,0.89443,0.01415
16.38,20.12,4.1372,129.2945,0.97225,0.01612
16.62,20.12,4.1103,130.3313,1.11303,0.01751
16.88,20.12,4.5925,138.3252,1.56255,0.01423
2.62,20.38,2.7053,46.9377,0.00000,0.05867
2.88,20.38,3.3288,47.4320,0.00000,0.07193
3.12,20.38,3.2814,47.0755,0.00000,0.05606
3.38,20.38,3.3713,43.9480,0.00000,0.04053
3.62,20.38,3.4701,42.1279,0.00000,0.03609
3.88,20.38,3.4828,40.9060,0.00000,0.03246
4.12,20.38,3.4483,40.1282,0.00000,0.02758
4.38,20.38,3.3965,39.9042,0.00000,0.02339
4.62,20.38,3.3883,39.8052,0.00000,0.02155
4.88,20.38,3.4187,40.9068,0.00000,0.02150
5.12,20.38,3.4597,43.3813,0.00000,0.02274
5.38,20.38,3.4924,45.8326,0.00000,0.02229
5.62,20.38,3.5059,47.4312,0.00000,0.01874
5.88,20.38,3.5289,48.7307,0.00000,0.01542
6.12,20.38,3.5652,50.5146,0.00000,0.01412
6.38,20.38,3.5974,52.7741,0.00000,0.01304
6.62,20.38,3.6250,55.5212,0.00000,0.01153
6.88,20.38,3.6342,58.4831,0.00000,0.01044
7.12,20.38,3.6480,61.7064,0.00000,0.01003
7.38,20.38,3.6868,65.2828,0.00000,0.01075
7.62,20.38,3.7313,69.2249,0.00000,0.01175
7.88,20.38,3.7473,73.2526,0.00000,0.01167
8.12,20.38,3.7194,77.3275,0.00000,0.01045
8.38,20.38,3.6773,81.1208,0.00000,0.00892
8.62,20.38,3.6249,83.9286,0.00000,0.00814
8.88,20.38,3.6081,86.3593,0.00000,0.00759
9.12,20.38,3.6060,88.8501,0.00000,0.00738
9.38,20.38,3.6059,91.6942,0.00000,0.00760
9.62,20.38,3.6026,95.6957,0.00000,0.00760
9.88,20.38,3.5983,100.0071,0.00000,0.00745
10.12,20.38,3.5912,103.5178,0.00000,0.00735
10.38,20.38,3.5681,106.7334,0.00008,0.00719
10.62,20.38,3.5718,111.1248,0.00256,0.00697
10.88,20.38,3.6226,115.6604,0.03125,0.00707
11.12,20.38,3.7246,120.1238,0.14164,0.00769
11.38,20.38,3.7608,123.0826,0.25353,0.00845
11.62,20.38,3.7362,124.6147,0.25440,0.00892
11.88,20.38,3.7939,127.8152,0.27187,0.00899
12.12,20.38,3.7754,132.4344,0.23395,0.00851
12.38,20.38,3.7327,135.6227,0.10541,0.00845
12.62,20.38,3.7928,138.3975,0.04546,0.00905
12.88,20.38,3.8969,140.8665,0.13649,0.00933
13.12,20.38,4.0714,143.7084,0.31828,0.00983
13.38,20.38,4.0836,145.3825,0.35898,0.01044
13.62,20.38,3.9190,146.9252,0.20166,0.01048
13.88,20.38,3.9077,148.4681,0.12944,0.01078
14.12,20.38,4.0916,150.6507,0.33697,0.01097
14.38,20.38,4.3122,151.5467,0.62368,0.01100
14.62,20.38,4.4124,149.8083,0.79620,0.01123
14.88,20.38,4.4995,147.2603,0.87331,0.01175
15.12,20.38,4.2690,145.5709,0.61715,0.01218
15.38,20.38,4.1674,145.2723,0.60747,0.01268
15.62,20.38,4.1904,144.8447,1.10046,0.01204
15.88,20.38,4.4248,141.1262,1.48144,0.01018
16.12,20.38,4.5284,136.5662,1.51847,0.00917
16.38,20.38,4.2619,136.4928,1.47839,0.01029
16.62,20.38,3.8119,138.9716,1.27963,0.01145
16.88,20.38,3.9647,146.7908,1.38785,0.00938
