x,y,rho,contact,casualty,pressure
2.62,0.12,0.3075,0.0014,0.00000,0.21792
2.88,0.12,0.6166,0.0040,0.00000,0.40992
3.12,0.12,0.8702,0.0090,0.00000,0.54777
3.38,0.12,0.9129,0.0154,0.00000,0.55364
3.62,0.12,0.9971,0.0195,0.00000,0.55968
3.88,0.12,1.1654,0.0177,0.00000,0.59884
4.12,0.12,1.2228,0.0143,0.00000,0.58527
4.38,0.12,1.2448,0.0116,0.00000,0.53296
4.62,0.12,1.3173,0.0082,0.00000,0.49370
4.88,0.12,1.3630,0.0087,0.00000,0.46433
5.12,0.12,1.3796,0.0116,0.00000,0.43707
5.38,0.12,1.3849,0.0117,0.00000,0.42006
5.62,0.12,1.3711,0.0109,0.00000,0.40923
5.88,0.12,1.3364,0.0136,0.00000,0.39934
6.12,0.12,1.3481,0.0177,0.00000,0.39299
6.38,0.12,1.3832,0.0276,0.00000,0.38426
6.62,0.12,1.3344,0.1228,0.00000,0.38926
6.88,0.12,1.3301,1.1428,0.00000,0.43855
7.12,0.12,1.1343,5.2820,0.00000,0.42370
7.38,0.12,0.6878,11.6616,0.00000,0.28672
2.62,0.38,0.5830,0.0029,0.00000,0.39335
2.88,0.38,1.1552,0.0094,0.00000,0.73449
3.12,0.38,1.5615,0.0225,0.00000,0.94675
3.38,0.38,1.4823,0.0390,0.00000,0.87460
3.62,0.38,1.4593,0.0485,0.00000,0.79861
3.88,0.38,1.6286,0.0423,0.00000,0.80991
4.12,0.38,1.6430,0.0320,0.00000,0.75862
4.38,0.38,1.6085,0.0248,0.00000,0.66569
4.62,0.38,1.6621,0.0169,0.00000,0.60906
4.88,0.38,1.6882,0.0162,0.00000,0.56434
5.12,0.38,1.6842,0.0205,0.00000,0.51756
5.38,0.38,1.6813,0.0213,0.00000,0.49161
5.62,0.38,1.6902,0.0217,0.00000,0.48291
5.88,0.38,1.6877,0.0263,0.00000,0.47612
6.12,0.38,1.7194,0.0299,0.00000,0.47051
6.38,0.38,1.7317,0.0397,0.00000,0.45158
6.62,0.38,1.6023,0.1804,0.00000,0.42975
6.88,0.38,1.7021,1.7344,0.00000,0.49191
7.12,0.38,1.6658,8.0707,0.00000,0.51264
7.38,0.38,1.1061,17.8568,0.00000,0.36485
2.62,0.62,0.7377,0.0033,0.00000,0.42355
2.88,0.62,1.4549,0.0125,0.00000,0.80166
3.12,0.62,1.9214,0.0327,0.00000,1.02996
3.38,0.62,1.7306,0.0596,0.00000,0.91137
3.62,0.62,1.6292,0.0757,0.00000,0.78663
3.88,0.62,1.7853,0.0664,0.00000,0.77358
4.12,0.62,1.7735,0.0500,0.00000,0.70442
4.38,0.62,1.7331,0.0377,0.00000,0.60753
4.62,0.62,1.7825,0.0244,0.00000,0.55147
4.88,0.62,1.7879,0.0206,0.00000,0.50637
5.12,0.62,1.7824,0.0241,0.00000,0.46529
5.38,0.62,1.7798,0.0256,0.00000,0.43974
5.62,0.62,1.8075,0.0279,0.00000,0.43067
5.88,0.62,1.8314,0.0327,0.00000,0.42378
6.12,0.62,1.8691,0.0365,0.00000,0.41871
6.38,0.62,1.8695,0.0472,0.00000,0.40280
6.62,0.62,1.6315,0.2031,0.00000,0.35381
6.88,0.62,1.7870,1.9353,0.00000,0.39110
7.12,0.62,1.9857,9.0232,0.00000,0.43405
7.38,0.62,1.4226,19.9832,0.00000,0.31926
2.62,0.88,0.7610,0.0020,0.00000,0.28866
2.88,0.88,1.4209,0.0096,0.00000,0.54995
3.12,0.88,1.7823,0.0307,0.00000,0.71023
3.38,0.88,1.6201,0.0599,0.00000,0.64007
3.62,0.88,1.6302,0.0735,0.00000,0.57655
3.88,0.88,1.7759,0.0647,0.00000,0.57033
4.12,0.88,1.7531,0.0515,0.00000,0.51664
4.38,0.88,1.7783,0.0400,0.00000,0.45505
4.62,0.88,1.8403,0.0260,0.00000,0.41238
4.88,0.88,1.8290,0.0204,0.00000,0.37674
5.12,0.88,1.8512,0.0226,0.00000,0.35681
5.38,0.88,1.8596,0.0238,0.00000,0.33971
5.62,0.88,1.8950,0.0251,0.00000,0.32853
5.88,0.88,1.9344,0.0287,0.00000,0.32038
6.12,0.88,1.9628,0.0329,0.00000,0.31165
6.38,0.88,2.0204,0.0387,0.00000,0.30623
6.62,0.88,1.7278,0.1761,0.00000,0.25871
6.88,0.88,1.8191,1.7669,0.00000,0.26883
7.12,0.88,2.1501,8.2762,0.00000,0.31029
7.38,0.88,1.6151,18.3412,0.00000,0.23253
2.62,1.12,0.9489,0.0011,0.00000,0.18961
2.88,1.12,1.5989,0.0076,0.00000,0.34676
3.12,1.12,1.8198,0.0304,0.00000,0.43559
3.38,1.12,1.6998,0.0571,0.00000,0.41283
3.62,1.12,1.8559,0.0581,0.00000,0.41119
3.88,1.12,1.9550,0.0463,0.00000,0.41608
4.12,1.12,1.9079,0.0360,0.00000,0.38883
4.38,1.12,1.9894,0.0286,0.00000,0.36429
4.62,1.12,2.0448,0.0209,0.00000,0.33424
4.88,1.12,2.0164,0.0190,0.00000,0.30627
5.12,1.12,2.0550,0.0226,0.00000,0.29795
5.38,1.12,2.0605,0.0246,0.00000,0.28739
5.62,1.12,2.0999,0.0235,0.00000,0.27621
5.88,1.12,2.1512,0.0240,0.00000,0.26563
6.12,1.12,2.0995,0.0259,0.00000,0.24510
6.38,1.12,2.1920,0.0263,0.00000,0.24026
6.62,1.12,1.9754,0.1498,0.00000,0.21170
6.88,1.12,2.0330,1.6356,0.00000,0.21651
7.12,1.12,2.3938,7.7054,0.00000,0.24922
7.38,1.12,1.8232,17.0869,0.00000,0.18745
2.62,1.38,1.2358,0.0008,0.00000,0.14712
2.88,1.38,1.9002,0.0065,0.00000,0.24759
3.12,1.38,1.9404,0.0275,0.00000,0.28734
3.38,1.38,1.8129,0.0492,0.00000,0.27837
3.62,1.38,2.0590,0.0452,0.00000,0.29875
3.88,1.38,2.0891,0.0343,0.00000,0.30806
4.12,1.38,2.0394,0.0228,0.00000,0.30139
4.38,1.38,2.1238,0.0152,0.00000,0.29730
4.62,1.38,2.1491,0.0136,0.00000,0.27973
4.88,1.38,2.1357,0.0178,0.00000,0.26212
5.12,1.38,2.1849,0.0249,0.00000,0.25593
5.38,1.38,2.1879,0.0284,0.00000,0.24508
5.62,1.38,2.2273,0.0240,0.00000,0.23416
5.88,1.38,2.3103,0.0173,0.00000,0.22713
6.12,1.38,2.1444,0.0144,0.00000,0.20140
6.38,1.38,2.2000,0.0140,0.00000,0.19216
6.62,1.38,2.1517,0.1044,0.00000,0.17931
6.88,1.38,2.2176,1.1934,0.00000,0.17956
7.12,1.38,2.5313,5.6381,0.00000,0.19849
7.38,1.38,1.9237,12.5068,0.00000,0.14852
2.62,1.62,1.4776,0.0008,0.00000,0.12777
2.88,1.62,2.0838,0.0051,0.00000,0.19370
3.12,1.62,1.8889,0.0190,0.00000,0.19877
3.38,1.62,1.8029,0.0324,0.00000,0.19587
3.62,1.62,2.1903,0.0298,0.00000,0.22684
3.88,1.62,2.1815,0.0233,0.00000,0.23241
4.12,1.62,2.1513,0.0153,0.00000,0.23197
4.38,1.62,2.1923,0.0095,0.00000,0.23534
4.62,1.62,2.1868,0.0099,0.00000,0.22861
4.88,1.62,2.2147,0.0152,0.00000,0.21913
5.12,1.62,2.2843,0.0203,0.00000,0.21102
5.38,1.62,2.3192,0.0219,0.00000,0.19986
5.62,1.62,2.3101,0.0176,0.00000,0.18946
5.88,1.62,2.3937,0.0110,0.00000,0.18862
6.12,1.62,2.1748,0.0066,0.00000,0.16590
6.38,1.62,2.2209,0.0062,0.00000,0.15528
6.62,1.62,2.3632,0.0730,0.00000,0.15344
6.88,1.62,2.4155,0.8676,0.00000,0.15023
7.12,1.62,2.6271,4.1059,0.00000,0.15863
7.38,1.62,1.9773,9.1092,0.00000,0.11804
2.62,1.88,1.7445,0.0016,0.00000,0.12083
2.88,1.88,2.3214,0.0063,0.00000,0.17090
3.12,1.88,1.9198,0.0143,0.00000,0.15711
3.38,1.88,1.8582,0.0179,0.00000,0.15072
3.62,1.88,2.3504,0.0148,0.00000,0.17955
3.88,1.88,2.3273,0.0119,0.00000,0.18069
4.12,1.88,2.3228,0.0102,0.00000,0.18202
4.38,1.88,2.2879,0.0086,0.00000,0.18656
4.62,1.88,2.2717,0.0094,0.00000,0.18596
4.88,1.88,2.3397,0.0146,0.00000,0.18115
5.12,1.88,2.4064,0.0181,0.00000,0.17399
5.38,1.88,2.4982,0.0184,0.00000,0.16826
5.62,1.88,2.4161,0.0173,0.00000,0.15624
5.88,1.88,2.4550,0.0136,0.00000,0.15302
6.12,1.88,2.2342,0.0090,0.00000,0.13386
6.38,1.88,2.2831,0.0060,0.00000,0.12468
6.62,1.88,2.5748,0.0610,0.00000,0.12993
6.88,1.88,2.6300,0.7288,0.00000,0.12931
7.12,1.88,2.7647,3.4491,0.00000,0.13516
7.38,1.88,2.0631,7.6512,0.00000,0.10062
2.62,2.12,1.9183,0.0024,0.00000,0.10929
2.88,2.12,2.4976,0.0082,0.00000,0.15070
3.12,2.12,2.0045,0.0139,0.00000,0.13136
3.38,2.12,1.9356,0.0112,0.00000,0.11943
3.62,2.12,2.4120,0.0065,0.00000,0.13939
3.88,2.12,2.4073,0.0048,0.00000,0.14082
4.12,2.12,2.4545,0.0051,0.00000,0.14473
4.38,2.12,2.3323,0.0059,0.00000,0.14524
4.62,2.12,2.3275,0.0096,0.00000,0.14608
4.88,2.12,2.4283,0.0193,0.00000,0.14649
5.12,2.12,2.4648,0.0261,0.00000,0.14410
5.38,2.12,2.6083,0.0280,0.00000,0.14449
5.62,2.12,2.4770,0.0294,0.00000,0.13146
5.88,2.12,2.4813,0.0230,0.00000,0.12510
6.12,2.12,2.3080,0.0150,0.00000,0.11151
6.38,2.12,2.3444,0.0102,0.00000,0.10456
6.62,2.12,2.7040,0.0842,0.00000,0.11260
6.88,2.12,2.7591,0.9886,0.00000,0.11417
7.12,2.12,2.8405,4.6745,0.00000,0.11896
7.38,2.12,2.1073,10.3694,0.00000,0.08851
2.62,2.38,1.9717,0.0014,0.00000,0.09246
2.88,2.38,2.5553,0.0048,0.00000,0.12491
3.12,2.38,2.0799,0.0078,0.00000,0.10607
3.38,2.38,2.0355,0.0057,0.00000,0.09680
3.62,2.38,2.4367,0.0030,0.00000,0.11232
3.88,2.38,2.4618,0.0018,0.00000,0.11395
4.12,2.38,2.5729,0.0018,0.00000,0.11826
4.38,2.38,2.3821,0.0038,0.00000,0.11424
4.62,2.38,2.3754,0.0108,0.00000,0.11514
4.88,2.38,2.4790,0.0233,0.00000,0.11973
5.12,2.38,2.5032,0.0311,0.00000,0.12099
5.38,2.38,2.6864,0.0334,0.00000,0.12279
5.62,2.38,2.5156,0.0358,0.00000,0.11039
5.88,2.38,2.5011,0.0270,0.00000,0.10670
6.12,2.38,2.4125,0.0160,0.00000,0.10034
6.38,2.38,2.4512,0.0141,0.00000,0.09352
6.62,2.38,2.8263,0.1349,0.00000,0.09968
6.88,2.38,2.8591,1.4886,0.00000,0.10066
7.12,2.38,2.8946,6.9701,0.00000,0.10377
7.38,2.38,2.1376,15.4415,0.00000,0.07699
2.62,2.62,2.0399,0.0003,0.00000,0.07599
2.88,2.62,2.6515,0.0011,0.00000,0.10061
3.12,2.62,2.2227,0.0019,0.00000,0.08404
3.38,2.62,2.1823,0.0016,0.00000,0.07840
3.62,2.62,2.4582,0.0011,0.00000,0.09053
3.88,2.62,2.4976,0.0008,0.00000,0.09364
4.12,2.62,2.6777,0.0014,0.00000,0.10004
4.38,2.62,2.4854,0.0053,0.00000,0.09518
4.62,2.62,2.4676,0.0128,0.00000,0.09567
4.88,2.62,2.5220,0.0204,0.00000,0.09982
5.12,2.62,2.5378,0.0240,0.00000,0.10126
5.38,2.62,2.7366,0.0244,0.00000,0.10244
5.62,2.62,2.5630,0.0259,0.00000,0.09176
5.88,2.62,2.5480,0.0204,0.00000,0.08998
6.12,2.62,2.5237,0.0133,0.00000,0.08678
6.38,2.62,2.5588,0.0372,0.00000,0.07997
6.62,2.62,2.9260,0.2481,0.00000,0.08409
6.88,2.62,2.9462,1.6326,0.00000,0.08423
7.12,2.62,2.9612,6.8466,0.00000,0.08596
7.38,2.62,2.1819,14.9245,0.00000,0.06359
2.62,2.88,2.0873,0.0006,0.00000,0.06366
2.88,2.88,2.7368,0.0019,0.00000,0.08383
3.12,2.88,2.3901,0.0030,0.00000,0.07034
3.38,2.88,2.3455,0.0021,0.00000,0.06460
3.62,2.88,2.4546,0.0010,0.00000,0.07088
3.88,2.88,2.4900,0.0009,0.00000,0.07598
4.12,2.88,2.7190,0.0023,0.00000,0.08529
4.38,2.88,2.5856,0.0074,0.00000,0.08131
4.62,2.88,2.5708,0.0136,0.00000,0.08048
4.88,2.88,2.5534,0.0147,0.00000,0.08114
5.12,2.88,2.5600,0.0144,0.00000,0.08099
5.38,2.88,2.7467,0.0154,0.00000,0.08367
5.62,2.88,2.6178,0.0170,0.00000,0.07714
5.88,2.88,2.6168,0.0152,0.00000,0.07412
6.12,2.88,2.6353,0.0188,0.00000,0.07030
6.38,2.88,2.6580,0.1343,0.00000,0.06600
6.62,2.88,2.9930,0.6387,0.00000,0.07115
6.88,2.88,3.0047,1.6477,0.00000,0.07135
7.12,2.88,3.0165,3.8564,0.00000,0.07202
7.38,2.88,2.2214,7.3698,0.00000,0.05302
2.62,3.12,2.1271,0.0067,0.00000,0.05504
2.88,3.12,2.8191,0.0223,0.00000,0.07315
3.12,3.12,2.5696,0.0348,0.00000,0.06315
3.38,3.12,2.5283,0.0213,0.00000,0.05668
3.62,3.12,2.4818,0.0055,0.00000,0.05764
3.88,3.12,2.5038,0.0021,0.00000,0.06229
4.12,3.12,2.7296,0.0030,0.00000,0.07082
4.38,3.12,2.6545,0.0064,0.00000,0.06770
4.62,3.12,2.6477,0.0111,0.00000,0.06628
4.88,3.12,2.5898,0.0129,0.00000,0.06532
5.12,3.12,2.6137,0.0129,0.00000,0.06538
5.38,3.12,2.7666,0.0124,0.00000,0.06963
5.62,3.12,2.6962,0.0129,0.00000,0.06699
5.88,3.12,2.7019,0.0134,0.00000,0.06312
6.12,3.12,2.7550,0.0259,0.00000,0.05933
6.38,3.12,2.7685,0.2180,0.00000,0.05766
6.62,3.12,3.0540,0.9739,0.00000,0.06349
6.88,3.12,3.0495,1.7377,0.00000,0.06273
7.12,3.12,3.0601,1.7139,0.00000,0.06172
7.38,3.12,2.2530,1.8453,0.00000,0.04501
2.62,3.38,2.1626,0.0301,0.00000,0.04599
2.88,3.38,2.8930,0.1001,0.00000,0.06187
3.12,3.38,2.7298,0.1560,0.00000,0.05550
3.38,3.38,2.6957,0.0944,0.00000,0.05020
3.62,3.38,2.5342,0.0221,0.00000,0.04873
3.88,3.38,2.5469,0.0044,0.00000,0.05243
4.12,3.38,2.7335,0.0046,0.00000,0.05927
4.38,3.38,2.6983,0.0066,0.00000,0.05789
4.62,3.38,2.6944,0.0099,0.00000,0.05603
4.88,3.38,2.6379,0.0140,0.00000,0.05411
5.12,3.38,2.7063,0.0146,0.00000,0.05493
5.38,3.38,2.8021,0.0110,0.00000,0.05833
5.62,3.38,2.7876,0.0092,0.00000,0.05745
5.88,3.38,2.7999,0.0091,0.00000,0.05442
6.12,3.38,2.8869,0.0174,0.00000,0.05208
6.38,3.38,2.8871,0.1372,0.00000,0.05132
6.62,3.38,3.1171,0.6072,0.00000,0.05594
6.88,3.38,3.0892,1.0875,0.00000,0.05456
7.12,3.38,3.0907,1.0985,0.00000,0.05314
7.38,3.38,2.2732,1.2207,0.00000,0.03867
2.62,3.62,2.1737,0.0500,0.00000,0.03875
2.88,3.62,2.9320,0.1655,0.00000,0.05231
3.12,3.62,2.8507,0.2575,0.00000,0.04829
3.38,3.62,2.8380,0.1556,0.00000,0.04457
3.62,3.62,2.5995,0.0357,0.00000,0.04153
3.88,3.62,2.6033,0.0062,0.00000,0.04395
4.12,3.62,2.7282,0.0065,0.00000,0.05019
4.38,3.62,2.7217,0.0075,0.00000,0.05104
4.62,3.62,2.7229,0.0082,0.00000,0.04898
4.88,3.62,2.6870,0.0104,0.00000,0.04620
5.12,3.62,2.8120,0.0102,0.00000,0.04749
5.38,3.62,2.8594,0.0082,0.00000,0.05054
5.62,3.62,2.8997,0.0077,0.00000,0.05155
5.88,3.62,2.9093,0.0067,0.00000,0.04901
6.12,3.62,3.0201,0.0101,0.00000,0.04705
6.38,3.62,3.0034,0.0525,0.00000,0.04529
6.62,3.62,3.1878,0.2416,0.00000,0.04790
6.88,3.62,3.1371,0.7654,0.00000,0.04751
7.12,3.62,3.1243,2.2454,0.00000,0.04752
7.38,3.62,2.2949,4.5688,0.00000,0.03503
2.62,3.88,2.2119,0.0309,0.00000,0.03486
2.88,3.88,2.9988,0.1011,0.00000,0.04685
3.12,3.88,2.9663,0.1567,0.00000,0.04367
3.38,3.88,2.9631,0.0947,0.00000,0.04056
3.62,3.88,2.6868,0.0222,0.00000,0.03594
3.88,3.88,2.6847,0.0060,0.00000,0.03621
4.12,3.88,2.7231,0.0079,0.00000,0.04020
4.38,3.88,2.7235,0.0072,0.00000,0.04180
4.62,3.88,2.7251,0.0062,0.00000,0.04138
4.88,3.88,2.7144,0.0073,0.00000,0.04016
5.12,3.88,2.8995,0.0067,0.00000,0.04245
5.38,3.88,2.9274,0.0057,0.00000,0.04545
5.62,3.88,3.0200,0.0060,0.00000,0.04783
5.88,3.88,3.0137,0.0065,0.00000,0.04527
6.12,3.88,3.1349,0.0146,0.00000,0.04332
6.38,3.88,3.1009,0.0624,0.00000,0.04087
6.62,3.88,3.2542,0.2939,0.00000,0.04200
6.88,3.88,3.1867,1.3295,0.00000,0.04148
7.12,3.88,3.1619,4.9032,0.00000,0.04167
7.38,3.88,2.3210,10.4633,0.00000,0.03096
2.62,4.12,2.2476,0.0073,0.00000,0.03163
2.88,4.12,3.0564,0.0230,0.00000,0.04235
3.12,4.12,3.0542,0.0353,0.00000,0.03944
3.38,4.12,3.0638,0.0214,0.00000,0.03646
3.62,4.12,2.7895,0.0059,0.00000,0.03157
3.88,4.12,2.7839,0.0055,0.00000,0.03078
4.12,4.12,2.7202,0.0090,0.00000,0.03229
4.38,4.12,2.7106,0.0082,0.00000,0.03355
4.62,4.12,2.7007,0.0073,0.00000,0.03452
4.88,4.12,2.7163,0.0072,0.00000,0.03500
5.12,4.12,2.9683,0.0062,0.00000,0.03801
5.38,4.12,2.9946,0.0043,0.00000,0.04009
5.62,4.12,3.1221,0.0036,0.00000,0.04259
5.88,4.12,3.0958,0.0062,0.00000,0.04094
6.12,4.12,3.2208,0.0226,0.00000,0.04033
6.38,4.12,3.1747,0.1239,0.00000,0.03809
6.62,4.12,3.3157,0.5930,0.00000,0.03849
6.88,4.12,3.2413,2.3801,0.00000,0.03711
7.12,4.12,3.2094,8.2309,0.00000,0.03644
7.38,4.12,2.3552,17.3522,0.00000,0.02684
2.62,4.38,2.2713,0.0007,0.00000,0.02819
2.88,4.38,3.0945,0.0020,0.00000,0.03770
3.12,4.38,3.1155,0.0030,0.00000,0.03514
3.38,4.38,3.1468,0.0019,0.00000,0.03246
3.62,4.38,2.8946,0.0011,0.00000,0.02819
3.88,4.38,2.8832,0.0030,0.00000,0.02744
4.12,4.38,2.7248,0.0059,0.00000,0.02758
4.38,4.38,2.7055,0.0080,0.00000,0.02843
4.62,4.38,2.6818,0.0097,0.00000,0.02964
4.88,4.38,2.7167,0.0079,0.00000,0.03034
5.12,4.38,3.0244,0.0062,0.00000,0.03320
5.38,4.38,3.0570,0.0051,0.00000,0.03514
5.62,4.38,3.2092,0.0037,0.00000,0.03835
5.88,4.38,3.1659,0.0051,0.00000,0.03819
6.12,4.38,3.2897,0.0217,0.00000,0.03892
6.38,4.38,3.2314,0.1618,0.00000,0.03593
6.62,4.38,3.3639,0.8438,0.00000,0.03518
6.88,4.38,3.2855,3.4411,0.00000,0.03403
7.12,4.38,3.2487,11.9368,0.00000,0.03360
7.38,4.38,2.3834,25.1753,0.00000,0.02461
2.62,4.62,2.2892,0.0001,0.00000,0.02482
2.88,4.62,3.1230,0.0002,0.00000,0.03356
3.12,4.62,3.1625,0.0003,0.00000,0.03282
3.38,4.62,3.2173,0.0004,0.00000,0.03191
3.62,4.62,2.9923,0.0004,0.00000,0.02752
3.88,4.62,2.9763,0.0008,0.00000,0.02545
4.12,4.62,2.7403,0.0022,0.00000,0.02409
4.38,4.62,2.7147,0.0054,0.00000,0.02496
4.62,4.62,2.6836,0.0084,0.00000,0.02651
4.88,4.62,2.7287,0.0076,0.00000,0.02704
5.12,4.62,3.0676,0.0094,0.00000,0.02935
5.38,4.62,3.1064,0.0124,0.00000,0.03056
5.62,4.62,3.2766,0.0094,0.00000,0.03344
5.88,4.62,3.2266,0.0054,0.00000,0.03437
6.12,4.62,3.3536,0.0116,0.00000,0.03634
6.38,4.62,3.2814,0.0963,0.00000,0.03373
6.62,4.62,3.4003,0.6021,0.00000,0.03294
6.88,4.62,3.3185,3.2913,0.00000,0.03194
7.12,4.62,3.2815,12.9931,0.00000,0.03170
7.38,4.62,2.4076,28.0466,0.00000,0.02323
2.62,4.88,2.3098,0.0004,0.00000,0.02353
2.88,4.88,3.1530,0.0005,0.00000,0.03210
3.12,4.88,3.2017,0.0005,0.00000,0.03256
3.38,4.88,3.2720,0.0006,0.00000,0.03296
3.62,4.88,3.0728,0.0005,0.00000,0.02815
3.88,4.88,3.0593,0.0005,0.00000,0.02423
4.12,4.88,2.7730,0.0008,0.00000,0.02154
4.38,4.88,2.7406,0.0022,0.00000,0.02245
4.62,4.88,2.6977,0.0038,0.00000,0.02409
4.88,4.88,2.7467,0.0050,0.00000,0.02453
5.12,4.88,3.0976,0.0113,0.00000,0.02652
5.38,4.88,3.1455,0.0182,0.00000,0.02683
5.62,4.88,3.3297,0.0142,0.00000,0.02859
5.88,4.88,3.2772,0.0068,0.00000,0.02922
6.12,4.88,3.4076,0.0066,0.00000,0.03137
6.38,4.88,3.3282,0.0300,0.00000,0.03063
6.62,4.88,3.4397,0.2694,0.00000,0.03131
6.88,4.88,3.3525,2.3342,0.00000,0.02992
7.12,4.88,3.3124,10.4570,0.00000,0.02899
7.38,4.88,2.4298,23.0167,0.00000,0.02113
2.62,5.12,2.3363,0.0009,0.00000,0.02399
2.88,5.12,3.1883,0.0012,0.00000,0.03222
3.12,5.12,3.2352,0.0009,0.00000,0.03081
3.38,5.12,3.3109,0.0006,0.00000,0.02969
3.62,5.12,3.1356,0.0007,0.00000,0.02603
3.88,5.12,3.1344,0.0013,0.00000,0.02300
4.12,5.12,2.8272,0.0016,0.00000,0.02031
4.38,5.12,2.7871,0.0013,0.00000,0.02116
4.62,5.12,2.7288,0.0012,0.00000,0.02243
4.88,5.12,2.7780,0.0023,0.00000,0.02272
5.12,5.12,3.1182,0.0069,0.00000,0.02443
5.38,5.12,3.1704,0.0118,0.00000,0.02414
5.62,5.12,3.3638,0.0102,0.00000,0.02519
5.88,5.12,3.3148,0.0080,0.00000,0.02569
6.12,5.12,3.4490,0.0128,0.00000,0.02773
6.38,5.12,3.3681,0.0234,0.00000,0.02744
6.62,5.12,3.4790,0.1154,0.00000,0.02843
6.88,5.12,3.3908,1.0819,0.00000,0.02709
7.12,5.12,3.3501,4.9666,0.00000,0.02596
7.38,5.12,2.4570,10.9571,0.00000,0.01882
2.62,5.38,2.3533,0.0025,0.00000,0.02258
2.88,5.38,3.2119,0.0029,0.00000,0.03002
3.12,5.38,3.2603,0.0023,0.00000,0.02738
3.38,5.38,3.3437,0.0015,0.00000,0.02501
3.62,5.38,3.1824,0.0019,0.00000,0.02253
3.88,5.38,3.1895,0.0046,0.00000,0.02156
4.12,5.38,2.8888,0.0068,0.00000,0.02037
4.38,5.38,2.8567,0.0046,0.00000,0.02164
4.62,5.38,2.7921,0.0023,0.00000,0.02194
4.88,5.38,2.8339,0.0022,0.00000,0.02163
5.12,5.38,3.1356,0.0043,0.00000,0.02309
5.38,5.38,3.1844,0.0074,0.00000,0.02250
5.62,5.38,3.3792,0.0096,0.00000,0.02318
5.88,5.38,3.3382,0.0136,0.00000,0.02356
6.12,5.38,3.4757,0.0273,0.00000,0.02526
6.38,5.38,3.3982,0.0508,0.00000,0.02465
6.62,5.38,3.5136,0.1042,0.00000,0.02538
6.88,5.38,3.4338,0.4038,0.00000,0.02465
7.12,5.38,3.3979,1.4792,0.00000,0.02397
7.38,5.38,2.4916,3.1130,0.00000,0.01740
2.62,5.62,2.3703,0.0267,0.00000,0.01942
2.88,5.62,3.2344,0.0200,0.00000,0.02595
3.12,5.62,3.2795,0.0144,0.00000,0.02409
3.38,5.62,3.3652,0.0091,0.00000,0.02237
3.62,5.62,3.2153,0.0078,0.00000,0.02050
3.88,5.62,3.2329,0.0136,0.00000,0.02060
4.12,5.62,2.9535,0.0189,0.00000,0.02058
4.38,5.62,2.9380,0.0134,0.00000,0.02220
4.62,5.62,2.8786,0.0081,0.00000,0.02154
4.88,5.62,2.9136,0.0083,0.00000,0.02036
5.12,5.62,3.1647,0.0111,0.00000,0.02139
5.38,5.62,3.2102,0.0160,0.00000,0.02119
5.62,5.62,3.4000,0.0222,0.00000,0.02215
5.88,5.62,3.3614,0.0306,0.00000,0.02222
6.12,5.62,3.4918,0.0549,0.00000,0.02349
6.38,5.62,3.4215,0.1068,0.00000,0.02326
6.62,5.62,3.5465,0.2106,0.00000,0.02429
6.88,5.62,3.4757,0.5224,0.00000,0.02363
7.12,5.62,3.4385,1.4122,0.00000,0.02296
7.38,5.62,2.5174,2.7338,0.00000,0.01664
2.62,5.88,2.3843,0.2772,0.00000,0.01716
2.88,5.88,3.2539,0.1547,0.00000,0.02314
3.12,5.88,3.2977,0.0748,0.00000,0.02226
3.38,5.88,3.3856,0.0407,0.00000,0.02155
3.62,5.88,3.2450,0.0300,0.00000,0.02004
3.88,5.88,3.2764,0.0349,0.00000,0.02009
4.12,5.88,3.0241,0.0408,0.00000,0.01957
4.38,5.88,3.0216,0.0312,0.00000,0.02042
4.62,5.88,2.9696,0.0255,0.00000,0.01997
4.88,5.88,3.0064,0.0292,0.00000,0.01938
5.12,5.88,3.2124,0.0334,0.00000,0.02043
5.38,5.88,3.2534,0.0376,0.00000,0.02053
5.62,5.88,3.4256,0.0439,0.00000,0.02167
5.88,5.88,3.3905,0.0596,0.00000,0.02196
6.12,5.88,3.5128,0.1077,0.00000,0.02345
6.38,5.88,3.4480,0.1987,0.00000,0.02360
6.62,5.88,3.5780,0.3650,0.00000,0.02488
6.88,5.88,3.5228,0.9333,0.00000,0.02430
7.12,5.88,3.4874,2.6650,0.00000,0.02363
7.38,5.88,2.5484,5.2395,0.00000,0.01711
2.62,6.12,2.3932,1.2434,0.00000,0.01636
2.88,6.12,3.2678,0.6194,0.00000,0.02229
3.12,6.12,3.3145,0.2163,0.00000,0.02218
3.38,6.12,3.4056,0.1005,0.00000,0.02223
3.62,6.12,3.2734,0.0850,0.00000,0.02070
3.88,6.12,3.3229,0.0849,0.00000,0.02037
4.12,6.12,3.1049,0.0865,0.00000,0.01925
4.38,6.12,3.1182,0.0682,0.00000,0.01939
4.62,6.12,3.0714,0.0589,0.00000,0.01946
4.88,6.12,3.1067,0.0627,0.00000,0.01974
5.12,6.12,3.2709,0.0652,0.00000,0.02085
5.38,6.12,3.3095,0.0686,0.00000,0.02073
5.62,6.12,3.4524,0.0735,0.00000,0.02162
5.88,6.12,3.4221,0.0981,0.00000,0.02261
6.12,6.12,3.5354,0.1737,0.00000,0.02480
6.38,6.12,3.4727,0.3012,0.00000,0.02493
6.62,6.12,3.6000,0.5110,0.00000,0.02624
6.88,6.12,3.5659,1.2667,0.00000,0.02643
7.12,6.12,3.5342,3.6020,0.00000,0.02639
7.38,6.12,2.5792,7.0257,0.00000,0.01919
2.62,6.38,2.4002,2.3255,0.00000,0.01609
2.88,6.38,3.2790,1.1268,0.00000,0.02209
3.12,6.38,3.3294,0.3482,0.00000,0.02241
3.38,6.38,3.4261,0.1586,0.00000,0.02288
3.62,6.38,3.3035,0.1605,0.00000,0.02147
3.88,6.38,3.3664,0.1528,0.00000,0.02108
4.12,6.38,3.1806,0.1429,0.00000,0.01998
4.38,6.38,3.2161,0.1143,0.00000,0.02008
4.62,6.38,3.1797,0.0975,0.00000,0.02042
4.88,6.38,3.2188,0.0961,0.00000,0.02067
5.12,6.38,3.3429,0.1002,0.00000,0.02127
5.38,6.38,3.3775,0.1144,0.00000,0.02109
5.62,6.38,3.4921,0.1245,0.00000,0.02217
5.88,6.38,3.4724,0.1556,0.00000,0.02416
6.12,6.38,3.5707,0.2430,0.00000,0.02712
6.38,6.38,3.5060,0.3922,0.00000,0.02742
6.62,6.38,3.6257,0.6446,0.00000,0.02898
6.88,6.38,3.6153,1.4317,0.00000,0.02929
7.12,6.38,3.5831,3.6414,0.00000,0.02898
7.38,6.38,2.6107,6.7496,0.00000,0.02095
2.62,6.62,2.4114,2.5393,0.00000,0.01562
2.88,6.62,3.2951,1.2546,0.00000,0.02144
3.12,6.62,3.3461,0.4095,0.00000,0.02153
3.38,6.62,3.4457,0.2077,0.00000,0.02187
3.62,6.62,3.3311,0.2216,0.00000,0.02135
3.88,6.62,3.4022,0.2047,0.00000,0.02177
4.12,6.62,3.2463,0.1822,0.00000,0.02071
4.38,6.62,3.3007,0.1527,0.00000,0.02072
4.62,6.62,3.2692,0.1389,0.00000,0.02131
4.88,6.62,3.3186,0.1410,0.00000,0.02190
5.12,6.62,3.4115,0.1569,0.00000,0.02247
5.38,6.62,3.4470,0.1885,0.00000,0.02240
5.62,6.62,3.5371,0.2096,0.00000,0.02378
5.88,6.62,3.5260,0.2478,0.00000,0.02650
6.12,6.62,3.6062,0.3361,0.00000,0.02995
6.38,6.62,3.5491,0.4919,0.00000,0.03093
6.62,6.62,3.6660,0.7758,0.00000,0.03313
6.88,6.62,3.6806,1.5613,0.00000,0.03252
7.12,6.62,3.6428,3.5159,0.00000,0.03066
7.38,6.62,2.6499,6.0903,0.00000,0.02178
2.62,6.88,2.4268,3.5561,0.00000,0.01534
2.88,6.88,3.3171,1.7605,0.00000,0.02094
3.12,6.88,3.3639,0.5713,0.00000,0.02053
3.38,6.88,3.4581,0.2779,0.00000,0.02054
3.62,6.88,3.3500,0.2901,0.00000,0.02100
3.88,6.88,3.4329,0.2727,0.00000,0.02251
4.12,6.88,3.2999,0.2450,0.00000,0.02155
4.38,6.88,3.3623,0.2109,0.00000,0.02129
4.62,6.88,3.3356,0.1989,0.00000,0.02199
4.88,6.88,3.3963,0.2049,0.00000,0.02319
5.12,6.88,3.4611,0.2327,0.00000,0.02440
5.38,6.88,3.5092,0.2809,0.00000,0.02494
5.62,6.88,3.5829,0.3253,0.00000,0.02656
5.88,6.88,3.5757,0.3776,0.00000,0.02886
6.12,6.88,3.6384,0.4654,0.00000,0.03200
6.38,6.88,3.5933,0.6265,0.00000,0.03463
6.62,6.88,3.7064,0.9355,0.00000,0.03830
6.88,6.88,3.7455,1.7661,0.00000,0.03703
7.12,6.88,3.7034,3.7160,0.00000,0.03400
7.38,6.88,2.6986,6.1459,0.00000,0.02414
2.62,7.12,2.4415,5.4277,0.00000,0.01589
2.88,7.12,3.3399,2.6682,0.00000,0.02157
3.12,7.12,3.3887,0.8493,0.00000,0.02082
3.38,7.12,3.4802,0.4249,0.00000,0.02056
3.62,7.12,3.3741,0.4583,0.00000,0.02126
3.88,7.12,3.4660,0.4129,0.00000,0.02327
4.12,7.12,3.3491,0.3482,0.00000,0.02252
4.38,7.12,3.4208,0.2971,0.00000,0.02208
4.62,7.12,3.3945,0.2848,0.00000,0.02240
4.88,7.12,3.4615,0.2924,0.00000,0.02359
5.12,7.12,3.5065,0.3360,0.00000,0.02563
5.38,7.12,3.5655,0.4034,0.00000,0.02773
5.62,7.12,3.6208,0.4680,0.00000,0.03006
5.88,7.12,3.6241,0.5279,0.00000,0.03173
6.12,7.12,3.6768,0.6162,0.00000,0.03448
6.38,7.12,3.6356,0.7942,0.00000,0.03899
6.62,7.12,3.7424,1.1435,0.00000,0.04426
6.88,7.12,3.8051,2.0464,0.00000,0.04273
7.12,7.12,3.7586,4.0667,0.00000,0.03930
7.38,7.12,2.7510,6.4516,0.00000,0.02841
2.62,7.38,2.4571,6.1544,0.00000,0.01723
2.88,7.38,3.3635,3.0768,0.00000,0.02341
3.12,7.38,3.4151,1.0562,0.00000,0.02262
3.38,7.38,3.5038,0.6665,0.00000,0.02230
3.62,7.38,3.4038,0.7874,0.00000,0.02301
3.88,7.38,3.5060,0.6556,0.00000,0.02497
4.12,7.38,3.3980,0.4837,0.00000,0.02380
4.38,7.38,3.4834,0.3981,0.00000,0.02304
4.62,7.38,3.4527,0.3878,0.00000,0.02305
4.88,7.38,3.5175,0.4085,0.00000,0.02442
5.12,7.38,3.5496,0.4849,0.00000,0.02746
5.38,7.38,3.6179,0.5653,0.00000,0.03072
5.62,7.38,3.6540,0.6368,0.00000,0.03372
5.88,7.38,3.6659,0.7125,0.00000,0.03555
6.12,7.38,3.7126,0.8201,0.00000,0.03781
6.38,7.38,3.6786,1.0286,0.00000,0.04254
6.62,7.38,3.7829,1.4260,0.00000,0.04841
6.88,7.38,3.8671,2.3940,0.00000,0.04761
7.12,7.38,3.8162,4.4387,0.00000,0.04483
7.38,7.38,2.8043,6.6880,0.00000,0.03297
2.62,7.62,2.4667,6.2011,0.00000,0.01881
2.88,7.62,3.3795,3.1660,0.00000,0.02569
3.12,7.62,3.4357,1.1542,0.00000,0.02539
3.38,7.62,3.5258,0.8527,0.00000,0.02574
3.62,7.62,3.4284,1.0817,0.00000,0.02688
3.88,7.62,3.5352,0.9235,0.00000,0.02895
4.12,7.62,3.4367,0.6935,0.00000,0.02654
4.38,7.62,3.5384,0.5535,0.00000,0.02466
4.62,7.62,3.5024,0.5146,0.00000,0.02421
4.88,7.62,3.5592,0.5482,0.00000,0.02579
5.12,7.62,3.5813,0.6634,0.00000,0.02935
5.38,7.62,3.6683,0.7478,0.00000,0.03349
5.62,7.62,3.6944,0.8327,0.00000,0.03787
5.88,7.62,3.7135,0.9552,0.00000,0.04101
6.12,7.62,3.7533,1.1250,0.00000,0.04288
6.38,7.62,3.7214,1.4087,0.00000,0.04678
6.62,7.62,3.8206,1.9002,0.00000,0.05268
6.88,7.62,3.9269,2.9531,0.00000,0.05187
7.12,7.62,3.8699,5.0103,0.00000,0.04808
7.38,7.62,2.8499,7.1420,0.00000,0.03486
2.62,7.88,2.4762,6.9689,0.00000,0.02044
2.88,7.88,3.3955,3.5848,0.00000,0.02811
3.12,7.88,3.4542,1.2890,0.00000,0.02846
3.38,7.88,3.5433,0.8907,0.00000,0.02968
3.62,7.88,3.4456,1.1296,0.00000,0.03155
3.88,7.88,3.5576,1.0789,0.00000,0.03444
4.12,7.88,3.4734,0.9337,0.00000,0.03094
4.38,7.88,3.5893,0.7529,0.00000,0.02724
4.62,7.88,3.5442,0.6749,0.00000,0.02575
4.88,7.88,3.5926,0.7246,0.00000,0.02715
5.12,7.88,3.6096,0.8799,0.00000,0.03078
5.38,7.88,3.7164,0.9732,0.00000,0.03628
5.62,7.88,3.7354,1.0729,0.00000,0.04279
5.88,7.88,3.7583,1.2360,0.00000,0.04767
6.12,7.88,3.7904,1.5066,0.00000,0.05031
6.38,7.88,3.7554,1.9387,0.00000,0.05442
6.62,7.88,3.8482,2.5910,0.00000,0.06042
6.88,7.88,3.9786,3.7591,0.00000,0.05765
7.12,7.88,3.9182,5.7601,0.00000,0.04967
7.38,7.88,2.8969,7.6903,0.00000,0.03432
2.62,8.12,2.4879,7.5094,0.00000,0.02297
2.88,8.12,3.4139,3.9600,0.00000,0.03154
3.12,8.12,3.4731,1.4943,0.00000,0.03173
3.38,8.12,3.5597,0.9496,0.00000,0.03314
3.62,8.12,3.4654,1.1232,0.00000,0.03622
3.88,8.12,3.5832,1.1605,0.00000,0.04036
4.12,8.12,3.5036,1.0908,0.00000,0.03545
4.38,8.12,3.6278,0.8997,0.00000,0.02965
4.62,8.12,3.5819,0.8251,0.00000,0.02723
4.88,8.12,3.6378,0.9273,0.00000,0.02902
5.12,8.12,3.6444,1.1456,0.00000,0.03300
5.38,8.12,3.7453,1.2600,0.00000,0.03897
5.62,8.12,3.7571,1.3782,0.00000,0.04657
5.88,8.12,3.7888,1.5736,0.00000,0.05337
6.12,8.12,3.8133,1.9560,0.00000,0.05826
6.38,8.12,3.7797,2.5686,0.00000,0.06405
6.62,8.12,3.8726,3.4293,0.00000,0.07167
6.88,8.12,4.0283,4.7302,0.00000,0.06765
7.12,8.12,3.9684,6.5850,0.00000,0.05368
7.38,8.12,2.9489,8.1558,0.00000,0.03456
2.62,8.38,2.5021,5.8478,0.00000,0.02707
2.88,8.38,3.4343,3.4077,0.00000,0.03693
3.12,8.38,3.4927,1.6035,0.00000,0.03635
3.38,8.38,3.5775,1.0940,0.00000,0.03732
3.62,8.38,3.4822,1.1915,0.00000,0.04150
3.88,8.38,3.5977,1.2525,0.00000,0.04658
4.12,8.38,3.5232,1.1997,0.00000,0.03973
4.38,8.38,3.6601,1.0014,0.00000,0.03217
4.62,8.38,3.6176,0.9442,0.00000,0.02934
4.88,8.38,3.6892,1.1205,0.00000,0.03176
5.12,8.38,3.6833,1.4285,0.00000,0.03614
5.38,8.38,3.7636,1.6071,0.00000,0.04200
5.62,8.38,3.7713,1.7868,0.00000,0.04995
5.88,8.38,3.8261,2.0358,0.00000,0.05821
6.12,8.38,3.8421,2.5204,0.00000,0.06444
6.38,8.38,3.8001,3.2907,0.00000,0.07221
6.62,8.38,3.8924,4.3952,0.00000,0.08390
6.88,8.38,4.0665,5.8808,0.00000,0.08068
7.12,8.38,4.0051,7.5731,0.00000,0.06003
7.38,8.38,2.9876,8.7102,0.00000,0.03567
2.62,8.62,2.5188,4.1964,0.00000,0.03142
2.88,8.62,3.4556,2.9265,0.00000,0.04280
3.12,8.62,3.5114,1.8301,0.00000,0.04201
3.38,8.62,3.5947,1.3389,0.00000,0.04294
3.62,8.62,3.4975,1.3200,0.00000,0.04760
3.88,8.62,3.6109,1.3630,0.00000,0.05320
4.12,8.62,3.5401,1.3057,0.00000,0.04446
4.38,8.62,3.6897,1.1070,0.00000,0.03548
4.62,8.62,3.6534,1.0748,0.00000,0.03234
4.88,8.62,3.7329,1.3301,0.00000,0.03513
5.12,8.62,3.7141,1.7453,0.00000,0.04002
5.38,8.62,3.7795,2.0339,0.00000,0.04704
5.62,8.62,3.7854,2.3189,0.00000,0.05616
5.88,8.62,3.8667,2.6484,0.00000,0.06570
6.12,8.62,3.8790,3.2597,0.00000,0.07261
6.38,8.62,3.8288,4.1977,0.00000,0.08183
6.62,8.62,3.9134,5.5613,0.00000,0.09620
6.88,8.62,4.0956,7.2934,0.00000,0.09243
7.12,8.62,4.0340,8.9513,0.00000,0.06478
7.38,8.62,3.0228,9.8122,0.00000,0.03559
2.62,8.88,2.5269,4.1988,0.00000,0.03479
2.88,8.88,3.4673,3.2722,0.00000,0.04783
3.12,8.88,3.5278,2.3567,0.00000,0.04891
3.38,8.88,3.6159,1.7462,0.00000,0.05199
3.62,8.88,3.5180,1.5755,0.00000,0.05740
3.88,8.88,3.6314,1.5343,0.00000,0.06327
4.12,8.88,3.5616,1.4138,0.00000,0.05125
4.38,8.88,3.7149,1.2283,0.00000,0.03941
4.62,8.88,3.6768,1.2577,0.00000,0.03537
4.88,8.88,3.7525,1.6012,0.00000,0.03823
5.12,8.88,3.7266,2.1266,0.00000,0.04411
5.38,8.88,3.7899,2.5417,0.00000,0.05362
5.62,8.88,3.7926,2.9589,0.00000,0.06479
5.88,8.88,3.8890,3.4070,0.00000,0.07569
6.12,8.88,3.8999,4.1877,0.00000,0.08361
6.38,8.88,3.8601,5.2875,0.00000,0.09473
6.62,8.88,3.9393,6.8783,0.00000,0.10894
6.88,8.88,4.1293,8.8556,0.00000,0.10104
7.12,8.88,4.0665,10.5446,0.00000,0.06672
7.38,8.88,3.0548,11.2160,0.00000,0.03425
2.62,9.12,2.5394,4.5067,0.00000,0.03864
2.88,9.12,3.4843,3.7465,0.00000,0.05388
3.12,9.12,3.5442,2.8906,0.00000,0.05820
3.38,9.12,3.6330,2.2163,0.00000,0.06487
3.62,9.12,3.5378,1.9716,0.00000,0.07078
3.88,9.12,3.6554,1.8303,0.00000,0.07617
4.12,9.12,3.5846,1.6006,0.00000,0.05961
4.38,9.12,3.7296,1.4233,0.00000,0.04397
4.62,9.12,3.6894,1.5455,0.00000,0.03884
4.88,9.12,3.7684,1.9803,0.00000,0.04161
5.12,9.12,3.7384,2.6137,0.00000,0.04840
5.38,9.12,3.8037,3.1627,0.00000,0.06019
5.62,9.12,3.7979,3.7126,0.00000,0.07330
5.88,9.12,3.8856,4.3194,0.00000,0.08593
6.12,9.12,3.8954,5.3102,0.00000,0.09549
6.38,9.12,3.8929,6.5302,0.00000,0.10966
6.62,9.12,3.9758,8.2979,0.00000,0.12332
6.88,9.12,4.1751,10.4978,0.00000,0.10963
7.12,9.12,4.1076,12.2130,0.00000,0.06908
7.38,9.12,3.0891,12.6403,0.00000,0.03406
2.62,9.38,2.5491,3.8857,0.00000,0.04367
2.88,9.38,3.4992,3.6919,0.00000,0.06175
3.12,9.38,3.5598,3.1283,0.00000,0.07007
3.38,9.38,3.6490,2.5328,0.00000,0.08110
3.62,9.38,3.5556,2.3304,0.00000,0.08726
3.88,9.38,3.6791,2.2381,0.00000,0.09198
4.12,9.38,3.6105,2.0028,0.00000,0.07044
4.38,9.38,3.7439,1.8204,0.00000,0.05055
4.62,9.38,3.6994,2.0108,0.00000,0.04426
4.88,9.38,3.7856,2.5075,0.00000,0.04698
5.12,9.38,3.7524,3.2323,0.00000,0.05379
5.38,9.38,3.8173,3.8949,0.00000,0.06656
5.62,9.38,3.8030,4.5741,0.00000,0.08143
5.88,9.38,3.8766,5.3726,0.00000,0.09688
6.12,9.38,3.8849,6.5564,0.00000,0.10822
6.38,9.38,3.9199,7.8553,0.00000,0.12484
6.62,9.38,4.0074,9.7632,0.00000,0.13816
6.88,9.38,4.2192,12.1623,0.00000,0.11976
7.12,9.38,4.1472,13.9258,0.00000,0.07310
7.38,9.38,3.1337,14.1033,0.00000,0.03508
2.62,9.62,2.5585,3.3500,0.00000,0.04956
2.88,9.62,3.5165,3.6794,0.00000,0.07111
3.12,9.62,3.5811,3.3802,0.00000,0.08456
3.38,9.62,3.6700,2.9187,0.00000,0.10154
3.62,9.62,3.5764,2.8406,0.00000,0.10911
3.88,9.62,3.6997,2.8494,0.00000,0.11388
4.12,9.62,3.6335,2.6308,0.00000,0.08639
4.38,9.62,3.7602,2.4229,0.00000,0.06089
4.62,9.62,3.7106,2.6710,0.00000,0.05247
4.88,9.62,3.8029,3.2372,0.00000,0.05508
5.12,9.62,3.7633,4.0366,0.00000,0.06189
5.38,9.62,3.8181,4.7149,0.00000,0.07484
5.62,9.62,3.7989,5.4718,0.00000,0.09027
5.88,9.62,3.8703,6.4746,0.00000,0.10803
6.12,9.62,3.8752,7.8386,0.00000,0.11921
6.38,9.62,3.9326,9.2433,0.00000,0.13579
6.62,9.62,4.0233,11.2954,0.00000,0.14808
6.88,9.62,4.2555,13.8804,0.00000,0.12743
7.12,9.62,4.1829,15.7432,0.00000,0.07599
7.38,9.62,3.1922,15.7387,0.00000,0.03494
2.62,9.88,2.5686,4.0639,0.00000,0.05648
2.88,9.88,3.5353,4.3761,0.00000,0.08220
3.12,9.88,3.6032,4.0330,0.00000,0.10141
3.38,9.88,3.6875,3.6714,0.00000,0.12517
3.62,9.88,3.5924,3.7472,0.00000,0.13559
3.88,9.88,3.7111,3.7436,0.00000,0.14080
4.12,9.88,3.6449,3.4339,0.00000,0.10533
4.38,9.88,3.7646,3.1669,0.00000,0.07246
4.62,9.88,3.7138,3.4868,0.00000,0.06187
4.88,9.88,3.8171,4.1970,0.00000,0.06517
5.12,9.88,3.7756,5.1244,0.00000,0.07269
5.38,9.88,3.8210,5.7484,0.00000,0.08622
5.62,9.88,3.7948,6.5031,0.00000,0.10162
5.88,9.88,3.8647,7.6728,0.00000,0.12119
6.12,9.88,3.8668,9.2229,0.00000,0.13083
6.38,9.88,3.9407,10.7745,0.00000,0.14477
6.62,9.88,4.0288,12.9750,0.00000,0.15426
6.88,9.88,4.2732,15.7603,0.00000,0.13315
7.12,9.88,4.2053,17.7755,0.00000,0.07846
7.38,9.88,3.2565,17.6153,0.00000,0.03438
2.62,10.12,2.5810,5.4547,0.00000,0.06600
2.88,10.12,3.5533,5.5083,0.00000,0.09716
3.12,10.12,3.6198,5.0121,0.00000,0.12213
3.38,10.12,3.6947,4.6754,0.00000,0.15227
3.62,10.12,3.6015,4.8507,0.00000,0.16625
3.88,10.12,3.7234,4.7890,0.00000,0.17231
4.12,10.12,3.6566,4.3574,0.00000,0.12702
4.38,10.12,3.7671,4.0125,0.00000,0.08503
4.62,10.12,3.7155,4.4069,0.00000,0.07135
4.88,10.12,3.8245,5.3164,0.00000,0.07464
5.12,10.12,3.7812,6.4495,0.00000,0.08332
5.38,10.12,3.8252,7.0291,0.00000,0.09879
5.62,10.12,3.7949,7.7454,0.00000,0.11468
5.88,10.12,3.8648,9.0298,0.00000,0.13509
6.12,10.12,3.8656,10.7244,0.00000,0.14166
6.38,10.12,3.9561,12.4060,0.00000,0.15169
6.62,10.12,4.0378,14.7685,0.00000,0.15885
6.88,10.12,4.2727,17.8341,0.00000,0.13868
7.12,10.12,4.2058,20.1139,0.00000,0.08155
7.38,10.12,3.3139,19.8667,0.00000,0.03463
2.62,10.38,2.5927,7.4142,0.00000,0.07987
2.88,10.38,3.5661,6.8690,0.00000,0.11760
3.12,10.38,3.6322,5.9862,0.00000,0.14693
3.38,10.38,3.7056,5.5841,0.00000,0.18169
3.62,10.38,3.6113,5.8116,0.00000,0.19700
3.88,10.38,3.7281,5.7120,0.00000,0.20237
4.12,10.38,3.6627,5.2023,0.00000,0.14882
4.38,10.38,3.7763,4.8470,0.00000,0.09974
4.62,10.38,3.7223,5.3508,0.00000,0.08171
4.88,10.38,3.8183,6.4380,0.00000,0.08309
5.12,10.38,3.7748,7.7781,0.00000,0.09289
5.38,10.38,3.8394,8.3924,0.00000,0.11142
5.62,10.38,3.8060,9.1264,0.00000,0.12746
5.88,10.38,3.8656,10.5028,0.00000,0.14593
6.12,10.38,3.8643,12.3155,0.00000,0.14890
6.38,10.38,3.9696,14.1067,0.00000,0.15634
6.62,10.38,4.0440,16.6300,0.00000,0.16318
6.88,10.38,4.2637,20.0225,0.00000,0.14482
7.12,10.38,4.1973,22.7105,0.00000,0.08508
7.38,10.38,3.3627,22.5830,0.00000,0.03517
2.62,10.62,2.6041,10.5429,0.00000,0.09787
2.88,10.62,3.5777,8.6693,0.00000,0.14274
3.12,10.62,3.6448,6.8416,0.00000,0.17496
3.38,10.62,3.7229,6.2619,0.00000,0.21328
3.62,10.62,3.6228,6.5313,0.00000,0.22613
3.88,10.62,3.7256,6.3665,0.00000,0.22678
4.12,10.62,3.6634,5.7956,0.00000,0.16684
4.38,10.62,3.7857,5.5237,0.00000,0.11448
4.62,10.62,3.7327,6.1976,0.00000,0.09428
4.88,10.62,3.8181,7.4513,0.00000,0.09443
5.12,10.62,3.7753,8.9626,0.00000,0.10369
5.38,10.62,3.8610,9.6961,0.00000,0.12370
5.62,10.62,3.8241,10.5153,0.00000,0.13889
5.88,10.62,3.8704,11.9643,0.00000,0.15283
6.12,10.62,3.8654,13.9206,0.00000,0.15185
6.38,10.62,3.9741,15.8655,0.00000,0.15773
6.62,10.62,4.0416,18.5680,0.00000,0.16511
6.88,10.62,4.2550,22.2602,0.00000,0.14853
7.12,10.62,4.1927,25.3674,0.00000,0.08713
7.38,10.62,3.4021,25.4160,0.00000,0.03527
2.62,10.88,2.6077,14.3336,0.00000,0.11613
2.88,10.88,3.5792,10.7333,0.00000,0.16770
3.12,10.88,3.6486,7.6548,0.00000,0.20198
3.38,10.88,3.7320,6.8392,0.00000,0.24367
3.62,10.88,3.6336,7.1643,0.00000,0.25414
3.88,10.88,3.7326,6.9153,0.00000,0.24963
4.12,10.88,3.6718,6.2615,0.00000,0.18337
4.38,10.88,3.7980,6.0457,0.00000,0.12833
4.62,10.88,3.7470,6.8667,0.00000,0.10734
4.88,10.88,3.8299,8.2958,0.00000,0.10724
5.12,10.88,3.7841,9.9657,0.00000,0.11521
5.38,10.88,3.8710,10.8863,0.00000,0.13491
5.62,10.88,3.8365,11.8432,0.00000,0.14792
5.88,10.88,3.8890,13.3361,0.00000,0.15680
6.12,10.88,3.8807,15.4238,0.00000,0.15237
6.38,10.88,3.9737,17.5870,0.00000,0.15779
6.62,10.88,4.0328,20.5301,0.00000,0.16496
6.88,10.88,4.2443,24.5246,0.00000,0.14776
7.12,10.88,4.1895,28.0237,0.00000,0.08584
7.38,10.88,3.4415,28.2581,0.00000,0.03440
2.62,11.12,2.6106,17.5477,0.00000,0.13716
2.88,11.12,3.5816,12.6687,0.00000,0.19635
3.12,11.12,3.6535,8.6301,0.00000,0.23164
3.38,11.12,3.7384,7.5195,0.00000,0.27464
3.62,11.12,3.6416,7.8078,0.00000,0.28261
3.88,11.12,3.7426,7.5589,0.00000,0.27487
4.12,11.12,3.6834,6.9113,0.00000,0.20157
4.38,11.12,3.8151,6.6386,0.00000,0.14127
4.62,11.12,3.7644,7.4604,0.00000,0.11785
4.88,11.12,3.8411,9.0370,0.00000,0.11698
5.12,11.12,3.7907,10.8883,0.00000,0.12500
5.38,11.12,3.8706,12.0478,0.00000,0.14484
5.62,11.12,3.8432,13.1731,0.00000,0.15454
5.88,11.12,3.9120,14.6672,0.00000,0.15833
6.12,11.12,3.8998,16.8310,0.00000,0.15144
6.38,11.12,3.9710,19.2669,0.00000,0.15811
6.62,11.12,4.0263,22.5548,0.00000,0.16576
6.88,11.12,4.2394,26.9231,0.00000,0.14732
7.12,11.12,4.1917,30.8465,0.00000,0.08458
7.38,11.12,3.4863,31.3163,0.00000,0.03352
2.62,11.38,2.6137,18.2695,0.00000,0.15769
2.88,11.38,3.5846,13.4760,0.00000,0.22399
3.12,11.38,3.6576,9.3478,0.00000,0.25949
3.38,11.38,3.7422,8.1352,0.00000,0.30194
3.62,11.38,3.6471,8.4236,0.00000,0.30812
3.88,11.38,3.7530,8.2929,0.00000,0.30161
4.12,11.38,3.6960,7.7630,0.00000,0.22341
4.38,11.38,3.8322,7.4453,0.00000,0.15750
4.62,11.38,3.7785,8.2333,0.00000,0.12891
4.88,11.38,3.8484,9.8868,0.00000,0.12507
5.12,11.38,3.7977,11.8962,0.00000,0.13260
5.38,11.38,3.8743,13.3267,0.00000,0.15179
5.62,11.38,3.8475,14.6448,0.00000,0.15819
5.88,11.38,3.9237,16.1439,0.00000,0.15937
6.12,11.38,3.9080,18.3535,0.00000,0.15135
6.38,11.38,3.9716,21.0141,0.00000,0.15798
6.62,11.38,4.0265,24.6667,0.00000,0.16520
6.88,11.38,4.2369,29.4715,0.00000,0.14741
7.12,11.38,4.1922,33.8584,0.00000,0.08461
7.38,11.38,3.5232,34.5455,0.00000,0.03306
2.62,11.62,2.6148,16.7310,0.00000,0.17559
2.88,11.62,3.5879,13.1284,0.00000,0.24732
3.12,11.62,3.6611,9.6877,0.00000,0.28220
3.38,11.62,3.7435,8.8594,0.00000,0.32457
3.62,11.62,3.6495,9.4380,0.00000,0.33068
3.88,11.62,3.7596,9.3188,0.00000,0.32635
4.12,11.62,3.7080,8.7700,0.00000,0.24503
4.38,11.62,3.8522,8.4543,0.00000,0.17564
4.62,11.62,3.7914,9.2632,0.00000,0.14099
4.88,11.62,3.8473,10.8755,0.00000,0.13210
5.12,11.62,3.7977,12.9572,0.00000,0.13695
5.38,11.62,3.8765,14.7042,0.00000,0.15390
5.62,11.62,3.8450,16.2619,0.00000,0.15781
5.88,11.62,3.9282,17.8011,0.00000,0.15944
6.12,11.62,3.9141,20.0761,0.00000,0.15251
6.38,11.62,3.9840,22.8996,0.00000,0.15761
6.62,11.62,4.0355,26.8652,0.00000,0.16211
6.88,11.62,4.2282,32.1108,0.00000,0.14536
7.12,11.62,4.1796,37.0318,0.00000,0.08406
7.38,11.62,3.5478,37.9916,0.00000,0.03269
2.62,11.88,2.6218,16.0954,0.00000,0.19447
2.88,11.88,3.5984,13.4796,0.00000,0.27351
3.12,11.88,3.6675,10.6565,0.00000,0.31052
3.38,11.88,3.7432,10.0004,0.00000,0.35309
3.62,11.88,3.6486,10.6649,0.00000,0.35275
3.88,11.88,3.7631,10.4486,0.00000,0.34398
4.12,11.88,3.7142,9.8598,0.00000,0.26108
4.38,11.88,3.8612,9.5532,0.00000,0.19146
4.62,11.88,3.7975,10.4110,0.00000,0.15256
4.88,11.88,3.8424,12.0354,0.00000,0.13889
5.12,11.88,3.7890,14.2282,0.00000,0.13943
5.38,11.88,3.8749,16.2289,0.00000,0.15283
5.62,11.88,3.8436,17.9851,0.00000,0.15414
5.88,11.88,3.9332,19.5618,0.00000,0.15638
6.12,11.88,3.9201,21.8945,0.00000,0.15139
6.38,11.88,3.9988,24.8961,0.00000,0.15477
6.62,11.88,4.0461,29.1899,0.00000,0.15523
6.88,11.88,4.2236,34.8636,0.00000,0.13876
7.12,11.88,4.1748,40.3988,0.00000,0.08086
7.38,11.88,3.5787,41.7926,0.00000,0.03169
2.62,12.12,2.6275,17.1614,0.00000,0.21444
2.88,12.12,3.6069,14.9084,0.00000,0.30260
3.12,12.12,3.6773,12.2579,0.00000,0.34205
3.38,12.12,3.7501,11.1103,0.00000,0.38265
3.62,12.12,3.6503,11.3501,0.00000,0.37206
3.88,12.12,3.7587,11.2092,0.00000,0.35596
4.12,12.12,3.7093,10.8593,0.00000,0.27256
4.38,12.12,3.8598,10.6279,0.00000,0.20425
4.62,12.12,3.7989,11.5871,0.00000,0.16304
4.88,12.12,3.8457,13.3564,0.00000,0.14608
5.12,12.12,3.7884,15.7018,0.00000,0.14153
5.38,12.12,3.8762,17.7275,0.00000,0.14996
5.62,12.12,3.8480,19.5729,0.00000,0.14832
5.88,12.12,3.9445,21.3464,0.00000,0.15022
6.12,12.12,3.9318,23.8330,0.00000,0.14617
6.38,12.12,4.0115,27.0076,0.00000,0.14813
6.62,12.12,4.0541,31.5843,0.00000,0.14566
6.88,12.12,4.2272,37.6113,0.00000,0.12974
7.12,12.12,4.1769,43.7896,0.00000,0.07624
7.38,12.12,3.5955,45.7917,0.00000,0.03042
2.62,12.38,2.6268,18.9491,0.00000,0.23227
2.88,12.38,3.6045,16.3585,0.00000,0.32805
3.12,12.38,3.6777,13.3826,0.00000,0.36934
3.38,12.38,3.7539,11.6889,0.00000,0.40891
3.62,12.38,3.6560,11.5320,0.00000,0.38778
3.88,12.38,3.7589,11.6553,0.00000,0.36378
4.12,12.38,3.7051,11.7501,0.00000,0.28074
4.38,12.38,3.8574,11.7187,0.00000,0.21427
4.62,12.38,3.8018,12.8524,0.00000,0.17153
4.88,12.38,3.8635,14.7445,0.00000,0.15196
5.12,12.38,3.8081,17.1428,0.00000,0.14228
5.38,12.38,3.8854,19.0879,0.00000,0.14529
5.62,12.38,3.8560,20.9979,0.00000,0.14049
5.88,12.38,3.9587,23.0699,0.00000,0.14069
6.12,12.38,3.9441,25.8383,0.00000,0.13629
6.38,12.38,4.0105,29.2444,0.00000,0.13722
6.62,12.38,4.0506,34.0377,0.00000,0.13407
6.88,12.38,4.2278,40.3201,0.00000,0.11913
7.12,12.38,4.1819,47.1497,0.00000,0.07032
7.38,12.38,3.6143,49.8221,0.00000,0.02871
2.62,12.62,2.6287,21.7362,0.00000,0.24871
2.88,12.62,3.5952,18.0081,0.00000,0.34977
3.12,12.62,3.6708,14.2131,0.00000,0.39141
3.38,12.62,3.7578,12.1196,0.00000,0.43072
3.62,12.62,3.6621,11.7508,0.00000,0.39984
3.88,12.62,3.7624,12.0336,0.00000,0.36836
4.12,12.62,3.7059,12.4660,0.00000,0.28559
4.38,12.62,3.8484,12.7651,0.00000,0.21991
4.62,12.62,3.7962,14.1936,0.00000,0.17584
4.88,12.62,3.8835,16.1280,0.00000,0.15454
5.12,12.62,3.8337,18.4960,0.00000,0.14093
5.38,12.62,3.8972,20.4973,0.00000,0.13927
5.62,12.62,3.8604,22.5830,0.00000,0.13079
5.88,12.62,3.9593,24.8690,0.00000,0.12816
6.12,12.62,3.9471,27.9499,0.00000,0.12340
6.38,12.62,4.0109,31.6652,0.00000,0.12394
6.62,12.62,4.0469,36.6333,0.00000,0.12139
6.88,12.62,4.2108,43.1359,0.00000,0.10832
7.12,12.62,4.1701,50.5806,0.00000,0.06422
7.38,12.62,3.6428,53.7529,0.00000,0.02644
2.62,12.88,2.6469,23.9989,0.00000,0.26339
2.88,12.88,3.5983,19.4570,0.00000,0.36897
3.12,12.88,3.6700,15.0910,0.00000,0.40984
3.38,12.88,3.7588,12.7658,0.00000,0.44666
3.62,12.88,3.6649,12.2124,0.00000,0.40669
3.88,12.88,3.7679,12.3553,0.00000,0.36893
4.12,12.88,3.7084,12.8633,0.00000,0.28661
4.38,12.88,3.8341,13.6281,0.00000,0.22140
4.62,12.88,3.7843,15.5580,0.00000,0.17590
4.88,12.88,3.8921,17.6233,0.00000,0.15287
5.12,12.88,3.8439,20.0275,0.00000,0.13686
5.38,12.88,3.9032,22.1011,0.00000,0.13195
5.62,12.88,3.8585,24.3542,0.00000,0.12037
5.88,12.88,3.9469,26.8014,0.00000,0.11513
6.12,12.88,3.9356,30.1732,0.00000,0.11005
6.38,12.88,4.0128,34.2154,0.00000,0.11060
6.62,12.88,4.0447,39.4873,0.00000,0.10904
6.88,12.88,4.1925,46.4113,0.00000,0.09887
7.12,12.88,4.1573,54.4795,0.00000,0.05939
7.38,12.88,3.6897,57.9827,0.00000,0.02473
2.62,13.12,2.6647,24.5231,0.00000,0.27044
2.88,13.12,3.6012,20.1809,0.00000,0.37959
3.12,13.12,3.6732,15.9469,0.00000,0.42365
3.38,13.12,3.7591,13.5603,0.00000,0.46041
3.62,13.12,3.6658,12.8120,0.00000,0.41143
3.88,13.12,3.7743,12.6804,0.00000,0.36620
4.12,13.12,3.7147,13.1320,0.00000,0.28418
4.38,13.12,3.8303,14.3612,0.00000,0.22052
4.62,13.12,3.7788,16.8470,0.00000,0.17440
4.88,13.12,3.8869,19.1518,0.00000,0.14937
5.12,13.12,3.8358,21.6543,0.00000,0.13127
5.38,13.12,3.9034,23.6937,0.00000,0.12355
5.62,13.12,3.8564,26.0163,0.00000,0.10923
5.88,13.12,3.9482,28.6481,0.00000,0.10151
6.12,13.12,3.9322,32.3149,0.00000,0.09572
6.38,13.12,4.0104,36.7624,0.00000,0.09602
6.62,13.12,4.0372,42.5777,0.00000,0.09510
6.88,13.12,4.1927,50.1733,0.00000,0.08755
7.12,13.12,4.1638,59.0037,0.00000,0.05361
7.38,13.12,3.7570,62.9245,0.00000,0.02325
2.62,13.38,2.6849,24.6329,0.00000,0.27532
2.88,13.38,3.6079,20.8602,0.00000,0.38735
3.12,13.38,3.6747,17.0189,0.00000,0.43688
3.38,13.38,3.7544,14.5466,0.00000,0.47589
3.62,13.38,3.6691,13.5998,0.00000,0.41405
3.88,13.38,3.7879,13.3640,0.00000,0.35599
4.12,13.38,3.7255,13.8846,0.00000,0.27546
4.38,13.38,3.8258,15.3252,0.00000,0.21578
4.62,13.38,3.7723,18.1132,0.00000,0.17167
4.88,13.38,3.8762,20.6530,0.00000,0.14641
5.12,13.38,3.8209,23.2858,0.00000,0.12522
5.38,13.38,3.8992,25.2836,0.00000,0.11388
5.62,13.38,3.8510,27.6756,0.00000,0.09811
5.88,13.38,3.9555,30.4892,0.00000,0.08936
6.12,13.38,3.9309,34.4752,0.00000,0.08263
6.38,13.38,4.0032,39.3921,0.00000,0.08160
6.62,13.38,4.0256,45.8868,0.00000,0.07971
6.88,13.38,4.2011,54.4056,0.00000,0.07322
7.12,13.38,4.1834,64.2286,0.00000,0.04576
7.38,13.38,3.8520,68.6480,0.00000,0.02127
2.62,13.62,2.7002,24.9372,0.00000,0.27371
2.88,13.62,3.6115,21.6848,0.00000,0.38714
3.12,13.62,3.6795,18.2900,0.00000,0.44555
3.38,13.62,3.7621,15.8711,0.00000,0.48960
3.62,13.62,3.6805,14.9297,0.00000,0.41090
3.88,13.62,3.7938,14.7967,0.00000,0.33503
4.12,13.62,3.7321,15.5382,0.00000,0.26007
4.38,13.62,3.8166,16.9077,0.00000,0.20953
4.62,13.62,3.7624,19.6759,0.00000,0.16965
4.88,13.62,3.8661,22.2654,0.00000,0.14516
5.12,13.62,3.8127,24.9487,0.00000,0.12070
5.38,13.62,3.8943,26.9838,0.00000,0.10584
5.62,13.62,3.8385,29.5985,0.00000,0.08871
5.88,13.62,3.9535,32.6267,0.00000,0.07890
6.12,13.62,3.9226,36.9534,0.00000,0.07102
6.38,13.62,4.0064,42.2626,0.00000,0.06773
6.62,13.62,4.0127,49.4418,0.00000,0.06332
6.88,13.62,4.1784,59.2199,0.00000,0.05673
7.12,13.62,4.1711,70.3507,0.00000,0.03636
7.38,13.62,3.9627,75.2855,0.00000,0.01862
2.62,13.88,2.7312,26.5297,0.00000,0.27037
2.88,13.88,3.6427,23.2476,0.00000,0.38410
3.12,13.88,3.7071,19.9681,0.00000,0.44699
3.38,13.88,3.7793,17.4948,0.00000,0.49187
3.62,13.88,3.6988,16.5984,0.00000,0.40151
3.88,13.88,3.7946,16.6700,0.00000,0.31337
4.12,13.88,3.7339,17.7600,0.00000,0.24379
4.38,13.88,3.8050,19.0884,0.00000,0.20111
4.62,13.88,3.7548,21.7951,0.00000,0.16606
4.88,13.88,3.8554,24.1377,0.00000,0.14347
5.12,13.88,3.8109,26.5984,0.00000,0.11699
5.38,13.88,3.8925,28.7032,0.00000,0.09958
5.62,13.88,3.8251,31.6849,0.00000,0.08106
5.88,13.88,3.9361,35.0900,0.00000,0.06963
6.12,13.88,3.8903,39.7679,0.00000,0.05996
6.38,13.88,4.0030,45.1530,0.00000,0.05429
6.62,13.88,3.9868,52.7367,0.00000,0.04771
6.88,13.88,4.1244,63.8998,0.00000,0.04103
7.12,13.88,4.1364,76.9407,0.00000,0.02731
7.38,13.88,4.1595,82.9955,0.00000,0.01615
2.62,14.12,2.7412,29.0510,0.00000,0.25977
2.88,14.12,3.6642,25.3455,0.00000,0.37096
3.12,14.12,3.7362,21.9027,0.00000,0.43634
3.38,14.12,3.7966,19.1622,0.00000,0.48063
3.62,14.12,3.7178,18.1861,0.00000,0.38313
3.88,14.12,3.7925,18.4517,0.00000,0.28834
4.12,14.12,3.7343,19.9070,0.00000,0.22685
4.38,14.12,3.7933,21.2586,0.00000,0.19233
4.62,14.12,3.7556,23.9077,0.00000,0.16025
4.88,14.12,3.8483,25.9512,0.00000,0.13857
5.12,14.12,3.8213,28.2409,0.00000,0.11186
5.38,14.12,3.9065,30.6207,0.00000,0.09361
5.62,14.12,3.8355,34.1303,0.00000,0.07495
5.88,14.12,3.9230,38.0532,0.00000,0.06264
6.12,14.12,3.8469,42.9773,0.00000,0.05154
6.38,14.12,3.9703,47.9137,0.00000,0.04425
6.62,14.12,3.9214,55.1926,0.00000,0.03656
6.88,14.12,4.0368,66.7509,0.00000,0.03008
7.12,14.12,4.0777,81.2146,0.00000,0.02078
7.38,14.12,4.4229,88.0010,0.00000,0.01428
2.62,14.38,2.7535,30.8509,0.00000,0.24692
2.88,14.38,3.6951,26.8979,0.00000,0.35288
3.12,14.38,3.7703,23.3302,0.00000,0.41538
3.38,14.38,3.8096,20.5694,0.00000,0.45515
3.62,14.38,3.7340,19.6786,0.00000,0.35520
3.88,14.38,3.7915,19.8906,0.00000,0.25979
4.12,14.38,3.7359,21.3993,0.00000,0.20797
4.38,14.38,3.7734,22.7467,0.00000,0.18144
4.62,14.38,3.7555,25.3247,0.00000,0.15143
4.88,14.38,3.8422,27.3030,0.00000,0.12989
5.12,14.38,3.8410,29.6981,0.00000,0.10380
5.38,14.38,3.9183,32.3249,0.00000,0.08515
5.62,14.38,3.8716,36.2423,0.00000,0.06812
5.88,14.38,3.9462,40.5533,0.00000,0.05683
6.12,14.38,3.8546,45.6138,0.00000,0.04564
6.38,14.38,3.9561,50.4035,0.00000,0.03782
6.62,14.38,3.8657,57.1182,0.00000,0.02989
6.88,14.38,3.9643,67.0110,0.00000,0.02382
7.12,14.38,4.0008,79.8813,0.00000,0.01677
7.38,14.38,4.4521,83.3833,0.00000,0.01236
2.62,14.62,2.7700,31.0735,0.00000,0.23524
2.88,14.62,3.7302,27.1880,0.00000,0.33573
3.12,14.62,3.8036,23.6239,0.00000,0.39262
3.38,14.62,3.8129,21.1554,0.00000,0.42596
3.62,14.62,3.7393,20.5264,0.00000,0.32809
3.88,14.62,3.7800,20.6001,0.00000,0.23546
4.12,14.62,3.7382,21.9764,0.00000,0.19064
4.38,14.62,3.7542,23.3379,0.00000,0.16960
4.62,14.62,3.7493,25.8956,0.00000,0.14064
4.88,14.62,3.8232,28.0601,0.00000,0.11844
5.12,14.62,3.8492,30.6248,0.00000,0.09459
5.38,14.62,3.9009,33.0276,0.00000,0.07682
5.62,14.62,3.9036,36.8006,0.00000,0.06198
5.88,14.62,3.9823,41.1064,0.00000,0.05176
6.12,14.62,3.9281,46.0599,0.00000,0.04087
6.38,14.62,3.9991,51.2335,0.00000,0.03294
6.62,14.62,3.8886,57.4090,0.00000,0.02553
6.88,14.62,3.9668,64.6636,0.00000,0.02024
7.12,14.62,3.9303,74.1641,0.00000,0.01441
7.38,14.62,4.1807,75.3478,0.00000,0.01058
7.62,14.62,3.7666,65.0477,0.00000,0.00818
2.62,14.88,2.7965,29.4301,0.00000,0.22761
2.88,14.88,3.7724,26.2340,0.00000,0.32331
3.12,14.88,3.8398,22.9735,0.00000,0.36903
3.38,14.88,3.8217,20.9515,0.00000,0.39115
3.62,14.88,3.7509,20.6237,0.00000,0.30194
3.88,14.88,3.7686,20.6255,0.00000,0.21776
4.12,14.88,3.7483,21.8633,0.00000,0.17711
4.38,14.88,3.7503,23.2932,0.00000,0.15860
4.62,14.88,3.7561,25.8617,0.00000,0.12980
4.88,14.88,3.7994,28.1621,0.00000,0.10584
5.12,14.88,3.8356,30.7761,0.00000,0.08480
5.38,14.88,3.8512,32.8292,0.00000,0.06866
5.62,14.88,3.8941,36.2391,0.00000,0.05557
5.88,14.88,3.9614,40.4652,0.00000,0.04577
6.12,14.88,3.9830,45.0974,0.00000,0.03635
6.38,14.88,4.0227,50.0477,0.00000,0.02915
6.62,14.88,3.9464,55.0516,0.00000,0.02273
6.88,14.88,3.9836,60.4588,0.00000,0.01805
7.12,14.88,3.9123,68.3766,0.00000,0.01325
7.38,14.88,4.0072,73.7011,0.00000,0.00985
7.62,14.88,3.8193,74.5368,0.00000,0.00795
2.62,15.12,2.8193,27.7345,0.00000,0.21747
2.88,15.12,3.8045,25.2271,0.00000,0.30757
3.12,15.12,3.8749,22.1994,0.00000,0.34374
3.38,15.12,3.8499,20.3549,0.00000,0.35699
3.62,15.12,3.7838,20.0827,0.00000,0.27678
3.88,15.12,3.7808,20.0416,0.00000,0.20149
4.12,15.12,3.7730,21.1759,0.00000,0.16490
4.38,15.12,3.7605,22.6936,0.00000,0.14759
4.62,15.12,3.7754,25.2084,0.00000,0.11944
4.88,15.12,3.7783,27.5376,0.00000,0.09500
5.12,15.12,3.8119,30.2655,0.00000,0.07689
5.38,15.12,3.7969,32.3678,0.00000,0.06208
5.62,15.12,3.8598,35.6177,0.00000,0.04986
5.88,15.12,3.8898,39.9263,0.00000,0.04010
6.12,15.12,3.9615,44.5457,0.00000,0.03276
6.38,15.12,3.9606,49.3560,0.00000,0.02655
6.62,15.12,3.9633,53.5042,0.00000,0.02121
6.88,15.12,3.9487,57.7875,0.00000,0.01688
7.12,15.12,3.9342,64.5222,0.00000,0.01301
7.38,15.12,3.9327,72.8748,0.00000,0.01003
7.62,15.12,3.9944,80.3339,0.00000,0.00844
7.88,15.12,3.8105,85.9495,0.00000,0.00716
2.62,15.38,2.8334,27.7119,0.00000,0.20667
2.88,15.38,3.8228,25.1226,0.00000,0.29223
3.12,15.38,3.9024,21.8331,0.00000,0.32446
3.38,15.38,3.8818,19.6790,0.00000,0.33406
3.62,15.38,3.8139,19.1157,0.00000,0.25838
3.88,15.38,3.8001,19.0549,0.00000,0.18811
4.12,15.38,3.7935,20.1533,0.00000,0.15397
4.38,15.38,3.7817,21.7797,0.00000,0.13590
4.62,15.38,3.8040,24.2182,0.00000,0.10950
4.88,15.38,3.7769,26.6496,0.00000,0.08720
5.12,15.38,3.8035,29.6862,0.00000,0.07138
5.38,15.38,3.7733,32.1441,0.00000,0.05708
5.62,15.38,3.8467,35.1941,0.00000,0.04593
5.88,15.38,3.8444,39.3025,0.00000,0.03669
6.12,15.38,3.9250,44.1366,0.00000,0.03066
6.38,15.38,3.8906,49.3540,0.00000,0.02499
6.62,15.38,3.9553,53.5353,0.00000,0.02035
6.88,15.38,3.9302,57.2049,0.00000,0.01643
7.12,15.38,3.9459,62.0826,0.00000,0.01323
7.38,15.38,3.8917,69.4618,0.00000,0.01066
7.62,15.38,3.9436,77.8534,0.00000,0.00886
7.88,15.38,4.0020,83.1745,0.00000,0.00780
8.12,15.38,3.7717,76.2101,0.00000,0.00685
8.38,15.38,3.6353,62.8096,0.00000,0.00623
2.62,15.62,2.8267,28.4475,0.00000,0.19178
2.88,15.62,3.8053,25.5413,0.00000,0.27207
3.12,15.62,3.8923,21.8728,0.00000,0.30450
3.38,15.62,3.8834,19.2253,0.00000,0.31517
3.62,15.62,3.8172,18.3284,0.00000,0.24336
3.88,15.62,3.8145,18.2977,0.00000,0.17679
4.12,15.62,3.8092,19.4294,0.00000,0.14359
4.38,15.62,3.8129,21.2297,0.00000,0.12403
4.62,15.62,3.8259,23.6487,0.00000,0.09923
4.88,15.62,3.7886,26.1657,0.00000,0.07925
5.12,15.62,3.8125,29.4675,0.00000,0.06528
5.38,15.62,3.7894,32.2777,0.00000,0.05240
5.62,15.62,3.8516,35.1242,0.00000,0.04302
5.88,15.62,3.8415,38.6834,0.00000,0.03492
6.12,15.62,3.8975,43.3703,0.00000,0.02915
6.38,15.62,3.8644,48.7918,0.00000,0.02380
6.62,15.62,3.9104,53.1976,0.00000,0.01945
6.88,15.62,3.9289,56.5567,0.00000,0.01621
7.12,15.62,3.9308,59.8916,0.00000,0.01364
7.38,15.62,3.9212,65.1628,0.00000,0.01171
7.62,15.62,3.9113,72.7503,0.00000,0.00994
7.88,15.62,3.9507,78.8919,0.00000,0.00872
8.12,15.62,3.9739,77.6771,0.00000,0.00795
8.38,15.62,4.0673,73.7243,0.00000,0.00741
8.62,15.62,4.2643,76.9879,0.00000,0.00716
8.88,15.62,4.2489,83.4451,0.00000,0.00687
9.12,15.62,4.1068,86.0388,0.00000,0.00655
9.38,15.62,4.0567,87.1524,0.00000,0.00660
9.62,15.62,4.0623,89.6417,0.00000,0.00679
9.88,15.62,4.0482,93.7077,0.00000,0.00678
10.12,15.62,4.0054,98.1244,0.00000,0.00676
10.38,15.62,3.9836,101.7944,0.00000,0.00689
10.62,15.62,4.0039,104.9462,0.00008,0.00706
10.88,15.62,4.0353,109.0007,0.00260,0.00726
11.12,15.62,4.0470,114.1768,0.03187,0.00754
11.38,15.62,4.1374,119.3581,0.14481,0.00801
11.62,15.62,4.1702,122.8685,0.24796,0.00820
11.88,15.62,4.0798,125.6453,0.16919,0.00821
12.12,15.62,4.0486,129.1390,0.06633,0.00830
12.38,15.62,4.1029,133.5087,0.04502,0.00852
12.62,15.62,4.1266,136.2430,0.04299,0.00881
12.88,15.62,4.1498,138.7280,0.06979,0.00939
13.12,15.62,4.2132,141.6415,0.13356,0.01015
13.38,15.62,4.3281,144.8159,0.25463,0.01080
13.62,15.62,4.4851,146.9837,0.45430,0.01118
13.88,15.62,4.5454,146.5485,0.60270,0.01145
14.12,15.62,4.6883,146.5161,0.76907,0.01196
14.38,15.62,4.8697,146.7568,0.92795,0.01281
14.62,15.62,4.7680,147.5373,0.91156,0.01338
14.88,15.62,4.7620,148.7045,0.93378,0.01303
15.12,15.62,4.8672,150.2386,1.15301,0.01223
15.38,15.62,4.9567,150.9418,1.38164,0.01123
15.62,15.62,5.1382,146.6906,1.61417,0.00977
15.88,15.62,5.1194,140.8478,1.62068,0.00888
16.12,15.62,4.8092,132.7059,1.58126,0.01333
16.38,15.62,4.7925,117.0103,1.65164,0.03787
16.62,15.62,4.3676,103.9031,1.17893,0.08475
16.88,15.62,4.6205,110.8106,0.81468,0.12539
2.62,15.88,2.8217,29.3034,0.00000,0.17902
2.88,15.88,3.7723,25.9577,0.00000,0.25298
3.12,15.88,3.8505,21.8918,0.00000,0.28137
3.38,15.88,3.8551,18.9176,0.00000,0.28953
3.62,15.88,3.7952,17.9907,0.00000,0.22468
3.88,15.88,3.8150,18.2079,0.00000,0.16586
4.12,15.88,3.8060,19.5403,0.00000,0.13352
4.38,15.88,3.8243,21.4567,0.00000,0.11266
4.62,15.88,3.8174,23.8710,0.00000,0.08988
4.88,15.88,3.7975,26.4152,0.00000,0.07257
5.12,15.88,3.8207,29.8440,0.00000,0.05964
5.38,15.88,3.8193,32.9011,0.00000,0.04783
5.62,15.88,3.8474,35.8029,0.00000,0.03991
5.88,15.88,3.8540,38.9805,0.00000,0.03365
6.12,15.88,3.8672,43.2729,0.00000,0.02793
6.38,15.88,3.8770,48.4768,0.00000,0.02279
6.62,15.88,3.8833,52.8799,0.00000,0.01878
6.88,15.88,3.9116,55.9118,0.00000,0.01620
7.12,15.88,3.9244,58.4521,0.00000,0.01434
7.38,15.88,3.9318,61.7583,0.00000,0.01287
7.62,15.88,3.9513,66.6299,0.00000,0.01147
7.88,15.88,3.9479,72.0216,0.00000,0.01021
8.12,15.88,3.9101,75.6370,0.00000,0.00908
8.38,15.88,3.8681,76.5254,0.00000,0.00811
8.62,15.88,3.8887,76.4624,0.00000,0.00756
8.88,15.88,3.9753,77.4180,0.00000,0.00738
9.12,15.88,4.0569,78.2872,0.00000,0.00735
9.38,15.88,4.0977,79.1459,0.00000,0.00754
9.62,15.88,4.1256,81.1513,0.00000,0.00777
9.88,15.88,4.1369,84.3897,0.00000,0.00789
10.12,15.88,4.1379,88.4413,0.00000,0.00812
10.38,15.88,4.1515,92.0458,0.00000,0.00854
10.62,15.88,4.1566,94.4766,0.00004,0.00889
10.88,15.88,4.1459,97.4200,0.00117,0.00906
11.12,15.88,4.1520,101.7533,0.01436,0.00918
11.38,15.88,4.1902,106.2805,0.06526,0.00947
11.62,15.88,4.1709,109.5564,0.11174,0.00968
11.88,15.88,4.0908,112.1223,0.07624,0.00988
12.12,15.88,4.0510,115.2764,0.02989,0.01000
12.38,15.88,4.0375,119.2196,0.02029,0.01000
12.62,15.88,4.0434,122.3842,0.01937,0.01017
12.88,15.88,4.0676,125.5531,0.03145,0.01073
13.12,15.88,4.0631,128.8084,0.06019,0.01135
13.38,15.88,4.0617,131.6923,0.11475,0.01188
13.62,15.88,4.1053,133.3711,0.20473,0.01240
13.88,15.88,4.1227,132.7534,0.27160,0.01307
14.12,15.88,4.1901,132.9134,0.34657,0.01392
14.38,15.88,4.2658,134.3787,0.41819,0.01485
14.62,15.88,4.1946,136.0385,0.41145,0.01564
14.88,15.88,4.1800,137.1491,0.42969,0.01629
15.12,15.88,4.2423,138.8761,0.56925,0.01689
15.38,15.88,4.3227,139.9444,0.75757,0.01665
15.62,15.88,4.4521,135.5421,0.95329,0.01523
15.88,15.88,4.4435,129.1643,1.04594,0.01373
16.12,15.88,4.2656,121.4518,1.10785,0.01858
16.38,15.88,4.2660,106.7668,1.12791,0.04822
16.62,15.88,4.1357,97.2881,0.94721,0.10501
16.88,15.88,4.7696,107.5335,0.99207,0.15436
2.62,16.12,2.8257,31.0047,0.00000,0.17278
2.88,16.12,3.7606,26.6922,0.00000,0.24303
3.12,16.12,3.8282,21.9715,0.00000,0.26640
3.38,16.12,3.8351,18.8437,0.00000,0.26952
3.62,16.12,3.7672,18.1069,0.00000,0.20936
3.88,16.12,3.8008,18.6876,0.00000,0.15764
4.12,16.12,3.7818,20.3524,0.00000,0.12758
4.38,16.12,3.8178,22.2828,0.00000,0.10781
4.62,16.12,3.7995,24.6505,0.00000,0.08508
4.88,16.12,3.8016,27.1761,0.00000,0.06705
5.12,16.12,3.8114,30.6291,0.00000,0.05397
5.38,16.12,3.8336,33.8756,0.00000,0.04374
5.62,16.12,3.8334,37.0010,0.00000,0.03726
5.88,16.12,3.8629,40.0761,0.00000,0.03275
6.12,16.12,3.8679,43.9176,0.00000,0.02778
6.38,16.12,3.8834,48.4481,0.00000,0.02280
6.62,16.12,3.8922,52.6055,0.00000,0.01909
6.88,16.12,3.8943,55.4785,0.00000,0.01672
7.12,16.12,3.9213,57.6307,0.00000,0.01522
7.38,16.12,3.9414,59.9639,0.00000,0.01383
7.62,16.12,3.9382,62.4744,0.00000,0.01246
7.88,16.12,3.9485,65.5111,0.00000,0.01144
8.12,16.12,3.9558,69.2670,0.00000,0.01056
8.38,16.12,3.8993,71.1699,0.00000,0.00959
8.62,16.12,3.8616,70.1152,0.00000,0.00890
8.88,16.12,3.9318,68.7035,0.00000,0.00862
9.12,16.12,4.0200,67.6499,0.00000,0.00863
9.38,16.12,4.0646,67.3398,0.00000,0.00885
9.62,16.12,4.0902,68.5713,0.00000,0.00904
9.88,16.12,4.1050,70.8533,0.00000,0.00932
10.12,16.12,4.1148,73.6339,0.00000,0.00991
10.38,16.12,4.1313,75.9329,0.00000,0.01081
10.62,16.12,4.1420,77.6667,0.00001,0.01169
10.88,16.12,4.1273,80.2159,0.00025,0.01215
11.12,16.12,4.1263,83.7703,0.00303,0.01201
11.38,16.12,4.1299,87.2719,0.01377,0.01188
11.62,16.12,4.1128,90.0737,0.02358,0.01215
11.88,16.12,4.0696,92.5155,0.01609,0.01246
12.12,16.12,4.0352,95.3758,0.00631,0.01245
12.38,16.12,4.0026,98.4916,0.00428,0.01225
12.62,16.12,4.0060,101.6071,0.00409,0.01234
12.88,16.12,4.0234,105.0625,0.00664,0.01290
13.12,16.12,4.0067,108.4951,0.01270,0.01359
13.38,16.12,3.9761,111.2889,0.02421,0.01423
13.62,16.12,3.9802,113.2193,0.04320,0.01502
13.88,16.12,3.9838,113.9885,0.05731,0.01618
14.12,16.12,4.0096,115.6512,0.07314,0.01752
14.38,16.12,4.0200,118.1868,0.08833,0.01883
14.62,16.12,3.9968,120.4422,0.08959,0.02030
14.88,16.12,3.9964,121.9402,0.12558,0.02214
15.12,16.12,4.1236,124.1149,0.29338,0.02397
15.38,16.12,4.2800,125.2331,0.53671,0.02437
15.62,16.12,4.3530,121.9493,0.67780,0.02346
15.88,16.12,4.3098,115.9032,0.78026,0.02124
16.12,16.12,4.2830,109.4636,0.90489,0.02166
16.38,16.12,4.2943,101.5750,0.89865,0.03632
16.62,16.12,4.1142,100.2966,0.97151,0.06626
16.88,16.12,4.7311,113.1943,1.42027,0.09292
2.62,16.38,2.8213,31.8315,0.00000,0.16650
2.88,16.38,3.7498,27.0265,0.00000,0.23354
3.12,16.38,3.8161,22.1504,0.00000,0.25578
3.38,16.38,3.8298,19.0867,0.00000,0.25889
3.62,16.38,3.7504,18.5230,0.00000,0.19990
3.88,16.38,3.7869,19.3299,0.00000,0.15016
4.12,16.38,3.7605,21.2572,0.00000,0.12343
4.38,16.38,3.8048,23.1698,0.00000,0.10649
4.62,16.38,3.7844,25.4689,0.00000,0.08274
4.88,16.38,3.7938,27.8408,0.00000,0.06287
5.12,16.38,3.7797,31.0355,0.00000,0.05029
5.38,16.38,3.8130,34.3744,0.00000,0.04152
5.62,16.38,3.8219,37.7158,0.00000,0.03570
5.88,16.38,3.8491,40.9526,0.00000,0.03194
6.12,16.38,3.8760,44.5761,0.00000,0.02820
6.38,16.38,3.8624,48.2960,0.00000,0.02382
6.62,16.38,3.8665,52.0435,0.00000,0.02025
6.88,16.38,3.8806,55.3325,0.00000,0.01783
7.12,16.38,3.8823,57.5604,0.00000,0.01624
7.38,16.38,3.9114,59.0718,0.00000,0.01469
7.62,16.38,3.9402,60.3155,0.00000,0.01332
7.88,16.38,3.9320,62.1372,0.00000,0.01237
8.12,16.38,3.9085,64.9698,0.00000,0.01165
8.38,16.38,3.8459,66.7762,0.00000,0.01070
8.62,16.38,3.7766,65.9628,0.00000,0.00978
8.88,16.38,3.7734,63.8366,0.00000,0.00939
9.12,16.38,3.8144,61.5692,0.00000,0.00961
9.38,16.38,3.8453,60.1483,0.00000,0.01001
9.62,16.38,3.8525,60.4789,0.00000,0.01026
9.88,16.38,3.8700,61.8403,0.00000,0.01066
10.12,16.38,3.9046,63.3934,0.00000,0.01140
10.38,16.38,3.9292,64.4999,0.00000,0.01252
10.62,16.38,3.9424,65.9372,0.00000,0.01382
10.88,16.38,3.9414,68.4723,0.00002,0.01473
11.12,16.38,3.9380,71.4305,0.00025,0.01464
11.38,16.38,3.9366,74.0983,0.00113,0.01426
11.62,16.38,3.9329,76.3130,0.00193,0.01443
11.88,16.38,3.9251,78.4392,0.00131,0.01457
12.12,16.38,3.9210,81.1229,0.00052,0.01443
12.38,16.38,3.9166,83.8900,0.00035,0.01420
12.62,16.38,3.9349,86.8650,0.00033,0.01441
12.88,16.38,3.9635,90.0960,0.00054,0.01507
13.12,16.38,3.9597,93.2906,0.00104,0.01589
13.38,16.38,3.9127,95.8269,0.00198,0.01670
13.62,16.38,3.8909,98.2780,0.00353,0.01777
13.88,16.38,3.8853,100.7777,0.00468,0.01942
14.12,16.38,3.8902,103.7672,0.00598,0.02140
14.38,16.38,3.8808,106.7089,0.00736,0.02336
14.62,16.38,3.8907,109.8335,0.01204,0.02584
14.88,16.38,3.9266,112.5154,0.06893,0.02890
15.12,16.38,4.1122,114.5980,0.30369,0.03183
15.38,16.38,4.2764,114.9091,0.59793,0.03330
15.62,16.38,4.2736,113.2240,0.64868,0.03380
15.88,16.38,4.2132,109.2464,0.66179,0.03276
16.12,16.38,4.2035,105.0542,0.75619,0.02963
16.38,16.38,4.2436,103.5542,0.77560,0.02757
16.62,16.38,4.1790,107.4430,1.02039,0.02806
16.88,16.38,4.9336,119.2632,1.69015,0.03056
2.62,16.62,2.8143,30.7536,0.00000,0.16322
2.88,16.62,3.7409,26.8361,0.00000,0.22753
3.12,16.62,3.7999,22.7485,0.00000,0.24859
3.38,16.62,3.8062,19.8019,0.00000,0.25374
3.62,16.62,3.7258,19.1621,0.00000,0.19513
3.88,16.62,3.7795,19.9163,0.00000,0.14477
4.12,16.62,3.7532,21.8703,0.00000,0.11972
4.38,16.62,3.7833,23.7845,0.00000,0.10374
4.62,16.62,3.7684,26.1417,0.00000,0.08002
4.88,16.62,3.7815,28.5025,0.00000,0.06073
5.12,16.62,3.7597,31.3412,0.00000,0.04958
5.38,16.62,3.7800,34.5305,0.00000,0.04136
5.62,16.62,3.8200,38.0098,0.00000,0.03522
5.88,16.62,3.8475,41.4872,0.00000,0.03126
6.12,16.62,3.8698,45.0418,0.00000,0.02831
6.38,16.62,3.8656,48.3017,0.00000,0.02485
6.62,16.62,3.8579,51.5899,0.00000,0.02134
6.88,16.62,3.8759,55.0249,0.00000,0.01873
7.12,16.62,3.8891,57.5490,0.00000,0.01698
7.38,16.62,3.8956,58.5717,0.00000,0.01531
7.62,16.62,3.9200,58.8435,0.00000,0.01396
7.88,16.62,3.9401,59.8577,0.00000,0.01313
8.12,16.62,3.9473,62.0301,0.00000,0.01259
8.38,16.62,3.9181,63.6881,0.00000,0.01172
8.62,16.62,3.8638,63.6654,0.00000,0.01070
8.88,16.62,3.8318,62.5947,0.00000,0.01027
9.12,16.62,3.8377,61.0822,0.00000,0.01055
9.38,16.62,3.8528,59.7358,0.00000,0.01102
9.62,16.62,3.8517,59.2613,0.00000,0.01140
9.88,16.62,3.8588,59.4560,0.00000,0.01189
10.12,16.62,3.8832,60.0000,0.00000,0.01252
10.38,16.62,3.9010,60.8796,0.00000,0.01328
10.62,16.62,3.9071,62.5664,0.00000,0.01430
10.88,16.62,3.9101,64.9178,0.00000,0.01536
11.12,16.62,3.9075,67.2900,0.00001,0.01578
11.38,16.62,3.9131,69.4996,0.00003,0.01571
11.62,16.62,3.9124,71.4016,0.00006,0.01567
11.88,16.62,3.9143,73.1560,0.00004,0.01555
12.12,16.62,3.9191,75.4047,0.00002,0.01545
12.38,16.62,3.9177,77.9675,0.00001,0.01535
12.62,16.62,3.9281,80.7437,0.00001,0.01573
12.88,16.62,3.9544,83.6381,0.00002,0.01655
13.12,16.62,3.9562,86.6404,0.00003,0.01756
13.38,16.62,3.9183,89.3515,0.00006,0.01867
13.62,16.62,3.8995,92.3156,0.00011,0.02018
13.88,16.62,3.8963,95.8886,0.00014,0.02231
14.12,16.62,3.8905,99.4871,0.00019,0.02502
14.38,16.62,3.8788,102.3087,0.00042,0.02818
14.62,16.62,3.8794,105.3347,0.00458,0.03215
14.88,16.62,3.9076,108.2587,0.05076,0.03695
15.12,16.62,4.0507,109.9028,0.23976,0.04213
15.38,16.62,4.1411,109.8723,0.48199,0.04685
15.62,16.62,4.1049,109.6765,0.55128,0.05187
15.88,16.62,4.0899,107.1504,0.64550,0.05600
16.12,16.62,4.2156,103.9247,0.84935,0.05405
16.38,16.62,4.3481,104.8504,0.94171,0.04335
16.62,16.62,4.2988,111.3412,1.21512,0.02855
16.88,16.62,5.1356,124.9751,1.95702,0.02016
2.62,16.88,2.8055,29.4606,0.00000,0.15790
2.88,16.88,3.7221,26.6142,0.00000,0.21844
3.12,16.88,3.7787,23.3454,0.00000,0.23788
3.38,16.88,3.7813,20.5967,0.00000,0.24583
3.62,16.88,3.7027,19.9908,0.00000,0.19105
3.88,16.88,3.7726,20.5326,0.00000,0.14203
4.12,16.88,3.7543,22.2655,0.00000,0.11688
4.38,16.88,3.7758,24.2438,0.00000,0.10017
4.62,16.88,3.7658,26.8321,0.00000,0.07731
4.88,16.88,3.7762,29.4172,0.00000,0.05937
5.12,16.88,3.7671,32.1075,0.00000,0.04942
5.38,16.88,3.7780,34.9610,0.00000,0.04206
5.62,16.88,3.8114,38.4252,0.00000,0.03565
5.88,16.88,3.8352,41.9143,0.00000,0.03086
6.12,16.88,3.8366,45.2711,0.00000,0.02814
6.38,16.88,3.8487,48.4126,0.00000,0.02554
6.62,16.88,3.8603,51.4731,0.00000,0.02209
6.88,16.88,3.8524,54.5578,0.00000,0.01925
7.12,16.88,3.8569,56.9720,0.00000,0.01736
7.38,16.88,3.8801,58.0463,0.00000,0.01579
7.62,16.88,3.9043,58.2677,0.00000,0.01454
7.88,16.88,3.9173,59.0684,0.00000,0.01358
8.12,16.88,3.9091,60.8787,0.00000,0.01283
8.38,16.88,3.8723,62.4837,0.00000,0.01205
8.62,16.88,3.8197,63.1030,0.00000,0.01126
8.88,16.88,3.7762,62.9602,0.00000,0.01093
9.12,16.88,3.7628,62.1947,0.00000,0.01107
9.38,16.88,3.7646,61.1711,0.00000,0.01145
9.62,16.88,3.7587,60.2071,0.00000,0.01192
9.88,16.88,3.7459,59.4643,0.00000,0.01254
10.12,16.88,3.7373,59.2754,0.00000,0.01325
10.38,16.88,3.7380,60.0983,0.00000,0.01379
10.62,16.88,3.7429,61.8425,0.00000,0.01449
10.88,16.88,3.7546,63.7475,0.00000,0.01576
11.12,16.88,3.7741,65.5701,0.00000,0.01691
11.38,16.88,3.7952,67.5502,0.00000,0.01729
11.62,16.88,3.8105,69.3924,0.00000,0.01714
11.88,16.88,3.8198,70.9611,0.00000,0.01663
12.12,16.88,3.8243,72.9060,0.00000,0.01634
12.38,16.88,3.8203,75.2082,0.00000,0.01623
12.62,16.88,3.8137,77.4037,0.00000,0.01647
12.88,16.88,3.8209,79.8257,0.00000,0.01724
13.12,16.88,3.8320,82.6345,0.00000,0.01846
13.38,16.88,3.8375,85.7161,0.00000,0.01999
13.62,16.88,3.8424,88.9194,0.00000,0.02198
13.88,16.88,3.8362,92.4032,0.00000,0.02471
14.12,16.88,3.8298,95.8213,0.00009,0.02839
14.38,16.88,3.8370,98.3188,0.00120,0.03322
14.62,16.88,3.8359,100.2586,0.00769,0.03934
14.88,16.88,3.8442,102.0262,0.04074,0.04717
15.12,16.88,3.9311,102.9388,0.15632,0.05640
15.38,16.88,3.9945,103.6926,0.29866,0.06795
15.62,16.88,3.9722,104.9919,0.36490,0.08526
15.88,16.88,4.0294,102.6401,0.60942,0.10405
16.12,16.88,4.3215,100.7704,1.07339,0.11108
16.38,16.88,4.4791,106.4229,1.30233,0.09631
16.62,16.88,4.4258,120.3655,1.60318,0.06574
16.88,16.88,5.3129,140.1926,2.47840,0.04266
2.62,17.12,2.8240,30.0151,0.00000,0.15332
2.88,17.12,3.7207,27.0800,0.00000,0.20991
3.12,17.12,3.7638,23.6847,0.00000,0.22656
3.38,17.12,3.7549,21.1326,0.00000,0.23502
3.62,17.12,3.6778,20.8500,0.00000,0.18503
3.88,17.12,3.7505,21.2036,0.00000,0.13740
4.12,17.12,3.7469,22.6240,0.00000,0.10935
4.38,17.12,3.7906,24.6051,0.00000,0.09153
4.62,17.12,3.7841,27.3352,0.00000,0.07285
4.88,17.12,3.7875,30.0302,0.00000,0.05842
5.12,17.12,3.7771,32.7385,0.00000,0.04937
5.38,17.12,3.8008,35.4025,0.00000,0.04306
5.62,17.12,3.8216,38.7408,0.00000,0.03723
5.88,17.12,3.8284,42.0539,0.00000,0.03173
6.12,17.12,3.8282,45.2725,0.00000,0.02861
6.38,17.12,3.8423,48.3994,0.00000,0.02636
6.62,17.12,3.8576,51.3281,0.00000,0.02310
6.88,17.12,3.8666,54.0888,0.00000,0.02028
7.12,17.12,3.8736,56.2355,0.00000,0.01822
7.38,17.12,3.8815,57.4191,0.00000,0.01656
7.62,17.12,3.8923,58.0733,0.00000,0.01531
7.88,17.12,3.9195,59.2344,0.00000,0.01420
8.12,17.12,3.9527,61.0688,0.00000,0.01326
8.38,17.12,3.9757,62.7873,0.00000,0.01263
8.62,17.12,3.9558,63.6583,0.00000,0.01217
8.88,17.12,3.9068,63.6951,0.00000,0.01184
9.12,17.12,3.8800,63.2888,0.00000,0.01184
9.38,17.12,3.8665,62.8430,0.00000,0.01219
9.62,17.12,3.8543,62.2590,0.00000,0.01270
9.88,17.12,3.8397,61.4567,0.00000,0.01326
10.12,17.12,3.8241,60.9671,0.00000,0.01403
10.38,17.12,3.8173,61.3102,0.00000,0.01471
10.62,17.12,3.8204,62.3583,0.00000,0.01544
10.88,17.12,3.8304,63.6355,0.00000,0.01668
11.12,17.12,3.8525,65.0579,0.00000,0.01790
11.38,17.12,3.8687,66.7640,0.00000,0.01853
11.62,17.12,3.8860,68.4817,0.00000,0.01874
11.88,17.12,3.8878,70.0460,0.00000,0.01820
12.12,17.12,3.8779,71.8324,0.00000,0.01783
12.38,17.12,3.8750,73.7637,0.00000,0.01788
12.62,17.12,3.8671,75.4765,0.00000,0.01808
12.88,17.12,3.8665,77.7248,0.00000,0.01866
13.12,17.12,3.8763,80.6557,0.00000,0.01983
13.38,17.12,3.8859,83.8216,0.00000,0.02150
13.62,17.12,3.8870,86.5421,0.00000,0.02371
13.88,17.12,3.8753,88.9035,0.00002,0.02697
14.12,17.12,3.8632,91.4794,0.00057,0.03157
14.38,17.12,3.8603,93.7657,0.00682,0.03805
14.62,17.12,3.8464,94.9025,0.03308,0.04707
14.88,17.12,3.8495,95.2807,0.07583,0.05987
15.12,17.12,3.8645,95.1099,0.11962,0.07599
15.38,17.12,3.8571,95.9452,0.14861,0.09916
15.62,17.12,3.8482,97.0402,0.18790,0.13732
15.88,17.12,3.9676,94.2536,0.50195,0.18711
16.12,17.12,4.2424,93.4449,1.07487,0.23175
16.38,17.12,4.3718,104.2080,1.45093,0.24704
16.62,17.12,4.8544,131.7659,2.22479,0.21355
16.88,17.12,6.3390,166.2968,3.84606,0.15793
2.62,17.38,2.8268,30.9778,0.00000,0.14941
2.88,17.38,3.6911,27.3301,0.00000,0.20269
3.12,17.38,3.7371,23.4900,0.00000,0.21422
3.38,17.38,3.7357,21.2435,0.00000,0.21853
3.62,17.38,3.6576,21.4099,0.00000,0.17349
3.88,17.38,3.7110,21.7541,0.00000,0.13017
4.12,17.38,3.7116,22.9230,0.00000,0.10118
4.38,17.38,3.7855,24.7249,0.00000,0.08283
4.62,17.38,3.7801,27.4355,0.00000,0.06836
4.88,17.38,3.7944,30.0688,0.00000,0.05779
5.12,17.38,3.7882,32.7125,0.00000,0.05020
5.38,17.38,3.8146,35.4388,0.00000,0.04462
5.62,17.38,3.8223,38.7761,0.00000,0.03891
5.88,17.38,3.8170,42.0468,0.00000,0.03279
6.12,17.38,3.8101,45.1515,0.00000,0.02894
6.38,17.38,3.8253,47.9919,0.00000,0.02689
6.62,17.38,3.8311,50.7617,0.00000,0.02407
6.88,17.38,3.8412,53.5169,0.00000,0.02120
7.12,17.38,3.8635,55.4979,0.00000,0.01907
7.38,17.38,3.8836,56.6073,0.00000,0.01742
7.62,17.38,3.9001,57.5505,0.00000,0.01603
7.88,17.38,3.9176,59.1511,0.00000,0.01472
8.12,17.38,3.9400,61.1547,0.00000,0.01362
8.38,17.38,3.9615,62.7491,0.00000,0.01290
8.62,17.38,3.9504,63.4628,0.00000,0.01248
8.88,17.38,3.9092,63.5151,0.00000,0.01204
9.12,17.38,3.8786,63.4709,0.00000,0.01194
9.38,17.38,3.8516,63.6232,0.00000,0.01224
9.62,17.38,3.8282,63.7555,0.00000,0.01263
9.88,17.38,3.8183,63.5028,0.00000,0.01296
10.12,17.38,3.8200,63.1558,0.00000,0.01353
10.38,17.38,3.8237,63.1387,0.00000,0.01423
10.62,17.38,3.8222,63.5002,0.00000,0.01505
10.88,17.38,3.8263,64.3819,0.00000,0.01605
11.12,17.38,3.8388,65.6243,0.00000,0.01684
11.38,17.38,3.8528,66.9449,0.00000,0.01762
11.62,17.38,3.8690,68.3372,0.00000,0.01827
11.88,17.38,3.8681,69.8232,0.00000,0.01803
12.12,17.38,3.8561,71.2796,0.00000,0.01778
12.38,17.38,3.8559,72.5308,0.00000,0.01823
12.62,17.38,3.8506,73.8579,0.00000,0.01889
12.88,17.38,3.8528,76.2035,0.00000,0.01957
13.12,17.38,3.8597,79.6754,0.00000,0.02068
13.38,17.38,3.8574,83.1954,0.00000,0.02245
13.62,17.38,3.8465,85.6215,0.00000,0.02490
13.88,17.38,3.8440,87.2545,0.00006,0.02853
14.12,17.38,3.8416,89.2601,0.00164,0.03375
14.38,17.38,3.8359,91.3606,0.01908,0.04133
14.62,17.38,3.8523,92.0528,0.09217,0.05332
14.88,17.38,3.9029,91.0942,0.19278,0.07187
15.12,17.38,3.8850,89.0844,0.19418,0.09755
15.38,17.38,3.8008,88.1474,0.10846,0.13891
15.62,17.38,3.7530,87.8164,0.09159,0.21001
15.88,17.38,3.8015,85.2696,0.31410,0.31696
16.12,17.38,3.9050,83.1340,0.71253,0.45474
16.38,17.38,3.9932,92.1331,1.08951,0.59705
16.62,17.38,4.7923,126.7532,2.18035,0.64593
16.88,17.38,6.3118,173.3363,4.15279,0.56352
2.62,17.62,2.8536,31.5632,0.00000,0.14855
2.88,17.62,3.6870,27.7014,0.00000,0.19970
3.12,17.62,3.7214,23.6941,0.00000,0.20269
3.38,17.62,3.7234,21.4354,0.00000,0.19851
3.62,17.62,3.6531,21.7484,0.00000,0.15868
3.88,17.62,3.6961,22.2061,0.00000,0.12249
4.12,17.62,3.6809,23.1908,0.00000,0.09466
4.38,17.62,3.7563,24.7275,0.00000,0.07575
4.62,17.62,3.7621,27.4867,0.00000,0.06379
4.88,17.62,3.7983,30.1301,0.00000,0.05498
5.12,17.62,3.8032,32.5234,0.00000,0.04834
5.38,17.62,3.8245,35.3608,0.00000,0.04342
5.62,17.62,3.8201,39.0741,0.00000,0.03850
5.88,17.62,3.8099,42.5883,0.00000,0.03317
6.12,17.62,3.8110,45.4319,0.00000,0.02953
6.38,17.62,3.8215,47.8554,0.00000,0.02774
6.62,17.62,3.8288,50.4936,0.00000,0.02539
6.88,17.62,3.8453,53.3880,0.00000,0.02250
7.12,17.62,3.8676,55.5736,0.00000,0.02010
7.38,17.62,3.8881,57.0092,0.00000,0.01815
7.62,17.62,3.9117,58.4050,0.00000,0.01654
7.88,17.62,3.9305,60.1735,0.00000,0.01515
8.12,17.62,3.9534,61.7487,0.00000,0.01404
8.38,17.62,3.9805,62.4935,0.00000,0.01327
8.62,17.62,3.9979,62.7095,0.00000,0.01277
8.88,17.62,4.0034,63.0970,0.00000,0.01226
9.12,17.62,4.0081,63.7023,0.00000,0.01216
9.38,17.62,3.9976,64.3665,0.00000,0.01245
9.62,17.62,3.9791,65.0836,0.00000,0.01276
9.88,17.62,3.9796,65.4263,0.00000,0.01297
10.12,17.62,3.9887,65.2597,0.00000,0.01333
10.38,17.62,3.9884,65.1000,0.00000,0.01388
10.62,17.62,3.9736,65.3124,0.00000,0.01465
10.88,17.62,3.9645,66.1019,0.00000,0.01563
11.12,17.62,3.9652,67.1373,0.00000,0.01628
11.38,17.62,3.9744,68.1158,0.00000,0.01707
11.62,17.62,3.9830,69.3266,0.00000,0.01777
11.88,17.62,3.9716,70.6345,0.00000,0.01779
12.12,17.62,3.9517,71.7242,0.00000,0.01763
12.38,17.62,3.9439,72.5283,0.00000,0.01821
12.62,17.62,3.9376,73.4487,0.00000,0.01927
12.88,17.62,3.9365,75.3887,0.00000,0.02031
13.12,17.62,3.9259,78.6672,0.00000,0.02164
13.38,17.62,3.9069,82.1948,0.00000,0.02359
13.62,17.62,3.8902,84.6994,0.00001,0.02629
13.88,17.62,3.8903,86.4483,0.00025,0.03015
14.12,17.62,3.8869,88.3318,0.00287,0.03573
14.38,17.62,3.8722,90.1408,0.02592,0.04378
14.62,17.62,3.8922,90.4364,0.12217,0.05719
14.88,17.62,3.9486,88.4764,0.26339,0.07979
15.12,17.62,3.9113,84.9736,0.26752,0.11559
15.38,17.62,3.7778,82.3617,0.12812,0.17774
15.62,17.62,3.6767,81.0003,0.04817,0.28799
15.88,17.62,3.6302,79.0620,0.11592,0.46388
16.12,17.62,3.5566,75.6290,0.26394,0.71610
16.38,17.62,3.4529,76.2741,0.45017,1.04797
16.62,17.62,3.7476,93.9217,1.06353,1.31370
16.88,17.62,4.2540,121.6551,2.11744,1.35365
2.62,17.88,2.8485,32.4761,0.00000,0.14321
2.88,17.88,3.6757,28.4172,0.00000,0.19274
3.12,17.88,3.7272,24.1509,0.00000,0.19108
3.38,17.88,3.7375,21.5672,0.00000,0.18197
3.62,17.88,3.6620,21.8600,0.00000,0.14555
3.88,17.88,3.7025,22.5372,0.00000,0.11377
4.12,17.88,3.6806,23.5093,0.00000,0.08793
4.38,17.88,3.7320,24.8749,0.00000,0.06962
4.62,17.88,3.7459,27.5692,0.00000,0.05959
4.88,17.88,3.7861,30.0863,0.00000,0.05125
5.12,17.88,3.7903,32.2336,0.00000,0.04405
5.38,17.88,3.8105,35.1008,0.00000,0.03921
5.62,17.88,3.8171,39.1235,0.00000,0.03604
5.88,17.88,3.7992,42.7291,0.00000,0.03290
6.12,17.88,3.8019,45.1875,0.00000,0.03032
6.38,17.88,3.8112,47.3712,0.00000,0.02886
6.62,17.88,3.8152,50.0705,0.00000,0.02690
6.88,17.88,3.8222,53.0217,0.00000,0.02426
7.12,17.88,3.8344,55.4358,0.00000,0.02171
7.38,17.88,3.8628,57.2409,0.00000,0.01926
7.62,17.88,3.9033,58.9810,0.00000,0.01739
7.88,17.88,3.9384,60.8328,0.00000,0.01596
8.12,17.88,3.9604,62.1658,0.00000,0.01483
8.38,17.88,3.9743,62.5756,0.00000,0.01404
8.62,17.88,3.9882,62.7260,0.00000,0.01337
8.88,17.88,4.0014,63.5097,0.00000,0.01262
9.12,17.88,4.0132,64.6535,0.00000,0.01241
9.38,17.88,4.0150,65.6885,0.00000,0.01280
9.62,17.88,4.0068,66.5663,0.00000,0.01318
9.88,17.88,4.0084,66.9378,0.00000,0.01323
10.12,17.88,4.0053,66.7053,0.00000,0.01333
10.38,17.88,3.9930,66.4396,0.00000,0.01356
10.62,17.88,3.9765,66.6692,0.00000,0.01395
10.88,17.88,3.9608,67.3513,0.00000,0.01463
11.12,17.88,3.9605,68.1489,0.00000,0.01532
11.38,17.88,3.9650,68.9703,0.00000,0.01609
11.62,17.88,3.9659,70.1438,0.00000,0.01672
11.88,17.88,3.9529,71.3645,0.00000,0.01706
12.12,17.88,3.9400,72.1522,0.00000,0.01725
12.38,17.88,3.9361,72.6366,0.00000,0.01792
12.62,17.88,3.9351,73.1566,0.00000,0.01925
12.88,17.88,3.9328,74.6448,0.00000,0.02084
13.12,17.88,3.9174,77.4291,0.00000,0.02260
13.38,17.88,3.8910,80.4356,0.00001,0.02461
13.62,17.88,3.8714,82.9573,0.00017,0.02721
13.88,17.88,3.8680,85.1014,0.00212,0.03099
14.12,17.88,3.8649,86.9823,0.01073,0.03668
14.38,17.88,3.8578,88.5464,0.03157,0.04494
14.62,17.88,3.8636,88.7657,0.08683,0.05837
14.88,17.88,3.8726,86.5141,0.16675,0.08273
15.12,17.88,3.8291,82.5322,0.16457,0.12665
15.38,17.88,3.7299,79.2322,0.07647,0.20464
15.62,17.88,3.6199,77.6086,0.01903,0.33808
15.88,17.88,3.5006,76.1239,0.02130,0.54984
16.12,17.88,3.3355,72.9832,0.04733,0.86417
16.38,17.88,3.0687,68.0989,0.08942,1.30693
16.62,17.88,2.8471,66.8288,0.23515,1.77918
16.88,17.88,2.7011,71.1696,0.47802,2.07366
2.62,18.12,2.8874,34.5568,0.00000,0.14152
2.88,18.12,3.7176,29.7226,0.00000,0.18941
3.12,18.12,3.7449,24.6555,0.00000,0.18098
3.38,18.12,3.7170,21.5642,0.00000,0.16531
3.62,18.12,3.6375,21.8653,0.00000,0.13129
3.88,18.12,3.6764,22.8003,0.00000,0.10325
4.12,18.12,3.6703,23.9187,0.00000,0.08073
4.38,18.12,3.7082,25.1962,0.00000,0.06353
4.62,18.12,3.7216,27.6348,0.00000,0.05437
4.88,18.12,3.7420,30.0253,0.00000,0.04726
5.12,18.12,3.7494,32.3226,0.00000,0.04016
5.38,18.12,3.7792,35.3154,0.00000,0.03477
5.62,18.12,3.8005,39.2844,0.00000,0.03201
5.88,18.12,3.7966,42.7292,0.00000,0.03019
6.12,18.12,3.7934,45.0295,0.00000,0.02878
6.38,18.12,3.7990,47.0968,0.00000,0.02814
6.62,18.12,3.8030,49.7594,0.00000,0.02688
6.88,18.12,3.8063,52.6162,0.00000,0.02517
7.12,18.12,3.8019,55.1105,0.00000,0.02299
7.38,18.12,3.8059,57.1342,0.00000,0.01996
7.62,18.12,3.8271,58.8698,0.00000,0.01752
7.88,18.12,3.8651,60.4314,0.00000,0.01608
8.12,18.12,3.8957,61.5837,0.00000,0.01535
8.38,18.12,3.9127,62.2324,0.00000,0.01501
8.62,18.12,3.9310,62.9281,0.00000,0.01444
8.88,18.12,3.9435,64.1490,0.00000,0.01343
9.12,18.12,3.9562,65.5198,0.00000,0.01301
9.38,18.12,3.9645,66.5765,0.00000,0.01342
9.62,18.12,3.9627,67.2056,0.00000,0.01372
9.88,18.12,3.9613,67.3044,0.00000,0.01358
10.12,18.12,3.9609,67.1576,0.00000,0.01359
10.38,18.12,3.9616,67.1494,0.00000,0.01365
10.62,18.12,3.9586,67.4877,0.00000,0.01373
10.88,18.12,3.9420,67.9209,0.00000,0.01401
11.12,18.12,3.9282,68.3529,0.00000,0.01456
11.38,18.12,3.9196,68.9292,0.00000,0.01531
11.62,18.12,3.9134,69.8650,0.00000,0.01603
11.88,18.12,3.9093,71.0059,0.00000,0.01659
12.12,18.12,3.9137,71.7432,0.00000,0.01694
12.38,18.12,3.9158,72.1451,0.00000,0.01768
12.62,18.12,3.9116,72.7502,0.00000,0.01909
12.88,18.12,3.9031,74.4109,0.00000,0.02100
13.12,18.12,3.8905,76.9028,0.00000,0.02302
13.38,18.12,3.8803,79.0783,0.00002,0.02498
13.62,18.12,3.8780,81.2839,0.00076,0.02745
13.88,18.12,3.8873,83.8129,0.00944,0.03132
14.12,18.12,3.9182,86.0200,0.04462,0.03733
14.38,18.12,3.9316,87.3705,0.09102,0.04561
14.62,18.12,3.9054,87.3863,0.11708,0.05803
14.88,18.12,3.8467,85.3000,0.12546,0.08093
15.12,18.12,3.7563,82.0020,0.08189,0.12453
15.38,18.12,3.6648,79.1451,0.02666,0.20421
15.62,18.12,3.5607,77.5009,0.00468,0.33644
15.88,18.12,3.4331,76.2303,0.00311,0.53974
16.12,18.12,3.2608,73.7439,0.01109,0.84919
16.38,18.12,3.0155,69.2103,0.06090,1.29061
16.62,18.12,2.8048,68.0022,0.23770,1.75400
16.88,18.12,2.6713,72.7871,0.49779,2.04524
2.62,18.38,2.8868,36.1980,0.00000,0.13559
2.88,18.38,3.7147,30.8061,0.00000,0.17978
3.12,18.38,3.7404,25.1734,0.00000,0.16673
3.38,18.38,3.6966,21.6458,0.00000,0.14706
3.62,18.38,3.6274,21.8333,0.00000,0.11705
3.88,18.38,3.6689,22.9614,0.00000,0.09354
4.12,18.38,3.6760,24.2898,0.00000,0.07429
4.38,18.38,3.7101,25.5552,0.00000,0.05887
4.62,18.38,3.7151,27.8020,0.00000,0.05089
4.88,18.38,3.7244,30.2007,0.00000,0.04529
5.12,18.38,3.7330,32.7068,0.00000,0.03859
5.38,18.38,3.7600,35.7672,0.00000,0.03230
5.62,18.38,3.7691,39.4448,0.00000,0.02880
5.88,18.38,3.7837,42.5262,0.00000,0.02735
6.12,18.38,3.8003,44.7024,0.00000,0.02692
6.38,18.38,3.8180,46.7423,0.00000,0.02704
6.62,18.38,3.8270,49.1789,0.00000,0.02595
6.88,18.38,3.8319,51.6063,0.00000,0.02453
7.12,18.38,3.8277,53.7870,0.00000,0.02281
7.38,18.38,3.8244,55.9422,0.00000,0.02003
7.62,18.38,3.8406,57.8319,0.00000,0.01754
7.88,18.38,3.8673,59.2179,0.00000,0.01608
8.12,18.38,3.8851,60.2628,0.00000,0.01557
8.38,18.38,3.9029,61.0365,0.00000,0.01560
8.62,18.38,3.9280,62.0505,0.00000,0.01532
8.88,18.38,3.9427,63.4415,0.00000,0.01442
9.12,18.38,3.9541,64.6830,0.00000,0.01404
9.38,18.38,3.9561,65.5678,0.00000,0.01446
9.62,18.38,3.9476,66.1022,0.00000,0.01460
9.88,18.38,3.9364,66.2137,0.00000,0.01438
10.12,18.38,3.9325,66.3300,0.00000,0.01455
10.38,18.38,3.9390,66.7941,0.00000,0.01463
10.62,18.38,3.9418,67.3384,0.00000,0.01438
10.88,18.38,3.9343,67.5113,0.00000,0.01414
11.12,18.38,3.9178,67.5593,0.00000,0.01422
11.38,18.38,3.9018,67.8616,0.00000,0.01465
11.62,18.38,3.8925,68.6298,0.00000,0.01526
11.88,18.38,3.8903,69.7941,0.00000,0.01583
12.12,18.38,3.8905,70.8590,0.00000,0.01628
12.38,18.38,3.8918,71.7310,0.00000,0.01720
12.62,18.38,3.8923,72.9317,0.00000,0.01860
12.88,18.38,3.8902,75.1480,0.00000,0.02037
13.12,18.38,3.8873,77.7901,0.00000,0.02231
13.38,18.38,3.8901,79.5482,0.00004,0.02422
13.62,18.38,3.8918,81.2312,0.00127,0.02668
13.88,18.38,3.8903,83.9466,0.01606,0.03055
14.12,18.38,3.9316,86.7286,0.07950,0.03634
14.38,18.38,3.9648,87.6309,0.17391,0.04409
14.62,18.38,3.9353,86.9365,0.21741,0.05544
14.88,18.38,3.8634,85.4598,0.18510,0.07506
15.12,18.38,3.7536,83.7373,0.08835,0.11064
15.38,18.38,3.6552,82.2585,0.01925,0.17551
15.62,18.38,3.5580,81.0739,0.00548,0.28225
15.88,18.38,3.4526,80.0635,0.01611,0.44445
16.12,18.38,3.3220,78.5214,0.05534,0.68944
16.38,18.38,3.2965,79.9660,0.28307,1.01630
16.62,18.38,3.6647,97.0781,1.06238,1.26661
16.88,18.38,4.1724,125.6731,2.18362,1.30328
2.62,18.62,2.9211,37.2865,0.00000,0.12787
2.88,18.62,3.7401,31.6714,0.00000,0.16758
3.12,18.62,3.7469,25.6768,0.00000,0.14974
3.38,18.62,3.6716,21.7925,0.00000,0.12540
3.62,18.62,3.5834,21.8294,0.00000,0.09960
3.88,18.62,3.6236,23.0355,0.00000,0.08107
4.12,18.62,3.6263,24.4882,0.00000,0.06517
4.38,18.62,3.6630,25.7352,0.00000,0.05285
4.62,18.62,3.6580,27.8762,0.00000,0.04702
4.88,18.62,3.6661,30.4081,0.00000,0.04334
5.12,18.62,3.6694,33.1182,0.00000,0.03860
5.38,18.62,3.6816,36.1219,0.00000,0.03260
5.62,18.62,3.6758,39.3267,0.00000,0.02755
5.88,18.62,3.6845,42.1027,0.00000,0.02501
6.12,18.62,3.7115,44.4792,0.00000,0.02425
6.38,18.62,3.7373,46.7854,0.00000,0.02412
6.62,18.62,3.7523,48.8806,0.00000,0.02304
6.88,18.62,3.7469,50.5656,0.00000,0.02179
7.12,18.62,3.7290,52.1966,0.00000,0.02095
7.38,18.62,3.7109,54.2472,0.00000,0.01921
7.62,18.62,3.7100,56.1371,0.00000,0.01734
7.88,18.62,3.7165,57.4409,0.00000,0.01610
8.12,18.62,3.7134,58.5617,0.00000,0.01538
8.38,18.62,3.7223,59.3768,0.00000,0.01521
8.62,18.62,3.7467,60.3703,0.00000,0.01495
8.88,18.62,3.7667,61.6727,0.00000,0.01434
9.12,18.62,3.7813,62.6628,0.00000,0.01410
9.38,18.62,3.7911,63.4197,0.00000,0.01458
9.62,18.62,3.7920,64.1515,0.00000,0.01499
9.88,18.62,3.7881,64.6720,0.00000,0.01506
10.12,18.62,3.7883,65.0784,0.00000,0.01541
10.38,18.62,3.7984,65.6277,0.00000,0.01557
10.62,18.62,3.8027,66.0747,0.00000,0.01506
10.88,18.62,3.8052,66.1415,0.00000,0.01426
11.12,18.62,3.8079,66.1684,0.00000,0.01394
11.38,18.62,3.8099,66.4886,0.00000,0.01414
11.62,18.62,3.8161,67.2971,0.00000,0.01457
11.88,18.62,3.8221,68.5199,0.00000,0.01510
12.12,18.62,3.8223,69.9533,0.00000,0.01575
12.38,18.62,3.8289,71.4067,0.00000,0.01681
12.62,18.62,3.8424,73.2525,0.00000,0.01806
12.88,18.62,3.8449,75.9570,0.00000,0.01946
13.12,18.62,3.8404,78.8516,0.00000,0.02116
13.38,18.62,3.8452,80.8285,0.00002,0.02300
13.62,18.62,3.8624,82.4031,0.00080,0.02537
13.88,18.62,3.8696,84.8958,0.01060,0.02904
14.12,18.62,3.8954,87.6599,0.05862,0.03418
14.38,18.62,3.9305,88.1528,0.15200,0.04107
14.62,18.62,3.9220,87.3226,0.20812,0.05139
14.88,18.62,3.8608,87.1492,0.15744,0.06754
15.12,18.62,3.7738,87.4116,0.06271,0.09314
15.38,18.62,3.6858,87.7567,0.01568,0.13553
15.62,18.62,3.6129,87.8468,0.02757,0.20512
15.88,18.62,3.5713,87.8281,0.08986,0.31358
16.12,18.62,3.5453,88.1037,0.21911,0.46089
16.38,18.62,3.7918,96.0423,0.69027,0.61066
16.62,18.62,4.7675,127.5946,2.13168,0.66000
16.88,18.62,6.0678,174.7881,4.14671,0.57262
2.62,18.88,2.8906,38.3889,0.00000,0.11237
2.88,18.88,3.6978,32.7161,0.00000,0.14697
3.12,18.88,3.7248,26.5934,0.00000,0.13011
3.38,18.88,3.6805,22.5569,0.00000,0.10704
3.62,18.88,3.5959,22.5272,0.00000,0.08513
3.88,18.88,3.6276,23.5074,0.00000,0.06915
4.12,18.88,3.6116,24.7101,0.00000,0.05609
4.38,18.88,3.6431,25.8932,0.00000,0.04762
4.62,18.88,3.6517,27.9412,0.00000,0.04434
4.88,18.88,3.6830,30.3501,0.00000,0.04255
5.12,18.88,3.7014,32.8703,0.00000,0.04009
5.38,18.88,3.7036,35.5606,0.00000,0.03494
5.62,18.88,3.6922,38.3654,0.00000,0.02848
5.88,18.88,3.6880,41.1864,0.00000,0.02404
6.12,18.88,3.7071,44.0871,0.00000,0.02213
6.38,18.88,3.7327,46.7650,0.00000,0.02144
6.62,18.88,3.7641,48.4675,0.00000,0.02077
6.88,18.88,3.7850,49.3455,0.00000,0.02036
7.12,18.88,3.7836,50.5897,0.00000,0.02057
7.38,18.88,3.7694,52.4650,0.00000,0.01965
7.62,18.88,3.7568,54.1048,0.00000,0.01817
7.88,18.88,3.7552,55.4341,0.00000,0.01702
8.12,18.88,3.7475,56.8881,0.00000,0.01600
8.38,18.88,3.7482,58.1366,0.00000,0.01544
8.62,18.88,3.7673,59.4619,0.00000,0.01495
8.88,18.88,3.7778,60.6723,0.00000,0.01436
9.12,18.88,3.7802,61.4638,0.00000,0.01399
9.38,18.88,3.7894,62.3113,0.00000,0.01415
9.62,18.88,3.7915,63.4741,0.00000,0.01450
9.88,18.88,3.7924,64.6450,0.00000,0.01478
10.12,18.88,3.7997,65.5243,0.00000,0.01497
10.38,18.88,3.8140,66.2067,0.00000,0.01504
10.62,18.88,3.8144,66.6096,0.00000,0.01451
10.88,18.88,3.7992,66.8944,0.00000,0.01348
11.12,18.88,3.7926,67.3771,0.00000,0.01303
11.38,18.88,3.7973,68.0771,0.00000,0.01337
11.62,18.88,3.8087,68.7693,0.00000,0.01394
11.88,18.88,3.8156,69.6542,0.00000,0.01444
12.12,18.88,3.8186,71.1491,0.00002,0.01511
12.38,18.88,3.8282,72.9185,0.00005,0.01614
12.62,18.88,3.8503,75.0402,0.00005,0.01730
12.88,18.88,3.8582,77.8118,0.00006,0.01835
13.12,18.88,3.8427,80.7635,0.00006,0.01961
13.38,18.88,3.8295,83.1693,0.00004,0.02122
13.62,18.88,3.8349,84.8520,0.00020,0.02331
13.88,18.88,3.8345,86.8479,0.00288,0.02650
14.12,18.88,3.8376,89.2004,0.01939,0.03090
14.38,18.88,3.8611,90.1629,0.06221,0.03666
14.62,18.88,3.8561,90.1983,0.09311,0.04483
14.88,18.88,3.8008,90.9263,0.06371,0.05702
15.12,18.88,3.7403,92.7576,0.02268,0.07429
15.38,18.88,3.6991,94.7943,0.02172,0.09881
15.62,18.88,3.7074,96.3623,0.09166,0.13662
15.88,18.88,3.7571,97.9719,0.24992,0.19243
16.12,18.88,3.8124,99.6385,0.50851,0.25521
16.38,18.88,4.1271,106.5825,1.03177,0.29299
16.62,18.88,4.8565,129.5085,2.17994,0.27290
16.88,18.88,5.8281,164.3051,3.72012,0.20518
2.62,19.12,2.9107,39.3989,0.00000,0.09905
2.88,19.12,3.7064,33.8652,0.00000,0.12888
3.12,19.12,3.7052,27.6869,0.00000,0.11395
3.38,19.12,3.6640,23.3296,0.00000,0.09386
3.62,19.12,3.5802,22.9672,0.00000,0.07423
3.88,19.12,3.5764,23.5626,0.00000,0.05826
4.12,19.12,3.5404,24.4206,0.00000,0.04743
4.38,19.12,3.5572,25.6980,0.00000,0.04177
4.62,19.12,3.5753,27.9059,0.00000,0.03994
4.88,19.12,3.5941,30.0917,0.00000,0.03900
5.12,19.12,3.6070,32.0660,0.00000,0.03754
5.38,19.12,3.6066,34.2505,0.00000,0.03415
5.62,19.12,3.5981,36.8531,0.00000,0.02913
5.88,19.12,3.5992,40.0046,0.00000,0.02419
6.12,19.12,3.6085,43.3358,0.00000,0.02116
6.38,19.12,3.6282,46.0662,0.00000,0.01969
6.62,19.12,3.6554,47.5085,0.00000,0.01900
6.88,19.12,3.6851,48.1499,0.00000,0.01895
7.12,19.12,3.6899,49.4479,0.00000,0.01903
7.38,19.12,3.6821,51.3417,0.00000,0.01851
7.62,19.12,3.6706,52.8883,0.00000,0.01748
7.88,19.12,3.6653,54.4945,0.00000,0.01638
8.12,19.12,3.6649,56.3261,0.00000,0.01535
8.38,19.12,3.6685,57.8511,0.00000,0.01457
8.62,19.12,3.6862,59.3965,0.00000,0.01392
8.88,19.12,3.6978,60.5238,0.00000,0.01334
9.12,19.12,3.7020,61.2313,0.00000,0.01313
9.38,19.12,3.7093,62.2585,0.00000,0.01326
9.62,19.12,3.7144,63.7180,0.00000,0.01333
9.88,19.12,3.7199,65.1594,0.00000,0.01336
10.12,19.12,3.7341,66.2996,0.00000,0.01322
10.38,19.12,3.7550,67.2415,0.00000,0.01326
10.62,19.12,3.7617,67.8278,0.00000,0.01317
10.88,19.12,3.7468,68.4507,0.00000,0.01255
11.12,19.12,3.7386,69.4222,0.00000,0.01236
11.38,19.12,3.7435,70.5224,0.00000,0.01298
11.62,19.12,3.7504,71.0737,0.00001,0.01373
11.88,19.12,3.7612,71.6936,0.00013,0.01413
12.12,19.12,3.7775,73.1111,0.00067,0.01461
12.38,19.12,3.7960,74.8995,0.00149,0.01555
12.62,19.12,3.8133,77.1397,0.00176,0.01666
12.88,19.12,3.8234,79.8982,0.00185,0.01742
13.12,19.12,3.8130,82.9462,0.00203,0.01828
13.38,19.12,3.7888,85.9009,0.00116,0.01968
13.62,19.12,3.7781,87.8476,0.00027,0.02153
13.88,19.12,3.7728,89.4938,0.00037,0.02417
14.12,19.12,3.7637,91.5143,0.00300,0.02751
14.38,19.12,3.7754,93.0899,0.01143,0.03174
14.62,19.12,3.7853,93.9550,0.01833,0.03743
14.88,19.12,3.7733,95.5106,0.01498,0.04556
15.12,19.12,3.7522,98.6227,0.02086,0.05635
15.38,19.12,3.7485,101.5938,0.05747,0.07007
15.62,19.12,3.8010,104.5796,0.17083,0.08815
15.88,19.12,3.8602,108.2497,0.37584,0.10738
16.12,19.12,3.9186,110.7813,0.69746,0.12161
16.38,19.12,4.1882,114.0716,1.14275,0.12295
16.62,19.12,4.3029,125.5777,1.62484,0.10397
16.88,19.12,4.5345,143.9948,2.26281,0.07148
2.62,19.38,2.9090,41.2641,0.00000,0.08529
2.88,19.38,3.6488,35.6609,0.00000,0.10960
3.12,19.38,3.6694,29.1089,0.00000,0.09772
3.38,19.38,3.6841,24.0220,0.00000,0.08250
3.62,19.38,3.6242,22.8709,0.00000,0.06610
3.88,19.38,3.6163,23.2437,0.00000,0.05152
4.12,19.38,3.5942,24.1151,0.00000,0.04328
4.38,19.38,3.6190,25.6919,0.00000,0.03965
4.62,19.38,3.6457,28.1332,0.00000,0.03800
4.88,19.38,3.6465,30.1905,0.00000,0.03647
5.12,19.38,3.6512,31.7802,0.00000,0.03515
5.38,19.38,3.6604,33.4573,0.00000,0.03375
5.62,19.38,3.6635,35.5529,0.00000,0.03098
5.88,19.38,3.6828,38.5829,0.00000,0.02623
6.12,19.38,3.6871,41.9199,0.00000,0.02219
6.38,19.38,3.6917,44.3229,0.00000,0.01976
6.62,19.38,3.7037,45.7146,0.00000,0.01869
6.88,19.38,3.7344,46.9619,0.00000,0.01859
7.12,19.38,3.7621,48.7992,0.00000,0.01818
7.38,19.38,3.7783,50.8985,0.00000,0.01772
7.62,19.38,3.7765,52.9483,0.00000,0.01708
7.88,19.38,3.7694,55.5330,0.00000,0.01603
8.12,19.38,3.7748,58.3363,0.00000,0.01511
8.38,19.38,3.7839,60.3744,0.00000,0.01427
8.62,19.38,3.7928,61.6943,0.00000,0.01350
8.88,19.38,3.8003,62.5798,0.00000,0.01280
9.12,19.38,3.8002,63.5439,0.00000,0.01240
9.38,19.38,3.7918,65.0585,0.00000,0.01228
9.62,19.38,3.7930,66.8778,0.00000,0.01206
9.88,19.38,3.7936,68.3789,0.00000,0.01174
10.12,19.38,3.7966,69.3651,0.00000,0.01138
10.38,19.38,3.8119,70.1737,0.00000,0.01148
10.62,19.38,3.8307,70.9260,0.00000,0.01174
10.88,19.38,3.8391,71.9554,0.00002,0.01167
11.12,19.38,3.8420,73.3648,0.00003,0.01179
11.38,19.38,3.8340,74.8882,0.00002,0.01234
11.62,19.38,3.8122,75.7844,0.00014,0.01287
11.88,19.38,3.8127,76.6576,0.00160,0.01318
12.12,19.38,3.8358,78.1422,0.00812,0.01354
12.38,19.38,3.8523,79.8127,0.01816,0.01430
12.62,19.38,3.8538,82.2764,0.02147,0.01523
12.88,19.38,3.8537,85.2818,0.02258,0.01586
13.12,19.38,3.8559,88.4492,0.02471,0.01679
13.38,19.38,3.8284,91.8438,0.01412,0.01828
13.62,19.38,3.7975,94.2149,0.00328,0.02002
13.88,19.38,3.7823,95.5678,0.00055,0.02208
14.12,19.38,3.7748,97.2747,0.00052,0.02399
14.38,19.38,3.7776,99.4389,0.00119,0.02634
14.62,19.38,3.7686,101.0019,0.00308,0.02961
14.88,19.38,3.7629,102.9933,0.01843,0.03383
15.12,19.38,3.8142,106.0877,0.08255,0.03928
15.38,19.38,3.8293,108.0807,0.17708,0.04558
15.62,19.38,3.8583,110.7648,0.27898,0.05277
15.88,19.38,3.8959,115.1724,0.41116,0.05753
16.12,19.38,3.8650,118.8901,0.59764,0.05580
16.38,19.38,4.0892,120.9305,0.87177,0.04975
16.62,19.38,4.0714,126.8563,1.06736,0.03994
16.88,19.38,4.0689,137.7137,1.33279,0.02790
2.62,19.62,2.9721,43.8214,0.00000,0.07550
2.88,19.62,3.6801,37.7076,0.00000,0.09599
3.12,19.62,3.6809,30.6679,0.00000,0.08397
3.38,19.62,3.6819,24.9904,0.00000,0.06968
3.62,19.62,3.6416,22.9341,0.00000,0.05722
3.88,19.62,3.6442,23.0274,0.00000,0.04555
4.12,19.62,3.6247,24.0635,0.00000,0.03898
4.38,19.62,3.6424,25.7325,0.00000,0.03688
4.62,19.62,3.6595,28.0446,0.00000,0.03561
4.88,19.62,3.6659,30.0330,0.00000,0.03363
5.12,19.62,3.6692,31.6342,0.00000,0.03240
5.38,19.62,3.6832,33.2879,0.00000,0.03164
5.62,19.62,3.6889,35.1242,0.00000,0.02960
5.88,19.62,3.6992,37.6851,0.00000,0.02577
6.12,19.62,3.6963,40.6549,0.00000,0.02178
6.38,19.62,3.6924,42.9684,0.00000,0.01915
6.62,19.62,3.7004,44.6639,0.00000,0.01802
6.88,19.62,3.7235,46.5863,0.00000,0.01780
7.12,19.62,3.7537,49.0223,0.00000,0.01737
7.38,19.62,3.7750,51.4013,0.00000,0.01688
7.62,19.62,3.7723,53.9376,0.00000,0.01652
7.88,19.62,3.7697,57.3654,0.00000,0.01588
8.12,19.62,3.7815,61.2200,0.00000,0.01496
8.38,19.62,3.7985,63.9214,0.00000,0.01402
8.62,19.62,3.8068,65.1866,0.00000,0.01331
8.88,19.62,3.8091,66.1456,0.00000,0.01248
9.12,19.62,3.8058,67.7555,0.00000,0.01165
9.38,19.62,3.7960,70.1316,0.00000,0.01114
9.62,19.62,3.7996,72.5214,0.00000,0.01072
9.88,19.62,3.8048,74.1177,0.00000,0.01022
10.12,19.62,3.8062,75.0305,0.00000,0.00985
10.38,19.62,3.8195,76.0058,0.00001,0.00996
10.62,19.62,3.8414,77.3900,0.00013,0.01025
10.88,19.62,3.8558,78.9302,0.00059,0.01036
11.12,19.62,3.8644,80.7004,0.00097,0.01056
11.38,19.62,3.8488,82.7525,0.00069,0.01091
11.62,19.62,3.8241,84.5216,0.00108,0.01122
11.88,19.62,3.8379,85.9802,0.00776,0.01159
12.12,19.62,3.8816,87.3129,0.03675,0.01201
12.38,19.62,3.9172,88.3320,0.08149,0.01265
12.62,19.62,3.9180,90.7144,0.09623,0.01337
12.88,19.62,3.8990,94.0568,0.10123,0.01399
13.12,19.62,3.9099,97.3659,0.11100,0.01516
13.38,19.62,3.8797,101.4004,0.06485,0.01675
13.62,19.62,3.8320,104.7262,0.01940,0.01828
13.88,19.62,3.8041,106.4251,0.01040,0.01977
14.12,19.62,3.8067,108.1001,0.01002,0.02069
14.38,19.62,3.8058,110.3676,0.00939,0.02162
14.62,19.62,3.7913,112.0783,0.01219,0.02326
14.88,19.62,3.8037,113.8406,0.04493,0.02513
15.12,19.62,3.9382,115.7215,0.18624,0.02744
15.38,19.62,4.0021,114.7920,0.38564,0.02949
15.62,19.62,4.0182,113.6746,0.50517,0.03158
15.88,19.62,4.0242,114.8292,0.53590,0.03286
16.12,19.62,3.8489,117.6035,0.44712,0.03015
16.38,19.62,3.8904,118.6505,0.44685,0.02580
16.62,19.62,3.9272,121.1483,0.59195,0.02152
16.88,19.62,4.0174,130.3660,0.84915,0.01740
2.62,19.88,2.9006,44.7056,0.00000,0.06699
2.88,19.88,3.7070,39.6765,0.00000,0.08620
3.12,19.88,3.7558,33.9123,0.00000,0.07464
3.38,19.88,3.8099,28.4666,0.00000,0.06052
3.62,19.88,3.8520,25.9607,0.00000,0.05055
3.88,19.88,3.9172,25.6641,0.00000,0.04184
4.12,19.88,3.9552,26.6527,0.00000,0.03666
4.38,19.88,3.9811,28.2188,0.00000,0.03519
4.62,19.88,3.9980,30.0897,0.00000,0.03467
4.88,19.88,4.0126,31.9425,0.00000,0.03291
5.12,19.88,4.0099,33.5798,0.00000,0.03149
5.38,19.88,4.0231,35.3794,0.00000,0.03008
5.62,19.88,4.0302,37.2847,0.00000,0.02741
5.88,19.88,4.0176,39.3917,0.00000,0.02422
6.12,19.88,4.0044,41.8763,0.00000,0.02090
6.38,19.88,3.9958,44.6140,0.00000,0.01807
6.62,19.88,3.9843,47.1105,0.00000,0.01636
6.88,19.88,3.9785,49.4320,0.00000,0.01572
7.12,19.88,3.9917,52.2523,0.00000,0.01552
7.38,19.88,4.0041,55.3275,0.00000,0.01525
7.62,19.88,3.9963,58.5967,0.00000,0.01528
7.88,19.88,3.9953,62.4320,0.00000,0.01509
8.12,19.88,4.0110,66.7792,0.00000,0.01400
8.38,19.88,4.0238,70.0978,0.00000,0.01315
8.62,19.88,4.0233,72.2806,0.00000,0.01280
8.88,19.88,4.0069,74.3729,0.00000,0.01190
9.12,19.88,3.9831,76.9869,0.00000,0.01062
9.38,19.88,3.9659,80.2091,0.00000,0.00980
9.62,19.88,3.9589,83.1891,0.00000,0.00927
9.88,19.88,3.9528,85.3732,0.00000,0.00873
10.12,19.88,3.9357,87.2114,0.00000,0.00841
10.38,19.88,3.9266,89.1698,0.00013,0.00840
10.62,19.88,3.9354,91.7047,0.00160,0.00855
10.88,19.88,3.9416,93.9679,0.00716,0.00866
11.12,19.88,3.9411,96.1456,0.01189,0.00888
11.38,19.88,3.9113,98.6491,0.00827,0.00915
11.62,19.88,3.8925,101.4182,0.00739,0.00940
11.88,19.88,3.9191,103.7201,0.01991,0.00981
12.12,19.88,3.9601,104.7575,0.06507,0.01025
12.38,19.88,4.0048,104.8603,0.13589,0.01077
12.62,19.88,4.0117,106.9117,0.15945,0.01128
12.88,19.88,3.9894,110.4751,0.16786,0.01183
13.12,19.88,3.9936,113.7472,0.18690,0.01287
13.38,19.88,3.9470,118.0685,0.12623,0.01410
13.62,19.88,3.8994,122.1063,0.08972,0.01519
13.88,19.88,3.8828,123.9817,0.11516,0.01631
14.12,19.88,3.8919,124.9093,0.12219,0.01696
14.38,19.88,3.8931,126.5583,0.11360,0.01730
14.62,19.88,3.8361,128.3496,0.11429,0.01793
14.88,19.88,3.7887,130.3020,0.12308,0.01849
15.12,19.88,3.9191,131.4005,0.24733,0.01931
15.38,19.88,4.0593,127.8364,0.50495,0.02007
15.62,19.88,4.1392,121.8311,0.71593,0.02037
15.88,19.88,4.1894,117.2379,0.75200,0.02033
16.12,19.88,4.0048,115.7410,0.54923,0.01996
16.38,19.88,3.8548,114.1921,0.38770,0.01971
16.62,19.88,3.8353,115.1567,0.46410,0.01932
16.88,19.88,4.0057,124.3889,0.73670,0.01924
2.62,20.12,2.7934,42.1521,0.00000,0.06338
2.88,20.12,3.6619,40.5840,0.00000,0.08109
3.12,20.12,3.6595,38.1394,0.00000,0.06832
3.38,20.12,3.7358,33.8027,0.00000,0.05417
3.62,20.12,3.8015,31.3407,0.00000,0.04526
3.88,20.12,3.8489,30.3209,0.00000,0.03768
4.12,20.12,3.9027,30.6766,0.00000,0.03304
4.38,20.12,3.9071,32.2416,0.00000,0.03149
4.62,20.12,3.9155,34.0130,0.00000,0.03148
4.88,20.12,3.9337,35.9443,0.00000,0.02989
5.12,20.12,3.9478,37.5438,0.00000,0.02777
5.38,20.12,3.9664,39.2115,0.00000,0.02543
5.62,20.12,3.9792,41.0176,0.00000,0.02262
5.88,20.12,3.9725,42.8150,0.00000,0.02038
6.12,20.12,3.9648,44.9542,0.00000,0.01825
6.38,20.12,3.9662,48.1700,0.00000,0.01549
6.62,20.12,3.9571,51.6408,0.00000,0.01333
6.88,20.12,3.9486,54.3710,0.00000,0.01254
7.12,20.12,3.9635,57.3822,0.00000,0.01253
7.38,20.12,3.9856,61.2248,0.00000,0.01228
7.62,20.12,3.9934,65.3979,0.00000,0.01220
7.88,20.12,3.9967,69.3784,0.00000,0.01222
8.12,20.12,4.0089,73.5991,0.00000,0.01163
8.38,20.12,4.0126,77.5402,0.00000,0.01116
8.62,20.12,4.0154,81.4629,0.00000,0.01099
8.88,20.12,4.0128,85.5477,0.00000,0.01003
9.12,20.12,3.9965,89.3866,0.00000,0.00868
9.38,20.12,3.9859,93.3134,0.00000,0.00791
9.62,20.12,3.9818,96.9755,0.00000,0.00753
9.88,20.12,3.9794,100.3267,0.00000,0.00721
10.12,20.12,3.9642,103.6973,0.00002,0.00701
10.38,20.12,3.9499,106.7777,0.00062,0.00697
10.62,20.12,3.9511,110.1573,0.00757,0.00703
10.88,20.12,3.9626,113.3956,0.03393,0.00714
11.12,20.12,3.9864,116.6663,0.05634,0.00741
11.38,20.12,3.9685,119.7613,0.03909,0.00767
11.62,20.12,3.9423,123.0704,0.03126,0.00788
11.88,20.12,3.9693,125.9444,0.04625,0.00823
12.12,20.12,3.9859,127.1790,0.06173,0.00862
12.38,20.12,4.0036,127.2225,0.09161,0.00902
12.62,20.12,4.0013,129.1521,0.10265,0.00947
12.88,20.12,3.9899,133.1142,0.10871,0.01006
13.12,20.12,3.9860,136.5936,0.13441,0.01085
13.38,20.12,3.9666,140.1206,0.17020,0.01153
13.62,20.12,4.0092,143.2153,0.33045,0.01197
13.88,20.12,4.0715,143.6692,0.53793,0.01260
14.12,20.12,4.0616,142.4884,0.57879,0.01318
14.38,20.12,4.0936,142.8923,0.53793,0.01341
14.62,20.12,4.0526,145.0811,0.52844,0.01357
14.88,20.12,3.9027,148.7446,0.41847,0.01354
15.12,20.12,3.8948,150.9424,0.36540,0.01366
15.38,20.12,4.0437,146.2534,0.62211,0.01382
15.62,20.12,4.2680,137.3470,0.97074,0.01342
15.88,20.12,4.4255,128.8776,1.10482,0.01297
16.12,20.12,4.2409,122.8519,1.08386,0.01394
16.38,20.12,4.0038,116.8208,0.95933,0.01646
16.62,20.12,3.9267,114.1741,0.70497,0.01968
16.88,20.12,4.0749,119.8701,0.66503,0.02303
2.62,20.38,2.3299,42.7469,0.00000,0.05842
2.88,20.38,3.0354,43.8750,0.00000,0.07218
3.12,20.38,3.0010,43.5494,0.00000,0.05842
3.38,20.38,3.1141,39.8537,0.00000,0.04573
3.62,20.38,3.2195,37.1193,0.00000,0.03944
3.88,20.38,3.2322,34.9200,0.00000,0.03278
4.12,20.38,3.2171,34.4102,0.00000,0.02721
4.38,20.38,3.1705,36.1632,0.00000,0.02496
4.62,20.38,3.1846,38.3440,0.00000,0.02537
4.88,20.38,3.2370,40.5887,0.00000,0.02451
5.12,20.38,3.2758,41.8085,0.00000,0.02216
5.38,20.38,3.2899,42.7997,0.00000,0.01899
5.62,20.38,3.3199,44.3151,0.00000,0.01614
5.88,20.38,3.3694,46.0213,0.00000,0.01472
6.12,20.38,3.4123,47.9286,0.00000,0.01362
6.38,20.38,3.4465,51.1289,0.00000,0.01165
6.62,20.38,3.4792,54.7850,0.00000,0.01012
6.88,20.38,3.5075,57.3488,0.00000,0.00997
7.12,20.38,3.5543,60.0091,0.00000,0.01038
7.38,20.38,3.6377,63.9539,0.00000,0.01005
7.62,20.38,3.7254,68.4653,0.00000,0.00965
7.88,20.38,3.7666,72.2853,0.00000,0.00984
8.12,20.38,3.7660,75.8779,0.00000,0.00972
8.38,20.38,3.7507,80.1928,0.00000,0.00905
8.62,20.38,3.7574,85.8503,0.00000,0.00850
8.88,20.38,3.7896,91.8590,0.00000,0.00771
9.12,20.38,3.8165,96.6199,0.00000,0.00686
9.38,20.38,3.8345,100.6566,0.00000,0.00646
9.62,20.38,3.8459,104.5495,0.00000,0.00636
9.88,20.38,3.8530,108.7607,0.00000,0.00623
10.12,20.38,3.8500,113.3277,0.00004,0.00608
10.38,20.38,3.8309,117.4840,0.00138,0.00601
10.62,20.38,3.8006,121.4064,0.01679,0.00602
10.88,20.38,3.8292,125.8542,0.07529,0.00619
11.12,20.38,3.9209,131.0226,0.12503,0.00654
11.38,20.38,3.9284,135.0438,0.08671,0.00672
11.62,20.38,3.8658,138.2632,0.06825,0.00679
11.88,20.38,3.8567,140.9668,0.08819,0.00701
12.12,20.38,3.8195,142.5731,0.06292,0.00729
12.38,20.38,3.7825,143.0382,0.03741,0.00763
12.62,20.38,3.7340,144.7397,0.03170,0.00802
12.88,20.38,3.7326,149.2836,0.03498,0.00865
13.12,20.38,3.7787,153.8293,0.07266,0.00941
13.38,20.38,3.8732,156.9374,0.24916,0.00978
13.62,20.38,4.1423,158.1516,0.70484,0.00980
13.88,20.38,4.3951,156.2031,1.19137,0.01002
14.12,20.38,4.3347,153.2493,1.28431,0.01036
14.38,20.38,4.3432,152.6221,1.19362,0.01046
14.62,20.38,4.3831,154.6879,1.16968,0.01043
14.88,20.38,4.0489,159.5571,0.89108,0.01015
15.12,20.38,3.6991,163.1087,0.62171,0.00983
15.38,20.38,3.8902,158.3761,0.93027,0.00944
15.62,20.38,4.3889,149.3553,1.44288,0.00876
15.88,20.38,4.6003,141.0181,1.63758,0.00825
16.12,20.38,4.4761,133.5945,1.87606,0.00890
16.38,20.38,4.2389,123.7520,1.88552,0.01124
16.62,20.38,3.8234,116.4827,1.20109,0.01479
16.88,20.38,3.7452,119.4952,0.74066,0.01813
