x,y,rho,contact,casualty,pressure
2.62,0.12,0.0659,0.0000,0.00000,0.05187
2.88,0.12,0.1475,0.0000,0.00000,0.10715
3.12,0.12,0.2545,0.0000,0.00000,0.15754
3.38,0.12,0.3131,0.0000,0.00000,0.15787
3.62,0.12,0.2918,0.0000,0.00000,0.12969
3.88,0.12,0.2575,0.0000,0.00000,0.11796
4.12,0.12,0.2653,0.0000,0.00000,0.12768
4.38,0.12,0.2954,0.0000,0.00000,0.13776
4.62,0.12,0.3031,0.0000,0.00000,0.13618
4.88,0.12,0.2845,0.0000,0.00000,0.12960
5.12,0.12,0.2688,0.0000,0.00000,0.12361
5.38,0.12,0.2765,0.0000,0.00000,0.12546
5.62,0.12,0.2938,0.0000,0.00000,0.13458
5.88,0.12,0.2977,0.0000,0.00000,0.14682
6.12,0.12,0.2950,0.0000,0.00000,0.15284
6.38,0.12,0.2867,0.0000,0.00000,0.14196
6.62,0.12,0.2988,0.0000,0.00000,0.14705
6.88,0.12,0.3102,0.0000,0.00000,0.16523
7.12,0.12,0.2394,0.0000,0.00000,0.13721
7.38,0.12,0.1292,0.0000,0.00000,0.07747
2.62,0.38,0.1303,0.0000,0.00000,0.09651
2.88,0.38,0.3000,0.0000,0.00000,0.21376
3.12,0.38,0.5249,0.0000,0.00000,0.33103
3.38,0.38,0.6561,0.0000,0.00000,0.33624
3.62,0.38,0.6276,0.0000,0.00000,0.27242
3.88,0.38,0.5428,0.0000,0.00000,0.24185
4.12,0.38,0.5359,0.0000,0.00000,0.25926
4.38,0.38,0.5999,0.0000,0.00000,0.28348
4.62,0.38,0.6331,0.0000,0.00000,0.28434
4.88,0.38,0.6027,0.0000,0.00000,0.27000
5.12,0.38,0.5673,0.0000,0.00000,0.26027
5.38,0.38,0.5765,0.0000,0.00000,0.26511
5.62,0.38,0.6053,0.0000,0.00000,0.27674
5.88,0.38,0.6191,0.0000,0.00000,0.29681
6.12,0.38,0.6153,0.0000,0.00000,0.30901
6.38,0.38,0.5914,0.0000,0.00000,0.28562
6.62,0.38,0.6283,0.0000,0.00000,0.29984
6.88,0.38,0.6657,0.0000,0.00000,0.34583
7.12,0.38,0.5041,0.0000,0.00000,0.28755
7.38,0.38,0.2629,0.0000,0.00000,0.16061
2.62,0.62,0.1516,0.0000,0.00000,0.10217
2.88,0.62,0.3760,0.0000,0.00000,0.24965
3.12,0.62,0.6953,0.0000,0.00000,0.41627
3.38,0.62,0.9072,0.0000,0.00000,0.43817
3.62,0.62,0.9071,0.0000,0.00000,0.35506
3.88,0.62,0.7884,0.0000,0.00000,0.30580
4.12,0.62,0.7487,0.0000,0.00000,0.32047
4.38,0.62,0.8271,0.0000,0.00000,0.35459
4.62,0.62,0.8888,0.0000,0.00000,0.36168
4.88,0.62,0.8603,0.0000,0.00000,0.34390
5.12,0.62,0.8111,0.0000,0.00000,0.33491
5.38,0.62,0.8103,0.0000,0.00000,0.34062
5.62,0.62,0.8411,0.0000,0.00000,0.34966
5.88,0.62,0.8759,0.0000,0.00000,0.37396
6.12,0.62,0.8772,0.0000,0.00000,0.38970
6.38,0.62,0.8436,0.0000,0.00000,0.36026
6.62,0.62,0.9255,0.0000,0.00000,0.38748
6.88,0.62,0.9844,0.0000,0.00000,0.45513
7.12,0.62,0.7094,0.0000,0.00000,0.37172
7.38,0.62,0.3468,0.0000,0.00000,0.20176
2.62,0.88,0.0951,0.0000,0.00000,0.05652
2.88,0.88,0.2729,0.0000,0.00000,0.15810
3.12,0.88,0.5693,0.0000,0.00000,0.29739
3.38,0.88,0.8198,0.0000,0.00000,0.34677
3.62,0.88,0.8905,0.0000,0.00000,0.29546
3.88,0.88,0.8009,0.0000,0.00000,0.24323
4.12,0.88,0.7256,0.0000,0.00000,0.23777
4.38,0.88,0.7751,0.0000,0.00000,0.26499
4.62,0.88,0.8528,0.0000,0.00000,0.28138
4.88,0.88,0.8513,0.0000,0.00000,0.27184
5.12,0.88,0.8038,0.0000,0.00000,0.26258
5.38,0.88,0.7824,0.0000,0.00000,0.26417
5.62,0.88,0.8086,0.0000,0.00000,0.27464
5.88,0.88,0.8616,0.0000,0.00000,0.29826
6.12,0.88,0.8650,0.0000,0.00000,0.30745
6.38,0.88,0.8374,0.0000,0.00000,0.28506
6.62,0.88,0.9559,0.0000,0.00000,0.31555
6.88,0.88,1.0140,0.0000,0.00000,0.36953
7.12,0.88,0.6837,0.0000,0.00000,0.28891
7.38,0.88,0.3039,0.0000,0.00000,0.14889
2.62,1.12,0.0390,0.0000,0.00000,0.01811
2.88,1.12,0.1420,0.0000,0.00000,0.06282
3.12,1.12,0.3603,0.0000,0.00000,0.14724
3.38,1.12,0.6074,0.0000,0.00000,0.21223
3.62,1.12,0.7455,0.0000,0.00000,0.20655
3.88,1.12,0.7246,0.0000,0.00000,0.16591
4.12,1.12,0.6377,0.0000,0.00000,0.14209
4.38,1.12,0.6399,0.0000,0.00000,0.15500
4.62,1.12,0.7108,0.0000,0.00000,0.17884
4.88,1.12,0.7370,0.0000,0.00000,0.18130
5.12,1.12,0.7007,0.0000,0.00000,0.16988
5.38,1.12,0.6682,0.0000,0.00000,0.16895
5.62,1.12,0.6895,0.0000,0.00000,0.18124
5.88,1.12,0.7432,0.0000,0.00000,0.19543
6.12,1.12,0.7405,0.0000,0.00000,0.19280
6.38,1.12,0.7208,0.0000,0.00000,0.17736
6.62,1.12,0.8536,0.0000,0.00000,0.20066
6.88,1.12,0.9077,0.0000,0.00000,0.23099
7.12,1.12,0.5760,0.0000,0.00000,0.17229
7.38,1.12,0.2296,0.0000,0.00000,0.08428
2.62,1.38,0.0139,0.0000,0.00000,0.00444
2.88,1.38,0.0657,0.0000,0.00000,0.02013
3.12,1.38,0.2119,0.0000,0.00000,0.06163
3.38,1.38,0.4346,0.0000,0.00000,0.11393
3.62,1.38,0.6211,0.0000,0.00000,0.13433
3.88,1.38,0.6779,0.0000,0.00000,0.11599
4.12,1.38,0.6111,0.0000,0.00000,0.09186
4.38,1.38,0.5704,0.0000,0.00000,0.09238
4.62,1.38,0.6127,0.0000,0.00000,0.11118
4.88,1.38,0.6526,0.0000,0.00000,0.12175
5.12,1.38,0.6344,0.0000,0.00000,0.11617
5.38,1.38,0.6078,0.0000,0.00000,0.11417
5.62,1.38,0.6237,0.0000,0.00000,0.12043
5.88,1.38,0.6648,0.0000,0.00000,0.12186
6.12,1.38,0.6550,0.0000,0.00000,0.11221
6.38,1.38,0.6356,0.0000,0.00000,0.10150
6.62,1.38,0.7713,0.0000,0.00000,0.11790
6.88,1.38,0.8274,0.0000,0.00000,0.13456
7.12,1.38,0.4999,0.0000,0.00000,0.09597
7.38,1.38,0.1776,0.0000,0.00000,0.04434
2.62,1.62,0.0047,0.0000,0.00000,0.00101
2.88,1.62,0.0296,0.0000,0.00000,0.00563
3.12,1.62,0.1256,0.0000,0.00000,0.02246
3.38,1.62,0.3192,0.0000,0.00000,0.05658
3.62,1.62,0.5326,0.0000,0.00000,0.08741
3.88,1.62,0.6457,0.0000,0.00000,0.08672
4.12,1.62,0.6125,0.0000,0.00000,0.06830
4.38,1.62,0.5501,0.0000,0.00000,0.06109
4.62,1.62,0.5653,0.0000,0.00000,0.06784
4.88,1.62,0.6134,0.0000,0.00000,0.07914
5.12,1.62,0.6216,0.0000,0.00000,0.08345
5.38,1.62,0.6051,0.0000,0.00000,0.08101
5.62,1.62,0.6111,0.0000,0.00000,0.07888
5.88,1.62,0.6455,0.0000,0.00000,0.07344
6.12,1.62,0.6348,0.0000,0.00000,0.06347
6.38,1.62,0.5997,0.0000,0.00000,0.05622
6.62,1.62,0.7294,0.0000,0.00000,0.06973
6.88,1.62,0.7913,0.0000,0.00000,0.08204
7.12,1.62,0.4629,0.0000,0.00000,0.05577
7.38,1.62,0.1493,0.0000,0.00000,0.02347
2.62,1.88,0.0017,0.0000,0.00000,0.00018
2.88,1.88,0.0150,0.0000,0.00000,0.00142
3.12,1.88,0.0795,0.0000,0.00000,0.00878
3.38,1.88,0.2400,0.0000,0.00000,0.03282
3.62,1.88,0.4544,0.0000,0.00000,0.06517
3.88,1.88,0.6058,0.0000,0.00000,0.07217
4.12,1.88,0.6189,0.0000,0.00000,0.05437
4.38,1.88,0.5565,0.0000,0.00000,0.04040
4.62,1.88,0.5507,0.0000,0.00000,0.03983
4.88,1.88,0.6012,0.0000,0.00000,0.05185
5.12,1.88,0.6308,0.0000,0.00000,0.06348
5.38,1.88,0.6167,0.0000,0.00000,0.06150
5.62,1.88,0.6142,0.0000,0.00000,0.05657
5.88,1.88,0.6625,0.0000,0.00000,0.05223
6.12,1.88,0.6642,0.0000,0.00000,0.04467
6.38,1.88,0.6147,0.0000,0.00000,0.03741
6.62,1.88,0.7384,0.0000,0.00000,0.04809
6.88,1.88,0.8069,0.0000,0.00000,0.05942
7.12,1.88,0.4669,0.0000,0.00000,0.03983
7.38,1.88,0.1439,0.0000,0.00000,0.01579
2.62,2.12,0.0008,0.0000,0.00000,0.00004
2.88,2.12,0.0079,0.0000,0.00000,0.00051
3.12,2.12,0.0495,0.0000,0.00000,0.00482
3.38,2.12,0.1761,0.0000,0.00000,0.02246
3.62,2.12,0.3830,0.0000,0.00000,0.04999
3.88,2.12,0.5724,0.0000,0.00000,0.06028
4.12,2.12,0.6380,0.0000,0.00000,0.04696
4.38,2.12,0.5851,0.0000,0.00000,0.03039
4.62,2.12,0.5542,0.0000,0.00000,0.02685
4.88,2.12,0.5923,0.0000,0.00000,0.03947
5.12,2.12,0.6329,0.0000,0.00000,0.05277
5.38,2.12,0.6284,0.0000,0.00000,0.04944
5.62,2.12,0.6266,0.0000,0.00000,0.04306
5.88,2.12,0.6823,0.0000,0.00000,0.04268
6.12,2.12,0.6963,0.0000,0.00000,0.04029
6.38,2.12,0.6497,0.0000,0.00000,0.03318
6.62,2.12,0.7718,0.0000,0.00000,0.03926
6.88,2.12,0.8374,0.0000,0.00000,0.04756
7.12,2.12,0.4804,0.0000,0.00000,0.03108
7.38,2.12,0.1445,0.0000,0.00000,0.01165
2.62,2.38,0.0003,0.0000,0.00000,0.00001
2.88,2.38,0.0036,0.0000,0.00000,0.00024
3.12,2.38,0.0275,0.0000,0.00000,0.00264
3.38,2.38,0.1204,0.0000,0.00000,0.01323
3.62,2.38,0.3130,0.0000,0.00000,0.03173
3.88,2.38,0.5341,0.0000,0.00000,0.04428
4.12,2.38,0.6509,0.0000,0.00000,0.04161
4.38,2.38,0.6245,0.0000,0.00000,0.02863
4.62,2.38,0.5729,0.0000,0.00000,0.02444
4.88,2.38,0.5891,0.0000,0.00000,0.03478
5.12,2.38,0.6389,0.0000,0.00000,0.04451
5.38,2.38,0.6507,0.0000,0.00000,0.04048
5.62,2.38,0.6504,0.0000,0.00000,0.03308
5.88,2.38,0.6983,0.0000,0.00000,0.03313
6.12,2.38,0.7120,0.0000,0.00000,0.03476
6.38,2.38,0.6678,0.0000,0.00000,0.02994
6.62,2.38,0.7910,0.0000,0.00000,0.03212
6.88,2.38,0.8564,0.0000,0.00000,0.03650
7.12,2.38,0.4899,0.0000,0.00000,0.02330
7.38,2.38,0.1462,0.0000,0.00000,0.00853
2.62,2.62,0.0001,0.0000,0.00000,0.00000
2.88,2.62,0.0013,0.0000,0.00000,0.00008
3.12,2.62,0.0130,0.0000,0.00000,0.00096
3.38,2.62,0.0730,0.0000,0.00000,0.00536
3.62,2.62,0.2363,0.0000,0.00000,0.01521
3.88,2.62,0.4711,0.0000,0.00000,0.02655
4.12,2.62,0.6355,0.0000,0.00000,0.02974
4.38,2.62,0.6523,0.0000,0.00000,0.02259
4.62,2.62,0.5964,0.0000,0.00000,0.02122
4.88,2.62,0.5965,0.0000,0.00000,0.02881
5.12,2.62,0.6513,0.0000,0.00000,0.03257
5.38,2.62,0.6655,0.0000,0.00000,0.02871
5.62,2.62,0.6601,0.0000,0.00000,0.02280
5.88,2.62,0.7061,0.0000,0.00000,0.02297
6.12,2.62,0.7205,0.0000,0.00000,0.02608
6.38,2.62,0.6742,0.0000,0.00000,0.02380
6.62,2.62,0.8079,0.0000,0.00000,0.02638
6.88,2.62,0.8859,0.0000,0.00000,0.03040
7.12,2.62,0.5097,0.0000,0.00000,0.01948
7.38,2.62,0.1526,0.0000,0.00000,0.00712
2.62,2.88,0.0000,0.0000,0.00000,0.00000
2.88,2.88,0.0005,0.0000,0.00000,0.00002
3.12,2.88,0.0061,0.0000,0.00000,0.00024
3.38,2.88,0.0433,0.0000,0.00000,0.00181
3.62,2.88,0.1701,0.0000,0.00000,0.00709
3.88,2.88,0.3913,0.0000,0.00000,0.01480
4.12,2.88,0.5879,0.0000,0.00000,0.01747
4.38,2.88,0.6502,0.0000,0.00000,0.01452
4.62,2.88,0.6119,0.0000,0.00000,0.01587
4.88,2.88,0.6104,0.0000,0.00000,0.02139
5.12,2.88,0.6624,0.0000,0.00000,0.02235
5.38,2.88,0.6763,0.0000,0.00000,0.01977
5.62,2.88,0.6682,0.0000,0.00000,0.01618
5.88,2.88,0.7117,0.0000,0.00000,0.01765
6.12,2.88,0.7261,0.0000,0.00000,0.02164
6.38,2.88,0.6820,0.0000,0.00000,0.02068
6.62,2.88,0.8309,0.0000,0.00000,0.02399
6.88,2.88,0.9186,0.0000,0.00000,0.02841
7.12,2.88,0.5289,0.0000,0.00000,0.01834
7.38,2.88,0.1581,0.0000,0.00000,0.00667
2.62,3.12,0.0000,0.0000,0.00000,0.00000
2.88,3.12,0.0002,0.0000,0.00000,0.00000
3.12,3.12,0.0030,0.0000,0.00000,0.00006
3.38,3.12,0.0251,0.0000,0.00000,0.00066
3.62,3.12,0.1146,0.0000,0.00000,0.00324
3.88,3.12,0.3090,0.0000,0.00000,0.00774
4.12,3.12,0.5350,0.0000,0.00000,0.01089
4.38,3.12,0.6511,0.0000,0.00000,0.01144
4.62,3.12,0.6366,0.0000,0.00000,0.01188
4.88,3.12,0.6197,0.0000,0.00000,0.01349
5.12,3.12,0.6638,0.0000,0.00000,0.01420
5.38,3.12,0.6989,0.0000,0.00000,0.01434
5.62,3.12,0.6999,0.0000,0.00000,0.01452
5.88,3.12,0.7346,0.0000,0.00000,0.01851
6.12,3.12,0.7467,0.0000,0.00000,0.02296
6.38,3.12,0.7043,0.0000,0.00000,0.02125
6.62,3.12,0.8552,0.0000,0.00000,0.02273
6.88,3.12,0.9413,0.0000,0.00000,0.02590
7.12,3.12,0.5399,0.0000,0.00000,0.01645
7.38,3.12,0.1602,0.0000,0.00000,0.00582
2.62,3.38,0.0000,0.0000,0.00000,0.00000
2.88,3.38,0.0001,0.0000,0.00000,0.00000
3.12,3.38,0.0012,0.0000,0.00000,0.00001
3.38,3.38,0.0125,0.0000,0.00000,0.00017
3.62,3.38,0.0706,0.0000,0.00000,0.00103
3.88,3.38,0.2346,0.0000,0.00000,0.00345
4.12,3.38,0.4782,0.0000,0.00000,0.00769
4.38,3.38,0.6506,0.0000,0.00000,0.01103
4.62,3.38,0.6690,0.0000,0.00000,0.01033
4.88,3.38,0.6274,0.0000,0.00000,0.00883
5.12,3.38,0.6527,0.0000,0.00000,0.00985
5.38,3.38,0.7080,0.0000,0.00000,0.01260
5.62,3.38,0.7255,0.0000,0.00000,0.01576
5.88,3.38,0.7605,0.0000,0.00000,0.02125
6.12,3.38,0.7757,0.0000,0.00000,0.02510
6.38,3.38,0.7364,0.0000,0.00000,0.02139
6.62,3.38,0.8838,0.0000,0.00000,0.02048
6.88,3.38,0.9650,0.0000,0.00000,0.02207
7.12,3.38,0.5520,0.0000,0.00000,0.01365
7.38,3.38,0.1630,0.0000,0.00000,0.00468
2.62,3.62,0.0000,0.0000,0.00000,0.00000
2.88,3.62,0.0000,0.0000,0.00000,0.00000
3.12,3.62,0.0004,0.0000,0.00000,0.00000
3.38,3.62,0.0056,0.0000,0.00000,0.00003
3.62,3.62,0.0409,0.0000,0.00000,0.00030
3.88,3.62,0.1681,0.0000,0.00000,0.00163
4.12,3.62,0.4031,0.0000,0.00000,0.00529
4.38,3.62,0.6218,0.0000,0.00000,0.00897
4.62,3.62,0.6888,0.0000,0.00000,0.00860
4.88,3.62,0.6448,0.0000,0.00000,0.00769
5.12,3.62,0.6473,0.0000,0.00000,0.01136
5.38,3.62,0.7058,0.0000,0.00000,0.01740
5.62,3.62,0.7436,0.0000,0.00000,0.01970
5.88,3.62,0.7869,0.0000,0.00000,0.02112
6.12,3.62,0.8003,0.0000,0.00000,0.02325
6.38,3.62,0.7655,0.0000,0.00000,0.02074
6.62,3.62,0.9226,0.0000,0.00000,0.01996
6.88,3.62,1.0089,0.0000,0.00000,0.02079
7.12,3.62,0.5791,0.0000,0.00000,0.01293
7.38,3.62,0.1722,0.0000,0.00000,0.00463
2.62,3.88,0.0000,0.0000,0.00000,0.00000
2.88,3.88,0.0000,0.0000,0.00000,0.00000
3.12,3.88,0.0001,0.0000,0.00000,0.00000
3.38,3.88,0.0023,0.0000,0.00000,0.00001
3.62,3.88,0.0219,0.0000,0.00000,0.00013
3.88,3.88,0.1107,0.0000,0.00000,0.00102
4.12,3.88,0.3207,0.0000,0.00000,0.00393
4.38,3.88,0.5761,0.0000,0.00000,0.00716
4.62,3.88,0.7049,0.0000,0.00000,0.00736
4.88,3.88,0.6852,0.0000,0.00000,0.00821
5.12,3.88,0.6726,0.0000,0.00000,0.01552
5.38,3.88,0.7254,0.0000,0.00000,0.02507
5.62,3.88,0.7710,0.0000,0.00000,0.02525
5.88,3.88,0.8183,0.0000,0.00000,0.02125
6.12,3.88,0.8288,0.0000,0.00000,0.02140
6.38,3.88,0.7944,0.0000,0.00000,0.02085
6.62,3.88,0.9572,0.0000,0.00000,0.02080
6.88,3.88,1.0468,0.0000,0.00000,0.02138
7.12,3.88,0.6028,0.0000,0.00000,0.01343
7.38,3.88,0.1805,0.0000,0.00000,0.00493
2.62,4.12,0.0000,0.0000,0.00000,0.00000
2.88,4.12,0.0000,0.0000,0.00000,0.00000
3.12,4.12,0.0000,0.0000,0.00000,0.00000
3.38,4.12,0.0009,0.0000,0.00000,0.00000
3.62,4.12,0.0109,0.0000,0.00000,0.00007
3.88,4.12,0.0686,0.0000,0.00000,0.00060
4.12,4.12,0.2416,0.0000,0.00000,0.00253
4.38,4.12,0.5087,0.0000,0.00000,0.00511
4.62,4.12,0.7014,0.0000,0.00000,0.00630
4.88,4.12,0.7274,0.0000,0.00000,0.00820
5.12,4.12,0.7104,0.0000,0.00000,0.01537
5.38,4.12,0.7503,0.0000,0.00000,0.02439
5.62,4.12,0.7899,0.0000,0.00000,0.02509
5.88,4.12,0.8370,0.0000,0.00000,0.02168
6.12,4.12,0.8486,0.0000,0.00000,0.02090
6.38,4.12,0.8137,0.0000,0.00000,0.02024
6.62,4.12,0.9774,0.0000,0.00000,0.02126
6.88,4.12,1.0694,0.0000,0.00000,0.02260
7.12,4.12,0.6159,0.0000,0.00000,0.01397
7.38,4.12,0.1838,0.0000,0.00000,0.00481
2.62,4.38,0.0000,0.0000,0.00000,0.00000
2.88,4.38,0.0000,0.0000,0.00000,0.00000
3.12,4.38,0.0000,0.0000,0.00000,0.00000
3.38,4.38,0.0003,0.0000,0.00000,0.00000
3.62,4.38,0.0051,0.0000,0.00000,0.00003
3.88,4.38,0.0390,0.0000,0.00000,0.00029
4.12,4.38,0.1655,0.0000,0.00000,0.00141
4.38,4.38,0.4156,0.0000,0.00000,0.00373
4.62,4.38,0.6648,0.0000,0.00000,0.00622
4.88,4.38,0.7520,0.0000,0.00000,0.00837
5.12,4.38,0.7356,0.0000,0.00000,0.01239
5.38,4.38,0.7575,0.0000,0.00000,0.01842
5.62,4.38,0.7987,0.0000,0.00000,0.02211
5.88,4.38,0.8517,0.0000,0.00000,0.02296
6.12,4.38,0.8651,0.0000,0.00000,0.02254
6.38,4.38,0.8305,0.0000,0.00000,0.02115
6.62,4.38,1.0080,0.0000,0.00000,0.02284
6.88,4.38,1.1147,0.0000,0.00000,0.02458
7.12,4.38,0.6437,0.0000,0.00000,0.01480
7.38,4.38,0.1912,0.0000,0.00000,0.00477
2.62,4.62,0.0000,0.0000,0.00000,0.00000
2.88,4.62,0.0000,0.0000,0.00000,0.00000
3.12,4.62,0.0000,0.0000,0.00000,0.00000
3.38,4.62,0.0001,0.0000,0.00000,0.00000
3.62,4.62,0.0022,0.0000,0.00000,0.00001
3.88,4.62,0.0203,0.0000,0.00000,0.00015
4.12,4.62,0.1056,0.0000,0.00000,0.00098
4.38,4.62,0.3228,0.0000,0.00000,0.00361
4.62,4.62,0.6093,0.0000,0.00000,0.00778
4.88,4.62,0.7643,0.0000,0.00000,0.01068
5.12,4.62,0.7573,0.0000,0.00000,0.01201
5.38,4.62,0.7587,0.0000,0.00000,0.01537
5.62,4.62,0.8141,0.0000,0.00000,0.02038
5.88,4.62,0.8842,0.0000,0.00000,0.02322
6.12,4.62,0.8983,0.0000,0.00000,0.02311
6.38,4.62,0.8592,0.0000,0.00000,0.02112
6.62,4.62,1.0532,0.0000,0.00000,0.02235
6.88,4.62,1.1741,0.0000,0.00000,0.02316
7.12,4.62,0.6793,0.0000,0.00000,0.01352
7.38,4.62,0.2016,0.0000,0.00000,0.00425
2.62,4.88,0.0000,0.0000,0.00000,0.00000
2.88,4.88,0.0000,0.0000,0.00000,0.00000
3.12,4.88,0.0000,0.0000,0.00000,0.00000
3.38,4.88,0.0000,0.0000,0.00000,0.00000
3.62,4.88,0.0009,0.0000,0.00000,0.00001
3.88,4.88,0.0105,0.0000,0.00000,0.00008
4.12,4.88,0.0665,0.0000,0.00000,0.00070
4.38,4.88,0.2440,0.0000,0.00000,0.00321
4.62,4.88,0.5378,0.0000,0.00000,0.00823
4.88,4.88,0.7560,0.0000,0.00000,0.01207
5.12,4.88,0.7792,0.0000,0.00000,0.01210
5.38,4.88,0.7646,0.0000,0.00000,0.01338
5.62,4.88,0.8304,0.0000,0.00000,0.01771
5.88,4.88,0.9266,0.0000,0.00000,0.02124
6.12,4.88,0.9470,0.0000,0.00000,0.02190
6.38,4.88,0.8986,0.0000,0.00000,0.02066
6.62,4.88,1.0964,0.0000,0.00000,0.02254
6.88,4.88,1.2251,0.0000,0.00000,0.02307
7.12,4.88,0.7122,0.0000,0.00000,0.01343
7.38,4.88,0.2137,0.0000,0.00000,0.00438
2.62,5.12,0.0000,0.0000,0.00000,0.00000
2.88,5.12,0.0000,0.0000,0.00000,0.00000
3.12,5.12,0.0000,0.0000,0.00000,0.00000
3.38,5.12,0.0000,0.0000,0.00000,0.00000
3.62,5.12,0.0004,0.0000,0.00000,0.00000
3.88,5.12,0.0052,0.0000,0.00000,0.00005
4.12,5.12,0.0401,0.0000,0.00000,0.00045
4.38,5.12,0.1750,0.0000,0.00000,0.00230
4.62,5.12,0.4511,0.0000,0.00000,0.00650
4.88,5.12,0.7227,0.0000,0.00000,0.01045
5.12,5.12,0.8048,0.0000,0.00000,0.01143
5.38,5.12,0.7883,0.0000,0.00000,0.01268
5.62,5.12,0.8428,0.0000,0.00000,0.01646
5.88,5.12,0.9583,0.0000,0.00000,0.02109
6.12,5.12,0.9991,0.0000,0.00000,0.02359
6.38,5.12,0.9444,0.0000,0.00000,0.02328
6.62,5.12,1.1345,0.0000,0.00000,0.02603
6.88,5.12,1.2707,0.0000,0.00000,0.02732
7.12,5.12,0.7467,0.0000,0.00000,0.01631
7.38,5.12,0.2289,0.0000,0.00000,0.00552
2.62,5.38,0.0000,0.0000,0.00000,0.00000
2.88,5.38,0.0000,0.0000,0.00000,0.00000
3.12,5.38,0.0000,0.0000,0.00000,0.00000
3.38,5.38,0.0000,0.0000,0.00000,0.00000
3.62,5.38,0.0001,0.0000,0.00000,0.00000
3.88,5.38,0.0024,0.0000,0.00000,0.00003
4.12,5.38,0.0233,0.0000,0.00000,0.00029
4.38,5.38,0.1226,0.0000,0.00000,0.00167
4.62,5.38,0.3701,0.0000,0.00000,0.00514
4.88,5.38,0.6787,0.0000,0.00000,0.00946
5.12,5.38,0.8337,0.0000,0.00000,0.01229
5.38,5.38,0.8308,0.0000,0.00000,0.01439
5.62,5.38,0.8596,0.0000,0.00000,0.01820
5.88,5.38,0.9835,0.0000,0.00000,0.02395
6.12,5.38,1.0445,0.0000,0.00000,0.02723
6.38,5.38,0.9844,0.0000,0.00000,0.02650
6.62,5.38,1.1801,0.0000,0.00000,0.03110
6.88,5.38,1.3360,0.0000,0.00000,0.03462
7.12,5.38,0.7959,0.0000,0.00000,0.02095
7.38,5.38,0.2499,0.0000,0.00000,0.00694
2.62,5.62,0.0000,0.0000,0.00000,0.00000
2.88,5.62,0.0000,0.0000,0.00000,0.00000
3.12,5.62,0.0000,0.0000,0.00000,0.00000
3.38,5.62,0.0000,0.0000,0.00000,0.00000
3.62,5.62,0.0001,0.0000,0.00000,0.00000
3.88,5.62,0.0012,0.0000,0.00000,0.00002
4.12,5.62,0.0139,0.0000,0.00000,0.00021
4.38,5.62,0.0854,0.0000,0.00000,0.00138
4.62,5.62,0.2956,0.0000,0.00000,0.00482
4.88,5.62,0.6177,0.0000,0.00000,0.01027
5.12,5.62,0.8462,0.0000,0.00000,0.01501
5.38,5.62,0.8775,0.0000,0.00000,0.01777
5.62,5.62,0.8846,0.0000,0.00000,0.02131
5.88,5.62,1.0122,0.0000,0.00000,0.02696
6.12,5.62,1.0890,0.0000,0.00000,0.02948
6.38,5.62,1.0254,0.0000,0.00000,0.02852
6.62,5.62,1.2387,0.0000,0.00000,0.03630
6.88,5.62,1.4232,0.0000,0.00000,0.04278
7.12,5.62,0.8666,0.0000,0.00000,0.02655
7.38,5.62,0.2851,0.0000,0.00000,0.00903
2.62,5.88,0.0000,0.0000,0.00000,0.00000
2.88,5.88,0.0000,0.0000,0.00000,0.00000
3.12,5.88,0.0000,0.0000,0.00000,0.00000
3.38,5.88,0.0000,0.0000,0.00000,0.00000
3.62,5.88,0.0000,0.0000,0.00000,0.00000
3.88,5.88,0.0007,0.0000,0.00000,0.00001
4.12,5.88,0.0088,0.0000,0.00000,0.00017
4.38,5.88,0.0587,0.0000,0.00000,0.00121
4.62,5.88,0.2286,0.0000,0.00000,0.00481
4.88,5.88,0.5460,0.0000,0.00000,0.01183
5.12,5.88,0.8410,0.0000,0.00000,0.01911
5.38,5.88,0.9231,0.0000,0.00000,0.02288
5.62,5.88,0.9229,0.0000,0.00000,0.02581
5.88,5.88,1.0587,0.0000,0.00000,0.03082
6.12,5.88,1.1530,0.0000,0.00000,0.03281
6.38,5.88,1.0718,0.0000,0.00000,0.03127
6.62,5.88,1.2782,0.0000,0.00000,0.03968
6.88,5.88,1.4921,0.0000,0.00000,0.04737
7.12,5.88,0.9409,0.0000,0.00000,0.03039
7.38,5.88,0.3315,0.0000,0.00000,0.01107
2.62,6.12,0.0000,0.0000,0.00000,0.00000
2.88,6.12,0.0000,0.0000,0.00000,0.00000
3.12,6.12,0.0000,0.0000,0.00000,0.00000
3.38,6.12,0.0000,0.0000,0.00000,0.00000
3.62,6.12,0.0000,0.0000,0.00000,0.00000
3.88,6.12,0.0004,0.0000,0.00000,0.00001
4.12,6.12,0.0054,0.0000,0.00000,0.00014
4.38,6.12,0.0396,0.0000,0.00000,0.00108
4.62,6.12,0.1735,0.0000,0.00000,0.00478
4.88,6.12,0.4732,0.0000,0.00000,0.01326
5.12,6.12,0.8193,0.0000,0.00000,0.02345
5.38,6.12,0.9613,0.0000,0.00000,0.02889
5.62,6.12,0.9647,0.0000,0.00000,0.03124
5.88,6.12,1.1139,0.0000,0.00000,0.03605
6.12,6.12,1.2406,0.0000,0.00000,0.03870
6.38,6.12,1.1337,0.0000,0.00000,0.03590
6.62,6.12,1.3090,0.0000,0.00000,0.04318
6.88,6.12,1.5474,0.0000,0.00000,0.05104
7.12,6.12,1.0179,0.0000,0.00000,0.03352
7.38,6.12,0.3877,0.0000,0.00000,0.01290
2.62,6.38,0.0000,0.0000,0.00000,0.00000
2.88,6.38,0.0000,0.0000,0.00000,0.00000
3.12,6.38,0.0000,0.0000,0.00000,0.00000
3.38,6.38,0.0000,0.0000,0.00000,0.00000
3.62,6.38,0.0000,0.0000,0.00000,0.00000
3.88,6.38,0.0002,0.0000,0.00000,0.00001
4.12,6.38,0.0034,0.0000,0.00000,0.00011
4.38,6.38,0.0269,0.0000,0.00000,0.00090
4.62,6.38,0.1310,0.0000,0.00000,0.00456
4.88,6.38,0.4052,0.0000,0.00000,0.01428
5.12,6.38,0.7896,0.0000,0.00000,0.02763
5.38,6.38,1.0004,0.0000,0.00000,0.03537
5.62,6.38,1.0068,0.0000,0.00000,0.03685
5.88,6.38,1.1544,0.0000,0.00000,0.04112
6.12,6.38,1.3218,0.0000,0.00000,0.04476
6.38,6.38,1.2028,0.0000,0.00000,0.04066
6.62,6.38,1.3440,0.0000,0.00000,0.04654
6.88,6.38,1.6058,0.0000,0.00000,0.05479
7.12,6.38,1.1151,0.0000,0.00000,0.03750
7.38,6.38,0.4672,0.0000,0.00000,0.01563
2.62,6.62,0.0000,0.0000,0.00000,0.00000
2.88,6.62,0.0000,0.0000,0.00000,0.00000
3.12,6.62,0.0000,0.0000,0.00000,0.00000
3.38,6.62,0.0000,0.0000,0.00000,0.00000
3.62,6.62,0.0000,0.0000,0.00000,0.00000
3.88,6.62,0.0002,0.0000,0.00000,0.00000
4.12,6.62,0.0027,0.0000,0.00000,0.00007
4.38,6.62,0.0202,0.0000,0.00000,0.00071
4.62,6.62,0.1046,0.0000,0.00000,0.00428
4.88,6.62,0.3573,0.0000,0.00000,0.01507
5.12,6.62,0.7712,0.0000,0.00000,0.03156
5.38,6.62,1.0495,0.0000,0.00000,0.04161
5.62,6.62,1.0605,0.0000,0.00000,0.04183
5.88,6.62,1.1935,0.0000,0.00000,0.04529
6.12,6.62,1.3862,0.0000,0.00000,0.04960
6.38,6.62,1.2568,0.0000,0.00000,0.04410
6.62,6.62,1.3612,0.0000,0.00000,0.04763
6.88,6.62,1.6546,0.0000,0.00000,0.05651
7.12,6.62,1.2278,0.0000,0.00000,0.04168
7.38,6.62,0.5676,0.0000,0.00000,0.01949
2.62,6.88,0.0000,0.0000,0.00000,0.00000
2.88,6.88,0.0000,0.0000,0.00000,0.00000
3.12,6.88,0.0000,0.0000,0.00000,0.00000
3.38,6.88,0.0000,0.0000,0.00000,0.00000
3.62,6.88,0.0000,0.0000,0.00000,0.00000
3.88,6.88,0.0003,0.0000,0.00000,0.00000
4.12,6.88,0.0024,0.0000,0.00000,0.00004
4.38,6.88,0.0167,0.0000,0.00000,0.00056
4.62,6.88,0.0890,0.0000,0.00000,0.00382
4.88,6.88,0.3255,0.0000,0.00000,0.01475
5.12,6.88,0.7594,0.0000,0.00000,0.03339
5.38,6.88,1.0936,0.0000,0.00000,0.04597
5.62,6.88,1.1162,0.0000,0.00000,0.04563
5.88,6.88,1.2412,0.0000,0.00000,0.04884
6.12,6.88,1.4533,0.0000,0.00000,0.05438
6.38,6.88,1.3102,0.0000,0.00000,0.04754
6.62,6.88,1.3646,0.0000,0.00000,0.04769
6.88,6.88,1.6809,0.0000,0.00000,0.05679
7.12,6.88,1.3322,0.0000,0.00000,0.04536
7.38,6.88,0.6704,0.0000,0.00000,0.02348
2.62,7.12,0.0000,0.0000,0.00000,0.00000
2.88,7.12,0.0000,0.0000,0.00000,0.00000
3.12,7.12,0.0000,0.0000,0.00000,0.00000
3.38,7.12,0.0000,0.0000,0.00000,0.00000
3.62,7.12,0.0000,0.0000,0.00000,0.00000
3.88,7.12,0.0002,0.0000,0.00000,0.00000
4.12,7.12,0.0021,0.0000,0.00000,0.00003
4.38,7.12,0.0146,0.0000,0.00000,0.00043
4.62,7.12,0.0776,0.0000,0.00000,0.00313
4.88,7.12,0.2982,0.0000,0.00000,0.01325
5.12,7.12,0.7488,0.0000,0.00000,0.03316
5.38,7.12,1.1330,0.0000,0.00000,0.04864
5.62,7.12,1.1613,0.0000,0.00000,0.04808
5.88,7.12,1.2766,0.0000,0.00000,0.05031
6.12,7.12,1.5183,0.0000,0.00000,0.05712
6.38,7.12,1.3719,0.0000,0.00000,0.05006
6.62,7.12,1.3614,0.0000,0.00000,0.04699
6.88,7.12,1.6829,0.0000,0.00000,0.05549
7.12,7.12,1.4228,0.0000,0.00000,0.04694
7.38,7.12,0.7721,0.0000,0.00000,0.02589
2.62,7.38,0.0000,0.0000,0.00000,0.00000
2.88,7.38,0.0000,0.0000,0.00000,0.00000
3.12,7.38,0.0000,0.0000,0.00000,0.00000
3.38,7.38,0.0000,0.0000,0.00000,0.00000
3.62,7.38,0.0000,0.0000,0.00000,0.00000
3.88,7.38,0.0001,0.0000,0.00000,0.00000
4.12,7.38,0.0019,0.0000,0.00000,0.00003
4.38,7.38,0.0140,0.0000,0.00000,0.00038
4.62,7.38,0.0719,0.0000,0.00000,0.00265
4.88,7.38,0.2817,0.0000,0.00000,0.01204
5.12,7.38,0.7504,0.0000,0.00000,0.03309
5.38,7.38,1.1806,0.0000,0.00000,0.05126
5.62,7.38,1.2033,0.0000,0.00000,0.05009
5.88,7.38,1.2952,0.0000,0.00000,0.05047
6.12,7.38,1.5677,0.0000,0.00000,0.05789
6.38,7.38,1.4355,0.0000,0.00000,0.05128
6.62,7.38,1.3594,0.0000,0.00000,0.04607
6.88,7.38,1.6840,0.0000,0.00000,0.05438
7.12,7.38,1.5218,0.0000,0.00000,0.04834
7.38,7.38,0.8838,0.0000,0.00000,0.02795
2.62,7.62,0.0000,0.0000,0.00000,0.00000
2.88,7.62,0.0000,0.0000,0.00000,0.00000
3.12,7.62,0.0000,0.0000,0.00000,0.00000
3.38,7.62,0.0000,0.0000,0.00000,0.00000
3.62,7.62,0.0000,0.0000,0.00000,0.00000
3.88,7.62,0.0001,0.0000,0.00000,0.00000
4.12,7.62,0.0018,0.0000,0.00000,0.00004
4.38,7.62,0.0142,0.0000,0.00000,0.00037
4.62,7.62,0.0712,0.0000,0.00000,0.00243
4.88,7.62,0.2774,0.0000,0.00000,0.01157
5.12,7.62,0.7598,0.0000,0.00000,0.03427
5.38,7.62,1.2227,0.0000,0.00000,0.05508
5.62,7.62,1.2336,0.0000,0.00000,0.05260
5.88,7.62,1.2949,0.0000,0.00000,0.05036
6.12,7.62,1.6011,0.0000,0.00000,0.05812
6.38,7.62,1.4997,0.0000,0.00000,0.05218
6.62,7.62,1.3632,0.0000,0.00000,0.04529
6.88,7.62,1.6869,0.0000,0.00000,0.05367
7.12,7.62,1.6185,0.0000,0.00000,0.05039
7.38,7.62,0.9925,0.0000,0.00000,0.03058
2.62,7.88,0.0000,0.0000,0.00000,0.00000
2.88,7.88,0.0000,0.0000,0.00000,0.00000
3.12,7.88,0.0000,0.0000,0.00000,0.00000
3.38,7.88,0.0000,0.0000,0.00000,0.00000
3.62,7.88,0.0000,0.0000,0.00000,0.00000
3.88,7.88,0.0001,0.0000,0.00000,0.00000
4.12,7.88,0.0018,0.0000,0.00000,0.00005
4.38,7.88,0.0148,0.0000,0.00000,0.00041
4.62,7.88,0.0744,0.0000,0.00000,0.00251
4.88,7.88,0.2839,0.0000,0.00000,0.01181
5.12,7.88,0.7842,0.0000,0.00000,0.03612
5.38,7.88,1.2808,0.0000,0.00000,0.05923
5.62,7.88,1.2781,0.0000,0.00000,0.05532
5.88,7.88,1.2985,0.0000,0.00000,0.04991
6.12,7.88,1.6365,0.0000,0.00000,0.05812
6.38,7.88,1.5728,0.0000,0.00000,0.05315
6.62,7.88,1.3728,0.0000,0.00000,0.04342
6.88,7.88,1.6879,0.0000,0.00000,0.05025
7.12,7.88,1.7095,0.0000,0.00000,0.04991
7.38,7.88,1.0964,0.0000,0.00000,0.03185
11.62,7.88,0.0284,0.0000,0.00000,0.00008
2.62,8.12,0.0000,0.0000,0.00000,0.00000
2.88,8.12,0.0000,0.0000,0.00000,0.00000
3.12,8.12,0.0000,0.0000,0.00000,0.00000
3.38,8.12,0.0000,0.0000,0.00000,0.00000
3.62,8.12,0.0000,0.0000,0.00000,0.00000
3.88,8.12,0.0001,0.0000,0.00000,0.00000
4.12,8.12,0.0019,0.0000,0.00000,0.00007
4.38,8.12,0.0159,0.0000,0.00000,0.00055
4.62,8.12,0.0815,0.0000,0.00000,0.00293
4.88,8.12,0.3011,0.0000,0.00000,0.01224
5.12,8.12,0.8162,0.0000,0.00000,0.03590
5.38,8.12,1.3313,0.0000,0.00000,0.05914
5.62,8.12,1.3140,0.0000,0.00000,0.05548
5.88,8.12,1.2971,0.0000,0.00000,0.04864
6.12,8.12,1.6579,0.0000,0.00000,0.05709
6.38,8.12,1.6338,0.0000,0.00000,0.05320
6.62,8.12,1.3868,0.0000,0.00000,0.04126
6.88,8.12,1.7049,0.0000,0.00000,0.04669
7.12,8.12,1.8146,0.0000,0.00000,0.04881
7.38,8.12,1.2075,0.0000,0.00000,0.03244
11.38,8.12,0.0287,0.0000,0.00000,0.00008
11.62,8.12,0.1127,0.0000,0.00000,0.00030
11.88,8.12,0.3582,0.0000,0.00000,0.00096
2.62,8.38,0.0000,0.0000,0.00000,0.00000
2.88,8.38,0.0000,0.0000,0.00000,0.00000
3.12,8.38,0.0000,0.0000,0.00000,0.00000
3.38,8.38,0.0000,0.0000,0.00000,0.00000
3.62,8.38,0.0000,0.0000,0.00000,0.00000
3.88,8.38,0.0001,0.0000,0.00000,0.00001
4.12,8.38,0.0022,0.0000,0.00000,0.00009
4.38,8.38,0.0190,0.0000,0.00000,0.00076
4.62,8.38,0.0945,0.0000,0.00000,0.00366
4.88,8.38,0.3274,0.0000,0.00000,0.01311
5.12,8.38,0.8495,0.0000,0.00000,0.03547
5.38,8.38,1.3690,0.0000,0.00000,0.05785
5.62,8.38,1.3448,0.0000,0.00000,0.05482
5.88,8.38,1.3049,0.0000,0.00000,0.04663
6.12,8.38,1.6807,0.0000,0.00000,0.05374
6.38,8.38,1.6924,0.0000,0.00000,0.05128
6.62,8.38,1.4024,0.0000,0.00000,0.03978
6.88,8.38,1.7136,0.0000,0.00000,0.04572
7.12,8.38,1.9014,0.0000,0.00000,0.05005
7.38,8.38,1.3042,0.0000,0.00000,0.03429
11.12,8.38,0.0301,0.0000,0.00000,0.00008
11.38,8.38,0.1111,0.0000,0.00000,0.00028
11.62,8.38,0.3357,0.0000,0.00000,0.00087
11.88,8.38,0.7400,0.0000,0.00000,0.00195
12.12,8.38,1.1194,0.0000,0.00000,0.00290
2.62,8.62,0.0000,0.0000,0.00000,0.00000
2.88,8.62,0.0000,0.0000,0.00000,0.00000
3.12,8.62,0.0000,0.0000,0.00000,0.00000
3.38,8.62,0.0000,0.0000,0.00000,0.00000
3.62,8.62,0.0000,0.0000,0.00000,0.00000
3.88,8.62,0.0002,0.0000,0.00000,0.00001
4.12,8.62,0.0027,0.0000,0.00000,0.00010
4.38,8.62,0.0236,0.0000,0.00000,0.00094
4.62,8.62,0.1136,0.0000,0.00000,0.00462
4.88,8.62,0.3689,0.0000,0.00000,0.01492
5.12,8.62,0.9105,0.0000,0.00000,0.03666
5.38,8.62,1.4464,0.0000,0.00000,0.05811
5.62,8.62,1.4143,0.0000,0.00000,0.05486
5.88,8.62,1.3320,0.0000,0.00000,0.04509
6.12,8.62,1.7071,0.0000,0.00000,0.05066
6.38,8.62,1.7583,0.0000,0.00000,0.04971
6.62,8.62,1.4162,0.0000,0.00000,0.03868
6.88,8.62,1.7014,0.0000,0.00000,0.04465
7.12,8.62,1.9636,0.0000,0.00000,0.05075
7.38,8.62,1.3853,0.0000,0.00000,0.03565
10.88,8.62,0.0320,0.0000,0.00000,0.00010
11.12,8.62,0.1164,0.0000,0.00000,0.00031
11.38,8.62,0.3357,0.0000,0.00000,0.00084
11.62,8.62,0.7153,0.0000,0.00000,0.00178
11.88,8.62,1.0692,0.0000,0.00000,0.00270
12.12,8.62,1.1188,0.0000,0.00000,0.00280
12.38,8.62,0.8920,0.0000,0.00000,0.00209
2.62,8.88,0.0000,0.0000,0.00000,0.00000
2.88,8.88,0.0000,0.0000,0.00000,0.00000
3.12,8.88,0.0000,0.0000,0.00000,0.00000
3.38,8.88,0.0000,0.0000,0.00000,0.00000
3.62,8.88,0.0000,0.0000,0.00000,0.00000
3.88,8.88,0.0002,0.0000,0.00000,0.00001
4.12,8.88,0.0033,0.0000,0.00000,0.00011
4.38,8.88,0.0288,0.0000,0.00000,0.00114
4.62,8.88,0.1364,0.0000,0.00000,0.00577
4.88,8.88,0.4184,0.0000,0.00000,0.01713
5.12,8.88,0.9707,0.0000,0.00000,0.03785
5.38,8.88,1.5130,0.0000,0.00000,0.05798
5.62,8.88,1.4859,0.0000,0.00000,0.05558
5.88,8.88,1.3581,0.0000,0.00000,0.04519
6.12,8.88,1.7182,0.0000,0.00000,0.04965
6.38,8.88,1.8080,0.0000,0.00000,0.04971
6.62,8.88,1.4245,0.0000,0.00000,0.03844
6.88,8.88,1.6918,0.0000,0.00000,0.04378
7.12,8.88,2.0261,0.0000,0.00000,0.05094
7.38,8.88,1.4642,0.0000,0.00000,0.03640
10.62,8.88,0.0331,0.0000,0.00000,0.00012
10.88,8.88,0.1196,0.0000,0.00000,0.00039
11.12,8.88,0.3462,0.0000,0.00000,0.00100
11.38,8.88,0.7242,0.0000,0.00000,0.00187
11.62,8.88,1.0584,0.0000,0.00000,0.00256
11.88,8.88,1.1082,0.0000,0.00000,0.00264
12.12,8.88,0.8967,0.0000,0.00000,0.00214
12.38,8.88,0.6866,0.0000,0.00000,0.00159
12.62,8.88,0.6468,0.0000,0.00000,0.00145
2.62,9.12,0.0000,0.0000,0.00000,0.00000
2.88,9.12,0.0000,0.0000,0.00000,0.00000
3.12,9.12,0.0000,0.0000,0.00000,0.00000
3.38,9.12,0.0000,0.0000,0.00000,0.00000
3.62,9.12,0.0000,0.0000,0.00000,0.00000
3.88,9.12,0.0003,0.0000,0.00000,0.00001
4.12,9.12,0.0043,0.0000,0.00000,0.00014
4.38,9.12,0.0368,0.0000,0.00000,0.00144
4.62,9.12,0.1672,0.0000,0.00000,0.00711
4.88,9.12,0.4723,0.0000,0.00000,0.01952
5.12,9.12,1.0033,0.0000,0.00000,0.03850
5.38,9.12,1.5296,0.0000,0.00000,0.05651
5.62,9.12,1.5415,0.0000,0.00000,0.05583
5.88,9.12,1.3968,0.0000,0.00000,0.04573
6.12,9.12,1.7334,0.0000,0.00000,0.04909
6.38,9.12,1.8463,0.0000,0.00000,0.04988
6.62,9.12,1.4313,0.0000,0.00000,0.03883
6.88,9.12,1.6880,0.0000,0.00000,0.04475
7.12,9.12,2.0857,0.0000,0.00000,0.05362
7.38,9.12,1.5367,0.0000,0.00000,0.03898
10.38,9.12,0.0324,0.0000,0.00000,0.00012
10.62,9.12,0.1207,0.0000,0.00000,0.00043
10.88,9.12,0.3493,0.0000,0.00000,0.00116
11.12,9.12,0.7280,0.0000,0.00000,0.00220
11.38,9.12,1.0613,0.0000,0.00000,0.00286
11.62,9.12,1.1061,0.0000,0.00000,0.00270
11.88,9.12,0.9025,0.0000,0.00000,0.00212
12.12,9.12,0.7020,0.0000,0.00000,0.00172
12.38,9.12,0.6672,0.0000,0.00000,0.00167
12.62,9.12,0.7613,0.0000,0.00000,0.00186
12.88,9.12,0.8587,0.0000,0.00000,0.00204
2.62,9.38,0.0000,0.0000,0.00000,0.00000
2.88,9.38,0.0000,0.0000,0.00000,0.00000
3.12,9.38,0.0000,0.0000,0.00000,0.00000
3.38,9.38,0.0000,0.0000,0.00000,0.00000
3.62,9.38,0.0000,0.0000,0.00000,0.00000
3.88,9.38,0.0003,0.0000,0.00000,0.00001
4.12,9.38,0.0057,0.0000,0.00000,0.00021
4.38,9.38,0.0484,0.0000,0.00000,0.00203
4.62,9.38,0.2118,0.0000,0.00000,0.00941
4.88,9.38,0.5434,0.0000,0.00000,0.02329
5.12,9.38,1.0347,0.0000,0.00000,0.03991
5.38,9.38,1.5334,0.0000,0.00000,0.05469
5.62,9.38,1.5919,0.0000,0.00000,0.05485
5.88,9.38,1.4343,0.0000,0.00000,0.04572
6.12,9.38,1.7487,0.0000,0.00000,0.04948
6.38,9.38,1.8971,0.0000,0.00000,0.05179
6.62,9.38,1.4530,0.0000,0.00000,0.04054
6.88,9.38,1.6939,0.0000,0.00000,0.04763
7.12,9.38,2.1506,0.0000,0.00000,0.05934
7.38,9.38,1.6113,0.0000,0.00000,0.04405
10.12,9.38,0.0342,0.0000,0.00000,0.00016
10.38,9.38,0.1179,0.0000,0.00000,0.00047
10.62,9.38,0.3423,0.0000,0.00000,0.00124
10.88,9.38,0.7276,0.0000,0.00000,0.00245
11.12,9.38,1.0607,0.0000,0.00000,0.00328
11.38,9.38,1.0936,0.0000,0.00000,0.00305
11.62,9.38,0.8917,0.0000,0.00000,0.00227
11.88,9.38,0.7028,0.0000,0.00000,0.00180
12.12,9.38,0.6705,0.0000,0.00000,0.00181
12.38,9.38,0.7699,0.0000,0.00000,0.00205
12.62,9.38,0.8712,0.0000,0.00000,0.00219
12.88,9.38,0.8728,0.0000,0.00000,0.00206
13.12,9.38,0.7940,0.0000,0.00000,0.00174
2.62,9.62,0.0000,0.0000,0.00000,0.00000
2.88,9.62,0.0000,0.0000,0.00000,0.00000
3.12,9.62,0.0000,0.0000,0.00000,0.00000
3.38,9.62,0.0000,0.0000,0.00000,0.00000
3.62,9.62,0.0000,0.0000,0.00000,0.00000
3.88,9.62,0.0005,0.0000,0.00000,0.00002
4.12,9.62,0.0079,0.0000,0.00000,0.00032
4.38,9.62,0.0648,0.0000,0.00000,0.00286
4.62,9.62,0.2709,0.0000,0.00000,0.01240
4.88,9.62,0.6309,0.0000,0.00000,0.02771
5.12,9.62,1.0714,0.0000,0.00000,0.04160
5.38,9.62,1.5456,0.0000,0.00000,0.05363
5.62,9.62,1.6539,0.0000,0.00000,0.05485
5.88,9.62,1.4675,0.0000,0.00000,0.04644
6.12,9.62,1.7552,0.0000,0.00000,0.05055
6.38,9.62,1.9573,0.0000,0.00000,0.05470
6.62,9.62,1.4894,0.0000,0.00000,0.04346
6.88,9.62,1.7058,0.0000,0.00000,0.05167
7.12,9.62,2.2125,0.0000,0.00000,0.06577
7.38,9.62,1.6810,0.0000,0.00000,0.04936
9.88,9.62,0.0364,0.0000,0.00000,0.00019
10.12,9.62,0.1264,0.0000,0.00000,0.00060
10.38,9.62,0.3466,0.0000,0.00000,0.00145
10.62,9.62,0.7126,0.0000,0.00000,0.00265
10.88,9.62,1.0532,0.0000,0.00000,0.00359
11.12,9.62,1.1090,0.0000,0.00000,0.00351
11.38,9.62,0.8998,0.0000,0.00000,0.00266
11.62,9.62,0.7017,0.0000,0.00000,0.00196
11.88,9.62,0.6756,0.0000,0.00000,0.00188
12.12,9.62,0.7711,0.0000,0.00000,0.00214
12.38,9.62,0.8674,0.0000,0.00000,0.00229
12.62,9.62,0.8763,0.0000,0.00000,0.00216
12.88,9.62,0.7949,0.0000,0.00000,0.00184
13.12,9.62,0.7013,0.0000,0.00000,0.00150
13.38,9.62,0.6433,0.0000,0.00000,0.00130
2.62,9.88,0.0000,0.0000,0.00000,0.00000
2.88,9.88,0.0000,0.0000,0.00000,0.00000
3.12,9.88,0.0000,0.0000,0.00000,0.00000
3.38,9.88,0.0000,0.0000,0.00000,0.00000
3.62,9.88,0.0000,0.0000,0.00000,0.00000
3.88,9.88,0.0008,0.0000,0.00000,0.00003
4.12,9.88,0.0119,0.0000,0.00000,0.00049
4.38,9.88,0.0889,0.0000,0.00000,0.00395
4.62,9.88,0.3451,0.0000,0.00000,0.01571
4.88,9.88,0.7300,0.0000,0.00000,0.03214
5.12,9.88,1.1083,0.0000,0.00000,0.04351
5.38,9.88,1.5567,0.0000,0.00000,0.05408
5.62,9.88,1.7195,0.0000,0.00000,0.05728
5.88,9.88,1.5021,0.0000,0.00000,0.04881
6.12,9.88,1.7586,0.0000,0.00000,0.05269
6.38,9.88,2.0167,0.0000,0.00000,0.05887
6.62,9.88,1.5302,0.0000,0.00000,0.04743
6.88,9.88,1.7110,0.0000,0.00000,0.05592
7.12,9.88,2.2502,0.0000,0.00000,0.07158
7.38,9.88,1.7281,0.0000,0.00000,0.05400
9.62,9.88,0.0361,0.0000,0.00000,0.00020
9.88,9.88,0.1253,0.0000,0.00000,0.00066
10.12,9.88,0.3513,0.0000,0.00000,0.00173
10.38,9.88,0.7207,0.0000,0.00000,0.00315
10.62,9.88,1.0433,0.0000,0.00000,0.00406
10.88,9.88,1.0964,0.0000,0.00000,0.00395
11.12,9.88,0.9095,0.0000,0.00000,0.00313
11.38,9.88,0.7143,0.0000,0.00000,0.00242
11.62,9.88,0.6771,0.0000,0.00000,0.00212
11.88,9.88,0.7778,0.0000,0.00000,0.00228
12.12,9.88,0.8815,0.0000,0.00000,0.00247
12.38,9.88,0.8874,0.0000,0.00000,0.00231
12.62,9.88,0.8061,0.0000,0.00000,0.00195
12.88,9.88,0.7057,0.0000,0.00000,0.00163
13.12,9.88,0.6386,0.0000,0.00000,0.00139
13.38,9.88,0.5930,0.0000,0.00000,0.00119
13.62,9.88,0.5165,0.0000,0.00000,0.00095
2.62,10.12,0.0000,0.0000,0.00000,0.00000
2.88,10.12,0.0000,0.0000,0.00000,0.00000
3.12,10.12,0.0000,0.0000,0.00000,0.00000
3.38,10.12,0.0000,0.0000,0.00000,0.00000
3.62,10.12,0.0001,0.0000,0.00000,0.00000
3.88,10.12,0.0013,0.0000,0.00000,0.00004
4.12,10.12,0.0165,0.0000,0.00000,0.00066
4.38,10.12,0.1139,0.0000,0.00000,0.00495
4.62,10.12,0.4178,0.0000,0.00000,0.01836
4.88,10.12,0.8245,0.0000,0.00000,0.03546
5.12,10.12,1.1358,0.0000,0.00000,0.04494
5.38,10.12,1.5429,0.0000,0.00000,0.05450
5.62,10.12,1.7588,0.0000,0.00000,0.05943
5.88,10.12,1.5368,0.0000,0.00000,0.05117
6.12,10.12,1.7730,0.0000,0.00000,0.05587
6.38,10.12,2.0813,0.0000,0.00000,0.06428
6.62,10.12,1.5767,0.0000,0.00000,0.05172
6.88,10.12,1.7241,0.0000,0.00000,0.06101
7.12,10.12,2.2957,0.0000,0.00000,0.08018
7.38,10.12,1.7806,0.0000,0.00000,0.06139
9.38,10.12,0.0360,0.0000,0.00000,0.00026
9.62,10.12,0.1257,0.0000,0.00000,0.00079
9.88,10.12,0.3481,0.0000,0.00000,0.00205
10.12,10.12,0.7111,0.0000,0.00000,0.00385
10.38,10.12,1.0354,0.0000,0.00000,0.00499
10.62,10.12,1.0917,0.0000,0.00000,0.00485
10.88,10.12,0.9046,0.0000,0.00000,0.00399
11.12,10.12,0.7132,0.0000,0.00000,0.00306
11.38,10.12,0.6782,0.0000,0.00000,0.00273
11.62,10.12,0.7710,0.0000,0.00000,0.00279
11.88,10.12,0.8743,0.0000,0.00000,0.00284
12.12,10.12,0.8880,0.0000,0.00000,0.00262
12.38,10.12,0.8149,0.0000,0.00000,0.00216
12.62,10.12,0.7209,0.0000,0.00000,0.00177
12.88,10.12,0.6463,0.0000,0.00000,0.00152
13.12,10.12,0.5901,0.0000,0.00000,0.00128
13.38,10.12,0.5263,0.0000,0.00000,0.00104
13.62,10.12,0.4168,0.0000,0.00000,0.00075
13.88,10.12,0.2867,0.0000,0.00000,0.00050
2.62,10.38,0.0000,0.0000,0.00000,0.00000
2.88,10.38,0.0000,0.0000,0.00000,0.00000
3.12,10.38,0.0000,0.0000,0.00000,0.00000
3.38,10.38,0.0000,0.0000,0.00000,0.00000
3.62,10.38,0.0001,0.0000,0.00000,0.00000
3.88,10.38,0.0017,0.0000,0.00000,0.00005
4.12,10.38,0.0203,0.0000,0.00000,0.00076
4.38,10.38,0.1338,0.0000,0.00000,0.00533
4.62,10.38,0.4731,0.0000,0.00000,0.01906
4.88,10.38,0.8980,0.0000,0.00000,0.03646
5.12,10.38,1.1595,0.0000,0.00000,0.04598
5.38,10.38,1.5268,0.0000,0.00000,0.05541
5.62,10.38,1.7965,0.0000,0.00000,0.06172
5.88,10.38,1.5912,0.0000,0.00000,0.05403
6.12,10.38,1.7905,0.0000,0.00000,0.05859
6.38,10.38,2.1164,0.0000,0.00000,0.06749
6.62,10.38,1.6074,0.0000,0.00000,0.05418
6.88,10.38,1.7382,0.0000,0.00000,0.06605
7.12,10.38,2.3373,0.0000,0.00000,0.09009
7.38,10.38,1.8268,0.0000,0.00000,0.07004
9.12,10.38,0.0342,0.0000,0.00000,0.00038
9.38,10.38,0.1224,0.0000,0.00000,0.00114
9.62,10.38,0.3454,0.0000,0.00000,0.00271
9.88,10.38,0.7108,0.0000,0.00000,0.00491
10.12,10.38,1.0328,0.0000,0.00000,0.00655
10.38,10.38,1.0877,0.0000,0.00000,0.00642
10.62,10.38,0.9094,0.0000,0.00000,0.00527
10.88,10.38,0.7208,0.0000,0.00000,0.00426
11.12,10.38,0.6790,0.0000,0.00000,0.00348
11.38,10.38,0.7729,0.0000,0.00000,0.00335
11.62,10.38,0.8771,0.0000,0.00000,0.00348
11.88,10.38,0.8901,0.0000,0.00000,0.00323
12.12,10.38,0.8103,0.0000,0.00000,0.00265
12.38,10.38,0.7157,0.0000,0.00000,0.00210
12.62,10.38,0.6516,0.0000,0.00000,0.00174
12.88,10.38,0.5965,0.0000,0.00000,0.00142
13.12,10.38,0.5212,0.0000,0.00000,0.00110
13.38,10.38,0.4227,0.0000,0.00000,0.00082
13.62,10.38,0.2960,0.0000,0.00000,0.00053
13.88,10.38,0.1851,0.0000,0.00000,0.00034
14.12,10.38,0.1200,0.0000,0.00000,0.00026
2.62,10.62,0.0000,0.0000,0.00000,0.00000
2.88,10.62,0.0000,0.0000,0.00000,0.00000
3.12,10.62,0.0000,0.0000,0.00000,0.00000
3.38,10.62,0.0000,0.0000,0.00000,0.00000
3.62,10.62,0.0001,0.0000,0.00000,0.00000
3.88,10.62,0.0022,0.0000,0.00000,0.00007
4.12,10.62,0.0245,0.0000,0.00000,0.00091
4.38,10.62,0.1519,0.0000,0.00000,0.00579
4.62,10.62,0.5144,0.0000,0.00000,0.01965
4.88,10.62,0.9511,0.0000,0.00000,0.03755
5.12,10.62,1.1806,0.0000,0.00000,0.04805
5.38,10.62,1.5137,0.0000,0.00000,0.05790
5.62,10.62,1.8339,0.0000,0.00000,0.06604
5.88,10.62,1.6552,0.0000,0.00000,0.05934
6.12,10.62,1.8055,0.0000,0.00000,0.06337
6.38,10.62,2.1341,0.0000,0.00000,0.07277
6.62,10.62,1.6350,0.0000,0.00000,0.05826
6.88,10.62,1.7482,0.0000,0.00000,0.07099
7.12,10.62,2.3573,0.0000,0.00000,0.09813
7.38,10.62,1.8515,0.0000,0.00000,0.07684
8.88,10.62,0.0326,0.0000,0.00000,0.00043
9.12,10.62,0.1159,0.0000,0.00000,0.00143
9.38,10.62,0.3331,0.0000,0.00000,0.00376
9.62,10.62,0.6983,0.0000,0.00000,0.00693
9.88,10.62,1.0297,0.0000,0.00000,0.00879
10.12,10.62,1.0982,0.0000,0.00000,0.00837
10.38,10.62,0.9200,0.0000,0.00000,0.00683
10.62,10.62,0.7297,0.0000,0.00000,0.00541
10.88,10.62,0.6906,0.0000,0.00000,0.00460
11.12,10.62,0.7764,0.0000,0.00000,0.00413
11.38,10.62,0.8772,0.0000,0.00000,0.00392
11.62,10.62,0.8948,0.0000,0.00000,0.00367
11.88,10.62,0.8187,0.0000,0.00000,0.00314
12.12,10.62,0.7139,0.0000,0.00000,0.00254
12.38,10.62,0.6395,0.0000,0.00000,0.00207
12.62,10.62,0.5873,0.0000,0.00000,0.00169
12.88,10.62,0.5199,0.0000,0.00000,0.00126
13.12,10.62,0.4166,0.0000,0.00000,0.00088
13.38,10.62,0.2957,0.0000,0.00000,0.00059
13.62,10.62,0.1847,0.0000,0.00000,0.00036
13.88,10.62,0.1200,0.0000,0.00000,0.00026
14.12,10.62,0.0975,0.0000,0.00000,0.00025
14.38,10.62,0.0890,0.0000,0.00000,0.00022
2.62,10.88,0.0000,0.0000,0.00000,0.00000
2.88,10.88,0.0000,0.0000,0.00000,0.00000
3.12,10.88,0.0000,0.0000,0.00000,0.00000
3.38,10.88,0.0000,0.0000,0.00000,0.00000
3.62,10.88,0.0002,0.0000,0.00000,0.00001
3.88,10.88,0.0032,0.0000,0.00000,0.00012
4.12,10.88,0.0300,0.0000,0.00000,0.00113
4.38,10.88,0.1671,0.0000,0.00000,0.00637
4.62,10.88,0.5436,0.0000,0.00000,0.02078
4.88,10.88,0.9950,0.0000,0.00000,0.03977
5.12,10.88,1.2031,0.0000,0.00000,0.05085
5.38,10.88,1.4867,0.0000,0.00000,0.06062
5.62,10.88,1.8380,0.0000,0.00000,0.07116
5.88,10.88,1.7008,0.0000,0.00000,0.06625
6.12,10.88,1.8217,0.0000,0.00000,0.07128
6.38,10.88,2.1678,0.0000,0.00000,0.08373
6.62,10.88,1.6872,0.0000,0.00000,0.06805
6.88,10.88,1.7836,0.0002,0.00001,0.08111
7.12,10.88,2.4032,0.0030,0.00007,0.11195
7.38,10.88,1.8943,0.0184,0.00040,0.08801
8.62,10.88,0.0315,0.0000,0.00000,0.00062
8.88,10.88,0.1120,0.0000,0.00000,0.00168
9.12,10.88,0.3179,0.0000,0.00000,0.00408
9.38,10.88,0.6730,0.0000,0.00000,0.00819
9.62,10.88,1.0142,0.0000,0.00000,0.01202
9.88,10.88,1.0978,0.0000,0.00000,0.01209
10.12,10.88,0.9351,0.0000,0.00000,0.00888
10.38,10.88,0.7483,0.0000,0.00000,0.00635
10.62,10.88,0.7000,0.0000,0.00000,0.00553
10.88,10.88,0.7891,0.0000,0.00000,0.00552
11.12,10.88,0.8892,0.0000,0.00000,0.00537
11.38,10.88,0.9020,0.0000,0.00000,0.00479
11.62,10.88,0.8237,0.0000,0.00000,0.00390
11.88,10.88,0.7183,0.0000,0.00000,0.00305
12.12,10.88,0.6390,0.0000,0.00000,0.00244
12.38,10.88,0.5808,0.0000,0.00000,0.00195
12.62,10.88,0.5094,0.0000,0.00000,0.00149
12.88,10.88,0.4097,0.0000,0.00000,0.00103
13.12,10.88,0.2912,0.0000,0.00000,0.00067
13.38,10.88,0.1871,0.0000,0.00000,0.00044
13.62,10.88,0.1201,0.0000,0.00000,0.00029
13.88,10.88,0.0973,0.0000,0.00000,0.00024
14.12,10.88,0.0947,0.0000,0.00000,0.00024
14.38,10.88,0.0822,0.0000,0.00000,0.00020
14.62,10.88,0.0591,0.0000,0.00000,0.00013
2.62,11.12,0.0000,0.0000,0.00000,0.00000
2.88,11.12,0.0000,0.0000,0.00000,0.00000
3.12,11.12,0.0000,0.0000,0.00000,0.00000
3.38,11.12,0.0000,0.0000,0.00000,0.00000
3.62,11.12,0.0003,0.0000,0.00000,0.00001
3.88,11.12,0.0043,0.0000,0.00000,0.00016
4.12,11.12,0.0353,0.0000,0.00000,0.00134
4.38,11.12,0.1779,0.0000,0.00000,0.00683
4.62,11.12,0.5605,0.0000,0.00000,0.02168
4.88,11.12,1.0318,0.0000,0.00000,0.04166
5.12,11.12,1.2368,0.0000,0.00000,0.05340
5.38,11.12,1.4706,0.0000,0.00000,0.06439
5.62,11.12,1.8412,0.0000,0.00000,0.07918
5.88,11.12,1.7529,0.0000,0.00000,0.07695
6.12,11.12,1.8382,0.0000,0.00000,0.08431
6.38,11.12,2.1800,0.0000,0.00000,0.10177
6.62,11.12,1.7254,0.0002,0.00001,0.08431
6.88,11.12,1.8152,0.0078,0.00017,0.09620
7.12,11.12,2.4390,0.1009,0.00221,0.13062
7.38,11.12,1.9251,0.6044,0.01323,0.10228
8.38,11.12,0.0303,0.0122,0.00027,0.00089
8.62,11.12,0.1079,0.0003,0.00001,0.00268
8.88,11.12,0.3112,0.0000,0.00000,0.00603
9.12,11.12,0.6597,0.0000,0.00000,0.01011
9.38,11.12,0.9955,0.0000,0.00000,0.01346
9.62,11.12,1.0969,0.0000,0.00000,0.01491
9.88,11.12,0.9474,0.0000,0.00000,0.01342
10.12,11.12,0.7582,0.0000,0.00000,0.00956
10.38,11.12,0.7112,0.0000,0.00000,0.00728
10.62,11.12,0.7915,0.0000,0.00000,0.00733
10.88,11.12,0.8890,0.0000,0.00000,0.00796
11.12,11.12,0.9049,0.0000,0.00000,0.00785
11.38,11.12,0.8312,0.0000,0.00000,0.00675
11.62,11.12,0.7240,0.0000,0.00000,0.00493
11.88,11.12,0.6383,0.0000,0.00000,0.00342
12.12,11.12,0.5776,0.0000,0.00000,0.00255
12.38,11.12,0.5028,0.0000,0.00000,0.00188
12.62,11.12,0.3972,0.0000,0.00000,0.00131
12.88,11.12,0.2797,0.0000,0.00000,0.00086
13.12,11.12,0.1785,0.0000,0.00000,0.00054
13.38,11.12,0.1191,0.0000,0.00000,0.00036
13.62,11.12,0.0965,0.0000,0.00000,0.00027
13.88,11.12,0.0935,0.0000,0.00000,0.00023
14.12,11.12,0.0865,0.0000,0.00000,0.00020
14.38,11.12,0.0598,0.0000,0.00000,0.00013
14.62,11.12,0.0308,0.0000,0.00000,0.00006
14.88,11.12,0.0127,0.0000,0.00000,0.00002
2.62,11.38,0.0000,0.0000,0.00000,0.00000
2.88,11.38,0.0000,0.0000,0.00000,0.00000
3.12,11.38,0.0000,0.0000,0.00000,0.00000
3.38,11.38,0.0000,0.0000,0.00000,0.00000
3.62,11.38,0.0003,0.0000,0.00000,0.00001
3.88,11.38,0.0051,0.0000,0.00000,0.00020
4.12,11.38,0.0393,0.0000,0.00000,0.00153
4.38,11.38,0.1851,0.0000,0.00000,0.00727
4.62,11.38,0.5653,0.0000,0.00000,0.02230
4.88,11.38,1.0467,0.0000,0.00000,0.04278
5.12,11.38,1.2604,0.0000,0.00000,0.05569
5.38,11.38,1.4612,0.0000,0.00000,0.06984
5.62,11.38,1.8486,0.0000,0.00000,0.09038
5.88,11.38,1.8086,0.0000,0.00000,0.09114
6.12,11.38,1.8508,0.0000,0.00000,0.10211
6.38,11.38,2.1738,0.0000,0.00000,0.12735
6.62,11.38,1.7610,0.0029,0.00006,0.10939
6.88,11.38,1.8482,0.0956,0.00209,0.12263
7.12,11.38,2.4577,1.2258,0.02681,0.16326
7.38,11.38,1.9944,7.0894,0.15507,0.12613
8.12,11.38,0.0721,1.7965,0.03929,0.00397
8.38,11.38,0.1087,0.1106,0.00242,0.00415
8.62,11.38,0.3028,0.0030,0.00007,0.00933
8.88,11.38,0.6489,0.0000,0.00000,0.01713
9.12,11.38,0.9986,0.0000,0.00000,0.02159
9.38,11.38,1.1112,0.0000,0.00000,0.02035
9.62,11.38,0.9672,0.0000,0.00000,0.01708
9.88,11.38,0.7800,0.0000,0.00000,0.01462
10.12,11.38,0.7199,0.0000,0.00000,0.01248
10.38,11.38,0.7997,0.0000,0.00000,0.01148
10.62,11.38,0.8985,0.0000,0.00000,0.01113
10.88,11.38,0.9094,0.0000,0.00000,0.01095
11.12,11.38,0.8292,0.0000,0.00000,0.01036
11.38,11.38,0.7272,0.0000,0.00000,0.00866
11.62,11.38,0.6435,0.0000,0.00000,0.00597
11.88,11.38,0.5735,0.0000,0.00000,0.00387
12.12,11.38,0.4977,0.0000,0.00000,0.00270
12.38,11.38,0.3921,0.0000,0.00000,0.00183
12.62,11.38,0.2713,0.0000,0.00000,0.00126
12.88,11.38,0.1755,0.0000,0.00000,0.00096
13.12,11.38,0.1167,0.0000,0.00000,0.00068
13.38,11.38,0.0950,0.0000,0.00000,0.00041
13.62,11.38,0.0919,0.0000,0.00000,0.00027
13.88,11.38,0.0828,0.0000,0.00000,0.00020
14.12,11.38,0.0598,0.0000,0.00000,0.00013
14.38,11.38,0.0304,0.0000,0.00000,0.00006
14.62,11.38,0.0107,0.0000,0.00000,0.00002
14.88,11.38,0.0030,0.0000,0.00000,0.00001
15.12,11.38,0.0007,0.0000,0.00000,0.00000
2.62,11.62,0.0000,0.0000,0.00000,0.00000
2.88,11.62,0.0000,0.0000,0.00000,0.00000
3.12,11.62,0.0000,0.0000,0.00000,0.00000
3.38,11.62,0.0000,0.0000,0.00000,0.00000
3.62,11.62,0.0004,0.0000,0.00000,0.00002
3.88,11.62,0.0057,0.0000,0.00000,0.00026
4.12,11.62,0.0421,0.0000,0.00000,0.00183
4.38,11.62,0.1882,0.0000,0.00000,0.00800
4.62,11.62,0.5581,0.0000,0.00000,0.02377
4.88,11.62,1.0406,0.0000,0.00000,0.04582
5.12,11.62,1.2671,0.0000,0.00000,0.06038
5.38,11.62,1.4315,0.0000,0.00000,0.07641
5.62,11.62,1.8146,0.0000,0.00000,0.10136
5.88,11.62,1.8289,0.0000,0.00000,0.10541
6.12,11.62,1.8276,0.0000,0.00000,0.11821
6.38,11.62,2.1310,0.0000,0.00000,0.15216
6.62,11.62,1.8367,0.0129,0.00028,0.14346
6.88,11.62,1.9288,0.4291,0.00936,0.16593
7.12,11.62,2.4735,5.4238,0.11831,0.21596
7.38,11.62,2.2569,28.6862,0.62571,0.17998
7.88,11.62,0.8418,33.5513,0.73156,0.07595
8.12,11.62,0.2609,6.0320,0.13142,0.03315
8.38,11.62,0.3263,0.4458,0.00967,0.02096
8.62,11.62,0.6539,0.0137,0.00028,0.02665
8.88,11.62,0.9936,0.0001,0.00000,0.03653
9.12,11.62,1.1188,0.0000,0.00000,0.03775
9.38,11.62,0.9911,0.0000,0.00000,0.03016
9.62,11.62,0.8007,0.0000,0.00000,0.02354
9.88,11.62,0.7387,0.0000,0.00000,0.02002
10.12,11.62,0.8064,0.0000,0.00000,0.01826
10.38,11.62,0.9010,0.0000,0.00000,0.01701
10.62,11.62,0.9215,0.0000,0.00000,0.01439
10.88,11.62,0.8445,0.0000,0.00000,0.01238
11.12,11.62,0.7265,0.0000,0.00000,0.01101
11.38,11.62,0.6354,0.0000,0.00000,0.00843
11.62,11.62,0.5682,0.0000,0.00000,0.00566
11.88,11.62,0.4849,0.0000,0.00000,0.00411
12.12,11.62,0.3793,0.0000,0.00000,0.00293
12.38,11.62,0.2645,0.0000,0.00000,0.00178
12.62,11.62,0.1676,0.0000,0.00000,0.00119
12.88,11.62,0.1151,0.0000,0.00000,0.00105
13.12,11.62,0.0956,0.0000,0.00000,0.00084
13.38,11.62,0.0918,0.0000,0.00000,0.00049
13.62,11.62,0.0851,0.0000,0.00000,0.00028
13.88,11.62,0.0608,0.0000,0.00000,0.00016
14.12,11.62,0.0307,0.0000,0.00000,0.00007
14.38,11.62,0.0108,0.0000,0.00000,0.00002
14.62,11.62,0.0027,0.0000,0.00000,0.00001
14.88,11.62,0.0005,0.0000,0.00000,0.00000
2.62,11.88,0.0000,0.0000,0.00000,0.00000
2.88,11.88,0.0000,0.0000,0.00000,0.00000
3.12,11.88,0.0000,0.0000,0.00000,0.00000
3.38,11.88,0.0000,0.0000,0.00000,0.00000
3.62,11.88,0.0004,0.0000,0.00000,0.00002
3.88,11.88,0.0059,0.0000,0.00000,0.00031
4.12,11.88,0.0424,0.0000,0.00000,0.00212
4.38,11.88,0.1843,0.0000,0.00000,0.00891
4.62,11.88,0.5428,0.0000,0.00000,0.02641
4.88,11.88,1.0331,0.0000,0.00000,0.05186
5.12,11.88,1.2803,0.0000,0.00000,0.06882
5.38,11.88,1.4012,0.0000,0.00000,0.08502
5.62,11.88,1.7586,0.0000,0.00000,0.11380
5.88,11.88,1.8345,0.0000,0.00000,0.12325
6.12,11.88,1.7706,0.0000,0.00000,0.13524
6.38,11.88,2.0245,0.0000,0.00000,0.17757
6.62,11.88,1.9229,0.0215,0.00046,0.18821
6.88,11.88,1.9651,0.7116,0.01541,0.21044
7.12,11.88,2.2945,8.8035,0.19057,0.26178
7.38,11.88,2.3000,42.0022,0.90900,0.28946
7.62,11.88,2.1664,73.9739,1.59981,0.34520
7.88,11.88,1.2377,43.1061,0.93044,0.29041
8.12,11.88,0.6044,9.0269,0.19368,0.16036
8.38,11.88,0.7361,0.7436,0.01547,0.08835
8.62,11.88,1.0418,0.0306,0.00046,0.06668
8.88,11.88,1.1415,0.0019,0.00000,0.06215
9.12,11.88,1.0007,0.0002,0.00000,0.05569
9.38,11.88,0.8165,0.0000,0.00000,0.04663
9.62,11.88,0.7520,0.0000,0.00000,0.04155
9.88,11.88,0.8233,0.0000,0.00000,0.03379
10.12,11.88,0.9163,0.0000,0.00000,0.02727
10.38,11.88,0.9218,0.0000,0.00000,0.02245
10.62,11.88,0.8413,0.0000,0.00000,0.01674
10.88,11.88,0.7344,0.0000,0.00000,0.01357
11.12,11.88,0.6373,0.0000,0.00000,0.01196
11.38,11.88,0.5567,0.0000,0.00000,0.00874
11.62,11.88,0.4718,0.0000,0.00000,0.00625
11.88,11.88,0.3632,0.0000,0.00000,0.00592
12.12,11.88,0.2488,0.0000,0.00000,0.00481
12.38,11.88,0.1581,0.0000,0.00000,0.00260
12.62,11.88,0.1042,0.0000,0.00000,0.00120
12.88,11.88,0.0881,0.0000,0.00000,0.00084
13.12,11.88,0.0897,0.0000,0.00000,0.00067
13.38,11.88,0.0844,0.0000,0.00000,0.00040
13.62,11.88,0.0627,0.0000,0.00000,0.00020
13.88,11.88,0.0331,0.0000,0.00000,0.00009
14.12,11.88,0.0118,0.0000,0.00000,0.00003
14.38,11.88,0.0029,0.0000,0.00000,0.00001
14.62,11.88,0.0006,0.0000,0.00000,0.00000
2.62,12.12,0.0000,0.0000,0.00000,0.00000
2.88,12.12,0.0000,0.0000,0.00000,0.00000
3.12,12.12,0.0000,0.0000,0.00000,0.00000
3.38,12.12,0.0000,0.0000,0.00000,0.00000
3.62,12.12,0.0003,0.0000,0.00000,0.00002
3.88,12.12,0.0051,0.0000,0.00000,0.00029
4.12,12.12,0.0374,0.0000,0.00000,0.00211
4.38,12.12,0.1679,0.0000,0.00000,0.00944
4.62,12.12,0.5136,0.0000,0.00000,0.02927
4.88,12.12,1.0155,0.0000,0.00000,0.05946
5.12,12.12,1.2941,0.0000,0.00000,0.08057
5.38,12.12,1.3843,0.0000,0.00000,0.09759
5.62,12.12,1.6981,0.0000,0.00000,0.13031
5.88,12.12,1.8395,0.0000,0.00000,0.14810
6.12,12.12,1.7370,0.0000,0.00000,0.16025
6.38,12.12,1.9064,0.0000,0.00000,0.20795
6.62,12.12,1.9386,0.0133,0.00028,0.23868
6.88,12.12,1.8662,0.4401,0.00933,0.24906
7.12,12.12,1.8971,5.3803,0.11405,0.28402
7.38,12.12,1.7957,24.4331,0.51694,0.38422
7.62,12.12,1.6422,40.9053,0.86108,0.57486
7.88,12.12,1.1875,24.9465,0.51779,0.59885
8.12,12.12,0.9807,5.7517,0.11418,0.41206
8.38,12.12,1.1524,0.5893,0.00934,0.23832
8.62,12.12,1.2112,0.0666,0.00028,0.14369
8.88,12.12,1.0433,0.0130,0.00000,0.10075
9.12,12.12,0.8376,0.0023,0.00000,0.07967
9.38,12.12,0.7763,0.0003,0.00000,0.07166
9.62,12.12,0.8415,0.0000,0.00000,0.06969
9.88,12.12,0.9219,0.0000,0.00000,0.05575
10.12,12.12,0.9361,0.0000,0.00000,0.04399
10.38,12.12,0.8468,0.0000,0.00000,0.03466
10.62,12.12,0.7202,0.0000,0.00000,0.02324
10.88,12.12,0.6257,0.0000,0.00000,0.01682
11.12,12.12,0.5496,0.0000,0.00000,0.01397
11.38,12.12,0.4592,0.0000,0.00000,0.00981
11.62,12.12,0.3486,0.0000,0.00000,0.00728
11.88,12.12,0.2370,0.0000,0.00000,0.00770
12.12,12.12,0.1499,0.0000,0.00000,0.00663
12.38,12.12,0.0995,0.0000,0.00000,0.00359
12.62,12.12,0.0794,0.0000,0.00000,0.00139
12.88,12.12,0.0805,0.0000,0.00000,0.00070
13.12,12.12,0.0817,0.0000,0.00000,0.00048
13.38,12.12,0.0649,0.0000,0.00000,0.00025
13.62,12.12,0.0358,0.0000,0.00000,0.00010
13.88,12.12,0.0132,0.0000,0.00000,0.00003
14.12,12.12,0.0034,0.0000,0.00000,0.00001
14.38,12.12,0.0007,0.0000,0.00000,0.00000
2.62,12.38,0.0000,0.0000,0.00000,0.00000
2.88,12.38,0.0000,0.0000,0.00000,0.00000
3.12,12.38,0.0000,0.0000,0.00000,0.00000
3.38,12.38,0.0000,0.0000,0.00000,0.00000
3.62,12.38,0.0002,0.0000,0.00000,0.00001
3.88,12.38,0.0036,0.0000,0.00000,0.00022
4.12,12.38,0.0285,0.0000,0.00000,0.00184
4.38,12.38,0.1403,0.0000,0.00000,0.00935
4.62,12.38,0.4569,0.0000,0.00000,0.03081
4.88,12.38,0.9420,0.0000,0.00000,0.06461
5.12,12.38,1.2482,0.0000,0.00000,0.09038
5.38,12.38,1.3352,0.0000,0.00000,0.10905
5.62,12.38,1.5899,0.0000,0.00000,0.14365
5.88,12.38,1.7864,0.0000,0.00000,0.17238
6.12,12.38,1.7102,0.0000,0.00000,0.19003
6.38,12.38,1.7884,0.0000,0.00000,0.23744
6.62,12.38,1.8560,0.0031,0.00006,0.28441
6.88,12.38,1.7418,0.1037,0.00208,0.29215
7.12,12.38,1.6456,1.2702,0.02537,0.29133
7.38,12.38,1.4625,5.7745,0.11381,0.35583
7.62,12.38,1.2926,9.8775,0.18778,0.55187
7.88,12.38,1.2019,6.6041,0.11381,0.68832
8.12,12.38,1.2480,1.9771,0.02537,0.58808
8.38,12.38,1.2672,0.4640,0.00208,0.39304
8.62,12.38,1.0979,0.1648,0.00006,0.24500
8.88,12.38,0.9029,0.0597,0.00000,0.16917
9.12,12.38,0.8279,0.0199,0.00000,0.12384
9.38,12.38,0.8881,0.0040,0.00000,0.09776
9.62,12.38,0.9659,0.0004,0.00000,0.08643
9.88,12.38,0.9407,0.0000,0.00000,0.07022
10.12,12.38,0.8464,0.0000,0.00000,0.06372
10.38,12.38,0.7284,0.0000,0.00000,0.05680
10.62,12.38,0.6214,0.0000,0.00000,0.03675
10.88,12.38,0.5341,0.0000,0.00000,0.02187
11.12,12.38,0.4379,0.0000,0.00000,0.01529
11.38,12.38,0.3263,0.0000,0.00000,0.00942
11.62,12.38,0.2189,0.0000,0.00000,0.00606
11.88,12.38,0.1387,0.0000,0.00000,0.00562
12.12,12.38,0.0941,0.0000,0.00000,0.00493
12.38,12.38,0.0779,0.0000,0.00000,0.00326
12.62,12.38,0.0756,0.0000,0.00000,0.00157
12.88,12.38,0.0753,0.0000,0.00000,0.00071
13.12,12.38,0.0607,0.0000,0.00000,0.00038
13.38,12.38,0.0357,0.0000,0.00000,0.00015
13.62,12.38,0.0148,0.0000,0.00000,0.00004
13.88,12.38,0.0042,0.0000,0.00000,0.00001
14.12,12.38,0.0009,0.0000,0.00000,0.00000
2.62,12.62,0.0000,0.0000,0.00000,0.00000
2.88,12.62,0.0000,0.0000,0.00000,0.00000
3.12,12.62,0.0000,0.0000,0.00000,0.00000
3.38,12.62,0.0000,0.0000,0.00000,0.00000
3.62,12.62,0.0001,0.0000,0.00000,0.00001
3.88,12.62,0.0018,0.0000,0.00000,0.00012
4.12,12.62,0.0178,0.0000,0.00000,0.00126
4.38,12.62,0.1027,0.0000,0.00000,0.00767
4.62,12.62,0.3658,0.0000,0.00000,0.02801
4.88,12.62,0.8018,0.0000,0.00000,0.06237
5.12,12.62,1.1353,0.0000,0.00000,0.09216
5.38,12.62,1.2624,0.0000,0.00000,0.11392
5.62,12.62,1.4703,0.0000,0.00000,0.15044
5.88,12.62,1.6836,0.0000,0.00000,0.19270
6.12,12.62,1.6610,0.0000,0.00000,0.22077
6.38,12.62,1.6771,0.0000,0.00000,0.26194
6.62,12.62,1.7412,0.0003,0.00001,0.31432
6.88,12.62,1.6687,0.0099,0.00017,0.33278
7.12,12.62,1.6038,0.1254,0.00208,0.31688
7.38,12.62,1.5420,0.6219,0.00933,0.32302
7.62,12.62,1.4547,1.3085,0.01539,0.42548
7.88,12.62,1.3616,1.3506,0.00933,0.56948
8.12,12.62,1.2708,0.8839,0.00208,0.59238
8.38,12.62,1.1259,0.5300,0.00017,0.47538
8.62,12.62,0.9660,0.3118,0.00001,0.34380
8.88,12.62,0.9279,0.1915,0.00000,0.26602
9.12,12.62,0.9676,0.0914,0.00000,0.19442
9.38,12.62,0.9960,0.0223,0.00000,0.12836
9.62,12.62,0.9737,0.0035,0.00000,0.09126
9.88,12.62,0.8590,0.0005,0.00000,0.07105
10.12,12.62,0.7160,0.0000,0.00000,0.07015
10.38,12.62,0.6056,0.0000,0.00000,0.06815
10.62,12.62,0.5218,0.0000,0.00000,0.04449
10.88,12.62,0.4252,0.0000,0.00000,0.02388
11.12,12.62,0.3055,0.0000,0.00000,0.01444
11.38,12.62,0.1992,0.0000,0.00000,0.00841
11.62,12.62,0.1282,0.0000,0.00000,0.00472
11.88,12.62,0.0894,0.0000,0.00000,0.00317
12.12,12.62,0.0750,0.0000,0.00000,0.00301
12.38,12.62,0.0746,0.0000,0.00000,0.00299
12.62,12.62,0.0732,0.0000,0.00000,0.00189
12.88,12.62,0.0614,0.0000,0.00000,0.00076
13.12,12.62,0.0361,0.0000,0.00000,0.00026
13.38,12.62,0.0141,0.0000,0.00000,0.00008
13.62,12.62,0.0042,0.0000,0.00000,0.00002
13.88,12.62,0.0010,0.0000,0.00000,0.00000
2.62,12.88,0.0000,0.0000,0.00000,0.00000
2.88,12.88,0.0000,0.0000,0.00000,0.00000
3.12,12.88,0.0000,0.0000,0.00000,0.00000
3.38,12.88,0.0000,0.0000,0.00000,0.00000
3.62,12.88,0.0000,0.0000,0.00000,0.00000
3.88,12.88,0.0007,0.0000,0.00000,0.00005
4.12,12.88,0.0090,0.0000,0.00000,0.00066
4.38,12.88,0.0639,0.0000,0.00000,0.00505
4.62,12.88,0.2592,0.0000,0.00000,0.02163
4.88,12.88,0.6270,0.0000,0.00000,0.05360
5.12,12.88,0.9799,0.0000,0.00000,0.08655
5.38,12.88,1.1709,0.0000,0.00000,0.11321
5.62,12.88,1.3614,0.0000,0.00000,0.15225
5.88,12.88,1.5689,0.0000,0.00000,0.20413
6.12,12.88,1.5881,0.0000,0.00000,0.23991
6.38,12.88,1.5563,0.0000,0.00000,0.26729
6.62,12.88,1.5980,0.0000,0.00000,0.30459
6.88,12.88,1.5791,0.0005,0.00001,0.32505
7.12,12.88,1.5160,0.0093,0.00006,0.31126
7.38,12.88,1.4671,0.0792,0.00028,0.30758
7.62,12.88,1.3974,0.3204,0.00046,0.38361
7.88,12.88,1.2659,0.6248,0.00028,0.52694
8.12,12.88,1.1337,0.6813,0.00006,0.59490
8.38,12.88,1.0447,0.5407,0.00001,0.51935
8.62,12.88,1.0075,0.4303,0.00000,0.43609
8.88,12.88,1.0427,0.3783,0.00000,0.38759
9.12,12.88,1.0544,0.2201,0.00000,0.29903
9.38,12.88,0.9608,0.0834,0.00000,0.18677
9.62,12.88,0.8372,0.0281,0.00000,0.11080
9.88,12.88,0.7113,0.0056,0.00000,0.07239
10.12,12.88,0.5877,0.0004,0.00000,0.05964
10.38,12.88,0.4832,0.0000,0.00000,0.05299
10.62,12.88,0.3876,0.0000,0.00000,0.03789
10.88,12.88,0.2836,0.0000,0.00000,0.02380
11.12,12.88,0.1818,0.0000,0.00000,0.01479
11.38,12.88,0.1139,0.0000,0.00000,0.00877
11.62,12.88,0.0838,0.0000,0.00000,0.00458
11.88,12.88,0.0749,0.0000,0.00000,0.00259
12.12,12.88,0.0750,0.0000,0.00000,0.00293
12.38,12.88,0.0742,0.0000,0.00000,0.00357
12.62,12.88,0.0608,0.0000,0.00000,0.00237
12.88,12.88,0.0380,0.0000,0.00000,0.00082
13.12,12.88,0.0165,0.0000,0.00000,0.00018
13.38,12.88,0.0047,0.0000,0.00000,0.00003
13.62,12.88,0.0010,0.0000,0.00000,0.00000
2.62,13.12,0.0000,0.0000,0.00000,0.00000
2.88,13.12,0.0000,0.0000,0.00000,0.00000
3.12,13.12,0.0000,0.0000,0.00000,0.00000
3.38,13.12,0.0000,0.0000,0.00000,0.00000
3.62,13.12,0.0000,0.0000,0.00000,0.00000
3.88,13.12,0.0002,0.0000,0.00000,0.00001
4.12,13.12,0.0037,0.0000,0.00000,0.00027
4.38,13.12,0.0324,0.0000,0.00000,0.00265
4.62,13.12,0.1553,0.0000,0.00000,0.01367
4.88,13.12,0.4341,0.0000,0.00000,0.03975
5.12,13.12,0.7747,0.0000,0.00000,0.07415
5.38,13.12,1.0178,0.0000,0.00000,0.10656
5.62,13.12,1.2091,0.0000,0.00000,0.14463
5.88,13.12,1.4147,0.0000,0.00000,0.19319
6.12,13.12,1.4913,0.0000,0.00000,0.23087
6.38,13.12,1.4476,0.0000,0.00000,0.25013
6.62,13.12,1.4470,0.0000,0.00000,0.26967
6.88,13.12,1.4606,0.0001,0.00000,0.28334
7.12,13.12,1.4066,0.0027,0.00000,0.27141
7.38,13.12,1.3200,0.0338,0.00000,0.26874
7.62,13.12,1.2501,0.1698,0.00000,0.34544
7.88,13.12,1.1753,0.3772,0.00000,0.48054
8.12,13.12,1.1287,0.4589,0.00000,0.53118
8.38,13.12,1.1238,0.4403,0.00000,0.48816
8.62,13.12,1.0972,0.4814,0.00000,0.49057
8.88,13.12,1.0395,0.4989,0.00000,0.50120
9.12,13.12,0.9477,0.3763,0.00000,0.41967
9.38,13.12,0.7966,0.2520,0.00000,0.28103
9.62,13.12,0.6565,0.1183,0.00000,0.16091
9.88,13.12,0.5507,0.0249,0.00000,0.09049
10.12,13.12,0.4494,0.0020,0.00000,0.05785
10.38,13.12,0.3444,0.0001,0.00000,0.04141
10.62,13.12,0.2433,0.0000,0.00000,0.03432
10.88,13.12,0.1613,0.0000,0.00000,0.02874
11.12,13.12,0.1054,0.0000,0.00000,0.01967
11.38,13.12,0.0759,0.0000,0.00000,0.01093
11.62,13.12,0.0679,0.0000,0.00000,0.00562
11.88,13.12,0.0706,0.0000,0.00000,0.00385
12.12,13.12,0.0715,0.0000,0.00000,0.00561
12.38,13.12,0.0619,0.0000,0.00000,0.00740
12.62,13.12,0.0396,0.0000,0.00000,0.00453
12.88,13.12,0.0176,0.0000,0.00000,0.00120
13.12,13.12,0.0056,0.0000,0.00000,0.00016
13.38,13.12,0.0013,0.0000,0.00000,0.00002
2.62,13.38,0.0000,0.0000,0.00000,0.00000
2.88,13.38,0.0000,0.0000,0.00000,0.00000
3.12,13.38,0.0000,0.0000,0.00000,0.00000
3.38,13.38,0.0000,0.0000,0.00000,0.00000
3.62,13.38,0.0000,0.0000,0.00000,0.00000
3.88,13.38,0.0001,0.0000,0.00000,0.00000
4.12,13.38,0.0011,0.0000,0.00000,0.00008
4.38,13.38,0.0124,0.0000,0.00000,0.00102
4.62,13.38,0.0737,0.0000,0.00000,0.00668
4.88,13.38,0.2526,0.0000,0.00000,0.02462
5.12,13.38,0.5382,0.0000,0.00000,0.05638
5.38,13.38,0.8005,0.0000,0.00000,0.09198
5.62,13.38,0.9896,0.0000,0.00000,0.12519
5.88,13.38,1.1724,0.0000,0.00000,0.16025
6.12,13.38,1.3183,0.0000,0.00000,0.19636
6.38,13.38,1.3579,0.0000,0.00000,0.22292
6.62,13.38,1.3565,0.0000,0.00000,0.23967
6.88,13.38,1.3615,0.0000,0.00000,0.24669
7.12,13.38,1.3421,0.0009,0.00000,0.23911
7.38,13.38,1.2894,0.0113,0.00000,0.23346
7.62,13.38,1.2438,0.0583,0.00000,0.26995
7.88,13.38,1.2033,0.1406,0.00000,0.34559
8.12,13.38,1.1669,0.2194,0.00000,0.38705
8.38,13.38,1.1162,0.3200,0.00000,0.40222
8.62,13.38,1.0077,0.4414,0.00000,0.45604
8.88,13.38,0.8616,0.5138,0.00000,0.49380
9.12,13.38,0.7282,0.5300,0.00000,0.44983
9.38,13.38,0.6050,0.4416,0.00000,0.33387
9.62,13.38,0.4978,0.2073,0.00000,0.19627
9.88,13.38,0.4038,0.0422,0.00000,0.10909
10.12,13.38,0.3074,0.0034,0.00000,0.07066
10.38,13.38,0.2120,0.0001,0.00000,0.04715
10.62,13.38,0.1356,0.0000,0.00000,0.03680
10.88,13.38,0.0907,0.0000,0.00000,0.03504
11.12,13.38,0.0721,0.0002,0.00000,0.02842
11.38,13.38,0.0659,0.0020,0.00000,0.01697
11.62,13.38,0.0648,0.0079,0.00000,0.00954
11.88,13.38,0.0636,0.0122,0.00000,0.00690
12.12,13.38,0.0548,0.0073,0.00000,0.00880
12.38,13.38,0.0383,0.0016,0.00000,0.01113
12.62,13.38,0.0194,0.0001,0.00000,0.00669
12.88,13.38,0.0066,0.0000,0.00000,0.00172
13.12,13.38,0.0016,0.0000,0.00000,0.00021
2.62,13.62,0.0000,0.0000,0.00000,0.00000
2.88,13.62,0.0000,0.0000,0.00000,0.00000
3.12,13.62,0.0000,0.0000,0.00000,0.00000
3.38,13.62,0.0000,0.0000,0.00000,0.00000
3.62,13.62,0.0000,0.0000,0.00000,0.00000
3.88,13.62,0.0000,0.0000,0.00000,0.00000
4.12,13.62,0.0003,0.0000,0.00000,0.00002
4.38,13.62,0.0036,0.0000,0.00000,0.00028
4.62,13.62,0.0272,0.0000,0.00000,0.00246
4.88,13.62,0.1172,0.0000,0.00000,0.01181
5.12,13.62,0.3049,0.0000,0.00000,0.03370
5.38,13.62,0.5319,0.0000,0.00000,0.06446
5.62,13.62,0.7130,0.0000,0.00000,0.09276
5.88,13.62,0.8625,0.0000,0.00000,0.11741
6.12,13.62,1.0280,0.0000,0.00000,0.14880
6.38,13.62,1.1598,0.0000,0.00000,0.18129
6.62,13.62,1.2138,0.0000,0.00000,0.20016
6.88,13.62,1.2161,0.0000,0.00000,0.20366
7.12,13.62,1.2034,0.0001,0.00000,0.20082
7.38,13.62,1.1730,0.0019,0.00000,0.19490
7.62,13.62,1.1320,0.0102,0.00000,0.19810
7.88,13.62,1.0707,0.0315,0.00000,0.22564
8.12,13.62,0.9893,0.0808,0.00000,0.26638
8.38,13.62,0.8867,0.1643,0.00000,0.31041
8.62,13.62,0.7580,0.2517,0.00000,0.35256
8.88,13.62,0.6256,0.3729,0.00000,0.36539
9.12,13.62,0.5176,0.4834,0.00000,0.34380
9.38,13.62,0.4239,0.3785,0.00000,0.26356
9.62,13.62,0.3329,0.1514,0.00000,0.15407
9.88,13.62,0.2470,0.0277,0.00000,0.08919
10.12,13.62,0.1737,0.0021,0.00000,0.06721
10.38,13.62,0.1174,0.0001,0.00000,0.05013
10.62,13.62,0.0795,0.0000,0.00000,0.03524
10.88,13.62,0.0617,0.0004,0.00000,0.03371
11.12,13.62,0.0601,0.0074,0.00000,0.03497
11.38,13.62,0.0619,0.0669,0.00000,0.02550
11.62,13.62,0.0592,0.2605,0.00000,0.01499
11.88,13.62,0.0502,0.4058,0.00000,0.00915
12.12,13.62,0.0344,0.2421,0.00000,0.00739
12.38,13.62,0.0189,0.0552,0.00000,0.00759
12.62,13.62,0.0081,0.0051,0.00000,0.00471
12.88,13.62,0.0024,0.0002,0.00000,0.00140
2.62,13.88,0.0000,0.0000,0.00000,0.00000
2.88,13.88,0.0000,0.0000,0.00000,0.00000
3.12,13.88,0.0000,0.0000,0.00000,0.00000
3.38,13.88,0.0000,0.0000,0.00000,0.00000
3.62,13.88,0.0000,0.0000,0.00000,0.00000
3.88,13.88,0.0000,0.0000,0.00000,0.00000
4.12,13.88,0.0000,0.0000,0.00000,0.00000
4.38,13.88,0.0008,0.0000,0.00000,0.00006
4.62,13.88,0.0076,0.0000,0.00000,0.00064
4.88,13.88,0.0398,0.0000,0.00000,0.00387
5.12,13.88,0.1283,0.0000,0.00000,0.01396
5.38,13.88,0.2742,0.0000,0.00000,0.03293
5.62,13.88,0.4236,0.0000,0.00000,0.05424
5.88,13.88,0.5449,0.0000,0.00000,0.07254
6.12,13.88,0.6715,0.0000,0.00000,0.09460
6.38,13.88,0.7993,0.0000,0.00000,0.11932
6.62,13.88,0.8812,0.0000,0.00000,0.13492
6.88,13.88,0.9096,0.0000,0.00000,0.13921
7.12,13.88,0.9090,0.0000,0.00000,0.14019
7.38,13.88,0.8838,0.0001,0.00000,0.13651
7.62,13.88,0.8414,0.0010,0.00000,0.13381
7.88,13.88,0.7697,0.0052,0.00000,0.14749
8.12,13.88,0.6816,0.0204,0.00000,0.18255
8.38,13.88,0.5972,0.0447,0.00000,0.23241
8.62,13.88,0.5096,0.0744,0.00000,0.26659
8.88,13.88,0.4158,0.1518,0.00000,0.24602
9.12,13.88,0.3307,0.2233,0.00000,0.20890
9.38,13.88,0.2520,0.1553,0.00000,0.15981
9.62,13.88,0.1785,0.0497,0.00000,0.09823
9.88,13.88,0.1191,0.0075,0.00000,0.05605
10.12,13.88,0.0836,0.0005,0.00000,0.04302
10.38,13.88,0.0668,0.0000,0.00000,0.03781
10.62,13.88,0.0563,0.0001,0.00000,0.02794
10.88,13.88,0.0515,0.0047,0.00000,0.02782
11.12,13.88,0.0543,0.0907,0.00000,0.03648
11.38,13.88,0.0543,0.8146,0.00000,0.03253
11.62,13.88,0.0455,3.1747,0.00000,0.01920
11.88,13.88,0.0320,4.9698,0.00000,0.00899
12.12,13.88,0.0175,3.0402,0.00000,0.00408
12.38,13.88,0.0079,0.7540,0.00000,0.00261
12.62,13.88,0.0033,0.0828,0.00000,0.00167
2.62,14.12,0.0000,0.0000,0.00000,0.00000
2.88,14.12,0.0000,0.0000,0.00000,0.00000
3.12,14.12,0.0000,0.0000,0.00000,0.00000
3.38,14.12,0.0000,0.0000,0.00000,0.00000
3.62,14.12,0.0000,0.0000,0.00000,0.00000
3.88,14.12,0.0000,0.0000,0.00000,0.00000
4.12,14.12,0.0000,0.0000,0.00000,0.00000
4.38,14.12,0.0001,0.0000,0.00000,0.00001
4.62,14.12,0.0014,0.0000,0.00000,0.00010
4.88,14.12,0.0091,0.0000,0.00000,0.00079
5.12,14.12,0.0375,0.0000,0.00000,0.00375
5.38,14.12,0.1009,0.0000,0.00000,0.01133
5.62,14.12,0.1857,0.0000,0.00000,0.02267
5.88,14.12,0.2653,0.0000,0.00000,0.03450
6.12,14.12,0.3416,0.0000,0.00000,0.04711
6.38,14.12,0.4157,0.0000,0.00000,0.05995
6.62,14.12,0.4764,0.0000,0.00000,0.06898
6.88,14.12,0.5199,0.0000,0.00000,0.07343
7.12,14.12,0.5448,0.0000,0.00000,0.07639
7.38,14.12,0.5405,0.0000,0.00000,0.07495
7.62,14.12,0.5127,0.0001,0.00000,0.07413
7.88,14.12,0.4610,0.0006,0.00000,0.08834
8.12,14.12,0.4019,0.0029,0.00000,0.11718
8.38,14.12,0.3494,0.0060,0.00000,0.15103
8.62,14.12,0.2908,0.0109,0.00000,0.17515
8.88,14.12,0.2234,0.0285,0.00000,0.15181
9.12,14.12,0.1659,0.0445,0.00000,0.11722
9.38,14.12,0.1204,0.0287,0.00000,0.10436
9.62,14.12,0.0839,0.0076,0.00000,0.08356
9.88,14.12,0.0572,0.0009,0.00000,0.04521
10.12,14.12,0.0463,0.0001,0.00000,0.02508
10.38,14.12,0.0468,0.0000,0.00000,0.02559
10.62,14.12,0.0469,0.0004,0.00000,0.02486
10.88,14.12,0.0457,0.0210,0.00000,0.02776
11.12,14.12,0.0478,0.4063,0.00000,0.03774
11.38,14.12,0.0445,3.6528,0.00000,0.03508
11.62,14.12,0.0316,14.3018,0.00000,0.01972
11.88,14.12,0.0175,22.9597,0.00000,0.00734
12.12,14.12,0.0075,15.2682,0.00000,0.00211
12.38,14.12,0.0028,4.5371,0.00000,0.00069
2.62,14.38,0.0000,0.0000,0.00000,0.00000
2.88,14.38,0.0000,0.0000,0.00000,0.00000
3.12,14.38,0.0000,0.0000,0.00000,0.00000
3.38,14.38,0.0000,0.0000,0.00000,0.00000
3.62,14.38,0.0000,0.0000,0.00000,0.00000
3.88,14.38,0.0000,0.0000,0.00000,0.00000
4.12,14.38,0.0000,0.0000,0.00000,0.00000
4.38,14.38,0.0000,0.0000,0.00000,0.00000
4.62,14.38,0.0002,0.0000,0.00000,0.00001
4.88,14.38,0.0013,0.0000,0.00000,0.00010
5.12,14.38,0.0071,0.0000,0.00000,0.00061
5.38,14.38,0.0241,0.0000,0.00000,0.00240
5.62,14.38,0.0536,0.0000,0.00000,0.00620
5.88,14.38,0.0908,0.0000,0.00000,0.01174
6.12,14.38,0.1314,0.0000,0.00000,0.01794
6.38,14.38,0.1662,0.0000,0.00000,0.02329
6.62,14.38,0.1928,0.0000,0.00000,0.02647
6.88,14.38,0.2181,0.0000,0.00000,0.02823
7.12,14.38,0.2391,0.0000,0.00000,0.02994
7.38,14.38,0.2445,0.0000,0.00000,0.02973
7.62,14.38,0.2340,0.0000,0.00000,0.03022
7.88,14.38,0.2108,0.0000,0.00000,0.04024
8.12,14.38,0.1823,0.0002,0.00000,0.05622
8.38,14.38,0.1527,0.0004,0.00000,0.06980
8.62,14.38,0.1186,0.0007,0.00000,0.08071
8.88,14.38,0.0846,0.0022,0.00000,0.07123
9.12,14.38,0.0630,0.0035,0.00000,0.06391
9.38,14.38,0.0523,0.0022,0.00000,0.07994
9.62,14.38,0.0445,0.0005,0.00000,0.07877
9.88,14.38,0.0356,0.0001,0.00000,0.04227
10.12,14.38,0.0329,0.0000,0.00000,0.01904
10.38,14.38,0.0365,0.0001,0.00000,0.02306
10.62,14.38,0.0405,0.0009,0.00000,0.02988
10.88,14.38,0.0405,0.0348,0.00000,0.03128
11.12,14.38,0.0383,0.6703,0.00000,0.03286
11.38,14.38,0.0312,6.0537,0.00000,0.02573
11.62,14.38,0.0196,24.3064,0.00000,0.01311
11.88,14.38,0.0097,42.4186,0.00000,0.00466
12.12,14.38,0.0039,33.7991,0.00000,0.00118
2.62,14.62,0.0000,0.0000,0.00000,0.00000
2.88,14.62,0.0000,0.0000,0.00000,0.00000
3.12,14.62,0.0000,0.0000,0.00000,0.00000
3.38,14.62,0.0000,0.0000,0.00000,0.00000
3.62,14.62,0.0000,0.0000,0.00000,0.00000
3.88,14.62,0.0000,0.0000,0.00000,0.00000
4.12,14.62,0.0000,0.0000,0.00000,0.00000
4.38,14.62,0.0000,0.0000,0.00000,0.00000
4.62,14.62,0.0000,0.0000,0.00000,0.00000
4.88,14.62,0.0001,0.0000,0.00000,0.00001
5.12,14.62,0.0008,0.0000,0.00000,0.00006
5.38,14.62,0.0035,0.0000,0.00000,0.00030
5.62,14.62,0.0098,0.0000,0.00000,0.00108
5.88,14.62,0.0218,0.0000,0.00000,0.00269
6.12,14.62,0.0390,0.0000,0.00000,0.00494
6.38,14.62,0.0532,0.0000,0.00000,0.00682
6.62,14.62,0.0606,0.0000,0.00000,0.00748
6.88,14.62,0.0666,0.0000,0.00000,0.00753
7.12,14.62,0.0715,0.0000,0.00000,0.00764
7.38,14.62,0.0723,0.0000,0.00000,0.00760
7.62,14.62,0.0691,0.0000,0.00000,0.00809
7.88,14.62,0.0625,0.0000,0.00000,0.01138
8.12,14.62,0.0538,0.0000,0.00000,0.01599
8.38,14.62,0.0445,0.0000,0.00000,0.02038
8.62,14.62,0.0346,0.0000,0.00000,0.02510
8.88,14.62,0.0260,0.0001,0.00000,0.02457
9.12,14.62,0.0238,0.0001,0.00000,0.03262
9.38,14.62,0.0264,0.0001,0.00000,0.05559
9.62,14.62,0.0276,0.0000,0.00000,0.05962
9.88,14.62,0.0245,0.0001,0.00000,0.03382
10.12,14.62,0.0235,0.0008,0.00000,0.01840
10.38,14.62,0.0265,0.0038,0.00000,0.02720
10.62,14.62,0.0322,0.0067,0.00000,0.03795
10.88,14.62,0.0332,0.0248,0.00000,0.03093
11.12,14.62,0.0262,0.4095,0.00000,0.01987
11.38,14.62,0.0164,3.7850,0.00000,0.01130
11.62,14.62,0.0090,16.5203,0.00000,0.00517
11.88,14.62,0.0048,34.5445,0.00000,0.00208
2.62,14.88,0.0000,0.0000,0.00000,0.00000
2.88,14.88,0.0000,0.0000,0.00000,0.00000
3.12,14.88,0.0000,0.0000,0.00000,0.00000
3.38,14.88,0.0000,0.0000,0.00000,0.00000
3.62,14.88,0.0000,0.0000,0.00000,0.00000
3.88,14.88,0.0000,0.0000,0.00000,0.00000
4.12,14.88,0.0000,0.0000,0.00000,0.00000
4.38,14.88,0.0000,0.0000,0.00000,0.00000
4.62,14.88,0.0000,0.0000,0.00000,0.00000
4.88,14.88,0.0000,0.0000,0.00000,0.00000
5.12,14.88,0.0001,0.0000,0.00000,0.00000
5.38,14.88,0.0003,0.0000,0.00000,0.00002
5.62,14.88,0.0011,0.0000,0.00000,0.00012
5.88,14.88,0.0036,0.0000,0.00000,0.00038
6.12,14.88,0.0082,0.0000,0.00000,0.00085
6.38,14.88,0.0124,0.0000,0.00000,0.00133
6.62,14.88,0.0141,0.0000,0.00000,0.00151
6.88,14.88,0.0147,0.0000,0.00000,0.00143
7.12,14.88,0.0144,0.0000,0.00000,0.00126
7.38,14.88,0.0133,0.0000,0.00000,0.00118
7.62,14.88,0.0122,0.0000,0.00000,0.00130
7.88,14.88,0.0107,0.0000,0.00000,0.00178
8.12,14.88,0.0099,0.0000,0.00000,0.00253
8.38,14.88,0.0107,0.0000,0.00000,0.00405
8.62,14.88,0.0114,0.0000,0.00000,0.00641
8.88,14.88,0.0115,0.0000,0.00000,0.00787
9.12,14.88,0.0130,0.0000,0.00000,0.01505
9.38,14.88,0.0164,0.0000,0.00000,0.03454
9.62,14.88,0.0188,0.0000,0.00000,0.04500
9.88,14.88,0.0177,0.0008,0.00000,0.03183
10.12,14.88,0.0185,0.0103,0.00000,0.02456
10.38,14.88,0.0218,0.0462,0.00000,0.03528
10.62,14.88,0.0257,0.0763,0.00000,0.04502
10.88,14.88,0.0235,0.0512,0.00000,0.02990
11.12,14.88,0.0144,0.1047,0.00000,0.01107
11.38,14.88,0.0065,0.9474,0.00000,0.00351
11.62,14.88,0.0028,4.9494,0.00000,0.00131
2.62,15.12,0.0000,0.0000,0.00000,0.00000
2.88,15.12,0.0000,0.0000,0.00000,0.00000
3.12,15.12,0.0000,0.0000,0.00000,0.00000
3.38,15.12,0.0000,0.0000,0.00000,0.00000
3.62,15.12,0.0000,0.0000,0.00000,0.00000
3.88,15.12,0.0000,0.0000,0.00000,0.00000
4.12,15.12,0.0000,0.0000,0.00000,0.00000
4.38,15.12,0.0000,0.0000,0.00000,0.00000
4.62,15.12,0.0000,0.0000,0.00000,0.00000
4.88,15.12,0.0000,0.0000,0.00000,0.00000
5.12,15.12,0.0000,0.0000,0.00000,0.00000
5.38,15.12,0.0000,0.0000,0.00000,0.00000
5.62,15.12,0.0001,0.0000,0.00000,0.00001
5.88,15.12,0.0004,0.0000,0.00000,0.00003
6.12,15.12,0.0010,0.0000,0.00000,0.00008
6.38,15.12,0.0017,0.0000,0.00000,0.00015
6.62,15.12,0.0020,0.0000,0.00000,0.00019
6.88,15.12,0.0020,0.0000,0.00000,0.00018
7.12,15.12,0.0018,0.0000,0.00000,0.00013
7.38,15.12,0.0015,0.0000,0.00000,0.00011
7.62,15.12,0.0012,0.0000,0.00000,0.00012
7.88,15.12,0.0010,0.0000,0.00000,0.00015
8.12,15.12,0.0015,0.0000,0.00000,0.00027
8.38,15.12,0.0032,0.0000,0.00000,0.00082
8.62,15.12,0.0050,0.0000,0.00000,0.00183
8.88,15.12,0.0063,0.0000,0.00000,0.00266
9.12,15.12,0.0081,0.0000,0.00000,0.00669
9.38,15.12,0.0108,0.0000,0.00000,0.02176
9.62,15.12,0.0135,0.0001,0.00000,0.03522
9.88,15.12,0.0144,0.0038,0.00000,0.03087
10.12,15.12,0.0176,0.0462,0.00000,0.02854
10.38,15.12,0.0211,0.2073,0.00000,0.03423
10.62,15.12,0.0217,0.3435,0.00000,0.03722
10.88,15.12,0.0154,0.2152,0.00000,0.02254
11.12,15.12,0.0070,0.0623,0.00000,0.00680
11.38,15.12,0.0023,0.1102,0.00000,0.00131
2.62,15.38,0.0000,0.0000,0.00000,0.00000
2.88,15.38,0.0000,0.0000,0.00000,0.00000
3.12,15.38,0.0000,0.0000,0.00000,0.00000
3.38,15.38,0.0000,0.0000,0.00000,0.00000
3.62,15.38,0.0000,0.0000,0.00000,0.00000
3.88,15.38,0.0000,0.0000,0.00000,0.00000
4.12,15.38,0.0000,0.0000,0.00000,0.00000
4.38,15.38,0.0000,0.0000,0.00000,0.00000
4.62,15.38,0.0000,0.0000,0.00000,0.00000
4.88,15.38,0.0000,0.0000,0.00000,0.00000
5.12,15.38,0.0000,0.0000,0.00000,0.00000
5.38,15.38,0.0000,0.0000,0.00000,0.00000
5.62,15.38,0.0000,0.0000,0.00000,0.00000
5.88,15.38,0.0000,0.0000,0.00000,0.00000
6.12,15.38,0.0001,0.0000,0.00000,0.00000
6.38,15.38,0.0001,0.0000,0.00000,0.00001
6.62,15.38,0.0001,0.0000,0.00000,0.00001
6.88,15.38,0.0001,0.0000,0.00000,0.00001
7.12,15.38,0.0001,0.0000,0.00000,0.00001
7.38,15.38,0.0001,0.0000,0.00000,0.00001
7.62,15.38,0.0001,0.0000,0.00000,0.00001
7.88,15.38,0.0001,0.0000,0.00000,0.00001
8.12,15.38,0.0004,0.0000,0.00000,0.00003
8.38,15.38,0.0013,0.0000,0.00000,0.00014
8.62,15.38,0.0024,0.0000,0.00000,0.00035
8.88,15.38,0.0036,0.0000,0.00000,0.00060
9.12,15.38,0.0054,0.0000,0.00000,0.00243
9.38,15.38,0.0076,0.0000,0.00000,0.00981
9.62,15.38,0.0098,0.0002,0.00000,0.01753
9.88,15.38,0.0119,0.0063,0.00000,0.01844
10.12,15.38,0.0154,0.0763,0.00000,0.02065
10.38,15.38,0.0174,0.3435,0.00000,0.02218
10.62,15.38,0.0151,0.5838,0.00000,0.01960
10.88,15.38,0.0089,0.3968,0.00000,0.01107
11.12,15.38,0.0035,0.1192,0.00000,0.00341
2.62,15.62,0.0000,0.0000,0.00000,0.00000
2.88,15.62,0.0000,0.0000,0.00000,0.00000
3.12,15.62,0.0000,0.0000,0.00000,0.00000
3.38,15.62,0.0000,0.0000,0.00000,0.00000
3.62,15.62,0.0000,0.0000,0.00000,0.00000
3.88,15.62,0.0000,0.0000,0.00000,0.00000
4.12,15.62,0.0000,0.0000,0.00000,0.00000
4.38,15.62,0.0000,0.0000,0.00000,0.00000
4.62,15.62,0.0000,0.0000,0.00000,0.00000
4.88,15.62,0.0000,0.0000,0.00000,0.00000
5.12,15.62,0.0000,0.0000,0.00000,0.00000
5.38,15.62,0.0000,0.0000,0.00000,0.00000
5.62,15.62,0.0000,0.0000,0.00000,0.00000
5.88,15.62,0.0000,0.0000,0.00000,0.00000
6.12,15.62,0.0000,0.0000,0.00000,0.00000
6.38,15.62,0.0000,0.0000,0.00000,0.00000
6.62,15.62,0.0000,0.0000,0.00000,0.00000
6.88,15.62,0.0000,0.0000,0.00000,0.00000
7.12,15.62,0.0000,0.0000,0.00000,0.00000
7.38,15.62,0.0000,0.0000,0.00000,0.00000
7.62,15.62,0.0000,0.0000,0.00000,0.00000
7.88,15.62,0.0000,0.0000,0.00000,0.00000
8.12,15.62,0.0001,0.0000,0.00000,0.00000
8.38,15.62,0.0006,0.0000,0.00000,0.00001
8.62,15.62,0.0013,0.0000,0.00000,0.00003
8.88,15.62,0.0022,0.0000,0.00000,0.00008
9.12,15.62,0.0035,0.0000,0.00000,0.00056
9.38,15.62,0.0050,0.0000,0.00000,0.00246
9.62,15.62,0.0066,0.0001,0.00000,0.00471
9.88,15.62,0.0076,0.0038,0.00000,0.00641
10.12,15.62,0.0094,0.0465,0.00000,0.01016
10.38,15.62,0.0104,0.2148,0.00000,0.01212
10.62,15.62,0.0081,0.3968,0.00000,0.00903
10.88,15.62,0.0043,0.3231,0.00000,0.00437
2.62,15.88,0.0000,0.0000,0.00000,0.00000
2.88,15.88,0.0000,0.0000,0.00000,0.00000
3.12,15.88,0.0000,0.0000,0.00000,0.00000
3.38,15.88,0.0000,0.0000,0.00000,0.00000
3.62,15.88,0.0000,0.0000,0.00000,0.00000
3.88,15.88,0.0000,0.0000,0.00000,0.00000
4.12,15.88,0.0000,0.0000,0.00000,0.00000
4.38,15.88,0.0000,0.0000,0.00000,0.00000
4.62,15.88,0.0000,0.0000,0.00000,0.00000
4.88,15.88,0.0000,0.0000,0.00000,0.00000
5.12,15.88,0.0000,0.0000,0.00000,0.00000
5.38,15.88,0.0000,0.0000,0.00000,0.00000
5.62,15.88,0.0000,0.0000,0.00000,0.00000
5.88,15.88,0.0000,0.0000,0.00000,0.00000
6.12,15.88,0.0000,0.0000,0.00000,0.00000
6.38,15.88,0.0000,0.0000,0.00000,0.00000
6.62,15.88,0.0000,0.0000,0.00000,0.00000
6.88,15.88,0.0000,0.0000,0.00000,0.00000
7.12,15.88,0.0000,0.0000,0.00000,0.00000
7.38,15.88,0.0000,0.0000,0.00000,0.00000
7.62,15.88,0.0000,0.0000,0.00000,0.00000
7.88,15.88,0.0000,0.0000,0.00000,0.00000
8.12,15.88,0.0001,0.0000,0.00000,0.00000
8.38,15.88,0.0006,0.0000,0.00000,0.00000
8.62,15.88,0.0011,0.0000,0.00000,0.00000
8.88,15.88,0.0013,0.0000,0.00000,0.00001
9.12,15.88,0.0019,0.0000,0.00000,0.00011
9.38,15.88,0.0028,0.0000,0.00000,0.00048
9.62,15.88,0.0032,0.0000,0.00000,0.00094
9.88,15.88,0.0030,0.0009,0.00000,0.00155
10.12,15.88,0.0034,0.0107,0.00000,0.00356
10.38,15.88,0.0041,0.0537,0.00000,0.00545
10.62,15.88,0.0034,0.1189,0.00000,0.00442
2.62,16.12,0.0000,0.0000,0.00000,0.00000
2.88,16.12,0.0000,0.0000,0.00000,0.00000
3.12,16.12,0.0000,0.0000,0.00000,0.00000
3.38,16.12,0.0000,0.0000,0.00000,0.00000
3.62,16.12,0.0000,0.0000,0.00000,0.00000
3.88,16.12,0.0000,0.0000,0.00000,0.00000
4.12,16.12,0.0000,0.0000,0.00000,0.00000
4.38,16.12,0.0000,0.0000,0.00000,0.00000
4.62,16.12,0.0000,0.0000,0.00000,0.00000
4.88,16.12,0.0000,0.0000,0.00000,0.00000
5.12,16.12,0.0000,0.0000,0.00000,0.00000
5.38,16.12,0.0000,0.0000,0.00000,0.00000
5.62,16.12,0.0000,0.0000,0.00000,0.00000
5.88,16.12,0.0000,0.0000,0.00000,0.00000
6.12,16.12,0.0000,0.0000,0.00000,0.00000
6.38,16.12,0.0000,0.0000,0.00000,0.00000
6.62,16.12,0.0000,0.0000,0.00000,0.00000
6.88,16.12,0.0000,0.0000,0.00000,0.00000
7.12,16.12,0.0000,0.0000,0.00000,0.00000
7.38,16.12,0.0000,0.0000,0.00000,0.00000
7.62,16.12,0.0000,0.0000,0.00000,0.00000
7.88,16.12,0.0000,0.0000,0.00000,0.00000
8.12,16.12,0.0002,0.0000,0.00000,0.00000
8.38,16.12,0.0008,0.0000,0.00000,0.00000
8.62,16.12,0.0014,0.0000,0.00000,0.00000
8.88,16.12,0.0012,0.0000,0.00000,0.00000
9.12,16.12,0.0014,0.0000,0.00000,0.00002
9.38,16.12,0.0018,0.0000,0.00000,0.00008
9.62,16.12,0.0013,0.0000,0.00000,0.00014
9.88,16.12,0.0007,0.0001,0.00000,0.00024
10.12,16.12,0.0007,0.0010,0.00000,0.00072
10.38,16.12,0.0010,0.0059,0.00000,0.00145
2.62,16.38,0.0000,0.0000,0.00000,0.00000
2.88,16.38,0.0000,0.0000,0.00000,0.00000
3.12,16.38,0.0000,0.0000,0.00000,0.00000
3.38,16.38,0.0000,0.0000,0.00000,0.00000
3.62,16.38,0.0000,0.0000,0.00000,0.00000
3.88,16.38,0.0000,0.0000,0.00000,0.00000
4.12,16.38,0.0000,0.0000,0.00000,0.00000
4.38,16.38,0.0000,0.0000,0.00000,0.00000
4.62,16.38,0.0000,0.0000,0.00000,0.00000
4.88,16.38,0.0000,0.0000,0.00000,0.00000
5.12,16.38,0.0000,0.0000,0.00000,0.00000
5.38,16.38,0.0000,0.0000,0.00000,0.00000
5.62,16.38,0.0000,0.0000,0.00000,0.00000
5.88,16.38,0.0000,0.0000,0.00000,0.00000
6.12,16.38,0.0000,0.0000,0.00000,0.00000
6.38,16.38,0.0000,0.0000,0.00000,0.00000
6.62,16.38,0.0000,0.0000,0.00000,0.00000
6.88,16.38,0.0000,0.0000,0.00000,0.00000
7.12,16.38,0.0000,0.0000,0.00000,0.00000
7.38,16.38,0.0000,0.0000,0.00000,0.00000
7.62,16.38,0.0000,0.0000,0.00000,0.00000
7.88,16.38,0.0000,0.0000,0.00000,0.00000
8.12,16.38,0.0001,0.0000,0.00000,0.00000
8.38,16.38,0.0005,0.0000,0.00000,0.00000
8.62,16.38,0.0009,0.0000,0.00000,0.00000
8.88,16.38,0.0011,0.0000,0.00000,0.00000
9.12,16.38,0.0014,0.0000,0.00000,0.00000
9.38,16.38,0.0013,0.0000,0.00000,0.00001
9.62,16.38,0.0006,0.0000,0.00000,0.00001
9.88,16.38,0.0002,0.0000,0.00000,0.00002
10.12,16.38,0.0001,0.0000,0.00000,0.00007
2.62,16.62,0.0000,0.0000,0.00000,0.00000
2.88,16.62,0.0000,0.0000,0.00000,0.00000
3.12,16.62,0.0000,0.0000,0.00000,0.00000
3.38,16.62,0.0000,0.0000,0.00000,0.00000
3.62,16.62,0.0000,0.0000,0.00000,0.00000
3.88,16.62,0.0000,0.0000,0.00000,0.00000
4.12,16.62,0.0000,0.0000,0.00000,0.00000
4.38,16.62,0.0000,0.0000,0.00000,0.00000
4.62,16.62,0.0000,0.0000,0.00000,0.00000
4.88,16.62,0.0000,0.0000,0.00000,0.00000
5.12,16.62,0.0000,0.0000,0.00000,0.00000
5.38,16.62,0.0000,0.0000,0.00000,0.00000
5.62,16.62,0.0000,0.0000,0.00000,0.00000
5.88,16.62,0.0000,0.0000,0.00000,0.00000
6.12,16.62,0.0000,0.0000,0.00000,0.00000
6.38,16.62,0.0000,0.0000,0.00000,0.00000
6.62,16.62,0.0000,0.0000,0.00000,0.00000
6.88,16.62,0.0000,0.0000,0.00000,0.00000
7.12,16.62,0.0000,0.0000,0.00000,0.00000
7.38,16.62,0.0000,0.0000,0.00000,0.00000
7.62,16.62,0.0000,0.0000,0.00000,0.00000
7.88,16.62,0.0000,0.0000,0.00000,0.00000
8.12,16.62,0.0000,0.0000,0.00000,0.00000
8.38,16.62,0.0001,0.0000,0.00000,0.00000
8.62,16.62,0.0003,0.0000,0.00000,0.00000
8.88,16.62,0.0009,0.0000,0.00000,0.00000
9.12,16.62,0.0014,0.0000,0.00000,0.00000
9.38,16.62,0.0010,0.0000,0.00000,0.00000
9.62,16.62,0.0003,0.0000,0.00000,0.00000
9.88,16.62,0.0001,0.0000,0.00000,0.00000
2.62,16.88,0.0000,0.0000,0.00000,0.00000
2.88,16.88,0.0000,0.0000,0.00000,0.00000
3.12,16.88,0.0000,0.0000,0.00000,0.00000
3.38,16.88,0.0000,0.0000,0.00000,0.00000
3.62,16.88,0.0000,0.0000,0.00000,0.00000
3.88,16.88,0.0000,0.0000,0.00000,0.00000
4.12,16.88,0.0000,0.0000,0.00000,0.00000
4.38,16.88,0.0000,0.0000,0.00000,0.00000
4.62,16.88,0.0000,0.0000,0.00000,0.00000
4.88,16.88,0.0000,0.0000,0.00000,0.00000
5.12,16.88,0.0000,0.0000,0.00000,0.00000
5.38,16.88,0.0000,0.0000,0.00000,0.00000
5.62,16.88,0.0000,0.0000,0.00000,0.00000
5.88,16.88,0.0000,0.0000,0.00000,0.00000
6.12,16.88,0.0000,0.0000,0.00000,0.00000
6.38,16.88,0.0000,0.0000,0.00000,0.00000
6.62,16.88,0.0000,0.0000,0.00000,0.00000
6.88,16.88,0.0000,0.0000,0.00000,0.00000
7.12,16.88,0.0000,0.0000,0.00000,0.00000
7.38,16.88,0.0000,0.0000,0.00000,0.00000
7.62,16.88,0.0000,0.0000,0.00000,0.00000
7.88,16.88,0.0000,0.0000,0.00000,0.00000
8.12,16.88,0.0000,0.0000,0.00000,0.00000
8.38,16.88,0.0000,0.0000,0.00000,0.00000
8.62,16.88,0.0001,0.0000,0.00000,0.00000
8.88,16.88,0.0005,0.0000,0.00000,0.00000
9.12,16.88,0.0008,0.0000,0.00000,0.00000
9.38,16.88,0.0006,0.0000,0.00000,0.00000
9.62,16.88,0.0002,0.0000,0.00000,0.00000
2.62,17.12,0.0000,0.0000,0.00000,0.00000
2.88,17.12,0.0000,0.0000,0.00000,0.00000
3.12,17.12,0.0000,0.0000,0.00000,0.00000
3.38,17.12,0.0000,0.0000,0.00000,0.00000
3.62,17.12,0.0000,0.0000,0.00000,0.00000
3.88,17.12,0.0000,0.0000,0.00000,0.00000
4.12,17.12,0.0000,0.0000,0.00000,0.00000
4.38,17.12,0.0000,0.0000,0.00000,0.00000
4.62,17.12,0.0000,0.0000,0.00000,0.00000
4.88,17.12,0.0000,0.0000,0.00000,0.00000
5.12,17.12,0.0000,0.0000,0.00000,0.00000
5.38,17.12,0.0000,0.0000,0.00000,0.00000
5.62,17.12,0.0000,0.0000,0.00000,0.00000
5.88,17.12,0.0000,0.0000,0.00000,0.00000
6.12,17.12,0.0000,0.0000,0.00000,0.00000
6.38,17.12,0.0000,0.0000,0.00000,0.00000
6.62,17.12,0.0000,0.0000,0.00000,0.00000
6.88,17.12,0.0000,0.0000,0.00000,0.00000
7.12,17.12,0.0000,0.0000,0.00000,0.00000
7.38,17.12,0.0000,0.0000,0.00000,0.00000
7.62,17.12,0.0000,0.0000,0.00000,0.00000
7.88,17.12,0.0000,0.0000,0.00000,0.00000
8.12,17.12,0.0000,0.0000,0.00000,0.00000
8.38,17.12,0.0000,0.0000,0.00000,0.00000
8.62,17.12,0.0000,0.0000,0.00000,0.00000
8.88,17.12,0.0001,0.0000,0.00000,0.00000
9.12,17.12,0.0002,0.0000,0.00000,0.00000
9.38,17.12,0.0002,0.0000,0.00000,0.00000
2.62,17.38,0.0000,0.0000,0.00000,0.00000
2.88,17.38,0.0000,0.0000,0.00000,0.00000
3.12,17.38,0.0000,0.0000,0.00000,0.00000
3.38,17.38,0.0000,0.0000,0.00000,0.00000
3.62,17.38,0.0000,0.0000,0.00000,0.00000
3.88,17.38,0.0000,0.0000,0.00000,0.00000
4.12,17.38,0.0000,0.0000,0.00000,0.00000
4.38,17.38,0.0000,0.0000,0.00000,0.00000
4.62,17.38,0.0000,0.0000,0.00000,0.00000
4.88,17.38,0.0000,0.0000,0.00000,0.00000
5.12,17.38,0.0000,0.0000,0.00000,0.00000
5.38,17.38,0.0000,0.0000,0.00000,0.00000
5.62,17.38,0.0000,0.0000,0.00000,0.00000
5.88,17.38,0.0000,0.0000,0.00000,0.00000
6.12,17.38,0.0000,0.0000,0.00000,0.00000
6.38,17.38,0.0000,0.0000,0.00000,0.00000
6.62,17.38,0.0000,0.0000,0.00000,0.00000
6.88,17.38,0.0000,0.0000,0.00000,0.00000
7.12,17.38,0.0000,0.0000,0.00000,0.00000
7.38,17.38,0.0000,0.0000,0.00000,0.00000
7.62,17.38,0.0000,0.0000,0.00000,0.00000
7.88,17.38,0.0000,0.0000,0.00000,0.00000
8.12,17.38,0.0000,0.0000,0.00000,0.00000
8.38,17.38,0.0000,0.0000,0.00000,0.00000
8.62,17.38,0.0000,0.0000,0.00000,0.00000
8.88,17.38,0.0000,0.0000,0.00000,0.00000
9.12,17.38,0.0000,0.0000,0.00000,0.00000
2.62,17.62,0.0000,0.0000,0.00000,0.00000
2.88,17.62,0.0000,0.0000,0.00000,0.00000
3.12,17.62,0.0000,0.0000,0.00000,0.00000
3.38,17.62,0.0000,0.0000,0.00000,0.00000
3.62,17.62,0.0000,0.0000,0.00000,0.00000
3.88,17.62,0.0000,0.0000,0.00000,0.00000
4.12,17.62,0.0000,0.0000,0.00000,0.00000
4.38,17.62,0.0000,0.0000,0.00000,0.00000
4.62,17.62,0.0000,0.0000,0.00000,0.00000
4.88,17.62,0.0000,0.0000,0.00000,0.00000
5.12,17.62,0.0000,0.0000,0.00000,0.00000
5.38,17.62,0.0000,0.0000,0.00000,0.00000
5.62,17.62,0.0000,0.0000,0.00000,0.00000
5.88,17.62,0.0000,0.0000,0.00000,0.00000
6.12,17.62,0.0000,0.0000,0.00000,0.00000
6.38,17.62,0.0000,0.0000,0.00000,0.00000
6.62,17.62,0.0000,0.0000,0.00000,0.00000
6.88,17.62,0.0000,0.0000,0.00000,0.00000
7.12,17.62,0.0000,0.0000,0.00000,0.00000
7.38,17.62,0.0000,0.0000,0.00000,0.00000
7.62,17.62,0.0000,0.0000,0.00000,0.00000
7.88,17.62,0.0000,0.0000,0.00000,0.00000
8.12,17.62,0.0000,0.0000,0.00000,0.00000
8.38,17.62,0.0000,0.0000,0.00000,0.00000
8.62,17.62,0.0000,0.0000,0.00000,0.00000
8.88,17.62,0.0000,0.0000,0.00000,0.00000
2.62,17.88,0.0000,0.0000,0.00000,0.00000
2.88,17.88,0.0000,0.0000,0.00000,0.00000
3.12,17.88,0.0000,0.0000,0.00000,0.00000
3.38,17.88,0.0000,0.0000,0.00000,0.00000
3.62,17.88,0.0000,0.0000,0.00000,0.00000
3.88,17.88,0.0000,0.0000,0.00000,0.00000
4.12,17.88,0.0000,0.0000,0.00000,0.00000
4.38,17.88,0.0000,0.0000,0.00000,0.00000
4.62,17.88,0.0000,0.0000,0.00000,0.00000
4.88,17.88,0.0000,0.0000,0.00000,0.00000
5.12,17.88,0.0000,0.0000,0.00000,0.00000
5.38,17.88,0.0000,0.0000,0.00000,0.00000
5.62,17.88,0.0000,0.0000,0.00000,0.00000
5.88,17.88,0.0000,0.0000,0.00000,0.00000
6.12,17.88,0.0000,0.0000,0.00000,0.00000
6.38,17.88,0.0000,0.0000,0.00000,0.00000
6.62,17.88,0.0000,0.0000,0.00000,0.00000
6.88,17.88,0.0000,0.0000,0.00000,0.00000
7.12,17.88,0.0000,0.0000,0.00000,0.00000
7.38,17.88,0.0000,0.0000,0.00000,0.00000
7.62,17.88,0.0000,0.0000,0.00000,0.00000
7.88,17.88,0.0000,0.0000,0.00000,0.00000
8.12,17.88,0.0000,0.0000,0.00000,0.00000
8.38,17.88,0.0000,0.0000,0.00000,0.00000
8.62,17.88,0.0000,0.0000,0.00000,0.00000
2.62,18.12,0.0000,0.0000,0.00000,0.00000
2.88,18.12,0.0000,0.0000,0.00000,0.00000
3.12,18.12,0.0000,0.0000,0.00000,0.00000
3.38,18.12,0.0000,0.0000,0.00000,0.00000
3.62,18.12,0.0000,0.0000,0.00000,0.00000
3.88,18.12,0.0000,0.0000,0.00000,0.00000
4.12,18.12,0.0000,0.0000,0.00000,0.00000
4.38,18.12,0.0000,0.0000,0.00000,0.00000
4.62,18.12,0.0000,0.0000,0.00000,0.00000
4.88,18.12,0.0000,0.0000,0.00000,0.00000
5.12,18.12,0.0000,0.0000,0.00000,0.00000
5.38,18.12,0.0000,0.0000,0.00000,0.00000
5.62,18.12,0.0000,0.0000,0.00000,0.00000
5.88,18.12,0.0000,0.0000,0.00000,0.00000
6.12,18.12,0.0000,0.0000,0.00000,0.00000
6.38,18.12,0.0000,0.0000,0.00000,0.00000
6.62,18.12,0.0000,0.0000,0.00000,0.00000
6.88,18.12,0.0000,0.0000,0.00000,0.00000
7.12,18.12,0.0000,0.0000,0.00000,0.00000
7.38,18.12,0.0000,0.0000,0.00000,0.00000
7.62,18.12,0.0000,0.0000,0.00000,0.00000
7.88,18.12,0.0000,0.0000,0.00000,0.00000
8.12,18.12,0.0000,0.0000,0.00000,0.00000
8.38,18.12,0.0000,0.0000,0.00000,0.00000
2.62,18.38,0.0000,0.0000,0.00000,0.00000
2.88,18.38,0.0000,0.0000,0.00000,0.00000
3.12,18.38,0.0000,0.0000,0.00000,0.00000
3.38,18.38,0.0000,0.0000,0.00000,0.00000
3.62,18.38,0.0000,0.0000,0.00000,0.00000
3.88,18.38,0.0000,0.0000,0.00000,0.00000
4.12,18.38,0.0000,0.0000,0.00000,0.00000
4.38,18.38,0.0000,0.0000,0.00000,0.00000
4.62,18.38,0.0000,0.0000,0.00000,0.00000
4.88,18.38,0.0000,0.0000,0.00000,0.00000
5.12,18.38,0.0000,0.0000,0.00000,0.00000
5.38,18.38,0.0000,0.0000,0.00000,0.00000
5.62,18.38,0.0000,0.0000,0.00000,0.00000
5.88,18.38,0.0000,0.0000,0.00000,0.00000
6.12,18.38,0.0000,0.0000,0.00000,0.00000
6.38,18.38,0.0000,0.0000,0.00000,0.00000
6.62,18.38,0.0000,0.0000,0.00000,0.00000
6.88,18.38,0.0000,0.0000,0.00000,0.00000
7.12,18.38,0.0000,0.0000,0.00000,0.00000
7.38,18.38,0.0000,0.0000,0.00000,0.00000
7.62,18.38,0.0000,0.0000,0.00000,0.00000
7.88,18.38,0.0000,0.0000,0.00000,0.00000
8.12,18.38,0.0000,0.0000,0.00000,0.00000
2.62,18.62,0.0000,0.0000,0.00000,0.00000
2.88,18.62,0.0000,0.0000,0.00000,0.00000
3.12,18.62,0.0000,0.0000,0.00000,0.00000
3.38,18.62,0.0000,0.0000,0.00000,0.00000
3.62,18.62,0.0000,0.0000,0.00000,0.00000
3.88,18.62,0.0000,0.0000,0.00000,0.00000
4.12,18.62,0.0000,0.0000,0.00000,0.00000
4.38,18.62,0.0000,0.0000,0.00000,0.00000
4.62,18.62,0.0000,0.0000,0.00000,0.00000
4.88,18.62,0.0000,0.0000,0.00000,0.00000
5.12,18.62,0.0000,0.0000,0.00000,0.00000
5.38,18.62,0.0000,0.0000,0.00000,0.00000
5.62,18.62,0.0000,0.0000,0.00000,0.00000
5.88,18.62,0.0000,0.0000,0.00000,0.00000
6.12,18.62,0.0000,0.0000,0.00000,0.00000
6.38,18.62,0.0000,0.0000,0.00000,0.00000
6.62,18.62,0.0000,0.0000,0.00000,0.00000
6.88,18.62,0.0000,0.0000,0.00000,0.00000
7.12,18.62,0.0000,0.0000,0.00000,0.00000
7.38,18.62,0.0000,0.0000,0.00000,0.00000
7.62,18.62,0.0000,0.0000,0.00000,0.00000
7.88,18.62,0.0000,0.0000,0.00000,0.00000
2.62,18.88,0.0000,0.0000,0.00000,0.00000
2.88,18.88,0.0000,0.0000,0.00000,0.00000
3.12,18.88,0.0000,0.0000,0.00000,0.00000
3.38,18.88,0.0000,0.0000,0.00000,0.00000
3.62,18.88,0.0000,0.0000,0.00000,0.00000
3.88,18.88,0.0000,0.0000,0.00000,0.00000
4.12,18.88,0.0000,0.0000,0.00000,0.00000
4.38,18.88,0.0000,0.0000,0.00000,0.00000
4.62,18.88,0.0000,0.0000,0.00000,0.00000
4.88,18.88,0.0000,0.0000,0.00000,0.00000
5.12,18.88,0.0000,0.0000,0.00000,0.00000
5.38,18.88,0.0000,0.0000,0.00000,0.00000
5.62,18.88,0.0000,0.0000,0.00000,0.00000
5.88,18.88,0.0000,0.0000,0.00000,0.00000
6.12,18.88,0.0000,0.0000,0.00000,0.00000
6.38,18.88,0.0000,0.0000,0.00000,0.00000
6.62,18.88,0.0000,0.0000,0.00000,0.00000
6.88,18.88,0.0000,0.0000,0.00000,0.00000
7.12,18.88,0.0000,0.0000,0.00000,0.00000
7.38,18.88,0.0000,0.0000,0.00000,0.00000
7.62,18.88,0.0000,0.0000,0.00000,0.00000
2.62,19.12,0.0000,0.0000,0.00000,0.00000
2.88,19.12,0.0000,0.0000,0.00000,0.00000
3.12,19.12,0.0000,0.0000,0.00000,0.00000
3.38,19.12,0.0000,0.0000,0.00000,0.00000
3.62,19.12,0.0000,0.0000,0.00000,0.00000
3.88,19.12,0.0000,0.0000,0.00000,0.00000
4.12,19.12,0.0000,0.0000,0.00000,0.00000
4.38,19.12,0.0000,0.0000,0.00000,0.00000
4.62,19.12,0.0000,0.0000,0.00000,0.00000
4.88,19.12,0.0000,0.0000,0.00000,0.00000
5.12,19.12,0.0000,0.0000,0.00000,0.00000
5.38,19.12,0.0000,0.0000,0.00000,0.00000
5.62,19.12,0.0000,0.0000,0.00000,0.00000
5.88,19.12,0.0000,0.0000,0.00000,0.00000
6.12,19.12,0.0000,0.0000,0.00000,0.00000
6.38,19.12,0.0000,0.0000,0.00000,0.00000
6.62,19.12,0.0000,0.0000,0.00000,0.00000
6.88,19.12,0.0000,0.0000,0.00000,0.00000
7.12,19.12,0.0000,0.0000,0.00000,0.00000
7.38,19.12,0.0000,0.0000,0.00000,0.00000
2.62,19.38,0.0000,0.0000,0.00000,0.00000
2.88,19.38,0.0000,0.0000,0.00000,0.00000
3.12,19.38,0.0000,0.0000,0.00000,0.00000
3.38,19.38,0.0000,0.0000,0.00000,0.00000
3.62,19.38,0.0000,0.0000,0.00000,0.00000
3.88,19.38,0.0000,0.0000,0.00000,0.00000
4.12,19.38,0.0000,0.0000,0.00000,0.00000
4.38,19.38,0.0000,0.0000,0.00000,0.00000
4.62,19.38,0.0000,0.0000,0.00000,0.00000
4.88,19.38,0.0000,0.0000,0.00000,0.00000
5.12,19.38,0.0000,0.0000,0.00000,0.00000
5.38,19.38,0.0000,0.0000,0.00000,0.00000
5.62,19.38,0.0000,0.0000,0.00000,0.00000
5.88,19.38,0.0000,0.0000,0.00000,0.00000
6.12,19.38,0.0000,0.0000,0.00000,0.00000
6.38,19.38,0.0000,0.0000,0.00000,0.00000
6.62,19.38,0.0000,0.0000,0.00000,0.00000
6.88,19.38,0.0000,0.0000,0.00000,0.00000
7.12,19.38,0.0000,0.0000,0.00000,0.00000
2.62,19.62,0.0000,0.0000,0.00000,0.00000
2.88,19.62,0.0000,0.0000,0.00000,0.00000
3.12,19.62,0.0000,0.0000,0.00000,0.00000
3.38,19.62,0.0000,0.0000,0.00000,0.00000
3.62,19.62,0.0000,0.0000,0.00000,0.00000
3.88,19.62,0.0000,0.0000,0.00000,0.00000
4.12,19.62,0.0000,0.0000,0.00000,0.00000
4.38,19.62,0.0000,0.0000,0.00000,0.00000
4.62,19.62,0.0000,0.0000,0.00000,0.00000
4.88,19.62,0.0000,0.0000,0.00000,0.00000
5.12,19.62,0.0000,0.0000,0.00000,0.00000
5.38,19.62,0.0000,0.0000,0.00000,0.00000
5.62,19.62,0.0000,0.0000,0.00000,0.00000
5.88,19.62,0.0000,0.0000,0.00000,0.00000
6.12,19.62,0.0000,0.0000,0.00000,0.00000
6.38,19.62,0.0000,0.0000,0.00000,0.00000
6.62,19.62,0.0000,0.0000,0.00000,0.00000
6.88,19.62,0.0000,0.0000,0.00000,0.00000
2.62,19.88,0.0000,0.0000,0.00000,0.00000
2.88,19.88,0.0000,0.0000,0.00000,0.00000
3.12,19.88,0.0000,0.0000,0.00000,0.00000
3.38,19.88,0.0000,0.0000,0.00000,0.00000
3.62,19.88,0.0000,0.0000,0.00000,0.00000
3.88,19.88,0.0000,0.0000,0.00000,0.00000
4.12,19.88,0.0000,0.0000,0.00000,0.00000
4.38,19.88,0.0000,0.0000,0.00000,0.00000
4.62,19.88,0.0000,0.0000,0.00000,0.00000
4.88,19.88,0.0000,0.0000,0.00000,0.00000
5.12,19.88,0.0000,0.0000,0.00000,0.00000
5.38,19.88,0.0000,0.0000,0.00000,0.00000
5.62,19.88,0.0000,0.0000,0.00000,0.00000
5.88,19.88,0.0000,0.0000,0.00000,0.00000
6.12,19.88,0.0000,0.0000,0.00000,0.00000
6.38,19.88,0.0000,0.0000,0.00000,0.00000
6.62,19.88,0.0000,0.0000,0.00000,0.00000
2.62,20.12,0.0000,0.0000,0.00000,0.00000
2.88,20.12,0.0000,0.0000,0.00000,0.00000
3.12,20.12,0.0000,0.0000,0.00000,0.00000
3.38,20.12,0.0000,0.0000,0.00000,0.00000
3.62,20.12,0.0000,0.0000,0.00000,0.00000
3.88,20.12,0.0000,0.0000,0.00000,0.00000
4.12,20.12,0.0000,0.0000,0.00000,0.00000
4.38,20.12,0.0000,0.0000,0.00000,0.00000
4.62,20.12,0.0000,0.0000,0.00000,0.00000
4.88,20.12,0.0000,0.0000,0.00000,0.00000
5.12,20.12,0.0000,0.0000,0.00000,0.00000
5.38,20.12,0.0000,0.0000,0.00000,0.00000
5.62,20.12,0.0000,0.0000,0.00000,0.00000
5.88,20.12,0.0000,0.0000,0.00000,0.00000
6.12,20.12,0.0000,0.0000,0.00000,0.00000
6.38,20.12,0.0000,0.0000,0.00000,0.00000
2.62,20.38,0.0000,0.0000,0.00000,0.00000
2.88,20.38,0.0000,0.0000,0.00000,0.00000
3.12,20.38,0.0000,0.0000,0.00000,0.00000
3.38,20.38,0.0000,0.0000,0.00000,0.00000
3.62,20.38,0.0000,0.0000,0.00000,0.00000
3.88,20.38,0.0000,0.0000,0.00000,0.00000
4.12,20.38,0.0000,0.0000,0.00000,0.00000
4.38,20.38,0.0000,0.0000,0.00000,0.00000
4.62,20.38,0.0000,0.0000,0.00000,0.00000
4.88,20.38,0.0000,0.0000,0.00000,0.00000
5.12,20.38,0.0000,0.0000,0.00000,0.00000
5.38,20.38,0.0000,0.0000,0.00000,0.00000
5.62,20.38,0.0000,0.0000,0.00000,0.00000
5.88,20.38,0.0000,0.0000,0.00000,0.00000
6.12,20.38,0.0000,0.0000,0.00000,0.00000
2.62,20.62,0.0000,0.0000,0.00000,0.00000
2.88,20.62,0.0000,0.0000,0.00000,0.00000
3.12,20.62,0.0000,0.0000,0.00000,0.00000
3.38,20.62,0.0000,0.0000,0.00000,0.00000
3.62,20.62,0.0000,0.0000,0.00000,0.00000
3.88,20.62,0.0000,0.0000,0.00000,0.00000
4.12,20.62,0.0000,0.0000,0.00000,0.00000
4.38,20.62,0.0000,0.0000,0.00000,0.00000
4.62,20.62,0.0000,0.0000,0.00000,0.00000
4.88,20.62,0.0000,0.0000,0.00000,0.00000
5.12,20.62,0.0000,0.0000,0.00000,0.00000
5.38,20.62,0.0000,0.0000,0.00000,0.00000
5.62,20.62,0.0000,0.0000,0.00000,0.00000
5.88,20.62,0.0000,0.0000,0.00000,0.00000
2.62,20.88,0.0000,0.0000,0.00000,0.00000
2.88,20.88,0.0000,0.0000,0.00000,0.00000
3.12,20.88,0.0000,0.0000,0.00000,0.00000
3.38,20.88,0.0000,0.0000,0.00000,0.00000
3.62,20.88,0.0000,0.0000,0.00000,0.00000
3.88,20.88,0.0000,0.0000,0.00000,0.00000
4.12,20.88,0.0000,0.0000,0.00000,0.00000
4.38,20.88,0.0000,0.0000,0.00000,0.00000
4.62,20.88,0.0000,0.0000,0.00000,0.00000
4.88,20.88,0.0000,0.0000,0.00000,0.00000
5.12,20.88,0.0000,0.0000,0.00000,0.00000
5.38,20.88,0.0000,0.0000,0.00000,0.00000
5.62,20.88,0.0000,0.0000,0.00000,0.00000
2.62,21.12,0.0000,0.0000,0.00000,0.00000
2.88,21.12,0.0000,0.0000,0.00000,0.00000
3.12,21.12,0.0000,0.0000,0.00000,0.00000
3.38,21.12,0.0000,0.0000,0.00000,0.00000
3.62,21.12,0.0000,0.0000,0.00000,0.00000
3.88,21.12,0.0000,0.0000,0.00000,0.00000
4.12,21.12,0.0000,0.0000,0.00000,0.00000
4.38,21.12,0.0000,0.0000,0.00000,0.00000
4.62,21.12,0.0000,0.0000,0.00000,0.00000
4.88,21.12,0.0000,0.0000,0.00000,0.00000
5.12,21.12,0.0000,0.0000,0.00000,0.00000
5.38,21.12,0.0000,0.0000,0.00000,0.00000
2.62,21.38,0.0000,0.0000,0.00000,0.00000
2.88,21.38,0.0000,0.0000,0.00000,0.00000
3.12,21.38,0.0000,0.0000,0.00000,0.00000
3.38,21.38,0.0000,0.0000,0.00000,0.00000
3.62,21.38,0.0000,0.0000,0.00000,0.00000
3.88,21.38,0.0000,0.0000,0.00000,0.00000
4.12,21.38,0.0000,0.0000,0.00000,0.00000
4.38,21.38,0.0000,0.0000,0.00000,0.00000
4.62,21.38,0.0000,0.0000,0.00000,0.00000
4.88,21.38,0.0000,0.0000,0.00000,0.00000
5.12,21.38,0.0000,0.0000,0.00000,0.00000
2.62,21.62,0.0000,0.0000,0.00000,0.00000
2.88,21.62,0.0000,0.0000,0.00000,0.00000
3.12,21.62,0.0000,0.0000,0.00000,0.00000
3.38,21.62,0.0000,0.0000,0.00000,0.00000
3.62,21.62,0.0000,0.0000,0.00000,0.00000
3.88,21.62,0.0000,0.0000,0.00000,0.00000
4.12,21.62,0.0000,0.0000,0.00000,0.00000
4.38,21.62,0.0000,0.0000,0.00000,0.00000
4.62,21.62,0.0000,0.0000,0.00000,0.00000
4.88,21.62,0.0000,0.0000,0.00000,0.00000
2.62,21.88,0.0000,0.0000,0.00000,0.00000
2.88,21.88,0.0000,0.0000,0.00000,0.00000
3.12,21.88,0.0000,0.0000,0.00000,0.00000
3.38,21.88,0.0000,0.0000,0.00000,0.00000
3.62,21.88,0.0000,0.0000,0.00000,0.00000
3.88,21.88,0.0000,0.0000,0.00000,0.00000
4.12,21.88,0.0000,0.0000,0.00000,0.00000
4.38,21.88,0.0000,0.0000,0.00000,0.00000
4.62,21.88,0.0000,0.0000,0.00000,0.00000
2.62,22.12,0.0000,0.0000,0.00000,0.00000
2.88,22.12,0.0000,0.0000,0.00000,0.00000
3.12,22.12,0.0000,0.0000,0.00000,0.00000
3.38,22.12,0.0000,0.0000,0.00000,0.00000
3.62,22.12,0.0000,0.0000,0.00000,0.00000
3.88,22.12,0.0000,0.0000,0.00000,0.00000
4.12,22.12,0.0000,0.0000,0.00000,0.00000
4.38,22.12,0.0000,0.0000,0.00000,0.00000
2.62,22.38,0.0000,0.0000,0.00000,0.00000
2.88,22.38,0.0000,0.0000,0.00000,0.00000
3.12,22.38,0.0000,0.0000,0.00000,0.00000
3.38,22.38,0.0000,0.0000,0.00000,0.00000
3.62,22.38,0.0000,0.0000,0.00000,0.00000
3.88,22.38,0.0000,0.0000,0.00000,0.00000
4.12,22.38,0.0000,0.0000,0.00000,0.00000
2.62,22.62,0.0000,0.0000,0.00000,0.00000
2.88,22.62,0.0000,0.0000,0.00000,0.00000
3.12,22.62,0.0000,0.0000,0.00000,0.00000
3.38,22.62,0.0000,0.0000,0.00000,0.00000
3.62,22.62,0.0000,0.0000,0.00000,0.00000
3.88,22.62,0.0000,0.0000,0.00000,0.00000
2.62,22.88,0.0000,0.0000,0.00000,0.00000
2.88,22.88,0.0000,0.0000,0.00000,0.00000
3.12,22.88,0.0000,0.0000,0.00000,0.00000
3.38,22.88,0.0000,0.0000,0.00000,0.00000
3.62,22.88,0.0000,0.0000,0.00000,0.00000
2.62,23.12,0.0000,0.0000,0.00000,0.00000
2.88,23.12,0.0000,0.0000,0.00000,0.00000
3.12,23.12,0.0000,0.0000,0.00000,0.00000
3.38,23.12,0.0000,0.0000,0.00000,0.00000
2.62,23.38,0.0000,0.0000,0.00000,0.00000
2.88,23.38,0.0000,0.0000,0.00000,0.00000
3.12,23.38,0.0000,0.0000,0.00000,0.00000
2.62,23.62,0.0000,0.0000,0.00000,0.00000
2.88,23.62,0.0000,0.0000,0.00000,0.00000
2.62,23.88,0.0000,0.0000,0.00000,0.00000
