x,y,rho,contact,casualty,pressure
2.62,0.12,0.2391,0.0000,0.00000,0.08719
2.88,0.12,0.4077,0.0000,0.00000,0.14616
3.12,0.12,0.4775,0.0000,0.00000,0.16536
3.38,0.12,0.4425,0.0000,0.00000,0.14770
3.62,0.12,0.4605,0.0000,0.00000,0.15561
3.88,0.12,0.5075,0.0000,0.00000,0.17334
4.12,0.12,0.4879,0.0000,0.00000,0.16538
4.38,0.12,0.4588,0.0000,0.00000,0.16221
4.62,0.12,0.4784,0.0000,0.00000,0.17663
4.88,0.12,0.4881,0.0000,0.00000,0.17937
5.12,0.12,0.4693,0.0000,0.00000,0.17052
5.38,0.12,0.4690,0.0000,0.00000,0.17261
5.62,0.12,0.4973,0.0000,0.00000,0.19066
5.88,0.12,0.5133,0.0000,0.00000,0.20287
6.12,0.12,0.5159,0.0000,0.00000,0.20725
6.38,0.12,0.5186,0.0002,0.00000,0.21616
6.62,0.12,0.5032,0.0029,0.00000,0.21760
6.88,0.12,0.5030,0.0130,0.00000,0.23500
7.12,0.12,0.4546,0.0226,0.00000,0.23339
7.38,0.12,0.2920,0.0185,0.00000,0.15797
2.62,0.38,0.4837,0.0000,0.00000,0.16242
2.88,0.38,0.8906,0.0000,0.00000,0.28982
3.12,0.38,1.1312,0.0000,0.00000,0.34964
3.38,0.38,1.0501,0.0000,0.00000,0.31127
3.62,0.38,1.0195,0.0000,0.00000,0.31194
3.88,0.38,1.1249,0.0000,0.00000,0.34900
4.12,0.38,1.1117,0.0000,0.00000,0.33554
4.38,0.38,1.0313,0.0000,0.00000,0.32128
4.62,0.38,1.0585,0.0000,0.00000,0.34570
4.88,0.38,1.1008,0.0000,0.00000,0.35880
5.12,0.38,1.0660,0.0000,0.00000,0.34559
5.38,0.38,1.0547,0.0000,0.00000,0.34998
5.62,0.38,1.1078,0.0000,0.00000,0.38677
5.88,0.38,1.1263,0.0000,0.00000,0.40746
6.12,0.38,1.1301,0.0000,0.00000,0.41952
6.38,0.38,1.1339,0.0003,0.00000,0.44059
6.62,0.38,1.0985,0.0039,0.00000,0.45166
6.88,0.38,1.1474,0.0177,0.00000,0.52027
7.12,0.38,1.0718,0.0308,0.00000,0.53200
7.38,0.38,0.6931,0.0252,0.00000,0.36023
2.62,0.62,0.5873,0.0000,0.00000,0.17853
2.88,0.62,1.2057,0.0000,0.00000,0.35281
3.12,0.62,1.7016,0.0000,0.00000,0.47042
3.38,0.62,1.6127,0.0000,0.00000,0.42519
3.62,0.62,1.4449,0.0000,0.00000,0.39468
3.88,0.62,1.5821,0.0000,0.00000,0.44056
4.12,0.62,1.6357,0.0000,0.00000,0.43900
4.38,0.62,1.5037,0.0000,0.00000,0.41333
4.62,0.62,1.4996,0.0000,0.00000,0.43220
4.88,0.62,1.5849,0.0000,0.00000,0.45756
5.12,0.62,1.5498,0.0000,0.00000,0.44727
5.38,0.62,1.5206,0.0000,0.00000,0.45461
5.62,0.62,1.5838,0.0000,0.00000,0.50243
5.88,0.62,1.5889,0.0000,0.00000,0.52214
6.12,0.62,1.5998,0.0000,0.00000,0.54743
6.38,0.62,1.6016,0.0002,0.00000,0.58298
6.62,0.62,1.5504,0.0024,0.00000,0.60421
6.88,0.62,1.6997,0.0106,0.00000,0.73146
7.12,0.62,1.6299,0.0185,0.00000,0.76031
7.38,0.62,1.0543,0.0151,0.00000,0.51234
2.62,0.88,0.4159,0.0000,0.00000,0.11636
2.88,0.88,0.9908,0.0000,0.00000,0.26721
3.12,0.88,1.5930,0.0000,0.00000,0.40749
3.38,0.88,1.5921,0.0000,0.00000,0.38661
3.62,0.88,1.3322,0.0000,0.00000,0.32830
3.88,0.88,1.4257,0.0000,0.00000,0.35956
4.12,0.88,1.5713,0.0000,0.00000,0.38779
4.38,0.88,1.4549,0.0000,0.00000,0.36863
4.62,0.88,1.3938,0.0000,0.00000,0.36808
4.88,0.88,1.4863,0.0000,0.00000,0.39244
5.12,0.88,1.4792,0.0000,0.00000,0.38972
5.38,0.88,1.4489,0.0000,0.00000,0.39828
5.62,0.88,1.4962,0.0000,0.00000,0.43633
5.88,0.88,1.4895,0.0000,0.00000,0.44679
6.12,0.88,1.5121,0.0000,0.00000,0.48098
6.38,0.88,1.5031,0.0000,0.00000,0.51854
6.62,0.88,1.4475,0.0005,0.00000,0.53167
6.88,0.88,1.6530,0.0024,0.00000,0.64947
7.12,0.88,1.6102,0.0041,0.00000,0.67009
7.38,0.88,1.0363,0.0034,0.00000,0.44565
2.62,1.12,0.2201,0.0000,0.00000,0.05677
2.88,1.12,0.6301,0.0000,0.00000,0.15497
3.12,1.12,1.1642,0.0000,0.00000,0.27055
3.38,1.12,1.2640,0.0000,0.00000,0.27632
3.62,1.12,1.0367,0.0000,0.00000,0.22294
3.88,1.12,1.0638,0.0000,0.00000,0.23573
4.12,1.12,1.2411,0.0000,0.00000,0.27651
4.38,1.12,1.1934,0.0000,0.00000,0.27202
4.62,1.12,1.1133,0.0000,0.00000,0.26346
4.88,1.12,1.1874,0.0000,0.00000,0.28247
5.12,1.12,1.2161,0.0000,0.00000,0.28736
5.38,1.12,1.1978,0.0000,0.00000,0.29241
5.62,1.12,1.2158,0.0000,0.00000,0.31023
5.88,1.12,1.2097,0.0000,0.00000,0.31470
6.12,1.12,1.2465,0.0000,0.00000,0.34682
6.38,1.12,1.2243,0.0000,0.00000,0.37137
6.62,1.12,1.1527,0.0000,0.00000,0.37126
6.88,1.12,1.3336,0.0002,0.00000,0.44926
7.12,1.12,1.3049,0.0003,0.00000,0.45359
7.38,1.12,0.8349,0.0003,0.00000,0.29549
2.62,1.38,0.1353,0.0000,0.00000,0.02639
2.88,1.38,0.4518,0.0000,0.00000,0.08352
3.12,1.38,0.9277,0.0000,0.00000,0.16348
3.38,1.38,1.0968,0.0000,0.00000,0.18367
3.62,1.38,0.9246,0.0000,0.00000,0.15134
3.88,1.38,0.8908,0.0000,0.00000,0.15239
4.12,1.38,1.0582,0.0000,0.00000,0.18649
4.38,1.38,1.0865,0.0000,0.00000,0.19594
4.62,1.38,1.0131,0.0000,0.00000,0.19202
4.88,1.38,1.0540,0.0000,0.00000,0.20571
5.12,1.38,1.1021,0.0000,0.00000,0.21473
5.38,1.38,1.0975,0.0000,0.00000,0.21701
5.62,1.38,1.0943,0.0000,0.00000,0.22161
5.88,1.38,1.0988,0.0000,0.00000,0.22673
6.12,1.38,1.1687,0.0000,0.00000,0.25794
6.38,1.38,1.1586,0.0000,0.00000,0.27565
6.62,1.38,1.0821,0.0000,0.00000,0.27236
6.88,1.38,1.2149,0.0000,0.00000,0.32337
7.12,1.38,1.1251,0.0000,0.00000,0.31169
7.38,1.38,0.6886,0.0000,0.00000,0.19518
2.62,1.62,0.1074,0.0000,0.00000,0.01320
2.88,1.62,0.3926,0.0000,0.00000,0.04767
3.12,1.62,0.8650,0.0000,0.00000,0.10415
3.38,1.62,1.1044,0.0000,0.00000,0.13149
3.62,1.62,0.9801,0.0000,0.00000,0.11616
3.88,1.62,0.9039,0.0000,0.00000,0.11042
4.12,1.62,1.0657,0.0000,0.00000,0.13575
4.38,1.62,1.1547,0.0000,0.00000,0.15459
4.62,1.62,1.0822,0.0000,0.00000,0.15477
4.88,1.62,1.0894,0.0000,0.00000,0.16194
5.12,1.62,1.1581,0.0000,0.00000,0.17240
5.38,1.62,1.1772,0.0000,0.00000,0.17695
5.62,1.62,1.1666,0.0000,0.00000,0.17888
5.88,1.62,1.1816,0.0000,0.00000,0.18651
6.12,1.62,1.2840,0.0000,0.00000,0.21822
6.38,1.62,1.2902,0.0000,0.00000,0.23651
6.62,1.62,1.2366,0.0000,0.00000,0.23684
6.88,1.62,1.3411,0.0000,0.00000,0.27064
7.12,1.62,1.1133,0.0000,0.00000,0.23919
7.38,1.62,0.6159,0.0000,0.00000,0.13920
2.62,1.88,0.0874,0.0000,0.00000,0.00720
2.88,1.88,0.3442,0.0000,0.00000,0.02883
3.12,1.88,0.8213,0.0000,0.00000,0.07032
3.38,1.88,1.1483,0.0000,0.00000,0.10083
3.62,1.88,1.0850,0.0000,0.00000,0.09703
3.88,1.88,0.9795,0.0000,0.00000,0.08903
4.12,1.88,1.1276,0.0000,0.00000,0.10821
4.38,1.88,1.2584,0.0000,0.00000,0.13027
4.62,1.88,1.1947,0.0000,0.00000,0.13178
4.88,1.88,1.1817,0.0000,0.00000,0.13385
5.12,1.88,1.2748,0.0000,0.00000,0.14376
5.38,1.88,1.3219,0.0000,0.00000,0.15090
5.62,1.88,1.2960,0.0000,0.00000,0.15321
5.88,1.88,1.3034,0.0000,0.00000,0.16131
6.12,1.88,1.4185,0.0000,0.00000,0.19006
6.38,1.88,1.4216,0.0000,0.00000,0.20569
6.62,1.88,1.3977,0.0000,0.00000,0.20692
6.88,1.88,1.5019,0.0000,0.00000,0.22702
7.12,1.88,1.1561,0.0000,0.00000,0.18379
7.38,1.88,0.5865,0.0000,0.00000,0.09842
2.62,2.12,0.0699,0.0000,0.00000,0.00399
2.88,2.12,0.2996,0.0000,0.00000,0.01773
3.12,2.12,0.7949,0.0000,0.00000,0.04933
3.38,2.12,1.2205,0.0000,0.00000,0.07919
3.62,2.12,1.1943,0.0000,0.00000,0.07972
3.88,2.12,1.0388,0.0000,0.00000,0.07170
4.12,2.12,1.1563,0.0000,0.00000,0.08777
4.38,2.12,1.3181,0.0000,0.00000,0.10969
4.62,2.12,1.2740,0.0000,0.00000,0.11126
4.88,2.12,1.2342,0.0000,0.00000,0.11068
5.12,2.12,1.3249,0.0000,0.00000,0.11958
5.38,2.12,1.3959,0.0000,0.00000,0.12778
5.62,2.12,1.3551,0.0000,0.00000,0.12913
5.88,2.12,1.3481,0.0000,0.00000,0.13544
6.12,2.12,1.4623,0.0000,0.00000,0.15862
6.38,2.12,1.4451,0.0000,0.00000,0.16777
6.62,2.12,1.4459,0.0000,0.00000,0.16741
6.88,2.12,1.5899,0.0000,0.00000,0.18160
7.12,2.12,1.2162,0.0000,0.00000,0.14213
7.38,2.12,0.6067,0.0000,0.00000,0.07327
2.62,2.38,0.0524,0.0000,0.00000,0.00233
2.88,2.38,0.2502,0.0000,0.00000,0.01161
3.12,2.38,0.7534,0.0000,0.00000,0.03656
3.38,2.38,1.2614,0.0000,0.00000,0.06339
3.62,2.38,1.2581,0.0000,0.00000,0.06513
3.88,2.38,1.0580,0.0000,0.00000,0.05834
4.12,2.38,1.1453,0.0000,0.00000,0.07112
4.38,2.38,1.3276,0.0000,0.00000,0.09004
4.62,2.38,1.3078,0.0000,0.00000,0.09302
4.88,2.38,1.2460,0.0000,0.00000,0.09333
5.12,2.38,1.3250,0.0000,0.00000,0.10239
5.38,2.38,1.4158,0.0000,0.00000,0.11111
5.62,2.38,1.3721,0.0000,0.00000,0.11042
5.88,2.38,1.3620,0.0000,0.00000,0.11255
6.12,2.38,1.4787,0.0000,0.00000,0.12885
6.38,2.38,1.4341,0.0000,0.00000,0.13251
6.62,2.38,1.4371,0.0000,0.00000,0.13127
6.88,2.38,1.6201,0.0000,0.00000,0.14366
7.12,2.38,1.2622,0.0000,0.00000,0.11272
7.38,2.38,0.6382,0.0000,0.00000,0.05807
2.62,2.62,0.0352,0.0000,0.00000,0.00144
2.88,2.62,0.1935,0.0000,0.00000,0.00780
3.12,2.62,0.6687,0.0000,0.00000,0.02684
3.38,2.62,1.2230,0.0000,0.00000,0.04991
3.62,2.62,1.2701,0.0000,0.00000,0.05448
3.88,2.62,1.0614,0.0000,0.00000,0.05023
4.12,2.62,1.1149,0.0000,0.00000,0.05879
4.38,2.62,1.3092,0.0000,0.00000,0.07332
4.62,2.62,1.3220,0.0000,0.00000,0.07800
4.88,2.62,1.2535,0.0000,0.00000,0.07938
5.12,2.62,1.3273,0.0000,0.00000,0.08770
5.38,2.62,1.4299,0.0000,0.00000,0.09612
5.62,2.62,1.3817,0.0000,0.00000,0.09378
5.88,2.62,1.3738,0.0000,0.00000,0.09188
6.12,2.62,1.5031,0.0000,0.00000,0.10218
6.38,2.62,1.4427,0.0000,0.00000,0.10412
6.62,2.62,1.4284,0.0000,0.00000,0.10339
6.88,2.62,1.6182,0.0000,0.00000,0.11320
7.12,2.62,1.2771,0.0000,0.00000,0.08931
7.38,2.62,0.6549,0.0000,0.00000,0.04646
2.62,2.88,0.0239,0.0000,0.00000,0.00081
2.88,2.88,0.1514,0.0000,0.00000,0.00482
3.12,2.88,0.5871,0.0000,0.00000,0.01829
3.38,2.88,1.1643,0.0000,0.00000,0.03753
3.62,2.88,1.2857,0.0000,0.00000,0.04506
3.88,2.88,1.0851,0.0000,0.00000,0.04239
4.12,2.88,1.0895,0.0000,0.00000,0.04647
4.38,2.88,1.2910,0.0000,0.00000,0.05703
4.62,2.88,1.3427,0.0000,0.00000,0.06217
4.88,2.88,1.2705,0.0000,0.00000,0.06406
5.12,2.88,1.3368,0.0000,0.00000,0.07099
5.38,2.88,1.4474,0.0000,0.00000,0.07806
5.62,2.88,1.3931,0.0000,0.00000,0.07603
5.88,2.88,1.3775,0.0000,0.00000,0.07392
6.12,2.88,1.5157,0.0000,0.00000,0.08158
6.38,2.88,1.4628,0.0000,0.00000,0.08379
6.62,2.88,1.4330,0.0000,0.00000,0.08322
6.88,2.88,1.6145,0.0000,0.00000,0.09099
7.12,2.88,1.2930,0.0000,0.00000,0.07382
7.38,2.88,0.6768,0.0000,0.00000,0.03989
2.62,3.12,0.0171,0.0000,0.00000,0.00044
2.88,3.12,0.1217,0.0000,0.00000,0.00293
3.12,3.12,0.5146,0.0000,0.00000,0.01241
3.38,3.12,1.1023,0.0000,0.00000,0.02831
3.62,3.12,1.3099,0.0000,0.00000,0.03695
3.88,3.12,1.1305,0.0000,0.00000,0.03461
4.12,3.12,1.0926,0.0000,0.00000,0.03587
4.38,3.12,1.2978,0.0000,0.00000,0.04431
4.62,3.12,1.3770,0.0000,0.00000,0.04924
4.88,3.12,1.2931,0.0000,0.00000,0.05131
5.12,3.12,1.3470,0.0000,0.00000,0.05679
5.38,3.12,1.4734,0.0000,0.00000,0.06257
5.62,3.12,1.4260,0.0000,0.00000,0.06249
5.88,3.12,1.3986,0.0000,0.00000,0.06235
6.12,3.12,1.5469,0.0000,0.00000,0.07010
6.38,3.12,1.5098,0.0000,0.00000,0.07214
6.62,3.12,1.4591,0.0000,0.00000,0.06937
6.88,3.12,1.6263,0.0000,0.00000,0.07494
7.12,3.12,1.3177,0.0000,0.00000,0.06244
7.38,3.12,0.7016,0.0000,0.00000,0.03481
2.62,3.38,0.0123,0.0000,0.00000,0.00025
2.88,3.38,0.0962,0.0000,0.00000,0.00188
3.12,3.38,0.4396,0.0000,0.00000,0.00875
3.38,3.38,1.0203,0.0000,0.00000,0.02191
3.62,3.38,1.3172,0.0000,0.00000,0.03102
3.88,3.38,1.1847,0.0000,0.00000,0.02981
4.12,3.38,1.1183,0.0000,0.00000,0.03003
4.38,3.38,1.3134,0.0000,0.00000,0.03715
4.62,3.38,1.4086,0.0000,0.00000,0.04159
4.88,3.38,1.3137,0.0000,0.00000,0.04275
5.12,3.38,1.3517,0.0000,0.00000,0.04636
5.38,3.38,1.4929,0.0000,0.00000,0.05126
5.62,3.38,1.4504,0.0000,0.00000,0.05232
5.88,3.38,1.4096,0.0000,0.00000,0.05342
6.12,3.38,1.5797,0.0000,0.00000,0.06241
6.38,3.38,1.5600,0.0000,0.00000,0.06443
6.62,3.38,1.4818,0.0000,0.00000,0.05927
6.88,3.38,1.6385,0.0000,0.00000,0.06188
7.12,3.38,1.3474,0.0000,0.00000,0.05101
7.38,3.38,0.7303,0.0000,0.00000,0.02826
2.62,3.62,0.0090,0.0000,0.00000,0.00014
2.88,3.62,0.0755,0.0000,0.00000,0.00123
3.12,3.62,0.3684,0.0000,0.00000,0.00631
3.38,3.62,0.9280,0.0000,0.00000,0.01708
3.62,3.62,1.3061,0.0000,0.00000,0.02590
3.88,3.62,1.2306,0.0000,0.00000,0.02593
4.12,3.62,1.1308,0.0000,0.00000,0.02540
4.38,3.62,1.3027,0.0000,0.00000,0.03103
4.62,3.62,1.4244,0.0000,0.00000,0.03592
4.88,3.62,1.3340,0.0000,0.00000,0.03654
5.12,3.62,1.3564,0.0000,0.00000,0.03846
5.38,3.62,1.5116,0.0000,0.00000,0.04253
5.62,3.62,1.4748,0.0000,0.00000,0.04321
5.88,3.62,1.4145,0.0000,0.00000,0.04439
6.12,3.62,1.5868,0.0000,0.00000,0.05332
6.38,3.62,1.5778,0.0000,0.00000,0.05533
6.62,3.62,1.4865,0.0000,0.00000,0.05016
6.88,3.62,1.6475,0.0000,0.00000,0.05166
7.12,3.62,1.3829,0.0000,0.00000,0.04216
7.38,3.62,0.7657,0.0000,0.00000,0.02314
2.62,3.88,0.0070,0.0000,0.00000,0.00009
2.88,3.88,0.0601,0.0000,0.00000,0.00087
3.12,3.88,0.3085,0.0000,0.00000,0.00471
3.38,3.88,0.8444,0.0000,0.00000,0.01326
3.62,3.88,1.2917,0.0000,0.00000,0.02085
3.88,3.88,1.2702,0.0000,0.00000,0.02157
4.12,3.88,1.1418,0.0000,0.00000,0.02124
4.38,3.88,1.2891,0.0000,0.00000,0.02613
4.62,3.88,1.4343,0.0000,0.00000,0.03114
4.88,3.88,1.3528,0.0000,0.00000,0.03142
5.12,3.88,1.3569,0.0000,0.00000,0.03227
5.38,3.88,1.5165,0.0000,0.00000,0.03581
5.62,3.88,1.4949,0.0000,0.00000,0.03637
5.88,3.88,1.4208,0.0000,0.00000,0.03708
6.12,3.88,1.5857,0.0000,0.00000,0.04377
6.38,3.88,1.5891,0.0000,0.00000,0.04458
6.62,3.88,1.4932,0.0000,0.00000,0.04077
6.88,3.88,1.6585,0.0000,0.00000,0.04334
7.12,3.88,1.4136,0.0000,0.00000,0.03627
7.38,3.88,0.7948,0.0000,0.00000,0.02028
2.62,4.12,0.0055,0.0000,0.00000,0.00006
2.88,4.12,0.0486,0.0000,0.00000,0.00062
3.12,4.12,0.2641,0.0000,0.00000,0.00351
3.38,4.12,0.7764,0.0000,0.00000,0.01045
3.62,4.12,1.2701,0.0000,0.00000,0.01723
3.88,4.12,1.2994,0.0000,0.00000,0.01830
4.12,4.12,1.1542,0.0000,0.00000,0.01803
4.38,4.12,1.2774,0.0000,0.00000,0.02201
4.62,4.12,1.4450,0.0000,0.00000,0.02610
4.88,4.12,1.3833,0.0000,0.00000,0.02610
5.12,4.12,1.3673,0.0000,0.00000,0.02690
5.38,4.12,1.5210,0.0000,0.00000,0.03089
5.62,4.12,1.5139,0.0000,0.00000,0.03253
5.88,4.12,1.4226,0.0000,0.00000,0.03312
6.12,4.12,1.5846,0.0000,0.00000,0.03738
6.38,4.12,1.6136,0.0000,0.00000,0.03664
6.62,4.12,1.5080,0.0000,0.00000,0.03357
6.88,4.12,1.6681,0.0000,0.00000,0.03691
7.12,4.12,1.4442,0.0000,0.00000,0.03198
7.38,4.12,0.8258,0.0000,0.00000,0.01838
2.62,4.38,0.0040,0.0000,0.00000,0.00005
2.88,4.38,0.0390,0.0000,0.00000,0.00049
3.12,4.38,0.2272,0.0000,0.00000,0.00297
3.38,4.38,0.7120,0.0000,0.00000,0.00942
3.62,4.38,1.2358,0.0000,0.00000,0.01611
3.88,4.38,1.3212,0.0000,0.00000,0.01689
4.12,4.38,1.1716,0.0000,0.00000,0.01574
4.38,4.38,1.2705,0.0000,0.00000,0.01867
4.62,4.38,1.4627,0.0000,0.00000,0.02232
4.88,4.38,1.4292,0.0000,0.00000,0.02252
5.12,4.38,1.3924,0.0000,0.00000,0.02329
5.38,4.38,1.5404,0.0000,0.00000,0.02734
5.62,4.38,1.5498,0.0000,0.00000,0.02989
5.88,4.38,1.4429,0.0000,0.00000,0.03099
6.12,4.38,1.6006,0.0000,0.00000,0.03423
6.38,4.38,1.6459,0.0000,0.00000,0.03255
6.62,4.38,1.5160,0.0000,0.00000,0.02900
6.88,4.38,1.6656,0.0000,0.00000,0.03171
7.12,4.38,1.4771,0.0000,0.00000,0.02800
7.38,4.38,0.8663,0.0000,0.00000,0.01642
2.62,4.62,0.0029,0.0000,0.00000,0.00005
2.88,4.62,0.0305,0.0000,0.00000,0.00054
3.12,4.62,0.1903,0.0000,0.00000,0.00322
3.38,4.62,0.6394,0.0000,0.00000,0.00992
3.62,4.62,1.1894,0.0000,0.00000,0.01659
3.88,4.62,1.3488,0.0000,0.00000,0.01691
4.12,4.62,1.2100,0.0000,0.00000,0.01477
4.38,4.62,1.2754,0.0000,0.00000,0.01682
4.62,4.62,1.4746,0.0000,0.00000,0.02047
4.88,4.62,1.4575,0.0000,0.00000,0.02109
5.12,4.62,1.3942,0.0000,0.00000,0.02139
5.38,4.62,1.5343,0.0000,0.00000,0.02412
5.62,4.62,1.5719,0.0000,0.00000,0.02590
5.88,4.62,1.4567,0.0000,0.00000,0.02672
6.12,4.62,1.6084,0.0000,0.00000,0.03013
6.38,4.62,1.6722,0.0000,0.00000,0.02928
6.62,4.62,1.5192,0.0000,0.00000,0.02558
6.88,4.62,1.6673,0.0000,0.00000,0.02744
7.12,4.62,1.5270,0.0000,0.00000,0.02455
7.38,4.62,0.9230,0.0000,0.00000,0.01462
2.62,4.88,0.0021,0.0000,0.00000,0.00006
2.88,4.88,0.0236,0.0000,0.00000,0.00058
3.12,4.88,0.1570,0.0000,0.00000,0.00325
3.38,4.88,0.5691,0.0000,0.00000,0.00958
3.62,4.88,1.1426,0.0000,0.00000,0.01604
3.88,4.88,1.3811,0.0000,0.00000,0.01699
4.12,4.88,1.2543,0.0000,0.00000,0.01467
4.38,4.88,1.2766,0.0000,0.00000,0.01599
4.62,4.88,1.4787,0.0000,0.00000,0.01971
4.88,4.88,1.4777,0.0000,0.00000,0.02113
5.12,4.88,1.3865,0.0000,0.00000,0.02134
5.38,4.88,1.5207,0.0000,0.00000,0.02222
5.62,4.88,1.5902,0.0000,0.00000,0.02247
5.88,4.88,1.4631,0.0000,0.00000,0.02214
6.12,4.88,1.6062,0.0000,0.00000,0.02527
6.38,4.88,1.6930,0.0000,0.00000,0.02581
6.62,4.88,1.5195,0.0000,0.00000,0.02260
6.88,4.88,1.6691,0.0000,0.00000,0.02410
7.12,4.88,1.5790,0.0000,0.00000,0.02198
7.38,4.88,0.9809,0.0000,0.00000,0.01331
2.62,5.12,0.0016,0.0000,0.00000,0.00003
2.88,5.12,0.0185,0.0000,0.00000,0.00036
3.12,5.12,0.1304,0.0000,0.00000,0.00215
3.38,5.12,0.5046,0.0000,0.00000,0.00696
3.62,5.12,1.0827,0.0000,0.00000,0.01335
3.88,5.12,1.3890,0.0000,0.00000,0.01615
4.12,5.12,1.2875,0.0000,0.00000,0.01473
4.38,5.12,1.2701,0.0000,0.00000,0.01536
4.62,5.12,1.4683,0.0000,0.00000,0.01846
4.88,5.12,1.4904,0.0000,0.00000,0.02030
5.12,5.12,1.3868,0.0000,0.00000,0.02079
5.38,5.12,1.5268,0.0000,0.00000,0.02116
5.62,5.12,1.6212,0.0000,0.00000,0.02084
5.88,5.12,1.4750,0.0000,0.00000,0.01958
6.12,5.12,1.6063,0.0000,0.00000,0.02178
6.38,5.12,1.7063,0.0000,0.00000,0.02275
6.62,5.12,1.5110,0.0000,0.00000,0.02011
6.88,5.12,1.6626,0.0000,0.00000,0.02182
7.12,5.12,1.6202,0.0000,0.00000,0.02057
7.38,5.12,1.0306,0.0000,0.00000,0.01276
2.62,5.38,0.0013,0.0000,0.00000,0.00001
2.88,5.38,0.0155,0.0000,0.00000,0.00016
3.12,5.38,0.1134,0.0000,0.00000,0.00120
3.38,5.38,0.4583,0.0000,0.00000,0.00486
3.62,5.38,1.0293,0.0000,0.00000,0.01095
3.88,5.38,1.3829,0.0000,0.00000,0.01460
4.12,5.38,1.3130,0.0000,0.00000,0.01407
4.38,5.38,1.2636,0.0000,0.00000,0.01434
4.62,5.38,1.4528,0.0000,0.00000,0.01661
4.88,5.38,1.5010,0.0000,0.00000,0.01804
5.12,5.38,1.3866,0.0000,0.00000,0.01827
5.38,5.38,1.5306,0.0000,0.00000,0.01930
5.62,5.38,1.6464,0.0000,0.00000,0.01935
5.88,5.38,1.4773,0.0000,0.00000,0.01771
6.12,5.38,1.6070,0.0000,0.00000,0.01948
6.38,5.38,1.7386,0.0000,0.00000,0.02063
6.62,5.38,1.5170,0.0000,0.00000,0.01826
6.88,5.38,1.6544,0.0000,0.00000,0.02003
7.12,5.38,1.6546,0.0000,0.00000,0.01943
7.38,5.38,1.0757,0.0000,0.00000,0.01232
2.62,5.62,0.0011,0.0000,0.00000,0.00001
2.88,5.62,0.0134,0.0000,0.00000,0.00010
3.12,5.62,0.1009,0.0000,0.00000,0.00089
3.38,5.62,0.4238,0.0000,0.00000,0.00407
3.62,5.62,0.9924,0.0000,0.00000,0.00964
3.88,5.62,1.3843,0.0000,0.00000,0.01313
4.12,5.62,1.3309,0.0000,0.00000,0.01265
4.38,5.62,1.2512,0.0000,0.00000,0.01255
4.62,5.62,1.4444,0.0000,0.00000,0.01490
4.88,5.62,1.5328,0.0000,0.00000,0.01673
5.12,5.62,1.4082,0.0000,0.00000,0.01685
5.38,5.62,1.5484,0.0000,0.00000,0.01788
5.62,5.62,1.6825,0.0000,0.00000,0.01781
5.88,5.62,1.4897,0.0000,0.00000,0.01604
6.12,5.62,1.6188,0.0000,0.00000,0.01798
6.38,5.62,1.7790,0.0000,0.00000,0.01930
6.62,5.62,1.5176,0.0000,0.00000,0.01664
6.88,5.62,1.6330,0.0000,0.00000,0.01815
7.12,5.62,1.6881,0.0000,0.00000,0.01842
7.38,5.62,1.1280,0.0000,0.00000,0.01212
2.62,5.88,0.0009,0.0000,0.00000,0.00001
2.88,5.88,0.0112,0.0000,0.00000,0.00008
3.12,5.88,0.0883,0.0000,0.00000,0.00073
3.38,5.88,0.3868,0.0000,0.00000,0.00337
3.62,5.88,0.9457,0.0000,0.00000,0.00843
3.88,5.88,1.3726,0.0000,0.00000,0.01223
4.12,5.88,1.3427,0.0000,0.00000,0.01198
4.38,5.88,1.2377,0.0000,0.00000,0.01138
4.62,5.88,1.4354,0.0000,0.00000,0.01375
4.88,5.88,1.5616,0.0000,0.00000,0.01606
5.12,5.88,1.4268,0.0000,0.00000,0.01619
5.38,5.88,1.5537,0.0000,0.00000,0.01679
5.62,5.88,1.7032,0.0000,0.00000,0.01661
5.88,5.88,1.4877,0.0000,0.00000,0.01484
6.12,5.88,1.6071,0.0000,0.00000,0.01685
6.38,5.88,1.7953,0.0000,0.00000,0.01852
6.62,5.88,1.5104,0.0000,0.00000,0.01568
6.88,5.88,1.6175,0.0000,0.00000,0.01714
7.12,5.88,1.7309,0.0000,0.00000,0.01840
7.38,5.88,1.1865,0.0000,0.00000,0.01262
2.62,6.12,0.0007,0.0000,0.00000,0.00000
2.88,6.12,0.0090,0.0000,0.00000,0.00007
3.12,6.12,0.0757,0.0000,0.00000,0.00058
3.38,6.12,0.3501,0.0000,0.00000,0.00283
3.62,6.12,0.8937,0.0000,0.00000,0.00771
3.88,6.12,1.3540,0.0000,0.00000,0.01229
4.12,6.12,1.3654,0.0000,0.00000,0.01262
4.38,6.12,1.2478,0.0000,0.00000,0.01157
4.62,6.12,1.4501,0.0000,0.00000,0.01365
4.88,6.12,1.6044,0.0000,0.00000,0.01561
5.12,6.12,1.4510,0.0000,0.00000,0.01502
5.38,6.12,1.5595,0.0000,0.00000,0.01559
5.62,6.12,1.7236,0.0000,0.00000,0.01597
5.88,6.12,1.4868,0.0000,0.00000,0.01433
6.12,6.12,1.5892,0.0000,0.00000,0.01651
6.38,6.12,1.8054,0.0000,0.00000,0.01876
6.62,6.12,1.5057,0.0000,0.00000,0.01549
6.88,6.12,1.6147,0.0000,0.00000,0.01629
7.12,6.12,1.7849,0.0000,0.00000,0.01785
7.38,6.12,1.2498,0.0000,0.00000,0.01249
2.62,6.38,0.0006,0.0000,0.00000,0.00000
2.88,6.38,0.0076,0.0000,0.00000,0.00005
3.12,6.38,0.0655,0.0000,0.00000,0.00047
3.38,6.38,0.3143,0.0000,0.00000,0.00251
3.62,6.38,0.8389,0.0000,0.00000,0.00739
3.88,6.38,1.3374,0.0000,0.00000,0.01257
4.12,6.38,1.3979,0.0000,0.00000,0.01336
4.38,6.38,1.2643,0.0000,0.00000,0.01200
4.62,6.38,1.4619,0.0000,0.00000,0.01386
4.88,6.38,1.6415,0.0000,0.00000,0.01545
5.12,6.38,1.4708,0.0000,0.00000,0.01411
5.38,6.38,1.5655,0.0000,0.00000,0.01462
5.62,6.38,1.7496,0.0000,0.00000,0.01545
5.88,6.38,1.5014,0.0000,0.00000,0.01396
6.12,6.38,1.5934,0.0000,0.00000,0.01625
6.38,6.38,1.8270,0.0000,0.00000,0.01878
6.62,6.38,1.5017,0.0000,0.00000,0.01512
6.88,6.38,1.6055,0.0000,0.00000,0.01531
7.12,6.38,1.8258,0.0000,0.00000,0.01692
7.38,6.38,1.3018,0.0000,0.00000,0.01197
2.62,6.62,0.0005,0.0000,0.00000,0.00000
2.88,6.62,0.0066,0.0000,0.00000,0.00004
3.12,6.62,0.0571,0.0000,0.00000,0.00041
3.38,6.62,0.2808,0.0000,0.00000,0.00228
3.62,6.62,0.7888,0.0000,0.00000,0.00701
3.88,6.62,1.3265,0.0000,0.00000,0.01216
4.12,6.62,1.4271,0.0000,0.00000,0.01298
4.38,6.62,1.2695,0.0000,0.00000,0.01188
4.62,6.62,1.4455,0.0000,0.00000,0.01384
4.88,6.62,1.6422,0.0000,0.00000,0.01506
5.12,6.62,1.4602,0.0000,0.00000,0.01324
5.38,6.62,1.5469,0.0000,0.00000,0.01366
5.62,6.62,1.7591,0.0000,0.00000,0.01487
5.88,6.62,1.5098,0.0000,0.00000,0.01324
6.12,6.62,1.6073,0.0000,0.00000,0.01456
6.38,6.62,1.8639,0.0000,0.00000,0.01650
6.62,6.62,1.5066,0.0000,0.00000,0.01356
6.88,6.62,1.5917,0.0000,0.00000,0.01454
7.12,6.62,1.8533,0.0000,0.00000,0.01661
7.38,6.62,1.3428,0.0000,0.00000,0.01190
2.62,6.88,0.0004,0.0000,0.00000,0.00000
2.88,6.88,0.0053,0.0000,0.00000,0.00003
3.12,6.88,0.0482,0.0000,0.00000,0.00035
3.38,6.88,0.2490,0.0000,0.00000,0.00207
3.62,6.88,0.7398,0.0000,0.00000,0.00662
3.88,6.88,1.3107,0.0000,0.00000,0.01172
4.12,6.88,1.4574,0.0000,0.00000,0.01259
4.38,6.88,1.2873,0.0000,0.00000,0.01164
4.62,6.88,1.4416,0.0000,0.00000,0.01355
4.88,6.88,1.6470,0.0000,0.00000,0.01453
5.12,6.88,1.4538,0.0000,0.00000,0.01253
5.38,6.88,1.5410,0.0000,0.00000,0.01292
5.62,6.88,1.7806,0.0000,0.00000,0.01434
5.88,6.88,1.5203,0.0000,0.00000,0.01245
6.12,6.88,1.6152,0.0000,0.00000,0.01304
6.38,6.88,1.8879,0.0000,0.00000,0.01464
6.62,6.88,1.5050,0.0000,0.00000,0.01224
6.88,6.88,1.5860,0.0000,0.00000,0.01342
7.12,6.88,1.8948,0.0000,0.00000,0.01530
7.38,6.88,1.3939,0.0000,0.00000,0.01092
2.62,7.12,0.0003,0.0000,0.00000,0.00000
2.88,7.12,0.0043,0.0000,0.00000,0.00003
3.12,7.12,0.0419,0.0000,0.00000,0.00030
3.38,7.12,0.2273,0.0000,0.00000,0.00182
3.62,7.12,0.6987,0.0000,0.00000,0.00598
3.88,7.12,1.2852,0.0000,0.00000,0.01097
4.12,7.12,1.4759,0.0000,0.00000,0.01217
4.38,7.12,1.3033,0.0000,0.00000,0.01092
4.62,7.12,1.4467,0.0000,0.00000,0.01239
4.88,7.12,1.6739,0.0000,0.00000,0.01383
5.12,7.12,1.4778,0.0000,0.00000,0.01217
5.38,7.12,1.5578,0.0000,0.00000,0.01252
5.62,7.12,1.8080,0.0000,0.00000,0.01397
5.88,7.12,1.5295,0.0000,0.00000,0.01196
6.12,7.12,1.6172,0.0000,0.00000,0.01269
6.38,7.12,1.9030,0.0000,0.00000,0.01465
6.62,7.12,1.5031,0.0000,0.00000,0.01214
6.88,7.12,1.5875,0.0000,0.00000,0.01274
7.12,7.12,1.9372,0.0000,0.00000,0.01418
7.38,7.12,1.4412,0.0000,0.00000,0.01003
2.62,7.38,0.0002,0.0000,0.00000,0.00000
2.88,7.38,0.0038,0.0000,0.00000,0.00002
3.12,7.38,0.0385,0.0000,0.00000,0.00027
3.38,7.38,0.2146,0.0000,0.00000,0.00165
3.62,7.38,0.6712,0.0000,0.00000,0.00545
3.88,7.38,1.2660,0.0000,0.00000,0.01032
4.12,7.38,1.4909,0.0000,0.00000,0.01190
4.38,7.38,1.3162,0.0000,0.00000,0.01048
4.62,7.38,1.4558,0.0000,0.00000,0.01152
4.88,7.38,1.7137,0.0000,0.00000,0.01333
5.12,7.38,1.5189,0.0000,0.00000,0.01204
5.38,7.38,1.5851,0.0000,0.00000,0.01262
5.62,7.38,1.8350,0.0000,0.00000,0.01429
5.88,7.38,1.5417,0.0000,0.00000,0.01212
6.12,7.38,1.6257,0.0000,0.00000,0.01279
6.38,7.38,1.9240,0.0000,0.00000,0.01476
6.62,7.38,1.5005,0.0000,0.00000,0.01186
6.88,7.38,1.5775,0.0000,0.00000,0.01218
7.12,7.38,1.9636,0.0000,0.00000,0.01386
7.38,7.38,1.4770,0.0000,0.00000,0.00996
2.62,7.62,0.0002,0.0000,0.00000,0.00000
2.88,7.62,0.0034,0.0000,0.00000,0.00002
3.12,7.62,0.0354,0.0000,0.00000,0.00025
3.38,7.62,0.2014,0.0000,0.00000,0.00151
3.62,7.62,0.6424,0.0000,0.00000,0.00504
3.88,7.62,1.2476,0.0000,0.00000,0.00984
4.12,7.62,1.5078,0.0000,0.00000,0.01178
4.38,7.62,1.3310,0.0000,0.00000,0.01048
4.62,7.62,1.4581,0.0000,0.00000,0.01124
4.88,7.62,1.7311,0.0000,0.00000,0.01295
5.12,7.62,1.5400,0.0000,0.00000,0.01183
5.38,7.62,1.6053,0.0000,0.00000,0.01285
5.62,7.62,1.8656,0.0000,0.00000,0.01490
5.88,7.62,1.5606,0.0000,0.00000,0.01254
6.12,7.62,1.6403,0.0000,0.00000,0.01268
6.38,7.62,1.9511,0.0000,0.00000,0.01410
6.62,7.62,1.5035,0.0000,0.00000,0.01091
6.88,7.62,1.5755,0.0000,0.00000,0.01142
7.12,7.62,2.0006,0.0000,0.00000,0.01382
7.38,7.62,1.5210,0.0000,0.00000,0.01026
2.62,7.88,0.0002,0.0000,0.00000,0.00000
2.88,7.88,0.0028,0.0000,0.00000,0.00002
3.12,7.88,0.0313,0.0000,0.00000,0.00021
3.38,7.88,0.1843,0.0000,0.00000,0.00135
3.62,7.88,0.6088,0.0000,0.00000,0.00470
3.88,7.88,1.2286,0.0000,0.00000,0.00956
4.12,7.88,1.5285,0.0000,0.00000,0.01182
4.38,7.88,1.3500,0.0000,0.00000,0.01065
4.62,7.88,1.4573,0.0000,0.00000,0.01126
4.88,7.88,1.7387,0.0000,0.00000,0.01281
5.12,7.88,1.5497,0.0000,0.00000,0.01150
5.38,7.88,1.6095,0.0000,0.00000,0.01230
5.62,7.88,1.8820,0.0000,0.00000,0.01428
5.88,7.88,1.5711,0.0000,0.00000,0.01215
6.12,7.88,1.6508,0.0000,0.00000,0.01239
6.38,7.88,1.9798,0.0000,0.00000,0.01364
6.62,7.88,1.5129,0.0000,0.00000,0.01039
6.88,7.88,1.5817,0.0000,0.00000,0.01120
7.12,7.88,2.0434,0.0000,0.00000,0.01425
7.38,7.88,1.5675,0.0000,0.00000,0.01083
2.62,8.12,0.0001,0.0000,0.00000,0.00000
2.88,8.12,0.0023,0.0000,0.00000,0.00001
3.12,8.12,0.0277,0.0000,0.00000,0.00019
3.38,8.12,0.1696,0.0000,0.00000,0.00125
3.62,8.12,0.5789,0.0000,0.00000,0.00451
3.88,8.12,1.2118,0.0000,0.00000,0.00945
4.12,8.12,1.5529,0.0000,0.00000,0.01195
4.38,8.12,1.3794,0.0000,0.00000,0.01075
4.62,8.12,1.4678,0.0000,0.00000,0.01110
4.88,8.12,1.7544,0.0000,0.00000,0.01248
5.12,8.12,1.5644,0.0000,0.00000,0.01106
5.38,8.12,1.6143,0.0000,0.00000,0.01153
5.62,8.12,1.8941,0.0000,0.00000,0.01323
5.88,8.12,1.5781,0.0000,0.00000,0.01127
6.12,8.12,1.6555,0.0000,0.00000,0.01179
6.38,8.12,1.9954,0.0000,0.00000,0.01341
6.62,8.12,1.5113,0.0000,0.00000,0.01048
6.88,8.12,1.5791,0.0000,0.00000,0.01194
7.12,8.12,2.0742,0.0000,0.00000,0.01572
7.38,8.12,1.6039,0.0000,0.00000,0.01207
2.62,8.38,0.0001,0.0000,0.00000,0.00000
2.88,8.38,0.0021,0.0000,0.00000,0.00001
3.12,8.38,0.0257,0.0000,0.00000,0.00018
3.38,8.38,0.1606,0.0000,0.00000,0.00119
3.62,8.38,0.5588,0.0000,0.00000,0.00432
3.88,8.38,1.1984,0.0000,0.00000,0.00920
4.12,8.38,1.5667,0.0000,0.00000,0.01176
4.38,8.38,1.3976,0.0000,0.00000,0.01043
4.62,8.38,1.4695,0.0000,0.00000,0.01046
4.88,8.38,1.7564,0.0000,0.00000,0.01172
5.12,8.38,1.5726,0.0000,0.00000,0.01043
5.38,8.38,1.6207,0.0000,0.00000,0.01082
5.62,8.38,1.9098,0.0000,0.00000,0.01246
5.88,8.38,1.5921,0.0000,0.00000,0.01060
6.12,8.38,1.6700,0.0000,0.00000,0.01108
6.38,8.38,2.0226,0.0000,0.00000,0.01299
6.62,8.38,1.5200,0.0000,0.00000,0.01047
6.88,8.38,1.5795,0.0000,0.00000,0.01232
7.12,8.38,2.0978,0.0000,0.00000,0.01631
7.38,8.38,1.6316,0.0000,0.00000,0.01253
2.62,8.62,0.0001,0.0000,0.00000,0.00000
2.88,8.62,0.0020,0.0000,0.00000,0.00001
3.12,8.62,0.0246,0.0000,0.00000,0.00017
3.38,8.62,0.1545,0.0000,0.00000,0.00116
3.62,8.62,0.5422,0.0000,0.00000,0.00417
3.88,8.62,1.1834,0.0000,0.00000,0.00896
4.12,8.62,1.5745,0.0000,0.00000,0.01157
4.38,8.62,1.4120,0.0000,0.00000,0.01016
4.62,8.62,1.4721,0.0000,0.00000,0.01009
4.88,8.62,1.7610,0.0000,0.00000,0.01141
5.12,8.62,1.5847,0.0000,0.00000,0.01012
5.38,8.62,1.6288,0.0000,0.00000,0.01023
5.62,8.62,1.9233,0.0000,0.00000,0.01186
5.88,8.62,1.6064,0.0000,0.00000,0.01025
6.12,8.62,1.6809,0.0000,0.00000,0.01059
6.38,8.62,2.0410,0.0000,0.00000,0.01242
6.62,8.62,1.5216,0.0000,0.00000,0.01016
6.88,8.62,1.5727,0.0000,0.00000,0.01175
7.12,8.62,2.1139,0.0000,0.00000,0.01506
7.38,8.62,1.6544,0.0000,0.00000,0.01139
2.62,8.88,0.0001,0.0000,0.00000,0.00000
2.88,8.88,0.0018,0.0000,0.00000,0.00001
3.12,8.88,0.0235,0.0000,0.00000,0.00017
3.38,8.88,0.1479,0.0000,0.00000,0.00109
3.62,8.88,0.5222,0.0000,0.00000,0.00394
3.88,8.88,1.1625,0.0000,0.00000,0.00862
4.12,8.88,1.5809,0.0000,0.00000,0.01134
4.38,8.88,1.4297,0.0000,0.00000,0.00997
4.62,8.88,1.4761,0.0000,0.00000,0.00995
4.88,8.88,1.7699,0.0000,0.00000,0.01148
5.12,8.88,1.6046,0.0000,0.00000,0.01018
5.38,8.88,1.6407,0.0000,0.00000,0.01006
5.62,8.88,1.9382,0.0000,0.00000,0.01166
5.88,8.88,1.6202,0.0000,0.00000,0.01013
6.12,8.88,1.6880,0.0000,0.00000,0.01036
6.38,8.88,2.0504,0.0000,0.00000,0.01209
6.62,8.88,1.5185,0.0000,0.00000,0.00989
6.88,8.88,1.5681,0.0000,0.00000,0.01106
7.12,8.88,2.1326,0.0000,0.00000,0.01364
7.38,8.88,1.6782,0.0000,0.00000,0.01013
2.62,9.12,0.0001,0.0000,0.00000,0.00000
2.88,9.12,0.0017,0.0000,0.00000,0.00001
3.12,9.12,0.0221,0.0000,0.00000,0.00015
3.38,9.12,0.1399,0.0000,0.00000,0.00098
3.62,9.12,0.5023,0.0000,0.00000,0.00366
3.88,9.12,1.1466,0.0000,0.00000,0.00832
4.12,9.12,1.5915,0.0000,0.00000,0.01119
4.38,9.12,1.4454,0.0000,0.00000,0.00983
4.62,9.12,1.4772,0.0000,0.00000,0.00979
4.88,9.12,1.7862,0.0000,0.00000,0.01159
5.12,9.12,1.6376,0.0000,0.00000,0.01049
5.38,9.12,1.6662,0.0000,0.00000,0.01024
5.62,9.12,1.9671,0.0000,0.00000,0.01174
5.88,9.12,1.6485,0.0000,0.00000,0.01016
6.12,9.12,1.7131,0.0000,0.00000,0.01035
6.38,9.12,2.0815,0.0000,0.00000,0.01196
6.62,9.12,1.5331,0.0000,0.00000,0.00931
6.88,9.12,1.5778,0.0000,0.00000,0.00981
7.12,9.12,2.1625,0.0000,0.00000,0.01234
7.38,9.12,1.7085,0.0000,0.00000,0.00933
2.62,9.38,0.0001,0.0000,0.00000,0.00000
2.88,9.38,0.0017,0.0000,0.00000,0.00001
3.12,9.38,0.0212,0.0000,0.00000,0.00013
3.38,9.38,0.1340,0.0000,0.00000,0.00092
3.62,9.38,0.4892,0.0000,0.00000,0.00359
3.88,9.38,1.1405,0.0000,0.00000,0.00836
4.12,9.38,1.6075,0.0000,0.00000,0.01136
4.38,9.38,1.4630,0.0000,0.00000,0.00996
4.62,9.38,1.4788,0.0000,0.00000,0.00984
4.88,9.38,1.8011,0.0000,0.00000,0.01199
5.12,9.38,1.6711,0.0000,0.00000,0.01128
5.38,9.38,1.6932,0.0000,0.00000,0.01080
5.62,9.38,1.9923,0.0000,0.00000,0.01205
5.88,9.38,1.6720,0.0000,0.00000,0.01043
6.12,9.38,1.7312,0.0000,0.00000,0.01051
6.38,9.38,2.1028,0.0000,0.00000,0.01189
6.62,9.38,1.5415,0.0000,0.00000,0.00879
6.88,9.38,1.5841,0.0000,0.00000,0.00911
7.12,9.38,2.1884,0.0000,0.00000,0.01210
7.38,9.38,1.7352,0.0000,0.00000,0.00942
2.62,9.62,0.0001,0.0000,0.00000,0.00000
2.88,9.62,0.0016,0.0000,0.00000,0.00001
3.12,9.62,0.0202,0.0000,0.00000,0.00012
3.38,9.62,0.1286,0.0000,0.00000,0.00088
3.62,9.62,0.4764,0.0000,0.00000,0.00350
3.88,9.62,1.1312,0.0000,0.00000,0.00829
4.12,9.62,1.6191,0.0000,0.00000,0.01144
4.38,9.62,1.4824,0.0000,0.00000,0.01014
4.62,9.62,1.4817,0.0000,0.00000,0.00998
4.88,9.62,1.8077,0.0000,0.00000,0.01245
5.12,9.62,1.6964,0.0000,0.00000,0.01214
5.38,9.62,1.7111,0.0000,0.00000,0.01123
5.62,9.62,2.0058,0.0000,0.00000,0.01204
5.88,9.62,1.6869,0.0000,0.00000,0.01043
6.12,9.62,1.7396,0.0000,0.00000,0.01051
6.38,9.62,2.1109,0.0000,0.00000,0.01178
6.62,9.62,1.5418,0.0000,0.00000,0.00855
6.88,9.62,1.5861,0.0000,0.00000,0.00906
7.12,9.62,2.2085,0.0000,0.00000,0.01246
7.38,9.62,1.7571,0.0000,0.00000,0.00984
2.62,9.88,0.0001,0.0000,0.00000,0.00000
2.88,9.88,0.0016,0.0000,0.00000,0.00001
3.12,9.88,0.0200,0.0000,0.00000,0.00012
3.38,9.88,0.1263,0.0000,0.00000,0.00084
3.62,9.88,0.4660,0.0000,0.00000,0.00328
3.88,9.88,1.1153,0.0000,0.00000,0.00785
4.12,9.88,1.6230,0.0000,0.00000,0.01116
4.38,9.88,1.5081,0.0000,0.00000,0.01020
4.62,9.88,1.4965,0.0000,0.00000,0.00996
4.88,9.88,1.8268,0.0000,0.00000,0.01227
5.12,9.88,1.7326,0.0000,0.00000,0.01190
5.38,9.88,1.7300,0.0000,0.00000,0.01078
5.62,9.88,2.0165,0.0000,0.00000,0.01148
5.88,9.88,1.7066,0.0000,0.00000,0.01007
6.12,9.88,1.7619,0.0000,0.00000,0.01034
6.38,9.88,2.1384,0.0000,0.00000,0.01170
6.62,9.88,1.5598,0.0000,0.00000,0.00840
6.88,9.88,1.6020,0.0000,0.00000,0.00858
7.12,9.88,2.2380,0.0000,0.00000,0.01173
7.38,9.88,1.7838,0.0000,0.00000,0.00926
2.62,10.12,0.0001,0.0000,0.00000,0.00000
2.88,10.12,0.0016,0.0000,0.00000,0.00001
3.12,10.12,0.0201,0.0000,0.00000,0.00012
3.38,10.12,0.1262,0.0000,0.00000,0.00083
3.62,10.12,0.4593,0.0000,0.00000,0.00316
3.88,10.12,1.0986,0.0000,0.00000,0.00755
4.12,10.12,1.6215,0.0000,0.00000,0.01091
4.38,10.12,1.5289,0.0000,0.00000,0.01009
4.62,10.12,1.5021,0.0000,0.00000,0.00965
4.88,10.12,1.8332,0.0000,0.00000,0.01152
5.12,10.12,1.7638,0.0000,0.00000,0.01102
5.38,10.12,1.7471,0.0000,0.00000,0.01013
5.62,10.12,2.0242,0.0000,0.00000,0.01105
5.88,10.12,1.7272,0.0000,0.00000,0.00979
6.12,10.12,1.7842,0.0000,0.00000,0.01002
6.38,10.12,2.1646,0.0000,0.00000,0.01143
6.62,10.12,1.5798,0.0000,0.00000,0.00823
6.88,10.12,1.6155,0.0000,0.00000,0.00809
7.12,10.12,2.2566,0.0000,0.00000,0.01084
7.38,10.12,1.8000,0.0000,0.00000,0.00852
2.62,10.38,0.0001,0.0000,0.00000,0.00000
2.88,10.38,0.0016,0.0000,0.00000,0.00001
3.12,10.38,0.0202,0.0000,0.00000,0.00013
3.38,10.38,0.1254,0.0000,0.00000,0.00083
3.62,10.38,0.4509,0.0000,0.00000,0.00311
3.88,10.38,1.0815,0.0000,0.00000,0.00748
4.12,10.38,1.6242,0.0000,0.00000,0.01089
4.38,10.38,1.5536,0.0000,0.00000,0.01001
4.62,10.38,1.4952,0.0000,0.00000,0.00924
4.88,10.38,1.8163,0.0000,0.00000,0.01082
5.12,10.38,1.7833,0.0000,0.00000,0.01043
5.38,10.38,1.7638,0.0000,0.00000,0.00983
5.62,10.38,2.0366,0.0000,0.00000,0.01095
5.88,10.38,1.7526,0.0000,0.00000,0.00973
6.12,10.38,1.7936,0.0000,0.00000,0.00982
6.38,10.38,2.1618,0.0000,0.00000,0.01125
6.62,10.38,1.5794,0.0000,0.00000,0.00822
6.88,10.38,1.6184,0.0000,0.00000,0.00826
7.12,10.38,2.2658,0.0000,0.00000,0.01110
7.38,10.38,1.8094,0.0000,0.00000,0.00872
2.62,10.62,0.0001,0.0000,0.00000,0.00000
2.88,10.62,0.0017,0.0000,0.00000,0.00001
3.12,10.62,0.0202,0.0000,0.00000,0.00012
3.38,10.62,0.1237,0.0000,0.00000,0.00080
3.62,10.62,0.4414,0.0000,0.00000,0.00297
3.88,10.62,1.0617,0.0000,0.00000,0.00714
4.12,10.62,1.6203,0.0000,0.00000,0.01057
4.38,10.62,1.5755,0.0000,0.00000,0.00988
4.62,10.62,1.4923,0.0000,0.00000,0.00895
4.88,10.62,1.8073,0.0000,0.00000,0.01037
5.12,10.62,1.8106,0.0000,0.00000,0.01014
5.38,10.62,1.7763,0.0000,0.00000,0.00973
5.62,10.62,2.0387,0.0000,0.00000,0.01105
5.88,10.62,1.7792,0.0000,0.00000,0.00996
6.12,10.62,1.8224,0.0000,0.00000,0.01009
6.38,10.62,2.1863,0.0000,0.00000,0.01157
6.62,10.62,1.5962,0.0000,0.00000,0.00847
6.88,10.62,1.6355,0.0000,0.00000,0.00865
7.12,10.62,2.2945,0.0000,0.00000,0.01175
7.38,10.62,1.8346,0.0000,0.00000,0.00927
2.62,10.88,0.0001,0.0000,0.00000,0.00000
2.88,10.88,0.0016,0.0000,0.00000,0.00001
3.12,10.88,0.0196,0.0000,0.00000,0.00012
3.38,10.88,0.1212,0.0000,0.00000,0.00078
3.62,10.88,0.4317,0.0000,0.00000,0.00284
3.88,10.88,1.0379,0.0000,0.00000,0.00675
4.12,10.88,1.6079,0.0000,0.00000,0.01025
4.38,10.88,1.5978,0.0000,0.00000,0.01001
4.62,10.88,1.4972,0.0000,0.00000,0.00896
4.88,10.88,1.8098,0.0000,0.00000,0.01020
5.12,10.88,1.8540,0.0000,0.00000,0.01016
5.38,10.88,1.7928,0.0000,0.00000,0.00975
5.62,10.88,2.0327,0.0000,0.00000,0.01116
5.88,10.88,1.8051,0.0000,0.00000,0.01025
6.12,10.88,1.8620,0.0000,0.00000,0.01036
6.38,10.88,2.2253,0.0000,0.00000,0.01175
6.62,10.88,1.6215,0.0000,0.00000,0.00854
6.88,10.88,1.6520,0.0000,0.00000,0.00874
7.12,10.88,2.3163,0.0000,0.00000,0.01198
7.38,10.88,1.8530,0.0000,0.00000,0.00948
2.62,11.12,0.0001,0.0000,0.00000,0.00000
2.88,11.12,0.0014,0.0000,0.00000,0.00001
3.12,11.12,0.0189,0.0000,0.00000,0.00012
3.38,11.12,0.1183,0.0000,0.00000,0.00077
3.62,11.12,0.4217,0.0000,0.00000,0.00278
3.88,11.12,1.0158,0.0000,0.00000,0.00654
4.12,11.12,1.6037,0.0000,0.00000,0.01015
4.38,11.12,1.6337,0.0000,0.00000,0.01036
4.62,11.12,1.5086,0.0000,0.00000,0.00922
4.88,11.12,1.8072,0.0000,0.00000,0.01041
5.12,11.12,1.8902,0.0000,0.00000,0.01070
5.38,11.12,1.8069,0.0000,0.00000,0.01005
5.62,11.12,2.0327,0.0000,0.00000,0.01119
5.88,11.12,1.8431,0.0000,0.00000,0.01039
6.12,11.12,1.8983,0.0000,0.00000,0.01034
6.38,11.12,2.2440,0.0000,0.00000,0.01153
6.62,11.12,1.6311,0.0000,0.00000,0.00850
6.88,11.12,1.6543,0.0000,0.00000,0.00905
7.12,11.12,2.3168,0.0000,0.00000,0.01254
7.38,11.12,1.8536,0.0000,0.00000,0.00994
2.62,11.38,0.0001,0.0000,0.00000,0.00000
2.88,11.38,0.0014,0.0000,0.00000,0.00001
3.12,11.38,0.0186,0.0000,0.00000,0.00012
3.38,11.38,0.1164,0.0000,0.00000,0.00077
3.62,11.38,0.4128,0.0000,0.00000,0.00276
3.88,11.38,0.9951,0.0000,0.00000,0.00645
4.12,11.38,1.5979,0.0000,0.00000,0.01014
4.38,11.38,1.6606,0.0000,0.00000,0.01062
4.62,11.38,1.5087,0.0000,0.00000,0.00950
4.88,11.38,1.7951,0.0000,0.00000,0.01099
5.12,11.38,1.9261,0.0000,0.00000,0.01183
5.38,11.38,1.8241,0.0000,0.00000,0.01078
5.62,11.38,2.0360,0.0000,0.00000,0.01148
5.88,11.38,1.8932,0.0000,0.00000,0.01085
6.12,11.38,1.9413,0.0000,0.00000,0.01074
6.38,11.38,2.2587,0.0000,0.00000,0.01179
6.62,11.38,1.6378,0.0000,0.00000,0.00872
6.88,11.38,1.6567,0.0000,0.00000,0.00936
7.12,11.38,2.3182,0.0000,0.00000,0.01302
7.38,11.38,1.8551,0.0000,0.00000,0.01034
2.62,11.62,0.0001,0.0000,0.00000,0.00000
2.88,11.62,0.0014,0.0000,0.00000,0.00001
3.12,11.62,0.0187,0.0000,0.00000,0.00013
3.38,11.62,0.1166,0.0000,0.00000,0.00084
3.62,11.62,0.4078,0.0000,0.00000,0.00290
3.88,11.62,0.9731,0.0000,0.00000,0.00662
4.12,11.62,1.5816,0.0000,0.00000,0.01047
4.38,11.62,1.6778,0.0000,0.00000,0.01124
4.62,11.62,1.5022,0.0000,0.00000,0.00995
4.88,11.62,1.7813,0.0000,0.00000,0.01156
5.12,11.62,1.9660,0.0000,0.00000,0.01288
5.38,11.62,1.8318,0.0000,0.00000,0.01143
5.62,11.62,2.0208,0.0000,0.00000,0.01193
5.88,11.62,1.9450,0.0000,0.00000,0.01179
6.12,11.62,1.9926,0.0000,0.00000,0.01161
6.38,11.62,2.2753,0.0000,0.00000,0.01241
6.62,11.62,1.6487,0.0000,0.00000,0.00905
6.88,11.62,1.6689,0.0000,0.00000,0.00935
7.12,11.62,2.3336,0.0000,0.00000,0.01290
7.38,11.62,1.8680,0.0000,0.00000,0.01026
2.62,11.88,0.0001,0.0000,0.00000,0.00000
2.88,11.88,0.0014,0.0000,0.00000,0.00001
3.12,11.88,0.0185,0.0000,0.00000,0.00014
3.38,11.88,0.1151,0.0000,0.00000,0.00090
3.62,11.88,0.4003,0.0000,0.00000,0.00307
3.88,11.88,0.9490,0.0000,0.00000,0.00690
4.12,11.88,1.5662,0.0000,0.00000,0.01103
4.38,11.88,1.7049,0.0000,0.00000,0.01200
4.62,11.88,1.5100,0.0000,0.00000,0.01027
4.88,11.88,1.7743,0.0000,0.00000,0.01141
5.12,11.88,1.9991,0.0000,0.00000,0.01271
5.38,11.88,1.8272,0.0000,0.00000,0.01128
5.62,11.88,1.9993,0.0000,0.00000,0.01208
5.88,11.88,2.0079,0.0000,0.00000,0.01264
6.12,11.88,2.0571,0.0000,0.00000,0.01244
6.38,11.88,2.2984,0.0000,0.00000,0.01294
6.62,11.88,1.6659,0.0000,0.00000,0.00940
6.88,11.88,1.6884,0.0000,0.00000,0.00963
7.12,11.88,2.3558,0.0000,0.00000,0.01322
7.38,11.88,1.8853,0.0000,0.00000,0.01051
2.62,12.12,0.0000,0.0000,0.00000,0.00000
2.88,12.12,0.0013,0.0000,0.00000,0.00001
3.12,12.12,0.0175,0.0000,0.00000,0.00014
3.38,12.12,0.1104,0.0000,0.00000,0.00090
3.62,12.12,0.3866,0.0000,0.00000,0.00308
3.88,12.12,0.9183,0.0000,0.00000,0.00703
4.12,12.12,1.5451,0.0000,0.00000,0.01123
4.38,12.12,1.7284,0.0000,0.00000,0.01199
4.62,12.12,1.5161,0.0000,0.00000,0.01003
4.88,12.12,1.7627,0.0000,0.00000,0.01090
5.12,12.12,2.0269,0.0000,0.00000,0.01214
5.38,12.12,1.8199,0.0000,0.00000,0.01085
5.62,12.12,1.9754,0.0000,0.00000,0.01186
5.88,12.12,2.0719,0.0000,0.00000,0.01290
6.12,12.12,2.1285,0.0000,0.00000,0.01304
6.38,12.12,2.3327,0.0000,0.00000,0.01366
6.62,12.12,1.6908,0.0000,0.00000,0.00997
6.88,12.12,1.7103,0.0000,0.00000,0.01020
7.12,12.12,2.3791,0.0000,0.00000,0.01399
7.38,12.12,1.9035,0.0000,0.00000,0.01114
2.62,12.38,0.0000,0.0000,0.00000,0.00000
2.88,12.38,0.0012,0.0000,0.00000,0.00001
3.12,12.38,0.0162,0.0000,0.00000,0.00013
3.38,12.38,0.1044,0.0000,0.00000,0.00085
3.62,12.38,0.3737,0.0000,0.00000,0.00303
3.88,12.38,0.8943,0.0000,0.00000,0.00715
4.12,12.38,1.5299,0.0000,0.00000,0.01145
4.38,12.38,1.7539,0.0000,0.00000,0.01207
4.62,12.38,1.5263,0.0000,0.00000,0.01008
4.88,12.38,1.7491,0.0000,0.00000,0.01093
5.12,12.38,2.0422,0.0000,0.00000,0.01218
5.38,12.38,1.8030,0.0000,0.00000,0.01080
5.62,12.38,1.9443,0.0000,0.00000,0.01174
5.88,12.38,2.1242,0.0000,0.00000,0.01304
6.12,12.38,2.1807,0.0000,0.00000,0.01342
6.38,12.38,2.3456,0.0000,0.00000,0.01417
6.62,12.38,1.7044,0.0000,0.00000,0.01036
6.88,12.38,1.7222,0.0000,0.00000,0.01040
7.12,12.38,2.3862,0.0000,0.00000,0.01417
7.38,12.38,1.9083,0.0000,0.00000,0.01128
2.62,12.62,0.0000,0.0000,0.00000,0.00000
2.88,12.62,0.0010,0.0000,0.00000,0.00001
3.12,12.62,0.0145,0.0000,0.00000,0.00011
3.38,12.62,0.0974,0.0000,0.00000,0.00076
3.62,12.62,0.3612,0.0000,0.00000,0.00288
3.88,12.62,0.8724,0.0000,0.00000,0.00691
4.12,12.62,1.5131,0.0000,0.00000,0.01119
4.38,12.62,1.7810,0.0000,0.00000,0.01226
4.62,12.62,1.5508,0.0000,0.00000,0.01064
4.88,12.62,1.7496,0.0000,0.00000,0.01159
5.12,12.62,2.0647,0.0000,0.00000,0.01289
5.38,12.62,1.7956,0.0000,0.00000,0.01118
5.62,12.62,1.9249,0.0000,0.00000,0.01191
5.88,12.62,2.1797,0.0000,0.00000,0.01339
6.12,12.62,2.2241,0.0000,0.00000,0.01373
6.38,12.62,2.3500,0.0000,0.00000,0.01445
6.62,12.62,1.7219,0.0000,0.00000,0.01062
6.88,12.62,1.7389,0.0000,0.00000,0.01056
7.12,12.62,2.3928,0.0000,0.00000,0.01432
7.38,12.62,1.9118,0.0000,0.00000,0.01140
2.62,12.88,0.0000,0.0000,0.00000,0.00000
2.88,12.88,0.0009,0.0000,0.00000,0.00001
3.12,12.88,0.0134,0.0000,0.00000,0.00010
3.38,12.88,0.0932,0.0000,0.00000,0.00073
3.62,12.88,0.3537,0.0000,0.00000,0.00284
3.88,12.88,0.8526,0.0000,0.00000,0.00672
4.12,12.88,1.4912,0.0000,0.00000,0.01095
4.38,12.88,1.8019,0.0000,0.00000,0.01265
4.62,12.88,1.5778,0.0000,0.00000,0.01123
4.88,12.88,1.7545,0.0000,0.00000,0.01200
5.12,12.88,2.0891,0.0000,0.00000,0.01350
5.38,12.88,1.7955,0.0000,0.00000,0.01166
5.62,12.88,1.9104,0.0000,0.00000,0.01232
5.88,12.88,2.2301,0.0000,0.00000,0.01405
6.12,12.88,2.2591,0.0000,0.00000,0.01416
6.38,12.88,2.3514,0.0000,0.00000,0.01471
6.62,12.88,1.7478,0.0000,0.00000,0.01101
6.88,12.88,1.7659,0.0000,0.00000,0.01103
7.12,12.88,2.4058,0.0000,0.00000,0.01487
7.38,12.88,1.9185,0.0000,0.00000,0.01183
2.62,13.12,0.0000,0.0000,0.00000,0.00000
2.88,13.12,0.0009,0.0000,0.00000,0.00001
3.12,13.12,0.0124,0.0000,0.00000,0.00010
3.38,13.12,0.0892,0.0000,0.00000,0.00076
3.62,13.12,0.3452,0.0000,0.00000,0.00297
3.88,13.12,0.8294,0.0000,0.00000,0.00684
4.12,13.12,1.4596,0.0000,0.00000,0.01105
4.38,13.12,1.8076,0.0000,0.00000,0.01299
4.62,13.12,1.5964,0.0000,0.00000,0.01146
4.88,13.12,1.7476,0.0000,0.00000,0.01194
5.12,13.12,2.0936,0.0000,0.00000,0.01369
5.38,13.12,1.7881,0.0000,0.00000,0.01188
5.62,13.12,1.8950,0.0000,0.00000,0.01262
5.88,13.12,2.2733,0.0000,0.00000,0.01474
6.12,13.12,2.2754,0.0000,0.00000,0.01437
6.38,13.12,2.3352,0.0000,0.00000,0.01454
6.62,13.12,1.7837,0.0000,0.00000,0.01139
6.88,13.12,1.8084,0.0000,0.00000,0.01192
7.12,13.12,2.4229,0.0000,0.00000,0.01596
7.38,13.12,1.9253,0.0000,0.00000,0.01267
2.62,13.38,0.0000,0.0000,0.00000,0.00000
2.88,13.38,0.0007,0.0000,0.00000,0.00001
3.12,13.38,0.0104,0.0000,0.00000,0.00010
3.38,13.38,0.0807,0.0000,0.00000,0.00078
3.62,13.38,0.3295,0.0000,0.00000,0.00308
3.88,13.38,0.8048,0.0000,0.00000,0.00702
4.12,13.38,1.4289,0.0000,0.00000,0.01125
4.38,13.38,1.8083,0.0000,0.00000,0.01337
4.62,13.38,1.6169,0.0000,0.00000,0.01184
4.88,13.38,1.7450,0.0000,0.00000,0.01217
5.12,13.38,2.0985,0.0000,0.00000,0.01413
5.38,13.38,1.7870,0.0000,0.00000,0.01230
5.62,13.38,1.8921,0.0000,0.00000,0.01305
5.88,13.38,2.3267,0.0000,0.00000,0.01556
6.12,13.38,2.2888,0.0000,0.00000,0.01478
6.38,13.38,2.3186,0.0000,0.00000,0.01468
6.62,13.38,1.8414,0.0000,0.00000,0.01206
6.88,13.38,1.8706,0.0000,0.00000,0.01295
7.12,13.38,2.4465,0.0000,0.00000,0.01710
7.38,13.38,1.9337,0.0000,0.00000,0.01351
2.62,13.62,0.0000,0.0000,0.00000,0.00000
2.88,13.62,0.0005,0.0000,0.00000,0.00001
3.12,13.62,0.0084,0.0000,0.00000,0.00010
3.38,13.62,0.0722,0.0000,0.00000,0.00076
3.62,13.62,0.3145,0.0000,0.00000,0.00306
3.88,13.62,0.7810,0.0000,0.00000,0.00704
4.12,13.62,1.3950,0.0000,0.00000,0.01147
4.38,13.62,1.8076,0.0000,0.00000,0.01422
4.62,13.62,1.6480,0.0000,0.00000,0.01300
4.88,13.62,1.7482,0.0000,0.00000,0.01301
5.12,13.62,2.0992,0.0000,0.00000,0.01488
5.38,13.62,1.7916,0.0000,0.00000,0.01297
5.62,13.62,1.8916,0.0000,0.00000,0.01372
5.88,13.62,2.3676,0.0000,0.00000,0.01668
6.12,13.62,2.2825,0.0000,0.00000,0.01566
6.38,13.62,2.2841,0.0000,0.00000,0.01529
6.62,13.62,1.8997,0.0000,0.00000,0.01289
6.88,13.62,1.9387,0.0000,0.00000,0.01372
7.12,13.62,2.4698,0.0000,0.00000,0.01770
7.38,13.62,1.9401,0.0000,0.00000,0.01392
2.62,13.88,0.0000,0.0000,0.00000,0.00000
2.88,13.88,0.0004,0.0000,0.00000,0.00000
3.12,13.88,0.0070,0.0000,0.00000,0.00008
3.38,13.88,0.0657,0.0000,0.00000,0.00067
3.62,13.88,0.3008,0.0000,0.00000,0.00290
3.88,13.88,0.7564,0.0000,0.00000,0.00696
4.12,13.88,1.3578,0.0000,0.00000,0.01189
4.38,13.88,1.8012,0.0000,0.00000,0.01563
4.62,13.88,1.6819,0.0000,0.00000,0.01489
4.88,13.88,1.7488,0.0000,0.00000,0.01437
5.12,13.88,2.0894,0.0000,0.00000,0.01585
5.38,13.88,1.8018,0.0000,0.00000,0.01378
5.62,13.88,1.8963,0.0000,0.00000,0.01474
5.88,13.88,2.3875,0.0000,0.00000,0.01834
6.12,13.88,2.2475,0.0000,0.00000,0.01690
6.38,13.88,2.2324,0.0000,0.00000,0.01611
6.62,13.88,1.9653,0.0000,0.00000,0.01403
6.88,13.88,2.0180,0.0000,0.00000,0.01472
7.12,13.88,2.4955,0.0000,0.00000,0.01842
7.38,13.88,1.9461,0.0000,0.00000,0.01439
2.62,14.12,0.0000,0.0000,0.00000,0.00000
2.88,14.12,0.0003,0.0000,0.00000,0.00000
3.12,14.12,0.0057,0.0000,0.00000,0.00006
3.38,14.12,0.0594,0.0000,0.00000,0.00061
3.62,14.12,0.2862,0.0000,0.00000,0.00285
3.88,14.12,0.7290,0.0000,0.00000,0.00707
4.12,14.12,1.3152,0.0000,0.00000,0.01241
4.38,14.12,1.7897,0.0000,0.00000,0.01698
4.62,14.12,1.7173,0.0000,0.00000,0.01667
4.88,14.12,1.7440,0.0000,0.00000,0.01578
5.12,14.12,2.0755,0.0000,0.00000,0.01719
5.38,14.12,1.8371,0.0000,0.00000,0.01512
5.62,14.12,1.9231,0.0000,0.00000,0.01599
5.88,14.12,2.3911,0.0000,0.00000,0.01980
6.12,14.12,2.1817,0.0000,0.00000,0.01804
6.38,14.12,2.1635,0.0000,0.00000,0.01750
6.62,14.12,2.0405,0.0000,0.00000,0.01607
6.88,14.12,2.1107,0.0000,0.00000,0.01642
7.12,14.12,2.5255,0.0000,0.00000,0.01968
7.38,14.12,1.9532,0.0000,0.00000,0.01523
2.62,14.38,0.0000,0.0000,0.00000,0.00000
2.88,14.38,0.0002,0.0000,0.00000,0.00000
3.12,14.38,0.0045,0.0000,0.00000,0.00005
3.38,14.38,0.0524,0.0000,0.00000,0.00057
3.62,14.38,0.2661,0.0000,0.00000,0.00286
3.88,14.38,0.6928,0.0000,0.00000,0.00729
4.12,14.38,1.2618,0.0000,0.00000,0.01279
4.38,14.38,1.7631,0.0000,0.00000,0.01753
4.62,14.38,1.7490,0.0000,0.00000,0.01741
4.88,14.38,1.7288,0.0000,0.00000,0.01638
5.12,14.38,2.0368,0.0000,0.00000,0.01808
5.38,14.38,1.8697,0.0000,0.00000,0.01647
5.62,14.38,1.9520,0.0000,0.00000,0.01700
5.88,14.38,2.3799,0.0000,0.00000,0.02046
6.12,14.38,2.1019,0.0000,0.00000,0.01860
6.38,14.38,2.0946,0.0000,0.00000,0.01890
6.62,14.38,2.1303,0.0000,0.00000,0.01856
6.88,14.38,2.2142,0.0000,0.00000,0.01881
7.12,14.38,2.5572,0.0000,0.00000,0.02172
7.38,14.38,1.9597,0.0000,0.00000,0.01667
2.62,14.62,0.0000,0.0000,0.00000,0.00000
2.88,14.62,0.0001,0.0000,0.00000,0.00000
3.12,14.62,0.0037,0.0000,0.00000,0.00004
3.38,14.62,0.0464,0.0000,0.00000,0.00054
3.62,14.62,0.2451,0.0000,0.00000,0.00284
3.88,14.62,0.6522,0.0000,0.00000,0.00747
4.12,14.62,1.1992,0.0000,0.00000,0.01312
4.38,14.62,1.7211,0.0000,0.00000,0.01799
4.62,14.62,1.7753,0.0000,0.00000,0.01823
4.88,14.62,1.7113,0.0000,0.00000,0.01705
5.12,14.62,1.9971,0.0000,0.00000,0.01903
5.38,14.62,1.9237,0.0000,0.00000,0.01814
5.62,14.62,2.0038,0.0000,0.00000,0.01851
5.88,14.62,2.3770,0.0000,0.00000,0.02154
6.12,14.62,2.0243,0.0000,0.00000,0.01879
6.38,14.62,2.0270,0.0000,0.00000,0.01918
6.62,14.62,2.2278,0.0000,0.00000,0.02054
6.88,14.62,2.3247,0.0000,0.00000,0.02136
7.12,14.62,2.5910,0.0000,0.00000,0.02410
7.38,14.62,1.9665,0.0000,0.00000,0.01836
2.62,14.88,0.0000,0.0000,0.00000,0.00000
2.88,14.88,0.0001,0.0000,0.00000,0.00000
3.12,14.88,0.0031,0.0000,0.00000,0.00004
3.38,14.88,0.0406,0.0000,0.00000,0.00052
3.62,14.88,0.2201,0.0000,0.00000,0.00281
3.88,14.88,0.6010,0.0000,0.00000,0.00757
4.12,14.88,1.1283,0.0000,0.00000,0.01350
4.38,14.88,1.6750,0.0000,0.00000,0.01889
4.62,14.88,1.7958,0.0000,0.00000,0.01982
4.88,14.88,1.6865,0.0000,0.00000,0.01852
5.12,14.88,1.9502,0.0000,0.00000,0.02079
5.38,14.88,1.9848,0.0000,0.00000,0.02060
5.62,14.88,2.0591,0.0000,0.00000,0.02074
5.88,14.88,2.3655,0.0000,0.00000,0.02344
6.12,14.88,1.9493,0.0000,0.00000,0.01965
6.38,14.88,1.9572,0.0000,0.00000,0.02001
6.62,14.88,2.3018,0.0000,0.00000,0.02312
6.88,14.88,2.4118,0.0000,0.00000,0.02415
7.12,14.88,2.6084,0.0000,0.00000,0.02631
7.38,14.88,1.9628,0.0000,0.00000,0.01985
2.62,15.12,0.0000,0.0000,0.00000,0.00000
2.88,15.12,0.0001,0.0000,0.00000,0.00000
3.12,15.12,0.0027,0.0000,0.00000,0.00004
3.38,15.12,0.0348,0.0000,0.00000,0.00048
3.62,15.12,0.1923,0.0000,0.00000,0.00264
3.88,15.12,0.5397,0.0000,0.00000,0.00733
4.12,15.12,1.0421,0.0000,0.00000,0.01365
4.38,15.12,1.6165,0.0000,0.00000,0.02024
4.62,15.12,1.8125,0.0000,0.00000,0.02246
4.88,15.12,1.6642,0.0000,0.00000,0.02111
5.12,15.12,1.9034,0.0000,0.00000,0.02359
5.38,15.12,2.0468,0.0000,0.00000,0.02406
5.62,15.12,2.1018,0.0000,0.00000,0.02360
5.88,15.12,2.3311,0.0000,0.00000,0.02580
6.12,15.12,1.8838,0.0000,0.00000,0.02128
6.38,15.12,1.9043,0.0000,0.00000,0.02172
6.62,15.12,2.3603,0.0000,0.00000,0.02636
6.88,15.12,2.4814,0.0000,0.00000,0.02757
7.12,15.12,2.6232,0.0000,0.00000,0.02929
7.38,15.12,1.9605,0.0000,0.00000,0.02193
2.62,15.38,0.0000,0.0000,0.00000,0.00000
2.88,15.38,0.0001,0.0000,0.00000,0.00000
3.12,15.38,0.0021,0.0000,0.00000,0.00003
3.38,15.38,0.0275,0.0000,0.00000,0.00039
3.62,15.38,0.1581,0.0000,0.00000,0.00222
3.88,15.38,0.4700,0.0000,0.00000,0.00668
4.12,15.38,0.9541,0.0000,0.00000,0.01366
4.38,15.38,1.5549,0.0000,0.00000,0.02209
4.62,15.38,1.8234,0.0000,0.00000,0.02606
4.88,15.38,1.6438,0.0000,0.00000,0.02439
5.12,15.38,1.8578,0.0000,0.00000,0.02673
5.38,15.38,2.1011,0.0000,0.00000,0.02830
5.62,15.38,2.1242,0.0000,0.00000,0.02747
5.88,15.38,2.2774,0.0000,0.00000,0.02930
6.12,15.38,1.8394,0.0000,0.00000,0.02424
6.38,15.38,1.8787,0.0000,0.00000,0.02439
6.62,15.38,2.4098,0.0000,0.00000,0.03032
6.88,15.38,2.5381,0.0000,0.00000,0.03206
7.12,15.38,2.6391,0.0000,0.00000,0.03376
7.38,15.38,1.9625,0.0000,0.00000,0.02520
2.62,15.62,0.0000,0.0000,0.00000,0.00000
2.88,15.62,0.0000,0.0000,0.00000,0.00000
3.12,15.62,0.0014,0.0000,0.00000,0.00002
3.38,15.62,0.0197,0.0000,0.00000,0.00027
3.62,15.62,0.1223,0.0000,0.00000,0.00173
3.88,15.62,0.4015,0.0000,0.00000,0.00591
4.12,15.62,0.8694,0.0000,0.00000,0.01364
4.38,15.62,1.4815,0.0000,0.00000,0.02408
4.62,15.62,1.8132,0.0000,0.00000,0.03003
4.88,15.62,1.6137,0.0000,0.00000,0.02792
5.12,15.62,1.7926,0.0000,0.00000,0.03031
5.38,15.62,2.1193,0.0000,0.00000,0.03403
5.62,15.62,2.1063,0.0000,0.00000,0.03341
5.88,15.62,2.1998,0.0000,0.00000,0.03554
6.12,15.62,1.8277,0.0000,0.00000,0.03059
6.38,15.62,1.8860,0.0000,0.00000,0.03055
6.62,15.62,2.4399,0.0000,0.00000,0.03774
6.88,15.62,2.5635,0.0000,0.00000,0.03919
7.12,15.62,2.6333,0.0000,0.00000,0.04019
7.38,15.62,1.9508,0.0000,0.00000,0.02978
2.62,15.88,0.0000,0.0000,0.00000,0.00000
2.88,15.88,0.0000,0.0000,0.00000,0.00000
3.12,15.88,0.0008,0.0000,0.00000,0.00001
3.38,15.88,0.0128,0.0000,0.00000,0.00018
3.62,15.88,0.0909,0.0000,0.00000,0.00132
3.88,15.88,0.3398,0.0000,0.00000,0.00540
4.12,15.88,0.7887,0.0000,0.00000,0.01386
4.38,15.88,1.3959,0.0000,0.00000,0.02587
4.62,15.88,1.7782,0.0000,0.00000,0.03356
4.88,15.88,1.5859,0.0000,0.00000,0.03153
5.12,15.88,1.7218,0.0000,0.00000,0.03507
5.38,15.88,2.0926,0.0000,0.00000,0.04195
5.62,15.88,2.0439,0.0000,0.00000,0.04197
5.88,15.88,2.1138,0.0000,0.00000,0.04562
6.12,15.88,1.8750,0.0000,0.00000,0.04299
6.38,15.88,1.9485,0.0000,0.00000,0.04495
6.62,15.88,2.4730,0.0000,0.00000,0.05465
6.88,15.88,2.5744,0.0000,0.00000,0.05363
7.12,15.88,2.6152,0.0001,0.00000,0.05193
7.38,15.88,1.9318,0.0001,0.00000,0.03801
2.62,16.12,0.0000,0.0000,0.00000,0.00000
2.88,16.12,0.0000,0.0000,0.00000,0.00000
3.12,16.12,0.0005,0.0000,0.00000,0.00001
3.38,16.12,0.0081,0.0000,0.00000,0.00012
3.62,16.12,0.0676,0.0000,0.00000,0.00111
3.88,16.12,0.2868,0.0000,0.00000,0.00524
4.12,16.12,0.7046,0.0000,0.00000,0.01410
4.38,16.12,1.2915,0.0000,0.00000,0.02690
4.62,16.12,1.7246,0.0000,0.00000,0.03645
4.88,16.12,1.5784,0.0000,0.00000,0.03584
5.12,16.12,1.6668,0.0000,0.00000,0.04129
5.38,16.12,2.0338,0.0000,0.00000,0.05158
5.62,16.12,1.9355,0.0000,0.00000,0.05170
5.88,16.12,1.9874,0.0000,0.00000,0.05692
6.12,16.12,1.9441,0.0000,0.00000,0.06048
6.38,16.12,2.0274,0.0000,0.00000,0.06935
6.62,16.12,2.4609,0.0000,0.00000,0.08587
6.88,16.12,2.5436,0.0004,0.00000,0.08645
7.12,16.12,2.5839,0.0019,0.00000,0.08689
7.38,16.12,1.9192,0.0040,0.00000,0.06739
2.62,16.38,0.0000,0.0000,0.00000,0.00000
2.88,16.38,0.0000,0.0000,0.00000,0.00000
3.12,16.38,0.0002,0.0000,0.00000,0.00000
3.38,16.38,0.0052,0.0000,0.00000,0.00009
3.62,16.38,0.0509,0.0000,0.00000,0.00100
3.88,16.38,0.2384,0.0000,0.00000,0.00512
4.12,16.38,0.6119,0.0000,0.00000,0.01403
4.38,16.38,1.1661,0.0000,0.00000,0.02729
4.62,16.38,1.6511,0.0000,0.00000,0.03915
4.88,16.38,1.5844,0.0000,0.00000,0.04106
5.12,16.38,1.6126,0.0000,0.00000,0.04797
5.38,16.38,1.9395,0.0000,0.00000,0.06126
5.62,16.38,1.8134,0.0000,0.00000,0.06166
5.88,16.38,1.8235,0.0000,0.00000,0.06828
6.12,16.38,1.9614,0.0000,0.00000,0.08029
6.38,16.38,2.0393,0.0000,0.00000,0.09593
6.62,16.38,2.3351,0.0007,0.00000,0.12349
6.88,16.38,2.4112,0.0061,0.00000,0.15150
7.12,16.38,2.4875,0.0243,0.00000,0.19147
7.38,16.38,1.9136,0.0493,0.00000,0.18449
2.62,16.62,0.0000,0.0000,0.00000,0.00000
2.88,16.62,0.0000,0.0000,0.00000,0.00000
3.12,16.62,0.0001,0.0000,0.00000,0.00000
3.38,16.62,0.0034,0.0000,0.00000,0.00007
3.62,16.62,0.0375,0.0000,0.00000,0.00087
3.88,16.62,0.1891,0.0000,0.00000,0.00475
4.12,16.62,0.5140,0.0000,0.00000,0.01370
4.38,16.62,1.0319,0.0000,0.00000,0.02778
4.62,16.62,1.5619,0.0000,0.00000,0.04221
4.88,16.62,1.6063,0.0000,0.00000,0.04712
5.12,16.62,1.5618,0.0000,0.00000,0.05343
5.38,16.62,1.8204,0.0000,0.00000,0.06842
5.62,16.62,1.7542,0.0000,0.00000,0.07288
5.88,16.62,1.7214,0.0000,0.00000,0.08259
6.12,16.62,1.9236,0.0001,0.00000,0.10133
6.38,16.62,1.9655,0.0006,0.00000,0.11602
6.62,16.62,2.1055,0.0062,0.00000,0.14805
6.88,16.62,2.1205,0.0391,0.00000,0.21800
7.12,16.62,2.1878,0.1280,0.00000,0.34993
7.38,16.62,1.8400,0.2176,0.00000,0.42279
2.62,16.88,0.0000,0.0000,0.00000,0.00000
2.88,16.88,0.0000,0.0000,0.00000,0.00000
3.12,16.88,0.0001,0.0000,0.00000,0.00000
3.38,16.88,0.0020,0.0000,0.00000,0.00005
3.62,16.88,0.0249,0.0000,0.00000,0.00065
3.88,16.88,0.1365,0.0000,0.00000,0.00390
4.12,16.88,0.4096,0.0000,0.00000,0.01270
4.38,16.88,0.8898,0.0000,0.00000,0.02799
4.62,16.88,1.4528,0.0000,0.00000,0.04483
4.88,16.88,1.6210,0.0000,0.00000,0.05222
5.12,16.88,1.5188,0.0000,0.00000,0.05628
5.38,16.88,1.7057,0.0000,0.00000,0.07184
5.62,16.88,1.7717,0.0000,0.00000,0.08423
5.88,16.88,1.7132,0.0000,0.00000,0.09677
6.12,16.88,1.8684,0.0006,0.00000,0.11927
6.38,16.88,1.8695,0.0045,0.00000,0.13452
6.62,16.88,1.8718,0.0269,0.00000,0.16296
6.88,16.88,1.7916,0.1211,0.00000,0.23811
7.12,16.88,1.7605,0.2979,0.00000,0.42147
7.38,16.88,1.6953,0.3767,0.00000,0.57070
7.62,16.88,1.2687,0.2305,0.00000,0.43454
7.88,16.88,0.6971,0.0619,0.00000,0.17937
2.62,17.12,0.0000,0.0000,0.00000,0.00000
2.88,17.12,0.0000,0.0000,0.00000,0.00000
3.12,17.12,0.0000,0.0000,0.00000,0.00000
3.38,17.12,0.0010,0.0000,0.00000,0.00003
3.62,17.12,0.0133,0.0000,0.00000,0.00038
3.88,17.12,0.0846,0.0000,0.00000,0.00270
4.12,17.12,0.3034,0.0000,0.00000,0.01067
4.38,17.12,0.7442,0.0000,0.00000,0.02671
4.62,17.12,1.3209,0.0000,0.00000,0.04564
4.88,17.12,1.6016,0.0000,0.00000,0.05560
5.12,17.12,1.4931,0.0000,0.00000,0.05839
5.38,17.12,1.6112,0.0000,0.00000,0.07255
5.62,17.12,1.7826,0.0000,0.00000,0.09005
5.88,17.12,1.7081,0.0002,0.00000,0.10298
6.12,17.12,1.7744,0.0028,0.00000,0.12859
6.38,17.12,1.7937,0.0161,0.00000,0.15645
6.62,17.12,1.7601,0.0606,0.00000,0.19085
6.88,17.12,1.6884,0.1841,0.00000,0.24821
7.12,17.12,1.5414,0.3365,0.00000,0.36870
7.38,17.12,1.5765,0.3130,0.00000,0.48659
7.62,17.12,1.5381,0.1422,0.00000,0.39747
7.88,17.12,1.1920,0.0296,0.00000,0.19368
8.12,17.12,0.7493,0.0027,0.00000,0.06553
8.38,17.12,0.4077,0.0001,0.00000,0.02134
2.62,17.38,0.0000,0.0000,0.00000,0.00000
2.88,17.38,0.0000,0.0000,0.00000,0.00000
3.12,17.38,0.0000,0.0000,0.00000,0.00000
3.38,17.38,0.0004,0.0000,0.00000,0.00001
3.62,17.38,0.0058,0.0000,0.00000,0.00018
3.88,17.38,0.0474,0.0000,0.00000,0.00163
4.12,17.38,0.2137,0.0000,0.00000,0.00806
4.38,17.38,0.6019,0.0000,0.00000,0.02326
4.62,17.38,1.1737,0.0000,0.00000,0.04360
4.88,17.38,1.5543,0.0000,0.00000,0.05684
5.12,17.38,1.4915,0.0000,0.00000,0.06003
5.38,17.38,1.5335,0.0000,0.00000,0.07092
5.62,17.38,1.7426,0.0000,0.00000,0.08963
5.88,17.38,1.6927,0.0004,0.00000,0.10410
6.12,17.38,1.6788,0.0046,0.00000,0.13213
6.38,17.38,1.7413,0.0253,0.00000,0.17563
6.62,17.38,1.7361,0.0729,0.00000,0.22570
6.88,17.38,1.7268,0.1466,0.00000,0.28087
7.12,17.38,1.5589,0.1934,0.00000,0.31607
7.38,17.38,1.4757,0.1361,0.00000,0.32779
7.62,17.38,1.6393,0.0478,0.00000,0.28329
7.88,17.38,1.6660,0.0081,0.00000,0.17680
8.12,17.38,1.3735,0.0006,0.00000,0.08751
8.38,17.38,0.9440,0.0000,0.00000,0.04469
8.62,17.38,0.5553,0.0000,0.00000,0.02329
8.88,17.38,0.2974,0.0000,0.00000,0.01103
2.62,17.62,0.0000,0.0000,0.00000,0.00000
2.88,17.62,0.0000,0.0000,0.00000,0.00000
3.12,17.62,0.0000,0.0000,0.00000,0.00000
3.38,17.62,0.0001,0.0000,0.00000,0.00000
3.62,17.62,0.0025,0.0000,0.00000,0.00007
3.88,17.62,0.0255,0.0000,0.00000,0.00089
4.12,17.62,0.1390,0.0000,0.00000,0.00531
4.38,17.62,0.4527,0.0000,0.00000,0.01792
4.62,17.62,0.9959,0.0000,0.00000,0.03849
4.88,17.62,1.4642,0.0000,0.00000,0.05559
5.12,17.62,1.4960,0.0000,0.00000,0.06093
5.38,17.62,1.4701,0.0000,0.00000,0.06937
5.62,17.62,1.6665,0.0000,0.00000,0.08943
5.88,17.62,1.7088,0.0002,0.00000,0.10868
6.12,17.62,1.6552,0.0030,0.00000,0.13610
6.38,17.62,1.7003,0.0169,0.00000,0.18249
6.62,17.62,1.6896,0.0473,0.00000,0.23800
6.88,17.62,1.6791,0.0747,0.00000,0.30288
7.12,17.62,1.6010,0.0694,0.00000,0.32006
7.38,17.62,1.4097,0.0354,0.00000,0.25936
7.62,17.62,1.3822,0.0093,0.00000,0.18674
7.88,17.62,1.5619,0.0012,0.00000,0.12940
8.12,17.62,1.6754,0.0001,0.00000,0.09278
8.38,17.62,1.5262,0.0000,0.00000,0.07090
8.62,17.62,1.1783,0.0000,0.00000,0.04889
8.88,17.62,0.8090,0.0000,0.00000,0.02840
9.12,17.62,0.5236,0.0000,0.00000,0.01478
2.62,17.88,0.0000,0.0000,0.00000,0.00000
2.88,17.88,0.0000,0.0000,0.00000,0.00000
3.12,17.88,0.0000,0.0000,0.00000,0.00000
3.38,17.88,0.0000,0.0000,0.00000,0.00000
3.62,17.88,0.0010,0.0000,0.00000,0.00003
3.88,17.88,0.0120,0.0000,0.00000,0.00042
4.12,17.88,0.0781,0.0000,0.00000,0.00299
4.38,17.88,0.3038,0.0000,0.00000,0.01221
4.62,17.88,0.7788,0.0000,0.00000,0.03135
4.88,17.88,1.3105,0.0000,0.00000,0.05228
5.12,17.88,1.4903,0.0000,0.00000,0.06239
5.38,17.88,1.4359,0.0000,0.00000,0.06984
5.62,17.88,1.5634,0.0000,0.00000,0.08882
5.88,17.88,1.6972,0.0001,0.00000,0.11130
6.12,17.88,1.6491,0.0008,0.00000,0.13520
6.38,17.88,1.6320,0.0050,0.00000,0.17248
6.62,17.88,1.6313,0.0161,0.00000,0.21586
6.88,17.88,1.6194,0.0258,0.00000,0.26823
7.12,17.88,1.6279,0.0205,0.00000,0.29753
7.38,17.88,1.4955,0.0082,0.00000,0.25018
7.62,17.88,1.2726,0.0016,0.00000,0.16689
7.88,17.88,1.2034,0.0002,0.00000,0.10277
8.12,17.88,1.3421,0.0000,0.00000,0.07598
8.38,17.88,1.5413,0.0000,0.00000,0.07202
8.62,17.88,1.6232,0.0000,0.00000,0.06457
8.88,17.88,1.4796,0.0000,0.00000,0.04706
9.12,17.88,1.1675,0.0000,0.00000,0.02878
9.38,17.88,0.7772,0.0000,0.00000,0.01546
9.62,17.88,0.4395,0.0000,0.00000,0.00754
2.62,18.12,0.0000,0.0000,0.00000,0.00000
2.88,18.12,0.0000,0.0000,0.00000,0.00000
3.12,18.12,0.0000,0.0000,0.00000,0.00000
3.38,18.12,0.0000,0.0000,0.00000,0.00000
3.62,18.12,0.0003,0.0000,0.00000,0.00001
3.88,18.12,0.0048,0.0000,0.00000,0.00017
4.12,18.12,0.0387,0.0000,0.00000,0.00151
4.38,18.12,0.1852,0.0000,0.00000,0.00770
4.62,18.12,0.5621,0.0000,0.00000,0.02392
4.88,18.12,1.1084,0.0000,0.00000,0.04704
5.12,18.12,1.4430,0.0000,0.00000,0.06304
5.38,18.12,1.4143,0.0000,0.00000,0.06992
5.62,18.12,1.4416,0.0000,0.00000,0.08351
5.88,18.12,1.6127,0.0000,0.00000,0.10529
6.12,18.12,1.6251,0.0001,0.00000,0.12676
6.38,18.12,1.5687,0.0007,0.00000,0.15652
6.62,18.12,1.5990,0.0027,0.00000,0.18797
6.88,18.12,1.6294,0.0047,0.00000,0.21008
7.12,18.12,1.6338,0.0037,0.00000,0.22668
7.38,18.12,1.6002,0.0014,0.00000,0.21575
7.62,18.12,1.4732,0.0003,0.00000,0.17139
7.88,18.12,1.2718,0.0000,0.00000,0.11163
8.12,18.12,1.1268,0.0000,0.00000,0.06862
8.38,18.12,1.1674,0.0000,0.00000,0.05400
8.62,18.12,1.3887,0.0000,0.00000,0.05120
8.88,18.12,1.6345,0.0000,0.00000,0.04621
9.12,18.12,1.6822,0.0000,0.00000,0.03674
9.38,18.12,1.4227,0.0000,0.00000,0.02560
9.62,18.12,1.0120,0.0000,0.00000,0.01601
9.88,18.12,0.6113,0.0000,0.00000,0.00871
10.12,18.12,0.3250,0.0000,0.00000,0.00410
2.62,18.38,0.0000,0.0000,0.00000,0.00000
2.88,18.38,0.0000,0.0000,0.00000,0.00000
3.12,18.38,0.0000,0.0000,0.00000,0.00000
3.38,18.38,0.0000,0.0000,0.00000,0.00000
3.62,18.38,0.0001,0.0000,0.00000,0.00000
3.88,18.38,0.0017,0.0000,0.00000,0.00006
4.12,18.38,0.0174,0.0000,0.00000,0.00068
4.38,18.38,0.1004,0.0000,0.00000,0.00430
4.62,18.38,0.3627,0.0000,0.00000,0.01614
4.88,18.38,0.8533,0.0000,0.00000,0.03818
5.12,18.38,1.3061,0.0000,0.00000,0.05961
5.38,18.38,1.3982,0.0000,0.00000,0.06923
5.62,18.38,1.3659,0.0000,0.00000,0.07757
5.88,18.38,1.4930,0.0000,0.00000,0.09527
6.12,18.38,1.5836,0.0000,0.00000,0.11595
6.38,18.38,1.5470,0.0000,0.00000,0.14386
6.62,18.38,1.5593,0.0002,0.00000,0.16989
6.88,18.38,1.5921,0.0004,0.00000,0.16938
7.12,18.38,1.5530,0.0003,0.00000,0.16005
7.38,18.38,1.5362,0.0001,0.00000,0.15631
7.62,18.38,1.5682,0.0000,0.00000,0.14618
7.88,18.38,1.5165,0.0000,0.00000,0.11631
8.12,18.38,1.3426,0.0000,0.00000,0.07956
8.38,18.38,1.1570,0.0000,0.00000,0.05411
8.62,18.38,1.0933,0.0000,0.00000,0.04006
8.88,18.38,1.2300,0.0000,0.00000,0.03343
9.12,18.38,1.4953,0.0000,0.00000,0.03045
9.38,18.38,1.6789,0.0000,0.00000,0.02805
9.62,18.38,1.5949,0.0000,0.00000,0.02370
9.88,18.38,1.2617,0.0000,0.00000,0.01681
10.12,18.38,0.8600,0.0000,0.00000,0.01008
10.38,18.38,0.5071,0.0000,0.00000,0.00517
10.62,18.38,0.2643,0.0000,0.00000,0.00235
2.62,18.62,0.0000,0.0000,0.00000,0.00000
2.88,18.62,0.0000,0.0000,0.00000,0.00000
3.12,18.62,0.0000,0.0000,0.00000,0.00000
3.38,18.62,0.0000,0.0000,0.00000,0.00000
3.62,18.62,0.0000,0.0000,0.00000,0.00000
3.88,18.62,0.0006,0.0000,0.00000,0.00002
4.12,18.62,0.0068,0.0000,0.00000,0.00025
4.38,18.62,0.0461,0.0000,0.00000,0.00200
4.62,18.62,0.2028,0.0000,0.00000,0.00938
4.88,18.62,0.5830,0.0000,0.00000,0.02730
5.12,18.62,1.0812,0.0000,0.00000,0.05112
5.38,18.62,1.3486,0.0000,0.00000,0.06676
5.62,18.62,1.3352,0.0000,0.00000,0.07411
5.88,18.62,1.3610,0.0000,0.00000,0.08547
6.12,18.62,1.4833,0.0000,0.00000,0.10181
6.38,18.62,1.5281,0.0000,0.00000,0.12333
6.62,18.62,1.5204,0.0000,0.00000,0.14107
6.88,18.62,1.5136,0.0000,0.00000,0.13778
7.12,18.62,1.4804,0.0000,0.00000,0.12478
7.38,18.62,1.4607,0.0000,0.00000,0.11849
7.62,18.62,1.4811,0.0000,0.00000,0.11558
7.88,18.62,1.4861,0.0000,0.00000,0.10450
8.12,18.62,1.4703,0.0000,0.00000,0.08671
8.38,18.62,1.4168,0.0000,0.00000,0.06846
8.62,18.62,1.2813,0.0000,0.00000,0.04926
8.88,18.62,1.1349,0.0000,0.00000,0.03335
9.12,18.62,1.1217,0.0000,0.00000,0.02417
9.38,18.62,1.2959,0.0000,0.00000,0.02170
9.62,18.62,1.5417,0.0000,0.00000,0.02222
9.88,18.62,1.6669,0.0000,0.00000,0.02104
10.12,18.62,1.5243,0.0000,0.00000,0.01657
10.38,18.62,1.1673,0.0000,0.00000,0.01074
10.62,18.62,0.7687,0.0000,0.00000,0.00621
10.88,18.62,0.4736,0.0000,0.00000,0.00349
2.62,18.88,0.0000,0.0000,0.00000,0.00000
2.88,18.88,0.0000,0.0000,0.00000,0.00000
3.12,18.88,0.0000,0.0000,0.00000,0.00000
3.38,18.88,0.0000,0.0000,0.00000,0.00000
3.62,18.88,0.0000,0.0000,0.00000,0.00000
3.88,18.88,0.0002,0.0000,0.00000,0.00000
4.12,18.88,0.0023,0.0000,0.00000,0.00008
4.38,18.88,0.0183,0.0000,0.00000,0.00085
4.62,18.88,0.1008,0.0000,0.00000,0.00506
4.88,18.88,0.3549,0.0000,0.00000,0.01759
5.12,18.88,0.8016,0.0000,0.00000,0.03870
5.38,18.88,1.1978,0.0000,0.00000,0.05845
5.62,18.88,1.3029,0.0000,0.00000,0.06993
5.88,18.88,1.2767,0.0000,0.00000,0.07794
6.12,18.88,1.3458,0.0000,0.00000,0.08702
6.38,18.88,1.4570,0.0000,0.00000,0.09912
6.62,18.88,1.4920,0.0000,0.00000,0.10806
6.88,18.88,1.4787,0.0000,0.00000,0.10827
7.12,18.88,1.4806,0.0000,0.00000,0.10459
7.38,18.88,1.4706,0.0000,0.00000,0.10063
7.62,18.88,1.4150,0.0000,0.00000,0.09542
7.88,18.88,1.3485,0.0000,0.00000,0.08700
8.12,18.88,1.3702,0.0000,0.00000,0.07826
8.38,18.88,1.4545,0.0000,0.00000,0.06900
8.62,18.88,1.4932,0.0000,0.00000,0.05612
8.88,18.88,1.4289,0.0000,0.00000,0.04247
9.12,18.88,1.2637,0.0000,0.00000,0.02987
9.38,18.88,1.1136,0.0000,0.00000,0.02129
9.62,18.88,1.1373,0.0000,0.00000,0.01783
9.88,18.88,1.3557,0.0000,0.00000,0.01713
10.12,18.88,1.6044,0.0000,0.00000,0.01635
10.38,18.88,1.6755,0.0000,0.00000,0.01418
10.62,18.88,1.4688,0.0000,0.00000,0.01105
10.88,18.88,1.1130,0.0000,0.00000,0.00764
11.12,18.88,0.7132,0.0000,0.00000,0.00449
11.38,18.88,0.3909,0.0000,0.00000,0.00231
2.62,19.12,0.0000,0.0000,0.00000,0.00000
2.88,19.12,0.0000,0.0000,0.00000,0.00000
3.12,19.12,0.0000,0.0000,0.00000,0.00000
3.38,19.12,0.0000,0.0000,0.00000,0.00000
3.62,19.12,0.0000,0.0000,0.00000,0.00000
3.88,19.12,0.0000,0.0000,0.00000,0.00000
4.12,19.12,0.0006,0.0000,0.00000,0.00002
4.38,19.12,0.0064,0.0000,0.00000,0.00033
4.62,19.12,0.0435,0.0000,0.00000,0.00231
4.88,19.12,0.1841,0.0000,0.00000,0.00935
5.12,19.12,0.5086,0.0000,0.00000,0.02429
5.38,19.12,0.9380,0.0000,0.00000,0.04397
5.62,19.12,1.2194,0.0000,0.00000,0.06103
5.88,19.12,1.2664,0.0000,0.00000,0.07028
6.12,19.12,1.2566,0.0000,0.00000,0.07373
6.38,19.12,1.3346,0.0000,0.00000,0.07958
6.62,19.12,1.4148,0.0000,0.00000,0.08380
6.88,19.12,1.4327,0.0000,0.00000,0.08382
7.12,19.12,1.4508,0.0000,0.00000,0.08419
7.38,19.12,1.4572,0.0000,0.00000,0.08277
7.62,19.12,1.4316,0.0000,0.00000,0.07895
7.88,19.12,1.3809,0.0000,0.00000,0.07338
8.12,19.12,1.3384,0.0000,0.00000,0.06651
8.38,19.12,1.3194,0.0000,0.00000,0.05783
8.62,19.12,1.3665,0.0000,0.00000,0.04928
8.88,19.12,1.4790,0.0000,0.00000,0.04308
9.12,19.12,1.5127,0.0000,0.00000,0.03612
9.38,19.12,1.3863,0.0000,0.00000,0.02823
9.62,19.12,1.1894,0.0000,0.00000,0.02087
9.88,19.12,1.0783,0.0000,0.00000,0.01507
10.12,19.12,1.1624,0.0000,0.00000,0.01216
10.38,19.12,1.4158,0.0000,0.00000,0.01169
10.62,19.12,1.6564,0.0000,0.00000,0.01193
10.88,19.12,1.6597,0.0000,0.00000,0.01084
11.12,19.12,1.3646,0.0000,0.00000,0.00820
11.38,19.12,0.9534,0.0000,0.00000,0.00534
11.62,19.12,0.5668,0.0000,0.00000,0.00291
11.88,19.12,0.2927,0.0000,0.00000,0.00135
2.62,19.38,0.0000,0.0000,0.00000,0.00000
2.88,19.38,0.0000,0.0000,0.00000,0.00000
3.12,19.38,0.0000,0.0000,0.00000,0.00000
3.38,19.38,0.0000,0.0000,0.00000,0.00000
3.62,19.38,0.0000,0.0000,0.00000,0.00000
3.88,19.38,0.0000,0.0000,0.00000,0.00000
4.12,19.38,0.0001,0.0000,0.00000,0.00001
4.38,19.38,0.0018,0.0000,0.00000,0.00009
4.62,19.38,0.0152,0.0000,0.00000,0.00075
4.88,19.38,0.0794,0.0000,0.00000,0.00375
5.12,19.38,0.2763,0.0000,0.00000,0.01238
5.38,19.38,0.6409,0.0000,0.00000,0.02799
5.62,19.38,1.0295,0.0000,0.00000,0.04582
5.88,19.38,1.2302,0.0000,0.00000,0.05692
6.12,19.38,1.2330,0.0000,0.00000,0.05957
6.38,19.38,1.2346,0.0000,0.00000,0.06233
6.62,19.38,1.3021,0.0000,0.00000,0.06517
6.88,19.38,1.3619,0.0000,0.00000,0.06726
7.12,19.38,1.3941,0.0000,0.00000,0.07007
7.38,19.38,1.4004,0.0000,0.00000,0.06965
7.62,19.38,1.4336,0.0000,0.00000,0.06774
7.88,19.38,1.4642,0.0000,0.00000,0.06582
8.12,19.38,1.4200,0.0000,0.00000,0.06085
8.38,19.38,1.3094,0.0000,0.00000,0.05109
8.62,19.38,1.2437,0.0000,0.00000,0.04211
8.88,19.38,1.2912,0.0000,0.00000,0.03699
9.12,19.38,1.3866,0.0000,0.00000,0.03304
9.38,19.38,1.4739,0.0000,0.00000,0.02936
9.62,19.38,1.4763,0.0000,0.00000,0.02503
9.88,19.38,1.3290,0.0000,0.00000,0.01895
10.12,19.38,1.1308,0.0000,0.00000,0.01309
10.38,19.38,1.0636,0.0000,0.00000,0.00966
10.62,19.38,1.2177,0.0000,0.00000,0.00900
10.88,19.38,1.4880,0.0000,0.00000,0.00955
11.12,19.38,1.6672,0.0000,0.00000,0.00964
11.38,19.38,1.5745,0.0000,0.00000,0.00829
11.62,19.38,1.2320,0.0000,0.00000,0.00583
11.88,19.38,0.8157,0.0000,0.00000,0.00353
12.12,19.38,0.4574,0.0000,0.00000,0.00186
12.38,19.38,0.2224,0.0000,0.00000,0.00083
2.88,19.62,0.0000,0.0000,0.00000,0.00000
3.12,19.62,0.0000,0.0000,0.00000,0.00000
3.38,19.62,0.0000,0.0000,0.00000,0.00000
3.62,19.62,0.0000,0.0000,0.00000,0.00000
3.88,19.62,0.0000,0.0000,0.00000,0.00000
4.12,19.62,0.0000,0.0000,0.00000,0.00000
4.38,19.62,0.0004,0.0000,0.00000,0.00002
4.62,19.62,0.0044,0.0000,0.00000,0.00019
4.88,19.62,0.0295,0.0000,0.00000,0.00127
5.12,19.62,0.1263,0.0000,0.00000,0.00540
5.38,19.62,0.3638,0.0000,0.00000,0.01515
5.62,19.62,0.7322,0.0000,0.00000,0.02950
5.88,19.62,1.0693,0.0000,0.00000,0.04183
6.12,19.62,1.2149,0.0000,0.00000,0.04740
6.38,19.62,1.2239,0.0000,0.00000,0.04958
6.62,19.62,1.2325,0.0000,0.00000,0.05186
6.88,19.62,1.2870,0.0000,0.00000,0.05690
7.12,19.62,1.3489,0.0000,0.00000,0.06269
7.38,19.62,1.3597,0.0000,0.00000,0.06254
7.62,19.62,1.3783,0.0000,0.00000,0.05928
7.88,19.62,1.4107,0.0000,0.00000,0.05707
8.12,19.62,1.4233,0.0000,0.00000,0.05446
8.38,19.62,1.3946,0.0000,0.00000,0.04817
8.62,19.62,1.3330,0.0000,0.00000,0.04071
8.88,19.62,1.2628,0.0000,0.00000,0.03371
9.12,19.62,1.2145,0.0000,0.00000,0.02737
9.38,19.62,1.2769,0.0000,0.00000,0.02381
9.62,19.62,1.4177,0.0000,0.00000,0.02255
9.88,19.62,1.5032,0.0000,0.00000,0.02050
10.12,19.62,1.4606,0.0000,0.00000,0.01684
10.38,19.62,1.2843,0.0000,0.00000,0.01262
10.62,19.62,1.0940,0.0000,0.00000,0.00916
10.88,19.62,1.0754,0.0000,0.00000,0.00739
11.12,19.62,1.2848,0.0000,0.00000,0.00733
11.38,19.62,1.5625,0.0000,0.00000,0.00775
11.62,19.62,1.6893,0.0000,0.00000,0.00752
11.88,19.62,1.5042,0.0000,0.00000,0.00625
12.12,19.62,1.0960,0.0000,0.00000,0.00425
12.38,19.62,0.6816,0.0000,0.00000,0.00242
12.62,19.62,0.4056,0.0000,0.00000,0.00131
3.38,19.88,0.0000,0.0000,0.00000,0.00000
3.62,19.88,0.0000,0.0000,0.00000,0.00000
3.88,19.88,0.0000,0.0000,0.00000,0.00000
4.12,19.88,0.0000,0.0000,0.00000,0.00000
4.38,19.88,0.0001,0.0000,0.00000,0.00000
4.62,19.88,0.0012,0.0000,0.00000,0.00005
4.88,19.88,0.0091,0.0000,0.00000,0.00038
5.12,19.88,0.0457,0.0000,0.00000,0.00202
5.38,19.88,0.1649,0.0000,0.00000,0.00704
5.62,19.88,0.4264,0.0000,0.00000,0.01646
5.88,19.88,0.7896,0.0000,0.00000,0.02756
6.12,19.88,1.0917,0.0000,0.00000,0.03651
6.38,19.88,1.2165,0.0000,0.00000,0.04138
6.62,19.88,1.2092,0.0000,0.00000,0.04290
6.88,19.88,1.2095,0.0000,0.00000,0.04596
7.12,19.88,1.2761,0.0000,0.00000,0.05128
7.38,19.88,1.3283,0.0000,0.00000,0.05175
7.62,19.88,1.3448,0.0000,0.00000,0.04852
7.88,19.88,1.3264,0.0000,0.00000,0.04569
8.12,19.88,1.3308,0.0000,0.00000,0.04416
8.38,19.88,1.3740,0.0000,0.00000,0.04211
8.62,19.88,1.4056,0.0000,0.00000,0.03866
8.88,19.88,1.3846,0.0000,0.00000,0.03270
9.12,19.88,1.3039,0.0000,0.00000,0.02553
9.38,19.88,1.2269,0.0000,0.00000,0.02031
9.62,19.88,1.2102,0.0000,0.00000,0.01785
9.88,19.88,1.2907,0.0000,0.00000,0.01679
10.12,19.88,1.4445,0.0000,0.00000,0.01609
10.38,19.88,1.5259,0.0000,0.00000,0.01493
10.62,19.88,1.4244,0.0000,0.00000,0.01242
10.88,19.88,1.2063,0.0000,0.00000,0.00899
11.12,19.88,1.0502,0.0000,0.00000,0.00642
11.38,19.88,1.1112,0.0000,0.00000,0.00564
11.62,19.88,1.3778,0.0000,0.00000,0.00610
11.88,19.88,1.6262,0.0000,0.00000,0.00659
12.12,19.88,1.6385,0.0000,0.00000,0.00610
12.38,19.88,1.3925,0.0000,0.00000,0.00473
12.62,19.88,1.0327,0.0000,0.00000,0.00323
12.88,19.88,0.6429,0.0000,0.00000,0.00190
13.12,19.88,0.3404,0.0000,0.00000,0.00097
3.88,20.12,0.0000,0.0000,0.00000,0.00000
4.12,20.12,0.0000,0.0000,0.00000,0.00000
4.38,20.12,0.0000,0.0000,0.00000,0.00000
4.62,20.12,0.0004,0.0000,0.00000,0.00001
4.88,20.12,0.0026,0.0000,0.00000,0.00009
5.12,20.12,0.0137,0.0000,0.00000,0.00065
5.38,20.12,0.0606,0.0000,0.00000,0.00289
5.62,20.12,0.1978,0.0000,0.00000,0.00770
5.88,20.12,0.4646,0.0000,0.00000,0.01507
6.12,20.12,0.8069,0.0000,0.00000,0.02472
6.38,20.12,1.0769,0.0000,0.00000,0.03332
6.62,20.12,1.1777,0.0000,0.00000,0.03655
6.88,20.12,1.1769,0.0000,0.00000,0.03664
7.12,20.12,1.1987,0.0000,0.00000,0.03842
7.38,20.12,1.2575,0.0000,0.00000,0.03921
7.62,20.12,1.3138,0.0000,0.00000,0.03837
7.88,20.12,1.3102,0.0000,0.00000,0.03688
8.12,20.12,1.2824,0.0000,0.00000,0.03544
8.38,20.12,1.2773,0.0000,0.00000,0.03413
8.62,20.12,1.3153,0.0000,0.00000,0.03259
8.88,20.12,1.3828,0.0000,0.00000,0.02904
9.12,20.12,1.4212,0.0000,0.00000,0.02451
9.38,20.12,1.3711,0.0000,0.00000,0.02043
9.62,20.12,1.2523,0.0000,0.00000,0.01693
9.88,20.12,1.1631,0.0000,0.00000,0.01432
10.12,20.12,1.1884,0.0000,0.00000,0.01292
10.38,20.12,1.3229,0.0000,0.00000,0.01276
10.62,20.12,1.4775,0.0000,0.00000,0.01265
10.88,20.12,1.5060,0.0000,0.00000,0.01118
11.12,20.12,1.3410,0.0000,0.00000,0.00865
11.38,20.12,1.1208,0.0000,0.00000,0.00634
11.62,20.12,1.0351,0.0000,0.00000,0.00499
11.88,20.12,1.1578,0.0000,0.00000,0.00476
12.12,20.12,1.4277,0.0000,0.00000,0.00519
12.38,20.12,1.6694,0.0000,0.00000,0.00553
12.62,20.12,1.6353,0.0000,0.00000,0.00508
12.88,20.12,1.3026,0.0000,0.00000,0.00386
13.12,20.12,0.8836,0.0000,0.00000,0.00253
13.38,20.12,0.5147,0.0000,0.00000,0.00144
13.62,20.12,0.2618,0.0000,0.00000,0.00073
4.12,20.38,0.0000,0.0000,0.00000,0.00000
4.38,20.38,0.0000,0.0000,0.00000,0.00000
4.62,20.38,0.0001,0.0000,0.00000,0.00000
4.88,20.38,0.0008,0.0000,0.00000,0.00002
5.12,20.38,0.0038,0.0000,0.00000,0.00024
5.38,20.38,0.0186,0.0000,0.00000,0.00118
5.62,20.38,0.0719,0.0000,0.00000,0.00316
5.88,20.38,0.2122,0.0000,0.00000,0.00695
6.12,20.38,0.4722,0.0000,0.00000,0.01425
6.38,20.38,0.7951,0.0000,0.00000,0.02354
6.62,20.38,1.0500,0.0000,0.00000,0.02975
6.88,20.38,1.1558,0.0000,0.00000,0.03102
7.12,20.38,1.1627,0.0000,0.00000,0.03117
7.38,20.38,1.1608,0.0000,0.00000,0.03109
7.62,20.38,1.2156,0.0000,0.00000,0.03131
7.88,20.38,1.2866,0.0000,0.00000,0.03104
8.12,20.38,1.3093,0.0000,0.00000,0.02982
8.38,20.38,1.2601,0.0000,0.00000,0.02759
8.62,20.38,1.2213,0.0000,0.00000,0.02532
8.88,20.38,1.2510,0.0000,0.00000,0.02281
9.12,20.38,1.3345,0.0000,0.00000,0.02093
9.38,20.38,1.4074,0.0000,0.00000,0.01956
9.62,20.38,1.4148,0.0000,0.00000,0.01762
9.88,20.38,1.3323,0.0000,0.00000,0.01513
10.12,20.38,1.2067,0.0000,0.00000,0.01249
10.38,20.38,1.1501,0.0000,0.00000,0.01077
10.62,20.38,1.2274,0.0000,0.00000,0.01024
10.88,20.38,1.3821,0.0000,0.00000,0.01010
11.12,20.38,1.4925,0.0000,0.00000,0.00964
11.38,20.38,1.4637,0.0000,0.00000,0.00844
11.62,20.38,1.2847,0.0000,0.00000,0.00650
11.88,20.38,1.0757,0.0000,0.00000,0.00479
12.12,20.38,1.0308,0.0000,0.00000,0.00403
12.38,20.38,1.2327,0.0000,0.00000,0.00427
12.62,20.38,1.5144,0.0000,0.00000,0.00481
12.88,20.38,1.6699,0.0000,0.00000,0.00498
13.12,20.38,1.5451,0.0000,0.00000,0.00444
13.38,20.38,1.1782,0.0000,0.00000,0.00331
13.62,20.38,0.7604,0.0000,0.00000,0.00212
13.88,20.38,0.4584,0.0000,0.00000,0.00129
4.62,20.62,0.0000,0.0000,0.00000,0.00000
4.88,20.62,0.0002,0.0000,0.00000,0.00001
5.12,20.62,0.0010,0.0000,0.00000,0.00009
5.38,20.62,0.0049,0.0000,0.00000,0.00043
5.62,20.62,0.0211,0.0000,0.00000,0.00111
5.88,20.62,0.0765,0.0000,0.00000,0.00288
6.12,20.62,0.2172,0.0000,0.00000,0.00758
6.38,20.62,0.4732,0.0000,0.00000,0.01485
6.62,20.62,0.7895,0.0000,0.00000,0.02117
6.88,20.62,1.0343,0.0000,0.00000,0.02476
7.12,20.62,1.1334,0.0000,0.00000,0.02636
7.38,20.62,1.1218,0.0000,0.00000,0.02622
7.62,20.62,1.1289,0.0000,0.00000,0.02616
7.88,20.62,1.2082,0.0000,0.00000,0.02580
8.12,20.62,1.2994,0.0000,0.00000,0.02514
8.38,20.62,1.3112,0.0000,0.00000,0.02369
8.62,20.62,1.2671,0.0000,0.00000,0.02145
8.88,20.62,1.2097,0.0000,0.00000,0.01868
9.12,20.62,1.1956,0.0000,0.00000,0.01689
9.38,20.62,1.2610,0.0000,0.00000,0.01631
9.62,20.62,1.3773,0.0000,0.00000,0.01590
9.88,20.62,1.4464,0.0000,0.00000,0.01507
10.12,20.62,1.4124,0.0000,0.00000,0.01338
10.38,20.62,1.3091,0.0000,0.00000,0.01127
10.62,20.62,1.1936,0.0000,0.00000,0.00932
10.88,20.62,1.1555,0.0000,0.00000,0.00820
11.12,20.62,1.2596,0.0000,0.00000,0.00805
11.38,20.62,1.4342,0.0000,0.00000,0.00814
11.62,20.62,1.5302,0.0000,0.00000,0.00767
11.88,20.62,1.4444,0.0000,0.00000,0.00666
12.12,20.62,1.2183,0.0000,0.00000,0.00529
12.38,20.62,1.0337,0.0000,0.00000,0.00410
12.62,20.62,1.0565,0.0000,0.00000,0.00366
12.88,20.62,1.3122,0.0000,0.00000,0.00406
13.12,20.62,1.6054,0.0000,0.00000,0.00468
13.38,20.62,1.6839,0.0000,0.00000,0.00478
13.62,20.62,1.4536,0.0000,0.00000,0.00409
13.88,20.62,1.0848,0.0000,0.00000,0.00306
14.12,20.62,0.6987,0.0000,0.00000,0.00194
14.38,20.62,0.3924,0.0000,0.00000,0.00103
5.12,20.88,0.0002,0.0000,0.00000,0.00003
5.38,20.88,0.0011,0.0000,0.00000,0.00011
5.62,20.88,0.0052,0.0000,0.00000,0.00030
5.88,20.88,0.0220,0.0000,0.00000,0.00121
6.12,20.88,0.0785,0.0000,0.00000,0.00431
6.38,20.88,0.2215,0.0000,0.00000,0.00909
6.62,20.88,0.4689,0.0000,0.00000,0.01287
6.88,20.88,0.7620,0.0000,0.00000,0.01629
7.12,20.88,0.9992,0.0000,0.00000,0.01950
7.38,20.88,1.1034,0.0000,0.00000,0.02088
7.62,20.88,1.1148,0.0000,0.00000,0.02108
7.88,20.88,1.1227,0.0000,0.00000,0.02040
8.12,20.88,1.1809,0.0000,0.00000,0.02008
8.38,20.88,1.2599,0.0000,0.00000,0.02010
8.62,20.88,1.3091,0.0000,0.00000,0.01930
8.88,20.88,1.2739,0.0000,0.00000,0.01691
9.12,20.88,1.1967,0.0000,0.00000,0.01464
9.38,20.88,1.1622,0.0000,0.00000,0.01337
9.62,20.88,1.2085,0.0000,0.00000,0.01269
9.88,20.88,1.3039,0.0000,0.00000,0.01251
10.12,20.88,1.4020,0.0000,0.00000,0.01227
10.38,20.88,1.4464,0.0000,0.00000,0.01136
10.62,20.88,1.3798,0.0000,0.00000,0.00985
10.88,20.88,1.2387,0.0000,0.00000,0.00824
11.12,20.88,1.1357,0.0000,0.00000,0.00698
11.38,20.88,1.1525,0.0000,0.00000,0.00638
11.62,20.88,1.2980,0.0000,0.00000,0.00646
11.88,20.88,1.4761,0.0000,0.00000,0.00685
12.12,20.88,1.5203,0.0000,0.00000,0.00666
12.38,20.88,1.3665,0.0000,0.00000,0.00563
12.62,20.88,1.1392,0.0000,0.00000,0.00436
12.88,20.88,1.0255,0.0000,0.00000,0.00355
13.12,20.88,1.1321,0.0000,0.00000,0.00352
13.38,20.88,1.4041,0.0000,0.00000,0.00409
13.62,20.88,1.6369,0.0000,0.00000,0.00466
13.88,20.88,1.6300,0.0000,0.00000,0.00459
14.12,20.88,1.3510,0.0000,0.00000,0.00367
14.38,20.88,0.9587,0.0000,0.00000,0.00246
14.62,20.88,0.5800,0.0000,0.00000,0.00144
14.88,20.88,0.3088,0.0000,0.00000,0.00077
5.62,21.12,0.0011,0.0000,0.00000,0.00008
5.88,21.12,0.0052,0.0000,0.00000,0.00048
6.12,21.12,0.0225,0.0000,0.00000,0.00195
6.38,21.12,0.0791,0.0000,0.00000,0.00410
6.62,21.12,0.2108,0.0000,0.00000,0.00580
6.88,21.12,0.4383,0.0000,0.00000,0.00835
7.12,21.12,0.7256,0.0000,0.00000,0.01206
7.38,21.12,0.9714,0.0000,0.00000,0.01529
7.62,21.12,1.0941,0.0000,0.00000,0.01698
7.88,21.12,1.0966,0.0000,0.00000,0.01668
8.12,21.12,1.0763,0.0000,0.00000,0.01597
8.38,21.12,1.1128,0.0000,0.00000,0.01593
8.62,21.12,1.2045,0.0000,0.00000,0.01598
8.88,21.12,1.2723,0.0000,0.00000,0.01494
9.12,21.12,1.2778,0.0000,0.00000,0.01357
9.38,21.12,1.2356,0.0000,0.00000,0.01223
9.62,21.12,1.1826,0.0000,0.00000,0.01087
9.88,21.12,1.1575,0.0000,0.00000,0.01008
10.12,21.12,1.2130,0.0000,0.00000,0.00992
10.38,21.12,1.3270,0.0000,0.00000,0.00971
10.62,21.12,1.4200,0.0000,0.00000,0.00943
10.88,21.12,1.4232,0.0000,0.00000,0.00888
11.12,21.12,1.3126,0.0000,0.00000,0.00759
11.38,21.12,1.1592,0.0000,0.00000,0.00616
11.62,21.12,1.0862,0.0000,0.00000,0.00536
11.88,21.12,1.1634,0.0000,0.00000,0.00536
12.12,21.12,1.3382,0.0000,0.00000,0.00572
12.38,21.12,1.4828,0.0000,0.00000,0.00593
12.62,21.12,1.4816,0.0000,0.00000,0.00564
12.88,21.12,1.3023,0.0000,0.00000,0.00470
13.12,21.12,1.0758,0.0000,0.00000,0.00360
13.38,21.12,1.0092,0.0000,0.00000,0.00310
13.62,21.12,1.1825,0.0000,0.00000,0.00344
13.88,21.12,1.4646,0.0000,0.00000,0.00413
14.12,21.12,1.6529,0.0000,0.00000,0.00444
14.38,21.12,1.5667,0.0000,0.00000,0.00398
14.62,21.12,1.2341,0.0000,0.00000,0.00304
14.88,21.12,0.8380,0.0000,0.00000,0.00205
15.12,21.12,0.4852,0.0000,0.00000,0.00119
15.38,21.12,0.2436,0.0000,0.00000,0.00060
5.88,21.38,0.0011,0.0000,0.00000,0.00014
6.12,21.38,0.0052,0.0000,0.00000,0.00051
6.38,21.38,0.0217,0.0000,0.00000,0.00104
6.62,21.38,0.0722,0.0000,0.00000,0.00173
6.88,21.38,0.1930,0.0000,0.00000,0.00335
7.12,21.38,0.4055,0.0000,0.00000,0.00621
7.38,21.38,0.6804,0.0000,0.00000,0.00986
7.62,21.38,0.9311,0.0000,0.00000,0.01302
7.88,21.38,1.0626,0.0000,0.00000,0.01410
8.12,21.38,1.0791,0.0000,0.00000,0.01357
8.38,21.38,1.0579,0.0000,0.00000,0.01275
8.62,21.38,1.0753,0.0000,0.00000,0.01234
8.88,21.38,1.1470,0.0000,0.00000,0.01203
9.12,21.38,1.2420,0.0000,0.00000,0.01184
9.38,21.38,1.3034,0.0000,0.00000,0.01148
9.62,21.38,1.2914,0.0000,0.00000,0.01064
9.88,21.38,1.2089,0.0000,0.00000,0.00952
10.12,21.38,1.1512,0.0000,0.00000,0.00861
10.38,21.38,1.1602,0.0000,0.00000,0.00794
10.62,21.38,1.2404,0.0000,0.00000,0.00786
10.88,21.38,1.3584,0.0000,0.00000,0.00816
11.12,21.38,1.4251,0.0000,0.00000,0.00788
11.38,21.38,1.3860,0.0000,0.00000,0.00702
11.62,21.38,1.2541,0.0000,0.00000,0.00594
11.88,21.38,1.1201,0.0000,0.00000,0.00499
12.12,21.38,1.0993,0.0000,0.00000,0.00457
12.38,21.38,1.2187,0.0000,0.00000,0.00476
12.62,21.38,1.3943,0.0000,0.00000,0.00516
12.88,21.38,1.4969,0.0000,0.00000,0.00524
13.12,21.38,1.4253,0.0000,0.00000,0.00473
13.38,21.38,1.2176,0.0000,0.00000,0.00385
13.62,21.38,1.0393,0.0000,0.00000,0.00317
13.88,21.38,1.0386,0.0000,0.00000,0.00305
14.12,21.38,1.2518,0.0000,0.00000,0.00346
14.38,21.38,1.5250,0.0000,0.00000,0.00394
14.62,21.38,1.6573,0.0000,0.00000,0.00411
14.88,21.38,1.5069,0.0000,0.00000,0.00369
15.12,21.38,1.1307,0.0000,0.00000,0.00279
15.38,21.38,0.7216,0.0000,0.00000,0.00180
15.62,21.38,0.4351,0.0000,0.00000,0.00109
6.38,21.62,0.0051,0.0000,0.00000,0.00017
6.62,21.62,0.0205,0.0000,0.00000,0.00041
6.88,21.62,0.0657,0.0000,0.00000,0.00109
7.12,21.62,0.1678,0.0000,0.00000,0.00252
7.38,21.62,0.3535,0.0000,0.00000,0.00500
7.62,21.62,0.6128,0.0000,0.00000,0.00813
7.88,21.62,0.8717,0.0000,0.00000,0.01061
8.12,21.62,1.0454,0.0000,0.00000,0.01158
8.38,21.62,1.0963,0.0000,0.00000,0.01110
8.62,21.62,1.0660,0.0000,0.00000,0.01016
8.88,21.62,1.0420,0.0000,0.00000,0.00951
9.12,21.62,1.0858,0.0000,0.00000,0.00939
9.38,21.62,1.1914,0.0000,0.00000,0.00973
9.62,21.62,1.2927,0.0000,0.00000,0.01006
9.88,21.62,1.3085,0.0000,0.00000,0.00965
10.12,21.62,1.2557,0.0000,0.00000,0.00860
10.38,21.62,1.1715,0.0000,0.00000,0.00741
10.62,21.62,1.1239,0.0000,0.00000,0.00673
10.88,21.62,1.1572,0.0000,0.00000,0.00668
11.12,21.62,1.2643,0.0000,0.00000,0.00675
11.38,21.62,1.3902,0.0000,0.00000,0.00679
11.62,21.62,1.4374,0.0000,0.00000,0.00656
11.88,21.62,1.3623,0.0000,0.00000,0.00588
12.12,21.62,1.2239,0.0000,0.00000,0.00499
12.38,21.62,1.1121,0.0000,0.00000,0.00429
12.62,21.62,1.1121,0.0000,0.00000,0.00407
12.88,21.62,1.2565,0.0000,0.00000,0.00439
13.12,21.62,1.4460,0.0000,0.00000,0.00483
13.38,21.62,1.5212,0.0000,0.00000,0.00487
13.62,21.62,1.4012,0.0000,0.00000,0.00435
13.88,21.62,1.1621,0.0000,0.00000,0.00356
14.12,21.62,1.0025,0.0000,0.00000,0.00298
14.38,21.62,1.0674,0.0000,0.00000,0.00294
14.62,21.62,1.3292,0.0000,0.00000,0.00342
14.88,21.62,1.5903,0.0000,0.00000,0.00400
15.12,21.62,1.6372,0.0000,0.00000,0.00413
15.38,21.62,1.3989,0.0000,0.00000,0.00353
15.62,21.62,1.0442,0.0000,0.00000,0.00266
15.88,21.62,0.6721,0.0000,0.00000,0.00178
16.12,21.62,0.3723,0.0000,0.00000,0.00106
6.88,21.88,0.0186,0.0000,0.00000,0.00030
7.12,21.88,0.0542,0.0000,0.00000,0.00081
7.38,21.88,0.1361,0.0000,0.00000,0.00192
7.62,21.88,0.2936,0.0000,0.00000,0.00386
7.88,21.88,0.5356,0.0000,0.00000,0.00644
8.12,21.88,0.8091,0.0000,0.00000,0.00871
8.38,21.88,1.0182,0.0000,0.00000,0.00969
8.62,21.88,1.1007,0.0000,0.00000,0.00945
8.88,21.88,1.0763,0.0000,0.00000,0.00867
9.12,21.88,1.0224,0.0000,0.00000,0.00793
9.38,21.88,1.0338,0.0000,0.00000,0.00789
9.62,21.88,1.1304,0.0000,0.00000,0.00847
9.88,21.88,1.2415,0.0000,0.00000,0.00875
10.12,21.88,1.3080,0.0000,0.00000,0.00845
10.38,21.88,1.3016,0.0000,0.00000,0.00775
10.62,21.88,1.2313,0.0000,0.00000,0.00692
10.88,21.88,1.1421,0.0000,0.00000,0.00616
11.12,21.88,1.1160,0.0000,0.00000,0.00566
11.38,21.88,1.1885,0.0000,0.00000,0.00563
11.62,21.88,1.3194,0.0000,0.00000,0.00593
11.88,21.88,1.4220,0.0000,0.00000,0.00607
12.12,21.88,1.4300,0.0000,0.00000,0.00576
12.38,21.88,1.3201,0.0000,0.00000,0.00504
12.62,21.88,1.1570,0.0000,0.00000,0.00425
12.88,21.88,1.0728,0.0000,0.00000,0.00382
13.12,21.88,1.1478,0.0000,0.00000,0.00396
13.38,21.88,1.3336,0.0000,0.00000,0.00436
13.62,21.88,1.4885,0.0000,0.00000,0.00462
13.88,21.88,1.4813,0.0000,0.00000,0.00451
14.12,21.88,1.3040,0.0000,0.00000,0.00394
14.38,21.88,1.0829,0.0000,0.00000,0.00319
14.62,21.88,0.9900,0.0000,0.00000,0.00278
14.88,21.88,1.1133,0.0000,0.00000,0.00298
15.12,21.88,1.3826,0.0000,0.00000,0.00360
15.38,21.88,1.5995,0.0000,0.00000,0.00413
15.62,21.88,1.5861,0.0000,0.00000,0.00420
15.88,21.88,1.2979,0.0000,0.00000,0.00368
16.12,21.88,0.8841,0.0000,0.00000,0.00270
16.38,21.88,0.5051,0.0000,0.00000,0.00161
7.38,22.12,0.0409,0.0000,0.00000,0.00058
7.62,22.12,0.1023,0.0000,0.00000,0.00138
7.88,22.12,0.2328,0.0000,0.00000,0.00287
8.12,22.12,0.4493,0.0000,0.00000,0.00492
8.38,22.12,0.7216,0.0000,0.00000,0.00696
8.62,22.12,0.9708,0.0000,0.00000,0.00834
8.88,22.12,1.1067,0.0000,0.00000,0.00868
9.12,22.12,1.1048,0.0000,0.00000,0.00802
9.38,22.12,1.0479,0.0000,0.00000,0.00730
9.62,22.12,1.0199,0.0000,0.00000,0.00703
9.88,22.12,1.0656,0.0000,0.00000,0.00708
10.12,22.12,1.1717,0.0000,0.00000,0.00728
10.38,22.12,1.2837,0.0000,0.00000,0.00742
10.62,22.12,1.3304,0.0000,0.00000,0.00715
10.88,22.12,1.2861,0.0000,0.00000,0.00650
11.12,22.12,1.1965,0.0000,0.00000,0.00573
11.38,22.12,1.1186,0.0000,0.00000,0.00515
11.62,22.12,1.1166,0.0000,0.00000,0.00498
11.88,22.12,1.2060,0.0000,0.00000,0.00517
12.12,22.12,1.3486,0.0000,0.00000,0.00550
12.38,22.12,1.4437,0.0000,0.00000,0.00557
12.62,22.12,1.4096,0.0000,0.00000,0.00514
12.88,22.12,1.2645,0.0000,0.00000,0.00443
13.12,22.12,1.1088,0.0000,0.00000,0.00385
13.38,22.12,1.0618,0.0000,0.00000,0.00357
13.62,22.12,1.1663,0.0000,0.00000,0.00372
13.88,22.12,1.3493,0.0000,0.00000,0.00420
14.12,22.12,1.4786,0.0000,0.00000,0.00451
14.38,22.12,1.4312,0.0000,0.00000,0.00425
14.62,22.12,1.2262,0.0000,0.00000,0.00354
14.88,22.12,1.0240,0.0000,0.00000,0.00285
15.12,22.12,0.9942,0.0000,0.00000,0.00269
15.38,22.12,1.1714,0.0000,0.00000,0.00317
15.62,22.12,1.4358,0.0000,0.00000,0.00411
15.88,22.12,1.5713,0.0000,0.00000,0.00484
16.12,22.12,1.3628,0.0000,0.00000,0.00441
16.38,22.12,0.8923,0.0000,0.00000,0.00295
7.62,22.38,0.0280,0.0000,0.00000,0.00038
7.88,22.38,0.0752,0.0000,0.00000,0.00093
8.12,22.38,0.1773,0.0000,0.00000,0.00196
8.38,22.38,0.3626,0.0000,0.00000,0.00359
8.62,22.38,0.6272,0.0000,0.00000,0.00561
8.88,22.38,0.8972,0.0000,0.00000,0.00730
9.12,22.38,1.0864,0.0000,0.00000,0.00790
9.38,22.38,1.1495,0.0000,0.00000,0.00758
9.62,22.38,1.0898,0.0000,0.00000,0.00676
9.88,22.38,1.0131,0.0000,0.00000,0.00607
10.12,22.38,1.0050,0.0000,0.00000,0.00590
10.38,22.38,1.0773,0.0000,0.00000,0.00610
10.62,22.38,1.1992,0.0000,0.00000,0.00636
10.88,22.38,1.3078,0.0000,0.00000,0.00648
11.12,22.38,1.3305,0.0000,0.00000,0.00625
11.38,22.38,1.2536,0.0000,0.00000,0.00567
11.62,22.38,1.1409,0.0000,0.00000,0.00500
11.88,22.38,1.0757,0.0000,0.00000,0.00460
12.12,22.38,1.1223,0.0000,0.00000,0.00466
12.38,22.38,1.2586,0.0000,0.00000,0.00492
12.62,22.38,1.4071,0.0000,0.00000,0.00508
12.88,22.38,1.4676,0.0000,0.00000,0.00501
13.12,22.38,1.3751,0.0000,0.00000,0.00461
13.38,22.38,1.1892,0.0000,0.00000,0.00395
13.62,22.38,1.0459,0.0000,0.00000,0.00348
13.88,22.38,1.0580,0.0000,0.00000,0.00347
14.12,22.38,1.2231,0.0000,0.00000,0.00385
14.38,22.38,1.4037,0.0000,0.00000,0.00422
14.62,22.38,1.4690,0.0000,0.00000,0.00421
14.88,22.38,1.3726,0.0000,0.00000,0.00380
15.12,22.38,1.1704,0.0000,0.00000,0.00322
15.38,22.38,0.9966,0.0000,0.00000,0.00288
15.62,22.38,0.9997,0.0000,0.00000,0.00321
15.88,22.38,1.1627,0.0000,0.00000,0.00400
16.12,22.38,1.2287,0.0000,0.00000,0.00429
8.12,22.62,0.0545,0.0000,0.00000,0.00060
8.38,22.62,0.1350,0.0000,0.00000,0.00135
8.62,22.62,0.2844,0.0000,0.00000,0.00260
8.88,22.62,0.5078,0.0000,0.00000,0.00423
9.12,22.62,0.7829,0.0000,0.00000,0.00582
9.38,22.62,1.0256,0.0000,0.00000,0.00681
9.62,22.62,1.1421,0.0000,0.00000,0.00692
9.88,22.62,1.1304,0.0000,0.00000,0.00637
10.12,22.62,1.0464,0.0000,0.00000,0.00572
10.38,22.62,0.9733,0.0000,0.00000,0.00529
10.62,22.62,0.9926,0.0000,0.00000,0.00532
10.88,22.62,1.1166,0.0000,0.00000,0.00572
11.12,22.62,1.2602,0.0000,0.00000,0.00607
11.38,22.62,1.3449,0.0000,0.00000,0.00611
11.62,22.62,1.3260,0.0000,0.00000,0.00574
11.88,22.62,1.2159,0.0000,0.00000,0.00506
12.12,22.62,1.1042,0.0000,0.00000,0.00449
12.38,22.62,1.0781,0.0000,0.00000,0.00424
12.62,22.62,1.1635,0.0000,0.00000,0.00428
12.88,22.62,1.3213,0.0000,0.00000,0.00452
13.12,22.62,1.4481,0.0000,0.00000,0.00479
13.38,22.62,1.4412,0.0000,0.00000,0.00480
13.62,22.62,1.2950,0.0000,0.00000,0.00443
13.88,22.62,1.1224,0.0000,0.00000,0.00380
14.12,22.62,1.0401,0.0000,0.00000,0.00333
14.38,22.62,1.0991,0.0000,0.00000,0.00337
14.62,22.62,1.2679,0.0000,0.00000,0.00376
14.88,22.62,1.4351,0.0000,0.00000,0.00415
15.12,22.62,1.4621,0.0000,0.00000,0.00424
15.38,22.62,1.3027,0.0000,0.00000,0.00407
15.62,22.62,1.0803,0.0000,0.00000,0.00390
15.88,22.62,0.9361,0.0000,0.00000,0.00378
16.12,22.62,0.8761,0.0000,0.00000,0.00355
8.62,22.88,0.0981,0.0000,0.00000,0.00087
8.88,22.88,0.2071,0.0000,0.00000,0.00171
9.12,22.88,0.3850,0.0000,0.00000,0.00288
9.38,22.88,0.6302,0.0000,0.00000,0.00423
9.62,22.88,0.9087,0.0000,0.00000,0.00554
9.88,22.88,1.1253,0.0000,0.00000,0.00634
10.12,22.88,1.1994,0.0000,0.00000,0.00642
10.38,22.88,1.1304,0.0000,0.00000,0.00592
10.62,22.88,1.0153,0.0000,0.00000,0.00530
10.88,22.88,0.9768,0.0000,0.00000,0.00504
11.12,22.88,1.0430,0.0000,0.00000,0.00511
11.38,22.88,1.1856,0.0000,0.00000,0.00548
11.62,22.88,1.3213,0.0000,0.00000,0.00578
11.88,22.88,1.3653,0.0000,0.00000,0.00563
12.12,22.88,1.3042,0.0000,0.00000,0.00515
12.38,22.88,1.1972,0.0000,0.00000,0.00462
12.62,22.88,1.0995,0.0000,0.00000,0.00415
12.88,22.88,1.0934,0.0000,0.00000,0.00394
13.12,22.88,1.2086,0.0000,0.00000,0.00420
13.38,22.88,1.3690,0.0000,0.00000,0.00477
13.62,22.88,1.4547,0.0000,0.00000,0.00513
13.88,22.88,1.4019,0.0000,0.00000,0.00478
14.12,22.88,1.2347,0.0000,0.00000,0.00393
14.38,22.88,1.0664,0.0000,0.00000,0.00331
14.62,22.88,1.0231,0.0000,0.00000,0.00323
14.88,22.88,1.1356,0.0000,0.00000,0.00363
15.12,22.88,1.3069,0.0000,0.00000,0.00428
15.38,22.88,1.4127,0.0000,0.00000,0.00501
15.62,22.88,1.4000,0.0000,0.00000,0.00563
15.88,22.88,1.2742,0.0000,0.00000,0.00567
9.12,23.12,0.1332,0.0000,0.00000,0.00097
9.38,23.12,0.2582,0.0000,0.00000,0.00170
9.62,23.12,0.4792,0.0000,0.00000,0.00289
9.88,23.12,0.7784,0.0000,0.00000,0.00438
10.12,23.12,1.0695,0.0000,0.00000,0.00579
10.38,23.12,1.2281,0.0000,0.00000,0.00642
10.62,23.12,1.2093,0.0000,0.00000,0.00608
10.88,23.12,1.0952,0.0000,0.00000,0.00535
11.12,23.12,0.9930,0.0000,0.00000,0.00473
11.38,23.12,0.9837,0.0000,0.00000,0.00461
11.62,23.12,1.0763,0.0000,0.00000,0.00485
11.88,23.12,1.2255,0.0000,0.00000,0.00516
12.12,23.12,1.3494,0.0000,0.00000,0.00535
12.38,23.12,1.3804,0.0000,0.00000,0.00528
12.62,23.12,1.2863,0.0000,0.00000,0.00486
12.88,23.12,1.1511,0.0000,0.00000,0.00432
13.12,23.12,1.0744,0.0000,0.00000,0.00400
13.38,23.12,1.1115,0.0000,0.00000,0.00408
13.62,23.12,1.2473,0.0000,0.00000,0.00449
13.88,23.12,1.4021,0.0000,0.00000,0.00480
14.12,23.12,1.4549,0.0000,0.00000,0.00469
14.38,23.12,1.3486,0.0000,0.00000,0.00428
14.62,23.12,1.1597,0.0000,0.00000,0.00376
14.88,23.12,1.0200,0.0000,0.00000,0.00351
15.12,23.12,1.0146,0.0000,0.00000,0.00384
15.38,23.12,1.1417,0.0000,0.00000,0.00481
15.62,23.12,1.3331,0.0000,0.00000,0.00614
15.88,23.12,1.4978,0.0000,0.00000,0.00717
9.38,23.38,0.0759,0.0000,0.00000,0.00048
9.62,23.38,0.1730,0.0000,0.00000,0.00101
9.88,23.38,0.3515,0.0000,0.00000,0.00196
10.12,23.38,0.6166,0.0000,0.00000,0.00334
10.38,23.38,0.9162,0.0000,0.00000,0.00477
10.62,23.38,1.1467,0.0000,0.00000,0.00568
10.88,23.38,1.2369,0.0000,0.00000,0.00589
11.12,23.38,1.1841,0.0000,0.00000,0.00547
11.38,23.38,1.0584,0.0000,0.00000,0.00484
11.62,23.38,0.9645,0.0000,0.00000,0.00437
11.88,23.38,0.9834,0.0000,0.00000,0.00430
12.12,23.38,1.1091,0.0000,0.00000,0.00461
12.38,23.38,1.2695,0.0000,0.00000,0.00500
12.62,23.38,1.3686,0.0000,0.00000,0.00521
12.88,23.38,1.3653,0.0000,0.00000,0.00513
13.12,23.38,1.2586,0.0000,0.00000,0.00470
13.38,23.38,1.1076,0.0000,0.00000,0.00408
13.62,23.38,1.0339,0.0000,0.00000,0.00373
13.88,23.38,1.1221,0.0000,0.00000,0.00392
14.12,23.38,1.3075,0.0000,0.00000,0.00441
14.38,23.38,1.4538,0.0000,0.00000,0.00482
14.62,23.38,1.4420,0.0000,0.00000,0.00482
14.88,23.38,1.2718,0.0000,0.00000,0.00460
15.12,23.38,1.0725,0.0000,0.00000,0.00455
15.38,23.38,0.9880,0.0000,0.00000,0.00492
15.62,23.38,1.0760,0.0000,0.00000,0.00578
9.88,23.62,0.1128,0.0000,0.00000,0.00062
10.12,23.62,0.2389,0.0000,0.00000,0.00127
10.38,23.62,0.4387,0.0000,0.00000,0.00225
10.62,23.62,0.7044,0.0000,0.00000,0.00348
10.88,23.62,1.0003,0.0000,0.00000,0.00478
11.12,23.62,1.2117,0.0000,0.00000,0.00555
11.38,23.62,1.2567,0.0000,0.00000,0.00556
11.62,23.62,1.1616,0.0000,0.00000,0.00507
11.88,23.62,1.0246,0.0000,0.00000,0.00451
12.12,23.62,0.9515,0.0000,0.00000,0.00415
12.38,23.62,0.9964,0.0000,0.00000,0.00415
12.62,23.62,1.1424,0.0000,0.00000,0.00450
12.88,23.62,1.3223,0.0000,0.00000,0.00499
13.12,23.62,1.4270,0.0000,0.00000,0.00526
13.38,23.62,1.3594,0.0000,0.00000,0.00491
13.62,23.62,1.1792,0.0000,0.00000,0.00419
13.88,23.62,1.0463,0.0000,0.00000,0.00374
14.12,23.62,1.0441,0.0000,0.00000,0.00378
14.38,23.62,1.1832,0.0000,0.00000,0.00426
14.62,23.62,1.3609,0.0000,0.00000,0.00497
14.88,23.62,1.4441,0.0000,0.00000,0.00583
15.12,23.62,1.3888,0.0000,0.00000,0.00663
15.38,23.62,1.2683,0.0000,0.00000,0.00705
10.38,23.88,0.1422,0.0000,0.00000,0.00072
10.62,23.88,0.2749,0.0000,0.00000,0.00137
10.88,23.88,0.5076,0.0000,0.00000,0.00244
11.12,23.88,0.8124,0.0000,0.00000,0.00369
11.38,23.88,1.1051,0.0000,0.00000,0.00477
11.62,23.88,1.2784,0.0000,0.00000,0.00540
11.88,23.88,1.2759,0.0000,0.00000,0.00545
12.12,23.88,1.1451,0.0000,0.00000,0.00490
12.38,23.88,1.0029,0.0000,0.00000,0.00423
12.62,23.88,0.9476,0.0000,0.00000,0.00389
12.88,23.88,1.0302,0.0000,0.00000,0.00403
13.12,23.88,1.2217,0.0000,0.00000,0.00460
13.38,23.88,1.3816,0.0000,0.00000,0.00506
13.62,23.88,1.4102,0.0000,0.00000,0.00507
13.88,23.88,1.3112,0.0000,0.00000,0.00478
14.12,23.88,1.1337,0.0000,0.00000,0.00432
14.38,23.88,1.0103,0.0000,0.00000,0.00403
14.62,23.88,1.0386,0.0000,0.00000,0.00436
14.88,23.88,1.2097,0.0000,0.00000,0.00563
15.12,23.88,1.4362,0.0000,0.00000,0.00762
15.38,23.88,1.6088,0.0000,0.00000,0.00944
10.62,24.12,0.0755,0.0000,0.00000,0.00038
10.88,24.12,0.1709,0.0000,0.00000,0.00082
11.12,24.12,0.3456,0.0000,0.00000,0.00154
11.38,24.12,0.6117,0.0000,0.00000,0.00256
11.62,24.12,0.9358,0.0000,0.00000,0.00384
11.88,24.12,1.2165,0.0000,0.00000,0.00502
12.12,24.12,1.3446,0.0000,0.00000,0.00548
12.38,24.12,1.3007,0.0000,0.00000,0.00521
12.62,24.12,1.1283,0.0000,0.00000,0.00452
12.88,24.12,0.9639,0.0000,0.00000,0.00386
13.12,24.12,0.9420,0.0000,0.00000,0.00373
13.38,24.12,1.0672,0.0000,0.00000,0.00412
13.62,24.12,1.2664,0.0000,0.00000,0.00479
13.88,24.12,1.4216,0.0000,0.00000,0.00541
14.12,24.12,1.4079,0.0000,0.00000,0.00552
14.38,24.12,1.2350,0.0000,0.00000,0.00522
14.62,24.12,1.0403,0.0000,0.00000,0.00501
14.88,24.12,0.9689,0.0000,0.00000,0.00526
15.12,24.12,1.0950,0.0000,0.00000,0.00635
11.12,24.38,0.1041,0.0000,0.00000,0.00045
11.38,24.38,0.2254,0.0000,0.00000,0.00090
11.62,24.38,0.4357,0.0000,0.00000,0.00174
11.88,24.38,0.7297,0.0000,0.00000,0.00292
12.12,24.38,1.0549,0.0000,0.00000,0.00415
12.38,24.38,1.3096,0.0000,0.00000,0.00508
12.62,24.38,1.3751,0.0000,0.00000,0.00535
12.88,24.38,1.2550,0.0000,0.00000,0.00492
13.12,24.38,1.0616,0.0000,0.00000,0.00422
13.38,24.38,0.9243,0.0000,0.00000,0.00376
13.62,24.38,0.9395,0.0000,0.00000,0.00385
13.88,24.38,1.1061,0.0000,0.00000,0.00449
14.12,24.38,1.3169,0.0000,0.00000,0.00535
14.38,24.38,1.4281,0.0000,0.00000,0.00629
14.62,24.38,1.3685,0.0000,0.00000,0.00708
14.88,24.38,1.1711,0.0000,0.00000,0.00698
15.12,24.38,0.9710,0.0000,0.00000,0.00613
11.62,24.62,0.1437,0.0000,0.00000,0.00056
11.88,24.62,0.2884,0.0000,0.00000,0.00113
12.12,24.62,0.5114,0.0000,0.00000,0.00199
12.38,24.62,0.8054,0.0000,0.00000,0.00315
12.62,24.62,1.1228,0.0000,0.00000,0.00440
12.88,24.62,1.3447,0.0000,0.00000,0.00521
13.12,24.62,1.3703,0.0000,0.00000,0.00531
13.38,24.62,1.2110,0.0000,0.00000,0.00486
13.62,24.62,0.9960,0.0000,0.00000,0.00417
13.88,24.62,0.8815,0.0000,0.00000,0.00377
14.12,24.62,0.9464,0.0000,0.00000,0.00409
14.38,24.62,1.1543,0.0000,0.00000,0.00536
14.62,24.62,1.3861,0.0000,0.00000,0.00740
14.88,24.62,1.4615,0.0000,0.00000,0.00883
12.12,24.88,0.1613,0.0000,0.00000,0.00064
12.38,24.88,0.3022,0.0000,0.00000,0.00122
12.62,24.88,0.5518,0.0000,0.00000,0.00219
12.88,24.88,0.8874,0.0000,0.00000,0.00341
13.12,24.88,1.2128,0.0000,0.00000,0.00462
13.38,24.88,1.3890,0.0000,0.00000,0.00539
13.62,24.88,1.3434,0.0000,0.00000,0.00533
13.88,24.88,1.1443,0.0000,0.00000,0.00472
14.12,24.88,0.9367,0.0000,0.00000,0.00425
14.38,24.88,0.8601,0.0000,0.00000,0.00431
14.62,24.88,0.9940,0.0000,0.00000,0.00543
14.88,24.88,1.2350,0.0000,0.00000,0.00727
12.38,25.12,0.0786,0.0000,0.00000,0.00033
12.62,25.12,0.1761,0.0000,0.00000,0.00070
12.88,25.12,0.3587,0.0000,0.00000,0.00136
13.12,25.12,0.6432,0.0000,0.00000,0.00240
13.38,25.12,0.9891,0.0000,0.00000,0.00368
13.62,25.12,1.2839,0.0000,0.00000,0.00480
13.88,25.12,1.4052,0.0000,0.00000,0.00552
14.12,25.12,1.3119,0.0000,0.00000,0.00576
14.38,25.12,1.0678,0.0000,0.00000,0.00523
14.62,25.12,0.8529,0.0000,0.00000,0.00453
12.88,25.38,0.1011,0.0000,0.00000,0.00038
13.12,25.38,0.2213,0.0000,0.00000,0.00080
13.38,25.38,0.4305,0.0000,0.00000,0.00152
13.62,25.38,0.7272,0.0000,0.00000,0.00260
13.88,25.38,1.0637,0.0000,0.00000,0.00406
14.12,25.38,1.3341,0.0000,0.00000,0.00563
14.38,25.38,1.3947,0.0000,0.00000,0.00636
13.38,25.62,0.1288,0.0000,0.00000,0.00044
13.62,25.62,0.2618,0.0000,0.00000,0.00091
13.88,25.62,0.4828,0.0000,0.00000,0.00184
14.12,25.62,0.7979,0.0000,0.00000,0.00339
14.38,25.62,1.1315,0.0000,0.00000,0.00518
13.88,25.88,0.1424,0.0000,0.00000,0.00057
14.12,25.88,0.2874,0.0000,0.00000,0.00130
14.12,26.12,0.0675,0.0000,0.00000,0.00033
