x,y,rho,contact,casualty,pressure
2.62,0.12,0.0301,0.0000,0.00000,0.00484
2.88,0.12,0.0511,0.0000,0.00000,0.00861
3.12,0.12,0.0646,0.0000,0.00000,0.01157
3.38,0.12,0.0704,0.0000,0.00000,0.01317
3.62,0.12,0.0752,0.0000,0.00000,0.01413
3.88,0.12,0.0795,0.0000,0.00000,0.01422
4.12,0.12,0.0783,0.0000,0.00000,0.01374
4.38,0.12,0.0728,0.0000,0.00000,0.01297
4.62,0.12,0.0711,0.0000,0.00000,0.01203
4.88,0.12,0.0729,0.0000,0.00000,0.01178
5.12,0.12,0.0754,0.0000,0.00000,0.01158
5.38,0.12,0.0749,0.0000,0.00000,0.01173
5.62,0.12,0.0720,0.0000,0.00000,0.01186
5.88,0.12,0.0716,0.0000,0.00000,0.01257
6.12,0.12,0.0714,0.0000,0.00000,0.01280
6.38,0.12,0.0722,0.0000,0.00000,0.01432
6.62,0.12,0.0762,0.0000,0.00000,0.01526
6.88,0.12,0.0719,0.0000,0.00000,0.01351
7.12,0.12,0.0502,0.0000,0.00000,0.01049
7.38,0.12,0.0256,0.0000,0.00000,0.00637
2.62,0.38,0.0574,0.0000,0.00000,0.00963
2.88,0.38,0.1097,0.0000,0.00000,0.02018
3.12,0.38,0.1582,0.0000,0.00000,0.03117
3.38,0.38,0.1804,0.0000,0.00000,0.03606
3.62,0.38,0.1883,0.0000,0.00000,0.03776
3.88,0.38,0.1946,0.0000,0.00000,0.03851
4.12,0.38,0.1915,0.0000,0.00000,0.03733
4.38,0.38,0.1842,0.0000,0.00000,0.03568
4.62,0.38,0.1836,0.0000,0.00000,0.03443
4.88,0.38,0.1882,0.0000,0.00000,0.03390
5.12,0.38,0.1943,0.0000,0.00000,0.03334
5.38,0.38,0.1963,0.0000,0.00000,0.03407
5.62,0.38,0.1918,0.0000,0.00000,0.03424
5.88,0.38,0.1876,0.0000,0.00000,0.03526
6.12,0.38,0.1855,0.0000,0.00000,0.03675
6.38,0.38,0.1883,0.0000,0.00000,0.04125
6.62,0.38,0.1934,0.0000,0.00000,0.04665
6.88,0.38,0.1815,0.0000,0.00000,0.04721
7.12,0.38,0.1310,0.0000,0.00000,0.03760
7.38,0.38,0.0693,0.0000,0.00000,0.02169
2.62,0.62,0.0641,0.0000,0.00000,0.01112
2.88,0.62,0.1454,0.0000,0.00000,0.02781
3.12,0.62,0.2497,0.0000,0.00000,0.04921
3.38,0.62,0.3152,0.0000,0.00000,0.06056
3.62,0.62,0.3339,0.0000,0.00000,0.06423
3.88,0.62,0.3348,0.0000,0.00000,0.06522
4.12,0.62,0.3283,0.0000,0.00000,0.06288
4.38,0.62,0.3271,0.0000,0.00000,0.06102
4.62,0.62,0.3315,0.0000,0.00000,0.06029
4.88,0.62,0.3361,0.0000,0.00000,0.05941
5.12,0.62,0.3426,0.0000,0.00000,0.05860
5.38,0.62,0.3492,0.0000,0.00000,0.06013
5.62,0.62,0.3488,0.0000,0.00000,0.06057
5.88,0.62,0.3435,0.0000,0.00000,0.06257
6.12,0.62,0.3364,0.0000,0.00000,0.06650
6.38,0.62,0.3388,0.0000,0.00000,0.07611
6.62,0.62,0.3500,0.0000,0.00000,0.09420
6.88,0.62,0.3360,0.0000,0.00000,0.10414
7.12,0.62,0.2473,0.0000,0.00000,0.08058
7.38,0.62,0.1319,0.0000,0.00000,0.04307
2.62,0.88,0.0413,0.0000,0.00000,0.00700
2.88,0.88,0.1196,0.0000,0.00000,0.02114
3.12,0.88,0.2556,0.0000,0.00000,0.04391
3.38,0.88,0.3763,0.0000,0.00000,0.06120
3.62,0.88,0.4226,0.0000,0.00000,0.06820
3.88,0.88,0.4151,0.0000,0.00000,0.06806
4.12,0.88,0.4019,0.0000,0.00000,0.06441
4.38,0.88,0.4064,0.0000,0.00000,0.06305
4.62,0.88,0.4154,0.0000,0.00000,0.06346
4.88,0.88,0.4175,0.0000,0.00000,0.06295
5.12,0.88,0.4186,0.0000,0.00000,0.06243
5.38,0.88,0.4253,0.0000,0.00000,0.06391
5.62,0.88,0.4331,0.0000,0.00000,0.06530
5.88,0.88,0.4371,0.0000,0.00000,0.06995
6.12,0.88,0.4271,0.0000,0.00000,0.07548
6.38,0.88,0.4289,0.0000,0.00000,0.08917
6.62,0.88,0.4644,0.0000,0.00000,0.12272
6.88,0.88,0.4645,0.0000,0.00000,0.14236
7.12,0.88,0.3354,0.0000,0.00000,0.10302
7.38,0.88,0.1713,0.0000,0.00000,0.04933
2.62,1.12,0.0195,0.0000,0.00000,0.00290
2.88,1.12,0.0747,0.0000,0.00000,0.01102
3.12,1.12,0.1980,0.0000,0.00000,0.02809
3.38,1.12,0.3446,0.0000,0.00000,0.04583
3.62,1.12,0.4288,0.0000,0.00000,0.05432
3.88,1.12,0.4336,0.0000,0.00000,0.05392
4.12,1.12,0.4134,0.0000,0.00000,0.04962
4.38,1.12,0.4108,0.0000,0.00000,0.04843
4.62,1.12,0.4200,0.0000,0.00000,0.05046
4.88,1.12,0.4240,0.0000,0.00000,0.05117
5.12,1.12,0.4234,0.0000,0.00000,0.05081
5.38,1.12,0.4269,0.0000,0.00000,0.05183
5.62,1.12,0.4358,0.0000,0.00000,0.05432
5.88,1.12,0.4463,0.0000,0.00000,0.06099
6.12,1.12,0.4433,0.0000,0.00000,0.06704
6.38,1.12,0.4553,0.0000,0.00000,0.08070
6.62,1.12,0.5220,0.0000,0.00000,0.11876
6.88,1.12,0.5364,0.0000,0.00000,0.13973
7.12,1.12,0.3685,0.0000,0.00000,0.09464
7.38,1.12,0.1732,0.0000,0.00000,0.04059
2.62,1.38,0.0077,0.0000,0.00000,0.00099
2.88,1.38,0.0370,0.0000,0.00000,0.00488
3.12,1.38,0.1232,0.0000,0.00000,0.01599
3.38,1.38,0.2685,0.0000,0.00000,0.03130
3.62,1.38,0.3990,0.0000,0.00000,0.04033
3.88,1.38,0.4380,0.0000,0.00000,0.04022
4.12,1.38,0.4150,0.0000,0.00000,0.03592
4.38,1.38,0.4044,0.0000,0.00000,0.03573
4.62,1.38,0.4099,0.0000,0.00000,0.03908
4.88,1.38,0.4126,0.0000,0.00000,0.04051
5.12,1.38,0.4126,0.0000,0.00000,0.04021
5.38,1.38,0.4126,0.0000,0.00000,0.04081
5.62,1.38,0.4176,0.0000,0.00000,0.04339
5.88,1.38,0.4303,0.0000,0.00000,0.05050
6.12,1.38,0.4385,0.0000,0.00000,0.05760
6.38,1.38,0.4668,0.0000,0.00000,0.06941
6.62,1.38,0.5562,0.0000,0.00000,0.10202
6.88,1.38,0.5715,0.0000,0.00000,0.11877
7.12,1.38,0.3734,0.0000,0.00000,0.07799
7.38,1.38,0.1626,0.0000,0.00000,0.03189
2.62,1.62,0.0024,0.0000,0.00000,0.00030
2.88,1.62,0.0154,0.0000,0.00000,0.00209
3.12,1.62,0.0702,0.0000,0.00000,0.00910
3.38,1.62,0.1982,0.0000,0.00000,0.02149
3.62,1.62,0.3542,0.0000,0.00000,0.03059
3.88,1.62,0.4294,0.0000,0.00000,0.03091
4.12,1.62,0.4121,0.0000,0.00000,0.02706
4.38,1.62,0.3971,0.0000,0.00000,0.02737
4.62,1.62,0.4025,0.0000,0.00000,0.03094
4.88,1.62,0.4042,0.0000,0.00000,0.03288
5.12,1.62,0.4027,0.0000,0.00000,0.03276
5.38,1.62,0.3973,0.0000,0.00000,0.03281
5.62,1.62,0.4011,0.0000,0.00000,0.03460
5.88,1.62,0.4170,0.0000,0.00000,0.04039
6.12,1.62,0.4303,0.0000,0.00000,0.04750
6.38,1.62,0.4765,0.0000,0.00000,0.05842
6.62,1.62,0.5824,0.0000,0.00000,0.08357
6.88,1.62,0.5820,0.0000,0.00000,0.09466
7.12,1.62,0.3577,0.0000,0.00000,0.06107
7.38,1.62,0.1439,0.0000,0.00000,0.02456
2.62,1.88,0.0007,0.0000,0.00000,0.00009
2.88,1.88,0.0063,0.0000,0.00000,0.00083
3.12,1.88,0.0374,0.0000,0.00000,0.00441
3.38,1.88,0.1303,0.0000,0.00000,0.01234
3.62,1.88,0.2837,0.0000,0.00000,0.02025
3.88,1.88,0.4025,0.0000,0.00000,0.02240
4.12,1.88,0.4123,0.0000,0.00000,0.02026
4.38,1.88,0.3920,0.0000,0.00000,0.01951
4.62,1.88,0.3988,0.0000,0.00000,0.02125
4.88,1.88,0.4040,0.0000,0.00000,0.02255
5.12,1.88,0.4033,0.0000,0.00000,0.02256
5.38,1.88,0.3975,0.0000,0.00000,0.02331
5.62,1.88,0.4006,0.0000,0.00000,0.02482
5.88,1.88,0.4171,0.0000,0.00000,0.02805
6.12,1.88,0.4304,0.0000,0.00000,0.03291
6.38,1.88,0.4911,0.0000,0.00000,0.04201
6.62,1.88,0.6123,0.0000,0.00000,0.06112
6.88,1.88,0.5892,0.0000,0.00000,0.06803
7.12,1.88,0.3344,0.0000,0.00000,0.04204
7.38,1.88,0.1196,0.0000,0.00000,0.01574
2.62,2.12,0.0002,0.0000,0.00000,0.00002
2.88,2.12,0.0025,0.0000,0.00000,0.00024
3.12,2.12,0.0181,0.0000,0.00000,0.00160
3.38,2.12,0.0800,0.0000,0.00000,0.00589
3.62,2.12,0.2200,0.0000,0.00000,0.01201
3.88,2.12,0.3735,0.0000,0.00000,0.01523
4.12,2.12,0.4207,0.0000,0.00000,0.01448
4.38,2.12,0.3997,0.0000,0.00000,0.01275
4.62,2.12,0.3993,0.0000,0.00000,0.01240
4.88,2.12,0.4060,0.0000,0.00000,0.01316
5.12,2.12,0.4086,0.0000,0.00000,0.01424
5.38,2.12,0.4059,0.0000,0.00000,0.01591
5.62,2.12,0.4102,0.0000,0.00000,0.01725
5.88,2.12,0.4302,0.0000,0.00000,0.01888
6.12,2.12,0.4460,0.0000,0.00000,0.02133
6.38,2.12,0.5121,0.0000,0.00000,0.02837
6.62,2.12,0.6400,0.0000,0.00000,0.04489
6.88,2.12,0.6014,0.0000,0.00000,0.05125
7.12,2.12,0.3221,0.0000,0.00000,0.03066
7.38,2.12,0.1034,0.0000,0.00000,0.01052
2.62,2.38,0.0001,0.0000,0.00000,0.00000
2.88,2.38,0.0012,0.0000,0.00000,0.00007
3.12,2.38,0.0101,0.0000,0.00000,0.00070
3.38,2.38,0.0523,0.0000,0.00000,0.00331
3.62,2.38,0.1656,0.0000,0.00000,0.00749
3.88,2.38,0.3236,0.0000,0.00000,0.00974
4.12,2.38,0.4118,0.0000,0.00000,0.00926
4.38,2.38,0.4043,0.0000,0.00000,0.00777
4.62,2.38,0.3936,0.0000,0.00000,0.00727
4.88,2.38,0.4035,0.0000,0.00000,0.00876
5.12,2.38,0.4075,0.0000,0.00000,0.01090
5.38,2.38,0.4034,0.0000,0.00000,0.01201
5.62,2.38,0.4108,0.0000,0.00000,0.01286
5.88,2.38,0.4321,0.0000,0.00000,0.01464
6.12,2.38,0.4498,0.0000,0.00000,0.01602
6.38,2.38,0.5173,0.0000,0.00000,0.02035
6.62,2.38,0.6431,0.0000,0.00000,0.03301
6.88,2.38,0.5971,0.0000,0.00000,0.03904
7.12,2.38,0.3127,0.0000,0.00000,0.02389
7.38,2.38,0.0961,0.0000,0.00000,0.00836
2.62,2.62,0.0000,0.0000,0.00000,0.00000
2.88,2.62,0.0006,0.0000,0.00000,0.00003
3.12,2.62,0.0057,0.0000,0.00000,0.00031
3.38,2.62,0.0326,0.0000,0.00000,0.00155
3.62,2.62,0.1164,0.0000,0.00000,0.00369
3.88,2.62,0.2728,0.0000,0.00000,0.00526
4.12,2.62,0.4086,0.0000,0.00000,0.00564
4.38,2.62,0.4221,0.0000,0.00000,0.00500
4.62,2.62,0.4008,0.0000,0.00000,0.00490
4.88,2.62,0.4088,0.0000,0.00000,0.00666
5.12,2.62,0.4127,0.0000,0.00000,0.00889
5.38,2.62,0.4056,0.0000,0.00000,0.00960
5.62,2.62,0.4087,0.0000,0.00000,0.01028
5.88,2.62,0.4243,0.0000,0.00000,0.01187
6.12,2.62,0.4458,0.0000,0.00000,0.01272
6.38,2.62,0.5267,0.0000,0.00000,0.01456
6.62,2.62,0.6621,0.0000,0.00000,0.02161
6.88,2.62,0.6065,0.0000,0.00000,0.02494
7.12,2.62,0.3112,0.0000,0.00000,0.01541
7.38,2.62,0.0932,0.0000,0.00000,0.00560
2.62,2.88,0.0000,0.0000,0.00000,0.00000
2.88,2.88,0.0003,0.0000,0.00000,0.00001
3.12,2.88,0.0030,0.0000,0.00000,0.00007
3.38,2.88,0.0197,0.0000,0.00000,0.00045
3.62,2.88,0.0825,0.0000,0.00000,0.00144
3.88,2.88,0.2321,0.0000,0.00000,0.00289
4.12,2.88,0.3982,0.0000,0.00000,0.00393
4.38,2.88,0.4372,0.0000,0.00000,0.00386
4.62,2.88,0.4081,0.0000,0.00000,0.00365
4.88,2.88,0.4036,0.0000,0.00000,0.00464
5.12,2.88,0.4100,0.0000,0.00000,0.00657
5.38,2.88,0.4088,0.0000,0.00000,0.00794
5.62,2.88,0.4077,0.0000,0.00000,0.00846
5.88,2.88,0.4190,0.0000,0.00000,0.00866
6.12,2.88,0.4452,0.0000,0.00000,0.00878
6.38,2.88,0.5355,0.0000,0.00000,0.01023
6.62,2.88,0.6819,0.0000,0.00000,0.01494
6.88,2.88,0.6215,0.0000,0.00000,0.01635
7.12,2.88,0.3123,0.0000,0.00000,0.00960
7.38,2.88,0.0895,0.0000,0.00000,0.00330
2.62,3.12,0.0000,0.0000,0.00000,0.00000
2.88,3.12,0.0001,0.0000,0.00000,0.00000
3.12,3.12,0.0015,0.0000,0.00000,0.00002
3.38,3.12,0.0118,0.0000,0.00000,0.00018
3.62,3.12,0.0587,0.0000,0.00000,0.00086
3.88,3.12,0.1884,0.0000,0.00000,0.00209
4.12,3.12,0.3639,0.0000,0.00000,0.00315
4.38,3.12,0.4421,0.0000,0.00000,0.00357
4.62,3.12,0.4199,0.0000,0.00000,0.00340
4.88,3.12,0.4090,0.0000,0.00000,0.00360
5.12,3.12,0.4218,0.0000,0.00000,0.00480
5.38,3.12,0.4298,0.0000,0.00000,0.00592
5.62,3.12,0.4326,0.0000,0.00000,0.00620
5.88,3.12,0.4399,0.0000,0.00000,0.00602
6.12,3.12,0.4592,0.0000,0.00000,0.00605
6.38,3.12,0.5470,0.0000,0.00000,0.00787
6.62,3.12,0.6944,0.0000,0.00000,0.01208
6.88,3.12,0.6256,0.0000,0.00000,0.01263
7.12,3.12,0.3076,0.0000,0.00000,0.00687
7.38,3.12,0.0844,0.0000,0.00000,0.00208
2.62,3.38,0.0000,0.0000,0.00000,0.00000
2.88,3.38,0.0000,0.0000,0.00000,0.00000
3.12,3.38,0.0007,0.0000,0.00000,0.00001
3.38,3.38,0.0070,0.0000,0.00000,0.00014
3.62,3.38,0.0405,0.0000,0.00000,0.00072
3.88,3.38,0.1448,0.0000,0.00000,0.00177
4.12,3.38,0.3210,0.0000,0.00000,0.00274
4.38,3.38,0.4442,0.0000,0.00000,0.00338
4.62,3.38,0.4396,0.0000,0.00000,0.00343
4.88,3.38,0.4207,0.0000,0.00000,0.00330
5.12,3.38,0.4310,0.0000,0.00000,0.00364
5.38,3.38,0.4434,0.0000,0.00000,0.00403
5.62,3.38,0.4536,0.0000,0.00000,0.00437
5.88,3.38,0.4624,0.0000,0.00000,0.00471
6.12,3.38,0.4744,0.0000,0.00000,0.00508
6.38,3.38,0.5593,0.0000,0.00000,0.00700
6.62,3.38,0.7095,0.0000,0.00000,0.01060
6.88,3.38,0.6343,0.0000,0.00000,0.01029
7.12,3.38,0.3083,0.0000,0.00000,0.00516
7.38,3.38,0.0832,0.0000,0.00000,0.00142
2.62,3.62,0.0000,0.0000,0.00000,0.00000
2.88,3.62,0.0000,0.0000,0.00000,0.00000
3.12,3.62,0.0005,0.0000,0.00000,0.00001
3.38,3.62,0.0047,0.0000,0.00000,0.00013
3.62,3.62,0.0280,0.0000,0.00000,0.00068
3.88,3.62,0.1082,0.0000,0.00000,0.00172
4.12,3.62,0.2726,0.0000,0.00000,0.00260
4.38,3.62,0.4218,0.0000,0.00000,0.00299
4.62,3.62,0.4358,0.0000,0.00000,0.00303
4.88,3.62,0.4107,0.0000,0.00000,0.00303
5.12,3.62,0.4190,0.0000,0.00000,0.00311
5.38,3.62,0.4319,0.0000,0.00000,0.00314
5.62,3.62,0.4424,0.0000,0.00000,0.00344
5.88,3.62,0.4595,0.0000,0.00000,0.00410
6.12,3.62,0.4772,0.0000,0.00000,0.00471
6.38,3.62,0.5661,0.0000,0.00000,0.00630
6.62,3.62,0.7221,0.0000,0.00000,0.00907
6.88,3.62,0.6475,0.0000,0.00000,0.00843
7.12,3.62,0.3152,0.0000,0.00000,0.00409
7.38,3.62,0.0852,0.0000,0.00000,0.00109
2.62,3.88,0.0000,0.0000,0.00000,0.00000
2.88,3.88,0.0000,0.0000,0.00000,0.00000
3.12,3.88,0.0003,0.0000,0.00000,0.00001
3.38,3.88,0.0030,0.0000,0.00000,0.00008
3.62,3.88,0.0189,0.0000,0.00000,0.00049
3.88,3.88,0.0808,0.0000,0.00000,0.00146
4.12,3.88,0.2292,0.0000,0.00000,0.00248
4.38,3.88,0.3927,0.0000,0.00000,0.00292
4.62,3.88,0.4341,0.0000,0.00000,0.00304
4.88,3.88,0.4164,0.0000,0.00000,0.00326
5.12,3.88,0.4281,0.0000,0.00000,0.00343
5.38,3.88,0.4439,0.0000,0.00000,0.00315
5.62,3.88,0.4534,0.0000,0.00000,0.00316
5.88,3.88,0.4690,0.0000,0.00000,0.00399
6.12,3.88,0.4863,0.0000,0.00000,0.00472
6.38,3.88,0.5772,0.0000,0.00000,0.00537
6.62,3.88,0.7408,0.0000,0.00000,0.00687
6.88,3.88,0.6699,0.0000,0.00000,0.00641
7.12,3.88,0.3278,0.0000,0.00000,0.00319
7.38,3.88,0.0885,0.0000,0.00000,0.00086
2.62,4.12,0.0000,0.0000,0.00000,0.00000
2.88,4.12,0.0000,0.0000,0.00000,0.00000
3.12,4.12,0.0001,0.0000,0.00000,0.00000
3.38,4.12,0.0016,0.0000,0.00000,0.00003
3.62,4.12,0.0121,0.0000,0.00000,0.00028
3.88,4.12,0.0603,0.0000,0.00000,0.00116
4.12,4.12,0.1920,0.0000,0.00000,0.00238
4.38,4.12,0.3649,0.0000,0.00000,0.00303
4.62,4.12,0.4421,0.0000,0.00000,0.00327
4.88,4.12,0.4353,0.0000,0.00000,0.00350
5.12,4.12,0.4422,0.0000,0.00000,0.00372
5.38,4.12,0.4614,0.0000,0.00000,0.00326
5.62,4.12,0.4729,0.0000,0.00000,0.00308
5.88,4.12,0.4814,0.0000,0.00000,0.00395
6.12,4.12,0.4924,0.0000,0.00000,0.00460
6.38,4.12,0.5746,0.0000,0.00000,0.00448
6.62,4.12,0.7408,0.0000,0.00000,0.00517
6.88,4.12,0.6870,0.0000,0.00000,0.00502
7.12,4.12,0.3429,0.0000,0.00000,0.00262
7.38,4.12,0.0933,0.0000,0.00000,0.00073
2.62,4.38,0.0000,0.0000,0.00000,0.00000
2.88,4.38,0.0000,0.0000,0.00000,0.00000
3.12,4.38,0.0000,0.0000,0.00000,0.00000
3.38,4.38,0.0007,0.0000,0.00000,0.00001
3.62,4.38,0.0071,0.0000,0.00000,0.00013
3.88,4.38,0.0423,0.0000,0.00000,0.00065
4.12,4.38,0.1519,0.0000,0.00000,0.00152
4.38,4.38,0.3305,0.0000,0.00000,0.00226
4.62,4.38,0.4521,0.0000,0.00000,0.00267
4.88,4.38,0.4566,0.0000,0.00000,0.00280
5.12,4.38,0.4525,0.0000,0.00000,0.00299
5.38,4.38,0.4714,0.0000,0.00000,0.00284
5.62,4.38,0.4851,0.0000,0.00000,0.00284
5.88,4.38,0.4933,0.0000,0.00000,0.00352
6.12,4.38,0.4974,0.0000,0.00000,0.00388
6.38,4.38,0.5710,0.0000,0.00000,0.00367
6.62,4.38,0.7396,0.0000,0.00000,0.00427
6.88,4.38,0.7009,0.0000,0.00000,0.00427
7.12,4.38,0.3563,0.0000,0.00000,0.00228
7.38,4.38,0.0980,0.0000,0.00000,0.00064
2.62,4.62,0.0000,0.0000,0.00000,0.00000
2.88,4.62,0.0000,0.0000,0.00000,0.00000
3.12,4.62,0.0000,0.0000,0.00000,0.00000
3.38,4.62,0.0003,0.0000,0.00000,0.00000
3.62,4.62,0.0039,0.0000,0.00000,0.00004
3.88,4.62,0.0272,0.0000,0.00000,0.00021
4.12,4.62,0.1124,0.0000,0.00000,0.00068
4.38,4.62,0.2893,0.0000,0.00000,0.00144
4.62,4.62,0.4525,0.0000,0.00000,0.00204
4.88,4.62,0.4780,0.0000,0.00000,0.00212
5.12,4.62,0.4617,0.0000,0.00000,0.00218
5.38,4.62,0.4729,0.0000,0.00000,0.00228
5.62,4.62,0.4946,0.0000,0.00000,0.00256
5.88,4.62,0.5105,0.0000,0.00000,0.00314
6.12,4.62,0.5069,0.0000,0.00000,0.00327
6.38,4.62,0.5719,0.0000,0.00000,0.00314
6.62,4.62,0.7471,0.0000,0.00000,0.00376
6.88,4.62,0.7227,0.0000,0.00000,0.00378
7.12,4.62,0.3730,0.0000,0.00000,0.00202
7.38,4.62,0.1036,0.0000,0.00000,0.00057
2.62,4.88,0.0000,0.0000,0.00000,0.00000
2.88,4.88,0.0000,0.0000,0.00000,0.00000
3.12,4.88,0.0000,0.0000,0.00000,0.00000
3.38,4.88,0.0001,0.0000,0.00000,0.00000
3.62,4.88,0.0022,0.0000,0.00000,0.00001
3.88,4.88,0.0172,0.0000,0.00000,0.00007
4.12,4.88,0.0809,0.0000,0.00000,0.00035
4.38,4.88,0.2390,0.0000,0.00000,0.00102
4.62,4.88,0.4210,0.0000,0.00000,0.00173
4.88,4.88,0.4806,0.0000,0.00000,0.00188
5.12,4.88,0.4661,0.0000,0.00000,0.00184
5.38,4.88,0.4707,0.0000,0.00000,0.00199
5.62,4.88,0.4960,0.0000,0.00000,0.00244
5.88,4.88,0.5147,0.0000,0.00000,0.00305
6.12,4.88,0.5099,0.0000,0.00000,0.00314
6.38,4.88,0.5674,0.0000,0.00000,0.00304
6.62,4.88,0.7439,0.0000,0.00000,0.00354
6.88,4.88,0.7359,0.0000,0.00000,0.00346
7.12,4.88,0.3860,0.0000,0.00000,0.00183
7.38,4.88,0.1078,0.0000,0.00000,0.00051
2.62,5.12,0.0000,0.0000,0.00000,0.00000
2.88,5.12,0.0000,0.0000,0.00000,0.00000
3.12,5.12,0.0000,0.0000,0.00000,0.00000
3.38,5.12,0.0001,0.0000,0.00000,0.00000
3.62,5.12,0.0015,0.0000,0.00000,0.00000
3.88,5.12,0.0122,0.0000,0.00000,0.00004
4.12,5.12,0.0615,0.0000,0.00000,0.00029
4.38,5.12,0.1988,0.0000,0.00000,0.00109
4.62,5.12,0.3874,0.0000,0.00000,0.00201
4.88,5.12,0.4825,0.0000,0.00000,0.00209
5.12,5.12,0.4804,0.0000,0.00000,0.00182
5.38,5.12,0.4863,0.0000,0.00000,0.00192
5.62,5.12,0.5127,0.0000,0.00000,0.00245
5.88,5.12,0.5306,0.0000,0.00000,0.00310
6.12,5.12,0.5219,0.0000,0.00000,0.00324
6.38,5.12,0.5702,0.0000,0.00000,0.00317
6.62,5.12,0.7448,0.0000,0.00000,0.00358
6.88,5.12,0.7482,0.0000,0.00000,0.00344
7.12,5.12,0.3971,0.0000,0.00000,0.00183
7.38,5.12,0.1112,0.0000,0.00000,0.00051
2.62,5.38,0.0000,0.0000,0.00000,0.00000
2.88,5.38,0.0000,0.0000,0.00000,0.00000
3.12,5.38,0.0000,0.0000,0.00000,0.00000
3.38,5.38,0.0001,0.0000,0.00000,0.00000
3.62,5.38,0.0009,0.0000,0.00000,0.00000
3.88,5.38,0.0081,0.0000,0.00000,0.00004
4.12,5.38,0.0453,0.0000,0.00000,0.00030
4.38,5.38,0.1619,0.0000,0.00000,0.00123
4.62,5.38,0.3529,0.0000,0.00000,0.00231
4.88,5.38,0.4816,0.0000,0.00000,0.00228
5.12,5.38,0.4917,0.0000,0.00000,0.00182
5.38,5.38,0.4966,0.0000,0.00000,0.00185
5.62,5.38,0.5290,0.0000,0.00000,0.00240
5.88,5.38,0.5512,0.0000,0.00000,0.00311
6.12,5.38,0.5330,0.0000,0.00000,0.00327
6.38,5.38,0.5694,0.0000,0.00000,0.00326
6.62,5.38,0.7533,0.0000,0.00000,0.00384
6.88,5.38,0.7766,0.0000,0.00000,0.00382
7.12,5.38,0.4186,0.0000,0.00000,0.00206
7.38,5.38,0.1179,0.0000,0.00000,0.00058
2.62,5.62,0.0000,0.0000,0.00000,0.00000
2.88,5.62,0.0000,0.0000,0.00000,0.00000
3.12,5.62,0.0000,0.0000,0.00000,0.00000
3.38,5.62,0.0000,0.0000,0.00000,0.00000
3.62,5.62,0.0004,0.0000,0.00000,0.00000
3.88,5.62,0.0045,0.0000,0.00000,0.00002
4.12,5.62,0.0299,0.0000,0.00000,0.00019
4.38,5.62,0.1233,0.0000,0.00000,0.00081
4.62,5.62,0.3104,0.0000,0.00000,0.00167
4.88,5.62,0.4723,0.0000,0.00000,0.00196
5.12,5.62,0.5002,0.0000,0.00000,0.00183
5.38,5.62,0.5043,0.0000,0.00000,0.00187
5.62,5.62,0.5396,0.0000,0.00000,0.00240
5.88,5.62,0.5646,0.0000,0.00000,0.00320
6.12,5.62,0.5446,0.0000,0.00000,0.00363
6.38,5.62,0.5771,0.0000,0.00000,0.00386
6.62,5.62,0.7745,0.0000,0.00000,0.00438
6.88,5.62,0.8184,0.0000,0.00000,0.00423
7.12,5.62,0.4476,0.0000,0.00000,0.00227
7.38,5.62,0.1270,0.0000,0.00000,0.00064
2.62,5.88,0.0000,0.0000,0.00000,0.00000
2.88,5.88,0.0000,0.0000,0.00000,0.00000
3.12,5.88,0.0000,0.0000,0.00000,0.00000
3.38,5.88,0.0000,0.0000,0.00000,0.00000
3.62,5.88,0.0002,0.0000,0.00000,0.00000
3.88,5.88,0.0024,0.0000,0.00000,0.00001
4.12,5.88,0.0193,0.0000,0.00000,0.00007
4.38,5.88,0.0926,0.0000,0.00000,0.00035
4.62,5.88,0.2680,0.0000,0.00000,0.00098
4.88,5.88,0.4535,0.0000,0.00000,0.00163
5.12,5.88,0.5093,0.0000,0.00000,0.00189
5.38,5.88,0.5152,0.0000,0.00000,0.00199
5.62,5.88,0.5472,0.0000,0.00000,0.00248
5.88,5.88,0.5772,0.0000,0.00000,0.00332
6.12,5.88,0.5609,0.0000,0.00000,0.00399
6.38,5.88,0.5890,0.0000,0.00000,0.00436
6.62,5.88,0.7917,0.0000,0.00000,0.00459
6.88,5.88,0.8477,0.0000,0.00000,0.00416
7.12,5.88,0.4679,0.0000,0.00000,0.00220
7.38,5.88,0.1336,0.0000,0.00000,0.00062
2.62,6.12,0.0000,0.0000,0.00000,0.00000
2.88,6.12,0.0000,0.0000,0.00000,0.00000
3.12,6.12,0.0000,0.0000,0.00000,0.00000
3.38,6.12,0.0000,0.0000,0.00000,0.00000
3.62,6.12,0.0001,0.0000,0.00000,0.00000
3.88,6.12,0.0014,0.0000,0.00000,0.00000
4.12,6.12,0.0126,0.0000,0.00000,0.00003
4.38,6.12,0.0672,0.0000,0.00000,0.00020
4.62,6.12,0.2184,0.0000,0.00000,0.00070
4.88,6.12,0.4150,0.0000,0.00000,0.00144
5.12,6.12,0.5100,0.0000,0.00000,0.00190
5.38,6.12,0.5209,0.0000,0.00000,0.00207
5.62,6.12,0.5454,0.0000,0.00000,0.00255
5.88,6.12,0.5812,0.0000,0.00000,0.00331
6.12,6.12,0.5703,0.0000,0.00000,0.00373
6.38,6.12,0.5912,0.0000,0.00000,0.00379
6.62,6.12,0.7890,0.0000,0.00000,0.00407
6.88,6.12,0.8506,0.0000,0.00000,0.00389
7.12,6.12,0.4722,0.0000,0.00000,0.00210
7.38,6.12,0.1354,0.0000,0.00000,0.00060
2.62,6.38,0.0000,0.0000,0.00000,0.00000
2.88,6.38,0.0000,0.0000,0.00000,0.00000
3.12,6.38,0.0000,0.0000,0.00000,0.00000
3.38,6.38,0.0000,0.0000,0.00000,0.00000
3.62,6.38,0.0000,0.0000,0.00000,0.00000
3.88,6.38,0.0008,0.0000,0.00000,0.00000
4.12,6.38,0.0077,0.0000,0.00000,0.00002
4.38,6.38,0.0467,0.0000,0.00000,0.00014
4.62,6.38,0.1736,0.0000,0.00000,0.00057
4.88,6.38,0.3785,0.0000,0.00000,0.00130
5.12,6.38,0.5159,0.0000,0.00000,0.00187
5.38,6.38,0.5382,0.0000,0.00000,0.00214
5.62,6.38,0.5584,0.0000,0.00000,0.00262
5.88,6.38,0.5945,0.0000,0.00000,0.00331
6.12,6.38,0.5842,0.0000,0.00000,0.00345
6.38,6.38,0.5986,0.0000,0.00000,0.00321
6.62,6.38,0.7967,0.0000,0.00000,0.00374
6.88,6.38,0.8687,0.0000,0.00000,0.00396
7.12,6.38,0.4857,0.0000,0.00000,0.00222
7.38,6.38,0.1394,0.0000,0.00000,0.00064
2.62,6.62,0.0000,0.0000,0.00000,0.00000
2.88,6.62,0.0000,0.0000,0.00000,0.00000
3.12,6.62,0.0000,0.0000,0.00000,0.00000
3.38,6.62,0.0000,0.0000,0.00000,0.00000
3.62,6.62,0.0000,0.0000,0.00000,0.00000
3.88,6.62,0.0004,0.0000,0.00000,0.00000
4.12,6.62,0.0043,0.0000,0.00000,0.00001
4.38,6.62,0.0315,0.0000,0.00000,0.00009
4.62,6.62,0.1367,0.0000,0.00000,0.00043
4.88,6.62,0.3417,0.0000,0.00000,0.00113
5.12,6.62,0.5128,0.0000,0.00000,0.00181
5.38,6.62,0.5497,0.0000,0.00000,0.00217
5.62,6.62,0.5680,0.0000,0.00000,0.00267
5.88,6.62,0.6043,0.0000,0.00000,0.00337
6.12,6.62,0.5914,0.0000,0.00000,0.00344
6.38,6.62,0.6013,0.0000,0.00000,0.00309
6.62,6.62,0.8058,0.0000,0.00000,0.00372
6.88,6.62,0.8937,0.0000,0.00000,0.00412
7.12,6.62,0.5044,0.0000,0.00000,0.00235
7.38,6.62,0.1451,0.0000,0.00000,0.00068
2.62,6.88,0.0000,0.0000,0.00000,0.00000
2.88,6.88,0.0000,0.0000,0.00000,0.00000
3.12,6.88,0.0000,0.0000,0.00000,0.00000
3.38,6.88,0.0000,0.0000,0.00000,0.00000
3.62,6.88,0.0000,0.0000,0.00000,0.00000
3.88,6.88,0.0002,0.0000,0.00000,0.00000
4.12,6.88,0.0024,0.0000,0.00000,0.00001
4.38,6.88,0.0210,0.0000,0.00000,0.00006
4.62,6.88,0.1046,0.0000,0.00000,0.00031
4.88,6.88,0.2986,0.0000,0.00000,0.00097
5.12,6.88,0.4948,0.0000,0.00000,0.00179
5.38,6.88,0.5543,0.0000,0.00000,0.00228
5.62,6.88,0.5761,0.0000,0.00000,0.00283
5.88,6.88,0.6137,0.0000,0.00000,0.00362
6.12,6.88,0.6032,0.0000,0.00000,0.00372
6.38,6.88,0.6156,0.0000,0.00000,0.00327
6.62,6.88,0.8263,0.0000,0.00000,0.00383
6.88,6.88,0.9212,0.0000,0.00000,0.00419
7.12,6.88,0.5220,0.0000,0.00000,0.00238
7.38,6.88,0.1503,0.0000,0.00000,0.00069
2.62,7.12,0.0000,0.0000,0.00000,0.00000
2.88,7.12,0.0000,0.0000,0.00000,0.00000
3.12,7.12,0.0000,0.0000,0.00000,0.00000
3.38,7.12,0.0000,0.0000,0.00000,0.00000
3.62,7.12,0.0000,0.0000,0.00000,0.00000
3.88,7.12,0.0001,0.0000,0.00000,0.00000
4.12,7.12,0.0015,0.0000,0.00000,0.00000
4.38,7.12,0.0143,0.0000,0.00000,0.00003
4.62,7.12,0.0787,0.0000,0.00000,0.00024
4.88,7.12,0.2520,0.0000,0.00000,0.00090
5.12,7.12,0.4644,0.0000,0.00000,0.00193
5.38,7.12,0.5637,0.0000,0.00000,0.00266
5.62,7.12,0.5981,0.0000,0.00000,0.00321
5.88,7.12,0.6339,0.0000,0.00000,0.00395
6.12,7.12,0.6288,0.0000,0.00000,0.00405
6.38,7.12,0.6398,0.0000,0.00000,0.00354
6.62,7.12,0.8495,0.0000,0.00000,0.00401
6.88,7.12,0.9448,0.0000,0.00000,0.00430
7.12,7.12,0.5353,0.0000,0.00000,0.00243
7.38,7.12,0.1542,0.0000,0.00000,0.00070
2.62,7.38,0.0000,0.0000,0.00000,0.00000
2.88,7.38,0.0000,0.0000,0.00000,0.00000
3.12,7.38,0.0000,0.0000,0.00000,0.00000
3.38,7.38,0.0000,0.0000,0.00000,0.00000
3.62,7.38,0.0000,0.0000,0.00000,0.00000
3.88,7.38,0.0001,0.0000,0.00000,0.00000
4.12,7.38,0.0010,0.0000,0.00000,0.00000
4.38,7.38,0.0096,0.0000,0.00000,0.00002
4.62,7.38,0.0558,0.0000,0.00000,0.00019
4.88,7.38,0.1965,0.0000,0.00000,0.00087
5.12,7.38,0.4120,0.0000,0.00000,0.00221
5.38,7.38,0.5631,0.0000,0.00000,0.00333
5.62,7.38,0.6173,0.0000,0.00000,0.00372
5.88,7.38,0.6516,0.0000,0.00000,0.00421
6.12,7.38,0.6489,0.0000,0.00000,0.00427
6.38,7.38,0.6494,0.0000,0.00000,0.00366
6.62,7.38,0.8523,0.0000,0.00000,0.00406
6.88,7.38,0.9540,0.0000,0.00000,0.00438
7.12,7.38,0.5433,0.0000,0.00000,0.00249
7.38,7.38,0.1568,0.0000,0.00000,0.00072
2.62,7.62,0.0000,0.0000,0.00000,0.00000
2.88,7.62,0.0000,0.0000,0.00000,0.00000
3.12,7.62,0.0000,0.0000,0.00000,0.00000
3.38,7.62,0.0000,0.0000,0.00000,0.00000
3.62,7.62,0.0000,0.0000,0.00000,0.00000
3.88,7.62,0.0000,0.0000,0.00000,0.00000
4.12,7.62,0.0005,0.0000,0.00000,0.00000
4.38,7.62,0.0058,0.0000,0.00000,0.00002
4.62,7.62,0.0378,0.0000,0.00000,0.00015
4.88,7.62,0.1504,0.0000,0.00000,0.00078
5.12,7.62,0.3652,0.0000,0.00000,0.00231
5.38,7.62,0.5591,0.0000,0.00000,0.00377
5.62,7.62,0.6347,0.0000,0.00000,0.00410
5.88,7.62,0.6763,0.0000,0.00000,0.00449
6.12,7.62,0.6771,0.0000,0.00000,0.00461
6.38,7.62,0.6691,0.0000,0.00000,0.00393
6.62,7.62,0.8726,0.0000,0.00000,0.00424
6.88,7.62,0.9860,0.0000,0.00000,0.00462
7.12,7.62,0.5655,0.0000,0.00000,0.00265
7.38,7.62,0.1637,0.0000,0.00000,0.00077
2.62,7.88,0.0000,0.0000,0.00000,0.00000
2.88,7.88,0.0000,0.0000,0.00000,0.00000
3.12,7.88,0.0000,0.0000,0.00000,0.00000
3.38,7.88,0.0000,0.0000,0.00000,0.00000
3.62,7.88,0.0000,0.0000,0.00000,0.00000
3.88,7.88,0.0000,0.0000,0.00000,0.00000
4.12,7.88,0.0002,0.0000,0.00000,0.00000
4.38,7.88,0.0030,0.0000,0.00000,0.00001
4.62,7.88,0.0244,0.0000,0.00000,0.00010
4.88,7.88,0.1163,0.0000,0.00000,0.00059
5.12,7.88,0.3263,0.0000,0.00000,0.00192
5.38,7.88,0.5486,0.0000,0.00000,0.00340
5.62,7.88,0.6476,0.0000,0.00000,0.00402
5.88,7.88,0.6943,0.0000,0.00000,0.00463
6.12,7.88,0.6930,0.0000,0.00000,0.00488
6.38,7.88,0.6817,0.0000,0.00000,0.00424
6.62,7.88,0.8955,0.0000,0.00000,0.00457
6.88,7.88,1.0226,0.0000,0.00000,0.00497
7.12,7.88,0.5895,0.0000,0.00000,0.00287
7.38,7.88,0.1710,0.0000,0.00000,0.00083
2.62,8.12,0.0000,0.0000,0.00000,0.00000
2.88,8.12,0.0000,0.0000,0.00000,0.00000
3.12,8.12,0.0000,0.0000,0.00000,0.00000
3.38,8.12,0.0000,0.0000,0.00000,0.00000
3.62,8.12,0.0000,0.0000,0.00000,0.00000
3.88,8.12,0.0000,0.0000,0.00000,0.00000
4.12,8.12,0.0001,0.0000,0.00000,0.00000
4.38,8.12,0.0015,0.0000,0.00000,0.00000
4.62,8.12,0.0152,0.0000,0.00000,0.00006
4.88,8.12,0.0869,0.0000,0.00000,0.00042
5.12,8.12,0.2807,0.0000,0.00000,0.00148
5.38,8.12,0.5197,0.0000,0.00000,0.00288
5.62,8.12,0.6483,0.0000,0.00000,0.00386
5.88,8.12,0.7059,0.0000,0.00000,0.00480
6.12,8.12,0.7054,0.0000,0.00000,0.00519
6.38,8.12,0.6936,0.0000,0.00000,0.00454
6.62,8.12,0.9156,0.0000,0.00000,0.00491
6.88,8.12,1.0475,0.0000,0.00000,0.00535
7.12,8.12,0.6036,0.0000,0.00000,0.00309
7.38,8.12,0.1750,0.0000,0.00000,0.00090
2.62,8.38,0.0000,0.0000,0.00000,0.00000
2.88,8.38,0.0000,0.0000,0.00000,0.00000
3.12,8.38,0.0000,0.0000,0.00000,0.00000
3.38,8.38,0.0000,0.0000,0.00000,0.00000
3.62,8.38,0.0000,0.0000,0.00000,0.00000
3.88,8.38,0.0000,0.0000,0.00000,0.00000
4.12,8.38,0.0000,0.0000,0.00000,0.00000
4.38,8.38,0.0009,0.0000,0.00000,0.00000
4.62,8.38,0.0098,0.0000,0.00000,0.00004
4.88,8.38,0.0640,0.0000,0.00000,0.00033
5.12,8.38,0.2338,0.0000,0.00000,0.00124
5.38,8.38,0.4793,0.0000,0.00000,0.00260
5.62,8.38,0.6447,0.0000,0.00000,0.00377
5.88,8.38,0.7254,0.0000,0.00000,0.00496
6.12,8.38,0.7312,0.0000,0.00000,0.00548
6.38,8.38,0.7124,0.0000,0.00000,0.00481
6.62,8.38,0.9335,0.0000,0.00000,0.00529
6.88,8.38,1.0712,0.0000,0.00000,0.00588
7.12,8.38,0.6187,0.0000,0.00000,0.00342
7.38,8.38,0.1796,0.0000,0.00000,0.00100
2.62,8.62,0.0000,0.0000,0.00000,0.00000
2.88,8.62,0.0000,0.0000,0.00000,0.00000
3.12,8.62,0.0000,0.0000,0.00000,0.00000
3.38,8.62,0.0000,0.0000,0.00000,0.00000
3.62,8.62,0.0000,0.0000,0.00000,0.00000
3.88,8.62,0.0000,0.0000,0.00000,0.00000
4.12,8.62,0.0000,0.0000,0.00000,0.00000
4.38,8.62,0.0005,0.0000,0.00000,0.00000
4.62,8.62,0.0061,0.0000,0.00000,0.00003
4.88,8.62,0.0451,0.0000,0.00000,0.00026
5.12,8.62,0.1852,0.0000,0.00000,0.00106
5.38,8.62,0.4287,0.0000,0.00000,0.00246
5.62,8.62,0.6393,0.0000,0.00000,0.00392
5.88,8.62,0.7440,0.0000,0.00000,0.00525
6.12,8.62,0.7404,0.0000,0.00000,0.00564
6.38,8.62,0.7084,0.0000,0.00000,0.00492
6.62,8.62,0.9328,0.0000,0.00000,0.00556
6.88,8.62,1.0854,0.0000,0.00000,0.00633
7.12,8.62,0.6312,0.0000,0.00000,0.00371
7.38,8.62,0.1837,0.0000,0.00000,0.00109
2.62,8.88,0.0000,0.0000,0.00000,0.00000
2.88,8.88,0.0000,0.0000,0.00000,0.00000
3.12,8.88,0.0000,0.0000,0.00000,0.00000
3.38,8.88,0.0000,0.0000,0.00000,0.00000
3.62,8.88,0.0000,0.0000,0.00000,0.00000
3.88,8.88,0.0000,0.0000,0.00000,0.00000
4.12,8.88,0.0000,0.0000,0.00000,0.00000
4.38,8.88,0.0002,0.0000,0.00000,0.00000
4.62,8.88,0.0034,0.0000,0.00000,0.00002
4.88,8.88,0.0301,0.0000,0.00000,0.00019
5.12,8.88,0.1424,0.0000,0.00000,0.00088
5.38,8.88,0.3809,0.0000,0.00000,0.00238
5.62,8.88,0.6348,0.0000,0.00000,0.00422
5.88,8.88,0.7656,0.0000,0.00000,0.00567
6.12,8.88,0.7551,0.0000,0.00000,0.00589
6.38,8.88,0.7178,0.0000,0.00000,0.00511
6.62,8.88,0.9556,0.0000,0.00000,0.00587
6.88,8.88,1.1196,0.0000,0.00000,0.00668
7.12,8.88,0.6522,0.0000,0.00000,0.00391
7.38,8.88,0.1899,0.0000,0.00000,0.00114
2.62,9.12,0.0000,0.0000,0.00000,0.00000
2.88,9.12,0.0000,0.0000,0.00000,0.00000
3.12,9.12,0.0000,0.0000,0.00000,0.00000
3.38,9.12,0.0000,0.0000,0.00000,0.00000
3.62,9.12,0.0000,0.0000,0.00000,0.00000
3.88,9.12,0.0000,0.0000,0.00000,0.00000
4.12,9.12,0.0000,0.0000,0.00000,0.00000
4.38,9.12,0.0001,0.0000,0.00000,0.00000
4.62,9.12,0.0019,0.0000,0.00000,0.00001
4.88,9.12,0.0203,0.0000,0.00000,0.00013
5.12,9.12,0.1110,0.0000,0.00000,0.00074
5.38,9.12,0.3366,0.0000,0.00000,0.00222
5.62,9.12,0.6150,0.0000,0.00000,0.00424
5.88,9.12,0.7776,0.0000,0.00000,0.00585
6.12,9.12,0.7748,0.0000,0.00000,0.00607
6.38,9.12,0.7367,0.0000,0.00000,0.00534
6.62,9.12,0.9888,0.0000,0.00000,0.00622
6.88,9.12,1.1595,0.0000,0.00000,0.00701
7.12,9.12,0.6743,0.0000,0.00000,0.00406
7.38,9.12,0.1961,0.0000,0.00000,0.00118
2.62,9.38,0.0000,0.0000,0.00000,0.00000
2.88,9.38,0.0000,0.0000,0.00000,0.00000
3.12,9.38,0.0000,0.0000,0.00000,0.00000
3.38,9.38,0.0000,0.0000,0.00000,0.00000
3.62,9.38,0.0000,0.0000,0.00000,0.00000
3.88,9.38,0.0000,0.0000,0.00000,0.00000
4.12,9.38,0.0000,0.0000,0.00000,0.00000
4.38,9.38,0.0001,0.0000,0.00000,0.00000
4.62,9.38,0.0012,0.0000,0.00000,0.00001
4.88,9.38,0.0141,0.0000,0.00000,0.00009
5.12,9.38,0.0851,0.0000,0.00000,0.00057
5.38,9.38,0.2856,0.0000,0.00000,0.00192
5.62,9.38,0.5764,0.0000,0.00000,0.00412
5.88,9.38,0.7838,0.0000,0.00000,0.00607
6.12,9.38,0.7985,0.0000,0.00000,0.00635
6.38,9.38,0.7540,0.0000,0.00000,0.00559
6.62,9.38,1.0088,0.0000,0.00000,0.00650
6.88,9.38,1.1826,0.0000,0.00000,0.00726
7.12,9.38,0.6875,0.0000,0.00000,0.00419
7.38,9.38,0.1999,0.0000,0.00000,0.00122
2.62,9.62,0.0000,0.0000,0.00000,0.00000
2.88,9.62,0.0000,0.0000,0.00000,0.00000
3.12,9.62,0.0000,0.0000,0.00000,0.00000
3.38,9.62,0.0000,0.0000,0.00000,0.00000
3.62,9.62,0.0000,0.0000,0.00000,0.00000
3.88,9.62,0.0000,0.0000,0.00000,0.00000
4.12,9.62,0.0000,0.0000,0.00000,0.00000
4.38,9.62,0.0000,0.0000,0.00000,0.00000
4.62,9.62,0.0008,0.0000,0.00000,0.00000
4.88,9.62,0.0096,0.0000,0.00000,0.00006
5.12,9.62,0.0628,0.0000,0.00000,0.00044
5.38,9.62,0.2375,0.0000,0.00000,0.00167
5.62,9.62,0.5377,0.0000,0.00000,0.00401
5.88,9.62,0.7959,0.0000,0.00000,0.00628
6.12,9.62,0.8374,0.0000,0.00000,0.00671
6.38,9.62,0.7800,0.0000,0.00000,0.00586
6.62,9.62,1.0245,0.0000,0.00000,0.00664
6.88,9.62,1.2034,0.0000,0.00000,0.00737
7.12,9.62,0.7020,0.0000,0.00000,0.00427
7.38,9.62,0.2045,0.0000,0.00000,0.00124
2.62,9.88,0.0000,0.0000,0.00000,0.00000
2.88,9.88,0.0000,0.0000,0.00000,0.00000
3.12,9.88,0.0000,0.0000,0.00000,0.00000
3.38,9.88,0.0000,0.0000,0.00000,0.00000
3.62,9.88,0.0000,0.0000,0.00000,0.00000
3.88,9.88,0.0000,0.0000,0.00000,0.00000
4.12,9.88,0.0000,0.0000,0.00000,0.00000
4.38,9.88,0.0000,0.0000,0.00000,0.00000
4.62,9.88,0.0005,0.0000,0.00000,0.00000
4.88,9.88,0.0062,0.0000,0.00000,0.00005
5.12,9.88,0.0461,0.0000,0.00000,0.00035
5.38,9.88,0.1966,0.0000,0.00000,0.00150
5.62,9.88,0.4945,0.0000,0.00000,0.00391
5.88,9.88,0.7927,0.0000,0.00000,0.00647
6.12,9.88,0.8619,0.0000,0.00000,0.00708
6.38,9.88,0.7903,0.0000,0.00000,0.00610
6.62,9.88,1.0290,0.0000,0.00000,0.00683
6.88,9.88,1.2253,0.0000,0.00000,0.00766
7.12,9.88,0.7207,0.0000,0.00000,0.00446
7.38,9.88,0.2107,0.0000,0.00000,0.00130
2.62,10.12,0.0000,0.0000,0.00000,0.00000
2.88,10.12,0.0000,0.0000,0.00000,0.00000
3.12,10.12,0.0000,0.0000,0.00000,0.00000
3.38,10.12,0.0000,0.0000,0.00000,0.00000
3.62,10.12,0.0000,0.0000,0.00000,0.00000
3.88,10.12,0.0000,0.0000,0.00000,0.00000
4.12,10.12,0.0000,0.0000,0.00000,0.00000
4.38,10.12,0.0000,0.0000,0.00000,0.00000
4.62,10.12,0.0003,0.0000,0.00000,0.00000
4.88,10.12,0.0041,0.0000,0.00000,0.00003
5.12,10.12,0.0345,0.0000,0.00000,0.00027
5.38,10.12,0.1624,0.0000,0.00000,0.00132
5.62,10.12,0.4532,0.0000,0.00000,0.00382
5.88,10.12,0.7899,0.0000,0.00000,0.00677
6.12,10.12,0.8900,0.0000,0.00000,0.00757
6.38,10.12,0.8094,0.0000,0.00000,0.00651
6.62,10.12,1.0532,0.0000,0.00000,0.00742
6.88,10.12,1.2667,0.0000,0.00000,0.00843
7.12,10.12,0.7483,0.0000,0.00000,0.00492
7.38,10.12,0.2190,0.0000,0.00000,0.00144
2.62,10.38,0.0000,0.0000,0.00000,0.00000
2.88,10.38,0.0000,0.0000,0.00000,0.00000
3.12,10.38,0.0000,0.0000,0.00000,0.00000
3.38,10.38,0.0000,0.0000,0.00000,0.00000
3.62,10.38,0.0000,0.0000,0.00000,0.00000
3.88,10.38,0.0000,0.0000,0.00000,0.00000
4.12,10.38,0.0000,0.0000,0.00000,0.00000
4.38,10.38,0.0000,0.0000,0.00000,0.00000
4.62,10.38,0.0002,0.0000,0.00000,0.00000
4.88,10.38,0.0028,0.0000,0.00000,0.00002
5.12,10.38,0.0260,0.0000,0.00000,0.00020
5.38,10.38,0.1359,0.0000,0.00000,0.00114
5.62,10.38,0.4187,0.0000,0.00000,0.00374
5.88,10.38,0.7846,0.0000,0.00000,0.00705
6.12,10.38,0.9124,0.0000,0.00000,0.00796
6.38,10.38,0.8290,0.0000,0.00000,0.00678
6.62,10.38,1.0794,0.0000,0.00000,0.00794
6.88,10.38,1.3040,0.0000,0.00000,0.00917
7.12,10.38,0.7713,0.0000,0.00000,0.00537
7.38,10.38,0.2258,0.0000,0.00000,0.00157
2.62,10.62,0.0000,0.0000,0.00000,0.00000
2.88,10.62,0.0000,0.0000,0.00000,0.00000
3.12,10.62,0.0000,0.0000,0.00000,0.00000
3.38,10.62,0.0000,0.0000,0.00000,0.00000
3.62,10.62,0.0000,0.0000,0.00000,0.00000
3.88,10.62,0.0000,0.0000,0.00000,0.00000
4.12,10.62,0.0000,0.0000,0.00000,0.00000
4.38,10.62,0.0000,0.0000,0.00000,0.00000
4.62,10.62,0.0001,0.0000,0.00000,0.00000
4.88,10.62,0.0018,0.0000,0.00000,0.00001
5.12,10.62,0.0188,0.0000,0.00000,0.00013
5.38,10.62,0.1085,0.0000,0.00000,0.00092
5.62,10.62,0.3700,0.0000,0.00000,0.00345
5.88,10.62,0.7513,0.0000,0.00000,0.00706
6.12,10.62,0.9149,0.0000,0.00000,0.00826
6.38,10.62,0.8355,0.0000,0.00000,0.00702
6.62,10.62,1.0819,0.0000,0.00000,0.00824
6.88,10.62,1.3164,0.0000,0.00000,0.00960
7.12,10.62,0.7824,0.0000,0.00000,0.00564
7.38,10.62,0.2296,0.0000,0.00000,0.00165
2.62,10.88,0.0000,0.0000,0.00000,0.00000
2.88,10.88,0.0000,0.0000,0.00000,0.00000
3.12,10.88,0.0000,0.0000,0.00000,0.00000
3.38,10.88,0.0000,0.0000,0.00000,0.00000
3.62,10.88,0.0000,0.0000,0.00000,0.00000
3.88,10.88,0.0000,0.0000,0.00000,0.00000
4.12,10.88,0.0000,0.0000,0.00000,0.00000
4.38,10.88,0.0000,0.0000,0.00000,0.00000
4.62,10.88,0.0001,0.0000,0.00000,0.00000
4.88,10.88,0.0011,0.0000,0.00000,0.00001
5.12,10.88,0.0126,0.0000,0.00000,0.00009
5.38,10.88,0.0817,0.0000,0.00000,0.00070
5.62,10.88,0.3152,0.0000,0.00000,0.00302
5.88,10.88,0.7127,0.0000,0.00000,0.00688
6.12,10.88,0.9335,0.0000,0.00000,0.00866
6.38,10.88,0.8673,0.0000,0.00000,0.00748
6.62,10.88,1.1056,0.0000,0.00000,0.00862
6.88,10.88,1.3493,0.0000,0.00000,0.01007
7.12,10.88,0.8061,0.0000,0.00000,0.00594
7.38,10.88,0.2375,0.0000,0.00000,0.00174
2.62,11.12,0.0000,0.0000,0.00000,0.00000
2.88,11.12,0.0000,0.0000,0.00000,0.00000
3.12,11.12,0.0000,0.0000,0.00000,0.00000
3.38,11.12,0.0000,0.0000,0.00000,0.00000
3.62,11.12,0.0000,0.0000,0.00000,0.00000
3.88,11.12,0.0000,0.0000,0.00000,0.00000
4.12,11.12,0.0000,0.0000,0.00000,0.00000
4.38,11.12,0.0000,0.0000,0.00000,0.00000
4.62,11.12,0.0000,0.0000,0.00000,0.00000
4.88,11.12,0.0006,0.0000,0.00000,0.00000
5.12,11.12,0.0083,0.0000,0.00000,0.00006
5.38,11.12,0.0622,0.0000,0.00000,0.00057
5.62,11.12,0.2706,0.0000,0.00000,0.00267
5.88,11.12,0.6785,0.0000,0.00000,0.00660
6.12,11.12,0.9490,0.0000,0.00000,0.00880
6.38,11.12,0.8942,0.0000,0.00000,0.00773
6.62,11.12,1.1346,0.0000,0.00000,0.00888
6.88,11.12,1.3933,0.0000,0.00000,0.01049
7.12,11.12,0.8363,0.0000,0.00000,0.00622
7.38,11.12,0.2474,0.0000,0.00000,0.00183
2.62,11.38,0.0000,0.0000,0.00000,0.00000
2.88,11.38,0.0000,0.0000,0.00000,0.00000
3.12,11.38,0.0000,0.0000,0.00000,0.00000
3.38,11.38,0.0000,0.0000,0.00000,0.00000
3.62,11.38,0.0000,0.0000,0.00000,0.00000
3.88,11.38,0.0000,0.0000,0.00000,0.00000
4.12,11.38,0.0000,0.0000,0.00000,0.00000
4.38,11.38,0.0000,0.0000,0.00000,0.00000
4.62,11.38,0.0000,0.0000,0.00000,0.00000
4.88,11.38,0.0004,0.0000,0.00000,0.00000
5.12,11.38,0.0058,0.0000,0.00000,0.00005
5.38,11.38,0.0492,0.0000,0.00000,0.00048
5.62,11.38,0.2379,0.0000,0.00000,0.00245
5.88,11.38,0.6542,0.0000,0.00000,0.00644
6.12,11.38,0.9652,0.0000,0.00000,0.00891
6.38,11.38,0.9147,0.0000,0.00000,0.00785
6.62,11.38,1.1508,0.0000,0.00000,0.00896
6.88,11.38,1.4196,0.0000,0.00000,0.01063
7.12,11.38,0.8549,0.0000,0.00000,0.00633
7.38,11.38,0.2534,0.0000,0.00000,0.00186
2.62,11.62,0.0000,0.0000,0.00000,0.00000
2.88,11.62,0.0000,0.0000,0.00000,0.00000
3.12,11.62,0.0000,0.0000,0.00000,0.00000
3.38,11.62,0.0000,0.0000,0.00000,0.00000
3.62,11.62,0.0000,0.0000,0.00000,0.00000
3.88,11.62,0.0000,0.0000,0.00000,0.00000
4.12,11.62,0.0000,0.0000,0.00000,0.00000
4.38,11.62,0.0000,0.0000,0.00000,0.00000
4.62,11.62,0.0000,0.0000,0.00000,0.00000
4.88,11.62,0.0002,0.0000,0.00000,0.00000
5.12,11.62,0.0043,0.0000,0.00000,0.00004
5.38,11.62,0.0401,0.0000,0.00000,0.00042
5.62,11.62,0.2153,0.0000,0.00000,0.00232
5.88,11.62,0.6419,0.0000,0.00000,0.00645
6.12,11.62,0.9888,0.0000,0.00000,0.00917
6.38,11.62,0.9391,0.0000,0.00000,0.00798
6.62,11.62,1.1578,0.0000,0.00000,0.00882
6.88,11.62,1.4268,0.0000,0.00000,0.01044
7.12,11.62,0.8622,0.0000,0.00000,0.00624
7.38,11.62,0.2567,0.0000,0.00000,0.00184
2.62,11.88,0.0000,0.0000,0.00000,0.00000
2.88,11.88,0.0000,0.0000,0.00000,0.00000
3.12,11.88,0.0000,0.0000,0.00000,0.00000
3.38,11.88,0.0000,0.0000,0.00000,0.00000
3.62,11.88,0.0000,0.0000,0.00000,0.00000
3.88,11.88,0.0000,0.0000,0.00000,0.00000
4.12,11.88,0.0000,0.0000,0.00000,0.00000
4.38,11.88,0.0000,0.0000,0.00000,0.00000
4.62,11.88,0.0000,0.0000,0.00000,0.00000
4.88,11.88,0.0002,0.0000,0.00000,0.00000
5.12,11.88,0.0033,0.0000,0.00000,0.00003
5.38,11.88,0.0332,0.0000,0.00000,0.00037
5.62,11.88,0.1930,0.0000,0.00000,0.00213
5.88,11.88,0.6134,0.0000,0.00000,0.00616
6.12,11.88,0.9781,0.0000,0.00000,0.00897
6.38,11.88,0.9393,0.0000,0.00000,0.00785
6.62,11.88,1.1590,0.0000,0.00000,0.00868
6.88,11.88,1.4345,0.0000,0.00000,0.01029
7.12,11.88,0.8716,0.0000,0.00000,0.00617
7.38,11.88,0.2620,0.0000,0.00000,0.00183
2.62,12.12,0.0000,0.0000,0.00000,0.00000
2.88,12.12,0.0000,0.0000,0.00000,0.00000
3.12,12.12,0.0000,0.0000,0.00000,0.00000
3.38,12.12,0.0000,0.0000,0.00000,0.00000
3.62,12.12,0.0000,0.0000,0.00000,0.00000
3.88,12.12,0.0000,0.0000,0.00000,0.00000
4.12,12.12,0.0000,0.0000,0.00000,0.00000
4.38,12.12,0.0000,0.0000,0.00000,0.00000
4.62,12.12,0.0000,0.0000,0.00000,0.00000
4.88,12.12,0.0001,0.0000,0.00000,0.00000
5.12,12.12,0.0025,0.0000,0.00000,0.00002
5.38,12.12,0.0265,0.0000,0.00000,0.00029
5.62,12.12,0.1696,0.0000,0.00000,0.00179
5.88,12.12,0.5817,0.0000,0.00000,0.00561
6.12,12.12,0.9703,0.0000,0.00000,0.00868
6.38,12.12,0.9558,0.0000,0.00000,0.00798
6.62,12.12,1.1893,0.0000,0.00000,0.00895
6.88,12.12,1.4760,0.0000,0.00000,0.01041
7.12,12.12,0.9012,0.0000,0.00000,0.00619
7.38,12.12,0.2738,0.0000,0.00000,0.00184
2.62,12.38,0.0000,0.0000,0.00000,0.00000
2.88,12.38,0.0000,0.0000,0.00000,0.00000
3.12,12.38,0.0000,0.0000,0.00000,0.00000
3.38,12.38,0.0000,0.0000,0.00000,0.00000
3.62,12.38,0.0000,0.0000,0.00000,0.00000
3.88,12.38,0.0000,0.0000,0.00000,0.00000
4.12,12.38,0.0000,0.0000,0.00000,0.00000
4.38,12.38,0.0000,0.0000,0.00000,0.00000
4.62,12.38,0.0000,0.0000,0.00000,0.00000
4.88,12.38,0.0001,0.0000,0.00000,0.00000
5.12,12.38,0.0015,0.0000,0.00000,0.00001
5.38,12.38,0.0199,0.0000,0.00000,0.00021
5.62,12.38,0.1482,0.0000,0.00000,0.00149
5.88,12.38,0.5552,0.0000,0.00000,0.00518
6.12,12.38,0.9659,0.0000,0.00000,0.00853
6.38,12.38,0.9693,0.0000,0.00000,0.00817
6.62,12.38,1.2094,0.0000,0.00000,0.00924
6.88,12.38,1.5022,0.0000,0.00000,0.01053
7.12,12.38,0.9213,0.0000,0.00000,0.00620
7.38,12.38,0.2831,0.0000,0.00000,0.00185
2.62,12.62,0.0000,0.0000,0.00000,0.00000
2.88,12.62,0.0000,0.0000,0.00000,0.00000
3.12,12.62,0.0000,0.0000,0.00000,0.00000
3.38,12.62,0.0000,0.0000,0.00000,0.00000
3.62,12.62,0.0000,0.0000,0.00000,0.00000
3.88,12.62,0.0000,0.0000,0.00000,0.00000
4.12,12.62,0.0000,0.0000,0.00000,0.00000
4.38,12.62,0.0000,0.0000,0.00000,0.00000
4.62,12.62,0.0000,0.0000,0.00000,0.00000
4.88,12.62,0.0000,0.0000,0.00000,0.00000
5.12,12.62,0.0010,0.0000,0.00000,0.00001
5.38,12.62,0.0162,0.0000,0.00000,0.00018
5.62,12.62,0.1360,0.0000,0.00000,0.00139
5.88,12.62,0.5394,0.0000,0.00000,0.00501
6.12,12.62,0.9628,0.0000,0.00000,0.00840
6.38,12.62,0.9778,0.0000,0.00000,0.00808
6.62,12.62,1.2198,0.0000,0.00000,0.00921
6.88,12.62,1.5166,0.0000,0.00000,0.01069
7.12,12.62,0.9368,0.0000,0.00000,0.00641
7.38,12.62,0.2931,0.0000,0.00000,0.00198
2.62,12.88,0.0000,0.0000,0.00000,0.00000
2.88,12.88,0.0000,0.0000,0.00000,0.00000
3.12,12.88,0.0000,0.0000,0.00000,0.00000
3.38,12.88,0.0000,0.0000,0.00000,0.00000
3.62,12.88,0.0000,0.0000,0.00000,0.00000
3.88,12.88,0.0000,0.0000,0.00000,0.00000
4.12,12.88,0.0000,0.0000,0.00000,0.00000
4.38,12.88,0.0000,0.0000,0.00000,0.00000
4.62,12.88,0.0000,0.0000,0.00000,0.00000
4.88,12.88,0.0000,0.0000,0.00000,0.00000
5.12,12.88,0.0008,0.0000,0.00000,0.00001
5.38,12.88,0.0142,0.0000,0.00000,0.00016
5.62,12.88,0.1281,0.0000,0.00000,0.00129
5.88,12.88,0.5319,0.0000,0.00000,0.00482
6.12,12.88,0.9734,0.0000,0.00000,0.00831
6.38,12.88,1.0008,0.0000,0.00000,0.00814
6.62,12.88,1.2395,0.0000,0.00000,0.00933
6.88,12.88,1.5379,0.0000,0.00000,0.01107
7.12,12.88,0.9611,0.0000,0.00000,0.00697
7.38,12.88,0.3104,0.0000,0.00000,0.00238
2.62,13.12,0.0000,0.0000,0.00000,0.00000
2.88,13.12,0.0000,0.0000,0.00000,0.00000
3.12,13.12,0.0000,0.0000,0.00000,0.00000
3.38,13.12,0.0000,0.0000,0.00000,0.00000
3.62,13.12,0.0000,0.0000,0.00000,0.00000
3.88,13.12,0.0000,0.0000,0.00000,0.00000
4.12,13.12,0.0000,0.0000,0.00000,0.00000
4.38,13.12,0.0000,0.0000,0.00000,0.00000
4.62,13.12,0.0000,0.0000,0.00000,0.00000
4.88,13.12,0.0000,0.0000,0.00000,0.00000
5.12,13.12,0.0006,0.0000,0.00000,0.00001
5.38,13.12,0.0119,0.0000,0.00000,0.00013
5.62,13.12,0.1184,0.0000,0.00000,0.00114
5.88,13.12,0.5155,0.0000,0.00000,0.00455
6.12,13.12,0.9641,0.0000,0.00000,0.00820
6.38,13.12,1.0023,0.0000,0.00000,0.00834
6.62,13.12,1.2400,0.0000,0.00000,0.00958
6.88,13.12,1.5422,0.0000,0.00000,0.01141
7.12,13.12,0.9804,0.0000,0.00000,0.00756
7.38,13.12,0.3304,0.0000,0.00000,0.00291
2.62,13.38,0.0000,0.0000,0.00000,0.00000
2.88,13.38,0.0000,0.0000,0.00000,0.00000
3.12,13.38,0.0000,0.0000,0.00000,0.00000
3.38,13.38,0.0000,0.0000,0.00000,0.00000
3.62,13.38,0.0000,0.0000,0.00000,0.00000
3.88,13.38,0.0000,0.0000,0.00000,0.00000
4.12,13.38,0.0000,0.0000,0.00000,0.00000
4.38,13.38,0.0000,0.0000,0.00000,0.00000
4.62,13.38,0.0000,0.0000,0.00000,0.00000
4.88,13.38,0.0000,0.0000,0.00000,0.00000
5.12,13.38,0.0004,0.0000,0.00000,0.00001
5.38,13.38,0.0102,0.0000,0.00000,0.00011
5.62,13.38,0.1115,0.0000,0.00000,0.00105
5.88,13.38,0.5026,0.0000,0.00000,0.00449
6.12,13.38,0.9573,0.0000,0.00000,0.00852
6.38,13.38,1.0081,0.0000,0.00000,0.00902
6.62,13.38,1.2508,0.0000,0.00000,0.01013
6.88,13.38,1.5665,0.0000,0.00000,0.01192
7.12,13.38,1.0189,0.0000,0.00000,0.00827
7.38,13.38,0.3610,0.0000,0.00000,0.00349
2.62,13.62,0.0000,0.0000,0.00000,0.00000
2.88,13.62,0.0000,0.0000,0.00000,0.00000
3.12,13.62,0.0000,0.0000,0.00000,0.00000
3.38,13.62,0.0000,0.0000,0.00000,0.00000
3.62,13.62,0.0000,0.0000,0.00000,0.00000
3.88,13.62,0.0000,0.0000,0.00000,0.00000
4.12,13.62,0.0000,0.0000,0.00000,0.00000
4.38,13.62,0.0000,0.0000,0.00000,0.00000
4.62,13.62,0.0000,0.0000,0.00000,0.00000
4.88,13.62,0.0000,0.0000,0.00000,0.00000
5.12,13.62,0.0003,0.0000,0.00000,0.00000
5.38,13.62,0.0092,0.0000,0.00000,0.00009
5.62,13.62,0.1061,0.0000,0.00000,0.00098
5.88,13.62,0.4903,0.0000,0.00000,0.00449
6.12,13.62,0.9488,0.0000,0.00000,0.00892
6.38,13.62,1.0116,0.0000,0.00000,0.00979
6.62,13.62,1.2592,0.0000,0.00000,0.01107
6.88,13.62,1.5957,0.0000,0.00000,0.01314
7.12,13.62,1.0686,0.0000,0.00000,0.00939
7.38,13.62,0.4004,0.0000,0.00000,0.00413
2.62,13.88,0.0000,0.0000,0.00000,0.00000
2.88,13.88,0.0000,0.0000,0.00000,0.00000
3.12,13.88,0.0000,0.0000,0.00000,0.00000
3.38,13.88,0.0000,0.0000,0.00000,0.00000
3.62,13.88,0.0000,0.0000,0.00000,0.00000
3.88,13.88,0.0000,0.0000,0.00000,0.00000
4.12,13.88,0.0000,0.0000,0.00000,0.00000
4.38,13.88,0.0000,0.0000,0.00000,0.00000
4.62,13.88,0.0000,0.0000,0.00000,0.00000
4.88,13.88,0.0000,0.0000,0.00000,0.00000
5.12,13.88,0.0003,0.0000,0.00000,0.00000
5.38,13.88,0.0086,0.0000,0.00000,0.00008
5.62,13.88,0.1027,0.0000,0.00000,0.00094
5.88,13.88,0.4827,0.0000,0.00000,0.00445
6.12,13.88,0.9466,0.0000,0.00000,0.00889
6.38,13.88,1.0196,0.0000,0.00000,0.00983
6.62,13.88,1.2658,0.0000,0.00000,0.01181
6.88,13.88,1.6196,0.0000,0.00000,0.01457
7.12,13.88,1.1174,0.0000,0.00000,0.01025
7.38,13.88,0.4418,0.0000,0.00000,0.00431
2.62,14.12,0.0000,0.0000,0.00000,0.00000
2.88,14.12,0.0000,0.0000,0.00000,0.00000
3.12,14.12,0.0000,0.0000,0.00000,0.00000
3.38,14.12,0.0000,0.0000,0.00000,0.00000
3.62,14.12,0.0000,0.0000,0.00000,0.00000
3.88,14.12,0.0000,0.0000,0.00000,0.00000
4.12,14.12,0.0000,0.0000,0.00000,0.00000
4.38,14.12,0.0000,0.0000,0.00000,0.00000
4.62,14.12,0.0000,0.0000,0.00000,0.00000
4.88,14.12,0.0000,0.0000,0.00000,0.00000
5.12,14.12,0.0003,0.0000,0.00000,0.00000
5.38,14.12,0.0083,0.0000,0.00000,0.00008
5.62,14.12,0.1016,0.0000,0.00000,0.00097
5.88,14.12,0.4835,0.0000,0.00000,0.00460
6.12,14.12,0.9598,0.0000,0.00000,0.00902
6.38,14.12,1.0381,0.0000,0.00000,0.00967
6.62,14.12,1.2650,0.0000,0.00000,0.01187
6.88,14.12,1.6311,0.0000,0.00000,0.01513
7.12,14.12,1.1711,0.0000,0.00000,0.01070
7.38,14.12,0.4955,0.0000,0.00000,0.00446
2.62,14.38,0.0000,0.0000,0.00000,0.00000
2.88,14.38,0.0000,0.0000,0.00000,0.00000
3.12,14.38,0.0000,0.0000,0.00000,0.00000
3.38,14.38,0.0000,0.0000,0.00000,0.00000
3.62,14.38,0.0000,0.0000,0.00000,0.00000
3.88,14.38,0.0000,0.0000,0.00000,0.00000
4.12,14.38,0.0000,0.0000,0.00000,0.00000
4.38,14.38,0.0000,0.0000,0.00000,0.00000
4.62,14.38,0.0000,0.0000,0.00000,0.00000
4.88,14.38,0.0000,0.0000,0.00000,0.00000
5.12,14.38,0.0002,0.0000,0.00000,0.00000
5.38,14.38,0.0080,0.0000,0.00000,0.00008
5.62,14.38,0.0987,0.0000,0.00000,0.00097
5.88,14.38,0.4749,0.0000,0.00000,0.00463
6.12,14.38,0.9589,0.0000,0.00000,0.00913
6.38,14.38,1.0498,0.0000,0.00000,0.00970
6.62,14.38,1.2522,0.0000,0.00000,0.01140
6.88,14.38,1.6264,0.0000,0.00000,0.01456
7.12,14.38,1.2302,0.0000,0.00000,0.01082
7.38,14.38,0.5647,0.0000,0.00000,0.00490
2.62,14.62,0.0000,0.0000,0.00000,0.00000
2.88,14.62,0.0000,0.0000,0.00000,0.00000
3.12,14.62,0.0000,0.0000,0.00000,0.00000
3.38,14.62,0.0000,0.0000,0.00000,0.00000
3.62,14.62,0.0000,0.0000,0.00000,0.00000
3.88,14.62,0.0000,0.0000,0.00000,0.00000
4.12,14.62,0.0000,0.0000,0.00000,0.00000
4.38,14.62,0.0000,0.0000,0.00000,0.00000
4.62,14.62,0.0000,0.0000,0.00000,0.00000
4.88,14.62,0.0000,0.0000,0.00000,0.00000
5.12,14.62,0.0002,0.0000,0.00000,0.00000
5.38,14.62,0.0077,0.0000,0.00000,0.00008
5.62,14.62,0.0966,0.0000,0.00000,0.00098
5.88,14.62,0.4706,0.0000,0.00000,0.00476
6.12,14.62,0.9671,0.0000,0.00000,0.00961
6.38,14.62,1.0695,0.0000,0.00000,0.01031
6.62,14.62,1.2373,0.0000,0.00000,0.01131
6.88,14.62,1.6204,0.0000,0.00000,0.01423
7.12,14.62,1.3057,0.0000,0.00000,0.01141
7.38,14.62,0.6538,0.0000,0.00000,0.00578
2.62,14.88,0.0000,0.0000,0.00000,0.00000
2.88,14.88,0.0000,0.0000,0.00000,0.00000
3.12,14.88,0.0000,0.0000,0.00000,0.00000
3.38,14.88,0.0000,0.0000,0.00000,0.00000
3.62,14.88,0.0000,0.0000,0.00000,0.00000
3.88,14.88,0.0000,0.0000,0.00000,0.00000
4.12,14.88,0.0000,0.0000,0.00000,0.00000
4.38,14.88,0.0000,0.0000,0.00000,0.00000
4.62,14.88,0.0000,0.0000,0.00000,0.00000
4.88,14.88,0.0000,0.0000,0.00000,0.00000
5.12,14.88,0.0002,0.0000,0.00000,0.00000
5.38,14.88,0.0075,0.0000,0.00000,0.00008
5.62,14.88,0.0951,0.0000,0.00000,0.00105
5.88,14.88,0.4685,0.0000,0.00000,0.00513
6.12,14.88,0.9792,0.0000,0.00000,0.01063
6.38,14.88,1.0878,0.0000,0.00000,0.01151
6.62,14.88,1.2060,0.0000,0.00000,0.01159
6.88,14.88,1.6000,0.0000,0.00000,0.01422
7.12,14.88,1.3949,0.0000,0.00000,0.01235
7.38,14.88,0.7653,0.0000,0.00000,0.00691
2.62,15.12,0.0000,0.0000,0.00000,0.00000
2.88,15.12,0.0000,0.0000,0.00000,0.00000
3.12,15.12,0.0000,0.0000,0.00000,0.00000
3.38,15.12,0.0000,0.0000,0.00000,0.00000
3.62,15.12,0.0000,0.0000,0.00000,0.00000
3.88,15.12,0.0000,0.0000,0.00000,0.00000
4.12,15.12,0.0000,0.0000,0.00000,0.00000
4.38,15.12,0.0000,0.0000,0.00000,0.00000
4.62,15.12,0.0000,0.0000,0.00000,0.00000
4.88,15.12,0.0000,0.0000,0.00000,0.00000
5.12,15.12,0.0002,0.0000,0.00000,0.00000
5.38,15.12,0.0072,0.0000,0.00000,0.00008
5.62,15.12,0.0914,0.0000,0.00000,0.00108
5.88,15.12,0.4600,0.0000,0.00000,0.00542
6.12,15.12,0.9985,0.0000,0.00000,0.01171
6.38,15.12,1.1393,0.0000,0.00000,0.01309
6.62,15.12,1.1932,0.0000,0.00000,0.01222
6.88,15.12,1.5797,0.0000,0.00000,0.01431
7.12,15.12,1.4971,0.0000,0.00000,0.01317
7.38,15.12,0.8947,0.0000,0.00000,0.00788
2.62,15.38,0.0000,0.0000,0.00000,0.00000
2.88,15.38,0.0000,0.0000,0.00000,0.00000
3.12,15.38,0.0000,0.0000,0.00000,0.00000
3.38,15.38,0.0000,0.0000,0.00000,0.00000
3.62,15.38,0.0000,0.0000,0.00000,0.00000
3.88,15.38,0.0000,0.0000,0.00000,0.00000
4.12,15.38,0.0000,0.0000,0.00000,0.00000
4.38,15.38,0.0000,0.0000,0.00000,0.00000
4.62,15.38,0.0000,0.0000,0.00000,0.00000
4.88,15.38,0.0000,0.0000,0.00000,0.00000
5.12,15.38,0.0002,0.0000,0.00000,0.00000
5.38,15.38,0.0064,0.0000,0.00000,0.00007
5.62,15.38,0.0824,0.0000,0.00000,0.00096
5.88,15.38,0.4304,0.0000,0.00000,0.00504
6.12,15.38,0.9963,0.0000,0.00000,0.01178
6.38,15.38,1.1978,0.0000,0.00000,0.01420
6.62,15.38,1.1858,0.0000,0.00000,0.01298
6.88,15.38,1.5547,0.0000,0.00000,0.01497
7.12,15.38,1.6068,0.0000,0.00000,0.01465
7.38,15.38,1.0366,0.0000,0.00000,0.00926
2.62,15.62,0.0000,0.0000,0.00000,0.00000
2.88,15.62,0.0000,0.0000,0.00000,0.00000
3.12,15.62,0.0000,0.0000,0.00000,0.00000
3.38,15.62,0.0000,0.0000,0.00000,0.00000
3.62,15.62,0.0000,0.0000,0.00000,0.00000
3.88,15.62,0.0000,0.0000,0.00000,0.00000
4.12,15.62,0.0000,0.0000,0.00000,0.00000
4.38,15.62,0.0000,0.0000,0.00000,0.00000
4.62,15.62,0.0000,0.0000,0.00000,0.00000
4.88,15.62,0.0000,0.0000,0.00000,0.00000
5.12,15.62,0.0001,0.0000,0.00000,0.00000
5.38,15.62,0.0052,0.0000,0.00000,0.00006
5.62,15.62,0.0694,0.0000,0.00000,0.00076
5.88,15.62,0.3851,0.0000,0.00000,0.00428
6.12,15.62,0.9768,0.0000,0.00000,0.01113
6.38,15.62,1.2578,0.0000,0.00000,0.01466
6.62,15.62,1.1794,0.0000,0.00000,0.01353
6.88,15.62,1.5203,0.0000,0.00000,0.01618
7.12,15.62,1.7095,0.0000,0.00000,0.01729
7.38,15.62,1.1762,0.0000,0.00000,0.01161
2.62,15.88,0.0000,0.0000,0.00000,0.00000
2.88,15.88,0.0000,0.0000,0.00000,0.00000
3.12,15.88,0.0000,0.0000,0.00000,0.00000
3.38,15.88,0.0000,0.0000,0.00000,0.00000
3.62,15.88,0.0000,0.0000,0.00000,0.00000
3.88,15.88,0.0000,0.0000,0.00000,0.00000
4.12,15.88,0.0000,0.0000,0.00000,0.00000
4.38,15.88,0.0000,0.0000,0.00000,0.00000
4.62,15.88,0.0000,0.0000,0.00000,0.00000
4.88,15.88,0.0000,0.0000,0.00000,0.00000
5.12,15.88,0.0001,0.0000,0.00000,0.00000
5.38,15.88,0.0039,0.0000,0.00000,0.00004
5.62,15.88,0.0547,0.0000,0.00000,0.00058
5.88,15.88,0.3311,0.0000,0.00000,0.00360
6.12,15.88,0.9400,0.0000,0.00000,0.01056
6.38,15.88,1.3035,0.0000,0.00000,0.01515
6.62,15.88,1.1707,0.0000,0.00000,0.01431
6.88,15.88,1.4837,0.0000,0.00000,0.01839
7.12,15.88,1.7978,0.0000,0.00000,0.02170
7.38,15.88,1.3006,0.0000,0.00000,0.01544
2.62,16.12,0.0000,0.0000,0.00000,0.00000
2.88,16.12,0.0000,0.0000,0.00000,0.00000
3.12,16.12,0.0000,0.0000,0.00000,0.00000
3.38,16.12,0.0000,0.0000,0.00000,0.00000
3.62,16.12,0.0000,0.0000,0.00000,0.00000
3.88,16.12,0.0000,0.0000,0.00000,0.00000
4.12,16.12,0.0000,0.0000,0.00000,0.00000
4.38,16.12,0.0000,0.0000,0.00000,0.00000
4.62,16.12,0.0000,0.0000,0.00000,0.00000
4.88,16.12,0.0000,0.0000,0.00000,0.00000
5.12,16.12,0.0001,0.0000,0.00000,0.00000
5.38,16.12,0.0028,0.0000,0.00000,0.00003
5.62,16.12,0.0413,0.0000,0.00000,0.00048
5.88,16.12,0.2810,0.0000,0.00000,0.00340
6.12,16.12,0.8996,0.0000,0.00000,0.01132
6.38,16.12,1.3350,0.0000,0.00000,0.01743
6.62,16.12,1.1607,0.0000,0.00000,0.01680
6.88,16.12,1.4445,0.0000,0.00000,0.02408
7.12,16.12,1.8584,0.0000,0.00000,0.03189
7.38,16.12,1.3951,0.0000,0.00000,0.02405
2.62,16.38,0.0000,0.0000,0.00000,0.00000
2.88,16.38,0.0000,0.0000,0.00000,0.00000
3.12,16.38,0.0000,0.0000,0.00000,0.00000
3.38,16.38,0.0000,0.0000,0.00000,0.00000
3.62,16.38,0.0000,0.0000,0.00000,0.00000
3.88,16.38,0.0000,0.0000,0.00000,0.00000
4.12,16.38,0.0000,0.0000,0.00000,0.00000
4.38,16.38,0.0000,0.0000,0.00000,0.00000
4.62,16.38,0.0000,0.0000,0.00000,0.00000
4.88,16.38,0.0000,0.0000,0.00000,0.00000
5.12,16.38,0.0000,0.0000,0.00000,0.00000
5.38,16.38,0.0019,0.0000,0.00000,0.00003
5.62,16.38,0.0306,0.0000,0.00000,0.00049
5.88,16.38,0.2365,0.0000,0.00000,0.00390
6.12,16.38,0.8411,0.0000,0.00000,0.01424
6.38,16.38,1.3147,0.0000,0.00000,0.02284
6.62,16.38,1.1219,0.0000,0.00000,0.02280
6.88,16.38,1.3909,0.0000,0.00000,0.03869
7.12,16.38,1.8916,0.0000,0.00000,0.05761
7.38,16.38,1.4686,0.0000,0.00000,0.04568
2.62,16.62,0.0000,0.0000,0.00000,0.00000
2.88,16.62,0.0000,0.0000,0.00000,0.00000
3.12,16.62,0.0000,0.0000,0.00000,0.00000
3.38,16.62,0.0000,0.0000,0.00000,0.00000
3.62,16.62,0.0000,0.0000,0.00000,0.00000
3.88,16.62,0.0000,0.0000,0.00000,0.00000
4.12,16.62,0.0000,0.0000,0.00000,0.00000
4.38,16.62,0.0000,0.0000,0.00000,0.00000
4.62,16.62,0.0000,0.0000,0.00000,0.00000
4.88,16.62,0.0000,0.0000,0.00000,0.00000
5.12,16.62,0.0000,0.0000,0.00000,0.00000
5.38,16.62,0.0012,0.0000,0.00000,0.00003
5.62,16.62,0.0222,0.0000,0.00000,0.00050
5.88,16.62,0.1947,0.0000,0.00000,0.00453
6.12,16.62,0.7574,0.0000,0.00000,0.01795
6.38,16.62,1.2397,0.0000,0.00000,0.02983
6.62,16.62,1.0521,0.0000,0.00000,0.02941
6.88,16.62,1.2723,0.0000,0.00000,0.05070
7.12,16.62,1.8251,0.0000,0.00000,0.07955
7.38,16.62,1.4990,0.0000,0.00000,0.06474
2.62,16.88,0.0000,0.0000,0.00000,0.00000
2.88,16.88,0.0000,0.0000,0.00000,0.00000
3.12,16.88,0.0000,0.0000,0.00000,0.00000
3.38,16.88,0.0000,0.0000,0.00000,0.00000
3.62,16.88,0.0000,0.0000,0.00000,0.00000
3.88,16.88,0.0000,0.0000,0.00000,0.00000
4.12,16.88,0.0000,0.0000,0.00000,0.00000
4.38,16.88,0.0000,0.0000,0.00000,0.00000
4.62,16.88,0.0000,0.0000,0.00000,0.00000
4.88,16.88,0.0000,0.0000,0.00000,0.00000
5.12,16.88,0.0000,0.0000,0.00000,0.00000
5.38,16.88,0.0007,0.0000,0.00000,0.00002
5.62,16.88,0.0154,0.0000,0.00000,0.00044
5.88,16.88,0.1509,0.0000,0.00000,0.00458
6.12,16.88,0.6322,0.0000,0.00000,0.01966
6.38,16.88,1.1008,0.0000,0.00000,0.03436
6.62,16.88,0.9550,0.0000,0.00000,0.03126
6.88,16.88,1.0062,0.0000,0.00000,0.04069
7.12,16.88,1.5005,0.0000,0.00000,0.06507
7.38,16.88,1.4476,0.0000,0.00000,0.06086
7.62,16.88,0.8306,0.0000,0.00000,0.03290
7.88,16.88,0.2992,0.0000,0.00000,0.01088
2.62,17.12,0.0000,0.0000,0.00000,0.00000
2.88,17.12,0.0000,0.0000,0.00000,0.00000
3.12,17.12,0.0000,0.0000,0.00000,0.00000
3.38,17.12,0.0000,0.0000,0.00000,0.00000
3.62,17.12,0.0000,0.0000,0.00000,0.00000
3.88,17.12,0.0000,0.0000,0.00000,0.00000
4.12,17.12,0.0000,0.0000,0.00000,0.00000
4.38,17.12,0.0000,0.0000,0.00000,0.00000
4.62,17.12,0.0000,0.0000,0.00000,0.00000
4.88,17.12,0.0000,0.0000,0.00000,0.00000
5.12,17.12,0.0000,0.0000,0.00000,0.00000
5.38,17.12,0.0004,0.0000,0.00000,0.00001
5.62,17.12,0.0103,0.0000,0.00000,0.00035
5.88,17.12,0.1095,0.0000,0.00000,0.00393
6.12,17.12,0.4943,0.0000,0.00000,0.01818
6.38,17.12,0.9624,0.0000,0.00000,0.03519
6.62,17.12,0.9281,0.0000,0.00000,0.03305
6.88,17.12,0.7576,0.0000,0.00000,0.02725
7.12,17.12,1.0365,0.0000,0.00000,0.03992
7.38,17.12,1.3226,0.0000,0.00000,0.05157
7.62,17.12,1.0682,0.0000,0.00000,0.03950
7.88,17.12,0.5548,0.0000,0.00000,0.01779
8.12,17.12,0.2048,0.0000,0.00000,0.00496
8.38,17.12,0.0616,0.0000,0.00000,0.00096
2.62,17.38,0.0000,0.0000,0.00000,0.00000
2.88,17.38,0.0000,0.0000,0.00000,0.00000
3.12,17.38,0.0000,0.0000,0.00000,0.00000
3.38,17.38,0.0000,0.0000,0.00000,0.00000
3.62,17.38,0.0000,0.0000,0.00000,0.00000
3.88,17.38,0.0000,0.0000,0.00000,0.00000
4.12,17.38,0.0000,0.0000,0.00000,0.00000
4.38,17.38,0.0000,0.0000,0.00000,0.00000
4.62,17.38,0.0000,0.0000,0.00000,0.00000
4.88,17.38,0.0000,0.0000,0.00000,0.00000
5.12,17.38,0.0000,0.0000,0.00000,0.00000
5.38,17.38,0.0002,0.0000,0.00000,0.00001
5.62,17.38,0.0059,0.0000,0.00000,0.00021
5.88,17.38,0.0672,0.0000,0.00000,0.00253
6.12,17.38,0.3387,0.0000,0.00000,0.01297
6.38,17.38,0.7956,0.0000,0.00000,0.02985
6.62,17.38,0.9610,0.0000,0.00000,0.03402
6.88,17.38,0.7229,0.0000,0.00000,0.02339
7.12,17.38,0.6768,0.0000,0.00000,0.02285
7.38,17.38,1.0277,0.0000,0.00000,0.03641
7.62,17.38,1.2585,0.0000,0.00000,0.04013
7.88,17.38,1.0121,0.0000,0.00000,0.02569
8.12,17.38,0.5562,0.0000,0.00000,0.01001
8.38,17.38,0.2366,0.0000,0.00000,0.00277
8.62,17.38,0.0884,0.0000,0.00000,0.00068
8.88,17.38,0.0303,0.0000,0.00000,0.00017
2.62,17.62,0.0000,0.0000,0.00000,0.00000
2.88,17.62,0.0000,0.0000,0.00000,0.00000
3.12,17.62,0.0000,0.0000,0.00000,0.00000
3.38,17.62,0.0000,0.0000,0.00000,0.00000
3.62,17.62,0.0000,0.0000,0.00000,0.00000
3.88,17.62,0.0000,0.0000,0.00000,0.00000
4.12,17.62,0.0000,0.0000,0.00000,0.00000
4.38,17.62,0.0000,0.0000,0.00000,0.00000
4.62,17.62,0.0000,0.0000,0.00000,0.00000
4.88,17.62,0.0000,0.0000,0.00000,0.00000
5.12,17.62,0.0000,0.0000,0.00000,0.00000
5.38,17.62,0.0001,0.0000,0.00000,0.00000
5.62,17.62,0.0023,0.0000,0.00000,0.00008
5.88,17.62,0.0305,0.0000,0.00000,0.00108
6.12,17.62,0.1851,0.0000,0.00000,0.00646
6.38,17.62,0.5669,0.0000,0.00000,0.01855
6.62,17.62,0.9270,0.0000,0.00000,0.02699
6.88,17.62,0.8668,0.0000,0.00000,0.02133
7.12,17.62,0.6127,0.0000,0.00000,0.01430
7.38,17.62,0.6881,0.0000,0.00000,0.01860
7.62,17.62,1.0978,0.0000,0.00000,0.02695
7.88,17.62,1.3276,0.0000,0.00000,0.02518
8.12,17.62,1.1013,0.0000,0.00000,0.01489
8.38,17.62,0.6851,0.0000,0.00000,0.00633
8.62,17.62,0.3455,0.0000,0.00000,0.00227
8.88,17.62,0.1501,0.0000,0.00000,0.00077
9.12,17.62,0.0631,0.0000,0.00000,0.00028
2.62,17.88,0.0000,0.0000,0.00000,0.00000
2.88,17.88,0.0000,0.0000,0.00000,0.00000
3.12,17.88,0.0000,0.0000,0.00000,0.00000
3.38,17.88,0.0000,0.0000,0.00000,0.00000
3.62,17.88,0.0000,0.0000,0.00000,0.00000
3.88,17.88,0.0000,0.0000,0.00000,0.00000
4.12,17.88,0.0000,0.0000,0.00000,0.00000
4.38,17.88,0.0000,0.0000,0.00000,0.00000
4.62,17.88,0.0000,0.0000,0.00000,0.00000
4.88,17.88,0.0000,0.0000,0.00000,0.00000
5.12,17.88,0.0000,0.0000,0.00000,0.00000
5.38,17.88,0.0000,0.0000,0.00000,0.00000
5.62,17.88,0.0006,0.0000,0.00000,0.00002
5.88,17.88,0.0099,0.0000,0.00000,0.00029
6.12,17.88,0.0775,0.0000,0.00000,0.00212
6.38,17.88,0.3201,0.0000,0.00000,0.00780
6.62,17.88,0.7215,0.0000,0.00000,0.01507
6.88,17.88,0.9455,0.0000,0.00000,0.01686
7.12,17.88,0.7962,0.0000,0.00000,0.01305
7.38,17.88,0.5908,0.0000,0.00000,0.01017
7.62,17.88,0.7097,0.0000,0.00000,0.01232
7.88,17.88,1.0837,0.0000,0.00000,0.01532
8.12,17.88,1.3230,0.0000,0.00000,0.01383
8.38,17.88,1.2203,0.0000,0.00000,0.00926
8.62,17.88,0.8799,0.0000,0.00000,0.00506
8.88,17.88,0.5216,0.0000,0.00000,0.00246
9.12,17.88,0.2699,0.0000,0.00000,0.00112
9.38,17.88,0.1216,0.0000,0.00000,0.00046
9.62,17.88,0.0470,0.0000,0.00000,0.00016
2.62,18.12,0.0000,0.0000,0.00000,0.00000
2.88,18.12,0.0000,0.0000,0.00000,0.00000
3.12,18.12,0.0000,0.0000,0.00000,0.00000
3.38,18.12,0.0000,0.0000,0.00000,0.00000
3.62,18.12,0.0000,0.0000,0.00000,0.00000
3.88,18.12,0.0000,0.0000,0.00000,0.00000
4.12,18.12,0.0000,0.0000,0.00000,0.00000
4.38,18.12,0.0000,0.0000,0.00000,0.00000
4.62,18.12,0.0000,0.0000,0.00000,0.00000
4.88,18.12,0.0000,0.0000,0.00000,0.00000
5.12,18.12,0.0000,0.0000,0.00000,0.00000
5.38,18.12,0.0000,0.0000,0.00000,0.00000
5.62,18.12,0.0001,0.0000,0.00000,0.00000
5.88,18.12,0.0022,0.0000,0.00000,0.00005
6.12,18.12,0.0230,0.0000,0.00000,0.00045
6.38,18.12,0.1272,0.0000,0.00000,0.00221
6.62,18.12,0.3979,0.0000,0.00000,0.00628
6.88,18.12,0.7603,0.0000,0.00000,0.01144
7.12,18.12,0.9298,0.0000,0.00000,0.01356
7.38,18.12,0.7739,0.0000,0.00000,0.01059
7.62,18.12,0.5704,0.0000,0.00000,0.00718
7.88,18.12,0.6286,0.0000,0.00000,0.00681
8.12,18.12,0.9394,0.0000,0.00000,0.00789
8.38,18.12,1.2430,0.0000,0.00000,0.00799
8.62,18.12,1.3012,0.0000,0.00000,0.00671
8.88,18.12,1.0998,0.0000,0.00000,0.00486
9.12,18.12,0.7673,0.0000,0.00000,0.00305
9.38,18.12,0.4371,0.0000,0.00000,0.00159
9.62,18.12,0.2097,0.0000,0.00000,0.00069
9.88,18.12,0.0877,0.0000,0.00000,0.00027
10.12,18.12,0.0316,0.0000,0.00000,0.00009
2.62,18.38,0.0000,0.0000,0.00000,0.00000
2.88,18.38,0.0000,0.0000,0.00000,0.00000
3.12,18.38,0.0000,0.0000,0.00000,0.00000
3.38,18.38,0.0000,0.0000,0.00000,0.00000
3.62,18.38,0.0000,0.0000,0.00000,0.00000
3.88,18.38,0.0000,0.0000,0.00000,0.00000
4.12,18.38,0.0000,0.0000,0.00000,0.00000
4.38,18.38,0.0000,0.0000,0.00000,0.00000
4.62,18.38,0.0000,0.0000,0.00000,0.00000
4.88,18.38,0.0000,0.0000,0.00000,0.00000
5.12,18.38,0.0000,0.0000,0.00000,0.00000
5.38,18.38,0.0000,0.0000,0.00000,0.00000
5.62,18.38,0.0000,0.0000,0.00000,0.00000
5.88,18.38,0.0003,0.0000,0.00000,0.00000
6.12,18.38,0.0043,0.0000,0.00000,0.00006
6.38,18.38,0.0324,0.0000,0.00000,0.00045
6.62,18.38,0.1472,0.0000,0.00000,0.00209
6.88,18.38,0.4242,0.0000,0.00000,0.00604
7.12,18.38,0.7745,0.0000,0.00000,0.01058
7.38,18.38,0.9220,0.0000,0.00000,0.01141
7.62,18.38,0.7721,0.0000,0.00000,0.00830
7.88,18.38,0.5464,0.0000,0.00000,0.00488
8.12,18.38,0.5250,0.0000,0.00000,0.00368
8.38,18.38,0.7611,0.0000,0.00000,0.00428
8.62,18.38,1.0891,0.0000,0.00000,0.00516
8.88,18.38,1.3100,0.0000,0.00000,0.00549
9.12,18.38,1.2798,0.0000,0.00000,0.00493
9.38,18.38,1.0091,0.0000,0.00000,0.00358
9.62,18.38,0.6595,0.0000,0.00000,0.00215
9.88,18.38,0.3543,0.0000,0.00000,0.00109
10.12,18.38,0.1587,0.0000,0.00000,0.00047
10.38,18.38,0.0614,0.0000,0.00000,0.00018
10.62,18.38,0.0206,0.0000,0.00000,0.00006
2.62,18.62,0.0000,0.0000,0.00000,0.00000
2.88,18.62,0.0000,0.0000,0.00000,0.00000
3.12,18.62,0.0000,0.0000,0.00000,0.00000
3.38,18.62,0.0000,0.0000,0.00000,0.00000
3.62,18.62,0.0000,0.0000,0.00000,0.00000
3.88,18.62,0.0000,0.0000,0.00000,0.00000
4.12,18.62,0.0000,0.0000,0.00000,0.00000
4.38,18.62,0.0000,0.0000,0.00000,0.00000
4.62,18.62,0.0000,0.0000,0.00000,0.00000
4.88,18.62,0.0000,0.0000,0.00000,0.00000
5.12,18.62,0.0000,0.0000,0.00000,0.00000
5.38,18.62,0.0000,0.0000,0.00000,0.00000
5.62,18.62,0.0000,0.0000,0.00000,0.00000
5.88,18.62,0.0000,0.0000,0.00000,0.00000
6.12,18.62,0.0005,0.0000,0.00000,0.00001
6.38,18.62,0.0052,0.0000,0.00000,0.00007
6.62,18.62,0.0364,0.0000,0.00000,0.00050
6.88,18.62,0.1574,0.0000,0.00000,0.00211
7.12,18.62,0.4228,0.0000,0.00000,0.00524
7.38,18.62,0.7492,0.0000,0.00000,0.00812
7.62,18.62,0.9086,0.0000,0.00000,0.00829
7.88,18.62,0.7833,0.0000,0.00000,0.00579
8.12,18.62,0.5582,0.0000,0.00000,0.00323
8.38,18.62,0.4583,0.0000,0.00000,0.00223
8.62,18.62,0.5769,0.0000,0.00000,0.00254
8.88,18.62,0.8686,0.0000,0.00000,0.00351
9.12,18.62,1.1753,0.0000,0.00000,0.00443
9.38,18.62,1.3201,0.0000,0.00000,0.00460
9.62,18.62,1.2213,0.0000,0.00000,0.00394
9.88,18.62,0.9120,0.0000,0.00000,0.00282
10.12,18.62,0.5525,0.0000,0.00000,0.00167
10.38,18.62,0.2733,0.0000,0.00000,0.00081
10.62,18.62,0.1155,0.0000,0.00000,0.00033
10.88,18.62,0.0467,0.0000,0.00000,0.00013
2.62,18.88,0.0000,0.0000,0.00000,0.00000
2.88,18.88,0.0000,0.0000,0.00000,0.00000
3.12,18.88,0.0000,0.0000,0.00000,0.00000
3.38,18.88,0.0000,0.0000,0.00000,0.00000
3.62,18.88,0.0000,0.0000,0.00000,0.00000
3.88,18.88,0.0000,0.0000,0.00000,0.00000
4.12,18.88,0.0000,0.0000,0.00000,0.00000
4.38,18.88,0.0000,0.0000,0.00000,0.00000
4.62,18.88,0.0000,0.0000,0.00000,0.00000
4.88,18.88,0.0000,0.0000,0.00000,0.00000
5.12,18.88,0.0000,0.0000,0.00000,0.00000
5.38,18.88,0.0000,0.0000,0.00000,0.00000
5.62,18.88,0.0000,0.0000,0.00000,0.00000
5.88,18.88,0.0000,0.0000,0.00000,0.00000
6.12,18.88,0.0000,0.0000,0.00000,0.00000
6.38,18.88,0.0005,0.0000,0.00000,0.00001
6.62,18.88,0.0057,0.0000,0.00000,0.00008
6.88,18.88,0.0365,0.0000,0.00000,0.00045
7.12,18.88,0.1461,0.0000,0.00000,0.00159
7.38,18.88,0.3877,0.0000,0.00000,0.00362
7.62,18.88,0.6931,0.0000,0.00000,0.00535
7.88,18.88,0.8760,0.0000,0.00000,0.00535
8.12,18.88,0.8324,0.0000,0.00000,0.00402
8.38,18.88,0.6174,0.0000,0.00000,0.00254
8.62,18.88,0.4313,0.0000,0.00000,0.00164
8.88,18.88,0.4277,0.0000,0.00000,0.00159
9.12,18.88,0.6261,0.0000,0.00000,0.00227
9.38,18.88,0.9489,0.0000,0.00000,0.00320
9.62,18.88,1.2474,0.0000,0.00000,0.00397
9.88,18.88,1.3245,0.0000,0.00000,0.00408
10.12,18.88,1.1295,0.0000,0.00000,0.00342
10.38,18.88,0.7812,0.0000,0.00000,0.00232
10.62,18.88,0.4488,0.0000,0.00000,0.00130
10.88,18.88,0.2204,0.0000,0.00000,0.00062
11.12,18.88,0.0914,0.0000,0.00000,0.00026
11.38,18.88,0.0328,0.0000,0.00000,0.00009
2.62,19.12,0.0000,0.0000,0.00000,0.00000
2.88,19.12,0.0000,0.0000,0.00000,0.00000
3.12,19.12,0.0000,0.0000,0.00000,0.00000
3.38,19.12,0.0000,0.0000,0.00000,0.00000
3.62,19.12,0.0000,0.0000,0.00000,0.00000
3.88,19.12,0.0000,0.0000,0.00000,0.00000
4.12,19.12,0.0000,0.0000,0.00000,0.00000
4.38,19.12,0.0000,0.0000,0.00000,0.00000
4.62,19.12,0.0000,0.0000,0.00000,0.00000
4.88,19.12,0.0000,0.0000,0.00000,0.00000
5.12,19.12,0.0000,0.0000,0.00000,0.00000
5.38,19.12,0.0000,0.0000,0.00000,0.00000
5.62,19.12,0.0000,0.0000,0.00000,0.00000
5.88,19.12,0.0000,0.0000,0.00000,0.00000
6.12,19.12,0.0000,0.0000,0.00000,0.00000
6.38,19.12,0.0000,0.0000,0.00000,0.00000
6.62,19.12,0.0005,0.0000,0.00000,0.00001
6.88,19.12,0.0052,0.0000,0.00000,0.00006
7.12,19.12,0.0317,0.0000,0.00000,0.00030
7.38,19.12,0.1244,0.0000,0.00000,0.00101
7.62,19.12,0.3272,0.0000,0.00000,0.00216
7.88,19.12,0.6164,0.0000,0.00000,0.00319
8.12,19.12,0.8473,0.0000,0.00000,0.00360
8.38,19.12,0.8603,0.0000,0.00000,0.00318
8.62,19.12,0.6926,0.0000,0.00000,0.00232
8.88,19.12,0.4809,0.0000,0.00000,0.00150
9.12,19.12,0.3682,0.0000,0.00000,0.00114
9.38,19.12,0.4507,0.0000,0.00000,0.00141
9.62,19.12,0.7226,0.0000,0.00000,0.00224
9.88,19.12,1.0561,0.0000,0.00000,0.00323
10.12,19.12,1.2850,0.0000,0.00000,0.00387
10.38,19.12,1.2799,0.0000,0.00000,0.00382
10.62,19.12,1.0394,0.0000,0.00000,0.00304
10.88,19.12,0.6832,0.0000,0.00000,0.00196
11.12,19.12,0.3640,0.0000,0.00000,0.00104
11.38,19.12,0.1654,0.0000,0.00000,0.00047
11.62,19.12,0.0657,0.0000,0.00000,0.00018
11.88,19.12,0.0222,0.0000,0.00000,0.00006
2.62,19.38,0.0000,0.0000,0.00000,0.00000
2.88,19.38,0.0000,0.0000,0.00000,0.00000
3.12,19.38,0.0000,0.0000,0.00000,0.00000
3.38,19.38,0.0000,0.0000,0.00000,0.00000
3.62,19.38,0.0000,0.0000,0.00000,0.00000
3.88,19.38,0.0000,0.0000,0.00000,0.00000
4.12,19.38,0.0000,0.0000,0.00000,0.00000
4.38,19.38,0.0000,0.0000,0.00000,0.00000
4.62,19.38,0.0000,0.0000,0.00000,0.00000
4.88,19.38,0.0000,0.0000,0.00000,0.00000
5.12,19.38,0.0000,0.0000,0.00000,0.00000
5.38,19.38,0.0000,0.0000,0.00000,0.00000
5.62,19.38,0.0000,0.0000,0.00000,0.00000
5.88,19.38,0.0000,0.0000,0.00000,0.00000
6.12,19.38,0.0000,0.0000,0.00000,0.00000
6.38,19.38,0.0000,0.0000,0.00000,0.00000
6.62,19.38,0.0000,0.0000,0.00000,0.00000
6.88,19.38,0.0005,0.0000,0.00000,0.00000
7.12,19.38,0.0042,0.0000,0.00000,0.00004
7.38,19.38,0.0241,0.0000,0.00000,0.00017
7.62,19.38,0.0934,0.0000,0.00000,0.00053
7.88,19.38,0.2575,0.0000,0.00000,0.00118
8.12,19.38,0.5082,0.0000,0.00000,0.00199
8.38,19.38,0.7551,0.0000,0.00000,0.00263
8.62,19.38,0.8773,0.0000,0.00000,0.00283
8.88,19.38,0.7897,0.0000,0.00000,0.00236
9.12,19.38,0.5762,0.0000,0.00000,0.00161
9.38,19.38,0.3906,0.0000,0.00000,0.00106
9.62,19.38,0.3532,0.0000,0.00000,0.00101
9.88,19.38,0.5113,0.0000,0.00000,0.00153
10.12,19.38,0.8244,0.0000,0.00000,0.00249
10.38,19.38,1.1621,0.0000,0.00000,0.00349
10.62,19.38,1.3411,0.0000,0.00000,0.00395
10.88,19.38,1.2415,0.0000,0.00000,0.00357
11.12,19.38,0.9328,0.0000,0.00000,0.00262
11.38,19.38,0.5771,0.0000,0.00000,0.00158
11.62,19.38,0.2907,0.0000,0.00000,0.00079
11.88,19.38,0.1222,0.0000,0.00000,0.00033
12.12,19.38,0.0445,0.0000,0.00000,0.00012
12.38,19.38,0.0139,0.0000,0.00000,0.00004
2.88,19.62,0.0000,0.0000,0.00000,0.00000
3.12,19.62,0.0000,0.0000,0.00000,0.00000
3.38,19.62,0.0000,0.0000,0.00000,0.00000
3.62,19.62,0.0000,0.0000,0.00000,0.00000
3.88,19.62,0.0000,0.0000,0.00000,0.00000
4.12,19.62,0.0000,0.0000,0.00000,0.00000
4.38,19.62,0.0000,0.0000,0.00000,0.00000
4.62,19.62,0.0000,0.0000,0.00000,0.00000
4.88,19.62,0.0000,0.0000,0.00000,0.00000
5.12,19.62,0.0000,0.0000,0.00000,0.00000
5.38,19.62,0.0000,0.0000,0.00000,0.00000
5.62,19.62,0.0000,0.0000,0.00000,0.00000
5.88,19.62,0.0000,0.0000,0.00000,0.00000
6.12,19.62,0.0000,0.0000,0.00000,0.00000
6.38,19.62,0.0000,0.0000,0.00000,0.00000
6.62,19.62,0.0000,0.0000,0.00000,0.00000
6.88,19.62,0.0000,0.0000,0.00000,0.00000
7.12,19.62,0.0003,0.0000,0.00000,0.00000
7.38,19.62,0.0027,0.0000,0.00000,0.00002
7.62,19.62,0.0155,0.0000,0.00000,0.00008
7.88,19.62,0.0614,0.0000,0.00000,0.00026
8.12,19.62,0.1776,0.0000,0.00000,0.00066
8.38,19.62,0.3929,0.0000,0.00000,0.00135
8.62,19.62,0.6571,0.0000,0.00000,0.00214
8.88,19.62,0.8388,0.0000,0.00000,0.00253
9.12,19.62,0.8493,0.0000,0.00000,0.00238
9.38,19.62,0.6844,0.0000,0.00000,0.00181
9.62,19.62,0.4620,0.0000,0.00000,0.00118
9.88,19.62,0.3297,0.0000,0.00000,0.00088
10.12,19.62,0.3729,0.0000,0.00000,0.00108
10.38,19.62,0.6031,0.0000,0.00000,0.00180
10.62,19.62,0.9447,0.0000,0.00000,0.00278
10.88,19.62,1.2454,0.0000,0.00000,0.00356
11.12,19.62,1.3404,0.0000,0.00000,0.00370
11.38,19.62,1.1637,0.0000,0.00000,0.00313
11.62,19.62,0.8133,0.0000,0.00000,0.00219
11.88,19.62,0.4654,0.0000,0.00000,0.00125
12.12,19.62,0.2184,0.0000,0.00000,0.00057
12.38,19.62,0.0861,0.0000,0.00000,0.00021
12.62,19.62,0.0314,0.0000,0.00000,0.00007
3.38,19.88,0.0000,0.0000,0.00000,0.00000
3.62,19.88,0.0000,0.0000,0.00000,0.00000
3.88,19.88,0.0000,0.0000,0.00000,0.00000
4.12,19.88,0.0000,0.0000,0.00000,0.00000
4.38,19.88,0.0000,0.0000,0.00000,0.00000
4.62,19.88,0.0000,0.0000,0.00000,0.00000
4.88,19.88,0.0000,0.0000,0.00000,0.00000
5.12,19.88,0.0000,0.0000,0.00000,0.00000
5.38,19.88,0.0000,0.0000,0.00000,0.00000
5.62,19.88,0.0000,0.0000,0.00000,0.00000
5.88,19.88,0.0000,0.0000,0.00000,0.00000
6.12,19.88,0.0000,0.0000,0.00000,0.00000
6.38,19.88,0.0000,0.0000,0.00000,0.00000
6.62,19.88,0.0000,0.0000,0.00000,0.00000
6.88,19.88,0.0000,0.0000,0.00000,0.00000
7.12,19.88,0.0000,0.0000,0.00000,0.00000
7.38,19.88,0.0002,0.0000,0.00000,0.00000
7.62,19.88,0.0014,0.0000,0.00000,0.00001
7.88,19.88,0.0084,0.0000,0.00000,0.00003
8.12,19.88,0.0368,0.0000,0.00000,0.00014
8.38,19.88,0.1194,0.0000,0.00000,0.00042
8.62,19.88,0.2855,0.0000,0.00000,0.00096
8.88,19.88,0.5257,0.0000,0.00000,0.00161
9.12,19.88,0.7637,0.0000,0.00000,0.00217
9.38,19.88,0.8688,0.0000,0.00000,0.00234
9.62,19.88,0.7869,0.0000,0.00000,0.00203
9.88,19.88,0.5825,0.0000,0.00000,0.00147
10.12,19.88,0.3808,0.0000,0.00000,0.00096
10.38,19.88,0.3075,0.0000,0.00000,0.00082
10.62,19.88,0.4187,0.0000,0.00000,0.00120
10.88,19.88,0.6952,0.0000,0.00000,0.00196
11.12,19.88,1.0374,0.0000,0.00000,0.00281
11.38,19.88,1.2812,0.0000,0.00000,0.00340
11.62,19.88,1.2803,0.0000,0.00000,0.00338
11.88,19.88,1.0451,0.0000,0.00000,0.00272
12.12,19.88,0.6900,0.0000,0.00000,0.00173
12.38,19.88,0.3686,0.0000,0.00000,0.00090
12.62,19.88,0.1647,0.0000,0.00000,0.00040
12.88,19.88,0.0622,0.0000,0.00000,0.00015
13.12,19.88,0.0205,0.0000,0.00000,0.00005
3.88,20.12,0.0000,0.0000,0.00000,0.00000
4.12,20.12,0.0000,0.0000,0.00000,0.00000
4.38,20.12,0.0000,0.0000,0.00000,0.00000
4.62,20.12,0.0000,0.0000,0.00000,0.00000
4.88,20.12,0.0000,0.0000,0.00000,0.00000
5.12,20.12,0.0000,0.0000,0.00000,0.00000
5.38,20.12,0.0000,0.0000,0.00000,0.00000
5.62,20.12,0.0000,0.0000,0.00000,0.00000
5.88,20.12,0.0000,0.0000,0.00000,0.00000
6.12,20.12,0.0000,0.0000,0.00000,0.00000
6.38,20.12,0.0000,0.0000,0.00000,0.00000
6.62,20.12,0.0000,0.0000,0.00000,0.00000
6.88,20.12,0.0000,0.0000,0.00000,0.00000
7.12,20.12,0.0000,0.0000,0.00000,0.00000
7.38,20.12,0.0000,0.0000,0.00000,0.00000
7.62,20.12,0.0001,0.0000,0.00000,0.00000
7.88,20.12,0.0007,0.0000,0.00000,0.00000
8.12,20.12,0.0045,0.0000,0.00000,0.00002
8.38,20.12,0.0209,0.0000,0.00000,0.00008
8.62,20.12,0.0719,0.0000,0.00000,0.00025
8.88,20.12,0.1918,0.0000,0.00000,0.00060
9.12,20.12,0.4001,0.0000,0.00000,0.00117
9.38,20.12,0.6513,0.0000,0.00000,0.00180
9.62,20.12,0.8413,0.0000,0.00000,0.00221
9.88,20.12,0.8599,0.0000,0.00000,0.00218
10.12,20.12,0.6967,0.0000,0.00000,0.00170
10.38,20.12,0.4808,0.0000,0.00000,0.00113
10.62,20.12,0.3253,0.0000,0.00000,0.00080
10.88,20.12,0.3107,0.0000,0.00000,0.00083
11.12,20.12,0.4757,0.0000,0.00000,0.00126
11.38,20.12,0.7808,0.0000,0.00000,0.00203
11.62,20.12,1.1069,0.0000,0.00000,0.00285
11.88,20.12,1.3092,0.0000,0.00000,0.00331
12.12,20.12,1.2444,0.0000,0.00000,0.00310
12.38,20.12,0.9431,0.0000,0.00000,0.00236
12.62,20.12,0.5694,0.0000,0.00000,0.00144
12.88,20.12,0.2795,0.0000,0.00000,0.00072
13.12,20.12,0.1171,0.0000,0.00000,0.00030
13.38,20.12,0.0420,0.0000,0.00000,0.00011
13.62,20.12,0.0131,0.0000,0.00000,0.00003
4.12,20.38,0.0000,0.0000,0.00000,0.00000
4.38,20.38,0.0000,0.0000,0.00000,0.00000
4.62,20.38,0.0000,0.0000,0.00000,0.00000
4.88,20.38,0.0000,0.0000,0.00000,0.00000
5.12,20.38,0.0000,0.0000,0.00000,0.00000
5.38,20.38,0.0000,0.0000,0.00000,0.00000
5.62,20.38,0.0000,0.0000,0.00000,0.00000
5.88,20.38,0.0000,0.0000,0.00000,0.00000
6.12,20.38,0.0000,0.0000,0.00000,0.00000
6.38,20.38,0.0000,0.0000,0.00000,0.00000
6.62,20.38,0.0000,0.0000,0.00000,0.00000
6.88,20.38,0.0000,0.0000,0.00000,0.00000
7.12,20.38,0.0000,0.0000,0.00000,0.00000
7.38,20.38,0.0000,0.0000,0.00000,0.00000
7.62,20.38,0.0000,0.0000,0.00000,0.00000
7.88,20.38,0.0000,0.0000,0.00000,0.00000
8.12,20.38,0.0003,0.0000,0.00000,0.00000
8.38,20.38,0.0021,0.0000,0.00000,0.00001
8.62,20.38,0.0103,0.0000,0.00000,0.00004
8.88,20.38,0.0399,0.0000,0.00000,0.00013
9.12,20.38,0.1203,0.0000,0.00000,0.00036
9.38,20.38,0.2803,0.0000,0.00000,0.00079
9.62,20.38,0.5129,0.0000,0.00000,0.00135
9.88,20.38,0.7391,0.0000,0.00000,0.00187
10.12,20.38,0.8510,0.0000,0.00000,0.00208
10.38,20.38,0.8020,0.0000,0.00000,0.00192
10.62,20.38,0.6086,0.0000,0.00000,0.00146
10.88,20.38,0.3993,0.0000,0.00000,0.00098
11.12,20.38,0.2834,0.0000,0.00000,0.00069
11.38,20.38,0.3281,0.0000,0.00000,0.00082
11.62,20.38,0.5562,0.0000,0.00000,0.00141
11.88,20.38,0.9138,0.0000,0.00000,0.00231
12.12,20.38,1.2387,0.0000,0.00000,0.00315
12.38,20.38,1.3430,0.0000,0.00000,0.00347
12.62,20.38,1.1571,0.0000,0.00000,0.00304
12.88,20.38,0.8107,0.0000,0.00000,0.00214
13.12,20.38,0.4601,0.0000,0.00000,0.00120
13.38,20.38,0.2097,0.0000,0.00000,0.00054
13.62,20.38,0.0816,0.0000,0.00000,0.00021
13.88,20.38,0.0296,0.0000,0.00000,0.00008
4.62,20.62,0.0000,0.0000,0.00000,0.00000
4.88,20.62,0.0000,0.0000,0.00000,0.00000
5.12,20.62,0.0000,0.0000,0.00000,0.00000
5.38,20.62,0.0000,0.0000,0.00000,0.00000
5.62,20.62,0.0000,0.0000,0.00000,0.00000
5.88,20.62,0.0000,0.0000,0.00000,0.00000
6.12,20.62,0.0000,0.0000,0.00000,0.00000
6.38,20.62,0.0000,0.0000,0.00000,0.00000
6.62,20.62,0.0000,0.0000,0.00000,0.00000
6.88,20.62,0.0000,0.0000,0.00000,0.00000
7.12,20.62,0.0000,0.0000,0.00000,0.00000
7.38,20.62,0.0000,0.0000,0.00000,0.00000
7.62,20.62,0.0000,0.0000,0.00000,0.00000
7.88,20.62,0.0000,0.0000,0.00000,0.00000
8.12,20.62,0.0000,0.0000,0.00000,0.00000
8.38,20.62,0.0001,0.0000,0.00000,0.00000
8.62,20.62,0.0008,0.0000,0.00000,0.00000
8.88,20.62,0.0047,0.0000,0.00000,0.00002
9.12,20.62,0.0207,0.0000,0.00000,0.00006
9.38,20.62,0.0680,0.0000,0.00000,0.00019
9.62,20.62,0.1774,0.0000,0.00000,0.00046
9.88,20.62,0.3665,0.0000,0.00000,0.00093
10.12,20.62,0.6093,0.0000,0.00000,0.00152
10.38,20.62,0.8104,0.0000,0.00000,0.00200
10.62,20.62,0.8535,0.0000,0.00000,0.00208
10.88,20.62,0.7360,0.0000,0.00000,0.00178
11.12,20.62,0.5112,0.0000,0.00000,0.00121
11.38,20.62,0.3205,0.0000,0.00000,0.00075
11.62,20.62,0.2712,0.0000,0.00000,0.00066
11.88,20.62,0.3977,0.0000,0.00000,0.00101
12.12,20.62,0.6859,0.0000,0.00000,0.00179
12.38,20.62,1.0407,0.0000,0.00000,0.00277
12.62,20.62,1.3008,0.0000,0.00000,0.00349
12.88,20.62,1.3143,0.0000,0.00000,0.00351
13.12,20.62,1.0555,0.0000,0.00000,0.00279
13.38,20.62,0.6748,0.0000,0.00000,0.00177
13.62,20.62,0.3528,0.0000,0.00000,0.00091
13.88,20.62,0.1542,0.0000,0.00000,0.00039
14.12,20.62,0.0562,0.0000,0.00000,0.00014
14.38,20.62,0.0178,0.0000,0.00000,0.00004
5.12,20.88,0.0000,0.0000,0.00000,0.00000
5.38,20.88,0.0000,0.0000,0.00000,0.00000
5.62,20.88,0.0000,0.0000,0.00000,0.00000
5.88,20.88,0.0000,0.0000,0.00000,0.00000
6.12,20.88,0.0000,0.0000,0.00000,0.00000
6.38,20.88,0.0000,0.0000,0.00000,0.00000
6.62,20.88,0.0000,0.0000,0.00000,0.00000
6.88,20.88,0.0000,0.0000,0.00000,0.00000
7.12,20.88,0.0000,0.0000,0.00000,0.00000
7.38,20.88,0.0000,0.0000,0.00000,0.00000
7.62,20.88,0.0000,0.0000,0.00000,0.00000
7.88,20.88,0.0000,0.0000,0.00000,0.00000
8.12,20.88,0.0000,0.0000,0.00000,0.00000
8.38,20.88,0.0000,0.0000,0.00000,0.00000
8.62,20.88,0.0000,0.0000,0.00000,0.00000
8.88,20.88,0.0003,0.0000,0.00000,0.00000
9.12,20.88,0.0020,0.0000,0.00000,0.00001
9.38,20.88,0.0094,0.0000,0.00000,0.00002
9.62,20.88,0.0354,0.0000,0.00000,0.00009
9.88,20.88,0.1057,0.0000,0.00000,0.00027
10.12,20.88,0.2527,0.0000,0.00000,0.00063
10.38,20.88,0.4752,0.0000,0.00000,0.00116
10.62,20.88,0.7140,0.0000,0.00000,0.00172
10.88,20.88,0.8618,0.0000,0.00000,0.00207
11.12,20.88,0.8159,0.0000,0.00000,0.00194
11.38,20.88,0.6364,0.0000,0.00000,0.00151
11.62,20.88,0.4253,0.0000,0.00000,0.00101
11.88,20.88,0.2814,0.0000,0.00000,0.00068
12.12,20.88,0.2880,0.0000,0.00000,0.00073
12.38,20.88,0.4725,0.0000,0.00000,0.00125
12.62,20.88,0.8017,0.0000,0.00000,0.00215
12.88,20.88,1.1522,0.0000,0.00000,0.00309
13.12,20.88,1.3400,0.0000,0.00000,0.00356
13.38,20.88,1.2361,0.0000,0.00000,0.00323
13.62,20.88,0.9137,0.0000,0.00000,0.00233
13.88,20.88,0.5370,0.0000,0.00000,0.00134
14.12,20.88,0.2547,0.0000,0.00000,0.00063
14.38,20.88,0.1011,0.0000,0.00000,0.00025
14.62,20.88,0.0334,0.0000,0.00000,0.00008
14.88,20.88,0.0096,0.0000,0.00000,0.00002
5.62,21.12,0.0000,0.0000,0.00000,0.00000
5.88,21.12,0.0000,0.0000,0.00000,0.00000
6.12,21.12,0.0000,0.0000,0.00000,0.00000
6.38,21.12,0.0000,0.0000,0.00000,0.00000
6.62,21.12,0.0000,0.0000,0.00000,0.00000
6.88,21.12,0.0000,0.0000,0.00000,0.00000
7.12,21.12,0.0000,0.0000,0.00000,0.00000
7.38,21.12,0.0000,0.0000,0.00000,0.00000
7.62,21.12,0.0000,0.0000,0.00000,0.00000
7.88,21.12,0.0000,0.0000,0.00000,0.00000
8.12,21.12,0.0000,0.0000,0.00000,0.00000
8.38,21.12,0.0000,0.0000,0.00000,0.00000
8.62,21.12,0.0000,0.0000,0.00000,0.00000
8.88,21.12,0.0000,0.0000,0.00000,0.00000
9.12,21.12,0.0001,0.0000,0.00000,0.00000
9.38,21.12,0.0007,0.0000,0.00000,0.00000
9.62,21.12,0.0041,0.0000,0.00000,0.00001
9.88,21.12,0.0176,0.0000,0.00000,0.00004
10.12,21.12,0.0597,0.0000,0.00000,0.00014
10.38,21.12,0.1597,0.0000,0.00000,0.00037
10.62,21.12,0.3409,0.0000,0.00000,0.00080
10.88,21.12,0.5747,0.0000,0.00000,0.00137
11.12,21.12,0.7776,0.0000,0.00000,0.00186
11.38,21.12,0.8617,0.0000,0.00000,0.00207
11.62,21.12,0.7588,0.0000,0.00000,0.00182
11.88,21.12,0.5423,0.0000,0.00000,0.00129
12.12,21.12,0.3476,0.0000,0.00000,0.00084
12.38,21.12,0.2577,0.0000,0.00000,0.00063
12.62,21.12,0.3277,0.0000,0.00000,0.00084
12.88,21.12,0.5773,0.0000,0.00000,0.00153
13.12,21.12,0.9415,0.0000,0.00000,0.00249
13.38,21.12,1.2513,0.0000,0.00000,0.00322
13.62,21.12,1.3346,0.0000,0.00000,0.00335
13.88,21.12,1.1248,0.0000,0.00000,0.00280
14.12,21.12,0.7582,0.0000,0.00000,0.00188
14.38,21.12,0.4089,0.0000,0.00000,0.00101
14.62,21.12,0.1778,0.0000,0.00000,0.00044
14.88,21.12,0.0655,0.0000,0.00000,0.00016
15.12,21.12,0.0206,0.0000,0.00000,0.00005
15.38,21.12,0.0056,0.0000,0.00000,0.00001
5.88,21.38,0.0000,0.0000,0.00000,0.00000
6.12,21.38,0.0000,0.0000,0.00000,0.00000
6.38,21.38,0.0000,0.0000,0.00000,0.00000
6.62,21.38,0.0000,0.0000,0.00000,0.00000
6.88,21.38,0.0000,0.0000,0.00000,0.00000
7.12,21.38,0.0000,0.0000,0.00000,0.00000
7.38,21.38,0.0000,0.0000,0.00000,0.00000
7.62,21.38,0.0000,0.0000,0.00000,0.00000
7.88,21.38,0.0000,0.0000,0.00000,0.00000
8.12,21.38,0.0000,0.0000,0.00000,0.00000
8.38,21.38,0.0000,0.0000,0.00000,0.00000
8.62,21.38,0.0000,0.0000,0.00000,0.00000
8.88,21.38,0.0000,0.0000,0.00000,0.00000
9.12,21.38,0.0000,0.0000,0.00000,0.00000
9.38,21.38,0.0000,0.0000,0.00000,0.00000
9.62,21.38,0.0003,0.0000,0.00000,0.00000
9.88,21.38,0.0017,0.0000,0.00000,0.00000
10.12,21.38,0.0079,0.0000,0.00000,0.00002
10.38,21.38,0.0301,0.0000,0.00000,0.00006
10.62,21.38,0.0906,0.0000,0.00000,0.00020
10.88,21.38,0.2192,0.0000,0.00000,0.00052
11.12,21.38,0.4330,0.0000,0.00000,0.00104
11.38,21.38,0.6778,0.0000,0.00000,0.00163
11.62,21.38,0.8289,0.0000,0.00000,0.00199
11.88,21.38,0.8208,0.0000,0.00000,0.00198
12.12,21.38,0.6668,0.0000,0.00000,0.00161
12.38,21.38,0.4514,0.0000,0.00000,0.00106
12.62,21.38,0.2922,0.0000,0.00000,0.00068
12.88,21.38,0.2635,0.0000,0.00000,0.00066
13.12,21.38,0.4060,0.0000,0.00000,0.00105
13.38,21.38,0.7103,0.0000,0.00000,0.00179
13.62,21.38,1.0769,0.0000,0.00000,0.00268
13.88,21.38,1.3156,0.0000,0.00000,0.00329
14.12,21.38,1.2790,0.0000,0.00000,0.00319
14.38,21.38,0.9948,0.0000,0.00000,0.00247
14.62,21.38,0.6194,0.0000,0.00000,0.00155
14.88,21.38,0.3080,0.0000,0.00000,0.00078
15.12,21.38,0.1218,0.0000,0.00000,0.00031
15.38,21.38,0.0400,0.0000,0.00000,0.00010
15.62,21.38,0.0122,0.0000,0.00000,0.00003
6.38,21.62,0.0000,0.0000,0.00000,0.00000
6.62,21.62,0.0000,0.0000,0.00000,0.00000
6.88,21.62,0.0000,0.0000,0.00000,0.00000
7.12,21.62,0.0000,0.0000,0.00000,0.00000
7.38,21.62,0.0000,0.0000,0.00000,0.00000
7.62,21.62,0.0000,0.0000,0.00000,0.00000
7.88,21.62,0.0000,0.0000,0.00000,0.00000
8.12,21.62,0.0000,0.0000,0.00000,0.00000
8.38,21.62,0.0000,0.0000,0.00000,0.00000
8.62,21.62,0.0000,0.0000,0.00000,0.00000
8.88,21.62,0.0000,0.0000,0.00000,0.00000
9.12,21.62,0.0000,0.0000,0.00000,0.00000
9.38,21.62,0.0000,0.0000,0.00000,0.00000
9.62,21.62,0.0000,0.0000,0.00000,0.00000
9.88,21.62,0.0001,0.0000,0.00000,0.00000
10.12,21.62,0.0006,0.0000,0.00000,0.00000
10.38,21.62,0.0032,0.0000,0.00000,0.00001
10.62,21.62,0.0138,0.0000,0.00000,0.00003
10.88,21.62,0.0490,0.0000,0.00000,0.00011
11.12,21.62,0.1396,0.0000,0.00000,0.00033
11.38,21.62,0.3073,0.0000,0.00000,0.00073
11.62,21.62,0.5326,0.0000,0.00000,0.00126
11.88,21.62,0.7449,0.0000,0.00000,0.00179
12.12,21.62,0.8352,0.0000,0.00000,0.00201
12.38,21.62,0.7638,0.0000,0.00000,0.00178
12.62,21.62,0.5849,0.0000,0.00000,0.00137
12.88,21.62,0.3853,0.0000,0.00000,0.00093
13.12,21.62,0.2666,0.0000,0.00000,0.00066
13.38,21.62,0.2952,0.0000,0.00000,0.00073
13.62,21.62,0.4994,0.0000,0.00000,0.00124
13.88,21.62,0.8352,0.0000,0.00000,0.00210
14.12,21.62,1.1746,0.0000,0.00000,0.00295
14.38,21.62,1.3457,0.0000,0.00000,0.00336
14.62,21.62,1.2154,0.0000,0.00000,0.00306
14.88,21.62,0.8573,0.0000,0.00000,0.00221
15.12,21.62,0.4706,0.0000,0.00000,0.00121
15.38,21.62,0.2077,0.0000,0.00000,0.00053
15.62,21.62,0.0774,0.0000,0.00000,0.00021
15.88,21.62,0.0240,0.0000,0.00000,0.00007
16.12,21.62,0.0067,0.0000,0.00000,0.00002
6.88,21.88,0.0000,0.0000,0.00000,0.00000
7.12,21.88,0.0000,0.0000,0.00000,0.00000
7.38,21.88,0.0000,0.0000,0.00000,0.00000
7.62,21.88,0.0000,0.0000,0.00000,0.00000
7.88,21.88,0.0000,0.0000,0.00000,0.00000
8.12,21.88,0.0000,0.0000,0.00000,0.00000
8.38,21.88,0.0000,0.0000,0.00000,0.00000
8.62,21.88,0.0000,0.0000,0.00000,0.00000
8.88,21.88,0.0000,0.0000,0.00000,0.00000
9.12,21.88,0.0000,0.0000,0.00000,0.00000
9.38,21.88,0.0000,0.0000,0.00000,0.00000
9.62,21.88,0.0000,0.0000,0.00000,0.00000
9.88,21.88,0.0000,0.0000,0.00000,0.00000
10.12,21.88,0.0000,0.0000,0.00000,0.00000
10.38,21.88,0.0002,0.0000,0.00000,0.00000
10.62,21.88,0.0012,0.0000,0.00000,0.00000
10.88,21.88,0.0063,0.0000,0.00000,0.00001
11.12,21.88,0.0255,0.0000,0.00000,0.00006
11.38,21.88,0.0802,0.0000,0.00000,0.00018
11.62,21.88,0.1997,0.0000,0.00000,0.00046
11.88,21.88,0.3949,0.0000,0.00000,0.00095
12.12,21.88,0.6235,0.0000,0.00000,0.00149
12.38,21.88,0.8014,0.0000,0.00000,0.00189
12.62,21.88,0.8369,0.0000,0.00000,0.00203
12.88,21.88,0.7086,0.0000,0.00000,0.00176
13.12,21.88,0.5041,0.0000,0.00000,0.00128
13.38,21.88,0.3206,0.0000,0.00000,0.00083
13.62,21.88,0.2463,0.0000,0.00000,0.00063
13.88,21.88,0.3364,0.0000,0.00000,0.00085
14.12,21.88,0.6064,0.0000,0.00000,0.00151
14.38,21.88,0.9928,0.0000,0.00000,0.00246
14.62,21.88,1.3013,0.0000,0.00000,0.00330
14.88,21.88,1.3260,0.0000,0.00000,0.00346
15.12,21.88,1.0580,0.0000,0.00000,0.00280
15.38,21.88,0.6740,0.0000,0.00000,0.00183
15.62,21.88,0.3404,0.0000,0.00000,0.00098
15.88,21.88,0.1357,0.0000,0.00000,0.00042
16.12,21.88,0.0468,0.0000,0.00000,0.00016
16.38,21.88,0.0163,0.0000,0.00000,0.00006
7.38,22.12,0.0000,0.0000,0.00000,0.00000
7.62,22.12,0.0000,0.0000,0.00000,0.00000
7.88,22.12,0.0000,0.0000,0.00000,0.00000
8.12,22.12,0.0000,0.0000,0.00000,0.00000
8.38,22.12,0.0000,0.0000,0.00000,0.00000
8.62,22.12,0.0000,0.0000,0.00000,0.00000
8.88,22.12,0.0000,0.0000,0.00000,0.00000
9.12,22.12,0.0000,0.0000,0.00000,0.00000
9.38,22.12,0.0000,0.0000,0.00000,0.00000
9.62,22.12,0.0000,0.0000,0.00000,0.00000
9.88,22.12,0.0000,0.0000,0.00000,0.00000
10.12,22.12,0.0000,0.0000,0.00000,0.00000
10.38,22.12,0.0000,0.0000,0.00000,0.00000
10.62,22.12,0.0001,0.0000,0.00000,0.00000
10.88,22.12,0.0004,0.0000,0.00000,0.00000
11.12,22.12,0.0026,0.0000,0.00000,0.00001
11.38,22.12,0.0120,0.0000,0.00000,0.00003
11.62,22.12,0.0427,0.0000,0.00000,0.00010
11.88,22.12,0.1201,0.0000,0.00000,0.00029
12.12,22.12,0.2711,0.0000,0.00000,0.00065
12.38,22.12,0.4915,0.0000,0.00000,0.00118
12.62,22.12,0.7117,0.0000,0.00000,0.00176
12.88,22.12,0.8321,0.0000,0.00000,0.00212
13.12,22.12,0.7972,0.0000,0.00000,0.00208
13.38,22.12,0.6209,0.0000,0.00000,0.00164
13.62,22.12,0.4148,0.0000,0.00000,0.00110
13.88,22.12,0.2727,0.0000,0.00000,0.00071
14.12,22.12,0.2621,0.0000,0.00000,0.00065
14.38,22.12,0.4367,0.0000,0.00000,0.00108
14.62,22.12,0.7715,0.0000,0.00000,0.00197
14.88,22.12,1.1306,0.0000,0.00000,0.00298
15.12,22.12,1.3352,0.0000,0.00000,0.00363
15.38,22.12,1.2506,0.0000,0.00000,0.00356
15.62,22.12,0.9121,0.0000,0.00000,0.00278
15.88,22.12,0.5162,0.0000,0.00000,0.00173
16.12,22.12,0.2458,0.0000,0.00000,0.00092
16.38,22.12,0.1093,0.0000,0.00000,0.00045
7.62,22.38,0.0000,0.0000,0.00000,0.00000
7.88,22.38,0.0000,0.0000,0.00000,0.00000
8.12,22.38,0.0000,0.0000,0.00000,0.00000
8.38,22.38,0.0000,0.0000,0.00000,0.00000
8.62,22.38,0.0000,0.0000,0.00000,0.00000
8.88,22.38,0.0000,0.0000,0.00000,0.00000
9.12,22.38,0.0000,0.0000,0.00000,0.00000
9.38,22.38,0.0000,0.0000,0.00000,0.00000
9.62,22.38,0.0000,0.0000,0.00000,0.00000
9.88,22.38,0.0000,0.0000,0.00000,0.00000
10.12,22.38,0.0000,0.0000,0.00000,0.00000
10.38,22.38,0.0000,0.0000,0.00000,0.00000
10.62,22.38,0.0000,0.0000,0.00000,0.00000
10.88,22.38,0.0000,0.0000,0.00000,0.00000
11.12,22.38,0.0002,0.0000,0.00000,0.00000
11.38,22.38,0.0010,0.0000,0.00000,0.00000
11.62,22.38,0.0051,0.0000,0.00000,0.00001
11.88,22.38,0.0205,0.0000,0.00000,0.00005
12.12,22.38,0.0668,0.0000,0.00000,0.00016
12.38,22.38,0.1734,0.0000,0.00000,0.00042
12.62,22.38,0.3558,0.0000,0.00000,0.00090
12.88,22.38,0.5866,0.0000,0.00000,0.00151
13.12,22.38,0.7763,0.0000,0.00000,0.00202
13.38,22.38,0.8255,0.0000,0.00000,0.00217
13.62,22.38,0.7304,0.0000,0.00000,0.00190
13.88,22.38,0.5362,0.0000,0.00000,0.00139
14.12,22.38,0.3511,0.0000,0.00000,0.00092
14.38,22.38,0.2641,0.0000,0.00000,0.00070
14.62,22.38,0.3224,0.0000,0.00000,0.00084
14.88,22.38,0.5590,0.0000,0.00000,0.00149
15.12,22.38,0.9363,0.0000,0.00000,0.00263
15.38,22.38,1.2820,0.0000,0.00000,0.00383
15.62,22.38,1.3610,0.0000,0.00000,0.00447
15.88,22.38,1.1302,0.0000,0.00000,0.00420
16.12,22.38,0.7946,0.0000,0.00000,0.00330
8.12,22.62,0.0000,0.0000,0.00000,0.00000
8.38,22.62,0.0000,0.0000,0.00000,0.00000
8.62,22.62,0.0000,0.0000,0.00000,0.00000
8.88,22.62,0.0000,0.0000,0.00000,0.00000
9.12,22.62,0.0000,0.0000,0.00000,0.00000
9.38,22.62,0.0000,0.0000,0.00000,0.00000
9.62,22.62,0.0000,0.0000,0.00000,0.00000
9.88,22.62,0.0000,0.0000,0.00000,0.00000
10.12,22.62,0.0000,0.0000,0.00000,0.00000
10.38,22.62,0.0000,0.0000,0.00000,0.00000
10.62,22.62,0.0000,0.0000,0.00000,0.00000
10.88,22.62,0.0000,0.0000,0.00000,0.00000
11.12,22.62,0.0000,0.0000,0.00000,0.00000
11.38,22.62,0.0000,0.0000,0.00000,0.00000
11.62,22.62,0.0003,0.0000,0.00000,0.00000
11.88,22.62,0.0019,0.0000,0.00000,0.00000
12.12,22.62,0.0093,0.0000,0.00000,0.00002
12.38,22.62,0.0352,0.0000,0.00000,0.00009
12.62,22.62,0.1039,0.0000,0.00000,0.00027
12.88,22.62,0.2434,0.0000,0.00000,0.00063
13.12,22.62,0.4496,0.0000,0.00000,0.00117
13.38,22.62,0.6676,0.0000,0.00000,0.00172
13.62,22.62,0.8052,0.0000,0.00000,0.00204
13.88,22.62,0.7866,0.0000,0.00000,0.00200
14.12,22.62,0.6531,0.0000,0.00000,0.00174
14.38,22.62,0.4696,0.0000,0.00000,0.00132
14.62,22.62,0.3135,0.0000,0.00000,0.00088
14.88,22.62,0.2743,0.0000,0.00000,0.00077
15.12,22.62,0.4118,0.0000,0.00000,0.00122
15.38,22.62,0.7255,0.0000,0.00000,0.00232
15.62,22.62,1.0941,0.0000,0.00000,0.00396
15.88,22.62,1.3305,0.0000,0.00000,0.00542
16.12,22.62,1.3348,0.0000,0.00000,0.00588
8.62,22.88,0.0000,0.0000,0.00000,0.00000
8.88,22.88,0.0000,0.0000,0.00000,0.00000
9.12,22.88,0.0000,0.0000,0.00000,0.00000
9.38,22.88,0.0000,0.0000,0.00000,0.00000
9.62,22.88,0.0000,0.0000,0.00000,0.00000
9.88,22.88,0.0000,0.0000,0.00000,0.00000
10.12,22.88,0.0000,0.0000,0.00000,0.00000
10.38,22.88,0.0000,0.0000,0.00000,0.00000
10.62,22.88,0.0000,0.0000,0.00000,0.00000
10.88,22.88,0.0000,0.0000,0.00000,0.00000
11.12,22.88,0.0000,0.0000,0.00000,0.00000
11.38,22.88,0.0000,0.0000,0.00000,0.00000
11.62,22.88,0.0000,0.0000,0.00000,0.00000
11.88,22.88,0.0001,0.0000,0.00000,0.00000
12.12,22.88,0.0007,0.0000,0.00000,0.00000
12.38,22.88,0.0041,0.0000,0.00000,0.00001
12.62,22.88,0.0175,0.0000,0.00000,0.00005
12.88,22.88,0.0581,0.0000,0.00000,0.00015
13.12,22.88,0.1531,0.0000,0.00000,0.00040
13.38,22.88,0.3231,0.0000,0.00000,0.00081
13.62,22.88,0.5378,0.0000,0.00000,0.00132
13.88,22.88,0.7222,0.0000,0.00000,0.00180
14.12,22.88,0.8054,0.0000,0.00000,0.00214
14.38,22.88,0.7338,0.0000,0.00000,0.00208
14.62,22.88,0.5644,0.0000,0.00000,0.00167
14.88,22.88,0.3985,0.0000,0.00000,0.00124
15.12,22.88,0.2954,0.0000,0.00000,0.00099
15.38,22.88,0.3174,0.0000,0.00000,0.00113
15.62,22.88,0.5009,0.0000,0.00000,0.00197
15.88,22.88,0.7923,0.0000,0.00000,0.00339
9.12,23.12,0.0000,0.0000,0.00000,0.00000
9.38,23.12,0.0000,0.0000,0.00000,0.00000
9.62,23.12,0.0000,0.0000,0.00000,0.00000
9.88,23.12,0.0000,0.0000,0.00000,0.00000
10.12,23.12,0.0000,0.0000,0.00000,0.00000
10.38,23.12,0.0000,0.0000,0.00000,0.00000
10.62,23.12,0.0000,0.0000,0.00000,0.00000
10.88,23.12,0.0000,0.0000,0.00000,0.00000
11.12,23.12,0.0000,0.0000,0.00000,0.00000
11.38,23.12,0.0000,0.0000,0.00000,0.00000
11.62,23.12,0.0000,0.0000,0.00000,0.00000
11.88,23.12,0.0000,0.0000,0.00000,0.00000
12.12,23.12,0.0000,0.0000,0.00000,0.00000
12.38,23.12,0.0003,0.0000,0.00000,0.00000
12.62,23.12,0.0017,0.0000,0.00000,0.00000
12.88,23.12,0.0079,0.0000,0.00000,0.00002
13.12,23.12,0.0305,0.0000,0.00000,0.00008
13.38,23.12,0.0922,0.0000,0.00000,0.00023
13.62,23.12,0.2164,0.0000,0.00000,0.00052
13.88,23.12,0.4102,0.0000,0.00000,0.00102
14.12,23.12,0.6207,0.0000,0.00000,0.00164
14.38,23.12,0.7441,0.0000,0.00000,0.00212
14.62,23.12,0.7502,0.0000,0.00000,0.00228
14.88,23.12,0.6567,0.0000,0.00000,0.00214
15.12,23.12,0.5043,0.0000,0.00000,0.00177
15.38,23.12,0.3612,0.0000,0.00000,0.00135
15.62,23.12,0.2789,0.0000,0.00000,0.00115
15.88,23.12,0.2956,0.0000,0.00000,0.00131
9.38,23.38,0.0000,0.0000,0.00000,0.00000
9.62,23.38,0.0000,0.0000,0.00000,0.00000
9.88,23.38,0.0000,0.0000,0.00000,0.00000
10.12,23.38,0.0000,0.0000,0.00000,0.00000
10.38,23.38,0.0000,0.0000,0.00000,0.00000
10.62,23.38,0.0000,0.0000,0.00000,0.00000
10.88,23.38,0.0000,0.0000,0.00000,0.00000
11.12,23.38,0.0000,0.0000,0.00000,0.00000
11.38,23.38,0.0000,0.0000,0.00000,0.00000
11.62,23.38,0.0000,0.0000,0.00000,0.00000
11.88,23.38,0.0000,0.0000,0.00000,0.00000
12.12,23.38,0.0000,0.0000,0.00000,0.00000
12.38,23.38,0.0000,0.0000,0.00000,0.00000
12.62,23.38,0.0001,0.0000,0.00000,0.00000
12.88,23.38,0.0006,0.0000,0.00000,0.00000
13.12,23.38,0.0035,0.0000,0.00000,0.00001
13.38,23.38,0.0152,0.0000,0.00000,0.00004
13.62,23.38,0.0516,0.0000,0.00000,0.00012
13.88,23.38,0.1400,0.0000,0.00000,0.00035
14.12,23.38,0.2921,0.0000,0.00000,0.00078
14.38,23.38,0.4840,0.0000,0.00000,0.00138
14.62,23.38,0.6628,0.0000,0.00000,0.00203
14.88,23.38,0.7459,0.0000,0.00000,0.00246
15.12,23.38,0.7149,0.0000,0.00000,0.00253
15.38,23.38,0.6002,0.0000,0.00000,0.00230
15.62,23.38,0.4297,0.0000,0.00000,0.00184
9.88,23.62,0.0000,0.0000,0.00000,0.00000
10.12,23.62,0.0000,0.0000,0.00000,0.00000
10.38,23.62,0.0000,0.0000,0.00000,0.00000
10.62,23.62,0.0000,0.0000,0.00000,0.00000
10.88,23.62,0.0000,0.0000,0.00000,0.00000
11.12,23.62,0.0000,0.0000,0.00000,0.00000
11.38,23.62,0.0000,0.0000,0.00000,0.00000
11.62,23.62,0.0000,0.0000,0.00000,0.00000
11.88,23.62,0.0000,0.0000,0.00000,0.00000
12.12,23.62,0.0000,0.0000,0.00000,0.00000
12.38,23.62,0.0000,0.0000,0.00000,0.00000
12.62,23.62,0.0000,0.0000,0.00000,0.00000
12.88,23.62,0.0000,0.0000,0.00000,0.00000
13.12,23.62,0.0002,0.0000,0.00000,0.00000
13.38,23.62,0.0014,0.0000,0.00000,0.00000
13.62,23.62,0.0070,0.0000,0.00000,0.00002
13.88,23.62,0.0273,0.0000,0.00000,0.00007
14.12,23.62,0.0811,0.0000,0.00000,0.00022
14.38,23.62,0.1949,0.0000,0.00000,0.00056
14.62,23.62,0.3761,0.0000,0.00000,0.00116
14.88,23.62,0.5747,0.0000,0.00000,0.00194
15.12,23.62,0.7166,0.0000,0.00000,0.00263
15.38,23.62,0.7545,0.0000,0.00000,0.00299
10.38,23.88,0.0000,0.0000,0.00000,0.00000
10.62,23.88,0.0000,0.0000,0.00000,0.00000
10.88,23.88,0.0000,0.0000,0.00000,0.00000
11.12,23.88,0.0000,0.0000,0.00000,0.00000
11.38,23.88,0.0000,0.0000,0.00000,0.00000
11.62,23.88,0.0000,0.0000,0.00000,0.00000
11.88,23.88,0.0000,0.0000,0.00000,0.00000
12.12,23.88,0.0000,0.0000,0.00000,0.00000
12.38,23.88,0.0000,0.0000,0.00000,0.00000
12.62,23.88,0.0000,0.0000,0.00000,0.00000
12.88,23.88,0.0000,0.0000,0.00000,0.00000
13.12,23.88,0.0000,0.0000,0.00000,0.00000
13.38,23.88,0.0001,0.0000,0.00000,0.00000
13.62,23.88,0.0005,0.0000,0.00000,0.00000
13.88,23.88,0.0029,0.0000,0.00000,0.00001
14.12,23.88,0.0128,0.0000,0.00000,0.00003
14.38,23.88,0.0459,0.0000,0.00000,0.00013
14.62,23.88,0.1306,0.0000,0.00000,0.00042
14.88,23.88,0.2868,0.0000,0.00000,0.00102
15.12,23.88,0.4999,0.0000,0.00000,0.00193
15.38,23.88,0.7135,0.0000,0.00000,0.00290
10.62,24.12,0.0000,0.0000,0.00000,0.00000
10.88,24.12,0.0000,0.0000,0.00000,0.00000
11.12,24.12,0.0000,0.0000,0.00000,0.00000
11.38,24.12,0.0000,0.0000,0.00000,0.00000
11.62,24.12,0.0000,0.0000,0.00000,0.00000
11.88,24.12,0.0000,0.0000,0.00000,0.00000
12.12,24.12,0.0000,0.0000,0.00000,0.00000
12.38,24.12,0.0000,0.0000,0.00000,0.00000
12.62,24.12,0.0000,0.0000,0.00000,0.00000
12.88,24.12,0.0000,0.0000,0.00000,0.00000
13.12,24.12,0.0000,0.0000,0.00000,0.00000
13.38,24.12,0.0000,0.0000,0.00000,0.00000
13.62,24.12,0.0000,0.0000,0.00000,0.00000
13.88,24.12,0.0002,0.0000,0.00000,0.00000
14.12,24.12,0.0011,0.0000,0.00000,0.00000
14.38,24.12,0.0061,0.0000,0.00000,0.00002
14.62,24.12,0.0264,0.0000,0.00000,0.00009
14.88,24.12,0.0853,0.0000,0.00000,0.00033
15.12,24.12,0.2169,0.0000,0.00000,0.00087
11.12,24.38,0.0000,0.0000,0.00000,0.00000
11.38,24.38,0.0000,0.0000,0.00000,0.00000
11.62,24.38,0.0000,0.0000,0.00000,0.00000
11.88,24.38,0.0000,0.0000,0.00000,0.00000
12.12,24.38,0.0000,0.0000,0.00000,0.00000
12.38,24.38,0.0000,0.0000,0.00000,0.00000
12.62,24.38,0.0000,0.0000,0.00000,0.00000
12.88,24.38,0.0000,0.0000,0.00000,0.00000
13.12,24.38,0.0000,0.0000,0.00000,0.00000
13.38,24.38,0.0000,0.0000,0.00000,0.00000
13.62,24.38,0.0000,0.0000,0.00000,0.00000
13.88,24.38,0.0000,0.0000,0.00000,0.00000
14.12,24.38,0.0001,0.0000,0.00000,0.00000
14.38,24.38,0.0004,0.0000,0.00000,0.00000
14.62,24.38,0.0029,0.0000,0.00000,0.00001
14.88,24.38,0.0139,0.0000,0.00000,0.00006
15.12,24.38,0.0494,0.0000,0.00000,0.00020
11.62,24.62,0.0000,0.0000,0.00000,0.00000
11.88,24.62,0.0000,0.0000,0.00000,0.00000
12.12,24.62,0.0000,0.0000,0.00000,0.00000
12.38,24.62,0.0000,0.0000,0.00000,0.00000
12.62,24.62,0.0000,0.0000,0.00000,0.00000
12.88,24.62,0.0000,0.0000,0.00000,0.00000
13.12,24.62,0.0000,0.0000,0.00000,0.00000
13.38,24.62,0.0000,0.0000,0.00000,0.00000
13.62,24.62,0.0000,0.0000,0.00000,0.00000
13.88,24.62,0.0000,0.0000,0.00000,0.00000
14.12,24.62,0.0000,0.0000,0.00000,0.00000
14.38,24.62,0.0000,0.0000,0.00000,0.00000
14.62,24.62,0.0002,0.0000,0.00000,0.00000
14.88,24.62,0.0011,0.0000,0.00000,0.00000
12.12,24.88,0.0000,0.0000,0.00000,0.00000
12.38,24.88,0.0000,0.0000,0.00000,0.00000
12.62,24.88,0.0000,0.0000,0.00000,0.00000
12.88,24.88,0.0000,0.0000,0.00000,0.00000
13.12,24.88,0.0000,0.0000,0.00000,0.00000
13.38,24.88,0.0000,0.0000,0.00000,0.00000
13.62,24.88,0.0000,0.0000,0.00000,0.00000
13.88,24.88,0.0000,0.0000,0.00000,0.00000
14.12,24.88,0.0000,0.0000,0.00000,0.00000
14.38,24.88,0.0000,0.0000,0.00000,0.00000
14.62,24.88,0.0000,0.0000,0.00000,0.00000
14.88,24.88,0.0000,0.0000,0.00000,0.00000
12.38,25.12,0.0000,0.0000,0.00000,0.00000
12.62,25.12,0.0000,0.0000,0.00000,0.00000
12.88,25.12,0.0000,0.0000,0.00000,0.00000
13.12,25.12,0.0000,0.0000,0.00000,0.00000
13.38,25.12,0.0000,0.0000,0.00000,0.00000
13.62,25.12,0.0000,0.0000,0.00000,0.00000
13.88,25.12,0.0000,0.0000,0.00000,0.00000
14.12,25.12,0.0000,0.0000,0.00000,0.00000
14.38,25.12,0.0000,0.0000,0.00000,0.00000
14.62,25.12,0.0000,0.0000,0.00000,0.00000
12.88,25.38,0.0000,0.0000,0.00000,0.00000
13.12,25.38,0.0000,0.0000,0.00000,0.00000
13.38,25.38,0.0000,0.0000,0.00000,0.00000
13.62,25.38,0.0000,0.0000,0.00000,0.00000
13.88,25.38,0.0000,0.0000,0.00000,0.00000
14.12,25.38,0.0000,0.0000,0.00000,0.00000
14.38,25.38,0.0000,0.0000,0.00000,0.00000
13.38,25.62,0.0000,0.0000,0.00000,0.00000
13.62,25.62,0.0000,0.0000,0.00000,0.00000
13.88,25.62,0.0000,0.0000,0.00000,0.00000
14.12,25.62,0.0000,0.0000,0.00000,0.00000
14.38,25.62,0.0000,0.0000,0.00000,0.00000
13.88,25.88,0.0000,0.0000,0.00000,0.00000
14.12,25.88,0.0000,0.0000,0.00000,0.00000
14.12,26.12,0.0000,0.0000,0.00000,0.00000
