x,y,rho,contact,casualty,pressure
2.62,0.12,0.2248,0.0000,0.00000,0.08429
2.88,0.12,0.4057,0.0000,0.00000,0.14964
3.12,0.12,0.4989,0.0000,0.00000,0.17851
3.38,0.12,0.4610,0.0000,0.00000,0.15944
3.62,0.12,0.4675,0.0000,0.00000,0.16199
3.88,0.12,0.5027,0.0000,0.00000,0.17443
4.12,0.12,0.4799,0.0000,0.00000,0.16357
4.38,0.12,0.4659,0.0000,0.00000,0.15825
4.62,0.12,0.4910,0.0000,0.00000,0.16940
4.88,0.12,0.4931,0.0000,0.00000,0.17235
5.12,0.12,0.4690,0.0000,0.00000,0.16572
5.38,0.12,0.4719,0.0000,0.00000,0.17069
5.62,0.12,0.5022,0.0000,0.00000,0.18491
5.88,0.12,0.5174,0.0000,0.00000,0.19338
6.12,0.12,0.5114,0.0000,0.00000,0.19801
6.38,0.12,0.4996,0.0001,0.00000,0.20249
6.62,0.12,0.4714,0.0011,0.00000,0.19920
6.88,0.12,0.4673,0.0049,0.00000,0.21373
7.12,0.12,0.4276,0.0085,0.00000,0.21023
7.38,0.12,0.2776,0.0069,0.00000,0.14106
2.62,0.38,0.4580,0.0000,0.00000,0.15835
2.88,0.38,0.8797,0.0000,0.00000,0.29496
3.12,0.38,1.1487,0.0000,0.00000,0.36681
3.38,0.38,1.0566,0.0000,0.00000,0.32313
3.62,0.38,1.0114,0.0000,0.00000,0.31511
3.88,0.38,1.1017,0.0000,0.00000,0.34573
4.12,0.38,1.0866,0.0000,0.00000,0.33201
4.38,0.38,1.0375,0.0000,0.00000,0.31608
4.62,0.38,1.0708,0.0000,0.00000,0.33248
4.88,0.38,1.0897,0.0000,0.00000,0.34198
5.12,0.38,1.0476,0.0000,0.00000,0.33357
5.38,0.38,1.0500,0.0000,0.00000,0.34549
5.62,0.38,1.1101,0.0000,0.00000,0.37502
5.88,0.38,1.1277,0.0000,0.00000,0.38847
6.12,0.38,1.1231,0.0000,0.00000,0.40471
6.38,0.38,1.1209,0.0001,0.00000,0.42828
6.62,0.38,1.0719,0.0015,0.00000,0.43594
6.88,0.38,1.0924,0.0066,0.00000,0.49163
7.12,0.38,1.0094,0.0116,0.00000,0.49209
7.38,0.38,0.6520,0.0095,0.00000,0.32943
2.62,0.62,0.5608,0.0000,0.00000,0.17429
2.88,0.62,1.1849,0.0000,0.00000,0.35395
3.12,0.62,1.6889,0.0000,0.00000,0.47551
3.38,0.62,1.5777,0.0000,0.00000,0.42092
3.62,0.62,1.4071,0.0000,0.00000,0.38655
3.88,0.62,1.5394,0.0000,0.00000,0.43362
4.12,0.62,1.5950,0.0000,0.00000,0.43740
4.38,0.62,1.5070,0.0000,0.00000,0.41164
4.62,0.62,1.5080,0.0000,0.00000,0.42132
4.88,0.62,1.5591,0.0000,0.00000,0.44127
5.12,0.62,1.5213,0.0000,0.00000,0.43755
5.38,0.62,1.5076,0.0000,0.00000,0.44741
5.62,0.62,1.5775,0.0000,0.00000,0.48025
5.88,0.62,1.5832,0.0000,0.00000,0.49345
6.12,0.62,1.5869,0.0000,0.00000,0.52655
6.38,0.62,1.6084,0.0001,0.00000,0.57592
6.62,0.62,1.5636,0.0009,0.00000,0.60478
6.88,0.62,1.6628,0.0040,0.00000,0.71779
7.12,0.62,1.5587,0.0070,0.00000,0.73056
7.38,0.62,1.0007,0.0057,0.00000,0.48761
2.62,0.88,0.4051,0.0000,0.00000,0.11095
2.88,0.88,0.9854,0.0000,0.00000,0.26063
3.12,0.88,1.5838,0.0000,0.00000,0.39784
3.38,0.88,1.5554,0.0000,0.00000,0.37130
3.62,0.88,1.2941,0.0000,0.00000,0.31882
3.88,0.88,1.3858,0.0000,0.00000,0.35948
4.12,0.88,1.5352,0.0000,0.00000,0.39144
4.38,0.88,1.4653,0.0000,0.00000,0.37065
4.62,0.88,1.4128,0.0000,0.00000,0.36630
4.88,0.88,1.4808,0.0000,0.00000,0.39214
5.12,0.88,1.4719,0.0000,0.00000,0.39584
5.38,0.88,1.4331,0.0000,0.00000,0.39092
5.62,0.88,1.4788,0.0000,0.00000,0.40652
5.88,0.88,1.4768,0.0000,0.00000,0.41825
6.12,0.88,1.4916,0.0000,0.00000,0.45915
6.38,0.88,1.5119,0.0000,0.00000,0.50605
6.62,0.88,1.4793,0.0002,0.00000,0.53219
6.88,0.88,1.6548,0.0009,0.00000,0.65373
7.12,0.88,1.5837,0.0016,0.00000,0.67349
7.38,0.88,1.0129,0.0013,0.00000,0.44800
2.62,1.12,0.2247,0.0000,0.00000,0.05199
2.88,1.12,0.6474,0.0000,0.00000,0.14732
3.12,1.12,1.1888,0.0000,0.00000,0.26199
3.38,1.12,1.2691,0.0000,0.00000,0.26930
3.62,1.12,1.0203,0.0000,0.00000,0.22094
3.88,1.12,1.0363,0.0000,0.00000,0.23993
4.12,1.12,1.2243,0.0000,0.00000,0.28085
4.38,1.12,1.2079,0.0000,0.00000,0.27209
4.62,1.12,1.1279,0.0000,0.00000,0.26034
4.88,1.12,1.1827,0.0000,0.00000,0.28332
5.12,1.12,1.2017,0.0000,0.00000,0.29426
5.38,1.12,1.1677,0.0000,0.00000,0.28827
5.62,1.12,1.1937,0.0000,0.00000,0.29408
5.88,1.12,1.1963,0.0000,0.00000,0.30533
6.12,1.12,1.2345,0.0000,0.00000,0.34343
6.38,1.12,1.2419,0.0000,0.00000,0.36937
6.62,1.12,1.1870,0.0000,0.00000,0.37108
6.88,1.12,1.3543,0.0001,0.00000,0.45380
7.12,1.12,1.3089,0.0001,0.00000,0.46648
7.38,1.12,0.8331,0.0001,0.00000,0.30797
2.62,1.38,0.1356,0.0000,0.00000,0.02446
2.88,1.38,0.4500,0.0000,0.00000,0.08058
3.12,1.38,0.9291,0.0000,0.00000,0.16136
3.38,1.38,1.1026,0.0000,0.00000,0.18247
3.62,1.38,0.9169,0.0000,0.00000,0.14990
3.88,1.38,0.8832,0.0000,0.00000,0.15519
4.12,1.38,1.0683,0.0000,0.00000,0.19135
4.38,1.38,1.0938,0.0000,0.00000,0.19396
4.62,1.38,1.0055,0.0000,0.00000,0.18517
4.88,1.38,1.0389,0.0000,0.00000,0.20268
5.12,1.38,1.0829,0.0000,0.00000,0.21685
5.38,1.38,1.0789,0.0000,0.00000,0.22052
5.62,1.38,1.0971,0.0000,0.00000,0.22864
5.88,1.38,1.1044,0.0000,0.00000,0.23740
6.12,1.38,1.1648,0.0000,0.00000,0.26769
6.38,1.38,1.1659,0.0000,0.00000,0.28085
6.62,1.38,1.1021,0.0000,0.00000,0.27098
6.88,1.38,1.2323,0.0000,0.00000,0.31874
7.12,1.38,1.1353,0.0000,0.00000,0.31225
7.38,1.38,0.6936,0.0000,0.00000,0.19876
2.62,1.62,0.1007,0.0000,0.00000,0.01300
2.88,1.62,0.3708,0.0000,0.00000,0.04725
3.12,1.62,0.8408,0.0000,0.00000,0.10214
3.38,1.62,1.0998,0.0000,0.00000,0.12484
3.62,1.62,0.9718,0.0000,0.00000,0.10759
3.88,1.62,0.9027,0.0000,0.00000,0.11034
4.12,1.62,1.0805,0.0000,0.00000,0.14179
4.38,1.62,1.1530,0.0000,0.00000,0.15336
4.62,1.62,1.0711,0.0000,0.00000,0.15055
4.88,1.62,1.0888,0.0000,0.00000,0.16480
5.12,1.62,1.1568,0.0000,0.00000,0.18038
5.38,1.62,1.1767,0.0000,0.00000,0.18976
5.62,1.62,1.1796,0.0000,0.00000,0.19699
5.88,1.62,1.1903,0.0000,0.00000,0.20262
6.12,1.62,1.2689,0.0000,0.00000,0.22633
6.38,1.62,1.2615,0.0000,0.00000,0.23296
6.62,1.62,1.2247,0.0000,0.00000,0.22491
6.88,1.62,1.3493,0.0000,0.00000,0.25744
7.12,1.62,1.1334,0.0000,0.00000,0.23158
7.38,1.62,0.6340,0.0000,0.00000,0.13672
2.62,1.88,0.0837,0.0000,0.00000,0.00716
2.88,1.88,0.3351,0.0000,0.00000,0.02837
3.12,1.88,0.8280,0.0000,0.00000,0.06770
3.38,1.88,1.1792,0.0000,0.00000,0.09230
3.62,1.88,1.0894,0.0000,0.00000,0.08512
3.88,1.88,0.9694,0.0000,0.00000,0.08511
4.12,1.88,1.1377,0.0000,0.00000,0.10982
4.38,1.88,1.2676,0.0000,0.00000,0.12554
4.62,1.88,1.1944,0.0000,0.00000,0.12629
4.88,1.88,1.1824,0.0000,0.00000,0.13759
5.12,1.88,1.2607,0.0000,0.00000,0.15321
5.38,1.88,1.2956,0.0000,0.00000,0.16401
5.62,1.88,1.2812,0.0000,0.00000,0.16836
5.88,1.88,1.2998,0.0000,0.00000,0.17349
6.12,1.88,1.3995,0.0000,0.00000,0.19503
6.38,1.88,1.3759,0.0000,0.00000,0.19830
6.62,1.88,1.3632,0.0000,0.00000,0.19162
6.88,1.88,1.4986,0.0000,0.00000,0.21410
7.12,1.88,1.1777,0.0000,0.00000,0.17971
7.38,1.88,0.6095,0.0000,0.00000,0.09918
2.62,2.12,0.0655,0.0000,0.00000,0.00370
2.88,2.12,0.2885,0.0000,0.00000,0.01648
3.12,2.12,0.7969,0.0000,0.00000,0.04569
3.38,2.12,1.2509,0.0000,0.00000,0.07124
3.62,2.12,1.2027,0.0000,0.00000,0.06975
3.88,2.12,1.0200,0.0000,0.00000,0.06732
4.12,2.12,1.1591,0.0000,0.00000,0.08578
4.38,2.12,1.3297,0.0000,0.00000,0.10113
4.62,2.12,1.2675,0.0000,0.00000,0.10237
4.88,2.12,1.2258,0.0000,0.00000,0.10970
5.12,2.12,1.3047,0.0000,0.00000,0.12297
5.38,2.12,1.3486,0.0000,0.00000,0.13364
5.62,2.12,1.3177,0.0000,0.00000,0.13811
5.88,2.12,1.3414,0.0000,0.00000,0.14530
6.12,2.12,1.4580,0.0000,0.00000,0.16544
6.38,2.12,1.4149,0.0000,0.00000,0.16692
6.62,2.12,1.4151,0.0000,0.00000,0.16270
6.88,2.12,1.5715,0.0000,0.00000,0.17781
7.12,2.12,1.2034,0.0000,0.00000,0.14083
7.38,2.12,0.5990,0.0000,0.00000,0.07339
2.62,2.38,0.0479,0.0000,0.00000,0.00203
2.88,2.38,0.2351,0.0000,0.00000,0.01020
3.12,2.38,0.7340,0.0000,0.00000,0.03246
3.38,2.38,1.2680,0.0000,0.00000,0.05672
3.62,2.38,1.2781,0.0000,0.00000,0.05925
3.88,2.38,1.0554,0.0000,0.00000,0.05651
4.12,2.38,1.1456,0.0000,0.00000,0.06976
4.38,2.38,1.3273,0.0000,0.00000,0.08137
4.62,2.38,1.2855,0.0000,0.00000,0.08108
4.88,2.38,1.2348,0.0000,0.00000,0.08494
5.12,2.38,1.3242,0.0000,0.00000,0.09634
5.38,2.38,1.3830,0.0000,0.00000,0.10714
5.62,2.38,1.3313,0.0000,0.00000,0.11232
5.88,2.38,1.3458,0.0000,0.00000,0.11977
6.12,2.38,1.4634,0.0000,0.00000,0.13486
6.38,2.38,1.4018,0.0000,0.00000,0.13355
6.62,2.38,1.4124,0.0000,0.00000,0.13368
6.88,2.38,1.5964,0.0000,0.00000,0.14765
7.12,2.38,1.2283,0.0000,0.00000,0.11413
7.38,2.38,0.6112,0.0000,0.00000,0.05779
2.62,2.62,0.0332,0.0000,0.00000,0.00122
2.88,2.62,0.1856,0.0000,0.00000,0.00697
3.12,2.62,0.6557,0.0000,0.00000,0.02521
3.38,2.62,1.2351,0.0000,0.00000,0.04873
3.62,2.62,1.3113,0.0000,0.00000,0.05433
3.88,2.62,1.0822,0.0000,0.00000,0.05053
4.12,2.62,1.1317,0.0000,0.00000,0.05820
4.38,2.62,1.3237,0.0000,0.00000,0.06663
4.62,2.62,1.3043,0.0000,0.00000,0.06596
4.88,2.62,1.2420,0.0000,0.00000,0.06757
5.12,2.62,1.3387,0.0000,0.00000,0.07678
5.38,2.62,1.4182,0.0000,0.00000,0.08616
5.62,2.62,1.3526,0.0000,0.00000,0.08918
5.88,2.62,1.3580,0.0000,0.00000,0.09406
6.12,2.62,1.4794,0.0000,0.00000,0.10457
6.38,2.62,1.4078,0.0000,0.00000,0.10280
6.62,2.62,1.4112,0.0000,0.00000,0.10536
6.88,2.62,1.6032,0.0000,0.00000,0.11890
7.12,2.62,1.2517,0.0000,0.00000,0.09276
7.38,2.62,0.6343,0.0000,0.00000,0.04733
2.62,2.88,0.0223,0.0000,0.00000,0.00071
2.88,2.88,0.1438,0.0000,0.00000,0.00472
3.12,2.88,0.5702,0.0000,0.00000,0.01914
3.38,2.88,1.1632,0.0000,0.00000,0.04012
3.62,2.88,1.3126,0.0000,0.00000,0.04709
3.88,2.88,1.1052,0.0000,0.00000,0.04265
4.12,2.88,1.1219,0.0000,0.00000,0.04613
4.38,2.88,1.3234,0.0000,0.00000,0.05380
4.62,2.88,1.3327,0.0000,0.00000,0.05572
4.88,2.88,1.2573,0.0000,0.00000,0.05745
5.12,2.88,1.3415,0.0000,0.00000,0.06411
5.38,2.88,1.4402,0.0000,0.00000,0.07089
5.62,2.88,1.3774,0.0000,0.00000,0.07131
5.88,2.88,1.3782,0.0000,0.00000,0.07429
6.12,2.88,1.5188,0.0000,0.00000,0.08424
6.38,2.88,1.4549,0.0000,0.00000,0.08466
6.62,2.88,1.4384,0.0000,0.00000,0.08597
6.88,2.88,1.6228,0.0000,0.00000,0.09608
7.12,2.88,1.2818,0.0000,0.00000,0.07573
7.38,2.88,0.6606,0.0000,0.00000,0.03922
2.62,3.12,0.0160,0.0000,0.00000,0.00039
2.88,3.12,0.1153,0.0000,0.00000,0.00286
3.12,3.12,0.4970,0.0000,0.00000,0.01260
3.38,3.12,1.0897,0.0000,0.00000,0.02850
3.62,3.12,1.3176,0.0000,0.00000,0.03583
3.88,3.12,1.1357,0.0000,0.00000,0.03288
4.12,3.12,1.1051,0.0000,0.00000,0.03450
4.38,3.12,1.3071,0.0000,0.00000,0.04176
4.62,3.12,1.3612,0.0000,0.00000,0.04673
4.88,3.12,1.2860,0.0000,0.00000,0.05012
5.12,3.12,1.3508,0.0000,0.00000,0.05536
5.38,3.12,1.4594,0.0000,0.00000,0.06017
5.62,3.12,1.3963,0.0000,0.00000,0.05934
5.88,3.12,1.3842,0.0000,0.00000,0.06127
6.12,3.12,1.5483,0.0000,0.00000,0.07104
6.38,3.12,1.5016,0.0000,0.00000,0.07216
6.62,3.12,1.4605,0.0000,0.00000,0.07009
6.88,3.12,1.6385,0.0000,0.00000,0.07701
7.12,3.12,1.3175,0.0000,0.00000,0.06270
7.38,3.12,0.6942,0.0000,0.00000,0.03378
2.62,3.38,0.0122,0.0000,0.00000,0.00021
2.88,3.38,0.0955,0.0000,0.00000,0.00168
3.12,3.38,0.4395,0.0000,0.00000,0.00803
3.38,3.38,1.0294,0.0000,0.00000,0.01990
3.62,3.38,1.3305,0.0000,0.00000,0.02742
3.88,3.38,1.1723,0.0000,0.00000,0.02613
4.12,3.38,1.0915,0.0000,0.00000,0.02655
4.38,3.38,1.2991,0.0000,0.00000,0.03299
4.62,3.38,1.4031,0.0000,0.00000,0.03896
4.88,3.38,1.3280,0.0000,0.00000,0.04210
5.12,3.38,1.3776,0.0000,0.00000,0.04663
5.38,3.38,1.4900,0.0000,0.00000,0.05134
5.62,3.38,1.4120,0.0000,0.00000,0.05010
5.88,3.38,1.3794,0.0000,0.00000,0.05053
6.12,3.38,1.5646,0.0000,0.00000,0.05850
6.38,3.38,1.5371,0.0000,0.00000,0.05884
6.62,3.38,1.4727,0.0000,0.00000,0.05589
6.88,3.38,1.6426,0.0000,0.00000,0.06231
7.12,3.38,1.3426,0.0000,0.00000,0.05276
7.38,3.38,0.7214,0.0000,0.00000,0.02947
2.62,3.62,0.0096,0.0000,0.00000,0.00013
2.88,3.62,0.0792,0.0000,0.00000,0.00111
3.12,3.62,0.3825,0.0000,0.00000,0.00572
3.38,3.62,0.9528,0.0000,0.00000,0.01530
3.62,3.62,1.3228,0.0000,0.00000,0.02298
3.88,3.62,1.2185,0.0000,0.00000,0.02296
4.12,3.62,1.1039,0.0000,0.00000,0.02226
4.38,3.62,1.2969,0.0000,0.00000,0.02742
4.62,3.62,1.4259,0.0000,0.00000,0.03266
4.88,3.62,1.3462,0.0000,0.00000,0.03452
5.12,3.62,1.3866,0.0000,0.00000,0.03887
5.38,3.62,1.5136,0.0000,0.00000,0.04440
5.62,3.62,1.4304,0.0000,0.00000,0.04377
5.88,3.62,1.3752,0.0000,0.00000,0.04283
6.12,3.62,1.5685,0.0000,0.00000,0.04803
6.38,3.62,1.5548,0.0000,0.00000,0.04738
6.62,3.62,1.4728,0.0000,0.00000,0.04571
6.88,3.62,1.6447,0.0000,0.00000,0.05240
7.12,3.62,1.3740,0.0000,0.00000,0.04453
7.38,3.62,0.7553,0.0000,0.00000,0.02475
2.62,3.88,0.0077,0.0000,0.00000,0.00008
2.88,3.88,0.0645,0.0000,0.00000,0.00077
3.12,3.88,0.3244,0.0000,0.00000,0.00418
3.38,3.88,0.8655,0.0000,0.00000,0.01206
3.62,3.88,1.2997,0.0000,0.00000,0.01949
3.88,3.88,1.2601,0.0000,0.00000,0.02023
4.12,3.88,1.1219,0.0000,0.00000,0.01928
4.38,3.88,1.2877,0.0000,0.00000,0.02347
4.62,3.88,1.4373,0.0000,0.00000,0.02780
4.88,3.88,1.3578,0.0000,0.00000,0.02910
5.12,3.88,1.3811,0.0000,0.00000,0.03316
5.38,3.88,1.5301,0.0000,0.00000,0.03878
5.62,3.88,1.4690,0.0000,0.00000,0.03913
5.88,3.88,1.3902,0.0000,0.00000,0.03750
6.12,3.88,1.5715,0.0000,0.00000,0.04071
6.38,3.88,1.5631,0.0000,0.00000,0.04019
6.62,3.88,1.4650,0.0000,0.00000,0.04000
6.88,3.88,1.6458,0.0000,0.00000,0.04683
7.12,3.88,1.4124,0.0000,0.00000,0.03947
7.38,3.88,0.7966,0.0000,0.00000,0.02161
2.62,4.12,0.0056,0.0000,0.00000,0.00005
2.88,4.12,0.0503,0.0000,0.00000,0.00053
3.12,4.12,0.2703,0.0000,0.00000,0.00310
3.38,4.12,0.7838,0.0000,0.00000,0.00962
3.62,4.12,1.2754,0.0000,0.00000,0.01654
3.88,4.12,1.3011,0.0000,0.00000,0.01781
4.12,4.12,1.1444,0.0000,0.00000,0.01710
4.38,4.12,1.2783,0.0000,0.00000,0.02072
4.62,4.12,1.4508,0.0000,0.00000,0.02463
4.88,4.12,1.3807,0.0000,0.00000,0.02559
5.12,4.12,1.3743,0.0000,0.00000,0.02835
5.38,4.12,1.5361,0.0000,0.00000,0.03291
5.62,4.12,1.5090,0.0000,0.00000,0.03348
5.88,4.12,1.4173,0.0000,0.00000,0.03222
6.12,4.12,1.5884,0.0000,0.00000,0.03573
6.38,4.12,1.5879,0.0000,0.00000,0.03644
6.62,4.12,1.4712,0.0000,0.00000,0.03680
6.88,4.12,1.6511,0.0000,0.00000,0.04338
7.12,4.12,1.4439,0.0000,0.00000,0.03719
7.38,4.12,0.8295,0.0000,0.00000,0.02072
2.62,4.38,0.0039,0.0000,0.00000,0.00004
2.88,4.38,0.0382,0.0000,0.00000,0.00039
3.12,4.38,0.2226,0.0000,0.00000,0.00237
3.38,4.38,0.7037,0.0000,0.00000,0.00773
3.62,4.38,1.2394,0.0000,0.00000,0.01405
3.88,4.38,1.3400,0.0000,0.00000,0.01601
4.12,4.38,1.1799,0.0000,0.00000,0.01567
4.38,4.38,1.2682,0.0000,0.00000,0.01865
4.62,4.38,1.4517,0.0000,0.00000,0.02238
4.88,4.38,1.4055,0.0000,0.00000,0.02335
5.12,4.38,1.3800,0.0000,0.00000,0.02525
5.38,4.38,1.5448,0.0000,0.00000,0.02902
5.62,4.38,1.5334,0.0000,0.00000,0.02901
5.88,4.38,1.4249,0.0000,0.00000,0.02750
6.12,4.38,1.5954,0.0000,0.00000,0.03098
6.38,4.38,1.6195,0.0000,0.00000,0.03230
6.62,4.38,1.4887,0.0000,0.00000,0.03239
6.88,4.38,1.6634,0.0000,0.00000,0.03845
7.12,4.38,1.4842,0.0000,0.00000,0.03424
7.38,4.38,0.8705,0.0000,0.00000,0.01983
2.62,4.62,0.0029,0.0000,0.00000,0.00003
2.88,4.62,0.0296,0.0000,0.00000,0.00028
3.12,4.62,0.1850,0.0000,0.00000,0.00178
3.38,4.62,0.6317,0.0000,0.00000,0.00620
3.62,4.62,1.1936,0.0000,0.00000,0.01211
3.88,4.62,1.3638,0.0000,0.00000,0.01474
4.12,4.62,1.2128,0.0000,0.00000,0.01471
4.38,4.62,1.2616,0.0000,0.00000,0.01737
4.62,4.62,1.4611,0.0000,0.00000,0.02120
4.88,4.62,1.4473,0.0000,0.00000,0.02169
5.12,4.62,1.4082,0.0000,0.00000,0.02258
5.38,4.62,1.5657,0.0000,0.00000,0.02611
5.62,4.62,1.5576,0.0000,0.00000,0.02632
5.88,4.62,1.4295,0.0000,0.00000,0.02475
6.12,4.62,1.6079,0.0000,0.00000,0.02742
6.38,4.62,1.6643,0.0000,0.00000,0.02822
6.62,4.62,1.5104,0.0000,0.00000,0.02739
6.88,4.62,1.6694,0.0000,0.00000,0.03245
7.12,4.62,1.5223,0.0000,0.00000,0.03009
7.38,4.62,0.9137,0.0000,0.00000,0.01810
2.62,4.88,0.0022,0.0000,0.00000,0.00002
2.88,4.88,0.0233,0.0000,0.00000,0.00020
3.12,4.88,0.1549,0.0000,0.00000,0.00138
3.38,4.88,0.5668,0.0000,0.00000,0.00522
3.62,4.88,1.1424,0.0000,0.00000,0.01095
3.88,4.88,1.3753,0.0000,0.00000,0.01402
4.12,4.88,1.2352,0.0000,0.00000,0.01413
4.38,4.88,1.2537,0.0000,0.00000,0.01666
4.62,4.88,1.4668,0.0000,0.00000,0.02046
4.88,4.88,1.4739,0.0000,0.00000,0.02006
5.12,4.88,1.4172,0.0000,0.00000,0.01945
5.38,4.88,1.5716,0.0000,0.00000,0.02240
5.62,4.88,1.5810,0.0000,0.00000,0.02360
5.88,4.88,1.4385,0.0000,0.00000,0.02309
6.12,4.88,1.6161,0.0000,0.00000,0.02574
6.38,4.88,1.6912,0.0000,0.00000,0.02608
6.62,4.88,1.5130,0.0000,0.00000,0.02399
6.88,4.88,1.6631,0.0000,0.00000,0.02769
7.12,4.88,1.5508,0.0000,0.00000,0.02645
7.38,4.88,0.9504,0.0000,0.00000,0.01642
2.62,5.12,0.0016,0.0000,0.00000,0.00001
2.88,5.12,0.0186,0.0000,0.00000,0.00016
3.12,5.12,0.1326,0.0000,0.00000,0.00116
3.38,5.12,0.5171,0.0000,0.00000,0.00458
3.62,5.12,1.1005,0.0000,0.00000,0.01000
3.88,5.12,1.3820,0.0000,0.00000,0.01320
4.12,5.12,1.2496,0.0000,0.00000,0.01336
4.38,5.12,1.2356,0.0000,0.00000,0.01521
4.62,5.12,1.4602,0.0000,0.00000,0.01861
4.88,5.12,1.4882,0.0000,0.00000,0.01855
5.12,5.12,1.4078,0.0000,0.00000,0.01740
5.38,5.12,1.5631,0.0000,0.00000,0.01953
5.62,5.12,1.6040,0.0000,0.00000,0.02069
5.88,5.12,1.4411,0.0000,0.00000,0.02045
6.12,5.12,1.5997,0.0000,0.00000,0.02385
6.38,5.12,1.6916,0.0000,0.00000,0.02506
6.62,5.12,1.5014,0.0000,0.00000,0.02239
6.88,5.12,1.6521,0.0000,0.00000,0.02485
7.12,5.12,1.5762,0.0000,0.00000,0.02377
7.38,5.12,0.9841,0.0000,0.00000,0.01487
2.62,5.38,0.0012,0.0000,0.00000,0.00001
2.88,5.38,0.0146,0.0000,0.00000,0.00012
3.12,5.38,0.1126,0.0000,0.00000,0.00095
3.38,5.38,0.4700,0.0000,0.00000,0.00397
3.62,5.38,1.0553,0.0000,0.00000,0.00898
3.88,5.38,1.3854,0.0000,0.00000,0.01221
4.12,5.38,1.2775,0.0000,0.00000,0.01234
4.38,5.38,1.2368,0.0000,0.00000,0.01335
4.62,5.38,1.4656,0.0000,0.00000,0.01652
4.88,5.38,1.5134,0.0000,0.00000,0.01737
5.12,5.38,1.4086,0.0000,0.00000,0.01631
5.38,5.38,1.5651,0.0000,0.00000,0.01808
5.62,5.38,1.6440,0.0000,0.00000,0.01906
5.88,5.38,1.4598,0.0000,0.00000,0.01826
6.12,5.38,1.6018,0.0000,0.00000,0.02191
6.38,5.38,1.7175,0.0000,0.00000,0.02437
6.62,5.38,1.5058,0.0000,0.00000,0.02167
6.88,5.38,1.6469,0.0000,0.00000,0.02312
7.12,5.38,1.6105,0.0000,0.00000,0.02188
7.38,5.38,1.0272,0.0000,0.00000,0.01368
2.62,5.62,0.0009,0.0000,0.00000,0.00001
2.88,5.62,0.0116,0.0000,0.00000,0.00010
3.12,5.62,0.0945,0.0000,0.00000,0.00078
3.38,5.62,0.4173,0.0000,0.00000,0.00339
3.62,5.62,0.9949,0.0000,0.00000,0.00805
3.88,5.62,1.3854,0.0000,0.00000,0.01146
4.12,5.62,1.3193,0.0000,0.00000,0.01165
4.38,5.62,1.2541,0.0000,0.00000,0.01205
4.62,5.62,1.4730,0.0000,0.00000,0.01474
4.88,5.62,1.5380,0.0000,0.00000,0.01569
5.12,5.62,1.4164,0.0000,0.00000,0.01489
5.38,5.62,1.5726,0.0000,0.00000,0.01704
5.62,5.62,1.6821,0.0000,0.00000,0.01849
5.88,5.62,1.4726,0.0000,0.00000,0.01699
6.12,5.62,1.6087,0.0000,0.00000,0.01984
6.38,5.62,1.7595,0.0000,0.00000,0.02277
6.62,5.62,1.5166,0.0000,0.00000,0.02046
6.88,5.62,1.6435,0.0000,0.00000,0.02122
7.12,5.62,1.6595,0.0000,0.00000,0.01992
7.38,5.62,1.0869,0.0000,0.00000,0.01251
2.62,5.88,0.0008,0.0000,0.00000,0.00001
2.88,5.88,0.0101,0.0000,0.00000,0.00008
3.12,5.88,0.0833,0.0000,0.00000,0.00066
3.38,5.88,0.3770,0.0000,0.00000,0.00298
3.62,5.88,0.9382,0.0000,0.00000,0.00743
3.88,5.88,1.3751,0.0000,0.00000,0.01118
4.12,5.88,1.3529,0.0000,0.00000,0.01179
4.38,5.88,1.2631,0.0000,0.00000,0.01183
4.62,5.88,1.4712,0.0000,0.00000,0.01383
4.88,5.88,1.5628,0.0000,0.00000,0.01456
5.12,5.88,1.4217,0.0000,0.00000,0.01381
5.38,5.88,1.5679,0.0000,0.00000,0.01601
5.62,5.88,1.6980,0.0000,0.00000,0.01765
5.88,5.88,1.4640,0.0000,0.00000,0.01580
6.12,5.88,1.5999,0.0000,0.00000,0.01786
6.38,5.88,1.7931,0.0000,0.00000,0.02061
6.62,5.88,1.5215,0.0000,0.00000,0.01888
6.88,5.88,1.6374,0.0000,0.00000,0.01984
7.12,5.88,1.7159,0.0000,0.00000,0.01900
7.38,5.88,1.1563,0.0000,0.00000,0.01216
2.62,6.12,0.0007,0.0000,0.00000,0.00000
2.88,6.12,0.0087,0.0000,0.00000,0.00006
3.12,6.12,0.0725,0.0000,0.00000,0.00055
3.38,6.12,0.3377,0.0000,0.00000,0.00262
3.62,6.12,0.8778,0.0000,0.00000,0.00696
3.88,6.12,1.3543,0.0000,0.00000,0.01130
4.12,6.12,1.3813,0.0000,0.00000,0.01275
4.38,6.12,1.2697,0.0000,0.00000,0.01268
4.62,6.12,1.4637,0.0000,0.00000,0.01392
4.88,6.12,1.5867,0.0000,0.00000,0.01457
5.12,6.12,1.4268,0.0000,0.00000,0.01366
5.38,6.12,1.5589,0.0000,0.00000,0.01535
5.62,6.12,1.7130,0.0000,0.00000,0.01679
5.88,6.12,1.4619,0.0000,0.00000,0.01518
6.12,6.12,1.5912,0.0000,0.00000,0.01715
6.38,6.12,1.8127,0.0000,0.00000,0.01914
6.62,6.12,1.5141,0.0000,0.00000,0.01683
6.88,6.12,1.6232,0.0000,0.00000,0.01789
7.12,6.12,1.7604,0.0000,0.00000,0.01783
7.38,6.12,1.2152,0.0000,0.00000,0.01170
2.62,6.38,0.0005,0.0000,0.00000,0.00000
2.88,6.38,0.0070,0.0000,0.00000,0.00005
3.12,6.38,0.0611,0.0000,0.00000,0.00047
3.38,6.38,0.2994,0.0000,0.00000,0.00236
3.62,6.38,0.8207,0.0000,0.00000,0.00661
3.88,6.38,1.3315,0.0000,0.00000,0.01127
4.12,6.38,1.3976,0.0000,0.00000,0.01317
4.38,6.38,1.2648,0.0000,0.00000,0.01307
4.62,6.38,1.4496,0.0000,0.00000,0.01392
4.88,6.38,1.6050,0.0000,0.00000,0.01461
5.12,6.38,1.4363,0.0000,0.00000,0.01360
5.38,6.38,1.5611,0.0000,0.00000,0.01509
5.62,6.38,1.7399,0.0000,0.00000,0.01662
5.88,6.38,1.4741,0.0000,0.00000,0.01504
6.12,6.38,1.5922,0.0000,0.00000,0.01678
6.38,6.38,1.8306,0.0000,0.00000,0.01813
6.62,6.38,1.5042,0.0000,0.00000,0.01506
6.88,6.38,1.6059,0.0000,0.00000,0.01598
7.12,6.38,1.7978,0.0000,0.00000,0.01666
7.38,6.38,1.2677,0.0000,0.00000,0.01125
2.62,6.62,0.0004,0.0000,0.00000,0.00000
2.88,6.62,0.0055,0.0000,0.00000,0.00005
3.12,6.62,0.0520,0.0000,0.00000,0.00044
3.38,6.62,0.2691,0.0000,0.00000,0.00220
3.62,6.62,0.7722,0.0000,0.00000,0.00626
3.88,6.62,1.3091,0.0000,0.00000,0.01074
4.12,6.62,1.4171,0.0000,0.00000,0.01232
4.38,6.62,1.2732,0.0000,0.00000,0.01183
4.62,6.62,1.4494,0.0000,0.00000,0.01291
4.88,6.62,1.6267,0.0000,0.00000,0.01411
5.12,6.62,1.4525,0.0000,0.00000,0.01335
5.38,6.62,1.5751,0.0000,0.00000,0.01505
5.62,6.62,1.7757,0.0000,0.00000,0.01677
5.88,6.62,1.4912,0.0000,0.00000,0.01460
6.12,6.62,1.5945,0.0000,0.00000,0.01572
6.38,6.62,1.8494,0.0000,0.00000,0.01726
6.62,6.62,1.5011,0.0000,0.00000,0.01423
6.88,6.62,1.5985,0.0000,0.00000,0.01510
7.12,6.62,1.8399,0.0000,0.00000,0.01632
7.38,6.62,1.3208,0.0000,0.00000,0.01129
2.62,6.88,0.0003,0.0000,0.00000,0.00000
2.88,6.88,0.0045,0.0000,0.00000,0.00004
3.12,6.88,0.0449,0.0000,0.00000,0.00037
3.38,6.88,0.2436,0.0000,0.00000,0.00197
3.62,6.88,0.7321,0.0000,0.00000,0.00579
3.88,6.88,1.3022,0.0000,0.00000,0.01022
4.12,6.88,1.4589,0.0000,0.00000,0.01166
4.38,6.88,1.3007,0.0000,0.00000,0.01078
4.62,6.88,1.4619,0.0000,0.00000,0.01212
4.88,6.88,1.6593,0.0000,0.00000,0.01403
5.12,6.88,1.4723,0.0000,0.00000,0.01347
5.38,6.88,1.5849,0.0000,0.00000,0.01504
5.62,6.88,1.8050,0.0000,0.00000,0.01668
5.88,6.88,1.5007,0.0000,0.00000,0.01392
6.12,6.88,1.5941,0.0000,0.00000,0.01465
6.38,6.88,1.8720,0.0000,0.00000,0.01671
6.62,6.88,1.4995,0.0000,0.00000,0.01383
6.88,6.88,1.5933,0.0000,0.00000,0.01445
7.12,6.88,1.8893,0.0000,0.00000,0.01584
7.38,6.88,1.3806,0.0000,0.00000,0.01111
2.62,7.12,0.0002,0.0000,0.00000,0.00000
2.88,7.12,0.0039,0.0000,0.00000,0.00003
3.12,7.12,0.0399,0.0000,0.00000,0.00030
3.38,7.12,0.2234,0.0000,0.00000,0.00173
3.62,7.12,0.6997,0.0000,0.00000,0.00544
3.88,7.12,1.3012,0.0000,0.00000,0.01013
4.12,7.12,1.5026,0.0000,0.00000,0.01182
4.38,7.12,1.3277,0.0000,0.00000,0.01067
4.62,7.12,1.4708,0.0000,0.00000,0.01189
4.88,7.12,1.6913,0.0000,0.00000,0.01415
5.12,7.12,1.4888,0.0000,0.00000,0.01363
5.38,7.12,1.5871,0.0000,0.00000,0.01495
5.62,7.12,1.8276,0.0000,0.00000,0.01662
5.88,7.12,1.5106,0.0000,0.00000,0.01345
6.12,7.12,1.6062,0.0000,0.00000,0.01372
6.38,7.12,1.9129,0.0000,0.00000,0.01594
6.62,7.12,1.5100,0.0000,0.00000,0.01328
6.88,7.12,1.5928,0.0000,0.00000,0.01422
7.12,7.12,1.9368,0.0000,0.00000,0.01623
7.38,7.12,1.4366,0.0000,0.00000,0.01162
2.62,7.38,0.0002,0.0000,0.00000,0.00000
2.88,7.38,0.0035,0.0000,0.00000,0.00002
3.12,7.38,0.0360,0.0000,0.00000,0.00026
3.38,7.38,0.2060,0.0000,0.00000,0.00161
3.62,7.38,0.6649,0.0000,0.00000,0.00544
3.88,7.38,1.2839,0.0000,0.00000,0.01051
4.12,7.38,1.5258,0.0000,0.00000,0.01225
4.38,7.38,1.3401,0.0000,0.00000,0.01068
4.62,7.38,1.4652,0.0000,0.00000,0.01157
4.88,7.38,1.7086,0.0000,0.00000,0.01400
5.12,7.38,1.5005,0.0000,0.00000,0.01350
5.38,7.38,1.5884,0.0000,0.00000,0.01436
5.62,7.38,1.8490,0.0000,0.00000,0.01590
5.88,7.38,1.5229,0.0000,0.00000,0.01277
6.12,7.38,1.6138,0.0000,0.00000,0.01277
6.38,7.38,1.9364,0.0000,0.00000,0.01488
6.62,7.38,1.5072,0.0000,0.00000,0.01227
6.88,7.38,1.5817,0.0000,0.00000,0.01370
7.12,7.38,1.9683,0.0000,0.00000,0.01665
7.38,7.38,1.4791,0.0000,0.00000,0.01229
2.62,7.62,0.0002,0.0000,0.00000,0.00000
2.88,7.62,0.0031,0.0000,0.00000,0.00002
3.12,7.62,0.0332,0.0000,0.00000,0.00024
3.38,7.62,0.1923,0.0000,0.00000,0.00159
3.62,7.62,0.6299,0.0000,0.00000,0.00562
3.88,7.62,1.2476,0.0000,0.00000,0.01094
4.12,7.62,1.5173,0.0000,0.00000,0.01258
4.38,7.62,1.3294,0.0000,0.00000,0.01078
4.62,7.62,1.4457,0.0000,0.00000,0.01146
4.88,7.62,1.7164,0.0000,0.00000,0.01399
5.12,7.62,1.5124,0.0000,0.00000,0.01357
5.38,7.62,1.5901,0.0000,0.00000,0.01402
5.62,7.62,1.8636,0.0000,0.00000,0.01540
5.88,7.62,1.5313,0.0000,0.00000,0.01257
6.12,7.62,1.6125,0.0000,0.00000,0.01277
6.38,7.62,1.9392,0.0000,0.00000,0.01493
6.62,7.62,1.4872,0.0000,0.00000,0.01201
6.88,7.62,1.5541,0.0000,0.00000,0.01342
7.12,7.62,1.9817,0.0000,0.00000,0.01703
7.38,7.62,1.5091,0.0000,0.00000,0.01287
2.62,7.88,0.0002,0.0000,0.00000,0.00000
2.88,7.88,0.0030,0.0000,0.00000,0.00002
3.12,7.88,0.0315,0.0000,0.00000,0.00024
3.38,7.88,0.1813,0.0000,0.00000,0.00152
3.62,7.88,0.5988,0.0000,0.00000,0.00535
3.88,7.88,1.2144,0.0000,0.00000,0.01053
4.12,7.88,1.5112,0.0000,0.00000,0.01231
4.38,7.88,1.3257,0.0000,0.00000,0.01073
4.62,7.88,1.4351,0.0000,0.00000,0.01140
4.88,7.88,1.7275,0.0000,0.00000,0.01367
5.12,7.88,1.5315,0.0000,0.00000,0.01313
5.38,7.88,1.6004,0.0000,0.00000,0.01388
5.62,7.88,1.8797,0.0000,0.00000,0.01579
5.88,7.88,1.5400,0.0000,0.00000,0.01312
6.12,7.88,1.6192,0.0000,0.00000,0.01322
6.38,7.88,1.9587,0.0000,0.00000,0.01536
6.62,7.88,1.4857,0.0000,0.00000,0.01220
6.88,7.88,1.5456,0.0000,0.00000,0.01363
7.12,7.88,2.0098,0.0000,0.00000,0.01769
7.38,7.88,1.5467,0.0000,0.00000,0.01354
2.62,8.12,0.0002,0.0000,0.00000,0.00000
2.88,8.12,0.0028,0.0000,0.00000,0.00002
3.12,8.12,0.0294,0.0000,0.00000,0.00022
3.38,8.12,0.1702,0.0000,0.00000,0.00133
3.62,8.12,0.5720,0.0000,0.00000,0.00460
3.88,8.12,1.1996,0.0000,0.00000,0.00938
4.12,8.12,1.5349,0.0000,0.00000,0.01161
4.38,8.12,1.3440,0.0000,0.00000,0.01035
4.62,8.12,1.4348,0.0000,0.00000,0.01101
4.88,8.12,1.7397,0.0000,0.00000,0.01316
5.12,8.12,1.5493,0.0000,0.00000,0.01244
5.38,8.12,1.6149,0.0000,0.00000,0.01324
5.62,8.12,1.9042,0.0000,0.00000,0.01542
5.88,8.12,1.5540,0.0000,0.00000,0.01283
6.12,8.12,1.6326,0.0000,0.00000,0.01258
6.38,8.12,1.9904,0.0000,0.00000,0.01443
6.62,8.12,1.4984,0.0000,0.00000,0.01123
6.88,8.12,1.5588,0.0000,0.00000,0.01221
7.12,8.12,2.0641,0.0000,0.00000,0.01596
7.38,8.12,1.6028,0.0000,0.00000,0.01230
2.62,8.38,0.0001,0.0000,0.00000,0.00000
2.88,8.38,0.0025,0.0000,0.00000,0.00002
3.12,8.38,0.0276,0.0000,0.00000,0.00020
3.38,8.38,0.1624,0.0000,0.00000,0.00120
3.62,8.38,0.5550,0.0000,0.00000,0.00408
3.88,8.38,1.1954,0.0000,0.00000,0.00868
4.12,8.38,1.5639,0.0000,0.00000,0.01137
4.38,8.38,1.3717,0.0000,0.00000,0.01017
4.62,8.38,1.4487,0.0000,0.00000,0.01066
4.88,8.38,1.7591,0.0000,0.00000,0.01296
5.12,8.38,1.5643,0.0000,0.00000,0.01217
5.38,8.38,1.6259,0.0000,0.00000,0.01246
5.62,8.38,1.9310,0.0000,0.00000,0.01426
5.88,8.38,1.5740,0.0000,0.00000,0.01179
6.12,8.38,1.6447,0.0000,0.00000,0.01186
6.38,8.38,2.0147,0.0000,0.00000,0.01399
6.62,8.38,1.5077,0.0000,0.00000,0.01070
6.88,8.38,1.5662,0.0000,0.00000,0.01115
7.12,8.38,2.1036,0.0000,0.00000,0.01464
7.38,8.38,1.6451,0.0000,0.00000,0.01137
2.62,8.62,0.0001,0.0000,0.00000,0.00000
2.88,8.62,0.0024,0.0000,0.00000,0.00002
3.12,8.62,0.0263,0.0000,0.00000,0.00019
3.38,8.62,0.1555,0.0000,0.00000,0.00114
3.62,8.62,0.5354,0.0000,0.00000,0.00394
3.88,8.62,1.1775,0.0000,0.00000,0.00878
4.12,8.62,1.5726,0.0000,0.00000,0.01192
4.38,8.62,1.3878,0.0000,0.00000,0.01046
4.62,8.62,1.4657,0.0000,0.00000,0.01052
4.88,8.62,1.7935,0.0000,0.00000,0.01291
5.12,8.62,1.5940,0.0000,0.00000,0.01216
5.38,8.62,1.6443,0.0000,0.00000,0.01222
5.62,8.62,1.9608,0.0000,0.00000,0.01394
5.88,8.62,1.5948,0.0000,0.00000,0.01165
6.12,8.62,1.6500,0.0000,0.00000,0.01227
6.38,8.62,2.0235,0.0000,0.00000,0.01492
6.62,8.62,1.5075,0.0000,0.00000,0.01127
6.88,8.62,1.5690,0.0000,0.00000,0.01155
7.12,8.62,2.1306,0.0000,0.00000,0.01534
7.38,8.62,1.6741,0.0000,0.00000,0.01198
2.62,8.88,0.0001,0.0000,0.00000,0.00000
2.88,8.88,0.0022,0.0000,0.00000,0.00001
3.12,8.88,0.0243,0.0000,0.00000,0.00017
3.38,8.88,0.1454,0.0000,0.00000,0.00107
3.62,8.88,0.5101,0.0000,0.00000,0.00386
3.88,8.88,1.1547,0.0000,0.00000,0.00900
4.12,8.88,1.5815,0.0000,0.00000,0.01249
4.38,8.88,1.4088,0.0000,0.00000,0.01082
4.62,8.88,1.4799,0.0000,0.00000,0.01055
4.88,8.88,1.8239,0.0000,0.00000,0.01280
5.12,8.88,1.6288,0.0000,0.00000,0.01178
5.38,8.88,1.6621,0.0000,0.00000,0.01193
5.62,8.88,1.9760,0.0000,0.00000,0.01409
5.88,8.88,1.6040,0.0000,0.00000,0.01206
6.12,8.88,1.6588,0.0000,0.00000,0.01272
6.38,8.88,2.0444,0.0000,0.00000,0.01550
6.62,8.88,1.5161,0.0000,0.00000,0.01156
6.88,8.88,1.5718,0.0000,0.00000,0.01131
7.12,8.88,2.1485,0.0000,0.00000,0.01484
7.38,8.88,1.6936,0.0000,0.00000,0.01159
2.62,9.12,0.0001,0.0000,0.00000,0.00000
2.88,9.12,0.0021,0.0000,0.00000,0.00001
3.12,9.12,0.0229,0.0000,0.00000,0.00016
3.38,9.12,0.1366,0.0000,0.00000,0.00101
3.62,9.12,0.4897,0.0000,0.00000,0.00375
3.88,9.12,1.1466,0.0000,0.00000,0.00877
4.12,9.12,1.6119,0.0000,0.00000,0.01206
4.38,9.12,1.4477,0.0000,0.00000,0.01055
4.62,9.12,1.4977,0.0000,0.00000,0.01065
4.88,9.12,1.8426,0.0000,0.00000,0.01293
5.12,9.12,1.6548,0.0000,0.00000,0.01145
5.38,9.12,1.6707,0.0000,0.00000,0.01128
5.62,9.12,1.9773,0.0000,0.00000,0.01350
5.88,9.12,1.6086,0.0000,0.00000,0.01170
6.12,9.12,1.6744,0.0000,0.00000,0.01213
6.38,9.12,2.0775,0.0000,0.00000,0.01464
6.62,9.12,1.5317,0.0000,0.00000,0.01092
6.88,9.12,1.5725,0.0000,0.00000,0.01039
7.12,9.12,2.1602,0.0000,0.00000,0.01338
7.38,9.12,1.7083,0.0000,0.00000,0.01041
2.62,9.38,0.0001,0.0000,0.00000,0.00000
2.88,9.38,0.0020,0.0000,0.00000,0.00001
3.12,9.38,0.0223,0.0000,0.00000,0.00015
3.38,9.38,0.1330,0.0000,0.00000,0.00104
3.62,9.38,0.4807,0.0000,0.00000,0.00397
3.88,9.38,1.1444,0.0000,0.00000,0.00894
4.12,9.38,1.6317,0.0000,0.00000,0.01174
4.38,9.38,1.4663,0.0000,0.00000,0.01013
4.62,9.38,1.4952,0.0000,0.00000,0.01043
4.88,9.38,1.8442,0.0000,0.00000,0.01280
5.12,9.38,1.6722,0.0000,0.00000,0.01120
5.38,9.38,1.6846,0.0000,0.00000,0.01076
5.62,9.38,1.9950,0.0000,0.00000,0.01276
5.88,9.38,1.6285,0.0000,0.00000,0.01098
6.12,9.38,1.6874,0.0000,0.00000,0.01122
6.38,9.38,2.0933,0.0000,0.00000,0.01345
6.62,9.38,1.5408,0.0000,0.00000,0.01017
6.88,9.38,1.5812,0.0000,0.00000,0.01001
7.12,9.38,2.1821,0.0000,0.00000,0.01291
7.38,9.38,1.7293,0.0000,0.00000,0.01000
2.62,9.62,0.0001,0.0000,0.00000,0.00000
2.88,9.62,0.0019,0.0000,0.00000,0.00001
3.12,9.62,0.0221,0.0000,0.00000,0.00015
3.38,9.62,0.1325,0.0000,0.00000,0.00108
3.62,9.62,0.4727,0.0000,0.00000,0.00414
3.88,9.62,1.1282,0.0000,0.00000,0.00908
4.12,9.62,1.6296,0.0000,0.00000,0.01162
4.38,9.62,1.4752,0.0000,0.00000,0.00987
4.62,9.62,1.4889,0.0000,0.00000,0.00983
4.88,9.62,1.8380,0.0000,0.00000,0.01198
5.12,9.62,1.6858,0.0000,0.00000,0.01069
5.38,9.62,1.7017,0.0000,0.00000,0.01035
5.62,9.62,2.0216,0.0000,0.00000,0.01226
5.88,9.62,1.6596,0.0000,0.00000,0.01071
6.12,9.62,1.7078,0.0000,0.00000,0.01140
6.38,9.62,2.1104,0.0000,0.00000,0.01380
6.62,9.62,1.5497,0.0000,0.00000,0.01027
6.88,9.62,1.5923,0.0000,0.00000,0.01004
7.12,9.62,2.2062,0.0000,0.00000,0.01299
7.38,9.62,1.7509,0.0000,0.00000,0.01005
2.62,9.88,0.0001,0.0000,0.00000,0.00000
2.88,9.88,0.0019,0.0000,0.00000,0.00001
3.12,9.88,0.0221,0.0000,0.00000,0.00015
3.38,9.88,0.1316,0.0000,0.00000,0.00098
3.62,9.88,0.4615,0.0000,0.00000,0.00363
3.88,9.88,1.1042,0.0000,0.00000,0.00807
4.12,9.88,1.6245,0.0000,0.00000,0.01081
4.38,9.88,1.4946,0.0000,0.00000,0.00954
4.62,9.88,1.4906,0.0000,0.00000,0.00932
4.88,9.88,1.8303,0.0000,0.00000,0.01122
5.12,9.88,1.6994,0.0000,0.00000,0.01032
5.38,9.88,1.7149,0.0000,0.00000,0.01010
5.62,9.88,2.0341,0.0000,0.00000,0.01189
5.88,9.88,1.6824,0.0000,0.00000,0.01064
6.12,9.88,1.7322,0.0000,0.00000,0.01194
6.38,9.88,2.1338,0.0000,0.00000,0.01463
6.62,9.88,1.5591,0.0000,0.00000,0.01059
6.88,9.88,1.6008,0.0000,0.00000,0.00992
7.12,9.88,2.2307,0.0000,0.00000,0.01287
7.38,9.88,1.7746,0.0000,0.00000,0.01002
2.62,10.12,0.0001,0.0000,0.00000,0.00000
2.88,10.12,0.0018,0.0000,0.00000,0.00001
3.12,10.12,0.0219,0.0000,0.00000,0.00014
3.38,10.12,0.1304,0.0000,0.00000,0.00090
3.62,10.12,0.4552,0.0000,0.00000,0.00318
3.88,10.12,1.0923,0.0000,0.00000,0.00720
4.12,10.12,1.6285,0.0000,0.00000,0.01011
4.38,10.12,1.5186,0.0000,0.00000,0.00926
4.62,10.12,1.4933,0.0000,0.00000,0.00906
4.88,10.12,1.8269,0.0000,0.00000,0.01087
5.12,10.12,1.7254,0.0000,0.00000,0.01026
5.38,10.12,1.7361,0.0000,0.00000,0.01013
5.62,10.12,2.0441,0.0000,0.00000,0.01198
5.88,10.12,1.6996,0.0000,0.00000,0.01086
6.12,10.12,1.7497,0.0000,0.00000,0.01159
6.38,10.12,2.1475,0.0000,0.00000,0.01364
6.62,10.12,1.5623,0.0000,0.00000,0.00972
6.88,10.12,1.6028,0.0000,0.00000,0.00919
7.12,10.12,2.2455,0.0000,0.00000,0.01220
7.38,10.12,1.7908,0.0000,0.00000,0.00958
2.62,10.38,0.0001,0.0000,0.00000,0.00000
2.88,10.38,0.0018,0.0000,0.00000,0.00001
3.12,10.38,0.0217,0.0000,0.00000,0.00015
3.38,10.38,0.1294,0.0000,0.00000,0.00093
3.62,10.38,0.4493,0.0000,0.00000,0.00314
3.88,10.38,1.0819,0.0000,0.00000,0.00701
4.12,10.38,1.6367,0.0000,0.00000,0.00998
4.38,10.38,1.5461,0.0000,0.00000,0.00935
4.62,10.38,1.4979,0.0000,0.00000,0.00914
4.88,10.38,1.8291,0.0000,0.00000,0.01101
5.12,10.38,1.7558,0.0000,0.00000,0.01057
5.38,10.38,1.7547,0.0000,0.00000,0.01047
5.62,10.38,2.0529,0.0000,0.00000,0.01274
5.88,10.38,1.7205,0.0000,0.00000,0.01193
6.12,10.38,1.7694,0.0000,0.00000,0.01156
6.38,10.38,2.1624,0.0000,0.00000,0.01252
6.62,10.38,1.5692,0.0000,0.00000,0.00875
6.88,10.38,1.6096,0.0000,0.00000,0.00854
7.12,10.38,2.2631,0.0000,0.00000,0.01170
7.38,10.38,1.8077,0.0000,0.00000,0.00928
2.62,10.62,0.0001,0.0000,0.00000,0.00000
2.88,10.62,0.0018,0.0000,0.00000,0.00001
3.12,10.62,0.0217,0.0000,0.00000,0.00015
3.38,10.62,0.1285,0.0000,0.00000,0.00091
3.62,10.62,0.4428,0.0000,0.00000,0.00306
3.88,10.62,1.0664,0.0000,0.00000,0.00683
4.12,10.62,1.6359,0.0000,0.00000,0.00994
4.38,10.62,1.5727,0.0000,0.00000,0.00962
4.62,10.62,1.5063,0.0000,0.00000,0.00943
4.88,10.62,1.8323,0.0000,0.00000,0.01128
5.12,10.62,1.7896,0.0000,0.00000,0.01088
5.38,10.62,1.7688,0.0000,0.00000,0.01069
5.62,10.62,2.0506,0.0000,0.00000,0.01302
5.88,10.62,1.7433,0.0000,0.00000,0.01234
6.12,10.62,1.7958,0.0000,0.00000,0.01161
6.38,10.62,2.1845,0.0000,0.00000,0.01230
6.62,10.62,1.5865,0.0000,0.00000,0.00859
6.88,10.62,1.6230,0.0000,0.00000,0.00849
7.12,10.62,2.2791,0.0000,0.00000,0.01174
7.38,10.62,1.8207,0.0000,0.00000,0.00935
2.62,10.88,0.0001,0.0000,0.00000,0.00000
2.88,10.88,0.0018,0.0000,0.00000,0.00001
3.12,10.88,0.0218,0.0000,0.00000,0.00014
3.38,10.88,0.1265,0.0000,0.00000,0.00083
3.62,10.88,0.4303,0.0000,0.00000,0.00285
3.88,10.88,1.0382,0.0000,0.00000,0.00654
4.12,10.88,1.6208,0.0000,0.00000,0.00984
4.38,10.88,1.5889,0.0000,0.00000,0.00983
4.62,10.88,1.5043,0.0000,0.00000,0.00948
4.88,10.88,1.8282,0.0000,0.00000,0.01117
5.12,10.88,1.8305,0.0000,0.00000,0.01095
5.38,10.88,1.7892,0.0000,0.00000,0.01058
5.62,10.88,2.0499,0.0000,0.00000,0.01228
5.88,10.88,1.7763,0.0000,0.00000,0.01124
6.12,10.88,1.8308,0.0000,0.00000,0.01085
6.38,10.88,2.2089,0.0000,0.00000,0.01199
6.62,10.88,1.6033,0.0000,0.00000,0.00858
6.88,10.88,1.6323,0.0000,0.00000,0.00867
7.12,10.88,2.2886,0.0000,0.00000,0.01204
7.38,10.88,1.8287,0.0000,0.00000,0.00959
2.62,11.12,0.0001,0.0000,0.00000,0.00000
2.88,11.12,0.0018,0.0000,0.00000,0.00001
3.12,11.12,0.0214,0.0000,0.00000,0.00013
3.38,11.12,0.1239,0.0000,0.00000,0.00082
3.62,11.12,0.4190,0.0000,0.00000,0.00280
3.88,11.12,1.0134,0.0000,0.00000,0.00644
4.12,11.12,1.6122,0.0000,0.00000,0.00991
4.38,11.12,1.6137,0.0000,0.00000,0.01007
4.62,11.12,1.5002,0.0000,0.00000,0.00924
4.88,11.12,1.8180,0.0000,0.00000,0.01059
5.12,11.12,1.8705,0.0000,0.00000,0.01077
5.38,11.12,1.8057,0.0000,0.00000,0.01047
5.62,11.12,2.0444,0.0000,0.00000,0.01171
5.88,11.12,1.8134,0.0000,0.00000,0.01045
6.12,11.12,1.8708,0.0000,0.00000,0.01034
6.38,11.12,2.2347,0.0000,0.00000,0.01180
6.62,11.12,1.6214,0.0000,0.00000,0.00859
6.88,11.12,1.6448,0.0000,0.00000,0.00876
7.12,11.12,2.3034,0.0000,0.00000,0.01209
7.38,11.12,1.8412,0.0000,0.00000,0.00961
2.62,11.38,0.0001,0.0000,0.00000,0.00000
2.88,11.38,0.0018,0.0000,0.00000,0.00001
3.12,11.38,0.0215,0.0000,0.00000,0.00014
3.38,11.38,0.1236,0.0000,0.00000,0.00088
3.62,11.38,0.4145,0.0000,0.00000,0.00295
3.88,11.38,0.9957,0.0000,0.00000,0.00657
4.12,11.38,1.6063,0.0000,0.00000,0.00992
4.38,11.38,1.6438,0.0000,0.00000,0.01003
4.62,11.38,1.5041,0.0000,0.00000,0.00897
4.88,11.38,1.8157,0.0000,0.00000,0.01022
5.12,11.38,1.9202,0.0000,0.00000,0.01079
5.38,11.38,1.8259,0.0000,0.00000,0.01049
5.62,11.38,2.0375,0.0000,0.00000,0.01153
5.88,11.38,1.8506,0.0000,0.00000,0.01039
6.12,11.38,1.9072,0.0000,0.00000,0.01042
6.38,11.38,2.2487,0.0000,0.00000,0.01198
6.62,11.38,1.6299,0.0000,0.00000,0.00876
6.88,11.38,1.6510,0.0000,0.00000,0.00880
7.12,11.38,2.3128,0.0000,0.00000,0.01205
7.38,11.38,1.8503,0.0000,0.00000,0.00956
2.62,11.62,0.0001,0.0000,0.00000,0.00000
2.88,11.62,0.0018,0.0000,0.00000,0.00001
3.12,11.62,0.0213,0.0000,0.00000,0.00015
3.38,11.62,0.1227,0.0000,0.00000,0.00094
3.62,11.62,0.4083,0.0000,0.00000,0.00313
3.88,11.62,0.9747,0.0000,0.00000,0.00678
4.12,11.62,1.5965,0.0000,0.00000,0.00997
4.38,11.62,1.6732,0.0000,0.00000,0.00998
4.62,11.62,1.5085,0.0000,0.00000,0.00881
4.88,11.62,1.8092,0.0000,0.00000,0.01012
5.12,11.62,1.9634,0.0000,0.00000,0.01093
5.38,11.62,1.8447,0.0000,0.00000,0.01047
5.62,11.62,2.0360,0.0000,0.00000,0.01140
5.88,11.62,1.9008,0.0000,0.00000,0.01056
6.12,11.62,1.9562,0.0000,0.00000,0.01076
6.38,11.62,2.2703,0.0000,0.00000,0.01236
6.62,11.62,1.6442,0.0000,0.00000,0.00903
6.88,11.62,1.6653,0.0000,0.00000,0.00898
7.12,11.62,2.3339,0.0000,0.00000,0.01229
7.38,11.62,1.8689,0.0000,0.00000,0.00977
2.62,11.88,0.0001,0.0000,0.00000,0.00000
2.88,11.88,0.0018,0.0000,0.00000,0.00001
3.12,11.88,0.0208,0.0000,0.00000,0.00015
3.38,11.88,0.1202,0.0000,0.00000,0.00090
3.62,11.88,0.3989,0.0000,0.00000,0.00301
3.88,11.88,0.9506,0.0000,0.00000,0.00668
4.12,11.88,1.5837,0.0000,0.00000,0.01022
4.38,11.88,1.6996,0.0000,0.00000,0.01050
4.62,11.88,1.5122,0.0000,0.00000,0.00916
4.88,11.88,1.7973,0.0000,0.00000,0.01038
5.12,11.88,1.9934,0.0000,0.00000,0.01120
5.38,11.88,1.8481,0.0000,0.00000,0.01040
5.62,11.88,2.0264,0.0000,0.00000,0.01130
5.88,11.88,1.9571,0.0000,0.00000,0.01099
6.12,11.88,2.0090,0.0000,0.00000,0.01160
6.38,11.88,2.2909,0.0000,0.00000,0.01339
6.62,11.88,1.6622,0.0000,0.00000,0.00985
6.88,11.88,1.6859,0.0000,0.00000,0.00969
7.12,11.88,2.3594,0.0000,0.00000,0.01319
7.38,11.88,1.8896,0.0000,0.00000,0.01049
2.62,12.12,0.0001,0.0000,0.00000,0.00000
2.88,12.12,0.0015,0.0000,0.00000,0.00001
3.12,12.12,0.0191,0.0000,0.00000,0.00014
3.38,12.12,0.1142,0.0000,0.00000,0.00085
3.62,12.12,0.3880,0.0000,0.00000,0.00290
3.88,12.12,0.9287,0.0000,0.00000,0.00670
4.12,12.12,1.5706,0.0000,0.00000,0.01069
4.38,12.12,1.7312,0.0000,0.00000,0.01128
4.62,12.12,1.5284,0.0000,0.00000,0.00969
4.88,12.12,1.7946,0.0000,0.00000,0.01069
5.12,12.12,2.0231,0.0000,0.00000,0.01155
5.38,12.12,1.8431,0.0000,0.00000,0.01054
5.62,12.12,2.0067,0.0000,0.00000,0.01159
5.88,12.12,2.0096,0.0000,0.00000,0.01191
6.12,12.12,2.0545,0.0000,0.00000,0.01272
6.38,12.12,2.2986,0.0000,0.00000,0.01446
6.62,12.12,1.6745,0.0000,0.00000,0.01068
6.88,12.12,1.6982,0.0000,0.00000,0.01041
7.12,12.12,2.3671,0.0000,0.00000,0.01405
7.38,12.12,1.8952,0.0000,0.00000,0.01117
2.62,12.38,0.0001,0.0000,0.00000,0.00000
2.88,12.38,0.0013,0.0000,0.00000,0.00001
3.12,12.38,0.0169,0.0000,0.00000,0.00013
3.38,12.38,0.1063,0.0000,0.00000,0.00083
3.62,12.38,0.3759,0.0000,0.00000,0.00301
3.88,12.38,0.9089,0.0000,0.00000,0.00719
4.12,12.38,1.5573,0.0000,0.00000,0.01144
4.38,12.38,1.7566,0.0000,0.00000,0.01185
4.62,12.38,1.5353,0.0000,0.00000,0.00982
4.88,12.38,1.7842,0.0000,0.00000,0.01062
5.12,12.38,2.0521,0.0000,0.00000,0.01172
5.38,12.38,1.8349,0.0000,0.00000,0.01079
5.62,12.38,1.9792,0.0000,0.00000,0.01212
5.88,12.38,2.0616,0.0000,0.00000,0.01289
6.12,12.38,2.1050,0.0000,0.00000,0.01325
6.38,12.38,2.3144,0.0000,0.00000,0.01444
6.62,12.38,1.6944,0.0000,0.00000,0.01064
6.88,12.38,1.7134,0.0000,0.00000,0.01048
7.12,12.38,2.3742,0.0000,0.00000,0.01417
7.38,12.38,1.8995,0.0000,0.00000,0.01129
2.62,12.62,0.0000,0.0000,0.00000,0.00000
2.88,12.62,0.0011,0.0000,0.00000,0.00001
3.12,12.62,0.0151,0.0000,0.00000,0.00012
3.38,12.62,0.0994,0.0000,0.00000,0.00086
3.62,12.62,0.3637,0.0000,0.00000,0.00344
3.88,12.62,0.8858,0.0000,0.00000,0.00836
4.12,12.62,1.5377,0.0000,0.00000,0.01276
4.38,12.62,1.7766,0.0000,0.00000,0.01259
4.62,12.62,1.5396,0.0000,0.00000,0.00996
4.88,12.62,1.7691,0.0000,0.00000,0.01065
5.12,12.62,2.0769,0.0000,0.00000,0.01210
5.38,12.62,1.8294,0.0000,0.00000,0.01113
5.62,12.62,1.9651,0.0000,0.00000,0.01244
5.88,12.62,2.1360,0.0000,0.00000,0.01338
6.12,12.62,2.1698,0.0000,0.00000,0.01335
6.38,12.62,2.3346,0.0000,0.00000,0.01422
6.62,12.62,1.7172,0.0000,0.00000,0.01054
6.88,12.62,1.7332,0.0000,0.00000,0.01044
7.12,12.62,2.3874,0.0000,0.00000,0.01411
7.38,12.62,1.9084,0.0000,0.00000,0.01124
2.62,12.88,0.0000,0.0000,0.00000,0.00000
2.88,12.88,0.0009,0.0000,0.00000,0.00001
3.12,12.88,0.0133,0.0000,0.00000,0.00011
3.38,12.88,0.0920,0.0000,0.00000,0.00087
3.62,12.88,0.3505,0.0000,0.00000,0.00374
3.88,12.88,0.8620,0.0000,0.00000,0.00896
4.12,12.88,1.5157,0.0000,0.00000,0.01322
4.38,12.88,1.7977,0.0000,0.00000,0.01293
4.62,12.88,1.5596,0.0000,0.00000,0.01020
4.88,12.88,1.7631,0.0000,0.00000,0.01101
5.12,12.88,2.0899,0.0000,0.00000,0.01273
5.38,12.88,1.8085,0.0000,0.00000,0.01125
5.62,12.88,1.9360,0.0000,0.00000,0.01212
5.88,12.88,2.1994,0.0000,0.00000,0.01346
6.12,12.88,2.2252,0.0000,0.00000,0.01368
6.38,12.88,2.3467,0.0000,0.00000,0.01474
6.62,12.88,1.7414,0.0000,0.00000,0.01115
6.88,12.88,1.7540,0.0000,0.00000,0.01081
7.12,12.88,2.3954,0.0000,0.00000,0.01433
7.38,12.88,1.9120,0.0000,0.00000,0.01138
2.62,13.12,0.0000,0.0000,0.00000,0.00000
2.88,13.12,0.0008,0.0000,0.00000,0.00001
3.12,13.12,0.0113,0.0000,0.00000,0.00009
3.38,13.12,0.0836,0.0000,0.00000,0.00075
3.62,13.12,0.3355,0.0000,0.00000,0.00326
3.88,13.12,0.8386,0.0000,0.00000,0.00780
4.12,13.12,1.4904,0.0000,0.00000,0.01185
4.38,13.12,1.8074,0.0000,0.00000,0.01242
4.62,13.12,1.5772,0.0000,0.00000,0.01037
4.88,13.12,1.7566,0.0000,0.00000,0.01148
5.12,13.12,2.0979,0.0000,0.00000,0.01347
5.38,13.12,1.7901,0.0000,0.00000,0.01142
5.62,13.12,1.9075,0.0000,0.00000,0.01183
5.88,13.12,2.2514,0.0000,0.00000,0.01383
6.12,13.12,2.2640,0.0000,0.00000,0.01442
6.38,13.12,2.3450,0.0000,0.00000,0.01566
6.62,13.12,1.7658,0.0000,0.00000,0.01212
6.88,13.12,1.7820,0.0000,0.00000,0.01165
7.12,13.12,2.4083,0.0000,0.00000,0.01515
7.38,13.12,1.9183,0.0000,0.00000,0.01199
2.62,13.38,0.0000,0.0000,0.00000,0.00000
2.88,13.38,0.0006,0.0000,0.00000,0.00000
3.12,13.38,0.0095,0.0000,0.00000,0.00007
3.38,13.38,0.0757,0.0000,0.00000,0.00062
3.62,13.38,0.3213,0.0000,0.00000,0.00272
3.88,13.38,0.8158,0.0000,0.00000,0.00668
4.12,13.38,1.4578,0.0000,0.00000,0.01082
4.38,13.38,1.8041,0.0000,0.00000,0.01238
4.62,13.38,1.6023,0.0000,0.00000,0.01101
4.88,13.38,1.7681,0.0000,0.00000,0.01227
5.12,13.38,2.1186,0.0000,0.00000,0.01446
5.38,13.38,1.7911,0.0000,0.00000,0.01212
5.62,13.38,1.9011,0.0000,0.00000,0.01237
5.88,13.38,2.3109,0.0000,0.00000,0.01498
6.12,13.38,2.2902,0.0000,0.00000,0.01565
6.38,13.38,2.3289,0.0000,0.00000,0.01679
6.62,13.38,1.8001,0.0000,0.00000,0.01318
6.88,13.38,1.8241,0.0000,0.00000,0.01270
7.12,13.38,2.4255,0.0000,0.00000,0.01635
7.38,13.38,1.9250,0.0000,0.00000,0.01291
2.62,13.62,0.0000,0.0000,0.00000,0.00000
2.88,13.62,0.0005,0.0000,0.00000,0.00000
3.12,13.62,0.0078,0.0000,0.00000,0.00006
3.38,13.62,0.0681,0.0000,0.00000,0.00054
3.62,13.62,0.3062,0.0000,0.00000,0.00254
3.88,13.62,0.7884,0.0000,0.00000,0.00649
4.12,13.62,1.4181,0.0000,0.00000,0.01092
4.38,13.62,1.8014,0.0000,0.00000,0.01309
4.62,13.62,1.6388,0.0000,0.00000,0.01198
4.88,13.62,1.7799,0.0000,0.00000,0.01307
5.12,13.62,2.1283,0.0000,0.00000,0.01552
5.38,13.62,1.7962,0.0000,0.00000,0.01343
5.62,13.62,1.8983,0.0000,0.00000,0.01366
5.88,13.62,2.3546,0.0000,0.00000,0.01648
6.12,13.62,2.2932,0.0000,0.00000,0.01677
6.38,13.62,2.3034,0.0000,0.00000,0.01755
6.62,13.62,1.8544,0.0000,0.00000,0.01395
6.88,13.62,1.8847,0.0000,0.00000,0.01347
7.12,13.62,2.4452,0.0000,0.00000,0.01716
7.38,13.62,1.9298,0.0000,0.00000,0.01352
2.62,13.88,0.0000,0.0000,0.00000,0.00000
2.88,13.88,0.0003,0.0000,0.00000,0.00000
3.12,13.88,0.0063,0.0000,0.00000,0.00005
3.38,13.88,0.0611,0.0000,0.00000,0.00048
3.62,13.88,0.2893,0.0000,0.00000,0.00242
3.88,13.88,0.7541,0.0000,0.00000,0.00642
4.12,13.88,1.3707,0.0000,0.00000,0.01119
4.38,13.88,1.7937,0.0000,0.00000,0.01391
4.62,13.88,1.6693,0.0000,0.00000,0.01286
4.88,13.88,1.7696,0.0000,0.00000,0.01365
5.12,13.88,2.1131,0.0000,0.00000,0.01647
5.38,13.88,1.8082,0.0000,0.00000,0.01487
5.62,13.88,1.9022,0.0000,0.00000,0.01513
5.88,13.88,2.3736,0.0000,0.00000,0.01786
6.12,13.88,2.2654,0.0000,0.00000,0.01722
6.38,13.88,2.2634,0.0000,0.00000,0.01744
6.62,13.88,1.9188,0.0000,0.00000,0.01440
6.88,13.88,1.9569,0.0000,0.00000,0.01414
7.12,13.88,2.4662,0.0000,0.00000,0.01769
7.38,13.88,1.9331,0.0000,0.00000,0.01386
2.62,14.12,0.0000,0.0000,0.00000,0.00000
2.88,14.12,0.0002,0.0000,0.00000,0.00000
3.12,14.12,0.0052,0.0000,0.00000,0.00004
3.38,14.12,0.0553,0.0000,0.00000,0.00045
3.62,14.12,0.2728,0.0000,0.00000,0.00236
3.88,14.12,0.7180,0.0000,0.00000,0.00638
4.12,14.12,1.3183,0.0000,0.00000,0.01152
4.38,14.12,1.7798,0.0000,0.00000,0.01500
4.62,14.12,1.7004,0.0000,0.00000,0.01417
4.88,14.12,1.7501,0.0000,0.00000,0.01452
5.12,14.12,2.0820,0.0000,0.00000,0.01729
5.38,14.12,1.8320,0.0000,0.00000,0.01585
5.62,14.12,1.9210,0.0000,0.00000,0.01624
5.88,14.12,2.3814,0.0000,0.00000,0.01905
6.12,14.12,2.2168,0.0000,0.00000,0.01783
6.38,14.12,2.2076,0.0000,0.00000,0.01807
6.62,14.12,1.9854,0.0000,0.00000,0.01601
6.88,14.12,2.0388,0.0000,0.00000,0.01584
7.12,14.12,2.4945,0.0000,0.00000,0.01908
7.38,14.12,1.9410,0.0000,0.00000,0.01482
2.62,14.38,0.0000,0.0000,0.00000,0.00000
2.88,14.38,0.0002,0.0000,0.00000,0.00000
3.12,14.38,0.0043,0.0000,0.00000,0.00004
3.38,14.38,0.0497,0.0000,0.00000,0.00046
3.62,14.38,0.2553,0.0000,0.00000,0.00245
3.88,14.38,0.6806,0.0000,0.00000,0.00663
4.12,14.38,1.2657,0.0000,0.00000,0.01211
4.38,14.38,1.7682,0.0000,0.00000,0.01644
4.62,14.38,1.7432,0.0000,0.00000,0.01611
4.88,14.38,1.7358,0.0000,0.00000,0.01595
5.12,14.38,2.0446,0.0000,0.00000,0.01856
5.38,14.38,1.8630,0.0000,0.00000,0.01717
5.62,14.38,1.9500,0.0000,0.00000,0.01738
5.88,14.38,2.3841,0.0000,0.00000,0.02020
6.12,14.38,2.1592,0.0000,0.00000,0.01878
6.38,14.38,2.1522,0.0000,0.00000,0.01967
6.62,14.38,2.0679,0.0000,0.00000,0.01888
6.88,14.38,2.1331,0.0000,0.00000,0.01853
7.12,14.38,2.5239,0.0000,0.00000,0.02123
7.38,14.38,1.9471,0.0000,0.00000,0.01628
2.62,14.62,0.0000,0.0000,0.00000,0.00000
2.88,14.62,0.0001,0.0000,0.00000,0.00000
3.12,14.62,0.0037,0.0000,0.00000,0.00004
3.38,14.62,0.0456,0.0000,0.00000,0.00047
3.62,14.62,0.2399,0.0000,0.00000,0.00251
3.88,14.62,0.6448,0.0000,0.00000,0.00679
4.12,14.62,1.2084,0.0000,0.00000,0.01251
4.38,14.62,1.7413,0.0000,0.00000,0.01772
4.62,14.62,1.7788,0.0000,0.00000,0.01819
4.88,14.62,1.7251,0.0000,0.00000,0.01770
5.12,14.62,2.0130,0.0000,0.00000,0.02052
5.38,14.62,1.9060,0.0000,0.00000,0.01958
5.62,14.62,1.9879,0.0000,0.00000,0.01951
5.88,14.62,2.3820,0.0000,0.00000,0.02230
6.12,14.62,2.0859,0.0000,0.00000,0.02004
6.38,14.62,2.0829,0.0000,0.00000,0.02089
6.62,14.62,2.1594,0.0000,0.00000,0.02164
6.88,14.62,2.2346,0.0000,0.00000,0.02162
7.12,14.62,2.5447,0.0000,0.00000,0.02399
7.38,14.62,1.9431,0.0000,0.00000,0.01822
2.62,14.88,0.0000,0.0000,0.00000,0.00000
2.88,14.88,0.0001,0.0000,0.00000,0.00000
3.12,14.88,0.0032,0.0000,0.00000,0.00003
3.38,14.88,0.0404,0.0000,0.00000,0.00042
3.62,14.88,0.2167,0.0000,0.00000,0.00232
3.88,14.88,0.5934,0.0000,0.00000,0.00649
4.12,14.88,1.1332,0.0000,0.00000,0.01257
4.38,14.88,1.6926,0.0000,0.00000,0.01892
4.62,14.88,1.7982,0.0000,0.00000,0.02038
4.88,14.88,1.7091,0.0000,0.00000,0.01958
5.12,14.88,1.9827,0.0000,0.00000,0.02286
5.38,14.88,1.9647,0.0000,0.00000,0.02284
5.62,14.88,2.0341,0.0000,0.00000,0.02253
5.88,14.88,2.3696,0.0000,0.00000,0.02525
6.12,14.88,2.0056,0.0000,0.00000,0.02203
6.38,14.88,2.0076,0.0000,0.00000,0.02248
6.62,14.88,2.2450,0.0000,0.00000,0.02466
6.88,14.88,2.3354,0.0000,0.00000,0.02516
7.12,14.88,2.5681,0.0000,0.00000,0.02736
7.38,14.88,1.9417,0.0000,0.00000,0.02062
2.62,15.12,0.0000,0.0000,0.00000,0.00000
2.88,15.12,0.0001,0.0000,0.00000,0.00000
3.12,15.12,0.0025,0.0000,0.00000,0.00003
3.38,15.12,0.0332,0.0000,0.00000,0.00036
3.62,15.12,0.1845,0.0000,0.00000,0.00203
3.88,15.12,0.5276,0.0000,0.00000,0.00612
4.12,15.12,1.0463,0.0000,0.00000,0.01282
4.38,15.12,1.6287,0.0000,0.00000,0.02051
4.62,15.12,1.8033,0.0000,0.00000,0.02296
4.88,15.12,1.6790,0.0000,0.00000,0.02153
5.12,15.12,1.9333,0.0000,0.00000,0.02481
5.38,15.12,2.0189,0.0000,0.00000,0.02582
5.62,15.12,2.0717,0.0000,0.00000,0.02547
5.88,15.12,2.3354,0.0000,0.00000,0.02812
6.12,15.12,1.9239,0.0000,0.00000,0.02431
6.38,15.12,1.9374,0.0000,0.00000,0.02484
6.62,15.12,2.3164,0.0000,0.00000,0.02869
6.88,15.12,2.4244,0.0000,0.00000,0.02944
7.12,15.12,2.5919,0.0000,0.00000,0.03119
7.38,15.12,1.9432,0.0000,0.00000,0.02332
2.62,15.38,0.0000,0.0000,0.00000,0.00000
2.88,15.38,0.0001,0.0000,0.00000,0.00000
3.12,15.38,0.0019,0.0000,0.00000,0.00002
3.38,15.38,0.0259,0.0000,0.00000,0.00029
3.62,15.38,0.1501,0.0000,0.00000,0.00178
3.88,15.38,0.4566,0.0000,0.00000,0.00592
4.12,15.38,0.9528,0.0000,0.00000,0.01347
4.38,15.38,1.5555,0.0000,0.00000,0.02264
4.62,15.38,1.8000,0.0000,0.00000,0.02609
4.88,15.38,1.6435,0.0000,0.00000,0.02403
5.12,15.38,1.8717,0.0000,0.00000,0.02747
5.38,15.38,2.0670,0.0000,0.00000,0.03020
5.62,15.38,2.1079,0.0000,0.00000,0.02997
5.88,15.38,2.3040,0.0000,0.00000,0.03232
6.12,15.38,1.8664,0.0000,0.00000,0.02754
6.38,15.38,1.8877,0.0000,0.00000,0.02831
6.62,15.38,2.3707,0.0000,0.00000,0.03423
6.88,15.38,2.4879,0.0000,0.00000,0.03506
7.12,15.38,2.6007,0.0000,0.00000,0.03615
7.38,15.38,1.9366,0.0000,0.00000,0.02680
2.62,15.62,0.0000,0.0000,0.00000,0.00000
2.88,15.62,0.0000,0.0000,0.00000,0.00000
3.12,15.62,0.0014,0.0000,0.00000,0.00002
3.38,15.62,0.0200,0.0000,0.00000,0.00025
3.62,15.62,0.1218,0.0000,0.00000,0.00163
3.88,15.62,0.3942,0.0000,0.00000,0.00589
4.12,15.62,0.8616,0.0000,0.00000,0.01422
4.38,15.62,1.4773,0.0000,0.00000,0.02473
4.62,15.62,1.7946,0.0000,0.00000,0.02946
4.88,15.62,1.6168,0.0000,0.00000,0.02740
5.12,15.62,1.8082,0.0000,0.00000,0.03191
5.38,15.62,2.0942,0.0000,0.00000,0.03711
5.62,15.62,2.1132,0.0000,0.00000,0.03658
5.88,15.62,2.2497,0.0000,0.00000,0.03858
6.12,15.62,1.8356,0.0000,0.00000,0.03325
6.38,15.62,1.8672,0.0000,0.00000,0.03456
6.62,15.62,2.4072,0.0000,0.00000,0.04299
6.88,15.62,2.5294,0.0000,0.00000,0.04331
7.12,15.62,2.6046,0.0000,0.00000,0.04312
7.38,15.62,1.9304,0.0001,0.00000,0.03165
2.62,15.88,0.0000,0.0000,0.00000,0.00000
2.88,15.88,0.0000,0.0000,0.00000,0.00000
3.12,15.88,0.0010,0.0000,0.00000,0.00001
3.38,15.88,0.0149,0.0000,0.00000,0.00021
3.62,15.88,0.0966,0.0000,0.00000,0.00150
3.88,15.88,0.3357,0.0000,0.00000,0.00584
4.12,15.88,0.7699,0.0000,0.00000,0.01458
4.38,15.88,1.3896,0.0000,0.00000,0.02625
4.62,15.88,1.7734,0.0000,0.00000,0.03278
4.88,15.88,1.5830,0.0000,0.00000,0.03080
5.12,15.88,1.7308,0.0000,0.00000,0.03621
5.38,15.88,2.0812,0.0000,0.00000,0.04438
5.62,15.88,2.0560,0.0000,0.00000,0.04452
5.88,15.88,2.1410,0.0000,0.00000,0.04829
6.12,15.88,1.8354,0.0000,0.00000,0.04523
6.38,15.88,1.8931,0.0000,0.00000,0.04832
6.62,15.88,2.4345,0.0000,0.00000,0.05964
6.88,15.88,2.5531,0.0003,0.00000,0.05848
7.12,15.88,2.6069,0.0012,0.00000,0.05638
7.38,15.88,1.9276,0.0027,0.00000,0.04121
2.62,16.12,0.0000,0.0000,0.00000,0.00000
2.88,16.12,0.0000,0.0000,0.00000,0.00000
3.12,16.12,0.0007,0.0000,0.00000,0.00001
3.38,16.12,0.0102,0.0000,0.00000,0.00017
3.62,16.12,0.0725,0.0000,0.00000,0.00132
3.88,16.12,0.2759,0.0000,0.00000,0.00561
4.12,16.12,0.6761,0.0000,0.00000,0.01459
4.38,16.12,1.2973,0.0000,0.00000,0.02770
4.62,16.12,1.7378,0.0000,0.00000,0.03687
4.88,16.12,1.5523,0.0000,0.00000,0.03531
5.12,16.12,1.6508,0.0000,0.00000,0.04124
5.38,16.12,2.0283,0.0000,0.00000,0.05261
5.62,16.12,1.9459,0.0000,0.00000,0.05381
5.88,16.12,1.9960,0.0000,0.00000,0.06066
6.12,16.12,1.8836,0.0000,0.00000,0.06389
6.38,16.12,1.9689,0.0000,0.00000,0.07263
6.62,16.12,2.4376,0.0003,0.00000,0.09042
6.88,16.12,2.5326,0.0034,0.00000,0.09266
7.12,16.12,2.5760,0.0160,0.00000,0.09495
7.38,16.12,1.9127,0.0354,0.00000,0.07463
2.62,16.38,0.0000,0.0000,0.00000,0.00000
2.88,16.38,0.0000,0.0000,0.00000,0.00000
3.12,16.38,0.0004,0.0000,0.00000,0.00001
3.38,16.38,0.0064,0.0000,0.00000,0.00012
3.62,16.38,0.0511,0.0000,0.00000,0.00108
3.88,16.38,0.2172,0.0000,0.00000,0.00507
4.12,16.38,0.5776,0.0000,0.00000,0.01414
4.38,16.38,1.1902,0.0000,0.00000,0.02881
4.62,16.38,1.6956,0.0000,0.00000,0.04110
4.88,16.38,1.5657,0.0000,0.00000,0.04112
5.12,16.38,1.5990,0.0000,0.00000,0.04751
5.38,16.38,1.9451,0.0000,0.00000,0.06135
5.62,16.38,1.8181,0.0000,0.00000,0.06275
5.88,16.38,1.8383,0.0000,0.00000,0.07195
6.12,16.38,1.9354,0.0000,0.00000,0.08424
6.38,16.38,2.0080,0.0001,0.00000,0.09949
6.62,16.38,2.3253,0.0017,0.00000,0.12837
6.88,16.38,2.4037,0.0188,0.00000,0.16129
7.12,16.38,2.4744,0.0856,0.00000,0.21091
7.38,16.38,1.9000,0.1837,0.00000,0.21108
2.62,16.62,0.0000,0.0000,0.00000,0.00000
2.88,16.62,0.0000,0.0000,0.00000,0.00000
3.12,16.62,0.0002,0.0000,0.00000,0.00000
3.38,16.62,0.0036,0.0000,0.00000,0.00007
3.62,16.62,0.0340,0.0000,0.00000,0.00083
3.88,16.62,0.1640,0.0000,0.00000,0.00437
4.12,16.62,0.4756,0.0000,0.00000,0.01319
4.38,16.62,1.0509,0.0000,0.00000,0.02858
4.62,16.62,1.6148,0.0000,0.00000,0.04357
4.88,16.62,1.5988,0.0000,0.00000,0.04639
5.12,16.62,1.5560,0.0000,0.00000,0.05251
5.38,16.62,1.8419,0.0000,0.00000,0.06826
5.62,16.62,1.7594,0.0000,0.00000,0.07277
5.88,16.62,1.7480,0.0000,0.00000,0.08547
6.12,16.62,1.9431,0.0000,0.00000,0.10623
6.38,16.62,1.9445,0.0004,0.00000,0.12029
6.62,16.62,2.0732,0.0062,0.00000,0.15340
6.88,16.62,2.1108,0.0537,0.00000,0.23335
7.12,16.62,2.1945,0.2133,0.00000,0.39618
7.38,16.62,1.8456,0.4006,0.00000,0.50187
2.62,16.88,0.0000,0.0000,0.00000,0.00000
2.88,16.88,0.0000,0.0000,0.00000,0.00000
3.12,16.88,0.0001,0.0000,0.00000,0.00000
3.38,16.88,0.0020,0.0000,0.00000,0.00005
3.62,16.88,0.0225,0.0000,0.00000,0.00066
3.88,16.88,0.1223,0.0000,0.00000,0.00378
4.12,16.88,0.3851,0.0000,0.00000,0.01204
4.38,16.88,0.9004,0.0000,0.00000,0.02731
4.62,16.88,1.4998,0.0000,0.00000,0.04469
4.88,16.88,1.6247,0.0000,0.00000,0.05106
5.12,16.88,1.5071,0.0000,0.00000,0.05537
5.38,16.88,1.7216,0.0000,0.00000,0.07215
5.62,16.88,1.7690,0.0000,0.00000,0.08361
5.88,16.88,1.7186,0.0000,0.00000,0.09799
6.12,16.88,1.8852,0.0001,0.00000,0.12317
6.38,16.88,1.8521,0.0016,0.00000,0.13853
6.62,16.88,1.8450,0.0174,0.00000,0.16849
6.88,16.88,1.7981,0.1037,0.00000,0.25252
7.12,16.88,1.7897,0.3025,0.00000,0.47812
7.38,16.88,1.7194,0.4292,0.00000,0.67281
7.62,16.88,1.2679,0.2792,0.00000,0.50705
7.88,16.88,0.6827,0.0770,0.00000,0.19805
2.62,17.12,0.0000,0.0000,0.00000,0.00000
2.88,17.12,0.0000,0.0000,0.00000,0.00000
3.12,17.12,0.0000,0.0000,0.00000,0.00000
3.38,17.12,0.0010,0.0000,0.00000,0.00003
3.62,17.12,0.0136,0.0000,0.00000,0.00045
3.88,17.12,0.0834,0.0000,0.00000,0.00285
4.12,17.12,0.2930,0.0000,0.00000,0.01008
4.38,17.12,0.7443,0.0000,0.00000,0.02507
4.62,17.12,1.3658,0.0000,0.00000,0.04499
4.88,17.12,1.6338,0.0000,0.00000,0.05542
5.12,17.12,1.4761,0.0000,0.00000,0.05746
5.38,17.12,1.6025,0.0000,0.00000,0.07324
5.62,17.12,1.7683,0.0000,0.00000,0.09075
5.88,17.12,1.6825,0.0000,0.00000,0.10236
6.12,17.12,1.7746,0.0005,0.00000,0.12881
6.38,17.12,1.8008,0.0039,0.00000,0.15907
6.62,17.12,1.7580,0.0293,0.00000,0.19737
6.88,17.12,1.6930,0.1338,0.00000,0.25723
7.12,17.12,1.5561,0.2826,0.00000,0.39716
7.38,17.12,1.5878,0.2811,0.00000,0.53928
7.62,17.12,1.5270,0.1327,0.00000,0.42806
7.88,17.12,1.1723,0.0282,0.00000,0.19528
8.12,17.12,0.7334,0.0025,0.00000,0.06212
8.38,17.12,0.3983,0.0001,0.00000,0.02030
2.62,17.38,0.0000,0.0000,0.00000,0.00000
2.88,17.38,0.0000,0.0000,0.00000,0.00000
3.12,17.38,0.0000,0.0000,0.00000,0.00000
3.38,17.38,0.0005,0.0000,0.00000,0.00002
3.62,17.38,0.0071,0.0000,0.00000,0.00026
3.88,17.38,0.0496,0.0000,0.00000,0.00187
4.12,17.38,0.2035,0.0000,0.00000,0.00779
4.38,17.38,0.5834,0.0000,0.00000,0.02204
4.62,17.38,1.1986,0.0000,0.00000,0.04362
4.88,17.38,1.5955,0.0000,0.00000,0.05774
5.12,17.38,1.4738,0.0000,0.00000,0.05867
5.38,17.38,1.5075,0.0000,0.00000,0.07125
5.62,17.38,1.7340,0.0000,0.00000,0.09302
5.88,17.38,1.6716,0.0001,0.00000,0.10531
6.12,17.38,1.6792,0.0007,0.00000,0.13249
6.38,17.38,1.7581,0.0048,0.00000,0.18052
6.62,17.38,1.7216,0.0261,0.00000,0.23988
6.88,17.38,1.6878,0.1003,0.00000,0.29808
7.12,17.38,1.5250,0.1749,0.00000,0.32881
7.38,17.38,1.4515,0.1288,0.00000,0.33783
7.62,17.38,1.6235,0.0429,0.00000,0.28225
7.88,17.38,1.6559,0.0067,0.00000,0.16894
8.12,17.38,1.3599,0.0005,0.00000,0.08358
8.38,17.38,0.9366,0.0000,0.00000,0.04460
8.62,17.38,0.5542,0.0000,0.00000,0.02384
8.88,17.38,0.2915,0.0000,0.00000,0.01112
2.62,17.62,0.0000,0.0000,0.00000,0.00000
2.88,17.62,0.0000,0.0000,0.00000,0.00000
3.12,17.62,0.0000,0.0000,0.00000,0.00000
3.38,17.62,0.0002,0.0000,0.00000,0.00001
3.62,17.62,0.0032,0.0000,0.00000,0.00013
3.88,17.62,0.0262,0.0000,0.00000,0.00107
4.12,17.62,0.1276,0.0000,0.00000,0.00530
4.38,17.62,0.4227,0.0000,0.00000,0.01749
4.62,17.62,0.9924,0.0000,0.00000,0.03930
4.88,17.62,1.5007,0.0000,0.00000,0.05793
5.12,17.62,1.4989,0.0000,0.00000,0.06124
5.38,17.62,1.4471,0.0000,0.00000,0.06863
5.62,17.62,1.6656,0.0000,0.00000,0.09067
5.88,17.62,1.6888,0.0000,0.00000,0.10892
6.12,17.62,1.6160,0.0004,0.00000,0.13571
6.38,17.62,1.6871,0.0027,0.00000,0.18860
6.62,17.62,1.6864,0.0128,0.00000,0.25953
6.88,17.62,1.6601,0.0456,0.00000,0.33150
7.12,17.62,1.5649,0.0738,0.00000,0.33733
7.38,17.62,1.3703,0.0467,0.00000,0.26661
7.62,17.62,1.3699,0.0117,0.00000,0.18588
7.88,17.62,1.5641,0.0013,0.00000,0.12659
8.12,17.62,1.6718,0.0001,0.00000,0.09334
8.38,17.62,1.5326,0.0000,0.00000,0.07302
8.62,17.62,1.1816,0.0000,0.00000,0.05040
8.88,17.62,0.7893,0.0000,0.00000,0.02844
9.12,17.62,0.4970,0.0000,0.00000,0.01397
2.62,17.88,0.0000,0.0000,0.00000,0.00000
2.88,17.88,0.0000,0.0000,0.00000,0.00000
3.12,17.88,0.0000,0.0000,0.00000,0.00000
3.38,17.88,0.0001,0.0000,0.00000,0.00000
3.62,17.88,0.0012,0.0000,0.00000,0.00005
3.88,17.88,0.0118,0.0000,0.00000,0.00048
4.12,17.88,0.0700,0.0000,0.00000,0.00295
4.38,17.88,0.2781,0.0000,0.00000,0.01196
4.62,17.88,0.7626,0.0000,0.00000,0.03209
4.88,17.88,1.3379,0.0000,0.00000,0.05554
5.12,17.88,1.5102,0.0000,0.00000,0.06556
5.38,17.88,1.4148,0.0000,0.00000,0.06898
5.62,17.88,1.5530,0.0000,0.00000,0.08588
5.88,17.88,1.6819,0.0000,0.00000,0.10995
6.12,17.88,1.6019,0.0001,0.00000,0.13898
6.38,17.88,1.6250,0.0007,0.00000,0.18492
6.62,17.88,1.6846,0.0035,0.00000,0.23917
6.88,17.88,1.6686,0.0132,0.00000,0.29474
7.12,17.88,1.6162,0.0213,0.00000,0.31105
7.38,17.88,1.4519,0.0129,0.00000,0.25613
7.62,17.88,1.2536,0.0029,0.00000,0.16831
7.88,17.88,1.1986,0.0003,0.00000,0.10423
8.12,17.88,1.3385,0.0000,0.00000,0.07907
8.38,17.88,1.5565,0.0000,0.00000,0.07490
8.62,17.88,1.6297,0.0000,0.00000,0.06665
8.88,17.88,1.4468,0.0000,0.00000,0.04661
9.12,17.88,1.1246,0.0000,0.00000,0.02674
9.38,17.88,0.7571,0.0000,0.00000,0.01394
9.62,17.88,0.4381,0.0000,0.00000,0.00688
2.62,18.12,0.0000,0.0000,0.00000,0.00000
2.88,18.12,0.0000,0.0000,0.00000,0.00000
3.12,18.12,0.0000,0.0000,0.00000,0.00000
3.38,18.12,0.0000,0.0000,0.00000,0.00000
3.62,18.12,0.0004,0.0000,0.00000,0.00001
3.88,18.12,0.0046,0.0000,0.00000,0.00018
4.12,18.12,0.0349,0.0000,0.00000,0.00142
4.38,18.12,0.1670,0.0000,0.00000,0.00714
4.62,18.12,0.5306,0.0000,0.00000,0.02303
4.88,18.12,1.0939,0.0000,0.00000,0.04797
5.12,18.12,1.4484,0.0000,0.00000,0.06659
5.38,18.12,1.4033,0.0000,0.00000,0.07117
5.62,18.12,1.4230,0.0000,0.00000,0.08083
5.88,18.12,1.6017,0.0000,0.00000,0.10581
6.12,18.12,1.6084,0.0000,0.00000,0.13790
6.38,18.12,1.5735,0.0001,0.00000,0.17309
6.62,18.12,1.6276,0.0005,0.00000,0.20026
6.88,18.12,1.6506,0.0021,0.00000,0.22221
7.12,18.12,1.6222,0.0034,0.00000,0.23145
7.38,18.12,1.5739,0.0021,0.00000,0.21249
7.62,18.12,1.4486,0.0005,0.00000,0.16491
7.88,18.12,1.2498,0.0000,0.00000,0.10979
8.12,18.12,1.1104,0.0000,0.00000,0.07023
8.38,18.12,1.1690,0.0000,0.00000,0.05551
8.62,18.12,1.3923,0.0000,0.00000,0.05250
8.88,18.12,1.6144,0.0000,0.00000,0.04524
9.12,18.12,1.6510,0.0000,0.00000,0.03407
9.38,18.12,1.4052,0.0000,0.00000,0.02340
9.62,18.12,1.0129,0.0000,0.00000,0.01480
9.88,18.12,0.6209,0.0000,0.00000,0.00834
10.12,18.12,0.3290,0.0000,0.00000,0.00405
2.62,18.38,0.0000,0.0000,0.00000,0.00000
2.88,18.38,0.0000,0.0000,0.00000,0.00000
3.12,18.38,0.0000,0.0000,0.00000,0.00000
3.38,18.38,0.0000,0.0000,0.00000,0.00000
3.62,18.38,0.0001,0.0000,0.00000,0.00000
3.88,18.38,0.0019,0.0000,0.00000,0.00007
4.12,18.38,0.0169,0.0000,0.00000,0.00068
4.38,18.38,0.0923,0.0000,0.00000,0.00396
4.62,18.38,0.3332,0.0000,0.00000,0.01485
4.88,18.38,0.8170,0.0000,0.00000,0.03707
5.12,18.38,1.3025,0.0000,0.00000,0.06163
5.38,18.38,1.4032,0.0000,0.00000,0.07229
5.62,18.38,1.3392,0.0000,0.00000,0.07690
5.88,18.38,1.4633,0.0000,0.00000,0.09505
6.12,18.38,1.5756,0.0000,0.00000,0.12193
6.38,18.38,1.5439,0.0000,0.00000,0.14522
6.62,18.38,1.5239,0.0000,0.00000,0.16028
6.88,18.38,1.5579,0.0002,0.00000,0.16919
7.12,18.38,1.5638,0.0002,0.00000,0.16697
7.38,18.38,1.5602,0.0002,0.00000,0.15629
7.62,18.38,1.5475,0.0000,0.00000,0.13909
7.88,18.38,1.4868,0.0000,0.00000,0.11224
8.12,18.38,1.3315,0.0000,0.00000,0.07932
8.38,18.38,1.1514,0.0000,0.00000,0.05335
8.62,18.38,1.0909,0.0000,0.00000,0.03960
8.88,18.38,1.2309,0.0000,0.00000,0.03277
9.12,18.38,1.4942,0.0000,0.00000,0.02908
9.38,18.38,1.6727,0.0000,0.00000,0.02641
9.62,18.38,1.5995,0.0000,0.00000,0.02242
9.88,18.38,1.2758,0.0000,0.00000,0.01652
10.12,18.38,0.8583,0.0000,0.00000,0.00999
10.38,18.38,0.4925,0.0000,0.00000,0.00488
10.62,18.38,0.2521,0.0000,0.00000,0.00213
2.62,18.62,0.0000,0.0000,0.00000,0.00000
2.88,18.62,0.0000,0.0000,0.00000,0.00000
3.12,18.62,0.0000,0.0000,0.00000,0.00000
3.38,18.62,0.0000,0.0000,0.00000,0.00000
3.62,18.62,0.0000,0.0000,0.00000,0.00000
3.88,18.62,0.0007,0.0000,0.00000,0.00003
4.12,18.62,0.0073,0.0000,0.00000,0.00031
4.38,18.62,0.0449,0.0000,0.00000,0.00209
4.62,18.62,0.1882,0.0000,0.00000,0.00906
4.88,18.62,0.5570,0.0000,0.00000,0.02637
5.12,18.62,1.0790,0.0000,0.00000,0.05172
5.38,18.62,1.3620,0.0000,0.00000,0.06980
5.62,18.62,1.3199,0.0000,0.00000,0.07479
5.88,18.62,1.3287,0.0000,0.00000,0.08319
6.12,18.62,1.4763,0.0000,0.00000,0.10068
6.38,18.62,1.5399,0.0000,0.00000,0.11616
6.62,18.62,1.4935,0.0000,0.00000,0.12804
6.88,18.62,1.4812,0.0000,0.00000,0.13875
7.12,18.62,1.4955,0.0000,0.00000,0.13838
7.38,18.62,1.4770,0.0000,0.00000,0.12868
7.62,18.62,1.4459,0.0000,0.00000,0.11673
7.88,18.62,1.4687,0.0000,0.00000,0.10420
8.12,18.62,1.4800,0.0000,0.00000,0.08712
8.38,18.62,1.4064,0.0000,0.00000,0.06643
8.62,18.62,1.2654,0.0000,0.00000,0.04798
8.88,18.62,1.1256,0.0000,0.00000,0.03329
9.12,18.62,1.1120,0.0000,0.00000,0.02397
9.38,18.62,1.2866,0.0000,0.00000,0.02114
9.62,18.62,1.5435,0.0000,0.00000,0.02162
9.88,18.62,1.6724,0.0000,0.00000,0.02100
10.12,18.62,1.5085,0.0000,0.00000,0.01637
10.38,18.62,1.1400,0.0000,0.00000,0.01026
10.62,18.62,0.7449,0.0000,0.00000,0.00584
10.88,18.62,0.4547,0.0000,0.00000,0.00332
2.62,18.88,0.0000,0.0000,0.00000,0.00000
2.88,18.88,0.0000,0.0000,0.00000,0.00000
3.12,18.88,0.0000,0.0000,0.00000,0.00000
3.38,18.88,0.0000,0.0000,0.00000,0.00000
3.62,18.88,0.0000,0.0000,0.00000,0.00000
3.88,18.88,0.0002,0.0000,0.00000,0.00001
4.12,18.88,0.0024,0.0000,0.00000,0.00012
4.38,18.88,0.0183,0.0000,0.00000,0.00100
4.62,18.88,0.0931,0.0000,0.00000,0.00512
4.88,18.88,0.3322,0.0000,0.00000,0.01687
5.12,18.88,0.7876,0.0000,0.00000,0.03890
5.38,18.88,1.2224,0.0000,0.00000,0.06244
5.62,18.88,1.3388,0.0000,0.00000,0.07257
5.88,18.88,1.2749,0.0000,0.00000,0.07488
6.12,18.88,1.3328,0.0000,0.00000,0.08365
6.38,18.88,1.4736,0.0000,0.00000,0.09597
6.62,18.88,1.5113,0.0000,0.00000,0.10666
6.88,18.88,1.4834,0.0000,0.00000,0.11704
7.12,18.88,1.4774,0.0000,0.00000,0.12101
7.38,18.88,1.4614,0.0000,0.00000,0.11649
7.62,18.88,1.4033,0.0000,0.00000,0.10642
7.88,18.88,1.3748,0.0000,0.00000,0.09586
8.12,18.88,1.3856,0.0000,0.00000,0.08299
8.38,18.88,1.4258,0.0000,0.00000,0.06877
8.62,18.88,1.4668,0.0000,0.00000,0.05642
8.88,18.88,1.3953,0.0000,0.00000,0.04306
9.12,18.88,1.2134,0.0000,0.00000,0.02931
9.38,18.88,1.0831,0.0000,0.00000,0.02074
9.62,18.88,1.1286,0.0000,0.00000,0.01751
9.88,18.88,1.3479,0.0000,0.00000,0.01708
10.12,18.88,1.5888,0.0000,0.00000,0.01626
10.38,18.88,1.6575,0.0000,0.00000,0.01396
10.62,18.88,1.4440,0.0000,0.00000,0.01087
10.88,18.88,1.0833,0.0000,0.00000,0.00761
11.12,18.88,0.6956,0.0000,0.00000,0.00448
11.38,18.88,0.3863,0.0000,0.00000,0.00223
2.62,19.12,0.0000,0.0000,0.00000,0.00000
2.88,19.12,0.0000,0.0000,0.00000,0.00000
3.12,19.12,0.0000,0.0000,0.00000,0.00000
3.38,19.12,0.0000,0.0000,0.00000,0.00000
3.62,19.12,0.0000,0.0000,0.00000,0.00000
3.88,19.12,0.0000,0.0000,0.00000,0.00000
4.12,19.12,0.0006,0.0000,0.00000,0.00004
4.38,19.12,0.0063,0.0000,0.00000,0.00048
4.62,19.12,0.0387,0.0000,0.00000,0.00276
4.88,19.12,0.1649,0.0000,0.00000,0.00975
5.12,19.12,0.4882,0.0000,0.00000,0.02594
5.38,19.12,0.9644,0.0000,0.00000,0.04928
5.62,19.12,1.2863,0.0000,0.00000,0.06471
5.88,19.12,1.2946,0.0000,0.00000,0.06754
6.12,19.12,1.2375,0.0000,0.00000,0.06945
6.38,19.12,1.3300,0.0000,0.00000,0.07693
6.62,19.12,1.4598,0.0000,0.00000,0.08606
6.88,19.12,1.4892,0.0000,0.00000,0.09316
7.12,19.12,1.4679,0.0000,0.00000,0.09672
7.38,19.12,1.4600,0.0000,0.00000,0.09660
7.62,19.12,1.4419,0.0000,0.00000,0.09338
7.88,19.12,1.4024,0.0000,0.00000,0.08676
8.12,19.12,1.3319,0.0000,0.00000,0.07309
8.38,19.12,1.3034,0.0000,0.00000,0.06003
8.62,19.12,1.3673,0.0000,0.00000,0.05189
8.88,19.12,1.4427,0.0000,0.00000,0.04416
9.12,19.12,1.4437,0.0000,0.00000,0.03526
9.38,19.12,1.3462,0.0000,0.00000,0.02812
9.62,19.12,1.1746,0.0000,0.00000,0.02161
9.88,19.12,1.0704,0.0000,0.00000,0.01605
10.12,19.12,1.1632,0.0000,0.00000,0.01290
10.38,19.12,1.4213,0.0000,0.00000,0.01211
10.62,19.12,1.6491,0.0000,0.00000,0.01222
10.88,19.12,1.6416,0.0000,0.00000,0.01112
11.12,19.12,1.3577,0.0000,0.00000,0.00833
11.38,19.12,0.9547,0.0000,0.00000,0.00526
11.62,19.12,0.5668,0.0000,0.00000,0.00283
11.88,19.12,0.2909,0.0000,0.00000,0.00134
2.62,19.38,0.0000,0.0000,0.00000,0.00000
2.88,19.38,0.0000,0.0000,0.00000,0.00000
3.12,19.38,0.0000,0.0000,0.00000,0.00000
3.38,19.38,0.0000,0.0000,0.00000,0.00000
3.62,19.38,0.0000,0.0000,0.00000,0.00000
3.88,19.38,0.0000,0.0000,0.00000,0.00000
4.12,19.38,0.0002,0.0000,0.00000,0.00001
4.38,19.38,0.0019,0.0000,0.00000,0.00019
4.62,19.38,0.0133,0.0000,0.00000,0.00120
4.88,19.38,0.0674,0.0000,0.00000,0.00476
5.12,19.38,0.2515,0.0000,0.00000,0.01486
5.38,19.38,0.6321,0.0000,0.00000,0.03269
5.62,19.38,1.0637,0.0000,0.00000,0.04958
5.88,19.38,1.2769,0.0000,0.00000,0.05765
6.12,19.38,1.2446,0.0000,0.00000,0.05815
6.38,19.38,1.2208,0.0000,0.00000,0.05906
6.62,19.38,1.3181,0.0000,0.00000,0.06435
6.88,19.38,1.4079,0.0000,0.00000,0.07180
7.12,19.38,1.4230,0.0000,0.00000,0.07767
7.38,19.38,1.4119,0.0000,0.00000,0.07863
7.62,19.38,1.4166,0.0000,0.00000,0.07718
7.88,19.38,1.4274,0.0000,0.00000,0.07388
8.12,19.38,1.3899,0.0000,0.00000,0.06390
8.38,19.38,1.3280,0.0000,0.00000,0.05332
8.62,19.38,1.2743,0.0000,0.00000,0.04522
8.88,19.38,1.2669,0.0000,0.00000,0.03858
9.12,19.38,1.3443,0.0000,0.00000,0.03374
9.38,19.38,1.4479,0.0000,0.00000,0.03146
9.62,19.38,1.4590,0.0000,0.00000,0.02824
9.88,19.38,1.3279,0.0000,0.00000,0.02217
10.12,19.38,1.1326,0.0000,0.00000,0.01511
10.38,19.38,1.0575,0.0000,0.00000,0.01047
10.62,19.38,1.2131,0.0000,0.00000,0.00941
10.88,19.38,1.4919,0.0000,0.00000,0.00994
11.12,19.38,1.6804,0.0000,0.00000,0.00999
11.38,19.38,1.5853,0.0000,0.00000,0.00846
11.62,19.38,1.2300,0.0000,0.00000,0.00591
11.88,19.38,0.8077,0.0000,0.00000,0.00358
12.12,19.38,0.4523,0.0000,0.00000,0.00189
12.38,19.38,0.2208,0.0000,0.00000,0.00088
2.88,19.62,0.0000,0.0000,0.00000,0.00000
3.12,19.62,0.0000,0.0000,0.00000,0.00000
3.38,19.62,0.0000,0.0000,0.00000,0.00000
3.62,19.62,0.0000,0.0000,0.00000,0.00000
3.88,19.62,0.0000,0.0000,0.00000,0.00000
4.12,19.62,0.0000,0.0000,0.00000,0.00000
4.38,19.62,0.0006,0.0000,0.00000,0.00004
4.62,19.62,0.0042,0.0000,0.00000,0.00034
4.88,19.62,0.0237,0.0000,0.00000,0.00197
5.12,19.62,0.1060,0.0000,0.00000,0.00788
5.38,19.62,0.3319,0.0000,0.00000,0.01911
5.62,19.62,0.7213,0.0000,0.00000,0.03230
5.88,19.62,1.1034,0.0000,0.00000,0.04401
6.12,19.62,1.2489,0.0000,0.00000,0.04915
6.38,19.62,1.2161,0.0000,0.00000,0.04837
6.62,19.62,1.2061,0.0000,0.00000,0.04942
6.88,19.62,1.2739,0.0000,0.00000,0.05795
7.12,19.62,1.3503,0.0000,0.00000,0.06799
7.38,19.62,1.3735,0.0000,0.00000,0.06901
7.62,19.62,1.3598,0.0000,0.00000,0.06433
7.88,19.62,1.3658,0.0000,0.00000,0.06071
8.12,19.62,1.3924,0.0000,0.00000,0.05526
8.38,19.62,1.4124,0.0000,0.00000,0.04925
8.62,19.62,1.3615,0.0000,0.00000,0.04359
8.88,19.62,1.2633,0.0000,0.00000,0.03742
9.12,19.62,1.2173,0.0000,0.00000,0.03103
9.38,19.62,1.2666,0.0000,0.00000,0.02755
9.62,19.62,1.4001,0.0000,0.00000,0.02639
9.88,19.62,1.5136,0.0000,0.00000,0.02421
10.12,19.62,1.4590,0.0000,0.00000,0.01922
10.38,19.62,1.2528,0.0000,0.00000,0.01347
10.62,19.62,1.0699,0.0000,0.00000,0.00948
10.88,19.62,1.0684,0.0000,0.00000,0.00778
11.12,19.62,1.2889,0.0000,0.00000,0.00791
11.38,19.62,1.5699,0.0000,0.00000,0.00831
11.62,19.62,1.6812,0.0000,0.00000,0.00785
11.88,19.62,1.4915,0.0000,0.00000,0.00640
12.12,19.62,1.0907,0.0000,0.00000,0.00441
12.38,19.62,0.6778,0.0000,0.00000,0.00261
12.62,19.62,0.3983,0.0000,0.00000,0.00148
3.38,19.88,0.0000,0.0000,0.00000,0.00000
3.62,19.88,0.0000,0.0000,0.00000,0.00000
3.88,19.88,0.0000,0.0000,0.00000,0.00000
4.12,19.88,0.0000,0.0000,0.00000,0.00000
4.38,19.88,0.0002,0.0000,0.00000,0.00001
4.62,19.88,0.0013,0.0000,0.00000,0.00009
4.88,19.88,0.0075,0.0000,0.00000,0.00087
5.12,19.88,0.0365,0.0000,0.00000,0.00410
5.38,19.88,0.1380,0.0000,0.00000,0.00995
5.62,19.88,0.3894,0.0000,0.00000,0.01785
5.88,19.88,0.7742,0.0000,0.00000,0.02966
6.12,19.88,1.1042,0.0000,0.00000,0.03997
6.38,19.88,1.2351,0.0000,0.00000,0.04228
6.62,19.88,1.2089,0.0000,0.00000,0.04154
6.88,19.88,1.1878,0.0000,0.00000,0.04745
7.12,19.88,1.2559,0.0000,0.00000,0.05697
7.38,19.88,1.3383,0.0000,0.00000,0.05869
7.62,19.88,1.3466,0.0000,0.00000,0.05370
7.88,19.88,1.3120,0.0000,0.00000,0.04919
8.12,19.88,1.3118,0.0000,0.00000,0.04505
8.38,19.88,1.3709,0.0000,0.00000,0.04225
8.62,19.88,1.4141,0.0000,0.00000,0.04113
8.88,19.88,1.3928,0.0000,0.00000,0.03792
9.12,19.88,1.3132,0.0000,0.00000,0.03073
9.38,19.88,1.2148,0.0000,0.00000,0.02415
9.62,19.88,1.1943,0.0000,0.00000,0.02058
9.88,19.88,1.2985,0.0000,0.00000,0.01895
10.12,19.88,1.4387,0.0000,0.00000,0.01747
10.38,19.88,1.4999,0.0000,0.00000,0.01554
10.62,19.88,1.4051,0.0000,0.00000,0.01278
10.88,19.88,1.1918,0.0000,0.00000,0.00944
11.12,19.88,1.0415,0.0000,0.00000,0.00702
11.38,19.88,1.1067,0.0000,0.00000,0.00618
11.62,19.88,1.3646,0.0000,0.00000,0.00641
11.88,19.88,1.6197,0.0000,0.00000,0.00682
12.12,19.88,1.6380,0.0000,0.00000,0.00644
12.38,19.88,1.3780,0.0000,0.00000,0.00512
12.62,19.88,1.0077,0.0000,0.00000,0.00360
12.88,19.88,0.6296,0.0000,0.00000,0.00216
13.12,19.88,0.3388,0.0000,0.00000,0.00110
3.88,20.12,0.0000,0.0000,0.00000,0.00000
4.12,20.12,0.0000,0.0000,0.00000,0.00000
4.38,20.12,0.0000,0.0000,0.00000,0.00000
4.62,20.12,0.0003,0.0000,0.00000,0.00003
4.88,20.12,0.0022,0.0000,0.00000,0.00033
5.12,20.12,0.0112,0.0000,0.00000,0.00164
5.38,20.12,0.0488,0.0000,0.00000,0.00409
5.62,20.12,0.1698,0.0000,0.00000,0.00855
5.88,20.12,0.4318,0.0000,0.00000,0.01747
6.12,20.12,0.8005,0.0000,0.00000,0.02773
6.38,20.12,1.1134,0.0000,0.00000,0.03362
6.62,20.12,1.2172,0.0000,0.00000,0.03550
6.88,20.12,1.1808,0.0000,0.00000,0.03911
7.12,20.12,1.1819,0.0000,0.00000,0.04472
7.38,20.12,1.2567,0.0000,0.00000,0.04594
7.62,20.12,1.3158,0.0000,0.00000,0.04303
7.88,20.12,1.3144,0.0000,0.00000,0.04017
8.12,20.12,1.2879,0.0000,0.00000,0.03739
8.38,20.12,1.2885,0.0000,0.00000,0.03509
8.62,20.12,1.3243,0.0000,0.00000,0.03429
8.88,20.12,1.3799,0.0000,0.00000,0.03267
9.12,20.12,1.4065,0.0000,0.00000,0.02851
9.38,20.12,1.3542,0.0000,0.00000,0.02341
9.62,20.12,1.2484,0.0000,0.00000,0.01879
9.88,20.12,1.1678,0.0000,0.00000,0.01539
10.12,20.12,1.1792,0.0000,0.00000,0.01345
10.38,20.12,1.3136,0.0000,0.00000,0.01311
10.62,20.12,1.4715,0.0000,0.00000,0.01299
10.88,20.12,1.5004,0.0000,0.00000,0.01154
11.12,20.12,1.3456,0.0000,0.00000,0.00911
11.38,20.12,1.1213,0.0000,0.00000,0.00677
11.62,20.12,1.0234,0.0000,0.00000,0.00533
11.88,20.12,1.1548,0.0000,0.00000,0.00509
12.12,20.12,1.4275,0.0000,0.00000,0.00557
12.38,20.12,1.6488,0.0000,0.00000,0.00596
12.62,20.12,1.6110,0.0000,0.00000,0.00554
12.88,20.12,1.2989,0.0000,0.00000,0.00424
13.12,20.12,0.8845,0.0000,0.00000,0.00273
13.38,20.12,0.5075,0.0000,0.00000,0.00150
13.62,20.12,0.2556,0.0000,0.00000,0.00073
4.12,20.38,0.0000,0.0000,0.00000,0.00000
4.38,20.38,0.0000,0.0000,0.00000,0.00000
4.62,20.38,0.0001,0.0000,0.00000,0.00001
4.88,20.38,0.0006,0.0000,0.00000,0.00008
5.12,20.38,0.0035,0.0000,0.00000,0.00040
5.38,20.38,0.0163,0.0000,0.00000,0.00120
5.62,20.38,0.0621,0.0000,0.00000,0.00336
5.88,20.38,0.1923,0.0000,0.00000,0.00812
6.12,20.38,0.4581,0.0000,0.00000,0.01500
6.38,20.38,0.8065,0.0000,0.00000,0.02222
6.62,20.38,1.0723,0.0000,0.00000,0.02846
6.88,20.38,1.1725,0.0000,0.00000,0.03472
7.12,20.38,1.1747,0.0000,0.00000,0.03884
7.38,20.38,1.1753,0.0000,0.00000,0.03679
7.62,20.38,1.2180,0.0000,0.00000,0.03366
7.88,20.38,1.2827,0.0000,0.00000,0.03326
8.12,20.38,1.3142,0.0000,0.00000,0.03271
8.38,20.38,1.2936,0.0000,0.00000,0.03025
8.62,20.38,1.2556,0.0000,0.00000,0.02752
8.88,20.38,1.2622,0.0000,0.00000,0.02533
9.12,20.38,1.3273,0.0000,0.00000,0.02345
9.38,20.38,1.3976,0.0000,0.00000,0.02140
9.62,20.38,1.4167,0.0000,0.00000,0.01905
9.88,20.38,1.3371,0.0000,0.00000,0.01611
10.12,20.38,1.1924,0.0000,0.00000,0.01279
10.38,20.38,1.1259,0.0000,0.00000,0.01073
10.62,20.38,1.1955,0.0000,0.00000,0.01028
10.88,20.38,1.3617,0.0000,0.00000,0.01035
11.12,20.38,1.4983,0.0000,0.00000,0.01007
11.38,20.38,1.4680,0.0000,0.00000,0.00901
11.62,20.38,1.2744,0.0000,0.00000,0.00718
11.88,20.38,1.0657,0.0000,0.00000,0.00527
12.12,20.38,1.0245,0.0000,0.00000,0.00428
12.38,20.38,1.2247,0.0000,0.00000,0.00447
12.62,20.38,1.5218,0.0000,0.00000,0.00511
12.88,20.38,1.6856,0.0000,0.00000,0.00531
13.12,20.38,1.5403,0.0000,0.00000,0.00461
13.38,20.38,1.1616,0.0000,0.00000,0.00333
13.62,20.38,0.7541,0.0000,0.00000,0.00213
13.88,20.38,0.4580,0.0000,0.00000,0.00129
4.62,20.62,0.0000,0.0000,0.00000,0.00000
4.88,20.62,0.0002,0.0000,0.00000,0.00001
5.12,20.62,0.0012,0.0000,0.00000,0.00006
5.38,20.62,0.0055,0.0000,0.00000,0.00025
5.62,20.62,0.0205,0.0000,0.00000,0.00093
5.88,20.62,0.0711,0.0000,0.00000,0.00269
6.12,20.62,0.2073,0.0000,0.00000,0.00620
6.38,20.62,0.4593,0.0000,0.00000,0.01192
6.62,20.62,0.7771,0.0000,0.00000,0.01951
6.88,20.62,1.0424,0.0000,0.00000,0.02835
7.12,20.62,1.1631,0.0000,0.00000,0.03350
7.38,20.62,1.1543,0.0000,0.00000,0.03054
7.62,20.62,1.1296,0.0000,0.00000,0.02652
7.88,20.62,1.1692,0.0000,0.00000,0.02625
8.12,20.62,1.2469,0.0000,0.00000,0.02673
8.38,20.62,1.2970,0.0000,0.00000,0.02566
8.62,20.62,1.2838,0.0000,0.00000,0.02351
8.88,20.62,1.2392,0.0000,0.00000,0.02107
9.12,20.62,1.2175,0.0000,0.00000,0.01890
9.38,20.62,1.2541,0.0000,0.00000,0.01739
9.62,20.62,1.3609,0.0000,0.00000,0.01690
9.88,20.62,1.4352,0.0000,0.00000,0.01613
10.12,20.62,1.3895,0.0000,0.00000,0.01385
10.38,20.62,1.2716,0.0000,0.00000,0.01108
10.62,20.62,1.1487,0.0000,0.00000,0.00915
10.88,20.62,1.1189,0.0000,0.00000,0.00837
11.12,20.62,1.2297,0.0000,0.00000,0.00838
11.38,20.62,1.4055,0.0000,0.00000,0.00869
11.62,20.62,1.5081,0.0000,0.00000,0.00852
11.88,20.62,1.4268,0.0000,0.00000,0.00721
12.12,20.62,1.2008,0.0000,0.00000,0.00538
12.38,20.62,1.0172,0.0000,0.00000,0.00403
12.62,20.62,1.0548,0.0000,0.00000,0.00369
12.88,20.62,1.3090,0.0000,0.00000,0.00415
13.12,20.62,1.5828,0.0000,0.00000,0.00468
13.38,20.62,1.6679,0.0000,0.00000,0.00473
13.62,20.62,1.4578,0.0000,0.00000,0.00410
13.88,20.62,1.0864,0.0000,0.00000,0.00301
14.12,20.62,0.6942,0.0000,0.00000,0.00185
14.38,20.62,0.3908,0.0000,0.00000,0.00101
5.12,20.88,0.0005,0.0000,0.00000,0.00001
5.38,20.88,0.0021,0.0000,0.00000,0.00004
5.62,20.88,0.0067,0.0000,0.00000,0.00018
5.88,20.88,0.0230,0.0000,0.00000,0.00064
6.12,20.88,0.0762,0.0000,0.00000,0.00197
6.38,20.88,0.2066,0.0000,0.00000,0.00493
6.62,20.88,0.4433,0.0000,0.00000,0.01016
6.88,20.88,0.7504,0.0000,0.00000,0.01749
7.12,20.88,1.0149,0.0000,0.00000,0.02337
7.38,20.88,1.1332,0.0000,0.00000,0.02401
7.62,20.88,1.1263,0.0000,0.00000,0.02212
7.88,20.88,1.0959,0.0000,0.00000,0.02095
8.12,20.88,1.1193,0.0000,0.00000,0.02050
8.38,20.88,1.2034,0.0000,0.00000,0.02025
8.62,20.88,1.2871,0.0000,0.00000,0.01979
8.88,20.88,1.3036,0.0000,0.00000,0.01845
9.12,20.88,1.2409,0.0000,0.00000,0.01632
9.38,20.88,1.1695,0.0000,0.00000,0.01426
9.62,20.88,1.1897,0.0000,0.00000,0.01349
9.88,20.88,1.2789,0.0000,0.00000,0.01349
10.12,20.88,1.3756,0.0000,0.00000,0.01286
10.38,20.88,1.4279,0.0000,0.00000,0.01143
10.62,20.88,1.3710,0.0000,0.00000,0.00990
10.88,20.88,1.2277,0.0000,0.00000,0.00852
11.12,20.88,1.1049,0.0000,0.00000,0.00729
11.38,20.88,1.1150,0.0000,0.00000,0.00687
11.62,20.88,1.2713,0.0000,0.00000,0.00716
11.88,20.88,1.4583,0.0000,0.00000,0.00731
12.12,20.88,1.5119,0.0000,0.00000,0.00683
12.38,20.88,1.3590,0.0000,0.00000,0.00565
12.62,20.88,1.1171,0.0000,0.00000,0.00430
12.88,20.88,0.9851,0.0000,0.00000,0.00340
13.12,20.88,1.0960,0.0000,0.00000,0.00338
13.38,20.88,1.3972,0.0000,0.00000,0.00405
13.62,20.88,1.6467,0.0000,0.00000,0.00466
13.88,20.88,1.6297,0.0000,0.00000,0.00447
14.12,20.88,1.3528,0.0000,0.00000,0.00356
14.38,20.88,0.9660,0.0000,0.00000,0.00247
14.62,20.88,0.5799,0.0000,0.00000,0.00142
14.88,20.88,0.3009,0.0000,0.00000,0.00069
5.62,21.12,0.0018,0.0000,0.00000,0.00003
5.88,21.12,0.0063,0.0000,0.00000,0.00013
6.12,21.12,0.0228,0.0000,0.00000,0.00050
6.38,21.12,0.0729,0.0000,0.00000,0.00154
6.62,21.12,0.1927,0.0000,0.00000,0.00393
6.88,21.12,0.4148,0.0000,0.00000,0.00818
7.12,21.12,0.7130,0.0000,0.00000,0.01346
7.38,21.12,0.9764,0.0000,0.00000,0.01773
7.62,21.12,1.1120,0.0000,0.00000,0.01930
7.88,21.12,1.1197,0.0000,0.00000,0.01823
8.12,21.12,1.0796,0.0000,0.00000,0.01649
8.38,21.12,1.0873,0.0000,0.00000,0.01557
8.62,21.12,1.1739,0.0000,0.00000,0.01560
8.88,21.12,1.2803,0.0000,0.00000,0.01573
9.12,21.12,1.3109,0.0000,0.00000,0.01490
9.38,21.12,1.2552,0.0000,0.00000,0.01317
9.62,21.12,1.1885,0.0000,0.00000,0.01185
9.88,21.12,1.1574,0.0000,0.00000,0.01126
10.12,21.12,1.2030,0.0000,0.00000,0.01062
10.38,21.12,1.3133,0.0000,0.00000,0.00991
10.62,21.12,1.4141,0.0000,0.00000,0.00952
10.88,21.12,1.4302,0.0000,0.00000,0.00905
11.12,21.12,1.3264,0.0000,0.00000,0.00789
11.38,21.12,1.1639,0.0000,0.00000,0.00657
11.62,21.12,1.0716,0.0000,0.00000,0.00581
11.88,21.12,1.1478,0.0000,0.00000,0.00578
12.12,21.12,1.3499,0.0000,0.00000,0.00624
12.38,21.12,1.5155,0.0000,0.00000,0.00644
12.62,21.12,1.4915,0.0000,0.00000,0.00586
12.88,21.12,1.2766,0.0000,0.00000,0.00465
13.12,21.12,1.0471,0.0000,0.00000,0.00356
13.38,21.12,0.9969,0.0000,0.00000,0.00315
13.62,21.12,1.1718,0.0000,0.00000,0.00346
13.88,21.12,1.4543,0.0000,0.00000,0.00401
14.12,21.12,1.6651,0.0000,0.00000,0.00436
14.38,21.12,1.5827,0.0000,0.00000,0.00399
14.62,21.12,1.2278,0.0000,0.00000,0.00293
14.88,21.12,0.8149,0.0000,0.00000,0.00185
15.12,21.12,0.4638,0.0000,0.00000,0.00105
15.38,21.12,0.2297,0.0000,0.00000,0.00054
5.88,21.38,0.0014,0.0000,0.00000,0.00003
6.12,21.38,0.0059,0.0000,0.00000,0.00012
6.38,21.38,0.0215,0.0000,0.00000,0.00043
6.62,21.38,0.0658,0.0000,0.00000,0.00127
6.88,21.38,0.1748,0.0000,0.00000,0.00321
7.12,21.38,0.3814,0.0000,0.00000,0.00681
7.38,21.38,0.6622,0.0000,0.00000,0.01148
7.62,21.38,0.9319,0.0000,0.00000,0.01486
7.88,21.38,1.0920,0.0000,0.00000,0.01536
8.12,21.38,1.1169,0.0000,0.00000,0.01430
8.38,21.38,1.0721,0.0000,0.00000,0.01320
8.62,21.38,1.0592,0.0000,0.00000,0.01277
8.88,21.38,1.1269,0.0000,0.00000,0.01298
9.12,21.38,1.2270,0.0000,0.00000,0.01282
9.38,21.38,1.2905,0.0000,0.00000,0.01197
9.62,21.38,1.2884,0.0000,0.00000,0.01118
9.88,21.38,1.2295,0.0000,0.00000,0.01047
10.12,21.38,1.1620,0.0000,0.00000,0.00929
10.38,21.38,1.1392,0.0000,0.00000,0.00804
10.62,21.38,1.2145,0.0000,0.00000,0.00763
10.88,21.38,1.3638,0.0000,0.00000,0.00793
11.12,21.38,1.4627,0.0000,0.00000,0.00797
11.38,21.38,1.4160,0.0000,0.00000,0.00728
11.62,21.38,1.2552,0.0000,0.00000,0.00625
11.88,21.38,1.1059,0.0000,0.00000,0.00537
12.12,21.38,1.0813,0.0000,0.00000,0.00507
12.38,21.38,1.2133,0.0000,0.00000,0.00526
12.62,21.38,1.4113,0.0000,0.00000,0.00557
12.88,21.38,1.5185,0.0000,0.00000,0.00558
13.12,21.38,1.4349,0.0000,0.00000,0.00504
13.38,21.38,1.2092,0.0000,0.00000,0.00407
13.62,21.38,1.0075,0.0000,0.00000,0.00320
13.88,21.38,1.0089,0.0000,0.00000,0.00291
14.12,21.38,1.2493,0.0000,0.00000,0.00331
14.38,21.38,1.5295,0.0000,0.00000,0.00382
14.62,21.38,1.6432,0.0000,0.00000,0.00388
14.88,21.38,1.4768,0.0000,0.00000,0.00342
15.12,21.38,1.0976,0.0000,0.00000,0.00257
15.38,21.38,0.6933,0.0000,0.00000,0.00166
15.62,21.38,0.4136,0.0000,0.00000,0.00100
6.38,21.62,0.0063,0.0000,0.00000,0.00014
6.62,21.62,0.0200,0.0000,0.00000,0.00041
6.88,21.62,0.0599,0.0000,0.00000,0.00117
7.12,21.62,0.1568,0.0000,0.00000,0.00297
7.38,21.62,0.3410,0.0000,0.00000,0.00590
7.62,21.62,0.6064,0.0000,0.00000,0.00903
7.88,21.62,0.8822,0.0000,0.00000,0.01127
8.12,21.62,1.0711,0.0000,0.00000,0.01247
8.38,21.62,1.1211,0.0000,0.00000,0.01244
8.62,21.62,1.0796,0.0000,0.00000,0.01152
8.88,21.62,1.0390,0.0000,0.00000,0.01073
9.12,21.62,1.0627,0.0000,0.00000,0.01018
9.38,21.62,1.1541,0.0000,0.00000,0.00981
9.62,21.62,1.2589,0.0000,0.00000,0.00983
9.88,21.62,1.3121,0.0000,0.00000,0.00975
10.12,21.62,1.2732,0.0000,0.00000,0.00888
10.38,21.62,1.1751,0.0000,0.00000,0.00749
10.62,21.62,1.1176,0.0000,0.00000,0.00652
10.88,21.62,1.1597,0.0000,0.00000,0.00638
11.12,21.62,1.2742,0.0000,0.00000,0.00662
11.38,21.62,1.3982,0.0000,0.00000,0.00686
11.62,21.62,1.4456,0.0000,0.00000,0.00680
11.88,21.62,1.3620,0.0000,0.00000,0.00619
12.12,21.62,1.1953,0.0000,0.00000,0.00533
12.38,21.62,1.0604,0.0000,0.00000,0.00457
12.62,21.62,1.0785,0.0000,0.00000,0.00434
12.88,21.62,1.2483,0.0000,0.00000,0.00469
13.12,21.62,1.4476,0.0000,0.00000,0.00512
13.38,21.62,1.5184,0.0000,0.00000,0.00506
13.62,21.62,1.3763,0.0000,0.00000,0.00437
13.88,21.62,1.1224,0.0000,0.00000,0.00341
14.12,21.62,0.9670,0.0000,0.00000,0.00273
14.38,21.62,1.0446,0.0000,0.00000,0.00270
14.62,21.62,1.3153,0.0000,0.00000,0.00322
14.88,21.62,1.5824,0.0000,0.00000,0.00383
15.12,21.62,1.6257,0.0000,0.00000,0.00394
15.38,21.62,1.3815,0.0000,0.00000,0.00337
15.62,21.62,1.0176,0.0000,0.00000,0.00251
15.88,21.62,0.6467,0.0000,0.00000,0.00170
16.12,21.62,0.3589,0.0000,0.00000,0.00106
6.88,21.88,0.0192,0.0000,0.00000,0.00043
7.12,21.88,0.0538,0.0000,0.00000,0.00110
7.38,21.88,0.1331,0.0000,0.00000,0.00228
7.62,21.88,0.2882,0.0000,0.00000,0.00414
7.88,21.88,0.5329,0.0000,0.00000,0.00672
8.12,21.88,0.8155,0.0000,0.00000,0.00956
8.38,21.88,1.0365,0.0000,0.00000,0.01125
8.62,21.88,1.1302,0.0000,0.00000,0.01088
8.88,21.88,1.0989,0.0000,0.00000,0.00956
9.12,21.88,1.0254,0.0000,0.00000,0.00843
9.38,21.88,1.0111,0.0000,0.00000,0.00781
9.62,21.88,1.0887,0.0000,0.00000,0.00793
9.88,21.88,1.2139,0.0000,0.00000,0.00834
10.12,21.88,1.3024,0.0000,0.00000,0.00831
10.38,21.88,1.3113,0.0000,0.00000,0.00777
10.62,21.88,1.2453,0.0000,0.00000,0.00692
10.88,21.88,1.1482,0.0000,0.00000,0.00607
11.12,21.88,1.1016,0.0000,0.00000,0.00552
11.38,21.88,1.1643,0.0000,0.00000,0.00556
11.62,21.88,1.2964,0.0000,0.00000,0.00594
11.88,21.88,1.4139,0.0000,0.00000,0.00617
12.12,21.88,1.4322,0.0000,0.00000,0.00602
12.38,21.88,1.2999,0.0000,0.00000,0.00533
12.62,21.88,1.1209,0.0000,0.00000,0.00445
12.88,21.88,1.0302,0.0000,0.00000,0.00391
13.12,21.88,1.1108,0.0000,0.00000,0.00396
13.38,21.88,1.3222,0.0000,0.00000,0.00435
13.62,21.88,1.4988,0.0000,0.00000,0.00471
13.88,21.88,1.4814,0.0000,0.00000,0.00456
14.12,21.88,1.2728,0.0000,0.00000,0.00374
14.38,21.88,1.0390,0.0000,0.00000,0.00289
14.62,21.88,0.9577,0.0000,0.00000,0.00256
14.88,21.88,1.1083,0.0000,0.00000,0.00287
15.12,21.88,1.3984,0.0000,0.00000,0.00352
15.38,21.88,1.6126,0.0000,0.00000,0.00402
15.62,21.88,1.5689,0.0000,0.00000,0.00405
15.88,21.88,1.2743,0.0000,0.00000,0.00364
16.12,21.88,0.8725,0.0000,0.00000,0.00277
16.38,21.88,0.4984,0.0000,0.00000,0.00168
7.38,22.12,0.0404,0.0000,0.00000,0.00065
7.62,22.12,0.0994,0.0000,0.00000,0.00140
7.88,22.12,0.2290,0.0000,0.00000,0.00301
8.12,22.12,0.4487,0.0000,0.00000,0.00555
8.38,22.12,0.7278,0.0000,0.00000,0.00806
8.62,22.12,0.9806,0.0000,0.00000,0.00917
8.88,22.12,1.1123,0.0000,0.00000,0.00897
9.12,22.12,1.1089,0.0000,0.00000,0.00819
9.38,22.12,1.0385,0.0000,0.00000,0.00722
9.62,22.12,0.9950,0.0000,0.00000,0.00668
9.88,22.12,1.0325,0.0000,0.00000,0.00674
10.12,22.12,1.1417,0.0000,0.00000,0.00709
10.38,22.12,1.2707,0.0000,0.00000,0.00745
10.62,22.12,1.3394,0.0000,0.00000,0.00736
10.88,22.12,1.3046,0.0000,0.00000,0.00668
11.12,22.12,1.2047,0.0000,0.00000,0.00583
11.38,22.12,1.1086,0.0000,0.00000,0.00521
11.62,22.12,1.0850,0.0000,0.00000,0.00492
11.88,22.12,1.1856,0.0000,0.00000,0.00511
12.12,22.12,1.3516,0.0000,0.00000,0.00558
12.38,22.12,1.4504,0.0000,0.00000,0.00578
12.62,22.12,1.4119,0.0000,0.00000,0.00541
12.88,22.12,1.2471,0.0000,0.00000,0.00464
13.12,22.12,1.0754,0.0000,0.00000,0.00388
13.38,22.12,1.0409,0.0000,0.00000,0.00353
13.62,22.12,1.1819,0.0000,0.00000,0.00382
13.88,22.12,1.3857,0.0000,0.00000,0.00432
14.12,22.12,1.4927,0.0000,0.00000,0.00441
14.38,22.12,1.4121,0.0000,0.00000,0.00402
14.62,22.12,1.1908,0.0000,0.00000,0.00334
14.88,22.12,0.9934,0.0000,0.00000,0.00273
15.12,22.12,0.9783,0.0000,0.00000,0.00258
15.38,22.12,1.1654,0.0000,0.00000,0.00305
15.62,22.12,1.4240,0.0000,0.00000,0.00400
15.88,22.12,1.5684,0.0000,0.00000,0.00488
16.12,22.12,1.3690,0.0000,0.00000,0.00454
16.38,22.12,0.8944,0.0000,0.00000,0.00305
7.62,22.38,0.0278,0.0000,0.00000,0.00038
7.88,22.38,0.0745,0.0000,0.00000,0.00104
8.12,22.38,0.1772,0.0000,0.00000,0.00233
8.38,22.38,0.3618,0.0000,0.00000,0.00414
8.62,22.38,0.6206,0.0000,0.00000,0.00598
8.88,22.38,0.8927,0.0000,0.00000,0.00742
9.12,22.38,1.0917,0.0000,0.00000,0.00812
9.38,22.38,1.1504,0.0000,0.00000,0.00776
9.62,22.38,1.0938,0.0000,0.00000,0.00680
9.88,22.38,1.0174,0.0000,0.00000,0.00610
10.12,22.38,1.0029,0.0000,0.00000,0.00600
10.38,22.38,1.0734,0.0000,0.00000,0.00631
10.62,22.38,1.1994,0.0000,0.00000,0.00661
10.88,22.38,1.3149,0.0000,0.00000,0.00670
11.12,22.38,1.3536,0.0000,0.00000,0.00655
11.38,22.38,1.2789,0.0000,0.00000,0.00600
11.62,22.38,1.1513,0.0000,0.00000,0.00517
11.88,22.38,1.0772,0.0000,0.00000,0.00466
12.12,22.38,1.1072,0.0000,0.00000,0.00462
12.38,22.38,1.2477,0.0000,0.00000,0.00495
12.62,22.38,1.4150,0.0000,0.00000,0.00534
12.88,22.38,1.4753,0.0000,0.00000,0.00541
13.12,22.38,1.3701,0.0000,0.00000,0.00490
13.38,22.38,1.1741,0.0000,0.00000,0.00406
13.62,22.38,1.0325,0.0000,0.00000,0.00345
13.88,22.38,1.0507,0.0000,0.00000,0.00334
14.12,22.38,1.2249,0.0000,0.00000,0.00368
14.38,22.38,1.4189,0.0000,0.00000,0.00414
14.62,22.38,1.4805,0.0000,0.00000,0.00421
14.88,22.38,1.3568,0.0000,0.00000,0.00375
15.12,22.38,1.1302,0.0000,0.00000,0.00307
15.38,22.38,0.9588,0.0000,0.00000,0.00270
15.62,22.38,0.9778,0.0000,0.00000,0.00307
15.88,22.38,1.1649,0.0000,0.00000,0.00399
16.12,22.38,1.2499,0.0000,0.00000,0.00438
8.12,22.62,0.0549,0.0000,0.00000,0.00077
8.38,22.62,0.1329,0.0000,0.00000,0.00159
8.62,22.62,0.2781,0.0000,0.00000,0.00280
8.88,22.62,0.5090,0.0000,0.00000,0.00442
9.12,22.62,0.7982,0.0000,0.00000,0.00616
9.38,22.62,1.0444,0.0000,0.00000,0.00720
9.62,22.62,1.1676,0.0000,0.00000,0.00719
9.88,22.62,1.1595,0.0000,0.00000,0.00661
10.12,22.62,1.0740,0.0000,0.00000,0.00592
10.38,22.62,0.9942,0.0000,0.00000,0.00543
10.62,22.62,0.9989,0.0000,0.00000,0.00534
10.88,22.62,1.0996,0.0000,0.00000,0.00563
11.12,22.62,1.2441,0.0000,0.00000,0.00613
11.38,22.62,1.3388,0.0000,0.00000,0.00633
11.62,22.62,1.3374,0.0000,0.00000,0.00596
11.88,22.62,1.2422,0.0000,0.00000,0.00531
12.12,22.62,1.1075,0.0000,0.00000,0.00457
12.38,22.62,1.0619,0.0000,0.00000,0.00419
12.62,22.62,1.1467,0.0000,0.00000,0.00434
12.88,22.62,1.3138,0.0000,0.00000,0.00481
13.12,22.62,1.4573,0.0000,0.00000,0.00515
13.38,22.62,1.4546,0.0000,0.00000,0.00499
13.62,22.62,1.2890,0.0000,0.00000,0.00429
13.88,22.62,1.0860,0.0000,0.00000,0.00349
14.12,22.62,1.0017,0.0000,0.00000,0.00314
14.38,22.62,1.0918,0.0000,0.00000,0.00336
14.62,22.62,1.2835,0.0000,0.00000,0.00378
14.88,22.62,1.4404,0.0000,0.00000,0.00406
15.12,22.62,1.4471,0.0000,0.00000,0.00408
15.38,22.62,1.2805,0.0000,0.00000,0.00391
15.62,22.62,1.0505,0.0000,0.00000,0.00372
15.88,22.62,0.9101,0.0000,0.00000,0.00365
16.12,22.62,0.8744,0.0000,0.00000,0.00356
8.62,22.88,0.0951,0.0000,0.00000,0.00098
8.88,22.88,0.2104,0.0000,0.00000,0.00186
9.12,22.88,0.3996,0.0000,0.00000,0.00316
9.38,22.88,0.6508,0.0000,0.00000,0.00461
9.62,22.88,0.9268,0.0000,0.00000,0.00589
9.88,22.88,1.1338,0.0000,0.00000,0.00660
10.12,22.88,1.2028,0.0000,0.00000,0.00646
10.38,22.88,1.1358,0.0000,0.00000,0.00573
10.62,22.88,1.0165,0.0000,0.00000,0.00498
10.88,22.88,0.9503,0.0000,0.00000,0.00464
11.12,22.88,1.0001,0.0000,0.00000,0.00488
11.38,22.88,1.1369,0.0000,0.00000,0.00540
11.62,22.88,1.2973,0.0000,0.00000,0.00579
11.88,22.88,1.3843,0.0000,0.00000,0.00586
12.12,22.88,1.3303,0.0000,0.00000,0.00542
12.38,22.88,1.1926,0.0000,0.00000,0.00471
12.62,22.88,1.0691,0.0000,0.00000,0.00413
12.88,22.88,1.0644,0.0000,0.00000,0.00396
13.12,22.88,1.2041,0.0000,0.00000,0.00430
13.38,22.88,1.3814,0.0000,0.00000,0.00478
13.62,22.88,1.4705,0.0000,0.00000,0.00487
13.88,22.88,1.4068,0.0000,0.00000,0.00451
14.12,22.88,1.2192,0.0000,0.00000,0.00391
14.38,22.88,1.0461,0.0000,0.00000,0.00339
14.62,22.88,1.0080,0.0000,0.00000,0.00322
14.88,22.88,1.1269,0.0000,0.00000,0.00346
15.12,22.88,1.3149,0.0000,0.00000,0.00408
15.38,22.88,1.4336,0.0000,0.00000,0.00493
15.62,22.88,1.4006,0.0000,0.00000,0.00555
15.88,22.88,1.2465,0.0000,0.00000,0.00548
9.12,23.12,0.1410,0.0000,0.00000,0.00113
9.38,23.12,0.2690,0.0000,0.00000,0.00193
9.62,23.12,0.4876,0.0000,0.00000,0.00320
9.88,23.12,0.7761,0.0000,0.00000,0.00470
10.12,23.12,1.0505,0.0000,0.00000,0.00578
10.38,23.12,1.2052,0.0000,0.00000,0.00602
10.62,23.12,1.2014,0.0000,0.00000,0.00553
10.88,23.12,1.0921,0.0000,0.00000,0.00487
11.12,23.12,0.9837,0.0000,0.00000,0.00449
11.38,23.12,0.9547,0.0000,0.00000,0.00443
11.62,23.12,1.0511,0.0000,0.00000,0.00472
11.88,23.12,1.2229,0.0000,0.00000,0.00525
12.12,23.12,1.3608,0.0000,0.00000,0.00564
12.38,23.12,1.3905,0.0000,0.00000,0.00558
12.62,23.12,1.2958,0.0000,0.00000,0.00506
12.88,23.12,1.1431,0.0000,0.00000,0.00432
13.12,23.12,1.0470,0.0000,0.00000,0.00384
13.38,23.12,1.0801,0.0000,0.00000,0.00384
13.62,23.12,1.2460,0.0000,0.00000,0.00420
13.88,23.12,1.4322,0.0000,0.00000,0.00468
14.12,23.12,1.4803,0.0000,0.00000,0.00483
14.38,23.12,1.3598,0.0000,0.00000,0.00447
14.62,23.12,1.1484,0.0000,0.00000,0.00385
14.88,23.12,0.9966,0.0000,0.00000,0.00343
15.12,23.12,1.0074,0.0000,0.00000,0.00366
15.38,23.12,1.1642,0.0000,0.00000,0.00473
15.62,23.12,1.3778,0.0000,0.00000,0.00618
15.88,23.12,1.5394,0.0000,0.00000,0.00711
9.38,23.38,0.0802,0.0000,0.00000,0.00057
9.62,23.38,0.1777,0.0000,0.00000,0.00118
9.88,23.38,0.3501,0.0000,0.00000,0.00216
10.12,23.38,0.5984,0.0000,0.00000,0.00332
10.38,23.38,0.8908,0.0000,0.00000,0.00443
10.62,23.38,1.1425,0.0000,0.00000,0.00517
10.88,23.38,1.2596,0.0000,0.00000,0.00542
11.12,23.38,1.2121,0.0000,0.00000,0.00525
11.38,23.38,1.0661,0.0000,0.00000,0.00466
11.62,23.38,0.9621,0.0000,0.00000,0.00417
11.88,23.38,0.9700,0.0000,0.00000,0.00420
12.12,23.38,1.0870,0.0000,0.00000,0.00463
12.38,23.38,1.2651,0.0000,0.00000,0.00513
12.62,23.38,1.3994,0.0000,0.00000,0.00544
12.88,23.38,1.3877,0.0000,0.00000,0.00524
13.12,23.38,1.2459,0.0000,0.00000,0.00464
13.38,23.38,1.0734,0.0000,0.00000,0.00394
13.62,23.38,1.0120,0.0000,0.00000,0.00361
13.88,23.38,1.1167,0.0000,0.00000,0.00388
14.12,23.38,1.3143,0.0000,0.00000,0.00447
14.38,23.38,1.4684,0.0000,0.00000,0.00492
14.62,23.38,1.4430,0.0000,0.00000,0.00497
14.88,23.38,1.2607,0.0000,0.00000,0.00474
15.12,23.38,1.0530,0.0000,0.00000,0.00456
15.38,23.38,0.9707,0.0000,0.00000,0.00487
15.62,23.38,1.1002,0.0000,0.00000,0.00585
9.88,23.62,0.1108,0.0000,0.00000,0.00067
10.12,23.62,0.2290,0.0000,0.00000,0.00124
10.38,23.62,0.4284,0.0000,0.00000,0.00209
10.62,23.62,0.7094,0.0000,0.00000,0.00319
10.88,23.62,1.0238,0.0000,0.00000,0.00444
11.12,23.62,1.2375,0.0000,0.00000,0.00535
11.38,23.62,1.2718,0.0000,0.00000,0.00536
11.62,23.62,1.1726,0.0000,0.00000,0.00480
11.88,23.62,1.0197,0.0000,0.00000,0.00427
12.12,23.62,0.9257,0.0000,0.00000,0.00393
12.38,23.62,0.9778,0.0000,0.00000,0.00401
12.62,23.62,1.1534,0.0000,0.00000,0.00455
12.88,23.62,1.3389,0.0000,0.00000,0.00513
13.12,23.62,1.4302,0.0000,0.00000,0.00537
13.38,23.62,1.3557,0.0000,0.00000,0.00504
13.62,23.62,1.1785,0.0000,0.00000,0.00439
13.88,23.62,1.0325,0.0000,0.00000,0.00384
14.12,23.62,1.0233,0.0000,0.00000,0.00370
14.38,23.62,1.1590,0.0000,0.00000,0.00408
14.62,23.62,1.3483,0.0000,0.00000,0.00498
14.88,23.62,1.4566,0.0000,0.00000,0.00615
15.12,23.62,1.3964,0.0000,0.00000,0.00704
15.38,23.62,1.2528,0.0000,0.00000,0.00740
10.38,23.88,0.1417,0.0000,0.00000,0.00068
10.62,23.88,0.2813,0.0000,0.00000,0.00127
10.88,23.88,0.5201,0.0000,0.00000,0.00233
11.12,23.88,0.8222,0.0000,0.00000,0.00362
11.38,23.88,1.1083,0.0000,0.00000,0.00461
11.62,23.88,1.2843,0.0000,0.00000,0.00519
11.88,23.88,1.2802,0.0000,0.00000,0.00524
12.12,23.88,1.1358,0.0000,0.00000,0.00463
12.38,23.88,0.9840,0.0000,0.00000,0.00398
12.62,23.88,0.9352,0.0000,0.00000,0.00380
12.88,23.88,1.0245,0.0000,0.00000,0.00407
13.12,23.88,1.2192,0.0000,0.00000,0.00470
13.38,23.88,1.3972,0.0000,0.00000,0.00525
13.62,23.88,1.4432,0.0000,0.00000,0.00537
13.88,23.88,1.3304,0.0000,0.00000,0.00494
14.12,23.88,1.1300,0.0000,0.00000,0.00421
14.38,23.88,0.9770,0.0000,0.00000,0.00373
14.62,23.88,1.0134,0.0000,0.00000,0.00420
14.88,23.88,1.2133,0.0000,0.00000,0.00584
15.12,23.88,1.4451,0.0000,0.00000,0.00817
15.38,23.88,1.6214,0.0000,0.00000,0.01034
10.62,24.12,0.0784,0.0000,0.00000,0.00037
10.88,24.12,0.1752,0.0000,0.00000,0.00082
11.12,24.12,0.3470,0.0000,0.00000,0.00155
11.38,24.12,0.6089,0.0000,0.00000,0.00253
11.62,24.12,0.9336,0.0000,0.00000,0.00381
11.88,24.12,1.2127,0.0000,0.00000,0.00490
12.12,24.12,1.3345,0.0000,0.00000,0.00522
12.38,24.12,1.2851,0.0000,0.00000,0.00504
12.62,24.12,1.1206,0.0000,0.00000,0.00452
12.88,24.12,0.9618,0.0000,0.00000,0.00388
13.12,24.12,0.9355,0.0000,0.00000,0.00373
13.38,24.12,1.0646,0.0000,0.00000,0.00412
13.62,24.12,1.2764,0.0000,0.00000,0.00479
13.88,24.12,1.4450,0.0000,0.00000,0.00535
14.12,24.12,1.4402,0.0000,0.00000,0.00544
14.38,24.12,1.2461,0.0000,0.00000,0.00509
14.62,24.12,1.0275,0.0000,0.00000,0.00483
14.88,24.12,0.9342,0.0000,0.00000,0.00509
15.12,24.12,1.0433,0.0000,0.00000,0.00632
11.12,24.38,0.1032,0.0000,0.00000,0.00046
11.38,24.38,0.2226,0.0000,0.00000,0.00093
11.62,24.38,0.4283,0.0000,0.00000,0.00175
11.88,24.38,0.7129,0.0000,0.00000,0.00279
12.12,24.38,1.0320,0.0000,0.00000,0.00391
12.38,24.38,1.2916,0.0000,0.00000,0.00501
12.62,24.38,1.3772,0.0000,0.00000,0.00541
12.88,24.38,1.2684,0.0000,0.00000,0.00495
13.12,24.38,1.0663,0.0000,0.00000,0.00421
13.38,24.38,0.9101,0.0000,0.00000,0.00362
13.62,24.38,0.9202,0.0000,0.00000,0.00361
13.88,24.38,1.1025,0.0000,0.00000,0.00427
14.12,24.38,1.3381,0.0000,0.00000,0.00528
14.38,24.38,1.4545,0.0000,0.00000,0.00628
14.62,24.38,1.3694,0.0000,0.00000,0.00699
14.88,24.38,1.1374,0.0000,0.00000,0.00683
15.12,24.38,0.9061,0.0000,0.00000,0.00589
11.62,24.62,0.1363,0.0000,0.00000,0.00054
11.88,24.62,0.2737,0.0000,0.00000,0.00101
12.12,24.62,0.4926,0.0000,0.00000,0.00182
12.38,24.62,0.7878,0.0000,0.00000,0.00300
12.62,24.62,1.1148,0.0000,0.00000,0.00425
12.88,24.62,1.3513,0.0000,0.00000,0.00514
13.12,24.62,1.3847,0.0000,0.00000,0.00533
13.38,24.62,1.2147,0.0000,0.00000,0.00471
13.62,24.62,0.9869,0.0000,0.00000,0.00393
13.88,24.62,0.8704,0.0000,0.00000,0.00361
14.12,24.62,0.9425,0.0000,0.00000,0.00400
14.38,24.62,1.1543,0.0000,0.00000,0.00531
14.62,24.62,1.3799,0.0000,0.00000,0.00746
14.88,24.62,1.4604,0.0000,0.00000,0.00909
12.12,24.88,0.1540,0.0000,0.00000,0.00056
12.38,24.88,0.2924,0.0000,0.00000,0.00109
12.62,24.88,0.5412,0.0000,0.00000,0.00203
12.88,24.88,0.8869,0.0000,0.00000,0.00335
13.12,24.88,1.2288,0.0000,0.00000,0.00463
13.38,24.88,1.4075,0.0000,0.00000,0.00529
13.62,24.88,1.3549,0.0000,0.00000,0.00523
13.88,24.88,1.1499,0.0000,0.00000,0.00473
14.12,24.88,0.9300,0.0000,0.00000,0.00418
14.38,24.88,0.8460,0.0000,0.00000,0.00421
14.62,24.88,0.9828,0.0000,0.00000,0.00557
14.88,24.88,1.2462,0.0000,0.00000,0.00778
12.38,25.12,0.0753,0.0000,0.00000,0.00028
12.62,25.12,0.1717,0.0000,0.00000,0.00065
12.88,25.12,0.3582,0.0000,0.00000,0.00135
13.12,25.12,0.6480,0.0000,0.00000,0.00241
13.38,25.12,0.9903,0.0000,0.00000,0.00366
13.62,25.12,1.2853,0.0000,0.00000,0.00485
13.88,25.12,1.4127,0.0000,0.00000,0.00563
14.12,25.12,1.3121,0.0000,0.00000,0.00578
14.38,25.12,1.0663,0.0000,0.00000,0.00532
14.62,25.12,0.8521,0.0000,0.00000,0.00483
12.88,25.38,0.1005,0.0000,0.00000,0.00038
13.12,25.38,0.2185,0.0000,0.00000,0.00081
13.38,25.38,0.4217,0.0000,0.00000,0.00155
13.62,25.38,0.7185,0.0000,0.00000,0.00267
13.88,25.38,1.0607,0.0000,0.00000,0.00416
14.12,25.38,1.3374,0.0000,0.00000,0.00582
14.38,25.38,1.4113,0.0000,0.00000,0.00689
13.38,25.62,0.1248,0.0000,0.00000,0.00046
13.62,25.62,0.2565,0.0000,0.00000,0.00095
13.88,25.62,0.4776,0.0000,0.00000,0.00189
14.12,25.62,0.7964,0.0000,0.00000,0.00359
14.38,25.62,1.1378,0.0000,0.00000,0.00575
13.88,25.88,0.1401,0.0000,0.00000,0.00059
14.12,25.88,0.2836,0.0000,0.00000,0.00139
14.12,26.12,0.0656,0.0000,0.00000,0.00035
