x,y,rho,contact,casualty,pressure
2.62,0.12,0.2440,0.0000,0.00000,0.12668
2.88,0.12,0.4459,0.0000,0.00000,0.21805
3.12,0.12,0.5667,0.0000,0.00000,0.25238
3.38,0.12,0.5342,0.0000,0.00000,0.22374
3.62,0.12,0.5218,0.0000,0.00000,0.23273
3.88,0.12,0.5782,0.0000,0.00000,0.26301
4.12,0.12,0.5942,0.0000,0.00000,0.25650
4.38,0.12,0.5661,0.0000,0.00000,0.24271
4.62,0.12,0.5618,0.0000,0.00000,0.25048
4.88,0.12,0.5861,0.0000,0.00000,0.26107
5.12,0.12,0.5831,0.0000,0.00000,0.24823
5.38,0.12,0.5766,0.0000,0.00000,0.24365
5.62,0.12,0.5934,0.0000,0.00000,0.25995
5.88,0.12,0.5847,0.0000,0.00000,0.26279
6.12,0.12,0.5690,0.0000,0.00000,0.26939
6.38,0.12,0.5804,0.0010,0.00000,0.28881
6.62,0.12,0.5852,0.0281,0.00000,0.30214
6.88,0.12,0.6077,0.3255,0.00000,0.34554
7.12,0.12,0.5426,1.5113,0.00000,0.33809
7.38,0.12,0.3400,3.3283,0.00000,0.22126
2.62,0.38,0.4726,0.0000,0.00000,0.22884
2.88,0.38,0.9029,0.0000,0.00000,0.41253
3.12,0.38,1.2050,0.0000,0.00000,0.49988
3.38,0.38,1.1427,0.0000,0.00000,0.43664
3.62,0.38,1.0485,0.0000,0.00000,0.41990
3.88,0.38,1.1387,0.0000,0.00000,0.46771
4.12,0.38,1.2049,0.0000,0.00000,0.47115
4.38,0.38,1.1541,0.0000,0.00000,0.44874
4.62,0.38,1.1306,0.0000,0.00000,0.45654
4.88,0.38,1.1701,0.0000,0.00000,0.47606
5.12,0.38,1.1613,0.0000,0.00000,0.45644
5.38,0.38,1.1442,0.0000,0.00000,0.44701
5.62,0.38,1.1820,0.0000,0.00000,0.47936
5.88,0.38,1.1901,0.0000,0.00000,0.49930
6.12,0.38,1.1827,0.0000,0.00000,0.52569
6.38,0.38,1.1746,0.0013,0.00000,0.55435
6.62,0.38,1.1602,0.0383,0.00000,0.57619
6.88,0.38,1.2507,0.4441,0.00000,0.68472
7.12,0.38,1.1432,2.0606,0.00000,0.68166
7.38,0.38,0.7166,4.5369,0.00000,0.44587
2.62,0.62,0.5417,0.0000,0.00000,0.23718
2.88,0.62,1.1212,0.0000,0.00000,0.46639
3.12,0.62,1.6253,0.0000,0.00000,0.61679
3.38,0.62,1.5857,0.0000,0.00000,0.54503
3.62,0.62,1.3608,0.0000,0.00000,0.47302
3.88,0.62,1.4238,0.0000,0.00000,0.50936
4.12,0.62,1.5598,0.0000,0.00000,0.53509
4.38,0.62,1.5168,0.0000,0.00000,0.51196
4.62,0.62,1.4663,0.0000,0.00000,0.50870
4.88,0.62,1.5093,0.0000,0.00000,0.53460
5.12,0.62,1.5068,0.0000,0.00000,0.52599
5.38,0.62,1.4825,0.0000,0.00000,0.51641
5.62,0.62,1.5187,0.0000,0.00000,0.55003
5.88,0.62,1.5455,0.0000,0.00000,0.58829
6.12,0.62,1.5779,0.0000,0.00000,0.64169
6.38,0.62,1.5424,0.0008,0.00000,0.66561
6.62,0.62,1.4946,0.0232,0.00000,0.67804
6.88,0.62,1.6731,0.2672,0.00000,0.83324
7.12,0.62,1.5614,1.2379,0.00000,0.84694
7.38,0.62,0.9771,2.7240,0.00000,0.55559
2.62,0.88,0.3580,0.0000,0.00000,0.13686
2.88,0.88,0.8483,0.0000,0.00000,0.31292
3.12,0.88,1.3911,0.0000,0.00000,0.47801
3.38,0.88,1.4491,0.0000,0.00000,0.45494
3.62,0.88,1.1995,0.0000,0.00000,0.36880
3.88,0.88,1.1882,0.0000,0.00000,0.37605
4.12,0.88,1.3405,0.0000,0.00000,0.40854
4.38,0.88,1.3434,0.0000,0.00000,0.39120
4.62,0.88,1.2826,0.0000,0.00000,0.37676
4.88,0.88,1.3161,0.0000,0.00000,0.40260
5.12,0.88,1.3388,0.0000,0.00000,0.41562
5.38,0.88,1.3215,0.0000,0.00000,0.41270
5.62,0.88,1.3257,0.0000,0.00000,0.42739
5.88,0.88,1.3440,0.0000,0.00000,0.45784
6.12,0.88,1.3992,0.0000,0.00000,0.51081
6.38,0.88,1.3526,0.0002,0.00000,0.51750
6.62,0.88,1.2887,0.0053,0.00000,0.50569
6.88,0.88,1.4906,0.0600,0.00000,0.63149
7.12,0.88,1.4176,0.2768,0.00000,0.65590
7.38,0.88,0.8871,0.6080,0.00000,0.43347
2.62,1.12,0.1750,0.0000,0.00000,0.05298
2.88,1.12,0.4995,0.0000,0.00000,0.14992
3.12,1.12,0.9487,0.0000,0.00000,0.27466
3.38,1.12,1.1013,0.0000,0.00000,0.30079
3.62,1.12,0.9481,0.0000,0.00000,0.25224
3.88,1.12,0.8921,0.0000,0.00000,0.24531
4.12,1.12,1.0049,0.0000,0.00000,0.26936
4.38,1.12,1.0418,0.0000,0.00000,0.26197
4.62,1.12,0.9924,0.0000,0.00000,0.24668
4.88,1.12,1.0151,0.0000,0.00000,0.26328
5.12,1.12,1.0521,0.0000,0.00000,0.28165
5.38,1.12,1.0442,0.0000,0.00000,0.28490
5.62,1.12,1.0307,0.0000,0.00000,0.29033
5.88,1.12,1.0484,0.0000,0.00000,0.30994
6.12,1.12,1.1121,0.0000,0.00000,0.34758
6.38,1.12,1.0681,0.0000,0.00000,0.34172
6.62,1.12,1.0076,0.0005,0.00000,0.32166
6.88,1.12,1.1753,0.0050,0.00000,0.40329
7.12,1.12,1.1069,0.0229,0.00000,0.41906
7.38,1.12,0.6819,0.0500,0.00000,0.27529
2.62,1.38,0.0962,0.0000,0.00000,0.01945
2.88,1.38,0.3254,0.0000,0.00000,0.06740
3.12,1.38,0.7015,0.0000,0.00000,0.14660
3.38,1.38,0.9175,0.0000,0.00000,0.19052
3.62,1.38,0.8598,0.0000,0.00000,0.17676
3.88,1.38,0.7821,0.0000,0.00000,0.16447
4.12,1.38,0.8465,0.0000,0.00000,0.17984
4.38,1.38,0.9033,0.0000,0.00000,0.18566
4.62,1.38,0.8829,0.0000,0.00000,0.17874
4.88,1.38,0.8986,0.0000,0.00000,0.18585
5.12,1.38,0.9371,0.0000,0.00000,0.19918
5.38,1.38,0.9435,0.0000,0.00000,0.20685
5.62,1.38,0.9265,0.0000,0.00000,0.21143
5.88,1.38,0.9482,0.0000,0.00000,0.22792
6.12,1.38,1.0313,0.0000,0.00000,0.26040
6.38,1.38,0.9999,0.0000,0.00000,0.25408
6.62,1.38,0.9705,0.0000,0.00000,0.24059
6.88,1.38,1.1062,0.0002,0.00000,0.29449
7.12,1.38,0.9469,0.0007,0.00000,0.28449
7.38,1.38,0.5342,0.0015,0.00000,0.17622
2.62,1.62,0.0688,0.0000,0.00000,0.00840
2.88,1.62,0.2602,0.0000,0.00000,0.03401
3.12,1.62,0.6150,0.0000,0.00000,0.08684
3.38,1.62,0.8843,0.0000,0.00000,0.13230
3.62,1.62,0.8891,0.0000,0.00000,0.13244
3.88,1.62,0.8004,0.0000,0.00000,0.11684
4.12,1.62,0.8341,0.0000,0.00000,0.12803
4.38,1.62,0.9150,0.0000,0.00000,0.14440
4.62,1.62,0.9217,0.0000,0.00000,0.14568
4.88,1.62,0.9216,0.0000,0.00000,0.14854
5.12,1.62,0.9633,0.0000,0.00000,0.15976
5.38,1.62,0.9971,0.0000,0.00000,0.17113
5.62,1.62,0.9793,0.0000,0.00000,0.17361
5.88,1.62,0.9889,0.0000,0.00000,0.18610
6.12,1.62,1.0821,0.0000,0.00000,0.21490
6.38,1.62,1.0688,0.0000,0.00000,0.21104
6.62,1.62,1.0913,0.0000,0.00000,0.20546
6.88,1.62,1.2075,0.0000,0.00000,0.23955
7.12,1.62,0.9076,0.0000,0.00000,0.20562
7.38,1.62,0.4429,0.0000,0.00000,0.11497
2.62,1.88,0.0519,0.0000,0.00000,0.00440
2.88,1.88,0.2132,0.0000,0.00000,0.02034
3.12,1.88,0.5556,0.0000,0.00000,0.05984
3.38,1.88,0.8830,0.0000,0.00000,0.10093
3.62,1.88,0.9512,0.0000,0.00000,0.10320
3.88,1.88,0.8640,0.0000,0.00000,0.08697
4.12,1.88,0.8738,0.0000,0.00000,0.09572
4.38,1.88,0.9751,0.0000,0.00000,0.11572
4.62,1.88,0.9999,0.0000,0.00000,0.11993
4.88,1.88,0.9742,0.0000,0.00000,0.12002
5.12,1.88,1.0214,0.0000,0.00000,0.13165
5.38,1.88,1.0888,0.0000,0.00000,0.14496
5.62,1.88,1.0704,0.0000,0.00000,0.14556
5.88,1.88,1.0655,0.0000,0.00000,0.15281
6.12,1.88,1.1592,0.0000,0.00000,0.17385
6.38,1.88,1.1542,0.0000,0.00000,0.17108
6.62,1.88,1.2215,0.0000,0.00000,0.17099
6.88,1.88,1.3266,0.0000,0.00000,0.19230
7.12,1.88,0.9084,0.0000,0.00000,0.15034
7.38,1.88,0.3888,0.0000,0.00000,0.07644
2.62,2.12,0.0346,0.0000,0.00000,0.00261
2.88,2.12,0.1609,0.0000,0.00000,0.01306
3.12,2.12,0.4874,0.0000,0.00000,0.04167
3.38,2.12,0.8728,0.0000,0.00000,0.07378
3.62,2.12,0.9982,0.0000,0.00000,0.07631
3.88,2.12,0.9134,0.0000,0.00000,0.06302
4.12,2.12,0.9004,0.0000,0.00000,0.06858
4.38,2.12,1.0181,0.0000,0.00000,0.08690
4.62,2.12,1.0751,0.0000,0.00000,0.09397
4.88,2.12,1.0392,0.0000,0.00000,0.09487
5.12,2.12,1.0818,0.0000,0.00000,0.10595
5.38,2.12,1.1644,0.0000,0.00000,0.11759
5.62,2.12,1.1441,0.0000,0.00000,0.11647
5.88,2.12,1.1432,0.0000,0.00000,0.12126
6.12,2.12,1.2340,0.0000,0.00000,0.13580
6.38,2.12,1.2067,0.0000,0.00000,0.13203
6.62,2.12,1.2974,0.0000,0.00000,0.13607
6.88,2.12,1.4165,0.0000,0.00000,0.15426
7.12,2.12,0.9384,0.0000,0.00000,0.11707
7.38,2.12,0.3782,0.0000,0.00000,0.05734
2.62,2.38,0.0210,0.0000,0.00000,0.00127
2.88,2.38,0.1177,0.0000,0.00000,0.00681
3.12,2.38,0.4251,0.0000,0.00000,0.02367
3.38,2.38,0.8501,0.0000,0.00000,0.04615
3.62,2.38,1.0243,0.0000,0.00000,0.05308
3.88,2.38,0.9470,0.0000,0.00000,0.04656
4.12,2.38,0.9073,0.0000,0.00000,0.04916
4.38,2.38,1.0289,0.0000,0.00000,0.06384
4.62,2.38,1.1262,0.0000,0.00000,0.07501
4.88,2.38,1.0945,0.0000,0.00000,0.08011
5.12,2.38,1.1226,0.0000,0.00000,0.08897
5.38,2.38,1.2064,0.0000,0.00000,0.09563
5.62,2.38,1.1874,0.0000,0.00000,0.09447
5.88,2.38,1.1953,0.0000,0.00000,0.10129
6.12,2.38,1.2777,0.0000,0.00000,0.11261
6.38,2.38,1.2208,0.0000,0.00000,0.10578
6.62,2.38,1.3134,0.0000,0.00000,0.10852
6.88,2.38,1.4525,0.0000,0.00000,0.12535
7.12,2.38,0.9673,0.0000,0.00000,0.09709
7.38,2.38,0.3905,0.0000,0.00000,0.04860
2.62,2.62,0.0128,0.0000,0.00000,0.00046
2.88,2.62,0.0861,0.0000,0.00000,0.00286
3.12,2.62,0.3604,0.0000,0.00000,0.01174
3.38,2.62,0.8032,0.0000,0.00000,0.02758
3.62,2.62,1.0520,0.0000,0.00000,0.03841
3.88,2.62,0.9990,0.0000,0.00000,0.03751
4.12,2.62,0.9117,0.0000,0.00000,0.03756
4.38,2.62,1.0100,0.0000,0.00000,0.04894
4.62,2.62,1.1382,0.0000,0.00000,0.06320
4.88,2.62,1.1149,0.0000,0.00000,0.06991
5.12,2.62,1.1256,0.0000,0.00000,0.07481
5.38,2.62,1.2110,0.0000,0.00000,0.07857
5.62,2.62,1.1962,0.0000,0.00000,0.07910
5.88,2.62,1.2062,0.0000,0.00000,0.08696
6.12,2.62,1.2861,0.0000,0.00000,0.09534
6.38,2.62,1.2179,0.0000,0.00000,0.08646
6.62,2.62,1.3094,0.0000,0.00000,0.08657
6.88,2.62,1.4641,0.0000,0.00000,0.09986
7.12,2.62,0.9846,0.0000,0.00000,0.07710
7.38,2.62,0.4013,0.0000,0.00000,0.03831
2.62,2.88,0.0080,0.0000,0.00000,0.00017
2.88,2.88,0.0623,0.0000,0.00000,0.00131
3.12,2.88,0.2928,0.0000,0.00000,0.00663
3.38,2.88,0.7346,0.0000,0.00000,0.01901
3.62,2.88,1.0689,0.0000,0.00000,0.03147
3.88,2.88,1.0561,0.0000,0.00000,0.03329
4.12,2.88,0.9290,0.0000,0.00000,0.03080
4.38,2.88,0.9965,0.0000,0.00000,0.03841
4.62,2.88,1.1376,0.0000,0.00000,0.05099
4.88,2.88,1.1234,0.0000,0.00000,0.05499
5.12,2.88,1.1254,0.0000,0.00000,0.05795
5.38,2.88,1.2229,0.0000,0.00000,0.06407
5.62,2.88,1.2171,0.0000,0.00000,0.06631
5.88,2.88,1.2283,0.0000,0.00000,0.07190
6.12,2.88,1.3153,0.0000,0.00000,0.07820
6.38,2.88,1.2494,0.0000,0.00000,0.07085
6.62,2.88,1.3415,0.0000,0.00000,0.06960
6.88,2.88,1.5012,0.0000,0.00000,0.07852
7.12,2.88,1.0134,0.0000,0.00000,0.05948
7.38,2.88,0.4153,0.0000,0.00000,0.02897
2.62,3.12,0.0049,0.0000,0.00000,0.00007
2.88,3.12,0.0419,0.0000,0.00000,0.00071
3.12,3.12,0.2200,0.0000,0.00000,0.00433
3.38,3.12,0.6295,0.0000,0.00000,0.01475
3.62,3.12,1.0302,0.0000,0.00000,0.02802
3.88,3.12,1.0859,0.0000,0.00000,0.03157
4.12,3.12,0.9625,0.0000,0.00000,0.02704
4.38,3.12,1.0134,0.0000,0.00000,0.02987
4.62,3.12,1.1561,0.0000,0.00000,0.03801
4.88,3.12,1.1469,0.0000,0.00000,0.04025
5.12,3.12,1.1453,0.0000,0.00000,0.04379
5.38,3.12,1.2502,0.0000,0.00000,0.05163
5.62,3.12,1.2438,0.0000,0.00000,0.05316
5.88,3.12,1.2530,0.0000,0.00000,0.05559
6.12,3.12,1.3472,0.0000,0.00000,0.06127
6.38,3.12,1.2841,0.0000,0.00000,0.05773
6.62,3.12,1.3766,0.0000,0.00000,0.05805
6.88,3.12,1.5381,0.0000,0.00000,0.06512
7.12,3.12,1.0409,0.0000,0.00000,0.04876
7.38,3.12,0.4290,0.0000,0.00000,0.02347
2.62,3.38,0.0026,0.0000,0.00000,0.00003
2.88,3.38,0.0254,0.0000,0.00000,0.00040
3.12,3.38,0.1535,0.0000,0.00000,0.00295
3.38,3.38,0.5133,0.0000,0.00000,0.01196
3.62,3.38,0.9578,0.0000,0.00000,0.02587
3.88,3.38,1.1035,0.0000,0.00000,0.03132
4.12,3.38,1.0049,0.0000,0.00000,0.02583
4.38,3.38,1.0329,0.0000,0.00000,0.02504
4.62,3.38,1.1805,0.0000,0.00000,0.03110
4.88,3.38,1.1853,0.0000,0.00000,0.03447
5.12,3.38,1.1719,0.0000,0.00000,0.03769
5.38,3.38,1.2720,0.0000,0.00000,0.04361
5.62,3.38,1.2689,0.0000,0.00000,0.04364
5.88,3.38,1.2713,0.0000,0.00000,0.04393
6.12,3.38,1.3644,0.0000,0.00000,0.04840
6.38,3.38,1.3045,0.0000,0.00000,0.04672
6.62,3.38,1.4006,0.0000,0.00000,0.04904
6.88,3.38,1.5675,0.0000,0.00000,0.05631
7.12,3.38,1.0662,0.0000,0.00000,0.04231
7.38,3.38,0.4434,0.0000,0.00000,0.02036
2.62,3.62,0.0013,0.0000,0.00000,0.00002
2.88,3.62,0.0149,0.0000,0.00000,0.00022
3.12,3.62,0.1075,0.0000,0.00000,0.00199
3.38,3.62,0.4226,0.0000,0.00000,0.00939
3.62,3.62,0.8936,0.0000,0.00000,0.02293
3.88,3.62,1.1241,0.0000,0.00000,0.03029
4.12,3.62,1.0455,0.0000,0.00000,0.02536
4.38,3.62,1.0308,0.0000,0.00000,0.02285
4.62,3.62,1.1833,0.0000,0.00000,0.02859
4.88,3.62,1.2193,0.0000,0.00000,0.03337
5.12,3.62,1.1881,0.0000,0.00000,0.03559
5.38,3.62,1.2777,0.0000,0.00000,0.03941
5.62,3.62,1.2986,0.0000,0.00000,0.03959
5.88,3.62,1.3049,0.0000,0.00000,0.03923
6.12,3.62,1.3944,0.0000,0.00000,0.04181
6.38,3.62,1.3363,0.0000,0.00000,0.03926
6.62,3.62,1.4253,0.0000,0.00000,0.04079
6.88,3.62,1.5907,0.0000,0.00000,0.04790
7.12,3.62,1.0936,0.0000,0.00000,0.03752
7.38,3.62,0.4641,0.0000,0.00000,0.01895
2.62,3.88,0.0006,0.0000,0.00000,0.00001
2.88,3.88,0.0086,0.0000,0.00000,0.00011
3.12,3.88,0.0748,0.0000,0.00000,0.00112
3.38,3.88,0.3421,0.0000,0.00000,0.00590
3.62,3.88,0.8191,0.0000,0.00000,0.01610
3.88,3.88,1.1324,0.0000,0.00000,0.02384
4.12,3.88,1.0813,0.0000,0.00000,0.02261
4.38,3.88,1.0240,0.0000,0.00000,0.02163
4.62,3.88,1.1743,0.0000,0.00000,0.02576
4.88,3.88,1.2459,0.0000,0.00000,0.02903
5.12,3.88,1.2057,0.0000,0.00000,0.03092
5.38,3.88,1.2826,0.0000,0.00000,0.03542
5.62,3.88,1.3169,0.0000,0.00000,0.03777
5.88,3.88,1.3221,0.0000,0.00000,0.03792
6.12,3.88,1.4102,0.0000,0.00000,0.03900
6.38,3.88,1.3576,0.0000,0.00000,0.03540
6.62,3.88,1.4304,0.0000,0.00000,0.03505
6.88,3.88,1.5957,0.0000,0.00000,0.04095
7.12,3.88,1.1241,0.0000,0.00000,0.03340
7.38,3.88,0.4964,0.0000,0.00000,0.01771
2.62,4.12,0.0003,0.0000,0.00000,0.00000
2.88,4.12,0.0052,0.0000,0.00000,0.00005
3.12,4.12,0.0518,0.0000,0.00000,0.00060
3.38,4.12,0.2688,0.0000,0.00000,0.00363
3.62,4.12,0.7323,0.0000,0.00000,0.01154
3.88,4.12,1.1280,0.0000,0.00000,0.01983
4.12,4.12,1.1275,0.0000,0.00000,0.02182
4.38,4.12,1.0367,0.0000,0.00000,0.02180
4.62,4.12,1.1688,0.0000,0.00000,0.02308
4.88,4.12,1.2704,0.0000,0.00000,0.02413
5.12,4.12,1.2441,0.0000,0.00000,0.02638
5.38,4.12,1.3187,0.0000,0.00000,0.03220
5.62,4.12,1.3519,0.0000,0.00000,0.03596
5.88,4.12,1.3354,0.0000,0.00000,0.03580
6.12,4.12,1.4188,0.0000,0.00000,0.03575
6.38,4.12,1.3823,0.0000,0.00000,0.03268
6.62,4.12,1.4410,0.0000,0.00000,0.03151
6.88,4.12,1.6101,0.0000,0.00000,0.03577
7.12,4.12,1.1731,0.0000,0.00000,0.02960
7.38,4.12,0.5449,0.0000,0.00000,0.01611
2.62,4.38,0.0002,0.0000,0.00000,0.00000
2.88,4.38,0.0036,0.0000,0.00000,0.00003
3.12,4.38,0.0371,0.0000,0.00000,0.00040
3.38,4.38,0.2089,0.0000,0.00000,0.00275
3.62,4.38,0.6362,0.0000,0.00000,0.00999
3.88,4.38,1.0887,0.0000,0.00000,0.01922
4.12,4.38,1.1627,0.0000,0.00000,0.02246
4.38,4.38,1.0574,0.0000,0.00000,0.02109
4.62,4.38,1.1560,0.0000,0.00000,0.02044
4.88,4.38,1.2786,0.0000,0.00000,0.02168
5.12,4.38,1.2718,0.0000,0.00000,0.02479
5.38,4.38,1.3474,0.0000,0.00000,0.02957
5.62,4.38,1.3879,0.0000,0.00000,0.03100
5.88,4.38,1.3556,0.0000,0.00000,0.02951
6.12,4.38,1.4394,0.0000,0.00000,0.02970
6.38,4.38,1.4208,0.0000,0.00000,0.02835
6.62,4.38,1.4642,0.0000,0.00000,0.02785
6.88,4.38,1.6312,0.0000,0.00000,0.03175
7.12,4.38,1.2202,0.0000,0.00000,0.02703
7.38,4.38,0.5893,0.0000,0.00000,0.01520
2.62,4.62,0.0001,0.0000,0.00000,0.00000
2.88,4.62,0.0022,0.0000,0.00000,0.00002
3.12,4.62,0.0249,0.0000,0.00000,0.00025
3.38,4.62,0.1560,0.0000,0.00000,0.00189
3.62,4.62,0.5372,0.0000,0.00000,0.00769
3.88,4.62,1.0275,0.0000,0.00000,0.01695
4.12,4.62,1.1880,0.0000,0.00000,0.02153
4.38,4.62,1.0839,0.0000,0.00000,0.01904
4.62,4.62,1.1470,0.0000,0.00000,0.01790
4.88,4.62,1.2833,0.0000,0.00000,0.02062
5.12,4.62,1.2791,0.0000,0.00000,0.02398
5.38,4.62,1.3415,0.0000,0.00000,0.02712
5.62,4.62,1.4002,0.0000,0.00000,0.02682
5.88,4.62,1.3765,0.0000,0.00000,0.02458
6.12,4.62,1.4667,0.0000,0.00000,0.02485
6.38,4.62,1.4550,0.0000,0.00000,0.02417
6.62,4.62,1.4737,0.0000,0.00000,0.02425
6.88,4.62,1.6338,0.0000,0.00000,0.02859
7.12,4.62,1.2497,0.0000,0.00000,0.02524
7.38,4.62,0.6225,0.0000,0.00000,0.01461
2.62,4.88,0.0001,0.0000,0.00000,0.00000
2.88,4.88,0.0012,0.0000,0.00000,0.00001
3.12,4.88,0.0156,0.0000,0.00000,0.00014
3.38,4.88,0.1141,0.0000,0.00000,0.00121
3.62,4.88,0.4532,0.0000,0.00000,0.00568
3.88,4.88,0.9716,0.0000,0.00000,0.01449
4.12,4.88,1.2153,0.0000,0.00000,0.02022
4.38,4.88,1.1214,0.0000,0.00000,0.01775
4.62,4.88,1.1534,0.0000,0.00000,0.01628
4.88,4.88,1.2979,0.0000,0.00000,0.01879
5.12,4.88,1.2974,0.0000,0.00000,0.02097
5.38,4.88,1.3456,0.0000,0.00000,0.02422
5.62,4.88,1.4099,0.0000,0.00000,0.02595
5.88,4.88,1.3938,0.0000,0.00000,0.02383
6.12,4.88,1.4937,0.0000,0.00000,0.02320
6.38,4.88,1.4848,0.0000,0.00000,0.02223
6.62,4.88,1.4732,0.0000,0.00000,0.02193
6.88,4.88,1.6278,0.0000,0.00000,0.02547
7.12,4.88,1.2803,0.0000,0.00000,0.02220
7.38,4.88,0.6609,0.0000,0.00000,0.01270
2.62,5.12,0.0000,0.0000,0.00000,0.00000
2.88,5.12,0.0007,0.0000,0.00000,0.00000
3.12,5.12,0.0097,0.0000,0.00000,0.00008
3.38,5.12,0.0834,0.0000,0.00000,0.00083
3.62,5.12,0.3775,0.0000,0.00000,0.00436
3.88,5.12,0.8998,0.0000,0.00000,0.01203
4.12,5.12,1.2187,0.0000,0.00000,0.01792
4.38,5.12,1.1525,0.0000,0.00000,0.01655
4.62,5.12,1.1638,0.0000,0.00000,0.01508
4.88,5.12,1.3191,0.0000,0.00000,0.01682
5.12,5.12,1.3347,0.0000,0.00000,0.01836
5.38,5.12,1.3699,0.0000,0.00000,0.02208
5.62,5.12,1.4233,0.0000,0.00000,0.02557
5.88,5.12,1.4009,0.0000,0.00000,0.02394
6.12,5.12,1.5093,0.0000,0.00000,0.02294
6.38,5.12,1.5097,0.0000,0.00000,0.02183
6.62,5.12,1.4781,0.0000,0.00000,0.02101
6.88,5.12,1.6343,0.0000,0.00000,0.02362
7.12,5.12,1.3233,0.0000,0.00000,0.02012
7.38,5.12,0.7070,0.0000,0.00000,0.01133
2.62,5.38,0.0000,0.0000,0.00000,0.00000
2.88,5.38,0.0004,0.0000,0.00000,0.00000
3.12,5.38,0.0064,0.0000,0.00000,0.00005
3.38,5.38,0.0619,0.0000,0.00000,0.00059
3.62,5.38,0.3094,0.0000,0.00000,0.00328
3.88,5.38,0.8162,0.0000,0.00000,0.00952
4.12,5.38,1.2062,0.0000,0.00000,0.01522
4.38,5.38,1.1872,0.0000,0.00000,0.01533
4.62,5.38,1.1805,0.0000,0.00000,0.01450
4.88,5.38,1.3345,0.0000,0.00000,0.01631
5.12,5.38,1.3629,0.0000,0.00000,0.01766
5.38,5.38,1.3921,0.0000,0.00000,0.02002
5.62,5.38,1.4464,0.0000,0.00000,0.02254
5.88,5.38,1.4176,0.0000,0.00000,0.02196
6.12,5.38,1.5225,0.0000,0.00000,0.02240
6.38,5.38,1.5327,0.0000,0.00000,0.02198
6.62,5.38,1.4889,0.0000,0.00000,0.02088
6.88,5.38,1.6508,0.0000,0.00000,0.02311
7.12,5.38,1.3710,0.0000,0.00000,0.01983
7.38,5.38,0.7528,0.0000,0.00000,0.01129
2.62,5.62,0.0000,0.0000,0.00000,0.00000
2.88,5.62,0.0003,0.0000,0.00000,0.00000
3.12,5.62,0.0048,0.0000,0.00000,0.00004
3.38,5.62,0.0487,0.0000,0.00000,0.00047
3.62,5.62,0.2590,0.0000,0.00000,0.00266
3.88,5.62,0.7393,0.0000,0.00000,0.00802
4.12,5.62,1.1788,0.0000,0.00000,0.01350
4.38,5.62,1.2149,0.0000,0.00000,0.01460
4.62,5.62,1.1956,0.0000,0.00000,0.01524
4.88,5.62,1.3339,0.0000,0.00000,0.01815
5.12,5.62,1.3694,0.0000,0.00000,0.01881
5.38,5.62,1.4071,0.0000,0.00000,0.01900
5.62,5.62,1.4692,0.0000,0.00000,0.01983
5.88,5.62,1.4298,0.0000,0.00000,0.01945
6.12,5.62,1.5300,0.0000,0.00000,0.02086
6.38,5.62,1.5515,0.0000,0.00000,0.02122
6.62,5.62,1.4892,0.0000,0.00000,0.02025
6.88,5.62,1.6548,0.0000,0.00000,0.02263
7.12,5.62,1.4201,0.0000,0.00000,0.02028
7.38,5.62,0.8069,0.0000,0.00000,0.01206
2.62,5.88,0.0000,0.0000,0.00000,0.00000
2.88,5.88,0.0002,0.0000,0.00000,0.00000
3.12,5.88,0.0034,0.0000,0.00000,0.00003
3.38,5.88,0.0375,0.0000,0.00000,0.00038
3.62,5.88,0.2166,0.0000,0.00000,0.00234
3.88,5.88,0.6705,0.0000,0.00000,0.00752
4.12,5.88,1.1462,0.0000,0.00000,0.01323
4.38,5.88,1.2374,0.0000,0.00000,0.01503
4.62,5.88,1.2154,0.0000,0.00000,0.01711
4.88,5.88,1.3351,0.0000,0.00000,0.02102
5.12,5.88,1.3756,0.0000,0.00000,0.02025
5.38,5.88,1.4227,0.0000,0.00000,0.01845
5.62,5.88,1.4842,0.0000,0.00000,0.01849
5.88,5.88,1.4350,0.0000,0.00000,0.01809
6.12,5.88,1.5408,0.0000,0.00000,0.01935
6.38,5.88,1.5761,0.0000,0.00000,0.01971
6.62,5.88,1.4846,0.0000,0.00000,0.01933
6.88,5.88,1.6489,0.0000,0.00000,0.02210
7.12,5.88,1.4740,0.0000,0.00000,0.02008
7.38,5.88,0.8724,0.0000,0.00000,0.01207
2.62,6.12,0.0000,0.0000,0.00000,0.00000
2.88,6.12,0.0001,0.0000,0.00000,0.00000
3.12,6.12,0.0023,0.0000,0.00000,0.00002
3.38,6.12,0.0282,0.0000,0.00000,0.00029
3.62,6.12,0.1813,0.0000,0.00000,0.00210
3.88,6.12,0.6170,0.0000,0.00000,0.00765
4.12,6.12,1.1304,0.0000,0.00000,0.01432
4.38,6.12,1.2696,0.0000,0.00000,0.01623
4.62,6.12,1.2406,0.0000,0.00000,0.01753
4.88,6.12,1.3368,0.0000,0.00000,0.02058
5.12,6.12,1.3808,0.0000,0.00000,0.01931
5.38,6.12,1.4341,0.0000,0.00000,0.01747
5.62,6.12,1.4944,0.0000,0.00000,0.01778
5.88,6.12,1.4445,0.0000,0.00000,0.01766
6.12,6.12,1.5608,0.0000,0.00000,0.01895
6.38,6.12,1.6086,0.0000,0.00000,0.01944
6.62,6.12,1.4804,0.0000,0.00000,0.01973
6.88,6.12,1.6391,0.0000,0.00000,0.02329
7.12,6.12,1.5250,0.0000,0.00000,0.02113
7.38,6.12,0.9366,0.0000,0.00000,0.01259
2.62,6.38,0.0000,0.0000,0.00000,0.00000
2.88,6.38,0.0001,0.0000,0.00000,0.00000
3.12,6.38,0.0017,0.0000,0.00000,0.00001
3.38,6.38,0.0216,0.0000,0.00000,0.00022
3.62,6.38,0.1518,0.0000,0.00000,0.00187
3.88,6.38,0.5640,0.0000,0.00000,0.00775
4.12,6.38,1.1040,0.0000,0.00000,0.01578
4.38,6.38,1.2908,0.0000,0.00000,0.01808
4.62,6.38,1.2583,0.0000,0.00000,0.01678
4.88,6.38,1.3406,0.0000,0.00000,0.01742
5.12,6.38,1.3989,0.0000,0.00000,0.01723
5.38,6.38,1.4622,0.0000,0.00000,0.01716
5.62,6.38,1.5223,0.0000,0.00000,0.01811
5.88,6.38,1.4602,0.0000,0.00000,0.01791
6.12,6.38,1.5805,0.0000,0.00000,0.01917
6.38,6.38,1.6424,0.0000,0.00000,0.02004
6.62,6.38,1.4779,0.0000,0.00000,0.02030
6.88,6.38,1.6300,0.0000,0.00000,0.02410
7.12,6.38,1.5713,0.0000,0.00000,0.02229
7.38,6.38,0.9946,0.0000,0.00000,0.01347
2.62,6.62,0.0000,0.0000,0.00000,0.00000
2.88,6.62,0.0000,0.0000,0.00000,0.00000
3.12,6.62,0.0012,0.0000,0.00000,0.00001
3.38,6.62,0.0170,0.0000,0.00000,0.00016
3.62,6.62,0.1295,0.0000,0.00000,0.00152
3.88,6.62,0.5163,0.0000,0.00000,0.00681
4.12,6.62,1.0669,0.0000,0.00000,0.01528
4.38,6.62,1.3000,0.0000,0.00000,0.01899
4.62,6.62,1.2830,0.0000,0.00000,0.01672
4.88,6.62,1.3577,0.0000,0.00000,0.01557
5.12,6.62,1.4266,0.0000,0.00000,0.01605
5.38,6.62,1.5098,0.0000,0.00000,0.01721
5.62,6.62,1.5709,0.0000,0.00000,0.01899
5.88,6.62,1.4851,0.0000,0.00000,0.01939
6.12,6.62,1.6094,0.0000,0.00000,0.02022
6.38,6.62,1.6907,0.0000,0.00000,0.02050
6.62,6.62,1.4906,0.0000,0.00000,0.01947
6.88,6.62,1.6385,0.0000,0.00000,0.02258
7.12,6.62,1.6381,0.0000,0.00000,0.02211
7.38,6.62,1.0678,0.0000,0.00000,0.01411
2.62,6.88,0.0000,0.0000,0.00000,0.00000
2.88,6.88,0.0000,0.0000,0.00000,0.00000
3.12,6.88,0.0008,0.0000,0.00000,0.00001
3.38,6.88,0.0134,0.0000,0.00000,0.00013
3.62,6.88,0.1116,0.0000,0.00000,0.00121
3.88,6.88,0.4719,0.0000,0.00000,0.00561
4.12,6.88,1.0180,0.0000,0.00000,0.01315
4.38,6.88,1.2919,0.0000,0.00000,0.01734
4.62,6.88,1.3070,0.0000,0.00000,0.01619
4.88,6.88,1.3728,0.0000,0.00000,0.01529
5.12,6.88,1.4363,0.0000,0.00000,0.01570
5.38,6.88,1.5390,0.0000,0.00000,0.01697
5.62,6.88,1.6042,0.0000,0.00000,0.01934
5.88,6.88,1.4923,0.0000,0.00000,0.02066
6.12,6.88,1.6202,0.0000,0.00000,0.02170
6.38,6.88,1.7276,0.0000,0.00000,0.02164
6.62,6.88,1.4965,0.0000,0.00000,0.01899
6.88,6.88,1.6392,0.0000,0.00000,0.02148
7.12,6.88,1.7006,0.0000,0.00000,0.02280
7.38,6.88,1.1404,0.0000,0.00000,0.01553
2.62,7.12,0.0000,0.0000,0.00000,0.00000
2.88,7.12,0.0000,0.0000,0.00000,0.00000
3.12,7.12,0.0006,0.0000,0.00000,0.00001
3.38,7.12,0.0107,0.0000,0.00000,0.00011
3.62,7.12,0.0974,0.0000,0.00000,0.00114
3.88,7.12,0.4329,0.0000,0.00000,0.00542
4.12,7.12,0.9694,0.0000,0.00000,0.01252
4.38,7.12,1.2790,0.0000,0.00000,0.01635
4.62,7.12,1.3317,0.0000,0.00000,0.01584
4.88,7.12,1.3950,0.0000,0.00000,0.01559
5.12,7.12,1.4473,0.0000,0.00000,0.01590
5.38,7.12,1.5615,0.0000,0.00000,0.01688
5.62,7.12,1.6338,0.0000,0.00000,0.01869
5.88,7.12,1.4928,0.0000,0.00000,0.01933
6.12,7.12,1.6137,0.0000,0.00000,0.02130
6.38,7.12,1.7385,0.0000,0.00000,0.02236
6.62,7.12,1.4756,0.0000,0.00000,0.01907
6.88,7.12,1.6175,0.0000,0.00000,0.02137
7.12,7.12,1.7464,0.0000,0.00000,0.02361
7.38,7.12,1.2034,0.0000,0.00000,0.01649
2.62,7.38,0.0000,0.0000,0.00000,0.00000
2.88,7.38,0.0000,0.0000,0.00000,0.00000
3.12,7.38,0.0004,0.0000,0.00000,0.00000
3.38,7.38,0.0089,0.0000,0.00000,0.00011
3.62,7.38,0.0871,0.0000,0.00000,0.00116
3.88,7.38,0.4035,0.0000,0.00000,0.00563
4.12,7.38,0.9321,0.0000,0.00000,0.01293
4.38,7.38,1.2715,0.0000,0.00000,0.01663
4.62,7.38,1.3571,0.0000,0.00000,0.01597
4.88,7.38,1.4159,0.0000,0.00000,0.01560
5.12,7.38,1.4536,0.0000,0.00000,0.01601
5.38,7.38,1.5765,0.0000,0.00000,0.01754
5.62,7.38,1.6592,0.0000,0.00000,0.01907
5.88,7.38,1.4941,0.0000,0.00000,0.01797
6.12,7.38,1.6199,0.0000,0.00000,0.01959
6.38,7.38,1.7710,0.0000,0.00000,0.02115
6.62,7.38,1.4714,0.0000,0.00000,0.01842
6.88,7.38,1.6083,0.0000,0.00000,0.02205
7.12,7.38,1.7960,0.0000,0.00000,0.02544
7.38,7.38,1.2641,0.0000,0.00000,0.01807
2.62,7.62,0.0000,0.0000,0.00000,0.00000
2.88,7.62,0.0000,0.0000,0.00000,0.00000
3.12,7.62,0.0003,0.0000,0.00000,0.00000
3.38,7.62,0.0076,0.0000,0.00000,0.00009
3.62,7.62,0.0784,0.0000,0.00000,0.00099
3.88,7.62,0.3776,0.0000,0.00000,0.00498
4.12,7.62,0.8992,0.0000,0.00000,0.01224
4.38,7.62,1.2663,0.0000,0.00000,0.01688
4.62,7.62,1.3815,0.0000,0.00000,0.01660
4.88,7.62,1.4340,0.0000,0.00000,0.01585
5.12,7.62,1.4540,0.0000,0.00000,0.01630
5.38,7.62,1.5819,0.0000,0.00000,0.01871
5.62,7.62,1.6809,0.0000,0.00000,0.02054
5.88,7.62,1.5073,0.0000,0.00000,0.01821
6.12,7.62,1.6442,0.0000,0.00000,0.01889
6.38,7.62,1.8208,0.0000,0.00000,0.02022
6.62,7.62,1.4832,0.0000,0.00000,0.01770
6.88,7.62,1.6108,0.0000,0.00000,0.02187
7.12,7.62,1.8520,0.0000,0.00000,0.02597
7.38,7.62,1.3275,0.0000,0.00000,0.01871
2.62,7.88,0.0000,0.0000,0.00000,0.00000
2.88,7.88,0.0000,0.0000,0.00000,0.00000
3.12,7.88,0.0003,0.0000,0.00000,0.00000
3.38,7.88,0.0067,0.0000,0.00000,0.00007
3.62,7.88,0.0729,0.0000,0.00000,0.00081
3.88,7.88,0.3617,0.0000,0.00000,0.00432
4.12,7.88,0.8784,0.0000,0.00000,0.01147
4.38,7.88,1.2641,0.0000,0.00000,0.01698
4.62,7.88,1.4079,0.0000,0.00000,0.01729
4.88,7.88,1.4622,0.0000,0.00000,0.01649
5.12,7.88,1.4596,0.0000,0.00000,0.01667
5.38,7.88,1.5867,0.0000,0.00000,0.01893
5.62,7.88,1.7059,0.0000,0.00000,0.02058
5.88,7.88,1.5229,0.0000,0.00000,0.01809
6.12,7.88,1.6632,0.0000,0.00000,0.01867
6.38,7.88,1.8623,0.0000,0.00000,0.01996
6.62,7.88,1.4926,0.0000,0.00000,0.01709
6.88,7.88,1.6142,0.0000,0.00000,0.02020
7.12,7.88,1.9098,0.0000,0.00000,0.02365
7.38,7.88,1.3930,0.0000,0.00000,0.01699
2.62,8.12,0.0000,0.0000,0.00000,0.00000
2.88,8.12,0.0000,0.0000,0.00000,0.00000
3.12,8.12,0.0003,0.0000,0.00000,0.00000
3.38,8.12,0.0063,0.0000,0.00000,0.00006
3.62,8.12,0.0702,0.0000,0.00000,0.00073
3.88,8.12,0.3510,0.0000,0.00000,0.00392
4.12,8.12,0.8579,0.0000,0.00000,0.01030
4.38,8.12,1.2489,0.0000,0.00000,0.01549
4.62,8.12,1.4173,0.0000,0.00000,0.01688
4.88,8.12,1.4859,0.0000,0.00000,0.01715
5.12,8.12,1.4716,0.0000,0.00000,0.01720
5.38,8.12,1.6048,0.0000,0.00000,0.01848
5.62,8.12,1.7418,0.0000,0.00000,0.01951
5.88,8.12,1.5340,0.0000,0.00000,0.01744
6.12,8.12,1.6721,0.0000,0.00000,0.01877
6.38,8.12,1.8990,0.0000,0.00000,0.02027
6.62,8.12,1.5002,0.0000,0.00000,0.01651
6.88,8.12,1.6138,0.0000,0.00000,0.01826
7.12,8.12,1.9608,0.0000,0.00000,0.02110
7.38,8.12,1.4526,0.0000,0.00000,0.01515
2.62,8.38,0.0000,0.0000,0.00000,0.00000
2.88,8.38,0.0000,0.0000,0.00000,0.00000
3.12,8.38,0.0003,0.0000,0.00000,0.00000
3.38,8.38,0.0063,0.0000,0.00000,0.00006
3.62,8.38,0.0691,0.0000,0.00000,0.00076
3.88,8.38,0.3453,0.0000,0.00000,0.00397
4.12,8.38,0.8457,0.0000,0.00000,0.00998
4.38,8.38,1.2396,0.0000,0.00000,0.01484
4.62,8.38,1.4285,0.0000,0.00000,0.01716
4.88,8.38,1.5128,0.0000,0.00000,0.01870
5.12,8.38,1.4893,0.0000,0.00000,0.01903
5.38,8.38,1.6331,0.0000,0.00000,0.01920
5.62,8.38,1.7851,0.0000,0.00000,0.01926
5.88,8.38,1.5481,0.0000,0.00000,0.01766
6.12,8.38,1.6819,0.0000,0.00000,0.02019
6.38,8.38,1.9357,0.0000,0.00000,0.02164
6.62,8.38,1.5078,0.0000,0.00000,0.01647
6.88,8.38,1.6181,0.0000,0.00000,0.01743
7.12,8.38,2.0203,0.0000,0.00000,0.02064
7.38,8.38,1.5188,0.0000,0.00000,0.01507
2.62,8.62,0.0000,0.0000,0.00000,0.00000
2.88,8.62,0.0000,0.0000,0.00000,0.00000
3.12,8.62,0.0003,0.0000,0.00000,0.00000
3.38,8.62,0.0061,0.0000,0.00000,0.00008
3.62,8.62,0.0675,0.0000,0.00000,0.00097
3.88,8.62,0.3391,0.0000,0.00000,0.00484
4.12,8.62,0.8361,0.0000,0.00000,0.01139
4.38,8.62,1.2367,0.0000,0.00000,0.01588
4.62,8.62,1.4463,0.0000,0.00000,0.01804
4.88,8.62,1.5481,0.0000,0.00000,0.02009
5.12,8.62,1.5122,0.0000,0.00000,0.02061
5.38,8.62,1.6565,0.0000,0.00000,0.02023
5.62,8.62,1.8255,0.0000,0.00000,0.01994
5.88,8.62,1.5687,0.0000,0.00000,0.01852
6.12,8.62,1.6995,0.0000,0.00000,0.02123
6.38,8.62,1.9750,0.0000,0.00000,0.02203
6.62,8.62,1.5189,0.0000,0.00000,0.01590
6.88,8.62,1.6275,0.0000,0.00000,0.01673
7.12,8.62,2.0797,0.0000,0.00000,0.02070
7.38,8.62,1.5821,0.0000,0.00000,0.01548
2.62,8.88,0.0000,0.0000,0.00000,0.00000
2.88,8.88,0.0000,0.0000,0.00000,0.00000
3.12,8.88,0.0002,0.0000,0.00000,0.00000
3.38,8.88,0.0059,0.0000,0.00000,0.00010
3.62,8.88,0.0666,0.0000,0.00000,0.00116
3.88,8.88,0.3367,0.0000,0.00000,0.00570
4.12,8.88,0.8303,0.0000,0.00000,0.01282
4.38,8.88,1.2274,0.0000,0.00000,0.01663
4.62,8.88,1.4495,0.0000,0.00000,0.01781
4.88,8.88,1.5736,0.0000,0.00000,0.01910
5.12,8.88,1.5339,0.0000,0.00000,0.01908
5.38,8.88,1.6747,0.0000,0.00000,0.01945
5.62,8.88,1.8591,0.0000,0.00000,0.02016
5.88,8.88,1.5903,0.0000,0.00000,0.01813
6.12,8.88,1.7147,0.0000,0.00000,0.01967
6.38,8.88,2.0057,0.0000,0.00000,0.02068
6.62,8.88,1.5285,0.0000,0.00000,0.01490
6.88,8.88,1.6307,0.0000,0.00000,0.01542
7.12,8.88,2.1160,0.0000,0.00000,0.01946
7.38,8.88,1.6228,0.0000,0.00000,0.01475
2.62,9.12,0.0000,0.0000,0.00000,0.00000
2.88,9.12,0.0000,0.0000,0.00000,0.00000
3.12,9.12,0.0002,0.0000,0.00000,0.00000
3.38,9.12,0.0057,0.0000,0.00000,0.00009
3.62,9.12,0.0660,0.0000,0.00000,0.00106
3.88,9.12,0.3365,0.0000,0.00000,0.00518
4.12,9.12,0.8325,0.0000,0.00000,0.01195
4.38,9.12,1.2298,0.0000,0.00000,0.01605
4.62,9.12,1.4561,0.0000,0.00000,0.01734
4.88,9.12,1.5937,0.0000,0.00000,0.01807
5.12,9.12,1.5497,0.0000,0.00000,0.01746
5.38,9.12,1.6839,0.0000,0.00000,0.01896
5.62,9.12,1.8820,0.0000,0.00000,0.02109
5.88,9.12,1.6083,0.0000,0.00000,0.01807
6.12,9.12,1.7249,0.0000,0.00000,0.01818
6.38,9.12,2.0253,0.0000,0.00000,0.01979
6.62,9.12,1.5328,0.0000,0.00000,0.01466
6.88,9.12,1.6309,0.0000,0.00000,0.01494
7.12,9.12,2.1440,0.0000,0.00000,0.01881
7.38,9.12,1.6555,0.0000,0.00000,0.01430
2.62,9.38,0.0000,0.0000,0.00000,0.00000
2.88,9.38,0.0000,0.0000,0.00000,0.00000
3.12,9.38,0.0002,0.0000,0.00000,0.00000
3.38,9.38,0.0056,0.0000,0.00000,0.00008
3.62,9.38,0.0656,0.0000,0.00000,0.00090
3.88,9.38,0.3380,0.0000,0.00000,0.00443
4.12,9.38,0.8394,0.0000,0.00000,0.01069
4.38,9.38,1.2372,0.0000,0.00000,0.01528
4.62,9.38,1.4627,0.0000,0.00000,0.01725
4.88,9.38,1.6154,0.0000,0.00000,0.01815
5.12,9.38,1.5743,0.0000,0.00000,0.01747
5.38,9.38,1.6950,0.0000,0.00000,0.01945
5.62,9.38,1.9013,0.0000,0.00000,0.02232
5.88,9.38,1.6305,0.0000,0.00000,0.01867
6.12,9.38,1.7450,0.0000,0.00000,0.01797
6.38,9.38,2.0516,0.0000,0.00000,0.01983
6.62,9.38,1.5426,0.0000,0.00000,0.01489
6.88,9.38,1.6435,0.0000,0.00000,0.01511
7.12,9.38,2.1877,0.0000,0.00000,0.01901
7.38,9.38,1.6990,0.0000,0.00000,0.01447
2.62,9.62,0.0000,0.0000,0.00000,0.00000
2.88,9.62,0.0000,0.0000,0.00000,0.00000
3.12,9.62,0.0002,0.0000,0.00000,0.00000
3.38,9.62,0.0054,0.0000,0.00000,0.00007
3.62,9.62,0.0654,0.0000,0.00000,0.00084
3.88,9.62,0.3413,0.0000,0.00000,0.00426
4.12,9.62,0.8507,0.0000,0.00000,0.01057
4.38,9.62,1.2469,0.0000,0.00000,0.01545
4.62,9.62,1.4673,0.0000,0.00000,0.01763
4.88,9.62,1.6384,0.0000,0.00000,0.01875
5.12,9.62,1.6058,0.0000,0.00000,0.01803
5.38,9.62,1.7153,0.0000,0.00000,0.01910
5.62,9.62,1.9293,0.0000,0.00000,0.02134
5.88,9.62,1.6574,0.0000,0.00000,0.01817
6.12,9.62,1.7697,0.0000,0.00000,0.01823
6.38,9.62,2.0841,0.0000,0.00000,0.02051
6.62,9.62,1.5565,0.0000,0.00000,0.01514
6.88,9.62,1.6576,0.0000,0.00000,0.01501
7.12,9.62,2.2289,0.0000,0.00000,0.01909
7.38,9.62,1.7386,0.0000,0.00000,0.01462
2.62,9.88,0.0000,0.0000,0.00000,0.00000
2.88,9.88,0.0000,0.0000,0.00000,0.00000
3.12,9.88,0.0002,0.0000,0.00000,0.00000
3.38,9.88,0.0056,0.0000,0.00000,0.00007
3.62,9.88,0.0673,0.0000,0.00000,0.00086
3.88,9.88,0.3510,0.0000,0.00000,0.00453
4.12,9.88,0.8716,0.0000,0.00000,0.01140
4.38,9.88,1.2640,0.0000,0.00000,0.01668
4.62,9.88,1.4754,0.0000,0.00000,0.01891
4.88,9.88,1.6648,0.0000,0.00000,0.02023
5.12,9.88,1.6437,0.0000,0.00000,0.01922
5.38,9.88,1.7435,0.0000,0.00000,0.01902
5.62,9.88,1.9653,0.0000,0.00000,0.02047
5.88,9.88,1.6885,0.0000,0.00000,0.01793
6.12,9.88,1.7928,0.0000,0.00000,0.01873
6.38,9.88,2.1184,0.0000,0.00000,0.02135
6.62,9.88,1.5735,0.0000,0.00000,0.01557
6.88,9.88,1.6628,0.0000,0.00000,0.01505
7.12,9.88,2.2483,0.0000,0.00000,0.01922
7.38,9.88,1.7595,0.0000,0.00000,0.01480
2.62,10.12,0.0000,0.0000,0.00000,0.00000
2.88,10.12,0.0000,0.0000,0.00000,0.00000
3.12,10.12,0.0002,0.0000,0.00000,0.00000
3.38,10.12,0.0058,0.0000,0.00000,0.00007
3.62,10.12,0.0703,0.0000,0.00000,0.00092
3.88,10.12,0.3654,0.0000,0.00000,0.00488
4.12,10.12,0.8960,0.0000,0.00000,0.01226
4.38,10.12,1.2746,0.0000,0.00000,0.01776
4.62,10.12,1.4754,0.0000,0.00000,0.02006
4.88,10.12,1.6921,0.0000,0.00000,0.02179
5.12,10.12,1.6879,0.0000,0.00000,0.02068
5.38,10.12,1.7660,0.0000,0.00000,0.01971
5.62,10.12,1.9840,0.0000,0.00000,0.02088
5.88,10.12,1.7087,0.0000,0.00000,0.01842
6.12,10.12,1.8108,0.0000,0.00000,0.01893
6.38,10.12,2.1474,0.0000,0.00000,0.02140
6.62,10.12,1.5876,0.0000,0.00000,0.01566
6.88,10.12,1.6688,0.0000,0.00000,0.01533
7.12,10.12,2.2720,0.0000,0.00000,0.01984
7.38,10.12,1.7846,0.0000,0.00000,0.01537
2.62,10.38,0.0000,0.0000,0.00000,0.00000
2.88,10.38,0.0000,0.0000,0.00000,0.00000
3.12,10.38,0.0002,0.0000,0.00000,0.00000
3.38,10.38,0.0058,0.0000,0.00000,0.00008
3.62,10.38,0.0719,0.0000,0.00000,0.00099
3.88,10.38,0.3754,0.0000,0.00000,0.00528
4.12,10.38,0.9210,0.0000,0.00000,0.01321
4.38,10.38,1.2967,0.0000,0.00000,0.01873
4.62,10.38,1.4833,0.0000,0.00000,0.02045
4.88,10.38,1.7190,0.0000,0.00000,0.02225
5.12,10.38,1.7270,0.0000,0.00000,0.02166
5.38,10.38,1.7783,0.0000,0.00000,0.02064
5.62,10.38,1.9929,0.0000,0.00000,0.02188
5.88,10.38,1.7316,0.0000,0.00000,0.01932
6.12,10.38,1.8382,0.0000,0.00000,0.01967
6.38,10.38,2.1814,0.0000,0.00000,0.02233
6.62,10.38,1.6042,0.0000,0.00000,0.01627
6.88,10.38,1.6778,0.0000,0.00000,0.01570
7.12,10.38,2.3000,0.0000,0.00000,0.02051
7.38,10.38,1.8134,0.0000,0.00000,0.01600
2.62,10.62,0.0000,0.0000,0.00000,0.00000
2.88,10.62,0.0000,0.0000,0.00000,0.00000
3.12,10.62,0.0002,0.0000,0.00000,0.00000
3.38,10.62,0.0060,0.0000,0.00000,0.00009
3.62,10.62,0.0737,0.0000,0.00000,0.00108
3.88,10.62,0.3855,0.0000,0.00000,0.00574
4.12,10.62,0.9488,0.0000,0.00000,0.01443
4.38,10.62,1.3230,0.0000,0.00000,0.02008
4.62,10.62,1.4783,0.0000,0.00000,0.02087
4.88,10.62,1.7224,0.0000,0.00000,0.02296
5.12,10.62,1.7577,0.0000,0.00000,0.02351
5.38,10.62,1.7939,0.0000,0.00000,0.02216
5.62,10.62,2.0126,0.0000,0.00000,0.02315
5.88,10.62,1.7736,0.0000,0.00000,0.02071
6.12,10.62,1.8760,0.0000,0.00000,0.02130
6.38,10.62,2.2162,0.0000,0.00000,0.02441
6.62,10.62,1.6239,0.0000,0.00000,0.01769
6.88,10.62,1.6880,0.0000,0.00000,0.01639
7.12,10.62,2.3235,0.0000,0.00000,0.02120
7.38,10.62,1.8374,0.0000,0.00000,0.01658
2.62,10.88,0.0000,0.0000,0.00000,0.00000
2.88,10.88,0.0000,0.0000,0.00000,0.00000
3.12,10.88,0.0002,0.0000,0.00000,0.00000
3.38,10.88,0.0061,0.0000,0.00000,0.00009
3.62,10.88,0.0739,0.0000,0.00000,0.00114
3.88,10.88,0.3900,0.0000,0.00000,0.00612
4.12,10.88,0.9723,0.0000,0.00000,0.01563
4.38,10.88,1.3523,0.0000,0.00000,0.02163
4.62,10.88,1.4701,0.0000,0.00000,0.02168
4.88,10.88,1.7209,0.0000,0.00000,0.02419
5.12,10.88,1.8022,0.0000,0.00000,0.02567
5.38,10.88,1.8212,0.0000,0.00000,0.02374
5.62,10.88,2.0313,0.0000,0.00000,0.02467
5.88,10.88,1.8162,0.0000,0.00000,0.02254
6.12,10.88,1.9144,0.0000,0.00000,0.02217
6.38,10.88,2.2498,0.0000,0.00000,0.02442
6.62,10.88,1.6472,0.0000,0.00000,0.01769
6.88,10.88,1.7060,0.0000,0.00000,0.01661
7.12,10.88,2.3561,0.0000,0.00000,0.02163
7.38,10.88,1.8680,0.0000,0.00000,0.01695
2.62,11.12,0.0000,0.0000,0.00000,0.00000
2.88,11.12,0.0000,0.0000,0.00000,0.00000
3.12,11.12,0.0002,0.0000,0.00000,0.00000
3.38,11.12,0.0058,0.0000,0.00000,0.00009
3.62,11.12,0.0727,0.0000,0.00000,0.00120
3.88,11.12,0.3915,0.0000,0.00000,0.00652
4.12,11.12,0.9981,0.0000,0.00000,0.01677
4.38,11.12,1.3949,0.0000,0.00000,0.02294
4.62,11.12,1.4776,0.0000,0.00000,0.02210
4.88,11.12,1.7304,0.0000,0.00000,0.02406
5.12,11.12,1.8501,0.0000,0.00000,0.02564
5.38,11.12,1.8388,0.0000,0.00000,0.02411
5.62,11.12,2.0361,0.0000,0.00000,0.02595
5.88,11.12,1.8605,0.0000,0.00000,0.02418
6.12,11.12,1.9557,0.0000,0.00000,0.02245
6.38,11.12,2.2798,0.0000,0.00000,0.02356
6.62,11.12,1.6697,0.0000,0.00000,0.01711
6.88,11.12,1.7258,0.0000,0.00000,0.01634
7.12,11.12,2.3879,0.0000,0.00000,0.02131
7.38,11.12,1.8967,0.0000,0.00000,0.01670
2.62,11.38,0.0000,0.0000,0.00000,0.00000
2.88,11.38,0.0000,0.0000,0.00000,0.00000
3.12,11.38,0.0002,0.0000,0.00000,0.00000
3.38,11.38,0.0059,0.0000,0.00000,0.00010
3.62,11.38,0.0730,0.0000,0.00000,0.00127
3.88,11.38,0.3967,0.0000,0.00000,0.00698
4.12,11.38,1.0293,0.0000,0.00000,0.01802
4.38,11.38,1.4450,0.0000,0.00000,0.02440
4.62,11.38,1.4896,0.0000,0.00000,0.02255
4.88,11.38,1.7328,0.0000,0.00000,0.02362
5.12,11.38,1.8799,0.0000,0.00000,0.02510
5.38,11.38,1.8330,0.0000,0.00000,0.02384
5.62,11.38,2.0310,0.0000,0.00000,0.02591
5.88,11.38,1.9195,0.0000,0.00000,0.02426
6.12,11.38,2.0050,0.0000,0.00000,0.02242
6.38,11.38,2.3024,0.0000,0.00000,0.02341
6.62,11.38,1.6898,0.0000,0.00000,0.01713
6.88,11.38,1.7487,0.0000,0.00000,0.01663
7.12,11.38,2.4205,0.0000,0.00000,0.02178
7.38,11.38,1.9244,0.0000,0.00000,0.01708
2.62,11.62,0.0000,0.0000,0.00000,0.00000
2.88,11.62,0.0000,0.0000,0.00000,0.00000
3.12,11.62,0.0003,0.0000,0.00000,0.00000
3.38,11.62,0.0064,0.0000,0.00000,0.00011
3.62,11.62,0.0742,0.0000,0.00000,0.00133
3.88,11.62,0.4002,0.0000,0.00000,0.00729
4.12,11.62,1.0562,0.0000,0.00000,0.01924
4.38,11.62,1.4938,0.0000,0.00000,0.02641
4.62,11.62,1.4950,0.0000,0.00000,0.02376
4.88,11.62,1.7213,0.0000,0.00000,0.02384
5.12,11.62,1.9034,0.0000,0.00000,0.02499
5.38,11.62,1.8218,0.0000,0.00000,0.02291
5.62,11.62,2.0233,0.0000,0.00000,0.02430
5.88,11.62,1.9908,0.0000,0.00000,0.02337
6.12,11.62,2.0589,0.0000,0.00000,0.02209
6.38,11.62,2.3123,0.0000,0.00000,0.02303
6.62,11.62,1.6986,0.0000,0.00000,0.01699
6.88,11.62,1.7629,0.0000,0.00000,0.01731
7.12,11.62,2.4428,0.0000,0.00000,0.02323
7.38,11.62,1.9443,0.0000,0.00000,0.01832
2.62,11.88,0.0000,0.0000,0.00000,0.00000
2.88,11.88,0.0000,0.0000,0.00000,0.00000
3.12,11.88,0.0003,0.0000,0.00000,0.00000
3.38,11.88,0.0067,0.0000,0.00000,0.00012
3.62,11.88,0.0740,0.0000,0.00000,0.00133
3.88,11.88,0.3979,0.0000,0.00000,0.00731
4.12,11.88,1.0755,0.0000,0.00000,0.01993
4.38,11.88,1.5422,0.0000,0.00000,0.02817
4.62,11.88,1.5066,0.0000,0.00000,0.02520
4.88,11.88,1.7244,0.0000,0.00000,0.02470
5.12,11.88,1.9450,0.0000,0.00000,0.02560
5.38,11.88,1.8106,0.0000,0.00000,0.02237
5.62,11.88,2.0012,0.0000,0.00000,0.02313
5.88,11.88,2.0602,0.0000,0.00000,0.02321
6.12,11.88,2.1180,0.0000,0.00000,0.02230
6.38,11.88,2.3280,0.0000,0.00000,0.02308
6.62,11.88,1.7136,0.0000,0.00000,0.01720
6.88,11.88,1.7809,0.0000,0.00000,0.01799
7.12,11.88,2.4675,0.0000,0.00000,0.02442
7.38,11.88,1.9660,0.0000,0.00000,0.01933
2.62,12.12,0.0000,0.0000,0.00000,0.00000
2.88,12.12,0.0000,0.0000,0.00000,0.00000
3.12,12.12,0.0003,0.0000,0.00000,0.00001
3.38,12.12,0.0069,0.0000,0.00000,0.00012
3.62,12.12,0.0726,0.0000,0.00000,0.00131
3.88,12.12,0.3932,0.0000,0.00000,0.00720
4.12,12.12,1.0988,0.0000,0.00000,0.02043
4.38,12.12,1.6048,0.0000,0.00000,0.02984
4.62,12.12,1.5247,0.0000,0.00000,0.02660
4.88,12.12,1.7232,0.0000,0.00000,0.02580
5.12,12.12,1.9873,0.0000,0.00000,0.02716
5.38,12.12,1.7965,0.0000,0.00000,0.02306
5.62,12.12,1.9690,0.0000,0.00000,0.02326
5.88,12.12,2.1294,0.0000,0.00000,0.02400
6.12,12.12,2.1835,0.0000,0.00000,0.02319
6.38,12.12,2.3523,0.0000,0.00000,0.02402
6.62,12.12,1.7408,0.0000,0.00000,0.01817
6.88,12.12,1.8063,0.0000,0.00000,0.01887
7.12,12.12,2.4927,0.0000,0.00000,0.02544
7.38,12.12,1.9864,0.0000,0.00000,0.02014
2.62,12.38,0.0000,0.0000,0.00000,0.00000
2.88,12.38,0.0000,0.0000,0.00000,0.00000
3.12,12.38,0.0003,0.0000,0.00000,0.00001
3.38,12.38,0.0069,0.0000,0.00000,0.00013
3.62,12.38,0.0711,0.0000,0.00000,0.00130
3.88,12.38,0.3897,0.0000,0.00000,0.00717
4.12,12.38,1.1225,0.0000,0.00000,0.02097
4.38,12.38,1.6614,0.0000,0.00000,0.03126
4.62,12.38,1.5330,0.0000,0.00000,0.02753
4.88,12.38,1.7170,0.0000,0.00000,0.02667
5.12,12.38,2.0361,0.0000,0.00000,0.02918
5.38,12.38,1.7908,0.0000,0.00000,0.02461
5.62,12.38,1.9388,0.0000,0.00000,0.02430
5.88,12.38,2.2016,0.0000,0.00000,0.02559
6.12,12.38,2.2454,0.0000,0.00000,0.02457
6.38,12.38,2.3692,0.0000,0.00000,0.02528
6.62,12.38,1.7736,0.0000,0.00000,0.01970
6.88,12.38,1.8321,0.0000,0.00000,0.02112
7.12,12.38,2.5025,0.0000,0.00000,0.02848
7.38,12.38,1.9915,0.0000,0.00000,0.02253
2.62,12.62,0.0000,0.0000,0.00000,0.00000
2.88,12.62,0.0000,0.0000,0.00000,0.00000
3.12,12.62,0.0003,0.0000,0.00000,0.00001
3.38,12.62,0.0068,0.0000,0.00000,0.00013
3.62,12.62,0.0692,0.0000,0.00000,0.00130
3.88,12.62,0.3840,0.0000,0.00000,0.00720
4.12,12.62,1.1347,0.0000,0.00000,0.02135
4.38,12.62,1.6997,0.0000,0.00000,0.03219
4.62,12.62,1.5361,0.0000,0.00000,0.02822
4.88,12.62,1.7095,0.0000,0.00000,0.02753
5.12,12.62,2.0747,0.0000,0.00000,0.03114
5.38,12.62,1.7779,0.0000,0.00000,0.02613
5.62,12.62,1.9052,0.0000,0.00000,0.02557
5.88,12.62,2.2705,0.0000,0.00000,0.02800
6.12,12.62,2.2981,0.0000,0.00000,0.02696
6.38,12.62,2.3807,0.0000,0.00000,0.02757
6.62,12.62,1.8222,0.0000,0.00000,0.02216
6.88,12.62,1.8726,0.0000,0.00000,0.02426
7.12,12.62,2.5148,0.0000,0.00000,0.03256
7.38,12.62,1.9954,0.0000,0.00000,0.02573
2.62,12.88,0.0000,0.0000,0.00000,0.00000
2.88,12.88,0.0000,0.0000,0.00000,0.00000
3.12,12.88,0.0004,0.0000,0.00000,0.00001
3.38,12.88,0.0068,0.0000,0.00000,0.00013
3.62,12.88,0.0670,0.0000,0.00000,0.00132
3.88,12.88,0.3740,0.0000,0.00000,0.00731
4.12,12.88,1.1348,0.0000,0.00000,0.02188
4.38,12.88,1.7316,0.0000,0.00000,0.03329
4.62,12.88,1.5518,0.0000,0.00000,0.02937
4.88,12.88,1.7004,0.0000,0.00000,0.02885
5.12,12.88,2.0878,0.0000,0.00000,0.03321
5.38,12.88,1.7612,0.0000,0.00000,0.02774
5.62,12.88,1.8854,0.0000,0.00000,0.02753
5.88,12.88,2.3373,0.0000,0.00000,0.03155
6.12,12.88,2.3297,0.0000,0.00000,0.03017
6.38,12.88,2.3754,0.0000,0.00000,0.03050
6.62,12.88,1.8803,0.0000,0.00000,0.02501
6.88,12.88,1.9288,0.0000,0.00000,0.02684
7.12,12.88,2.5355,0.0000,0.00000,0.03538
7.38,12.88,2.0037,0.0000,0.00000,0.02790
2.62,13.12,0.0000,0.0000,0.00000,0.00000
2.88,13.12,0.0000,0.0000,0.00000,0.00000
3.12,13.12,0.0004,0.0000,0.00000,0.00001
3.38,13.12,0.0069,0.0000,0.00000,0.00015
3.62,13.12,0.0651,0.0000,0.00000,0.00142
3.88,13.12,0.3615,0.0000,0.00000,0.00758
4.12,13.12,1.1177,0.0000,0.00000,0.02231
4.38,13.12,1.7436,0.0000,0.00000,0.03397
4.62,13.12,1.5787,0.0000,0.00000,0.03053
4.88,13.12,1.7127,0.0000,0.00000,0.03138
5.12,13.12,2.1180,0.0000,0.00000,0.03735
5.38,13.12,1.7748,0.0000,0.00000,0.03090
5.62,13.12,1.8860,0.0000,0.00000,0.03034
5.88,13.12,2.3912,0.0000,0.00000,0.03579
6.12,13.12,2.3274,0.0000,0.00000,0.03375
6.38,13.12,2.3402,0.0000,0.00000,0.03367
6.62,13.12,1.9421,0.0000,0.00000,0.02842
6.88,13.12,1.9988,0.0000,0.00000,0.03006
7.12,13.12,2.5602,0.0000,0.00000,0.03874
7.38,13.12,2.0121,0.0000,0.00000,0.03046
2.62,13.38,0.0000,0.0000,0.00000,0.00000
2.88,13.38,0.0000,0.0000,0.00000,0.00000
3.12,13.38,0.0004,0.0000,0.00000,0.00001
3.38,13.38,0.0072,0.0000,0.00000,0.00017
3.62,13.38,0.0641,0.0000,0.00000,0.00156
3.88,13.38,0.3482,0.0000,0.00000,0.00794
4.12,13.38,1.0904,0.0000,0.00000,0.02293
4.38,13.38,1.7509,0.0000,0.00000,0.03505
4.62,13.38,1.6273,0.0000,0.00000,0.03247
4.88,13.38,1.7334,0.0000,0.00000,0.03557
5.12,13.38,2.1382,0.0000,0.00000,0.04406
5.38,13.38,1.8014,0.0000,0.00000,0.03596
5.62,13.38,1.8946,0.0000,0.00000,0.03343
5.88,13.38,2.4189,0.0000,0.00000,0.03949
6.12,13.38,2.2911,0.0000,0.00000,0.03669
6.38,13.38,2.2910,0.0000,0.00000,0.03661
6.62,13.38,2.0272,0.0000,0.00000,0.03266
6.88,13.38,2.0922,0.0000,0.00000,0.03437
7.12,13.38,2.5900,0.0000,0.00000,0.04291
7.38,13.38,2.0196,0.0000,0.00000,0.03351
2.62,13.62,0.0000,0.0000,0.00000,0.00000
2.88,13.62,0.0000,0.0000,0.00000,0.00000
3.12,13.62,0.0005,0.0000,0.00000,0.00001
3.38,13.62,0.0075,0.0000,0.00000,0.00017
3.62,13.62,0.0640,0.0000,0.00000,0.00156
3.88,13.62,0.3377,0.0000,0.00000,0.00807
4.12,13.62,1.0599,0.0000,0.00000,0.02363
4.38,13.62,1.7535,0.0000,0.00000,0.03698
4.62,13.62,1.6856,0.0000,0.00000,0.03519
4.88,13.62,1.7355,0.0000,0.00000,0.03831
5.12,13.62,2.1151,0.0000,0.00000,0.04781
5.38,13.62,1.8309,0.0000,0.00000,0.03982
5.62,13.62,1.9244,0.0000,0.00000,0.03665
5.88,13.62,2.4335,0.0000,0.00000,0.04301
6.12,13.62,2.2218,0.0000,0.00000,0.03884
6.38,13.62,2.2250,0.0000,0.00000,0.03912
6.62,13.62,2.1408,0.0000,0.00000,0.03816
6.88,13.62,2.2144,0.0000,0.00000,0.04020
7.12,13.62,2.6258,0.0000,0.00000,0.04800
7.38,13.62,2.0263,0.0000,0.00000,0.03709
2.62,13.88,0.0000,0.0000,0.00000,0.00000
2.88,13.88,0.0000,0.0000,0.00000,0.00000
3.12,13.88,0.0004,0.0000,0.00000,0.00001
3.38,13.88,0.0071,0.0000,0.00000,0.00016
3.62,13.88,0.0604,0.0000,0.00000,0.00146
3.88,13.88,0.3162,0.0000,0.00000,0.00778
4.12,13.88,0.9991,0.0000,0.00000,0.02361
4.38,13.88,1.7180,0.0000,0.00000,0.03881
4.62,13.88,1.7325,0.0000,0.00000,0.03831
4.88,13.88,1.7242,0.0000,0.00000,0.03921
5.12,13.88,2.0742,0.0000,0.00000,0.04812
5.38,13.88,1.8854,0.0000,0.00000,0.04299
5.62,13.88,1.9745,0.0000,0.00000,0.04129
5.88,13.88,2.4253,0.0000,0.00000,0.04787
6.12,13.88,2.1192,0.0000,0.00000,0.04163
6.38,13.88,2.1345,0.0000,0.00000,0.04256
6.62,13.88,2.2566,0.0000,0.00000,0.04607
6.88,13.88,2.3459,0.0000,0.00000,0.04878
7.12,13.88,2.6618,0.0000,0.00000,0.05559
7.38,13.88,2.0307,0.0000,0.00000,0.04242
2.62,14.12,0.0000,0.0000,0.00000,0.00000
2.88,14.12,0.0000,0.0000,0.00000,0.00000
3.12,14.12,0.0004,0.0000,0.00000,0.00001
3.38,14.12,0.0062,0.0000,0.00000,0.00014
3.62,14.12,0.0538,0.0000,0.00000,0.00131
3.88,14.12,0.2856,0.0000,0.00000,0.00722
4.12,14.12,0.9235,0.0000,0.00000,0.02301
4.38,14.12,1.6749,0.0000,0.00000,0.04072
4.62,14.12,1.7896,0.0000,0.00000,0.04306
4.88,14.12,1.7166,0.0000,0.00000,0.04196
5.12,14.12,2.0312,0.0000,0.00000,0.05053
5.38,14.12,1.9680,0.0000,0.00000,0.04931
5.62,14.12,2.0424,0.0000,0.00000,0.04873
5.88,14.12,2.4080,0.0000,0.00000,0.05501
6.12,14.12,2.0098,0.0000,0.00000,0.04634
6.38,14.12,2.0290,0.0000,0.00000,0.04808
6.62,14.12,2.3531,0.0000,0.00000,0.05692
6.88,14.12,2.4703,0.0000,0.00000,0.06116
7.12,14.12,2.6984,0.0000,0.00000,0.06765
7.38,14.12,2.0362,0.0000,0.00000,0.05117
2.62,14.38,0.0000,0.0000,0.00000,0.00000
2.88,14.38,0.0000,0.0000,0.00000,0.00000
3.12,14.38,0.0003,0.0000,0.00000,0.00001
3.38,14.38,0.0053,0.0000,0.00000,0.00012
3.62,14.38,0.0479,0.0000,0.00000,0.00115
3.88,14.38,0.2599,0.0000,0.00000,0.00655
4.12,14.38,0.8566,0.0000,0.00000,0.02190
4.38,14.38,1.6332,0.0000,0.00000,0.04208
4.62,14.38,1.8365,0.0000,0.00000,0.04841
4.88,14.38,1.6845,0.0000,0.00000,0.04633
5.12,14.38,1.9637,0.0000,0.00000,0.05525
5.38,14.38,2.0609,0.0000,0.00000,0.05832
5.62,14.38,2.1188,0.0000,0.00000,0.05845
5.88,14.38,2.3906,0.0000,0.00000,0.06463
6.12,14.38,1.9386,0.0000,0.00000,0.05415
6.38,14.38,1.9653,0.0000,0.00000,0.05737
6.62,14.38,2.4520,0.0000,0.00000,0.07242
6.88,14.38,2.5822,0.0000,0.00000,0.07814
7.12,14.38,2.7255,0.0000,0.00000,0.08418
7.38,14.38,2.0356,0.0000,0.00000,0.06319
2.62,14.62,0.0000,0.0000,0.00000,0.00000
2.88,14.62,0.0000,0.0000,0.00000,0.00000
3.12,14.62,0.0003,0.0000,0.00000,0.00001
3.38,14.62,0.0046,0.0000,0.00000,0.00011
3.62,14.62,0.0434,0.0000,0.00000,0.00107
3.88,14.62,0.2356,0.0000,0.00000,0.00609
4.12,14.62,0.7774,0.0000,0.00000,0.02063
4.38,14.62,1.5525,0.0000,0.00000,0.04192
4.62,14.62,1.8433,0.0000,0.00000,0.05158
4.88,14.62,1.6349,0.0000,0.00000,0.04990
5.12,14.62,1.8851,0.0000,0.00000,0.06080
5.38,14.62,2.1392,0.0000,0.00000,0.06895
5.62,14.62,2.1470,0.0000,0.00000,0.06993
5.88,14.62,2.3214,0.0000,0.00000,0.07803
6.12,14.62,1.9137,0.0000,0.00000,0.06850
6.38,14.62,1.9628,0.0000,0.00000,0.07353
6.62,14.62,2.5344,0.0000,0.00000,0.09452
6.88,14.62,2.6639,0.0000,0.00000,0.09992
7.12,14.62,2.7452,0.0004,0.00000,0.10392
7.38,14.62,2.0356,0.0026,0.00000,0.07729
2.62,14.88,0.0000,0.0000,0.00000,0.00000
2.88,14.88,0.0000,0.0000,0.00000,0.00000
3.12,14.88,0.0002,0.0000,0.00000,0.00001
3.38,14.88,0.0042,0.0000,0.00000,0.00010
3.62,14.88,0.0392,0.0000,0.00000,0.00105
3.88,14.88,0.2082,0.0000,0.00000,0.00589
4.12,14.88,0.6873,0.0000,0.00000,0.01988
4.38,14.88,1.4500,0.0000,0.00000,0.04196
4.62,14.88,1.8351,0.0000,0.00000,0.05441
4.88,14.88,1.6138,0.0000,0.00000,0.05409
5.12,14.88,1.8300,0.0000,0.00000,0.06909
5.38,14.88,2.1805,0.0000,0.00000,0.08363
5.62,14.88,2.0956,0.0000,0.00000,0.08429
5.88,14.88,2.1951,0.0000,0.00000,0.09714
6.12,14.88,1.9541,0.0000,0.00000,0.09567
6.38,14.88,2.0266,0.0000,0.00000,0.10269
6.62,14.88,2.5804,0.0000,0.00000,0.12749
6.88,14.88,2.6999,0.0011,0.00000,0.13156
7.12,14.88,2.7517,0.0142,0.00000,0.13350
7.38,14.88,2.0334,0.0856,0.00000,0.09964
2.62,15.12,0.0000,0.0000,0.00000,0.00000
2.88,15.12,0.0000,0.0000,0.00000,0.00000
3.12,15.12,0.0002,0.0000,0.00000,0.00000
3.38,15.12,0.0036,0.0000,0.00000,0.00010
3.62,15.12,0.0338,0.0000,0.00000,0.00102
3.88,15.12,0.1775,0.0000,0.00000,0.00574
4.12,15.12,0.5942,0.0000,0.00000,0.01953
4.38,15.12,1.3351,0.0000,0.00000,0.04327
4.62,15.12,1.8148,0.0000,0.00000,0.05964
4.88,15.12,1.6225,0.0000,0.00000,0.06044
5.12,15.12,1.7840,0.0000,0.00000,0.07832
5.38,15.12,2.1695,0.0000,0.00000,0.09972
5.62,15.12,1.9926,0.0000,0.00000,0.09938
5.88,15.12,2.0380,0.0000,0.00000,0.11830
6.12,15.12,2.0385,0.0000,0.00000,0.13358
6.38,15.12,2.1229,0.0000,0.00000,0.14695
6.62,15.12,2.5636,0.0004,0.00000,0.17681
6.88,15.12,2.6655,0.0135,0.00000,0.18200
7.12,15.12,2.7127,0.1730,0.00000,0.18626
7.38,15.12,2.0051,1.0216,0.00000,0.15280
2.62,15.38,0.0000,0.0000,0.00000,0.00000
2.88,15.38,0.0000,0.0000,0.00000,0.00000
3.12,15.38,0.0002,0.0000,0.00000,0.00000
3.38,15.38,0.0029,0.0000,0.00000,0.00009
3.62,15.38,0.0274,0.0000,0.00000,0.00094
3.88,15.38,0.1454,0.0000,0.00000,0.00524
4.12,15.38,0.4968,0.0000,0.00000,0.01832
4.38,15.38,1.1916,0.0000,0.00000,0.04381
4.62,15.38,1.7613,0.0000,0.00000,0.06584
4.88,15.38,1.6545,0.0000,0.00000,0.06847
5.12,15.38,1.7292,0.0000,0.00000,0.08421
5.38,15.38,2.0965,0.0000,0.00000,0.11014
5.62,15.38,1.9046,0.0000,0.00000,0.11269
5.88,15.38,1.8978,0.0000,0.00000,0.13594
6.12,15.38,2.0802,0.0000,0.00000,0.16795
6.38,15.38,2.1186,0.0000,0.00000,0.19070
6.62,15.38,2.3683,0.0018,0.00000,0.22917
6.88,15.38,2.4647,0.0607,0.00000,0.24636
7.12,15.38,2.5225,0.7684,0.00000,0.27017
7.38,15.38,1.8975,4.1817,0.00000,0.29402
2.62,15.62,0.0000,0.0000,0.00000,0.00000
2.88,15.62,0.0000,0.0000,0.00000,0.00000
3.12,15.62,0.0001,0.0000,0.00000,0.00000
3.38,15.62,0.0020,0.0000,0.00000,0.00007
3.62,15.62,0.0203,0.0000,0.00000,0.00076
3.88,15.62,0.1109,0.0000,0.00000,0.00433
4.12,15.62,0.3913,0.0000,0.00000,0.01603
4.38,15.62,1.0093,0.0000,0.00000,0.04202
4.62,15.62,1.6584,0.0000,0.00000,0.07025
4.88,15.62,1.7032,0.0000,0.00000,0.07778
5.12,15.62,1.6732,0.0000,0.00000,0.08858
5.38,15.62,1.9813,0.0000,0.00000,0.11687
5.62,15.62,1.9037,0.0000,0.00000,0.12941
5.88,15.62,1.8450,0.0000,0.00000,0.15284
6.12,15.62,2.0498,0.0000,0.00000,0.19116
6.38,15.62,2.0206,0.0000,0.00000,0.21967
6.62,15.62,2.0717,0.0031,0.00000,0.26504
6.88,15.62,2.1103,0.1019,0.00000,0.29970
7.12,15.62,2.0902,1.2599,0.00000,0.35789
7.38,15.62,1.6908,6.0951,0.00000,0.53855
7.62,15.62,1.0973,11.5728,0.00000,0.73411
7.88,15.62,0.5999,7.7307,0.00000,0.48011
8.12,15.62,0.3425,1.7649,0.00000,0.13527
8.38,15.62,0.2722,0.1451,0.00000,0.02957
8.62,15.62,0.2609,0.0044,0.00000,0.01371
8.88,15.62,0.2602,0.0000,0.00000,0.01052
9.12,15.62,0.2614,0.0000,0.00000,0.00868
9.38,15.62,0.2689,0.0000,0.00000,0.00698
9.62,15.62,0.2813,0.0000,0.00000,0.00561
9.88,15.62,0.2854,0.0000,0.00000,0.00455
10.12,15.62,0.2801,0.0000,0.00000,0.00381
10.38,15.62,0.2798,0.0000,0.00000,0.00335
10.62,15.62,0.2812,0.0000,0.00000,0.00307
10.88,15.62,0.2802,0.0000,0.00000,0.00277
11.12,15.62,0.2816,0.0000,0.00000,0.00241
11.38,15.62,0.2827,0.0000,0.00000,0.00207
11.62,15.62,0.2858,0.0000,0.00000,0.00178
11.88,15.62,0.2862,0.0000,0.00000,0.00154
12.12,15.62,0.2835,0.0000,0.00000,0.00140
12.38,15.62,0.2836,0.0000,0.00000,0.00128
12.62,15.62,0.2851,0.0000,0.00000,0.00116
12.88,15.62,0.2853,0.0000,0.00000,0.00107
13.12,15.62,0.2841,0.0000,0.00000,0.00099
13.38,15.62,0.2831,0.0000,0.00000,0.00092
13.62,15.62,0.2833,0.0000,0.00000,0.00087
13.88,15.62,0.2830,0.0000,0.00000,0.00084
14.12,15.62,0.2827,0.0000,0.00000,0.00080
14.38,15.62,0.2842,0.0000,0.00000,0.00077
14.62,15.62,0.2861,0.0000,0.00000,0.00075
14.88,15.62,0.2863,0.0000,0.00000,0.00074
15.12,15.62,0.2848,0.0000,0.00000,0.00073
15.38,15.62,0.2864,0.0000,0.00000,0.00074
15.62,15.62,0.2896,0.0000,0.00000,0.00072
15.88,15.62,0.2881,0.0000,0.00000,0.00070
16.12,15.62,0.2834,0.0000,0.00000,0.00068
16.38,15.62,0.2803,0.0000,0.00000,0.00068
16.62,15.62,0.2784,0.0000,0.00000,0.00070
16.88,15.62,0.2766,0.0000,0.00000,0.00072
2.62,15.88,0.0000,0.0000,0.00000,0.00000
2.88,15.88,0.0000,0.0000,0.00000,0.00000
3.12,15.88,0.0000,0.0000,0.00000,0.00000
3.38,15.88,0.0011,0.0000,0.00000,0.00004
3.62,15.88,0.0122,0.0000,0.00000,0.00049
3.88,15.88,0.0726,0.0000,0.00000,0.00311
4.12,15.88,0.2784,0.0000,0.00000,0.01288
4.38,15.88,0.7903,0.0000,0.00000,0.03753
4.62,15.88,1.4749,0.0000,0.00000,0.07085
4.88,15.88,1.7090,0.0000,0.00000,0.08683
5.12,15.88,1.6074,0.0000,0.00000,0.09409
5.38,15.88,1.8214,0.0000,0.00000,0.12270
5.62,15.88,1.9300,0.0000,0.00000,0.14934
5.88,15.88,1.8480,0.0000,0.00000,0.17143
6.12,15.88,1.9679,0.0000,0.00000,0.20915
6.38,15.88,1.9457,0.0000,0.00000,0.24994
6.62,15.88,1.8842,0.0024,0.00000,0.30512
6.88,15.88,1.8274,0.0689,0.00000,0.34431
7.12,15.88,1.6497,0.8113,0.00000,0.40554
7.38,15.88,1.4710,3.6530,0.00000,0.71601
7.62,15.88,1.3399,6.1510,0.00000,1.01744
7.88,15.88,1.1103,3.7829,0.00000,0.68532
8.12,15.88,0.9165,0.8467,0.00000,0.23866
8.38,15.88,0.8497,0.0695,0.00000,0.08036
8.62,15.88,0.8486,0.0021,0.00000,0.04632
8.88,15.88,0.8646,0.0000,0.00000,0.03643
9.12,15.88,0.8768,0.0000,0.00000,0.02992
9.38,15.88,0.8964,0.0000,0.00000,0.02378
9.62,15.88,0.9297,0.0000,0.00000,0.01904
9.88,15.88,0.9454,0.0000,0.00000,0.01556
10.12,15.88,0.9392,0.0000,0.00000,0.01305
10.38,15.88,0.9458,0.0000,0.00000,0.01147
10.62,15.88,0.9510,0.0000,0.00000,0.01048
10.88,15.88,0.9470,0.0000,0.00000,0.00941
11.12,15.88,0.9509,0.0000,0.00000,0.00819
11.38,15.88,0.9541,0.0000,0.00000,0.00703
11.62,15.88,0.9629,0.0000,0.00000,0.00605
11.88,15.88,0.9637,0.0000,0.00000,0.00525
12.12,15.88,0.9542,0.0000,0.00000,0.00476
12.38,15.88,0.9544,0.0000,0.00000,0.00434
12.62,15.88,0.9618,0.0000,0.00000,0.00394
12.88,15.88,0.9648,0.0000,0.00000,0.00363
13.12,15.88,0.9611,0.0000,0.00000,0.00336
13.38,15.88,0.9580,0.0000,0.00000,0.00313
13.62,15.88,0.9589,0.0000,0.00000,0.00296
13.88,15.88,0.9579,0.0000,0.00000,0.00284
14.12,15.88,0.9564,0.0000,0.00000,0.00272
14.38,15.88,0.9610,0.0000,0.00000,0.00261
14.62,15.88,0.9667,0.0000,0.00000,0.00254
14.88,15.88,0.9671,0.0000,0.00000,0.00251
15.12,15.88,0.9622,0.0000,0.00000,0.00248
15.38,15.88,0.9672,0.0000,0.00000,0.00249
15.62,15.88,0.9775,0.0000,0.00000,0.00244
15.88,15.88,0.9722,0.0000,0.00000,0.00235
16.12,15.88,0.9563,0.0000,0.00000,0.00231
16.38,15.88,0.9459,0.0000,0.00000,0.00231
16.62,15.88,0.9391,0.0000,0.00000,0.00237
16.88,15.88,0.9328,0.0000,0.00000,0.00245
2.62,16.12,0.0000,0.0000,0.00000,0.00000
2.88,16.12,0.0000,0.0000,0.00000,0.00000
3.12,16.12,0.0000,0.0000,0.00000,0.00000
3.38,16.12,0.0004,0.0000,0.00000,0.00002
3.62,16.12,0.0056,0.0000,0.00000,0.00025
3.88,16.12,0.0390,0.0000,0.00000,0.00187
4.12,16.12,0.1745,0.0000,0.00000,0.00908
4.38,16.12,0.5649,0.0000,0.00000,0.03042
4.62,16.12,1.2244,0.0000,0.00000,0.06673
4.88,16.12,1.6365,0.0000,0.00000,0.09267
5.12,16.12,1.5518,0.0000,0.00000,0.09923
5.38,16.12,1.6478,0.0000,0.00000,0.12353
5.62,16.12,1.8838,0.0000,0.00000,0.16166
5.88,16.12,1.8452,0.0000,0.00000,0.19037
6.12,16.12,1.8684,0.0000,0.00000,0.22997
6.38,16.12,1.9061,0.0002,0.00000,0.28731
6.62,16.12,1.8544,0.0035,0.00000,0.36028
6.88,16.12,1.7893,0.0376,0.00000,0.41962
7.12,16.12,1.5742,0.2844,0.00000,0.45973
7.38,16.12,1.3980,1.0906,0.00000,0.67081
7.62,16.12,1.4515,1.7118,0.00000,0.90152
7.88,16.12,1.5006,1.0228,0.00000,0.66630
8.12,16.12,1.4688,0.2279,0.00000,0.30382
8.38,16.12,1.4417,0.0189,0.00000,0.13916
8.62,16.12,1.4494,0.0006,0.00000,0.08624
8.88,16.12,1.4746,0.0000,0.00000,0.06648
9.12,16.12,1.4883,0.0000,0.00000,0.05341
9.38,16.12,1.5088,0.0000,0.00000,0.04184
9.62,16.12,1.5532,0.0000,0.00000,0.03357
9.88,16.12,1.5723,0.0000,0.00000,0.02741
10.12,16.12,1.5623,0.0000,0.00000,0.02262
10.38,16.12,1.5743,0.0000,0.00000,0.01958
10.62,16.12,1.5789,0.0000,0.00000,0.01768
10.88,16.12,1.5677,0.0000,0.00000,0.01571
11.12,16.12,1.5711,0.0000,0.00000,0.01362
11.38,16.12,1.5731,0.0000,0.00000,0.01170
11.62,16.12,1.5850,0.0000,0.00000,0.01012
11.88,16.12,1.5848,0.0000,0.00000,0.00882
12.12,16.12,1.5674,0.0000,0.00000,0.00796
12.38,16.12,1.5674,0.0000,0.00000,0.00723
12.62,16.12,1.5807,0.0000,0.00000,0.00654
12.88,16.12,1.5857,0.0000,0.00000,0.00604
13.12,16.12,1.5797,0.0000,0.00000,0.00561
13.38,16.12,1.5752,0.0000,0.00000,0.00522
13.62,16.12,1.5769,0.0000,0.00000,0.00494
13.88,16.12,1.5746,0.0000,0.00000,0.00471
14.12,16.12,1.5698,0.0000,0.00000,0.00450
14.38,16.12,1.5745,0.0000,0.00000,0.00431
14.62,16.12,1.5812,0.0000,0.00000,0.00419
14.88,16.12,1.5799,0.0000,0.00000,0.00413
15.12,16.12,1.5719,0.0000,0.00000,0.00409
15.38,16.12,1.5788,0.0000,0.00000,0.00410
15.62,16.12,1.5930,0.0000,0.00000,0.00399
15.88,16.12,1.5826,0.0000,0.00000,0.00384
16.12,16.12,1.5573,0.0000,0.00000,0.00377
16.38,16.12,1.5409,0.0000,0.00000,0.00378
16.62,16.12,1.5278,0.0000,0.00000,0.00389
16.88,16.12,1.5167,0.0000,0.00000,0.00402
2.62,16.38,0.0000,0.0000,0.00000,0.00000
2.88,16.38,0.0000,0.0000,0.00000,0.00000
3.12,16.38,0.0000,0.0000,0.00000,0.00000
3.38,16.38,0.0001,0.0000,0.00000,0.00001
3.62,16.38,0.0021,0.0000,0.00000,0.00011
3.88,16.38,0.0182,0.0000,0.00000,0.00094
4.12,16.38,0.0975,0.0000,0.00000,0.00550
4.38,16.38,0.3684,0.0000,0.00000,0.02210
4.62,16.38,0.9419,0.0000,0.00000,0.05767
4.88,16.38,1.4809,0.0000,0.00000,0.09345
5.12,16.38,1.5298,0.0000,0.00000,0.10668
5.38,16.38,1.5206,0.0000,0.00000,0.12337
5.62,16.38,1.7456,0.0000,0.00000,0.16154
5.88,16.38,1.8075,0.0000,0.00000,0.20067
6.12,16.38,1.7822,0.0000,0.00000,0.24122
6.38,16.38,1.8224,0.0008,0.00000,0.29761
6.62,16.38,1.8161,0.0091,0.00000,0.37930
6.88,16.38,1.8032,0.0535,0.00000,0.48802
7.12,16.38,1.7169,0.1804,0.00000,0.56611
7.38,16.38,1.5409,0.3686,0.00000,0.61207
7.62,16.38,1.4438,0.4160,0.00000,0.63742
7.88,16.38,1.4074,0.2222,0.00000,0.49264
8.12,16.38,1.3656,0.0515,0.00000,0.28504
8.38,16.38,1.3214,0.0052,0.00000,0.15652
8.62,16.38,1.2955,0.0002,0.00000,0.09590
8.88,16.38,1.2886,0.0000,0.00000,0.06899
9.12,16.38,1.2727,0.0000,0.00000,0.05243
9.38,16.38,1.2657,0.0000,0.00000,0.04034
9.62,16.38,1.2843,0.0000,0.00000,0.03308
9.88,16.38,1.2838,0.0000,0.00000,0.02695
10.12,16.38,1.2663,0.0000,0.00000,0.02113
10.38,16.38,1.2720,0.0000,0.00000,0.01739
10.62,16.38,1.2702,0.0000,0.00000,0.01517
10.88,16.38,1.2540,0.0000,0.00000,0.01311
11.12,16.38,1.2490,0.0000,0.00000,0.01130
11.38,16.38,1.2434,0.0000,0.00000,0.00980
11.62,16.38,1.2472,0.0000,0.00000,0.00857
11.88,16.38,1.2455,0.0000,0.00000,0.00752
12.12,16.38,1.2282,0.0000,0.00000,0.00675
12.38,16.38,1.2236,0.0000,0.00000,0.00605
12.62,16.38,1.2285,0.0000,0.00000,0.00536
12.88,16.38,1.2268,0.0000,0.00000,0.00487
13.12,16.38,1.2213,0.0000,0.00000,0.00451
13.38,16.38,1.2173,0.0000,0.00000,0.00422
13.62,16.38,1.2141,0.0000,0.00000,0.00399
13.88,16.38,1.2085,0.0000,0.00000,0.00373
14.12,16.38,1.2002,0.0000,0.00000,0.00351
14.38,16.38,1.1959,0.0000,0.00000,0.00336
14.62,16.38,1.1934,0.0000,0.00000,0.00326
14.88,16.38,1.1882,0.0000,0.00000,0.00321
15.12,16.38,1.1807,0.0000,0.00000,0.00317
15.38,16.38,1.1811,0.0000,0.00000,0.00316
15.62,16.38,1.1841,0.0000,0.00000,0.00305
15.88,16.38,1.1719,0.0000,0.00000,0.00289
16.12,16.38,1.1565,0.0000,0.00000,0.00283
16.38,16.38,1.1450,0.0000,0.00000,0.00286
16.62,16.38,1.1287,0.0000,0.00000,0.00295
16.88,16.38,1.1167,0.0000,0.00000,0.00304
2.62,16.62,0.0000,0.0000,0.00000,0.00000
2.88,16.62,0.0000,0.0000,0.00000,0.00000
3.12,16.62,0.0000,0.0000,0.00000,0.00000
3.38,16.62,0.0000,0.0000,0.00000,0.00000
3.62,16.62,0.0007,0.0000,0.00000,0.00004
3.88,16.62,0.0076,0.0000,0.00000,0.00041
4.12,16.62,0.0486,0.0000,0.00000,0.00293
4.38,16.62,0.2141,0.0000,0.00000,0.01408
4.62,16.62,0.6479,0.0000,0.00000,0.04370
4.88,16.62,1.2287,0.0000,0.00000,0.08613
5.12,16.62,1.4928,0.0000,0.00000,0.11488
5.38,16.62,1.4640,0.0000,0.00000,0.12765
5.62,16.62,1.5618,0.0000,0.00000,0.15265
5.88,16.62,1.7005,0.0000,0.00000,0.19383
6.12,16.62,1.7237,0.0002,0.00000,0.23766
6.38,16.62,1.7328,0.0024,0.00000,0.28699
6.62,16.62,1.7185,0.0177,0.00000,0.35692
6.88,16.62,1.6990,0.0711,0.00000,0.48370
7.12,16.62,1.7089,0.1689,0.00000,0.62492
7.38,16.62,1.6730,0.2359,0.00000,0.65838
7.62,16.62,1.5662,0.1912,0.00000,0.59305
7.88,16.62,1.4217,0.0916,0.00000,0.45369
8.12,16.62,1.2882,0.0256,0.00000,0.29344
8.38,16.62,1.1872,0.0038,0.00000,0.17602
8.62,16.62,1.1325,0.0003,0.00000,0.11042
8.88,16.62,1.1056,0.0000,0.00000,0.07661
9.12,16.62,1.0687,0.0000,0.00000,0.05532
9.38,16.62,1.0410,0.0000,0.00000,0.04292
9.62,16.62,1.0377,0.0000,0.00000,0.03677
9.88,16.62,1.0302,0.0000,0.00000,0.03000
10.12,16.62,1.0223,0.0000,0.00000,0.02269
10.38,16.62,1.0334,0.0000,0.00000,0.01781
10.62,16.62,1.0396,0.0000,0.00000,0.01486
10.88,16.62,1.0273,0.0000,0.00000,0.01245
11.12,16.62,1.0170,0.0000,0.00000,0.01073
11.38,16.62,1.0112,0.0000,0.00000,0.00947
11.62,16.62,1.0087,0.0000,0.00000,0.00831
11.88,16.62,1.0093,0.0000,0.00000,0.00731
12.12,16.62,0.9998,0.0000,0.00000,0.00666
12.38,16.62,0.9870,0.0000,0.00000,0.00601
12.62,16.62,0.9783,0.0000,0.00000,0.00503
12.88,16.62,0.9692,0.0000,0.00000,0.00425
13.12,16.62,0.9649,0.0000,0.00000,0.00383
13.38,16.62,0.9582,0.0000,0.00000,0.00361
13.62,16.62,0.9431,0.0000,0.00000,0.00335
13.88,16.62,0.9337,0.0000,0.00000,0.00304
14.12,16.62,0.9270,0.0000,0.00000,0.00281
14.38,16.62,0.9140,0.0000,0.00000,0.00269
14.62,16.62,0.8994,0.0000,0.00000,0.00263
14.88,16.62,0.8908,0.0000,0.00000,0.00258
15.12,16.62,0.8815,0.0000,0.00000,0.00251
15.38,16.62,0.8723,0.0000,0.00000,0.00246
15.62,16.62,0.8603,0.0000,0.00000,0.00237
15.88,16.62,0.8492,0.0000,0.00000,0.00221
16.12,16.62,0.8499,0.0000,0.00000,0.00215
16.38,16.62,0.8397,0.0000,0.00000,0.00217
16.62,16.62,0.8127,0.0000,0.00000,0.00219
16.88,16.62,0.7930,0.0000,0.00000,0.00223
2.62,16.88,0.0000,0.0000,0.00000,0.00000
2.88,16.88,0.0000,0.0000,0.00000,0.00000
3.12,16.88,0.0000,0.0000,0.00000,0.00000
3.38,16.88,0.0000,0.0000,0.00000,0.00000
3.62,16.88,0.0002,0.0000,0.00000,0.00001
3.88,16.88,0.0025,0.0000,0.00000,0.00015
4.12,16.88,0.0196,0.0000,0.00000,0.00132
4.38,16.88,0.1035,0.0000,0.00000,0.00746
4.62,16.88,0.3765,0.0000,0.00000,0.02748
4.88,16.88,0.8814,0.0000,0.00000,0.06762
5.12,16.88,1.3244,0.0000,0.00000,0.11096
5.38,16.88,1.4322,0.0000,0.00000,0.13182
5.62,16.88,1.4326,0.0000,0.00000,0.14420
5.88,16.88,1.5289,0.0000,0.00000,0.17491
6.12,16.88,1.6138,0.0005,0.00000,0.22303
6.38,16.88,1.6466,0.0062,0.00000,0.27875
6.62,16.88,1.6426,0.0308,0.00000,0.33906
6.88,16.88,1.6111,0.0734,0.00000,0.42543
7.12,16.88,1.5871,0.1118,0.00000,0.53796
7.38,16.88,1.5818,0.1301,0.00000,0.59560
7.62,16.88,1.5813,0.1038,0.00000,0.54991
7.88,16.88,1.5580,0.0518,0.00000,0.43535
8.12,16.88,1.4879,0.0154,0.00000,0.30249
8.38,16.88,1.4135,0.0025,0.00000,0.20316
8.62,16.88,1.3788,0.0002,0.00000,0.14379
8.88,16.88,1.3613,0.0000,0.00000,0.10569
9.12,16.88,1.3284,0.0000,0.00000,0.07842
9.38,16.88,1.3043,0.0000,0.00000,0.06185
9.62,16.88,1.2973,0.0000,0.00000,0.05218
9.88,16.88,1.2881,0.0000,0.00000,0.04190
10.12,16.88,1.2892,0.0000,0.00000,0.03222
10.38,16.88,1.3069,0.0000,0.00000,0.02559
10.62,16.88,1.3184,0.0000,0.00000,0.02110
10.88,16.88,1.3057,0.0000,0.00000,0.01756
11.12,16.88,1.2960,0.0000,0.00000,0.01504
11.38,16.88,1.3004,0.0000,0.00000,0.01319
11.62,16.88,1.2987,0.0000,0.00000,0.01146
11.88,16.88,1.3004,0.0000,0.00000,0.01005
12.12,16.88,1.3040,0.0000,0.00000,0.00923
12.38,16.88,1.2928,0.0000,0.00000,0.00844
12.62,16.88,1.2822,0.0000,0.00000,0.00707
12.88,16.88,1.2780,0.0000,0.00000,0.00592
13.12,16.88,1.2768,0.0000,0.00000,0.00529
13.38,16.88,1.2721,0.0000,0.00000,0.00494
13.62,16.88,1.2608,0.0000,0.00000,0.00454
13.88,16.88,1.2558,0.0000,0.00000,0.00414
14.12,16.88,1.2556,0.0000,0.00000,0.00388
14.38,16.88,1.2446,0.0000,0.00000,0.00372
14.62,16.88,1.2296,0.0000,0.00000,0.00365
14.88,16.88,1.2242,0.0000,0.00000,0.00360
15.12,16.88,1.2156,0.0000,0.00000,0.00349
15.38,16.88,1.2052,0.0000,0.00000,0.00340
15.62,16.88,1.1933,0.0000,0.00000,0.00331
15.88,16.88,1.1905,0.0000,0.00000,0.00315
16.12,16.88,1.1992,0.0000,0.00000,0.00307
16.38,16.88,1.1865,0.0000,0.00000,0.00306
16.62,16.88,1.1488,0.0000,0.00000,0.00307
16.88,16.88,1.1150,0.0000,0.00000,0.00312
2.62,17.12,0.0000,0.0000,0.00000,0.00000
2.88,17.12,0.0000,0.0000,0.00000,0.00000
3.12,17.12,0.0000,0.0000,0.00000,0.00000
3.38,17.12,0.0000,0.0000,0.00000,0.00000
3.62,17.12,0.0000,0.0000,0.00000,0.00000
3.88,17.12,0.0006,0.0000,0.00000,0.00004
4.12,17.12,0.0059,0.0000,0.00000,0.00044
4.38,17.12,0.0395,0.0000,0.00000,0.00300
4.62,17.12,0.1783,0.0000,0.00000,0.01370
4.88,17.12,0.5273,0.0000,0.00000,0.04318
5.12,17.12,1.0063,0.0000,0.00000,0.08936
5.38,17.12,1.3132,0.0000,0.00000,0.12514
5.62,17.12,1.3751,0.0000,0.00000,0.13970
5.88,17.12,1.3956,0.0001,0.00000,0.15772
6.12,17.12,1.4493,0.0014,0.00000,0.19787
6.38,17.12,1.5017,0.0113,0.00000,0.25840
6.62,17.12,1.5559,0.0425,0.00000,0.32562
6.88,17.12,1.5865,0.0719,0.00000,0.38274
7.12,17.12,1.5395,0.0640,0.00000,0.42618
7.38,17.12,1.4554,0.0495,0.00000,0.43815
7.62,17.12,1.4345,0.0394,0.00000,0.39761
7.88,17.12,1.4652,0.0229,0.00000,0.33180
8.12,17.12,1.4625,0.0086,0.00000,0.25569
8.38,17.12,1.4403,0.0020,0.00000,0.19558
8.62,17.12,1.4294,0.0003,0.00000,0.15400
8.88,17.12,1.4205,0.0000,0.00000,0.11994
9.12,17.12,1.4056,0.0000,0.00000,0.09308
9.38,17.12,1.3960,0.0000,0.00000,0.07326
9.62,17.12,1.3838,0.0000,0.00000,0.05854
9.88,17.12,1.3595,0.0000,0.00000,0.04539
10.12,17.12,1.3491,0.0000,0.00000,0.03510
10.38,17.12,1.3504,0.0000,0.00000,0.02803
10.62,17.12,1.3473,0.0000,0.00000,0.02287
10.88,17.12,1.3282,0.0000,0.00000,0.01894
11.12,17.12,1.3127,0.0000,0.00000,0.01594
11.38,17.12,1.3193,0.0000,0.00000,0.01372
11.62,17.12,1.3169,0.0000,0.00000,0.01185
11.88,17.12,1.3086,0.0000,0.00000,0.01028
12.12,17.12,1.3148,0.0000,0.00000,0.00914
12.38,17.12,1.3099,0.0000,0.00000,0.00821
12.62,17.12,1.3005,0.0000,0.00000,0.00713
12.88,17.12,1.3011,0.0000,0.00000,0.00626
13.12,17.12,1.2999,0.0000,0.00000,0.00565
13.38,17.12,1.3017,0.0000,0.00000,0.00517
13.62,17.12,1.3071,0.0000,0.00000,0.00471
13.88,17.12,1.3086,0.0000,0.00000,0.00439
14.12,17.12,1.3128,0.0000,0.00000,0.00424
14.38,17.12,1.3077,0.0000,0.00000,0.00406
14.62,17.12,1.3022,0.0000,0.00000,0.00391
14.88,17.12,1.3045,0.0000,0.00000,0.00383
15.12,17.12,1.3016,0.0000,0.00000,0.00370
15.38,17.12,1.3004,0.0000,0.00000,0.00360
15.62,17.12,1.3015,0.0000,0.00000,0.00353
15.88,17.12,1.3055,0.0000,0.00000,0.00344
16.12,17.12,1.3095,0.0000,0.00000,0.00337
16.38,17.12,1.3009,0.0000,0.00000,0.00336
16.62,17.12,1.2752,0.0000,0.00000,0.00341
16.88,17.12,1.2435,0.0000,0.00000,0.00348
2.62,17.38,0.0000,0.0000,0.00000,0.00000
2.88,17.38,0.0000,0.0000,0.00000,0.00000
3.12,17.38,0.0000,0.0000,0.00000,0.00000
3.38,17.38,0.0000,0.0000,0.00000,0.00000
3.62,17.38,0.0000,0.0000,0.00000,0.00000
3.88,17.38,0.0001,0.0000,0.00000,0.00001
4.12,17.38,0.0014,0.0000,0.00000,0.00010
4.38,17.38,0.0120,0.0000,0.00000,0.00087
4.62,17.38,0.0671,0.0000,0.00000,0.00530
4.88,17.38,0.2505,0.0000,0.00000,0.02164
5.12,17.38,0.6079,0.0000,0.00000,0.05648
5.38,17.38,0.9980,0.0000,0.00000,0.09780
5.62,17.38,1.2346,0.0001,0.00000,0.12804
5.88,17.38,1.3231,0.0007,0.00000,0.15080
6.12,17.38,1.3516,0.0045,0.00000,0.17858
6.38,17.38,1.3655,0.0201,0.00000,0.22313
6.62,17.38,1.4110,0.0463,0.00000,0.28078
6.88,17.38,1.4799,0.0542,0.00000,0.33100
7.12,17.38,1.4990,0.0352,0.00000,0.35916
7.38,17.38,1.4623,0.0183,0.00000,0.34631
7.62,17.38,1.4208,0.0188,0.00000,0.30308
7.88,17.38,1.3787,0.0226,0.00000,0.26065
8.12,17.38,1.3347,0.0140,0.00000,0.21453
8.38,17.38,1.2977,0.0040,0.00000,0.17374
8.62,17.38,1.2682,0.0005,0.00000,0.14235
8.88,17.38,1.2542,0.0000,0.00000,0.11287
9.12,17.38,1.2463,0.0000,0.00000,0.08777
9.38,17.38,1.2382,0.0000,0.00000,0.06789
9.62,17.38,1.2222,0.0000,0.00000,0.05231
9.88,17.38,1.1970,0.0000,0.00000,0.03988
10.12,17.38,1.1864,0.0000,0.00000,0.03155
10.38,17.38,1.1745,0.0000,0.00000,0.02560
10.62,17.38,1.1644,0.0000,0.00000,0.02063
10.88,17.38,1.1557,0.0000,0.00000,0.01706
11.12,17.38,1.1394,0.0000,0.00000,0.01423
11.38,17.38,1.1416,0.0000,0.00000,0.01201
11.62,17.38,1.1387,0.0000,0.00000,0.01032
11.88,17.38,1.1226,0.0000,0.00000,0.00881
12.12,17.38,1.1196,0.0000,0.00000,0.00751
12.38,17.38,1.1117,0.0000,0.00000,0.00658
12.62,17.38,1.1026,0.0000,0.00000,0.00595
12.88,17.38,1.0987,0.0000,0.00000,0.00548
13.12,17.38,1.0894,0.0000,0.00000,0.00498
13.38,17.38,1.0884,0.0000,0.00000,0.00446
13.62,17.38,1.0898,0.0000,0.00000,0.00397
13.88,17.38,1.0854,0.0000,0.00000,0.00368
14.12,17.38,1.0894,0.0000,0.00000,0.00366
14.38,17.38,1.0817,0.0000,0.00000,0.00354
14.62,17.38,1.0720,0.0000,0.00000,0.00330
14.88,17.38,1.0692,0.0000,0.00000,0.00314
15.12,17.38,1.0635,0.0000,0.00000,0.00300
15.38,17.38,1.0653,0.0000,0.00000,0.00291
15.62,17.38,1.0620,0.0000,0.00000,0.00281
15.88,17.38,1.0539,0.0000,0.00000,0.00273
16.12,17.38,1.0468,0.0000,0.00000,0.00267
16.38,17.38,1.0359,0.0000,0.00000,0.00267
16.62,17.38,1.0244,0.0000,0.00000,0.00277
16.88,17.38,1.0083,0.0000,0.00000,0.00286
2.62,17.62,0.0000,0.0000,0.00000,0.00000
2.88,17.62,0.0000,0.0000,0.00000,0.00000
3.12,17.62,0.0000,0.0000,0.00000,0.00000
3.38,17.62,0.0000,0.0000,0.00000,0.00000
3.62,17.62,0.0000,0.0000,0.00000,0.00000
3.88,17.62,0.0000,0.0000,0.00000,0.00000
4.12,17.62,0.0003,0.0000,0.00000,0.00001
4.38,17.62,0.0028,0.0000,0.00000,0.00019
4.62,17.62,0.0188,0.0000,0.00000,0.00154
4.88,17.62,0.0877,0.0000,0.00000,0.00803
5.12,17.62,0.2741,0.0000,0.00000,0.02650
5.38,17.62,0.5846,0.0001,0.00000,0.05868
5.62,17.62,0.9137,0.0012,0.00000,0.09809
5.88,17.62,1.1547,0.0058,0.00000,0.13650
6.12,17.62,1.2820,0.0145,0.00000,0.16791
6.38,17.62,1.3145,0.0313,0.00000,0.19634
6.62,17.62,1.3100,0.0473,0.00000,0.22234
6.88,17.62,1.3144,0.0354,0.00000,0.24824
7.12,17.62,1.3511,0.0157,0.00000,0.27764
7.38,17.62,1.4138,0.0090,0.00000,0.28605
7.62,17.62,1.4396,0.0195,0.00000,0.26542
7.88,17.62,1.4015,0.0309,0.00000,0.23646
8.12,17.62,1.3611,0.0195,0.00000,0.20051
8.38,17.62,1.3231,0.0049,0.00000,0.16390
8.62,17.62,1.2728,0.0005,0.00000,0.13435
8.88,17.62,1.2436,0.0000,0.00000,0.10575
9.12,17.62,1.2189,0.0000,0.00000,0.07948
9.38,17.62,1.1939,0.0000,0.00000,0.06000
9.62,17.62,1.1748,0.0000,0.00000,0.04622
9.88,17.62,1.1578,0.0000,0.00000,0.03631
10.12,17.62,1.1554,0.0000,0.00000,0.03038
10.38,17.62,1.1403,0.0000,0.00000,0.02536
10.62,17.62,1.1283,0.0000,0.00000,0.01997
10.88,17.62,1.1323,0.0000,0.00000,0.01611
11.12,17.62,1.1304,0.0000,0.00000,0.01352
11.38,17.62,1.1323,0.0000,0.00000,0.01158
11.62,17.62,1.1286,0.0000,0.00000,0.01007
11.88,17.62,1.1248,0.0000,0.00000,0.00860
12.12,17.62,1.1251,0.0000,0.00000,0.00725
12.38,17.62,1.1146,0.0000,0.00000,0.00627
12.62,17.62,1.1094,0.0000,0.00000,0.00573
12.88,17.62,1.1097,0.0000,0.00000,0.00540
13.12,17.62,1.1055,0.0000,0.00000,0.00499
13.38,17.62,1.1021,0.0000,0.00000,0.00444
13.62,17.62,1.0947,0.0000,0.00000,0.00391
13.88,17.62,1.0908,0.0000,0.00000,0.00358
14.12,17.62,1.0982,0.0000,0.00000,0.00354
14.38,17.62,1.0923,0.0000,0.00000,0.00348
14.62,17.62,1.0822,0.0000,0.00000,0.00329
14.88,17.62,1.0808,0.0000,0.00000,0.00314
15.12,17.62,1.0748,0.0000,0.00000,0.00300
15.38,17.62,1.0727,0.0000,0.00000,0.00289
15.62,17.62,1.0621,0.0000,0.00000,0.00276
15.88,17.62,1.0469,0.0000,0.00000,0.00266
16.12,17.62,1.0382,0.0000,0.00000,0.00261
16.38,17.62,1.0263,0.0000,0.00000,0.00262
16.62,17.62,1.0189,0.0000,0.00000,0.00275
16.88,17.62,1.0138,0.0000,0.00000,0.00287
2.62,17.88,0.0000,0.0000,0.00000,0.00000
2.88,17.88,0.0000,0.0000,0.00000,0.00000
3.12,17.88,0.0000,0.0000,0.00000,0.00000
3.38,17.88,0.0000,0.0000,0.00000,0.00000
3.62,17.88,0.0000,0.0000,0.00000,0.00000
3.88,17.88,0.0000,0.0000,0.00000,0.00000
4.12,17.88,0.0000,0.0000,0.00000,0.00000
4.38,17.88,0.0004,0.0000,0.00000,0.00003
4.62,17.88,0.0035,0.0000,0.00000,0.00031
4.88,17.88,0.0217,0.0000,0.00000,0.00210
5.12,17.88,0.0908,0.0000,0.00000,0.00907
5.38,17.88,0.2565,0.0004,0.00000,0.02653
5.62,17.88,0.5156,0.0054,0.00000,0.05783
5.88,17.88,0.8049,0.0243,0.00000,0.10045
6.12,17.88,1.0526,0.0430,0.00000,0.14572
6.38,17.88,1.2087,0.0393,0.00000,0.17902
6.62,17.88,1.2631,0.0308,0.00000,0.18681
6.88,17.88,1.2360,0.0168,0.00000,0.18594
7.12,17.88,1.2239,0.0051,0.00000,0.20093
7.38,17.88,1.2666,0.0035,0.00000,0.21493
7.62,17.88,1.3025,0.0112,0.00000,0.20506
7.88,17.88,1.3165,0.0182,0.00000,0.18954
8.12,17.88,1.3431,0.0113,0.00000,0.17432
8.38,17.88,1.3596,0.0026,0.00000,0.15332
8.62,17.88,1.3508,0.0002,0.00000,0.13183
8.88,17.88,1.3410,0.0000,0.00000,0.10642
9.12,17.88,1.3105,0.0000,0.00000,0.08025
9.38,17.88,1.2774,0.0000,0.00000,0.05991
9.62,17.88,1.2619,0.0000,0.00000,0.04580
9.88,17.88,1.2459,0.0000,0.00000,0.03683
10.12,17.88,1.2401,0.0000,0.00000,0.03166
10.38,17.88,1.2251,0.0000,0.00000,0.02674
10.62,17.88,1.2064,0.0000,0.00000,0.02086
10.88,17.88,1.2017,0.0000,0.00000,0.01620
11.12,17.88,1.1990,0.0000,0.00000,0.01333
11.38,17.88,1.1947,0.0000,0.00000,0.01162
11.62,17.88,1.1840,0.0000,0.00000,0.01028
11.88,17.88,1.1862,0.0000,0.00000,0.00891
12.12,17.88,1.1959,0.0000,0.00000,0.00768
12.38,17.88,1.1921,0.0000,0.00000,0.00659
12.62,17.88,1.1880,0.0000,0.00000,0.00584
12.88,17.88,1.1921,0.0000,0.00000,0.00550
13.12,17.88,1.1984,0.0000,0.00000,0.00515
13.38,17.88,1.1941,0.0000,0.00000,0.00456
13.62,17.88,1.1829,0.0000,0.00000,0.00405
13.88,17.88,1.1896,0.0000,0.00000,0.00382
14.12,17.88,1.2081,0.0000,0.00000,0.00377
14.38,17.88,1.2068,0.0000,0.00000,0.00369
14.62,17.88,1.1990,0.0000,0.00000,0.00358
14.88,17.88,1.2017,0.0000,0.00000,0.00351
15.12,17.88,1.2050,0.0000,0.00000,0.00338
15.38,17.88,1.2052,0.0000,0.00000,0.00325
15.62,17.88,1.1946,0.0000,0.00000,0.00312
15.88,17.88,1.1860,0.0000,0.00000,0.00305
16.12,17.88,1.1876,0.0000,0.00000,0.00303
16.38,17.88,1.1835,0.0000,0.00000,0.00307
16.62,17.88,1.1770,0.0000,0.00000,0.00317
16.88,17.88,1.1708,0.0000,0.00000,0.00323
2.62,18.12,0.0000,0.0000,0.00000,0.00000
2.88,18.12,0.0000,0.0000,0.00000,0.00000
3.12,18.12,0.0000,0.0000,0.00000,0.00000
3.38,18.12,0.0000,0.0000,0.00000,0.00000
3.62,18.12,0.0000,0.0000,0.00000,0.00000
3.88,18.12,0.0000,0.0000,0.00000,0.00000
4.12,18.12,0.0000,0.0000,0.00000,0.00000
4.38,18.12,0.0000,0.0000,0.00000,0.00000
4.62,18.12,0.0004,0.0000,0.00000,0.00004
4.88,18.12,0.0038,0.0000,0.00000,0.00038
5.12,18.12,0.0215,0.0000,0.00000,0.00222
5.38,18.12,0.0801,0.0007,0.00000,0.00864
5.62,18.12,0.2075,0.0089,0.00000,0.02490
5.88,18.12,0.4099,0.0397,0.00000,0.05745
6.12,18.12,0.6548,0.0661,0.00000,0.10612
6.38,18.12,0.8926,0.0430,0.00000,0.14809
6.62,18.12,1.0774,0.0144,0.00000,0.15857
6.88,18.12,1.1669,0.0042,0.00000,0.15299
7.12,18.12,1.2001,0.0009,0.00000,0.15503
7.38,18.12,1.2011,0.0007,0.00000,0.15861
7.62,18.12,1.1806,0.0025,0.00000,0.14881
7.88,18.12,1.1727,0.0040,0.00000,0.13973
8.12,18.12,1.1933,0.0025,0.00000,0.13739
8.38,18.12,1.2182,0.0006,0.00000,0.12777
8.62,18.12,1.2433,0.0000,0.00000,0.11526
8.88,18.12,1.2650,0.0000,0.00000,0.09684
9.12,18.12,1.2558,0.0000,0.00000,0.07571
9.38,18.12,1.2441,0.0000,0.00000,0.05770
9.62,18.12,1.2541,0.0000,0.00000,0.04474
9.88,18.12,1.2558,0.0000,0.00000,0.03662
10.12,18.12,1.2481,0.0000,0.00000,0.03123
10.38,18.12,1.2388,0.0000,0.00000,0.02626
10.62,18.12,1.2290,0.0000,0.00000,0.02078
10.88,18.12,1.2191,0.0000,0.00000,0.01603
11.12,18.12,1.2057,0.0000,0.00000,0.01294
11.38,18.12,1.1977,0.0000,0.00000,0.01123
11.62,18.12,1.1809,0.0000,0.00000,0.00984
11.88,18.12,1.1742,0.0000,0.00000,0.00866
12.12,18.12,1.1840,0.0000,0.00000,0.00778
12.38,18.12,1.1808,0.0000,0.00000,0.00667
12.62,18.12,1.1723,0.0000,0.00000,0.00573
12.88,18.12,1.1684,0.0000,0.00000,0.00531
13.12,18.12,1.1648,0.0000,0.00000,0.00489
13.38,18.12,1.1567,0.0000,0.00000,0.00428
13.62,18.12,1.1411,0.0000,0.00000,0.00386
13.88,18.12,1.1451,0.0000,0.00000,0.00372
14.12,18.12,1.1637,0.0000,0.00000,0.00368
14.38,18.12,1.1573,0.0000,0.00000,0.00355
14.62,18.12,1.1426,0.0000,0.00000,0.00343
14.88,18.12,1.1334,0.0000,0.00000,0.00337
15.12,18.12,1.1350,0.0000,0.00000,0.00327
15.38,18.12,1.1448,0.0000,0.00000,0.00318
15.62,18.12,1.1365,0.0000,0.00000,0.00309
15.88,18.12,1.1255,0.0000,0.00000,0.00301
16.12,18.12,1.1294,0.0000,0.00000,0.00295
16.38,18.12,1.1266,0.0000,0.00000,0.00295
16.62,18.12,1.1158,0.0000,0.00000,0.00300
16.88,18.12,1.1029,0.0000,0.00000,0.00299
2.62,18.38,0.0000,0.0000,0.00000,0.00000
2.88,18.38,0.0000,0.0000,0.00000,0.00000
3.12,18.38,0.0000,0.0000,0.00000,0.00000
3.38,18.38,0.0000,0.0000,0.00000,0.00000
3.62,18.38,0.0000,0.0000,0.00000,0.00000
3.88,18.38,0.0000,0.0000,0.00000,0.00000
4.12,18.38,0.0000,0.0000,0.00000,0.00000
4.38,18.38,0.0000,0.0000,0.00000,0.00000
4.62,18.38,0.0000,0.0000,0.00000,0.00000
4.88,18.38,0.0004,0.0000,0.00000,0.00005
5.12,18.38,0.0034,0.0000,0.00000,0.00036
5.38,18.38,0.0169,0.0004,0.00000,0.00188
5.62,18.38,0.0583,0.0054,0.00000,0.00757
5.88,18.38,0.1481,0.0241,0.00000,0.02451
6.12,18.38,0.2912,0.0397,0.00000,0.05910
6.38,18.38,0.4832,0.0243,0.00000,0.09532
6.62,18.38,0.7027,0.0058,0.00000,0.10982
6.88,18.38,0.9030,0.0007,0.00000,0.11496
7.12,18.38,1.0576,0.0001,0.00000,0.12289
7.38,18.38,1.1306,0.0001,0.00000,0.13230
7.62,18.38,1.1424,0.0002,0.00000,0.13280
7.88,18.38,1.1346,0.0003,0.00000,0.12140
8.12,18.38,1.1247,0.0002,0.00000,0.11546
8.38,18.38,1.1101,0.0000,0.00000,0.10722
8.62,18.38,1.1018,0.0000,0.00000,0.09356
8.88,18.38,1.0966,0.0000,0.00000,0.07512
9.12,18.38,1.0814,0.0000,0.00000,0.05774
9.38,18.38,1.0795,0.0000,0.00000,0.04541
9.62,18.38,1.1030,0.0000,0.00000,0.03742
9.88,18.38,1.1174,0.0000,0.00000,0.03182
10.12,18.38,1.1145,0.0000,0.00000,0.02790
10.38,18.38,1.1187,0.0000,0.00000,0.02465
10.62,18.38,1.1241,0.0000,0.00000,0.01948
10.88,18.38,1.1225,0.0000,0.00000,0.01451
11.12,18.38,1.1213,0.0000,0.00000,0.01169
11.38,18.38,1.1257,0.0000,0.00000,0.01020
11.62,18.38,1.1144,0.0000,0.00000,0.00887
11.88,18.38,1.1081,0.0000,0.00000,0.00783
12.12,18.38,1.1193,0.0000,0.00000,0.00719
12.38,18.38,1.1203,0.0000,0.00000,0.00633
12.62,18.38,1.1149,0.0000,0.00000,0.00549
12.88,18.38,1.1101,0.0000,0.00000,0.00501
13.12,18.38,1.1018,0.0000,0.00000,0.00453
13.38,18.38,1.0984,0.0000,0.00000,0.00403
13.62,18.38,1.0896,0.0000,0.00000,0.00374
13.88,18.38,1.0874,0.0000,0.00000,0.00358
14.12,18.38,1.0904,0.0000,0.00000,0.00346
14.38,18.38,1.0796,0.0000,0.00000,0.00333
14.62,18.38,1.0686,0.0000,0.00000,0.00326
14.88,18.38,1.0587,0.0000,0.00000,0.00321
15.12,18.38,1.0551,0.0000,0.00000,0.00312
15.38,18.38,1.0667,0.0000,0.00000,0.00304
15.62,18.38,1.0600,0.0000,0.00000,0.00295
15.88,18.38,1.0413,0.0000,0.00000,0.00281
16.12,18.38,1.0388,0.0000,0.00000,0.00269
16.38,18.38,1.0354,0.0000,0.00000,0.00267
16.62,18.38,1.0247,0.0000,0.00000,0.00269
16.88,18.38,1.0069,0.0000,0.00000,0.00266
2.62,18.62,0.0000,0.0000,0.00000,0.00000
2.88,18.62,0.0000,0.0000,0.00000,0.00000
3.12,18.62,0.0000,0.0000,0.00000,0.00000
3.38,18.62,0.0000,0.0000,0.00000,0.00000
3.62,18.62,0.0000,0.0000,0.00000,0.00000
3.88,18.62,0.0000,0.0000,0.00000,0.00000
4.12,18.62,0.0000,0.0000,0.00000,0.00000
4.38,18.62,0.0000,0.0000,0.00000,0.00000
4.62,18.62,0.0000,0.0000,0.00000,0.00000
4.88,18.62,0.0000,0.0000,0.00000,0.00000
5.12,18.62,0.0004,0.0000,0.00000,0.00004
5.38,18.62,0.0028,0.0001,0.00000,0.00028
5.62,18.62,0.0131,0.0012,0.00000,0.00164
5.88,18.62,0.0403,0.0054,0.00000,0.00734
6.12,18.62,0.0941,0.0089,0.00000,0.02282
6.38,18.62,0.1904,0.0054,0.00000,0.04349
6.62,18.62,0.3342,0.0012,0.00000,0.05966
6.88,18.62,0.5074,0.0001,0.00000,0.07583
7.12,18.62,0.6899,0.0000,0.00000,0.09303
7.38,18.62,0.8489,0.0000,0.00000,0.11628
7.62,18.62,0.9697,0.0000,0.00000,0.12901
7.88,18.62,1.0491,0.0000,0.00000,0.11532
8.12,18.62,1.0905,0.0000,0.00000,0.10941
8.38,18.62,1.0986,0.0000,0.00000,0.10720
8.62,18.62,1.0875,0.0000,0.00000,0.08612
8.88,18.62,1.0670,0.0000,0.00000,0.06064
9.12,18.62,1.0414,0.0000,0.00000,0.04511
9.38,18.62,1.0228,0.0000,0.00000,0.03686
9.62,18.62,1.0197,0.0000,0.00000,0.03140
9.88,18.62,1.0133,0.0000,0.00000,0.02700
10.12,18.62,1.0014,0.0000,0.00000,0.02461
10.38,18.62,1.0048,0.0000,0.00000,0.02309
10.62,18.62,1.0057,0.0000,0.00000,0.01781
10.88,18.62,0.9987,0.0000,0.00000,0.01239
11.12,18.62,1.0038,0.0000,0.00000,0.00982
11.38,18.62,1.0126,0.0000,0.00000,0.00858
11.62,18.62,1.0133,0.0000,0.00000,0.00758
11.88,18.62,1.0166,0.0000,0.00000,0.00669
12.12,18.62,1.0279,0.0000,0.00000,0.00611
12.38,18.62,1.0384,0.0000,0.00000,0.00558
12.62,18.62,1.0390,0.0000,0.00000,0.00496
12.88,18.62,1.0416,0.0000,0.00000,0.00446
13.12,18.62,1.0452,0.0000,0.00000,0.00410
13.38,18.62,1.0478,0.0000,0.00000,0.00383
13.62,18.62,1.0473,0.0000,0.00000,0.00365
13.88,18.62,1.0460,0.0000,0.00000,0.00345
14.12,18.62,1.0423,0.0000,0.00000,0.00324
14.38,18.62,1.0458,0.0000,0.00000,0.00316
14.62,18.62,1.0513,0.0000,0.00000,0.00318
14.88,18.62,1.0523,0.0000,0.00000,0.00319
15.12,18.62,1.0543,0.0000,0.00000,0.00314
15.38,18.62,1.0609,0.0000,0.00000,0.00306
15.62,18.62,1.0535,0.0000,0.00000,0.00293
15.88,18.62,1.0373,0.0000,0.00000,0.00275
16.12,18.62,1.0342,0.0000,0.00000,0.00262
16.38,18.62,1.0436,0.0000,0.00000,0.00263
16.62,18.62,1.0469,0.0000,0.00000,0.00271
16.88,18.62,1.0256,0.0000,0.00000,0.00270
2.62,18.88,0.0000,0.0000,0.00000,0.00000
2.88,18.88,0.0000,0.0000,0.00000,0.00000
3.12,18.88,0.0000,0.0000,0.00000,0.00000
3.38,18.88,0.0000,0.0000,0.00000,0.00000
3.62,18.88,0.0000,0.0000,0.00000,0.00000
3.88,18.88,0.0000,0.0000,0.00000,0.00000
4.12,18.88,0.0000,0.0000,0.00000,0.00000
4.38,18.88,0.0000,0.0000,0.00000,0.00000
4.62,18.88,0.0000,0.0000,0.00000,0.00000
4.88,18.88,0.0000,0.0000,0.00000,0.00000
5.12,18.88,0.0001,0.0000,0.00000,0.00000
5.38,18.88,0.0007,0.0000,0.00000,0.00003
5.62,18.88,0.0037,0.0001,0.00000,0.00026
5.88,18.88,0.0112,0.0004,0.00000,0.00155
6.12,18.88,0.0265,0.0007,0.00000,0.00609
6.38,18.88,0.0597,0.0004,0.00000,0.01655
6.62,18.88,0.1204,0.0001,0.00000,0.03738
6.88,18.88,0.2078,0.0000,0.00000,0.05975
7.12,18.88,0.3239,0.0000,0.00000,0.06993
7.38,18.88,0.4667,0.0000,0.00000,0.08566
7.62,18.88,0.6112,0.0000,0.00000,0.09588
7.88,18.88,0.7421,0.0000,0.00000,0.08907
8.12,18.88,0.8532,0.0000,0.00000,0.09448
8.38,18.88,0.9321,0.0000,0.00000,0.10163
8.62,18.88,0.9861,0.0000,0.00000,0.07842
8.88,18.88,1.0235,0.0000,0.00000,0.05370
9.12,18.88,1.0455,0.0000,0.00000,0.04571
9.38,18.88,1.0491,0.0000,0.00000,0.04111
9.62,18.88,1.0456,0.0000,0.00000,0.03363
9.88,18.88,1.0411,0.0000,0.00000,0.02647
10.12,18.88,1.0309,0.0000,0.00000,0.02305
10.38,18.88,1.0213,0.0000,0.00000,0.02162
10.62,18.88,1.0089,0.0000,0.00000,0.01684
10.88,18.88,0.9952,0.0000,0.00000,0.01160
11.12,18.88,0.9913,0.0000,0.00000,0.00895
11.38,18.88,0.9870,0.0000,0.00000,0.00769
11.62,18.88,0.9823,0.0000,0.00000,0.00686
11.88,18.88,0.9783,0.0000,0.00000,0.00602
12.12,18.88,0.9805,0.0000,0.00000,0.00541
12.38,18.88,0.9864,0.0000,0.00000,0.00499
12.62,18.88,0.9774,0.0000,0.00000,0.00444
12.88,18.88,0.9761,0.0000,0.00000,0.00395
13.12,18.88,0.9825,0.0000,0.00000,0.00371
13.38,18.88,0.9792,0.0000,0.00000,0.00355
13.62,18.88,0.9706,0.0000,0.00000,0.00336
13.88,18.88,0.9644,0.0000,0.00000,0.00315
14.12,18.88,0.9616,0.0000,0.00000,0.00297
14.38,18.88,0.9732,0.0000,0.00000,0.00290
14.62,18.88,0.9815,0.0000,0.00000,0.00291
14.88,18.88,0.9847,0.0000,0.00000,0.00294
15.12,18.88,0.9904,0.0000,0.00000,0.00294
15.38,18.88,0.9913,0.0000,0.00000,0.00289
15.62,18.88,0.9826,0.0000,0.00000,0.00275
15.88,18.88,0.9692,0.0000,0.00000,0.00257
16.12,18.88,0.9696,0.0000,0.00000,0.00246
16.38,18.88,0.9891,0.0000,0.00000,0.00251
16.62,18.88,0.9957,0.0000,0.00000,0.00260
16.88,18.88,0.9753,0.0000,0.00000,0.00262
2.62,19.12,0.0000,0.0000,0.00000,0.00000
2.88,19.12,0.0000,0.0000,0.00000,0.00000
3.12,19.12,0.0000,0.0000,0.00000,0.00000
3.38,19.12,0.0000,0.0000,0.00000,0.00000
3.62,19.12,0.0000,0.0000,0.00000,0.00000
3.88,19.12,0.0000,0.0000,0.00000,0.00000
4.12,19.12,0.0000,0.0000,0.00000,0.00000
4.38,19.12,0.0000,0.0000,0.00000,0.00000
4.62,19.12,0.0000,0.0000,0.00000,0.00000
4.88,19.12,0.0000,0.0000,0.00000,0.00000
5.12,19.12,0.0000,0.0000,0.00000,0.00000
5.38,19.12,0.0003,0.0000,0.00000,0.00001
5.62,19.12,0.0019,0.0000,0.00000,0.00009
5.88,19.12,0.0050,0.0000,0.00000,0.00052
6.12,19.12,0.0097,0.0000,0.00000,0.00191
6.38,19.12,0.0189,0.0000,0.00000,0.00844
6.62,19.12,0.0382,0.0000,0.00000,0.02970
6.88,19.12,0.0704,0.0000,0.00000,0.05072
7.12,19.12,0.1201,0.0000,0.00000,0.04833
7.38,19.12,0.1910,0.0000,0.00000,0.04750
7.62,19.12,0.2733,0.0000,0.00000,0.05127
7.88,19.12,0.3717,0.0000,0.00000,0.05191
8.12,19.12,0.4788,0.0000,0.00000,0.06129
8.38,19.12,0.5717,0.0000,0.00000,0.06993
8.62,19.12,0.6620,0.0000,0.00000,0.05562
8.88,19.12,0.7529,0.0000,0.00000,0.04277
9.12,19.12,0.8349,0.0000,0.00000,0.04369
9.38,19.12,0.8907,0.0000,0.00000,0.04297
9.62,19.12,0.9288,0.0000,0.00000,0.03448
9.88,19.12,0.9687,0.0000,0.00000,0.02547
10.12,19.12,0.9941,0.0000,0.00000,0.02157
10.38,19.12,0.9995,0.0000,0.00000,0.02036
10.62,19.12,1.0059,0.0000,0.00000,0.01629
10.88,19.12,1.0127,0.0000,0.00000,0.01143
11.12,19.12,1.0183,0.0000,0.00000,0.00881
11.38,19.12,1.0225,0.0000,0.00000,0.00759
11.62,19.12,1.0191,0.0000,0.00000,0.00671
11.88,19.12,1.0030,0.0000,0.00000,0.00578
12.12,19.12,0.9946,0.0000,0.00000,0.00516
12.38,19.12,0.9928,0.0000,0.00000,0.00475
12.62,19.12,0.9802,0.0000,0.00000,0.00425
12.88,19.12,0.9769,0.0000,0.00000,0.00390
13.12,19.12,0.9751,0.0000,0.00000,0.00369
13.38,19.12,0.9653,0.0000,0.00000,0.00350
13.62,19.12,0.9532,0.0000,0.00000,0.00326
13.88,19.12,0.9411,0.0000,0.00000,0.00307
14.12,19.12,0.9385,0.0000,0.00000,0.00295
14.38,19.12,0.9459,0.0000,0.00000,0.00285
14.62,19.12,0.9439,0.0000,0.00000,0.00277
14.88,19.12,0.9380,0.0000,0.00000,0.00271
15.12,19.12,0.9331,0.0000,0.00000,0.00266
15.38,19.12,0.9321,0.0000,0.00000,0.00265
15.62,19.12,0.9314,0.0000,0.00000,0.00258
15.88,19.12,0.9142,0.0000,0.00000,0.00243
16.12,19.12,0.9062,0.0000,0.00000,0.00234
16.38,19.12,0.9151,0.0000,0.00000,0.00235
16.62,19.12,0.9102,0.0000,0.00000,0.00238
16.88,19.12,0.8967,0.0000,0.00000,0.00239
2.62,19.38,0.0000,0.0000,0.00000,0.00000
2.88,19.38,0.0000,0.0000,0.00000,0.00000
3.12,19.38,0.0000,0.0000,0.00000,0.00000
3.38,19.38,0.0000,0.0000,0.00000,0.00000
3.62,19.38,0.0000,0.0000,0.00000,0.00000
3.88,19.38,0.0000,0.0000,0.00000,0.00000
4.12,19.38,0.0000,0.0000,0.00000,0.00000
4.38,19.38,0.0000,0.0000,0.00000,0.00000
4.62,19.38,0.0000,0.0000,0.00000,0.00000
4.88,19.38,0.0000,0.0000,0.00000,0.00000
5.12,19.38,0.0000,0.0000,0.00000,0.00000
5.38,19.38,0.0002,0.0000,0.00000,0.00002
5.62,19.38,0.0010,0.0000,0.00000,0.00029
5.88,19.38,0.0028,0.0000,0.00000,0.00132
6.12,19.38,0.0049,0.0000,0.00000,0.00253
6.38,19.38,0.0073,0.0000,0.00000,0.00509
6.62,19.38,0.0134,0.0000,0.00000,0.01628
6.88,19.38,0.0244,0.0000,0.00000,0.02737
7.12,19.38,0.0401,0.0000,0.00000,0.02276
7.38,19.38,0.0619,0.0000,0.00000,0.01895
7.62,19.38,0.0907,0.0000,0.00000,0.02121
7.88,19.38,0.1388,0.0000,0.00000,0.02371
8.12,19.38,0.1999,0.0000,0.00000,0.03202
8.38,19.38,0.2581,0.0000,0.00000,0.04031
8.62,19.38,0.3252,0.0000,0.00000,0.03456
8.88,19.38,0.4012,0.0000,0.00000,0.02924
9.12,19.38,0.4780,0.0000,0.00000,0.03022
9.38,19.38,0.5436,0.0000,0.00000,0.02904
9.62,19.38,0.5961,0.0000,0.00000,0.02313
9.88,19.38,0.6558,0.0000,0.00000,0.01751
10.12,19.38,0.7112,0.0000,0.00000,0.01528
10.38,19.38,0.7457,0.0000,0.00000,0.01432
10.62,19.38,0.7817,0.0000,0.00000,0.01175
10.88,19.38,0.8178,0.0000,0.00000,0.00886
11.12,19.38,0.8502,0.0000,0.00000,0.00734
11.38,19.38,0.8801,0.0000,0.00000,0.00661
11.62,19.38,0.9038,0.0000,0.00000,0.00591
11.88,19.38,0.9080,0.0000,0.00000,0.00519
12.12,19.38,0.9065,0.0000,0.00000,0.00469
12.38,19.38,0.9157,0.0000,0.00000,0.00430
12.62,19.38,0.9308,0.0000,0.00000,0.00399
12.88,19.38,0.9503,0.0000,0.00000,0.00386
13.12,19.38,0.9512,0.0000,0.00000,0.00370
13.38,19.38,0.9470,0.0000,0.00000,0.00346
13.62,19.38,0.9570,0.0000,0.00000,0.00330
13.88,19.38,0.9610,0.0000,0.00000,0.00324
14.12,19.38,0.9601,0.0000,0.00000,0.00316
14.38,19.38,0.9675,0.0000,0.00000,0.00301
14.62,19.38,0.9774,0.0000,0.00000,0.00288
14.88,19.38,0.9771,0.0000,0.00000,0.00277
15.12,19.38,0.9645,0.0000,0.00000,0.00267
15.38,19.38,0.9642,0.0000,0.00000,0.00266
15.62,19.38,0.9776,0.0000,0.00000,0.00264
15.88,19.38,0.9710,0.0000,0.00000,0.00257
16.12,19.38,0.9585,0.0000,0.00000,0.00251
16.38,19.38,0.9535,0.0000,0.00000,0.00245
16.62,19.38,0.9460,0.0000,0.00000,0.00241
16.88,19.38,0.9432,0.0000,0.00000,0.00241
2.62,19.62,0.0000,0.0000,0.00000,0.00000
2.88,19.62,0.0000,0.0000,0.00000,0.00000
3.12,19.62,0.0000,0.0000,0.00000,0.00000
3.38,19.62,0.0000,0.0000,0.00000,0.00000
3.62,19.62,0.0000,0.0000,0.00000,0.00000
3.88,19.62,0.0000,0.0000,0.00000,0.00000
4.12,19.62,0.0000,0.0000,0.00000,0.00000
4.38,19.62,0.0000,0.0000,0.00000,0.00000
4.62,19.62,0.0000,0.0000,0.00000,0.00000
4.88,19.62,0.0000,0.0000,0.00000,0.00000
5.12,19.62,0.0000,0.0000,0.00000,0.00000
5.38,19.62,0.0001,0.0000,0.00000,0.00004
5.62,19.62,0.0005,0.0000,0.00000,0.00047
5.88,19.62,0.0020,0.0000,0.00000,0.00213
6.12,19.62,0.0035,0.0000,0.00000,0.00362
6.38,19.62,0.0042,0.0000,0.00000,0.00347
6.62,19.62,0.0070,0.0000,0.00000,0.00639
6.88,19.62,0.0115,0.0000,0.00000,0.01002
7.12,19.62,0.0148,0.0000,0.00000,0.00741
7.38,19.62,0.0191,0.0000,0.00000,0.00545
7.62,19.62,0.0277,0.0000,0.00000,0.00704
7.88,19.62,0.0458,0.0000,0.00000,0.00906
8.12,19.62,0.0699,0.0000,0.00000,0.01420
8.38,19.62,0.0952,0.0000,0.00000,0.02007
8.62,19.62,0.1272,0.0000,0.00000,0.01987
8.88,19.62,0.1637,0.0000,0.00000,0.01986
9.12,19.62,0.2037,0.0000,0.00000,0.01910
9.38,19.62,0.2431,0.0000,0.00000,0.01466
9.62,19.62,0.2756,0.0000,0.00000,0.01034
9.88,19.62,0.3172,0.0000,0.00000,0.00835
10.12,19.62,0.3645,0.0000,0.00000,0.00755
10.38,19.62,0.4007,0.0000,0.00000,0.00695
10.62,19.62,0.4377,0.0000,0.00000,0.00624
10.88,19.62,0.4736,0.0000,0.00000,0.00542
11.12,19.62,0.5063,0.0000,0.00000,0.00476
11.38,19.62,0.5414,0.0000,0.00000,0.00444
11.62,19.62,0.5799,0.0000,0.00000,0.00434
11.88,19.62,0.6054,0.0000,0.00000,0.00424
12.12,19.62,0.6191,0.0000,0.00000,0.00381
12.38,19.62,0.6392,0.0000,0.00000,0.00324
12.62,19.62,0.6751,0.0000,0.00000,0.00300
12.88,19.62,0.7155,0.0000,0.00000,0.00308
13.12,19.62,0.7273,0.0000,0.00000,0.00301
13.38,19.62,0.7334,0.0000,0.00000,0.00276
13.62,19.62,0.7632,0.0000,0.00000,0.00270
13.88,19.62,0.7883,0.0000,0.00000,0.00277
14.12,19.62,0.7982,0.0000,0.00000,0.00276
14.38,19.62,0.8124,0.0000,0.00000,0.00265
14.62,19.62,0.8405,0.0000,0.00000,0.00255
14.88,19.62,0.8607,0.0000,0.00000,0.00250
15.12,19.62,0.8571,0.0000,0.00000,0.00241
15.38,19.62,0.8589,0.0000,0.00000,0.00238
15.62,19.62,0.8835,0.0000,0.00000,0.00239
15.88,19.62,0.9017,0.0000,0.00000,0.00243
16.12,19.62,0.9065,0.0000,0.00000,0.00244
16.38,19.62,0.9060,0.0000,0.00000,0.00236
16.62,19.62,0.9079,0.0000,0.00000,0.00228
16.88,19.62,0.9141,0.0000,0.00000,0.00227
2.62,19.88,0.0000,0.0000,0.00000,0.00000
2.88,19.88,0.0000,0.0000,0.00000,0.00000
3.12,19.88,0.0000,0.0000,0.00000,0.00000
3.38,19.88,0.0000,0.0000,0.00000,0.00000
3.62,19.88,0.0000,0.0000,0.00000,0.00000
3.88,19.88,0.0000,0.0000,0.00000,0.00000
4.12,19.88,0.0000,0.0000,0.00000,0.00000
4.38,19.88,0.0000,0.0000,0.00000,0.00000
4.62,19.88,0.0000,0.0000,0.00000,0.00000
4.88,19.88,0.0000,0.0000,0.00000,0.00000
5.12,19.88,0.0000,0.0000,0.00000,0.00000
5.38,19.88,0.0000,0.0000,0.00000,0.00002
5.62,19.88,0.0002,0.0000,0.00000,0.00029
5.88,19.88,0.0011,0.0000,0.00000,0.00130
6.12,19.88,0.0022,0.0000,0.00000,0.00217
6.38,19.88,0.0028,0.0000,0.00000,0.00175
6.62,19.88,0.0042,0.0000,0.00000,0.00234
6.88,19.88,0.0062,0.0000,0.00000,0.00343
7.12,19.88,0.0066,0.0000,0.00000,0.00227
7.38,19.88,0.0072,0.0000,0.00000,0.00142
7.62,19.88,0.0108,0.0000,0.00000,0.00261
7.88,19.88,0.0170,0.0000,0.00000,0.00416
8.12,19.88,0.0243,0.0000,0.00000,0.00572
8.38,19.88,0.0323,0.0000,0.00000,0.00778
8.62,19.88,0.0426,0.0000,0.00000,0.00911
8.88,19.88,0.0548,0.0000,0.00000,0.01193
9.12,19.88,0.0701,0.0000,0.00000,0.01276
9.38,19.88,0.0850,0.0000,0.00000,0.00814
9.62,19.88,0.0975,0.0000,0.00000,0.00440
9.88,19.88,0.1166,0.0000,0.00000,0.00369
10.12,19.88,0.1386,0.0000,0.00000,0.00319
10.38,19.88,0.1560,0.0000,0.00000,0.00279
10.62,19.88,0.1749,0.0000,0.00000,0.00297
10.88,19.88,0.1939,0.0000,0.00000,0.00297
11.12,19.88,0.2090,0.0000,0.00000,0.00244
11.38,19.88,0.2274,0.0000,0.00000,0.00218
11.62,19.88,0.2515,0.0000,0.00000,0.00258
11.88,19.88,0.2737,0.0000,0.00000,0.00308
12.12,19.88,0.2904,0.0000,0.00000,0.00271
12.38,19.88,0.3041,0.0000,0.00000,0.00194
12.62,19.88,0.3281,0.0000,0.00000,0.00162
12.88,19.88,0.3600,0.0000,0.00000,0.00171
13.12,19.88,0.3740,0.0000,0.00000,0.00171
13.38,19.88,0.3823,0.0000,0.00000,0.00154
13.62,19.88,0.4045,0.0000,0.00000,0.00150
13.88,19.88,0.4262,0.0000,0.00000,0.00157
14.12,19.88,0.4445,0.0000,0.00000,0.00162
14.38,19.88,0.4586,0.0000,0.00000,0.00159
14.62,19.88,0.4762,0.0000,0.00000,0.00152
14.88,19.88,0.5007,0.0000,0.00000,0.00153
15.12,19.88,0.5073,0.0000,0.00000,0.00151
15.38,19.88,0.5086,0.0000,0.00000,0.00147
15.62,19.88,0.5301,0.0000,0.00000,0.00148
15.88,19.88,0.5540,0.0000,0.00000,0.00156
16.12,19.88,0.5701,0.0000,0.00000,0.00160
16.38,19.88,0.5752,0.0000,0.00000,0.00152
16.62,19.88,0.5791,0.0000,0.00000,0.00146
16.88,19.88,0.5891,0.0000,0.00000,0.00147
2.62,20.12,0.0000,0.0000,0.00000,0.00000
2.88,20.12,0.0000,0.0000,0.00000,0.00000
3.12,20.12,0.0000,0.0000,0.00000,0.00000
3.38,20.12,0.0000,0.0000,0.00000,0.00000
3.62,20.12,0.0000,0.0000,0.00000,0.00000
3.88,20.12,0.0000,0.0000,0.00000,0.00000
4.12,20.12,0.0000,0.0000,0.00000,0.00000
4.38,20.12,0.0000,0.0000,0.00000,0.00000
4.62,20.12,0.0000,0.0000,0.00000,0.00000
4.88,20.12,0.0000,0.0000,0.00000,0.00000
5.12,20.12,0.0000,0.0000,0.00000,0.00000
5.38,20.12,0.0000,0.0000,0.00000,0.00001
5.62,20.12,0.0001,0.0000,0.00000,0.00007
5.88,20.12,0.0004,0.0000,0.00000,0.00031
6.12,20.12,0.0012,0.0000,0.00000,0.00051
6.38,20.12,0.0019,0.0000,0.00000,0.00040
6.62,20.12,0.0020,0.0000,0.00000,0.00050
6.88,20.12,0.0024,0.0000,0.00000,0.00073
7.12,20.12,0.0024,0.0000,0.00000,0.00047
7.38,20.12,0.0026,0.0000,0.00000,0.00039
7.62,20.12,0.0042,0.0000,0.00000,0.00111
7.88,20.12,0.0066,0.0000,0.00000,0.00193
8.12,20.12,0.0093,0.0000,0.00000,0.00216
8.38,20.12,0.0113,0.0000,0.00000,0.00254
8.62,20.12,0.0130,0.0000,0.00000,0.00303
8.88,20.12,0.0162,0.0000,0.00000,0.00470
9.12,20.12,0.0207,0.0000,0.00000,0.00585
9.38,20.12,0.0240,0.0000,0.00000,0.00369
9.62,20.12,0.0270,0.0000,0.00000,0.00174
9.88,20.12,0.0330,0.0000,0.00000,0.00147
10.12,20.12,0.0391,0.0000,0.00000,0.00116
10.38,20.12,0.0434,0.0000,0.00000,0.00091
10.62,20.12,0.0486,0.0000,0.00000,0.00110
10.88,20.12,0.0549,0.0000,0.00000,0.00120
11.12,20.12,0.0592,0.0000,0.00000,0.00090
11.38,20.12,0.0641,0.0000,0.00000,0.00073
11.62,20.12,0.0716,0.0000,0.00000,0.00104
11.88,20.12,0.0812,0.0000,0.00000,0.00146
12.12,20.12,0.0901,0.0000,0.00000,0.00128
12.38,20.12,0.0947,0.0000,0.00000,0.00080
12.62,20.12,0.1019,0.0000,0.00000,0.00058
12.88,20.12,0.1142,0.0000,0.00000,0.00060
13.12,20.12,0.1213,0.0000,0.00000,0.00062
13.38,20.12,0.1254,0.0000,0.00000,0.00055
13.62,20.12,0.1330,0.0000,0.00000,0.00052
13.88,20.12,0.1413,0.0000,0.00000,0.00054
14.12,20.12,0.1528,0.0000,0.00000,0.00058
14.38,20.12,0.1594,0.0000,0.00000,0.00059
14.62,20.12,0.1630,0.0000,0.00000,0.00056
14.88,20.12,0.1751,0.0000,0.00000,0.00057
15.12,20.12,0.1806,0.0000,0.00000,0.00058
15.38,20.12,0.1806,0.0000,0.00000,0.00055
15.62,20.12,0.1902,0.0000,0.00000,0.00056
15.88,20.12,0.2018,0.0000,0.00000,0.00060
16.12,20.12,0.2114,0.0000,0.00000,0.00062
16.38,20.12,0.2144,0.0000,0.00000,0.00057
16.62,20.12,0.2155,0.0000,0.00000,0.00055
16.88,20.12,0.2217,0.0000,0.00000,0.00057
2.62,20.38,0.0000,0.0000,0.00000,0.00000
2.88,20.38,0.0000,0.0000,0.00000,0.00000
3.12,20.38,0.0000,0.0000,0.00000,0.00000
3.38,20.38,0.0000,0.0000,0.00000,0.00000
3.62,20.38,0.0000,0.0000,0.00000,0.00000
3.88,20.38,0.0000,0.0000,0.00000,0.00000
4.12,20.38,0.0000,0.0000,0.00000,0.00000
4.38,20.38,0.0000,0.0000,0.00000,0.00000
4.62,20.38,0.0000,0.0000,0.00000,0.00000
4.88,20.38,0.0000,0.0000,0.00000,0.00000
5.12,20.38,0.0000,0.0000,0.00000,0.00000
5.38,20.38,0.0000,0.0000,0.00000,0.00000
5.62,20.38,0.0000,0.0000,0.00000,0.00001
5.88,20.38,0.0002,0.0000,0.00000,0.00003
6.12,20.38,0.0007,0.0000,0.00000,0.00006
6.38,20.38,0.0012,0.0000,0.00000,0.00004
6.62,20.38,0.0009,0.0000,0.00000,0.00005
6.88,20.38,0.0006,0.0000,0.00000,0.00008
7.12,20.38,0.0006,0.0000,0.00000,0.00006
7.38,20.38,0.0006,0.0000,0.00000,0.00009
7.62,20.38,0.0012,0.0000,0.00000,0.00031
7.88,20.38,0.0022,0.0000,0.00000,0.00054
8.12,20.38,0.0034,0.0000,0.00000,0.00057
8.38,20.38,0.0039,0.0000,0.00000,0.00061
8.62,20.38,0.0039,0.0000,0.00000,0.00069
8.88,20.38,0.0047,0.0000,0.00000,0.00114
9.12,20.38,0.0059,0.0000,0.00000,0.00155
9.38,20.38,0.0062,0.0000,0.00000,0.00100
9.62,20.38,0.0064,0.0000,0.00000,0.00046
9.88,20.38,0.0077,0.0000,0.00000,0.00039
10.12,20.38,0.0088,0.0000,0.00000,0.00029
10.38,20.38,0.0094,0.0000,0.00000,0.00021
10.62,20.38,0.0100,0.0000,0.00000,0.00027
10.88,20.38,0.0111,0.0000,0.00000,0.00030
11.12,20.38,0.0119,0.0000,0.00000,0.00021
11.38,20.38,0.0127,0.0000,0.00000,0.00016
11.62,20.38,0.0142,0.0000,0.00000,0.00026
11.88,20.38,0.0167,0.0000,0.00000,0.00039
12.12,20.38,0.0194,0.0000,0.00000,0.00034
12.38,20.38,0.0206,0.0000,0.00000,0.00020
12.62,20.38,0.0216,0.0000,0.00000,0.00013
12.88,20.38,0.0242,0.0000,0.00000,0.00014
13.12,20.38,0.0260,0.0000,0.00000,0.00014
13.38,20.38,0.0271,0.0000,0.00000,0.00013
13.62,20.38,0.0287,0.0000,0.00000,0.00012
13.88,20.38,0.0305,0.0000,0.00000,0.00012
14.12,20.38,0.0339,0.0000,0.00000,0.00013
14.38,20.38,0.0356,0.0000,0.00000,0.00014
14.62,20.38,0.0358,0.0000,0.00000,0.00013
14.88,20.38,0.0390,0.0000,0.00000,0.00013
15.12,20.38,0.0407,0.0000,0.00000,0.00014
15.38,20.38,0.0406,0.0000,0.00000,0.00013
15.62,20.38,0.0430,0.0000,0.00000,0.00013
15.88,20.38,0.0460,0.0000,0.00000,0.00014
16.12,20.38,0.0487,0.0000,0.00000,0.00015
16.38,20.38,0.0495,0.0000,0.00000,0.00013
16.62,20.38,0.0496,0.0000,0.00000,0.00013
16.88,20.38,0.0515,0.0000,0.00000,0.00013
