x,y,rho,contact,casualty,pressure
2.62,0.12,0.2576,0.0000,0.00000,0.13870
2.88,0.12,0.4707,0.0000,0.00000,0.24411
3.12,0.12,0.5949,0.0000,0.00000,0.28681
3.38,0.12,0.5553,0.0000,0.00000,0.24556
3.62,0.12,0.5406,0.0000,0.00000,0.23581
3.88,0.12,0.5936,0.0000,0.00000,0.25643
4.12,0.12,0.5980,0.0000,0.00000,0.25239
4.38,0.12,0.5654,0.0000,0.00000,0.24450
4.62,0.12,0.5741,0.0000,0.00000,0.25251
4.88,0.12,0.6017,0.0000,0.00000,0.26393
5.12,0.12,0.5880,0.0000,0.00000,0.25681
5.38,0.12,0.5750,0.0000,0.00000,0.25143
5.62,0.12,0.5982,0.0000,0.00000,0.26426
5.88,0.12,0.6102,0.0000,0.00000,0.27320
6.12,0.12,0.6116,0.0000,0.00000,0.28537
6.38,0.12,0.6059,0.0000,0.00000,0.29381
6.62,0.12,0.5834,0.0001,0.00000,0.29524
6.88,0.12,0.5959,0.0005,0.00000,0.33044
7.12,0.12,0.5300,0.0008,0.00000,0.31652
7.38,0.12,0.3304,0.0007,0.00000,0.20417
2.62,0.38,0.4940,0.0000,0.00000,0.24740
2.88,0.38,0.9366,0.0000,0.00000,0.44980
3.12,0.38,1.2357,0.0000,0.00000,0.54622
3.38,0.38,1.1609,0.0000,0.00000,0.46494
3.62,0.38,1.0740,0.0000,0.00000,0.42766
3.88,0.38,1.1744,0.0000,0.00000,0.47040
4.12,0.38,1.2226,0.0000,0.00000,0.47526
4.38,0.38,1.1533,0.0000,0.00000,0.45470
4.62,0.38,1.1431,0.0000,0.00000,0.46145
4.88,0.38,1.2063,0.0000,0.00000,0.48821
5.12,0.38,1.1985,0.0000,0.00000,0.48374
5.38,0.38,1.1677,0.0000,0.00000,0.47214
5.62,0.38,1.2005,0.0000,0.00000,0.49282
5.88,0.38,1.2128,0.0000,0.00000,0.50924
6.12,0.38,1.2154,0.0000,0.00000,0.54143
6.38,0.38,1.2042,0.0000,0.00000,0.56820
6.62,0.38,1.1694,0.0002,0.00000,0.57595
6.88,0.38,1.2393,0.0011,0.00000,0.65756
7.12,0.38,1.1261,0.0019,0.00000,0.63590
7.38,0.38,0.7043,0.0015,0.00000,0.41014
2.62,0.62,0.5593,0.0000,0.00000,0.25407
2.88,0.62,1.1453,0.0000,0.00000,0.49583
3.12,0.62,1.6370,0.0000,0.00000,0.64682
3.38,0.62,1.5794,0.0000,0.00000,0.55707
3.62,0.62,1.3758,0.0000,0.00000,0.47759
3.88,0.62,1.4801,0.0000,0.00000,0.52692
4.12,0.62,1.6062,0.0000,0.00000,0.55704
4.38,0.62,1.5205,0.0000,0.00000,0.52809
4.62,0.62,1.4661,0.0000,0.00000,0.52047
4.88,0.62,1.5473,0.0000,0.00000,0.55517
5.12,0.62,1.5591,0.0000,0.00000,0.56063
5.38,0.62,1.5166,0.0000,0.00000,0.54604
5.62,0.62,1.5418,0.0000,0.00000,0.56940
5.88,0.62,1.5522,0.0000,0.00000,0.59538
6.12,0.62,1.5676,0.0000,0.00000,0.64913
6.38,0.62,1.5480,0.0000,0.00000,0.69043
6.62,0.62,1.5158,0.0006,0.00000,0.70149
6.88,0.62,1.6800,0.0026,0.00000,0.82050
7.12,0.62,1.5598,0.0045,0.00000,0.80465
7.38,0.62,0.9765,0.0036,0.00000,0.51978
2.62,0.88,0.3669,0.0000,0.00000,0.14896
2.88,0.88,0.8705,0.0000,0.00000,0.33510
3.12,0.88,1.4130,0.0000,0.00000,0.50015
3.38,0.88,1.4445,0.0000,0.00000,0.45928
3.62,0.88,1.2002,0.0000,0.00000,0.36378
3.88,0.88,1.2347,0.0000,0.00000,0.38520
4.12,0.88,1.3953,0.0000,0.00000,0.43347
4.38,0.88,1.3571,0.0000,0.00000,0.41630
4.62,0.88,1.2876,0.0000,0.00000,0.39473
4.88,0.88,1.3417,0.0000,0.00000,0.41875
5.12,0.88,1.3629,0.0000,0.00000,0.43064
5.38,0.88,1.3270,0.0000,0.00000,0.42043
5.62,0.88,1.3323,0.0000,0.00000,0.43971
5.88,0.88,1.3435,0.0000,0.00000,0.47018
6.12,0.88,1.3727,0.0000,0.00000,0.51760
6.38,0.88,1.3384,0.0001,0.00000,0.53943
6.62,0.88,1.3161,0.0008,0.00000,0.54503
6.88,0.88,1.5300,0.0037,0.00000,0.65785
7.12,0.88,1.4479,0.0065,0.00000,0.65539
7.38,0.88,0.9052,0.0053,0.00000,0.42417
2.62,1.12,0.1795,0.0000,0.00000,0.06025
2.88,1.12,0.5248,0.0000,0.00000,0.16880
3.12,1.12,0.9882,0.0000,0.00000,0.30449
3.38,1.12,1.1146,0.0000,0.00000,0.32237
3.62,1.12,0.9460,0.0000,0.00000,0.25387
3.88,1.12,0.9097,0.0000,0.00000,0.24535
4.12,1.12,1.0378,0.0000,0.00000,0.28896
4.38,1.12,1.0619,0.0000,0.00000,0.28730
4.62,1.12,1.0057,0.0000,0.00000,0.26002
4.88,1.12,1.0222,0.0000,0.00000,0.27003
5.12,1.12,1.0486,0.0000,0.00000,0.28758
5.38,1.12,1.0297,0.0000,0.00000,0.28570
5.62,1.12,1.0258,0.0000,0.00000,0.29754
5.88,1.12,1.0432,0.0000,0.00000,0.32432
6.12,1.12,1.0799,0.0000,0.00000,0.35258
6.38,1.12,1.0432,0.0000,0.00000,0.34780
6.62,1.12,1.0280,0.0005,0.00000,0.34721
6.88,1.12,1.2112,0.0022,0.00000,0.42824
7.12,1.12,1.1282,0.0039,0.00000,0.42317
7.38,1.12,0.6905,0.0032,0.00000,0.26988
2.62,1.38,0.0981,0.0000,0.00000,0.02236
2.88,1.38,0.3382,0.0000,0.00000,0.07799
3.12,1.38,0.7214,0.0000,0.00000,0.17016
3.38,1.38,0.9236,0.0000,0.00000,0.21657
3.62,1.38,0.8553,0.0000,0.00000,0.18748
3.88,1.38,0.7819,0.0000,0.00000,0.16794
4.12,1.38,0.8655,0.0000,0.00000,0.19683
4.38,1.38,0.9349,0.0000,0.00000,0.20731
4.62,1.38,0.8917,0.0000,0.00000,0.18372
4.88,1.38,0.8739,0.0000,0.00000,0.18035
5.12,1.38,0.9049,0.0000,0.00000,0.19632
5.38,1.38,0.9173,0.0000,0.00000,0.20464
5.62,1.38,0.9222,0.0000,0.00000,0.21415
5.88,1.38,0.9480,0.0000,0.00000,0.23475
6.12,1.38,1.0038,0.0000,0.00000,0.25834
6.38,1.38,0.9849,0.0000,0.00000,0.25231
6.62,1.38,0.9800,0.0001,0.00000,0.25160
6.88,1.38,1.1109,0.0005,0.00000,0.30224
7.12,1.38,0.9531,0.0009,0.00000,0.28021
7.38,1.38,0.5431,0.0007,0.00000,0.16959
2.62,1.62,0.0716,0.0000,0.00000,0.01039
2.88,1.62,0.2689,0.0000,0.00000,0.04100
3.12,1.62,0.6272,0.0000,0.00000,0.10035
3.38,1.62,0.8904,0.0000,0.00000,0.14690
3.62,1.62,0.8849,0.0000,0.00000,0.14282
3.88,1.62,0.7891,0.0000,0.00000,0.12305
4.12,1.62,0.8472,0.0000,0.00000,0.13823
4.38,1.62,0.9557,0.0000,0.00000,0.15729
4.62,1.62,0.9340,0.0000,0.00000,0.14622
4.88,1.62,0.8925,0.0000,0.00000,0.13628
5.12,1.62,0.9261,0.0000,0.00000,0.14533
5.38,1.62,0.9716,0.0000,0.00000,0.15889
5.62,1.62,0.9810,0.0000,0.00000,0.16675
5.88,1.62,1.0015,0.0000,0.00000,0.17999
6.12,1.62,1.0757,0.0000,0.00000,0.20683
6.38,1.62,1.0734,0.0000,0.00000,0.21241
6.62,1.62,1.0972,0.0000,0.00000,0.21600
6.88,1.62,1.2070,0.0000,0.00000,0.24653
7.12,1.62,0.9324,0.0001,0.00000,0.20852
7.38,1.62,0.4747,0.0001,0.00000,0.11675
2.62,1.88,0.0569,0.0000,0.00000,0.00580
2.88,1.88,0.2306,0.0000,0.00000,0.02426
3.12,1.88,0.5889,0.0000,0.00000,0.06424
3.38,1.88,0.9174,0.0000,0.00000,0.10531
3.62,1.88,0.9645,0.0000,0.00000,0.11316
3.88,1.88,0.8500,0.0000,0.00000,0.09611
4.12,1.88,0.8778,0.0000,0.00000,0.10214
4.38,1.88,1.0102,0.0000,0.00000,0.12254
4.62,1.88,1.0227,0.0000,0.00000,0.12190
4.88,1.88,0.9764,0.0000,0.00000,0.11392
5.12,1.88,1.0080,0.0000,0.00000,0.11811
5.38,1.88,1.0716,0.0000,0.00000,0.12969
5.62,1.88,1.0771,0.0000,0.00000,0.13448
5.88,1.88,1.0878,0.0000,0.00000,0.14206
6.12,1.88,1.1614,0.0000,0.00000,0.16782
6.38,1.88,1.1536,0.0000,0.00000,0.17977
6.62,1.88,1.2202,0.0000,0.00000,0.18814
6.88,1.88,1.3405,0.0000,0.00000,0.21001
7.12,1.88,0.9607,0.0000,0.00000,0.16656
7.38,1.88,0.4409,0.0000,0.00000,0.08730
2.62,2.12,0.0391,0.0000,0.00000,0.00282
2.88,2.12,0.1776,0.0000,0.00000,0.01312
3.12,2.12,0.5211,0.0000,0.00000,0.04008
3.38,2.12,0.9157,0.0000,0.00000,0.07453
3.62,2.12,1.0300,0.0000,0.00000,0.08643
3.88,2.12,0.9095,0.0000,0.00000,0.07516
4.12,2.12,0.8961,0.0000,0.00000,0.07794
4.38,2.12,1.0379,0.0000,0.00000,0.09557
4.62,2.12,1.0907,0.0000,0.00000,0.10119
4.88,2.12,1.0466,0.0000,0.00000,0.09783
5.12,2.12,1.0668,0.0000,0.00000,0.09861
5.38,2.12,1.1395,0.0000,0.00000,0.10661
5.62,2.12,1.1488,0.0000,0.00000,0.11292
5.88,2.12,1.1629,0.0000,0.00000,0.12030
6.12,2.12,1.2311,0.0000,0.00000,0.14021
6.38,2.12,1.1993,0.0000,0.00000,0.14889
6.62,2.12,1.2909,0.0000,0.00000,0.15792
6.88,2.12,1.4253,0.0000,0.00000,0.17764
7.12,2.12,0.9832,0.0000,0.00000,0.13754
7.38,2.12,0.4241,0.0000,0.00000,0.06959
2.62,2.38,0.0233,0.0000,0.00000,0.00115
2.88,2.38,0.1257,0.0000,0.00000,0.00615
3.12,2.38,0.4420,0.0000,0.00000,0.02194
3.38,2.38,0.8857,0.0000,0.00000,0.04614
3.62,2.38,1.0697,0.0000,0.00000,0.05847
3.88,2.38,0.9551,0.0000,0.00000,0.05364
4.12,2.38,0.8998,0.0000,0.00000,0.05475
4.38,2.38,1.0348,0.0000,0.00000,0.06830
4.62,2.38,1.1209,0.0000,0.00000,0.07851
4.88,2.38,1.0832,0.0000,0.00000,0.08104
5.12,2.38,1.1002,0.0000,0.00000,0.08265
5.38,2.38,1.1807,0.0000,0.00000,0.09042
5.62,2.38,1.1833,0.0000,0.00000,0.09899
5.88,2.38,1.1955,0.0000,0.00000,0.10717
6.12,2.38,1.2595,0.0000,0.00000,0.12004
6.38,2.38,1.2056,0.0000,0.00000,0.12049
6.62,2.38,1.3122,0.0000,0.00000,0.12529
6.88,2.38,1.4654,0.0000,0.00000,0.14205
7.12,2.38,0.9960,0.0000,0.00000,0.10971
7.38,2.38,0.4165,0.0000,0.00000,0.05496
2.62,2.62,0.0133,0.0000,0.00000,0.00044
2.88,2.62,0.0881,0.0000,0.00000,0.00281
3.12,2.62,0.3685,0.0000,0.00000,0.01194
3.38,2.62,0.8341,0.0000,0.00000,0.02916
3.62,2.62,1.0932,0.0000,0.00000,0.04136
3.88,2.62,1.0020,0.0000,0.00000,0.03947
4.12,2.62,0.9057,0.0000,0.00000,0.03827
4.38,2.62,1.0214,0.0000,0.00000,0.04822
4.62,2.62,1.1341,0.0000,0.00000,0.05985
4.88,2.62,1.1057,0.0000,0.00000,0.06563
5.12,2.62,1.1236,0.0000,0.00000,0.07019
5.38,2.62,1.2091,0.0000,0.00000,0.07857
5.62,2.62,1.2042,0.0000,0.00000,0.08542
5.88,2.62,1.2134,0.0000,0.00000,0.09144
6.12,2.62,1.2741,0.0000,0.00000,0.09887
6.38,2.62,1.2037,0.0000,0.00000,0.09414
6.62,2.62,1.3182,0.0000,0.00000,0.09486
6.88,2.62,1.4942,0.0000,0.00000,0.10687
7.12,2.62,1.0164,0.0000,0.00000,0.08172
7.38,2.62,0.4213,0.0000,0.00000,0.04038
2.62,2.88,0.0078,0.0000,0.00000,0.00019
2.88,2.88,0.0612,0.0000,0.00000,0.00157
3.12,2.88,0.2933,0.0000,0.00000,0.00799
3.38,2.88,0.7502,0.0000,0.00000,0.02203
3.62,2.88,1.0928,0.0000,0.00000,0.03403
3.88,2.88,1.0514,0.0000,0.00000,0.03358
4.12,2.88,0.9204,0.0000,0.00000,0.03122
4.38,2.88,1.0173,0.0000,0.00000,0.03932
4.62,2.88,1.1603,0.0000,0.00000,0.04998
4.88,2.88,1.1418,0.0000,0.00000,0.05460
5.12,2.88,1.1432,0.0000,0.00000,0.05879
5.38,2.88,1.2179,0.0000,0.00000,0.06539
5.62,2.88,1.2130,0.0000,0.00000,0.06953
5.88,2.88,1.2335,0.0000,0.00000,0.07352
6.12,2.88,1.3076,0.0000,0.00000,0.07847
6.38,2.88,1.2288,0.0000,0.00000,0.07232
6.62,2.88,1.3291,0.0000,0.00000,0.07082
6.88,2.88,1.5121,0.0000,0.00000,0.07912
7.12,2.88,1.0392,0.0000,0.00000,0.06005
7.38,2.88,0.4362,0.0000,0.00000,0.02939
2.62,3.12,0.0046,0.0000,0.00000,0.00009
2.88,3.12,0.0411,0.0000,0.00000,0.00091
3.12,3.12,0.2217,0.0000,0.00000,0.00516
3.38,3.12,0.6465,0.0000,0.00000,0.01583
3.62,3.12,1.0608,0.0000,0.00000,0.02733
3.88,3.12,1.0935,0.0000,0.00000,0.02952
4.12,3.12,0.9458,0.0000,0.00000,0.02767
4.38,3.12,1.0156,0.0000,0.00000,0.03419
4.62,3.12,1.1764,0.0000,0.00000,0.04323
4.88,3.12,1.1681,0.0000,0.00000,0.04564
5.12,3.12,1.1569,0.0000,0.00000,0.04718
5.38,3.12,1.2280,0.0000,0.00000,0.05185
5.62,3.12,1.2189,0.0000,0.00000,0.05456
5.88,3.12,1.2455,0.0000,0.00000,0.05823
6.12,3.12,1.3433,0.0000,0.00000,0.06359
6.38,3.12,1.2711,0.0000,0.00000,0.05851
6.62,3.12,1.3556,0.0000,0.00000,0.05572
6.88,3.12,1.5329,0.0000,0.00000,0.06140
7.12,3.12,1.0617,0.0000,0.00000,0.04678
7.38,3.12,0.4523,0.0000,0.00000,0.02306
2.62,3.38,0.0027,0.0000,0.00000,0.00004
2.88,3.38,0.0269,0.0000,0.00000,0.00050
3.12,3.38,0.1640,0.0000,0.00000,0.00332
3.38,3.38,0.5454,0.0000,0.00000,0.01200
3.62,3.38,1.0063,0.0000,0.00000,0.02343
3.88,3.38,1.1263,0.0000,0.00000,0.02674
4.12,3.38,0.9811,0.0000,0.00000,0.02356
4.38,3.38,1.0098,0.0000,0.00000,0.02651
4.62,3.38,1.1791,0.0000,0.00000,0.03408
4.88,3.38,1.1905,0.0000,0.00000,0.03710
5.12,3.38,1.1734,0.0000,0.00000,0.03921
5.38,3.38,1.2532,0.0000,0.00000,0.04490
5.62,3.38,1.2492,0.0000,0.00000,0.04695
5.88,3.38,1.2684,0.0000,0.00000,0.04899
6.12,3.38,1.3778,0.0000,0.00000,0.05443
6.38,3.38,1.3151,0.0000,0.00000,0.05138
6.62,3.38,1.3954,0.0000,0.00000,0.04863
6.88,3.38,1.5723,0.0000,0.00000,0.05210
7.12,3.38,1.0976,0.0000,0.00000,0.03888
7.38,3.38,0.4749,0.0000,0.00000,0.01887
2.62,3.62,0.0015,0.0000,0.00000,0.00002
2.88,3.62,0.0172,0.0000,0.00000,0.00032
3.12,3.62,0.1196,0.0000,0.00000,0.00266
3.38,3.62,0.4554,0.0000,0.00000,0.01129
3.62,3.62,0.9473,0.0000,0.00000,0.02375
3.88,3.62,1.1621,0.0000,0.00000,0.02708
4.12,3.62,1.0332,0.0000,0.00000,0.02137
4.38,3.62,1.0155,0.0000,0.00000,0.02024
4.62,3.62,1.1864,0.0000,0.00000,0.02598
4.88,3.62,1.2218,0.0000,0.00000,0.03131
5.12,3.62,1.1954,0.0000,0.00000,0.03778
5.38,3.62,1.2811,0.0000,0.00000,0.04586
5.62,3.62,1.2941,0.0000,0.00000,0.04584
5.88,3.62,1.3012,0.0000,0.00000,0.04446
6.12,3.62,1.4052,0.0000,0.00000,0.04902
6.38,3.62,1.3401,0.0000,0.00000,0.04721
6.62,3.62,1.4107,0.0000,0.00000,0.04457
6.88,3.62,1.5946,0.0000,0.00000,0.04656
7.12,3.62,1.1287,0.0000,0.00000,0.03416
7.38,3.62,0.4980,0.0000,0.00000,0.01642
2.62,3.88,0.0008,0.0000,0.00000,0.00001
2.88,3.88,0.0106,0.0000,0.00000,0.00022
3.12,3.88,0.0850,0.0000,0.00000,0.00209
3.38,3.88,0.3714,0.0000,0.00000,0.00967
3.62,3.88,0.8724,0.0000,0.00000,0.02124
3.88,3.88,1.1794,0.0000,0.00000,0.02541
4.12,3.88,1.0858,0.0000,0.00000,0.02106
4.38,3.88,1.0242,0.0000,0.00000,0.01865
4.62,3.88,1.1840,0.0000,0.00000,0.02287
4.88,3.88,1.2474,0.0000,0.00000,0.03036
5.12,3.88,1.2220,0.0000,0.00000,0.04119
5.38,3.88,1.3034,0.0000,0.00000,0.04949
5.62,3.88,1.3215,0.0000,0.00000,0.04500
5.88,3.88,1.3197,0.0000,0.00000,0.03962
6.12,3.88,1.4215,0.0000,0.00000,0.04286
6.38,3.88,1.3558,0.0000,0.00000,0.04237
6.62,3.88,1.4131,0.0000,0.00000,0.04001
6.88,3.88,1.6037,0.0000,0.00000,0.04132
7.12,3.88,1.1579,0.0000,0.00000,0.03109
7.38,3.88,0.5252,0.0000,0.00000,0.01560
2.62,4.12,0.0004,0.0000,0.00000,0.00001
2.88,4.12,0.0063,0.0000,0.00000,0.00013
3.12,4.12,0.0583,0.0000,0.00000,0.00141
3.38,4.12,0.2906,0.0000,0.00000,0.00689
3.62,4.12,0.7737,0.0000,0.00000,0.01612
3.88,4.12,1.1648,0.0000,0.00000,0.02180
4.12,4.12,1.1336,0.0000,0.00000,0.02153
4.38,4.12,1.0381,0.0000,0.00000,0.02015
4.62,4.12,1.1819,0.0000,0.00000,0.02287
4.88,4.12,1.2816,0.0000,0.00000,0.02951
5.12,4.12,1.2565,0.0000,0.00000,0.03885
5.38,4.12,1.3158,0.0000,0.00000,0.04518
5.62,4.12,1.3343,0.0000,0.00000,0.04126
5.88,4.12,1.3383,0.0000,0.00000,0.03561
6.12,4.12,1.4490,0.0000,0.00000,0.03654
6.38,4.12,1.3872,0.0000,0.00000,0.03603
6.62,4.12,1.4277,0.0000,0.00000,0.03450
6.88,4.12,1.6137,0.0000,0.00000,0.03614
7.12,4.12,1.1841,0.0000,0.00000,0.02847
7.38,4.12,0.5512,0.0000,0.00000,0.01514
2.62,4.38,0.0002,0.0000,0.00000,0.00000
2.88,4.38,0.0036,0.0000,0.00000,0.00006
3.12,4.38,0.0385,0.0000,0.00000,0.00075
3.38,4.38,0.2205,0.0000,0.00000,0.00418
3.62,4.38,0.6682,0.0000,0.00000,0.01164
3.88,4.38,1.1220,0.0000,0.00000,0.01879
4.12,4.38,1.1686,0.0000,0.00000,0.02100
4.38,4.38,1.0611,0.0000,0.00000,0.02064
4.62,4.38,1.1836,0.0000,0.00000,0.02198
4.88,4.38,1.3030,0.0000,0.00000,0.02522
5.12,4.38,1.2729,0.0000,0.00000,0.02944
5.38,4.38,1.3194,0.0000,0.00000,0.03512
5.62,4.38,1.3524,0.0000,0.00000,0.03715
5.88,4.38,1.3604,0.0000,0.00000,0.03420
6.12,4.38,1.4746,0.0000,0.00000,0.03339
6.38,4.38,1.4244,0.0000,0.00000,0.03197
6.62,4.38,1.4474,0.0000,0.00000,0.03011
6.88,4.38,1.6202,0.0000,0.00000,0.03215
7.12,4.38,1.2043,0.0000,0.00000,0.02699
7.38,4.38,0.5734,0.0000,0.00000,0.01530
2.62,4.62,0.0001,0.0000,0.00000,0.00000
2.88,4.62,0.0019,0.0000,0.00000,0.00002
3.12,4.62,0.0250,0.0000,0.00000,0.00035
3.38,4.62,0.1657,0.0000,0.00000,0.00253
3.62,4.62,0.5722,0.0000,0.00000,0.00923
3.88,4.62,1.0679,0.0000,0.00000,0.01750
4.12,4.62,1.1941,0.0000,0.00000,0.01995
4.38,4.62,1.0868,0.0000,0.00000,0.01883
4.62,4.62,1.1754,0.0000,0.00000,0.01970
4.88,4.62,1.2983,0.0000,0.00000,0.02142
5.12,4.62,1.2765,0.0000,0.00000,0.02283
5.38,4.62,1.3289,0.0000,0.00000,0.02853
5.62,4.62,1.3776,0.0000,0.00000,0.03375
5.88,4.62,1.3786,0.0000,0.00000,0.03222
6.12,4.62,1.4920,0.0000,0.00000,0.03146
6.38,4.62,1.4607,0.0000,0.00000,0.03016
6.62,4.62,1.4681,0.0000,0.00000,0.02743
6.88,4.62,1.6391,0.0000,0.00000,0.02961
7.12,4.62,1.2564,0.0000,0.00000,0.02643
7.38,4.62,0.6246,0.0000,0.00000,0.01579
2.62,4.88,0.0000,0.0000,0.00000,0.00000
2.88,4.88,0.0011,0.0000,0.00000,0.00001
3.12,4.88,0.0166,0.0000,0.00000,0.00020
3.38,4.88,0.1259,0.0000,0.00000,0.00172
3.62,4.88,0.4914,0.0000,0.00000,0.00731
3.88,4.88,1.0154,0.0000,0.00000,0.01546
4.12,4.88,1.2222,0.0000,0.00000,0.01838
4.38,4.88,1.1189,0.0000,0.00000,0.01672
4.62,4.88,1.1734,0.0000,0.00000,0.01779
4.88,4.88,1.3120,0.0000,0.00000,0.02010
5.12,4.88,1.3102,0.0000,0.00000,0.02090
5.38,4.88,1.3635,0.0000,0.00000,0.02523
5.62,4.88,1.4102,0.0000,0.00000,0.02945
5.88,4.88,1.3894,0.0000,0.00000,0.02816
6.12,4.88,1.4998,0.0000,0.00000,0.02891
6.38,4.88,1.4894,0.0000,0.00000,0.02869
6.62,4.88,1.4742,0.0000,0.00000,0.02550
6.88,4.88,1.6449,0.0000,0.00000,0.02736
7.12,4.88,1.3157,0.0000,0.00000,0.02508
7.38,4.88,0.6905,0.0000,0.00000,0.01531
2.62,5.12,0.0000,0.0000,0.00000,0.00000
2.88,5.12,0.0007,0.0000,0.00000,0.00001
3.12,5.12,0.0119,0.0000,0.00000,0.00013
3.38,5.12,0.0987,0.0000,0.00000,0.00119
3.62,5.12,0.4212,0.0000,0.00000,0.00539
3.88,5.12,0.9525,0.0000,0.00000,0.01270
4.12,5.12,1.2376,0.0000,0.00000,0.01670
4.38,5.12,1.1518,0.0000,0.00000,0.01539
4.62,5.12,1.1728,0.0000,0.00000,0.01598
4.88,5.12,1.3221,0.0000,0.00000,0.01855
5.12,5.12,1.3400,0.0000,0.00000,0.01944
5.38,5.12,1.3911,0.0000,0.00000,0.02157
5.62,5.12,1.4280,0.0000,0.00000,0.02362
5.88,5.12,1.3840,0.0000,0.00000,0.02313
6.12,5.12,1.4983,0.0000,0.00000,0.02495
6.38,5.12,1.5118,0.0000,0.00000,0.02490
6.62,5.12,1.4651,0.0000,0.00000,0.02229
6.88,5.12,1.6294,0.0000,0.00000,0.02473
7.12,5.12,1.3599,0.0000,0.00000,0.02334
7.38,5.12,0.7495,0.0000,0.00000,0.01450
2.62,5.38,0.0000,0.0000,0.00000,0.00000
2.88,5.38,0.0005,0.0000,0.00000,0.00000
3.12,5.38,0.0089,0.0000,0.00000,0.00009
3.38,5.38,0.0784,0.0000,0.00000,0.00083
3.62,5.38,0.3578,0.0000,0.00000,0.00415
3.88,5.38,0.8756,0.0000,0.00000,0.01108
4.12,5.38,1.2255,0.0000,0.00000,0.01620
4.38,5.38,1.1761,0.0000,0.00000,0.01534
4.62,5.38,1.1696,0.0000,0.00000,0.01509
4.88,5.38,1.3163,0.0000,0.00000,0.01729
5.12,5.38,1.3535,0.0000,0.00000,0.01820
5.38,5.38,1.4132,0.0000,0.00000,0.01926
5.62,5.38,1.4485,0.0000,0.00000,0.02018
5.88,5.38,1.3887,0.0000,0.00000,0.02014
6.12,5.38,1.5129,0.0000,0.00000,0.02174
6.38,5.38,1.5464,0.0000,0.00000,0.02110
6.62,5.38,1.4592,0.0000,0.00000,0.01943
6.88,5.38,1.6148,0.0000,0.00000,0.02295
7.12,5.38,1.4091,0.0000,0.00000,0.02256
7.38,5.38,0.8140,0.0000,0.00000,0.01436
2.62,5.62,0.0000,0.0000,0.00000,0.00000
2.88,5.62,0.0004,0.0000,0.00000,0.00000
3.12,5.62,0.0064,0.0000,0.00000,0.00005
3.38,5.62,0.0607,0.0000,0.00000,0.00058
3.62,5.62,0.2996,0.0000,0.00000,0.00327
3.88,5.62,0.7977,0.0000,0.00000,0.00965
4.12,5.62,1.2057,0.0000,0.00000,0.01568
4.38,5.62,1.2072,0.0000,0.00000,0.01615
4.62,5.62,1.1841,0.0000,0.00000,0.01550
4.88,5.62,1.3203,0.0000,0.00000,0.01692
5.12,5.62,1.3656,0.0000,0.00000,0.01763
5.38,5.62,1.4300,0.0000,0.00000,0.01875
5.62,5.62,1.4712,0.0000,0.00000,0.01963
5.88,5.62,1.4029,0.0000,0.00000,0.01929
6.12,5.62,1.5296,0.0000,0.00000,0.02028
6.38,5.62,1.5763,0.0000,0.00000,0.01939
6.62,5.62,1.4619,0.0000,0.00000,0.01813
6.88,5.62,1.6198,0.0000,0.00000,0.02238
7.12,5.62,1.4692,0.0000,0.00000,0.02294
7.38,5.62,0.8804,0.0000,0.00000,0.01499
2.62,5.88,0.0000,0.0000,0.00000,0.00000
2.88,5.88,0.0002,0.0000,0.00000,0.00000
3.12,5.88,0.0043,0.0000,0.00000,0.00003
3.38,5.88,0.0446,0.0000,0.00000,0.00042
3.62,5.88,0.2439,0.0000,0.00000,0.00268
3.88,5.88,0.7211,0.0000,0.00000,0.00906
4.12,5.88,1.1900,0.0000,0.00000,0.01637
4.38,5.88,1.2539,0.0000,0.00000,0.01775
4.62,5.88,1.2211,0.0000,0.00000,0.01622
4.88,5.88,1.3346,0.0000,0.00000,0.01690
5.12,5.88,1.3749,0.0000,0.00000,0.01796
5.38,5.88,1.4402,0.0000,0.00000,0.01941
5.62,5.88,1.4888,0.0000,0.00000,0.02046
5.88,5.88,1.4162,0.0000,0.00000,0.02015
6.12,5.88,1.5453,0.0000,0.00000,0.02121
6.38,5.88,1.6034,0.0000,0.00000,0.02016
6.62,5.88,1.4685,0.0000,0.00000,0.01785
6.88,5.88,1.6332,0.0000,0.00000,0.02120
7.12,5.88,1.5281,0.0000,0.00000,0.02183
7.38,5.88,0.9402,0.0000,0.00000,0.01437
2.62,6.12,0.0000,0.0000,0.00000,0.00000
2.88,6.12,0.0001,0.0000,0.00000,0.00000
3.12,6.12,0.0029,0.0000,0.00000,0.00002
3.38,6.12,0.0330,0.0000,0.00000,0.00033
3.62,6.12,0.1995,0.0000,0.00000,0.00244
3.88,6.12,0.6492,0.0000,0.00000,0.00904
4.12,6.12,1.1569,0.0000,0.00000,0.01683
4.38,6.12,1.2813,0.0000,0.00000,0.01794
4.62,6.12,1.2566,0.0000,0.00000,0.01633
4.88,6.12,1.3624,0.0000,0.00000,0.01779
5.12,6.12,1.4020,0.0000,0.00000,0.01961
5.38,6.12,1.4697,0.0000,0.00000,0.02114
5.62,6.12,1.5220,0.0000,0.00000,0.02207
5.88,6.12,1.4364,0.0000,0.00000,0.02196
6.12,6.12,1.5671,0.0000,0.00000,0.02352
6.38,6.12,1.6326,0.0000,0.00000,0.02251
6.62,6.12,1.4619,0.0000,0.00000,0.01868
6.88,6.12,1.6287,0.0000,0.00000,0.02104
7.12,6.12,1.5826,0.0000,0.00000,0.02198
7.38,6.12,1.0039,0.0000,0.00000,0.01470
2.62,6.38,0.0000,0.0000,0.00000,0.00000
2.88,6.38,0.0001,0.0000,0.00000,0.00000
3.12,6.38,0.0020,0.0000,0.00000,0.00002
3.38,6.38,0.0251,0.0000,0.00000,0.00027
3.62,6.38,0.1672,0.0000,0.00000,0.00207
3.88,6.38,0.5904,0.0000,0.00000,0.00792
4.12,6.38,1.1174,0.0000,0.00000,0.01519
4.38,6.38,1.2853,0.0000,0.00000,0.01714
4.62,6.38,1.2696,0.0000,0.00000,0.01774
4.88,6.38,1.3763,0.0000,0.00000,0.02115
5.12,6.38,1.4275,0.0000,0.00000,0.02244
5.38,6.38,1.5068,0.0000,0.00000,0.02214
5.62,6.38,1.5574,0.0000,0.00000,0.02171
5.88,6.38,1.4459,0.0000,0.00000,0.02125
6.12,6.38,1.5756,0.0000,0.00000,0.02338
6.38,6.38,1.6578,0.0000,0.00000,0.02347
6.62,6.38,1.4529,0.0000,0.00000,0.01938
6.88,6.38,1.6162,0.0000,0.00000,0.02158
7.12,6.38,1.6349,0.0000,0.00000,0.02330
7.38,6.38,1.0707,0.0000,0.00000,0.01599
2.62,6.62,0.0000,0.0000,0.00000,0.00000
2.88,6.62,0.0000,0.0000,0.00000,0.00000
3.12,6.62,0.0013,0.0000,0.00000,0.00001
3.38,6.62,0.0187,0.0000,0.00000,0.00023
3.62,6.62,0.1412,0.0000,0.00000,0.00186
3.88,6.62,0.5438,0.0000,0.00000,0.00753
4.12,6.62,1.0836,0.0000,0.00000,0.01529
4.38,6.62,1.2818,0.0000,0.00000,0.01844
4.62,6.62,1.2737,0.0000,0.00000,0.02034
4.88,6.62,1.3742,0.0000,0.00000,0.02460
5.12,6.62,1.4308,0.0000,0.00000,0.02442
5.38,6.62,1.5306,0.0000,0.00000,0.02153
5.62,6.62,1.5904,0.0000,0.00000,0.01959
5.88,6.62,1.4494,0.0000,0.00000,0.01857
6.12,6.62,1.5809,0.0000,0.00000,0.02167
6.38,6.62,1.6933,0.0000,0.00000,0.02359
6.62,6.62,1.4551,0.0000,0.00000,0.01947
6.88,6.62,1.6076,0.0000,0.00000,0.02062
7.12,6.62,1.6802,0.0000,0.00000,0.02211
7.38,6.62,1.1277,0.0000,0.00000,0.01522
2.62,6.88,0.0000,0.0000,0.00000,0.00000
2.88,6.88,0.0000,0.0000,0.00000,0.00000
3.12,6.88,0.0009,0.0000,0.00000,0.00001
3.38,6.88,0.0149,0.0000,0.00000,0.00021
3.62,6.88,0.1235,0.0000,0.00000,0.00186
3.88,6.88,0.5076,0.0000,0.00000,0.00788
4.12,6.88,1.0548,0.0000,0.00000,0.01657
4.38,6.88,1.2873,0.0000,0.00000,0.02006
4.62,6.88,1.2962,0.0000,0.00000,0.02040
4.88,6.88,1.3842,0.0000,0.00000,0.02279
5.12,6.88,1.4298,0.0000,0.00000,0.02248
5.38,6.88,1.5471,0.0000,0.00000,0.02023
5.62,6.88,1.6288,0.0000,0.00000,0.01866
5.88,6.88,1.4658,0.0000,0.00000,0.01732
6.12,6.88,1.5967,0.0000,0.00000,0.02129
6.38,6.88,1.7390,0.0000,0.00000,0.02468
6.62,6.88,1.4703,0.0000,0.00000,0.01989
6.88,6.88,1.6146,0.0000,0.00000,0.01927
7.12,6.88,1.7395,0.0000,0.00000,0.01984
7.38,6.88,1.1933,0.0000,0.00000,0.01347
2.62,7.12,0.0000,0.0000,0.00000,0.00000
2.88,7.12,0.0000,0.0000,0.00000,0.00000
3.12,7.12,0.0007,0.0000,0.00000,0.00001
3.38,7.12,0.0123,0.0000,0.00000,0.00017
3.62,7.12,0.1097,0.0000,0.00000,0.00150
3.88,7.12,0.4736,0.0000,0.00000,0.00660
4.12,7.12,1.0226,0.0000,0.00000,0.01464
4.38,7.12,1.2943,0.0000,0.00000,0.01872
4.62,7.12,1.3257,0.0000,0.00000,0.01856
4.88,7.12,1.3961,0.0000,0.00000,0.01910
5.12,7.12,1.4259,0.0000,0.00000,0.01901
5.38,7.12,1.5516,0.0000,0.00000,0.01881
5.62,7.12,1.6483,0.0000,0.00000,0.01859
5.88,7.12,1.4715,0.0000,0.00000,0.01699
6.12,7.12,1.6056,0.0000,0.00000,0.02052
6.38,7.12,1.7764,0.0000,0.00000,0.02414
6.62,7.12,1.4824,0.0000,0.00000,0.01952
6.88,7.12,1.6238,0.0000,0.00000,0.01871
7.12,7.12,1.8088,0.0000,0.00000,0.01911
7.38,7.12,1.2698,0.0000,0.00000,0.01293
2.62,7.38,0.0000,0.0000,0.00000,0.00000
2.88,7.38,0.0000,0.0000,0.00000,0.00000
3.12,7.38,0.0005,0.0000,0.00000,0.00001
3.38,7.38,0.0106,0.0000,0.00000,0.00012
3.62,7.38,0.0989,0.0000,0.00000,0.00112
3.88,7.38,0.4433,0.0000,0.00000,0.00516
4.12,7.38,0.9871,0.0000,0.00000,0.01224
4.38,7.38,1.2901,0.0000,0.00000,0.01688
4.62,7.38,1.3505,0.0000,0.00000,0.01719
4.88,7.38,1.4209,0.0000,0.00000,0.01706
5.12,7.38,1.4434,0.0000,0.00000,0.01704
5.38,7.38,1.5648,0.0000,0.00000,0.01794
5.62,7.38,1.6605,0.0000,0.00000,0.01845
5.88,7.38,1.4678,0.0000,0.00000,0.01623
6.12,7.38,1.6070,0.0000,0.00000,0.01818
6.38,7.38,1.8030,0.0000,0.00000,0.02106
6.62,7.38,1.4802,0.0000,0.00000,0.01759
6.88,7.38,1.6169,0.0000,0.00000,0.01810
7.12,7.38,1.8637,0.0000,0.00000,0.01926
7.38,7.38,1.3374,0.0000,0.00000,0.01326
2.62,7.62,0.0000,0.0000,0.00000,0.00000
2.88,7.62,0.0000,0.0000,0.00000,0.00000
3.12,7.62,0.0005,0.0000,0.00000,0.00001
3.38,7.62,0.0094,0.0000,0.00000,0.00010
3.62,7.62,0.0918,0.0000,0.00000,0.00098
3.88,7.62,0.4227,0.0000,0.00000,0.00456
4.12,7.62,0.9632,0.0000,0.00000,0.01095
4.38,7.62,1.2902,0.0000,0.00000,0.01549
4.62,7.62,1.3789,0.0000,0.00000,0.01638
4.88,7.62,1.4590,0.0000,0.00000,0.01658
5.12,7.62,1.4699,0.0000,0.00000,0.01661
5.38,7.62,1.5813,0.0000,0.00000,0.01766
5.62,7.62,1.6752,0.0000,0.00000,0.01817
5.88,7.62,1.4667,0.0000,0.00000,0.01546
6.12,7.62,1.6155,0.0000,0.00000,0.01649
6.38,7.62,1.8396,0.0000,0.00000,0.01878
6.62,7.62,1.4854,0.0000,0.00000,0.01583
6.88,7.62,1.6112,0.0000,0.00000,0.01755
7.12,7.62,1.9087,0.0000,0.00000,0.02019
7.38,7.62,1.3933,0.0000,0.00000,0.01446
2.62,7.88,0.0000,0.0000,0.00000,0.00000
2.88,7.88,0.0000,0.0000,0.00000,0.00000
3.12,7.88,0.0004,0.0000,0.00000,0.00000
3.38,7.88,0.0085,0.0000,0.00000,0.00009
3.62,7.88,0.0848,0.0000,0.00000,0.00087
3.88,7.88,0.3990,0.0000,0.00000,0.00410
4.12,7.88,0.9276,0.0000,0.00000,0.00991
4.38,7.88,1.2711,0.0000,0.00000,0.01435
4.62,7.88,1.3908,0.0000,0.00000,0.01591
4.88,7.88,1.4896,0.0000,0.00000,0.01659
5.12,7.88,1.4954,0.0000,0.00000,0.01655
5.38,7.88,1.6090,0.0000,0.00000,0.01758
5.62,7.88,1.7113,0.0000,0.00000,0.01813
5.88,7.88,1.4779,0.0000,0.00000,0.01530
6.12,7.88,1.6251,0.0000,0.00000,0.01661
6.38,7.88,1.8736,0.0000,0.00000,0.01910
6.62,7.88,1.4897,0.0000,0.00000,0.01563
6.88,7.88,1.6094,0.0000,0.00000,0.01759
7.12,7.88,1.9603,0.0000,0.00000,0.02149
7.38,7.88,1.4540,0.0000,0.00000,0.01592
2.62,8.12,0.0000,0.0000,0.00000,0.00000
2.88,8.12,0.0000,0.0000,0.00000,0.00000
3.12,8.12,0.0004,0.0000,0.00000,0.00000
3.38,8.12,0.0077,0.0000,0.00000,0.00008
3.62,8.12,0.0795,0.0000,0.00000,0.00081
3.88,8.12,0.3813,0.0000,0.00000,0.00391
4.12,8.12,0.8993,0.0000,0.00000,0.00959
4.38,8.12,1.2518,0.0000,0.00000,0.01407
4.62,8.12,1.3972,0.0000,0.00000,0.01586
4.88,8.12,1.5177,0.0000,0.00000,0.01667
5.12,8.12,1.5243,0.0000,0.00000,0.01666
5.38,8.12,1.6515,0.0000,0.00000,0.01826
5.62,8.12,1.7754,0.0000,0.00000,0.01947
5.88,8.12,1.5141,0.0000,0.00000,0.01624
6.12,8.12,1.6510,0.0000,0.00000,0.01749
6.38,8.12,1.9147,0.0000,0.00000,0.02036
6.62,8.12,1.4948,0.0000,0.00000,0.01604
6.88,8.12,1.6064,0.0000,0.00000,0.01692
7.12,8.12,2.0070,0.0000,0.00000,0.02066
7.38,8.12,1.5093,0.0000,0.00000,0.01540
2.62,8.38,0.0000,0.0000,0.00000,0.00000
2.88,8.38,0.0000,0.0000,0.00000,0.00000
3.12,8.38,0.0003,0.0000,0.00000,0.00000
3.38,8.38,0.0071,0.0000,0.00000,0.00008
3.62,8.38,0.0762,0.0000,0.00000,0.00082
3.88,8.38,0.3720,0.0000,0.00000,0.00403
4.12,8.38,0.8880,0.0000,0.00000,0.00985
4.38,8.38,1.2486,0.0000,0.00000,0.01427
4.62,8.38,1.4104,0.0000,0.00000,0.01606
4.88,8.38,1.5443,0.0000,0.00000,0.01697
5.12,8.38,1.5400,0.0000,0.00000,0.01689
5.38,8.38,1.6716,0.0000,0.00000,0.01891
5.62,8.38,1.8252,0.0000,0.00000,0.02072
5.88,8.38,1.5503,0.0000,0.00000,0.01686
6.12,8.38,1.6777,0.0000,0.00000,0.01705
6.38,8.38,1.9534,0.0000,0.00000,0.01954
6.62,8.38,1.5022,0.0000,0.00000,0.01541
6.88,8.38,1.6093,0.0000,0.00000,0.01649
7.12,8.38,2.0553,0.0000,0.00000,0.02042
7.38,8.38,1.5633,0.0000,0.00000,0.01531
2.62,8.62,0.0000,0.0000,0.00000,0.00000
2.88,8.62,0.0000,0.0000,0.00000,0.00000
3.12,8.62,0.0003,0.0000,0.00000,0.00000
3.38,8.62,0.0068,0.0000,0.00000,0.00007
3.62,8.62,0.0748,0.0000,0.00000,0.00082
3.88,8.62,0.3698,0.0000,0.00000,0.00408
4.12,8.62,0.8850,0.0000,0.00000,0.00987
4.38,8.62,1.2454,0.0000,0.00000,0.01409
4.62,8.62,1.4193,0.0000,0.00000,0.01607
4.88,8.62,1.5670,0.0000,0.00000,0.01728
5.12,8.62,1.5488,0.0000,0.00000,0.01686
5.38,8.62,1.6789,0.0000,0.00000,0.01845
5.62,8.62,1.8586,0.0000,0.00000,0.02025
5.88,8.62,1.5684,0.0000,0.00000,0.01636
6.12,8.62,1.6848,0.0000,0.00000,0.01595
6.38,8.62,1.9791,0.0000,0.00000,0.01802
6.62,8.62,1.5085,0.0000,0.00000,0.01441
6.88,8.62,1.6148,0.0000,0.00000,0.01653
7.12,8.62,2.1006,0.0000,0.00000,0.02136
7.38,8.62,1.6121,0.0000,0.00000,0.01625
2.62,8.88,0.0000,0.0000,0.00000,0.00000
2.88,8.88,0.0000,0.0000,0.00000,0.00000
3.12,8.88,0.0003,0.0000,0.00000,0.00000
3.38,8.88,0.0067,0.0000,0.00000,0.00007
3.62,8.88,0.0752,0.0000,0.00000,0.00081
3.88,8.88,0.3754,0.0000,0.00000,0.00409
4.12,8.88,0.8980,0.0000,0.00000,0.00992
4.38,8.88,1.2563,0.0000,0.00000,0.01412
4.62,8.88,1.4318,0.0000,0.00000,0.01618
4.88,8.88,1.5877,0.0000,0.00000,0.01764
5.12,8.88,1.5534,0.0000,0.00000,0.01678
5.38,8.88,1.6817,0.0000,0.00000,0.01754
5.62,8.88,1.8840,0.0000,0.00000,0.01921
5.88,8.88,1.5791,0.0000,0.00000,0.01575
6.12,8.88,1.6933,0.0000,0.00000,0.01549
6.38,8.88,2.0114,0.0000,0.00000,0.01760
6.62,8.88,1.5194,0.0000,0.00000,0.01397
6.88,8.88,1.6154,0.0000,0.00000,0.01566
7.12,8.88,2.1313,0.0000,0.00000,0.02020
7.38,8.88,1.6480,0.0000,0.00000,0.01541
2.62,9.12,0.0000,0.0000,0.00000,0.00000
2.88,9.12,0.0000,0.0000,0.00000,0.00000
3.12,9.12,0.0002,0.0000,0.00000,0.00000
3.38,9.12,0.0064,0.0000,0.00000,0.00007
3.62,9.12,0.0743,0.0000,0.00000,0.00080
3.88,9.12,0.3761,0.0000,0.00000,0.00419
4.12,9.12,0.9040,0.0000,0.00000,0.01040
4.38,9.12,1.2637,0.0000,0.00000,0.01486
4.62,9.12,1.4434,0.0000,0.00000,0.01680
4.88,9.12,1.6111,0.0000,0.00000,0.01831
5.12,9.12,1.5702,0.0000,0.00000,0.01715
5.38,9.12,1.6954,0.0000,0.00000,0.01730
5.62,9.12,1.9111,0.0000,0.00000,0.01881
5.88,9.12,1.5967,0.0000,0.00000,0.01553
6.12,9.12,1.7124,0.0000,0.00000,0.01569
6.38,9.12,2.0512,0.0000,0.00000,0.01841
6.62,9.12,1.5397,0.0000,0.00000,0.01466
6.88,9.12,1.6246,0.0000,0.00000,0.01511
7.12,9.12,2.1617,0.0000,0.00000,0.01868
7.38,9.12,1.6796,0.0000,0.00000,0.01414
2.62,9.38,0.0000,0.0000,0.00000,0.00000
2.88,9.38,0.0000,0.0000,0.00000,0.00000
3.12,9.38,0.0002,0.0000,0.00000,0.00000
3.38,9.38,0.0061,0.0000,0.00000,0.00007
3.62,9.38,0.0729,0.0000,0.00000,0.00084
3.88,9.38,0.3754,0.0000,0.00000,0.00458
4.12,9.38,0.9096,0.0000,0.00000,0.01177
4.38,9.38,1.2715,0.0000,0.00000,0.01681
4.62,9.38,1.4502,0.0000,0.00000,0.01803
4.88,9.38,1.6321,0.0000,0.00000,0.01896
5.12,9.38,1.5946,0.0000,0.00000,0.01755
5.38,9.38,1.7138,0.0000,0.00000,0.01731
5.62,9.38,1.9373,0.0000,0.00000,0.01875
5.88,9.38,1.6181,0.0000,0.00000,0.01566
6.12,9.38,1.7332,0.0000,0.00000,0.01617
6.38,9.38,2.0860,0.0000,0.00000,0.01929
6.62,9.38,1.5575,0.0000,0.00000,0.01541
6.88,9.38,1.6394,0.0000,0.00000,0.01567
7.12,9.38,2.2009,0.0000,0.00000,0.01944
7.38,9.38,1.7173,0.0000,0.00000,0.01480
2.62,9.62,0.0000,0.0000,0.00000,0.00000
2.88,9.62,0.0000,0.0000,0.00000,0.00000
3.12,9.62,0.0002,0.0000,0.00000,0.00000
3.38,9.62,0.0060,0.0000,0.00000,0.00007
3.62,9.62,0.0728,0.0000,0.00000,0.00096
3.88,9.62,0.3774,0.0000,0.00000,0.00526
4.12,9.62,0.9158,0.0000,0.00000,0.01337
4.38,9.62,1.2755,0.0000,0.00000,0.01855
4.62,9.62,1.4535,0.0000,0.00000,0.01879
4.88,9.62,1.6526,0.0000,0.00000,0.01909
5.12,9.62,1.6175,0.0000,0.00000,0.01765
5.38,9.62,1.7250,0.0000,0.00000,0.01718
5.62,9.62,1.9572,0.0000,0.00000,0.01867
5.88,9.62,1.6388,0.0000,0.00000,0.01591
6.12,9.62,1.7546,0.0000,0.00000,0.01642
6.38,9.62,2.1174,0.0000,0.00000,0.01917
6.62,9.62,1.5692,0.0000,0.00000,0.01485
6.88,9.62,1.6477,0.0000,0.00000,0.01557
7.12,9.62,2.2365,0.0000,0.00000,0.02019
7.38,9.62,1.7540,0.0000,0.00000,0.01560
2.62,9.88,0.0000,0.0000,0.00000,0.00000
2.88,9.88,0.0000,0.0000,0.00000,0.00000
3.12,9.88,0.0002,0.0000,0.00000,0.00000
3.38,9.88,0.0062,0.0000,0.00000,0.00008
3.62,9.88,0.0747,0.0000,0.00000,0.00106
3.88,9.88,0.3866,0.0000,0.00000,0.00562
4.12,9.88,0.9367,0.0000,0.00000,0.01365
4.38,9.88,1.2967,0.0000,0.00000,0.01820
4.62,9.88,1.4694,0.0000,0.00000,0.01851
4.88,9.88,1.6816,0.0000,0.00000,0.01936
5.12,9.88,1.6502,0.0000,0.00000,0.01814
5.38,9.88,1.7459,0.0000,0.00000,0.01750
5.62,9.88,1.9839,0.0000,0.00000,0.01917
5.88,9.88,1.6645,0.0000,0.00000,0.01677
6.12,9.88,1.7780,0.0000,0.00000,0.01679
6.38,9.88,2.1474,0.0000,0.00000,0.01868
6.62,9.88,1.5816,0.0000,0.00000,0.01373
6.88,9.88,1.6558,0.0000,0.00000,0.01404
7.12,9.88,2.2686,0.0000,0.00000,0.01850
7.38,9.88,1.7877,0.0000,0.00000,0.01439
2.62,10.12,0.0000,0.0000,0.00000,0.00000
2.88,10.12,0.0000,0.0000,0.00000,0.00000
3.12,10.12,0.0002,0.0000,0.00000,0.00000
3.38,10.12,0.0063,0.0000,0.00000,0.00008
3.62,10.12,0.0762,0.0000,0.00000,0.00107
3.88,10.12,0.3956,0.0000,0.00000,0.00561
4.12,10.12,0.9616,0.0000,0.00000,0.01341
4.38,10.12,1.3251,0.0000,0.00000,0.01767
4.62,10.12,1.4835,0.0000,0.00000,0.01824
4.88,10.12,1.7059,0.0000,0.00000,0.01970
5.12,10.12,1.6909,0.0000,0.00000,0.01898
5.38,10.12,1.7757,0.0000,0.00000,0.01845
5.62,10.12,2.0149,0.0000,0.00000,0.02026
5.88,10.12,1.6988,0.0000,0.00000,0.01789
6.12,10.12,1.8039,0.0000,0.00000,0.01728
6.38,10.12,2.1716,0.0000,0.00000,0.01866
6.62,10.12,1.5910,0.0000,0.00000,0.01339
6.88,10.12,1.6640,0.0000,0.00000,0.01320
7.12,10.12,2.3005,0.0000,0.00000,0.01738
7.38,10.12,1.8206,0.0000,0.00000,0.01356
2.62,10.38,0.0000,0.0000,0.00000,0.00000
2.88,10.38,0.0000,0.0000,0.00000,0.00000
3.12,10.38,0.0002,0.0000,0.00000,0.00000
3.38,10.38,0.0064,0.0000,0.00000,0.00008
3.62,10.38,0.0779,0.0000,0.00000,0.00109
3.88,10.38,0.4056,0.0000,0.00000,0.00576
4.12,10.38,0.9889,0.0000,0.00000,0.01392
4.38,10.38,1.3521,0.0000,0.00000,0.01828
4.62,10.38,1.4816,0.0000,0.00000,0.01821
4.88,10.38,1.7129,0.0000,0.00000,0.01956
5.12,10.38,1.7322,0.0000,0.00000,0.01961
5.38,10.38,1.8022,0.0000,0.00000,0.01940
5.62,10.38,2.0364,0.0000,0.00000,0.02095
5.88,10.38,1.7342,0.0000,0.00000,0.01814
6.12,10.38,1.8310,0.0000,0.00000,0.01756
6.38,10.38,2.1927,0.0000,0.00000,0.01945
6.62,10.38,1.6011,0.0000,0.00000,0.01430
6.88,10.38,1.6735,0.0000,0.00000,0.01400
7.12,10.38,2.3275,0.0000,0.00000,0.01826
7.38,10.38,1.8475,0.0000,0.00000,0.01425
2.62,10.62,0.0000,0.0000,0.00000,0.00000
2.88,10.62,0.0000,0.0000,0.00000,0.00000
3.12,10.62,0.0002,0.0000,0.00000,0.00000
3.38,10.62,0.0061,0.0000,0.00000,0.00009
3.62,10.62,0.0762,0.0000,0.00000,0.00111
3.88,10.62,0.4035,0.0000,0.00000,0.00596
4.12,10.62,1.0011,0.0000,0.00000,0.01465
4.38,10.62,1.3740,0.0000,0.00000,0.01924
4.62,10.62,1.4744,0.0000,0.00000,0.01851
4.88,10.62,1.7141,0.0000,0.00000,0.01984
5.12,10.62,1.7767,0.0000,0.00000,0.02048
5.38,10.62,1.8224,0.0000,0.00000,0.02005
5.62,10.62,2.0450,0.0000,0.00000,0.02126
5.88,10.62,1.7716,0.0000,0.00000,0.01844
6.12,10.62,1.8647,0.0000,0.00000,0.01803
6.38,10.62,2.2174,0.0000,0.00000,0.02030
6.62,10.62,1.6155,0.0000,0.00000,0.01533
6.88,10.62,1.6868,0.0000,0.00000,0.01547
7.12,10.62,2.3550,0.0000,0.00000,0.02029
7.38,10.62,1.8731,0.0000,0.00000,0.01586
2.62,10.88,0.0000,0.0000,0.00000,0.00000
2.88,10.88,0.0000,0.0000,0.00000,0.00000
3.12,10.88,0.0002,0.0000,0.00000,0.00000
3.38,10.88,0.0058,0.0000,0.00000,0.00009
3.62,10.88,0.0734,0.0000,0.00000,0.00114
3.88,10.88,0.3979,0.0000,0.00000,0.00618
4.12,10.88,1.0158,0.0000,0.00000,0.01553
4.38,10.88,1.4097,0.0000,0.00000,0.02056
4.62,10.88,1.4746,0.0000,0.00000,0.01933
4.88,10.88,1.7148,0.0000,0.00000,0.02074
5.12,10.88,1.8198,0.0000,0.00000,0.02171
5.38,10.88,1.8324,0.0000,0.00000,0.02040
5.62,10.88,2.0434,0.0000,0.00000,0.02121
5.88,10.88,1.8202,0.0000,0.00000,0.01893
6.12,10.88,1.9162,0.0000,0.00000,0.01878
6.38,10.88,2.2504,0.0000,0.00000,0.02087
6.62,10.88,1.6337,0.0000,0.00000,0.01568
6.88,10.88,1.7028,0.0000,0.00000,0.01654
7.12,10.88,2.3799,0.0000,0.00000,0.02230
7.38,10.88,1.8942,0.0000,0.00000,0.01752
2.62,11.12,0.0000,0.0000,0.00000,0.00000
2.88,11.12,0.0000,0.0000,0.00000,0.00000
3.12,11.12,0.0002,0.0000,0.00000,0.00000
3.38,11.12,0.0057,0.0000,0.00000,0.00009
3.62,11.12,0.0712,0.0000,0.00000,0.00110
3.88,11.12,0.3928,0.0000,0.00000,0.00613
4.12,11.12,1.0335,0.0000,0.00000,0.01608
4.38,11.12,1.4568,0.0000,0.00000,0.02199
4.62,11.12,1.4863,0.0000,0.00000,0.02033
4.88,11.12,1.7175,0.0000,0.00000,0.02142
5.12,11.12,1.8620,0.0000,0.00000,0.02277
5.38,11.12,1.8422,0.0000,0.00000,0.02091
5.62,11.12,2.0391,0.0000,0.00000,0.02129
5.88,11.12,1.8676,0.0000,0.00000,0.01921
6.12,11.12,1.9672,0.0000,0.00000,0.01920
6.38,11.12,2.2868,0.0000,0.00000,0.02131
6.62,11.12,1.6594,0.0000,0.00000,0.01589
6.88,11.12,1.7214,0.0000,0.00000,0.01694
7.12,11.12,2.4017,0.0000,0.00000,0.02320
7.38,11.12,1.9118,0.0000,0.00000,0.01834
2.62,11.38,0.0000,0.0000,0.00000,0.00000
2.88,11.38,0.0000,0.0000,0.00000,0.00000
3.12,11.38,0.0002,0.0000,0.00000,0.00000
3.38,11.38,0.0056,0.0000,0.00000,0.00008
3.62,11.38,0.0696,0.0000,0.00000,0.00106
3.88,11.38,0.3890,0.0000,0.00000,0.00613
4.12,11.38,1.0541,0.0000,0.00000,0.01695
4.38,11.38,1.5071,0.0000,0.00000,0.02400
4.62,11.38,1.4965,0.0000,0.00000,0.02162
4.88,11.38,1.7172,0.0000,0.00000,0.02204
5.12,11.38,1.9060,0.0000,0.00000,0.02392
5.38,11.38,1.8480,0.0000,0.00000,0.02185
5.62,11.38,2.0324,0.0000,0.00000,0.02209
5.88,11.38,1.9286,0.0000,0.00000,0.02038
6.12,11.38,2.0221,0.0000,0.00000,0.01989
6.38,11.38,2.3158,0.0000,0.00000,0.02165
6.62,11.38,1.6866,0.0000,0.00000,0.01641
6.88,11.38,1.7450,0.0000,0.00000,0.01731
7.12,11.38,2.4263,0.0000,0.00000,0.02341
7.38,11.38,1.9312,0.0000,0.00000,0.01847
2.62,11.62,0.0000,0.0000,0.00000,0.00000
2.88,11.62,0.0000,0.0000,0.00000,0.00000
3.12,11.62,0.0002,0.0000,0.00000,0.00000
3.38,11.62,0.0058,0.0000,0.00000,0.00009
3.62,11.62,0.0694,0.0000,0.00000,0.00111
3.88,11.62,0.3895,0.0000,0.00000,0.00656
4.12,11.62,1.0794,0.0000,0.00000,0.01875
4.38,11.62,1.5565,0.0000,0.00000,0.02695
4.62,11.62,1.5005,0.0000,0.00000,0.02347
4.88,11.62,1.7126,0.0000,0.00000,0.02296
5.12,11.62,1.9486,0.0000,0.00000,0.02515
5.38,11.62,1.8392,0.0000,0.00000,0.02257
5.62,11.62,2.0082,0.0000,0.00000,0.02291
5.88,11.62,1.9966,0.0000,0.00000,0.02241
6.12,11.62,2.0838,0.0000,0.00000,0.02136
6.38,11.62,2.3382,0.0000,0.00000,0.02226
6.62,11.62,1.7121,0.0000,0.00000,0.01707
6.88,11.62,1.7706,0.0000,0.00000,0.01771
7.12,11.62,2.4500,0.0000,0.00000,0.02339
7.38,11.62,1.9489,0.0000,0.00000,0.01836
2.62,11.88,0.0000,0.0000,0.00000,0.00000
2.88,11.88,0.0000,0.0000,0.00000,0.00000
3.12,11.88,0.0003,0.0000,0.00000,0.00000
3.38,11.88,0.0060,0.0000,0.00000,0.00009
3.62,11.88,0.0685,0.0000,0.00000,0.00114
3.88,11.88,0.3854,0.0000,0.00000,0.00679
4.12,11.88,1.0955,0.0000,0.00000,0.01974
4.38,11.88,1.5978,0.0000,0.00000,0.02866
4.62,11.88,1.4969,0.0000,0.00000,0.02463
4.88,11.88,1.7024,0.0000,0.00000,0.02377
5.12,11.88,1.9958,0.0000,0.00000,0.02638
5.38,11.88,1.8354,0.0000,0.00000,0.02334
5.62,11.88,1.9825,0.0000,0.00000,0.02396
5.88,11.88,2.0658,0.0000,0.00000,0.02480
6.12,11.88,2.1463,0.0000,0.00000,0.02342
6.38,11.88,2.3570,0.0000,0.00000,0.02350
6.62,11.88,1.7322,0.0000,0.00000,0.01781
6.88,11.88,1.7888,0.0000,0.00000,0.01817
7.12,11.88,2.4649,0.0000,0.00000,0.02387
7.38,11.88,1.9600,0.0000,0.00000,0.01874
2.62,12.12,0.0000,0.0000,0.00000,0.00000
2.88,12.12,0.0000,0.0000,0.00000,0.00000
3.12,12.12,0.0003,0.0000,0.00000,0.00000
3.38,12.12,0.0061,0.0000,0.00000,0.00009
3.62,12.12,0.0662,0.0000,0.00000,0.00113
3.88,12.12,0.3771,0.0000,0.00000,0.00672
4.12,12.12,1.1113,0.0000,0.00000,0.01967
4.38,12.12,1.6522,0.0000,0.00000,0.02876
4.62,12.12,1.5104,0.0000,0.00000,0.02481
4.88,12.12,1.7020,0.0000,0.00000,0.02432
5.12,12.12,2.0466,0.0000,0.00000,0.02758
5.38,12.12,1.8343,0.0000,0.00000,0.02399
5.62,12.12,1.9634,0.0000,0.00000,0.02472
5.88,12.12,2.1467,0.0000,0.00000,0.02675
6.12,12.12,2.2171,0.0000,0.00000,0.02568
6.38,12.12,2.3816,0.0000,0.00000,0.02571
6.62,12.12,1.7579,0.0000,0.00000,0.01926
6.88,12.12,1.8068,0.0000,0.00000,0.01925
7.12,12.12,2.4748,0.0000,0.00000,0.02523
7.38,12.12,1.9669,0.0000,0.00000,0.01982
2.62,12.38,0.0000,0.0000,0.00000,0.00000
2.88,12.38,0.0000,0.0000,0.00000,0.00000
3.12,12.38,0.0004,0.0000,0.00000,0.00000
3.38,12.38,0.0064,0.0000,0.00000,0.00010
3.62,12.38,0.0644,0.0000,0.00000,0.00117
3.88,12.38,0.3705,0.0000,0.00000,0.00687
4.12,12.38,1.1285,0.0000,0.00000,0.02000
4.38,12.38,1.7087,0.0000,0.00000,0.02920
4.62,12.38,1.5357,0.0000,0.00000,0.02514
4.88,12.38,1.7071,0.0000,0.00000,0.02489
5.12,12.38,2.0845,0.0000,0.00000,0.02866
5.38,12.38,1.8243,0.0000,0.00000,0.02443
5.62,12.38,1.9458,0.0000,0.00000,0.02512
5.88,12.38,2.2304,0.0000,0.00000,0.02843
6.12,12.38,2.2812,0.0000,0.00000,0.02779
6.38,12.38,2.3966,0.0000,0.00000,0.02798
6.62,12.38,1.7883,0.0000,0.00000,0.02113
6.88,12.38,1.8330,0.0000,0.00000,0.02123
7.12,12.38,2.4890,0.0000,0.00000,0.02789
7.38,12.38,1.9763,0.0000,0.00000,0.02194
2.62,12.62,0.0000,0.0000,0.00000,0.00000
2.88,12.62,0.0000,0.0000,0.00000,0.00000
3.12,12.62,0.0005,0.0000,0.00000,0.00000
3.38,12.62,0.0064,0.0000,0.00000,0.00010
3.62,12.62,0.0616,0.0000,0.00000,0.00121
3.88,12.62,0.3590,0.0000,0.00000,0.00704
4.12,12.62,1.1221,0.0000,0.00000,0.02053
4.38,12.62,1.7261,0.0000,0.00000,0.03014
4.62,12.62,1.5405,0.0000,0.00000,0.02608
4.88,12.62,1.7011,0.0000,0.00000,0.02617
5.12,12.62,2.1074,0.0000,0.00000,0.03066
5.38,12.62,1.8107,0.0000,0.00000,0.02578
5.62,12.62,1.9281,0.0000,0.00000,0.02642
5.88,12.62,2.3056,0.0000,0.00000,0.03103
6.12,12.62,2.3256,0.0000,0.00000,0.03000
6.38,12.62,2.3964,0.0000,0.00000,0.02983
6.62,12.62,1.8322,0.0000,0.00000,0.02335
6.88,12.62,1.8765,0.0000,0.00000,0.02410
7.12,12.62,2.5091,0.0000,0.00000,0.03162
7.38,12.62,1.9874,0.0000,0.00000,0.02490
2.62,12.88,0.0000,0.0000,0.00000,0.00000
2.88,12.88,0.0000,0.0000,0.00000,0.00000
3.12,12.88,0.0004,0.0000,0.00000,0.00001
3.38,12.88,0.0061,0.0000,0.00000,0.00012
3.62,12.88,0.0605,0.0000,0.00000,0.00128
3.88,12.88,0.3571,0.0000,0.00000,0.00726
4.12,12.88,1.1334,0.0000,0.00000,0.02137
4.38,12.88,1.7646,0.0000,0.00000,0.03186
4.62,12.88,1.5705,0.0000,0.00000,0.02786
4.88,12.88,1.7094,0.0000,0.00000,0.02820
5.12,12.88,2.1296,0.0000,0.00000,0.03335
5.38,12.88,1.7985,0.0000,0.00000,0.02777
5.62,12.88,1.9032,0.0000,0.00000,0.02850
5.88,12.88,2.3557,0.0000,0.00000,0.03437
6.12,12.88,2.3401,0.0000,0.00000,0.03230
6.38,12.88,2.3808,0.0000,0.00000,0.03152
6.62,12.88,1.8950,0.0000,0.00000,0.02595
6.88,12.88,1.9472,0.0000,0.00000,0.02723
7.12,12.88,2.5485,0.0000,0.00000,0.03514
7.38,12.88,2.0104,0.0000,0.00000,0.02760
2.62,13.12,0.0000,0.0000,0.00000,0.00000
2.88,13.12,0.0000,0.0000,0.00000,0.00000
3.12,13.12,0.0003,0.0000,0.00000,0.00001
3.38,13.12,0.0061,0.0000,0.00000,0.00013
3.62,13.12,0.0606,0.0000,0.00000,0.00134
3.88,13.12,0.3561,0.0000,0.00000,0.00739
4.12,13.12,1.1380,0.0000,0.00000,0.02207
4.38,13.12,1.7974,0.0000,0.00000,0.03360
4.62,13.12,1.6129,0.0000,0.00000,0.02967
4.88,13.12,1.7176,0.0000,0.00000,0.02977
5.12,13.12,2.1326,0.0000,0.00000,0.03520
5.38,13.12,1.7913,0.0000,0.00000,0.02903
5.62,13.12,1.8856,0.0000,0.00000,0.02934
5.88,13.12,2.3806,0.0000,0.00000,0.03585
6.12,13.12,2.3142,0.0000,0.00000,0.03375
6.38,13.12,2.3391,0.0000,0.00000,0.03373
6.62,13.12,1.9709,0.0000,0.00000,0.02936
6.88,13.12,2.0343,0.0000,0.00000,0.03061
7.12,13.12,2.5841,0.0000,0.00000,0.03838
7.38,13.12,2.0250,0.0000,0.00000,0.02998
2.62,13.38,0.0000,0.0000,0.00000,0.00000
2.88,13.38,0.0000,0.0000,0.00000,0.00000
3.12,13.38,0.0003,0.0000,0.00000,0.00001
3.38,13.38,0.0062,0.0000,0.00000,0.00015
3.62,13.38,0.0590,0.0000,0.00000,0.00134
3.88,13.38,0.3385,0.0000,0.00000,0.00720
4.12,13.38,1.0890,0.0000,0.00000,0.02198
4.38,13.38,1.7693,0.0000,0.00000,0.03473
4.62,13.38,1.6415,0.0000,0.00000,0.03173
4.88,13.38,1.7184,0.0000,0.00000,0.03181
5.12,13.38,2.1239,0.0000,0.00000,0.03763
5.38,13.38,1.8096,0.0000,0.00000,0.03119
5.62,13.38,1.8948,0.0000,0.00000,0.03116
5.88,13.38,2.3921,0.0000,0.00000,0.03827
6.12,13.38,2.2499,0.0000,0.00000,0.03592
6.38,13.38,2.2666,0.0000,0.00000,0.03701
6.62,13.38,2.0548,0.0000,0.00000,0.03452
6.88,13.38,2.1303,0.0000,0.00000,0.03563
7.12,13.38,2.6078,0.0000,0.00000,0.04295
7.38,13.38,2.0261,0.0000,0.00000,0.03325
2.62,13.62,0.0000,0.0000,0.00000,0.00000
2.88,13.62,0.0000,0.0000,0.00000,0.00000
3.12,13.62,0.0004,0.0000,0.00000,0.00001
3.38,13.62,0.0065,0.0000,0.00000,0.00017
3.62,13.62,0.0586,0.0000,0.00000,0.00140
3.88,13.62,0.3216,0.0000,0.00000,0.00715
4.12,13.62,1.0331,0.0000,0.00000,0.02167
4.38,13.62,1.7412,0.0000,0.00000,0.03535
4.62,13.62,1.6996,0.0000,0.00000,0.03418
4.88,13.62,1.7354,0.0000,0.00000,0.03494
5.12,13.62,2.1113,0.0000,0.00000,0.04160
5.38,13.62,1.8518,0.0000,0.00000,0.03541
5.62,13.62,1.9328,0.0000,0.00000,0.03537
5.88,13.62,2.4049,0.0000,0.00000,0.04297
6.12,13.62,2.1728,0.0000,0.00000,0.03888
6.38,13.62,2.1859,0.0000,0.00000,0.04027
6.62,13.62,2.1488,0.0000,0.00000,0.04072
6.88,13.62,2.2382,0.0000,0.00000,0.04205
7.12,13.62,2.6361,0.0000,0.00000,0.04866
7.38,13.62,2.0289,0.0000,0.00000,0.03729
2.62,13.88,0.0000,0.0000,0.00000,0.00000
2.88,13.88,0.0000,0.0000,0.00000,0.00000
3.12,13.88,0.0004,0.0000,0.00000,0.00001
3.38,13.88,0.0069,0.0000,0.00000,0.00017
3.62,13.88,0.0586,0.0000,0.00000,0.00144
3.88,13.88,0.3082,0.0000,0.00000,0.00725
4.12,13.88,0.9816,0.0000,0.00000,0.02161
4.38,13.88,1.7188,0.0000,0.00000,0.03613
4.62,13.88,1.7699,0.0000,0.00000,0.03705
4.88,13.88,1.7441,0.0000,0.00000,0.03811
5.12,13.88,2.0773,0.0000,0.00000,0.04567
5.38,13.88,1.9083,0.0000,0.00000,0.04105
5.62,13.88,1.9883,0.0000,0.00000,0.04099
5.88,13.88,2.4119,0.0000,0.00000,0.04836
6.12,13.88,2.0917,0.0000,0.00000,0.04211
6.38,13.88,2.1141,0.0000,0.00000,0.04400
6.62,13.88,2.2678,0.0000,0.00000,0.04846
6.88,13.88,2.3682,0.0000,0.00000,0.05027
7.12,13.88,2.6754,0.0000,0.00000,0.05592
7.38,13.88,2.0372,0.0000,0.00000,0.04241
2.62,14.12,0.0000,0.0000,0.00000,0.00000
2.88,14.12,0.0000,0.0000,0.00000,0.00000
3.12,14.12,0.0004,0.0000,0.00000,0.00001
3.38,14.12,0.0067,0.0000,0.00000,0.00016
3.62,14.12,0.0556,0.0000,0.00000,0.00140
3.88,14.12,0.2852,0.0000,0.00000,0.00717
4.12,14.12,0.9120,0.0000,0.00000,0.02184
4.38,14.12,1.6683,0.0000,0.00000,0.03840
4.62,14.12,1.8033,0.0000,0.00000,0.04164
4.88,14.12,1.7131,0.0000,0.00000,0.04142
5.12,14.12,2.0206,0.0000,0.00000,0.04926
5.38,14.12,1.9849,0.0000,0.00000,0.04771
5.62,14.12,2.0570,0.0000,0.00000,0.04849
5.88,14.12,2.4013,0.0000,0.00000,0.05581
6.12,14.12,1.9936,0.0000,0.00000,0.04675
6.38,14.12,2.0263,0.0000,0.00000,0.04901
6.62,14.12,2.3794,0.0000,0.00000,0.05860
6.88,14.12,2.5047,0.0000,0.00000,0.06122
7.12,14.12,2.7270,0.0000,0.00000,0.06579
7.38,14.12,2.0549,0.0000,0.00000,0.04940
2.62,14.38,0.0000,0.0000,0.00000,0.00000
2.88,14.38,0.0000,0.0000,0.00000,0.00000
3.12,14.38,0.0004,0.0000,0.00000,0.00001
3.38,14.38,0.0062,0.0000,0.00000,0.00015
3.62,14.38,0.0507,0.0000,0.00000,0.00133
3.88,14.38,0.2565,0.0000,0.00000,0.00692
4.12,14.38,0.8330,0.0000,0.00000,0.02192
4.38,14.38,1.6113,0.0000,0.00000,0.04114
4.62,14.38,1.8380,0.0000,0.00000,0.04683
4.88,14.38,1.6743,0.0000,0.00000,0.04433
5.12,14.38,1.9488,0.0000,0.00000,0.05267
5.38,14.38,2.0698,0.0000,0.00000,0.05625
5.62,14.38,2.1250,0.0000,0.00000,0.05893
5.88,14.38,2.3739,0.0000,0.00000,0.06678
6.12,14.38,1.9136,0.0000,0.00000,0.05469
6.38,14.38,1.9552,0.0000,0.00000,0.05650
6.62,14.38,2.4648,0.0000,0.00000,0.07107
6.88,14.38,2.6090,0.0000,0.00000,0.07475
7.12,14.38,2.7577,0.0000,0.00000,0.07855
7.38,14.38,2.0597,0.0000,0.00000,0.05858
2.62,14.62,0.0000,0.0000,0.00000,0.00000
2.88,14.62,0.0000,0.0000,0.00000,0.00000
3.12,14.62,0.0003,0.0000,0.00000,0.00001
3.38,14.62,0.0053,0.0000,0.00000,0.00013
3.62,14.62,0.0442,0.0000,0.00000,0.00119
3.88,14.62,0.2251,0.0000,0.00000,0.00649
4.12,14.62,0.7477,0.0000,0.00000,0.02149
4.38,14.62,1.5425,0.0000,0.00000,0.04268
4.62,14.62,1.8675,0.0000,0.00000,0.05057
4.88,14.62,1.6396,0.0000,0.00000,0.04695
5.12,14.62,1.8835,0.0000,0.00000,0.05858
5.38,14.62,2.1619,0.0000,0.00000,0.06954
5.62,14.62,2.1613,0.0000,0.00000,0.07253
5.88,14.62,2.3071,0.0000,0.00000,0.08050
6.12,14.62,1.8871,0.0000,0.00000,0.06801
6.38,14.62,1.9411,0.0000,0.00000,0.06941
6.62,14.62,2.5170,0.0000,0.00000,0.08807
6.88,14.62,2.6614,0.0000,0.00000,0.09307
7.12,14.62,2.7571,0.0005,0.00000,0.09683
7.38,14.62,2.0469,0.0029,0.00000,0.07199
2.62,14.88,0.0000,0.0000,0.00000,0.00000
2.88,14.88,0.0000,0.0000,0.00000,0.00000
3.12,14.88,0.0003,0.0000,0.00000,0.00001
3.38,14.88,0.0043,0.0000,0.00000,0.00010
3.62,14.88,0.0371,0.0000,0.00000,0.00101
3.88,14.88,0.1929,0.0000,0.00000,0.00584
4.12,14.88,0.6574,0.0000,0.00000,0.02062
4.38,14.88,1.4423,0.0000,0.00000,0.04402
4.62,14.88,1.8510,0.0000,0.00000,0.05517
4.88,14.88,1.6012,0.0000,0.00000,0.05141
5.12,14.88,1.8228,0.0000,0.00000,0.06681
5.38,14.88,2.2164,0.0000,0.00000,0.08528
5.62,14.88,2.1279,0.0000,0.00000,0.08749
5.88,14.88,2.1979,0.0000,0.00000,0.09803
6.12,14.88,1.9361,0.0000,0.00000,0.09238
6.38,14.88,2.0055,0.0000,0.00000,0.09623
6.62,14.88,2.5596,0.0000,0.00000,0.11930
6.88,14.88,2.6889,0.0012,0.00000,0.12416
7.12,14.88,2.7509,0.0161,0.00000,0.12686
7.38,14.88,2.0345,0.0968,0.00000,0.09447
2.62,15.12,0.0000,0.0000,0.00000,0.00000
2.88,15.12,0.0000,0.0000,0.00000,0.00000
3.12,15.12,0.0002,0.0000,0.00000,0.00000
3.38,15.12,0.0032,0.0000,0.00000,0.00007
3.62,15.12,0.0293,0.0000,0.00000,0.00080
3.88,15.12,0.1584,0.0000,0.00000,0.00512
4.12,15.12,0.5610,0.0000,0.00000,0.01960
4.38,15.12,1.3262,0.0000,0.00000,0.04601
4.62,15.12,1.8335,0.0000,0.00000,0.06268
4.88,15.12,1.6096,0.0000,0.00000,0.05948
5.12,15.12,1.7646,0.0000,0.00000,0.07552
5.38,15.12,2.1914,0.0000,0.00000,0.09924
5.62,15.12,2.0260,0.0000,0.00000,0.10121
5.88,15.12,2.0607,0.0000,0.00000,0.11886
6.12,15.12,2.0422,0.0000,0.00000,0.13041
6.38,15.12,2.1265,0.0000,0.00000,0.14328
6.62,15.12,2.5776,0.0005,0.00000,0.17363
6.88,15.12,2.6749,0.0152,0.00000,0.17705
7.12,15.12,2.7151,0.1956,0.00000,0.17841
7.38,15.12,2.0051,1.1554,0.00000,0.14163
2.62,15.38,0.0000,0.0000,0.00000,0.00000
2.88,15.38,0.0000,0.0000,0.00000,0.00000
3.12,15.38,0.0001,0.0000,0.00000,0.00000
3.38,15.38,0.0020,0.0000,0.00000,0.00005
3.62,15.38,0.0208,0.0000,0.00000,0.00065
3.88,15.38,0.1208,0.0000,0.00000,0.00444
4.12,15.38,0.4558,0.0000,0.00000,0.01811
4.38,15.38,1.1806,0.0000,0.00000,0.04649
4.62,15.38,1.7962,0.0000,0.00000,0.06957
4.88,15.38,1.6678,0.0000,0.00000,0.06865
5.12,15.38,1.7278,0.0000,0.00000,0.08216
5.38,15.38,2.1263,0.0000,0.00000,0.10903
5.62,15.38,1.9331,0.0000,0.00000,0.11286
5.88,15.38,1.9205,0.0000,0.00000,0.13756
6.12,15.38,2.0979,0.0000,0.00000,0.16992
6.38,15.38,2.1366,0.0000,0.00000,0.19227
6.62,15.38,2.3955,0.0021,0.00000,0.22956
6.88,15.38,2.4802,0.0687,0.00000,0.24245
7.12,15.38,2.5242,0.8692,0.00000,0.25935
7.38,15.38,1.8949,4.7301,0.00000,0.26414
2.62,15.62,0.0000,0.0000,0.00000,0.00000
2.88,15.62,0.0000,0.0000,0.00000,0.00000
3.12,15.62,0.0000,0.0000,0.00000,0.00000
3.38,15.62,0.0011,0.0000,0.00000,0.00003
3.62,15.62,0.0138,0.0000,0.00000,0.00050
3.88,15.62,0.0864,0.0000,0.00000,0.00349
4.12,15.62,0.3465,0.0000,0.00000,0.01507
4.38,15.62,0.9812,0.0000,0.00000,0.04292
4.62,15.62,1.6693,0.0000,0.00000,0.07211
4.88,15.62,1.7056,0.0000,0.00000,0.07605
5.12,15.62,1.6716,0.0000,0.00000,0.08495
5.38,15.62,2.0114,0.0000,0.00000,0.11494
5.62,15.62,1.9124,0.0000,0.00000,0.12742
5.88,15.62,1.8442,0.0000,0.00000,0.15325
6.12,15.62,2.0677,0.0000,0.00000,0.19680
6.38,15.62,2.0361,0.0000,0.00000,0.22402
6.62,15.62,2.0876,0.0036,0.00000,0.26355
6.88,15.62,2.1242,0.1157,0.00000,0.29310
7.12,15.62,2.0971,1.4264,0.00000,0.34311
7.38,15.62,1.6911,6.8984,0.00000,0.49073
7.62,15.62,1.0987,13.0984,0.00000,0.65096
7.88,15.62,0.6069,8.7500,0.00000,0.42670
8.12,15.62,0.3490,1.9976,0.00000,0.12376
8.38,15.62,0.2781,0.1643,0.00000,0.02920
8.62,15.62,0.2639,0.0050,0.00000,0.01456
8.88,15.62,0.2616,0.0000,0.00000,0.01133
9.12,15.62,0.2651,0.0000,0.00000,0.00917
9.38,15.62,0.2724,0.0000,0.00000,0.00747
9.62,15.62,0.2807,0.0000,0.00000,0.00613
9.88,15.62,0.2864,0.0000,0.00000,0.00488
10.12,15.62,0.2853,0.0000,0.00000,0.00374
10.38,15.62,0.2829,0.0000,0.00000,0.00319
10.62,15.62,0.2853,0.0000,0.00000,0.00317
10.88,15.62,0.2875,0.0000,0.00000,0.00300
11.12,15.62,0.2892,0.0000,0.00000,0.00259
11.38,15.62,0.2897,0.0000,0.00000,0.00216
11.62,15.62,0.2877,0.0000,0.00000,0.00182
11.88,15.62,0.2888,0.0000,0.00000,0.00159
12.12,15.62,0.2913,0.0000,0.00000,0.00143
12.38,15.62,0.2933,0.0000,0.00000,0.00129
12.62,15.62,0.2943,0.0000,0.00000,0.00118
12.88,15.62,0.2918,0.0000,0.00000,0.00109
13.12,15.62,0.2922,0.0000,0.00000,0.00101
13.38,15.62,0.2911,0.0000,0.00000,0.00092
13.62,15.62,0.2879,0.0000,0.00000,0.00086
13.88,15.62,0.2890,0.0000,0.00000,0.00082
14.12,15.62,0.2894,0.0000,0.00000,0.00077
14.38,15.62,0.2865,0.0000,0.00000,0.00073
14.62,15.62,0.2866,0.0000,0.00000,0.00072
14.88,15.62,0.2873,0.0000,0.00000,0.00071
15.12,15.62,0.2884,0.0000,0.00000,0.00069
15.38,15.62,0.2894,0.0000,0.00000,0.00069
15.62,15.62,0.2878,0.0000,0.00000,0.00069
15.88,15.62,0.2867,0.0000,0.00000,0.00069
16.12,15.62,0.2840,0.0000,0.00000,0.00070
16.38,15.62,0.2795,0.0000,0.00000,0.00073
16.62,15.62,0.2773,0.0000,0.00000,0.00076
16.88,15.62,0.2766,0.0000,0.00000,0.00078
2.62,15.88,0.0000,0.0000,0.00000,0.00000
2.88,15.88,0.0000,0.0000,0.00000,0.00000
3.12,15.88,0.0000,0.0000,0.00000,0.00000
3.38,15.88,0.0006,0.0000,0.00000,0.00002
3.62,15.88,0.0081,0.0000,0.00000,0.00029
3.88,15.88,0.0550,0.0000,0.00000,0.00223
4.12,15.88,0.2411,0.0000,0.00000,0.01104
4.38,15.88,0.7575,0.0000,0.00000,0.03658
4.62,15.88,1.4738,0.0000,0.00000,0.07146
4.88,15.88,1.7076,0.0000,0.00000,0.08426
5.12,15.88,1.6024,0.0000,0.00000,0.08874
5.38,15.88,1.8509,0.0000,0.00000,0.11980
5.62,15.88,1.9333,0.0000,0.00000,0.14612
5.88,15.88,1.8324,0.0000,0.00000,0.16869
6.12,15.88,1.9882,0.0000,0.00000,0.21510
6.38,15.88,1.9729,0.0001,0.00000,0.25929
6.62,15.88,1.8967,0.0040,0.00000,0.30494
6.88,15.88,1.8299,0.0827,0.00000,0.33335
7.12,15.88,1.6454,0.9252,0.00000,0.38691
7.38,15.88,1.4635,4.1463,0.00000,0.67182
7.62,15.88,1.3438,6.9840,0.00000,0.95553
7.88,15.88,1.1274,4.2969,0.00000,0.65165
8.12,15.88,0.9335,0.9618,0.00000,0.23388
8.38,15.88,0.8656,0.0790,0.00000,0.08220
8.62,15.88,0.8596,0.0024,0.00000,0.04908
8.88,15.88,0.8693,0.0000,0.00000,0.03870
9.12,15.88,0.8916,0.0000,0.00000,0.03138
9.38,15.88,0.9170,0.0000,0.00000,0.02553
9.62,15.88,0.9374,0.0000,0.00000,0.02069
9.88,15.88,0.9546,0.0000,0.00000,0.01641
10.12,15.88,0.9571,0.0000,0.00000,0.01273
10.38,15.88,0.9544,0.0000,0.00000,0.01093
10.62,15.88,0.9627,0.0000,0.00000,0.01081
10.88,15.88,0.9672,0.0000,0.00000,0.01020
11.12,15.88,0.9701,0.0000,0.00000,0.00875
11.38,15.88,0.9719,0.0000,0.00000,0.00730
11.62,15.88,0.9683,0.0000,0.00000,0.00616
11.88,15.88,0.9751,0.0000,0.00000,0.00542
12.12,15.88,0.9833,0.0000,0.00000,0.00487
12.38,15.88,0.9876,0.0000,0.00000,0.00439
12.62,15.88,0.9899,0.0000,0.00000,0.00401
12.88,15.88,0.9828,0.0000,0.00000,0.00368
13.12,15.88,0.9855,0.0000,0.00000,0.00341
13.38,15.88,0.9832,0.0000,0.00000,0.00311
13.62,15.88,0.9732,0.0000,0.00000,0.00291
13.88,15.88,0.9775,0.0000,0.00000,0.00278
14.12,15.88,0.9789,0.0000,0.00000,0.00261
14.38,15.88,0.9694,0.0000,0.00000,0.00247
14.62,15.88,0.9699,0.0000,0.00000,0.00244
14.88,15.88,0.9726,0.0000,0.00000,0.00241
15.12,15.88,0.9756,0.0000,0.00000,0.00235
15.38,15.88,0.9784,0.0000,0.00000,0.00233
15.62,15.88,0.9731,0.0000,0.00000,0.00232
15.88,15.88,0.9698,0.0000,0.00000,0.00234
16.12,15.88,0.9610,0.0000,0.00000,0.00237
16.38,15.88,0.9454,0.0000,0.00000,0.00247
16.62,15.88,0.9375,0.0000,0.00000,0.00258
16.88,15.88,0.9354,0.0000,0.00000,0.00262
2.62,16.12,0.0000,0.0000,0.00000,0.00000
2.88,16.12,0.0000,0.0000,0.00000,0.00000
3.12,16.12,0.0000,0.0000,0.00000,0.00000
3.38,16.12,0.0002,0.0000,0.00000,0.00001
3.62,16.12,0.0038,0.0000,0.00000,0.00013
3.88,16.12,0.0293,0.0000,0.00000,0.00121
4.12,16.12,0.1492,0.0000,0.00000,0.00737
4.38,16.12,0.5353,0.0000,0.00000,0.02864
4.62,16.12,1.2226,0.0000,0.00000,0.06636
4.88,16.12,1.6513,0.0000,0.00000,0.09126
5.12,16.12,1.5595,0.0000,0.00000,0.09502
5.38,16.12,1.6798,0.0000,0.00000,0.12070
5.62,16.12,1.8973,0.0000,0.00000,0.15838
5.88,16.12,1.8200,0.0000,0.00000,0.18361
6.12,16.12,1.8731,0.0000,0.00000,0.23166
6.38,16.12,1.9419,0.0008,0.00000,0.29963
6.62,16.12,1.8655,0.0093,0.00000,0.36472
6.88,16.12,1.7756,0.0613,0.00000,0.41753
7.12,16.12,1.5607,0.3454,0.00000,0.46671
7.38,16.12,1.3900,1.2707,0.00000,0.67650
7.62,16.12,1.4532,2.0118,0.00000,0.90295
7.88,16.12,1.5159,1.2088,0.00000,0.67009
8.12,16.12,1.4851,0.2689,0.00000,0.30749
8.38,16.12,1.4598,0.0221,0.00000,0.14198
8.62,16.12,1.4695,0.0007,0.00000,0.09151
8.88,16.12,1.4887,0.0000,0.00000,0.07082
9.12,16.12,1.5224,0.0000,0.00000,0.05596
9.38,16.12,1.5524,0.0000,0.00000,0.04479
9.62,16.12,1.5726,0.0000,0.00000,0.03590
9.88,16.12,1.5942,0.0000,0.00000,0.02831
10.12,16.12,1.5978,0.0000,0.00000,0.02208
10.38,16.12,1.5938,0.0000,0.00000,0.01886
10.62,16.12,1.6046,0.0000,0.00000,0.01833
10.88,16.12,1.6059,0.0000,0.00000,0.01709
11.12,16.12,1.6034,0.0000,0.00000,0.01457
11.38,16.12,1.6006,0.0000,0.00000,0.01214
11.62,16.12,1.5934,0.0000,0.00000,0.01026
11.88,16.12,1.6041,0.0000,0.00000,0.00905
12.12,16.12,1.6151,0.0000,0.00000,0.00818
12.38,16.12,1.6193,0.0000,0.00000,0.00737
12.62,16.12,1.6225,0.0000,0.00000,0.00668
12.88,16.12,1.6113,0.0000,0.00000,0.00611
13.12,16.12,1.6132,0.0000,0.00000,0.00563
13.38,16.12,1.6090,0.0000,0.00000,0.00514
13.62,16.12,1.5949,0.0000,0.00000,0.00481
13.88,16.12,1.6036,0.0000,0.00000,0.00462
14.12,16.12,1.6069,0.0000,0.00000,0.00434
14.38,16.12,1.5914,0.0000,0.00000,0.00411
14.62,16.12,1.5928,0.0000,0.00000,0.00405
14.88,16.12,1.5978,0.0000,0.00000,0.00398
15.12,16.12,1.5997,0.0000,0.00000,0.00386
15.38,16.12,1.6014,0.0000,0.00000,0.00381
15.62,16.12,1.5934,0.0000,0.00000,0.00382
15.88,16.12,1.5896,0.0000,0.00000,0.00387
16.12,16.12,1.5761,0.0000,0.00000,0.00392
16.38,16.12,1.5484,0.0000,0.00000,0.00406
16.62,16.12,1.5341,0.0000,0.00000,0.00422
16.88,16.12,1.5319,0.0000,0.00000,0.00430
2.62,16.38,0.0000,0.0000,0.00000,0.00000
2.88,16.38,0.0000,0.0000,0.00000,0.00000
3.12,16.38,0.0000,0.0000,0.00000,0.00000
3.38,16.38,0.0001,0.0000,0.00000,0.00000
3.62,16.38,0.0014,0.0000,0.00000,0.00005
3.88,16.38,0.0136,0.0000,0.00000,0.00063
4.12,16.38,0.0829,0.0000,0.00000,0.00455
4.38,16.38,0.3421,0.0000,0.00000,0.02031
4.62,16.38,0.9253,0.0000,0.00000,0.05588
4.88,16.38,1.4838,0.0000,0.00000,0.09178
5.12,16.38,1.5273,0.0000,0.00000,0.10321
5.38,16.38,1.5335,0.0000,0.00000,0.12079
5.62,16.38,1.7639,0.0000,0.00000,0.15954
5.88,16.38,1.7845,0.0000,0.00000,0.19197
6.12,16.38,1.7652,0.0001,0.00000,0.23651
6.38,16.38,1.8467,0.0022,0.00000,0.30714
6.62,16.38,1.8279,0.0185,0.00000,0.39162
6.88,16.38,1.7982,0.0824,0.00000,0.51487
7.12,16.38,1.7192,0.2267,0.00000,0.63074
7.38,16.38,1.5468,0.4802,0.00000,0.70648
7.62,16.38,1.4501,0.6148,0.00000,0.73594
7.88,16.38,1.4121,0.3451,0.00000,0.54899
8.12,16.38,1.3625,0.0751,0.00000,0.29511
8.38,16.38,1.3260,0.0061,0.00000,0.15637
8.62,16.38,1.3111,0.0002,0.00000,0.10147
8.88,16.38,1.3010,0.0000,0.00000,0.07296
9.12,16.38,1.3044,0.0000,0.00000,0.05392
9.38,16.38,1.3003,0.0000,0.00000,0.04182
9.62,16.38,1.2934,0.0000,0.00000,0.03316
9.88,16.38,1.2981,0.0000,0.00000,0.02616
10.12,16.38,1.2966,0.0000,0.00000,0.02071
10.38,16.38,1.2910,0.0000,0.00000,0.01733
10.62,16.38,1.2925,0.0000,0.00000,0.01592
10.88,16.38,1.2845,0.0000,0.00000,0.01431
11.12,16.38,1.2749,0.0000,0.00000,0.01210
11.38,16.38,1.2616,0.0000,0.00000,0.01012
11.62,16.38,1.2473,0.0000,0.00000,0.00854
11.88,16.38,1.2503,0.0000,0.00000,0.00752
12.12,16.38,1.2528,0.0000,0.00000,0.00682
12.38,16.38,1.2497,0.0000,0.00000,0.00609
12.62,16.38,1.2503,0.0000,0.00000,0.00543
12.88,16.38,1.2390,0.0000,0.00000,0.00492
13.12,16.38,1.2323,0.0000,0.00000,0.00450
13.38,16.38,1.2267,0.0000,0.00000,0.00410
13.62,16.38,1.2176,0.0000,0.00000,0.00384
13.88,16.38,1.2267,0.0000,0.00000,0.00371
14.12,16.38,1.2293,0.0000,0.00000,0.00349
14.38,16.38,1.2150,0.0000,0.00000,0.00328
14.62,16.38,1.2141,0.0000,0.00000,0.00321
14.88,16.38,1.2136,0.0000,0.00000,0.00310
15.12,16.38,1.2080,0.0000,0.00000,0.00294
15.38,16.38,1.2040,0.0000,0.00000,0.00286
15.62,16.38,1.1957,0.0000,0.00000,0.00289
15.88,16.38,1.1952,0.0000,0.00000,0.00298
16.12,16.38,1.1863,0.0000,0.00000,0.00302
16.38,16.38,1.1601,0.0000,0.00000,0.00307
16.62,16.38,1.1459,0.0000,0.00000,0.00318
16.88,16.38,1.1430,0.0000,0.00000,0.00328
2.62,16.62,0.0000,0.0000,0.00000,0.00000
2.88,16.62,0.0000,0.0000,0.00000,0.00000
3.12,16.62,0.0000,0.0000,0.00000,0.00000
3.38,16.62,0.0000,0.0000,0.00000,0.00000
3.62,16.62,0.0004,0.0000,0.00000,0.00002
3.88,16.62,0.0055,0.0000,0.00000,0.00027
4.12,16.62,0.0395,0.0000,0.00000,0.00233
4.38,16.62,0.1912,0.0000,0.00000,0.01243
4.62,16.62,0.6222,0.0000,0.00000,0.04150
4.88,16.62,1.2162,0.0000,0.00000,0.08404
5.12,16.62,1.4753,0.0000,0.00000,0.11124
5.38,16.62,1.4579,0.0000,0.00000,0.12555
5.62,16.62,1.5887,0.0000,0.00000,0.15388
5.88,16.62,1.6969,0.0000,0.00000,0.18886
6.12,16.62,1.6832,0.0004,0.00000,0.23035
6.38,16.62,1.7153,0.0038,0.00000,0.28810
6.62,16.62,1.7186,0.0218,0.00000,0.36376
6.88,16.62,1.6958,0.0762,0.00000,0.50858
7.12,16.62,1.7045,0.1851,0.00000,0.68699
7.38,16.62,1.6729,0.3319,0.00000,0.76200
7.62,16.62,1.5740,0.3650,0.00000,0.71624
7.88,16.62,1.4183,0.1896,0.00000,0.52834
8.12,16.62,1.2838,0.0401,0.00000,0.31042
8.38,16.62,1.2100,0.0033,0.00000,0.18084
8.62,16.62,1.1478,0.0001,0.00000,0.11660
8.88,16.62,1.0922,0.0000,0.00000,0.07721
9.12,16.62,1.0713,0.0000,0.00000,0.05465
9.38,16.62,1.0514,0.0000,0.00000,0.04199
9.62,16.62,1.0302,0.0000,0.00000,0.03333
9.88,16.62,1.0273,0.0000,0.00000,0.02765
10.12,16.62,1.0310,0.0000,0.00000,0.02302
10.38,16.62,1.0346,0.0000,0.00000,0.01901
10.62,16.62,1.0343,0.0000,0.00000,0.01617
10.88,16.62,1.0247,0.0000,0.00000,0.01363
11.12,16.62,1.0229,0.0000,0.00000,0.01158
11.38,16.62,1.0157,0.0000,0.00000,0.00985
11.62,16.62,0.9989,0.0000,0.00000,0.00820
11.88,16.62,0.9939,0.0000,0.00000,0.00700
12.12,16.62,0.9893,0.0000,0.00000,0.00623
12.38,16.62,0.9774,0.0000,0.00000,0.00553
12.62,16.62,0.9725,0.0000,0.00000,0.00489
12.88,16.62,0.9607,0.0000,0.00000,0.00439
13.12,16.62,0.9503,0.0000,0.00000,0.00397
13.38,16.62,0.9471,0.0000,0.00000,0.00360
13.62,16.62,0.9382,0.0000,0.00000,0.00332
13.88,16.62,0.9410,0.0000,0.00000,0.00318
14.12,16.62,0.9368,0.0000,0.00000,0.00297
14.38,16.62,0.9203,0.0000,0.00000,0.00271
14.62,16.62,0.9162,0.0000,0.00000,0.00259
14.88,16.62,0.9029,0.0000,0.00000,0.00243
15.12,16.62,0.8896,0.0000,0.00000,0.00225
15.38,16.62,0.8834,0.0000,0.00000,0.00215
15.62,16.62,0.8665,0.0000,0.00000,0.00213
15.88,16.62,0.8638,0.0000,0.00000,0.00219
16.12,16.62,0.8573,0.0000,0.00000,0.00222
16.38,16.62,0.8334,0.0000,0.00000,0.00223
16.62,16.62,0.8178,0.0000,0.00000,0.00234
16.88,16.62,0.8043,0.0000,0.00000,0.00247
2.62,16.88,0.0000,0.0000,0.00000,0.00000
2.88,16.88,0.0000,0.0000,0.00000,0.00000
3.12,16.88,0.0000,0.0000,0.00000,0.00000
3.38,16.88,0.0000,0.0000,0.00000,0.00000
3.62,16.88,0.0001,0.0000,0.00000,0.00000
3.88,16.88,0.0017,0.0000,0.00000,0.00008
4.12,16.88,0.0151,0.0000,0.00000,0.00090
4.38,16.88,0.0900,0.0000,0.00000,0.00612
4.62,16.88,0.3608,0.0000,0.00000,0.02548
4.88,16.88,0.8793,0.0000,0.00000,0.06525
5.12,16.88,1.3179,0.0000,0.00000,0.10700
5.38,16.88,1.4186,0.0000,0.00000,0.13004
5.62,16.88,1.4535,0.0000,0.00000,0.14897
5.88,16.88,1.5506,0.0001,0.00000,0.17933
6.12,16.88,1.5924,0.0009,0.00000,0.22151
6.38,16.88,1.6234,0.0059,0.00000,0.27089
6.62,16.88,1.6436,0.0214,0.00000,0.32072
6.88,16.88,1.5960,0.0553,0.00000,0.40250
7.12,16.88,1.5663,0.1274,0.00000,0.52573
7.38,16.88,1.5991,0.2193,0.00000,0.61580
7.62,16.88,1.6090,0.2182,0.00000,0.61203
7.88,16.88,1.5461,0.1071,0.00000,0.48773
8.12,16.88,1.4943,0.0235,0.00000,0.33099
8.38,16.88,1.4805,0.0023,0.00000,0.22453
8.62,16.88,1.4202,0.0001,0.00000,0.15383
8.88,16.88,1.3529,0.0000,0.00000,0.10552
9.12,16.88,1.3428,0.0000,0.00000,0.07918
9.38,16.88,1.3272,0.0000,0.00000,0.06118
9.62,16.88,1.3050,0.0000,0.00000,0.04835
9.88,16.88,1.3044,0.0000,0.00000,0.04157
10.12,16.88,1.3031,0.0000,0.00000,0.03462
10.38,16.88,1.3089,0.0000,0.00000,0.02801
10.62,16.88,1.3166,0.0000,0.00000,0.02361
10.88,16.88,1.3064,0.0000,0.00000,0.01979
11.12,16.88,1.3052,0.0000,0.00000,0.01670
11.38,16.88,1.3122,0.0000,0.00000,0.01413
11.62,16.88,1.3022,0.0000,0.00000,0.01165
11.88,16.88,1.2939,0.0000,0.00000,0.00979
12.12,16.88,1.2923,0.0000,0.00000,0.00868
12.38,16.88,1.2820,0.0000,0.00000,0.00778
12.62,16.88,1.2753,0.0000,0.00000,0.00690
12.88,16.88,1.2671,0.0000,0.00000,0.00622
13.12,16.88,1.2589,0.0000,0.00000,0.00564
13.38,16.88,1.2615,0.0000,0.00000,0.00511
13.62,16.88,1.2585,0.0000,0.00000,0.00470
13.88,16.88,1.2579,0.0000,0.00000,0.00441
14.12,16.88,1.2490,0.0000,0.00000,0.00406
14.38,16.88,1.2328,0.0000,0.00000,0.00373
14.62,16.88,1.2336,0.0000,0.00000,0.00358
14.88,16.88,1.2225,0.0000,0.00000,0.00343
15.12,16.88,1.2108,0.0000,0.00000,0.00322
15.38,16.88,1.2096,0.0000,0.00000,0.00308
15.62,16.88,1.1904,0.0000,0.00000,0.00298
15.88,16.88,1.1834,0.0000,0.00000,0.00297
16.12,16.88,1.1781,0.0000,0.00000,0.00301
16.38,16.88,1.1564,0.0000,0.00000,0.00313
16.62,16.88,1.1362,0.0000,0.00000,0.00332
16.88,16.88,1.1151,0.0000,0.00000,0.00347
2.62,17.12,0.0000,0.0000,0.00000,0.00000
2.88,17.12,0.0000,0.0000,0.00000,0.00000
3.12,17.12,0.0000,0.0000,0.00000,0.00000
3.38,17.12,0.0000,0.0000,0.00000,0.00000
3.62,17.12,0.0000,0.0000,0.00000,0.00000
3.88,17.12,0.0004,0.0000,0.00000,0.00002
4.12,17.12,0.0046,0.0000,0.00000,0.00027
4.38,17.12,0.0349,0.0000,0.00000,0.00233
4.62,17.12,0.1742,0.0000,0.00000,0.01233
4.88,17.12,0.5325,0.0000,0.00000,0.04039
5.12,17.12,1.0067,0.0000,0.00000,0.08389
5.38,17.12,1.2963,0.0000,0.00000,0.12066
5.62,17.12,1.3706,0.0000,0.00000,0.14317
5.88,17.12,1.4145,0.0001,0.00000,0.16801
6.12,17.12,1.4657,0.0012,0.00000,0.20425
6.38,17.12,1.5146,0.0065,0.00000,0.24800
6.62,17.12,1.5760,0.0176,0.00000,0.29076
6.88,17.12,1.5753,0.0402,0.00000,0.32765
7.12,17.12,1.5287,0.0931,0.00000,0.37173
7.38,17.12,1.5050,0.1418,0.00000,0.42944
7.62,17.12,1.4757,0.1179,0.00000,0.44935
7.88,17.12,1.4371,0.0587,0.00000,0.38688
8.12,17.12,1.4517,0.0184,0.00000,0.29600
8.38,17.12,1.4992,0.0032,0.00000,0.22409
8.62,17.12,1.4737,0.0003,0.00000,0.16243
8.88,17.12,1.4407,0.0000,0.00000,0.12027
9.12,17.12,1.4536,0.0000,0.00000,0.09704
9.38,17.12,1.4268,0.0000,0.00000,0.07498
9.62,17.12,1.3960,0.0000,0.00000,0.05837
9.88,17.12,1.3932,0.0000,0.00000,0.04956
10.12,17.12,1.3687,0.0000,0.00000,0.03931
10.38,17.12,1.3584,0.0000,0.00000,0.03034
10.62,17.12,1.3653,0.0000,0.00000,0.02558
10.88,17.12,1.3490,0.0000,0.00000,0.02187
11.12,17.12,1.3364,0.0000,0.00000,0.01811
11.38,17.12,1.3398,0.0000,0.00000,0.01501
11.62,17.12,1.3321,0.0000,0.00000,0.01227
11.88,17.12,1.3245,0.0000,0.00000,0.01026
12.12,17.12,1.3289,0.0000,0.00000,0.00913
12.38,17.12,1.3270,0.0000,0.00000,0.00818
12.62,17.12,1.3205,0.0000,0.00000,0.00735
12.88,17.12,1.3162,0.0000,0.00000,0.00673
13.12,17.12,1.3052,0.0000,0.00000,0.00610
13.38,17.12,1.3065,0.0000,0.00000,0.00551
13.62,17.12,1.3182,0.0000,0.00000,0.00509
13.88,17.12,1.3218,0.0000,0.00000,0.00475
14.12,17.12,1.3154,0.0000,0.00000,0.00435
14.38,17.12,1.3059,0.0000,0.00000,0.00404
14.62,17.12,1.3088,0.0000,0.00000,0.00391
14.88,17.12,1.3132,0.0000,0.00000,0.00381
15.12,17.12,1.3126,0.0000,0.00000,0.00365
15.38,17.12,1.3163,0.0000,0.00000,0.00349
15.62,17.12,1.3096,0.0000,0.00000,0.00334
15.88,17.12,1.3049,0.0000,0.00000,0.00327
16.12,17.12,1.3072,0.0000,0.00000,0.00332
16.38,17.12,1.2944,0.0000,0.00000,0.00351
16.62,17.12,1.2723,0.0000,0.00000,0.00374
16.88,17.12,1.2598,0.0000,0.00000,0.00390
2.62,17.38,0.0000,0.0000,0.00000,0.00000
2.88,17.38,0.0000,0.0000,0.00000,0.00000
3.12,17.38,0.0000,0.0000,0.00000,0.00000
3.38,17.38,0.0000,0.0000,0.00000,0.00000
3.62,17.38,0.0000,0.0000,0.00000,0.00000
3.88,17.38,0.0001,0.0000,0.00000,0.00000
4.12,17.38,0.0011,0.0000,0.00000,0.00006
4.38,17.38,0.0106,0.0000,0.00000,0.00069
4.62,17.38,0.0671,0.0000,0.00000,0.00477
4.88,17.38,0.2595,0.0000,0.00000,0.02006
5.12,17.38,0.6256,0.0000,0.00000,0.05248
5.38,17.38,1.0110,0.0000,0.00000,0.09259
5.62,17.38,1.2368,0.0000,0.00000,0.12656
5.88,17.38,1.3281,0.0001,0.00000,0.15474
6.12,17.38,1.3662,0.0007,0.00000,0.18165
6.38,17.38,1.3868,0.0035,0.00000,0.21163
6.62,17.38,1.4392,0.0094,0.00000,0.25034
6.88,17.38,1.4852,0.0270,0.00000,0.28827
7.12,17.38,1.5040,0.0739,0.00000,0.31411
7.38,17.38,1.5016,0.1089,0.00000,0.34486
7.62,17.38,1.4439,0.0850,0.00000,0.35703
7.88,17.38,1.3592,0.0522,0.00000,0.31413
8.12,17.38,1.3170,0.0249,0.00000,0.24760
8.38,17.38,1.3121,0.0073,0.00000,0.19009
8.62,17.38,1.2696,0.0019,0.00000,0.13970
8.88,17.38,1.2518,0.0003,0.00000,0.10969
9.12,17.38,1.2644,0.0000,0.00000,0.09277
9.38,17.38,1.2252,0.0000,0.00000,0.07218
9.62,17.38,1.1968,0.0000,0.00000,0.05569
9.88,17.38,1.1991,0.0000,0.00000,0.04604
10.12,17.38,1.1723,0.0000,0.00000,0.03552
10.38,17.38,1.1629,0.0000,0.00000,0.02700
10.62,17.38,1.1686,0.0000,0.00000,0.02281
10.88,17.38,1.1547,0.0000,0.00000,0.01977
11.12,17.38,1.1462,0.0000,0.00000,0.01613
11.38,17.38,1.1394,0.0000,0.00000,0.01300
11.62,17.38,1.1297,0.0000,0.00000,0.01043
11.88,17.38,1.1291,0.0000,0.00000,0.00868
12.12,17.38,1.1325,0.0000,0.00000,0.00773
12.38,17.38,1.1304,0.0000,0.00000,0.00694
12.62,17.38,1.1209,0.0000,0.00000,0.00644
12.88,17.38,1.1156,0.0000,0.00000,0.00609
13.12,17.38,1.1070,0.0000,0.00000,0.00544
13.38,17.38,1.0980,0.0000,0.00000,0.00481
13.62,17.38,1.1017,0.0000,0.00000,0.00441
13.88,17.38,1.1029,0.0000,0.00000,0.00406
14.12,17.38,1.0935,0.0000,0.00000,0.00368
14.38,17.38,1.0858,0.0000,0.00000,0.00341
14.62,17.38,1.0851,0.0000,0.00000,0.00331
14.88,17.38,1.0866,0.0000,0.00000,0.00322
15.12,17.38,1.0852,0.0000,0.00000,0.00310
15.38,17.38,1.0814,0.0000,0.00000,0.00296
15.62,17.38,1.0737,0.0000,0.00000,0.00281
15.88,17.38,1.0681,0.0000,0.00000,0.00271
16.12,17.38,1.0692,0.0000,0.00000,0.00270
16.38,17.38,1.0574,0.0000,0.00000,0.00279
16.62,17.38,1.0312,0.0000,0.00000,0.00294
16.88,17.38,1.0193,0.0000,0.00000,0.00305
2.62,17.62,0.0000,0.0000,0.00000,0.00000
2.88,17.62,0.0000,0.0000,0.00000,0.00000
3.12,17.62,0.0000,0.0000,0.00000,0.00000
3.38,17.62,0.0000,0.0000,0.00000,0.00000
3.62,17.62,0.0000,0.0000,0.00000,0.00000
3.88,17.62,0.0000,0.0000,0.00000,0.00000
4.12,17.62,0.0002,0.0000,0.00000,0.00001
4.38,17.62,0.0023,0.0000,0.00000,0.00016
4.62,17.62,0.0193,0.0000,0.00000,0.00148
4.88,17.62,0.0966,0.0000,0.00000,0.00792
5.12,17.62,0.3006,0.0000,0.00000,0.02568
5.38,17.62,0.6210,0.0000,0.00000,0.05596
5.62,17.62,0.9417,0.0000,0.00000,0.09305
5.88,17.62,1.1738,0.0000,0.00000,0.12889
6.12,17.62,1.2949,0.0002,0.00000,0.15638
6.38,17.62,1.3237,0.0011,0.00000,0.17567
6.62,17.62,1.3212,0.0069,0.00000,0.19626
6.88,17.62,1.3292,0.0395,0.00000,0.22874
7.12,17.62,1.3680,0.1240,0.00000,0.25935
7.38,17.62,1.4222,0.1778,0.00000,0.27826
7.62,17.62,1.4516,0.1188,0.00000,0.27994
7.88,17.62,1.4368,0.0561,0.00000,0.25304
8.12,17.62,1.3842,0.0285,0.00000,0.20453
8.38,17.62,1.3297,0.0156,0.00000,0.15802
8.62,17.62,1.2601,0.0071,0.00000,0.11958
8.88,17.62,1.2214,0.0015,0.00000,0.09619
9.12,17.62,1.2072,0.0001,0.00000,0.08144
9.38,17.62,1.1611,0.0000,0.00000,0.06473
9.62,17.62,1.1355,0.0000,0.00000,0.05129
9.88,17.62,1.1361,0.0000,0.00000,0.04228
10.12,17.62,1.1199,0.0000,0.00000,0.03354
10.38,17.62,1.1184,0.0000,0.00000,0.02685
10.62,17.62,1.1230,0.0000,0.00000,0.02279
10.88,17.62,1.1189,0.0000,0.00000,0.01924
11.12,17.62,1.1167,0.0000,0.00000,0.01529
11.38,17.62,1.1029,0.0000,0.00000,0.01189
11.62,17.62,1.0951,0.0000,0.00000,0.00946
11.88,17.62,1.1018,0.0000,0.00000,0.00806
12.12,17.62,1.1032,0.0000,0.00000,0.00730
12.38,17.62,1.1030,0.0000,0.00000,0.00665
12.62,17.62,1.0970,0.0000,0.00000,0.00637
12.88,17.62,1.1008,0.0000,0.00000,0.00622
13.12,17.62,1.1097,0.0000,0.00000,0.00550
13.38,17.62,1.0957,0.0000,0.00000,0.00474
13.62,17.62,1.0830,0.0000,0.00000,0.00430
13.88,17.62,1.0819,0.0000,0.00000,0.00396
14.12,17.62,1.0783,0.0000,0.00000,0.00364
14.38,17.62,1.0781,0.0000,0.00000,0.00341
14.62,17.62,1.0747,0.0000,0.00000,0.00329
14.88,17.62,1.0696,0.0000,0.00000,0.00318
15.12,17.62,1.0696,0.0000,0.00000,0.00311
15.38,17.62,1.0611,0.0000,0.00000,0.00302
15.62,17.62,1.0473,0.0000,0.00000,0.00283
15.88,17.62,1.0359,0.0000,0.00000,0.00269
16.12,17.62,1.0348,0.0000,0.00000,0.00264
16.38,17.62,1.0322,0.0000,0.00000,0.00267
16.62,17.62,1.0076,0.0000,0.00000,0.00273
16.88,17.62,0.9861,0.0000,0.00000,0.00277
2.62,17.88,0.0000,0.0000,0.00000,0.00000
2.88,17.88,0.0000,0.0000,0.00000,0.00000
3.12,17.88,0.0000,0.0000,0.00000,0.00000
3.38,17.88,0.0000,0.0000,0.00000,0.00000
3.62,17.88,0.0000,0.0000,0.00000,0.00000
3.88,17.88,0.0000,0.0000,0.00000,0.00000
4.12,17.88,0.0000,0.0000,0.00000,0.00000
4.38,17.88,0.0004,0.0000,0.00000,0.00003
4.62,17.88,0.0039,0.0000,0.00000,0.00034
4.88,17.88,0.0253,0.0000,0.00000,0.00225
5.12,17.88,0.1032,0.0000,0.00000,0.00904
5.38,17.88,0.2764,0.0000,0.00000,0.02465
5.62,17.88,0.5384,0.0000,0.00000,0.05180
5.88,17.88,0.8308,0.0000,0.00000,0.08788
6.12,17.88,1.0760,0.0000,0.00000,0.12545
6.38,17.88,1.2239,0.0009,0.00000,0.15449
6.62,17.88,1.2716,0.0116,0.00000,0.16881
6.88,17.88,1.2703,0.0704,0.00000,0.18646
7.12,17.88,1.2657,0.2004,0.00000,0.20703
7.38,17.88,1.2733,0.2623,0.00000,0.20996
7.62,17.88,1.3154,0.1514,0.00000,0.19887
7.88,17.88,1.3699,0.0480,0.00000,0.18255
8.12,17.88,1.3842,0.0243,0.00000,0.15923
8.38,17.88,1.3863,0.0234,0.00000,0.13622
8.62,17.88,1.3720,0.0133,0.00000,0.11152
8.88,17.88,1.3429,0.0032,0.00000,0.08903
9.12,17.88,1.3213,0.0004,0.00000,0.07392
9.38,17.88,1.2890,0.0000,0.00000,0.06149
9.62,17.88,1.2637,0.0000,0.00000,0.05135
9.88,17.88,1.2564,0.0000,0.00000,0.04297
10.12,17.88,1.2498,0.0000,0.00000,0.03532
10.38,17.88,1.2375,0.0000,0.00000,0.02938
10.62,17.88,1.2263,0.0000,0.00000,0.02455
10.88,17.88,1.2261,0.0000,0.00000,0.01987
11.12,17.88,1.2212,0.0000,0.00000,0.01574
11.38,17.88,1.2044,0.0000,0.00000,0.01241
11.62,17.88,1.1952,0.0000,0.00000,0.00999
11.88,17.88,1.1942,0.0000,0.00000,0.00855
12.12,17.88,1.1886,0.0000,0.00000,0.00775
12.38,17.88,1.1818,0.0000,0.00000,0.00704
12.62,17.88,1.1777,0.0000,0.00000,0.00662
12.88,17.88,1.1955,0.0000,0.00000,0.00645
13.12,17.88,1.2108,0.0000,0.00000,0.00579
13.38,17.88,1.1988,0.0000,0.00000,0.00506
13.62,17.88,1.1908,0.0000,0.00000,0.00469
13.88,17.88,1.1887,0.0000,0.00000,0.00440
14.12,17.88,1.1930,0.0000,0.00000,0.00412
14.38,17.88,1.2007,0.0000,0.00000,0.00390
14.62,17.88,1.1957,0.0000,0.00000,0.00369
14.88,17.88,1.1992,0.0000,0.00000,0.00359
15.12,17.88,1.2085,0.0000,0.00000,0.00360
15.38,17.88,1.1992,0.0000,0.00000,0.00354
15.62,17.88,1.1854,0.0000,0.00000,0.00328
15.88,17.88,1.1709,0.0000,0.00000,0.00308
16.12,17.88,1.1745,0.0000,0.00000,0.00306
16.38,17.88,1.1871,0.0000,0.00000,0.00313
16.62,17.88,1.1719,0.0000,0.00000,0.00320
16.88,17.88,1.1491,0.0000,0.00000,0.00321
2.62,18.12,0.0000,0.0000,0.00000,0.00000
2.88,18.12,0.0000,0.0000,0.00000,0.00000
3.12,18.12,0.0000,0.0000,0.00000,0.00000
3.38,18.12,0.0000,0.0000,0.00000,0.00000
3.62,18.12,0.0000,0.0000,0.00000,0.00000
3.88,18.12,0.0000,0.0000,0.00000,0.00000
4.12,18.12,0.0000,0.0000,0.00000,0.00000
4.38,18.12,0.0000,0.0000,0.00000,0.00000
4.62,18.12,0.0005,0.0000,0.00000,0.00005
4.88,18.12,0.0044,0.0000,0.00000,0.00040
5.12,18.12,0.0239,0.0000,0.00000,0.00205
5.38,18.12,0.0848,0.0000,0.00000,0.00740
5.62,18.12,0.2166,0.0000,0.00000,0.02096
5.88,18.12,0.4233,0.0000,0.00000,0.04680
6.12,18.12,0.6739,0.0000,0.00000,0.08624
6.38,18.12,0.9192,0.0016,0.00000,0.12867
6.62,18.12,1.1044,0.0208,0.00000,0.15584
6.88,18.12,1.2087,0.1048,0.00000,0.18206
7.12,18.12,1.2395,0.2256,0.00000,0.20396
7.38,18.12,1.2211,0.2241,0.00000,0.18590
7.62,18.12,1.1992,0.1046,0.00000,0.15153
7.88,18.12,1.1928,0.0266,0.00000,0.13166
8.12,18.12,1.1990,0.0194,0.00000,0.12366
8.38,18.12,1.2342,0.0274,0.00000,0.11760
8.62,18.12,1.2691,0.0182,0.00000,0.10280
8.88,18.12,1.2701,0.0070,0.00000,0.08247
9.12,18.12,1.2752,0.0024,0.00000,0.06780
9.38,18.12,1.2802,0.0005,0.00000,0.05738
9.62,18.12,1.2737,0.0000,0.00000,0.04829
9.88,18.12,1.2755,0.0000,0.00000,0.04106
10.12,18.12,1.2811,0.0000,0.00000,0.03460
10.38,18.12,1.2642,0.0000,0.00000,0.02865
10.62,18.12,1.2477,0.0000,0.00000,0.02323
10.88,18.12,1.2525,0.0000,0.00000,0.01863
11.12,18.12,1.2495,0.0000,0.00000,0.01525
11.38,18.12,1.2408,0.0000,0.00000,0.01262
11.62,18.12,1.2351,0.0000,0.00000,0.01037
11.88,18.12,1.2224,0.0000,0.00000,0.00872
12.12,18.12,1.2084,0.0000,0.00000,0.00777
12.38,18.12,1.1935,0.0000,0.00000,0.00699
12.62,18.12,1.1859,0.0000,0.00000,0.00638
12.88,18.12,1.1966,0.0000,0.00000,0.00606
13.12,18.12,1.1940,0.0000,0.00000,0.00549
13.38,18.12,1.1836,0.0000,0.00000,0.00495
13.62,18.12,1.1838,0.0000,0.00000,0.00467
13.88,18.12,1.1738,0.0000,0.00000,0.00440
14.12,18.12,1.1641,0.0000,0.00000,0.00413
14.38,18.12,1.1609,0.0000,0.00000,0.00388
14.62,18.12,1.1579,0.0000,0.00000,0.00365
14.88,18.12,1.1683,0.0000,0.00000,0.00356
15.12,18.12,1.1757,0.0000,0.00000,0.00352
15.38,18.12,1.1642,0.0000,0.00000,0.00339
15.62,18.12,1.1531,0.0000,0.00000,0.00316
15.88,18.12,1.1383,0.0000,0.00000,0.00301
16.12,18.12,1.1351,0.0000,0.00000,0.00302
16.38,18.12,1.1384,0.0000,0.00000,0.00315
16.62,18.12,1.1290,0.0000,0.00000,0.00325
16.88,18.12,1.1167,0.0000,0.00000,0.00326
2.62,18.38,0.0000,0.0000,0.00000,0.00000
2.88,18.38,0.0000,0.0000,0.00000,0.00000
3.12,18.38,0.0000,0.0000,0.00000,0.00000
3.38,18.38,0.0000,0.0000,0.00000,0.00000
3.62,18.38,0.0000,0.0000,0.00000,0.00000
3.88,18.38,0.0000,0.0000,0.00000,0.00000
4.12,18.38,0.0000,0.0000,0.00000,0.00000
4.38,18.38,0.0000,0.0000,0.00000,0.00000
4.62,18.38,0.0001,0.0000,0.00000,0.00000
4.88,18.38,0.0006,0.0000,0.00000,0.00004
5.12,18.38,0.0043,0.0000,0.00000,0.00029
5.38,18.38,0.0189,0.0000,0.00000,0.00153
5.62,18.38,0.0612,0.0000,0.00000,0.00629
5.88,18.38,0.1519,0.0000,0.00000,0.01955
6.12,18.38,0.3047,0.0001,0.00000,0.04682
6.38,18.38,0.5132,0.0022,0.00000,0.08267
6.62,18.38,0.7369,0.0275,0.00000,0.11560
6.88,18.38,0.9274,0.1270,0.00000,0.16340
7.12,18.38,1.0660,0.2267,0.00000,0.21045
7.38,18.38,1.1473,0.1661,0.00000,0.19197
7.62,18.38,1.1632,0.0548,0.00000,0.14221
7.88,18.38,1.1321,0.0124,0.00000,0.11627
8.12,18.38,1.1069,0.0181,0.00000,0.10803
8.38,18.38,1.1137,0.0304,0.00000,0.10228
8.62,18.38,1.1147,0.0264,0.00000,0.09158
8.88,18.38,1.0981,0.0191,0.00000,0.07649
9.12,18.38,1.0977,0.0096,0.00000,0.06260
9.38,18.38,1.0999,0.0021,0.00000,0.05165
9.62,18.38,1.1008,0.0002,0.00000,0.04137
9.88,18.38,1.1107,0.0000,0.00000,0.03477
10.12,18.38,1.1211,0.0000,0.00000,0.03053
10.38,18.38,1.1172,0.0000,0.00000,0.02576
10.62,18.38,1.1149,0.0000,0.00000,0.02046
10.88,18.38,1.1278,0.0000,0.00000,0.01601
11.12,18.38,1.1323,0.0000,0.00000,0.01312
11.38,18.38,1.1306,0.0000,0.00000,0.01108
11.62,18.38,1.1347,0.0000,0.00000,0.00943
11.88,18.38,1.1305,0.0000,0.00000,0.00805
12.12,18.38,1.1227,0.0000,0.00000,0.00711
12.38,18.38,1.1181,0.0000,0.00000,0.00631
12.62,18.38,1.1197,0.0000,0.00000,0.00574
12.88,18.38,1.1172,0.0000,0.00000,0.00533
13.12,18.38,1.1027,0.0000,0.00000,0.00485
13.38,18.38,1.1003,0.0000,0.00000,0.00448
13.62,18.38,1.1020,0.0000,0.00000,0.00422
13.88,18.38,1.0922,0.0000,0.00000,0.00398
14.12,18.38,1.0805,0.0000,0.00000,0.00375
14.38,18.38,1.0731,0.0000,0.00000,0.00351
14.62,18.38,1.0760,0.0000,0.00000,0.00334
14.88,18.38,1.0842,0.0000,0.00000,0.00329
15.12,18.38,1.0844,0.0000,0.00000,0.00318
15.38,18.38,1.0742,0.0000,0.00000,0.00297
15.62,18.38,1.0669,0.0000,0.00000,0.00280
15.88,18.38,1.0569,0.0000,0.00000,0.00274
16.12,18.38,1.0413,0.0000,0.00000,0.00278
16.38,18.38,1.0268,0.0000,0.00000,0.00290
16.62,18.38,1.0205,0.0000,0.00000,0.00301
16.88,18.38,1.0164,0.0000,0.00000,0.00302
2.62,18.62,0.0000,0.0000,0.00000,0.00000
2.88,18.62,0.0000,0.0000,0.00000,0.00000
3.12,18.62,0.0000,0.0000,0.00000,0.00000
3.38,18.62,0.0000,0.0000,0.00000,0.00000
3.62,18.62,0.0000,0.0000,0.00000,0.00000
3.88,18.62,0.0000,0.0000,0.00000,0.00000
4.12,18.62,0.0000,0.0000,0.00000,0.00000
4.38,18.62,0.0000,0.0000,0.00000,0.00000
4.62,18.62,0.0000,0.0000,0.00000,0.00000
4.88,18.62,0.0001,0.0000,0.00000,0.00000
5.12,18.62,0.0009,0.0000,0.00000,0.00003
5.38,18.62,0.0035,0.0000,0.00000,0.00023
5.62,18.62,0.0130,0.0000,0.00000,0.00147
5.88,18.62,0.0409,0.0000,0.00000,0.00661
6.12,18.62,0.1041,0.0000,0.00000,0.01983
6.38,18.62,0.2142,0.0013,0.00000,0.03953
6.62,18.62,0.3622,0.0161,0.00000,0.06246
6.88,18.62,0.5271,0.0733,0.00000,0.10169
7.12,18.62,0.6948,0.1257,0.00000,0.14807
7.38,18.62,0.8474,0.0843,0.00000,0.15250
7.62,18.62,0.9624,0.0238,0.00000,0.12360
7.88,18.62,1.0352,0.0052,0.00000,0.10544
8.12,18.62,1.0779,0.0101,0.00000,0.09546
8.38,18.62,1.1049,0.0193,0.00000,0.08705
8.62,18.62,1.0983,0.0249,0.00000,0.07944
8.88,18.62,1.0756,0.0273,0.00000,0.07181
9.12,18.62,1.0551,0.0154,0.00000,0.06118
9.38,18.62,1.0239,0.0034,0.00000,0.04897
9.62,18.62,1.0111,0.0003,0.00000,0.03643
9.88,18.62,1.0102,0.0000,0.00000,0.02881
10.12,18.62,1.0041,0.0000,0.00000,0.02513
10.38,18.62,1.0001,0.0000,0.00000,0.02152
10.62,18.62,1.0017,0.0000,0.00000,0.01745
10.88,18.62,1.0101,0.0000,0.00000,0.01389
11.12,18.62,1.0107,0.0000,0.00000,0.01137
11.38,18.62,1.0046,0.0000,0.00000,0.00947
11.62,18.62,1.0174,0.0000,0.00000,0.00823
11.88,18.62,1.0210,0.0000,0.00000,0.00722
12.12,18.62,1.0110,0.0000,0.00000,0.00628
12.38,18.62,1.0170,0.0000,0.00000,0.00551
12.62,18.62,1.0269,0.0000,0.00000,0.00499
12.88,18.62,1.0190,0.0000,0.00000,0.00456
13.12,18.62,1.0097,0.0000,0.00000,0.00421
13.38,18.62,1.0177,0.0000,0.00000,0.00397
13.62,18.62,1.0243,0.0000,0.00000,0.00377
13.88,18.62,1.0256,0.0000,0.00000,0.00359
14.12,18.62,1.0262,0.0000,0.00000,0.00338
14.38,18.62,1.0281,0.0000,0.00000,0.00316
14.62,18.62,1.0384,0.0000,0.00000,0.00306
14.88,18.62,1.0473,0.0000,0.00000,0.00306
15.12,18.62,1.0504,0.0000,0.00000,0.00300
15.38,18.62,1.0525,0.0000,0.00000,0.00286
15.62,18.62,1.0558,0.0000,0.00000,0.00275
15.88,18.62,1.0537,0.0000,0.00000,0.00272
16.12,18.62,1.0374,0.0000,0.00000,0.00275
16.38,18.62,1.0199,0.0000,0.00000,0.00283
16.62,18.62,1.0171,0.0000,0.00000,0.00292
16.88,18.62,1.0175,0.0000,0.00000,0.00294
2.62,18.88,0.0000,0.0000,0.00000,0.00000
2.88,18.88,0.0000,0.0000,0.00000,0.00000
3.12,18.88,0.0000,0.0000,0.00000,0.00000
3.38,18.88,0.0000,0.0000,0.00000,0.00000
3.62,18.88,0.0000,0.0000,0.00000,0.00000
3.88,18.88,0.0000,0.0000,0.00000,0.00000
4.12,18.88,0.0000,0.0000,0.00000,0.00000
4.38,18.88,0.0000,0.0000,0.00000,0.00000
4.62,18.88,0.0000,0.0000,0.00000,0.00000
4.88,18.88,0.0000,0.0000,0.00000,0.00000
5.12,18.88,0.0001,0.0000,0.00000,0.00000
5.38,18.88,0.0005,0.0000,0.00000,0.00003
5.62,18.88,0.0024,0.0000,0.00000,0.00030
5.88,18.88,0.0094,0.0000,0.00000,0.00199
6.12,18.88,0.0290,0.0000,0.00000,0.00740
6.38,18.88,0.0692,0.0003,0.00000,0.01606
6.62,18.88,0.1343,0.0036,0.00000,0.02730
6.88,18.88,0.2229,0.0162,0.00000,0.04576
7.12,18.88,0.3295,0.0277,0.00000,0.06807
7.38,18.88,0.4524,0.0183,0.00000,0.07941
7.62,18.88,0.5902,0.0050,0.00000,0.07635
7.88,18.88,0.7323,0.0011,0.00000,0.07444
8.12,18.88,0.8533,0.0023,0.00000,0.07217
8.38,18.88,0.9440,0.0056,0.00000,0.06686
8.62,18.88,0.9998,0.0114,0.00000,0.06165
8.88,18.88,1.0343,0.0157,0.00000,0.06108
9.12,18.88,1.0514,0.0093,0.00000,0.05759
9.38,18.88,1.0426,0.0021,0.00000,0.04585
9.62,18.88,1.0447,0.0002,0.00000,0.03278
9.88,18.88,1.0463,0.0000,0.00000,0.02523
10.12,18.88,1.0324,0.0000,0.00000,0.02102
10.38,18.88,1.0260,0.0000,0.00000,0.01752
10.62,18.88,1.0259,0.0000,0.00000,0.01461
10.88,18.88,1.0230,0.0000,0.00000,0.01254
11.12,18.88,1.0106,0.0000,0.00000,0.01074
11.38,18.88,0.9956,0.0000,0.00000,0.00881
11.62,18.88,1.0067,0.0000,0.00000,0.00755
11.88,18.88,1.0033,0.0000,0.00000,0.00658
12.12,18.88,0.9822,0.0000,0.00000,0.00569
12.38,18.88,0.9828,0.0000,0.00000,0.00510
12.62,18.88,0.9833,0.0000,0.00000,0.00464
12.88,18.88,0.9729,0.0000,0.00000,0.00425
13.12,18.88,0.9687,0.0000,0.00000,0.00396
13.38,18.88,0.9742,0.0000,0.00000,0.00370
13.62,18.88,0.9806,0.0000,0.00000,0.00350
13.88,18.88,0.9794,0.0000,0.00000,0.00332
14.12,18.88,0.9757,0.0000,0.00000,0.00311
14.38,18.88,0.9779,0.0000,0.00000,0.00292
14.62,18.88,0.9846,0.0000,0.00000,0.00281
14.88,18.88,0.9956,0.0000,0.00000,0.00279
15.12,18.88,1.0023,0.0000,0.00000,0.00278
15.38,18.88,1.0030,0.0000,0.00000,0.00273
15.62,18.88,1.0087,0.0000,0.00000,0.00269
15.88,18.88,1.0100,0.0000,0.00000,0.00268
16.12,18.88,1.0022,0.0000,0.00000,0.00270
16.38,18.88,0.9899,0.0000,0.00000,0.00272
16.62,18.88,0.9852,0.0000,0.00000,0.00276
16.88,18.88,0.9901,0.0000,0.00000,0.00282
2.62,19.12,0.0000,0.0000,0.00000,0.00000
2.88,19.12,0.0000,0.0000,0.00000,0.00000
3.12,19.12,0.0000,0.0000,0.00000,0.00000
3.38,19.12,0.0000,0.0000,0.00000,0.00000
3.62,19.12,0.0000,0.0000,0.00000,0.00000
3.88,19.12,0.0000,0.0000,0.00000,0.00000
4.12,19.12,0.0000,0.0000,0.00000,0.00000
4.38,19.12,0.0000,0.0000,0.00000,0.00000
4.62,19.12,0.0000,0.0000,0.00000,0.00000
4.88,19.12,0.0000,0.0000,0.00000,0.00000
5.12,19.12,0.0000,0.0000,0.00000,0.00000
5.38,19.12,0.0001,0.0000,0.00000,0.00000
5.62,19.12,0.0004,0.0000,0.00000,0.00006
5.88,19.12,0.0019,0.0000,0.00000,0.00054
6.12,19.12,0.0065,0.0000,0.00000,0.00235
6.38,19.12,0.0172,0.0000,0.00000,0.00534
6.62,19.12,0.0389,0.0003,0.00000,0.01071
6.88,19.12,0.0732,0.0013,0.00000,0.02255
7.12,19.12,0.1188,0.0023,0.00000,0.03442
7.38,19.12,0.1844,0.0015,0.00000,0.03759
7.62,19.12,0.2754,0.0004,0.00000,0.03987
7.88,19.12,0.3838,0.0001,0.00000,0.04621
8.12,19.12,0.4936,0.0002,0.00000,0.04795
8.38,19.12,0.5926,0.0007,0.00000,0.04265
8.62,19.12,0.6790,0.0022,0.00000,0.03950
8.88,19.12,0.7574,0.0034,0.00000,0.04455
9.12,19.12,0.8300,0.0021,0.00000,0.04793
9.38,19.12,0.8821,0.0005,0.00000,0.04049
9.62,19.12,0.9281,0.0000,0.00000,0.02973
9.88,19.12,0.9647,0.0000,0.00000,0.02242
10.12,19.12,0.9781,0.0000,0.00000,0.01760
10.38,19.12,0.9924,0.0000,0.00000,0.01455
10.62,19.12,1.0044,0.0000,0.00000,0.01263
10.88,19.12,1.0113,0.0000,0.00000,0.01141
11.12,19.12,1.0168,0.0000,0.00000,0.01018
11.38,19.12,1.0095,0.0000,0.00000,0.00841
11.62,19.12,1.0171,0.0000,0.00000,0.00711
11.88,19.12,1.0203,0.0000,0.00000,0.00623
12.12,19.12,1.0066,0.0000,0.00000,0.00551
12.38,19.12,1.0055,0.0000,0.00000,0.00504
12.62,19.12,1.0023,0.0000,0.00000,0.00464
12.88,19.12,0.9953,0.0000,0.00000,0.00431
13.12,19.12,0.9990,0.0000,0.00000,0.00401
13.38,19.12,0.9988,0.0000,0.00000,0.00367
13.62,19.12,0.9949,0.0000,0.00000,0.00339
13.88,19.12,0.9844,0.0000,0.00000,0.00320
14.12,19.12,0.9709,0.0000,0.00000,0.00304
14.38,19.12,0.9675,0.0000,0.00000,0.00292
14.62,19.12,0.9663,0.0000,0.00000,0.00277
14.88,19.12,0.9692,0.0000,0.00000,0.00266
15.12,19.12,0.9645,0.0000,0.00000,0.00262
15.38,19.12,0.9475,0.0000,0.00000,0.00256
15.62,19.12,0.9459,0.0000,0.00000,0.00253
15.88,19.12,0.9510,0.0000,0.00000,0.00255
16.12,19.12,0.9452,0.0000,0.00000,0.00259
16.38,19.12,0.9267,0.0000,0.00000,0.00254
16.62,19.12,0.9171,0.0000,0.00000,0.00252
16.88,19.12,0.9248,0.0000,0.00000,0.00257
2.62,19.38,0.0000,0.0000,0.00000,0.00000
2.88,19.38,0.0000,0.0000,0.00000,0.00000
3.12,19.38,0.0000,0.0000,0.00000,0.00000
3.38,19.38,0.0000,0.0000,0.00000,0.00000
3.62,19.38,0.0000,0.0000,0.00000,0.00000
3.88,19.38,0.0000,0.0000,0.00000,0.00000
4.12,19.38,0.0000,0.0000,0.00000,0.00000
4.38,19.38,0.0000,0.0000,0.00000,0.00000
4.62,19.38,0.0000,0.0000,0.00000,0.00000
4.88,19.38,0.0000,0.0000,0.00000,0.00000
5.12,19.38,0.0000,0.0000,0.00000,0.00000
5.38,19.38,0.0000,0.0000,0.00000,0.00000
5.62,19.38,0.0000,0.0000,0.00000,0.00001
5.88,19.38,0.0003,0.0000,0.00000,0.00009
6.12,19.38,0.0011,0.0000,0.00000,0.00043
6.38,19.38,0.0038,0.0000,0.00000,0.00120
6.62,19.38,0.0112,0.0000,0.00000,0.00483
6.88,19.38,0.0236,0.0000,0.00000,0.01707
7.12,19.38,0.0396,0.0001,0.00000,0.02869
7.38,19.38,0.0659,0.0000,0.00000,0.02523
7.62,19.38,0.1067,0.0000,0.00000,0.02350
7.88,19.38,0.1573,0.0000,0.00000,0.02898
8.12,19.38,0.2139,0.0000,0.00000,0.02859
8.38,19.38,0.2733,0.0000,0.00000,0.02280
8.62,19.38,0.3344,0.0002,0.00000,0.02244
8.88,19.38,0.4011,0.0003,0.00000,0.02950
9.12,19.38,0.4756,0.0002,0.00000,0.03514
9.38,19.38,0.5418,0.0000,0.00000,0.03237
9.62,19.38,0.5989,0.0000,0.00000,0.02467
9.88,19.38,0.6560,0.0000,0.00000,0.01742
10.12,19.38,0.7003,0.0000,0.00000,0.01259
10.38,19.38,0.7368,0.0000,0.00000,0.01073
10.62,19.38,0.7633,0.0000,0.00000,0.01034
10.88,19.38,0.7946,0.0000,0.00000,0.01004
11.12,19.38,0.8375,0.0000,0.00000,0.00902
11.38,19.38,0.8561,0.0000,0.00000,0.00731
11.62,19.38,0.8752,0.0000,0.00000,0.00617
11.88,19.38,0.9021,0.0000,0.00000,0.00562
12.12,19.38,0.9127,0.0000,0.00000,0.00513
12.38,19.38,0.9280,0.0000,0.00000,0.00466
12.62,19.38,0.9332,0.0000,0.00000,0.00425
12.88,19.38,0.9352,0.0000,0.00000,0.00395
13.12,19.38,0.9593,0.0000,0.00000,0.00370
13.38,19.38,0.9675,0.0000,0.00000,0.00341
13.62,19.38,0.9649,0.0000,0.00000,0.00314
13.88,19.38,0.9643,0.0000,0.00000,0.00298
14.12,19.38,0.9545,0.0000,0.00000,0.00287
14.38,19.38,0.9614,0.0000,0.00000,0.00285
14.62,19.38,0.9664,0.0000,0.00000,0.00278
14.88,19.38,0.9617,0.0000,0.00000,0.00267
15.12,19.38,0.9591,0.0000,0.00000,0.00262
15.38,19.38,0.9445,0.0000,0.00000,0.00256
15.62,19.38,0.9495,0.0000,0.00000,0.00254
15.88,19.38,0.9652,0.0000,0.00000,0.00258
16.12,19.38,0.9539,0.0000,0.00000,0.00258
16.38,19.38,0.9313,0.0000,0.00000,0.00249
16.62,19.38,0.9257,0.0000,0.00000,0.00243
16.88,19.38,0.9276,0.0000,0.00000,0.00244
2.62,19.62,0.0000,0.0000,0.00000,0.00000
2.88,19.62,0.0000,0.0000,0.00000,0.00000
3.12,19.62,0.0000,0.0000,0.00000,0.00000
3.38,19.62,0.0000,0.0000,0.00000,0.00000
3.62,19.62,0.0000,0.0000,0.00000,0.00000
3.88,19.62,0.0000,0.0000,0.00000,0.00000
4.12,19.62,0.0000,0.0000,0.00000,0.00000
4.38,19.62,0.0000,0.0000,0.00000,0.00000
4.62,19.62,0.0000,0.0000,0.00000,0.00000
4.88,19.62,0.0000,0.0000,0.00000,0.00000
5.12,19.62,0.0000,0.0000,0.00000,0.00000
5.38,19.62,0.0000,0.0000,0.00000,0.00000
5.62,19.62,0.0000,0.0000,0.00000,0.00000
5.88,19.62,0.0000,0.0000,0.00000,0.00001
6.12,19.62,0.0003,0.0000,0.00000,0.00004
6.38,19.62,0.0015,0.0000,0.00000,0.00024
6.62,19.62,0.0044,0.0000,0.00000,0.00210
6.88,19.62,0.0087,0.0000,0.00000,0.00907
7.12,19.62,0.0141,0.0000,0.00000,0.01570
7.38,19.62,0.0235,0.0000,0.00000,0.01300
7.62,19.62,0.0377,0.0000,0.00000,0.01108
7.88,19.62,0.0537,0.0000,0.00000,0.01308
8.12,19.62,0.0735,0.0000,0.00000,0.01233
8.38,19.62,0.0994,0.0000,0.00000,0.01049
8.62,19.62,0.1294,0.0000,0.00000,0.01210
8.88,19.62,0.1648,0.0000,0.00000,0.01618
9.12,19.62,0.2047,0.0000,0.00000,0.01894
9.38,19.62,0.2446,0.0000,0.00000,0.01832
9.62,19.62,0.2833,0.0000,0.00000,0.01435
9.88,19.62,0.3266,0.0000,0.00000,0.00996
10.12,19.62,0.3704,0.0000,0.00000,0.00735
10.38,19.62,0.4079,0.0000,0.00000,0.00704
10.62,19.62,0.4340,0.0000,0.00000,0.00780
10.88,19.62,0.4676,0.0000,0.00000,0.00797
11.12,19.62,0.5125,0.0000,0.00000,0.00665
11.38,19.62,0.5409,0.0000,0.00000,0.00496
11.62,19.62,0.5692,0.0000,0.00000,0.00423
11.88,19.62,0.6047,0.0000,0.00000,0.00408
12.12,19.62,0.6289,0.0000,0.00000,0.00376
12.38,19.62,0.6594,0.0000,0.00000,0.00334
12.62,19.62,0.6790,0.0000,0.00000,0.00305
12.88,19.62,0.6924,0.0000,0.00000,0.00288
13.12,19.62,0.7274,0.0000,0.00000,0.00277
13.38,19.62,0.7502,0.0000,0.00000,0.00261
13.62,19.62,0.7634,0.0000,0.00000,0.00243
13.88,19.62,0.7797,0.0000,0.00000,0.00234
14.12,19.62,0.7827,0.0000,0.00000,0.00227
14.38,19.62,0.8031,0.0000,0.00000,0.00232
14.62,19.62,0.8179,0.0000,0.00000,0.00236
14.88,19.62,0.8251,0.0000,0.00000,0.00235
15.12,19.62,0.8491,0.0000,0.00000,0.00236
15.38,19.62,0.8553,0.0000,0.00000,0.00234
15.62,19.62,0.8725,0.0000,0.00000,0.00238
15.88,19.62,0.8978,0.0000,0.00000,0.00243
16.12,19.62,0.8920,0.0000,0.00000,0.00239
16.38,19.62,0.8867,0.0000,0.00000,0.00230
16.62,19.62,0.8934,0.0000,0.00000,0.00224
16.88,19.62,0.8883,0.0000,0.00000,0.00224
2.62,19.88,0.0000,0.0000,0.00000,0.00000
2.88,19.88,0.0000,0.0000,0.00000,0.00000
3.12,19.88,0.0000,0.0000,0.00000,0.00000
3.38,19.88,0.0000,0.0000,0.00000,0.00000
3.62,19.88,0.0000,0.0000,0.00000,0.00000
3.88,19.88,0.0000,0.0000,0.00000,0.00000
4.12,19.88,0.0000,0.0000,0.00000,0.00000
4.38,19.88,0.0000,0.0000,0.00000,0.00000
4.62,19.88,0.0000,0.0000,0.00000,0.00000
4.88,19.88,0.0000,0.0000,0.00000,0.00000
5.12,19.88,0.0000,0.0000,0.00000,0.00000
5.38,19.88,0.0000,0.0000,0.00000,0.00000
5.62,19.88,0.0000,0.0000,0.00000,0.00000
5.88,19.88,0.0000,0.0000,0.00000,0.00000
6.12,19.88,0.0001,0.0000,0.00000,0.00000
6.38,19.88,0.0006,0.0000,0.00000,0.00004
6.62,19.88,0.0015,0.0000,0.00000,0.00045
6.88,19.88,0.0028,0.0000,0.00000,0.00202
7.12,19.88,0.0048,0.0000,0.00000,0.00363
7.38,19.88,0.0082,0.0000,0.00000,0.00328
7.62,19.88,0.0128,0.0000,0.00000,0.00294
7.88,19.88,0.0170,0.0000,0.00000,0.00319
8.12,19.88,0.0231,0.0000,0.00000,0.00324
8.38,19.88,0.0340,0.0000,0.00000,0.00394
8.62,19.88,0.0476,0.0000,0.00000,0.00543
8.88,19.88,0.0616,0.0000,0.00000,0.00656
9.12,19.88,0.0738,0.0000,0.00000,0.00730
9.38,19.88,0.0884,0.0000,0.00000,0.00763
9.62,19.88,0.1065,0.0000,0.00000,0.00606
9.88,19.88,0.1259,0.0000,0.00000,0.00425
10.12,19.88,0.1489,0.0000,0.00000,0.00376
10.38,19.88,0.1709,0.0000,0.00000,0.00444
10.62,19.88,0.1869,0.0000,0.00000,0.00512
10.88,19.88,0.2061,0.0000,0.00000,0.00488
11.12,19.88,0.2284,0.0000,0.00000,0.00370
11.38,19.88,0.2453,0.0000,0.00000,0.00256
11.62,19.88,0.2639,0.0000,0.00000,0.00217
11.88,19.88,0.2874,0.0000,0.00000,0.00218
12.12,19.88,0.3071,0.0000,0.00000,0.00201
12.38,19.88,0.3298,0.0000,0.00000,0.00172
12.62,19.88,0.3503,0.0000,0.00000,0.00157
12.88,19.88,0.3654,0.0000,0.00000,0.00153
13.12,19.88,0.3876,0.0000,0.00000,0.00151
13.38,19.88,0.4076,0.0000,0.00000,0.00146
13.62,19.88,0.4251,0.0000,0.00000,0.00141
13.88,19.88,0.4415,0.0000,0.00000,0.00136
14.12,19.88,0.4487,0.0000,0.00000,0.00131
14.38,19.88,0.4657,0.0000,0.00000,0.00136
14.62,19.88,0.4807,0.0000,0.00000,0.00141
14.88,19.88,0.4999,0.0000,0.00000,0.00146
15.12,19.88,0.5308,0.0000,0.00000,0.00150
15.38,19.88,0.5425,0.0000,0.00000,0.00148
15.62,19.88,0.5580,0.0000,0.00000,0.00152
15.88,19.88,0.5804,0.0000,0.00000,0.00158
16.12,19.88,0.5861,0.0000,0.00000,0.00158
16.38,19.88,0.5968,0.0000,0.00000,0.00156
16.62,19.88,0.6085,0.0000,0.00000,0.00155
16.88,19.88,0.6039,0.0000,0.00000,0.00154
2.62,20.12,0.0000,0.0000,0.00000,0.00000
2.88,20.12,0.0000,0.0000,0.00000,0.00000
3.12,20.12,0.0000,0.0000,0.00000,0.00000
3.38,20.12,0.0000,0.0000,0.00000,0.00000
3.62,20.12,0.0000,0.0000,0.00000,0.00000
3.88,20.12,0.0000,0.0000,0.00000,0.00000
4.12,20.12,0.0000,0.0000,0.00000,0.00000
4.38,20.12,0.0000,0.0000,0.00000,0.00000
4.62,20.12,0.0000,0.0000,0.00000,0.00000
4.88,20.12,0.0000,0.0000,0.00000,0.00000
5.12,20.12,0.0000,0.0000,0.00000,0.00000
5.38,20.12,0.0000,0.0000,0.00000,0.00000
5.62,20.12,0.0000,0.0000,0.00000,0.00000
5.88,20.12,0.0000,0.0000,0.00000,0.00000
6.12,20.12,0.0000,0.0000,0.00000,0.00000
6.38,20.12,0.0001,0.0000,0.00000,0.00000
6.62,20.12,0.0003,0.0000,0.00000,0.00004
6.88,20.12,0.0008,0.0000,0.00000,0.00018
7.12,20.12,0.0015,0.0000,0.00000,0.00036
7.38,20.12,0.0024,0.0000,0.00000,0.00041
7.62,20.12,0.0041,0.0000,0.00000,0.00042
7.88,20.12,0.0058,0.0000,0.00000,0.00043
8.12,20.12,0.0081,0.0000,0.00000,0.00059
8.38,20.12,0.0126,0.0000,0.00000,0.00113
8.62,20.12,0.0180,0.0000,0.00000,0.00172
8.88,20.12,0.0220,0.0000,0.00000,0.00195
9.12,20.12,0.0233,0.0000,0.00000,0.00230
9.38,20.12,0.0265,0.0000,0.00000,0.00273
9.62,20.12,0.0321,0.0000,0.00000,0.00212
9.88,20.12,0.0371,0.0000,0.00000,0.00141
10.12,20.12,0.0438,0.0000,0.00000,0.00147
10.38,20.12,0.0513,0.0000,0.00000,0.00201
10.62,20.12,0.0576,0.0000,0.00000,0.00224
10.88,20.12,0.0647,0.0000,0.00000,0.00191
11.12,20.12,0.0718,0.0000,0.00000,0.00138
11.38,20.12,0.0774,0.0000,0.00000,0.00095
11.62,20.12,0.0832,0.0000,0.00000,0.00078
11.88,20.12,0.0919,0.0000,0.00000,0.00079
12.12,20.12,0.1006,0.0000,0.00000,0.00073
12.38,20.12,0.1087,0.0000,0.00000,0.00060
12.62,20.12,0.1181,0.0000,0.00000,0.00054
12.88,20.12,0.1255,0.0000,0.00000,0.00054
13.12,20.12,0.1326,0.0000,0.00000,0.00053
13.38,20.12,0.1407,0.0000,0.00000,0.00053
13.62,20.12,0.1493,0.0000,0.00000,0.00053
13.88,20.12,0.1563,0.0000,0.00000,0.00051
14.12,20.12,0.1598,0.0000,0.00000,0.00048
14.38,20.12,0.1665,0.0000,0.00000,0.00050
14.62,20.12,0.1741,0.0000,0.00000,0.00053
14.88,20.12,0.1868,0.0000,0.00000,0.00056
15.12,20.12,0.2018,0.0000,0.00000,0.00058
15.38,20.12,0.2070,0.0000,0.00000,0.00056
15.62,20.12,0.2135,0.0000,0.00000,0.00057
15.88,20.12,0.2240,0.0000,0.00000,0.00061
16.12,20.12,0.2300,0.0000,0.00000,0.00062
16.38,20.12,0.2385,0.0000,0.00000,0.00064
16.62,20.12,0.2450,0.0000,0.00000,0.00065
16.88,20.12,0.2434,0.0000,0.00000,0.00064
2.62,20.38,0.0000,0.0000,0.00000,0.00000
2.88,20.38,0.0000,0.0000,0.00000,0.00000
3.12,20.38,0.0000,0.0000,0.00000,0.00000
3.38,20.38,0.0000,0.0000,0.00000,0.00000
3.62,20.38,0.0000,0.0000,0.00000,0.00000
3.88,20.38,0.0000,0.0000,0.00000,0.00000
4.12,20.38,0.0000,0.0000,0.00000,0.00000
4.38,20.38,0.0000,0.0000,0.00000,0.00000
4.62,20.38,0.0000,0.0000,0.00000,0.00000
4.88,20.38,0.0000,0.0000,0.00000,0.00000
5.12,20.38,0.0000,0.0000,0.00000,0.00000
5.38,20.38,0.0000,0.0000,0.00000,0.00000
5.62,20.38,0.0000,0.0000,0.00000,0.00000
5.88,20.38,0.0000,0.0000,0.00000,0.00000
6.12,20.38,0.0000,0.0000,0.00000,0.00000
6.38,20.38,0.0000,0.0000,0.00000,0.00000
6.62,20.38,0.0001,0.0000,0.00000,0.00000
6.88,20.38,0.0002,0.0000,0.00000,0.00001
7.12,20.38,0.0003,0.0000,0.00000,0.00002
7.38,20.38,0.0006,0.0000,0.00000,0.00003
7.62,20.38,0.0013,0.0000,0.00000,0.00004
7.88,20.38,0.0021,0.0000,0.00000,0.00004
8.12,20.38,0.0029,0.0000,0.00000,0.00010
8.38,20.38,0.0045,0.0000,0.00000,0.00024
8.62,20.38,0.0061,0.0000,0.00000,0.00037
8.88,20.38,0.0066,0.0000,0.00000,0.00042
9.12,20.38,0.0060,0.0000,0.00000,0.00054
9.38,20.38,0.0063,0.0000,0.00000,0.00069
9.62,20.38,0.0076,0.0000,0.00000,0.00053
9.88,20.38,0.0083,0.0000,0.00000,0.00033
10.12,20.38,0.0093,0.0000,0.00000,0.00037
10.38,20.38,0.0108,0.0000,0.00000,0.00054
10.62,20.38,0.0124,0.0000,0.00000,0.00058
10.88,20.38,0.0142,0.0000,0.00000,0.00046
11.12,20.38,0.0160,0.0000,0.00000,0.00033
11.38,20.38,0.0174,0.0000,0.00000,0.00023
11.62,20.38,0.0183,0.0000,0.00000,0.00018
11.88,20.38,0.0200,0.0000,0.00000,0.00019
12.12,20.38,0.0221,0.0000,0.00000,0.00017
12.38,20.38,0.0239,0.0000,0.00000,0.00014
12.62,20.38,0.0263,0.0000,0.00000,0.00012
12.88,20.38,0.0282,0.0000,0.00000,0.00012
13.12,20.38,0.0296,0.0000,0.00000,0.00012
13.38,20.38,0.0315,0.0000,0.00000,0.00012
13.62,20.38,0.0337,0.0000,0.00000,0.00013
13.88,20.38,0.0354,0.0000,0.00000,0.00012
14.12,20.38,0.0363,0.0000,0.00000,0.00011
14.38,20.38,0.0379,0.0000,0.00000,0.00012
14.62,20.38,0.0399,0.0000,0.00000,0.00012
14.88,20.38,0.0437,0.0000,0.00000,0.00013
15.12,20.38,0.0476,0.0000,0.00000,0.00014
15.38,20.38,0.0488,0.0000,0.00000,0.00013
15.62,20.38,0.0504,0.0000,0.00000,0.00013
15.88,20.38,0.0531,0.0000,0.00000,0.00014
16.12,20.38,0.0551,0.0000,0.00000,0.00015
16.38,20.38,0.0578,0.0000,0.00000,0.00016
16.62,20.38,0.0595,0.0000,0.00000,0.00016
16.88,20.38,0.0592,0.0000,0.00000,0.00016
